timestamp,date_GMT,status,attendance,home_team_name,away_team_name,referee,Game Week,Pre-Match PPG (Home),Pre-Match PPG (Away),home_ppg,away_ppg,home_team_goal_count,away_team_goal_count,total_goal_count,total_goals_at_half_time,home_team_goal_count_half_time,away_team_goal_count_half_time,home_team_goal_timings,away_team_goal_timings,home_team_corner_count,away_team_corner_count,home_team_yellow_cards,home_team_red_cards,away_team_yellow_cards,away_team_red_cards,home_team_first_half_cards,home_team_second_half_cards,away_team_first_half_cards,away_team_second_half_cards,home_team_shots,away_team_shots,home_team_shots_on_target,away_team_shots_on_target,home_team_shots_off_target,away_team_shots_off_target,home_team_fouls,away_team_fouls,home_team_possession,away_team_possession,Home Team Pre-Match xG,Away Team Pre-Match xG,team_a_xg,team_b_xg,average_goals_per_match_pre_match,btts_percentage_pre_match,over_15_percentage_pre_match,over_25_percentage_pre_match,over_35_percentage_pre_match,over_45_percentage_pre_match,over_15_HT_FHG_percentage_pre_match,over_05_HT_FHG_percentage_pre_match,over_15_2HG_percentage_pre_match,over_05_2HG_percentage_pre_match,average_corners_per_match_pre_match,average_cards_per_match_pre_match,odds_ft_home_team_win,odds_ft_draw,odds_ft_away_team_win,odds_ft_over15,odds_ft_over25,odds_ft_over35,odds_ft_over45,odds_btts_yes,odds_btts_no,stadium_name
1713043800,Apr 13 2024 - 9:30pm,complete,N/A,Internacional,Bahia,Rodrigo José Pereira de Lima,1,0.00,0.00,2.00,0.89,2,1,3,0,0,0,"72,83","70",6,3,4,0,4,0,2,2,1,3,16,7,9,4,7,3,23,12,52,48,0.00,0.00,2.00,0.96,0.00,0,0,0,0,0,0,0,0,0,0.00,0.00,1.75,3.45,4.50,1.32,1.95,3.50,6.85,1.95,1.80,Estádio José Pinheiro Borda
1713043800,Apr 13 2024 - 9:30pm,complete,N/A,Criciúma,Juventude,Bruno Pereira Vasconcelos,1,0.00,0.00,1.21,0.79,1,1,2,1,1,0,"36","64",0,4,4,0,6,0,0,4,3,3,7,11,3,4,4,7,9,13,47,53,0.00,0.00,0.86,1.45,0.00,0,0,0,0,0,0,0,0,0,0.00,0.00,2.10,3.05,3.50,1.41,2.30,4.30,8.40,2.05,1.70,Estádio Heriberto Hülse
1713052800,Apr 14 2024 - 12:00am,complete,N/A,Fluminense,Bragantino,Maguielson Lima Barbosa,1,0.00,0.00,1.53,0.68,2,2,4,1,1,0,"45'4,68","47,52",13,6,3,0,4,0,2,1,2,2,21,15,11,8,10,7,8,17,69,31,0.00,0.00,2.62,1.83,0.00,0,0,0,0,0,0,0,0,0,0.00,0.00,1.95,3.30,4.20,1.35,2.15,3.80,7.62,1.95,1.80,N/A
1713052800,Apr 14 2024 - 12:00am,complete,N/A,São Paulo,Fortaleza,Alex Gomes Stefano,1,0.00,0.00,2.05,1.11,1,2,3,0,0,0,"84","66,80",11,4,3,0,3,0,0,3,1,2,11,5,6,2,5,3,10,13,72,28,0.00,0.00,1.62,0.67,0.00,0,0,0,0,0,0,0,0,0,0.00,0.00,1.95,3.30,4.00,1.44,2.35,4.59,8.50,2.05,1.70,Morumbí
1713121200,Apr 14 2024 - 7:00pm,complete,N/A,Vasco da Gama,Grêmio,Flavio Rodrigues De Souza,1,0.00,0.00,1.84,0.84,2,1,3,2,2,0,"24,37","68",3,5,5,0,0,0,1,4,0,0,10,7,3,2,7,5,18,9,47,53,0.00,0.00,1.22,0.90,0.00,0,0,0,0,0,0,0,0,0,0.00,0.00,2.15,3.30,3.20,1.37,2.00,3.93,7.20,1.91,1.91,Estádio Club de Regatas Vasco da Gama
1713121200,Apr 14 2024 - 7:00pm,complete,N/A,Corinthians,Atlético Mineiro,Yuri Elino Ferreira da Cruz,1,0.00,0.00,2.00,1.00,0,0,0,0,0,0,"","",3,3,8,0,5,1,5,3,3,3,9,5,2,3,7,2,12,13,49,51,0.00,0.00,0.99,0.72,0.00,0,0,0,0,0,0,0,0,0,0.00,0.00,2.60,3.00,2.75,1.51,2.20,5.55,10.00,2.10,1.67,Arena Corinthians
1713121200,Apr 14 2024 - 7:00pm,complete,N/A,Atlético PR,Cuiabá,Jonathan Benkenstein Pinheiro,1,0.00,0.00,1.32,0.84,4,0,4,3,3,0,"23,37,39,81","",7,0,0,0,3,0,0,0,2,1,15,2,9,1,6,1,14,9,62,38,0.00,0.00,2.08,0.32,0.00,0,0,0,0,0,0,0,0,0,0.00,0.00,1.53,3.75,6.00,1.43,2.12,4.40,7.90,2.20,1.62,N/A
1713121200,Apr 14 2024 - 7:00pm,complete,N/A,Atlético GO,Flamengo,André Luis Skettino Policarpo Bento,1,0.00,0.00,1.05,1.68,1,2,3,1,0,1,"63","45'6,90'13",4,4,5,2,3,0,5,2,1,2,9,10,4,2,5,8,10,11,32,68,0.00,0.00,1.08,1.13,0.00,0,0,0,0,0,0,0,0,0,0.00,0.00,4.20,3.50,1.80,1.33,1.96,3.45,6.97,1.95,1.80,N/A
1713124800,Apr 14 2024 - 8:00pm,complete,N/A,Cruzeiro,Botafogo,Matheus Delgado Candançan,1,0.00,0.00,1.84,2.00,3,2,5,2,1,1,"20,65,90'1","5,83",6,3,4,0,3,1,2,2,2,2,9,6,5,3,4,3,6,9,56,44,0.00,0.00,1.32,0.78,0.00,0,0,0,0,0,0,0,0,0,0.00,0.00,2.15,3.10,3.40,1.48,2.45,5.12,9.30,2.05,1.70,Estádio Governador Magalhães Pinto
1713130200,Apr 14 2024 - 9:30pm,complete,N/A,Vitória,Palmeiras,Braulio da Silva Machado,1,0.00,0.00,1.42,1.84,0,1,1,1,0,1,"","20",3,9,3,0,5,0,2,1,2,3,9,11,5,4,4,7,13,14,57,43,0.00,0.00,1.19,1.28,0.00,0,0,0,0,0,0,0,0,0,0.00,0.00,5.00,3.80,1.62,1.31,1.83,3.31,6.60,1.95,1.80,Estádio Manoel Barradas
1713313800,Apr 17 2024 - 12:30am,complete,23080,Bahia,Fluminense,João Vitor Gobi,2,0.00,0.00,1.89,0.89,2,1,3,2,1,1,"34,61","4",4,3,4,0,5,0,2,2,0,5,10,6,5,3,5,3,16,21,40,60,0.00,0.00,1.42,0.86,0.00,0,0,0,0,0,0,0,0,0,0.00,0.00,2.15,3.40,3.50,1.34,1.90,3.66,7.41,1.70,2.05,Arena Fonte Nova
1713391200,Apr 17 2024 - 10:00pm,complete,N/A,Grêmio,Atlético PR,Marcelo de Lima Henrique,2,0.00,0.00,1.53,0.89,2,0,2,1,1,0,"19,51","",9,2,1,0,3,0,0,1,1,2,11,3,7,0,4,3,7,14,48,52,0.00,0.00,1.51,0.54,0.00,0,0,0,0,0,0,0,0,0,0.00,0.00,2.60,3.25,2.75,1.38,2.10,3.75,7.50,1.91,1.91,Arena do Grêmio
1713391200,Apr 17 2024 - 10:00pm,complete,N/A,Bragantino,Vasco da Gama,Paulo Cesar Zanovelli,2,0.00,0.00,1.63,0.79,2,1,3,1,1,0,"7,78","63",4,6,2,0,0,0,0,2,0,0,14,11,5,3,9,8,14,15,40,60,0.00,0.00,1.63,1.21,0.00,0,0,0,0,0,0,0,0,0,0.00,0.00,1.91,3.50,4.20,1.35,2.00,3.76,7.72,1.80,1.95,Estádio Nabi Abi Chedid
1713394800,Apr 17 2024 - 11:00pm,complete,N/A,Atlético Mineiro,Criciúma,Paulo Belence Alves dos Prazeres Filho,2,0.00,0.00,1.47,0.79,1,1,2,1,1,0,"40","84",9,2,2,0,4,0,0,2,2,2,14,5,6,1,8,4,9,9,68,32,0.00,0.00,1.82,0.64,0.00,0,0,0,0,0,0,0,0,0,0.00,0.00,1.50,4.00,7.00,1.26,2.05,3.02,5.65,2.20,1.62,Estádio Raimundo Sampaio
1713394800,Apr 17 2024 - 11:00pm,complete,N/A,Palmeiras,Internacional,Lucas Paulo Torezin,2,0.00,0.00,2.00,1.42,0,1,1,1,0,1,"","45",6,2,2,0,4,0,0,2,1,3,14,5,3,2,11,3,15,21,68,32,0.00,0.00,1.36,0.65,0.00,0,0,0,0,0,0,0,0,0,0.00,0.00,1.65,3.60,6.00,1.35,2.20,3.80,7.50,2.10,1.67,Allianz Parque
1713394800,Apr 17 2024 - 11:00pm,complete,N/A,Fortaleza,Cruzeiro,Bruno Mota Correia,2,0.00,0.00,2.47,0.89,1,1,2,1,1,0,"19","89",7,5,2,0,2,1,0,2,0,3,9,12,3,6,6,6,9,8,39,61,0.00,0.00,1.06,1.51,0.00,0,0,0,0,0,0,0,0,0,0.00,0.00,1.95,3.40,4.00,1.42,2.25,4.33,8.50,2.05,1.70,Estádio Governador Plácido Aderaldo Castelo
1713394800,Apr 17 2024 - 11:00pm,complete,N/A,Juventude,Corinthians,Bruno Arleu de Araujo,2,0.00,0.00,1.58,0.95,2,0,2,0,0,0,"53,59","",6,7,2,1,1,0,0,3,0,1,12,13,8,2,4,11,16,10,45,55,0.00,0.00,1.52,1.30,0.00,0,0,0,0,0,0,0,0,0,0.00,0.00,3.50,3.00,2.30,1.42,2.88,4.25,8.65,2.25,1.57,N/A
1713400200,Apr 18 2024 - 12:30am,complete,N/A,Flamengo,São Paulo,Anderson Daronco,2,0.00,0.00,2.00,1.05,2,1,3,1,1,0,"20,54","79",9,1,1,0,3,0,1,0,2,1,10,6,6,3,4,3,20,19,46,54,0.00,0.00,1.33,0.78,0.00,0,0,0,0,0,0,0,0,0,0.00,0.00,1.62,3.60,6.00,1.33,2.15,3.55,7.00,2.05,1.70,N/A
1713486600,Apr 19 2024 - 12:30am,complete,N/A,Botafogo,Atlético GO,Luiz Flavio De Oliveira,2,0.00,0.00,2.16,0.53,1,0,1,1,1,0,"32","",8,8,4,0,3,0,2,2,3,0,10,7,4,3,6,4,13,12,53,47,0.00,0.00,1.26,1.04,0.00,0,0,0,0,0,0,0,0,0,0.00,0.00,1.73,3.50,5.00,1.36,2.08,3.75,7.50,1.95,1.80,Estádio Nilton Santos
1713639600,Apr 20 2024 - 7:00pm,complete,N/A,Fluminense,Vasco da Gama,Wilton Pereira Sampaio,3,1.00,0.00,1.53,0.79,2,1,3,1,1,0,"10,53","55",2,7,4,0,4,0,2,2,1,3,10,14,8,5,2,9,15,17,58,42,2.62,1.21,1.55,1.52,3.50,100,100,100,50,0,0,100,100,100,19.00,3.00,1.94,3.47,4.11,1.29,1.95,3.34,6.35,1.91,1.91,N/A
1713648600,Apr 20 2024 - 9:30pm,complete,N/A,Grêmio,Cuiabá,Bruno Pereira Vasconcelos,3,3.00,0.00,1.53,0.84,1,0,1,1,1,0,"44","",3,4,4,0,2,0,2,2,2,0,7,11,4,3,3,8,10,5,57,43,1.51,0.32,1.25,1.20,3.00,0,100,50,50,0,50,100,0,100,9.00,4.00,1.72,3.67,5.10,1.35,2.05,3.65,7.00,2.20,1.62,Arena do Grêmio
1713648600,Apr 20 2024 - 9:30pm,complete,N/A,Bragantino,Corinthians,Rafael Rodrigo Klein,3,3.00,0.00,1.63,0.95,1,0,1,1,1,0,"5","",3,4,4,0,2,0,3,1,1,1,8,12,3,4,5,8,20,12,35,65,1.63,1.30,0.90,1.38,2.50,50,100,50,0,0,0,50,100,100,11.00,3.00,1.80,3.48,4.90,1.35,2.30,3.75,7.50,1.95,1.80,Estádio Nabi Abi Chedid
1713657600,Apr 21 2024 - 12:00am,complete,N/A,Atlético Mineiro,Cruzeiro,Ramon Abatti,3,1.00,1.00,1.47,0.89,3,0,3,3,3,0,"25,35,45'2","",4,4,2,0,2,0,0,2,0,2,7,4,4,3,3,1,15,17,58,42,1.82,1.51,1.01,0.78,2.00,100,100,0,0,0,0,100,0,100,14.00,5.00,1.91,3.50,4.00,1.42,2.35,4.33,8.50,2.20,1.62,N/A
1713726000,Apr 21 2024 - 7:00pm,complete,N/A,Vitória,Bahia,Raphael Claus,3,0.00,0.00,1.42,0.89,2,2,4,1,1,0,"20,57","69,72",2,7,3,0,3,0,2,1,0,3,12,13,8,7,4,6,12,13,43,57,1.19,0.96,1.48,1.63,2.00,50,50,50,0,0,0,50,50,50,6.00,7.00,2.60,3.20,2.80,1.42,2.15,4.20,8.50,1.80,1.95,Estádio Manoel Barradas
1713726000,Apr 21 2024 - 7:00pm,complete,N/A,Palmeiras,Flamengo,Rodrigo José Pereira de Lima,3,0.00,3.00,2.00,1.68,0,0,0,0,0,0,"","",6,5,4,0,5,0,2,2,4,1,9,6,1,3,8,3,22,12,48,52,1.36,1.13,0.85,0.82,2.00,50,50,50,0,0,0,100,50,50,10.00,5.00,2.20,3.13,3.00,1.35,2.05,3.70,7.50,2.00,1.75,Allianz Parque
1713726000,Apr 21 2024 - 7:00pm,complete,N/A,Atlético PR,Internacional,Felipe Fernandes de Lima,3,3.00,3.00,1.32,1.42,1,0,1,0,0,0,"71","",5,3,4,1,5,0,1,4,4,1,4,5,0,1,4,4,15,15,46,54,2.08,0.65,0.36,0.44,2.50,0,50,50,50,0,50,100,0,50,9.00,4.00,1.83,3.60,4.00,1.36,2.00,3.75,7.50,2.00,1.75,N/A
1713735000,Apr 21 2024 - 9:30pm,complete,N/A,Botafogo,Juventude,Arthur Gomes Rabelo,3,3.00,1.00,2.16,0.79,5,1,6,2,2,0,"4,9,53,61,80","85",5,4,4,0,2,1,2,2,3,0,11,6,6,1,5,5,21,9,55,45,1.26,1.45,1.38,0.73,1.50,50,50,0,0,0,0,100,0,50,12.00,10.00,1.73,3.60,4.75,1.33,2.00,3.66,7.10,2.10,1.67,Estádio Nilton Santos
1713735000,Apr 21 2024 - 9:30pm,complete,N/A,Atlético GO,São Paulo,Braulio da Silva Machado,3,0.00,0.00,1.05,1.05,0,3,3,1,0,1,"","14,52,76",4,3,4,2,0,0,2,4,0,0,5,11,1,7,4,4,11,9,34,66,1.08,0.78,0.65,1.65,3.00,100,100,100,0,0,0,100,100,100,5.00,12.00,2.80,2.90,2.45,1.39,2.38,4.15,8.10,2.05,1.70,N/A
1714244400,Apr 27 2024 - 7:00pm,complete,N/A,Vasco da Gama,Criciúma,Caio Max Augusto Vieira,4,3.00,1.00,1.84,0.79,0,4,4,1,0,1,"","32,47,55,69",5,4,1,0,0,0,1,0,0,0,13,15,5,10,8,5,12,6,58,42,1.22,0.64,1.53,1.87,2.50,100,100,50,0,0,50,100,0,100,5.00,9.00,1.61,3.50,4.60,1.33,2.05,3.70,7.50,2.20,1.62,Estádio Club de Regatas Vasco da Gama
1714253400,Apr 27 2024 - 9:30pm,complete,N/A,Cuiabá,Atlético Mineiro,Savio Pereira Sampaio,4,0.00,1.00,0.74,1.00,0,3,3,1,0,1,"","28,61,78",3,10,4,0,4,1,1,3,2,3,3,10,1,5,2,5,10,16,32,68,0.00,0.72,0.39,1.43,0.00,0,0,0,0,0,0,0,0,0,3.00,6.00,3.25,3.00,2.10,1.50,2.37,5.00,10.25,2.25,1.57,Arena Pantanal
1714262400,Apr 28 2024 - 12:00am,complete,36066,Bahia,Grêmio,Braulio da Silva Machado,4,3.00,0.00,1.89,0.84,1,0,1,1,1,0,"17","",4,0,2,0,4,2,0,2,1,5,9,3,4,2,5,1,10,15,60,40,1.42,0.90,1.22,0.50,3.00,100,100,100,0,0,100,100,0,100,9.00,4.00,1.91,3.60,4.00,1.33,1.95,3.60,7.00,1.80,1.95,Arena Fonte Nova
1714312800,Apr 28 2024 - 2:00pm,complete,N/A,Flamengo,Botafogo,Raphael Claus,4,3.00,0.00,2.00,2.00,0,2,2,0,0,0,"","53,90'3",8,3,1,0,4,0,0,1,2,2,11,4,0,3,11,1,11,14,60,40,1.33,0.78,1.20,0.65,4.00,100,100,100,50,50,50,100,100,100,12.00,6.00,1.60,3.61,5.00,1.33,2.03,3.55,6.90,1.95,1.80,N/A
1714330800,Apr 28 2024 - 7:00pm,complete,N/A,Cruzeiro,Vitória,Fabio Augusto de Sá Junior,4,3.00,0.00,1.84,1.05,3,1,4,0,0,0,"50,58,75","52",10,4,2,0,0,0,0,2,0,0,11,9,6,3,5,6,12,6,54,46,1.32,0.00,1.53,0.98,2.50,50,50,50,50,50,50,50,50,50,6.00,4.00,1.53,3.60,5.50,1.42,2.10,4.33,8.50,2.20,1.62,Estádio Governador Magalhães Pinto
1714330800,Apr 28 2024 - 7:00pm,complete,N/A,Corinthians,Fluminense,Ramon Abatti,4,1.00,0.00,2.00,0.89,3,0,3,2,2,0,"40,45'2,47","",6,8,4,0,2,0,4,0,2,0,11,7,7,2,4,5,14,13,31,69,0.99,0.86,1.36,0.95,1.50,50,50,50,0,0,50,50,0,50,6.00,13.00,2.30,2.90,2.90,1.44,2.30,4.50,9.00,1.95,1.80,Arena Corinthians
1714339800,Apr 28 2024 - 9:30pm,complete,18113,Fortaleza,Bragantino,Davi de Oliveira Lacerda,4,1.00,1.00,2.47,0.68,1,1,2,2,1,1,"9","40",12,6,1,0,1,0,0,1,1,0,15,8,5,4,10,4,8,6,44,56,1.06,1.83,1.67,1.07,3.00,100,100,50,50,0,0,100,50,100,13.00,6.00,2.10,3.00,3.25,1.35,2.20,3.70,7.35,1.91,1.91,Estádio Governador Plácido Aderaldo Castelo
1714339800,Apr 28 2024 - 9:30pm,complete,N/A,Juventude,Atlético PR,Alex Gomes Stefano,4,3.00,0.00,1.58,0.89,1,1,2,1,1,0,"8","73",4,6,2,0,2,0,0,2,0,2,11,11,5,6,6,5,12,15,55,45,1.52,0.54,1.39,1.43,2.00,0,100,0,0,0,0,50,50,100,8.00,6.00,2.80,2.87,2.40,1.42,2.30,4.33,8.50,1.95,1.80,N/A
1714345200,Apr 28 2024 - 11:00pm,complete,N/A,Internacional,Atlético GO,Edina Alves Batista,4,3.00,0.00,2.00,0.53,1,1,2,0,0,0,"55","50",13,0,0,0,4,0,0,0,0,4,14,2,5,2,9,0,13,12,72,28,2.00,1.04,1.90,0.41,2.00,50,50,50,0,0,0,50,50,50,14.00,7.00,1.57,3.80,6.50,1.28,2.10,3.25,6.00,2.10,1.67,Estádio José Pinheiro Borda
1714431600,Apr 29 2024 - 11:00pm,complete,N/A,São Paulo,Palmeiras,Wilton Pereira Sampaio,4,0.00,3.00,2.05,1.84,0,0,0,0,0,0,"","",6,4,4,0,3,0,2,2,2,1,9,6,1,3,8,3,12,17,53,47,1.62,1.28,0.86,0.82,2.00,50,50,50,0,0,0,50,50,50,20.00,8.00,2.45,2.90,3.25,1.53,2.60,4.60,9.20,2.20,1.62,Morumbí
1714849200,May 04 2024 - 7:00pm,complete,N/A,Fluminense,Atlético Mineiro,Raphael Claus,5,2.00,2.00,1.53,1.00,2,2,4,1,1,0,"4,61","73,79",4,11,5,0,2,0,5,0,1,1,8,13,5,7,3,6,11,18,43,57,2.09,1.08,1.00,1.62,2.50,50,75,75,25,0,0,75,75,75,14.00,9.00,1.86,3.35,3.85,1.36,2.20,3.80,7.00,1.95,1.80,N/A
1714858200,May 04 2024 - 9:30pm,complete,N/A,Bragantino,Flamengo,Paulo Cesar Zanovelli,5,3.00,2.00,1.63,1.68,1,1,2,1,1,0,"30","79",8,4,2,0,2,0,1,1,2,0,8,12,3,6,5,6,17,10,43,57,1.26,0.97,1.19,1.60,1.75,50,50,50,0,0,0,75,50,50,8.00,7.00,2.96,3.20,2.25,1.33,2.15,3.60,6.50,1.91,1.91,Estádio Nabi Abi Chedid
1714867200,May 05 2024 - 12:00am,complete,N/A,Corinthians,Fortaleza,Felipe Fernandes de Lima,5,2.00,3.00,2.00,1.11,0,0,0,0,0,0,"","",9,5,1,0,6,0,1,0,2,4,15,6,9,2,6,4,12,20,65,35,1.17,0.67,2.16,1.00,2.25,50,75,75,0,0,25,25,50,75,8.50,9.00,2.25,3.20,3.50,1.44,2.60,4.33,8.50,2.20,1.62,N/A
1714935600,May 05 2024 - 7:00pm,complete,N/A,Vitória,São Paulo,Ramon Abatti,5,0.50,1.50,1.42,1.05,1,3,4,1,0,1,"49","45,53,84",3,8,3,1,4,0,2,2,3,1,4,16,2,8,2,8,9,14,33,67,1.34,1.22,0.61,1.86,2.75,50,75,75,25,0,0,100,75,75,4.50,4.50,3.70,2.90,2.18,1.50,2.27,5.00,10.00,2.05,1.70,Estádio Manoel Barradas
1714935600,May 05 2024 - 7:00pm,complete,31192,Atlético PR,Vasco da Gama,Anderson Daronco,5,3.00,0.00,1.32,0.79,1,0,1,1,1,0,"26","",6,5,1,0,0,1,0,1,1,0,20,7,7,1,13,6,11,9,56,44,1.22,1.37,2.22,0.71,2.75,50,75,75,25,0,25,75,50,100,12.50,4.50,1.67,3.60,5.00,1.33,2.04,3.75,7.50,2.05,1.70,N/A
1714944600,May 05 2024 - 9:30pm,complete,N/A,Botafogo,Bahia,Rafael Rodrigo Klein,5,3.00,0.50,2.16,0.89,1,2,3,1,0,1,"63","45'3,86",5,1,2,0,2,0,0,2,1,1,16,9,6,4,10,5,8,5,55,45,1.32,1.29,1.88,1.06,3.50,75,75,75,50,25,25,75,75,75,11.50,7.50,1.81,3.45,4.30,1.29,2.05,3.00,5.50,1.75,2.00,Estádio Nilton Santos
1714944600,May 05 2024 - 9:30pm,complete,N/A,Cuiabá,Palmeiras,Bruno Arleu de Araujo,5,0.00,2.00,0.74,1.84,0,2,2,1,0,1,"","45'1,71",6,6,2,0,3,0,1,1,0,3,7,12,1,6,6,6,9,11,45,55,0.39,1.05,0.72,1.60,1.75,0,50,50,0,0,0,75,50,50,9.50,8.00,3.96,3.35,1.91,1.47,2.26,4.75,10.00,2.25,1.57,Arena Pantanal
1715454000,May 11 2024 - 7:00pm,complete,56929,Flamengo,Corinthians,Ramon Abatti,6,1.50,0.00,2.00,0.95,2,0,2,1,1,0,"20,63","",13,6,1,0,1,0,0,1,1,0,13,8,9,3,4,5,12,17,58,42,1.27,1.34,1.96,0.99,2.00,25,75,25,0,0,0,50,75,75,14.00,2.50,1.60,3.80,6.25,1.38,2.15,4.20,8.50,2.05,1.70,N/A
1715540400,May 12 2024 - 7:00pm,complete,N/A,Palmeiras,Atlético PR,Braulio da Silva Machado,6,0.50,0.50,2.00,0.89,0,2,2,1,0,1,"","45'9,59",9,6,4,0,5,1,2,2,2,4,17,8,6,6,11,2,13,16,63,37,1.10,0.98,1.76,1.11,1.25,25,50,0,0,0,0,75,0,50,10.00,5.50,1.62,3.40,5.00,1.36,2.10,4.00,8.00,2.05,1.70,Allianz Parque
1715540400,May 12 2024 - 7:00pm,complete,N/A,Fortaleza,Botafogo,Wilton Pereira Sampaio,6,1.00,1.50,2.47,2.00,1,1,2,2,1,1,"10","41",6,5,4,0,7,0,1,3,1,6,9,10,4,5,5,5,12,22,43,57,1.36,0.71,1.07,1.20,2.75,75,100,25,25,25,50,75,50,75,12.50,6.00,1.80,3.25,4.00,1.40,2.10,4.20,8.00,1.95,1.80,Estádio Governador Plácido Aderaldo Castelo
1715540400,May 12 2024 - 7:00pm,complete,N/A,Atlético GO,Cruzeiro,Rodrigo José Pereira de Lima,6,0.00,0.50,1.05,0.89,0,1,1,0,0,0,"","81",5,5,1,0,2,0,0,1,0,2,11,8,5,5,6,3,11,8,46,54,0.86,1.15,1.40,1.14,2.75,50,100,75,0,0,25,100,50,75,8.50,10.50,2.55,3.00,2.63,1.42,2.38,4.33,8.50,2.00,1.75,N/A
1715549400,May 12 2024 - 9:30pm,complete,N/A,Bahia,Bragantino,Gustavo Ervino Bauermann,6,3.00,1.00,1.89,0.68,1,0,1,1,1,0,"37","",6,7,2,0,3,0,1,1,1,2,6,11,3,5,3,6,12,13,50,50,1.32,1.45,0.91,1.33,2.50,75,75,50,25,0,50,100,25,50,10.00,5.50,1.75,3.80,4.33,1.30,1.85,3.50,6.50,1.80,1.95,Arena Fonte Nova
1715549400,May 12 2024 - 9:30pm,complete,11094,Vasco da Gama,Vitória,Raphael Claus,6,1.50,0.00,1.84,1.05,2,1,3,0,0,0,"50,56","89",4,4,5,0,1,1,1,4,0,2,11,10,8,5,3,5,12,12,57,43,1.38,0.98,1.60,1.39,3.75,75,100,100,75,0,25,50,75,100,8.00,3.00,1.73,3.60,5.00,1.38,2.05,3.80,8.00,1.95,1.80,Estádio Club de Regatas Vasco da Gama
1715641200,May 13 2024 - 11:00pm,complete,N/A,São Paulo,Fluminense,Anderson Daronco,6,0.50,0.00,2.05,0.89,2,1,3,2,1,1,"32,84","29",7,4,5,0,3,0,3,2,2,1,12,6,8,2,4,4,15,12,50,50,1.24,0.90,1.69,0.84,2.25,50,75,75,0,0,50,50,25,75,14.00,7.00,1.70,3.60,5.25,1.40,2.10,4.20,8.50,2.05,1.70,Morumbí
1717268400,Jun 01 2024 - 7:00pm,complete,N/A,Grêmio,Bragantino,Ramon Abatti,7,3.00,0.67,1.53,0.68,0,2,2,1,0,1,"","3,60",6,0,4,0,2,0,2,2,0,2,5,11,1,4,4,7,16,19,44,56,1.38,1.41,0.78,1.18,1.92,34,59,17,17,0,17,100,17,42,12.33,5.17,2.95,3.12,2.53,1.29,1.91,3.34,6.35,1.80,1.95,Estádio Major Antônio Couto Pereira
1717268400,Jun 01 2024 - 7:00pm,complete,N/A,Vitória,Atlético GO,Kleber Ariel Gonçalves da Silva,7,0.33,0.50,1.42,0.53,0,2,2,1,0,1,"","42,69",3,4,2,2,2,0,2,2,2,0,7,10,3,5,4,5,7,9,34,66,1.09,0.73,0.84,1.29,2.25,59,59,34,34,0,0,75,59,59,6.67,7.17,2.16,3.12,3.68,1.38,2.07,3.92,7.90,1.95,1.80,Estádio Manoel Barradas
1717277400,Jun 01 2024 - 9:30pm,complete,N/A,Fluminense,Juventude,Matheus Delgado Candançan,7,1.67,0.50,1.53,0.79,1,1,2,1,1,0,"42","67",5,3,2,0,4,1,1,1,0,5,13,8,4,3,9,5,13,19,62,38,1.73,1.09,1.53,0.95,3.84,100,100,75,59,25,25,100,75,100,10.33,8.50,1.57,4.20,5.50,1.30,1.85,3.40,6.50,2.00,1.75,Estádio Nilton Santos
1717277400,Jun 01 2024 - 9:30pm,complete,N/A,Cuiabá,Internacional,Anderson Ribeiro Gonçalves,7,0.00,1.50,0.74,1.42,0,1,1,0,0,0,"","69",0,2,4,0,4,0,1,3,1,3,7,7,3,3,4,4,12,21,36,64,0.55,0.55,0.85,0.99,1.75,0,50,25,0,0,0,75,25,75,7.00,7.50,3.50,3.10,2.30,1.50,2.88,4.80,9.70,2.25,1.57,Arena Pantanal
1717286400,Jun 02 2024 - 12:00am,complete,N/A,Corinthians,Botafogo,Anderson Daronco,7,1.67,1.33,2.00,2.00,0,1,1,0,0,0,"","60",2,5,2,0,5,0,2,0,1,4,14,5,7,2,7,3,7,16,53,47,1.50,0.88,1.75,0.75,2.00,34,67,33,17,17,50,50,34,50,9.67,9.66,2.20,3.20,3.50,1.40,2.35,4.00,8.00,2.05,1.70,N/A
1717354800,Jun 02 2024 - 7:00pm,complete,N/A,Atlético Mineiro,Bahia,Bruno Arleu de Araujo,7,2.00,1.33,1.47,0.89,1,1,2,0,0,0,"62","70",5,4,6,0,4,0,1,5,1,3,15,6,4,2,11,4,13,9,64,36,1.42,1.21,1.59,0.75,2.92,75,100,75,17,0,25,84,50,75,10.17,5.00,1.68,3.70,4.86,1.33,1.88,3.60,7.00,1.95,1.80,N/A
1717354800,Jun 02 2024 - 7:00pm,complete,N/A,Vasco da Gama,Flamengo,Braulio da Silva Machado,7,2.00,1.67,1.84,1.68,1,6,7,4,1,3,"9","28,33,43,51,73,89",1,8,2,1,0,0,1,2,0,0,2,22,2,18,0,4,18,6,27,73,1.45,1.18,0.41,3.11,2.50,67,84,67,17,0,17,67,50,84,8.33,7.00,4.29,3.70,1.75,1.33,2.00,3.58,7.00,2.00,1.75,N/A
1717354800,Jun 02 2024 - 7:00pm,complete,N/A,Criciúma,Palmeiras,Rafael Rodrigo Klein,7,1.00,2.33,1.21,1.84,1,2,3,0,0,0,"69","67,90'2",4,6,7,0,3,0,2,5,0,3,9,16,4,5,5,11,17,9,39,61,0.86,1.23,1.13,1.81,1.50,50,67,0,0,0,0,84,0,67,6.33,7.67,3.91,3.35,1.92,1.33,2.35,3.60,7.00,2.05,1.70,Estádio Heriberto Hülse
1717363800,Jun 02 2024 - 9:30pm,complete,N/A,São Paulo,Cruzeiro,Lucas Paulo Torezin,7,1.33,1.33,2.05,0.89,2,0,2,1,1,0,"5,48","",4,2,2,0,2,1,1,1,2,1,10,8,4,3,6,5,18,11,55,45,1.39,1.14,1.24,0.89,2.00,50,67,50,0,0,33,50,17,67,12.67,6.33,2.00,3.30,4.00,1.38,2.50,4.20,8.50,2.20,1.62,Morumbí
1717363800,Jun 02 2024 - 9:30pm,complete,N/A,Fortaleza,Atlético PR,João Vitor Gobi,7,1.00,1.33,2.47,0.89,1,0,1,1,1,0,"45","",2,4,2,0,4,0,2,0,1,3,8,10,4,2,4,8,12,17,52,48,1.27,1.03,1.02,1.11,2.00,67,100,0,0,0,34,100,0,67,13.00,6.00,2.05,3.25,3.80,1.40,2.25,4.08,8.25,2.00,1.75,Estádio Governador Plácido Aderaldo Castelo
1717624800,Jun 05 2024 - 10:00pm,complete,N/A,Juventude,Atlético GO,Raphael Claus,5,2.00,1.33,1.58,0.53,1,0,1,1,1,0,"38","",4,7,2,1,3,0,1,2,1,2,7,14,2,5,5,9,13,12,42,58,1.45,0.92,0.86,1.58,1.84,42,84,0,0,0,0,59,42,84,9.00,5.50,2.30,3.00,3.40,1.36,2.70,3.88,7.60,2.20,1.62,N/A
1717628400,Jun 05 2024 - 11:00pm,complete,3614,Cuiabá,Vitória,Wilton Pereira Sampaio,2,0.00,0.00,0.74,1.05,0,0,0,0,0,0,"","",4,3,3,0,4,0,2,1,2,2,7,11,0,4,7,7,19,14,54,46,0.65,1.18,0.78,1.31,2.75,50,84,67,25,0,0,34,67,100,7.00,4.83,2.20,3.10,3.70,1.50,2.70,3.65,7.00,2.10,1.67,Arena Pantanal
1717959600,Jun 09 2024 - 7:00pm,complete,N/A,Criciúma,Cuiabá,Bruno Arleu de Araujo,6,0.50,0.00,1.21,0.84,2,5,7,3,0,3,"63,65","16,23,35,46,90'5",6,2,5,1,5,0,0,6,1,4,17,11,8,7,9,4,10,14,61,39,1.00,0.76,2.10,1.48,2.50,50,75,50,25,0,25,75,25,75,4.00,8.00,2.05,3.10,3.25,1.50,2.30,5.00,10.00,2.38,1.53,Estádio Heriberto Hülse
1718143200,Jun 11 2024 - 10:00pm,complete,N/A,Atlético GO,Corinthians,Paulo Cesar Zanovelli,8,0.00,0.00,1.05,0.95,2,2,4,1,0,1,"66,90'2","15,62",3,4,3,0,4,1,1,2,3,2,15,6,7,3,8,3,12,13,72,28,1.04,1.22,2.17,0.74,2.00,17,67,34,0,0,0,67,50,84,10.00,7.00,2.63,3.10,2.80,1.44,2.50,4.33,9.00,2.10,1.67,N/A
1718143200,Jun 11 2024 - 10:00pm,complete,N/A,Juventude,Vitória,Wagner do Nascimento Magalhaes,8,2.33,0.33,1.58,1.05,1,1,2,2,1,1,"34","42",5,4,3,0,4,0,1,2,2,2,10,13,2,3,8,10,16,8,58,42,1.25,1.23,1.11,1.27,2.00,50,67,34,17,0,0,34,50,67,8.34,5.00,1.95,3.20,4.50,1.40,2.40,4.00,8.00,2.10,1.67,N/A
1718146800,Jun 11 2024 - 11:00pm,complete,N/A,Botafogo,Fluminense,Flavio Rodrigues De Souza,8,2.00,0.00,2.16,0.89,1,0,1,0,0,0,"67","",14,2,3,0,3,0,2,1,2,1,15,5,6,0,9,5,22,14,48,52,1.51,0.88,1.59,0.52,3.17,67,84,84,17,17,67,100,34,84,11.00,6.66,1.91,3.30,4.20,1.36,2.08,3.75,7.50,1.95,1.80,N/A
1718152200,Jun 12 2024 - 12:30am,complete,N/A,Bragantino,Atlético Mineiro,Rafael Rodrigo Klein,8,2.33,1.67,1.63,1.00,1,2,3,3,1,2,"25","42,44",8,5,5,1,5,1,1,5,2,4,13,6,6,4,7,2,17,18,55,45,1.24,1.26,1.55,0.92,2.17,50,67,50,17,0,0,84,50,67,13.00,7.00,2.45,3.20,3.00,1.42,2.35,4.20,8.50,2.00,1.75,Estádio Nabi Abi Chedid
1718316000,Jun 13 2024 - 10:00pm,complete,N/A,Cruzeiro,Cuiabá,Marcelo de Lima Henrique,8,3.00,1.00,1.84,0.84,2,1,3,1,1,0,"45'1,67","64",6,4,3,0,2,0,0,3,0,2,11,10,6,5,5,5,9,12,51,49,1.43,1.00,1.60,1.48,4.25,67,84,84,84,42,59,75,67,84,10.00,6.33,1.60,3.60,7.00,1.50,2.60,4.75,10.00,2.50,1.50,Estádio Governador Magalhães Pinto
1718319600,Jun 13 2024 - 11:00pm,complete,N/A,Internacional,São Paulo,Braulio da Silva Machado,8,2.00,2.00,2.00,1.05,0,0,0,0,0,0,"","",5,3,5,0,4,0,1,4,0,4,6,7,0,4,6,3,15,18,49,51,1.95,1.43,0.83,0.87,2.92,84,100,75,17,0,0,50,100,100,13.50,4.33,2.70,3.10,2.80,1.50,2.70,4.33,9.00,2.20,1.62,Estádio Heriberto Hülse
1718319600,Jun 13 2024 - 11:00pm,complete,N/A,Flamengo,Grêmio,Luiz Flavio De Oliveira,8,2.00,0.00,2.00,0.84,2,1,3,1,1,0,"42,67","90'6",4,6,2,0,3,0,2,0,0,3,14,11,6,5,8,6,9,10,44,56,1.50,0.70,1.64,1.51,2.17,42,75,42,0,0,25,84,34,75,12.50,5.00,1.55,4.00,6.50,1.25,1.95,3.10,5.75,2.00,1.75,N/A
1718319600,Jun 13 2024 - 11:00pm,complete,N/A,Atlético PR,Criciúma,Jonathan Benkenstein Pinheiro,8,3.00,2.00,1.32,0.79,3,1,4,2,1,1,"22,55,79","8",5,3,0,0,1,0,0,0,1,0,17,9,7,4,10,5,9,12,66,34,1.55,1.25,1.97,0.99,2.50,25,67,42,42,0,17,84,25,84,9.00,4.00,1.45,4.33,7.50,1.36,2.00,4.00,8.00,2.20,1.62,N/A
1718325000,Jun 14 2024 - 12:30am,complete,N/A,Bahia,Fortaleza,Felipe Fernandes de Lima,8,3.00,2.00,1.89,1.11,1,0,1,0,0,0,"79","",5,9,6,0,1,0,0,6,0,1,9,14,3,6,6,8,14,9,54,46,1.18,0.83,1.32,1.69,1.59,42,42,42,0,0,17,50,25,42,9.17,7.17,2.05,3.50,3.60,1.36,2.15,3.78,7.50,1.95,1.80,Arena Fonte Nova
1718325000,Jun 14 2024 - 12:30am,complete,N/A,Palmeiras,Vasco da Gama,Ramon Abatti,8,0.33,0.00,2.00,0.79,2,0,2,1,1,0,"26,56","",10,6,1,0,2,0,0,1,0,2,20,8,7,2,13,6,10,14,58,42,1.32,1.15,2.22,0.90,1.67,34,50,34,0,0,0,84,34,50,13.00,5.33,1.44,4.50,8.00,1.28,1.90,3.25,6.00,2.10,1.67,Allianz Parque
1718487000,Jun 15 2024 - 9:30pm,complete,3338,Bragantino,Juventude,Emerson Ricardo de Almeida Andrade,9,1.75,0.67,1.63,0.79,2,1,3,2,1,1,"2,82","25",1,1,4,1,4,0,3,2,2,2,3,11,2,6,1,5,12,13,36,64,1.32,1.04,0.63,1.45,2.79,88,88,42,17,17,29,100,29,75,9.42,8.42,1.60,3.90,5.75,1.30,2.00,3.40,6.50,2.00,1.75,Estádio Nabi Abi Chedid
1718496000,Jun 16 2024 - 12:00am,complete,N/A,Fluminense,Atlético GO,Gustavo Ervino Bauermann,9,1.50,1.00,1.53,0.53,1,2,3,1,1,0,"41","71,90'5",3,3,4,1,1,0,0,5,0,1,9,14,5,7,4,7,10,12,56,44,1.68,1.08,1.21,1.72,2.38,63,75,38,25,0,0,88,50,75,10.75,6.50,1.95,3.70,3.75,1.30,2.08,3.40,6.50,1.95,1.80,N/A
1718564400,Jun 16 2024 - 7:00pm,complete,N/A,Vitória,Internacional,Bruno Arleu de Araujo,9,0.25,2.00,1.42,1.42,2,1,3,1,1,0,"8,90'11","82",4,2,1,0,5,0,0,1,2,3,9,13,4,5,5,8,6,16,45,55,1.03,0.70,1.11,1.54,1.88,25,38,25,25,0,0,67,25,71,5.08,8.33,3.30,3.10,2.30,1.53,2.50,4.05,7.90,2.10,1.67,Arena Fonte Nova
1718564400,Jun 16 2024 - 7:00pm,complete,N/A,Corinthians,São Paulo,Ramon Abatti,9,1.25,1.75,2.00,1.05,2,2,4,4,2,2,"31,45'2","4,41",9,5,3,1,5,0,1,3,3,2,12,9,8,7,4,2,15,10,68,32,1.56,1.29,1.62,1.34,1.75,25,50,50,13,0,13,50,38,63,8.75,6.50,2.70,3.00,2.70,1.50,2.47,4.97,10.25,2.10,1.67,Arena Corinthians
1718564400,Jun 16 2024 - 7:00pm,complete,N/A,Atlético PR,Flamengo,Anderson Daronco,9,3.00,2.00,1.32,1.68,1,1,2,0,0,0,"90'2","90'9",5,9,4,1,3,0,0,5,0,3,9,8,3,6,6,2,11,11,52,48,1.66,1.66,1.06,1.26,2.75,50,63,50,38,13,38,75,38,75,11.00,4.00,2.40,3.30,2.80,1.40,2.03,4.20,8.00,1.95,1.80,N/A
1718573400,Jun 16 2024 - 9:30pm,complete,N/A,Grêmio,Botafogo,Paulo Cesar Zanovelli,9,2.00,1.75,1.53,2.00,1,2,3,2,1,1,"21","10,57",7,4,4,0,3,0,1,3,1,2,9,10,4,5,5,5,12,11,47,53,1.18,0.84,1.32,1.24,2.09,25,71,13,13,13,25,75,25,71,10.00,8.25,3.40,3.20,2.20,1.30,2.30,3.42,6.55,1.95,1.80,Arena do Grêmio
1718573400,Jun 16 2024 - 9:30pm,complete,N/A,Vasco da Gama,Cruzeiro,Rafael Rodrigo Klein,9,1.50,1.00,1.84,0.89,0,0,0,0,0,0,"","",5,5,2,0,4,0,1,1,0,4,11,5,4,2,7,3,11,11,50,50,1.19,1.08,1.32,0.63,3.13,50,88,63,25,13,38,75,38,88,7.25,6.50,2.63,3.20,2.70,1.39,2.40,4.10,8.10,2.00,1.75,Estádio Club de Regatas Vasco da Gama
1718573400,Jun 16 2024 - 9:30pm,complete,N/A,Cuiabá,Fortaleza,Jefferson Ferreira de Moraes,9,0.25,1.33,0.74,1.11,5,0,5,4,4,0,"3,11,37,45'10,54","",5,1,1,0,3,2,1,0,4,1,18,2,13,0,5,2,9,6,54,46,0.68,1.12,2.48,0.29,1.42,17,42,29,0,0,0,25,29,71,9.25,6.58,3.20,2.75,2.63,1.53,2.88,5.00,11.00,2.20,1.62,Arena Pantanal
1718573400,Jun 16 2024 - 9:30pm,complete,N/A,Criciúma,Bahia,Flavio Rodrigues De Souza,9,0.33,1.25,1.21,0.89,2,2,4,1,1,0,"34,46","56,72",6,7,3,1,1,0,1,3,0,1,11,16,5,6,6,10,14,13,31,69,1.36,1.10,1.32,1.80,3.50,100,100,71,29,17,17,59,84,100,7.08,9.25,3.75,3.25,2.10,1.36,2.08,3.75,7.50,1.80,1.95,Estádio Heriberto Hülse
1718667000,Jun 17 2024 - 11:30pm,complete,N/A,Atlético Mineiro,Palmeiras,Rodrigo José Pereira de Lima,9,1.67,2.50,1.47,1.84,0,4,4,1,0,1,"","25,60,61,90'5",3,6,5,2,3,0,4,3,1,2,8,17,3,9,5,8,16,16,49,51,1.47,1.38,0.93,1.99,1.92,46,75,29,0,0,17,59,29,59,12.25,6.83,2.75,3.00,2.75,1.45,2.60,4.50,9.50,2.10,1.67,N/A
1718834400,Jun 19 2024 - 10:00pm,complete,N/A,Botafogo,Atlético PR,Ramon Abatti,10,2.25,1.00,2.16,0.89,1,1,2,0,0,0,"90'8","53",5,9,0,0,6,0,0,0,1,5,8,11,1,6,7,5,13,15,62,38,1.53,1.05,0.93,1.47,2.25,38,63,25,13,13,13,88,25,75,12.50,7.00,2.00,3.25,4.00,1.38,2.15,3.80,7.50,1.95,1.80,N/A
1718834400,Jun 19 2024 - 10:00pm,complete,N/A,Atlético GO,Criciúma,Alex Gomes Stefano,10,0.25,1.33,1.05,0.79,1,2,3,1,1,0,"11","60,90'13",5,1,1,1,1,0,0,2,1,0,9,11,1,7,8,4,10,11,49,51,1.32,1.16,0.99,1.48,3.04,59,88,71,46,0,17,88,71,100,7.00,6.67,1.73,3.60,5.00,1.38,2.05,3.80,8.00,2.00,1.75,N/A
1718838000,Jun 19 2024 - 11:00pm,complete,33534,São Paulo,Cuiabá,Gustavo Ervino Bauermann,10,1.75,0.75,2.05,0.84,0,1,1,0,0,0,"","82",4,6,2,0,4,0,1,1,0,4,15,10,4,3,11,7,5,16,59,41,1.35,1.12,1.66,1.08,2.88,50,75,63,25,13,38,75,38,75,9.50,6.50,1.55,3.70,7.50,1.32,2.30,3.50,5.80,2.25,1.57,Morumbí
1718838000,Jun 19 2024 - 11:00pm,complete,N/A,Fortaleza,Grêmio,João Vitor Gobi,10,1.50,0.00,2.47,0.84,1,0,1,1,1,0,"42","",8,3,3,0,4,1,1,2,3,2,10,6,4,2,6,4,16,8,53,47,1.20,0.97,1.22,0.86,2.04,71,71,34,0,0,42,100,17,46,10.42,5.92,1.95,3.40,4.10,1.40,2.15,4.20,8.50,1.91,1.91,Estádio Comendador Agostinho Prada
1718838000,Jun 19 2024 - 11:00pm,complete,N/A,Juventude,Vasco da Gama,Paulo Cesar Zanovelli,10,2.00,0.00,1.58,0.79,2,0,2,0,0,0,"52,90'8","",5,4,2,0,3,1,0,2,2,2,10,5,4,2,6,3,13,18,61,39,1.22,1.09,1.13,0.69,2.00,50,75,25,0,0,13,88,38,63,10.75,4.75,2.20,3.00,3.80,1.44,2.60,4.50,9.50,2.10,1.67,N/A
1718843400,Jun 20 2024 - 12:30am,complete,N/A,Internacional,Corinthians,Wagner do Nascimento Magalhaes,10,1.67,0.25,2.00,0.95,1,0,1,1,1,0,"42","",3,7,1,0,2,0,0,1,0,2,7,7,5,3,2,4,17,13,47,53,1.58,1.10,1.01,1.06,1.96,46,71,29,13,0,0,38,59,71,13.25,5.25,2.25,3.10,3.50,1.50,2.50,4.30,7.20,2.10,1.67,Estádio Orlando Scarpelli
1718843400,Jun 20 2024 - 12:30am,complete,N/A,Cruzeiro,Fluminense,Matheus Delgado Candançan,10,3.00,0.00,1.84,0.89,2,0,2,1,1,0,"41,90'3","",6,5,3,0,2,0,2,1,1,1,12,8,5,4,7,4,16,11,34,66,1.48,0.79,1.39,1.20,3.25,75,88,88,34,17,54,71,50,100,11.58,6.25,1.70,3.60,5.25,1.35,2.08,3.70,6.20,2.00,1.75,Estádio Governador Magalhães Pinto
1718919000,Jun 20 2024 - 9:30pm,complete,N/A,Vitória,Atlético Mineiro,Marcelo de Lima Henrique,10,0.80,2.00,1.42,1.00,4,2,6,3,2,1,"8,44,66,76","14,88",2,4,2,0,2,0,2,0,1,1,11,15,6,7,5,8,15,13,39,61,1.05,1.17,1.28,1.85,2.65,55,78,68,33,0,13,88,55,65,10.25,8.15,2.90,3.00,2.60,1.45,2.40,4.30,7.50,2.00,1.75,Arena Fonte Nova
1718924400,Jun 20 2024 - 11:00pm,complete,N/A,Flamengo,Bahia,Braulio da Silva Machado,10,2.25,1.20,2.00,0.89,2,1,3,2,1,1,"23,90'4","35",6,2,1,0,1,0,1,0,0,1,10,9,3,3,7,6,8,10,29,71,1.53,1.24,1.23,1.10,2.85,75,100,65,20,0,0,68,88,100,12.90,4.05,1.62,3.70,5.75,1.25,1.90,3.30,5.00,1.95,1.80,N/A
1718929800,Jun 21 2024 - 12:30am,complete,N/A,Palmeiras,Bragantino,Anderson Daronco,10,1.00,1.25,2.00,0.68,2,1,3,1,1,0,"21,55","49",10,3,0,0,2,0,0,0,1,1,13,11,7,3,6,8,10,9,54,46,1.55,1.35,1.76,1.10,1.75,25,63,13,13,0,13,88,13,50,12.50,5.25,1.55,3.80,6.50,1.35,2.00,3.60,6.20,2.00,1.75,Allianz Parque
1719082800,Jun 22 2024 - 7:00pm,complete,16256,Criciúma,Botafogo,Luiz Flavio De Oliveira,11,0.50,2.00,1.21,2.00,2,1,3,1,1,0,"10,84","55",4,7,4,0,3,0,1,3,1,2,11,8,5,2,6,6,16,14,38,62,1.35,0.92,1.36,1.01,3.30,80,90,58,35,23,43,68,58,90,8.00,10.30,3.30,3.30,2.15,1.40,2.10,4.33,8.50,2.05,1.70,Estádio Heriberto Hülse
1719088200,Jun 22 2024 - 8:30pm,complete,N/A,Grêmio,Internacional,Ramon Abatti,11,1.50,1.50,1.53,1.42,0,1,1,0,0,0,"","64",5,4,2,0,3,0,1,1,1,2,7,11,2,2,5,9,12,11,58,42,1.21,0.91,1.06,1.13,1.75,25,50,25,0,0,13,75,13,75,8.50,7.75,2.80,3.00,2.63,1.47,2.25,4.75,10.00,1.95,1.80,Arena do Grêmio
1719091800,Jun 22 2024 - 9:30pm,complete,5768,Cuiabá,Atlético GO,Bruno Pereira Vasconcelos,11,0.80,1.40,0.74,0.53,0,0,0,0,0,0,"","",5,4,3,0,1,0,3,0,1,0,8,13,3,9,5,4,9,12,53,47,1.04,1.21,1.08,1.72,2.00,20,60,30,10,10,10,70,30,70,8.00,5.40,2.10,3.25,3.50,1.41,2.35,4.25,8.40,2.05,1.70,Arena Pantanal
1719102600,Jun 23 2024 - 12:30am,complete,N/A,Vasco da Gama,São Paulo,Caio Max Augusto Vieira,11,1.40,1.60,1.84,1.05,4,1,5,3,2,1,"33,45'3,80,90'3","11",2,8,3,0,1,0,1,2,1,0,13,5,7,2,6,3,13,14,40,60,1.22,1.30,1.56,0.94,3.10,60,80,80,40,10,30,70,60,70,7.60,6.60,3.30,3.20,2.20,1.43,2.40,4.40,8.80,2.05,1.70,Estádio Nivaldo Pereira
1719169200,Jun 23 2024 - 7:00pm,complete,N/A,Bahia,Cruzeiro,Paulo Belence Alves dos Prazeres Filho,11,3.00,1.00,1.89,0.89,4,1,5,2,1,1,"45'9,78,90'1,90'6","14",3,1,0,0,3,1,0,0,1,3,9,6,6,1,3,5,7,13,64,36,1.22,0.99,1.45,0.63,1.55,23,43,23,0,0,23,68,0,55,8.95,6.50,1.95,3.42,4.00,1.38,2.03,4.00,8.00,1.95,1.80,Arena Fonte Nova
1719169200,Jun 23 2024 - 7:00pm,complete,N/A,Fluminense,Flamengo,Rafael Rodrigo Klein,11,1.20,1.80,1.53,1.68,0,1,1,0,0,0,"","83",2,6,3,1,3,0,1,3,1,2,2,12,0,4,2,8,16,13,54,46,1.58,1.58,0.29,1.53,3.00,90,90,60,30,10,10,80,70,90,11.40,6.60,4.45,3.68,1.79,1.36,1.96,3.75,7.50,1.95,1.80,N/A
1719169200,Jun 23 2024 - 7:00pm,complete,N/A,Atlético PR,Corinthians,Felipe Fernandes de Lima,11,2.60,0.20,1.32,0.95,1,1,2,1,1,0,"45","90'2",11,2,2,0,1,0,0,2,1,0,15,13,7,6,8,7,19,12,55,45,1.54,1.09,1.80,1.43,2.20,30,60,30,30,0,20,70,40,70,11.20,4.60,1.74,3.62,4.90,1.44,2.11,4.50,9.50,2.05,1.70,N/A
1719178200,Jun 23 2024 - 9:30pm,complete,N/A,Atlético Mineiro,Fortaleza,Flavio Rodrigues De Souza,11,1.25,1.00,1.47,1.11,1,1,2,1,0,1,"58","25",3,4,3,0,2,0,1,2,0,2,13,10,8,3,5,7,15,17,67,33,1.34,0.91,1.76,0.99,2.50,38,75,50,25,13,25,50,38,75,10.00,8.50,1.62,3.80,5.25,1.36,2.05,3.75,7.50,2.00,1.75,N/A
1719178200,Jun 23 2024 - 9:30pm,complete,N/A,Palmeiras,Juventude,Davi de Oliveira Lacerda,11,1.40,0.50,2.00,0.79,3,1,4,0,0,0,"50,76,84","64",10,4,2,0,4,0,0,2,1,3,22,14,10,8,12,6,14,7,56,44,1.59,1.14,2.61,1.70,2.43,60,80,35,13,13,25,90,23,80,11.20,6.70,1.33,4.75,8.50,1.25,1.80,3.10,5.50,2.20,1.62,Allianz Parque
1719178200,Jun 23 2024 - 9:30pm,complete,N/A,Bragantino,Vitória,Jonathan Benkenstein Pinheiro,11,2.00,0.50,1.63,1.05,2,1,3,2,1,1,"45'3,66","17",6,7,3,0,2,0,1,2,1,1,13,8,6,5,7,3,10,11,64,36,1.18,1.24,1.70,1.15,2.33,78,78,55,13,0,33,63,35,55,8.55,6.95,1.44,4.20,7.50,1.33,2.00,3.60,7.00,2.20,1.62,Estádio Nabi Abi Chedid
1719439200,Jun 26 2024 - 10:00pm,complete,N/A,Cruzeiro,Atlético PR,Davi de Oliveira Lacerda,12,3.00,1.00,1.84,0.89,2,0,2,1,1,0,"15,90'1","",7,12,1,0,3,0,0,1,0,3,16,9,7,3,9,6,8,6,48,52,1.46,1.13,1.84,1.23,2.65,58,90,38,25,13,13,78,48,90,12.40,7.20,2.25,3.10,3.50,1.38,2.40,4.00,8.00,2.05,1.70,Estádio Governador Magalhães Pinto
1719439200,Jun 26 2024 - 10:00pm,complete,N/A,Botafogo,Bragantino,Gustavo Ervino Bauermann,12,2.00,1.00,2.16,0.68,2,1,3,2,1,1,"21,52","6",7,4,2,0,2,0,1,1,1,1,11,11,4,6,7,5,13,12,49,51,1.41,1.30,1.27,1.45,2.50,60,70,40,20,10,20,80,50,70,11.80,5.00,2.00,3.30,3.90,1.30,2.05,3.50,6.50,1.91,1.91,N/A
1719442800,Jun 26 2024 - 11:00pm,complete,38219,Corinthians,Cuiabá,Fabio Augusto de Sá Junior,12,1.20,1.20,2.00,0.84,1,1,2,1,0,1,"86","5",13,1,3,0,4,0,1,2,3,1,17,7,7,4,10,3,10,13,60,40,1.57,1.11,2.13,0.94,2.40,30,50,50,30,10,40,60,20,60,9.00,7.00,2.10,3.20,4.00,1.42,2.50,4.50,9.00,2.10,1.67,Arena Corinthians
1719442800,Jun 26 2024 - 11:00pm,complete,N/A,Atlético GO,Grêmio,Bruno Arleu de Araujo,12,0.20,0.00,1.05,0.84,1,1,2,0,0,0,"72","82",5,8,7,0,4,0,1,6,1,3,14,9,5,4,9,5,13,11,56,44,1.26,0.94,1.63,1.26,2.40,55,65,65,10,0,13,90,53,75,7.70,8.85,2.20,3.10,3.50,1.36,2.30,3.75,7.50,2.00,1.75,N/A
1719442800,Jun 26 2024 - 11:00pm,complete,N/A,Juventude,Flamengo,Matheus Delgado Candançan,12,2.20,2.00,1.58,1.68,2,1,3,2,1,1,"26,87","19",7,8,2,0,1,0,0,2,0,1,15,7,9,5,6,2,10,10,54,46,1.20,1.57,1.85,1.16,2.15,54,74,17,9,9,19,55,45,72,10.80,5.27,4.50,3.20,1.90,1.33,2.25,3.60,7.00,2.00,1.75,N/A
1719448200,Jun 27 2024 - 12:30am,complete,N/A,Internacional,Atlético Mineiro,Luiz Flavio De Oliveira,12,2.00,1.60,2.00,1.00,1,2,3,0,0,0,"67","53,90'8",5,9,3,0,4,0,1,2,3,1,9,10,6,5,3,5,17,10,46,54,1.44,1.31,1.38,1.27,2.35,55,65,53,20,10,20,53,55,55,13.35,6.70,2.25,3.00,3.60,1.50,2.70,4.33,8.50,2.20,1.62,Estádio Heriberto Hülse
1719448200,Jun 27 2024 - 12:30am,complete,N/A,Bahia,Vasco da Gama,João Vitor Gobi,12,3.00,0.00,1.89,0.79,2,1,3,2,1,1,"7,86","20",7,0,0,0,3,1,0,0,2,2,14,9,8,3,6,6,14,15,63,37,1.27,1.01,1.99,0.92,2.20,40,60,40,10,10,20,80,40,70,10.00,5.40,1.60,3.90,5.50,1.33,1.95,3.60,7.00,1.95,1.80,Arena Fonte Nova
1719448200,Jun 27 2024 - 12:30am,complete,N/A,Fortaleza,Palmeiras,Alex Gomes Stefano,12,1.80,2.60,2.47,1.84,3,0,3,1,1,0,"9,47,69","",3,8,2,0,2,0,1,1,0,2,8,13,6,7,2,6,17,11,32,68,1.21,1.50,1.08,1.66,1.80,40,60,20,10,0,20,80,20,40,13.20,5.80,3.25,3.10,2.38,1.33,2.30,3.60,7.00,1.95,1.80,Estádio Governador Plácido Aderaldo Castelo
1719525600,Jun 27 2024 - 10:00pm,complete,N/A,Fluminense,Vitória,Flavio Rodrigues De Souza,12,1.00,0.40,1.53,1.05,0,1,1,0,0,0,"","90",6,2,3,0,1,0,1,2,1,0,9,7,5,6,4,1,14,12,63,37,1.37,1.22,1.27,1.10,2.62,82,82,64,27,0,20,62,54,80,9.23,6.60,1.91,3.40,4.33,1.33,2.10,3.60,7.00,1.95,1.80,N/A
1719529200,Jun 27 2024 - 11:00pm,complete,28008,São Paulo,Criciúma,Bruno Pereira Vasconcelos,12,1.40,1.75,2.05,0.79,2,1,3,2,2,0,"1,22","90'2",2,2,2,0,4,0,1,1,3,1,10,8,6,2,4,6,10,22,60,40,1.41,1.24,1.28,0.85,2.53,58,80,58,25,0,23,70,48,90,8.90,4.70,1.55,4.00,6.25,1.30,2.05,3.50,6.50,2.05,1.70,Morumbí
1719696600,Jun 29 2024 - 9:30pm,complete,N/A,Vasco da Gama,Botafogo,Ramon Abatti,13,1.67,1.67,1.84,2.00,1,1,2,0,0,0,"84","73",0,5,3,0,6,0,2,1,2,4,8,10,2,6,6,4,13,23,54,46,1.28,0.94,0.86,1.38,3.17,67,83,67,34,25,50,67,59,83,7.83,7.83,2.90,3.10,2.55,1.40,2.35,4.20,8.00,1.95,1.80,Estádio Club de Regatas Vasco da Gama
1719696600,Jun 29 2024 - 9:30pm,complete,N/A,Cuiabá,Bragantino,Felipe Fernandes de Lima,13,0.83,0.83,0.74,0.68,1,1,2,2,1,1,"33","42",3,11,4,1,2,0,2,3,1,1,5,11,2,5,3,6,13,16,34,66,1.05,1.33,0.63,1.48,2.17,34,67,42,17,9,25,75,25,67,8.16,5.16,2.60,3.10,2.90,1.45,2.40,4.50,9.00,2.00,1.75,Arena Pantanal
1719756000,Jun 30 2024 - 2:00pm,complete,N/A,Atlético Mineiro,Atlético GO,Jonathan Benkenstein Pinheiro,13,1.20,1.33,1.47,0.53,1,1,2,2,1,1,"23","11",5,8,0,0,1,0,0,0,0,1,10,10,6,6,4,4,10,11,68,32,1.42,1.29,1.38,1.39,2.05,47,75,29,10,0,10,74,37,65,9.13,6.53,1.38,4.70,9.00,1.35,2.10,3.75,7.30,2.10,1.67,N/A
1719774000,Jun 30 2024 - 7:00pm,complete,N/A,Grêmio,Fluminense,Paulo Cesar Zanovelli,13,1.20,0.00,1.53,0.89,1,0,1,0,0,0,"61","",6,1,2,0,2,1,1,1,1,2,13,6,9,3,4,3,13,14,47,53,1.18,0.87,1.98,0.80,2.10,30,70,40,0,0,40,80,0,90,10.40,6.00,2.39,3.32,2.99,1.36,2.12,3.75,7.50,1.91,1.91,Arena do Grêmio
1719774000,Jun 30 2024 - 7:00pm,complete,N/A,São Paulo,Bahia,Marcelo de Lima Henrique,13,1.67,1.00,2.05,0.89,3,1,4,2,2,0,"30,32,65","49",4,4,4,0,1,0,1,3,1,0,11,13,5,6,6,7,15,9,40,60,1.39,1.21,1.25,1.50,2.59,75,84,67,17,0,25,59,50,92,9.67,5.50,2.06,3.40,3.62,1.38,2.16,4.00,8.00,2.00,1.75,Morumbí
1719774000,Jun 30 2024 - 7:00pm,complete,N/A,Fortaleza,Juventude,Rodrigo José Pereira de Lima,13,2.00,0.40,2.47,0.79,2,1,3,2,2,0,"21,45'3","75",7,5,2,0,0,0,0,2,0,0,14,10,7,3,7,7,22,16,38,62,1.19,1.26,1.70,1.15,2.62,75,84,39,20,10,37,90,29,67,9.53,6.73,1.56,3.94,6.30,1.36,2.18,4.00,8.00,2.05,1.70,Estádio Governador Plácido Aderaldo Castelo
1719783000,Jun 30 2024 - 9:30pm,complete,N/A,Vitória,Atlético PR,Bruno Arleu de Araujo,13,1.17,0.83,1.42,0.89,0,1,1,0,0,0,"","80",7,6,3,0,2,0,0,3,1,1,9,4,3,2,6,2,12,16,59,41,1.09,1.15,1.18,0.70,2.58,50,83,34,25,9,9,92,42,83,9.33,7.17,2.38,3.00,3.40,1.42,2.35,4.33,8.50,1.95,1.80,Arena Fonte Nova
1719783000,Jun 30 2024 - 9:30pm,complete,N/A,Flamengo,Cruzeiro,Braulio da Silva Machado,13,2.40,0.83,2.00,0.89,2,1,3,2,1,1,"17,65","38",2,5,1,0,3,0,1,0,1,2,6,11,3,5,3,6,5,16,46,54,1.47,0.93,0.78,1.32,2.39,47,84,47,9,9,27,74,39,84,11.67,4.53,1.67,4.00,5.00,1.38,2.05,4.20,8.00,2.00,1.75,N/A
1719783000,Jun 30 2024 - 9:30pm,complete,N/A,Criciúma,Internacional,Wagner do Nascimento Magalhaes,13,1.00,1.80,1.21,1.42,1,1,2,1,0,1,"79","40",5,5,2,0,3,0,1,1,0,3,12,10,7,4,5,6,10,14,46,54,1.35,0.95,1.63,1.37,2.60,60,60,50,20,10,10,60,50,90,6.60,9.40,2.75,3.00,2.70,1.45,2.60,4.50,9.50,2.05,1.70,Estádio Heriberto Hülse
1719874800,Jul 01 2024 - 11:00pm,complete,N/A,Palmeiras,Corinthians,Anderson Daronco,13,1.67,0.33,2.00,0.95,2,0,2,0,0,0,"53,57","",7,3,3,1,4,0,2,2,1,3,13,13,10,4,3,9,18,10,58,42,1.76,1.15,1.84,1.35,2.00,33,67,25,17,0,0,75,33,67,13.50,4.17,1.53,4.20,6.25,1.33,1.90,3.75,7.50,2.00,1.75,Allianz Parque
1720044000,Jul 03 2024 - 10:00pm,complete,N/A,Cuiabá,Botafogo,Paulo Cesar Zanovelli,14,0.86,1.57,0.74,2.00,1,2,3,2,1,1,"45","5,76",7,5,4,0,1,0,1,3,0,1,10,4,6,4,4,0,8,15,51,49,0.99,1.00,1.49,0.70,2.22,43,72,36,14,14,36,57,36,72,8.28,8.00,2.80,3.10,2.70,1.53,2.60,0.00,0.00,2.10,1.67,Arena Pantanal
1720047600,Jul 03 2024 - 11:00pm,complete,N/A,Vasco da Gama,Fortaleza,Matheus Delgado Candançan,14,1.57,1.00,1.84,1.11,2,0,2,1,1,0,"45'3,63","",7,3,4,0,3,1,1,3,2,2,14,9,9,4,5,5,21,12,60,40,1.22,0.93,1.88,1.04,2.82,56,73,56,32,25,32,49,46,83,7.46,6.89,2.40,3.25,3.10,1.44,2.08,4.50,9.00,1.80,1.95,Estádio Nivaldo Pereira
1720047600,Jul 03 2024 - 11:00pm,complete,N/A,Criciúma,Cruzeiro,João Vitor Gobi,14,1.00,0.71,1.21,0.89,1,0,1,0,0,0,"46","",7,10,3,1,2,0,0,4,1,1,11,16,6,6,5,10,11,7,35,65,1.40,0.99,1.39,1.90,2.90,72,86,55,24,16,30,77,41,86,8.03,7.96,2.70,3.10,2.88,1.38,2.50,4.00,8.00,2.10,1.67,Estádio Heriberto Hülse
1720053000,Jul 04 2024 - 12:30am,complete,N/A,Atlético Mineiro,Flamengo,Ramon Abatti,14,1.17,1.71,1.47,1.68,2,4,6,2,0,2,"57,90","14,24,51,68",4,4,3,1,2,0,0,4,1,1,7,11,4,8,3,3,12,11,51,49,1.42,1.52,0.97,1.58,2.54,69,86,38,16,7,31,70,38,77,11.12,5.93,2.70,3.25,2.75,1.38,2.30,4.00,8.00,1.95,1.80,N/A
1720053000,Jul 04 2024 - 12:30am,complete,N/A,Bragantino,Atlético GO,Davi de Oliveira Lacerda,14,2.17,1.29,1.63,0.53,3,1,4,4,3,1,"6,20,45","29",3,8,1,0,3,0,1,0,2,1,10,12,5,6,5,6,15,9,52,48,1.27,1.31,1.30,1.61,2.04,63,70,41,0,0,32,86,23,55,9.86,6.14,1.83,3.40,4.50,1.30,2.10,3.28,6.25,1.95,1.80,Estádio Nabi Abi Chedid
1720053000,Jul 04 2024 - 12:30am,complete,N/A,Atlético PR,São Paulo,Alex Gomes Stefano,14,2.33,1.33,1.32,1.05,1,2,3,2,1,1,"38","33,60",6,2,1,1,2,0,0,2,0,2,10,9,4,8,6,1,19,8,45,55,1.58,1.24,1.26,1.37,2.75,59,75,58,42,9,33,75,50,75,11.17,5.16,2.38,3.10,3.20,1.42,2.30,4.33,8.50,1.95,1.80,N/A
1720130400,Jul 04 2024 - 10:00pm,complete,N/A,Grêmio,Palmeiras,Marcelo de Lima Henrique,14,1.50,2.17,1.53,1.84,2,2,4,1,1,0,"2,69","74,77",5,10,1,0,3,0,0,1,2,1,9,14,5,5,4,9,9,13,40,60,1.32,1.53,1.29,1.71,1.92,17,59,34,9,0,9,67,25,75,12.50,6.00,3.10,3.25,2.38,1.38,2.25,4.00,8.00,1.95,1.80,Arena do Grêmio
1720130400,Jul 04 2024 - 10:00pm,complete,N/A,Bahia,Juventude,Wagner do Nascimento Magalhaes,14,3.00,0.33,1.89,0.79,2,0,2,0,0,0,"59,68","",6,7,0,0,4,0,0,0,2,2,17,7,9,2,8,5,15,9,56,44,1.39,1.24,1.96,0.83,2.83,75,75,59,25,17,50,83,25,84,8.33,6.00,1.50,4.33,6.25,1.30,1.75,3.40,6.50,1.91,1.91,Arena Fonte Nova
1720134000,Jul 04 2024 - 11:00pm,complete,N/A,Fluminense,Internacional,Felipe Fernandes de Lima,14,0.86,1.67,1.53,1.42,1,1,2,2,1,1,"45'4","40",3,4,6,0,5,0,3,3,1,4,7,7,3,4,4,3,17,17,55,45,1.35,1.02,1.04,0.97,2.04,52,52,37,15,0,0,61,37,92,8.00,7.86,2.75,3.10,2.70,1.42,2.50,4.33,8.50,2.05,1.70,N/A
1720134000,Jul 04 2024 - 11:00pm,complete,N/A,Corinthians,Vitória,Gustavo Ervino Bauermann,14,1.17,0.83,2.00,1.05,3,2,5,3,2,1,"26,43,90'5","37,86",9,9,4,0,4,0,2,2,0,4,10,13,5,6,5,7,15,10,44,56,1.67,1.20,1.21,1.61,1.92,50,59,42,17,0,33,42,17,59,11.00,6.00,1.83,3.25,5.00,1.40,2.30,4.00,8.00,2.05,1.70,Arena Corinthians
1720306800,Jul 06 2024 - 11:00pm,complete,N/A,Flamengo,Cuiabá,Rodrigo José Pereira de Lima,15,2.50,1.17,2.00,0.84,1,1,2,1,0,1,"60","6",7,0,1,0,3,0,1,0,0,3,16,7,10,3,6,4,14,12,66,34,1.36,1.08,2.18,0.79,2.84,59,84,59,17,9,33,83,42,92,9.83,4.50,1.42,4.33,7.50,1.22,2.00,2.95,5.50,2.20,1.62,N/A
1720306800,Jul 06 2024 - 11:00pm,complete,N/A,São Paulo,Bragantino,Bruno Pereira Vasconcelos,15,1.86,0.86,2.05,0.68,2,0,2,0,0,0,"66,90","",6,3,2,0,2,0,0,2,1,1,7,8,4,3,3,5,10,9,59,41,1.37,1.35,1.02,0.97,2.36,64,79,50,14,0,43,79,29,72,10.72,5.43,1.95,3.40,4.00,1.36,2.30,3.75,7.50,2.05,1.70,Morumbí
1720378800,Jul 07 2024 - 7:00pm,complete,N/A,Cruzeiro,Corinthians,Alex Gomes Stefano,15,3.00,0.29,1.84,0.95,3,0,3,2,2,0,"6,45'5,48","",8,8,2,0,1,0,1,1,0,1,10,10,6,2,4,8,22,12,47,53,1.54,1.18,1.32,1.10,2.60,45,86,37,27,10,10,76,52,86,11.71,4.89,1.80,3.30,4.50,1.40,2.10,4.20,8.50,2.10,1.67,Estádio Governador Magalhães Pinto
1720378800,Jul 07 2024 - 7:00pm,complete,N/A,Fortaleza,Fluminense,Davi de Oliveira Lacerda,15,2.14,0.00,2.47,0.89,1,0,1,0,0,0,"56","",12,3,1,0,2,0,0,1,0,2,15,10,6,3,9,7,13,14,42,58,1.26,0.86,1.73,1.19,2.09,45,69,40,0,0,47,84,7,72,10.26,5.29,1.75,3.40,4.33,1.40,2.10,4.20,8.50,2.00,1.75,Estádio Governador Plácido Aderaldo Castelo
1720378800,Jul 07 2024 - 7:00pm,complete,N/A,Juventude,Grêmio,Matheus Delgado Candançan,15,2.33,0.20,1.58,0.84,3,0,3,2,2,0,"25,32,83","",3,8,1,0,3,0,0,1,0,3,12,8,6,5,6,3,14,10,49,51,1.31,1.01,1.39,1.14,2.00,55,72,29,0,0,27,74,37,64,9.57,6.70,2.38,3.00,3.00,1.45,2.30,4.75,9.50,1.95,1.80,N/A
1720386000,Jul 07 2024 - 9:00pm,complete,N/A,Internacional,Vasco da Gama,Gustavo Ervino Bauermann,15,1.60,0.00,2.00,0.79,1,2,3,0,0,0,"80","61,72",4,4,2,0,2,0,0,2,0,2,13,9,6,6,7,3,16,12,65,35,1.43,0.99,1.85,1.14,2.07,55,72,45,0,0,9,52,55,72,11.07,5.43,1.70,3.60,5.50,1.30,2.35,3.60,6.50,2.20,1.62,Estádio José Pinheiro Borda
1720387800,Jul 07 2024 - 9:30pm,complete,N/A,Vitória,Criciúma,Bruno Mota Correia,15,1.00,1.40,1.42,0.79,2,1,3,3,2,1,"31,37","43",6,3,1,0,2,0,0,1,1,1,7,8,3,3,4,5,12,18,45,55,1.10,1.17,0.86,1.04,3.10,69,86,69,42,7,27,93,59,93,5.83,5.14,2.10,3.10,3.80,1.40,2.20,4.20,8.50,1.95,1.80,Arena Fonte Nova
1720387800,Jul 07 2024 - 9:30pm,complete,N/A,Palmeiras,Bahia,Jonathan Benkenstein Pinheiro,15,1.86,0.86,2.00,0.89,2,0,2,1,1,0,"45'3,61","",4,3,1,0,1,0,0,1,1,0,10,9,4,3,6,6,15,10,44,56,1.77,1.25,1.21,1.00,2.65,65,86,58,29,0,15,64,65,86,12.29,4.86,1.70,4.20,4.33,1.28,1.65,3.30,6.00,1.67,2.10,Allianz Parque
1720387800,Jul 07 2024 - 9:30pm,complete,N/A,Atlético GO,Atlético PR,João Vitor Gobi,15,0.33,1.14,1.05,0.89,1,2,3,0,0,0,"48","50,78",4,11,1,1,4,0,0,2,0,4,8,11,3,6,5,5,11,11,43,57,1.32,1.08,1.14,1.49,2.19,48,77,34,9,0,0,69,49,93,10.76,8.71,1.95,3.30,4.20,1.42,2.15,4.10,10.00,1.95,1.80,N/A
1720395000,Jul 07 2024 - 11:30pm,complete,N/A,Botafogo,Atlético Mineiro,Rafael Rodrigo Klein,15,2.17,1.83,2.16,1.00,3,0,3,1,1,0,"13,79,90'4","",3,2,2,0,1,1,2,0,1,1,14,5,8,2,6,3,19,12,58,42,1.39,1.30,1.80,0.55,2.92,67,75,67,25,17,33,67,59,75,14.33,6.67,2.05,3.50,3.60,1.41,2.15,4.10,9.00,1.95,1.80,Estádio Nilton Santos
1720647000,Jul 10 2024 - 9:30pm,complete,N/A,Grêmio,Cruzeiro,Bruno Arleu de Araujo,16,1.43,0.63,1.53,0.89,0,2,2,2,0,2,"","15,17",1,5,1,1,1,0,1,1,0,1,6,10,3,6,3,4,9,10,45,55,1.31,1.10,1.03,1.34,2.07,34,60,34,14,7,26,67,14,81,10.49,5.70,2.50,3.30,2.80,1.43,2.25,4.32,8.75,1.95,1.80,Arena do Grêmio
1720648800,Jul 10 2024 - 10:00pm,complete,N/A,Vasco da Gama,Corinthians,Rafael Rodrigo Klein,16,1.75,0.25,1.84,0.95,2,0,2,0,0,0,"55,90'5","",7,5,3,0,5,0,2,1,2,3,8,9,3,2,5,7,15,10,50,50,1.30,1.17,1.18,0.95,2.69,44,82,44,26,13,26,69,51,82,8.51,5.51,2.15,3.00,3.80,1.50,2.20,4.50,9.50,1.95,1.80,Estádio Nivaldo Pereira
1720648800,Jul 10 2024 - 10:00pm,complete,N/A,Atlético PR,Bahia,Felipe Fernandes de Lima,16,2.00,0.75,1.32,0.89,1,3,4,2,0,2,"61","9,15,78",9,2,2,0,4,0,1,1,1,3,18,7,9,5,9,2,13,13,52,48,1.54,1.22,2.23,0.94,2.78,73,86,59,34,0,34,73,52,93,10.31,4.56,2.20,3.40,3.30,1.36,2.00,3.85,8.00,1.80,1.95,N/A
1720737000,Jul 11 2024 - 10:30pm,complete,N/A,Palmeiras,Atlético GO,Wagner do Nascimento Magalhaes,16,2.00,1.13,2.00,0.53,3,1,4,2,1,1,"6,51,53","9",-1,-1,-1,-1,-1,-1,-1,-1,-1,-1,23,11,6,3,17,8,-1,-1,64,36,1.70,1.34,2.28,1.18,1.94,38,69,25,13,0,13,69,32,57,13.00,4.63,1.36,5.00,8.50,1.28,1.80,3.20,6.25,2.10,1.67,Allianz Parque
1720738800,Jul 11 2024 - 11:00pm,complete,57500,Flamengo,Fortaleza,Edina Alves Batista,16,2.29,0.83,2.00,1.11,1,2,3,2,1,1,"39","11,63",-1,-1,-1,-1,-1,-1,-1,-1,-1,-1,12,0,4,0,8,0,-1,-1,68,32,1.48,0.94,1.27,0.04,2.37,52,84,45,9,9,23,68,30,92,11.33,4.97,1.60,3.90,6.00,1.30,1.95,3.40,6.50,1.95,1.80,N/A
1720738800,Jul 11 2024 - 11:00pm,complete,N/A,Criciúma,Fluminense,Anderson Daronco,16,1.29,0.00,1.21,0.89,1,1,2,0,0,0,"53","89",2,5,2,0,1,0,0,2,1,0,9,12,4,10,5,2,15,7,41,59,1.40,0.91,1.15,1.95,2.57,58,72,50,15,7,29,64,29,100,8.28,7.43,1.91,3.30,4.10,1.38,2.35,4.00,8.00,2.05,1.70,Estádio Heriberto Hülse
1720744200,Jul 12 2024 - 12:30am,complete,N/A,Atlético Mineiro,São Paulo,Marcelo de Lima Henrique,16,1.00,1.57,1.47,1.05,2,1,3,3,2,1,"13,45'3","18",2,6,3,0,0,1,2,1,0,1,12,8,5,4,7,4,9,13,62,38,1.35,1.26,1.45,1.05,3.07,71,93,65,36,14,43,86,50,71,9.00,6.28,2.55,3.10,2.90,1.50,2.35,5.00,10.00,2.00,1.75,N/A
1720744200,Jul 12 2024 - 12:30am,complete,N/A,Vitória,Botafogo,Ramon Abatti,16,1.25,1.75,1.42,2.00,0,1,1,0,0,0,"","62",4,5,2,0,3,0,0,2,1,2,11,12,5,4,6,8,16,24,46,54,1.07,0.96,1.32,1.29,2.82,69,82,57,26,13,38,76,50,82,8.38,7.13,3.20,3.00,2.45,1.42,2.50,4.33,8.50,2.05,1.70,Estádio Manoel Barradas
1720897200,Jul 13 2024 - 7:00pm,complete,N/A,Cruzeiro,Bragantino,Savio Pereira Sampaio,17,3.00,0.75,1.84,0.68,2,1,3,1,1,0,"8,84","90'5",1,8,2,0,2,0,1,1,2,0,9,11,4,5,5,6,11,14,53,47,1.50,1.30,1.18,1.34,2.78,57,94,53,23,9,36,86,44,82,12.17,4.75,1.96,3.31,3.48,1.38,2.25,3.87,7.15,1.95,1.80,N/A
1720897200,Jul 13 2024 - 7:00pm,complete,N/A,Bahia,Cuiabá,Davi de Oliveira Lacerda,17,3.00,1.14,1.89,0.84,1,2,3,1,0,1,"49","22,51",8,4,2,0,3,0,1,1,2,1,9,9,2,3,7,6,4,8,63,37,1.47,1.04,1.36,1.05,2.58,50,64,43,22,14,36,79,29,79,7.43,5.29,1.50,3.78,5.95,1.34,2.05,3.58,6.65,2.00,1.75,Arena Fonte Nova
1721167200,Jul 16 2024 - 10:00pm,complete,N/A,Juventude,Atlético Mineiro,Alex Gomes Stefano,17,2.43,1.57,1.58,1.00,1,1,2,2,1,1,"43","18",1,8,2,0,1,0,1,1,1,0,4,15,2,5,2,10,8,12,26,74,1.32,1.19,0.60,1.88,2.64,50,86,58,15,7,36,71,50,71,11.15,6.29,3.40,3.20,2.20,1.45,2.10,4.50,9.50,1.91,1.91,N/A
1721174400,Jul 17 2024 - 12:00am,complete,N/A,Corinthians,Criciúma,Jonathan Benkenstein Pinheiro,17,1.43,1.17,2.00,0.79,2,1,3,1,0,1,"54,62","41",5,5,1,0,0,0,0,1,0,0,11,12,6,4,5,8,10,17,54,46,1.60,1.14,1.45,1.28,2.66,63,79,63,31,7,47,79,32,70,9.79,5.71,1.85,3.40,4.50,1.36,2.08,3.75,7.50,1.95,1.80,Arena Corinthians
1721253600,Jul 17 2024 - 10:00pm,complete,N/A,Atlético GO,Vasco da Gama,Matheus Delgado Candançan,17,0.29,0.43,1.05,0.79,0,1,1,0,0,0,"","51",4,6,2,0,2,0,2,0,1,1,12,13,7,5,5,8,13,11,52,48,1.29,1.01,1.72,1.45,2.57,64,86,64,7,0,7,64,72,93,8.86,7.42,2.15,3.30,3.50,1.36,2.35,3.75,7.50,2.00,1.75,N/A
1721257200,Jul 17 2024 - 11:00pm,complete,N/A,São Paulo,Grêmio,Gustavo Ervino Bauermann,17,2.00,0.17,2.05,0.84,1,0,1,1,1,0,"10","",8,9,5,1,3,0,2,4,2,1,11,12,8,5,3,7,16,8,54,46,1.33,1.03,1.48,1.39,2.21,50,71,50,7,0,36,67,36,78,10.50,7.00,1.55,3.70,7.00,1.36,2.10,3.75,7.50,2.10,1.67,Morumbí
1721262600,Jul 18 2024 - 12:30am,complete,39750,Botafogo,Palmeiras,Anderson Daronco,17,2.29,2.00,2.16,1.84,1,0,1,0,0,0,"56","",5,4,2,0,0,0,1,1,0,0,12,12,7,5,5,7,20,10,43,57,1.44,1.55,1.57,1.43,2.57,43,71,57,22,7,15,71,57,79,13.71,5.57,2.80,3.30,2.60,1.39,2.00,3.85,3.85,1.75,2.00,Estádio Nilton Santos
1721262600,Jul 18 2024 - 12:30am,complete,24813,Fortaleza,Vitória,Rafael Rodrigo Klein,17,2.25,0.71,2.47,1.05,3,1,4,2,2,0,"25,39,55","90",1,6,4,0,3,0,2,2,2,1,9,8,4,3,5,5,19,19,48,52,1.32,1.26,1.02,0.96,2.23,61,67,41,15,7,41,66,28,61,11.84,4.70,1.65,3.75,5.50,1.36,2.10,4.00,8.00,2.05,1.70,Estádio Governador Plácido Aderaldo Castelo
1721502000,Jul 20 2024 - 7:00pm,complete,N/A,Flamengo,Criciúma,Maguielson Lima Barbosa,18,2.00,1.00,2.00,0.79,2,1,3,1,0,1,"76,89","35",7,4,4,0,9,1,0,4,1,9,13,11,6,4,7,7,12,21,63,37,1.45,1.16,1.68,1.20,2.89,81,100,75,15,0,41,94,48,93,9.86,2.85,1.33,4.60,9.00,1.22,1.70,3.00,5.50,1.95,1.80,N/A
1721511000,Jul 20 2024 - 9:30pm,complete,N/A,Botafogo,Internacional,Flavio Rodrigues De Souza,18,2.38,1.57,2.16,1.42,1,0,1,1,1,0,"38","",2,1,4,0,2,0,1,3,0,2,8,8,4,1,4,7,16,14,48,52,1.46,1.01,1.19,0.80,2.04,47,53,32,7,7,20,60,32,80,9.64,6.52,1.80,3.40,5.00,1.44,2.30,4.50,9.00,2.05,1.70,Estádio Nilton Santos
1721520000,Jul 21 2024 - 12:00am,complete,N/A,Palmeiras,Cruzeiro,Davi de Oliveira Lacerda,18,2.11,0.89,2.00,0.89,2,0,2,1,1,0,"36,90'2","",6,4,4,0,4,0,0,4,2,2,10,6,5,2,5,4,16,16,42,58,1.76,1.13,1.38,0.83,2.17,33,73,33,17,6,28,67,28,73,12.42,5.27,1.73,3.50,5.25,1.36,2.05,3.75,7.50,1.95,1.80,Allianz Parque
1721570400,Jul 21 2024 - 2:00pm,complete,N/A,Grêmio,Vitória,Savio Pereira Sampaio,18,1.25,0.63,1.53,1.05,2,0,2,0,0,0,"63,90'6","",7,4,1,0,7,0,1,0,3,4,10,3,6,0,4,3,11,20,59,41,1.28,1.22,1.45,0.39,2.38,50,69,44,26,7,38,63,32,75,10.13,5.26,1.84,3.40,4.50,1.44,2.23,3.80,9.00,2.00,1.75,Arena do Grêmio
1721588400,Jul 21 2024 - 7:00pm,complete,N/A,Atlético Mineiro,Vasco da Gama,Raphael Claus,18,1.25,0.75,1.47,0.79,2,0,2,2,2,0,"27,39","",6,1,1,0,1,0,0,1,1,0,7,6,3,1,4,5,13,6,54,46,1.36,1.07,0.95,0.77,2.63,63,88,50,13,7,32,76,44,76,9.13,6.13,1.73,3.65,4.75,1.38,2.05,4.00,8.00,1.95,1.80,N/A
1721588400,Jul 21 2024 - 7:00pm,complete,48346,Bahia,Corinthians,Felipe Fernandes de Lima,18,2.63,0.22,1.89,0.95,0,1,1,1,0,1,"","37",6,3,4,0,4,0,1,3,3,1,12,6,7,2,5,4,12,18,65,35,1.46,1.14,1.74,0.76,2.25,36,71,36,12,7,25,71,41,77,10.49,4.44,1.60,3.95,5.50,1.30,1.83,3.50,6.50,1.80,1.95,Arena Fonte Nova
1721597400,Jul 21 2024 - 9:30pm,complete,N/A,Bragantino,Atlético PR,Denis Ribeiro Serafim,18,2.29,1.38,1.63,0.89,1,0,1,1,1,0,"8","",2,11,1,1,7,0,2,0,0,7,7,15,3,7,4,8,6,14,35,65,1.27,1.14,0.98,1.99,2.30,62,81,42,7,0,29,82,20,73,11.71,7.32,1.95,3.30,4.20,1.36,2.10,3.75,7.50,1.95,1.80,Estádio Nabi Abi Chedid
1721597400,Jul 21 2024 - 9:30pm,complete,24813,Fortaleza,Atlético GO,Lucas Paulo Torezin,18,2.33,1.00,2.47,0.53,3,1,4,2,1,1,"23,62,74","45",5,6,3,1,0,0,2,2,0,0,5,3,1,0,4,3,12,11,75,25,1.28,1.33,0.49,0.22,2.11,56,67,33,17,0,39,84,28,50,11.69,4.58,1.67,3.60,5.25,1.36,2.00,3.75,7.50,1.95,1.80,Estádio Governador Plácido Aderaldo Castelo
1721597400,Jul 21 2024 - 9:30pm,complete,N/A,Juventude,São Paulo,Wilton Pereira Sampaio,18,2.25,1.38,1.58,1.05,0,0,0,0,0,0,"","",1,4,4,0,2,0,2,2,2,0,9,8,1,2,8,6,13,17,37,63,1.23,1.23,0.93,0.94,2.63,63,88,57,19,7,50,82,38,63,8.88,4.88,3.60,3.20,2.15,1.42,2.35,4.33,8.50,2.00,1.75,N/A
1721602800,Jul 21 2024 - 11:00pm,complete,13231,Cuiabá,Fluminense,Anderson Daronco,18,0.75,0.13,0.74,0.89,0,1,1,0,0,0,"","73",6,4,1,0,2,1,0,1,1,2,11,10,6,4,5,6,19,7,47,53,1.05,1.04,1.49,1.20,2.00,32,63,38,7,7,38,57,13,82,8.01,6.01,2.25,3.10,3.40,1.47,2.70,4.75,9.50,2.20,1.62,Arena Pantanal
1721858400,Jul 24 2024 - 10:00pm,complete,N/A,Criciúma,Fortaleza,Jonathan Benkenstein Pinheiro,3,1.25,1.14,1.21,1.11,1,1,2,1,1,0,"22","63",4,5,0,0,1,0,0,0,1,0,12,13,7,4,5,9,11,8,48,52,1.37,0.82,1.67,1.48,2.65,66,80,47,20,14,21,60,39,93,8.58,8.08,2.70,3.10,2.75,1.42,2.35,4.33,8.50,2.00,1.75,Estádio Heriberto Hülse
1721858400,Jul 24 2024 - 10:00pm,complete,N/A,Cruzeiro,Juventude,Maguielson Lima Barbosa,19,3.00,0.29,1.84,0.79,2,0,2,1,1,0,"45,86","",6,5,3,0,4,1,0,3,1,4,8,5,5,2,3,3,14,14,56,44,1.45,1.18,1.25,0.62,3.14,72,100,64,29,14,36,79,50,100,10.29,6.14,1.50,4.10,7.00,1.37,1.95,3.85,7.65,2.00,1.75,Estádio Governador Magalhães Pinto
1721860200,Jul 24 2024 - 10:30pm,complete,N/A,São Paulo,Botafogo,Felipe Fernandes de Lima,19,2.11,1.89,2.05,2.00,2,2,4,3,1,2,"6,60","11,22",7,1,5,0,3,0,2,3,1,2,11,10,6,6,5,4,17,22,69,31,1.35,1.00,1.45,1.23,2.28,56,73,44,11,6,39,56,39,84,10.45,7.44,2.25,3.00,3.75,1.53,2.88,4.15,8.30,2.25,1.57,Morumbí
1721862000,Jul 24 2024 - 11:00pm,complete,N/A,Vitória,Flamengo,Raphael Claus,19,1.11,1.88,1.42,1.68,1,2,3,1,0,1,"75","39,90",4,7,1,0,1,0,0,1,0,1,9,7,3,4,6,3,9,15,44,56,1.10,1.52,1.06,1.07,2.89,66,71,53,29,18,30,71,47,83,9.78,5.16,4.50,3.60,1.80,1.33,2.10,3.65,7.50,2.00,1.75,Arena Fonte Nova
1721867400,Jul 25 2024 - 12:30am,complete,N/A,Fluminense,Palmeiras,Wilton Pereira Sampaio,19,0.88,1.75,1.53,1.84,1,0,1,0,0,0,"87","",4,2,2,0,3,0,2,0,2,1,9,3,2,1,7,2,14,19,50,50,1.32,1.54,0.98,0.56,2.38,50,69,50,25,0,7,69,50,82,11.38,6.88,3.40,3.10,2.20,1.37,2.25,3.82,7.65,1.95,1.80,N/A
1721867400,Jul 25 2024 - 12:30am,complete,N/A,Atlético GO,Bahia,Luciano da Silva Miranda Filho,19,0.25,1.00,1.05,0.89,1,1,2,0,0,0,"60","90'9",8,4,4,3,4,0,2,5,2,2,13,6,4,2,9,4,18,12,30,70,1.35,1.19,1.43,0.87,2.86,76,88,71,29,0,17,64,77,100,7.92,6.71,2.88,3.20,2.60,1.37,2.10,3.85,7.65,1.80,1.95,N/A
1721948400,Jul 25 2024 - 11:00pm,complete,45180,Corinthians,Grêmio,Alex Gomes Stefano,19,1.63,0.14,2.00,0.84,2,2,4,2,1,1,"25,87","2,76",4,5,1,0,2,0,1,0,2,0,12,14,7,7,5,7,21,17,64,36,1.58,1.08,1.39,1.39,2.13,47,60,47,13,7,34,75,27,60,12.57,7.24,2.10,3.20,3.75,1.41,2.50,4.10,8.30,2.10,1.67,Arena Corinthians
1722117600,Jul 27 2024 - 10:00pm,complete,N/A,Palmeiras,Vitória,Caio Max Augusto Vieira,20,2.20,0.56,2.00,1.05,0,2,2,0,0,0,"","52,83",13,2,2,0,6,1,0,2,2,5,16,7,3,3,13,4,14,9,71,29,1.73,1.13,1.87,0.83,2.44,49,79,43,27,6,27,57,48,79,12.34,5.67,1.36,4.75,9.00,1.22,2.00,2.80,5.25,2.25,1.57,Allianz Parque
1722117600,Jul 27 2024 - 10:00pm,complete,N/A,Juventude,Criciúma,João Vitor Gobi,20,2.11,0.88,1.58,0.79,1,2,3,0,0,0,"60","57,83",5,7,1,0,2,0,0,1,1,1,9,11,5,7,4,4,13,18,59,41,1.20,1.17,1.27,1.52,2.51,66,89,55,13,0,41,84,43,72,7.00,5.19,2.20,3.20,3.50,1.38,2.25,3.80,7.50,1.95,1.80,N/A
1722121200,Jul 27 2024 - 11:00pm,complete,N/A,Bahia,Internacional,Matheus Delgado Candançan,20,2.33,1.38,1.89,1.42,1,1,2,1,1,0,"13","89",4,2,1,0,3,0,0,1,0,3,6,8,3,2,3,6,12,18,51,49,1.49,0.99,0.79,0.82,1.86,41,47,29,6,6,23,71,23,65,8.32,6.10,2.10,3.20,3.80,1.32,2.20,3.50,6.80,1.95,1.80,Arena Fonte Nova
1722126600,Jul 28 2024 - 12:30am,complete,N/A,Botafogo,Cruzeiro,Wilton Pereira Sampaio,20,2.44,0.80,2.16,0.89,0,3,3,2,0,2,"","13,37,77",8,1,2,0,4,0,1,1,2,2,15,11,10,5,5,6,14,15,59,41,1.43,1.10,2.09,1.21,2.22,37,63,37,11,11,31,69,27,74,10.60,5.56,1.90,3.30,4.33,1.38,2.40,3.95,8.00,2.20,1.62,Estádio Nilton Santos
1722126600,Jul 28 2024 - 12:30am,complete,41322,Fortaleza,São Paulo,Davi de Oliveira Lacerda,20,2.40,1.33,2.47,1.05,1,0,1,1,1,0,"4","",3,10,3,1,3,0,0,4,1,2,8,5,3,1,5,4,15,17,37,63,1.21,1.20,0.99,0.67,2.54,64,74,59,27,6,47,84,37,58,10.74,5.06,2.35,3.00,3.50,1.42,2.50,4.33,8.50,2.05,1.70,Estádio Governador Plácido Aderaldo Castelo
1722175200,Jul 28 2024 - 2:00pm,complete,N/A,Bragantino,Fluminense,Lucas Paulo Torezin,20,2.38,0.44,1.63,0.89,0,1,1,1,0,1,"","44",5,6,1,0,2,0,0,1,1,1,11,4,2,3,9,1,12,13,59,41,1.23,1.06,1.20,0.77,2.20,54,66,48,7,0,42,72,12,75,8.27,6.28,1.80,3.40,4.33,1.33,2.00,3.50,7.00,1.80,1.95,Estádio Nabi Abi Chedid
1722193200,Jul 28 2024 - 7:00pm,complete,N/A,Flamengo,Atlético GO,Gustavo Ervino Bauermann,20,2.11,0.90,2.00,0.53,2,0,2,1,1,0,"19,61","",6,3,3,0,2,0,1,2,2,0,10,8,6,3,4,5,9,12,53,47,1.47,1.22,1.44,1.07,2.49,69,85,54,15,0,37,85,42,75,12.33,3.50,1.33,5.00,10.00,1.22,1.70,2.90,5.50,2.10,1.67,N/A
1722204000,Jul 28 2024 - 10:00pm,complete,N/A,Grêmio,Vasco da Gama,Paulo Cesar Zanovelli,20,1.44,0.67,1.53,0.79,1,0,1,0,0,0,"57","",8,3,3,0,3,0,1,2,1,2,10,8,3,1,7,7,13,13,53,47,1.30,1.03,1.31,0.73,2.11,33,73,33,6,0,22,67,33,78,9.77,4.88,2.15,3.25,3.60,1.38,2.20,3.80,7.50,1.95,1.80,Arena do Grêmio
1722204000,Jul 28 2024 - 10:00pm,complete,N/A,Atlético Mineiro,Corinthians,Bruno Arleu de Araujo,20,1.44,0.50,1.47,0.95,2,1,3,2,1,1,"31,84","39",4,4,2,1,4,0,1,2,0,4,8,10,4,7,4,3,17,16,68,32,1.32,1.11,1.12,1.35,2.45,44,85,32,16,6,33,80,37,63,9.46,5.82,1.73,3.50,5.25,1.33,2.15,3.75,7.00,2.00,1.75,N/A
1722204000,Jul 28 2024 - 10:00pm,complete,N/A,Cuiabá,Atlético PR,Jefferson Ferreira de Moraes,20,0.67,1.22,0.74,0.89,1,2,3,1,0,1,"90'7","11,90'4",12,2,0,0,2,0,0,0,0,2,15,8,4,4,11,4,8,12,50,50,1.10,1.23,1.81,1.07,1.84,28,62,22,6,6,17,62,17,73,11.77,7.22,2.60,3.00,3.00,1.44,2.60,4.50,9.00,2.10,1.67,Arena Pantanal
1722711600,Aug 03 2024 - 7:00pm,complete,N/A,Vitória,Cuiabá,João Vitor Gobi,21,1.00,1.38,1.42,0.84,1,0,1,0,0,0,"71","",4,5,3,0,3,0,1,2,0,3,11,6,3,2,8,4,16,17,47,53,1.09,1.04,1.26,0.83,2.84,62,73,55,28,12,23,84,44,84,6.43,5.85,2.70,2.90,2.90,1.50,2.88,5.25,10.00,2.20,1.62,Arena Fonte Nova
1722722400,Aug 03 2024 - 10:00pm,complete,N/A,Vasco da Gama,Bragantino,Gustavo Ervino Bauermann,21,1.89,0.67,1.84,0.68,2,2,4,1,0,1,"50,60","5,89",4,3,4,0,1,0,2,2,0,1,7,6,3,3,4,3,8,18,64,36,1.29,1.31,1.12,0.76,2.78,62,89,50,22,11,33,73,56,78,9.11,5.55,2.02,3.25,3.45,1.38,2.15,3.95,8.00,1.50,2.50,Estádio Nivaldo Pereira
1722726000,Aug 03 2024 - 11:00pm,complete,N/A,Atlético GO,Botafogo,Felipe Fernandes de Lima,21,0.33,1.80,1.05,2.00,1,4,5,2,1,1,"43","21,68,81,88",3,7,4,1,2,1,0,5,1,2,5,10,3,9,2,1,17,14,48,52,1.36,1.02,0.91,1.49,2.52,69,79,53,16,5,25,52,59,95,8.97,8.89,3.40,3.20,2.05,1.40,2.30,4.20,8.50,1.95,1.80,N/A
1722726000,Aug 03 2024 - 11:00pm,complete,15642,Criciúma,Atlético Mineiro,Jonathan Benkenstein Pinheiro,21,1.22,1.50,1.21,1.00,2,1,3,0,0,0,"58,66","90'5",5,1,1,0,2,0,0,1,0,2,9,16,5,3,4,13,13,7,28,72,1.40,1.28,1.08,1.59,2.95,76,89,60,24,12,25,71,60,82,10.72,7.41,2.88,3.15,2.31,1.38,2.35,4.20,8.00,1.95,1.80,Estádio Heriberto Hülse
1722731400,Aug 04 2024 - 12:30am,complete,N/A,São Paulo,Flamengo,Rafael Rodrigo Klein,21,2.00,2.00,2.05,1.68,1,0,1,0,0,0,"61","",8,3,1,0,3,0,1,0,0,3,12,5,3,0,9,5,11,13,59,41,1.36,1.47,1.33,0.53,2.65,64,74,53,21,11,37,64,43,85,12.01,5.72,2.57,3.10,2.70,1.50,2.35,4.33,8.50,2.20,1.62,Morumbí
1722798000,Aug 04 2024 - 7:00pm,complete,N/A,Fluminense,Bahia,Davi de Oliveira Lacerda,21,1.11,1.00,1.53,0.89,1,0,1,1,1,0,"45","",3,3,3,0,2,0,2,1,0,2,11,9,6,3,5,6,12,10,49,51,1.28,1.16,1.50,1.01,2.72,79,84,57,31,0,21,69,62,95,8.37,6.39,2.10,3.25,3.70,1.33,2.20,3.60,7.00,1.95,1.80,N/A
1722798000,Aug 04 2024 - 7:00pm,complete,N/A,Corinthians,Juventude,Lucas Paulo Torezin,21,1.56,0.25,2.00,0.79,1,1,2,1,0,1,"48","4",11,3,2,0,7,3,1,1,2,8,24,4,10,3,14,1,16,15,64,36,1.56,1.11,2.76,0.55,2.72,66,84,53,29,12,41,71,36,84,10.80,6.99,1.73,3.40,4.75,1.38,2.20,4.00,8.00,2.05,1.70,Arena Corinthians
1722798000,Aug 04 2024 - 7:00pm,complete,N/A,Atlético PR,Grêmio,Matheus Delgado Candançan,21,1.75,0.25,1.32,0.84,0,2,2,2,0,2,"","18,21",9,0,2,0,0,0,1,1,0,0,13,7,3,7,10,0,12,12,75,25,1.62,1.12,1.64,1.07,2.44,57,69,50,26,0,44,82,38,76,12.25,6.01,1.73,3.75,4.50,1.38,2.10,4.00,8.00,2.00,1.75,N/A
1722801600,Aug 04 2024 - 8:00pm,complete,N/A,Internacional,Palmeiras,Wagner do Nascimento Magalhaes,21,1.33,1.56,2.00,1.84,1,1,2,1,1,0,"31","89",4,11,2,0,0,0,2,0,0,0,10,11,7,5,3,6,19,6,41,59,1.50,1.43,1.49,1.55,2.06,45,62,47,11,0,0,37,56,73,12.11,5.28,2.35,3.20,3.10,1.44,2.50,4.50,9.00,2.10,1.67,Estádio José Pinheiro Borda
1722902400,Aug 06 2024 - 12:00am,complete,N/A,Cruzeiro,Fortaleza,Alex Gomes Stefano,21,3.00,1.13,1.84,1.11,1,2,3,3,1,2,"15","9,42",5,1,4,0,4,0,0,4,3,1,12,7,7,4,5,3,18,17,69,31,1.43,0.90,1.70,0.90,2.63,50,88,51,19,13,25,76,32,94,10.68,5.93,1.83,3.50,4.50,1.44,2.25,4.50,9.00,2.05,1.70,N/A
1723316400,Aug 10 2024 - 7:00pm,complete,N/A,Fortaleza,Criciúma,Kleber Ariel Gonçalves da Silva,22,2.45,1.11,2.47,0.79,1,0,1,0,0,0,"47","",4,6,2,0,4,0,1,1,1,3,11,9,4,2,7,7,16,13,51,49,1.19,1.21,1.19,0.93,2.65,72,82,63,20,0,39,90,47,72,9.44,5.40,1.73,3.50,5.75,1.28,2.10,3.22,6.05,2.00,1.75,Estádio Governador Plácido Aderaldo Castelo
1723327200,Aug 10 2024 - 10:00pm,complete,N/A,Cuiabá,Grêmio,Bruno Pereira Vasconcelos,22,0.60,0.56,0.74,0.84,1,3,4,1,0,1,"52","23,64,86",-1,-1,1,0,1,0,0,1,0,1,-1,-1,-1,-1,-1,-1,-1,-1,-1,-1,1.17,1.11,0.00,0.00,2.11,37,64,42,11,5,37,75,27,63,9.99,6.02,2.35,3.00,3.30,1.50,2.70,4.40,8.70,2.20,1.62,Arena Pantanal
1723336200,Aug 11 2024 - 12:30am,complete,N/A,Cruzeiro,Atlético Mineiro,Raphael Claus,22,2.67,1.33,1.84,1.00,0,0,0,0,0,0,"","",4,4,3,0,1,0,1,2,0,1,5,8,1,4,4,4,19,12,35,65,1.46,1.31,0.59,1.04,3.00,62,95,73,22,11,33,78,56,78,12.00,6.11,2.20,3.00,3.65,1.36,1.80,3.75,7.50,2.05,1.70,Estádio Governador Magalhães Pinto
1723336200,Aug 11 2024 - 12:30am,complete,N/A,Vasco da Gama,Fluminense,Anderson Daronco,22,1.80,0.70,1.84,0.89,2,0,2,1,1,0,"23,65","",6,3,3,0,3,0,1,2,1,2,6,12,3,3,3,9,23,12,43,57,1.27,1.03,0.85,1.29,2.50,45,70,45,20,10,30,55,40,90,7.90,6.10,2.80,2.95,2.75,1.40,2.00,4.20,8.00,2.10,1.67,Estádio Nilton Santos
1723336200,Aug 11 2024 - 12:30am,complete,N/A,Corinthians,Bragantino,Felipe Fernandes de Lima,22,1.50,0.70,2.00,0.68,1,1,2,1,0,1,"90'4","39",7,6,4,0,6,0,1,3,0,6,14,9,5,6,9,3,11,18,63,37,1.68,1.25,1.82,1.20,2.50,65,80,50,25,5,35,80,40,70,12.20,5.10,2.15,3.10,3.60,1.38,1.95,4.00,8.00,1.95,1.80,N/A
1723384800,Aug 11 2024 - 2:00pm,complete,N/A,Juventude,Botafogo,Flavio Rodrigues De Souza,22,1.90,1.91,1.58,2.00,3,2,5,2,2,0,"9,45'4,48","69,81",6,12,3,0,5,0,2,1,2,3,11,18,8,10,3,8,10,14,37,63,1.21,1.06,1.44,2.30,2.41,62,81,43,14,9,48,62,38,76,8.65,6.30,3.60,3.25,2.15,1.40,2.20,4.20,8.00,1.95,1.80,N/A
1723402800,Aug 11 2024 - 7:00pm,complete,N/A,Bahia,Vitória,Braulio da Silva Machado,22,2.20,0.80,1.89,1.05,2,0,2,1,1,0,"15,90'7","",3,7,3,0,4,0,0,3,1,3,5,8,3,5,2,3,10,13,57,43,1.42,1.10,0.77,1.16,2.40,55,70,45,20,10,35,60,45,75,9.80,5.70,1.65,3.60,6.00,1.33,2.25,3.60,7.00,2.20,1.62,Arena Fonte Nova
1723402800,Aug 11 2024 - 7:00pm,complete,N/A,Flamengo,Palmeiras,Wilton Pereira Sampaio,22,2.20,1.50,2.00,1.84,1,1,2,0,0,0,"69","87",4,2,1,0,3,1,1,0,2,2,9,9,7,7,2,2,15,21,52,48,1.47,1.44,1.38,1.32,2.35,50,80,50,10,0,15,75,40,90,13.49,4.17,1.80,3.40,4.75,1.33,2.00,3.60,7.00,1.91,1.91,N/A
1723402800,Aug 11 2024 - 7:00pm,complete,46600,São Paulo,Atlético GO,Davi de Oliveira Lacerda,22,2.09,0.82,2.05,0.53,1,0,1,1,1,0,"15","",3,2,1,0,2,0,0,1,0,2,9,11,7,6,2,5,15,8,45,55,1.35,1.20,1.33,1.45,2.23,50,69,41,23,0,36,69,32,69,11.19,5.27,1.60,3.75,6.25,1.36,2.20,3.75,7.50,2.20,1.62,Morumbí
1723413600,Aug 11 2024 - 10:00pm,complete,N/A,Internacional,Atlético PR,Paulo Cesar Zanovelli,22,1.29,1.40,2.00,0.89,2,2,4,2,1,1,"12,90'6","39,50",9,0,1,0,2,0,0,1,2,0,12,9,4,5,8,4,18,13,54,46,1.50,1.21,1.53,1.18,1.95,56,71,32,0,0,0,50,44,76,12.61,6.33,1.90,3.25,4.75,1.49,2.25,4.15,8.20,2.00,1.75,Estádio José Pinheiro Borda
1723674600,Aug 14 2024 - 10:30pm,complete,N/A,Internacional,Juventude,Gustavo Ervino Bauermann,6,1.25,0.33,2.00,0.79,2,1,3,1,0,1,"58,81","45'4",8,1,2,0,4,0,0,2,0,4,17,7,10,3,7,4,19,17,48,52,1.50,1.05,2.17,0.78,2.57,77,88,47,18,6,23,58,48,88,10.13,6.92,1.53,4.33,5.75,1.36,1.85,3.79,7.59,2.00,1.75,Estádio José Pinheiro Borda
1723921200,Aug 17 2024 - 7:00pm,complete,N/A,Grêmio,Bahia,Matheus Delgado Candançan,23,1.60,0.91,1.53,0.89,0,2,2,1,0,1,"","45,76",1,5,4,0,1,0,0,4,0,1,10,8,5,5,5,3,10,10,40,60,1.30,1.15,1.36,1.20,2.41,51,76,42,23,0,24,67,47,86,9.34,4.95,2.38,3.25,3.10,1.33,2.08,3.64,7.10,1.80,1.95,Arena do Grêmio
1723921200,Aug 17 2024 - 7:00pm,complete,N/A,Atlético Mineiro,Cuiabá,Davi de Oliveira Lacerda,23,1.60,1.22,1.47,0.84,1,1,2,2,1,1,"11","44",8,6,4,0,5,0,2,2,1,4,11,8,4,6,7,2,13,14,60,40,1.30,1.02,1.33,1.13,2.79,63,84,47,21,11,41,84,32,75,7.39,6.42,1.60,3.80,6.00,1.40,2.20,4.33,8.50,2.20,1.62,N/A
1723930200,Aug 17 2024 - 9:30pm,complete,N/A,Bragantino,Fortaleza,Alex Gomes Stefano,23,2.11,1.33,1.63,1.11,1,2,3,2,1,1,"38","26,90",9,2,3,0,4,0,0,3,1,3,11,9,9,7,2,2,19,13,61,39,1.23,0.90,1.87,1.34,2.33,62,73,50,11,6,39,84,11,61,8.44,6.72,2.25,3.30,3.30,1.33,2.10,3.58,7.00,1.91,1.91,Estádio Nabi Abi Chedid
1723939200,Aug 18 2024 - 12:00am,complete,N/A,Fluminense,Corinthians,Braulio da Silva Machado,23,1.30,0.45,1.53,0.95,0,0,0,0,0,0,"","",6,2,3,0,1,0,1,2,1,0,10,7,4,3,6,4,10,17,56,44,1.30,1.13,1.29,0.92,2.15,44,67,34,15,0,14,72,38,77,9.32,6.53,1.98,3.40,3.95,1.53,2.25,4.50,9.00,2.25,1.57,N/A
1724007600,Aug 18 2024 - 7:00pm,complete,N/A,Palmeiras,São Paulo,Raphael Claus,23,2.00,1.20,2.00,1.05,2,1,3,0,0,0,"55,90'12","72",6,1,4,1,2,2,1,4,1,3,18,8,8,4,10,4,17,12,53,47,1.74,1.15,2.03,0.97,2.39,44,76,49,24,5,25,72,43,66,13.10,5.10,1.85,3.40,4.33,1.39,2.30,4.10,8.00,2.05,1.70,Allianz Parque
1724007600,Aug 18 2024 - 7:00pm,complete,N/A,Atlético GO,Internacional,Flavio Rodrigues De Souza,23,0.30,1.33,1.05,1.42,1,0,1,0,0,0,"68","",4,7,3,0,0,0,1,2,0,0,9,11,5,6,4,5,11,6,42,58,1.31,0.97,1.29,1.57,2.13,57,62,36,10,5,11,59,46,84,7.28,8.78,3.10,3.10,2.45,1.42,2.30,4.50,9.00,1.95,1.80,N/A
1724007600,Aug 18 2024 - 7:00pm,complete,N/A,Criciúma,Vasco da Gama,Paulo Cesar Zanovelli,23,1.40,0.60,1.21,0.79,2,2,4,3,1,2,"6,90'4","36,45'4",9,10,3,0,2,0,2,1,0,2,18,9,8,4,10,5,15,7,50,50,1.37,1.00,1.99,1.15,2.50,65,80,45,10,5,15,60,50,90,8.50,6.00,2.30,3.25,3.25,1.36,2.15,3.75,7.50,1.91,1.91,Estádio Heriberto Hülse
1724016600,Aug 18 2024 - 9:30pm,complete,N/A,Botafogo,Flamengo,Bruno Arleu de Araujo,23,2.20,1.80,2.16,1.68,4,1,5,2,1,1,"3,54,84,90'4","24",5,2,4,0,2,0,1,3,0,2,16,8,9,4,7,4,17,7,54,46,1.50,1.38,2.00,1.03,2.60,55,65,50,15,15,30,65,45,85,12.00,4.80,2.60,3.20,2.80,1.40,2.15,4.20,8.00,1.91,1.91,Estádio Nilton Santos
1724016600,Aug 18 2024 - 9:30pm,complete,N/A,Atlético PR,Juventude,João Vitor Gobi,23,1.56,0.30,1.32,0.79,1,2,3,2,1,1,"39","30,68",10,4,4,0,2,0,1,3,1,1,17,7,7,5,10,2,17,10,60,40,1.63,1.02,1.93,0.99,2.73,68,89,47,27,5,43,79,37,89,10.70,6.93,1.55,4.00,6.25,1.33,2.05,3.75,7.00,2.10,1.67,N/A
1724108400,Aug 19 2024 - 11:00pm,complete,N/A,Vitória,Cruzeiro,Marcelo de Lima Henrique,23,1.18,1.00,1.42,0.89,2,2,4,2,2,0,"25,29","78,84",4,7,1,1,3,0,1,1,0,3,11,20,6,12,5,8,10,13,30,70,1.11,1.11,1.32,2.64,2.41,41,69,46,18,9,32,73,27,78,8.09,5.73,2.88,2.95,2.25,1.42,2.29,4.30,8.50,2.10,1.67,Estádio Manoel Barradas
1724526000,Aug 24 2024 - 7:00pm,complete,N/A,Atlético GO,Juventude,Bruno Pereira Vasconcelos,24,0.55,0.55,1.05,0.79,2,1,3,0,0,0,"47,90'11","90'1",4,6,4,1,5,1,2,3,3,3,14,8,7,3,7,5,18,10,40,60,1.31,1.02,1.61,0.99,2.73,73,87,55,18,9,23,64,55,100,8.18,9.18,1.85,3.40,4.50,1.38,2.08,4.00,8.00,1.95,1.80,N/A
1724535000,Aug 24 2024 - 9:30pm,complete,N/A,Palmeiras,Cuiabá,Alex Gomes Stefano,24,2.08,1.20,2.00,0.84,5,0,5,4,4,0,"15,27,32,45'2,56","",7,1,1,0,1,0,0,1,0,1,12,7,9,3,3,4,16,6,58,42,1.76,1.03,1.70,0.82,2.43,47,77,37,19,5,19,69,40,82,11.11,6.22,1.50,4.00,7.00,1.36,2.05,4.00,8.00,2.10,1.67,Allianz Parque
1724544000,Aug 25 2024 - 12:00am,complete,N/A,Atlético Mineiro,Fluminense,Flavio Rodrigues De Souza,24,1.55,0.64,1.47,0.89,0,2,2,1,0,1,"","23,59",5,2,5,0,3,0,2,3,1,2,14,7,0,6,14,1,19,7,61,39,1.30,1.05,1.27,1.07,2.32,50,78,36,9,5,46,73,18,73,8.82,6.00,1.91,3.20,4.75,1.36,2.60,3.92,7.70,2.20,1.62,Estádio Governador Magalhães Pinto
1724612400,Aug 25 2024 - 7:00pm,complete,N/A,Bahia,Botafogo,Ramon Abatti,24,2.27,1.75,1.89,2.00,0,0,0,0,0,0,"","",4,7,4,0,4,0,3,1,2,2,17,9,7,5,10,4,19,21,53,47,1.36,1.17,1.90,1.20,2.59,60,74,47,21,17,43,75,39,83,10.26,6.26,2.30,3.30,3.20,1.36,2.05,3.60,7.00,1.80,1.95,Arena Fonte Nova
1724612400,Aug 25 2024 - 7:00pm,complete,N/A,Fortaleza,Corinthians,Felipe Fernandes de Lima,24,2.50,0.50,2.47,0.95,1,0,1,0,0,0,"77","",3,9,3,0,3,0,1,2,1,2,8,6,5,4,3,2,14,16,45,55,1.19,1.11,1.10,0.92,2.00,38,63,29,13,0,30,75,29,63,10.41,5.25,1.80,3.40,5.00,1.39,2.25,4.10,8.00,2.05,1.70,Estádio Governador Plácido Aderaldo Castelo
1724612400,Aug 25 2024 - 7:00pm,complete,N/A,Criciúma,Grêmio,Lucas Paulo Torezin,24,1.36,0.80,1.21,0.84,0,1,1,0,0,0,"","86",6,9,2,0,1,0,1,1,1,0,13,7,4,4,9,3,15,8,47,53,1.43,1.11,1.43,1.17,2.70,71,81,53,24,5,29,77,48,80,9.62,6.45,2.50,3.25,2.90,1.38,2.20,3.80,8.00,1.95,1.80,Estádio Heriberto Hülse
1724621400,Aug 25 2024 - 9:30pm,complete,N/A,São Paulo,Vitória,Wilton Pereira Sampaio,24,2.17,0.73,2.05,1.05,2,1,3,2,2,0,"6,30","61",4,3,0,0,2,0,0,0,0,2,8,8,3,4,5,4,7,8,58,42,1.35,1.10,1.00,1.04,2.32,49,70,44,22,5,35,52,40,79,10.56,6.72,1.75,3.50,5.00,1.42,2.35,4.50,9.00,2.20,1.62,Morumbí
1724623200,Aug 25 2024 - 10:00pm,complete,N/A,Internacional,Cruzeiro,Matheus Delgado Candançan,24,1.44,1.00,2.00,0.89,1,0,1,0,0,0,"70","",12,3,3,0,2,0,2,1,0,2,17,5,9,3,8,2,12,9,44,56,1.57,1.24,2.10,0.73,2.33,56,77,49,14,4,31,60,42,77,10.83,5.30,1.91,3.20,4.50,1.47,2.60,4.75,9.50,2.25,1.57,Estádio José Pinheiro Borda
1724626800,Aug 25 2024 - 11:00pm,complete,N/A,Flamengo,Bragantino,N/A,24,2.09,0.73,2.00,0.68,2,1,3,1,1,0,"16,59","57",-1,-1,-1,-1,-1,-1,-1,-1,-1,-1,-1,-1,-1,-1,-1,-1,-1,-1,-1,-1,1.46,1.25,0.00,0.00,2.55,73,96,50,9,0,27,87,45,87,11.78,4.05,1.65,3.60,6.00,1.28,2.05,3.25,6.25,2.00,1.75,N/A
1724716800,Aug 27 2024 - 12:00am,complete,N/A,Vasco da Gama,Atlético PR,Jonathan Benkenstein Pinheiro,24,1.91,1.36,1.84,0.89,2,1,3,1,0,1,"68,86","24",4,5,0,0,2,1,0,0,2,1,6,8,5,4,1,4,10,11,46,54,1.23,1.21,1.21,1.33,2.59,50,82,41,23,9,18,69,50,87,10.27,7.09,2.14,3.35,3.50,1.36,2.10,3.75,7.50,1.95,1.80,Estádio Club de Regatas Vasco da Gama
1724884200,Aug 28 2024 - 10:30pm,complete,N/A,Cruzeiro,Internacional,Bruno Arleu de Araujo,5,2.50,1.20,1.84,1.42,0,0,0,0,0,0,"","",10,3,2,0,7,1,1,1,3,5,16,1,4,0,12,1,12,13,69,31,1.37,1.03,1.85,0.27,2.10,45,65,35,10,5,20,70,25,75,9.10,6.10,2.30,3.25,3.25,1.52,2.40,5.00,10.00,2.05,1.70,Estádio Governador Magalhães Pinto
1724884200,Aug 28 2024 - 10:30pm,complete,N/A,Criciúma,Bragantino,André Luis Skettino Policarpo Bento,19,1.25,0.67,1.21,0.68,1,0,1,1,1,0,"37","",6,8,3,0,3,0,3,0,1,2,8,15,2,6,6,9,17,15,49,51,1.43,1.25,1.02,1.77,2.71,79,88,50,21,4,21,75,50,88,10.01,5.78,2.30,3.30,3.10,1.36,2.10,4.50,9.00,1.91,1.91,Estádio Heriberto Hülse
1725139800,Aug 31 2024 - 9:30pm,complete,N/A,Cuiabá,Criciúma,Rodrigo José Pereira de Lima,25,0.55,1.00,0.74,0.79,2,1,3,1,0,1,"57,67","35",5,5,4,0,0,0,0,4,0,0,15,9,3,3,12,6,16,9,45,55,1.17,1.18,1.55,1.12,2.54,58,77,63,19,5,29,72,44,82,8.80,5.44,1.95,3.30,4.20,1.37,2.30,3.92,7.70,2.00,1.75,Arena Pantanal
1725148800,Sep 01 2024 - 12:00am,complete,N/A,Botafogo,Fortaleza,Flavio Rodrigues De Souza,25,2.27,1.50,2.16,1.11,2,0,2,0,0,0,"73,90'1","",9,6,3,0,4,0,1,2,1,3,15,6,7,1,8,5,13,8,64,36,1.54,0.94,2.00,0.70,2.52,53,72,53,14,14,38,72,28,81,9.87,6.20,1.62,3.80,5.50,1.36,2.08,3.75,7.50,2.05,1.70,Estádio Nilton Santos
1725199200,Sep 01 2024 - 2:00pm,complete,N/A,Grêmio,Atlético Mineiro,Raphael Claus,25,1.45,1.30,1.53,1.00,2,3,5,2,2,0,"32,42","73,90'3,90'6",5,9,1,1,3,0,1,1,2,1,10,21,5,13,5,8,11,17,28,72,1.30,1.29,1.14,2.73,2.31,39,72,44,15,5,24,62,39,71,10.97,5.84,2.20,3.10,3.75,1.35,2.40,4.20,6.50,2.00,1.75,Arena do Grêmio
1725199200,Sep 01 2024 - 2:00pm,complete,N/A,Cruzeiro,Atlético GO,Gustavo Ervino Bauermann,25,2.36,0.75,1.84,0.53,3,1,4,3,2,1,"9,25,56","33",8,3,2,0,5,0,0,2,1,4,9,15,6,4,3,11,13,7,49,51,1.42,1.22,1.29,1.58,2.31,48,75,44,22,5,30,78,35,62,11.09,4.64,1.65,3.75,5.50,1.35,2.35,3.80,7.50,2.20,1.62,Estádio Governador Magalhães Pinto
1725217200,Sep 01 2024 - 7:00pm,complete,N/A,Corinthians,Flamengo,Ramon Abatti,25,1.45,1.64,2.00,1.68,2,1,3,2,1,1,"26,60","37",5,2,5,2,4,1,2,5,2,3,10,8,4,3,6,5,18,18,43,57,1.69,1.35,1.26,1.03,2.68,69,73,50,27,18,36,69,41,82,12.54,5.36,3.10,3.25,2.25,1.44,2.20,4.50,9.00,2.10,1.67,Arena Corinthians
1725226200,Sep 01 2024 - 9:30pm,complete,N/A,Vitória,Vasco da Gama,Luiz Flavio De Oliveira,25,1.17,0.64,1.42,0.79,0,1,1,0,0,0,"","72",10,3,4,0,1,0,0,4,0,1,14,8,5,6,9,2,7,7,47,53,1.13,1.02,1.67,1.15,2.51,52,70,52,21,4,26,70,43,83,8.56,5.12,2.25,3.20,3.40,1.40,2.30,4.33,8.50,2.00,1.75,Estádio Manoel Barradas
1725226200,Sep 01 2024 - 9:30pm,complete,N/A,Fluminense,São Paulo,Paulo Cesar Zanovelli,25,1.27,1.09,1.53,1.05,2,0,2,1,1,0,"31,90'1","",5,4,4,0,4,0,0,4,3,1,8,10,5,3,3,7,13,16,44,56,1.30,1.13,1.11,1.11,2.32,60,64,55,23,5,23,69,41,64,9.28,6.55,2.40,2.88,3.40,1.55,2.88,4.70,7.20,2.25,1.57,N/A
1725226200,Sep 01 2024 - 9:30pm,complete,N/A,Bragantino,Bahia,Davi de Oliveira Lacerda,25,1.90,1.08,1.63,0.89,2,1,3,0,0,0,"64,90'5","72",5,10,2,0,3,0,2,0,2,1,14,13,6,6,8,7,8,13,30,70,1.29,1.15,1.63,1.77,2.62,73,81,59,22,0,38,88,39,71,8.65,5.53,2.25,3.40,3.20,1.33,2.00,3.40,6.50,1.80,1.95,Estádio Nabi Abi Chedid
1725226200,Sep 01 2024 - 9:30pm,complete,N/A,Atlético PR,Palmeiras,Braulio da Silva Machado,25,1.40,1.45,1.32,1.84,0,2,2,1,0,1,"","8,58",4,4,2,0,1,0,2,0,0,1,13,13,9,10,4,3,10,9,47,53,1.66,1.43,1.84,1.85,2.35,48,72,43,24,0,30,68,38,81,13.48,5.14,3.30,3.50,2.15,1.36,1.95,4.00,1.02,1.80,1.95,N/A
1725226200,Sep 01 2024 - 9:30pm,complete,N/A,Juventude,Internacional,Marcelo de Lima Henrique,25,2.00,1.18,1.58,1.42,1,3,4,2,0,2,"90'2","30,34,59",6,4,1,1,2,0,1,1,1,1,12,16,5,8,7,8,13,17,37,63,1.23,0.96,1.39,1.98,1.82,46,59,23,5,5,27,60,23,64,7.45,6.18,3.30,3.25,2.25,1.40,2.20,4.20,8.00,1.95,1.80,N/A
1725577200,Sep 05 2024 - 11:00pm,complete,N/A,Cuiabá,Juventude,Felipe Fernandes de Lima,16,0.75,0.50,0.74,0.79,0,0,0,0,0,0,"","",3,3,3,0,1,0,0,3,0,1,7,9,3,3,4,6,17,11,53,47,1.21,1.02,0.94,1.02,2.59,63,84,54,17,8,29,71,38,88,9.01,7.25,1.95,3.70,3.50,1.43,2.35,4.45,8.80,2.00,1.75,Arena Pantanal
1726093800,Sep 11 2024 - 10:30pm,complete,N/A,Internacional,Fortaleza,Gustavo Ervino Bauermann,19,1.60,1.36,2.00,1.11,2,1,3,2,1,1,"21,84","45'2",8,3,2,0,4,1,1,1,2,3,11,9,7,1,4,8,19,9,61,39,1.63,0.92,1.58,0.84,2.28,63,76,48,10,5,23,52,39,81,10.90,5.90,2.00,3.30,3.90,1.40,2.35,4.80,10.00,2.10,1.67,Estádio José Pinheiro Borda
1726340400,Sep 14 2024 - 7:00pm,complete,N/A,Atlético GO,Vitória,Edina Alves Batista,26,0.75,0.67,1.05,1.05,0,2,2,1,0,1,"","13,78",9,5,3,0,6,0,1,2,3,3,9,6,4,4,5,2,14,14,64,36,1.33,1.10,1.05,0.75,2.58,63,79,54,21,8,25,46,63,92,9.00,8.33,2.05,3.25,3.60,1.39,2.25,4.10,8.00,2.05,1.70,N/A
1726349400,Sep 14 2024 - 9:30pm,complete,N/A,Atlético PR,Fortaleza,Davi de Oliveira Lacerda,26,1.27,1.25,1.32,1.11,1,1,2,2,1,1,"29","14",14,4,2,0,2,0,0,2,1,1,19,8,9,3,10,5,13,10,55,45,1.67,0.91,2.29,0.92,2.49,57,83,48,18,4,49,75,22,83,10.91,6.18,1.95,3.60,3.80,1.44,2.00,4.50,9.50,1.80,1.95,N/A
1726358400,Sep 15 2024 - 12:00am,complete,N/A,Botafogo,Corinthians,Anderson Daronco,26,2.33,0.46,2.16,0.95,2,1,3,1,1,0,"39,67","63",6,3,1,0,3,0,0,1,0,3,14,9,10,2,4,7,12,8,57,43,1.58,1.10,2.03,0.92,2.22,33,65,37,13,9,24,65,41,76,11.25,5.29,1.57,3.80,6.25,1.33,2.10,3.58,7.00,2.10,1.67,Estádio Nilton Santos
1726426800,Sep 15 2024 - 7:00pm,complete,N/A,Palmeiras,Criciúma,N/A,26,2.15,0.91,2.00,0.79,5,0,5,3,3,0,"1,14,18,52,77","",4,6,0,1,1,0,0,1,0,1,14,14,8,5,6,9,12,11,53,47,1.76,1.17,1.74,1.59,2.69,57,88,60,21,4,21,72,55,88,11.65,5.22,1.31,5.00,8.96,1.21,1.70,2.72,4.90,2.00,1.75,Allianz Parque
1726426800,Sep 15 2024 - 7:00pm,complete,N/A,Bragantino,Grêmio,Bruno Arleu de Araujo,26,2.00,1.00,1.63,0.84,2,2,4,2,1,1,"44,63","29,53",6,7,5,0,1,0,2,3,0,1,15,7,6,4,9,3,12,7,47,53,1.32,1.12,1.68,1.03,2.36,59,69,55,14,0,41,87,27,60,10.21,5.91,2.10,3.25,3.44,1.33,2.09,3.66,7.10,1.91,1.91,N/A
1726426800,Sep 15 2024 - 7:00pm,complete,N/A,Juventude,Fluminense,Flavio Rodrigues De Souza,26,1.83,0.83,1.58,0.89,2,1,3,1,0,1,"81,84","27",8,5,5,0,4,0,2,3,1,3,9,6,5,1,4,5,8,9,53,47,1.24,1.05,1.43,0.69,2.13,42,71,34,9,4,38,63,25,80,8.25,5.17,2.97,3.00,2.47,1.42,2.47,4.60,9.50,2.05,1.70,N/A
1726435800,Sep 15 2024 - 9:30pm,complete,N/A,Cruzeiro,São Paulo,Wilton Pereira Sampaio,26,2.42,1.00,1.84,1.05,0,1,1,0,0,0,"","59",7,7,4,0,3,0,3,1,2,1,10,9,1,4,9,5,11,10,61,39,1.41,1.13,1.17,1.10,2.58,54,79,63,25,8,33,75,38,67,11.00,5.50,1.92,3.00,4.53,1.53,2.62,5.05,10.00,2.25,1.57,Estádio Governador Magalhães Pinto
1726435800,Sep 15 2024 - 9:30pm,complete,N/A,Bahia,Atlético Mineiro,Rafael Rodrigo Klein,26,2.17,1.45,1.89,1.00,3,0,3,0,0,0,"51,58,90'2","",6,1,1,0,3,0,0,1,1,2,10,3,4,2,6,1,17,16,55,45,1.40,1.42,1.25,0.62,2.46,53,70,53,18,13,31,70,45,66,11.00,5.51,1.93,3.30,3.94,1.38,2.07,4.20,8.00,1.95,1.80,Arena Fonte Nova
1726435800,Sep 15 2024 - 9:30pm,complete,N/A,Flamengo,Vasco da Gama,Raphael Claus,26,2.17,0.83,2.00,0.79,1,1,2,0,0,0,"72","87",5,6,0,0,1,0,0,0,1,0,12,5,3,2,9,3,10,10,61,39,1.46,1.03,1.40,0.69,2.38,59,84,50,4,0,25,71,42,92,11.18,3.93,1.61,3.80,5.24,1.32,1.96,3.50,6.80,1.95,1.80,N/A
1726527600,Sep 16 2024 - 11:00pm,complete,N/A,Internacional,Cuiabá,Braulio da Silva Machado,26,1.73,1.09,2.00,0.84,3,0,3,2,2,0,"11,41,73","",2,3,1,0,2,0,1,0,2,0,13,2,7,0,6,2,8,10,67,33,1.62,1.01,1.90,0.28,2.55,64,73,50,18,9,27,64,41,82,10.00,5.45,1.50,3.75,7.50,1.36,2.40,4.50,9.00,2.50,1.50,Estádio José Pinheiro Borda
1726945200,Sep 21 2024 - 7:00pm,complete,N/A,Vitória,Juventude,Braulio da Silva Machado,27,1.08,0.54,1.42,0.79,1,0,1,1,1,0,"45'3","",4,5,3,0,4,0,3,0,2,2,10,8,2,2,8,6,12,15,36,64,1.17,1.02,1.03,1.00,2.66,66,77,54,23,8,27,69,42,89,8.16,7.00,2.00,3.25,3.80,1.36,2.25,3.86,7.30,1.95,1.80,Estádio Manoel Barradas
1726945200,Sep 21 2024 - 7:00pm,complete,N/A,Corinthians,Atlético GO,Bruno Arleu de Araujo,27,1.58,0.69,2.00,0.53,3,0,3,1,1,0,"45'4,55,83","",7,1,3,0,4,0,2,1,3,1,13,11,6,3,7,8,7,17,61,39,1.66,1.25,1.68,1.24,2.37,61,72,44,28,4,40,80,28,65,11.59,5.83,1.50,4.00,6.50,1.36,2.10,3.75,7.50,2.10,1.67,Arena Corinthians
1726954200,Sep 21 2024 - 9:30pm,complete,N/A,Fluminense,Botafogo,Wilton Pereira Sampaio,27,1.42,1.69,1.53,2.00,0,1,1,0,0,0,"","90'5",5,4,1,0,1,0,0,1,0,1,13,8,6,7,7,1,13,17,50,50,1.28,1.17,1.56,1.24,2.39,60,68,44,24,12,31,65,40,80,9.98,7.83,3.25,3.20,2.30,1.40,2.35,4.20,8.00,2.00,1.75,N/A
1726963200,Sep 22 2024 - 12:00am,complete,N/A,Fortaleza,Bahia,Raphael Claus,27,2.54,1.00,2.47,0.89,4,1,5,3,2,1,"28,37,80,89","30",2,1,2,1,1,0,2,1,1,0,9,6,7,4,2,2,13,9,36,64,1.18,1.20,1.30,0.93,2.43,62,73,47,23,0,31,73,46,77,9.85,5.07,2.45,3.25,2.90,1.36,2.20,3.75,7.50,1.91,1.91,Estádio Comendador Agostinho Prada
1727031600,Sep 22 2024 - 7:00pm,complete,N/A,Atlético Mineiro,Bragantino,Lucas Paulo Torezin,27,1.42,0.62,1.47,0.68,3,0,3,1,1,0,"37,52,78","",4,2,2,0,3,0,0,2,0,3,13,6,8,3,5,3,14,9,50,50,1.30,1.29,1.60,0.88,2.61,68,93,44,16,4,41,92,36,64,10.25,5.92,1.82,3.75,4.25,1.32,2.06,3.52,6.65,1.95,1.80,N/A
1727031600,Sep 22 2024 - 7:00pm,complete,N/A,Vasco da Gama,Palmeiras,Rafael Rodrigo Klein,27,2.00,1.58,1.84,1.84,0,1,1,1,0,1,"","26",5,5,1,0,3,0,0,1,0,3,9,11,3,3,6,8,8,14,55,45,1.23,1.46,1.10,1.25,2.58,46,80,46,25,9,13,63,55,88,10.00,5.58,3.45,3.50,2.10,1.30,2.05,3.80,7.50,1.95,1.80,Estádio Club de Regatas Vasco da Gama
1727040600,Sep 22 2024 - 9:30pm,complete,N/A,Grêmio,Flamengo,Matheus Delgado Candançan,27,1.33,1.50,1.53,1.68,3,2,5,2,1,1,"12,55,83","25,90",4,6,1,0,0,1,0,1,0,1,8,15,3,8,5,7,6,13,44,56,1.29,1.32,0.98,1.92,2.59,50,71,42,21,17,34,67,38,88,10.42,5.25,2.38,3.35,3.00,1.39,2.25,3.95,7.95,1.95,1.80,Arena do Grêmio
1727040600,Sep 22 2024 - 9:30pm,complete,N/A,São Paulo,Internacional,Ramon Abatti,27,2.23,1.33,2.05,1.42,1,3,4,2,1,1,"6","43,54,63",2,4,5,0,1,0,1,4,1,0,6,10,3,6,3,4,18,16,61,39,1.32,1.04,0.77,1.44,1.87,44,52,32,12,0,28,60,20,72,8.94,6.52,2.18,3.25,3.45,1.50,2.50,4.80,9.70,2.20,1.62,Morumbí
1727040600,Sep 22 2024 - 9:30pm,complete,N/A,Cuiabá,Cruzeiro,Flavio Rodrigues De Souza,27,0.77,0.92,0.74,0.89,0,0,0,0,0,0,"","",4,5,0,0,1,1,0,0,1,1,9,7,4,2,5,5,10,10,48,52,1.18,1.20,1.16,0.84,2.16,35,66,42,15,8,35,66,23,73,9.30,5.77,2.65,3.15,2.75,1.57,2.55,5.25,10.00,2.20,1.62,Arena Pantanal
1727046000,Sep 22 2024 - 11:00pm,complete,N/A,Criciúma,Atlético PR,Anderson Daronco,27,1.38,1.25,1.21,0.89,0,0,0,0,0,0,"","",12,1,2,0,2,0,1,1,0,2,18,8,6,3,12,5,11,12,64,36,1.39,1.22,2.04,1.01,2.43,64,76,40,16,4,12,69,44,88,11.09,7.06,2.38,3.25,2.90,1.31,2.05,3.52,6.55,1.91,1.91,Estádio Heriberto Hülse
1727301600,Sep 25 2024 - 10:00pm,complete,13582,Grêmio,Criciúma,Lucas Paulo Torezin,5,1.46,0.83,1.53,0.79,1,2,3,1,0,1,"67","14,79",6,3,2,0,5,0,1,1,0,5,9,9,3,4,6,5,8,12,65,35,1.27,1.21,1.31,1.07,2.73,53,81,57,24,12,32,76,49,89,9.15,4.96,1.70,4.00,4.75,1.36,2.05,3.60,7.00,2.00,1.75,Arena do Grêmio
1727301600,Sep 25 2024 - 10:00pm,complete,N/A,Bragantino,Internacional,Rodrigo Pereira,16,1.92,1.46,1.63,1.42,2,2,4,2,1,1,"43,75","13,77",1,9,3,0,2,0,0,3,0,2,7,20,4,11,3,9,13,13,44,56,1.35,1.07,1.02,2.44,2.18,61,61,45,16,0,37,77,24,64,8.31,6.71,2.88,3.25,2.50,1.40,2.20,4.33,8.50,1.95,1.80,Estádio Nabi Abi Chedid
1727559000,Sep 28 2024 - 9:30pm,complete,N/A,Palmeiras,Atlético Mineiro,Bruno Arleu de Araujo,28,2.21,1.33,2.00,1.00,2,1,3,1,1,0,"45'2,86","68",7,3,2,0,2,0,2,0,2,0,11,5,8,3,3,2,15,10,43,57,1.76,1.35,1.56,0.73,2.78,44,85,59,27,16,27,61,59,77,13.12,5.79,1.73,3.70,5.25,1.28,2.10,3.40,6.25,2.00,1.75,Estádio Brinco de Ouro da Princesa
1727568000,Sep 29 2024 - 12:00am,complete,N/A,Botafogo,Grêmio,Maguielson Lima Barbosa,28,2.38,1.00,2.16,0.84,0,0,0,0,0,0,"","",5,3,3,0,3,1,1,2,0,4,10,9,4,4,6,5,10,15,63,37,1.61,1.11,1.29,1.05,2.52,48,68,52,20,8,37,76,48,76,11.76,5.21,1.60,4.00,5.00,1.36,1.80,4.00,8.00,1.91,1.91,N/A
1727618400,Sep 29 2024 - 2:00pm,complete,N/A,Juventude,Bragantino,Alex Gomes Stefano,28,1.92,0.57,1.58,0.68,1,1,2,0,0,0,"48","86",4,5,1,0,6,0,1,0,1,5,11,12,6,6,5,6,9,19,52,48,1.25,1.26,1.38,1.48,2.48,63,86,48,15,4,34,81,48,70,9.84,5.16,2.38,3.10,3.20,1.36,2.05,3.75,7.00,1.80,1.95,N/A
1727636400,Sep 29 2024 - 7:00pm,complete,N/A,São Paulo,Corinthians,Rafael Rodrigo Klein,28,2.07,0.43,2.05,0.95,3,1,4,1,1,0,"45'8,76,90'8","83",7,2,5,0,6,2,1,4,3,5,14,9,8,3,6,6,18,17,53,47,1.28,1.08,1.73,1.06,2.11,40,64,40,14,0,29,64,33,75,10.22,5.64,2.20,2.95,3.80,1.50,2.75,5.50,11.00,2.25,1.57,N/A
1727636400,Sep 29 2024 - 7:00pm,complete,N/A,Fortaleza,Cuiabá,Denis Ribeiro Serafim,28,2.57,1.00,2.47,0.84,1,0,1,1,1,0,"45'4","",7,3,2,0,4,0,0,2,2,2,12,2,6,1,6,1,18,9,54,46,1.19,0.95,1.55,0.38,2.52,50,66,43,23,12,43,81,27,74,8.36,5.87,1.63,3.80,5.75,1.45,2.35,4.75,9.50,2.20,1.62,Estádio Comendador Agostinho Prada
1727636400,Sep 29 2024 - 7:00pm,complete,N/A,Atlético GO,Fluminense,Ramon Abatti,28,0.69,0.77,1.05,0.89,1,0,1,0,0,0,"84","",4,3,1,0,2,1,0,1,2,1,14,9,7,2,7,7,15,14,40,60,1.31,1.02,1.59,1.15,2.23,47,70,43,8,4,16,54,42,96,8.69,7.54,2.85,3.20,2.55,1.45,2.45,4.75,9.50,2.00,1.75,N/A
1727645400,Sep 29 2024 - 9:30pm,complete,N/A,Internacional,Vitória,Wagner do Nascimento Magalhaes,28,1.83,0.85,2.00,1.05,3,1,4,1,1,0,"45'3,52,90'2","58",2,6,3,0,1,0,0,3,1,0,7,5,5,4,2,1,26,8,54,46,1.64,1.07,1.13,0.85,2.44,61,80,52,16,4,32,52,48,84,11.20,5.86,1.40,4.75,8.00,1.38,1.85,3.90,7.75,2.20,1.62,Estádio José Pinheiro Borda
1727645400,Sep 29 2024 - 9:30pm,complete,N/A,Cruzeiro,Vasco da Gama,Matheus Delgado Candançan,28,2.23,0.85,1.84,0.79,1,1,2,1,0,1,"60","41",11,4,0,0,3,0,0,0,0,3,14,10,6,4,8,6,7,6,56,44,1.39,1.00,1.61,1.16,2.31,46,73,46,16,4,27,62,35,81,11.15,4.92,1.70,3.50,4.75,1.42,2.15,4.33,8.50,2.05,1.70,Estádio Governador Magalhães Pinto
1727645400,Sep 29 2024 - 9:30pm,complete,N/A,Bahia,Criciúma,Edina Alves Batista,28,2.23,1.00,1.89,0.79,1,0,1,1,1,0,"33","",9,1,1,0,2,0,0,1,0,2,17,2,7,1,10,1,10,8,55,45,1.39,1.20,1.94,0.63,2.58,58,77,62,16,8,27,77,50,81,9.00,4.85,1.55,4.10,6.00,1.28,1.85,3.20,6.00,1.95,1.80,Arena Fonte Nova
1727650800,Sep 29 2024 - 11:00pm,complete,N/A,Flamengo,Atlético PR,Davi de Oliveira Lacerda,28,2.08,1.23,2.00,0.89,1,0,1,0,0,0,"90","",6,1,2,0,2,0,2,0,1,1,8,4,5,1,3,3,12,13,70,30,1.46,1.20,1.50,0.53,2.27,62,85,43,4,0,16,73,46,89,12.22,5.07,1.73,3.75,4.75,1.26,2.05,3.14,5.90,1.95,1.80,N/A
1727992800,Oct 03 2024 - 10:00pm,complete,N/A,Criciúma,Atlético GO,João Vitor Gobi,29,1.36,0.64,1.21,0.53,2,0,2,1,1,0,"41,47","",7,6,1,0,4,0,0,1,1,3,12,12,5,3,7,9,16,8,47,53,1.44,1.25,1.45,1.39,2.43,61,71,43,25,4,25,72,40,72,9.81,5.59,1.73,3.30,5.00,1.35,2.13,3.63,6.80,1.95,1.80,Estádio Heriberto Hülse
1728001800,Oct 04 2024 - 12:30am,complete,N/A,Fluminense,Cruzeiro,Gustavo Ervino Bauermann,29,1.31,0.93,1.53,0.89,1,0,1,0,0,0,"54","",2,2,8,0,3,0,2,6,1,2,11,11,5,5,6,6,19,16,47,53,1.30,1.17,1.51,1.32,2.00,38,59,34,15,4,26,63,23,74,9.12,6.54,2.25,3.00,3.30,1.50,2.57,5.00,10.00,2.20,1.62,N/A
1728088200,Oct 05 2024 - 12:30am,complete,N/A,Grêmio,Fortaleza,Davi de Oliveira Lacerda,29,1.36,1.23,1.53,1.11,3,1,4,2,1,1,"13,60,90'1","18",10,2,2,1,3,1,0,3,1,3,12,7,6,5,6,2,11,9,38,62,1.27,0.92,1.49,1.02,2.41,49,78,41,15,11,38,70,26,82,9.13,6.08,2.00,3.40,3.75,1.38,2.08,4.20,8.00,1.95,1.80,Arena do Grêmio
1728156600,Oct 05 2024 - 7:30pm,complete,N/A,Atlético Mineiro,Vitória,Matheus Delgado Candançan,29,1.54,0.79,1.47,1.05,2,2,4,2,2,0,"8,45","64,68",2,5,1,1,0,0,1,1,0,0,11,8,3,3,8,5,13,14,56,44,1.32,1.06,1.17,1.05,2.71,60,93,48,22,8,45,75,41,74,9.48,6.81,1.65,3.60,6.00,1.38,2.20,4.00,8.00,2.10,1.67,N/A
1728156600,Oct 05 2024 - 7:30pm,complete,N/A,Bragantino,Palmeiras,Braulio da Silva Machado,29,1.85,1.69,1.63,1.84,0,0,0,0,0,0,"","",1,3,4,1,3,1,1,4,2,2,10,11,5,5,5,6,7,14,41,59,1.33,1.45,1.29,1.33,2.35,54,70,50,19,0,27,77,35,70,10.61,5.77,4.20,3.60,1.90,1.33,2.00,3.55,7.00,1.80,1.95,N/A
1728156600,Oct 05 2024 - 7:30pm,complete,N/A,Atlético PR,Botafogo,Flavio Rodrigues De Souza,29,1.25,1.79,1.32,2.00,0,1,1,1,0,1,"","13",8,3,2,0,4,0,0,2,1,3,17,8,3,3,14,5,8,21,53,47,1.72,1.18,1.80,1.10,2.57,61,77,46,27,11,54,70,34,81,12.79,6.28,3.00,3.60,2.20,1.33,2.00,4.00,8.00,1.80,1.95,N/A
1728165600,Oct 05 2024 - 10:00pm,complete,N/A,Bahia,Flamengo,Rafael Rodrigo Klein,29,2.29,1.38,1.89,1.68,0,2,2,1,0,1,"","34,90'11",3,7,4,1,4,0,0,5,1,3,7,10,2,6,5,4,20,11,46,54,1.43,1.37,0.81,1.48,2.58,57,67,49,19,19,34,70,42,78,10.59,4.68,2.70,3.30,2.60,1.31,2.08,3.50,6.65,1.80,1.95,Arena Fonte Nova
1728165600,Oct 05 2024 - 10:00pm,complete,N/A,Corinthians,Internacional,Lucas Paulo Torezin,29,1.69,1.43,2.00,1.42,2,2,4,2,1,1,"3,73","17,90'4",9,9,6,0,4,0,2,4,1,3,12,5,6,3,6,2,11,14,53,47,1.66,1.17,1.49,0.82,2.20,56,64,42,22,4,34,71,30,74,10.63,6.90,2.38,3.00,3.20,1.48,2.25,4.75,9.50,1.95,1.80,Arena Corinthians
1728165600,Oct 05 2024 - 10:00pm,complete,N/A,Cuiabá,São Paulo,Anderson Daronco,29,0.79,1.15,0.74,1.05,2,0,2,2,2,0,"4,42","",3,7,2,0,2,0,1,1,2,0,4,10,3,3,1,7,12,8,22,78,1.18,1.13,0.60,1.43,2.20,45,63,53,19,8,26,63,34,63,9.62,5.49,3.30,2.80,2.50,1.57,3.40,5.00,10.00,2.50,1.50,Arena Pantanal
1728172800,Oct 06 2024 - 12:00am,complete,N/A,Vasco da Gama,Juventude,Caio Max Augusto Vieira,29,1.85,0.50,1.84,0.79,1,1,2,2,1,1,"10","3",3,6,1,1,3,0,1,1,2,1,9,12,3,5,6,7,14,13,54,46,1.22,1.02,1.11,1.43,2.75,63,86,52,23,11,26,70,49,86,8.01,7.13,1.73,3.60,5.00,1.28,2.05,3.26,6.10,1.95,1.80,Estádio Club de Regatas Vasco da Gama
1728513000,Oct 09 2024 - 10:30pm,complete,N/A,Atlético Mineiro,Grêmio,Luiz Flavio De Oliveira,6,1.50,1.00,1.47,0.84,2,1,3,3,2,1,"11,39","24",4,10,5,0,3,0,1,4,2,1,12,9,5,4,7,5,15,7,44,56,1.31,1.11,1.34,1.25,2.55,55,81,48,22,4,48,85,37,63,9.82,6.14,1.95,3.50,4.00,1.32,2.10,3.50,6.80,1.95,1.80,N/A
1729125900,Oct 17 2024 - 12:45am,complete,N/A,São Paulo,Vasco da Gama,Davi de Oliveira Lacerda,30,2.13,0.86,2.05,0.79,3,0,3,1,1,0,"9,46,67","",3,5,1,0,0,0,0,1,0,0,11,7,5,3,6,4,8,6,48,52,1.31,1.01,1.32,0.95,2.27,52,69,45,17,0,31,62,35,83,10.17,5.42,1.60,3.63,5.06,1.37,2.14,3.90,7.40,2.10,1.67,Estádio Brinco de Ouro da Princesa
1729125900,Oct 17 2024 - 12:45am,complete,N/A,Fortaleza,Atlético Mineiro,Rafael Rodrigo Klein,30,2.60,1.23,2.47,1.00,1,1,2,1,1,0,"15","48",7,3,2,2,3,0,0,4,0,3,9,14,1,5,8,9,9,10,46,54,1.21,1.30,0.93,1.47,2.53,55,69,55,22,11,36,71,48,65,10.85,5.81,1.73,3.41,4.35,1.40,2.14,4.50,9.00,2.25,1.57,Estádio Governador Plácido Aderaldo Castelo
1729206000,Oct 17 2024 - 11:00pm,complete,N/A,Flamengo,Fluminense,Raphael Claus,30,2.14,0.71,2.00,0.89,0,2,2,0,0,0,"","50,60",5,1,1,0,3,0,1,0,1,2,12,7,5,4,7,3,15,15,60,40,1.46,1.03,1.69,0.92,2.15,50,75,40,0,0,21,64,32,97,10.28,4.43,1.75,3.25,6.00,1.42,2.70,4.33,8.50,2.50,1.50,N/A
1729206000,Oct 17 2024 - 11:00pm,complete,N/A,Corinthians,Atlético PR,Wilton Pereira Sampaio,30,1.64,1.14,2.00,0.89,5,2,7,4,2,2,"5,18,55,66,78","30,39",3,8,4,0,3,0,2,2,2,1,12,18,8,6,4,12,9,7,61,39,1.65,1.16,1.48,1.89,2.25,54,72,43,18,4,25,72,36,79,12.50,7.21,1.62,3.80,5.75,1.30,1.90,3.42,6.40,1.95,1.80,Arena Corinthians
1729288800,Oct 18 2024 - 10:00pm,complete,N/A,Atlético GO,Cuiabá,Braulio da Silva Machado,30,0.86,0.92,1.05,0.84,0,0,0,0,0,0,"","",8,4,2,0,3,0,1,1,1,2,11,2,4,0,7,2,17,15,60,40,1.33,0.90,1.58,0.31,2.56,52,70,48,19,11,23,64,44,89,7.71,7.58,2.00,3.20,4.10,1.46,2.50,5.00,10.00,2.10,1.67,N/A
1729292400,Oct 18 2024 - 11:00pm,complete,N/A,Botafogo,Criciúma,Matheus Delgado Candançan,30,2.29,0.93,2.16,0.79,1,1,2,0,0,0,"90'1","90'4",9,1,1,0,2,0,0,1,0,2,15,6,7,3,8,3,12,10,74,26,1.59,1.16,1.93,0.70,2.68,57,75,65,18,11,29,75,57,83,9.92,5.14,1.36,5.25,7.50,1.25,1.67,3.00,5.75,2.00,1.75,N/A
1729297800,Oct 19 2024 - 12:30am,complete,34473,Cruzeiro,Bahia,Flavio Rodrigues De Souza,30,2.14,0.93,1.84,0.89,1,1,2,0,0,0,"61","82",5,7,1,0,2,0,0,1,1,1,11,10,4,4,7,6,10,8,49,51,1.40,1.18,1.33,1.20,2.72,65,86,57,29,7,29,71,50,86,10.79,4.79,1.91,3.60,4.00,1.36,2.00,0.00,0.00,1.91,1.91,Estádio Governador Magalhães Pinto
1729364400,Oct 19 2024 - 7:00pm,complete,N/A,Internacional,Grêmio,Bruno Arleu de Araujo,30,1.92,0.93,2.00,0.84,1,0,1,0,0,0,"67","",3,6,1,0,3,0,1,0,1,2,12,8,6,7,6,1,14,15,64,36,1.61,1.12,1.47,1.27,2.38,60,71,56,18,0,33,67,45,71,11.85,5.09,1.73,3.70,4.75,1.38,2.05,4.00,8.00,2.00,1.75,Estádio José Pinheiro Borda
1729364400,Oct 19 2024 - 7:00pm,complete,N/A,Vitória,Bragantino,Denis Ribeiro Serafim,30,1.21,0.60,1.42,0.68,1,0,1,0,0,0,"78","",5,5,2,0,1,0,1,1,1,0,8,8,3,1,5,7,15,8,50,50,1.16,1.27,1.03,0.84,2.49,59,72,49,21,4,21,79,48,76,9.43,5.58,2.30,3.30,3.10,1.38,2.10,4.00,8.00,1.95,1.80,Estádio Manoel Barradas
1729465200,Oct 20 2024 - 11:00pm,complete,N/A,Juventude,Palmeiras,Alex Gomes Stefano,30,1.86,1.64,1.58,1.84,3,5,8,3,1,2,"34,49,67","21,44,50,63,90",7,5,3,0,5,0,0,3,1,4,19,9,6,7,13,2,15,19,53,47,1.26,1.44,1.97,1.24,2.15,47,72,36,14,4,22,61,43,71,10.35,5.14,4.15,3.60,1.72,1.30,1.99,3.40,6.50,1.91,1.91,N/A
1729636200,Oct 22 2024 - 10:30pm,complete,39465,Fluminense,Atlético PR,Braulio da Silva Machado,17,1.43,1.07,1.53,0.89,1,0,1,0,0,0,"82","",5,3,3,0,4,0,2,1,3,1,9,5,5,2,4,3,9,15,75,25,1.32,1.21,1.42,0.65,2.07,45,59,31,14,4,10,62,35,80,10.10,7.33,1.91,3.30,4.33,1.40,2.40,4.20,8.00,2.10,1.67,N/A
1729807200,Oct 24 2024 - 10:00pm,complete,N/A,Vasco da Gama,Cuiabá,Wilton Pereira Sampaio,19,1.79,0.93,1.84,0.84,1,0,1,0,0,0,"53","",3,2,2,0,1,0,0,2,0,1,6,12,2,2,4,10,16,15,49,51,1.21,0.86,0.74,1.26,2.68,50,75,47,25,14,33,75,39,75,7.07,6.07,1.80,3.30,5.25,1.42,2.60,4.33,8.50,2.25,1.57,Estádio Nivaldo Pereira
1729971000,Oct 26 2024 - 7:30pm,complete,N/A,Grêmio,Atlético GO,Edina Alves Batista,31,1.47,0.60,1.53,0.53,3,1,4,2,1,1,"40,59,84","28",4,3,2,0,5,0,2,0,3,2,8,9,5,5,3,4,14,18,48,52,1.28,1.26,1.17,1.21,2.43,44,73,40,27,7,33,80,37,74,10.03,5.10,1.61,3.90,5.60,1.33,2.07,3.60,7.00,1.95,1.80,Arena do Grêmio
1729971000,Oct 26 2024 - 7:30pm,complete,N/A,Vitória,Fluminense,Flavio Rodrigues De Souza,31,1.33,0.87,1.42,0.89,2,1,3,1,1,0,"45'1,90'2","61",7,5,4,0,1,0,1,3,1,0,12,11,3,4,9,7,15,7,50,50,1.15,1.03,1.37,1.21,2.14,37,57,37,14,4,20,60,30,87,8.00,5.66,2.38,3.30,3.00,1.50,2.32,4.20,8.00,2.20,1.62,Estádio Manoel Barradas
1729971000,Oct 26 2024 - 7:30pm,complete,60286,Flamengo,Juventude,Braulio da Silva Machado,31,2.00,0.53,2.00,0.79,4,2,6,2,1,1,"8,49,54,90'7","24,70",8,1,4,0,4,1,0,4,1,4,17,5,10,3,7,2,8,14,74,26,1.48,1.04,2.33,0.62,2.47,70,90,47,7,4,27,70,43,90,10.38,5.59,1.35,4.90,9.00,1.25,1.88,3.10,6.00,2.05,1.70,N/A
1729971000,Oct 26 2024 - 7:30pm,complete,43201,Palmeiras,Fortaleza,Ramon Abatti,31,2.27,1.14,2.00,1.11,2,2,4,2,1,1,"29,57","39,63",3,3,1,0,6,0,1,0,1,5,11,9,6,3,5,6,9,17,60,40,1.74,0.92,1.45,0.96,2.59,49,87,49,21,10,35,69,37,83,11.27,6.19,1.48,4.30,6.75,1.30,1.98,3.40,6.50,2.05,1.70,Allianz Parque
1729978200,Oct 26 2024 - 9:30pm,complete,N/A,Atlético PR,Cruzeiro,Rodrigo Pereira,31,1.15,0.87,1.32,0.89,3,0,3,1,1,0,"24,46,80","",7,1,0,0,3,1,0,0,2,2,14,2,6,0,8,2,14,14,58,42,1.73,1.18,1.66,0.25,2.19,41,69,36,18,4,47,73,18,71,11.89,5.38,1.83,3.40,4.75,1.42,2.15,4.33,8.50,2.00,1.75,N/A
1729980000,Oct 26 2024 - 10:00pm,complete,N/A,Atlético Mineiro,Internacional,Marcelo de Lima Henrique,31,1.60,1.40,1.47,1.42,1,3,4,3,1,2,"45'3","38,40,88",3,3,5,1,2,0,2,4,2,0,7,10,3,7,4,3,15,15,58,42,1.31,1.15,0.94,1.41,2.47,60,77,43,24,4,47,80,33,67,8.60,6.80,3.40,3.00,2.35,1.40,2.60,4.20,8.00,2.10,1.67,N/A
1729980000,Oct 26 2024 - 10:00pm,complete,N/A,Bragantino,Botafogo,Anderson Daronco,31,1.79,1.87,1.63,2.00,0,1,1,0,0,0,"","86",3,6,1,0,1,0,0,1,0,1,3,14,1,5,2,9,13,17,39,61,1.33,1.17,0.46,1.61,2.52,66,69,56,24,10,49,73,35,69,9.50,7.30,3.70,3.40,2.00,1.33,2.05,3.60,7.00,1.80,1.95,N/A
1729990800,Oct 27 2024 - 1:00am,complete,N/A,Criciúma,São Paulo,Rafael Rodrigo Klein,31,1.47,1.07,1.21,1.05,1,1,2,1,1,0,"21","87",6,7,2,0,0,0,1,1,0,0,7,8,3,3,4,5,13,10,31,69,1.44,1.15,0.96,1.21,2.45,59,72,49,21,7,25,66,38,72,10.46,5.93,2.90,3.10,2.50,1.42,2.35,4.33,8.50,2.00,1.75,Estádio Heriberto Hülse
1730152800,Oct 28 2024 - 10:00pm,complete,N/A,Cuiabá,Corinthians,Bruno Arleu de Araujo,31,0.93,0.40,0.74,0.95,0,1,1,1,0,1,"","44",5,2,5,0,2,0,1,4,1,1,10,5,5,3,5,2,14,16,56,44,1.14,1.08,1.28,0.78,2.00,33,64,37,13,4,20,64,34,67,9.31,5.60,3.40,3.10,2.30,1.47,2.70,4.75,9.50,2.20,1.62,Arena Pantanal
1730160000,Oct 29 2024 - 12:00am,complete,N/A,Vasco da Gama,Bahia,Raphael Claus,31,1.87,0.93,1.84,0.89,3,2,5,4,3,1,"12,18,32","42,75",2,4,3,0,2,0,1,2,1,1,12,11,8,7,4,4,11,9,48,52,1.18,1.18,1.61,1.43,2.83,67,87,54,30,10,27,67,63,87,8.13,5.14,2.50,3.10,2.88,1.36,2.10,3.85,8.00,1.80,1.95,Estádio Club de Regatas Vasco da Gama
1730325600,Oct 30 2024 - 10:00pm,complete,N/A,Internacional,Flamengo,Davi de Oliveira Lacerda,17,2.00,1.50,2.00,1.68,1,1,2,1,0,1,"89","45'3",5,5,1,0,4,0,1,0,2,2,16,7,5,3,11,4,14,10,47,53,1.60,1.38,1.89,0.94,2.72,68,75,57,22,15,32,61,50,90,11.36,4.78,1.83,3.40,4.50,1.25,2.10,3.00,5.75,2.00,1.75,Estádio José Pinheiro Borda
1730505600,Nov 02 2024 - 12:00am,complete,35278,Fluminense,Grêmio,Matheus Delgado Candançan,32,1.53,0.87,1.53,0.84,2,2,4,2,1,1,"43,66","26,90'9",8,2,6,1,4,0,2,5,3,1,14,6,7,4,7,2,15,14,62,38,1.33,1.13,1.80,0.82,2.00,44,54,37,17,0,24,63,30,70,10.17,6.67,2.15,3.20,3.60,1.42,2.40,4.33,8.50,2.10,1.67,N/A
1730574000,Nov 02 2024 - 7:00pm,complete,N/A,Bragantino,Cuiabá,Marcelo de Lima Henrique,32,1.67,0.87,1.63,0.84,0,0,0,0,0,0,"","",11,5,1,0,3,0,1,0,0,3,16,6,4,1,12,5,8,11,68,32,1.27,0.89,1.94,0.61,2.40,54,64,50,20,7,40,77,24,67,7.33,6.27,1.80,3.15,4.38,1.48,2.33,4.75,9.50,2.25,1.57,N/A
1730583000,Nov 02 2024 - 9:30pm,complete,N/A,Atlético PR,Vitória,Luiz Flavio De Oliveira,32,1.29,0.80,1.32,1.05,1,2,3,2,1,1,"31","33,65",9,3,1,0,3,0,0,1,0,3,19,8,6,5,13,3,8,13,63,37,1.73,1.06,2.12,1.09,2.58,55,83,48,27,4,45,73,41,79,12.30,5.48,1.80,3.30,5.25,1.38,2.15,4.20,8.00,2.00,1.75,N/A
1730583000,Nov 02 2024 - 9:30pm,complete,N/A,Juventude,Fortaleza,Raphael Claus,32,1.73,1.13,1.58,1.11,0,3,3,2,0,2,"","45'3,45'7,71",5,3,3,0,2,0,1,2,1,1,13,7,6,4,7,3,7,14,60,40,1.31,0.93,1.60,0.89,2.70,67,87,50,20,10,50,70,40,77,8.51,6.32,2.60,3.20,2.80,1.38,2.20,3.85,8.00,1.91,1.91,N/A
1730761200,Nov 04 2024 - 11:00pm,complete,N/A,Corinthians,Palmeiras,Wilton Pereira Sampaio,32,1.73,1.73,2.00,1.84,2,0,2,1,1,0,"41,56","",2,9,2,0,3,0,1,1,0,3,6,11,4,4,2,7,18,14,42,58,1.64,1.43,0.78,1.57,2.57,50,70,47,27,10,27,70,40,77,12.47,6.53,3.07,3.37,2.23,1.44,2.20,4.50,9.00,1.91,1.91,Arena Corinthians
1730853000,Nov 06 2024 - 12:30am,complete,N/A,Internacional,Criciúma,Felipe Fernandes de Lima,32,1.93,0.93,2.00,0.79,2,0,2,1,1,0,"42,90'3","",7,3,1,0,2,1,0,1,2,1,14,5,9,4,5,1,15,13,69,31,1.62,1.13,2.18,0.71,2.60,70,80,63,17,4,24,67,57,87,9.46,4.60,1.40,4.70,8.00,1.28,1.87,3.40,6.50,2.05,1.70,Estádio José Pinheiro Borda
1730853000,Nov 06 2024 - 12:30am,complete,N/A,Bahia,São Paulo,Alex Gomes Stefano,32,2.13,1.07,1.89,1.05,0,3,3,1,0,1,"","40,66,90'1",10,3,3,0,2,0,0,3,1,1,15,6,6,4,9,2,13,16,52,48,1.39,1.15,1.87,0.80,2.20,43,67,43,14,7,27,73,30,64,10.27,5.07,2.17,3.25,3.55,1.44,2.32,4.50,9.50,2.00,1.75,Arena Fonte Nova
1730853000,Nov 06 2024 - 12:30am,complete,N/A,Botafogo,Vasco da Gama,Bruno Arleu de Araujo,32,2.20,0.80,2.16,0.79,3,0,3,2,2,0,"9,12,71","",7,4,0,0,2,1,0,0,2,1,13,8,4,3,9,5,13,8,64,36,1.61,1.01,1.71,0.89,2.30,47,70,44,10,7,24,60,47,84,11.07,4.60,1.44,4.40,7.50,1.30,1.94,3.40,6.50,2.00,1.75,Estádio Nilton Santos
1730937600,Nov 07 2024 - 12:00am,complete,N/A,Cruzeiro,Flamengo,Gustavo Ervino Bauermann,32,2.07,1.47,1.84,1.68,0,1,1,0,0,0,"","53",7,4,2,0,6,1,0,2,1,6,10,8,5,3,5,5,8,13,53,47,1.40,1.35,1.36,1.03,2.70,63,80,50,24,17,34,70,40,87,12.00,5.13,2.25,3.20,3.20,1.44,2.30,4.50,9.00,2.00,1.75,N/A
1730937600,Nov 07 2024 - 12:00am,complete,N/A,Atlético GO,Atlético Mineiro,Jonathan Benkenstein Pinheiro,32,0.87,1.21,1.05,1.00,1,0,1,0,0,0,"89","",4,7,2,0,2,0,2,0,1,1,9,10,3,5,6,5,12,13,37,63,1.35,1.32,1.09,1.33,2.57,59,77,59,17,11,18,52,62,82,10.14,7.34,2.40,3.00,3.25,1.42,2.40,4.33,8.50,2.00,1.75,N/A
1731103200,Nov 08 2024 - 10:00pm,complete,N/A,Internacional,Fluminense,Luiz Flavio De Oliveira,33,2.00,0.81,2.00,0.89,2,0,2,0,0,0,"52,90'5","",4,4,3,0,1,0,0,3,0,1,12,7,7,2,5,5,11,10,51,49,1.65,1.04,1.71,0.96,2.13,47,69,41,7,0,19,56,35,91,9.75,4.81,1.42,4.33,8.00,1.42,2.08,4.50,9.00,2.25,1.57,Estádio José Pinheiro Borda
1731112200,Nov 09 2024 - 12:30am,complete,33670,Palmeiras,Grêmio,Marcelo de Lima Henrique,33,2.19,0.88,2.00,0.84,1,0,1,0,0,0,"73","",14,1,5,0,3,0,2,3,2,1,25,3,14,1,11,2,14,9,61,39,1.73,1.11,3.23,0.52,2.53,44,76,50,28,7,35,72,47,76,12.60,5.41,1.40,4.75,7.50,1.30,1.62,3.40,6.50,1.91,1.91,Allianz Parque
1731180600,Nov 09 2024 - 7:30pm,complete,N/A,Vitória,Corinthians,Bruno Arleu de Araujo,33,1.44,0.56,1.42,0.95,1,2,3,2,1,1,"9","24,69",14,4,4,0,2,0,2,2,2,0,5,10,2,7,3,3,11,11,42,58,1.16,1.06,0.84,1.35,2.22,41,60,41,19,3,16,69,41,75,8.94,5.81,2.76,3.14,2.67,1.48,2.40,4.75,9.50,2.00,1.75,Estádio Manoel Barradas
1731180600,Nov 09 2024 - 7:30pm,complete,N/A,Botafogo,Cuiabá,Rodrigo Pereira,33,2.25,0.88,2.16,0.84,0,0,0,0,0,0,"","",8,1,0,0,6,0,0,0,1,5,20,3,5,2,15,1,8,13,74,26,1.62,0.87,2.35,0.44,2.35,41,63,44,16,13,31,66,35,75,9.57,5.31,1.32,5.00,11.00,1.33,2.01,3.55,7.00,2.63,1.44,Estádio Nilton Santos
1731189600,Nov 09 2024 - 10:00pm,complete,N/A,Cruzeiro,Criciúma,Wagner do Nascimento Magalhaes,33,1.94,0.88,1.84,0.79,2,1,3,1,1,0,"8,68","81",6,5,4,0,4,0,0,4,0,4,20,12,9,7,11,5,13,11,63,37,1.40,1.10,2.12,1.51,2.56,60,82,57,19,6,25,72,47,85,10.19,5.01,1.62,3.75,6.00,1.33,2.05,3.50,6.50,2.05,1.70,Estádio Governador Magalhães Pinto
1731189600,Nov 09 2024 - 10:00pm,complete,N/A,Fortaleza,Vasco da Gama,Lucas Paulo Torezin,33,2.50,0.75,2.47,0.79,3,0,3,1,1,0,"13,78,90'2","",5,1,1,0,1,0,0,1,0,1,12,4,8,2,4,2,13,11,40,60,1.19,1.00,1.64,0.61,2.19,47,66,38,13,3,32,72,32,76,10.19,5.13,1.67,3.70,5.25,1.35,2.08,3.80,7.50,2.00,1.75,Estádio Comendador Agostinho Prada
1731189600,Nov 09 2024 - 10:00pm,complete,N/A,Atlético GO,Bragantino,Anderson Daronco,33,1.00,0.56,1.05,0.68,0,0,0,0,0,0,"","",7,6,3,0,2,0,2,1,1,1,8,14,4,7,4,7,14,11,41,59,1.33,1.25,1.11,1.87,2.29,57,72,44,13,3,13,60,53,85,10.01,6.80,2.45,3.50,2.75,1.38,2.00,4.20,8.50,1.80,1.95,N/A
1731189600,Nov 09 2024 - 10:00pm,complete,N/A,Juventude,Bahia,Wilton Pereira Sampaio,33,1.63,0.88,1.58,0.89,2,1,3,1,0,1,"70,79","2",7,2,3,0,1,0,0,3,0,1,18,6,8,3,10,3,11,9,39,61,1.33,1.20,2.01,0.95,2.94,72,91,57,29,13,41,69,60,85,9.00,4.81,2.60,3.40,2.63,1.33,1.90,3.55,7.00,1.70,2.05,N/A
1731196800,Nov 10 2024 - 12:00am,complete,N/A,São Paulo,Atlético PR,Rafael Rodrigo Klein,33,2.19,1.00,2.05,0.89,2,1,3,0,0,0,"52,89","69",5,6,2,0,5,0,0,2,2,3,9,6,3,3,6,3,5,20,78,22,1.31,1.17,1.05,0.84,2.32,47,66,44,19,3,26,66,38,81,10.82,6.50,1.57,3.80,6.50,1.40,2.10,4.20,8.00,2.10,1.67,Morumbí
1731538800,Nov 13 2024 - 11:00pm,complete,63441,Flamengo,Atlético Mineiro,Davi de Oliveira Lacerda,33,2.06,1.13,2.00,1.00,0,0,0,0,0,0,"","",7,4,1,0,1,0,1,0,0,1,16,9,6,2,10,7,14,7,54,46,1.53,1.32,1.97,1.07,2.68,65,87,59,13,10,26,65,58,87,11.76,4.64,1.91,3.40,4.20,1.38,2.15,3.90,8.00,1.95,1.80,N/A
1731792600,Nov 16 2024 - 9:30pm,complete,N/A,Atlético PR,Atlético Mineiro,Matheus Delgado Candançan,19,1.20,1.13,1.32,1.00,1,0,1,1,1,0,"28","",5,3,2,0,2,0,1,1,1,1,15,10,5,3,10,7,11,10,30,70,1.75,1.30,1.56,1.24,2.52,55,78,55,20,7,39,72,42,71,12.92,5.01,2.20,3.20,3.30,1.30,2.20,3.80,8.00,1.95,1.80,N/A
1732111200,Nov 20 2024 - 2:00pm,complete,N/A,Corinthians,Cruzeiro,Jonathan Benkenstein Pinheiro,34,1.81,0.81,2.00,0.89,2,1,3,3,2,1,"10,15","34",3,4,4,0,3,0,1,3,2,1,13,8,9,2,4,6,13,15,45,55,1.58,1.12,1.67,0.84,2.44,44,72,47,22,10,41,72,29,78,10.56,6.76,1.40,4.50,7.50,1.42,1.95,4.50,9.00,2.20,1.62,Arena Corinthians
1732131000,Nov 20 2024 - 7:30pm,complete,N/A,Bragantino,São Paulo,Wilton Pereira Sampaio,34,1.63,1.19,1.63,1.05,1,1,2,2,1,1,"15","25",1,1,3,0,2,0,2,1,0,2,16,6,5,2,11,4,16,12,43,57,1.31,1.13,1.82,0.82,2.35,57,69,56,19,3,38,75,32,60,9.69,5.76,2.70,3.20,2.60,1.45,2.40,4.75,9.50,2.05,1.70,N/A
1732131000,Nov 20 2024 - 7:30pm,complete,N/A,Atlético PR,Atlético GO,Alex Gomes Stefano,34,1.31,0.56,1.32,0.53,2,0,2,1,1,0,"45'4,65","",6,9,1,1,2,0,1,1,2,0,11,13,8,6,3,7,9,8,37,63,1.74,1.26,1.54,1.58,2.41,50,75,44,25,0,44,88,32,66,11.90,4.80,1.55,3.90,6.00,1.30,2.00,3.50,6.50,2.00,1.75,N/A
1732131000,Nov 20 2024 - 7:30pm,complete,N/A,Criciúma,Vitória,Rafael Rodrigo Klein,34,1.44,0.94,1.21,1.05,0,1,1,0,0,0,"","67",6,5,1,1,3,0,2,0,1,2,9,11,1,3,8,8,11,18,49,51,1.41,1.06,1.06,1.32,2.60,66,82,47,25,6,29,63,44,88,10.19,6.25,2.10,3.30,3.60,1.38,2.10,4.00,8.00,1.95,1.80,Estádio Heriberto Hülse
1732136400,Nov 20 2024 - 9:00pm,complete,N/A,Bahia,Palmeiras,Wagner do Nascimento Magalhaes,34,2.00,1.63,1.89,1.84,1,2,3,2,1,1,"27","41,89",4,5,1,0,1,0,0,1,0,1,15,5,6,2,9,3,15,14,58,42,1.42,1.43,1.69,0.85,2.16,31,63,35,13,6,13,69,35,72,11.38,5.25,3.20,3.50,2.15,1.36,1.67,3.75,7.50,1.62,2.20,Arena Fonte Nova
1732140000,Nov 20 2024 - 10:00pm,complete,40196,Grêmio,Juventude,Bruno Arleu de Araujo,34,1.56,0.50,1.53,0.79,2,2,4,2,1,1,"3,90'4","45'6,52",5,4,3,0,5,0,3,0,3,2,11,11,4,5,7,6,17,16,56,44,1.28,1.02,1.32,1.25,2.69,60,82,47,25,13,38,75,41,85,9.32,6.75,1.80,3.50,4.75,1.25,1.95,3.10,6.00,1.80,1.95,Arena do Grêmio
1732140000,Nov 20 2024 - 10:00pm,complete,N/A,Cuiabá,Flamengo,Edina Alves Batista,34,0.88,1.56,0.74,1.68,1,2,3,0,0,0,"59","63,90'3",4,11,1,0,2,0,0,1,0,2,6,15,4,7,2,8,6,10,37,63,1.15,1.33,0.86,1.99,2.38,50,66,44,19,16,32,66,35,75,9.98,5.69,3.90,3.40,1.95,1.50,2.30,4.75,9.50,2.05,1.70,Arena Pantanal
1732149000,Nov 21 2024 - 12:30am,complete,N/A,Atlético Mineiro,Botafogo,Luiz Flavio De Oliveira,34,1.50,1.94,1.47,2.00,0,0,0,0,0,0,"","",1,11,6,1,1,2,3,4,0,3,2,18,0,4,2,14,9,11,30,70,1.29,1.20,0.23,2.30,2.69,63,82,50,25,13,54,75,35,72,9.57,7.25,3.40,3.20,2.25,1.36,2.25,3.75,7.50,1.95,1.80,Estádio Raimundo Sampaio
1732230000,Nov 21 2024 - 11:00pm,complete,N/A,Vasco da Gama,Internacional,Rodrigo Pereira,34,1.94,1.50,1.84,1.42,0,1,1,0,0,0,"","65",8,3,0,0,0,0,0,0,0,0,8,12,2,7,6,5,8,10,49,51,1.21,1.16,0.91,1.66,2.54,56,69,44,31,10,35,69,41,78,7.81,6.19,3.50,3.20,2.20,1.42,2.10,4.33,8.50,1.91,1.91,Estádio Club de Regatas Vasco da Gama
1732321800,Nov 23 2024 - 12:30am,complete,37968,Fluminense,Fortaleza,Raphael Claus,34,1.50,1.25,1.53,1.11,2,2,4,3,1,2,"11,85","19,43",8,3,1,0,2,0,0,1,1,1,8,10,5,5,3,5,9,11,74,26,1.36,0.92,1.37,1.16,2.29,54,69,44,19,3,35,66,28,81,8.42,7.73,2.05,3.20,3.90,1.45,2.60,4.75,9.50,2.20,1.62,N/A
1732401000,Nov 23 2024 - 10:30pm,complete,35491,Botafogo,Vitória,Ramon Abatti,35,2.18,1.06,2.16,1.05,1,1,2,1,0,1,"87","20",10,0,3,1,4,0,1,3,0,4,26,10,9,4,17,6,10,7,73,27,1.66,1.07,3.06,1.05,2.47,50,74,50,21,9,35,59,47,82,11.18,5.42,1.36,4.75,8.50,1.28,1.80,3.25,6.25,2.10,1.67,Estádio Nilton Santos
1732401000,Nov 23 2024 - 10:30pm,complete,11216,Atlético GO,Palmeiras,Jonathan Benkenstein Pinheiro,35,1.00,1.71,1.05,1.84,0,1,1,1,0,1,"","20",4,2,3,0,2,0,2,1,0,2,7,9,2,3,5,6,16,14,55,45,1.32,1.40,1.01,1.01,2.18,41,62,38,15,6,9,50,44,82,10.82,6.77,8.00,5.25,1.33,1.30,1.73,3.45,6.50,2.00,1.75,N/A
1732401000,Nov 23 2024 - 10:30pm,complete,N/A,Juventude,Cuiabá,Matheus Delgado Candançan,35,1.71,0.88,1.58,0.84,1,1,2,0,0,0,"90'5","75",6,5,0,0,3,0,0,0,1,2,15,5,4,1,11,4,9,7,60,40,1.37,0.85,1.62,0.65,2.47,50,71,44,18,12,38,68,36,71,7.94,5.77,1.60,3.70,6.25,1.50,2.25,5.00,9.50,2.20,1.62,N/A
1732408200,Nov 24 2024 - 12:30am,complete,36783,São Paulo,Atlético Mineiro,N/A,35,2.24,1.06,2.05,1.00,2,2,4,4,2,2,"24,45'2","1,18",7,1,1,0,1,1,0,1,1,1,13,3,4,3,9,0,11,11,54,46,1.30,1.30,1.53,0.50,2.47,53,71,59,21,6,30,62,47,74,10.47,5.76,1.91,3.10,4.75,1.42,2.60,4.33,8.50,2.25,1.57,Morumbí
1732474800,Nov 24 2024 - 7:00pm,complete,N/A,Internacional,Bragantino,Marcelo de Lima Henrique,35,2.06,0.59,2.00,0.68,4,1,5,3,2,1,"4,27,86,88","19",8,4,2,0,2,0,1,1,1,1,11,4,7,1,4,3,16,12,55,45,1.65,1.29,1.52,0.63,2.27,59,76,44,12,0,18,65,47,80,11.07,4.69,1.45,3.72,5.90,1.30,2.06,3.55,7.00,1.95,1.80,Estádio José Pinheiro Borda
1732474800,Nov 24 2024 - 7:00pm,complete,N/A,Bahia,Atlético PR,Rodrigo Pereira,35,1.88,0.94,1.89,0.89,1,1,2,0,0,0,"90'3","61",11,1,1,0,2,0,0,1,0,2,20,5,8,3,12,2,7,13,74,26,1.44,1.15,2.42,0.62,2.18,41,65,38,9,6,18,68,35,77,10.88,5.94,1.78,3.25,3.89,1.35,1.97,3.85,8.00,1.70,2.05,Arena Fonte Nova
1732474800,Nov 24 2024 - 7:00pm,complete,N/A,Corinthians,Vasco da Gama,Davi de Oliveira Lacerda,35,1.88,0.71,2.00,0.79,3,1,4,3,3,0,"11,15,25","77",7,6,1,0,4,0,0,1,0,4,18,5,8,2,10,3,8,14,60,40,1.59,0.98,2.05,0.66,2.56,53,79,53,18,6,36,74,38,82,10.70,5.77,1.53,3.72,5.50,1.38,2.04,4.20,8.50,2.00,1.75,Arena Corinthians
1732658400,Nov 26 2024 - 10:00pm,complete,N/A,Fluminense,Criciúma,Luiz Flavio De Oliveira,35,1.47,0.82,1.53,0.79,0,0,0,0,0,0,"","",9,4,1,0,2,0,0,1,2,0,13,8,3,3,10,5,6,15,64,36,1.36,1.12,1.52,0.92,2.44,59,71,53,21,3,21,71,47,85,8.53,6.59,1.65,3.60,6.25,1.36,2.10,4.00,8.00,2.05,1.70,N/A
1732662000,Nov 26 2024 - 11:00pm,complete,N/A,Fortaleza,Flamengo,Anderson Daronco,35,2.53,1.65,2.47,1.68,0,0,0,0,0,0,"","",5,5,2,0,3,1,1,1,1,3,5,9,1,4,4,5,16,14,39,61,1.22,1.37,0.60,1.24,2.53,59,68,44,21,15,35,74,38,80,11.12,5.76,3.10,3.20,2.40,1.36,2.10,4.20,8.50,1.91,1.91,Estádio Comendador Agostinho Prada
1732667400,Nov 27 2024 - 12:30am,complete,N/A,Atlético Mineiro,Juventude,Flavio Rodrigues De Souza,36,1.47,0.53,1.47,0.79,2,3,5,1,0,1,"73,81","22,67,90'3",9,5,1,0,0,0,1,0,0,0,16,11,6,7,10,4,13,8,64,36,1.23,1.03,1.92,1.36,2.79,71,91,53,24,9,50,82,35,71,8.12,8.00,1.85,3.30,3.60,1.30,1.91,3.40,6.50,1.95,1.80,N/A
1732667400,Nov 27 2024 - 12:30am,complete,N/A,Palmeiras,Botafogo,Wilton Pereira Sampaio,36,2.24,1.88,2.00,2.00,1,3,4,1,0,1,"90'3","19,73,89",5,7,2,1,4,0,0,3,1,3,14,9,5,7,9,2,9,16,55,45,1.81,1.26,1.55,1.31,2.47,44,71,44,27,15,33,59,44,82,13.10,6.34,1.75,3.30,4.00,1.29,1.95,3.25,6.50,1.91,1.91,Allianz Parque
1732752000,Nov 28 2024 - 12:00am,complete,N/A,Cruzeiro,Grêmio,Raphael Claus,35,2.00,0.82,1.84,0.84,1,1,2,2,1,1,"42","19",5,1,2,0,1,0,1,1,0,1,13,7,3,4,10,3,16,6,61,39,1.44,1.07,1.60,0.93,2.30,50,68,47,21,3,33,68,35,74,11.78,5.41,2.05,3.30,3.75,1.38,2.20,4.00,8.00,1.95,1.80,Estádio Governador Magalhães Pinto
1733005800,Nov 30 2024 - 10:30pm,complete,N/A,Cuiabá,Bahia,Davi de Oliveira Lacerda,36,0.82,0.82,0.74,0.89,1,2,3,2,1,1,"16","37,84",3,4,4,0,1,0,1,3,0,1,9,9,2,3,7,6,9,8,44,56,1.13,1.18,1.07,1.12,2.50,59,77,53,24,9,27,65,50,77,8.75,4.77,4.50,3.40,1.85,1.40,2.15,4.20,8.00,1.95,1.80,Arena Pantanal
1733005800,Nov 30 2024 - 10:30pm,complete,N/A,Criciúma,Corinthians,Anderson Daronco,36,1.35,0.71,1.21,0.95,2,4,6,2,2,0,"30,38","62,65,83,90'4",3,7,2,0,3,0,0,2,0,3,8,15,4,11,4,4,10,8,38,62,1.39,1.08,1.05,2.12,2.21,50,68,35,15,3,15,65,35,80,10.00,5.94,3.30,3.25,2.25,1.42,2.15,4.33,8.50,1.91,1.91,Estádio Heriberto Hülse
1733013000,Dec 01 2024 - 12:30am,complete,N/A,Vasco da Gama,Atlético GO,Lucas Paulo Torezin,36,1.82,0.53,1.84,0.53,2,2,4,1,0,1,"75,90'3","21,56",5,3,2,0,2,1,0,2,0,3,15,11,7,6,8,5,10,10,61,39,1.19,1.28,1.88,1.30,2.59,50,76,44,29,9,32,77,41,74,8.75,5.34,1.67,3.60,5.50,1.30,2.00,3.50,6.50,1.95,1.80,Estádio Club de Regatas Vasco da Gama
1733079600,Dec 01 2024 - 7:00pm,complete,39197,Grêmio,São Paulo,Ramon Abatti,36,1.53,1.18,1.53,1.05,2,1,3,2,2,0,"36,45'2","64",10,6,1,0,1,0,0,1,0,1,16,7,8,2,8,5,11,7,39,61,1.28,1.11,1.90,0.88,2.56,50,76,50,27,9,38,76,41,74,10.12,5.18,2.30,2.94,2.81,1.37,2.20,4.20,8.50,1.95,1.80,Arena do Grêmio
1733079600,Dec 01 2024 - 7:00pm,complete,N/A,Flamengo,Internacional,Rodrigo Pereira,36,2.00,1.59,2.00,1.42,3,2,5,3,3,0,"29,37,41","56,62",6,4,2,0,2,0,1,1,1,1,15,10,10,6,5,4,14,12,56,44,1.56,1.19,1.97,1.33,2.30,59,71,41,18,3,30,65,41,85,10.41,4.72,2.11,3.14,3.23,1.40,2.20,4.00,8.00,1.91,1.91,N/A
1733088600,Dec 01 2024 - 9:30pm,complete,N/A,Vitória,Fortaleza,Wilton Pereira Sampaio,36,1.35,1.24,1.42,1.11,2,0,2,2,2,0,"9,37","",7,8,4,0,3,0,1,3,1,2,12,4,8,2,4,2,13,10,29,71,1.14,0.94,1.46,0.74,2.59,59,74,56,24,6,42,74,33,82,8.69,6.44,2.20,3.20,3.50,1.37,2.40,4.33,8.50,2.05,1.70,Estádio Manoel Barradas
1733088600,Dec 01 2024 - 9:30pm,complete,N/A,Bragantino,Cruzeiro,Rafael Rodrigo Klein,36,1.59,0.76,1.63,0.89,1,1,2,1,1,0,"6","86",6,10,2,0,2,0,1,1,1,1,6,11,2,2,4,9,11,14,33,67,1.34,1.11,0.76,1.38,2.18,47,65,47,15,3,44,71,21,62,8.59,6.24,2.00,3.20,4.10,1.40,2.25,4.00,8.00,1.95,1.80,N/A
1733088600,Dec 01 2024 - 9:30pm,complete,N/A,Atlético PR,Fluminense,Raphael Claus,36,1.41,0.76,1.32,0.89,1,1,2,1,1,0,"2","65",3,8,1,1,2,1,2,0,1,2,14,7,4,4,10,3,10,10,29,71,1.73,1.03,1.43,1.03,2.15,38,71,35,9,0,33,71,27,83,11.17,4.89,2.20,2.90,3.80,1.44,2.70,4.33,8.50,2.10,1.67,N/A
1733266800,Dec 03 2024 - 11:00pm,complete,N/A,Corinthians,Bahia,Bruno Arleu de Araujo,37,1.94,0.94,2.00,0.89,3,0,3,2,2,0,"12,45'4,61","",7,4,2,0,4,0,0,2,0,4,14,9,7,2,7,7,12,13,52,48,1.61,1.18,1.64,0.96,2.98,75,89,64,33,11,42,78,50,86,10.39,5.61,1.62,4.00,5.25,1.22,1.73,3.10,6.50,1.75,2.00,Arena Corinthians
1733349600,Dec 04 2024 - 10:00pm,complete,N/A,Vasco da Gama,Atlético Mineiro,Davi de Oliveira Lacerda,37,1.78,1.06,1.84,1.00,2,0,2,0,0,0,"52,64","",3,6,4,0,2,0,1,3,1,1,10,6,4,3,6,3,20,13,58,42,1.23,1.25,1.32,0.86,2.70,56,75,56,28,14,28,64,50,72,9.00,5.45,3.00,3.00,2.55,1.30,2.35,3.80,8.00,2.00,1.75,Estádio Club de Regatas Vasco da Gama
1733353200,Dec 04 2024 - 11:00pm,complete,N/A,Vitória,Grêmio,Alex Gomes Stefano,37,1.44,0.83,1.42,0.84,1,1,2,1,0,1,"67","37",7,1,1,0,2,0,0,1,1,1,15,6,5,2,10,4,13,10,49,51,1.16,1.06,1.72,0.68,2.33,50,61,47,22,3,36,72,36,70,10.05,5.77,2.35,3.20,3.25,1.42,2.20,4.50,9.00,1.95,1.80,Estádio Manoel Barradas
1733353200,Dec 04 2024 - 11:00pm,complete,N/A,São Paulo,Juventude,Savio Pereira Sampaio,37,2.17,0.67,2.05,0.79,1,2,3,0,0,0,"77","52,62",12,2,0,0,2,0,0,0,1,1,7,11,2,7,5,4,9,15,69,31,1.31,1.05,1.08,1.31,2.75,67,81,59,28,9,39,73,42,81,9.38,6.83,1.90,3.70,4.00,1.36,1.95,3.80,7.50,1.80,1.95,Morumbí
1733353200,Dec 04 2024 - 11:00pm,complete,N/A,Criciúma,Flamengo,Wilton Pereira Sampaio,37,1.28,1.61,1.21,1.68,0,3,3,1,0,1,"","45,71,85",7,3,1,0,0,0,0,1,0,0,10,10,4,7,6,3,16,6,38,62,1.37,1.36,1.31,1.46,2.64,67,72,45,22,17,25,61,42,89,11.00,5.94,3.30,3.70,2.10,1.30,1.80,3.45,6.50,1.70,2.05,Estádio Heriberto Hülse
1733358600,Dec 05 2024 - 12:30am,complete,N/A,Internacional,Botafogo,Ramon Abatti,37,2.11,1.94,2.00,2.00,0,1,1,1,0,1,"","5",10,1,5,0,1,0,3,2,1,0,12,2,6,1,6,1,9,12,67,33,1.65,1.26,1.77,0.31,2.42,59,70,47,23,12,31,56,45,84,11.56,5.78,2.75,3.30,2.55,1.36,1.95,3.75,7.50,1.75,2.00,Estádio José Pinheiro Borda
1733358600,Dec 05 2024 - 12:30am,complete,N/A,Cruzeiro,Palmeiras,Anderson Daronco,37,1.94,1.78,1.84,1.84,1,2,3,0,0,0,"52","61,90",7,6,3,0,1,0,0,3,0,1,8,22,3,12,5,10,14,13,46,54,1.45,1.38,1.00,2.72,2.28,45,70,39,17,6,20,67,33,75,12.17,5.11,3.70,3.25,2.10,1.33,2.10,3.50,6.50,1.91,1.91,Estádio Governador Magalhães Pinto
1733358600,Dec 05 2024 - 12:30am,complete,N/A,Atlético GO,Fortaleza,Lucas Casagrande,37,0.94,1.17,1.05,1.11,3,1,4,2,1,1,"21,79,85","12",5,3,4,0,3,0,3,1,0,3,17,7,10,4,7,3,13,16,56,44,1.30,0.93,2.14,0.98,2.34,53,73,48,17,6,34,59,36,81,8.82,7.53,2.90,3.20,2.55,1.33,2.05,3.50,8.00,1.80,1.95,N/A
1733439600,Dec 05 2024 - 11:00pm,complete,N/A,Fluminense,Cuiabá,Rafael Rodrigo Klein,37,1.44,0.89,1.53,0.84,1,0,1,0,0,0,"59","",10,3,3,0,4,0,1,2,2,2,18,3,6,3,12,0,14,9,59,41,1.37,0.84,2.01,0.56,2.03,42,53,33,20,6,23,59,25,73,8.28,6.89,1.40,4.50,8.50,1.36,2.25,3.95,8.00,2.63,1.44,N/A
1733439600,Dec 05 2024 - 11:00pm,complete,N/A,Atlético PR,Bragantino,Rodrigo Pereira,37,1.39,0.56,1.32,0.68,1,2,3,1,0,1,"74","15,82",6,5,1,0,4,0,0,1,1,3,13,11,7,4,6,7,14,15,53,47,1.71,1.25,1.76,1.16,2.36,56,78,42,17,3,33,84,36,72,12.29,4.81,2.05,3.40,3.80,1.30,2.05,3.35,6.50,1.80,1.95,N/A
1733684400,Dec 08 2024 - 7:00pm,complete,42945,Grêmio,Corinthians,Paulo Cesar Zanovelli,38,1.61,0.83,1.53,0.95,0,3,3,1,0,1,"","45'1,88,90'3",6,7,2,1,3,1,1,2,0,4,12,15,5,6,7,9,11,14,36,64,1.31,1.14,1.43,1.68,2.50,45,73,45,25,9,33,75,42,81,10.23,5.44,2.70,3.25,2.60,1.29,1.90,3.60,7.50,1.70,2.05,Arena do Grêmio
1733684400,Dec 08 2024 - 7:00pm,complete,N/A,Atlético Mineiro,Atlético PR,Rafael Rodrigo Klein,38,1.39,0.94,1.47,0.89,1,0,1,0,0,0,"73","",5,4,3,0,3,0,0,3,1,2,11,6,7,4,4,2,12,16,62,38,1.26,1.12,1.52,0.89,2.56,59,81,45,20,9,34,73,39,72,9.72,7.11,2.15,3.20,3.50,1.36,2.10,4.20,8.50,1.95,1.80,N/A
1733684400,Dec 08 2024 - 7:00pm,complete,N/A,Bahia,Atlético GO,Gustavo Ervino Bauermann,38,1.83,0.56,1.89,0.53,2,0,2,1,1,0,"41,58","",4,5,4,0,1,0,0,4,1,0,11,9,5,2,6,7,15,11,48,52,1.49,1.28,1.35,1.01,2.31,45,73,42,20,3,28,81,36,70,10.31,4.93,1.44,4.40,6.50,1.17,1.65,2.60,4.80,1.91,1.91,Arena Fonte Nova
1733684400,Dec 08 2024 - 7:00pm,complete,N/A,Flamengo,Vitória,Lucas Casagrande,38,2.06,1.06,2.00,1.05,2,2,4,1,0,1,"59,80","16,74",6,4,0,0,2,0,0,0,0,2,12,10,4,5,8,5,7,8,67,33,1.59,1.07,1.62,1.15,2.61,64,86,50,20,9,34,64,50,92,10.83,4.91,1.40,4.33,8.00,1.25,1.85,3.30,7.00,1.91,1.91,N/A
1733684400,Dec 08 2024 - 7:00pm,complete,N/A,Botafogo,São Paulo,Anderson Daronco,38,2.11,1.11,2.16,1.05,2,1,3,1,1,0,"37,90'2","63",3,0,0,0,0,0,0,0,0,0,16,4,8,1,8,3,8,3,46,54,1.74,1.10,1.95,0.40,2.36,50,73,50,14,9,34,70,39,70,11.50,4.83,1.40,4.33,8.50,1.29,1.90,3.60,7.50,2.50,1.50,Estádio Nilton Santos
1733684400,Dec 08 2024 - 7:00pm,complete,N/A,Palmeiras,Fluminense,Ramon Abatti,38,2.11,0.78,2.00,0.89,0,1,1,1,0,1,"","37",11,2,2,0,5,0,0,2,2,3,10,7,3,5,7,2,14,11,58,42,1.80,1.03,1.20,1.04,2.33,36,75,39,17,6,20,62,42,92,11.47,5.49,1.44,4.20,7.00,1.22,1.80,3.10,6.50,2.00,1.75,Allianz Parque
1733684400,Dec 08 2024 - 7:00pm,complete,N/A,Bragantino,Criciúma,Savio Pereira Sampaio,38,1.56,0.83,1.63,0.79,5,1,6,3,2,1,"13,30,53,69,81","39",6,8,1,0,3,0,1,0,0,3,13,6,8,4,5,2,9,13,48,52,1.31,1.11,1.72,0.89,2.45,67,75,59,17,3,33,78,42,70,8.22,5.73,1.44,4.33,6.50,1.25,1.65,3.25,6.50,1.91,1.91,N/A
1733684400,Dec 08 2024 - 7:00pm,complete,N/A,Fortaleza,Internacional,Matheus Delgado Candançan,38,2.44,1.50,2.47,1.42,3,0,3,2,2,0,"7,20,53","",4,3,1,0,2,0,0,1,1,1,7,7,5,1,2,6,8,13,37,63,1.19,1.20,1.03,0.80,2.17,50,56,36,25,6,36,73,31,70,9.44,5.84,2.88,3.10,2.50,1.30,2.00,3.80,7.50,1.80,1.95,Estádio Comendador Agostinho Prada
1733684400,Dec 08 2024 - 7:00pm,complete,N/A,Cuiabá,Vasco da Gama,Thaillan Azevedo Gomes,38,0.78,0.67,0.74,0.79,1,2,3,3,1,2,"33","18,43",2,5,0,0,1,0,0,0,0,1,8,8,4,4,4,4,15,8,33,67,1.13,0.96,0.99,1.08,2.20,42,70,47,11,3,28,64,34,75,9.09,4.89,3.20,3.10,2.30,1.40,2.15,4.33,9.00,2.00,1.75,Arena Pantanal
1733684400,Dec 08 2024 - 7:00pm,complete,N/A,Juventude,Cruzeiro,Edina Alves Batista,38,1.67,0.78,1.58,0.89,0,1,1,1,0,1,"","30",8,1,2,2,3,1,2,2,0,4,14,6,7,1,7,5,13,13,50,50,1.38,1.12,1.84,0.61,2.45,50,78,45,14,9,42,67,37,75,9.39,5.50,2.75,3.10,2.50,1.30,2.00,3.80,8.00,1.80,1.95,N/A
