full_name,age,birthday,birthday_GMT,league,season,position,Current Club,minutes_played_overall,minutes_played_home,minutes_played_away,nationality,appearances_overall,appearances_home,appearances_away,goals_overall,goals_home,goals_away,assists_overall,assists_home,assists_away,penalty_goals,penalty_misses,clean_sheets_overall,clean_sheets_home,clean_sheets_away,conceded_overall,conceded_home,conceded_away,yellow_cards_overall,red_cards_overall,goals_involved_per_90_overall,assists_per_90_overall,goals_per_90_overall,goals_per_90_home,goals_per_90_away,min_per_goal_overall,conceded_per_90_overall,min_per_conceded_overall,min_per_match,min_per_card_overall,min_per_assist_overall,cards_per_90_overall,rank_in_league_top_attackers,rank_in_league_top_midfielders,rank_in_league_top_defenders,rank_in_club_top_scorer,annual_salary_eur,average_rating_overall,assists_per_game_overall,assists_per90_percentile_overall,passes_per_90_overall,passes_per_game_overall,passes_per90_percentile_overall,passes_total_overall,passes_completed_per_game_overall,passes_completed_total_overall,pass_completion_rate_percentile_overall,passes_completed_per_90_overall,passes_completed_per90_percentile_overall,short_passes_per_game_overall,long_passes_per_game_overall,key_passes_per_game_overall,key_passes_total_overall,through_passes_per_game_overall,crosses_per_game_overall,tackles_per_90_overall,tackles_per_game_overall,tackles_total_overall,tackles_successful_per_game_overall,dispossesed_per_game_overall,possession_regained_per_game_overall,pressures_per_game_overall,saves_per_game_overall,interceptions_per_game_overall,dribbles_successful_per_game_overall,shots_faced_per_game_overall,shots_per_goal_scored_overall,shots_per_90_overall,shots_off_target_per_game_overall,dribbles_per_game_overall,distance_travelled_per_game_overall,shots_on_target_per_game_overall,xg_per_game_overall,chances_created_per_game_overall,aerial_duels_won_per_game_overall,aerial_duels_per_game_overall,possession_regained_per_90_overall,possession_regained_total_overall,possession_regained_per90_percentile_overall,additional_info,shots_total_overall,shots_per_game_overall,shots_per90_percentile_overall,shots_on_target_total_overall,shots_on_target_per_90_overall,shots_on_target_per90_percentile_overall,shots_off_target_total_overall,shots_off_target_per_90_overall,shots_off_target_per90_percentile_overall,games_subbed_out,games_subbed_in,games_started,tackles_per90_percentile_overall,tackles_successful_per_90_overall,tackles_successful_per90_percentile_overall,tackles_successful_total_overall,interceptions_total_overall,interceptions_per_90_overall,interceptions_per90_percentile_overall,crosses_total_overall,cross_completion_rate_percentile_overall,crosses_per_90_overall,crosses_per90_percentile_overall,through_passes_total_overall,through_passes_per_90_overall,through_passes_per90_percentile_overall,long_passes_total_overall,long_passes_per_90_overall,long_passes_per90_percentile_overall,short_passes_total_overall,short_passes_per_90_overall,short_passes_per90_percentile_overall,key_passes_per_90_overall,key_passes_per90_percentile_overall,dribbles_total_overall,dribbles_per_90_overall,dribbles_per90_percentile_overall,dribbles_successful_total_overall,dribbles_successful_per_90_overall,dribbles_successful_percentage_overall,chances_created_total_overall,chances_created_per_90_overall,chances_created_per90_percentile_overall,saves_total_overall,save_percentage_percentile_overall,saves_per_90_overall,saves_per90_percentile_overall,shots_faced_total_overall,shots_per_goal_conceded_overall,conceded_per90_percentile_overall,shots_faced_per_90_overall,shots_faced_per90_percentile_overall,xg_faced_per_90_overall,xg_faced_per90_percentile_overall,xg_faced_per_game_overall,xg_faced_total_overall,save_percentage_overall,pressures_total_overall,pressures_per_90_overall,pressures_per90_percentile_overall,xg_total_overall,market_value,market_value_percentile,pass_completion_rate_overall,shot_accuraccy_percentage_overall,shot_accuraccy_percentage_percentile_overall,dribbled_past_per90_percentile_overall,dribbled_past_per_game_overall,dribbled_past_per_90_overall,dribbled_past_total_overall,dribbles_successful_per90_percentile_overall,dribbles_successful_percentage_percentile_overall,pen_scored_total_overall,pen_missed_total_overall,inside_box_saves_total_overall,blocks_per_game_overall,blocks_per_90_overall,blocks_total_overall,blocks_per90_percentile_overall,ratings_total_overall,clearances_per_game_overall,clearances_per_90_overall,clearances_total_overall,pen_committed_total_overall,pen_save_percentage_overall,pen_committed_per_90_overall,pen_committed_per90_percentile_overall,pen_committed_per_game_overall,pens_saved_total_overall,pens_taken_total_overall,hit_woodwork_total_overall,hit_woodwork_per_game_overall,hit_woodwork_per_90_overall,punches_total_overall,punches_per_game_overall,punches_per_90_overall,offsides_per_90_overall,offsides_per_game_overall,offsides_total_overall,penalties_won_total_overall,shot_conversion_rate_overall,shot_conversion_rate_percentile_overall,minutes_played_percentile_overall,matches_played_percentile_overall,min_per_goal_percentile_overall,min_per_conceded_percentile_overall,xa_total_overall,xa_per90_percentile_overall,xa_per_game_overall,xa_per_90_overall,npxg_total_overall,npxg_per90_percentile_overall,npxg_per_game_overall,npxg_per_90_overall,fouls_drawn_per90_percentile_overall,fouls_drawn_total_overall,fouls_drawn_per_game_overall,fouls_drawn_per_90_overall,fouls_committed_per_90_overall,fouls_committed_per_game_overall,fouls_committed_per90_percentile_overall,fouls_committed_total_overall,xg_per_90_overall,xg_per90_percentile_overall,average_rating_percentile_overall,clearances_per90_percentile_overall,hit_woodwork_per90_percentile_overall,punches_per90_percentile_overall,offsides_per90_percentile_overall,aerial_duels_won_per90_percentile_overall,aerial_duels_total_overall,aerial_duels_per_90_overall,aerial_duels_per90_percentile_overall,aerial_duels_won_total_overall,aerial_duels_won_percentage_overall,aerial_duels_won_per_90_overall,duels_per_90_overall,duels_per_game_overall,duels_total_overall,duels_won_total_overall,duels_won_per90_percentile_overall,duels_per90_percentile_overall,duels_won_per_90_overall,duels_won_per_game_overall,duels_won_percentage_overall,dispossesed_total_overall,dispossesed_per_90_overall,dispossesed_per90_percentile_overall,progressive_passes_total_overall,cross_completion_rate_overall,distance_travelled_total_overall,distance_travelled_per_90_overall,distance_travelled_per90_percentile_overall,accurate_crosses_total_overall,accurate_crosses_per_game_overall,accurate_crosses_per_90_overall,accurate_crosses_per90_percentile_overall,games_started_percentile_overall,games_subbed_in_percentile_overall,games_subbed_out_percentile_overall,hattricks_total_overall,two_goals_in_a_game_total_overall,three_goals_in_a_game_total_overall,two_goals_in_a_game_percentage_overall,three_goals_in_a_game_percentage_overall,goals_involved_per90_percentile_overall,goals_per90_percentile_overall,goals_per90_percentile_away,goals_per90_percentile_home,man_of_the_match_total_overall,annual_salary_eur_percentile,clean_sheets_percentage_percentile_overall,min_per_card_percentile_overall,cards_per90_percentile_overall,booked_over05_overall,booked_over05_percentage_overall,booked_over05_percentage_percentile_overall,shirt_number,annual_salary_gbp,annual_salary_usd
Abner Salles da Silva,22,1082358000,2004/04/19,Serie B,2023,Defender,Juventude,0,0,0,Brazil,0,0,0,0,0,0,0,0,0,0,0,0,0,0,0,0,0,1,0,0,0,0,0,0,0,0,0,0,0,0,0,-1,-1,-1,-1,N/A,N/A,N/A,N/A,N/A,N/A,N/A,N/A,N/A,N/A,N/A,N/A,N/A,N/A,N/A,N/A,N/A,N/A,N/A,N/A,N/A,N/A,N/A,N/A,N/A,N/A,N/A,N/A,N/A,N/A,N/A,N/A,N/A,N/A,N/A,N/A,N/A,N/A,N/A,N/A,N/A,N/A,N/A,N/A,N/A,N/A,N/A,N/A,N/A,N/A,N/A,N/A,N/A,N/A,N/A,N/A,N/A,N/A,N/A,N/A,N/A,N/A,N/A,N/A,N/A,N/A,N/A,N/A,N/A,N/A,N/A,N/A,N/A,N/A,N/A,N/A,N/A,N/A,N/A,N/A,N/A,N/A,N/A,N/A,N/A,N/A,N/A,N/A,N/A,N/A,N/A,N/A,N/A,N/A,N/A,N/A,N/A,N/A,N/A,N/A,N/A,N/A,N/A,N/A,N/A,N/A,N/A,N/A,N/A,N/A,N/A,N/A,N/A,N/A,N/A,N/A,N/A,N/A,N/A,N/A,N/A,N/A,N/A,N/A,N/A,N/A,N/A,N/A,N/A,N/A,N/A,N/A,N/A,N/A,N/A,N/A,N/A,N/A,N/A,N/A,N/A,N/A,N/A,N/A,N/A,N/A,N/A,N/A,N/A,N/A,N/A,N/A,N/A,N/A,N/A,N/A,N/A,N/A,N/A,N/A,N/A,N/A,N/A,N/A,N/A,N/A,N/A,N/A,N/A,N/A,N/A,N/A,N/A,N/A,N/A,N/A,N/A,N/A,N/A,N/A,N/A,N/A,N/A,N/A,N/A,N/A,N/A,N/A,N/A,N/A,N/A,N/A,N/A,N/A,N/A,N/A,N/A,N/A,N/A,N/A,N/A,N/A,N/A,N/A,N/A,N/A,N/A,N/A,N/A,N/A,N/A,N/A,N/A,N/A,N/A,N/A,N/A,N/A,N/A,N/A,N/A,N/A,N/A,N/A
Adriano Martins da Fonseca,29,859881600,1997/04/01,Serie B,2023,Defender,Novorizontino,3012,1436,1576,Brazil,35,17,18,1,0,1,0,0,0,0,0,15,9,6,23,7,16,6,1,0.03,0,0.03,0,0.06,3012,0.69,131,86,502,0,0.18,272,434,51,10,0,6.97,0,51,45.12,43.09,78,1465,33.68,1145,51,35.27,74,0.00,0.00,0.18,6,0.00,0.24,1.51,1.44,49,0.00,0.09,0.00,0.00,0.00,1.88,0.24,0.00,21.00,0.65,0.38,0.41,0.00,0.24,0.04,0.00,2.00,0.00,0.00,0,0,,21,0.62,46,8,0.25,52,13,0.40,43,1,1,33,66,0.00,99,0,64,1.97,97,8,32,0.25,30,0,0.00,99,0,0.00,0,0,0.00,0,0.18,16,14,0.43,28,8,0.25,57.14,0,0.00,0,0,0,0.00,0,0,0.00,78,0.00,0,N/A,N/A,N/A,N/A,0.00,0,0.00,0,1.38,0.00,0,78.16,38.10,54,57,0.44,0.46,15,33,65,0,0,0,0.35,0.37,12,70,236.87,2.88,3.02,98,0,0.00,0.00,99,0.00,0,0,0,0.00,0.00,0,0.00,0.00,0.06,0.06,2,0,4.76,51,96,95,99,79,3.00,36,0.09,0.09,1.38,49,0.04,0.04,26,21,0.62,0.65,1.48,1.41,54,48,0.04,47,82,83,71,0,53,86,0,0.00,99,68,0.00,2.09,7.85,7.50,255,146,51,37,4.50,4.29,57.25,3,0.09,85,0,0.00,0,0.00,99,0,0.00,0.00,32,94,30,33,0,0,0,0,0,35,50,66,59,0,99,77,74,35,5,14,47,4,0,0
Agustín Rodríguez da Luz,26,958633200,2000/05/18,Serie B,2023,Midfielder,ABC,59,59,0,Uruguay,1,1,0,0,0,0,0,0,0,0,0,0,0,0,1,1,0,0,0,0,0,0,0,0,0,1.53,59,59,0,0,0,-1,-1,-1,17,0,0.00,0,51,0.00,0.00,0,0,0.00,0,0,0.00,0,0.00,0.00,0.00,0,0.00,0.00,0.00,0.00,0,0.00,0.00,0.00,0.00,0.00,0.00,0.00,0.00,0.00,0.00,0.00,0.00,0.00,0.00,0.00,0.00,0.00,0.00,0.00,0,0,,0,0.00,9,0,0.00,21,0,0.00,10,2,0,1,4,0.00,99,0,0,0.00,9,0,32,0.00,14,0,0.00,99,0,0.00,0,0,0.00,0,0.00,6,0,0.00,8,0,0.00,0.00,0,0.00,0,0,0,0.00,0,0,0.00,3,0.00,0,N/A,N/A,N/A,N/A,0.00,0,0.00,0,0.00,0.00,0,0.00,0.00,21,99,0.00,0.00,0,12,12,0,0,0,0.00,0.00,0,20,0.00,0.00,0.00,0,0,0.00,0.00,99,0.00,0,0,0,0.00,0.00,0,0.00,0.00,0.00,0.00,0,0,0.00,48,0,0,48,4,0.00,0,0.00,0.00,0.00,14,0.00,0.00,1,0,0.00,0.00,0.00,0.00,4,0,0.00,13,0,2,71,0,45,2,0,0.00,99,0,0.00,0.00,0.00,0.00,0,0,0,0,0.00,0.00,0.00,0,0.00,99,0,0.00,0,0.00,99,0,0.00,0.00,32,0,19,53,0,0,0,0,0,34,48,65,59,0,99,1,8,8,0,0,10,18,0,0
Airton Moisés Santos Sousa,27,917942400,1999/02/02,Serie B,2023,Forward,Atlético GO,984,428,556,Brazil,29,14,15,0,0,0,3,2,1,0,0,10,5,5,8,1,7,5,2,0.27,0.27,0,0,0,0,0.73,123,34,141,328,0.64,405,22,-1,31,0,6.70,0.1,97,27.86,10.68,33,299,7.71,216,20,20.12,30,0.00,0.00,0.93,26,0.00,2.39,1.30,0.50,14,0.00,0.39,0.00,0.00,0.00,0.11,0.89,0.00,0.00,1.58,0.32,1.71,0.00,0.29,0.03,0.00,0.32,0.00,0.00,0,0,,17,0.61,79,8,0.75,81,9,0.84,78,7,23,5,57,0.00,99,0,3,0.28,25,67,70,6.24,97,0,0.00,99,0,0.00,0,0,0.00,0,2.42,96,48,4.47,98,25,2.33,52.08,0,0.00,0,0,0,0.00,0,0,0.00,71,0.00,0,N/A,N/A,N/A,N/A,0.00,0,0.00,0,0.81,0.00,0,72.24,47.06,73,56,0.18,0.47,5,98,57,0,0,0,0.00,0.00,0,20,187.54,0.18,0.47,5,0,0.00,0.00,99,0.00,0,0,1,0.04,0.09,0,0.00,0.00,0.09,0.04,1,0,0.00,48,39,75,48,70,3.17,98,0.11,0.30,0.81,63,0.03,0.08,82,24,0.86,2.24,1.96,0.75,78,21,0.08,61,28,20,91,0,59,41,0,0.00,99,9,0.00,0.84,13.98,5.36,150,72,92,93,6.71,2.57,48.00,11,1.02,25,0,26.87,0,0.00,99,18,0.64,1.68,97,11,99,98,0,0,0,0,0,78,48,65,59,0,99,45,12,96,3,10,33,7,0,0
Airton Moraes Michellon,31,770194800,1994/05/29,Serie B,2023,Goalkeeper,Chapecoense,2746,1350,1396,Brazil,31,15,16,0,0,0,0,0,0,0,0,8,5,3,26,8,18,2,0,0,0,0,0,0,0,0.85,106,89,1373,0,0.07,373,374,98,28,0,7.07,0,51,24.26,23.87,24,716,16.23,487,10,16.50,21,0.00,0.00,0.00,0,0.00,0.00,0.00,0.00,0,0.00,0.00,0.00,0.00,3.30,0.00,0.00,4.33,0.00,0.00,0.00,0.00,0.00,0.00,0.00,0.00,0.17,0.00,0.00,0,0,,0,0.00,9,0,0.00,21,0,0.00,10,1,0,30,4,0.00,99,0,0,0.00,9,0,32,0.00,14,0,0.00,99,0,0.00,0,0,0.00,0,0.00,6,0,0.00,8,0,0.00,0.00,0,0.00,0,99,74,3.35,97,130,0.00,55,4.41,82,N/A,N/A,N/A,N/A,76.15,0,0.00,0,0.00,0.00,0,68.02,0.00,21,99,0.00,0.00,0,12,12,0,0,54,0.00,0.00,0,20,211.99,1.03,1.05,31,2,0.00,0.07,6,0.07,3,0,0,0.00,0.00,19,0.63,0.64,0.00,0.00,0,0,0.00,48,92,83,48,55,0.99,6,0.03,0.03,0.00,14,0.00,0.00,3,3,0.10,0.10,0.07,0.07,6,2,0.00,13,91,46,71,52,45,5,0,0.00,99,5,0.00,0.17,0.34,0.33,10,7,2,2,0.24,0.23,70.00,0,0.00,99,0,0.00,0,0.00,99,0,0.00,0.00,32,90,19,33,0,0,0,0,0,34,48,65,59,0,99,23,97,12,2,6,19,1,0,0
Alan Henrique Costa,35,657273600,1990/10/30,Serie B,2023,Defender,Avaí,1790,620,1170,Brazil,22,9,13,0,0,0,0,0,0,0,0,8,3,5,21,5,16,2,0,0,0,0,0,0,0,1.06,85,81,895,0,0.1,427,423,151,41,0,6.77,0,51,55.22,49.67,96,1043,41.52,872,82,46.16,95,0.00,0.00,0.19,4,0.00,0.19,0.64,0.57,12,0.00,0.19,0.00,0.00,0.00,1.14,0.10,0.00,0.00,0.16,0.10,0.14,0.00,0.05,0.00,0.00,1.81,0.00,0.00,0,0,,3,0.14,13,1,0.05,24,2,0.11,13,0,3,18,24,0.00,99,0,24,1.27,78,4,32,0.21,27,0,0.00,99,0,0.00,0,0,0.00,0,0.21,18,3,0.16,16,2,0.11,66.67,0,0.00,0,0,0,0.00,0,0,0.00,29,0.00,0,N/A,N/A,N/A,N/A,0.00,0,0.00,0,0.10,0.00,0,83.60,33.33,49,78,0.24,0.26,5,17,83,0,0,0,0.62,0.69,13,88,142.10,4.43,4.92,93,2,0.00,0.11,4,0.10,0,0,0,0.00,0.00,0,0.00,0.00,0.00,0.00,0,0,0.00,48,68,54,48,30,1.80,45,0.09,0.10,0.10,27,0.00,0.01,7,4,0.19,0.21,0.64,0.57,14,12,0.01,26,45,97,71,0,45,84,0,0.00,99,38,0.00,2.01,5.03,4.52,95,56,16,11,2.96,2.67,58.95,4,0.21,75,0,0.00,0,0.00,99,0,0.00,0.00,32,63,50,9,0,0,0,0,0,34,48,65,59,0,99,52,93,16,2,9,29,19,0,0
Alan Luciano Ruschel,36,619858800,1989/08/23,Serie B,2023,Defender,Juventude,2488,1375,1113,Brazil,32,18,14,3,1,2,1,1,0,0,0,16,8,8,19,10,9,5,0,0.14,0.04,0.11,0.07,0.16,829,0.69,131,78,498,2488,0.18,183,234,46,5,0,6.94,0.03,57,43.93,37.70,75,1131,29.17,875,47,33.99,71,0.00,0.00,1.33,40,0.00,2.77,2.18,1.87,56,0.00,0.73,0.00,0.00,0.00,1.07,0.20,0.00,4.00,0.47,0.20,1.03,0.00,0.20,0.08,0.00,0.90,0.00,0.00,0,0,,12,0.40,33,6,0.23,49,6,0.23,23,2,3,27,92,0.00,99,0,32,1.24,76,83,78,3.22,81,0,0.00,99,0,0.00,0,0,0.00,0,1.55,85,31,1.20,60,6,0.23,19.35,0,0.00,0,0,0,0.00,0,0,0.00,78,0.00,0,N/A,N/A,N/A,N/A,0.00,0,0.00,0,2.27,0.00,0,77.37,50.00,83,38,0.57,0.66,17,31,14,0,0,0,0.10,0.12,3,36,208.23,1.07,1.24,32,0,0.00,0.00,99,0.00,0,0,0,0.00,0.00,0,0.00,0.00,0.19,0.17,5,0,25.00,94,87,86,82,79,3.58,68,0.12,0.14,2.27,65,0.08,0.09,74,48,1.60,1.86,1.48,1.27,54,38,0.09,63,78,53,71,0,78,51,0,0.00,99,27,0.00,1.05,10.25,8.80,264,136,73,66,5.28,4.53,51.52,22,0.85,33,0,28.92,0,0.00,99,24,0.80,0.93,84,84,50,53,0,0,0,0,0,58,68,79,62,0,99,92,73,35,5,16,53,28,0,0
Alan Ruiz,32,745743600,1993/08/19,Serie B,2023,Midfielder,Sport Recife,816,390,426,Argentina,17,8,9,2,1,1,1,1,0,0,0,6,3,3,8,3,5,4,0,0.33,0.11,0.22,0.23,0.21,408,0.88,102,48,204,816,0.44,83,124,-1,11,0,6.84,0.06,78,30.11,16.06,39,273,12.12,206,35,22.72,38,0.00,0.00,0.71,12,0.00,2.24,0.77,0.41,7,0.00,0.53,0.00,0.00,0.00,0.06,0.59,0.00,6.50,1.43,0.35,0.94,0.00,0.41,0.10,0.00,0.94,0.00,0.00,0,0,,13,0.76,75,7,0.77,83,6,0.66,68,6,8,9,32,0.00,99,0,1,0.11,12,38,88,4.19,90,0,0.00,99,0,0.00,0,0,0.00,0,1.32,78,16,1.76,76,10,1.10,62.50,0,0.00,0,0,0,0.00,0,0,0.00,52,0.00,0,N/A,N/A,N/A,N/A,0.00,0,0.00,0,1.74,0.00,0,75.46,53.85,85,38,0.35,0.66,6,86,76,0,0,0,0.00,0.00,0,20,116.33,0.41,0.77,7,0,0.00,0.00,99,0.00,0,0,0,0.00,0.00,0,0.00,0.00,0.00,0.00,0,0,15.38,82,29,38,63,52,1.52,80,0.09,0.17,1.74,88,0.10,0.19,89,23,1.35,2.54,2.54,1.35,92,23,0.19,84,59,35,71,0,45,78,0,0.00,99,16,0.00,1.76,12.90,6.88,117,56,87,89,6.18,3.29,47.86,9,0.99,25,0,36.84,0,0.00,99,14,0.82,1.54,95,33,79,94,0,0,0,0,0,85,86,84,84,0,99,48,26,82,4,24,75,8,0,0
Alan Santos da Silva,35,672476400,1991/04/24,Serie B,2023,Defender,Guarani,2098,1072,1026,Brazil,24,12,12,0,0,0,0,0,0,0,0,9,5,4,16,8,8,8,2,0,0,0,0,0,0,0.69,131,87,233,0,0.39,527,523,45,25,0,7.22,0,51,61.00,59.17,99,1361,51.65,1188,97,53.25,99,0.00,0.00,0.22,5,0.00,0.09,0.85,0.83,19,0.00,0.09,0.00,0.00,0.00,1.04,0.17,0.00,0.00,0.31,0.09,0.17,0.00,0.22,0.01,0.00,2.26,0.00,0.00,0,0,,7,0.30,20,5,0.22,47,2,0.09,12,1,0,23,35,0.00,99,0,24,1.08,67,2,32,0.09,19,0,0.00,99,0,0.00,0,0,0.00,0,0.22,19,4,0.18,18,4,0.18,100.00,0,0.00,0,0,0,0.00,0,0,0.00,78,0.00,0,N/A,N/A,N/A,N/A,0.00,0,0.00,0,0.29,0.00,0,87.29,71.43,97,69,0.35,0.36,8,27,99,0,0,0,0.65,0.67,15,87,166.08,4.52,4.66,104,1,0.00,0.04,12,0.04,0,0,0,0.00,0.00,0,0.00,0.00,0.04,0.04,1,0,0.00,48,78,61,48,79,2.94,61,0.13,0.13,0.29,27,0.01,0.01,13,8,0.35,0.36,1.30,1.26,44,29,0.01,26,96,95,71,0,50,90,0,0.00,99,52,0.00,2.33,6.77,6.57,151,83,30,24,3.72,3.61,54.97,2,0.09,85,0,0.00,0,0.00,99,0,0.00,0.00,32,75,19,33,0,0,0,0,0,34,48,65,59,0,99,59,34,75,6,25,79,12,0,0
Alejandro Santana Viniegra,24,1013587200,2002/02/13,Serie B,2023,Midfielder,Ituano,360,171,189,Brazil,9,3,6,0,0,0,0,0,0,0,0,3,1,2,5,1,4,2,0,0,0,0,0,0,0,1.25,72,40,180,0,0.5,453,451,-1,24,0,6.45,0,51,27.61,13.50,33,108,10.62,85,55,21.73,35,0.00,0.00,1.12,9,0.00,0.75,1.53,0.75,6,0.00,2.12,0.00,0.00,0.00,0.12,0.62,0.00,0.00,1.28,0.38,1.50,0.00,0.25,0.03,0.00,0.25,0.00,0.00,0,0,,5,0.62,69,2,0.51,70,3,0.77,73,1,4,4,68,0.00,99,0,1,0.26,23,6,98,1.53,59,0,0.00,99,0,0.00,0,0,0.00,0,2.30,95,12,3.07,94,5,1.28,41.67,0,0.00,0,0,0,0.00,0,0,0.00,14,0.00,0,N/A,N/A,N/A,N/A,0.00,0,0.00,0,0.20,0.00,0,78.70,40.00,60,5,0.62,1.28,5,90,35,0,0,0,0.00,0.00,0,20,51.58,0.12,0.26,1,0,0.00,0.00,99,0.00,0,0,0,0.00,0.00,0,0.00,0.00,0.26,0.12,1,0,0.00,48,0,8,48,14,0.55,68,0.07,0.14,0.20,53,0.03,0.05,71,7,0.88,1.79,3.58,1.75,99,14,0.05,51,9,10,71,0,82,25,0,0.00,99,2,0.00,0.51,16.62,8.12,65,20,69,98,5.11,2.50,30.77,17,4.35,0,0,66.67,0,0.00,99,4,0.50,1.02,88,8,56,33,0,0,0,0,0,34,48,65,59,0,99,45,21,87,2,22,70,18,0,0
Alex da Silva,32,768985200,1994/05/15,Serie B,2023,Defender,ABC,793,426,367,Brazil,10,5,5,0,0,0,0,0,0,0,0,3,2,1,6,3,3,3,1,0,0,0,0,0,0,0.68,132,79,264,0,0.34,346,358,43,12,0,6.80,0,51,44.17,38.33,76,345,28.78,259,33,33.16,67,0.00,0.00,0.33,3,0.00,1.22,1.79,1.56,14,0.00,0.44,0.00,0.00,0.00,1.33,0.89,0.00,0.00,0.13,0.11,1.67,0.00,0.00,0.00,0.00,2.78,0.00,0.00,0,0,,1,0.11,12,0,0.00,21,1,0.13,15,2,1,8,79,0.00,99,0,12,1.54,88,11,45,1.41,58,0,0.00,99,0,0.00,0,0,0.00,0,0.38,27,15,1.92,81,8,1.02,53.33,0,0.00,0,0,0,0.00,0,0,0.00,81,0.00,0,N/A,N/A,N/A,N/A,0.00,0,0.00,0,0.03,0.00,0,75.07,0.00,21,30,0.67,0.77,6,83,59,0,0,0,0.22,0.26,2,60,61.18,2.33,2.69,21,0,0.00,0.00,99,0.00,0,0,0,0.00,0.00,0,0.00,0.00,0.26,0.22,2,0,0.00,48,28,12,48,80,0.72,36,0.08,0.09,0.03,14,0.00,0.00,78,16,1.78,2.05,2.56,2.22,93,20,0.00,13,52,81,71,0,82,98,0,0.00,99,25,0.00,3.20,13.95,12.11,109,63,98,93,8.07,7.00,57.80,4,0.51,57,0,18.18,0,0.00,99,2,0.22,0.26,56,28,30,53,0,0,0,0,0,34,48,65,59,0,99,33,42,67,2,20,65,17,0,0
Alex Roberto Santana Rafael,36,626688000,1989/11/10,Serie B,2023,Goalkeeper,Mirassol,3420,1710,1710,Brazil,38,19,19,0,0,0,0,0,0,0,0,17,10,7,25,9,16,2,0,0,0,0,0,0,0,0.66,137,90,1710,0,0.05,386,383,35,20,0,6.84,0,51,21.62,21.62,17,800,17.89,662,79,17.89,25,0.00,0.00,0.03,1,0.00,0.05,0.05,0.05,2,0.00,0.00,0.00,0.00,2.35,0.05,0.00,3.19,0.00,0.00,0.00,0.00,0.00,0.00,0.00,0.00,0.35,0.00,0.00,0,0,,0,0.00,9,0,0.00,21,0,0.00,10,0,0,37,5,0.00,99,0,2,0.05,9,2,97,0.05,16,0,0.00,99,0,0.00,0,0,0.00,0,0.03,8,0,0.00,8,0,0.00,0.00,0,0.00,0,87,44,2.35,29,118,0.00,83,3.19,24,N/A,N/A,N/A,N/A,73.73,0,0.00,0,0.00,0.00,0,82.75,0.00,21,99,0.00,0.00,0,12,12,0,0,39,0.00,0.00,0,20,253.25,1.24,1.24,46,0,0.00,0.00,99,0.00,0,0,0,0.00,0.00,24,0.65,0.65,0.00,0.00,0,0,0.00,48,99,99,48,83,1.51,8,0.04,0.04,0.00,14,0.00,0.00,4,4,0.11,0.11,0.00,0.00,4,0,0.00,13,59,53,71,55,45,14,0,0.00,99,13,0.00,0.35,0.49,0.49,18,17,5,4,0.46,0.46,94.44,0,0.00,99,0,50.00,0,0.00,99,1,0.03,0.03,33,99,19,9,0,0,0,0,0,34,48,65,59,0,99,83,99,10,2,5,14,1,0,0
Alex Sandro de Oliveira,30,808902000,1995/08/20,Serie B,2023,Forward,Tombense,1228,685,543,Brazil,27,14,13,6,3,3,5,4,1,0,0,4,3,1,16,8,8,3,0,0.81,0.37,0.44,0.39,0.5,205,1.17,77,45,409,246,0.22,17,6,-1,2,0,7.01,0.19,99,20.53,10.62,15,276,8.27,215,51,15.99,20,0.00,0.00,0.62,16,0.00,0.58,0.60,0.31,8,0.00,0.42,0.00,0.00,0.00,0.04,0.35,0.00,5.00,2.23,0.54,0.77,0.00,0.62,0.18,0.00,0.42,0.00,0.00,0,0,,30,1.15,97,16,1.19,98,14,1.04,87,3,16,10,21,0.00,99,0,1,0.07,10,15,51,1.12,55,0,0.00,99,0,0.00,0,0,0.00,0,1.19,72,20,1.49,70,9,0.67,45.00,0,0.00,0,0,0,0.00,0,0,0.00,19,0.00,0,N/A,N/A,N/A,N/A,0.00,0,0.00,0,4.65,0.00,0,77.90,53.33,84,83,0.12,0.22,3,67,39,0,0,0,0.00,0.00,0,20,182.18,0.31,0.60,8,0,0.00,0.00,99,0.00,0,0,2,0.08,0.15,0,0.00,0.00,0.67,0.35,9,0,20.00,90,49,70,52,19,4.05,98,0.16,0.30,4.65,99,0.18,0.35,59,20,0.77,1.49,0.89,0.46,23,12,0.35,98,86,25,97,0,96,39,0,0.00,99,11,0.00,0.82,7.29,3.77,98,48,27,31,3.57,1.85,48.98,11,0.82,36,0,20.00,0,0.00,99,3,0.12,0.22,55,38,95,70,0,1,0,4,0,99,97,97,92,0,99,6,64,46,3,11,37,19,0,0
Alexander Silva de Lucena,26,928134000,1999/05/31,Serie B,2023,Goalkeeper,Avaí,364,274,90,Brazil,5,4,1,0,0,0,0,0,0,0,0,2,1,1,3,3,0,1,1,0,0,0,0,0,0,0.74,121,73,182,0,0.49,418,416,64,35,0,6.25,0,51,19.53,15.80,11,79,10.00,50,4,12.36,8,0.00,0.00,0.00,0,0.00,0.00,0.00,0.00,0,0.00,0.20,0.00,0.00,1.80,0.00,0.00,2.40,0.00,0.00,0.00,0.00,0.00,0.00,0.00,0.00,0.20,0.00,0.00,0,0,,0,0.00,9,0,0.00,21,0,0.00,10,0,0,5,4,0.00,99,0,0,0.00,9,0,32,0.00,14,0,0.00,99,0,0.00,0,0,0.00,0,0.00,6,0,0.00,8,0,0.00,0.00,0,0.00,0,9,62,2.23,18,12,0.00,69,2.97,15,N/A,N/A,N/A,N/A,75.00,0,0.00,0,0.00,0.00,0,63.29,0.00,21,99,0.00,0.00,0,12,12,0,0,4,0.00,0.00,0,20,31.26,0.80,0.99,4,0,0.00,0.00,99,0.00,1,0,0,0.00,0.00,0,0.00,0.00,0.00,0.00,0,0,0.00,48,0,1,48,69,0.11,6,0.02,0.03,0.00,14,0.00,0.00,18,2,0.40,0.49,0.25,0.20,8,1,0.00,13,4,43,71,0,45,10,0,0.00,99,1,0.00,0.25,1.24,1.00,5,3,7,8,0.74,0.60,60.00,1,0.25,72,0,0.00,0,0.00,99,0,0.00,0.00,32,11,19,9,0,0,0,0,0,34,48,65,59,0,99,67,21,87,0,0,10,53,0,0
Alexandre Jesus,24,1000623600,2001/09/16,Serie B,2023,Forward,Tombense,628,314,314,Brazil,12,5,7,1,0,1,0,0,0,0,0,3,2,1,13,4,9,1,0,0.14,0,0.14,0,0.29,628,1.86,48,52,628,0,0.14,148,361,-1,13,0,6.76,0,51,20.21,11.75,14,141,9.00,108,43,15.48,18,0.00,0.00,0.83,10,0.00,1.00,1.00,0.58,7,0.00,0.33,0.00,0.00,0.00,0.08,0.75,0.00,12.00,1.72,0.58,1.25,0.00,0.42,0.09,0.00,0.42,0.00,0.00,0,0,,12,1.00,84,5,0.72,79,7,1.00,86,2,5,7,43,0.00,99,0,1,0.14,14,12,32,1.72,63,0,0.00,99,0,0.00,0,0,0.00,0,1.43,82,15,2.15,85,9,1.29,60.00,0,0.00,0,0,0,0.00,0,0,0.00,1,0.00,0,N/A,N/A,N/A,N/A,0.00,0,0.00,0,1.06,0.00,0,76.60,41.67,62,61,0.25,0.43,3,91,73,0,0,0,0.00,0.00,0,20,81.10,0.42,0.72,5,0,0.00,0.00,99,0.00,0,0,0,0.00,0.00,0,0.00,0.00,0.29,0.17,2,0,8.33,63,18,20,75,1,0.62,36,0.05,0.09,1.06,80,0.09,0.15,68,12,1.00,1.72,1.43,0.83,51,10,0.15,78,44,33,71,0,83,34,0,0.00,99,5,0.00,0.72,9.17,5.33,64,33,58,51,4.73,2.75,51.56,4,0.57,52,0,0.00,0,0.00,99,0,0.00,0.00,32,22,64,53,0,0,0,0,0,58,74,89,59,0,99,22,84,24,0,0,10,20,0,0
Alexandre Rodrigues Soares,36,642150000,1990/05/08,Serie B,2023,Defender,Londrina,299,179,120,Brazil,4,2,2,0,0,0,0,0,0,0,0,1,1,0,5,2,3,0,0,0,0,0,0,0,0,1.51,60,75,0,0,0,522,542,216,32,0,6.74,0,51,40.94,34.00,66,136,23.25,93,11,27.99,53,0.00,0.00,0.50,2,0.00,0.25,1.20,1.00,4,0.00,0.00,0.00,0.00,0.00,1.50,0.00,0.00,0.00,0.60,0.25,0.00,0.00,0.25,0.03,0.00,2.75,0.00,0.00,0,0,,2,0.50,43,1,0.30,55,1,0.30,29,2,1,3,51,0.00,99,0,6,1.81,95,1,32,0.30,32,0,0.00,99,0,0.00,0,0,0.00,0,0.60,39,0,0.00,8,0,0.00,0.00,0,0.00,0,0,0,0.00,0,0,0.00,4,0.00,0,N/A,N/A,N/A,N/A,0.00,0,0.00,0,0.10,0.00,0,68.38,50.00,83,99,0.00,0.00,0,12,12,0,0,0,0.25,0.30,1,65,26.95,2.75,3.31,11,0,0.00,0.00,99,0.00,0,0,0,0.00,0.00,0,0.00,0.00,0.00,0.00,0,0,0.00,48,0,0,48,5,0.23,19,0.06,0.07,0.10,45,0.03,0.03,10,1,0.25,0.30,1.51,1.25,56,5,0.03,43,40,84,71,0,45,98,0,0.00,99,11,0.00,3.31,6.92,5.75,23,16,62,25,4.82,4.00,69.57,0,0.00,99,0,0.00,0,0.00,99,0,0.00,0.00,32,3,30,53,0,0,0,0,0,34,48,65,59,0,99,22,8,8,0,0,10,4,0,0
Alexis Iván Alvariño,25,981014400,2001/02/01,Serie B,2023,Defender,Guarani,953,327,626,Argentina,13,5,8,0,0,0,0,0,0,0,0,5,3,2,6,1,5,3,0,0,0,0,0,0,0,0.57,159,73,318,0,0.28,430,427,15,24,0,6.71,0,51,49.49,42.75,87,513,34.67,416,68,40.13,85,0.00,0.00,0.17,2,0.00,0.17,0.96,0.83,10,0.00,0.75,0.00,0.00,0.00,1.33,0.25,0.00,0.00,0.29,0.08,0.58,0.00,0.17,0.01,0.00,1.00,0.00,0.00,0,0,,3,0.25,19,2,0.19,43,1,0.10,13,1,2,10,40,0.00,99,0,16,1.54,88,2,32,0.19,27,0,0.00,99,0,0.00,0,0,0.00,0,0.19,16,7,0.68,38,3,0.29,42.86,0,0.00,0,0,0,0.00,0,0,0.00,92,0.00,0,N/A,N/A,N/A,N/A,0.00,0,0.00,0,0.16,0.00,0,81.09,66.67,96,45,0.50,0.58,6,35,37,0,0,0,0.33,0.39,4,73,80.49,3.00,3.47,36,0,0.00,0.00,99,0.00,0,0,0,0.00,0.00,0,0.00,0.00,0.00,0.00,0,0,0.00,48,36,24,48,92,0.80,27,0.07,0.08,0.16,38,0.01,0.02,34,8,0.67,0.77,1.35,1.17,48,14,0.02,37,32,85,71,0,45,56,0,0.00,99,12,0.00,1.16,7.04,6.08,73,33,20,28,3.18,2.75,45.21,9,0.87,31,0,0.00,0,0.00,99,0,0.00,0.00,32,38,39,33,0,0,0,0,0,34,48,65,59,0,99,59,52,57,3,23,73,14,0,0
Alfredo Aguilar,37,585212400,1988/07/18,Serie B,2023,Goalkeeper,Ceará,0,0,0,Paraguay,0,0,0,0,0,0,0,0,0,0,0,0,0,0,0,0,0,0,0,0,0,0,0,0,0,0,0,0,0,0,0,-1,-1,-1,-1,N/A,N/A,N/A,N/A,N/A,N/A,N/A,N/A,N/A,N/A,N/A,N/A,N/A,N/A,N/A,N/A,N/A,N/A,N/A,N/A,N/A,N/A,N/A,N/A,N/A,N/A,N/A,N/A,N/A,N/A,N/A,N/A,N/A,N/A,N/A,N/A,N/A,N/A,N/A,N/A,N/A,N/A,N/A,N/A,N/A,N/A,N/A,N/A,N/A,N/A,N/A,N/A,N/A,N/A,N/A,N/A,N/A,N/A,N/A,N/A,N/A,N/A,N/A,N/A,N/A,N/A,N/A,N/A,N/A,N/A,N/A,N/A,N/A,N/A,N/A,N/A,N/A,N/A,N/A,N/A,N/A,N/A,N/A,N/A,N/A,N/A,N/A,N/A,N/A,N/A,N/A,N/A,N/A,N/A,N/A,N/A,N/A,N/A,N/A,N/A,N/A,N/A,N/A,N/A,N/A,N/A,N/A,N/A,N/A,N/A,N/A,N/A,N/A,N/A,N/A,N/A,N/A,N/A,N/A,N/A,N/A,N/A,N/A,N/A,N/A,N/A,N/A,N/A,N/A,N/A,N/A,N/A,N/A,N/A,N/A,N/A,N/A,N/A,N/A,N/A,N/A,N/A,N/A,N/A,N/A,N/A,N/A,N/A,N/A,N/A,N/A,N/A,N/A,N/A,N/A,N/A,N/A,N/A,N/A,N/A,N/A,N/A,N/A,N/A,N/A,N/A,N/A,N/A,N/A,N/A,N/A,N/A,N/A,N/A,N/A,N/A,N/A,N/A,N/A,N/A,N/A,N/A,N/A,N/A,N/A,N/A,N/A,N/A,N/A,N/A,N/A,N/A,N/A,N/A,N/A,N/A,N/A,N/A,N/A,N/A,N/A,N/A,N/A,N/A,N/A,N/A,N/A,N/A,N/A,N/A,N/A,N/A,N/A,N/A,N/A,N/A,N/A,N/A,N/A,N/A,N/A,N/A,N/A,N/A
Alisson Agostinho Cassiano da Silva,31,770108400,1994/05/28,Serie B,2023,Defender,Sport Recife,593,193,400,Brazil,10,3,7,0,0,0,0,0,0,0,0,4,2,2,4,1,3,4,0,0,0,0,0,0,0,0.61,148,59,148,0,0.61,313,264,22,22,0,5.94,0,51,44.77,29.50,78,295,22.70,227,44,34.45,71,0.00,0.00,0.30,3,0.00,0.00,0.76,0.50,5,0.00,0.10,0.00,0.00,0.00,0.50,0.00,0.00,0.00,0.46,0.30,0.10,0.00,0.00,0.01,0.00,1.30,0.00,0.00,0,0,,3,0.30,33,0,0.00,21,3,0.46,50,0,4,6,32,0.00,99,0,5,0.76,50,0,32,0.00,14,0,0.00,99,0,0.00,0,0,0.00,0,0.46,31,1,0.15,16,0,0.00,0.00,0,0.00,0,0,0,0.00,0,0,0.00,88,0.00,0,N/A,N/A,N/A,N/A,0.00,0,0.00,0,0.07,0.00,0,76.95,0.00,21,75,0.20,0.30,2,12,12,0,0,0,0.30,0.46,3,77,59.42,1.70,2.58,17,0,0.00,0.00,99,0.00,0,0,0,0.00,0.00,0,0.00,0.00,0.00,0.00,0,0,0.00,48,16,12,48,88,0.67,45,0.07,0.10,0.07,27,0.01,0.01,10,2,0.20,0.30,1.52,1.00,57,10,0.01,26,2,81,71,0,45,83,0,0.00,99,13,0.00,1.97,6.83,4.50,45,20,18,25,3.04,2.00,44.44,1,0.15,79,0,0.00,0,0.00,99,0,0.00,0.00,32,17,56,9,0,0,0,0,0,34,48,65,59,0,99,67,13,95,4,40,96,12,0,0
Alisson Alves Farias,30,828864000,1996/04/07,Serie B,2023,Forward,Chapecoense,1567,871,696,Brazil,24,14,10,4,0,4,0,0,0,1,0,3,2,1,16,7,9,2,0,0.23,0,0.23,0,0.52,392,0.92,98,65,784,0,0.11,78,367,-1,2,0,6.89,0,51,28.03,20.33,34,488,16.29,391,63,22.46,37,0.00,0.00,1.12,27,0.00,1.92,0.75,0.54,13,0.00,1.12,0.00,0.00,0.00,0.33,0.92,0.00,8.75,2.01,0.83,1.71,0.00,0.62,0.15,0.00,0.12,0.00,0.00,0,0,,35,1.46,93,15,0.86,89,20,1.15,92,4,5,19,31,0.00,99,0,8,0.46,35,46,55,2.64,74,0,0.00,99,0,0.00,0,0,0.00,0,1.55,85,41,2.35,88,22,1.26,53.66,0,0.00,0,0,0,0.00,0,0,0.00,46,0.00,0,N/A,N/A,N/A,N/A,0.00,0,0.00,0,3.67,0.00,0,80.12,42.86,67,41,0.46,0.63,11,90,59,1,0,0,0.12,0.17,3,47,165.31,0.29,0.40,7,0,0.00,0.00,99,0.00,0,1,0,0.00,0.00,0,0.00,0.00,0.17,0.12,3,0,11.43,73,62,61,62,46,2.10,55,0.09,0.12,2.97,84,0.12,0.17,81,38,1.58,2.18,0.69,0.50,15,12,0.21,87,67,16,71,0,75,5,0,0.00,99,3,0.00,0.17,9.88,7.17,172,76,48,62,4.37,3.17,44.19,27,1.55,9,0,21.74,0,0.00,99,10,0.42,0.57,72,66,64,83,0,0,0,0,0,74,87,97,59,0,99,5,90,18,2,8,26,10,0,0
Alisson Machado dos Santos,30,802594800,1995/06/08,Serie B,2023,Goalkeeper,Criciúma,361,180,181,Brazil,5,2,3,0,0,0,0,0,0,0,0,2,0,2,3,2,1,0,0,0,0,0,0,0,0,0.75,120,72,0,0,0,515,506,68,22,0,6.90,0,51,26.43,21.20,30,106,14.40,72,10,17.95,25,0.00,0.00,0.00,0,0.00,0.00,0.00,0.00,0,0.00,0.00,0.00,0.00,1.80,0.00,0.00,2.40,0.00,0.00,0.00,0.00,0.00,0.00,0.00,0.00,0.20,0.00,0.00,0,0,,0,0.00,9,0,0.00,21,0,0.00,10,0,1,4,4,0.00,99,0,0,0.00,9,0,32,0.00,14,0,0.00,99,0,0.00,0,0,0.00,0,0.00,6,0,0.00,8,0,0.00,0.00,0,0.00,0,9,62,2.24,21,12,0.00,68,2.99,18,N/A,N/A,N/A,N/A,75.00,0,0.00,0,0.00,0.00,0,67.92,0.00,21,99,0.00,0.00,0,12,12,0,0,7,0.00,0.00,0,20,34.49,1.80,2.24,9,0,0.00,0.00,99,0.00,0,0,0,0.00,0.00,4,0.80,1.00,0.00,0.00,0,0,0.00,48,0,1,48,68,0.14,6,0.03,0.03,0.00,14,0.00,0.00,1,0,0.00,0.00,0.00,0.00,4,0,0.00,13,69,78,71,97,45,10,0,0.00,99,1,0.00,0.25,0.25,0.20,1,1,2,1,0.25,0.20,100.00,0,0.00,99,0,0.00,0,0.00,99,0,0.00,0.00,32,8,30,9,0,0,0,0,0,34,48,65,59,0,99,67,8,8,0,0,10,25,0,0
Alix Vinicius de Souza Sampaio,26,941875200,1999/11/06,Serie B,2023,Defender,Atlético GO,1216,676,540,Brazil,18,10,8,2,1,1,0,0,0,0,0,8,3,5,14,8,6,4,1,0.15,0,0.15,0.13,0.17,608,1.04,87,68,243,0,0.37,143,317,146,8,0,0.00,0,51,0.00,0.00,0,0,0.00,0,0,0.00,0,0.00,0.00,0.00,0,0.00,0.00,0.00,0.00,0,0.00,0.00,0.00,0.00,0.00,0.00,0.00,0.00,0.00,0.00,0.00,0.00,0.00,0.00,0.00,0.00,0.00,0.00,0.00,0,0,,0,0.00,9,0,0.00,21,0,0.00,10,3,4,13,4,0.00,99,0,0,0.00,9,0,32,0.00,14,0,0.00,99,0,0.00,0,0,0.00,0,0.00,6,0,0.00,8,0,0.00,0.00,0,0.00,0,0,0,0.00,0,0,0.00,32,0.00,0,N/A,N/A,N/A,N/A,0.00,0,0.00,0,0.00,0.00,0,0.00,0.00,21,99,0.00,0.00,0,12,12,0,0,0,0.00,0.00,0,20,0.00,0.00,0.00,0,0,0.00,0.00,99,0.00,0,0,0,0.00,0.00,0,0.00,0.00,0.00,0.00,0,0,0.00,48,48,41,74,33,0.00,0,0.00,0.00,0.00,14,0.00,0.00,1,0,0.00,0.00,0.00,0.00,4,0,0.00,13,0,2,71,0,45,2,0,0.00,99,0,0.00,0.00,0.00,0.00,0,0,0,0,0.00,0.00,0.00,0,0.00,99,0,0.00,0,0.00,99,0,0.00,0.00,32,49,56,70,0,0,0,0,0,60,76,80,70,0,99,81,36,72,3,0,10,3,0,0
Allan Monteiro Dias,37,593247600,1988/10/19,Serie B,2023,Midfielder,ABC,46,0,46,Brazil,1,0,1,0,0,0,0,0,0,0,0,0,0,0,0,0,0,0,0,0,0,0,0,0,0,0,0,46,0,0,0,-1,-1,-1,39,0,6.25,0,51,23.48,12.00,22,12,7.00,7,1,13.70,13,0.00,0.00,0.00,0,0.00,0.00,0.00,0.00,0,0.00,0.00,0.00,0.00,0.00,0.00,0.00,0.00,0.00,0.00,0.00,0.00,0.00,0.00,0.00,0.00,1.00,0.00,0.00,0,0,,0,0.00,9,0,0.00,21,0,0.00,10,1,0,1,4,0.00,99,0,0,0.00,9,0,32,0.00,14,0,0.00,99,0,0.00,0,0,0.00,0,0.00,6,0,0.00,8,0,0.00,0.00,0,0.00,0,0,0,0.00,0,0,0.00,99,0.00,0,N/A,N/A,N/A,N/A,0.00,0,0.00,0,0.00,0.00,0,58.33,0.00,21,99,0.00,0.00,0,12,12,0,0,0,0.00,0.00,0,20,6.25,2.00,3.91,2,0,0.00,0.00,99,0.00,0,0,0,0.00,0.00,0,0.00,0.00,0.00,0.00,0,0,0.00,48,0,0,48,0,0.01,0,0.01,0.02,0.00,14,0.00,0.00,1,0,0.00,0.00,0.00,0.00,4,0,0.00,13,4,89,71,0,45,83,0,0.00,99,1,0.00,1.96,11.74,6.00,6,1,8,82,1.96,1.00,16.67,0,0.00,99,0,0.00,0,0.00,99,0,0.00,0.00,32,0,19,33,0,0,0,0,0,34,48,65,59,0,99,1,8,8,0,0,10,10,0,0
Altemir Cordeiro Pessôa Neto,32,769071600,1994/05/16,Serie B,2023,Forward,Vila Nova,1912,933,979,Brazil,31,16,15,3,1,2,4,4,0,0,1,12,8,4,14,3,11,6,0,0.33,0.19,0.14,0.1,0.18,637,0.66,137,62,319,478,0.28,147,58,-1,7,0,6.91,0.13,91,16.78,11.68,6,327,7.18,201,3,10.31,4,0.00,0.00,0.68,19,0.00,0.25,0.51,0.36,10,0.00,0.79,0.00,0.00,0.00,0.25,0.32,0.00,20.50,2.10,0.89,0.68,0.00,0.57,0.10,0.00,1.50,0.00,0.00,0,0,,41,1.46,95,16,0.82,86,25,1.28,94,1,8,21,16,0.00,99,0,7,0.36,30,7,77,0.36,36,0,0.00,99,0,0.00,0,0,0.00,0,0.97,61,19,0.97,50,9,0.46,47.37,0,0.00,0,0,0,0.00,0,0,0.00,83,0.00,0,N/A,N/A,N/A,N/A,0.00,0,0.00,0,2.79,0.00,0,61.47,39.02,55,57,0.32,0.46,9,53,45,0,1,0,0.04,0.05,1,24,193.40,0.29,0.41,8,0,0.00,0.00,99,0.00,0,1,1,0.04,0.05,0,0.00,0.00,0.26,0.18,5,1,4.88,51,71,83,76,83,3.41,80,0.12,0.17,2.09,69,0.07,0.11,50,25,0.89,1.28,2.26,1.57,86,44,0.14,76,72,16,82,0,82,87,0,0.00,99,42,0.00,2.16,13.08,9.11,255,86,49,89,4.41,3.07,33.73,22,1.13,21,0,28.57,0,0.00,99,2,0.07,0.10,43,71,79,33,0,0,0,0,0,85,74,81,67,0,99,62,52,57,6,19,61,9,0,0
Álvaro José Oliveira Dias,22,1065250800,2003/10/04,Serie B,2023,Goalkeeper,Guarani,60,0,60,Brazil,1,0,1,0,0,0,0,0,0,0,0,0,0,0,1,0,1,1,0,0,0,0,0,0,0,1.5,60,60,60,0,1.5,-1,-1,-1,18,0,0.00,0,51,0.00,0.00,0,0,0.00,0,0,0.00,0,0.00,0.00,0.00,0,0.00,0.00,0.00,0.00,0,0.00,0.00,0.00,0.00,0.00,0.00,0.00,0.00,0.00,0.00,0.00,0.00,0.00,0.00,0.00,0.00,0.00,0.00,0.00,0,0,,0,0.00,9,0,0.00,21,0,0.00,10,0,1,0,4,0.00,99,0,0,0.00,9,0,32,0.00,14,0,0.00,99,0,0.00,0,0,0.00,0,0.00,6,0,0.00,8,0,0.00,0.00,0,0.00,0,0,0,0.00,0,0,0.00,4,0.00,0,N/A,N/A,N/A,N/A,0.00,0,0.00,0,0.00,0.00,0,0.00,0.00,21,99,0.00,0.00,0,12,12,0,0,0,0.00,0.00,0,20,0.00,0.00,0.00,0,0,0.00,0.00,99,0.00,0,0,0,0.00,0.00,0,0.00,0.00,0.00,0.00,0,0,0.00,48,0,0,48,5,0.00,0,0.00,0.00,0.00,14,0.00,0.00,1,0,0.00,0.00,0.00,0.00,4,0,0.00,13,0,2,71,0,45,2,0,0.00,99,0,0.00,0.00,0.00,0.00,0,0,0,0,0.00,0.00,0.00,0,0.00,99,0,0.00,0,0.00,99,0,0.00,0.00,32,0,30,9,0,0,0,0,0,34,48,65,59,0,99,1,8,99,1,0,10,22,0,0
Alvaro Viera de Oliveira,28,873788400,1997/09/09,Serie B,2023,Forward,Ceará,46,46,0,Brazil,1,1,0,0,0,0,0,0,0,0,0,0,0,0,2,2,0,0,0,0,0,0,0,0,0,3.91,23,46,0,0,0,-1,-1,-1,27,0,6.51,0,51,21.52,11.00,17,11,8.00,8,21,15.65,18,0.00,0.00,0.00,0,0.00,0.00,0.00,0.00,0,0.00,0.00,0.00,0.00,0.00,0.00,0.00,0.00,0.00,3.91,1.00,0.00,0.00,1.00,0.09,0.00,0.00,0.00,0.00,0,0,,2,2.00,99,1,1.96,99,1,1.96,99,1,0,1,4,0.00,99,0,0,0.00,9,0,32,0.00,14,0,0.00,99,0,0.00,0,0,0.00,0,0.00,6,0,0.00,8,0,0.00,0.00,0,0.00,0,0,0,0.00,0,0,0.00,0,0.00,0,N/A,N/A,N/A,N/A,0.00,0,0.00,0,0.09,0.00,0,72.73,50.00,83,99,0.00,0.00,0,12,12,0,0,0,0.00,0.00,0,20,6.51,0.00,0.00,0,0,0.00,0.00,99,0.00,0,0,0,0.00,0.00,0,0.00,0.00,0.00,0.00,0,0,0.00,48,0,0,48,0,0.01,0,0.01,0.02,0.09,86,0.09,0.18,1,0,0.00,0.00,0.00,0.00,4,0,0.18,84,11,2,71,0,45,2,0,0.00,99,0,0.00,0.00,3.91,2.00,2,0,0,8,0.00,0.00,0.00,0,0.00,99,0,0.00,0,0.00,99,0,0.00,0.00,32,0,19,33,0,0,0,0,0,34,48,65,59,0,99,1,8,8,0,0,10,70,0,0
Alyson Vinicius Almeida Neves,30,828691200,1996/04/05,Serie B,2023,Defender,Sampaio Corrêa,1455,506,949,Brazil,24,10,14,1,1,0,0,0,0,0,0,9,3,6,17,6,11,6,0,0.06,0,0.06,0.18,0,1455,1.05,86,61,243,0,0.37,236,385,150,13,0,6.78,0,51,33.59,22.62,45,543,17.12,411,37,25.42,45,0.00,0.00,0.38,9,0.00,1.42,2.10,1.42,34,0.00,0.50,0.00,0.00,0.00,1.21,0.50,0.00,12.00,0.74,0.25,1.08,0.00,0.25,0.05,0.00,0.83,0.00,0.00,0,0,,12,0.50,51,6,0.37,62,6,0.37,41,3,9,15,90,0.00,99,0,29,1.79,95,34,33,2.10,67,0,0.00,99,0,0.00,0,0,0.00,0,0.56,36,26,1.61,73,12,0.74,46.15,0,0.00,0,0,0,0.00,0,0,0.00,31,0.00,0,N/A,N/A,N/A,N/A,0.00,0,0.00,0,1.08,0.00,0,75.69,50.00,83,61,0.29,0.43,7,71,42,0,0,0,0.29,0.43,7,75,162.67,1.08,1.61,26,0,0.00,0.00,99,0.00,0,0,0,0.00,0.00,0,0.00,0.00,0.19,0.12,3,0,8.33,63,59,61,93,32,1.20,19,0.05,0.07,1.08,60,0.05,0.07,45,18,0.75,1.11,1.92,1.29,76,31,0.07,58,47,65,71,0,78,59,0,0.00,99,20,0.00,1.24,10.08,6.79,163,84,72,64,5.20,3.50,51.53,12,0.74,42,0,8.82,0,0.00,99,3,0.12,0.19,52,55,83,70,0,0,0,0,0,40,56,65,77,0,99,59,36,72,6,25,79,6,0,0
Anderson Conceição Benedito,36,625215600,1989/10/24,Serie B,2023,Defender,CRB,1556,599,957,Brazil,20,8,12,1,0,1,1,1,0,0,0,6,4,2,18,6,12,6,1,0.12,0.06,0.06,0,0.09,1556,1.04,86,78,222,1556,0.4,242,209,147,15,0,6.59,0.05,63,48.30,41.75,85,835,34.65,693,80,40.08,85,0.00,0.00,0.35,7,0.00,0.00,1.10,0.95,19,0.00,0.10,0.00,0.00,0.00,0.90,0.05,0.00,11.00,0.64,0.45,0.05,0.00,0.10,0.05,0.00,2.35,0.00,0.00,0,0,,11,0.55,45,2,0.12,32,9,0.52,56,3,2,18,47,0.00,99,0,18,1.04,65,0,32,0.00,14,0,0.00,99,0,0.00,0,0,0.00,0,0.40,28,1,0.06,10,1,0.06,100.00,0,0.00,0,0,0,0.00,0,0,0.00,32,0.00,0,N/A,N/A,N/A,N/A,0.00,0,0.00,0,0.94,0.00,0,82.99,18.18,29,88,0.15,0.17,3,14,99,0,0,0,0.65,0.75,13,89,131.77,3.40,3.93,68,1,0.00,0.06,8,0.05,0,0,0,0.00,0.00,0,0.00,0.00,0.17,0.15,3,0,9.09,65,62,49,94,32,2.42,68,0.12,0.14,0.94,53,0.05,0.05,13,6,0.30,0.35,1.56,1.35,58,27,0.05,51,16,89,71,0,75,95,0,0.00,99,47,0.00,2.72,7.06,6.10,122,73,43,28,4.22,3.65,59.84,2,0.12,83,0,0.00,0,0.00,99,0,0.00,0.00,32,63,39,70,0,0,0,0,0,53,56,70,59,0,99,33,31,78,5,25,79,14,0,0
Anderson Cordeiro,27,908002800,1998/10/10,Serie B,2023,Forward,ABC,614,337,277,Brazil,14,7,7,1,0,1,0,0,0,0,0,4,2,2,10,4,6,3,0,0.15,0,0.15,0,0.32,614,1.47,61,44,205,0,0.44,139,347,-1,11,0,0.00,0,51,0.00,0.00,0,0,0.00,0,0,0.00,0,0.00,0.00,0.00,0,0.00,0.00,0.00,0.00,0,0.00,0.00,0.00,0.00,0.00,0.00,0.00,0.00,0.00,0.00,0.00,0.00,0.00,0.00,0.00,0.00,0.00,0.00,0.00,0,0,,0,0.00,9,0,0.00,21,0,0.00,10,3,7,6,4,0.00,99,0,0,0.00,9,0,32,0.00,14,0,0.00,99,0,0.00,0,0,0.00,0,0.00,6,0,0.00,8,0,0.00,0.00,0,0.00,0,0,0,0.00,0,0,0.00,5,0.00,0,N/A,N/A,N/A,N/A,0.00,0,0.00,0,0.00,0.00,0,0.00,0.00,21,99,0.00,0.00,0,12,12,0,0,0,0.00,0.00,0,20,0.00,0.00,0.00,0,0,0.00,0.00,99,0.00,0,0,0,0.00,0.00,0,0.00,0.00,0.00,0.00,0,0,0.00,48,17,27,74,5,0.00,0,0.00,0.00,0.00,14,0.00,0.00,1,0,0.00,0.00,0.00,0.00,4,0,0.00,13,0,2,71,0,45,2,0,0.00,99,0,0.00,0.00,0.00,0.00,0,0,0,0,0.00,0.00,0.00,0,0.00,99,0,0.00,0,0.00,99,0,0.00,0.00,32,17,74,70,0,0,0,0,0,60,76,92,59,0,99,29,27,82,3,0,10,30,0,0
Anderson Jordan da Silva Cordeiro,27,924764400,1999/04/22,Serie B,2023,Defender,Vila Nova,0,0,0,Brazil,0,0,0,0,0,0,0,0,0,0,0,0,0,0,0,0,0,0,0,0,0,0,0,0,0,0,0,0,0,0,0,-1,-1,-1,-1,N/A,N/A,N/A,N/A,N/A,N/A,N/A,N/A,N/A,N/A,N/A,N/A,N/A,N/A,N/A,N/A,N/A,N/A,N/A,N/A,N/A,N/A,N/A,N/A,N/A,N/A,N/A,N/A,N/A,N/A,N/A,N/A,N/A,N/A,N/A,N/A,N/A,N/A,N/A,N/A,N/A,N/A,N/A,N/A,N/A,N/A,N/A,N/A,N/A,N/A,N/A,N/A,N/A,N/A,N/A,N/A,N/A,N/A,N/A,N/A,N/A,N/A,N/A,N/A,N/A,N/A,N/A,N/A,N/A,N/A,N/A,N/A,N/A,N/A,N/A,N/A,N/A,N/A,N/A,N/A,N/A,N/A,N/A,N/A,N/A,N/A,N/A,N/A,N/A,N/A,N/A,N/A,N/A,N/A,N/A,N/A,N/A,N/A,N/A,N/A,N/A,N/A,N/A,N/A,N/A,N/A,N/A,N/A,N/A,N/A,N/A,N/A,N/A,N/A,N/A,N/A,N/A,N/A,N/A,N/A,N/A,N/A,N/A,N/A,N/A,N/A,N/A,N/A,N/A,N/A,N/A,N/A,N/A,N/A,N/A,N/A,N/A,N/A,N/A,N/A,N/A,N/A,N/A,N/A,N/A,N/A,N/A,N/A,N/A,N/A,N/A,N/A,N/A,N/A,N/A,N/A,N/A,N/A,N/A,N/A,N/A,N/A,N/A,N/A,N/A,N/A,N/A,N/A,N/A,N/A,N/A,N/A,N/A,N/A,N/A,N/A,N/A,N/A,N/A,N/A,N/A,N/A,N/A,N/A,N/A,N/A,N/A,N/A,N/A,N/A,N/A,N/A,N/A,N/A,N/A,N/A,N/A,N/A,N/A,N/A,N/A,N/A,N/A,N/A,N/A,N/A,N/A,N/A,N/A,N/A,N/A,N/A,N/A,N/A,N/A,N/A,N/A,N/A,N/A,N/A,N/A,N/A,N/A,N/A
Anderson Leite Morais,33,736498800,1993/05/04,Serie B,2023,Midfielder,CRB,570,212,358,Brazil,16,8,8,1,1,0,0,0,0,0,0,6,5,1,6,2,4,3,0,0.16,0,0.16,0.42,0,570,0.95,95,36,190,0,0.47,131,475,-1,16,0,6.70,0,51,49.11,19.44,86,311,16.00,256,76,40.42,86,0.00,0.00,0.31,5,0.00,0.38,3.79,1.50,24,0.00,0.62,0.00,0.00,0.00,0.44,0.31,0.00,7.00,1.11,0.31,0.75,0.00,0.12,0.05,0.00,0.56,0.00,0.00,0,0,,7,0.44,63,2,0.32,57,5,0.79,74,1,9,7,99,0.00,99,0,7,1.11,69,6,86,0.95,52,0,0.00,99,0,0.00,0,0,0.00,0,0.79,51,12,1.89,80,5,0.79,41.67,0,0.00,0,0,0,0.00,0,0,0.00,43,0.00,0,N/A,N/A,N/A,N/A,0.00,0,0.00,0,0.81,0.00,0,82.32,28.57,40,2,0.69,1.74,11,73,35,0,0,0,0.19,0.47,3,78,107.26,0.56,1.42,9,0,0.00,0.00,99,0.00,0,0,1,0.06,0.16,0,0.00,0.00,0.16,0.06,1,0,14.29,79,14,34,73,43,0.80,61,0.05,0.13,0.81,76,0.05,0.13,25,4,0.25,0.63,2.53,1.00,92,16,0.13,73,28,60,98,0,74,65,0,0.00,99,9,0.00,1.42,14.53,5.75,92,42,91,95,6.63,2.62,45.65,10,1.58,7,0,33.33,0,0.00,99,2,0.12,0.32,58,22,83,33,0,0,0,0,0,62,77,65,93,0,99,59,22,86,3,19,61,22,0,0
Anderson Luis de Carvalho,44,364374000,1981/07/19,Serie B,2023,Midfielder,Juventude,2205,1118,1087,Brazil,28,14,14,7,5,2,7,6,1,1,1,13,7,6,19,10,9,8,0,0.57,0.29,0.29,0.4,0.17,315,0.78,116,79,276,315,0.33,53,16,-1,1,0,7.26,0.25,98,25.49,22.19,27,599,14.96,404,9,17.19,23,0.00,0.00,2.19,59,0.00,6.74,0.51,0.44,12,0.00,0.70,0.00,0.00,0.00,0.11,0.52,0.00,6.57,1.96,0.96,0.96,0.00,0.74,0.21,0.00,0.19,0.00,0.00,0,0,,46,1.70,92,20,0.85,87,26,1.11,90,4,1,26,16,0.00,99,0,3,0.13,13,182,82,7.74,99,0,0.00,99,0,0.00,0,0,0.00,0,2.51,98,26,1.11,57,14,0.60,53.85,0,0.00,0,0,0,0.00,0,0,0.00,65,0.00,0,N/A,N/A,N/A,N/A,0.00,0,0.00,0,5.79,0.00,0,67.45,43.48,67,66,0.33,0.38,9,60,60,1,1,0,0.00,0.00,0,20,196.06,0.04,0.04,1,0,0.00,0.00,99,0.00,0,2,1,0.04,0.04,0,0.00,0.00,0.47,0.41,11,1,15.22,81,80,73,59,66,7.15,98,0.26,0.30,4.39,88,0.16,0.19,85,55,2.04,2.34,0.68,0.59,15,16,0.25,92,97,2,79,0,91,7,0,0.00,99,5,0.00,0.21,6.94,6.04,163,86,29,26,3.66,3.19,52.76,19,0.81,37,0,32.42,0,0.00,99,59,2.19,2.51,99,82,30,83,0,1,0,4,0,98,90,80,92,0,99,85,44,66,8,29,84,77,0,0
Anderson San'tana Prestes,25,983001600,2001/02/24,Serie B,2023,Defender,Juventude,0,0,0,Brazil,0,0,0,0,0,0,0,0,0,0,0,0,0,0,0,0,0,0,0,0,0,0,0,0,0,0,0,0,0,0,0,-1,-1,-1,-1,N/A,N/A,N/A,N/A,N/A,N/A,N/A,N/A,N/A,N/A,N/A,N/A,N/A,N/A,N/A,N/A,N/A,N/A,N/A,N/A,N/A,N/A,N/A,N/A,N/A,N/A,N/A,N/A,N/A,N/A,N/A,N/A,N/A,N/A,N/A,N/A,N/A,N/A,N/A,N/A,N/A,N/A,N/A,N/A,N/A,N/A,N/A,N/A,N/A,N/A,N/A,N/A,N/A,N/A,N/A,N/A,N/A,N/A,N/A,N/A,N/A,N/A,N/A,N/A,N/A,N/A,N/A,N/A,N/A,N/A,N/A,N/A,N/A,N/A,N/A,N/A,N/A,N/A,N/A,N/A,N/A,N/A,N/A,N/A,N/A,N/A,N/A,N/A,N/A,N/A,N/A,N/A,N/A,N/A,N/A,N/A,N/A,N/A,N/A,N/A,N/A,N/A,N/A,N/A,N/A,N/A,N/A,N/A,N/A,N/A,N/A,N/A,N/A,N/A,N/A,N/A,N/A,N/A,N/A,N/A,N/A,N/A,N/A,N/A,N/A,N/A,N/A,N/A,N/A,N/A,N/A,N/A,N/A,N/A,N/A,N/A,N/A,N/A,N/A,N/A,N/A,N/A,N/A,N/A,N/A,N/A,N/A,N/A,N/A,N/A,N/A,N/A,N/A,N/A,N/A,N/A,N/A,N/A,N/A,N/A,N/A,N/A,N/A,N/A,N/A,N/A,N/A,N/A,N/A,N/A,N/A,N/A,N/A,N/A,N/A,N/A,N/A,N/A,N/A,N/A,N/A,N/A,N/A,N/A,N/A,N/A,N/A,N/A,N/A,N/A,N/A,N/A,N/A,N/A,N/A,N/A,N/A,N/A,N/A,N/A,N/A,N/A,N/A,N/A,N/A,N/A,N/A,N/A,N/A,N/A,N/A,N/A,N/A,N/A,N/A,N/A,N/A,N/A,N/A,N/A,N/A,N/A,N/A,N/A
Anderson Wanderllan de Moraes Rodrigues,38,558514800,1987/09/13,Serie B,2023,Forward,Sampaio Corrêa,1694,1449,245,Brazil,23,18,5,1,1,0,4,4,0,0,0,10,7,3,17,13,4,0,0,0.27,0.21,0.05,0.06,0,1694,0.9,100,74,0,424,0,247,48,-1,10,0,6.78,0.17,94,25.14,20.68,26,455,15.68,345,38,19.06,28,0.00,0.00,1.59,35,0.00,2.55,0.55,0.45,10,0.00,1.36,0.00,0.00,0.00,0.09,2.64,0.00,29.00,1.60,0.95,5.59,0.00,0.36,0.08,0.00,0.18,0.00,0.00,0,0,,29,1.32,80,8,0.44,66,21,1.16,93,4,3,19,18,0.00,99,0,2,0.11,12,56,59,3.09,79,0,0.00,99,0,0.00,0,0,0.00,0,1.93,93,123,6.80,99,58,3.20,47.15,0,0.00,0,0,0,0.00,0,0,0.00,49,0.00,0,N/A,N/A,N/A,N/A,0.00,0,0.00,0,1.69,0.00,0,75.82,27.59,38,43,0.50,0.61,11,99,44,0,0,0,0.00,0.00,0,20,149.18,0.05,0.06,1,0,0.00,0.00,99,0.00,0,0,2,0.09,0.11,0,0.00,0.00,0.33,0.27,6,1,3.45,49,66,58,95,49,4.43,94,0.20,0.24,1.69,65,0.08,0.09,83,41,1.86,2.27,0.28,0.23,8,5,0.09,63,47,2,93,0,86,8,0,0.00,99,4,0.00,0.22,13.65,11.23,247,113,88,93,6.24,5.14,45.75,30,1.66,5,0,23.21,0,0.00,99,13,0.59,0.72,78,66,50,83,0,0,0,0,0,78,54,65,60,0,99,77,8,8,0,0,10,11,0,0
Andre Felipe de Almeida Santos,29,853142400,1997/01/13,Serie B,2023,Defender,Sport Recife,2171,1065,1106,Brazil,33,18,15,3,2,1,1,1,0,0,0,13,10,3,22,10,12,3,0,0.17,0.04,0.12,0.17,0.08,724,0.91,99,66,724,2171,0.12,169,245,112,6,0,0.00,0,57,0.00,0.00,0,0,0.00,0,0,0.00,0,0.00,0.00,0.00,0,0.00,0.00,0.00,0.00,0,0.00,0.00,0.00,0.00,0.00,0.00,0.00,0.00,0.00,0.00,0.00,0.00,0.00,0.00,0.00,0.00,0.00,0.00,0.00,0,0,,0,0.00,9,0,0.00,21,0,0.00,10,4,10,22,4,0.00,99,0,0,0.00,9,0,32,0.00,14,0,0.00,99,0,0.00,0,0,0.00,0,0.00,6,0,0.00,8,0,0.00,0.00,0,0.00,0,0,0,0.00,0,0,0.00,47,0.00,0,N/A,N/A,N/A,N/A,0.00,0,0.00,0,0.00,0.00,0,0.00,0.00,21,99,0.00,0.00,0,12,12,0,0,0,0.00,0.00,0,20,0.00,0.00,0.00,0,0,0.00,0.00,99,0.00,0,0,0,0.00,0.00,0,0.00,0.00,0.00,0.00,0,0,0.00,48,79,90,78,47,0.00,0,0.00,0.00,0.00,14,0.00,0.00,1,0,0.00,0.00,0.00,0.00,4,0,0.00,13,0,2,71,0,45,2,0,0.00,99,0,0.00,0.00,0.00,0.00,0,0,0,0,0.00,0.00,0.00,0,0.00,99,0,0.00,0,0.00,99,0,0.00,0.00,32,73,85,83,0,0,0,0,0,64,70,70,75,0,99,62,88,20,3,0,10,6,0,0
André Felipe Ribeiro de Souza,35,654418800,1990/09/27,Serie B,2023,Forward,Ponte Preta,589,213,376,Brazil,10,4,6,1,1,0,0,0,0,0,1,3,1,2,5,1,4,3,0,0.15,0,0.15,0.42,0,589,0.76,118,59,196,0,0.46,137,298,-1,8,0,6.71,0,51,19.71,12.90,12,129,9.90,99,43,15.13,16,0.00,0.00,0.40,4,0.00,0.00,0.61,0.40,4,0.00,0.70,0.00,0.00,0.00,0.40,0.40,0.00,10.00,1.53,0.70,0.60,0.00,0.30,0.10,0.00,0.40,0.00,0.00,0,0,,10,1.00,78,3,0.46,68,7,1.07,88,4,3,7,22,0.00,99,0,4,0.61,42,0,32,0.00,14,0,0.00,99,0,0.00,0,0,0.00,0,0.61,40,6,0.92,47,4,0.61,66.67,0,0.00,0,0,0,0.00,0,0,0.00,67,0.00,0,N/A,N/A,N/A,N/A,0.00,0,0.00,0,0.95,0.00,0,76.74,30.00,41,57,0.30,0.46,3,61,83,0,1,0,0.00,0.00,0,20,67.12,1.00,1.53,10,0,0.00,0.00,99,0.00,0,1,0,0.00,0.00,0,0.00,0.00,0.31,0.20,2,0,10.00,68,15,12,73,67,0.41,14,0.04,0.06,0.25,49,0.03,0.04,95,19,1.90,2.90,1.83,1.20,72,12,0.15,78,32,63,71,0,84,28,0,0.00,99,4,0.00,0.61,10.24,6.70,67,31,59,66,4.74,3.10,46.27,7,1.07,23,0,0.00,0,0.00,99,0,0.00,0.00,32,22,50,83,0,0,0,0,0,60,76,65,93,0,99,33,24,85,3,30,86,90,0,0
André Henrique Silva de Almeida,23,1050130800,2003/04/12,Serie B,2023,Midfielder,Ponte Preta,0,0,0,Brazil,0,0,0,0,0,0,0,0,0,0,0,0,0,0,0,0,0,0,0,0,0,0,0,0,0,0,0,0,0,0,0,-1,-1,-1,-1,N/A,N/A,N/A,N/A,N/A,N/A,N/A,N/A,N/A,N/A,N/A,N/A,N/A,N/A,N/A,N/A,N/A,N/A,N/A,N/A,N/A,N/A,N/A,N/A,N/A,N/A,N/A,N/A,N/A,N/A,N/A,N/A,N/A,N/A,N/A,N/A,N/A,N/A,N/A,N/A,N/A,N/A,N/A,N/A,N/A,N/A,N/A,N/A,N/A,N/A,N/A,N/A,N/A,N/A,N/A,N/A,N/A,N/A,N/A,N/A,N/A,N/A,N/A,N/A,N/A,N/A,N/A,N/A,N/A,N/A,N/A,N/A,N/A,N/A,N/A,N/A,N/A,N/A,N/A,N/A,N/A,N/A,N/A,N/A,N/A,N/A,N/A,N/A,N/A,N/A,N/A,N/A,N/A,N/A,N/A,N/A,N/A,N/A,N/A,N/A,N/A,N/A,N/A,N/A,N/A,N/A,N/A,N/A,N/A,N/A,N/A,N/A,N/A,N/A,N/A,N/A,N/A,N/A,N/A,N/A,N/A,N/A,N/A,N/A,N/A,N/A,N/A,N/A,N/A,N/A,N/A,N/A,N/A,N/A,N/A,N/A,N/A,N/A,N/A,N/A,N/A,N/A,N/A,N/A,N/A,N/A,N/A,N/A,N/A,N/A,N/A,N/A,N/A,N/A,N/A,N/A,N/A,N/A,N/A,N/A,N/A,N/A,N/A,N/A,N/A,N/A,N/A,N/A,N/A,N/A,N/A,N/A,N/A,N/A,N/A,N/A,N/A,N/A,N/A,N/A,N/A,N/A,N/A,N/A,N/A,N/A,N/A,N/A,N/A,N/A,N/A,N/A,N/A,N/A,N/A,N/A,N/A,N/A,N/A,N/A,N/A,N/A,N/A,N/A,N/A,N/A,N/A,N/A,N/A,N/A,N/A,N/A,N/A,N/A,N/A,N/A,N/A,N/A,N/A,N/A,N/A,N/A,N/A,N/A
André Luiz Ribeiro da Silva,26,952934400,2000/03/13,Serie B,2023,Goalkeeper,Ceará,494,270,224,Brazil,6,3,3,0,0,0,0,0,0,0,0,1,1,0,8,4,4,2,0,0,0,0,0,0,0,1.46,62,82,247,0,0.36,329,331,210,29,0,6.81,0,51,20.94,18.80,16,94,13.00,65,12,14.48,14,0.00,0.00,0.00,0,0.00,0.00,0.22,0.20,1,0.00,0.00,0.00,0.00,2.60,0.00,0.00,3.80,0.00,0.00,0.00,0.00,0.00,0.00,0.00,0.00,0.00,0.00,0.00,0,0,,0,0.00,9,0,0.00,21,0,0.00,10,0,1,4,9,0.00,99,0,0,0.00,9,0,32,0.00,14,0,0.00,99,0,0.00,0,0,0.00,0,0.00,6,0,0.00,8,0,0.00,0.00,0,0.00,0,13,21,2.90,50,19,0.00,5,4.23,68,N/A,N/A,N/A,N/A,68.42,0,0.00,0,0.00,0.00,0,69.15,0.00,21,99,0.00,0.00,0,12,12,0,0,10,0.00,0.00,0,20,34.03,0.80,0.89,4,0,0.00,0.00,99,0.00,0,0,0,0.00,0.00,4,0.80,0.89,0.00,0.00,0,0,0.00,48,7,3,48,7,0.14,6,0.03,0.03,0.00,14,0.00,0.00,1,0,0.00,0.00,0.00,0.00,4,0,0.00,13,53,38,71,82,45,2,0,0.00,99,0,0.00,0.00,0.22,0.20,1,1,2,1,0.22,0.20,100.00,0,0.00,99,0,0.00,0,0.00,99,0,0.00,0.00,32,8,30,9,0,0,0,0,0,34,48,65,59,0,99,8,38,71,0,0,10,67,0,0
Andrey da Silva Bezerra de Carvalho,21,1098601200,2004/10/24,Serie B,2023,Midfielder,ABC,284,123,161,Brazil,4,2,2,0,0,0,0,0,0,0,0,1,0,1,5,3,2,0,0,0,0,0,0,0,0,1.58,57,71,0,0,0,290,289,-1,15,0,0.00,0,51,0.00,0.00,0,0,0.00,0,0,0.00,0,0.00,0.00,0.00,0,0.00,0.00,0.00,0.00,0,0.00,0.00,0.00,0.00,0.00,0.00,0.00,0.00,0.00,0.00,0.00,0.00,0.00,0.00,0.00,0.00,0.00,0.00,0.00,0,0,,0,0.00,9,0,0.00,21,0,0.00,10,6,0,4,4,0.00,99,0,0,0.00,9,0,32,0.00,14,0,0.00,99,0,0.00,0,0,0.00,0,0.00,6,0,0.00,8,0,0.00,0.00,0,0.00,0,0,0,0.00,0,0,0.00,2,0.00,0,N/A,N/A,N/A,N/A,0.00,0,0.00,0,0.00,0.00,0,0.00,0.00,21,99,0.00,0.00,0,12,12,0,0,0,0.00,0.00,0,20,0.00,0.00,0.00,0,0,0.00,0.00,99,0.00,0,0,0,0.00,0.00,0,0.00,0.00,0.00,0.00,0,0,0.00,48,0,0,48,3,0.00,0,0.00,0.00,0.00,14,0.00,0.00,1,0,0.00,0.00,0.00,0.00,4,0,0.00,13,0,2,71,0,45,2,0,0.00,99,0,0.00,0.00,0.00,0.00,0,0,0,0,0.00,0.00,0.00,0,0.00,99,0,0.00,0,0.00,99,0,0.00,0.00,32,8,19,94,0,0,0,0,0,34,48,65,59,0,99,22,8,8,0,0,10,22,0,0
Andrey Felisberto dos Santos,24,1012982400,2002/02/06,Serie B,2023,Midfielder,ABC,488,366,122,Brazil,13,9,4,0,0,0,0,0,0,0,0,4,4,0,7,2,5,2,0,0,0,0,0,0,0,1.29,70,38,244,0,0.37,435,413,-1,30,0,0.00,0,51,0.00,0.00,0,0,0.00,0,0,0.00,0,0.00,0.00,0.00,0,0.00,0.00,0.00,0.00,0,0.00,0.00,0.00,0.00,0.00,0.00,0.00,0.00,0.00,0.00,0.00,0.00,0.00,0.00,0.00,0.00,0.00,0.00,0.00,0,0,,0,0.00,9,0,0.00,21,0,0.00,10,2,8,4,4,0.00,99,0,0,0.00,9,0,32,0.00,14,0,0.00,99,0,0.00,0,0,0.00,0,0.00,6,0,0.00,8,0,0.00,0.00,0,0.00,0,0,0,0.00,0,0,0.00,12,0.00,0,N/A,N/A,N/A,N/A,0.00,0,0.00,0,0.00,0.00,0,0.00,0.00,21,99,0.00,0.00,0,12,12,0,0,0,0.00,0.00,0,20,0.00,0.00,0.00,0,0,0.00,0.00,99,0.00,0,0,0,0.00,0.00,0,0.00,0.00,0.00,0.00,0,0,0.00,48,7,24,48,13,0.00,0,0.00,0.00,0.00,14,0.00,0.00,1,0,0.00,0.00,0.00,0.00,4,0,0.00,13,0,2,71,0,45,2,0,0.00,99,0,0.00,0.00,0.00,0.00,0,0,0,0,0.00,0.00,0.00,0,0.00,99,0,0.00,0,0.00,99,0,0.00,0.00,32,8,79,53,0,0,0,0,0,34,48,65,59,0,99,36,36,72,2,0,10,78,0,0
Anselmo Ramon Alves Erculano,37,583052400,1988/06/23,Serie B,2023,Forward,CRB,2507,1340,1167,Brazil,31,16,15,9,5,4,3,3,0,0,1,12,9,3,18,8,10,4,1,0.43,0.11,0.32,0.34,0.31,279,0.65,139,81,501,836,0.18,40,127,-1,1,0,6.76,0.1,78,24.70,22.19,25,688,14.84,460,8,16.51,21,0.00,0.00,1.42,44,0.00,0.61,0.72,0.65,20,0.00,1.13,0.00,0.00,0.00,0.00,0.42,0.00,4.67,1.51,0.65,0.87,0.00,0.71,0.22,0.00,0.87,0.00,0.00,0,0,,42,1.35,77,22,0.79,84,20,0.72,72,3,1,30,29,0.00,99,0,0,0.00,9,19,82,0.68,46,0,0.00,99,0,0.00,0,0,0.00,0,1.58,86,27,0.97,50,13,0.47,48.15,0,0.00,0,0,0,0.00,0,0,0.00,84,0.00,0,N/A,N/A,N/A,N/A,0.00,0,0.00,0,6.94,0.00,0,66.86,52.38,84,65,0.35,0.39,11,54,46,0,1,0,0.03,0.04,1,22,209.49,0.94,1.04,29,0,0.00,0.00,99,0.00,0,1,2,0.06,0.07,0,0.00,0.00,0.39,0.35,11,0,21.43,91,88,83,56,84,4.45,76,0.14,0.16,6.24,92,0.20,0.22,85,65,2.10,2.33,1.36,1.23,48,38,0.25,92,44,45,88,0,89,47,0,0.00,99,27,0.00,0.97,9.84,8.84,274,125,51,61,4.49,4.03,45.62,35,1.26,16,0,31.58,0,0.00,99,6,0.19,0.22,55,90,30,70,0,0,0,0,0,91,93,91,90,0,99,62,74,35,3,10,33,9,0,0
Antonio Eduardo Furquim de Freitas Batista,33,717404400,1992/09/25,Serie B,2023,Goalkeeper,Guarani,696,426,270,Brazil,8,5,3,0,0,0,0,0,0,0,0,3,2,1,5,4,1,1,0,0,0,0,0,0,0,0.65,139,87,696,0,0.13,371,363,33,20,0,6.92,0,51,28.71,27.75,35,222,21.00,168,37,21.72,35,0.00,0.00,0.00,0,0.00,0.00,0.00,0.00,0,0.00,0.00,0.00,0.00,2.62,0.00,0.00,3.50,0.00,0.00,0.00,0.00,0.00,0.00,0.00,0.00,0.38,0.00,0.00,0,0,,0,0.00,9,0,0.00,21,0,0.00,10,1,0,8,4,0.00,99,0,0,0.00,9,0,32,0.00,14,0,0.00,99,0,0.00,0,0,0.00,0,0.00,6,0,0.00,8,0,0.00,0.00,0,0.00,0,21,62,2.72,38,28,0.00,84,3.62,41,N/A,N/A,N/A,N/A,75.00,0,0.00,0,0.00,0.00,0,75.68,0.00,21,99,0.00,0.00,0,12,12,0,0,10,0.00,0.00,0,20,55.32,1.12,1.16,9,0,0.00,0.00,99,0.00,0,0,0,0.00,0.00,6,0.75,0.78,0.00,0.00,0,0,0.00,48,22,6,48,84,0.31,8,0.04,0.04,0.00,14,0.00,0.00,9,2,0.25,0.26,0.00,0.00,4,0,0.00,13,74,51,71,64,45,17,0,0.00,99,3,0.00,0.39,0.65,0.62,5,5,7,6,0.65,0.62,100.00,0,0.00,99,0,0.00,0,0.00,99,0,0.00,0.00,32,28,19,33,0,0,0,0,0,34,48,65,59,0,99,59,87,22,1,12,41,25,0,0
Antônio Feliphe Costa Silva,24,1003388400,2001/10/18,Serie B,2023,Defender,Ponte Preta,2295,1097,1198,Brazil,30,15,15,1,1,0,0,0,0,0,0,13,8,5,19,8,11,10,1,0.04,0,0.04,0.08,0,2295,0.75,121,77,230,0,0.39,265,460,67,6,0,0.00,0,51,0.00,0.00,0,0,0.00,0,0,0.00,0,0.00,0.00,0.00,0,0.00,0.00,0.00,0.00,0,0.00,0.00,0.00,0.00,0.00,0.00,0.00,0.00,0.00,0.00,0.00,0.00,0.00,0.00,0.00,0.00,0.00,0.00,0.00,0,0,,0,0.00,9,0,0.00,21,0,0.00,10,2,4,25,4,0.00,99,0,0,0.00,9,0,32,0.00,14,0,0.00,99,0,0.00,0,0,0.00,0,0.00,6,0,0.00,8,0,0.00,0.00,0,0.00,0,0,0,0.00,0,0,0.00,68,0.00,0,N/A,N/A,N/A,N/A,0.00,0,0.00,0,0.00,0.00,0,0.00,0.00,21,99,0.00,0.00,0,12,12,0,0,0,0.00,0.00,0,20,0.00,0.00,0.00,0,0,0.00,0.00,99,0.00,0,0,0,0.00,0.00,0,0.00,0.00,0.00,0.00,0,0,0.00,48,83,79,98,69,0.00,0,0.00,0.00,0.00,14,0.00,0.00,1,0,0.00,0.00,0.00,0.00,4,0,0.00,13,0,2,71,0,45,2,0,0.00,99,0,0.00,0.00,0.00,0.00,0,0,0,0,0.00,0.00,0.00,0,0.00,99,0,0.00,0,0.00,99,0,0.00,0.00,32,80,56,53,0,0,0,0,0,37,52,65,64,0,99,77,33,75,9,0,10,6,0,0
Antonio Fialho de Carvalho Neto,23,1031727600,2002/09/11,Serie B,2023,Midfielder,Chapecoense,206,177,29,Brazil,8,5,3,1,1,0,0,0,0,0,0,1,1,0,3,2,1,1,0,0.44,0,0.44,0.51,0,206,1.31,69,26,206,0,0.44,-1,-1,-1,13,0,6.67,0,51,45.44,13.00,79,104,9.38,75,19,32.77,66,0.00,0.00,0.62,5,0.00,2.25,1.75,0.50,4,0.00,0.50,0.00,0.00,0.00,0.12,0.12,0.00,7.00,3.06,0.50,0.38,0.00,0.38,0.10,0.00,0.88,0.00,0.00,0,0,,7,0.88,99,3,1.31,99,4,1.75,99,3,6,2,77,0.00,99,0,1,0.44,34,18,57,7.86,99,0,0.00,99,0,0.00,0,0,0.00,0,2.18,95,3,1.31,65,1,0.44,33.33,0,0.00,0,0,0,0.00,0,0,0.00,11,0.00,0,N/A,N/A,N/A,N/A,0.00,0,0.00,0,0.83,0.00,0,72.12,42.86,67,23,0.25,0.87,2,50,22,0,0,0,0.00,0.00,0,20,53.39,0.00,0.00,0,0,0.00,0.00,99,0.00,0,0,1,0.12,0.44,0,0.00,0.00,0.00,0.00,0,0,14.29,79,0,6,52,12,0.29,61,0.04,0.13,0.83,99,0.10,0.36,15,1,0.12,0.44,1.75,0.50,68,4,0.36,98,24,2,99,0,45,97,0,0.00,99,7,0.00,3.06,11.80,3.38,27,13,80,82,5.68,1.62,48.15,4,1.75,4,0,22.22,0,0.00,99,4,0.50,1.75,98,1,70,70,0,0,0,0,0,91,97,65,96,0,99,5,27,82,1,12,41,13,0,0
Antonio Francisco Moura Neto,29,839314800,1996/08/06,Serie B,2023,Midfielder,Mirassol,1046,492,554,Brazil,14,6,8,0,0,0,0,0,0,0,0,7,4,3,7,1,6,6,0,0,0,0,0,0,0,0.6,149,75,174,0,0.52,276,324,-1,16,0,6.92,0,51,44.31,36.79,77,515,28.93,405,55,34.85,73,0.00,0.00,0.64,9,0.00,0.14,2.50,2.07,29,0.00,0.07,0.00,0.00,0.00,1.00,0.07,0.00,0.00,0.09,0.07,0.14,0.00,0.00,0.00,0.00,0.71,0.00,0.00,0,0,,1,0.07,10,0,0.00,21,1,0.09,12,2,2,12,95,0.00,99,0,14,1.20,74,2,32,0.17,26,0,0.00,99,0,0.00,0,0,0.00,0,0.77,49,2,0.17,17,1,0.09,50.00,0,0.00,0,0,0,0.00,0,0,0.00,90,0.00,0,N/A,N/A,N/A,N/A,0.00,0,0.00,0,0.03,0.00,0,78.64,0.00,21,35,0.57,0.69,8,16,55,0,0,0,0.43,0.52,6,81,96.95,0.86,1.03,12,0,0.00,0.00,99,0.00,0,0,0,0.00,0.00,0,0.00,0.00,0.00,0.00,0,0,0.00,48,43,27,48,89,1.17,45,0.08,0.10,0.03,14,0.00,0.00,55,16,1.14,1.38,2.75,2.29,95,32,0.00,13,74,45,71,0,45,41,0,0.00,99,10,0.00,0.86,9.03,7.50,105,56,62,49,4.82,4.00,53.33,1,0.09,85,0,0.00,0,0.00,99,0,0.00,0.00,32,47,39,53,0,0,0,0,0,34,48,65,59,0,99,92,19,90,6,43,98,5,0,0
Ariel Felipe Gomes da Rosa,27,899535600,1998/07/04,Serie B,2023,Midfielder,Londrina,1040,583,457,Brazil,17,9,8,1,0,1,0,0,0,0,0,4,3,1,17,4,13,3,0,0.09,0,0.09,0,0.2,1040,1.47,61,61,347,0,0.26,201,311,-1,10,0,0.00,0,51,0.00,0.00,0,0,0.00,0,0,0.00,0,0.00,0.00,0.00,0,0.00,0.00,0.00,0.00,0,0.00,0.00,0.00,0.00,0.00,0.00,0.00,0.00,0.00,0.00,0.00,0.00,0.00,0.00,0.00,0.00,0.00,0.00,0.00,0,0,,0,0.00,9,0,0.00,21,0,0.00,10,1,5,12,4,0.00,99,0,0,0.00,9,0,32,0.00,14,0,0.00,99,0,0.00,0,0,0.00,0,0.00,6,0,0.00,8,0,0.00,0.00,0,0.00,0,0,0,0.00,0,0,0.00,5,0.00,0,N/A,N/A,N/A,N/A,0.00,0,0.00,0,0.00,0.00,0,0.00,0.00,21,99,0.00,0.00,0,12,12,0,0,0,0.00,0.00,0,20,0.00,0.00,0.00,0,0,0.00,0.00,99,0.00,0,0,0,0.00,0.00,0,0.00,0.00,0.00,0.00,0,0,0.00,48,43,38,88,5,0.00,0,0.00,0.00,0.00,14,0.00,0.00,1,0,0.00,0.00,0.00,0.00,4,0,0.00,13,0,2,71,0,45,2,0,0.00,99,0,0.00,0.00,0.00,0.00,0,0,0,0,0.00,0.00,0.00,0,0.00,99,0,0.00,0,0.00,99,0,0.00,0.00,32,47,64,33,0,0,0,0,0,48,63,83,59,0,99,19,55,53,3,0,10,22,0,0
Arilson Carlos Alves Baptista,32,754646400,1993/11/30,Serie B,2023,Midfielder,Criciúma,2848,1477,1371,Brazil,33,17,16,5,3,2,0,0,0,0,0,15,10,5,24,8,16,7,0,0.16,0,0.16,0.18,0.13,570,0.76,119,86,407,0,0.22,132,501,-1,3,0,7.03,0,51,47.15,45.21,83,1492,38.36,1266,88,40.01,85,0.00,0.00,0.85,28,0.00,0.33,2.24,2.15,71,0.00,0.76,0.00,0.00,0.00,1.33,0.58,0.00,4.20,0.66,0.24,1.21,0.00,0.39,0.12,0.00,0.67,0.00,0.00,0,0,,21,0.64,47,13,0.41,65,8,0.25,25,4,0,33,92,0.00,99,0,44,1.39,83,11,32,0.35,35,0,0.00,99,0,0.00,0,0,0.00,0,0.88,55,40,1.26,63,19,0.60,47.50,0,0.00,0,0,0,0.00,0,0,0.00,67,0.00,0,N/A,N/A,N/A,N/A,0.00,0,0.00,0,4.03,0.00,0,84.85,61.90,93,12,1.03,1.07,34,60,45,0,0,0,0.45,0.47,15,78,232.00,1.76,1.83,58,1,0.00,0.03,14,0.03,0,0,1,0.03,0.03,0,0.00,0.00,0.00,0.00,0,0,23.81,92,93,90,73,67,4.26,61,0.13,0.13,4.03,76,0.12,0.13,62,49,1.48,1.55,1.67,1.61,65,53,0.13,73,88,69,73,0,45,33,0,0.00,99,22,0.00,0.70,10.14,9.73,321,161,69,65,5.09,4.88,50.16,25,0.79,39,0,0.00,0,0.00,99,0,0.00,0.00,32,94,19,83,0,0,0,0,0,62,77,76,77,0,99,83,64,46,7,21,67,8,0,0
Arinze Clinton Udeh,23,1040803200,2002/12/25,Serie B,2023,Forward,Londrina,644,274,370,Nigeria,18,8,10,2,1,1,1,1,0,0,0,5,3,2,9,3,6,1,0,0.42,0.14,0.28,0.33,0.24,322,1.26,72,36,644,644,0.14,54,109,-1,6,0,0.00,0,83,0.00,0.00,0,0,0.00,0,0,0.00,0,0.00,0.00,0.00,0,0.00,0.00,0.00,0.00,0,0.00,0.00,0.00,0.00,0.00,0.00,0.00,0.00,0.00,0.00,0.00,0.00,0.00,0.00,0.00,0.00,0.00,0.00,0.00,0,0,,0,0.00,9,0,0.00,21,0,0.00,10,3,16,2,4,0.00,99,0,0,0.00,9,0,32,0.00,14,0,0.00,99,0,0.00,0,0,0.00,0,0.00,6,0,0.00,8,0,0.00,0.00,0,0.00,0,0,0,0.00,0,0,0.00,13,0.00,0,N/A,N/A,N/A,N/A,0.00,0,0.00,0,0.00,0.00,0,0.00,0.00,21,99,0.00,0.00,0,12,12,0,0,0,0.00,0.00,0,20,0.00,0.00,0.00,0,0,0.00,0.00,99,0.00,0,0,0,0.00,0.00,0,0.00,0.00,0.00,0.00,0,0,0.00,48,19,41,59,14,0.00,0,0.00,0.00,0.00,14,0.00,0.00,1,0,0.00,0.00,0.00,0.00,4,0,0.00,13,0,2,71,0,45,2,0,0.00,99,0,0.00,0.00,0.00,0.00,0,0,0,0,0.00,0.00,0.00,0,0.00,99,0,0.00,0,0.00,99,0,0.00,0.00,32,1,95,70,0,0,0,0,0,90,90,86,90,0,99,29,84,24,1,0,10,21,0,0
Arthur Barbosa,20,1139385600,2006/02/08,Serie B,2023,Defender,Novorizontino,0,0,0,Brazil,0,0,0,0,0,0,0,0,0,0,0,0,0,0,0,0,0,0,0,0,0,0,0,0,0,0,0,0,0,0,0,-1,-1,-1,-1,N/A,N/A,N/A,N/A,N/A,N/A,N/A,N/A,N/A,N/A,N/A,N/A,N/A,N/A,N/A,N/A,N/A,N/A,N/A,N/A,N/A,N/A,N/A,N/A,N/A,N/A,N/A,N/A,N/A,N/A,N/A,N/A,N/A,N/A,N/A,N/A,N/A,N/A,N/A,N/A,N/A,N/A,N/A,N/A,N/A,N/A,N/A,N/A,N/A,N/A,N/A,N/A,N/A,N/A,N/A,N/A,N/A,N/A,N/A,N/A,N/A,N/A,N/A,N/A,N/A,N/A,N/A,N/A,N/A,N/A,N/A,N/A,N/A,N/A,N/A,N/A,N/A,N/A,N/A,N/A,N/A,N/A,N/A,N/A,N/A,N/A,N/A,N/A,N/A,N/A,N/A,N/A,N/A,N/A,N/A,N/A,N/A,N/A,N/A,N/A,N/A,N/A,N/A,N/A,N/A,N/A,N/A,N/A,N/A,N/A,N/A,N/A,N/A,N/A,N/A,N/A,N/A,N/A,N/A,N/A,N/A,N/A,N/A,N/A,N/A,N/A,N/A,N/A,N/A,N/A,N/A,N/A,N/A,N/A,N/A,N/A,N/A,N/A,N/A,N/A,N/A,N/A,N/A,N/A,N/A,N/A,N/A,N/A,N/A,N/A,N/A,N/A,N/A,N/A,N/A,N/A,N/A,N/A,N/A,N/A,N/A,N/A,N/A,N/A,N/A,N/A,N/A,N/A,N/A,N/A,N/A,N/A,N/A,N/A,N/A,N/A,N/A,N/A,N/A,N/A,N/A,N/A,N/A,N/A,N/A,N/A,N/A,N/A,N/A,N/A,N/A,N/A,N/A,N/A,N/A,N/A,N/A,N/A,N/A,N/A,N/A,N/A,N/A,N/A,N/A,N/A,N/A,N/A,N/A,N/A,N/A,N/A,N/A,N/A,N/A,N/A,N/A,N/A,N/A,N/A,N/A,N/A,N/A,N/A
Arthur Felix Silva E Silva,36,635500800,1990/02/20,Serie B,2023,Defender,Londrina,0,0,0,Brazil,0,0,0,0,0,0,0,0,0,0,0,0,0,0,0,0,0,0,0,0,0,0,0,0,0,0,0,0,0,0,0,-1,-1,-1,-1,N/A,N/A,N/A,N/A,N/A,N/A,N/A,N/A,N/A,N/A,N/A,N/A,N/A,N/A,N/A,N/A,N/A,N/A,N/A,N/A,N/A,N/A,N/A,N/A,N/A,N/A,N/A,N/A,N/A,N/A,N/A,N/A,N/A,N/A,N/A,N/A,N/A,N/A,N/A,N/A,N/A,N/A,N/A,N/A,N/A,N/A,N/A,N/A,N/A,N/A,N/A,N/A,N/A,N/A,N/A,N/A,N/A,N/A,N/A,N/A,N/A,N/A,N/A,N/A,N/A,N/A,N/A,N/A,N/A,N/A,N/A,N/A,N/A,N/A,N/A,N/A,N/A,N/A,N/A,N/A,N/A,N/A,N/A,N/A,N/A,N/A,N/A,N/A,N/A,N/A,N/A,N/A,N/A,N/A,N/A,N/A,N/A,N/A,N/A,N/A,N/A,N/A,N/A,N/A,N/A,N/A,N/A,N/A,N/A,N/A,N/A,N/A,N/A,N/A,N/A,N/A,N/A,N/A,N/A,N/A,N/A,N/A,N/A,N/A,N/A,N/A,N/A,N/A,N/A,N/A,N/A,N/A,N/A,N/A,N/A,N/A,N/A,N/A,N/A,N/A,N/A,N/A,N/A,N/A,N/A,N/A,N/A,N/A,N/A,N/A,N/A,N/A,N/A,N/A,N/A,N/A,N/A,N/A,N/A,N/A,N/A,N/A,N/A,N/A,N/A,N/A,N/A,N/A,N/A,N/A,N/A,N/A,N/A,N/A,N/A,N/A,N/A,N/A,N/A,N/A,N/A,N/A,N/A,N/A,N/A,N/A,N/A,N/A,N/A,N/A,N/A,N/A,N/A,N/A,N/A,N/A,N/A,N/A,N/A,N/A,N/A,N/A,N/A,N/A,N/A,N/A,N/A,N/A,N/A,N/A,N/A,N/A,N/A,N/A,N/A,N/A,N/A,N/A,N/A,N/A,N/A,N/A,N/A,N/A
Arthur Garcia da Motta,24,997254000,2001/08/08,Serie B,2023,Goalkeeper,Guarani,0,0,0,Brazil,0,0,0,0,0,0,0,0,0,0,0,0,0,0,0,0,0,0,0,0,0,0,0,0,0,0,0,0,0,0,0,-1,-1,-1,-1,N/A,N/A,N/A,N/A,N/A,N/A,N/A,N/A,N/A,N/A,N/A,N/A,N/A,N/A,N/A,N/A,N/A,N/A,N/A,N/A,N/A,N/A,N/A,N/A,N/A,N/A,N/A,N/A,N/A,N/A,N/A,N/A,N/A,N/A,N/A,N/A,N/A,N/A,N/A,N/A,N/A,N/A,N/A,N/A,N/A,N/A,N/A,N/A,N/A,N/A,N/A,N/A,N/A,N/A,N/A,N/A,N/A,N/A,N/A,N/A,N/A,N/A,N/A,N/A,N/A,N/A,N/A,N/A,N/A,N/A,N/A,N/A,N/A,N/A,N/A,N/A,N/A,N/A,N/A,N/A,N/A,N/A,N/A,N/A,N/A,N/A,N/A,N/A,N/A,N/A,N/A,N/A,N/A,N/A,N/A,N/A,N/A,N/A,N/A,N/A,N/A,N/A,N/A,N/A,N/A,N/A,N/A,N/A,N/A,N/A,N/A,N/A,N/A,N/A,N/A,N/A,N/A,N/A,N/A,N/A,N/A,N/A,N/A,N/A,N/A,N/A,N/A,N/A,N/A,N/A,N/A,N/A,N/A,N/A,N/A,N/A,N/A,N/A,N/A,N/A,N/A,N/A,N/A,N/A,N/A,N/A,N/A,N/A,N/A,N/A,N/A,N/A,N/A,N/A,N/A,N/A,N/A,N/A,N/A,N/A,N/A,N/A,N/A,N/A,N/A,N/A,N/A,N/A,N/A,N/A,N/A,N/A,N/A,N/A,N/A,N/A,N/A,N/A,N/A,N/A,N/A,N/A,N/A,N/A,N/A,N/A,N/A,N/A,N/A,N/A,N/A,N/A,N/A,N/A,N/A,N/A,N/A,N/A,N/A,N/A,N/A,N/A,N/A,N/A,N/A,N/A,N/A,N/A,N/A,N/A,N/A,N/A,N/A,N/A,N/A,N/A,N/A,N/A,N/A,N/A,N/A,N/A,N/A,N/A
Arthur Neves Scheles,25,979027200,2001/01/09,Serie B,2023,Midfielder,Avaí,0,0,0,Brazil,0,0,0,0,0,0,0,0,0,0,0,0,0,0,0,0,0,0,0,0,0,0,0,0,0,0,0,0,0,0,0,-1,-1,-1,-1,N/A,N/A,N/A,N/A,N/A,N/A,N/A,N/A,N/A,N/A,N/A,N/A,N/A,N/A,N/A,N/A,N/A,N/A,N/A,N/A,N/A,N/A,N/A,N/A,N/A,N/A,N/A,N/A,N/A,N/A,N/A,N/A,N/A,N/A,N/A,N/A,N/A,N/A,N/A,N/A,N/A,N/A,N/A,N/A,N/A,N/A,N/A,N/A,N/A,N/A,N/A,N/A,N/A,N/A,N/A,N/A,N/A,N/A,N/A,N/A,N/A,N/A,N/A,N/A,N/A,N/A,N/A,N/A,N/A,N/A,N/A,N/A,N/A,N/A,N/A,N/A,N/A,N/A,N/A,N/A,N/A,N/A,N/A,N/A,N/A,N/A,N/A,N/A,N/A,N/A,N/A,N/A,N/A,N/A,N/A,N/A,N/A,N/A,N/A,N/A,N/A,N/A,N/A,N/A,N/A,N/A,N/A,N/A,N/A,N/A,N/A,N/A,N/A,N/A,N/A,N/A,N/A,N/A,N/A,N/A,N/A,N/A,N/A,N/A,N/A,N/A,N/A,N/A,N/A,N/A,N/A,N/A,N/A,N/A,N/A,N/A,N/A,N/A,N/A,N/A,N/A,N/A,N/A,N/A,N/A,N/A,N/A,N/A,N/A,N/A,N/A,N/A,N/A,N/A,N/A,N/A,N/A,N/A,N/A,N/A,N/A,N/A,N/A,N/A,N/A,N/A,N/A,N/A,N/A,N/A,N/A,N/A,N/A,N/A,N/A,N/A,N/A,N/A,N/A,N/A,N/A,N/A,N/A,N/A,N/A,N/A,N/A,N/A,N/A,N/A,N/A,N/A,N/A,N/A,N/A,N/A,N/A,N/A,N/A,N/A,N/A,N/A,N/A,N/A,N/A,N/A,N/A,N/A,N/A,N/A,N/A,N/A,N/A,N/A,N/A,N/A,N/A,N/A,N/A,N/A,N/A,N/A,N/A,N/A
Arthur Rodrigues Rezende,32,764236800,1994/03/21,Serie B,2023,Midfielder,Ceará,253,59,194,Brazil,6,2,4,0,0,0,0,0,0,0,0,2,1,1,3,2,1,2,0,0,0,0,0,0,0,1.07,84,42,127,0,0.71,-1,-1,-1,32,0,6.54,0,51,42.28,22.00,71,132,17.83,107,68,34.27,71,0.00,0.00,0.33,2,0.00,0.00,2.24,1.17,7,0.00,0.50,0.00,0.00,0.00,0.83,0.00,0.00,0.00,1.28,0.50,0.17,0.00,0.17,0.02,0.00,0.67,0.00,0.00,0,0,,4,0.67,69,1,0.32,57,3,0.96,84,1,3,3,92,0.00,99,0,5,1.60,90,0,32,0.00,14,0,0.00,99,0,0.00,0,0,0.00,0,0.64,43,1,0.32,24,0,0.00,0.00,0,0.00,0,0,0,0.00,0,0,0.00,29,0.00,0,N/A,N/A,N/A,N/A,0.00,0,0.00,0,0.15,0.00,0,81.06,25.00,36,19,0.50,0.96,3,12,12,0,0,0,0.33,0.64,2,86,39.24,0.50,0.96,3,0,0.00,0.00,99,0.00,0,0,0,0.00,0.00,0,0.00,0.00,0.00,0.00,0,0,0.00,48,0,3,48,29,0.29,36,0.05,0.09,0.15,53,0.02,0.05,11,1,0.17,0.32,2.24,1.17,86,7,0.05,51,13,40,71,0,45,61,0,0.00,99,4,0.00,1.28,8.97,4.67,28,12,35,49,3.84,2.00,42.86,3,0.96,27,0,0.00,0,0.00,99,0,0.00,0.00,32,3,50,33,0,0,0,0,0,34,48,65,59,0,99,45,10,97,2,33,92,8,0,0
Artur Sergio Batista de Souza,31,776070000,1994/08/05,Serie B,2023,Defender,Ponte Preta,3037,1525,1512,Brazil,34,17,17,0,0,0,3,3,0,0,0,13,9,4,28,10,18,13,1,0.09,0.09,0,0,0,0,0.83,108,89,234,1012,0.39,475,144,88,27,0,7.01,0.09,74,42.36,42.03,71,1387,31.58,1042,34,31.82,63,0.00,0.00,1.09,36,0.00,2.64,1.68,1.67,55,0.00,0.48,0.00,0.00,0.00,1.42,0.64,0.00,0.00,0.34,0.24,1.00,0.00,0.09,0.01,0.00,1.55,0.00,0.00,0,0,,11,0.33,22,3,0.09,29,8,0.24,25,5,0,33,75,0.00,99,0,47,1.44,85,87,82,2.66,74,0,0.00,99,0,0.00,0,0,0.00,0,1.10,67,33,1.01,53,21,0.64,63.64,0,0.00,0,0,0,0.00,0,0,0.00,58,0.00,0,N/A,N/A,N/A,N/A,0.00,0,0.00,0,0.36,0.00,0,75.13,27.27,38,61,0.42,0.43,14,64,78,0,0,0,0.39,0.40,13,74,231.38,3.61,3.63,119,2,0.00,0.06,8,0.06,0,0,0,0.00,0.00,0,0.00,0.00,0.15,0.15,5,0,0.00,48,96,92,48,58,5.15,76,0.16,0.16,0.36,27,0.01,0.01,36,27,0.82,0.82,1.47,1.45,53,48,0.01,26,86,87,71,0,72,71,0,0.00,99,51,0.00,1.56,8.61,8.55,282,154,58,44,4.70,4.67,54.61,16,0.49,58,0,32.18,0,0.00,99,28,0.85,0.86,82,94,19,89,0,0,0,0,0,48,48,65,59,0,99,59,35,75,12,35,92,15,0,0
Augusto De Souza Silva,29,861174000,1997/04/16,Serie B,2023,Defender,Tombense,2025,874,1151,Brazil,23,10,13,0,0,0,0,0,0,0,0,5,3,2,28,9,19,6,0,0,0,0,0,0,0,1.24,72,88,338,0,0.27,506,522,186,31,0,6.87,0,51,46.44,45.43,82,1045,37.04,852,71,37.87,80,0.00,0.00,0.22,5,0.00,0.13,1.87,1.83,42,0.00,0.43,0.00,0.00,0.00,1.70,0.78,0.00,0.00,0.62,0.57,1.00,0.00,0.04,0.02,0.00,1.78,0.00,0.00,0,0,,14,0.61,44,1,0.04,23,13,0.58,61,3,1,22,83,0.00,99,0,39,1.73,94,3,32,0.13,23,0,0.00,99,0,0.00,0,0,0.00,0,0.22,19,23,1.02,53,18,0.80,78.26,0,0.00,0,0,0,0.00,0,0,0.00,14,0.00,0,N/A,N/A,N/A,N/A,0.00,0,0.00,0,0.48,0.00,0,81.53,7.14,22,43,0.61,0.62,14,73,91,0,0,0,0.78,0.80,18,92,157.95,3.52,3.60,81,1,0.00,0.04,12,0.04,0,0,1,0.04,0.04,0,0.00,0.00,0.13,0.13,3,0,0.00,48,74,58,48,14,1.97,36,0.09,0.09,0.48,38,0.02,0.02,18,11,0.48,0.49,1.51,1.48,56,34,0.02,37,63,86,79,0,68,79,0,0.00,99,41,0.00,1.82,8.80,8.61,198,112,66,47,4.98,4.87,56.57,10,0.44,63,0,0.00,0,0.00,99,0,0.00,0.00,32,73,30,70,0,0,0,0,0,34,48,65,59,0,99,15,55,55,6,26,80,3,0,0
Auremir Evangelista dos Santos,34,684486000,1991/09/10,Serie B,2023,Midfielder,CRB,501,145,356,Brazil,18,9,9,0,0,0,0,0,0,0,0,7,5,2,5,0,5,5,1,0,0,0,0,0,0,0.9,100,28,100,0,0.9,464,457,-1,34,0,6.57,0,51,52.99,16.39,93,295,13.89,250,88,44.91,94,0.00,0.00,0.11,2,0.00,0.11,2.87,0.89,16,0.00,0.22,0.00,0.00,0.00,0.44,0.06,0.00,0.00,0.36,0.11,0.11,0.00,0.00,0.00,0.00,0.39,0.00,0.00,0,0,,2,0.11,24,0,0.00,21,2,0.36,39,3,14,4,98,0.00,99,0,8,1.44,85,2,32,0.36,36,0,0.00,99,0,0.00,0,0,0.00,0,0.36,26,2,0.36,26,1,0.18,50.00,0,0.00,0,0,0,0.00,0,0,0.00,49,0.00,0,N/A,N/A,N/A,N/A,0.00,0,0.00,0,0.06,0.00,0,84.75,0.00,21,21,0.28,0.90,5,27,55,0,0,0,0.06,0.18,1,49,118.20,0.33,1.08,6,0,0.00,0.00,99,0.00,0,0,0,0.00,0.00,0,0.00,0.00,0.00,0.00,0,0,0.00,48,8,41,48,49,0.64,50,0.04,0.11,0.06,27,0.00,0.01,64,9,0.50,1.62,2.51,0.78,91,14,0.01,26,15,48,71,0,45,61,0,0.00,99,7,0.00,1.26,11.14,3.44,62,33,85,76,5.93,1.83,53.23,4,0.72,43,0,0.00,0,0.00,99,0,0.00,0.00,32,8,93,70,0,0,0,0,0,34,48,65,59,0,99,62,9,99,4,22,70,5,0,0
Aylon Darwin Tavella,34,702630000,1992/04/07,Serie B,2023,Forward,Novorizontino,2298,1154,1144,Brazil,35,17,18,7,4,3,3,3,0,0,0,15,9,6,15,4,11,7,0,0.39,0.12,0.27,0.31,0.24,328,0.59,153,66,328,766,0.27,63,121,-1,1,0,7.00,0.09,79,23.30,17.15,21,583,12.24,416,17,16.63,21,0.00,0.00,1.03,35,0.00,1.26,1.28,0.94,32,0.00,0.74,0.00,0.00,0.00,0.35,0.29,0.00,7.50,1.80,0.82,0.71,0.00,0.50,0.15,0.00,1.26,0.00,0.00,0,0,,45,1.32,87,17,0.68,77,28,1.12,90,4,2,32,56,0.00,99,0,12,0.48,36,43,83,1.72,63,0,0.00,99,0,0.00,0,0,0.00,0,1.40,81,24,0.96,49,10,0.40,41.67,0,0.00,0,0,0,0.00,0,0,0.00,91,0.00,0,N/A,N/A,N/A,N/A,0.00,0,0.00,0,5.07,0.00,0,71.36,37.78,54,14,0.76,1.04,26,45,35,0,0,0,0.03,0.04,1,22,238.07,0.38,0.52,13,0,0.00,0.00,99,0.00,0,0,2,0.06,0.08,0,0.00,0.00,0.16,0.12,4,1,13.33,77,83,95,59,91,4.03,76,0.12,0.16,5.07,89,0.15,0.20,81,55,1.62,2.20,2.20,1.62,84,55,0.20,85,85,22,90,0,74,76,0,0.00,99,43,0.00,1.72,12.31,9.06,308,140,79,85,5.60,4.12,45.45,25,1.00,25,0,32.56,0,0.00,99,14,0.41,0.56,71,92,39,83,0,0,0,0,0,88,90,86,89,0,99,77,53,55,7,20,65,11,0,0
Benilton Arruda Silva,29,836636400,1996/07/06,Serie B,2023,Forward,CRB,16,16,0,Brazil,1,1,0,0,0,0,0,0,0,0,0,1,1,0,0,0,0,0,0,0,0,0,0,0,0,0,0,16,0,0,0,-1,-1,-1,28,0,6.23,0,51,16.88,3.00,6,3,3.00,3,99,16.88,22,0.00,0.00,0.00,0,0.00,1.00,5.62,1.00,1,0.00,1.00,0.00,0.00,0.00,0.00,0.00,0.00,0.00,0.00,0.00,0.00,0.00,0.00,0.00,0.00,0.00,0.00,0.00,0,0,,0,0.00,9,0,0.00,21,0,0.00,10,0,1,0,99,0.00,99,0,0,0.00,9,1,32,5.62,94,0,0.00,99,0,0.00,0,0,0.00,0,0.00,6,0,0.00,8,0,0.00,0.00,0,0.00,0,0,0,0.00,0,0,0.00,99,0.00,0,N/A,N/A,N/A,N/A,0.00,0,0.00,0,0.00,0.00,0,100.00,0.00,21,99,0.00,0.00,0,12,12,0,0,0,0.00,0.00,0,20,6.23,0.00,0.00,0,0,0.00,0.00,99,0.00,0,0,0,0.00,0.00,0,0.00,0.00,0.00,0.00,0,0,0.00,48,0,0,48,0,0.01,14,0.01,0.06,0.00,14,0.00,0.00,1,0,0.00,0.00,0.00,0.00,4,0,0.00,13,3,2,71,0,45,2,0,0.00,99,0,0.00,0.00,11.25,2.00,2,1,79,76,5.62,1.00,50.00,1,5.62,0,0,0.00,0,0.00,99,0,0.00,0.00,32,0,30,9,0,0,0,0,0,34,48,65,59,0,99,99,8,8,0,0,10,22,0,0
Bernardo Marcos Lemes,24,1010476800,2002/01/08,Serie B,2023,Midfielder,Guarani,208,82,126,Brazil,13,6,7,0,0,0,0,0,0,0,0,4,3,1,1,0,1,0,0,0,0,0,0,0,0,0.43,208,16,0,0,0,-1,-1,-1,21,0,6.76,0,51,55.81,9.25,96,111,8.17,98,99,49.27,98,0.00,0.00,0.08,1,0.00,0.17,4.53,0.75,9,0.00,0.17,0.00,0.00,0.00,0.17,0.17,0.00,0.00,0.00,0.00,0.17,0.00,0.00,0.00,0.00,0.33,0.00,0.00,0,0,,0,0.00,9,0,0.00,21,0,0.00,10,0,12,0,99,0.00,99,0,2,1.01,63,2,32,1.01,53,0,0.00,99,0,0.00,0,0,0.00,0,0.50,32,2,1.01,53,2,1.01,100.00,0,0.00,0,0,0,0.00,0,0,0.00,97,0.00,0,N/A,N/A,N/A,N/A,0.00,0,0.00,0,0.00,0.00,0,88.29,0.00,21,2,0.25,1.51,3,82,99,0,0,0,0.08,0.50,1,80,81.11,0.83,5.03,10,0,0.00,0.00,99,0.00,0,0,0,0.00,0.00,0,0.00,0.00,0.00,0.00,0,0,0.00,48,0,24,48,98,0.24,55,0.02,0.12,0.00,14,0.00,0.00,59,3,0.25,1.51,3.02,0.50,98,6,0.00,13,44,97,71,0,45,84,0,0.00,99,4,0.00,2.01,17.09,2.83,34,18,99,98,9.05,1.50,52.94,2,1.01,25,0,0.00,0,0.00,99,0,0.00,0.00,32,0,90,9,0,0,0,0,0,34,48,65,59,0,99,36,8,8,0,0,10,28,0,0
Brayan Diogo Ijorski Kruger,24,1010131200,2002/01/04,Serie B,2023,Forward,Ituano,112,102,10,Brazil,3,2,1,0,0,0,0,0,0,0,0,0,0,0,1,1,0,1,0,0,0,0,0,0,0,0.8,112,37,112,0,0.8,-1,-1,-1,23,0,6.71,0,51,12.86,5.33,1,16,3.33,10,3,8.04,0,0.00,0.00,0.33,1,0.00,0.00,0.00,0.00,0,0.00,0.33,0.00,0.00,0.00,0.00,0.00,0.00,0.00,0.80,0.00,0.00,0.00,0.33,0.02,0.00,1.33,0.00,0.00,0,0,,1,0.33,54,1,0.80,84,0,0.00,10,0,2,1,4,0.00,99,0,0,0.00,9,0,32,0.00,14,0,0.00,99,0,0.00,0,0,0.00,0,0.80,51,0,0.00,8,0,0.00,0.00,0,0.00,0,0,0,0.00,0,0,0.00,63,0.00,0,N/A,N/A,N/A,N/A,0.00,0,0.00,0,0.05,0.00,0,62.50,100.00,99,99,0.00,0.00,0,12,12,0,0,0,0.00,0.00,0,20,20.13,0.00,0.00,0,0,0.00,0.00,99,0.00,0,0,0,0.00,0.00,0,0.00,0.00,0.00,0.00,0,0,0.00,48,0,0,48,63,0.06,10,0.02,0.05,0.05,49,0.02,0.04,86,3,1.00,2.41,2.41,1.00,89,3,0.04,47,32,2,71,0,45,98,0,0.00,99,4,0.00,3.21,10.45,4.33,13,7,79,69,5.62,2.33,53.85,1,0.80,38,0,0.00,0,0.00,99,0,0.00,0.00,32,0,39,9,0,0,0,0,0,34,48,65,59,0,99,1,10,98,1,33,92,20,0,0
Brenno Faro Klippel,23,1045468800,2003/02/17,Serie B,2023,Midfielder,Botafogo SP,0,0,0,Brazil,0,0,0,0,0,0,0,0,0,0,0,0,0,0,0,0,0,0,0,0,0,0,0,0,0,0,0,0,0,0,0,-1,-1,-1,-1,N/A,N/A,N/A,N/A,N/A,N/A,N/A,N/A,N/A,N/A,N/A,N/A,N/A,N/A,N/A,N/A,N/A,N/A,N/A,N/A,N/A,N/A,N/A,N/A,N/A,N/A,N/A,N/A,N/A,N/A,N/A,N/A,N/A,N/A,N/A,N/A,N/A,N/A,N/A,N/A,N/A,N/A,N/A,N/A,N/A,N/A,N/A,N/A,N/A,N/A,N/A,N/A,N/A,N/A,N/A,N/A,N/A,N/A,N/A,N/A,N/A,N/A,N/A,N/A,N/A,N/A,N/A,N/A,N/A,N/A,N/A,N/A,N/A,N/A,N/A,N/A,N/A,N/A,N/A,N/A,N/A,N/A,N/A,N/A,N/A,N/A,N/A,N/A,N/A,N/A,N/A,N/A,N/A,N/A,N/A,N/A,N/A,N/A,N/A,N/A,N/A,N/A,N/A,N/A,N/A,N/A,N/A,N/A,N/A,N/A,N/A,N/A,N/A,N/A,N/A,N/A,N/A,N/A,N/A,N/A,N/A,N/A,N/A,N/A,N/A,N/A,N/A,N/A,N/A,N/A,N/A,N/A,N/A,N/A,N/A,N/A,N/A,N/A,N/A,N/A,N/A,N/A,N/A,N/A,N/A,N/A,N/A,N/A,N/A,N/A,N/A,N/A,N/A,N/A,N/A,N/A,N/A,N/A,N/A,N/A,N/A,N/A,N/A,N/A,N/A,N/A,N/A,N/A,N/A,N/A,N/A,N/A,N/A,N/A,N/A,N/A,N/A,N/A,N/A,N/A,N/A,N/A,N/A,N/A,N/A,N/A,N/A,N/A,N/A,N/A,N/A,N/A,N/A,N/A,N/A,N/A,N/A,N/A,N/A,N/A,N/A,N/A,N/A,N/A,N/A,N/A,N/A,N/A,N/A,N/A,N/A,N/A,N/A,N/A,N/A,N/A,N/A,N/A,N/A,N/A,N/A,N/A,N/A,N/A
Breno Pereira Roma,25,961398000,2000/06/19,Serie B,2023,Defender,Mirassol,0,0,0,Brazil,0,0,0,0,0,0,0,0,0,0,0,0,0,0,0,0,0,0,0,0,0,0,0,0,0,0,0,0,0,0,0,-1,-1,-1,-1,N/A,N/A,N/A,N/A,N/A,N/A,N/A,N/A,N/A,N/A,N/A,N/A,N/A,N/A,N/A,N/A,N/A,N/A,N/A,N/A,N/A,N/A,N/A,N/A,N/A,N/A,N/A,N/A,N/A,N/A,N/A,N/A,N/A,N/A,N/A,N/A,N/A,N/A,N/A,N/A,N/A,N/A,N/A,N/A,N/A,N/A,N/A,N/A,N/A,N/A,N/A,N/A,N/A,N/A,N/A,N/A,N/A,N/A,N/A,N/A,N/A,N/A,N/A,N/A,N/A,N/A,N/A,N/A,N/A,N/A,N/A,N/A,N/A,N/A,N/A,N/A,N/A,N/A,N/A,N/A,N/A,N/A,N/A,N/A,N/A,N/A,N/A,N/A,N/A,N/A,N/A,N/A,N/A,N/A,N/A,N/A,N/A,N/A,N/A,N/A,N/A,N/A,N/A,N/A,N/A,N/A,N/A,N/A,N/A,N/A,N/A,N/A,N/A,N/A,N/A,N/A,N/A,N/A,N/A,N/A,N/A,N/A,N/A,N/A,N/A,N/A,N/A,N/A,N/A,N/A,N/A,N/A,N/A,N/A,N/A,N/A,N/A,N/A,N/A,N/A,N/A,N/A,N/A,N/A,N/A,N/A,N/A,N/A,N/A,N/A,N/A,N/A,N/A,N/A,N/A,N/A,N/A,N/A,N/A,N/A,N/A,N/A,N/A,N/A,N/A,N/A,N/A,N/A,N/A,N/A,N/A,N/A,N/A,N/A,N/A,N/A,N/A,N/A,N/A,N/A,N/A,N/A,N/A,N/A,N/A,N/A,N/A,N/A,N/A,N/A,N/A,N/A,N/A,N/A,N/A,N/A,N/A,N/A,N/A,N/A,N/A,N/A,N/A,N/A,N/A,N/A,N/A,N/A,N/A,N/A,N/A,N/A,N/A,N/A,N/A,N/A,N/A,N/A,N/A,N/A,N/A,N/A,N/A,N/A
Breno Washington Rodrigues da Silva,25,967791600,2000/09/01,Serie B,2023,Midfielder,Ceará,462,269,193,Brazil,9,5,4,0,0,0,0,0,0,0,0,3,2,1,4,1,3,3,0,0,0,0,0,0,0,0.78,116,51,154,0,0.58,348,355,-1,18,0,5.93,0,51,36.23,20.67,52,186,17.67,159,92,30.97,61,0.00,0.00,0.33,3,0.00,0.11,1.56,0.89,8,0.00,0.33,0.00,0.00,0.00,0.89,0.22,0.00,0.00,0.39,0.22,0.44,0.00,0.00,0.01,0.00,0.11,0.00,0.00,0,0,,2,0.22,26,0,0.00,21,2,0.39,42,1,3,6,69,0.00,99,0,8,1.56,89,1,32,0.19,27,0,0.00,99,0,0.00,0,0,0.00,0,0.58,37,4,0.78,42,2,0.39,50.00,0,0.00,0,0,0,0.00,0,0,0.00,65,0.00,0,N/A,N/A,N/A,N/A,0.00,0,0.00,0,0.06,0.00,0,85.48,0.00,21,29,0.44,0.78,4,45,55,0,0,0,0.22,0.39,2,73,53.41,0.78,1.36,7,0,0.00,0.00,99,0.00,0,0,0,0.00,0.00,0,0.00,0.00,0.00,0.00,0,0,0.00,48,6,8,48,66,0.46,36,0.05,0.09,0.06,27,0.01,0.01,99,19,2.11,3.70,3.70,2.11,99,19,0.01,26,1,58,71,0,45,6,0,0.00,99,1,0.00,0.19,11.88,6.78,61,30,83,83,5.84,3.33,49.18,3,0.58,51,0,0.00,0,0.00,99,0,0.00,0.00,32,17,50,33,0,0,0,0,0,34,48,65,59,0,99,45,14,94,3,33,92,35,0,0
Bruno Cesar Pereira da Silva,39,523436400,1986/08/03,Serie B,2023,Midfielder,Tombense,2052,964,1088,Brazil,25,11,14,0,0,0,0,0,0,0,0,5,3,2,29,10,19,17,1,0,0,0,0,0,0,1.27,71,82,114,0,0.79,508,521,-1,35,0,6.71,0,51,45.18,41.20,78,1030,35.20,880,91,38.60,82,0.00,0.00,0.20,5,0.00,0.12,2.63,2.40,60,0.00,0.48,0.00,0.00,0.00,1.68,0.32,0.00,0.00,0.09,0.08,0.48,0.00,0.00,0.00,0.00,1.36,0.00,0.00,0,0,,2,0.08,10,0,0.00,21,2,0.09,12,4,1,24,96,0.00,99,0,42,1.84,96,3,98,0.13,23,0,0.00,99,0,0.00,0,0,0.00,0,0.22,19,12,0.53,33,8,0.35,66.67,0,0.00,0,0,0,0.00,0,0,0.00,13,0.00,0,N/A,N/A,N/A,N/A,0.00,0,0.00,0,0.06,0.00,0,85.44,0.00,21,7,1.12,1.23,28,42,83,0,0,0,0.60,0.66,15,86,167.63,1.80,1.97,45,1,0.00,0.04,12,0.04,0,0,0,0.00,0.00,0,0.00,0.00,0.00,0.00,0,0,0.00,48,76,63,48,13,2.35,45,0.09,0.10,0.06,14,0.00,0.00,49,28,1.12,1.23,1.93,1.76,76,44,0.00,13,32,73,71,0,45,68,0,0.00,99,34,0.00,1.49,10.79,9.84,246,130,80,73,5.70,5.20,52.85,12,0.53,55,0,66.67,0,0.00,99,2,0.08,0.09,42,78,30,83,0,0,0,0,0,34,48,65,59,0,99,12,10,98,16,64,99,5,0,0
Bruno Cesar Xavier Sislo,29,849081600,1996/11/27,Serie B,2023,Midfielder,Ituano,346,157,189,Brazil,7,4,3,2,2,0,0,0,0,0,0,2,2,0,5,1,4,0,0,0.52,0,0.52,1.15,0,173,1.3,69,49,0,0,0,11,452,-1,9,0,6.85,0,51,19.51,10.71,11,75,8.00,56,30,14.57,14,0.00,0.00,0.57,4,0.00,1.43,0.00,0.00,0,0.00,0.57,0.00,0.00,0.00,0.71,0.57,0.00,6.50,3.38,1.00,1.43,0.00,0.86,0.24,0.00,0.43,0.00,0.00,0,0,,13,1.86,99,6,1.56,99,7,1.82,99,2,1,6,4,0.00,99,0,5,1.30,80,10,92,2.60,73,0,0.00,99,0,0.00,0,0,0.00,0,1.04,64,10,2.60,91,4,1.04,40.00,0,0.00,0,0,0,0.00,0,0,0.00,11,0.00,0,N/A,N/A,N/A,N/A,0.00,0,0.00,0,1.66,0.00,0,74.67,46.15,71,78,0.14,0.26,1,84,31,0,0,0,0.00,0.00,0,20,47.92,0.14,0.26,1,0,0.00,0.00,99,0.00,0,0,1,0.14,0.26,0,0.00,0.00,0.52,0.29,2,0,15.38,82,0,4,50,12,0.25,19,0.04,0.07,1.66,99,0.24,0.43,42,4,0.57,1.04,0.52,0.29,12,2,0.43,99,61,10,99,0,92,37,0,0.00,99,3,0.00,0.78,8.58,4.71,33,11,14,43,2.86,1.57,33.33,4,1.04,24,0,40.00,0,0.00,99,4,0.57,1.04,88,17,30,53,0,0,0,0,0,96,98,65,99,0,99,29,8,8,0,0,10,21,0,0
Bruno Cortês Barbosa,39,542448000,1987/03/11,Serie B,2023,Defender,Avaí,1253,690,563,Brazil,19,11,8,0,0,0,0,0,0,0,0,5,4,1,17,7,10,5,0,0,0,0,0,0,0,1.22,74,66,251,0,0.36,323,277,181,29,0,6.61,0,51,39.39,28.28,61,509,21.94,395,48,30.57,60,0.00,0.00,0.39,7,0.00,0.61,1.55,1.11,20,0.00,0.39,0.00,0.00,0.00,1.06,0.67,0.00,0.00,0.15,0.11,1.06,0.00,0.00,0.00,0.00,1.22,0.00,0.00,0,0,,2,0.11,12,0,0.00,21,2,0.15,16,3,5,13,68,0.00,99,0,19,1.47,86,11,94,0.85,50,0,0.00,99,0,0.00,0,0,0.00,0,0.54,35,19,1.47,69,12,0.93,63.16,0,0.00,0,0,0,0.00,0,0,0.00,15,0.00,0,N/A,N/A,N/A,N/A,0.00,0,0.00,0,0.07,0.00,0,77.60,0.00,21,6,0.89,1.24,16,79,77,0,0,0,0.11,0.15,2,42,119.06,2.33,3.25,42,1,0.00,0.08,5,0.06,0,0,0,0.00,0.00,0,0.00,0.00,0.15,0.11,2,0,0.00,48,50,46,48,16,1.20,36,0.07,0.09,0.07,27,0.00,0.01,41,13,0.72,1.01,1.32,0.94,45,17,0.01,26,18,84,71,0,72,75,0,0.00,99,22,0.00,1.70,9.60,6.89,124,67,71,59,5.18,3.72,54.03,7,0.54,54,0,45.45,0,0.00,99,5,0.28,0.39,63,49,64,70,0,0,0,0,0,34,48,65,59,0,99,23,38,71,5,26,80,21,0,0
Bruno da Silva Barbosa,38,571910400,1988/02/15,Serie B,2023,Midfielder,Novorizontino,0,0,0,Brazil,0,0,0,0,0,0,0,0,0,0,0,0,0,0,0,0,0,0,0,0,0,0,0,0,0,0,0,0,0,0,0,-1,-1,-1,-1,N/A,N/A,N/A,N/A,N/A,N/A,N/A,N/A,N/A,N/A,N/A,N/A,N/A,N/A,N/A,N/A,N/A,N/A,N/A,N/A,N/A,N/A,N/A,N/A,N/A,N/A,N/A,N/A,N/A,N/A,N/A,N/A,N/A,N/A,N/A,N/A,N/A,N/A,N/A,N/A,N/A,N/A,N/A,N/A,N/A,N/A,N/A,N/A,N/A,N/A,N/A,N/A,N/A,N/A,N/A,N/A,N/A,N/A,N/A,N/A,N/A,N/A,N/A,N/A,N/A,N/A,N/A,N/A,N/A,N/A,N/A,N/A,N/A,N/A,N/A,N/A,N/A,N/A,N/A,N/A,N/A,N/A,N/A,N/A,N/A,N/A,N/A,N/A,N/A,N/A,N/A,N/A,N/A,N/A,N/A,N/A,N/A,N/A,N/A,N/A,N/A,N/A,N/A,N/A,N/A,N/A,N/A,N/A,N/A,N/A,N/A,N/A,N/A,N/A,N/A,N/A,N/A,N/A,N/A,N/A,N/A,N/A,N/A,N/A,N/A,N/A,N/A,N/A,N/A,N/A,N/A,N/A,N/A,N/A,N/A,N/A,N/A,N/A,N/A,N/A,N/A,N/A,N/A,N/A,N/A,N/A,N/A,N/A,N/A,N/A,N/A,N/A,N/A,N/A,N/A,N/A,N/A,N/A,N/A,N/A,N/A,N/A,N/A,N/A,N/A,N/A,N/A,N/A,N/A,N/A,N/A,N/A,N/A,N/A,N/A,N/A,N/A,N/A,N/A,N/A,N/A,N/A,N/A,N/A,N/A,N/A,N/A,N/A,N/A,N/A,N/A,N/A,N/A,N/A,N/A,N/A,N/A,N/A,N/A,N/A,N/A,N/A,N/A,N/A,N/A,N/A,N/A,N/A,N/A,N/A,N/A,N/A,N/A,N/A,N/A,N/A,N/A,N/A,N/A,N/A,N/A,N/A,N/A,N/A
Bruno da Silva Costa,26,954230400,2000/03/28,Serie B,2023,Forward,CRB,552,248,304,Brazil,19,9,10,4,3,1,1,1,0,0,0,6,4,2,7,2,5,2,0,0.82,0.16,0.65,1.09,0.3,138,1.14,79,29,276,552,0.33,2,79,-1,5,0,6.75,0.05,87,20.32,6.33,14,114,5.22,94,77,16.75,22,0.00,0.00,0.56,10,0.00,0.94,1.43,0.44,8,0.00,0.17,0.00,0.00,0.00,0.06,0.17,0.00,3.25,2.32,0.28,0.83,0.00,0.44,0.15,0.00,0.11,0.00,0.00,0,0,,13,0.72,98,8,1.43,99,5,0.89,81,4,16,2,62,0.00,99,0,1,0.18,18,17,87,3.03,78,0,0.00,99,0,0.00,0,0,0.00,0,1.78,90,15,2.67,92,3,0.53,20.00,0,0.00,0,0,0,0.00,0,0,0.00,22,0.00,0,N/A,N/A,N/A,N/A,0.00,0,0.00,0,2.75,0.00,0,82.46,61.54,93,1,0.61,1.96,11,57,14,0,0,0,0.00,0.00,0,20,121.45,0.17,0.53,3,0,0.00,0.00,99,0.00,0,0,0,0.00,0.00,0,0.00,0.00,0.18,0.06,1,0,30.77,98,12,46,49,22,1.15,87,0.06,0.20,2.75,99,0.15,0.49,71,10,0.56,1.78,1.60,0.50,60,9,0.49,99,41,22,71,0,76,16,0,0.00,99,2,0.00,0.36,11.94,3.72,67,23,40,84,4.10,1.28,34.33,3,0.53,55,0,35.29,0,0.00,99,6,0.33,1.07,89,1,95,83,0,1,0,5,0,99,99,90,99,0,99,38,44,66,2,11,37,14,0,0
Bruno dos Santos Nazário,31,792316800,1995/02/09,Serie B,2023,Midfielder,Chapecoense,2404,1129,1275,Brazil,31,15,16,8,3,5,6,4,2,2,0,6,4,2,24,7,17,4,0,0.52,0.22,0.3,0.24,0.35,301,0.9,100,78,601,401,0.15,45,41,-1,1,0,7.24,0.19,95,30.40,26.20,39,786,20.13,604,44,23.36,40,0.00,0.00,2.17,65,0.00,4.70,0.66,0.57,17,0.00,1.10,0.00,0.00,0.00,0.17,0.87,0.00,6.43,1.74,0.80,1.50,0.00,0.70,0.20,0.00,0.87,0.00,0.00,0,0,,45,1.50,84,21,0.81,86,24,0.93,83,6,3,27,25,0.00,99,0,5,0.19,19,141,71,5.45,94,0,0.00,99,0,0.00,0,0,0.00,0,2.51,98,45,1.74,76,26,1.01,57.78,0,0.00,0,0,0,0.00,0,0,0.00,49,0.00,0,N/A,N/A,N/A,N/A,0.00,0,0.00,0,6.05,0.00,0,76.84,46.67,72,65,0.33,0.39,10,82,66,2,1,0,0.10,0.12,3,36,217.19,0.23,0.27,7,0,0.00,0.00,99,0.00,0,3,1,0.03,0.04,0,0.00,0.00,0.12,0.10,3,0,15.56,82,85,83,58,49,7.30,97,0.24,0.28,3.95,80,0.13,0.15,92,71,2.37,2.75,1.08,0.93,32,28,0.23,90,96,11,79,0,67,49,0,0.00,99,26,0.00,1.01,10.21,8.80,264,140,76,66,5.41,4.67,53.03,33,1.28,16,0,26.95,0,0.00,99,38,1.27,1.47,94,84,50,94,0,1,0,3,0,96,91,93,85,0,99,11,83,27,3,10,33,88,0,0
Bruno Felipe Lima Teixeira,33,716799600,1992/09/18,Serie B,2023,Midfielder,ABC,280,224,56,Brazil,4,3,1,0,0,0,0,0,0,0,0,1,1,0,4,2,2,3,0,0,0,0,0,0,0,1.29,70,70,93,0,0.96,340,312,-1,21,0,6.65,0,51,25.71,20.00,29,80,17.50,70,97,22.50,37,0.00,0.00,0.25,1,0.00,0.75,1.29,1.00,4,0.00,0.00,0.00,0.00,0.00,1.75,1.00,0.00,0.00,0.32,0.25,1.50,0.00,0.00,0.01,0.00,0.25,0.00,0.00,0,0,,1,0.25,21,0,0.00,21,1,0.32,33,3,1,3,56,0.00,99,0,7,2.25,99,3,32,0.96,52,0,0.00,99,0,0.00,0,0,0.00,0,0.32,24,6,1.93,81,4,1.29,66.67,0,0.00,0,0,0,0.00,0,0,0.00,12,0.00,0,N/A,N/A,N/A,N/A,0.00,0,0.00,0,0.03,0.00,0,87.50,0.00,21,72,0.25,0.32,1,91,83,0,0,0,0.00,0.00,0,20,26.59,1.00,1.29,4,0,0.00,0.00,99,0.00,0,0,0,0.00,0.00,0,0.00,0.00,0.00,0.00,0,0,0.00,48,0,0,48,13,0.21,19,0.05,0.07,0.03,27,0.01,0.01,25,2,0.50,0.64,3.54,2.75,99,11,0.01,26,22,55,71,0,45,13,0,0.00,99,1,0.00,0.32,8.68,6.75,27,11,27,45,3.54,2.75,40.74,0,0.00,99,0,0.00,0,0.00,99,0,0.00,0.00,32,3,30,70,0,0,0,0,0,34,48,65,59,0,99,22,9,99,3,75,99,55,0,0
Bruno Ferreira Ventura de Lins,32,763804800,1994/03/16,Serie B,2023,Goalkeeper,Ceará,1748,720,1028,Brazil,20,8,12,0,0,0,0,0,0,0,0,6,5,1,18,3,15,5,1,0,0,0,0,0,0,0.93,97,87,291,0,0.31,282,344,118,30,0,6.94,0,51,24.51,23.80,25,476,15.45,309,6,15.91,20,0.00,0.00,0.00,0,0.00,0.00,0.05,0.05,1,0.00,0.05,0.00,0.00,3.00,0.00,0.00,4.05,0.00,0.00,0.00,0.00,0.00,0.00,0.00,0.00,0.30,0.00,0.00,0,0,,0,0.00,9,0,0.00,21,0,0.00,10,1,0,20,5,0.00,99,0,0,0.00,9,0,32,0.00,14,0,0.00,99,0,0.00,0,0,0.00,0,0.00,6,0,0.00,8,0,0.00,0.00,0,0.00,0,60,47,3.09,71,81,0.00,45,4.17,53,N/A,N/A,N/A,N/A,74.07,0,0.00,0,0.00,0.00,0,64.92,0.00,21,88,0.15,0.15,3,12,12,0,0,37,0.00,0.00,0,20,138.72,1.20,1.24,24,1,0.00,0.05,8,0.05,1,0,0,0.00,0.00,12,0.60,0.62,0.00,0.00,0,0,0.00,48,67,49,48,45,0.61,6,0.03,0.03,0.00,14,0.00,0.00,1,0,0.00,0.00,0.10,0.10,7,2,0.00,13,78,53,71,39,45,13,0,0.00,99,6,0.00,0.31,0.77,0.75,15,8,4,6,0.41,0.40,53.33,1,0.05,88,0,0.00,0,0.00,99,0,0.00,0.00,32,69,19,33,0,0,0,0,0,34,48,65,59,0,99,33,48,61,4,20,65,94,0,0
Bruno José de Souza,28,891331200,1998/03/31,Serie B,2023,Forward,Guarani,2434,1150,1284,Brazil,32,15,17,4,2,2,7,5,2,0,0,10,5,5,22,9,13,8,0,0.41,0.26,0.15,0.16,0.14,609,0.81,111,76,304,348,0.3,136,24,-1,4,0,6.95,0.22,97,22.19,18.75,19,600,13.78,441,25,16.31,20,0.00,0.00,0.78,25,0.00,3.16,1.81,1.53,49,0.00,0.66,0.00,0.00,0.00,0.28,0.81,0.00,8.50,1.26,0.69,2.00,0.00,0.38,0.11,0.00,0.78,0.00,0.00,0,0,,34,1.06,69,12,0.44,66,22,0.81,75,1,3,29,80,0.00,99,0,9,0.33,28,101,78,3.73,87,0,0.00,99,0,0.00,0,0,0.00,0,0.92,57,64,2.37,88,26,0.96,40.62,0,0.00,0,0,0,0.00,0,0,0.00,61,0.00,0,N/A,N/A,N/A,N/A,0.00,0,0.00,0,3.63,0.00,0,73.50,35.29,51,27,0.69,0.81,22,81,31,0,0,0,0.19,0.22,6,56,222.30,0.69,0.81,22,0,0.00,0.00,99,0.00,0,0,2,0.06,0.07,0,0.00,0.00,0.52,0.44,14,1,11.76,74,86,86,74,61,6.01,91,0.19,0.22,3.63,76,0.11,0.13,62,42,1.31,1.55,1.07,0.91,31,29,0.13,73,79,36,88,0,92,44,0,0.00,99,25,0.00,0.92,11.39,9.62,308,142,73,77,5.25,4.44,46.10,21,0.78,39,0,28.71,0,0.00,99,29,0.91,1.07,89,87,50,33,0,0,0,0,0,90,76,77,73,0,99,36,50,59,8,25,79,17,0,0
Bruno Leonardo dos Santos Covas,29,833698800,1996/06/02,Serie B,2023,Defender,Chapecoense,1895,935,960,Brazil,24,12,12,2,1,1,0,0,0,0,0,7,4,3,15,4,11,7,0,0.09,0,0.09,0.1,0.09,948,0.71,126,79,271,0,0.33,204,366,59,10,0,7.02,0,51,51.46,44.87,91,1032,37.13,854,79,42.58,90,0.00,0.00,0.22,5,0.00,0.00,1.65,1.43,33,0.00,0.09,0.00,0.00,0.00,0.70,0.22,0.00,3.50,0.35,0.17,0.30,0.00,0.13,0.06,0.00,1.83,0.00,0.00,0,0,,7,0.30,23,3,0.15,37,4,0.20,20,5,3,20,73,0.00,99,0,16,0.80,52,0,32,0.00,14,0,0.00,99,0,0.00,0,0,0.00,0,0.25,21,7,0.35,26,5,0.25,71.43,0,0.00,0,0,0,0.00,0,0,0.00,74,0.00,0,N/A,N/A,N/A,N/A,0.00,0,0.00,0,1.47,0.00,0,82.75,42.86,67,80,0.22,0.25,5,33,86,0,0,0,1.00,1.15,23,98,161.41,3.96,4.54,91,1,0.00,0.05,8,0.04,0,0,0,0.00,0.00,0,0.00,0.00,0.15,0.13,3,0,28.57,96,71,61,86,72,2.15,50,0.09,0.11,1.47,60,0.06,0.07,33,15,0.65,0.75,1.89,1.65,75,38,0.07,58,87,94,71,0,72,86,0,0.00,99,42,0.00,2.09,8.18,7.13,164,95,59,39,4.74,4.13,57.93,2,0.10,84,0,0.00,0,0.00,99,0,0.00,0.00,32,69,50,89,0,0,0,0,0,48,63,70,67,0,99,29,43,66,7,29,84,4,0,0
Bruno Matias dos Santos,27,919843200,1999/02/24,Serie B,2023,Midfielder,Tombense,1062,522,540,Brazil,12,6,6,0,0,0,0,0,0,0,0,3,2,1,11,3,8,1,0,0,0,0,0,0,0,0.93,97,89,1062,0,0.08,305,271,-1,17,0,6.77,0,51,38.82,38.82,60,427,34.09,375,98,34.09,71,0.00,0.00,0.55,6,0.00,0.36,1.45,1.45,16,0.00,0.45,0.00,0.00,0.00,0.82,0.00,0.00,0.00,0.45,0.45,0.27,0.00,0.00,0.01,0.00,0.36,0.00,0.00,0,0,,5,0.45,31,0,0.00,21,5,0.45,49,0,0,11,63,0.00,99,0,9,0.82,53,4,97,0.36,36,0,0.00,99,0,0.00,0,0,0.00,0,0.55,35,3,0.27,22,0,0.00,0.00,0,0.00,0,0,0,0.00,0,0,0.00,45,0.00,0,N/A,N/A,N/A,N/A,0.00,0,0.00,0,0.13,0.00,0,87.82,0.00,21,9,1.18,1.18,13,12,12,0,0,0,0.45,0.45,5,76,74.44,1.00,1.00,11,0,0.00,0.00,99,0.00,0,0,1,0.09,0.09,0,0.00,0.00,0.00,0.00,0,0,0.00,48,43,20,48,45,1.08,45,0.10,0.10,0.13,27,0.01,0.01,31,8,0.73,0.73,1.64,1.64,62,18,0.01,26,45,44,91,0,45,16,0,0.00,99,4,0.00,0.36,6.27,6.27,69,28,12,20,2.55,2.55,40.58,5,0.45,62,0,50.00,0,0.00,99,2,0.18,0.18,51,42,19,9,0,0,0,0,0,34,48,65,59,0,99,22,95,12,1,8,26,8,0,0
Bruno Nunes de Barros,31,794390400,1995/03/05,Serie B,2023,Forward,Atlético GO,2442,1031,1411,Brazil,34,15,19,2,0,2,3,3,0,0,0,12,6,6,25,9,16,9,1,0.18,0.11,0.07,0,0.13,1221,0.92,98,72,271,814,0.33,223,125,-1,12,0,6.93,0.09,78,45.27,35.85,79,1183,28.91,954,66,36.51,78,0.00,0.00,0.70,23,0.00,2.21,2.03,1.61,53,0.00,0.61,0.00,0.00,0.00,1.42,0.67,0.00,10.00,0.77,0.30,1.09,0.00,0.30,0.06,0.00,1.03,0.00,0.00,0,0,,20,0.61,53,10,0.38,62,10,0.38,41,1,5,28,87,0.00,99,0,47,1.80,95,73,55,2.79,76,0,0.00,99,0,0.00,0,0,0.00,0,0.88,55,36,1.38,67,22,0.84,61.11,0,0.00,0,0,0,0.00,0,0,0.00,46,0.00,0,N/A,N/A,N/A,N/A,0.00,0,0.00,0,2.00,0.00,0,80.64,50.00,83,19,0.76,0.96,25,76,73,0,0,0,0.21,0.27,7,62,228.75,1.24,1.57,41,1,0.00,0.04,12,0.03,0,0,0,0.00,0.00,0,0.00,0.00,0.11,0.09,3,0,10.00,68,86,92,90,46,3.75,68,0.11,0.14,2.00,63,0.06,0.08,53,35,1.06,1.34,1.15,0.91,35,30,0.08,61,75,65,71,0,65,62,0,0.00,99,34,0.00,1.30,9.76,7.73,255,144,78,61,5.51,4.36,56.47,20,0.77,40,0,21.92,0,0.00,99,16,0.48,0.61,73,86,64,33,0,0,0,0,0,66,59,76,59,0,99,48,43,66,8,24,75,17,0,0
Bruno Pereira Mendes,31,775810800,1994/08/02,Serie B,2023,Forward,Guarani,1347,706,641,Brazil,33,17,16,7,5,2,0,0,0,1,0,12,6,6,7,4,3,2,0,0.47,0,0.47,0.64,0.28,192,0.47,192,41,674,0,0.13,14,428,-1,3,0,6.67,0,51,15.90,7.21,5,238,4.97,164,11,10.96,5,0.00,0.00,0.12,4,0.00,0.03,0.40,0.18,6,0.00,0.36,0.00,0.00,0.00,0.06,0.21,0.00,2.71,1.27,0.18,0.48,0.00,0.39,0.14,0.00,0.70,0.00,0.00,0,0,,19,0.58,69,13,0.87,90,6,0.40,43,7,19,14,12,0.00,99,0,2,0.13,13,1,32,0.07,18,0,0.00,99,0,0.00,0,0,0.00,0,0.27,22,16,1.07,55,7,0.47,43.75,0,0.00,0,0,0,0.00,0,0,0.00,96,0.00,0,N/A,N/A,N/A,N/A,0.00,0,0.00,0,4.74,0.00,0,68.91,68.42,96,77,0.12,0.27,4,54,38,1,0,0,0.06,0.13,2,38,219.95,0.18,0.40,6,0,0.00,0.00,99,0.00,0,1,0,0.00,0.00,0,0.00,0.00,0.40,0.18,6,0,36.84,98,55,90,51,96,0.42,6,0.01,0.03,4.04,97,0.12,0.27,74,28,0.85,1.87,0.94,0.42,26,14,0.32,96,24,16,71,0,89,70,0,0.00,99,23,0.00,1.54,9.22,4.18,138,63,43,52,4.21,1.91,45.65,12,0.80,38,0,0.00,0,0.00,99,0,0.00,0.00,32,52,97,98,0,1,0,3,0,93,98,88,99,0,99,52,86,22,2,6,19,9,0,0
Bruno Roberto Pereira da Silva,26,956818800,2000/04/27,Serie B,2023,Midfielder,Guarani,2128,1068,1060,Brazil,33,16,17,7,6,1,2,2,0,0,0,13,7,6,14,8,6,6,0,0.38,0.08,0.3,0.51,0.08,304,0.59,152,64,355,1064,0.25,49,172,-1,2,0,6.90,0.06,69,22.59,16.36,20,540,13.27,438,68,18.33,26,0.00,0.00,0.88,29,0.00,1.76,0.63,0.45,15,0.00,0.76,0.00,0.00,0.00,0.12,0.97,0.00,5.43,1.59,0.39,1.85,0.00,0.76,0.17,0.00,0.24,0.00,0.00,0,0,,38,1.15,80,25,1.05,96,13,0.54,58,5,6,27,23,0.00,99,0,4,0.17,17,58,57,2.43,71,0,0.00,99,0,0.00,0,0,0.00,0,1.21,73,61,2.55,90,32,1.34,52.46,0,0.00,0,0,0,0.00,0,0,0.00,91,0.00,0,N/A,N/A,N/A,N/A,0.00,0,0.00,0,5.77,0.00,0,81.11,65.79,94,37,0.48,0.67,16,91,57,0,0,0,0.15,0.21,5,55,227.76,0.18,0.25,6,0,0.00,0.00,99,0.00,0,0,1,0.03,0.04,0,0.00,0.00,0.29,0.21,7,1,18.42,88,79,90,58,90,3.22,61,0.10,0.13,5.77,94,0.17,0.24,76,47,1.42,1.97,1.34,0.97,47,32,0.24,91,69,10,79,0,83,14,0,0.00,99,8,0.00,0.33,9.25,6.70,221,102,44,53,4.27,3.09,46.15,25,1.05,24,0,22.41,0,0.00,99,13,0.39,0.54,70,84,70,89,0,1,0,3,0,88,91,70,96,0,99,62,57,51,6,18,59,27,0,0
Bruno Vinicius Simão Elesbão,23,1040025600,2002/12/16,Serie B,2023,Midfielder,Chapecoense,1287,688,599,Brazil,26,14,12,0,0,0,1,1,0,0,0,4,3,1,16,7,9,10,0,0.07,0.07,0,0,0,0,1.12,80,50,129,1287,0.7,374,185,-1,35,0,0.00,0,67,0.00,0.00,0,0,0.00,0,0,0.00,0,0.00,0.00,0.00,0,0.00,0.00,0.00,0.00,0,0.00,0.00,0.00,0.00,0.00,0.00,0.00,0.00,0.00,0.00,0.00,0.00,0.00,0.00,0.00,0.00,0.00,0.00,0.00,0,0,,0,0.00,9,0,0.00,21,0,0.00,10,1,11,14,4,0.00,99,0,0,0.00,9,0,32,0.00,14,0,0.00,99,0,0.00,0,0,0.00,0,0.00,6,0,0.00,8,0,0.00,0.00,0,0.00,0,0,0,0.00,0,0,0.00,23,0.00,0,N/A,N/A,N/A,N/A,0.00,0,0.00,0,0.00,0.00,0,0.00,0.00,21,99,0.00,0.00,0,12,12,0,0,0,0.00,0.00,0,20,0.00,0.00,0.00,0,0,0.00,0.00,99,0.00,0,0,0,0.00,0.00,0,0.00,0.00,0.00,0.00,0,0,0.00,48,51,67,48,23,0.00,0,0.00,0.00,0.00,14,0.00,0.00,1,0,0.00,0.00,0.00,0.00,4,0,0.00,13,0,2,71,0,45,2,0,0.00,99,0,0.00,0.00,0.00,0.00,0,0,0,0,0.00,0.00,0.00,0,0.00,99,0,0.00,0,0.00,99,0,0.00,0.00,32,52,88,33,0,0,0,0,0,42,48,65,59,0,99,6,11,97,10,0,10,22,0,0
Bryan Borges Mascarenhas,29,839055600,1996/08/03,Serie B,2023,Defender,Novorizontino,14,14,0,Brazil,1,1,0,0,0,0,0,0,0,0,0,0,0,0,0,0,0,0,0,0,0,0,0,0,0,0,0,14,0,0,0,-1,-1,-1,30,0,6.63,0,51,64.29,10.00,99,10,7.00,7,13,45.00,94,0.00,0.00,0.00,0,0.00,0.00,0.00,0.00,0,0.00,0.00,0.00,0.00,0.00,1.00,1.00,0.00,0.00,0.00,0.00,1.00,0.00,0.00,0.00,0.00,0.00,0.00,0.00,0,0,,0,0.00,9,0,0.00,21,0,0.00,10,0,1,0,4,0.00,99,0,1,6.43,99,0,32,0.00,14,0,0.00,99,0,0.00,0,0,0.00,0,0.00,6,1,6.43,99,1,6.43,100.00,0,0.00,0,0,0,0.00,0,0,0.00,99,0.00,0,N/A,N/A,N/A,N/A,0.00,0,0.00,0,0.00,0.00,0,70.00,0.00,21,99,0.00,0.00,0,99,99,0,0,0,1.00,6.43,1,99,6.63,0.00,0.00,0,0,0.00,0.00,99,0.00,0,0,0,0.00,0.00,0,0.00,0.00,0.00,0.00,0,0,0.00,48,0,0,48,0,0.01,14,0.01,0.06,0.00,14,0.00,0.00,1,0,0.00,0.00,0.00,0.00,4,0,0.00,13,20,2,71,0,45,2,0,0.00,99,0,0.00,0.00,12.86,2.00,2,1,90,88,6.43,1.00,50.00,0,0.00,99,0,0.00,0,0.00,99,0,0.00,0.00,32,0,30,9,0,0,0,0,0,34,48,65,59,0,99,1,8,8,0,0,10,33,0,0
Bryan Martín Rabello Mella,32,769071600,1994/05/16,Serie B,2023,Midfielder,Novorizontino,0,0,0,Chile,0,0,0,0,0,0,0,0,0,0,0,0,0,0,0,0,0,0,0,0,0,0,0,0,0,0,0,0,0,0,0,-1,-1,-1,-1,N/A,N/A,N/A,N/A,N/A,N/A,N/A,N/A,N/A,N/A,N/A,N/A,N/A,N/A,N/A,N/A,N/A,N/A,N/A,N/A,N/A,N/A,N/A,N/A,N/A,N/A,N/A,N/A,N/A,N/A,N/A,N/A,N/A,N/A,N/A,N/A,N/A,N/A,N/A,N/A,N/A,N/A,N/A,N/A,N/A,N/A,N/A,N/A,N/A,N/A,N/A,N/A,N/A,N/A,N/A,N/A,N/A,N/A,N/A,N/A,N/A,N/A,N/A,N/A,N/A,N/A,N/A,N/A,N/A,N/A,N/A,N/A,N/A,N/A,N/A,N/A,N/A,N/A,N/A,N/A,N/A,N/A,N/A,N/A,N/A,N/A,N/A,N/A,N/A,N/A,N/A,N/A,N/A,N/A,N/A,N/A,N/A,N/A,N/A,N/A,N/A,N/A,N/A,N/A,N/A,N/A,N/A,N/A,N/A,N/A,N/A,N/A,N/A,N/A,N/A,N/A,N/A,N/A,N/A,N/A,N/A,N/A,N/A,N/A,N/A,N/A,N/A,N/A,N/A,N/A,N/A,N/A,N/A,N/A,N/A,N/A,N/A,N/A,N/A,N/A,N/A,N/A,N/A,N/A,N/A,N/A,N/A,N/A,N/A,N/A,N/A,N/A,N/A,N/A,N/A,N/A,N/A,N/A,N/A,N/A,N/A,N/A,N/A,N/A,N/A,N/A,N/A,N/A,N/A,N/A,N/A,N/A,N/A,N/A,N/A,N/A,N/A,N/A,N/A,N/A,N/A,N/A,N/A,N/A,N/A,N/A,N/A,N/A,N/A,N/A,N/A,N/A,N/A,N/A,N/A,N/A,N/A,N/A,N/A,N/A,N/A,N/A,N/A,N/A,N/A,N/A,N/A,N/A,N/A,N/A,N/A,N/A,N/A,N/A,N/A,N/A,N/A,N/A,N/A,N/A,N/A,N/A,N/A,N/A
Caio Danilo Lursen Tuponi,33,717145200,1992/09/22,Serie B,2023,Forward,Londrina,517,216,301,Brazil,14,7,7,1,0,1,0,0,0,0,0,3,2,1,9,3,6,1,0,0.17,0,0.17,0,0.3,517,1.57,57,37,517,0,0.17,122,537,-1,7,0,6.72,0,51,17.93,7.36,7,103,5.00,70,10,12.19,7,0.00,0.00,0.50,7,0.00,0.36,0.52,0.21,3,0.00,0.21,0.00,0.00,0.00,0.07,0.07,0.00,12.00,2.09,0.57,0.14,0.00,0.29,0.07,0.00,2.00,0.00,0.00,0,0,,12,0.86,94,4,0.70,79,8,1.39,95,4,10,4,16,0.00,99,0,1,0.17,17,5,92,0.87,51,0,0.00,99,0,0.00,0,0,0.00,0,1.22,73,2,0.35,26,1,0.17,50.00,0,0.00,0,0,0,0.00,0,0,0.00,3,0.00,0,N/A,N/A,N/A,N/A,0.00,0,0.00,0,1.03,0.00,0,67.96,33.33,49,23,0.36,0.87,5,25,55,0,0,0,0.00,0.00,0,20,94.12,0.64,1.57,9,0,0.00,0.00,99,0.00,0,0,0,0.00,0.00,0,0.00,0.00,0.35,0.14,2,0,8.33,63,9,27,70,3,0.37,14,0.03,0.06,1.03,86,0.07,0.18,19,3,0.21,0.52,2.44,1.00,90,14,0.18,84,35,65,71,0,87,99,0,0.00,99,28,0.00,4.87,14.62,6.00,84,35,86,95,6.09,2.50,41.67,3,0.52,57,0,40.00,0,0.00,99,2,0.14,0.35,61,8,85,83,0,0,0,0,0,64,79,90,59,0,99,14,76,33,1,7,20,19,0,0
Caio Henrique da Silva Dantas,33,730108800,1993/02/19,Serie B,2023,Forward,Vila Nova,2221,1120,1101,Brazil,32,17,15,10,3,7,2,0,2,0,0,13,9,4,11,4,7,0,0,0.49,0.08,0.41,0.24,0.57,222,0.45,202,69,0,1111,0,25,167,-1,1,0,7.01,0.06,69,14.04,10.87,2,337,8.26,256,39,10.67,4,0.00,0.00,0.84,26,0.00,0.16,1.00,0.77,24,0.00,0.94,0.00,0.00,0.00,0.13,0.39,0.00,3.60,1.50,0.39,0.77,0.00,0.77,0.24,0.00,0.65,0.00,0.00,0,0,,36,1.16,77,24,1.00,94,12,0.50,54,2,3,28,43,0.00,99,0,4,0.17,17,5,51,0.21,27,0,0.00,99,0,0.00,0,0,0.00,0,1.08,66,24,1.00,52,12,0.50,50.00,0,0.00,0,0,0,0.00,0,0,0.00,97,0.00,0,N/A,N/A,N/A,N/A,0.00,0,0.00,0,7.32,0.00,0,75.96,66.67,96,51,0.39,0.50,12,55,55,0,0,0,0.06,0.08,2,29,217.17,0.42,0.54,13,0,0.00,0.00,99,0.00,0,0,1,0.03,0.04,0,0.00,0.00,0.17,0.13,4,0,27.78,95,81,86,53,97,2.65,50,0.09,0.11,7.32,98,0.24,0.31,92,66,2.13,2.75,1.08,0.84,32,26,0.31,96,86,23,79,0,75,40,0,0.00,99,20,0.00,0.83,10.33,8.00,248,122,68,67,5.08,3.94,49.19,29,1.21,18,0,20.00,0,0.00,99,1,0.03,0.04,36,86,50,53,0,2,0,6,0,95,96,98,85,0,99,70,8,8,0,0,10,19,0,0
Caíque Barbosa Rodrigues,24,995007600,2001/07/13,Serie B,2023,Midfielder,ABC,44,15,29,Brazil,3,1,2,0,0,0,0,0,0,0,0,1,1,0,1,0,1,1,0,0,0,0,0,0,0,2.05,44,15,44,0,2.05,-1,-1,-1,46,0,0.00,0,51,0.00,0.00,0,0,0.00,0,0,0.00,0,0.00,0.00,0.00,0,0.00,0.00,0.00,0.00,0,0.00,0.00,0.00,0.00,0.00,0.00,0.00,0.00,0.00,0.00,0.00,0.00,0.00,0.00,0.00,0.00,0.00,0.00,0.00,0,0,,0,0.00,9,0,0.00,21,0,0.00,10,0,3,0,4,0.00,99,0,0,0.00,9,0,32,0.00,14,0,0.00,99,0,0.00,0,0,0.00,0,0.00,6,0,0.00,8,0,0.00,0.00,0,0.00,0,0,0,0.00,0,0,0.00,0,0.00,0,N/A,N/A,N/A,N/A,0.00,0,0.00,0,0.00,0.00,0,0.00,0.00,21,99,0.00,0.00,0,12,12,0,0,0,0.00,0.00,0,20,0.00,0.00,0.00,0,0,0.00,0.00,99,0.00,0,0,0,0.00,0.00,0,0.00,0.00,0.00,0.00,0,0,0.00,48,0,0,48,1,0.00,0,0.00,0.00,0.00,14,0.00,0.00,1,0,0.00,0.00,0.00,0.00,4,0,0.00,13,0,2,71,0,45,2,0,0.00,99,0,0.00,0.00,0.00,0.00,0,0,0,0,0.00,0.00,0.00,0,0.00,99,0,0.00,0,0.00,99,0,0.00,0.00,32,0,50,9,0,0,0,0,0,34,48,65,59,0,99,45,8,99,1,0,10,19,0,0
Caique da Silva Maria,27,897807600,1998/06/14,Serie B,2023,Defender,Guarani,218,150,68,Brazil,10,5,5,0,0,0,0,0,0,0,0,3,1,2,3,2,1,2,0,0,0,0,0,0,0,1.24,73,22,109,0,0.83,-1,-1,-1,14,0,6.54,0,51,44.59,10.80,77,108,8.20,82,39,33.85,70,0.00,0.00,0.30,3,0.00,1.60,2.06,0.50,5,0.00,0.10,0.00,0.00,0.00,0.20,0.20,0.00,0.00,0.00,0.00,0.30,0.00,0.00,0.00,0.00,0.00,0.00,0.00,0,0,,0,0.00,9,0,0.00,21,0,0.00,10,8,8,2,88,0.00,99,0,2,0.83,53,16,45,6.61,98,0,0.00,99,0,0.00,0,0,0.00,0,1.24,74,3,1.24,63,2,0.83,66.67,0,0.00,0,0,0,0.00,0,0,0.00,14,0.00,0,N/A,N/A,N/A,N/A,0.00,0,0.00,0,0.00,0.00,0,75.93,0.00,21,2,0.40,1.65,4,75,83,0,0,0,0.10,0.41,1,74,65.43,0.80,3.30,8,0,0.00,0.00,99,0.00,0,0,0,0.00,0.00,0,0.00,0.00,0.00,0.00,0,0,0.00,48,0,12,48,15,0.28,55,0.03,0.12,0.00,14,0.00,0.00,14,1,0.10,0.41,2.89,0.70,96,7,0.00,13,13,84,71,0,45,2,0,0.00,99,0,0.00,0.00,9.50,2.30,23,8,23,57,3.30,0.80,34.78,1,0.41,65,0,18.75,0,0.00,99,3,0.30,1.24,91,1,79,99,0,0,0,0,0,34,48,65,59,0,99,33,10,98,2,20,65,33,0,0
Caique de Jesus Gonçalves,30,813308400,1995/10/10,Serie B,2023,Midfielder,Ceará,1308,660,648,Brazil,20,11,9,0,0,0,0,0,0,0,0,7,6,1,12,5,7,6,1,0,0,0,0,0,0,0.83,109,65,218,0,0.41,449,448,-1,38,0,6.84,0,51,46.85,33.37,82,634,28.05,533,86,39.38,84,0.00,0.00,0.53,10,0.00,0.74,3.33,2.37,45,0.00,0.47,0.00,0.00,0.00,0.68,0.68,0.00,0.00,0.00,0.00,1.16,0.00,0.00,0.00,0.00,0.53,0.00,0.00,0,0,,0,0.00,9,0,0.00,21,0,0.00,10,3,6,14,99,0.00,99,0,13,0.96,61,14,33,1.03,53,0,0.00,99,0,0.00,0,0,0.00,0,0.74,48,22,1.63,74,13,0.96,59.09,0,0.00,0,0,0,0.00,0,0,0.00,58,0.00,0,N/A,N/A,N/A,N/A,0.00,0,0.00,0,0.00,0.00,0,84.07,0.00,21,27,0.58,0.81,11,81,69,0,0,0,0.21,0.30,4,65,129.97,1.95,2.73,37,0,0.00,0.00,99,0.00,0,0,0,0.00,0.00,0,0.00,0.00,0.00,0.00,0,0,0.00,48,52,49,48,58,1.38,45,0.07,0.10,0.00,14,0.00,0.00,45,15,0.79,1.11,1.48,1.05,54,20,0.00,13,59,82,71,0,45,35,0,0.00,99,10,0.00,0.74,10.71,7.63,145,83,86,72,6.13,4.37,57.24,9,0.67,45,0,7.14,0,0.00,99,1,0.05,0.07,39,52,70,70,0,0,0,0,0,34,48,65,59,0,99,48,29,79,5,25,79,5,0,0
Caíque França Godoy,30,802162800,1995/06/03,Serie B,2023,Goalkeeper,Ponte Preta,3240,1620,1620,Brazil,36,18,18,0,0,0,0,0,0,0,0,15,10,5,29,10,19,6,0,0,0,0,0,0,0,0.81,112,90,540,0,0.17,476,468,80,22,0,7.03,0,51,23.34,23.34,22,817,14.94,523,5,14.94,15,0.00,0.00,0.00,0,0.00,0.00,0.06,0.06,2,0.00,0.00,0.00,0.00,3.17,0.00,0.00,4.17,0.00,0.00,0.00,0.09,0.00,0.00,0.00,0.00,0.17,0.00,0.00,0,0,,0,0.00,9,0,0.00,21,0,0.00,10,0,0,35,6,0.00,99,0,0,0.00,9,0,32,0.00,14,0,0.00,99,0,0.00,0,0,0.00,0,0.00,6,3,0.09,12,0,0.00,0.00,0,0.00,0,111,71,3.17,82,146,0.00,61,4.17,53,N/A,N/A,N/A,N/A,76.03,0,0.00,0,0.00,0.00,0,64.01,0.00,21,94,0.03,0.03,1,12,12,0,0,49,0.00,0.00,0,20,245.99,1.57,1.57,55,0,0.00,0.00,99,0.00,0,0,0,0.00,0.00,30,0.86,0.86,0.00,0.00,0,0,0.00,48,99,98,48,63,1.10,6,0.03,0.03,0.00,14,0.00,0.00,4,4,0.11,0.11,0.03,0.03,6,1,0.00,13,88,65,71,79,45,5,0,0.00,99,6,0.00,0.17,0.54,0.54,19,12,3,5,0.34,0.34,63.16,0,0.00,99,0,0.00,0,0.00,99,0,0.00,0.00,32,99,19,9,0,0,0,0,0,34,48,65,59,0,99,74,78,33,6,17,56,12,0,0
Carlos Adalberto De Oliveira Junior,30,803286000,1995/06/16,Serie B,2023,Defender,Botafogo SP,764,360,404,Brazil,9,4,5,0,0,0,0,0,0,0,0,3,3,0,8,2,6,1,0,0,0,0,0,0,0,0.94,96,85,764,0,0.12,397,454,120,38,0,6.84,0,51,43.12,40.67,73,366,31.44,283,47,33.34,68,0.00,0.00,0.44,4,0.00,0.00,1.06,1.00,9,0.00,0.11,0.00,0.00,0.00,1.11,0.11,0.00,0.00,0.24,0.22,0.11,0.00,0.00,0.01,0.00,1.89,0.00,0.00,0,0,,2,0.22,16,0,0.00,21,2,0.24,25,0,1,8,45,0.00,99,0,10,1.18,73,0,32,0.00,14,0,0.00,99,0,0.00,0,0,0.00,0,0.47,32,1,0.12,14,1,0.12,100.00,0,0.00,0,0,0,0.00,0,0,0.00,43,0.00,0,N/A,N/A,N/A,N/A,0.00,0,0.00,0,0.06,0.00,0,77.32,0.00,21,69,0.33,0.35,3,18,99,0,0,0,0.78,0.82,7,92,61.53,3.33,3.53,30,0,0.00,0.00,99,0.00,0,0,0,0.00,0.00,0,0.00,0.00,0.00,0.00,0,0,0.00,48,26,8,48,43,0.75,36,0.08,0.09,0.06,27,0.01,0.01,13,3,0.33,0.35,0.59,0.56,13,5,0.01,26,59,86,71,0,45,84,0,0.00,99,17,0.00,2.00,5.77,5.44,49,30,27,15,3.53,3.33,61.22,1,0.12,83,0,0.00,0,0.00,99,0,0.00,0.00,32,28,30,9,0,0,0,0,0,34,48,65,59,0,99,45,89,20,1,11,37,3,0,0
Carlos Alberto da Cruz Júnior,40,506505600,1986/01/19,Serie B,2023,Defender,Ituano,496,316,180,Brazil,6,4,2,0,0,0,0,0,0,0,0,1,1,0,5,2,3,2,0,0,0,0,0,0,0,0.91,99,83,248,0,0.36,366,296,111,25,0,7.00,0,51,49.54,45.50,87,273,40.50,243,99,44.09,92,0.00,0.00,0.17,1,0.00,0.00,0.73,0.67,4,0.00,0.00,0.00,0.00,0.00,1.00,0.00,0.00,0.00,0.00,0.00,0.17,0.00,0.00,0.00,0.00,1.33,0.00,0.00,0,0,,0,0.00,9,0,0.00,21,0,0.00,10,2,0,6,30,0.00,99,0,6,1.09,68,0,32,0.00,14,0,0.00,99,0,0.00,0,0,0.00,0,0.18,16,1,0.18,18,0,0.00,0.00,0,0.00,0,0,0,0.00,0,0,0.00,47,0.00,0,N/A,N/A,N/A,N/A,0.00,0,0.00,0,0.00,0.00,0,89.01,0.00,21,99,0.00,0.00,0,12,12,0,0,0,0.50,0.54,3,83,42.00,3.17,3.45,19,1,0.00,0.18,1,0.17,0,0,0,0.00,0.00,0,0.00,0.00,0.00,0.00,0,0,0.00,48,8,3,48,47,0.62,50,0.10,0.11,0.00,14,0.00,0.00,44,6,1.00,1.09,1.27,1.17,42,7,0.00,13,85,85,71,0,45,65,0,0.00,99,8,0.00,1.45,6.53,6.00,36,18,22,22,3.27,3.00,50.00,0,0.00,99,0,0.00,0,0.00,99,0,0.00,0.00,32,17,19,53,0,0,0,0,0,34,48,65,59,0,99,8,38,71,2,33,92,4,0,0
Carlos Eduardo Bacila Jatobá,30,811148400,1995/09/15,Serie B,2023,Midfielder,Londrina,687,405,282,Brazil,11,6,5,1,1,0,0,0,0,0,0,3,2,1,11,5,6,2,0,0.13,0,0.13,0.22,0,687,1.44,62,62,344,0,0.26,154,540,-1,11,0,6.85,0,51,34.59,24.00,49,264,19.27,212,64,27.77,52,0.00,0.00,0.55,6,0.00,1.09,1.57,1.09,12,0.00,0.73,0.00,0.00,0.00,0.55,0.36,0.00,8.00,1.05,0.45,0.45,0.00,0.27,0.08,0.00,1.27,0.00,0.00,0,0,,8,0.73,62,3,0.39,63,5,0.66,68,1,2,9,70,0.00,99,0,6,0.79,51,12,93,1.57,60,0,0.00,99,0,0.00,0,0,0.00,0,0.79,51,5,0.66,38,4,0.52,80.00,0,0.00,0,0,0,0.00,0,0,0.00,6,0.00,0,N/A,N/A,N/A,N/A,0.00,0,0.00,0,0.90,0.00,0,80.30,37.50,53,78,0.18,0.26,2,57,92,0,0,0,0.55,0.79,6,91,75.40,1.09,1.57,12,0,0.00,0.00,99,0.00,0,0,0,0.00,0.00,0,0.00,0.00,0.13,0.09,1,1,12.50,76,21,15,77,7,0.71,36,0.06,0.09,0.90,73,0.08,0.12,67,13,1.18,1.70,2.36,1.64,88,18,0.12,70,61,65,71,0,68,79,0,0.00,99,14,0.00,1.83,10.61,7.36,81,43,80,71,5.63,3.91,53.09,8,1.05,24,0,41.67,0,0.00,99,5,0.45,0.66,75,33,39,33,0,0,0,0,0,54,72,65,82,0,99,25,55,53,2,18,59,8,0,0
Carlos Eduardo de Costa Mendes,24,992415600,2001/06/13,Serie B,2023,Goalkeeper,Sampaio Corrêa,0,0,0,Brazil,0,0,0,0,0,0,0,0,0,0,0,0,0,0,0,0,0,0,0,0,0,0,0,0,0,0,0,0,0,0,0,-1,-1,-1,-1,N/A,N/A,N/A,N/A,N/A,N/A,N/A,N/A,N/A,N/A,N/A,N/A,N/A,N/A,N/A,N/A,N/A,N/A,N/A,N/A,N/A,N/A,N/A,N/A,N/A,N/A,N/A,N/A,N/A,N/A,N/A,N/A,N/A,N/A,N/A,N/A,N/A,N/A,N/A,N/A,N/A,N/A,N/A,N/A,N/A,N/A,N/A,N/A,N/A,N/A,N/A,N/A,N/A,N/A,N/A,N/A,N/A,N/A,N/A,N/A,N/A,N/A,N/A,N/A,N/A,N/A,N/A,N/A,N/A,N/A,N/A,N/A,N/A,N/A,N/A,N/A,N/A,N/A,N/A,N/A,N/A,N/A,N/A,N/A,N/A,N/A,N/A,N/A,N/A,N/A,N/A,N/A,N/A,N/A,N/A,N/A,N/A,N/A,N/A,N/A,N/A,N/A,N/A,N/A,N/A,N/A,N/A,N/A,N/A,N/A,N/A,N/A,N/A,N/A,N/A,N/A,N/A,N/A,N/A,N/A,N/A,N/A,N/A,N/A,N/A,N/A,N/A,N/A,N/A,N/A,N/A,N/A,N/A,N/A,N/A,N/A,N/A,N/A,N/A,N/A,N/A,N/A,N/A,N/A,N/A,N/A,N/A,N/A,N/A,N/A,N/A,N/A,N/A,N/A,N/A,N/A,N/A,N/A,N/A,N/A,N/A,N/A,N/A,N/A,N/A,N/A,N/A,N/A,N/A,N/A,N/A,N/A,N/A,N/A,N/A,N/A,N/A,N/A,N/A,N/A,N/A,N/A,N/A,N/A,N/A,N/A,N/A,N/A,N/A,N/A,N/A,N/A,N/A,N/A,N/A,N/A,N/A,N/A,N/A,N/A,N/A,N/A,N/A,N/A,N/A,N/A,N/A,N/A,N/A,N/A,N/A,N/A,N/A,N/A,N/A,N/A,N/A,N/A,N/A,N/A,N/A,N/A,N/A,N/A
Carlos Eduardo De Souza Vieira,32,761731200,1994/02/20,Serie B,2023,Midfielder,Chapecoense,844,390,454,Brazil,16,6,10,1,1,0,0,0,0,0,0,2,1,1,12,4,8,5,0,0.11,0,0.11,0.23,0,844,1.28,70,53,169,0,0.53,177,372,-1,16,0,6.26,0,51,37.19,21.12,55,338,16.44,263,49,28.94,55,0.00,0.00,0.19,3,0.00,0.81,1.76,1.00,16,0.00,0.50,0.00,0.00,0.00,1.44,0.06,0.00,9.00,0.99,0.44,0.12,0.00,0.12,0.06,0.00,0.62,0.00,0.00,0,0,,9,0.56,61,2,0.22,47,7,0.77,73,1,7,9,78,0.00,99,0,23,2.53,99,13,33,1.43,58,0,0.00,99,0,0.00,0,0,0.00,0,0.33,25,2,0.22,20,1,0.11,50.00,0,0.00,0,0,0,0.00,0,0,0.00,12,0.00,0,N/A,N/A,N/A,N/A,0.00,0,0.00,0,0.91,0.00,0,77.81,22.22,33,16,0.56,0.99,9,17,55,0,0,0,0.06,0.11,1,34,100.09,1.19,2.09,19,0,0.00,0.00,99,0.00,0,0,0,0.00,0.00,0,0.00,0.00,0.11,0.06,1,0,11.11,72,31,34,83,13,0.75,27,0.05,0.08,0.91,68,0.06,0.10,66,15,0.94,1.65,2.31,1.31,87,21,0.10,65,4,75,71,0,65,53,0,0.00,99,10,0.00,1.10,9.35,5.31,85,42,54,55,4.62,2.62,49.41,8,0.88,31,0,7.69,0,0.00,99,1,0.06,0.11,45,33,74,33,0,0,0,0,0,52,68,65,84,0,99,5,17,91,5,31,88,70,0,0
Carlos Eduardo Santos Oliveira,39,532857600,1986/11/20,Serie B,2023,Defender,Sport Recife,1036,595,441,Brazil,17,10,7,0,0,0,1,1,0,0,0,7,5,2,9,6,3,3,0,0.09,0.09,0,0,0,0,0.78,115,61,345,1036,0.26,349,146,71,28,0,6.67,0.06,74,51.25,34.71,90,590,28.18,479,69,41.61,88,0.00,0.00,0.41,7,0.00,1.18,1.56,1.06,18,0.00,0.29,0.00,0.00,0.00,0.82,0.29,0.00,0.00,0.26,0.18,0.71,0.00,0.00,0.01,0.00,0.47,0.00,0.00,0,0,,3,0.18,17,0,0.00,21,3,0.26,26,4,2,15,69,0.00,99,0,14,1.22,75,20,92,1.74,63,0,0.00,99,0,0.00,0,0,0.00,0,0.61,40,12,1.04,54,5,0.43,41.67,0,0.00,0,0,0,0.00,0,0,0.00,65,0.00,0,N/A,N/A,N/A,N/A,0.00,0,0.00,0,0.10,0.00,0,81.19,0.00,21,35,0.47,0.69,8,49,35,0,0,0,0.18,0.26,3,60,113.44,1.35,2.00,23,1,0.00,0.09,4,0.06,0,0,0,0.00,0.00,0,0.00,0.00,0.00,0.00,0,0,0.00,48,42,38,48,65,1.82,76,0.11,0.16,0.10,27,0.01,0.01,46,13,0.76,1.13,1.30,0.88,44,15,0.01,26,24,74,71,0,45,32,0,0.00,99,8,0.00,0.69,7.82,5.29,90,44,35,36,3.82,2.59,48.89,5,0.43,64,0,40.00,0,0.00,99,8,0.47,0.69,77,55,39,83,0,0,0,0,0,48,48,65,59,0,99,70,55,53,3,18,59,26,0,0
Carlos Eduardo Soares Mota,34,698918400,1992/02/24,Serie B,2023,Goalkeeper,Chapecoense,0,0,0,Brazil,0,0,0,0,0,0,0,0,0,0,0,0,0,0,0,0,0,0,0,0,0,0,0,0,0,0,0,0,0,0,0,-1,-1,-1,-1,N/A,N/A,N/A,N/A,N/A,N/A,N/A,N/A,N/A,N/A,N/A,N/A,N/A,N/A,N/A,N/A,N/A,N/A,N/A,N/A,N/A,N/A,N/A,N/A,N/A,N/A,N/A,N/A,N/A,N/A,N/A,N/A,N/A,N/A,N/A,N/A,N/A,N/A,N/A,N/A,N/A,N/A,N/A,N/A,N/A,N/A,N/A,N/A,N/A,N/A,N/A,N/A,N/A,N/A,N/A,N/A,N/A,N/A,N/A,N/A,N/A,N/A,N/A,N/A,N/A,N/A,N/A,N/A,N/A,N/A,N/A,N/A,N/A,N/A,N/A,N/A,N/A,N/A,N/A,N/A,N/A,N/A,N/A,N/A,N/A,N/A,N/A,N/A,N/A,N/A,N/A,N/A,N/A,N/A,N/A,N/A,N/A,N/A,N/A,N/A,N/A,N/A,N/A,N/A,N/A,N/A,N/A,N/A,N/A,N/A,N/A,N/A,N/A,N/A,N/A,N/A,N/A,N/A,N/A,N/A,N/A,N/A,N/A,N/A,N/A,N/A,N/A,N/A,N/A,N/A,N/A,N/A,N/A,N/A,N/A,N/A,N/A,N/A,N/A,N/A,N/A,N/A,N/A,N/A,N/A,N/A,N/A,N/A,N/A,N/A,N/A,N/A,N/A,N/A,N/A,N/A,N/A,N/A,N/A,N/A,N/A,N/A,N/A,N/A,N/A,N/A,N/A,N/A,N/A,N/A,N/A,N/A,N/A,N/A,N/A,N/A,N/A,N/A,N/A,N/A,N/A,N/A,N/A,N/A,N/A,N/A,N/A,N/A,N/A,N/A,N/A,N/A,N/A,N/A,N/A,N/A,N/A,N/A,N/A,N/A,N/A,N/A,N/A,N/A,N/A,N/A,N/A,N/A,N/A,N/A,N/A,N/A,N/A,N/A,N/A,N/A,N/A,N/A,N/A,N/A,N/A,N/A,N/A,N/A
Carlos Eugenio Junior Tavares dos Santos,29,839401200,1996/08/07,Serie B,2023,Defender,Ponte Preta,270,108,162,Brazil,5,2,3,0,0,0,0,0,0,0,0,2,1,1,4,2,2,0,0,0,0,0,0,0,0,1.33,68,54,0,0,0,-1,-1,-1,37,0,7.02,0,51,51.33,30.80,91,154,28.00,140,99,46.67,97,0.00,0.00,1.00,5,0.00,4.20,0.67,0.40,2,0.00,0.80,0.00,0.00,0.00,1.60,0.80,0.00,0.00,0.00,0.00,1.00,0.00,0.00,0.00,0.00,0.40,0.00,0.00,0,0,,0,0.00,9,0,0.00,21,0,0.00,10,1,2,3,25,0.00,99,0,8,2.67,99,21,86,7.00,98,0,0.00,99,0,0.00,0,0,0.00,0,1.67,87,5,1.67,75,4,1.33,80.00,0,0.00,0,0,0,0.00,0,0,0.00,10,0.00,0,N/A,N/A,N/A,N/A,0.00,0,0.00,0,0.00,0.00,0,90.91,0.00,21,15,0.60,1.00,3,91,92,0,0,0,0.80,1.33,4,99,35.11,0.40,0.67,2,0,0.00,0.00,99,0.00,0,0,0,0.00,0.00,0,0.00,0.00,0.00,0.00,0,0,0.00,48,0,1,48,11,0.52,80,0.10,0.17,0.00,14,0.00,0.00,52,4,0.80,1.33,1.00,0.60,29,3,0.00,13,87,29,71,0,45,31,0,0.00,99,2,0.00,0.67,7.67,4.60,23,12,38,35,4.00,2.40,52.17,4,1.33,14,0,33.33,0,0.00,99,7,1.40,2.33,99,3,39,33,0,0,0,0,0,34,48,65,59,0,99,67,8,8,0,0,10,22,0,0
Carlos Henrique Rodrigues Sant'ana,20,1140076800,2006/02/16,Serie B,2023,Goalkeeper,ABC,0,0,0,Brazil,0,0,0,0,0,0,0,0,0,0,0,0,0,0,0,0,0,0,0,0,0,0,0,0,0,0,0,0,0,0,0,-1,-1,-1,-1,N/A,N/A,N/A,N/A,N/A,N/A,N/A,N/A,N/A,N/A,N/A,N/A,N/A,N/A,N/A,N/A,N/A,N/A,N/A,N/A,N/A,N/A,N/A,N/A,N/A,N/A,N/A,N/A,N/A,N/A,N/A,N/A,N/A,N/A,N/A,N/A,N/A,N/A,N/A,N/A,N/A,N/A,N/A,N/A,N/A,N/A,N/A,N/A,N/A,N/A,N/A,N/A,N/A,N/A,N/A,N/A,N/A,N/A,N/A,N/A,N/A,N/A,N/A,N/A,N/A,N/A,N/A,N/A,N/A,N/A,N/A,N/A,N/A,N/A,N/A,N/A,N/A,N/A,N/A,N/A,N/A,N/A,N/A,N/A,N/A,N/A,N/A,N/A,N/A,N/A,N/A,N/A,N/A,N/A,N/A,N/A,N/A,N/A,N/A,N/A,N/A,N/A,N/A,N/A,N/A,N/A,N/A,N/A,N/A,N/A,N/A,N/A,N/A,N/A,N/A,N/A,N/A,N/A,N/A,N/A,N/A,N/A,N/A,N/A,N/A,N/A,N/A,N/A,N/A,N/A,N/A,N/A,N/A,N/A,N/A,N/A,N/A,N/A,N/A,N/A,N/A,N/A,N/A,N/A,N/A,N/A,N/A,N/A,N/A,N/A,N/A,N/A,N/A,N/A,N/A,N/A,N/A,N/A,N/A,N/A,N/A,N/A,N/A,N/A,N/A,N/A,N/A,N/A,N/A,N/A,N/A,N/A,N/A,N/A,N/A,N/A,N/A,N/A,N/A,N/A,N/A,N/A,N/A,N/A,N/A,N/A,N/A,N/A,N/A,N/A,N/A,N/A,N/A,N/A,N/A,N/A,N/A,N/A,N/A,N/A,N/A,N/A,N/A,N/A,N/A,N/A,N/A,N/A,N/A,N/A,N/A,N/A,N/A,N/A,N/A,N/A,N/A,N/A,N/A,N/A,N/A,N/A,N/A,N/A
Carlos Manuel de Resende Teodoro,25,966582000,2000/08/18,Serie B,2023,Midfielder,Botafogo SP,1164,597,567,Brazil,26,12,14,1,1,0,0,0,0,0,0,8,5,3,17,6,11,4,0,0.08,0,0.08,0.15,0,1164,1.31,68,45,291,0,0.31,213,514,-1,8,0,0.00,0,51,0.00,0.00,0,0,0.00,0,0,0.00,0,0.00,0.00,0.00,0,0.00,0.00,0.00,0.00,0,0.00,0.00,0.00,0.00,0.00,0.00,0.00,0.00,0.00,0.00,0.00,0.00,0.00,0.00,0.00,0.00,0.00,0.00,0.00,0,0,,0,0.00,9,0,0.00,21,0,0.00,10,3,16,9,4,0.00,99,0,0,0.00,9,0,32,0.00,14,0,0.00,99,0,0.00,0,0,0.00,0,0.00,6,0,0.00,8,0,0.00,0.00,0,0.00,0,0,0,0.00,0,0,0.00,11,0.00,0,N/A,N/A,N/A,N/A,0.00,0,0.00,0,0.00,0.00,0,0.00,0.00,21,99,0.00,0.00,0,12,12,0,0,0,0.00,0.00,0,20,0.00,0.00,0.00,0,0,0.00,0.00,99,0.00,0,0,0,0.00,0.00,0,0.00,0.00,0.00,0.00,0,0,0.00,48,46,67,89,11,0.00,0,0.00,0.00,0.00,14,0.00,0.00,1,0,0.00,0.00,0.00,0.00,4,0,0.00,13,0,2,71,0,45,2,0,0.00,99,0,0.00,0.00,0.00,0.00,0,0,0,0,0.00,0.00,0.00,0,0.00,99,0,0.00,0,0.00,99,0,0.00,0.00,32,33,95,70,0,0,0,0,0,44,61,65,72,0,99,36,48,61,4,0,10,18,0,0
Carlos Thomas Gómez Montefiori,23,1044518400,2003/02/06,Serie B,2023,Forward,Juventude,0,0,0,Argentina,0,0,0,0,0,0,0,0,0,0,0,0,0,0,0,0,0,0,0,0,0,0,0,0,0,0,0,0,0,0,0,-1,-1,-1,-1,N/A,N/A,N/A,N/A,N/A,N/A,N/A,N/A,N/A,N/A,N/A,N/A,N/A,N/A,N/A,N/A,N/A,N/A,N/A,N/A,N/A,N/A,N/A,N/A,N/A,N/A,N/A,N/A,N/A,N/A,N/A,N/A,N/A,N/A,N/A,N/A,N/A,N/A,N/A,N/A,N/A,N/A,N/A,N/A,N/A,N/A,N/A,N/A,N/A,N/A,N/A,N/A,N/A,N/A,N/A,N/A,N/A,N/A,N/A,N/A,N/A,N/A,N/A,N/A,N/A,N/A,N/A,N/A,N/A,N/A,N/A,N/A,N/A,N/A,N/A,N/A,N/A,N/A,N/A,N/A,N/A,N/A,N/A,N/A,N/A,N/A,N/A,N/A,N/A,N/A,N/A,N/A,N/A,N/A,N/A,N/A,N/A,N/A,N/A,N/A,N/A,N/A,N/A,N/A,N/A,N/A,N/A,N/A,N/A,N/A,N/A,N/A,N/A,N/A,N/A,N/A,N/A,N/A,N/A,N/A,N/A,N/A,N/A,N/A,N/A,N/A,N/A,N/A,N/A,N/A,N/A,N/A,N/A,N/A,N/A,N/A,N/A,N/A,N/A,N/A,N/A,N/A,N/A,N/A,N/A,N/A,N/A,N/A,N/A,N/A,N/A,N/A,N/A,N/A,N/A,N/A,N/A,N/A,N/A,N/A,N/A,N/A,N/A,N/A,N/A,N/A,N/A,N/A,N/A,N/A,N/A,N/A,N/A,N/A,N/A,N/A,N/A,N/A,N/A,N/A,N/A,N/A,N/A,N/A,N/A,N/A,N/A,N/A,N/A,N/A,N/A,N/A,N/A,N/A,N/A,N/A,N/A,N/A,N/A,N/A,N/A,N/A,N/A,N/A,N/A,N/A,N/A,N/A,N/A,N/A,N/A,N/A,N/A,N/A,N/A,N/A,N/A,N/A,N/A,N/A,N/A,N/A,N/A,N/A
Cassio Gabriel Vilela Ferreira,33,715071600,1992/08/29,Serie B,2023,Midfielder,Ponte Preta,403,235,168,Brazil,10,4,6,0,0,0,1,1,0,0,0,5,4,1,2,0,2,2,0,0.22,0.22,0,0,0,0,0.45,202,40,202,403,0.45,471,38,-1,32,0,6.91,0.1,95,35.29,15.80,50,158,12.50,125,58,27.92,53,0.00,0.00,1.60,16,0.00,2.00,0.89,0.40,4,0.00,0.90,0.00,0.00,0.00,0.40,0.70,0.00,0.00,1.79,0.40,0.90,0.00,0.40,0.03,0.00,0.40,0.00,0.00,0,0,,8,0.80,86,4,0.89,91,4,0.89,81,2,6,4,38,0.00,99,0,4,0.89,57,20,67,4.47,91,0,0.00,99,0,0.00,0,0,0.00,0,3.57,99,9,2.01,82,7,1.56,77.78,0,0.00,0,0,0,0.00,0,0,0.00,97,0.00,0,N/A,N/A,N/A,N/A,0.00,0,0.00,0,0.28,0.00,0,79.11,50.00,83,58,0.20,0.45,2,94,90,0,0,0,0.30,0.67,3,87,69.15,0.20,0.45,2,0,0.00,0.00,99,0.00,0,0,1,0.10,0.22,0,0.00,0.00,0.00,0.00,0,0,0.00,48,3,12,48,97,1.42,98,0.14,0.32,0.28,56,0.03,0.06,62,7,0.70,1.56,0.67,0.30,14,3,0.06,54,72,18,99,0,45,43,0,0.00,99,4,0.00,0.89,9.38,4.20,42,22,64,56,4.91,2.20,52.38,9,2.01,2,0,25.00,0,0.00,99,5,0.50,1.12,90,8,70,53,0,0,0,0,0,72,48,65,59,0,99,92,26,83,2,20,65,21,0,0
Cauã Pereira da Rocha,21,1102924800,2004/12/13,Serie B,2023,Defender,Juventude,0,0,0,Brazil,0,0,0,0,0,0,0,0,0,0,0,0,0,0,0,0,0,0,0,0,0,0,0,0,0,0,0,0,0,0,0,-1,-1,-1,-1,N/A,N/A,N/A,N/A,N/A,N/A,N/A,N/A,N/A,N/A,N/A,N/A,N/A,N/A,N/A,N/A,N/A,N/A,N/A,N/A,N/A,N/A,N/A,N/A,N/A,N/A,N/A,N/A,N/A,N/A,N/A,N/A,N/A,N/A,N/A,N/A,N/A,N/A,N/A,N/A,N/A,N/A,N/A,N/A,N/A,N/A,N/A,N/A,N/A,N/A,N/A,N/A,N/A,N/A,N/A,N/A,N/A,N/A,N/A,N/A,N/A,N/A,N/A,N/A,N/A,N/A,N/A,N/A,N/A,N/A,N/A,N/A,N/A,N/A,N/A,N/A,N/A,N/A,N/A,N/A,N/A,N/A,N/A,N/A,N/A,N/A,N/A,N/A,N/A,N/A,N/A,N/A,N/A,N/A,N/A,N/A,N/A,N/A,N/A,N/A,N/A,N/A,N/A,N/A,N/A,N/A,N/A,N/A,N/A,N/A,N/A,N/A,N/A,N/A,N/A,N/A,N/A,N/A,N/A,N/A,N/A,N/A,N/A,N/A,N/A,N/A,N/A,N/A,N/A,N/A,N/A,N/A,N/A,N/A,N/A,N/A,N/A,N/A,N/A,N/A,N/A,N/A,N/A,N/A,N/A,N/A,N/A,N/A,N/A,N/A,N/A,N/A,N/A,N/A,N/A,N/A,N/A,N/A,N/A,N/A,N/A,N/A,N/A,N/A,N/A,N/A,N/A,N/A,N/A,N/A,N/A,N/A,N/A,N/A,N/A,N/A,N/A,N/A,N/A,N/A,N/A,N/A,N/A,N/A,N/A,N/A,N/A,N/A,N/A,N/A,N/A,N/A,N/A,N/A,N/A,N/A,N/A,N/A,N/A,N/A,N/A,N/A,N/A,N/A,N/A,N/A,N/A,N/A,N/A,N/A,N/A,N/A,N/A,N/A,N/A,N/A,N/A,N/A,N/A,N/A,N/A,N/A,N/A,N/A
Cesar Augusto de Oliveira Prado,22,1061622000,2003/08/23,Serie B,2023,Goalkeeper,Ceará,0,0,0,Brazil,0,0,0,0,0,0,0,0,0,0,0,0,0,0,0,0,0,0,0,0,0,0,0,0,0,0,0,0,0,0,0,-1,-1,-1,-1,N/A,N/A,N/A,N/A,N/A,N/A,N/A,N/A,N/A,N/A,N/A,N/A,N/A,N/A,N/A,N/A,N/A,N/A,N/A,N/A,N/A,N/A,N/A,N/A,N/A,N/A,N/A,N/A,N/A,N/A,N/A,N/A,N/A,N/A,N/A,N/A,N/A,N/A,N/A,N/A,N/A,N/A,N/A,N/A,N/A,N/A,N/A,N/A,N/A,N/A,N/A,N/A,N/A,N/A,N/A,N/A,N/A,N/A,N/A,N/A,N/A,N/A,N/A,N/A,N/A,N/A,N/A,N/A,N/A,N/A,N/A,N/A,N/A,N/A,N/A,N/A,N/A,N/A,N/A,N/A,N/A,N/A,N/A,N/A,N/A,N/A,N/A,N/A,N/A,N/A,N/A,N/A,N/A,N/A,N/A,N/A,N/A,N/A,N/A,N/A,N/A,N/A,N/A,N/A,N/A,N/A,N/A,N/A,N/A,N/A,N/A,N/A,N/A,N/A,N/A,N/A,N/A,N/A,N/A,N/A,N/A,N/A,N/A,N/A,N/A,N/A,N/A,N/A,N/A,N/A,N/A,N/A,N/A,N/A,N/A,N/A,N/A,N/A,N/A,N/A,N/A,N/A,N/A,N/A,N/A,N/A,N/A,N/A,N/A,N/A,N/A,N/A,N/A,N/A,N/A,N/A,N/A,N/A,N/A,N/A,N/A,N/A,N/A,N/A,N/A,N/A,N/A,N/A,N/A,N/A,N/A,N/A,N/A,N/A,N/A,N/A,N/A,N/A,N/A,N/A,N/A,N/A,N/A,N/A,N/A,N/A,N/A,N/A,N/A,N/A,N/A,N/A,N/A,N/A,N/A,N/A,N/A,N/A,N/A,N/A,N/A,N/A,N/A,N/A,N/A,N/A,N/A,N/A,N/A,N/A,N/A,N/A,N/A,N/A,N/A,N/A,N/A,N/A,N/A,N/A,N/A,N/A,N/A,N/A
Cesar Augusto Soares dos Reis,31,792921600,1995/02/16,Serie B,2023,Goalkeeper,Mirassol,0,0,0,Brazil,0,0,0,0,0,0,0,0,0,0,0,0,0,0,0,0,0,1,0,0,0,0,0,0,0,0,0,0,0,0,0,-1,-1,-1,-1,N/A,N/A,N/A,N/A,N/A,N/A,N/A,N/A,N/A,N/A,N/A,N/A,N/A,N/A,N/A,N/A,N/A,N/A,N/A,N/A,N/A,N/A,N/A,N/A,N/A,N/A,N/A,N/A,N/A,N/A,N/A,N/A,N/A,N/A,N/A,N/A,N/A,N/A,N/A,N/A,N/A,N/A,N/A,N/A,N/A,N/A,N/A,N/A,N/A,N/A,N/A,N/A,N/A,N/A,N/A,N/A,N/A,N/A,N/A,N/A,N/A,N/A,N/A,N/A,N/A,N/A,N/A,N/A,N/A,N/A,N/A,N/A,N/A,N/A,N/A,N/A,N/A,N/A,N/A,N/A,N/A,N/A,N/A,N/A,N/A,N/A,N/A,N/A,N/A,N/A,N/A,N/A,N/A,N/A,N/A,N/A,N/A,N/A,N/A,N/A,N/A,N/A,N/A,N/A,N/A,N/A,N/A,N/A,N/A,N/A,N/A,N/A,N/A,N/A,N/A,N/A,N/A,N/A,N/A,N/A,N/A,N/A,N/A,N/A,N/A,N/A,N/A,N/A,N/A,N/A,N/A,N/A,N/A,N/A,N/A,N/A,N/A,N/A,N/A,N/A,N/A,N/A,N/A,N/A,N/A,N/A,N/A,N/A,N/A,N/A,N/A,N/A,N/A,N/A,N/A,N/A,N/A,N/A,N/A,N/A,N/A,N/A,N/A,N/A,N/A,N/A,N/A,N/A,N/A,N/A,N/A,N/A,N/A,N/A,N/A,N/A,N/A,N/A,N/A,N/A,N/A,N/A,N/A,N/A,N/A,N/A,N/A,N/A,N/A,N/A,N/A,N/A,N/A,N/A,N/A,N/A,N/A,N/A,N/A,N/A,N/A,N/A,N/A,N/A,N/A,N/A,N/A,N/A,N/A,N/A,N/A,N/A,N/A,N/A,N/A,N/A,N/A,N/A,N/A,N/A,N/A,N/A,N/A,N/A
César Henrique Martins,33,725529600,1992/12/28,Serie B,2023,Defender,Novorizontino,2283,1067,1216,Brazil,27,13,14,5,2,3,0,0,0,0,0,12,7,5,17,3,14,4,0,0.2,0,0.2,0.17,0.22,457,0.67,134,85,571,0,0.16,100,435,37,5,0,7.22,0,51,44.04,41.27,76,1073,31.31,814,39,33.41,68,0.00,0.00,0.15,4,0.00,0.08,0.98,0.92,24,0.00,0.12,0.00,0.00,0.00,1.65,0.23,0.00,6.00,1.23,0.85,0.31,0.00,0.31,0.15,0.00,2.19,0.00,0.00,0,0,,30,1.15,68,8,0.33,59,22,0.90,82,2,0,26,41,0.00,99,0,43,1.76,94,2,32,0.08,18,0,0.00,99,0,0.00,0,0,0.00,0,0.16,15,8,0.33,25,6,0.25,75.00,0,0.00,0,0,0,0.00,0,0,0.00,82,0.00,0,N/A,N/A,N/A,N/A,0.00,0,0.00,0,3.88,0.00,0,75.86,26.67,36,58,0.42,0.45,11,33,90,0,0,0,0.69,0.74,18,89,187.70,5.00,5.34,130,0,0.00,0.00,99,0.00,0,0,1,0.04,0.04,0,0.00,0.00,0.04,0.04,1,0,16.67,85,83,70,66,82,1.75,19,0.07,0.07,3.88,82,0.15,0.16,13,9,0.35,0.37,0.94,0.88,26,23,0.16,80,96,98,79,0,50,90,0,0.00,99,57,0.00,2.34,5.91,5.54,144,96,37,15,3.94,3.69,66.67,3,0.12,83,0,0.00,0,0.00,99,0,0.00,0.00,32,82,19,53,0,0,0,0,0,69,84,85,75,0,99,81,80,30,4,15,50,3,0,0
Charlys Matheus,22,1077177600,2004/02/19,Serie B,2023,Midfielder,Vitória,0,0,0,Brazil,0,0,0,0,0,0,0,0,0,0,0,0,0,0,0,0,0,0,0,0,0,0,0,0,0,0,0,0,0,0,0,-1,-1,-1,-1,N/A,N/A,N/A,N/A,N/A,N/A,N/A,N/A,N/A,N/A,N/A,N/A,N/A,N/A,N/A,N/A,N/A,N/A,N/A,N/A,N/A,N/A,N/A,N/A,N/A,N/A,N/A,N/A,N/A,N/A,N/A,N/A,N/A,N/A,N/A,N/A,N/A,N/A,N/A,N/A,N/A,N/A,N/A,N/A,N/A,N/A,N/A,N/A,N/A,N/A,N/A,N/A,N/A,N/A,N/A,N/A,N/A,N/A,N/A,N/A,N/A,N/A,N/A,N/A,N/A,N/A,N/A,N/A,N/A,N/A,N/A,N/A,N/A,N/A,N/A,N/A,N/A,N/A,N/A,N/A,N/A,N/A,N/A,N/A,N/A,N/A,N/A,N/A,N/A,N/A,N/A,N/A,N/A,N/A,N/A,N/A,N/A,N/A,N/A,N/A,N/A,N/A,N/A,N/A,N/A,N/A,N/A,N/A,N/A,N/A,N/A,N/A,N/A,N/A,N/A,N/A,N/A,N/A,N/A,N/A,N/A,N/A,N/A,N/A,N/A,N/A,N/A,N/A,N/A,N/A,N/A,N/A,N/A,N/A,N/A,N/A,N/A,N/A,N/A,N/A,N/A,N/A,N/A,N/A,N/A,N/A,N/A,N/A,N/A,N/A,N/A,N/A,N/A,N/A,N/A,N/A,N/A,N/A,N/A,N/A,N/A,N/A,N/A,N/A,N/A,N/A,N/A,N/A,N/A,N/A,N/A,N/A,N/A,N/A,N/A,N/A,N/A,N/A,N/A,N/A,N/A,N/A,N/A,N/A,N/A,N/A,N/A,N/A,N/A,N/A,N/A,N/A,N/A,N/A,N/A,N/A,N/A,N/A,N/A,N/A,N/A,N/A,N/A,N/A,N/A,N/A,N/A,N/A,N/A,N/A,N/A,N/A,N/A,N/A,N/A,N/A,N/A,N/A,N/A,N/A,N/A,N/A,N/A,N/A
Chayene Medeiros Oliveira Santos,35,654591600,1990/09/29,Serie B,2023,Midfielder,Ceará,1348,759,589,Brazil,22,12,10,2,2,0,2,0,2,0,0,9,6,3,11,6,5,3,0,0.27,0.13,0.13,0.24,0,674,0.73,123,61,449,674,0.2,156,114,-1,10,0,6.88,0.09,80,29.04,19.77,36,435,16.27,358,76,23.90,43,0.00,0.00,1.05,23,0.00,1.73,0.87,0.59,13,0.00,1.18,0.00,0.00,0.00,0.41,1.23,0.00,10.50,1.40,0.59,2.09,0.00,0.36,0.09,0.00,0.45,0.00,0.00,0,0,,21,0.95,74,8,0.53,71,13,0.87,80,1,5,17,37,0.00,99,0,9,0.60,41,38,78,2.54,73,0,0.00,99,0,0.00,0,0,0.00,0,1.54,84,46,3.07,94,27,1.80,58.70,0,0.00,0,0,0,0.00,0,0,0.00,71,0.00,0,N/A,N/A,N/A,N/A,0.00,0,0.00,0,1.96,0.00,0,82.30,38.10,54,37,0.45,0.67,10,96,67,0,0,0,0.14,0.20,3,53,151.32,0.14,0.20,3,0,0.00,0.00,99,0.00,0,0,1,0.05,0.07,0,0.00,0.00,0.00,0.00,0,0,9.52,66,55,54,77,70,2.72,83,0.12,0.18,1.96,76,0.09,0.13,69,26,1.18,1.74,1.67,1.14,65,25,0.13,73,65,6,88,0,45,31,0,0.00,99,10,0.00,0.67,11.75,8.00,176,76,68,82,5.07,3.45,43.18,26,1.74,4,0,28.95,0,0.00,99,11,0.50,0.73,78,61,64,33,0,0,0,0,0,78,72,65,85,0,99,70,70,40,3,14,47,14,0,0
Christhian Luiz Camargo,23,1034578800,2002/10/14,Serie B,2023,Midfielder,CRB,45,25,20,Brazil,4,2,2,0,0,0,0,0,0,0,0,1,0,1,0,0,0,0,0,0,0,0,0,0,0,0,0,11,0,0,0,-1,-1,-1,25,0,0.00,0,51,0.00,0.00,0,0,0.00,0,0,0.00,0,0.00,0.00,0.00,0,0.00,0.00,0.00,0.00,0,0.00,0.00,0.00,0.00,0.00,0.00,0.00,0.00,0.00,0.00,0.00,0.00,0.00,0.00,0.00,0.00,0.00,0.00,0.00,0,0,,0,0.00,9,0,0.00,21,0,0.00,10,0,4,0,4,0.00,99,0,0,0.00,9,0,32,0.00,14,0,0.00,99,0,0.00,0,0,0.00,0,0.00,6,0,0.00,8,0,0.00,0.00,0,0.00,0,0,0,0.00,0,0,0.00,99,0.00,0,N/A,N/A,N/A,N/A,0.00,0,0.00,0,0.00,0.00,0,0.00,0.00,21,99,0.00,0.00,0,12,12,0,0,0,0.00,0.00,0,20,0.00,0.00,0.00,0,0,0.00,0.00,99,0.00,0,0,0,0.00,0.00,0,0.00,0.00,0.00,0.00,0,0,0.00,48,0,0,48,0,0.00,0,0.00,0.00,0.00,14,0.00,0.00,1,0,0.00,0.00,0.00,0.00,4,0,0.00,13,0,2,71,0,45,2,0,0.00,99,0,0.00,0.00,0.00,0.00,0,0,0,0,0.00,0.00,0.00,0,0.00,99,0,0.00,0,0.00,99,0,0.00,0.00,32,0,56,9,0,0,0,0,0,34,48,65,59,0,99,22,8,8,0,0,10,28,0,0
Christofer Alves,30,828604800,1996/04/04,Serie B,2023,Goalkeeper,Vila Nova,0,0,0,Brazil,0,0,0,0,0,0,0,0,0,0,0,0,0,0,0,0,0,0,0,0,0,0,0,0,0,0,0,0,0,0,0,-1,-1,-1,-1,N/A,N/A,N/A,N/A,N/A,N/A,N/A,N/A,N/A,N/A,N/A,N/A,N/A,N/A,N/A,N/A,N/A,N/A,N/A,N/A,N/A,N/A,N/A,N/A,N/A,N/A,N/A,N/A,N/A,N/A,N/A,N/A,N/A,N/A,N/A,N/A,N/A,N/A,N/A,N/A,N/A,N/A,N/A,N/A,N/A,N/A,N/A,N/A,N/A,N/A,N/A,N/A,N/A,N/A,N/A,N/A,N/A,N/A,N/A,N/A,N/A,N/A,N/A,N/A,N/A,N/A,N/A,N/A,N/A,N/A,N/A,N/A,N/A,N/A,N/A,N/A,N/A,N/A,N/A,N/A,N/A,N/A,N/A,N/A,N/A,N/A,N/A,N/A,N/A,N/A,N/A,N/A,N/A,N/A,N/A,N/A,N/A,N/A,N/A,N/A,N/A,N/A,N/A,N/A,N/A,N/A,N/A,N/A,N/A,N/A,N/A,N/A,N/A,N/A,N/A,N/A,N/A,N/A,N/A,N/A,N/A,N/A,N/A,N/A,N/A,N/A,N/A,N/A,N/A,N/A,N/A,N/A,N/A,N/A,N/A,N/A,N/A,N/A,N/A,N/A,N/A,N/A,N/A,N/A,N/A,N/A,N/A,N/A,N/A,N/A,N/A,N/A,N/A,N/A,N/A,N/A,N/A,N/A,N/A,N/A,N/A,N/A,N/A,N/A,N/A,N/A,N/A,N/A,N/A,N/A,N/A,N/A,N/A,N/A,N/A,N/A,N/A,N/A,N/A,N/A,N/A,N/A,N/A,N/A,N/A,N/A,N/A,N/A,N/A,N/A,N/A,N/A,N/A,N/A,N/A,N/A,N/A,N/A,N/A,N/A,N/A,N/A,N/A,N/A,N/A,N/A,N/A,N/A,N/A,N/A,N/A,N/A,N/A,N/A,N/A,N/A,N/A,N/A,N/A,N/A,N/A,N/A,N/A,N/A
Chrystian Barletta,24,994316400,2001/07/05,Serie B,2023,Forward,Ceará,653,342,311,Brazil,11,5,6,3,2,1,0,0,0,0,0,2,2,0,11,4,7,1,0,0.41,0,0.41,0.53,0.29,218,1.52,59,59,653,0,0.14,24,335,-1,7,0,6.70,0,51,18.00,12.60,7,126,9.00,90,17,12.86,9,0.00,0.00,0.60,6,0.00,1.10,0.57,0.40,4,0.00,0.60,0.00,0.00,0.00,0.00,1.00,0.00,4.67,2.00,0.80,2.40,0.00,0.60,0.22,0.00,0.10,0.00,0.00,0,0,,14,1.40,92,6,0.86,89,8,1.14,92,6,1,9,19,0.00,99,0,0,0.00,9,11,32,1.57,60,0,0.00,99,0,0.00,0,0,0.00,0,0.86,55,24,3.43,96,10,1.43,41.67,0,0.00,0,0,0,0.00,0,0,0.00,4,0.00,0,N/A,N/A,N/A,N/A,0.00,0,0.00,0,2.21,0.00,0,71.43,42.86,67,24,0.60,0.86,6,93,35,0,0,0,0.00,0.00,0,20,67.02,0.10,0.14,1,1,0.00,0.14,2,0.10,0,0,0,0.00,0.00,0,0.00,0.00,0.00,0.00,0,0,21.43,91,20,15,53,4,0.49,19,0.05,0.07,2.21,98,0.22,0.32,87,17,1.70,2.43,0.86,0.60,22,6,0.32,96,28,4,71,0,45,4,0,0.00,99,1,0.00,0.14,9.86,6.90,69,32,53,61,4.57,3.20,46.38,6,0.86,33,0,0.00,0,0.00,99,0,0.00,0.00,32,33,30,94,0,0,0,0,0,90,96,89,97,0,99,9,85,24,1,9,29,30,0,0
Claudinei Junio De Souza,37,592297200,1988/10/08,Serie B,2023,Midfielder,Sampaio Corrêa,426,220,206,Brazil,9,6,3,0,0,0,0,0,0,0,0,4,2,2,1,1,0,0,0,0,0,0,0,0,0,0.21,426,47,0,0,0,304,267,-1,19,0,6.79,0,51,28.31,14.89,35,134,11.56,104,48,21.97,36,0.00,0.00,0.33,3,0.00,0.00,2.11,1.11,10,0.00,0.22,0.00,0.00,0.00,0.11,0.33,0.00,0.00,0.42,0.22,0.33,0.00,0.00,0.01,0.00,0.78,0.00,0.00,0,0,,2,0.22,28,0,0.00,21,2,0.42,46,1,5,4,90,0.00,99,0,1,0.21,22,0,32,0.00,14,0,0.00,99,0,0.00,0,0,0.00,0,0.63,42,3,0.63,37,3,0.63,100.00,0,0.00,0,0,0,0.00,0,0,0.00,99,0.00,0,N/A,N/A,N/A,N/A,0.00,0,0.00,0,0.06,0.00,0,77.61,0.00,21,85,0.11,0.21,1,63,99,0,0,0,0.11,0.21,1,55,61.11,0.56,1.06,5,0,0.00,0.00,99,0.00,0,0,0,0.00,0.00,0,0.00,0.00,0.00,0.00,0,0,0.00,48,5,8,48,99,0.33,19,0.04,0.07,0.06,27,0.01,0.01,25,3,0.33,0.63,1.90,1.00,75,9,0.01,26,49,47,71,0,45,67,0,0.00,99,7,0.00,1.48,7.82,4.11,37,23,63,36,4.86,2.56,62.16,2,0.42,65,0,0.00,0,0.00,99,0,0.00,0.00,32,8,64,33,0,0,0,0,0,34,48,65,59,0,99,81,8,8,0,0,10,8,0,0
Claudio Coelho Salvático,25,969778800,2000/09/24,Serie B,2023,Defender,Criciúma,1861,924,937,Brazil,32,16,16,3,2,1,2,1,1,0,0,12,7,5,14,4,10,4,1,0.24,0.1,0.15,0.19,0.1,620,0.68,133,58,372,931,0.24,135,138,42,7,0,6.84,0.06,76,35.98,23.25,52,744,17.75,568,41,27.47,50,0.00,0.00,0.97,31,0.00,2.06,2.13,1.38,44,0.00,0.28,0.00,0.00,0.00,0.62,0.81,0.00,6.67,0.97,0.44,1.72,0.00,0.19,0.08,0.00,0.31,0.00,0.00,0,0,,20,0.62,61,6,0.29,55,14,0.68,70,4,9,23,90,0.00,99,0,20,0.97,61,66,73,3.19,81,0,0.00,99,0,0.00,0,0,0.00,0,1.50,83,55,2.66,92,26,1.26,47.27,0,0.00,0,0,0,0.00,0,0,0.00,81,0.00,0,N/A,N/A,N/A,N/A,0.00,0,0.00,0,2.51,0.00,0,76.34,30.00,41,23,0.56,0.87,18,90,44,0,0,0,0.28,0.44,9,75,218.85,0.94,1.45,30,0,0.00,0.00,99,0.00,0,0,0,0.00,0.00,0,0.00,0.00,0.19,0.12,4,0,15.00,80,70,86,74,81,3.65,83,0.11,0.18,2.51,73,0.08,0.12,42,21,0.66,1.02,1.45,0.94,52,30,0.12,70,59,62,71,0,78,23,0,0.00,99,10,0.00,0.48,9.67,6.25,200,101,64,60,4.88,3.16,50.50,9,0.44,63,0,27.27,0,0.00,99,18,0.56,0.87,82,75,83,83,0,0,0,0,0,74,76,71,78,0,99,59,59,50,3,9,29,27,0,0
Claudio De Souza,36,643100400,1990/05/19,Serie B,2023,Defender,Ituano,2457,1171,1286,Brazil,29,14,15,0,0,0,1,1,0,0,0,11,6,5,24,10,14,7,2,0.04,0.04,0,0,0,0,0.88,102,85,273,2457,0.33,436,232,106,38,0,6.79,0.03,57,46.96,44.11,83,1235,36.21,1014,74,38.56,82,0.00,0.00,0.32,9,0.00,0.04,0.72,0.68,19,0.00,0.07,0.00,0.00,0.00,0.86,0.14,0.00,0.00,0.34,0.29,0.18,0.00,0.04,0.01,0.00,3.18,0.00,0.00,0,0,,9,0.32,22,1,0.04,23,8,0.30,29,2,0,28,29,0.00,99,0,24,0.91,57,1,32,0.04,15,0,0.00,99,0,0.00,0,0,0.00,0,0.34,25,5,0.19,19,4,0.15,80.00,0,0.00,0,0,0,0.00,0,0,0.00,52,0.00,0,N/A,N/A,N/A,N/A,0.00,0,0.00,0,0.29,0.00,0,82.11,11.11,23,77,0.25,0.27,7,23,92,0,0,0,0.29,0.30,8,65,190.18,5.00,5.32,140,2,0.00,0.08,5,0.07,0,0,0,0.00,0.00,0,0.00,0.00,0.11,0.11,3,0,0.00,48,86,75,48,52,2.74,45,0.10,0.10,0.29,27,0.01,0.01,10,8,0.29,0.30,0.91,0.86,24,24,0.01,26,49,98,71,0,65,98,0,0.00,99,89,0.00,3.38,7.49,7.04,197,120,53,34,4.56,4.29,60.91,2,0.08,86,0,0.00,0,0.00,99,0,0.00,0.00,32,86,19,53,0,0,0,0,0,37,48,65,59,0,99,59,43,66,4,14,47,3,0,0
Cláudio Sousa Santos Júnior,23,1029567600,2002/08/17,Serie B,2023,Forward,Sampaio Corrêa,123,51,72,Brazil,5,2,3,0,0,0,0,0,0,0,0,2,2,0,0,0,0,2,0,0,0,0,0,0,0,0,0,25,62,0,1.46,-1,-1,-1,32,0,0.00,0,51,0.00,0.00,0,0,0.00,0,0,0.00,0,0.00,0.00,0.00,0,0.00,0.00,0.00,0.00,0,0.00,0.00,0.00,0.00,0.00,0.00,0.00,0.00,0.00,0.00,0.00,0.00,0.00,0.00,0.00,0.00,0.00,0.00,0.00,0,0,,0,0.00,9,0,0.00,21,0,0.00,10,3,4,1,4,0.00,99,0,0,0.00,9,0,32,0.00,14,0,0.00,99,0,0.00,0,0,0.00,0,0.00,6,0,0.00,8,0,0.00,0.00,0,0.00,0,0,0,0.00,0,0,0.00,99,0.00,0,N/A,N/A,N/A,N/A,0.00,0,0.00,0,0.00,0.00,0,0.00,0.00,21,99,0.00,0.00,0,12,12,0,0,0,0.00,0.00,0,20,0.00,0.00,0.00,0,0,0.00,0.00,99,0.00,0,0,0,0.00,0.00,0,0.00,0.00,0.00,0.00,0,0,0.00,48,0,1,48,0,0.00,0,0.00,0.00,0.00,14,0.00,0.00,1,0,0.00,0.00,0.00,0.00,4,0,0.00,13,0,2,71,0,45,2,0,0.00,99,0,0.00,0.00,0.00,0.00,0,0,0,0,0.00,0.00,0.00,0,0.00,99,0,0.00,0,0.00,99,0,0.00,0.00,32,0,56,70,0,0,0,0,0,34,48,65,59,0,99,67,8,99,2,0,10,7,0,0
Cleber Bomfim de Jesus,29,845967600,1996/10/22,Serie B,2023,Forward,Ceará,220,140,80,Brazil,6,3,3,0,0,0,0,0,0,0,0,2,1,1,3,2,1,0,0,0,0,0,0,0,0,1.23,73,37,0,0,0,-1,-1,-1,26,0,6.55,0,51,21.11,8.83,16,53,6.67,40,35,15.93,20,0.00,0.00,0.17,1,0.00,0.17,0.80,0.33,2,0.00,1.00,0.00,0.00,0.00,0.17,0.33,0.00,0.00,2.39,0.33,0.33,0.00,0.67,0.04,0.00,1.33,0.00,0.00,0,0,,6,1.00,98,4,1.59,99,2,0.80,75,2,5,1,33,0.00,99,0,1,0.40,31,1,99,0.40,38,0,0.00,99,0,0.00,0,0,0.00,0,0.40,28,2,0.80,43,2,0.80,100.00,0,0.00,0,0,0,0.00,0,0,0.00,14,0.00,0,N/A,N/A,N/A,N/A,0.00,0,0.00,0,0.24,0.00,0,75.47,66.67,96,64,0.17,0.40,1,73,99,0,0,0,0.00,0.00,0,20,39.32,0.00,0.00,0,0,0.00,0.00,99,0.00,0,0,0,0.00,0.00,0,0.00,0.00,0.80,0.33,2,0,0.00,48,0,3,48,15,0.14,14,0.02,0.06,0.24,68,0.04,0.10,35,2,0.33,0.80,2.79,1.17,96,7,0.10,65,13,2,71,0,98,98,0,0.00,99,8,0.00,3.19,15.13,6.33,38,14,79,96,5.58,2.33,36.84,6,2.39,1,0,100.00,0,0.00,99,1,0.17,0.40,64,0,64,53,0,0,0,0,0,34,48,65,59,0,99,45,8,8,0,0,10,89,0,0
Cleidson Andrade de Souza Silva,32,749113200,1993/09/27,Serie B,2023,Defender,Vitória,2727,1423,1304,Brazil,33,17,16,2,2,0,1,1,0,0,0,18,12,6,22,7,15,11,1,0.1,0.03,0.07,0.13,0,1364,0.73,124,83,227,2727,0.4,227,249,62,11,0,7.00,0.03,53,44.09,40.48,76,1336,33.12,1093,73,36.07,77,0.00,0.00,0.09,3,0.00,0.00,1.65,1.52,50,0.00,0.12,0.00,0.00,0.00,1.15,0.12,0.00,2.50,0.17,0.03,0.12,0.00,0.12,0.04,0.00,1.73,0.00,0.00,0,0,,5,0.15,14,4,0.13,33,1,0.03,10,4,0,33,73,0.00,99,0,38,1.25,77,0,32,0.00,14,0,0.00,99,0,0.00,0,0,0.00,0,0.10,10,4,0.13,14,4,0.13,100.00,0,0.00,0,0,0,0.00,0,0,0.00,71,0.00,0,N/A,N/A,N/A,N/A,0.00,0,0.00,0,1.47,0.00,0,81.81,80.00,99,51,0.45,0.50,15,19,99,0,0,0,0.88,0.96,29,95,230.87,3.76,4.09,124,0,0.00,0.00,99,0.00,0,0,0,0.00,0.00,0,0.00,0.00,0.00,0.00,0,0,40.00,99,91,90,92,71,3.32,50,0.10,0.11,1.47,53,0.04,0.05,47,35,1.06,1.16,0.99,0.91,28,30,0.05,51,85,90,71,0,45,81,0,0.00,99,57,0.00,1.88,6.93,6.36,210,146,62,26,4.82,4.42,69.52,4,0.13,81,0,0.00,0,0.00,99,0,0.00,0.00,32,94,19,83,0,0,0,0,0,50,59,65,70,0,99,95,32,78,10,30,86,13,0,0
Cristian de Lima,24,1014624000,2002/02/25,Serie B,2023,Goalkeeper,Ceará,0,0,0,Brazil,0,0,0,0,0,0,0,0,0,0,0,0,0,0,0,0,0,0,0,0,0,0,0,0,0,0,0,0,0,0,0,-1,-1,-1,-1,N/A,N/A,N/A,N/A,N/A,N/A,N/A,N/A,N/A,N/A,N/A,N/A,N/A,N/A,N/A,N/A,N/A,N/A,N/A,N/A,N/A,N/A,N/A,N/A,N/A,N/A,N/A,N/A,N/A,N/A,N/A,N/A,N/A,N/A,N/A,N/A,N/A,N/A,N/A,N/A,N/A,N/A,N/A,N/A,N/A,N/A,N/A,N/A,N/A,N/A,N/A,N/A,N/A,N/A,N/A,N/A,N/A,N/A,N/A,N/A,N/A,N/A,N/A,N/A,N/A,N/A,N/A,N/A,N/A,N/A,N/A,N/A,N/A,N/A,N/A,N/A,N/A,N/A,N/A,N/A,N/A,N/A,N/A,N/A,N/A,N/A,N/A,N/A,N/A,N/A,N/A,N/A,N/A,N/A,N/A,N/A,N/A,N/A,N/A,N/A,N/A,N/A,N/A,N/A,N/A,N/A,N/A,N/A,N/A,N/A,N/A,N/A,N/A,N/A,N/A,N/A,N/A,N/A,N/A,N/A,N/A,N/A,N/A,N/A,N/A,N/A,N/A,N/A,N/A,N/A,N/A,N/A,N/A,N/A,N/A,N/A,N/A,N/A,N/A,N/A,N/A,N/A,N/A,N/A,N/A,N/A,N/A,N/A,N/A,N/A,N/A,N/A,N/A,N/A,N/A,N/A,N/A,N/A,N/A,N/A,N/A,N/A,N/A,N/A,N/A,N/A,N/A,N/A,N/A,N/A,N/A,N/A,N/A,N/A,N/A,N/A,N/A,N/A,N/A,N/A,N/A,N/A,N/A,N/A,N/A,N/A,N/A,N/A,N/A,N/A,N/A,N/A,N/A,N/A,N/A,N/A,N/A,N/A,N/A,N/A,N/A,N/A,N/A,N/A,N/A,N/A,N/A,N/A,N/A,N/A,N/A,N/A,N/A,N/A,N/A,N/A,N/A,N/A,N/A,N/A,N/A,N/A,N/A,N/A
Cristian Renato Gonçalves Riquelme,26,950860800,2000/02/18,Serie B,2023,Forward,Mirassol,1011,534,477,Brazil,32,16,16,3,3,0,0,0,0,0,0,14,8,6,7,2,5,7,0,0.27,0,0.27,0.51,0,337,0.62,144,32,144,0,0.62,60,376,-1,5,0,6.46,0,51,16.10,5.45,5,169,3.74,116,11,11.05,5,0.00,0.00,0.29,9,0.00,0.23,0.76,0.26,8,0.00,0.55,0.00,0.00,0.00,0.06,0.23,0.00,4.33,1.24,0.16,0.39,0.00,0.26,0.07,0.00,0.68,0.00,0.00,0,0,,13,0.42,68,8,0.76,82,5,0.48,53,2,24,7,32,0.00,99,0,2,0.19,19,7,77,0.67,46,0,0.00,99,0,0.00,0,0,0.00,0,0.86,55,12,1.14,58,7,0.67,58.33,0,0.00,0,0,0,0.00,0,0,0.00,87,0.00,0,N/A,N/A,N/A,N/A,0.00,0,0.00,0,2.29,0.00,0,68.64,61.54,93,37,0.23,0.67,7,67,67,0,0,0,0.10,0.29,3,65,200.33,0.06,0.19,2,0,0.00,0.00,99,0.00,0,0,1,0.03,0.10,0,0.00,0.00,0.00,0.00,0,0,23.08,92,41,86,59,85,0.53,10,0.02,0.05,2.29,92,0.07,0.22,88,26,0.84,2.48,1.90,0.65,75,20,0.22,89,10,6,92,0,45,84,0,0.00,99,21,0.00,2.00,12.86,4.35,135,62,84,88,5.90,2.00,45.93,17,1.62,6,0,28.57,0,0.00,99,2,0.06,0.19,52,22,99,53,0,0,0,0,0,78,90,65,96,0,99,81,13,95,7,22,70,19,0,0
Cristian Ricardo de Jesús Fagundes,24,1007884800,2001/12/09,Serie B,2023,Midfielder,Juventude,568,330,238,Brazil,13,7,6,0,0,0,0,0,0,0,0,10,5,5,2,2,0,2,0,0,0,0,0,0,0,0.32,284,44,284,0,0.32,318,297,-1,21,0,6.56,0,51,13.17,6.00,2,72,4.33,52,20,9.51,2,0.00,0.00,0.50,6,0.00,0.25,1.83,0.83,10,0.00,0.75,0.00,0.00,0.00,0.33,0.33,0.00,0.00,0.55,0.17,1.00,0.00,0.08,0.01,0.00,0.17,0.00,0.00,0,0,,3,0.25,40,1,0.18,42,2,0.37,41,1,6,6,81,0.00,99,0,4,0.73,48,3,98,0.55,43,0,0.00,99,0,0.00,0,0,0.00,0,1.10,67,12,2.20,85,4,0.73,33.33,0,0.00,0,0,0,0.00,0,0,0.00,99,0.00,0,N/A,N/A,N/A,N/A,0.00,0,0.00,0,0.13,0.00,0,72.22,33.33,49,2,0.75,1.65,9,70,22,0,0,0,0.17,0.37,2,70,78.73,0.25,0.55,3,0,0.00,0.00,99,0.00,0,0,0,0.00,0.00,0,0.00,0.00,0.00,0.00,0,0,0.00,48,14,24,48,99,0.32,14,0.03,0.06,0.13,38,0.01,0.02,73,10,0.83,1.83,2.38,1.08,89,13,0.02,37,14,24,71,0,45,17,0,0.00,99,2,0.00,0.37,12.07,5.50,66,26,60,84,4.76,2.17,39.39,9,1.65,6,0,66.67,0,0.00,99,2,0.17,0.37,62,17,70,33,0,0,0,0,0,34,48,65,59,0,99,99,46,63,2,15,50,34,0,0
Cristiano Claudinei Nogueira,26,951206400,2000/02/22,Serie B,2023,Midfielder,Vila Nova,872,485,387,Brazil,18,9,9,0,0,0,2,1,1,0,0,4,3,1,6,3,3,4,0,0.21,0.21,0,0,0,0,0.62,145,48,218,436,0.41,441,44,-1,26,0,6.31,0.11,94,42.25,22.56,71,361,19.56,313,95,36.63,78,0.00,0.00,0.38,6,0.00,0.38,1.99,1.06,17,0.00,0.69,0.00,0.00,0.00,0.81,0.69,0.00,0.00,0.59,0.19,1.00,0.00,0.12,0.01,0.00,0.12,0.00,0.00,0,0,,5,0.31,43,2,0.23,49,3,0.35,37,2,8,8,86,0.00,99,0,13,1.52,88,6,86,0.70,47,0,0.00,99,0,0.00,0,0,0.00,0,0.70,45,16,1.87,79,11,1.29,68.75,0,0.00,0,0,0,0.00,0,0,0.00,87,0.00,0,N/A,N/A,N/A,N/A,0.00,0,0.00,0,0.20,0.00,0,86.70,40.00,60,56,0.25,0.47,4,91,84,0,0,0,0.06,0.12,1,36,100.98,0.44,0.82,7,0,0.00,0.00,99,0.00,0,0,0,0.00,0.00,0,0.00,0.00,0.00,0.00,0,0,0.00,48,32,41,48,87,1.43,80,0.09,0.17,0.20,38,0.01,0.02,43,9,0.56,1.05,2.46,1.31,91,21,0.02,37,6,37,71,0,45,9,0,0.00,99,2,0.00,0.23,9.95,5.31,85,39,53,63,4.56,2.44,45.88,11,1.29,15,0,33.33,0,0.00,99,2,0.12,0.23,56,28,79,53,0,0,0,0,0,71,48,65,59,0,99,15,29,79,3,17,56,18,0,0
Cristiano da Silva Leite,32,746607600,1993/08/29,Serie B,2023,Defender,Chapecoense,1798,1026,772,Brazil,27,14,13,1,1,0,2,1,1,0,0,5,3,2,20,7,13,7,1,0.15,0.1,0.05,0.09,0,1798,1,90,67,225,899,0.4,250,142,136,17,0,7.32,0.07,76,34.07,27.56,48,689,21.44,536,49,26.51,48,0.00,0.00,0.76,19,0.00,2.68,1.88,1.52,38,0.00,0.64,0.00,0.00,0.00,0.64,0.72,0.00,14.00,0.69,0.48,1.44,0.00,0.08,0.04,0.00,0.96,0.00,0.00,0,0,,14,0.56,48,2,0.10,30,12,0.59,63,3,6,21,84,0.00,99,0,16,0.79,51,67,53,3.31,82,0,0.00,99,0,0.00,0,0,0.00,0,0.94,59,36,1.78,77,18,0.89,50.00,0,0.00,0,0,0,0.00,0,0,0.00,36,0.00,0,N/A,N/A,N/A,N/A,0.00,0,0.00,0,1.03,0.00,0,77.79,14.29,26,29,0.64,0.79,16,78,55,0,0,0,0.16,0.20,4,53,183.11,1.24,1.53,31,0,0.00,0.00,99,0.00,0,0,1,0.04,0.05,0,0.00,0.00,0.10,0.08,2,0,7.14,59,68,70,95,36,2.86,68,0.11,0.14,1.03,53,0.04,0.05,73,37,1.48,1.83,1.09,0.88,33,22,0.05,51,99,63,82,0,62,57,0,0.00,99,24,0.00,1.19,10.38,8.40,210,118,83,69,5.84,4.72,56.19,16,0.79,39,0,20.90,0,0.00,99,14,0.56,0.69,77,71,70,70,0,0,0,0,0,60,54,65,66,0,99,11,31,78,6,22,70,6,0,0
Cristiano da Silva Vidal,29,840783600,1996/08/23,Serie B,2023,Defender,Botafogo SP,879,282,597,Brazil,16,6,10,0,0,0,0,0,0,0,0,6,5,1,12,3,9,1,0,0,0,0,0,0,0,1.23,73,55,879,0,0.1,396,500,184,37,0,5.89,0,51,33.79,20.62,46,330,16.38,262,59,26.83,49,0.00,0.00,0.62,10,0.00,1.38,1.64,1.00,16,0.00,0.12,0.00,0.00,0.00,0.75,0.12,0.00,0.00,0.20,0.12,0.31,0.00,0.00,0.00,0.00,0.31,0.00,0.00,0,0,,2,0.12,15,0,0.00,21,2,0.20,20,1,6,10,73,0.00,99,0,12,1.23,76,22,93,2.25,69,0,0.00,99,0,0.00,0,0,0.00,0,1.02,64,5,0.51,32,2,0.20,40.00,0,0.00,0,0,0,0.00,0,0,0.00,14,0.00,0,N/A,N/A,N/A,N/A,0.00,0,0.00,0,0.05,0.00,0,79.39,0.00,21,74,0.19,0.31,3,29,31,0,0,0,0.31,0.51,5,81,94.31,1.19,1.95,19,0,0.00,0.00,99,0.00,0,0,0,0.00,0.00,0,0.00,0.00,0.00,0.00,0,0,0.00,48,33,34,48,15,1.06,50,0.07,0.11,0.05,27,0.00,0.01,31,7,0.44,0.72,0.82,0.50,19,8,0.01,26,1,72,71,0,45,25,0,0.00,99,5,0.00,0.51,5.32,3.25,52,30,18,13,3.07,1.88,57.69,2,0.20,76,0,40.91,0,0.00,99,9,0.56,0.92,84,38,70,33,0,0,0,0,0,34,48,65,59,0,99,59,92,16,1,6,19,2,0,0
Cristovam Roberto Ribeiro Da Silva,35,648889200,1990/07/25,Serie B,2023,Defender,Criciúma,1191,567,624,Brazil,26,14,12,0,0,0,0,0,0,0,0,10,8,2,12,2,10,11,0,0,0,0,0,0,0,0.91,99,46,108,0,0.83,521,510,113,28,0,6.60,0,51,30.03,14.84,39,371,11.04,276,29,22.34,37,0.00,0.00,0.28,7,0.00,0.84,2.51,1.24,31,0.00,0.60,0.00,0.00,0.00,0.52,0.56,0.00,0.00,0.81,0.24,0.76,0.00,0.16,0.02,0.00,0.44,0.00,0.00,0,0,,10,0.40,55,4,0.32,57,6,0.49,54,3,14,11,95,0.00,99,0,13,1.05,65,21,86,1.70,62,0,0.00,99,0,0.00,0,0,0.00,0,0.57,37,19,1.54,71,14,1.13,73.68,0,0.00,0,0,0,0.00,0,0,0.00,47,0.00,0,N/A,N/A,N/A,N/A,0.00,0,0.00,0,0.41,0.00,0,74.39,40.00,60,22,0.44,0.89,11,87,87,0,0,0,0.28,0.57,7,84,165.01,0.68,1.38,17,0,0.00,0.00,99,0.00,0,0,0,0.00,0.00,0,0.00,0.00,0.00,0.00,0,0,0.00,48,47,67,48,47,0.75,14,0.03,0.06,0.41,45,0.02,0.03,74,23,0.92,1.86,2.91,1.44,97,36,0.03,43,18,59,71,0,45,43,0,0.00,99,11,0.00,0.89,12.71,6.28,157,79,89,88,6.39,3.16,50.32,15,1.21,18,0,33.33,0,0.00,99,7,0.28,0.57,72,42,93,70,0,0,0,0,0,34,48,65,59,0,99,59,10,98,11,42,98,2,0,0
Crystopher Ribeiro,27,897202800,1998/06/07,Serie B,2023,Midfielder,Criciúma,458,285,173,Brazil,15,9,6,1,0,1,1,1,0,0,0,4,3,1,6,4,2,1,0,0.39,0.2,0.2,0,0.52,458,1.18,76,31,458,458,0.2,95,53,-1,10,0,6.70,0.07,92,46.38,15.73,81,236,12.00,180,41,35.37,75,0.00,0.00,0.67,10,0.00,1.20,1.97,0.67,10,0.00,0.53,0.00,0.00,0.00,0.40,0.47,0.00,14.00,2.75,0.60,0.60,0.00,0.33,0.07,0.00,0.33,0.00,0.00,0,0,,14,0.93,99,5,0.98,93,9,1.77,99,2,11,4,86,0.00,99,0,6,1.18,73,18,57,3.54,84,0,0.00,99,0,0.00,0,0,0.00,0,1.97,93,9,1.77,77,7,1.38,77.78,0,0.00,0,0,0,0.00,0,0,0.00,18,0.00,0,N/A,N/A,N/A,N/A,0.00,0,0.00,0,1.12,0.00,0,76.27,35.71,51,17,0.33,0.98,5,92,90,0,0,0,0.07,0.20,1,53,100.44,0.33,0.98,5,0,0.00,0.00,99,0.00,0,0,0,0.00,0.00,0,0.00,0.00,0.00,0.00,0,0,7.14,59,6,30,66,18,1.38,96,0.09,0.27,1.12,92,0.07,0.22,40,5,0.33,0.98,1.57,0.53,58,8,0.22,89,28,42,71,0,45,48,0,0.00,99,5,0.00,0.98,10.81,3.67,55,27,74,73,5.31,1.80,49.09,8,1.57,8,0,22.22,0,0.00,99,4,0.27,0.79,80,8,88,53,0,0,0,0,0,88,84,97,59,0,99,25,71,40,1,7,20,5,0,0
Daiki Matsuoka,24,991378800,2001/06/01,Serie B,2023,Midfielder,Novorizontino,0,0,0,Japan,0,0,0,0,0,0,0,0,0,0,0,0,0,0,0,0,0,0,0,0,0,0,0,0,0,0,0,0,0,0,0,-1,-1,-1,-1,N/A,N/A,N/A,N/A,N/A,N/A,N/A,N/A,N/A,N/A,N/A,N/A,N/A,N/A,N/A,N/A,N/A,N/A,N/A,N/A,N/A,N/A,N/A,N/A,N/A,N/A,N/A,N/A,N/A,N/A,N/A,N/A,N/A,N/A,N/A,N/A,N/A,N/A,N/A,N/A,N/A,N/A,N/A,N/A,N/A,N/A,N/A,N/A,N/A,N/A,N/A,N/A,N/A,N/A,N/A,N/A,N/A,N/A,N/A,N/A,N/A,N/A,N/A,N/A,N/A,N/A,N/A,N/A,N/A,N/A,N/A,N/A,N/A,N/A,N/A,N/A,N/A,N/A,N/A,N/A,N/A,N/A,N/A,N/A,N/A,N/A,N/A,N/A,N/A,N/A,N/A,N/A,N/A,N/A,N/A,N/A,N/A,N/A,N/A,N/A,N/A,N/A,N/A,N/A,N/A,N/A,N/A,N/A,N/A,N/A,N/A,N/A,N/A,N/A,N/A,N/A,N/A,N/A,N/A,N/A,N/A,N/A,N/A,N/A,N/A,N/A,N/A,N/A,N/A,N/A,N/A,N/A,N/A,N/A,N/A,N/A,N/A,N/A,N/A,N/A,N/A,N/A,N/A,N/A,N/A,N/A,N/A,N/A,N/A,N/A,N/A,N/A,N/A,N/A,N/A,N/A,N/A,N/A,N/A,N/A,N/A,N/A,N/A,N/A,N/A,N/A,N/A,N/A,N/A,N/A,N/A,N/A,N/A,N/A,N/A,N/A,N/A,N/A,N/A,N/A,N/A,N/A,N/A,N/A,N/A,N/A,N/A,N/A,N/A,N/A,N/A,N/A,N/A,N/A,N/A,N/A,N/A,N/A,N/A,N/A,N/A,N/A,N/A,N/A,N/A,N/A,N/A,N/A,N/A,N/A,N/A,N/A,N/A,N/A,N/A,N/A,N/A,N/A,N/A,N/A,N/A,N/A,N/A,N/A
Dalton Alan Munaretto,39,526546800,1986/09/08,Serie B,2023,Goalkeeper,Vitória,47,0,47,Brazil,2,0,2,0,0,0,0,0,0,0,0,0,0,0,1,0,1,0,0,0,0,0,0,0,0,1.91,47,24,0,0,0,-1,-1,-1,28,0,6.55,0,51,26.59,13.00,30,13,8.00,8,3,16.36,21,0.00,0.00,0.00,0,0.00,0.00,0.00,0.00,0,0.00,0.00,0.00,0.00,1.00,0.00,0.00,1.00,0.00,0.00,0.00,0.00,0.00,0.00,0.00,0.00,1.00,0.00,0.00,0,0,,0,0.00,9,0,0.00,21,0,0.00,10,0,1,0,4,0.00,99,0,0,0.00,9,0,32,0.00,14,0,0.00,99,0,0.00,0,0,0.00,0,0.00,6,0,0.00,8,0,0.00,0.00,0,0.00,0,1,99,2.05,6,1,0.00,1,2.05,0,N/A,N/A,N/A,N/A,100.00,0,0.00,0,0.00,0.00,0,61.54,0.00,21,99,0.00,0.00,0,12,12,0,0,1,0.00,0.00,0,20,6.55,4.00,8.18,4,0,0.00,0.00,99,0.00,0,0,0,0.00,0.00,4,4.00,8.18,0.00,0.00,0,0,0.00,48,0,0,48,1,0.02,8,0.02,0.04,0.00,14,0.00,0.00,1,0,0.00,0.00,0.00,0.00,4,0,0.00,13,13,99,71,99,45,85,0,0.00,99,1,0.00,2.05,2.05,1.00,1,1,9,8,2.05,1.00,100.00,0,0.00,99,0,0.00,0,0.00,99,0,0.00,0.00,32,0,30,9,0,0,0,0,0,34,48,65,59,0,99,1,8,8,0,0,10,12,0,0
Daniel Alves de Lima,21,1102320000,2004/12/06,Serie B,2023,Forward,Atlético GO,416,191,225,Brazil,14,7,7,1,1,0,0,0,0,0,0,2,1,1,6,1,5,0,0,0.22,0,0.22,0.47,0,416,1.3,69,30,0,0,0,81,394,-1,17,0,0.00,0,51,0.00,0.00,0,0,0.00,0,0,0.00,0,0.00,0.00,0.00,0,0.00,0.00,0.00,0.00,0,0.00,0.00,0.00,0.00,0.00,0.00,0.00,0.00,0.00,0.00,0.00,0.00,0.00,0.00,0.00,0.00,0.00,0.00,0.00,0,0,,0,0.00,9,0,0.00,21,0,0.00,10,3,11,3,4,0.00,99,0,0,0.00,9,0,32,0.00,14,0,0.00,99,0,0.00,0,0,0.00,0,0.00,6,0,0.00,8,0,0.00,0.00,0,0.00,0,0,0,0.00,0,0,0.00,11,0.00,0,N/A,N/A,N/A,N/A,0.00,0,0.00,0,0.00,0.00,0,0.00,0.00,21,99,0.00,0.00,0,12,12,0,0,0,0.00,0.00,0,20,0.00,0.00,0.00,0,0,0.00,0.00,99,0.00,0,0,0,0.00,0.00,0,0.00,0.00,0.00,0.00,0,0,0.00,48,4,27,63,12,0.00,0,0.00,0.00,0.00,14,0.00,0.00,1,0,0.00,0.00,0.00,0.00,4,0,0.00,13,0,2,71,0,45,2,0,0.00,99,0,0.00,0.00,0.00,0.00,0,0,0,0,0.00,0.00,0.00,0,0.00,99,0,0.00,0,0.00,99,0,0.00,0.00,32,3,88,70,0,0,0,0,0,72,86,65,95,0,99,5,8,8,0,0,10,21,0,0
Daniel Amorim Dias da Silva,36,621846000,1989/09/15,Serie B,2023,Forward,Tombense,584,347,237,Brazil,19,11,8,3,2,1,0,0,0,1,0,4,3,1,10,7,3,1,0,0.46,0,0.46,0.52,0.38,195,1.54,58,31,584,0,0.15,15,260,-1,5,0,6.80,0,51,19.95,7.06,13,127,5.39,97,42,15.24,17,0.00,0.00,0.28,5,0.00,0.22,0.63,0.22,4,0.00,0.56,0.00,0.00,0.00,0.06,0.28,0.00,6.33,2.98,0.61,0.44,0.00,0.44,0.13,0.00,1.00,0.00,0.00,0,0,,19,1.06,99,8,1.26,98,11,1.73,99,2,15,3,23,0.00,99,0,1,0.16,16,4,32,0.63,45,0,0.00,99,0,0.00,0,0,0.00,0,0.79,51,8,1.26,63,5,0.79,62.50,0,0.00,0,0,0,0.00,0,0,0.00,3,0.00,0,N/A,N/A,N/A,N/A,0.00,0,0.00,0,2.41,0.00,0,76.38,42.11,62,74,0.11,0.31,2,73,76,1,0,0,0.00,0.00,0,20,122.38,0.17,0.47,3,0,0.00,0.00,99,0.00,0,1,0,0.00,0.00,0,0.00,0.00,0.47,0.17,3,0,15.79,83,15,46,51,3,0.39,14,0.02,0.06,1.71,97,0.10,0.27,63,10,0.56,1.57,0.94,0.33,26,6,0.38,99,52,20,71,0,91,96,0,0.00,99,18,0.00,2.83,13.19,4.67,84,37,82,90,5.81,2.06,44.05,10,1.57,8,0,0.00,0,0.00,99,0,0.00,0.00,32,3,94,53,0,0,0,0,0,92,98,95,96,0,99,14,81,27,1,5,14,19,0,0
Daniel de Carvalho,30,831970800,1996/05/13,Serie B,2023,Midfielder,ABC,601,321,280,Brazil,11,5,6,0,0,0,1,1,0,0,0,2,1,1,8,4,4,0,0,0.15,0.15,0,0,0,0,1.2,75,55,0,601,0,530,89,-1,44,0,6.09,0.09,85,28.00,17.00,34,187,14.00,154,76,23.06,39,0.00,0.00,0.55,6,0.00,0.36,0.60,0.36,4,0.00,0.00,0.00,0.00,0.00,0.55,0.09,0.00,0.00,0.30,0.18,0.09,0.00,0.00,0.01,0.00,0.27,0.00,0.00,0,0,,2,0.18,20,0,0.00,21,2,0.30,29,1,7,4,21,0.00,99,0,6,0.90,57,4,32,0.60,44,0,0.00,99,0,0.00,0,0,0.00,0,0.90,56,1,0.15,16,1,0.15,100.00,0,0.00,0,0,0,0.00,0,0,0.00,17,0.00,0,N/A,N/A,N/A,N/A,0.00,0,0.00,0,0.07,0.00,0,82.35,0.00,21,58,0.27,0.45,3,23,99,0,0,0,0.27,0.45,3,76,66.96,0.82,1.35,9,0,0.00,0.00,99,0.00,0,0,0,0.00,0.00,0,0.00,0.00,0.00,0.00,0,0,0.00,48,16,15,48,17,1.11,80,0.10,0.17,0.07,27,0.01,0.01,16,3,0.27,0.45,0.75,0.45,17,5,0.01,26,2,58,71,0,45,20,0,0.00,99,3,0.00,0.45,3.14,1.91,21,11,8,8,1.65,1.00,52.38,0,0.00,99,0,0.00,0,0.00,99,0,0.00,0.00,32,8,74,33,0,0,0,0,0,60,48,65,59,0,99,9,8,8,0,0,10,5,0,0
Daniel de Oliveira Sertanejo,31,783936000,1994/11/04,Serie B,2023,Midfielder,Mirassol,2718,1268,1450,Brazil,33,16,17,1,1,0,2,1,1,0,0,14,8,6,22,7,15,4,0,0.1,0.07,0.03,0.07,0,2718,0.73,124,82,680,1359,0.13,271,186,-1,10,0,7.13,0.06,67,53.56,48.88,94,1564,41.03,1313,85,44.97,94,0.00,0.00,1.53,49,0.00,2.78,1.30,1.19,38,0.00,0.69,0.00,0.00,0.00,0.59,0.66,0.00,20.00,0.68,0.38,1.19,0.00,0.25,0.04,0.00,0.75,0.00,0.00,0,0,,20,0.62,48,8,0.27,53,12,0.41,45,1,2,30,57,0.00,99,0,19,0.65,43,89,81,3.05,78,0,0.00,99,0,0.00,0,0,0.00,0,1.68,88,38,1.30,65,21,0.72,55.26,0,0.00,0,0,0,0.00,0,0,0.00,71,0.00,0,N/A,N/A,N/A,N/A,0.00,0,0.00,0,1.32,0.00,0,83.95,40.00,60,66,0.34,0.38,11,69,62,0,0,0,0.47,0.51,15,81,228.25,0.78,0.86,25,0,0.00,0.00,99,0.00,0,0,1,0.03,0.03,0,0.00,0.00,0.14,0.12,4,0,5.00,52,91,90,99,71,5.24,83,0.16,0.18,1.32,53,0.04,0.05,95,89,2.78,3.05,1.13,1.03,35,33,0.05,51,94,38,73,0,70,39,0,0.00,99,24,0.00,0.82,10.14,9.25,296,171,84,65,5.86,5.34,57.77,22,0.75,41,0,31.46,0,0.00,99,28,0.88,0.96,86,90,39,33,0,0,0,0,0,50,50,65,62,0,99,74,86,22,4,12,41,8,0,0
Daniel dos Santos da Cruz,25,983433600,2001/03/01,Serie B,2023,Forward,Juventude,311,121,190,Brazil,10,4,6,1,0,1,0,0,0,0,0,5,2,3,1,0,1,1,0,0.29,0,0.29,0,0.47,311,0.29,311,31,311,0,0.29,52,348,-1,14,0,6.73,0,51,13.60,4.70,2,47,2.80,28,1,8.10,0,0.00,0.00,0.20,2,0.00,0.40,0.29,0.10,1,0.00,0.40,0.00,0.00,0.00,0.20,0.20,0.00,10.00,2.89,0.60,0.50,0.00,0.40,0.10,0.00,0.70,0.00,0.00,0,0,,10,1.00,99,4,1.16,97,6,1.74,99,3,6,4,10,0.00,99,0,2,0.58,40,4,67,1.16,55,0,0.00,99,0,0.00,0,0,0.00,0,0.58,37,5,1.45,69,2,0.58,40.00,0,0.00,0,0,0,0.00,0,0,0.00,99,0.00,0,N/A,N/A,N/A,N/A,0.00,0,0.00,0,0.97,0.00,0,59.57,40.00,60,75,0.10,0.29,1,59,31,0,0,0,0.00,0.00,0,20,67.31,0.60,1.74,6,0,0.00,0.00,99,0.00,0,0,0,0.00,0.00,0,0.00,0.00,0.00,0.00,0,0,10.00,68,0,12,58,99,0.13,8,0.01,0.04,0.97,97,0.10,0.28,47,4,0.40,1.16,1.74,0.60,67,6,0.28,95,37,67,71,0,45,85,0,0.00,99,7,0.00,2.03,10.71,3.70,37,14,38,72,4.05,1.40,37.84,4,1.16,19,0,25.00,0,0.00,99,1,0.10,0.29,57,8,70,70,0,0,0,0,0,81,90,96,59,0,99,92,51,58,1,10,33,39,0,0
Daniel Guedes da Silva,32,765273600,1994/04/02,Serie B,2023,Defender,Juventude,0,0,0,Brazil,0,0,0,0,0,0,0,0,0,0,0,0,0,0,0,0,0,0,0,0,0,0,0,0,0,0,0,0,0,0,0,-1,-1,-1,-1,N/A,N/A,N/A,N/A,N/A,N/A,N/A,N/A,N/A,N/A,N/A,N/A,N/A,N/A,N/A,N/A,N/A,N/A,N/A,N/A,N/A,N/A,N/A,N/A,N/A,N/A,N/A,N/A,N/A,N/A,N/A,N/A,N/A,N/A,N/A,N/A,N/A,N/A,N/A,N/A,N/A,N/A,N/A,N/A,N/A,N/A,N/A,N/A,N/A,N/A,N/A,N/A,N/A,N/A,N/A,N/A,N/A,N/A,N/A,N/A,N/A,N/A,N/A,N/A,N/A,N/A,N/A,N/A,N/A,N/A,N/A,N/A,N/A,N/A,N/A,N/A,N/A,N/A,N/A,N/A,N/A,N/A,N/A,N/A,N/A,N/A,N/A,N/A,N/A,N/A,N/A,N/A,N/A,N/A,N/A,N/A,N/A,N/A,N/A,N/A,N/A,N/A,N/A,N/A,N/A,N/A,N/A,N/A,N/A,N/A,N/A,N/A,N/A,N/A,N/A,N/A,N/A,N/A,N/A,N/A,N/A,N/A,N/A,N/A,N/A,N/A,N/A,N/A,N/A,N/A,N/A,N/A,N/A,N/A,N/A,N/A,N/A,N/A,N/A,N/A,N/A,N/A,N/A,N/A,N/A,N/A,N/A,N/A,N/A,N/A,N/A,N/A,N/A,N/A,N/A,N/A,N/A,N/A,N/A,N/A,N/A,N/A,N/A,N/A,N/A,N/A,N/A,N/A,N/A,N/A,N/A,N/A,N/A,N/A,N/A,N/A,N/A,N/A,N/A,N/A,N/A,N/A,N/A,N/A,N/A,N/A,N/A,N/A,N/A,N/A,N/A,N/A,N/A,N/A,N/A,N/A,N/A,N/A,N/A,N/A,N/A,N/A,N/A,N/A,N/A,N/A,N/A,N/A,N/A,N/A,N/A,N/A,N/A,N/A,N/A,N/A,N/A,N/A,N/A,N/A,N/A,N/A,N/A,N/A
Daniel Lima de Castro,26,929689200,1999/06/18,Serie B,2023,Defender,Juventude,803,404,399,Brazil,15,5,10,0,0,0,0,0,0,0,0,8,3,5,4,3,1,3,0,0,0,0,0,0,0,0.45,201,54,268,0,0.34,401,390,7,37,0,6.89,0,51,32.25,20.62,42,268,14.92,194,20,23.34,40,0.00,0.00,0.62,8,0.00,2.38,1.68,1.08,14,0.00,0.46,0.00,0.00,0.00,0.69,0.54,0.00,0.00,0.12,0.00,0.77,0.00,0.08,0.00,0.00,0.77,0.00,0.00,0,0,,1,0.08,11,1,0.12,32,0,0.00,10,4,7,7,75,0.00,99,0,9,1.08,67,31,58,3.73,87,0,0.00,99,0,0.00,0,0,0.00,0,0.96,60,10,1.20,60,7,0.84,70.00,0,0.00,0,0,0,0.00,0,0,0.00,97,0.00,0,N/A,N/A,N/A,N/A,0.00,0,0.00,0,0.06,0.00,0,72.39,100.00,99,69,0.23,0.36,3,76,85,0,0,0,0.31,0.48,4,79,89.51,0.69,1.08,9,1,0.00,0.12,2,0.08,0,0,0,0.00,0.00,0,0.00,0.00,0.12,0.08,1,0,0.00,48,28,30,48,97,0.62,19,0.05,0.07,0.06,27,0.00,0.01,62,13,1.00,1.56,2.05,1.31,80,17,0.01,26,67,48,71,0,67,58,0,0.00,99,10,0.00,1.20,9.51,6.08,79,44,74,58,5.29,3.38,55.70,6,0.72,43,0,22.58,0,0.00,99,7,0.54,0.84,82,22,74,83,0,0,0,0,0,34,48,65,59,0,99,93,42,67,3,20,65,22,0,0
Daniel Vançan,29,846226800,1996/10/25,Serie B,2023,Defender,ABC,200,0,200,Brazil,3,0,3,0,0,0,0,0,0,0,0,0,0,0,4,0,4,0,0,0,0,0,0,0,0,1.8,50,67,0,0,0,-1,-1,-1,38,0,6.50,0,51,40.50,40.50,64,81,29.50,59,22,29.50,56,0.00,0.00,0.50,1,0.00,3.50,1.00,1.00,2,0.00,2.00,0.00,0.00,0.00,2.50,0.00,0.00,0.00,0.50,0.50,0.00,0.00,0.00,0.01,0.00,1.50,0.00,0.00,0,0,,1,0.50,36,0,0.00,21,1,0.50,54,0,1,2,43,0.00,99,0,5,2.50,99,7,32,3.50,83,0,0.00,99,0,0.00,0,0,0.00,0,0.50,32,0,0.00,8,0,0.00,0.00,0,0.00,0,0,0,0.00,0,0,0.00,1,0.00,0,N/A,N/A,N/A,N/A,0.00,0,0.00,0,0.03,0.00,0,72.84,0.00,21,99,0.00,0.00,0,12,12,0,0,0,0.50,0.50,1,80,13.00,1.00,1.00,2,0,0.00,0.00,99,0.00,0,0,0,0.00,0.00,0,0.00,0.00,0.00,0.00,0,0,0.00,48,0,0,48,2,0.16,27,0.08,0.08,0.03,27,0.01,0.01,40,2,1.00,1.00,0.50,0.50,11,1,0.01,26,11,44,71,0,45,69,0,0.00,99,3,0.00,1.50,7.00,7.00,14,7,26,27,3.50,3.50,50.00,4,2.00,2,0,0.00,0,0.00,99,0,0.00,0.00,32,1,30,9,0,0,0,0,0,34,48,65,59,0,99,1,8,8,0,0,10,33,0,0
Danilo Boza Junior,28,894438000,1998/05/06,Serie B,2023,Defender,Juventude,3389,1710,1679,Brazil,38,19,19,2,2,0,1,1,0,0,0,18,9,9,27,13,14,0,0,0.08,0.03,0.05,0.11,0,1695,0.72,126,89,0,3389,0,251,252,61,7,0,7.06,0.03,53,59.35,58.78,98,2116,51.83,1866,99,52.33,99,0.00,0.00,0.25,9,0.00,0.19,0.70,0.69,25,0.00,0.11,0.00,0.00,0.00,0.75,0.06,0.00,15.00,0.84,0.58,0.11,0.00,0.25,0.06,0.00,2.14,0.00,0.00,0,0,,30,0.83,56,9,0.25,52,21,0.59,63,3,0,36,27,0.00,99,0,27,0.76,50,7,94,0.20,27,0,0.00,99,0,0.00,0,0,0.00,0,0.25,21,4,0.11,13,2,0.06,50.00,0,0.00,0,0,0,0.00,0,0,0.00,72,0.00,0,N/A,N/A,N/A,N/A,0.00,0,0.00,0,2.24,0.00,0,88.19,30.00,41,74,0.31,0.31,11,14,55,0,0,0,0.69,0.70,25,88,254.29,3.11,3.14,112,0,0.00,0.00,99,0.00,0,0,1,0.03,0.03,0,0.00,0.00,0.08,0.08,3,1,6.67,57,99,99,95,72,4.26,55,0.12,0.12,2.24,56,0.06,0.06,35,29,0.81,0.81,0.56,0.56,12,20,0.06,54,91,84,73,0,57,87,0,0.00,99,77,0.00,2.16,5.72,5.67,204,133,31,14,3.73,3.69,65.20,4,0.11,83,0,42.86,0,0.00,99,3,0.08,0.08,40,99,19,70,0,0,0,0,0,44,54,65,67,0,99,87,8,8,0,0,10,4,0,0
Danilo Carvalho Barcelos,34,682412400,1991/08/17,Serie B,2023,Defender,Ceará,969,457,512,Brazil,15,7,8,0,0,0,1,0,1,0,0,3,2,1,12,6,6,5,0,0.09,0.09,0,0,0,0,1.11,81,65,194,969,0.46,451,152,163,40,0,7.31,0.07,74,42.48,32.50,71,455,26.57,372,72,34.73,72,0.00,0.00,0.57,8,0.00,1.36,2.05,1.57,22,0.00,0.14,0.00,0.00,0.00,1.29,0.14,0.00,0.00,0.28,0.07,0.21,0.00,0.14,0.01,0.00,1.29,0.00,0.00,0,0,,3,0.21,18,2,0.19,43,1,0.09,12,2,4,11,88,0.00,99,0,18,1.68,92,19,53,1.77,64,0,0.00,99,0,0.00,0,0,0.00,0,0.75,48,3,0.28,23,2,0.19,66.67,0,0.00,0,0,0,0.00,0,0,0.00,25,0.00,0,N/A,N/A,N/A,N/A,0.00,0,0.00,0,0.15,0.00,0,81.76,66.67,96,26,0.64,0.84,9,28,83,0,0,0,0.43,0.56,6,83,102.32,1.93,2.52,27,0,0.00,0.00,99,0.00,0,0,0,0.00,0.00,0,0.00,0.00,0.00,0.00,0,0,0.00,48,37,30,48,25,1.66,71,0.12,0.15,0.15,27,0.01,0.01,26,7,0.50,0.65,1.77,1.36,69,19,0.01,26,98,81,71,0,45,74,0,0.00,99,18,0.00,1.68,8.59,6.57,92,49,53,44,4.57,3.50,53.26,2,0.19,76,0,21.05,0,0.00,99,4,0.29,0.37,62,42,56,53,0,0,0,0,0,48,48,65,59,0,99,12,23,85,5,33,92,23,0,0
Danilo de Souza Lima,23,1048320000,2003/03/22,Serie B,2023,Forward,Londrina,630,330,300,Brazil,17,9,8,0,0,0,0,0,0,0,0,5,3,2,7,0,7,0,0,0,0,0,0,0,0,1,90,37,0,0,0,327,295,-1,40,0,0.00,0,51,0.00,0.00,0,0,0.00,0,0,0.00,0,0.00,0.00,0.00,0,0.00,0.00,0.00,0.00,0,0.00,0.00,0.00,0.00,0.00,0.00,0.00,0.00,0.00,0.00,0.00,0.00,0.00,0.00,0.00,0.00,0.00,0.00,0.00,0,0,,0,0.00,9,0,0.00,21,0,0.00,10,1,9,7,4,0.00,99,0,0,0.00,9,0,32,0.00,14,0,0.00,99,0,0.00,0,0,0.00,0,0.00,6,0,0.00,8,0,0.00,0.00,0,0.00,0,0,0,0.00,0,0,0.00,36,0.00,0,N/A,N/A,N/A,N/A,0.00,0,0.00,0,0.00,0.00,0,0.00,0.00,21,99,0.00,0.00,0,12,12,0,0,0,0.00,0.00,0,20,0.00,0.00,0.00,0,0,0.00,0.00,99,0.00,0,0,0,0.00,0.00,0,0.00,0.00,0.00,0.00,0,0,0.00,48,18,38,48,36,0.00,0,0.00,0.00,0.00,14,0.00,0.00,1,0,0.00,0.00,0.00,0.00,4,0,0.00,13,0,2,71,0,45,2,0,0.00,99,0,0.00,0.00,0.00,0.00,0,0,0,0,0.00,0.00,0.00,0,0.00,99,0,0.00,0,0.00,99,0,0.00,0.00,32,22,83,33,0,0,0,0,0,34,48,65,59,0,99,29,8,8,0,0,10,17,0,0
Danilo Matheus Garcia Gomes de Oliveira,26,938329200,1999/09/26,Serie B,2023,Forward,Londrina,0,0,0,Brazil,0,0,0,0,0,0,0,0,0,0,0,0,0,0,0,0,0,0,0,0,0,0,0,0,0,0,0,0,0,0,0,-1,-1,-1,-1,N/A,N/A,N/A,N/A,N/A,N/A,N/A,N/A,N/A,N/A,N/A,N/A,N/A,N/A,N/A,N/A,N/A,N/A,N/A,N/A,N/A,N/A,N/A,N/A,N/A,N/A,N/A,N/A,N/A,N/A,N/A,N/A,N/A,N/A,N/A,N/A,N/A,N/A,N/A,N/A,N/A,N/A,N/A,N/A,N/A,N/A,N/A,N/A,N/A,N/A,N/A,N/A,N/A,N/A,N/A,N/A,N/A,N/A,N/A,N/A,N/A,N/A,N/A,N/A,N/A,N/A,N/A,N/A,N/A,N/A,N/A,N/A,N/A,N/A,N/A,N/A,N/A,N/A,N/A,N/A,N/A,N/A,N/A,N/A,N/A,N/A,N/A,N/A,N/A,N/A,N/A,N/A,N/A,N/A,N/A,N/A,N/A,N/A,N/A,N/A,N/A,N/A,N/A,N/A,N/A,N/A,N/A,N/A,N/A,N/A,N/A,N/A,N/A,N/A,N/A,N/A,N/A,N/A,N/A,N/A,N/A,N/A,N/A,N/A,N/A,N/A,N/A,N/A,N/A,N/A,N/A,N/A,N/A,N/A,N/A,N/A,N/A,N/A,N/A,N/A,N/A,N/A,N/A,N/A,N/A,N/A,N/A,N/A,N/A,N/A,N/A,N/A,N/A,N/A,N/A,N/A,N/A,N/A,N/A,N/A,N/A,N/A,N/A,N/A,N/A,N/A,N/A,N/A,N/A,N/A,N/A,N/A,N/A,N/A,N/A,N/A,N/A,N/A,N/A,N/A,N/A,N/A,N/A,N/A,N/A,N/A,N/A,N/A,N/A,N/A,N/A,N/A,N/A,N/A,N/A,N/A,N/A,N/A,N/A,N/A,N/A,N/A,N/A,N/A,N/A,N/A,N/A,N/A,N/A,N/A,N/A,N/A,N/A,N/A,N/A,N/A,N/A,N/A,N/A,N/A,N/A,N/A,N/A,N/A
Danrlei Medeiros Moreira,30,816940800,1995/11/21,Serie B,2023,Forward,Chapecoense,429,246,183,Brazil,14,7,7,0,0,0,0,0,0,0,0,1,1,0,6,2,4,3,0,0,0,0,0,0,0,1.26,72,31,143,0,0.63,377,370,-1,38,0,0.00,0,51,0.00,0.00,0,0,0.00,0,0,0.00,0,0.00,0.00,0.00,0,0.00,0.00,0.00,0.00,0,0.00,0.00,0.00,0.00,0.00,0.00,0.00,0.00,0.00,0.00,0.00,0.00,0.00,0.00,0.00,0.00,0.00,0.00,0.00,0,0,,0,0.00,9,0,0.00,21,0,0.00,10,2,11,3,4,0.00,99,0,0,0.00,9,0,32,0.00,14,0,0.00,99,0,0.00,0,0,0.00,0,0.00,6,0,0.00,8,0,0.00,0.00,0,0.00,0,0,0,0.00,0,0,0.00,13,0.00,0,N/A,N/A,N/A,N/A,0.00,0,0.00,0,0.00,0.00,0,0.00,0.00,21,99,0.00,0.00,0,12,12,0,0,0,0.00,0.00,0,20,0.00,0.00,0.00,0,0,0.00,0.00,99,0.00,0,0,0,0.00,0.00,0,0.00,0.00,0.00,0.00,0,0,0.00,48,5,27,48,14,0.00,0,0.00,0.00,0.00,14,0.00,0.00,1,0,0.00,0.00,0.00,0.00,4,0,0.00,13,0,2,71,0,45,2,0,0.00,99,0,0.00,0.00,0.00,0.00,0,0,0,0,0.00,0.00,0.00,0,0.00,99,0,0.00,0,0.00,99,0,0.00,0.00,32,3,88,53,0,0,0,0,0,34,48,65,59,0,99,1,12,95,3,0,10,99,0,0
Darley Ramon Torres,36,629712000,1989/12/15,Serie B,2023,Goalkeeper,Mirassol,0,0,0,Brazil,0,0,0,0,0,0,0,0,0,0,0,0,0,0,0,0,0,0,0,0,0,0,0,0,0,0,0,0,0,0,0,-1,-1,-1,-1,N/A,N/A,N/A,N/A,N/A,N/A,N/A,N/A,N/A,N/A,N/A,N/A,N/A,N/A,N/A,N/A,N/A,N/A,N/A,N/A,N/A,N/A,N/A,N/A,N/A,N/A,N/A,N/A,N/A,N/A,N/A,N/A,N/A,N/A,N/A,N/A,N/A,N/A,N/A,N/A,N/A,N/A,N/A,N/A,N/A,N/A,N/A,N/A,N/A,N/A,N/A,N/A,N/A,N/A,N/A,N/A,N/A,N/A,N/A,N/A,N/A,N/A,N/A,N/A,N/A,N/A,N/A,N/A,N/A,N/A,N/A,N/A,N/A,N/A,N/A,N/A,N/A,N/A,N/A,N/A,N/A,N/A,N/A,N/A,N/A,N/A,N/A,N/A,N/A,N/A,N/A,N/A,N/A,N/A,N/A,N/A,N/A,N/A,N/A,N/A,N/A,N/A,N/A,N/A,N/A,N/A,N/A,N/A,N/A,N/A,N/A,N/A,N/A,N/A,N/A,N/A,N/A,N/A,N/A,N/A,N/A,N/A,N/A,N/A,N/A,N/A,N/A,N/A,N/A,N/A,N/A,N/A,N/A,N/A,N/A,N/A,N/A,N/A,N/A,N/A,N/A,N/A,N/A,N/A,N/A,N/A,N/A,N/A,N/A,N/A,N/A,N/A,N/A,N/A,N/A,N/A,N/A,N/A,N/A,N/A,N/A,N/A,N/A,N/A,N/A,N/A,N/A,N/A,N/A,N/A,N/A,N/A,N/A,N/A,N/A,N/A,N/A,N/A,N/A,N/A,N/A,N/A,N/A,N/A,N/A,N/A,N/A,N/A,N/A,N/A,N/A,N/A,N/A,N/A,N/A,N/A,N/A,N/A,N/A,N/A,N/A,N/A,N/A,N/A,N/A,N/A,N/A,N/A,N/A,N/A,N/A,N/A,N/A,N/A,N/A,N/A,N/A,N/A,N/A,N/A,N/A,N/A,N/A,N/A
Davi Machado dos Santos Araújo,27,921916800,1999/03/20,Serie B,2023,Forward,Ituano,190,119,71,Brazil,5,2,3,0,0,0,1,0,1,0,0,2,1,1,1,1,0,0,0,0.47,0.47,0,0,0,0,0.47,190,38,0,190,0,-1,-1,-1,19,0,6.53,0.2,99,27.16,12.75,31,51,9.25,37,21,19.70,29,0.00,0.00,1.00,4,0.00,0.25,1.60,0.75,3,0.00,0.25,0.00,0.00,0.00,0.00,0.25,0.00,0.00,0.53,0.25,1.00,0.00,0.00,0.01,0.00,0.00,0.00,0.00,0,0,,1,0.25,38,0,0.00,21,1,0.53,57,2,2,2,71,0.00,99,0,0,0.00,9,1,32,0.53,43,0,0.00,99,0,0.00,0,0,0.00,0,2.13,95,4,2.13,84,1,0.53,25.00,0,0.00,0,0,0,0.00,0,0,0.00,96,0.00,0,N/A,N/A,N/A,N/A,0.00,0,0.00,0,0.03,0.00,0,72.55,0.00,21,12,0.50,1.07,2,57,16,0,0,0,0.00,0.00,0,20,26.10,0.00,0.00,0,0,0.00,0.00,99,0.00,0,0,0,0.00,0.00,0,0.00,0.00,0.00,0.00,0,0,0.00,48,0,1,48,96,0.81,99,0.20,0.43,0.03,38,0.01,0.02,43,2,0.50,1.07,1.60,0.75,60,3,0.02,37,13,2,71,0,45,2,0,0.00,99,0,0.00,0.00,10.65,5.00,20,6,20,72,3.20,1.50,30.00,1,0.53,55,0,0.00,0,0.00,99,0,0.00,0.00,32,1,39,53,0,0,0,0,0,93,48,65,59,0,99,67,8,8,0,0,10,20,0,0
David da Hora da Conceição,26,947404800,2000/01/09,Serie B,2023,Forward,Juventude,2041,1006,1035,Brazil,30,15,15,4,2,2,5,3,2,0,0,13,7,6,18,9,9,1,0,0.4,0.22,0.18,0.18,0.17,510,0.79,113,68,2041,408,0.04,112,39,-1,4,0,6.91,0.17,95,19.98,15.10,13,453,11.47,344,39,15.17,16,0.00,0.00,0.70,21,0.00,1.67,0.97,0.73,22,0.00,0.90,0.00,0.00,0.00,0.53,0.53,0.00,11.25,1.98,0.83,1.40,0.00,0.67,0.14,0.00,0.67,0.00,0.00,0,0,,45,1.50,92,20,0.88,90,25,1.10,89,1,3,27,41,0.00,99,0,16,0.71,47,50,62,2.20,68,0,0.00,99,0,0.00,0,0,0.00,0,0.93,59,42,1.85,79,16,0.71,38.10,0,0.00,0,0,0,0.00,0,0,0.00,64,0.00,0,N/A,N/A,N/A,N/A,0.00,0,0.00,0,4.13,0.00,0,75.94,44.44,69,33,0.53,0.71,16,68,26,0,0,0,0.03,0.04,1,22,207.38,0.47,0.62,14,0,0.00,0.00,99,0.00,0,0,1,0.03,0.04,0,0.00,0.00,0.35,0.27,8,1,8.89,64,75,79,69,64,4.35,85,0.14,0.19,4.13,86,0.14,0.18,87,55,1.83,2.43,0.66,0.50,14,15,0.18,84,72,26,79,0,87,43,0,0.00,99,20,0.00,0.88,9.57,7.23,217,113,66,59,4.98,3.77,52.07,27,1.19,19,0,24.00,0,0.00,99,12,0.40,0.53,69,84,50,33,0,0,0,0,0,89,81,80,77,0,99,77,99,9,1,3,11,11,0,0
David Francisco Trindade Braga,24,1008057600,2001/12/11,Serie B,2023,Midfielder,Atlético GO,179,84,95,Brazil,12,6,6,2,0,2,1,0,1,0,0,1,1,0,4,2,2,0,0,1.51,0.5,1.01,0,1.89,90,2.01,45,15,0,179,0,-1,-1,-1,11,0,0.00,0,99,0.00,0.00,0,0,0.00,0,0,0.00,0,0.00,0.00,0.00,0,0.00,0.00,0.00,0.00,0,0.00,0.00,0.00,0.00,0.00,0.00,0.00,0.00,0.00,0.00,0.00,0.00,0.00,0.00,0.00,0.00,0.00,0.00,0.00,0,0,,0,0.00,9,0,0.00,21,0,0.00,10,2,11,1,4,0.00,99,0,0,0.00,9,0,32,0.00,14,0,0.00,99,0,0.00,0,0,0.00,0,0.00,6,0,0.00,8,0,0.00,0.00,0,0.00,0,0,0,0.00,0,0,0.00,0,0.00,0,N/A,N/A,N/A,N/A,0.00,0,0.00,0,0.00,0.00,0,0.00,0.00,21,99,0.00,0.00,0,12,12,0,0,0,0.00,0.00,0,20,0.00,0.00,0.00,0,0,0.00,0.00,99,0.00,0,0,0,0.00,0.00,0,0.00,0.00,0.00,0.00,0,0,0.00,48,0,20,48,1,0.00,0,0.00,0.00,0.00,14,0.00,0.00,1,0,0.00,0.00,0.00,0.00,4,0,0.00,13,0,2,71,0,45,2,0,0.00,99,0,0.00,0.00,0.00,0.00,0,0,0,0,0.00,0.00,0.00,0,0.00,99,0,0.00,0,0.00,99,0,0.00,0.00,32,0,88,53,0,0,0,0,0,99,99,99,59,0,99,2,8,8,0,0,10,18,0,0
David Medeiros dos Santos,23,1051081200,2003/04/23,Serie B,2023,Midfielder,CRB,54,40,14,Brazil,4,2,2,0,0,0,0,0,0,0,0,1,1,0,0,0,0,1,0,0,0,0,0,0,0,0,0,14,54,0,1.67,-1,-1,-1,33,0,6.93,0,51,40.00,6.00,63,24,5.50,22,99,36.67,78,0.00,0.00,0.75,3,0.00,1.50,3.33,0.50,2,0.00,0.00,0.00,0.00,0.00,0.00,0.00,0.00,0.00,10.00,0.75,0.25,0.00,0.75,0.07,0.00,0.00,0.00,0.00,0,0,,6,1.50,99,3,5.00,99,3,5.00,99,0,4,0,99,0.00,99,0,0,0.00,9,6,44,10.00,99,0,0.00,99,0,0.00,0,0,0.00,0,5.00,99,1,1.67,75,0,0.00,0.00,0,0.00,0,0,0,0.00,0,0,0.00,99,0.00,0,N/A,N/A,N/A,N/A,0.00,0,0.00,0,0.28,0.00,0,91.67,50.00,83,99,0.00,0.00,0,12,12,0,0,0,0.00,0.00,0,20,27.74,0.00,0.00,0,0,0.00,0.00,99,0.00,0,0,0,0.00,0.00,0,0.00,0.00,0.00,0.00,0,0,0.00,48,0,0,48,0,0.17,97,0.04,0.28,0.28,99,0.07,0.47,98,2,0.50,3.33,5.00,0.75,99,3,0.47,99,75,2,71,0,45,2,0,0.00,99,0,0.00,0.00,15.00,2.25,9,4,91,96,6.67,1.00,44.44,0,0.00,99,0,16.67,0,0.00,99,1,0.25,1.67,96,0,56,9,0,0,0,0,0,34,48,65,59,0,99,22,8,99,1,25,79,24,0,0
David Ricardo Loiola da Silva,23,1040457600,2002/12/21,Serie B,2023,Defender,Ceará,2004,1002,1002,Brazil,30,15,15,1,1,0,1,0,1,0,0,10,8,2,24,9,15,6,1,0.09,0.04,0.04,0.09,0,2004,1.08,84,67,286,2004,0.31,252,230,156,14,0,0.00,0,57,0.00,0.00,0,0,0.00,0,0,0.00,0,0.00,0.00,0.00,0,0.00,0.00,0.00,0.00,0,0.00,0.00,0.00,0.00,0.00,0.00,0.00,0.00,0.00,0.00,0.00,0.00,0.00,0.00,0.00,0.00,0.00,0.00,0.00,0,0,,0,0.00,9,0,0.00,21,0,0.00,10,1,7,22,4,0.00,99,0,0,0.00,9,0,32,0.00,14,0,0.00,99,0,0.00,0,0,0.00,0,0.00,6,0,0.00,8,0,0.00,0.00,0,0.00,0,0,0,0.00,0,0,0.00,28,0.00,0,N/A,N/A,N/A,N/A,0.00,0,0.00,0,0.00,0.00,0,0.00,0.00,21,99,0.00,0.00,0,12,12,0,0,0,0.00,0.00,0,20,0.00,0.00,0.00,0,0,0.00,0.00,99,0.00,0,0,0,0.00,0.00,0,0.00,0.00,0.00,0.00,0,0,0.00,48,73,79,96,29,0.00,0,0.00,0.00,0.00,14,0.00,0.00,1,0,0.00,0.00,0.00,0.00,4,0,0.00,13,0,2,71,0,45,2,0,0.00,99,0,0.00,0.00,0.00,0.00,0,0,0,0,0.00,0.00,0.00,0,0.00,99,0,0.00,0,0.00,99,0,0.00,0.00,32,73,74,33,0,0,0,0,0,48,52,65,66,0,99,45,46,61,5,0,10,4,0,0
Deivity Andre Cherutti Martins,35,669974400,1991/03/26,Serie B,2023,Goalkeeper,Ituano,180,90,90,Brazil,2,1,1,0,0,0,0,0,0,0,0,1,1,0,3,0,3,1,0,0,0,0,0,0,0,1.5,60,90,180,0,0.5,-1,-1,-1,16,0,7.24,0,51,23.00,23.00,21,46,12.00,24,0,12.00,7,0.00,0.00,0.00,0,0.00,0.00,0.00,0.00,0,0.00,0.00,0.00,0.00,4.50,0.00,0.00,6.00,0.00,0.00,0.00,0.00,0.00,0.00,0.00,0.00,2.00,0.00,0.00,0,0,,0,0.00,9,0,0.00,21,0,0.00,10,0,0,2,4,0.00,99,0,0,0.00,9,0,32,0.00,14,0,0.00,99,0,0.00,0,0,0.00,0,0.00,6,0,0.00,8,0,0.00,0.00,0,0.00,0,9,62,4.50,97,12,0.00,4,6.00,99,N/A,N/A,N/A,N/A,75.00,0,0.00,0,0.00,0.00,0,52.17,0.00,21,99,0.00,0.00,0,12,12,0,0,2,0.00,0.00,0,20,14.47,3.50,3.50,7,0,0.00,0.00,99,0.00,0,0,0,0.00,0.00,5,2.50,2.50,0.00,0.00,0,0,0.00,48,0,0,48,5,0.05,6,0.03,0.03,0.00,14,0.00,0.00,18,1,0.50,0.50,0.00,0.00,4,0,0.00,13,96,86,71,99,45,84,0,0.00,99,4,0.00,2.00,2.50,2.50,5,5,11,8,2.50,2.50,100.00,0,0.00,99,0,0.00,0,0.00,99,0,0.00,0.00,32,1,19,9,0,0,0,0,0,34,48,65,59,0,99,92,21,87,0,0,10,1,0,0
Denílson,30,806050800,1995/07/18,Serie B,2023,Forward,Avaí,744,503,241,Brazil,9,6,3,4,2,2,0,0,0,0,0,3,2,1,7,6,1,3,1,0.48,0,0.48,0.36,0.75,186,0.85,106,83,186,0,0.48,13,302,-1,2,0,6.80,0,51,20.69,19.00,15,171,14.44,130,40,15.73,19,0.00,0.00,0.22,2,0.00,0.44,0.24,0.22,2,0.00,0.44,0.00,0.00,0.00,0.22,0.67,0.00,2.50,1.21,0.44,1.89,0.00,0.67,0.33,0.00,1.00,0.00,0.00,0,0,,10,1.11,67,6,0.73,80,4,0.48,53,2,0,9,9,0.00,99,0,2,0.24,23,4,67,0.48,42,0,0.00,99,0,0.00,0,0,0.00,0,0.24,20,17,2.06,83,6,0.73,35.29,0,0.00,0,0,0,0.00,0,0,0.00,55,0.00,0,N/A,N/A,N/A,N/A,0.00,0,0.00,0,2.97,0.00,0,76.02,60.00,92,99,0.00,0.00,0,70,24,0,0,0,0.00,0.00,0,20,61.19,1.33,1.45,12,0,0.00,0.00,99,0.00,0,0,0,0.00,0.00,0,0.00,0.00,0.24,0.22,2,0,40.00,99,24,8,51,55,0.34,8,0.04,0.04,2.97,99,0.33,0.36,89,21,2.33,2.54,0.60,0.56,13,5,0.36,98,52,62,71,0,80,53,0,0.00,99,9,0.00,1.09,10.16,9.33,84,38,54,65,4.60,4.22,45.24,4,0.48,59,0,25.00,0,0.00,99,1,0.11,0.12,46,33,19,53,0,0,0,0,0,94,98,99,91,0,99,45,22,86,2,22,70,9,0,0
Denilson Chaves Goulart,22,1059202800,2003/07/26,Serie B,2023,Defender,Avaí,55,12,43,Brazil,3,1,2,0,0,0,0,0,0,0,0,1,0,1,0,0,0,0,0,0,0,0,0,0,0,0,0,18,0,0,0,-1,-1,-1,21,0,0.00,0,51,0.00,0.00,0,0,0.00,0,0,0.00,0,0.00,0.00,0.00,0,0.00,0.00,0.00,0.00,0,0.00,0.00,0.00,0.00,0.00,0.00,0.00,0.00,0.00,0.00,0.00,0.00,0.00,0.00,0.00,0.00,0.00,0.00,0.00,0,0,,0,0.00,9,0,0.00,21,0,0.00,10,0,3,0,4,0.00,99,0,0,0.00,9,0,32,0.00,14,0,0.00,99,0,0.00,0,0,0.00,0,0.00,6,0,0.00,8,0,0.00,0.00,0,0.00,0,0,0,0.00,0,0,0.00,99,0.00,0,N/A,N/A,N/A,N/A,0.00,0,0.00,0,0.00,0.00,0,0.00,0.00,21,99,0.00,0.00,0,12,12,0,0,0,0.00,0.00,0,20,0.00,0.00,0.00,0,0,0.00,0.00,99,0.00,0,0,0,0.00,0.00,0,0.00,0.00,0.00,0.00,0,0,0.00,48,0,0,48,0,0.00,0,0.00,0.00,0.00,14,0.00,0.00,1,0,0.00,0.00,0.00,0.00,4,0,0.00,13,0,2,71,0,45,2,0,0.00,99,0,0.00,0.00,0.00,0.00,0,0,0,0,0.00,0.00,0.00,0,0.00,99,0,0.00,0,0.00,99,0,0.00,0.00,32,0,50,9,0,0,0,0,0,34,48,65,59,0,99,45,8,8,0,0,10,47,0,0
Dênis César De Matos,39,545382000,1987/04/14,Serie B,2023,Goalkeeper,Sport Recife,900,360,540,Brazil,10,4,6,0,0,0,0,0,0,0,0,2,1,1,15,6,9,1,0,0,0,0,0,0,0,1.5,60,90,900,0,0.1,325,307,214,19,0,6.47,0,51,18.10,18.10,8,181,11.50,115,5,11.50,6,0.00,0.00,0.00,0,0.00,0.00,0.00,0.00,0,0.00,0.00,0.00,0.00,2.00,0.00,0.00,3.60,0.00,0.00,0.00,0.00,0.00,0.00,0.00,0.00,0.10,0.00,0.00,0,0,,0,0.00,9,0,0.00,21,0,0.00,10,0,0,10,4,0.00,99,0,0,0.00,9,0,32,0.00,14,0,0.00,99,0,0.00,0,0,0.00,0,0.00,6,0,0.00,8,0,0.00,0.00,0,0.00,0,20,6,2.00,6,36,0.00,4,3.60,38,N/A,N/A,N/A,N/A,55.56,0,0.00,0,0.00,0.00,0,63.54,0.00,21,91,0.10,0.10,1,12,12,0,0,11,0.00,0.00,0,20,64.67,1.20,1.20,12,0,0.00,0.00,99,0.00,0,0,0,0.00,0.00,8,0.80,0.80,0.00,0.00,0,0,0.00,48,34,12,48,5,0.26,6,0.03,0.03,0.00,14,0.00,0.00,6,2,0.20,0.20,0.00,0.00,4,0,0.00,13,10,52,71,70,45,3,0,0.00,99,1,0.00,0.10,0.40,0.40,4,3,3,2,0.30,0.30,75.00,0,0.00,99,0,0.00,0,0.00,99,0,0.00,0.00,32,38,19,9,0,0,0,0,0,34,48,65,59,0,99,12,93,16,1,10,33,1,0,0
Dênis De Oliveira Aguiar Júnior,27,902732400,1998/08/10,Serie B,2023,Goalkeeper,Vila Nova,3330,1620,1710,Brazil,37,18,19,0,0,0,0,0,0,0,0,14,9,5,24,8,16,1,0,0,0,0,0,0,0,0.65,139,90,3330,0,0.03,439,438,32,25,0,6.92,0,51,19.17,19.17,10,671,12.20,427,5,12.20,8,0.00,0.00,0.03,1,0.00,0.00,0.00,0.00,0,0.00,0.00,0.00,0.00,2.23,0.00,0.03,2.97,0.00,0.00,0.00,0.03,0.00,0.00,0.00,0.00,0.14,0.00,0.00,0,0,,0,0.00,9,0,0.00,21,0,0.00,10,0,0,35,4,0.00,99,0,0,0.00,9,0,32,0.00,14,0,0.00,99,0,0.00,0,0,0.00,0,0.03,8,1,0.03,9,1,0.03,100.00,0,0.00,0,78,62,2.23,18,104,0.00,84,2.97,15,N/A,N/A,N/A,N/A,75.00,0,0.00,0,0.00,0.00,0,63.64,0.00,21,99,0.00,0.00,0,13,99,0,0,39,0.00,0.00,0,20,242.13,1.06,1.06,37,0,0.00,0.00,99,0.00,0,0,0,0.00,0.00,19,0.54,0.54,0.00,0.00,0,0,0.00,48,99,99,48,84,0.89,6,0.03,0.03,0.00,14,0.00,0.00,2,1,0.03,0.03,0.00,0.00,4,0,0.00,13,74,47,71,30,45,4,0,0.00,99,5,0.00,0.14,0.20,0.20,7,7,1,0,0.20,0.20,100.00,0,0.00,99,0,0.00,0,0.00,99,0,0.00,0.00,32,99,19,9,0,0,0,0,0,34,48,65,59,0,99,59,99,8,1,3,11,25,0,0
Denival Tenório dos Santos,25,965113200,2000/08/01,Serie B,2023,Goalkeeper,Sport Recife,0,0,0,Brazil,0,0,0,0,0,0,0,0,0,0,0,0,0,0,0,0,0,0,0,0,0,0,0,0,0,0,0,0,0,0,0,-1,-1,-1,-1,N/A,N/A,N/A,N/A,N/A,N/A,N/A,N/A,N/A,N/A,N/A,N/A,N/A,N/A,N/A,N/A,N/A,N/A,N/A,N/A,N/A,N/A,N/A,N/A,N/A,N/A,N/A,N/A,N/A,N/A,N/A,N/A,N/A,N/A,N/A,N/A,N/A,N/A,N/A,N/A,N/A,N/A,N/A,N/A,N/A,N/A,N/A,N/A,N/A,N/A,N/A,N/A,N/A,N/A,N/A,N/A,N/A,N/A,N/A,N/A,N/A,N/A,N/A,N/A,N/A,N/A,N/A,N/A,N/A,N/A,N/A,N/A,N/A,N/A,N/A,N/A,N/A,N/A,N/A,N/A,N/A,N/A,N/A,N/A,N/A,N/A,N/A,N/A,N/A,N/A,N/A,N/A,N/A,N/A,N/A,N/A,N/A,N/A,N/A,N/A,N/A,N/A,N/A,N/A,N/A,N/A,N/A,N/A,N/A,N/A,N/A,N/A,N/A,N/A,N/A,N/A,N/A,N/A,N/A,N/A,N/A,N/A,N/A,N/A,N/A,N/A,N/A,N/A,N/A,N/A,N/A,N/A,N/A,N/A,N/A,N/A,N/A,N/A,N/A,N/A,N/A,N/A,N/A,N/A,N/A,N/A,N/A,N/A,N/A,N/A,N/A,N/A,N/A,N/A,N/A,N/A,N/A,N/A,N/A,N/A,N/A,N/A,N/A,N/A,N/A,N/A,N/A,N/A,N/A,N/A,N/A,N/A,N/A,N/A,N/A,N/A,N/A,N/A,N/A,N/A,N/A,N/A,N/A,N/A,N/A,N/A,N/A,N/A,N/A,N/A,N/A,N/A,N/A,N/A,N/A,N/A,N/A,N/A,N/A,N/A,N/A,N/A,N/A,N/A,N/A,N/A,N/A,N/A,N/A,N/A,N/A,N/A,N/A,N/A,N/A,N/A,N/A,N/A,N/A,N/A,N/A,N/A,N/A,N/A
Denivys Will da Vitória Junior,25,988700400,2001/05/01,Serie B,2023,Goalkeeper,Atlético GO,0,0,0,Brazil,0,0,0,0,0,0,0,0,0,0,0,0,0,0,0,0,0,0,0,0,0,0,0,0,0,0,0,0,0,0,0,-1,-1,-1,-1,N/A,N/A,N/A,N/A,N/A,N/A,N/A,N/A,N/A,N/A,N/A,N/A,N/A,N/A,N/A,N/A,N/A,N/A,N/A,N/A,N/A,N/A,N/A,N/A,N/A,N/A,N/A,N/A,N/A,N/A,N/A,N/A,N/A,N/A,N/A,N/A,N/A,N/A,N/A,N/A,N/A,N/A,N/A,N/A,N/A,N/A,N/A,N/A,N/A,N/A,N/A,N/A,N/A,N/A,N/A,N/A,N/A,N/A,N/A,N/A,N/A,N/A,N/A,N/A,N/A,N/A,N/A,N/A,N/A,N/A,N/A,N/A,N/A,N/A,N/A,N/A,N/A,N/A,N/A,N/A,N/A,N/A,N/A,N/A,N/A,N/A,N/A,N/A,N/A,N/A,N/A,N/A,N/A,N/A,N/A,N/A,N/A,N/A,N/A,N/A,N/A,N/A,N/A,N/A,N/A,N/A,N/A,N/A,N/A,N/A,N/A,N/A,N/A,N/A,N/A,N/A,N/A,N/A,N/A,N/A,N/A,N/A,N/A,N/A,N/A,N/A,N/A,N/A,N/A,N/A,N/A,N/A,N/A,N/A,N/A,N/A,N/A,N/A,N/A,N/A,N/A,N/A,N/A,N/A,N/A,N/A,N/A,N/A,N/A,N/A,N/A,N/A,N/A,N/A,N/A,N/A,N/A,N/A,N/A,N/A,N/A,N/A,N/A,N/A,N/A,N/A,N/A,N/A,N/A,N/A,N/A,N/A,N/A,N/A,N/A,N/A,N/A,N/A,N/A,N/A,N/A,N/A,N/A,N/A,N/A,N/A,N/A,N/A,N/A,N/A,N/A,N/A,N/A,N/A,N/A,N/A,N/A,N/A,N/A,N/A,N/A,N/A,N/A,N/A,N/A,N/A,N/A,N/A,N/A,N/A,N/A,N/A,N/A,N/A,N/A,N/A,N/A,N/A,N/A,N/A,N/A,N/A,N/A,N/A
Denner Fernando Melz,26,946627200,1999/12/31,Serie B,2023,Midfielder,Novorizontino,199,127,72,Brazil,4,2,2,0,0,0,0,0,0,0,0,3,2,1,0,0,0,0,0,0,0,0,0,0,0,0,0,50,0,0,0,-1,-1,-1,26,0,6.72,0,51,23.97,13.25,23,53,9.50,38,18,17.19,23,0.00,0.00,1.00,4,0.00,3.00,0.45,0.25,1,0.00,0.50,0.00,0.00,0.00,0.00,0.25,0.00,0.00,0.90,0.00,1.00,0.00,0.50,0.03,0.00,0.25,0.00,0.00,0,0,,2,0.50,59,2,0.90,91,0,0.00,10,1,1,3,13,0.00,99,0,0,0.00,9,12,86,5.43,94,0,0.00,99,0,0.00,0,0,0.00,0,1.81,91,4,1.81,78,1,0.45,25.00,0,0.00,0,0,0,0.00,0,0,0.00,99,0.00,0,N/A,N/A,N/A,N/A,0.00,0,0.00,0,0.12,0.00,0,71.70,100.00,99,99,0.00,0.00,0,51,16,0,0,0,0.00,0.00,0,20,26.88,0.50,0.90,2,0,0.00,0.00,99,0.00,0,0,0,0.00,0.00,0,0.00,0.00,0.00,0.00,0,0,0.00,48,0,0,48,0,0.22,45,0.06,0.10,0.12,53,0.03,0.05,82,5,1.25,2.26,2.26,1.25,86,5,0.05,51,35,38,71,0,45,20,0,0.00,99,1,0.00,0.45,9.05,5.00,20,8,28,50,3.62,2.00,40.00,2,0.90,29,0,33.33,0,0.00,99,4,1.00,1.81,98,3,30,33,0,0,0,0,0,34,48,65,59,0,99,99,8,8,0,0,10,17,0,0
Derek Freitas Ribeiro,28,881049600,1997/12/02,Serie B,2023,Forward,Guarani,2027,1046,981,Brazil,34,17,17,10,7,3,1,1,0,0,0,12,6,6,19,9,10,6,0,0.49,0.04,0.44,0.6,0.28,203,0.84,107,60,338,2027,0.27,19,238,-1,1,0,6.90,0.03,57,11.50,7.62,0,259,5.68,193,30,8.57,1,0.00,0.00,0.24,8,0.00,0.29,0.93,0.62,21,0.00,0.74,0.00,0.00,0.00,0.21,0.44,0.00,4.90,2.18,0.76,1.18,0.00,0.68,0.24,0.00,1.03,0.00,0.00,0,0,,49,1.44,96,23,1.02,95,26,1.15,92,2,11,23,38,0.00,99,0,7,0.31,27,10,51,0.44,40,0,0.00,99,0,0.00,0,0,0.00,0,0.36,26,40,1.78,77,15,0.67,37.50,0,0.00,0,0,0,0.00,0,0,0.00,56,0.00,0,N/A,N/A,N/A,N/A,0.00,0,0.00,0,8.11,0.00,0,74.52,46.94,73,12,0.71,1.07,24,67,25,0,0,0,0.03,0.04,1,22,234.43,0.47,0.71,16,0,0.00,0.00,99,0.00,0,0,1,0.03,0.04,0,0.00,0.00,0.44,0.29,10,1,20.41,90,74,92,52,56,1.34,14,0.04,0.06,8.11,99,0.24,0.36,75,43,1.26,1.91,1.64,1.09,62,37,0.36,98,69,32,79,0,90,71,0,0.00,99,35,0.00,1.55,13.32,8.82,300,114,68,91,5.06,3.35,38.00,25,1.11,22,0,20.00,0,0.00,99,2,0.06,0.09,42,75,88,53,0,0,0,0,0,95,97,88,98,0,99,48,55,55,6,18,59,11,0,0
Deyvson Medeiros Cordeiro dos Santos,23,1027062000,2002/07/19,Serie B,2023,Midfielder,Sport Recife,17,0,17,Brazil,1,0,1,0,0,0,0,0,0,0,0,1,0,1,0,0,0,0,0,0,0,0,0,0,0,0,0,17,0,0,0,-1,-1,-1,31,0,0.00,0,51,0.00,0.00,0,0,0.00,0,0,0.00,0,0.00,0.00,0.00,0,0.00,0.00,0.00,0.00,0,0.00,0.00,0.00,0.00,0.00,0.00,0.00,0.00,0.00,0.00,0.00,0.00,0.00,0.00,0.00,0.00,0.00,0.00,0.00,0,0,,0,0.00,9,0,0.00,21,0,0.00,10,0,1,0,4,0.00,99,0,0,0.00,9,0,32,0.00,14,0,0.00,99,0,0.00,0,0,0.00,0,0.00,6,0,0.00,8,0,0.00,0.00,0,0.00,0,0,0,0.00,0,0,0.00,99,0.00,0,N/A,N/A,N/A,N/A,0.00,0,0.00,0,0.00,0.00,0,0.00,0.00,21,99,0.00,0.00,0,12,12,0,0,0,0.00,0.00,0,20,0.00,0.00,0.00,0,0,0.00,0.00,99,0.00,0,0,0,0.00,0.00,0,0.00,0.00,0.00,0.00,0,0,0.00,48,0,0,48,0,0.00,0,0.00,0.00,0.00,14,0.00,0.00,1,0,0.00,0.00,0.00,0.00,4,0,0.00,13,0,2,71,0,45,2,0,0.00,99,0,0.00,0.00,0.00,0.00,0,0,0,0,0.00,0.00,0.00,0,0.00,99,0,0.00,0,0.00,99,0,0.00,0.00,32,0,30,9,0,0,0,0,0,34,48,65,59,0,99,99,8,8,0,0,10,42,0,0
Diego César de Oliveira,31,787737600,1994/12/18,Serie B,2023,Midfielder,Vitória,163,9,154,Brazil,5,2,3,0,0,0,0,0,0,0,0,3,1,2,2,0,2,2,0,0,0,0,0,0,0,1.1,82,33,82,0,1.1,-1,-1,-1,23,0,6.85,0,51,53.65,23.25,94,93,19.75,79,88,45.58,94,0.00,0.00,1.00,4,0.00,0.25,2.88,1.25,5,0.00,0.75,0.00,0.00,0.00,1.50,0.25,0.00,0.00,1.15,0.25,0.25,0.00,0.25,0.02,0.00,0.25,0.00,0.00,0,0,,2,0.50,65,1,0.58,73,1,0.58,61,0,4,1,98,0.00,99,0,6,3.46,99,1,32,0.58,44,0,0.00,99,0,0.00,0,0,0.00,0,2.31,95,1,0.58,34,1,0.58,100.00,0,0.00,0,0,0,0.00,0,0,0.00,26,0.00,0,N/A,N/A,N/A,N/A,0.00,0,0.00,0,0.09,0.00,0,84.95,50.00,83,45,0.25,0.58,1,59,99,0,0,0,0.00,0.00,0,20,27.38,1.00,2.31,4,0,0.00,0.00,99,0.00,0,0,0,0.00,0.00,0,0.00,0.00,0.00,0.00,0,0,0.00,48,0,1,48,27,0.31,83,0.08,0.18,0.09,53,0.02,0.05,84,4,1.00,2.31,4.04,1.75,99,7,0.05,51,61,79,71,0,45,27,0,0.00,99,1,0.00,0.58,13.85,6.00,24,11,89,93,6.35,2.75,45.83,3,1.73,4,0,0.00,0,0.00,99,0,0.00,0.00,32,0,56,9,0,0,0,0,0,34,48,65,59,0,99,97,8,99,2,40,96,16,0,0
Diego Coser,20,1124694000,2005/08/22,Serie B,2023,Forward,Chapecoense,11,0,11,Brazil,1,0,1,0,0,0,0,0,0,0,0,0,0,0,1,0,1,1,0,0,0,0,0,0,0,8.18,11,11,11,0,8.18,-1,-1,-1,21,0,0.00,0,51,0.00,0.00,0,0,0.00,0,0,0.00,0,0.00,0.00,0.00,0,0.00,0.00,0.00,0.00,0,0.00,0.00,0.00,0.00,0.00,0.00,0.00,0.00,0.00,0.00,0.00,0.00,0.00,0.00,0.00,0.00,0.00,0.00,0.00,0,0,,0,0.00,9,0,0.00,21,0,0.00,10,0,1,0,4,0.00,99,0,0,0.00,9,0,32,0.00,14,0,0.00,99,0,0.00,0,0,0.00,0,0.00,6,0,0.00,8,0,0.00,0.00,0,0.00,0,0,0,0.00,0,0,0.00,0,0.00,0,N/A,N/A,N/A,N/A,0.00,0,0.00,0,0.00,0.00,0,0.00,0.00,21,99,0.00,0.00,0,12,12,0,0,0,0.00,0.00,0,20,0.00,0.00,0.00,0,0,0.00,0.00,99,0.00,0,0,0,0.00,0.00,0,0.00,0.00,0.00,0.00,0,0,0.00,48,0,0,48,0,0.00,0,0.00,0.00,0.00,14,0.00,0.00,1,0,0.00,0.00,0.00,0.00,4,0,0.00,13,0,2,71,0,45,2,0,0.00,99,0,0.00,0.00,0.00,0.00,0,0,0,0,0.00,0.00,0.00,0,0.00,99,0,0.00,0,0.00,99,0,0.00,0.00,32,0,30,9,0,0,0,0,0,34,48,65,59,0,99,1,8,99,1,0,10,19,0,0
Diego de Souza Andrade,40,487839600,1985/06/17,Serie B,2023,Forward,Sport Recife,483,236,247,Brazil,11,5,6,1,0,1,0,0,0,0,0,3,2,1,5,1,4,0,0,0.19,0,0.19,0,0.36,483,0.93,97,44,0,0,0,104,257,-1,14,0,6.71,0,51,17.77,9.30,6,93,6.20,62,8,11.85,7,0.00,0.00,0.30,3,0.00,0.00,0.19,0.10,1,0.00,0.30,0.00,0.00,0.00,0.10,0.10,0.00,6.00,1.15,0.00,0.30,0.00,0.60,0.09,0.00,0.60,0.00,0.00,0,0,,6,0.60,65,6,1.15,97,0,0.00,10,4,7,3,8,0.00,99,0,1,0.19,19,0,32,0.00,14,0,0.00,99,0,0.00,0,0,0.00,0,0.57,37,3,0.57,34,1,0.19,33.33,0,0.00,0,0,0,0.00,0,0,0.00,45,0.00,0,N/A,N/A,N/A,N/A,0.00,0,0.00,0,0.90,0.00,0,66.67,100.00,99,66,0.20,0.38,2,28,22,0,0,0,0.10,0.19,1,52,67.06,0.10,0.19,1,0,0.00,0.00,99,0.00,0,0,0,0.00,0.00,0,0.00,0.00,0.00,0.00,0,0,16.67,85,7,15,67,45,0.24,10,0.02,0.05,0.90,84,0.09,0.17,22,3,0.30,0.57,1.53,0.80,57,8,0.17,82,32,6,71,0,45,56,0,0.00,99,6,0.00,1.15,6.50,3.40,34,11,9,21,2.10,1.10,32.35,3,0.57,52,0,0.00,0,0.00,99,0,0.00,0.00,32,3,74,83,0,0,0,0,0,67,82,94,59,0,99,25,8,8,0,0,10,87,0,0
Diego De Souza Quirino,32,750582000,1993/10/14,Serie B,2023,Forward,Ituano,1435,753,682,Brazil,30,15,15,5,4,1,0,0,0,0,1,10,6,4,14,4,10,3,0,0.31,0,0.31,0.48,0.13,287,0.88,103,48,478,0,0.19,43,430,-1,1,0,6.74,0,51,18.00,9.57,7,287,7.17,215,32,13.48,12,0.00,0.00,0.43,13,0.00,0.27,0.19,0.10,3,0.00,0.73,0.00,0.00,0.00,0.10,0.27,0.00,5.60,1.76,0.50,0.53,0.00,0.43,0.13,0.00,0.73,0.00,0.00,0,0,,28,0.93,85,13,0.82,86,15,0.94,83,3,18,12,8,0.00,99,0,3,0.19,19,8,37,0.50,42,0,0.00,99,0,0.00,0,0,0.00,0,0.82,52,16,1.00,52,8,0.50,50.00,0,0.00,0,0,0,0.00,0,0,0.00,52,0.00,0,N/A,N/A,N/A,N/A,0.00,0,0.00,0,3.94,0.00,0,74.91,46.43,72,80,0.13,0.25,4,55,55,0,1,0,0.07,0.13,2,38,202.23,0.40,0.75,12,0,0.00,0.00,99,0.00,0,1,0,0.00,0.00,0,0.00,0.00,0.38,0.20,6,0,17.86,86,58,79,57,53,1.04,19,0.03,0.07,3.24,89,0.11,0.20,96,50,1.67,3.14,2.01,1.07,80,32,0.25,92,40,34,71,0,88,63,0,0.00,99,22,0.00,1.38,12.04,6.40,192,83,72,84,5.21,2.77,43.23,22,1.38,12,0,12.50,0,0.00,99,1,0.03,0.06,38,47,97,70,0,1,0,3,0,83,92,76,95,0,99,45,72,37,3,10,33,9,0,0
Diego Fabián Torres,35,657878400,1990/11/06,Serie B,2023,Midfielder,Vitória,64,36,28,Argentina,5,2,3,0,0,0,1,1,0,0,0,1,1,0,1,1,0,0,0,1.41,1.41,0,0,0,0,1.41,64,13,0,64,0,-1,-1,-1,29,0,6.54,0.2,99,64.69,9.20,99,46,7.80,39,88,54.84,99,0.00,0.00,0.20,1,0.00,1.00,2.81,0.40,2,0.00,0.20,0.00,0.00,0.00,0.00,0.20,0.00,0.00,1.41,0.20,0.20,0.00,0.00,0.01,0.00,0.00,0.00,0.00,0,0,,1,0.20,74,0,0.00,21,1,1.41,96,0,5,0,97,0.00,99,0,0,0.00,9,5,51,7.03,98,0,0.00,99,0,0.00,0,0,0.00,0,1.41,81,1,1.41,68,1,1.41,100.00,0,0.00,0,0,0,0.00,0,0,0.00,7,0.00,0,N/A,N/A,N/A,N/A,0.00,0,0.00,0,0.03,0.00,0,84.78,0.00,21,0,0.40,2.81,2,93,99,0,0,0,0.00,0.00,0,20,32.70,0.00,0.00,0,0,0.00,0.00,99,0.00,0,0,0,0.00,0.00,0,0.00,0.00,0.00,0.00,0,0,0.00,48,0,1,48,7,0.65,99,0.13,0.91,0.03,49,0.01,0.04,56,1,0.20,1.41,2.81,0.40,96,2,0.04,47,13,2,71,0,45,2,0,0.00,99,0,0.00,0.00,14.06,2.00,10,4,79,94,5.62,0.80,40.00,1,1.41,12,0,20.00,0,0.00,99,1,0.20,1.41,93,0,64,9,0,0,0,0,0,99,48,65,59,0,99,12,8,8,0,0,10,20,0,0
Diego Jardel Koester,36,630662400,1989/12/26,Serie B,2023,Midfielder,Londrina,731,343,388,Brazil,15,8,7,1,1,0,0,0,0,0,0,5,3,2,9,4,5,4,0,0.12,0,0.12,0.26,0,731,1.11,81,49,183,0,0.49,166,538,-1,8,0,6.78,0,51,30.53,16.53,39,248,12.47,187,34,23.02,39,0.00,0.00,0.73,11,0.00,1.67,1.11,0.60,9,0.00,0.93,0.00,0.00,0.00,0.27,1.07,0.00,14.00,1.72,0.53,1.80,0.00,0.40,0.08,0.00,0.33,0.00,0.00,0,0,,14,0.93,84,6,0.74,80,8,0.98,85,1,6,9,47,0.00,99,0,4,0.49,37,25,75,3.08,79,0,0.00,99,0,0.00,0,0,0.00,0,1.35,79,27,3.32,95,16,1.97,59.26,0,0.00,0,0,0,0.00,0,0,0.00,25,0.00,0,N/A,N/A,N/A,N/A,0.00,0,0.00,0,1.16,0.00,0,75.40,42.86,67,43,0.33,0.62,5,97,69,0,0,0,0.13,0.25,2,59,101.69,0.33,0.62,5,0,0.00,0.00,99,0.00,0,0,0,0.00,0.00,0,0.00,0.00,0.00,0.00,0,1,7.14,59,23,30,79,25,0.70,36,0.05,0.09,1.16,78,0.08,0.14,82,18,1.20,2.22,1.85,1.00,73,15,0.14,76,47,26,71,0,45,29,0,0.00,99,5,0.00,0.62,12.56,6.80,102,48,84,87,5.91,3.20,47.06,14,1.72,5,0,28.00,0,0.00,99,7,0.47,0.86,82,33,70,33,0,0,0,0,0,53,70,65,86,0,99,45,22,87,4,27,81,20,0,0
Diego Porfirio da Silva,26,933490800,1999/08/01,Serie B,2023,Defender,Guarani,128,71,57,Brazil,5,2,3,0,0,0,1,0,1,0,0,1,0,1,2,1,1,0,0,0.7,0.7,0,0,0,0,1.41,64,26,0,128,0,-1,-1,-1,27,0,6.66,0.2,99,47.81,13.60,83,68,10.80,54,59,37.97,80,0.00,0.00,0.80,4,0.00,1.40,1.41,0.40,2,0.00,0.40,0.00,0.00,0.00,0.40,1.20,0.00,0.00,0.00,0.00,1.80,0.00,0.00,0.00,0.00,0.80,0.00,0.00,0,0,,0,0.00,9,0,0.00,21,0,0.00,10,2,4,1,61,0.00,99,0,2,1.41,84,7,77,4.92,92,0,0.00,99,0,0.00,0,0,0.00,0,2.81,99,9,6.33,99,6,4.22,66.67,0,0.00,0,0,0,0.00,0,0,0.00,7,0.00,0,N/A,N/A,N/A,N/A,0.00,0,0.00,0,0.00,0.00,0,79.41,0.00,21,3,0.40,1.41,2,99,83,0,0,0,0.20,0.70,1,88,33.28,1.00,3.52,5,0,0.00,0.00,99,0.00,0,0,0,0.00,0.00,0,0.00,0.00,0.00,0.00,0,0,0.00,48,0,1,48,7,0.86,99,0.17,0.60,0.00,14,0.00,0.00,29,1,0.20,0.70,0.70,0.20,16,1,0.00,13,22,86,71,0,45,96,0,0.00,99,4,0.00,2.81,14.77,4.20,21,13,99,95,9.14,2.60,61.90,2,1.41,12,0,28.57,0,0.00,99,2,0.40,1.41,93,0,56,53,0,0,0,0,0,99,48,65,59,0,99,12,8,8,0,0,10,15,0,0
Diego Renan de Lima Ferreira,36,633340800,1990/01/26,Serie B,2023,Defender,Vila Nova,234,118,116,Brazil,9,5,4,0,0,0,1,0,1,0,0,2,1,1,2,1,1,2,0,0.38,0.38,0,0,0,0,0.77,117,26,117,234,0.77,-1,-1,-1,27,0,5.88,0.11,99,63.95,16.88,99,135,13.12,105,49,49.74,98,0.00,0.00,0.62,5,0.00,1.88,1.89,0.50,4,0.00,0.00,0.00,0.00,0.00,0.50,0.00,0.00,0.00,0.47,0.00,0.00,0.00,0.12,0.01,0.00,0.38,0.00,0.00,0,0,,1,0.12,33,1,0.47,68,0,0.00,10,0,7,1,84,0.00,99,0,4,1.89,96,15,86,7.11,99,0,0.00,99,0,0.00,0,0,0.00,0,2.37,96,0,0.00,8,0,0.00,0.00,0,0.00,0,0,0,0.00,0,0,0.00,66,0.00,0,N/A,N/A,N/A,N/A,0.00,0,0.00,0,0.07,0.00,0,77.78,100.00,99,19,0.25,0.95,2,12,12,0,0,0,0.00,0.00,0,20,47.03,0.50,1.89,4,0,0.00,0.00,99,0.00,0,0,0,0.00,0.00,0,0.00,0.00,0.00,0.00,0,0,0.00,48,0,8,48,66,0.35,80,0.04,0.17,0.07,45,0.01,0.03,1,0,0.00,0.00,1.89,0.50,75,4,0.03,43,0,71,71,0,45,65,0,0.00,99,3,0.00,1.42,8.53,2.25,18,7,23,43,3.32,0.88,38.89,0,0.00,99,0,33.33,0,0.00,99,5,0.62,2.37,99,0,74,9,0,0,0,0,0,88,48,65,59,0,99,15,10,98,2,22,70,16,0,0
Diego Terra Loureiro,27,901609200,1998/07/28,Serie B,2023,Goalkeeper,Atlético GO,257,90,167,Brazil,3,1,2,0,0,0,0,0,0,0,0,1,1,0,1,0,1,3,1,0,0,0,0,0,0,0.35,257,86,86,0,1.05,-1,-1,-1,24,0,6.47,0,51,28.37,27.00,35,81,20.67,62,42,21.71,35,0.00,0.00,0.00,0,0.00,0.00,0.00,0.00,0,0.00,0.00,0.00,0.00,1.67,0.00,0.33,2.00,0.00,0.00,0.00,0.33,0.00,0.00,0.00,0.00,0.33,0.00,0.00,0,0,,0,0.00,9,0,0.00,21,0,0.00,10,0,0,3,4,0.00,99,0,0,0.00,9,0,32,0.00,14,0,0.00,99,0,0.00,0,0,0.00,0,0.00,6,1,0.35,26,1,0.35,100.00,0,0.00,0,5,97,1.75,3,6,0.00,98,2.10,0,N/A,N/A,N/A,N/A,83.33,0,0.00,0,0.00,0.00,0,76.54,0.00,21,99,0.00,0.00,0,42,99,0,0,0,0.00,0.00,0,20,19.40,0.67,0.70,2,1,0.00,0.35,0,0.33,0,0,0,0.00,0.00,1,0.33,0.35,0.00,0.00,0,0,0.00,48,0,0,48,98,0.15,10,0.05,0.05,0.00,14,0.00,0.00,1,0,0.00,0.00,0.35,0.33,9,1,0.00,13,10,31,71,6,45,14,0,0.00,99,1,0.00,0.35,1.05,1.00,3,2,7,7,0.70,0.67,66.67,0,0.00,99,0,0.00,0,0.00,99,0,0.00,0.00,32,3,19,9,0,0,0,0,0,34,48,65,59,0,99,45,8,99,1,33,92,1,0,0
Diogo da Costa Silva,31,789811200,1995/01/11,Serie B,2023,Defender,Botafogo SP,2075,1085,990,Brazil,25,14,11,2,1,1,0,0,0,0,0,11,8,3,22,11,11,2,0,0.09,0,0.09,0.08,0.09,1038,0.95,94,83,1038,0,0.09,208,520,121,3,0,6.88,0,51,41.42,38.20,68,955,30.80,770,66,33.40,68,0.00,0.00,0.28,7,0.00,0.04,0.39,0.36,9,0.00,0.00,0.00,0.00,0.00,0.92,0.12,0.00,5.50,0.48,0.32,0.12,0.00,0.12,0.06,0.00,1.00,0.00,0.00,0,0,,11,0.44,35,3,0.13,33,8,0.35,37,0,2,23,11,0.00,99,0,23,1.00,63,1,99,0.04,15,0,0.00,99,0,0.00,0,0,0.00,0,0.30,24,3,0.13,14,3,0.13,100.00,0,0.00,0,0,0,0.00,0,0,0.00,43,0.00,0,N/A,N/A,N/A,N/A,0.00,0,0.00,0,1.57,0.00,0,80.63,27.27,38,88,0.16,0.17,4,19,99,0,0,0,0.72,0.78,18,90,171.96,4.12,4.47,103,1,0.00,0.04,12,0.04,0,0,0,0.00,0.00,0,0.00,0.00,0.04,0.04,1,0,18.18,88,76,63,88,42,2.15,36,0.09,0.09,1.57,60,0.06,0.07,14,10,0.40,0.43,0.87,0.80,22,20,0.07,58,65,93,71,0,50,52,0,0.00,99,25,0.00,1.08,3.77,3.48,87,47,9,8,2.04,1.88,54.02,0,0.00,99,0,100.00,0,0.00,99,1,0.04,0.04,36,75,39,9,0,0,0,0,0,48,63,70,64,0,99,81,95,14,2,8,26,4,0,0
Diogo Hereda da Silva,27,906274800,1998/09/20,Serie B,2023,Defender,CRB,1894,1119,775,Brazil,28,15,13,0,0,0,5,4,1,0,0,12,9,3,13,5,8,5,0,0.24,0.24,0,0,0,0,0.62,146,68,379,379,0.24,317,31,25,22,0,6.57,0.18,96,39.44,29.64,62,830,23.50,658,59,31.27,62,0.00,0.00,0.86,24,0.00,2.43,1.76,1.32,37,0.00,0.57,0.00,0.00,0.00,0.96,0.79,0.00,0.00,0.38,0.25,1.68,0.00,0.04,0.01,0.00,0.79,0.00,0.00,0,0,,8,0.29,26,1,0.05,24,7,0.33,35,4,8,20,78,0.00,99,0,27,1.28,79,68,79,3.23,82,0,0.00,99,0,0.00,0,0,0.00,0,1.14,69,47,2.23,86,22,1.05,46.81,0,0.00,0,0,0,0.00,0,0,0.00,87,0.00,0,N/A,N/A,N/A,N/A,0.00,0,0.00,0,0.25,0.00,0,79.28,12.50,24,37,0.50,0.67,14,84,43,0,0,0,0.18,0.24,5,58,183.89,1.29,1.71,36,2,0.00,0.10,4,0.07,0,0,0,0.00,0.00,0,0.00,0.00,0.10,0.07,2,0,0.00,48,71,73,48,88,5.20,95,0.19,0.25,0.25,27,0.01,0.01,60,32,1.14,1.52,1.38,1.04,49,29,0.01,26,15,67,71,0,62,51,0,0.00,99,22,0.00,1.05,10.41,7.82,219,113,75,69,5.37,4.04,51.60,16,0.76,41,0,29.41,0,0.00,99,20,0.71,0.95,85,69,79,83,0,0,0,0,0,74,48,65,59,0,99,77,59,50,5,18,59,4,0,0
Diogo Jose Goncalves da Silva,39,521190000,1986/07/08,Serie B,2023,Goalkeeper,CRB,3060,1530,1530,Brazil,34,17,17,0,0,0,0,0,0,0,0,13,9,4,27,11,16,0,0,0,0,0,0,0,0,0.79,113,90,0,0,0,466,458,74,36,0,6.85,0,51,27.24,27.24,32,926,17.62,599,6,17.62,24,0.00,0.00,0.03,1,0.00,0.00,0.00,0.00,0,0.00,0.00,0.00,0.00,3.26,0.00,0.03,4.24,0.00,0.00,0.00,0.03,0.00,0.00,0.00,0.00,0.18,0.00,0.00,0,0,,0,0.00,9,0,0.00,21,0,0.00,10,0,0,34,4,0.00,99,0,0,0.00,9,0,32,0.00,14,0,0.00,99,0,0.00,0,0,0.00,0,0.03,8,1,0.03,9,1,0.03,100.00,0,0.00,0,111,82,3.26,88,144,0.00,64,4.24,71,N/A,N/A,N/A,N/A,77.08,0,0.00,0,0.00,0.00,0,64.69,0.00,21,94,0.03,0.03,1,13,99,0,0,59,0.00,0.00,0,20,232.98,1.00,1.00,34,0,0.00,0.00,99,0.00,1,0,0,0.00,0.00,18,0.53,0.53,0.00,0.00,0,0,0.00,48,97,92,48,64,1.53,8,0.04,0.04,0.00,14,0.00,0.00,8,8,0.24,0.24,0.00,0.00,4,0,0.00,13,61,44,71,27,45,5,0,0.00,99,6,0.00,0.18,0.53,0.53,18,14,4,4,0.41,0.41,77.78,0,0.00,99,0,0.00,0,0.00,99,0,0.00,0.00,32,97,19,9,0,0,0,0,0,34,48,65,59,0,99,59,8,8,0,0,10,12,0,0
Diogo Mateus de Almeida Rodrigues Maciel,33,729590400,1993/02/13,Serie B,2023,Defender,Guarani,3078,1604,1474,Brazil,35,18,17,1,1,0,1,1,0,1,0,13,7,6,24,12,12,11,0,0.06,0.03,0.03,0.06,0,3078,0.7,128,88,280,3078,0.32,270,250,54,12,0,7.00,0.03,53,48.56,47.59,85,1618,40.06,1362,86,40.87,86,0.00,0.00,1.32,45,0.00,5.88,0.75,0.74,25,0.00,0.41,0.00,0.00,0.00,0.68,0.44,0.00,18.00,0.54,0.35,0.76,0.00,0.18,0.04,0.00,0.74,0.00,0.00,0,0,,18,0.53,39,6,0.18,42,12,0.36,39,2,0,34,31,0.00,99,0,23,0.69,46,200,59,6.00,96,0,0.00,99,0,0.00,0,0,0.00,0,1.35,79,26,0.78,42,15,0.45,57.69,0,0.00,0,0,0,0.00,0,0,0.00,76,0.00,0,N/A,N/A,N/A,N/A,0.00,0,0.00,0,1.23,0.00,0,84.18,33.33,49,71,0.32,0.33,11,51,66,1,0,0,0.47,0.48,16,79,237.90,1.85,1.89,63,0,0.00,0.00,99,0.00,0,1,0,0.00,0.00,0,0.00,0.00,0.00,0.00,0,0,5.56,54,97,95,99,76,4.79,68,0.14,0.14,0.53,38,0.02,0.02,27,22,0.65,0.66,1.05,1.03,30,35,0.04,47,85,71,71,0,45,35,0,0.00,99,25,0.00,0.75,5.55,5.44,185,87,13,13,2.61,2.56,47.03,14,0.42,65,0,23.50,0,0.00,99,47,1.38,1.41,93,97,19,53,0,0,0,0,0,40,50,65,60,0,99,54,45,63,11,31,88,13,0,0
Dionisio Pereira de Souza Neto,32,766566000,1994/04/17,Serie B,2023,Midfielder,Vitória,14,0,14,Brazil,1,0,1,0,0,0,0,0,0,0,0,0,0,0,0,0,0,0,0,0,0,0,0,0,0,0,0,14,0,0,0,-1,-1,-1,35,N/A,N/A,N/A,N/A,N/A,N/A,N/A,N/A,N/A,N/A,N/A,N/A,N/A,N/A,N/A,N/A,N/A,N/A,N/A,N/A,N/A,N/A,N/A,N/A,N/A,N/A,N/A,N/A,N/A,N/A,N/A,N/A,N/A,N/A,N/A,N/A,N/A,N/A,N/A,N/A,N/A,N/A,N/A,N/A,N/A,N/A,N/A,N/A,N/A,N/A,N/A,N/A,N/A,N/A,N/A,N/A,N/A,N/A,N/A,N/A,N/A,N/A,N/A,N/A,N/A,N/A,N/A,N/A,N/A,N/A,N/A,N/A,N/A,N/A,N/A,N/A,N/A,N/A,N/A,N/A,N/A,N/A,N/A,N/A,N/A,N/A,N/A,N/A,N/A,N/A,N/A,N/A,N/A,N/A,N/A,N/A,N/A,N/A,N/A,N/A,N/A,N/A,N/A,N/A,N/A,N/A,N/A,N/A,N/A,N/A,N/A,N/A,N/A,N/A,N/A,N/A,N/A,N/A,N/A,N/A,N/A,N/A,N/A,N/A,N/A,N/A,N/A,N/A,N/A,N/A,N/A,N/A,N/A,N/A,N/A,N/A,N/A,N/A,N/A,N/A,N/A,N/A,N/A,N/A,N/A,N/A,N/A,N/A,N/A,N/A,N/A,N/A,N/A,N/A,N/A,N/A,N/A,N/A,N/A,N/A,N/A,N/A,N/A,N/A,N/A,N/A,N/A,N/A,N/A,N/A,N/A,N/A,N/A,N/A,N/A,N/A,N/A,N/A,N/A,N/A,N/A,N/A,N/A,N/A,N/A,N/A,N/A,N/A,N/A,N/A,N/A,N/A,N/A,N/A,N/A,N/A,N/A,N/A,N/A,N/A,N/A,N/A,N/A,N/A,N/A,N/A,N/A,N/A,N/A,N/A,N/A,N/A,N/A,N/A,N/A,N/A,N/A,N/A,N/A,N/A,N/A,N/A,N/A,N/A
Djalma Celestino Evaristo,25,962262000,2000/06/29,Serie B,2023,Midfielder,Tombense,105,23,82,Brazil,4,3,1,0,0,0,0,0,0,0,0,2,2,0,3,0,3,0,0,0,0,0,0,0,0,2.57,35,26,0,0,0,-1,-1,-1,22,0,4.99,0,51,46.29,13.50,81,54,11.75,47,96,40.29,86,0.00,0.00,0.50,2,0.00,0.00,2.57,0.75,3,0.00,0.00,0.00,0.00,0.00,0.00,0.00,0.00,0.00,0.00,0.00,0.00,0.00,0.00,0.00,0.00,0.75,0.00,0.00,0,0,,0,0.00,9,0,0.00,21,0,0.00,10,2,3,1,95,0.00,99,0,0,0.00,9,0,32,0.00,14,0,0.00,99,0,0.00,0,0,0.00,0,1.71,88,0,0.00,8,0,0.00,0.00,0,0.00,0,0,0,0.00,0,0,0.00,0,0.00,0,N/A,N/A,N/A,N/A,0.00,0,0.00,0,0.00,0.00,0,87.04,0.00,21,99,0.00,0.00,0,12,12,0,0,0,0.00,0.00,0,20,19.95,0.50,1.71,2,1,0.00,0.86,0,0.25,0,0,0,0.00,0.00,0,0.00,0.00,0.00,0.00,0,0,0.00,48,0,0,48,0,0.21,83,0.05,0.18,0.00,14,0.00,0.00,67,2,0.50,1.71,1.71,0.50,66,2,0.00,13,0,67,71,0,45,92,0,0.00,99,3,0.00,2.57,8.57,2.50,10,8,93,43,6.86,2.00,80.00,0,0.00,99,0,0.00,0,0.00,99,0,0.00,0.00,32,0,50,53,0,0,0,0,0,34,48,65,59,0,99,92,8,8,0,0,10,23,0,0
Douglas Alan Schuck Friedrich,37,597916800,1988/12/12,Serie B,2023,Goalkeeper,Avaí,90,90,0,Brazil,1,1,0,0,0,0,0,0,0,0,0,1,1,0,0,0,0,0,0,0,0,0,0,0,0,0,0,90,0,0,0,-1,-1,-1,23,0,7.45,0,51,21.00,21.00,16,21,12.00,12,1,12.00,7,0.00,0.00,0.00,0,0.00,0.00,0.00,0.00,0,0.00,0.00,0.00,0.00,2.00,0.00,0.00,2.00,0.00,0.00,0.00,0.00,0.00,0.00,0.00,0.00,0.00,0.00,0.00,0,0,,0,0.00,9,0,0.00,21,0,0.00,10,0,0,1,4,0.00,99,0,0,0.00,9,0,32,0.00,14,0,0.00,99,0,0.00,0,0,0.00,0,0.00,6,0,0.00,8,0,0.00,0.00,0,0.00,0,2,99,2.00,6,2,0.00,99,2.00,0,N/A,N/A,N/A,N/A,100.00,0,0.00,0,0.00,0.00,0,57.14,0.00,21,99,0.00,0.00,0,12,12,0,0,1,0.00,0.00,0,20,7.45,2.00,2.00,2,0,0.00,0.00,99,0.00,0,0,0,0.00,0.00,2,2.00,2.00,0.00,0.00,0,0,0.00,48,0,0,48,0,0.02,0,0.02,0.02,0.00,14,0.00,0.00,1,0,0.00,0.00,0.00,0.00,4,0,0.00,13,99,74,71,99,45,2,0,0.00,99,0,0.00,0.00,0.00,0.00,0,0,0,0,0.00,0.00,0.00,0,0.00,99,0,0.00,0,0.00,99,0,0.00,0.00,32,0,19,9,0,0,0,0,0,34,48,65,59,0,99,99,8,8,0,0,10,22,0,0
Douglas Baggio de Oliveira Costa,31,791712000,1995/02/02,Serie B,2023,Forward,Novorizontino,2222,1207,1015,Brazil,36,19,17,5,3,2,2,2,0,0,0,16,10,6,17,5,12,5,0,0.28,0.08,0.2,0.22,0.18,444,0.69,131,62,444,1111,0.2,99,171,-1,6,0,6.98,0.06,69,22.96,15.54,20,544,11.31,396,21,16.72,22,0.00,0.00,0.94,33,0.00,2.14,2.11,1.43,50,0.00,0.86,0.00,0.00,0.00,0.31,0.89,0.00,8.60,1.82,0.63,1.91,0.00,0.60,0.13,0.00,0.69,0.00,0.00,0,0,,43,1.23,88,21,0.89,91,22,0.93,83,3,8,27,90,0.00,99,0,11,0.46,35,75,62,3.17,80,0,0.00,99,0,0.00,0,0,0.00,0,1.39,80,67,2.83,93,31,1.31,46.27,0,0.00,0,0,0,0.00,0,0,0.00,78,0.00,0,N/A,N/A,N/A,N/A,0.00,0,0.00,0,4.71,0.00,0,72.79,48.84,75,26,0.57,0.84,20,91,42,0,0,0,0.00,0.00,0,20,244.42,0.09,0.13,3,0,0.00,0.00,99,0.00,0,0,1,0.03,0.04,0,0.00,0.00,0.21,0.14,5,1,11.63,73,81,98,64,79,3.40,68,0.10,0.14,4.71,89,0.13,0.20,93,66,1.89,2.79,1.65,1.11,63,39,0.20,85,82,3,79,0,79,49,0,0.00,99,24,0.00,1.01,14.35,9.71,340,171,95,94,7.22,4.89,50.29,30,1.27,16,0,24.00,0,0.00,99,18,0.51,0.76,80,84,79,70,0,1,0,3,0,79,84,81,82,0,99,81,69,40,5,14,47,7,0,0
Douglas Borges,36,638784000,1990/03/30,Serie B,2023,Goalkeeper,Guarani,450,180,270,Brazil,5,2,3,0,0,0,0,0,0,0,0,4,2,2,1,0,1,1,0,0,0,0,0,0,0,0.2,450,90,450,0,0.2,355,291,3,15,0,7.21,0,51,28.40,28.40,35,142,21.00,105,27,21.00,33,0.00,0.00,0.00,0,0.00,0.00,0.00,0.00,0,0.00,0.00,0.00,0.00,2.40,0.00,0.20,2.60,0.00,0.00,0.00,0.20,0.00,0.00,0.00,0.00,0.00,0.00,0.00,0,0,,0,0.00,9,0,0.00,21,0,0.00,10,0,0,5,4,0.00,99,0,0,0.00,9,0,32,0.00,14,0,0.00,99,0,0.00,0,0,0.00,0,0.00,6,1,0.20,19,1,0.20,100.00,0,0.00,0,12,99,2.40,32,13,0.00,99,2.60,3,N/A,N/A,N/A,N/A,92.31,0,0.00,0,0.00,0.00,0,73.94,0.00,21,99,0.00,0.00,0,29,99,0,0,7,0.00,0.00,0,20,36.05,0.80,0.80,4,0,0.00,0.00,99,0.00,0,0,0,0.00,0.00,4,0.80,0.80,0.00,0.00,0,0,0.00,48,5,1,48,99,0.20,8,0.04,0.04,0.00,14,0.00,0.00,6,1,0.20,0.20,0.00,0.00,4,0,0.00,13,95,35,71,70,45,2,0,0.00,99,0,0.00,0.00,0.40,0.40,2,2,4,2,0.40,0.40,100.00,0,0.00,99,0,0.00,0,0.00,99,0,0.00,0.00,32,11,19,9,0,0,0,0,0,34,48,65,59,0,99,99,70,40,1,20,65,31,0,0
Douglas do Espirito Santos Torres,24,1017475200,2002/03/30,Serie B,2023,Defender,Chapecoense,573,182,391,Brazil,12,5,7,0,0,0,1,1,0,0,0,2,1,1,8,2,6,1,0,0.16,0.16,0,0,0,0,1.26,72,48,573,573,0.16,376,83,188,37,0,6.64,0.08,87,35.16,18.36,49,202,14.82,163,66,28.38,53,0.00,0.00,0.45,5,0.00,0.91,1.74,0.91,10,0.00,0.27,0.00,0.00,0.00,0.82,0.36,0.00,0.00,0.35,0.18,1.00,0.00,0.00,0.01,0.00,0.36,0.00,0.00,0,0,,2,0.18,23,0,0.00,21,2,0.35,37,2,7,4,76,0.00,99,0,9,1.57,90,10,51,1.74,63,0,0.00,99,0,0.00,0,0,0.00,0,0.87,55,11,1.91,80,4,0.70,36.36,0,0.00,0,0,0,0.00,0,0,0.00,13,0.00,0,N/A,N/A,N/A,N/A,0.00,0,0.00,0,0.06,0.00,0,80.69,0.00,21,50,0.27,0.52,3,68,24,0,0,0,0.00,0.00,0,20,73.08,1.09,2.09,12,0,0.00,0.00,99,0.00,0,0,0,0.00,0.00,0,0.00,0.00,0.00,0.00,0,0,0.00,48,14,20,48,14,1.11,85,0.10,0.19,0.06,27,0.01,0.01,87,14,1.27,2.44,1.04,0.55,30,6,0.01,26,21,75,71,0,45,33,0,0.00,99,4,0.00,0.70,9.40,4.91,54,32,79,56,5.57,2.91,59.26,3,0.52,57,0,20.00,0,0.00,99,2,0.18,0.35,61,8,74,53,0,0,0,0,0,62,48,65,59,0,99,8,80,30,1,8,26,31,0,0
Douglas Silva Bacelar,36,639212400,1990/04/04,Serie B,2023,Defender,Avaí,720,502,218,Brazil,13,7,6,1,0,1,0,0,0,0,0,6,4,2,7,4,3,1,0,0.13,0,0.13,0,0.41,720,0.88,103,55,720,0,0.13,159,273,105,10,0,6.91,0,51,45.43,26.50,79,318,20.83,250,54,35.71,75,0.00,0.00,0.08,1,0.00,0.25,1.57,0.92,11,0.00,0.00,0.00,0.00,0.00,0.92,0.00,0.00,6.00,0.86,0.42,0.00,0.00,0.08,0.06,0.00,1.58,0.00,0.00,0,0,,6,0.50,57,1,0.14,35,5,0.71,71,1,4,8,70,0.00,99,0,11,1.57,90,3,32,0.43,40,0,0.00,99,0,0.00,0,0,0.00,0,0.14,13,0,0.00,8,0,0.00,0.00,0,0.00,0,0,0,0.00,0,0,0.00,52,0.00,0,N/A,N/A,N/A,N/A,0.00,0,0.00,0,0.75,0.00,0,78.62,16.67,28,75,0.17,0.29,2,12,12,0,0,0,0.25,0.43,3,75,82.90,3.67,6.29,44,0,0.00,0.00,99,0.00,0,0,1,0.08,0.14,0,0.00,0.00,0.00,0.00,0,0,16.67,85,23,24,78,53,0.63,36,0.05,0.09,0.75,69,0.06,0.11,30,5,0.42,0.71,0.86,0.50,22,6,0.11,67,72,99,96,0,45,95,0,0.00,99,19,0.00,2.71,6.71,3.92,47,35,67,23,5.00,2.92,74.47,0,0.00,99,0,0.00,0,0.00,99,0,0.00,0.00,32,28,56,33,0,0,0,0,0,54,72,96,59,0,99,85,88,22,1,8,26,44,0,0
Eder Citadin Martins,39,532425600,1986/11/15,Serie B,2023,Forward,Criciúma,1895,1146,749,Italy,26,15,11,9,6,3,2,1,1,3,0,13,10,3,15,5,10,5,1,0.52,0.09,0.43,0.47,0.36,211,0.71,126,73,316,948,0.28,20,151,-1,1,0,6.97,0.08,74,17.67,14.31,6,372,10.12,263,15,12.49,9,0.00,0.00,0.81,21,0.00,1.08,0.38,0.31,8,0.00,0.65,0.00,0.00,0.00,0.23,0.54,0.00,4.11,1.76,0.62,0.96,0.00,0.81,0.27,0.00,0.50,0.00,0.00,0,0,,37,1.42,85,21,1.00,94,16,0.76,73,7,4,22,11,0.00,99,0,6,0.28,25,28,82,1.33,56,0,0.00,99,0,0.00,0,0,0.00,0,1.00,62,25,1.19,60,14,0.66,56.00,0,0.00,0,0,0,0.00,0,0,0.00,74,0.00,0,N/A,N/A,N/A,N/A,0.00,0,0.00,0,6.96,0.00,0,70.70,56.76,88,76,0.23,0.28,6,65,63,3,0,0,0.04,0.05,1,24,181.13,0.15,0.19,4,0,0.00,0.00,99,0.00,0,3,1,0.04,0.05,0,0.00,0.00,0.38,0.31,8,1,24.32,93,71,67,52,72,2.58,55,0.10,0.12,4.86,93,0.19,0.23,80,45,1.73,2.14,1.42,1.15,51,30,0.33,97,82,6,82,0,88,29,0,0.00,99,13,0.00,0.62,7.65,6.19,161,80,33,34,3.80,3.08,49.69,17,0.81,37,0,32.14,0,0.00,99,9,0.35,0.43,66,73,56,98,0,1,0,4,0,96,97,94,95,0,99,92,52,57,4,15,50,23,0,0
Éder Maciel Lopes,24,998550000,2001/08/23,Serie B,2023,Midfielder,Avaí,143,99,44,Brazil,4,3,1,0,0,0,0,0,0,0,0,1,1,0,1,0,1,1,0,0,0,0,0,0,0,0.63,143,36,143,0,0.63,-1,-1,-1,25,0,0.00,0,51,0.00,0.00,0,0,0.00,0,0,0.00,0,0.00,0.00,0.00,0,0.00,0.00,0.00,0.00,0,0.00,0.00,0.00,0.00,0.00,0.00,0.00,0.00,0.00,0.00,0.00,0.00,0.00,0.00,0.00,0.00,0.00,0.00,0.00,0,0,,0,0.00,9,0,0.00,21,0,0.00,10,0,4,0,4,0.00,99,0,0,0.00,9,0,32,0.00,14,0,0.00,99,0,0.00,0,0,0.00,0,0.00,6,0,0.00,8,0,0.00,0.00,0,0.00,0,0,0,0.00,0,0,0.00,85,0.00,0,N/A,N/A,N/A,N/A,0.00,0,0.00,0,0.00,0.00,0,0.00,0.00,21,99,0.00,0.00,0,12,12,0,0,0,0.00,0.00,0,20,0.00,0.00,0.00,0,0,0.00,0.00,99,0.00,0,0,0,0.00,0.00,0,0.00,0.00,0.00,0.00,0,0,0.00,48,0,0,48,85,0.00,0,0.00,0.00,0.00,14,0.00,0.00,1,0,0.00,0.00,0.00,0.00,4,0,0.00,13,0,2,71,0,45,2,0,0.00,99,0,0.00,0.00,0.00,0.00,0,0,0,0,0.00,0.00,0.00,0,0.00,99,0,0.00,0,0.00,99,0,0.00,0.00,32,0,56,9,0,0,0,0,0,34,48,65,59,0,99,22,12,95,1,0,10,68,0,0
Edimar Curitiba Fraga,40,517042800,1986/05/21,Serie B,2023,Defender,CRB,981,335,646,Brazil,17,7,10,0,0,0,0,0,0,0,0,5,2,3,9,3,6,6,0,0,0,0,0,0,0,0.83,109,58,164,0,0.55,463,476,90,31,0,6.73,0,51,40.81,27.69,66,443,21.75,348,54,32.06,63,0.00,0.00,0.56,9,0.00,1.19,1.38,0.94,15,0.00,0.19,0.00,0.00,0.00,1.50,0.38,0.00,0.00,0.46,0.25,0.62,0.00,0.06,0.01,0.00,0.75,0.00,0.00,0,0,,5,0.31,33,1,0.09,29,4,0.37,41,4,7,10,60,0.00,99,0,24,2.21,99,19,82,1.75,64,0,0.00,99,0,0.00,0,0,0.00,0,0.83,53,10,0.92,47,6,0.55,60.00,0,0.00,0,0,0,0.00,0,0,0.00,58,0.00,0,N/A,N/A,N/A,N/A,0.00,0,0.00,0,0.18,0.00,0,78.56,20.00,31,76,0.19,0.28,3,58,73,0,0,0,0.19,0.28,3,63,107.61,1.19,1.75,19,0,0.00,0.00,99,0.00,0,0,0,0.00,0.00,0,0.00,0.00,0.00,0.00,0,0,0.00,48,38,38,48,58,1.05,45,0.07,0.10,0.18,38,0.01,0.02,51,14,0.88,1.29,2.03,1.38,80,22,0.02,37,37,67,71,0,45,55,0,0.00,99,12,0.00,1.11,8.01,5.44,87,47,46,37,4.33,2.94,54.02,3,0.28,72,0,31.58,0,0.00,99,6,0.38,0.55,71,38,74,83,0,0,0,0,0,34,48,65,59,0,99,29,15,93,6,35,92,26,0,0
Edison Custodio dos Santos,25,972370800,2000/10/24,Serie B,2023,Forward,Sport Recife,225,65,160,Brazil,4,1,3,0,0,0,0,0,0,0,0,0,0,0,4,1,3,0,0,0,0,0,0,0,0,1.6,56,56,0,0,0,-1,-1,-1,20,0,0.00,0,51,0.00,0.00,0,0,0.00,0,0,0.00,0,0.00,0.00,0.00,0,0.00,0.00,0.00,0.00,0,0.00,0.00,0.00,0.00,0.00,0.00,0.00,0.00,0.00,0.00,0.00,0.00,0.00,0.00,0.00,0.00,0.00,0.00,0.00,0,0,,0,0.00,9,0,0.00,21,0,0.00,10,8,1,3,4,0.00,99,0,0,0.00,9,0,32,0.00,14,0,0.00,99,0,0.00,0,0,0.00,0,0.00,6,0,0.00,8,0,0.00,0.00,0,0.00,0,0,0,0.00,0,0,0.00,2,0.00,0,N/A,N/A,N/A,N/A,0.00,0,0.00,0,0.00,0.00,0,0.00,0.00,21,99,0.00,0.00,0,12,12,0,0,0,0.00,0.00,0,20,0.00,0.00,0.00,0,0,0.00,0.00,99,0.00,0,0,0,0.00,0.00,0,0.00,0.00,0.00,0.00,0,0,0.00,48,0,0,48,2,0.00,0,0.00,0.00,0.00,14,0.00,0.00,1,0,0.00,0.00,0.00,0.00,4,0,0.00,13,0,2,71,0,45,2,0,0.00,99,0,0.00,0.00,0.00,0.00,0,0,0,0,0.00,0.00,0.00,0,0.00,99,0,0.00,0,0.00,99,0,0.00,0.00,32,3,30,99,0,0,0,0,0,34,48,65,59,0,99,1,8,8,0,0,10,20,0,0
Ednei Barbosa de Souza,35,647161200,1990/07/05,Serie B,2023,Defender,Tombense,656,296,360,Brazil,8,4,4,0,0,0,1,0,1,0,0,2,1,1,5,2,3,1,0,0.14,0.14,0,0,0,0,0.69,131,82,656,656,0.14,297,108,50,21,0,7.04,0.12,83,49.53,45.12,87,361,35.38,283,52,38.83,83,0.00,0.00,0.12,1,0.00,0.12,0.82,0.75,6,0.00,0.00,0.00,0.00,0.00,1.12,0.12,0.00,0.00,0.41,0.38,0.38,0.00,0.00,0.01,0.00,1.75,0.00,0.00,0,0,,3,0.38,27,0,0.00,21,3,0.41,45,3,0,8,34,0.00,99,0,9,1.23,76,1,32,0.14,24,0,0.00,99,0,0.00,0,0,0.00,0,0.14,13,3,0.41,27,1,0.14,33.33,0,0.00,0,0,0,0.00,0,0,0.00,78,0.00,0,N/A,N/A,N/A,N/A,0.00,0,0.00,0,0.09,0.00,0,78.39,0.00,21,89,0.12,0.14,1,20,22,0,0,0,0.88,0.96,7,95,56.29,3.75,4.12,30,0,0.00,0.00,99,0.00,0,0,0,0.00,0.00,0,0.00,0.00,0.00,0.00,0,0,0.00,48,20,6,48,79,1.20,76,0.15,0.16,0.09,27,0.01,0.01,21,4,0.50,0.55,1.10,1.00,33,8,0.01,26,90,91,71,0,45,82,0,0.00,99,14,0.00,1.92,5.21,4.75,38,25,26,12,3.43,3.12,65.79,0,0.00,99,0,0.00,0,0.00,99,0,0.00,0.00,32,28,19,70,0,0,0,0,0,58,48,65,59,0,99,22,85,24,1,12,41,3,0,0
Edson Guilherme Mendes dos Santos,28,867999600,1997/07/04,Serie B,2023,Forward,Botafogo SP,824,357,467,Brazil,29,13,16,1,0,1,0,0,0,0,0,10,6,4,9,2,7,3,0,0.11,0,0.11,0,0.19,824,0.98,92,28,275,0,0.33,176,515,-1,14,0,6.60,0,51,19.66,6.21,12,180,4.17,121,8,13.22,10,0.00,0.00,0.17,5,0.00,0.76,1.86,0.59,17,0.00,0.38,0.00,0.00,0.00,0.10,0.62,0.00,19.00,2.08,0.52,1.21,0.00,0.14,0.04,0.00,0.72,0.00,0.00,0,0,,19,0.66,94,4,0.44,66,15,1.64,98,1,25,4,83,0.00,99,0,3,0.33,28,22,73,2.40,71,0,0.00,99,0,0.00,0,0,0.00,0,0.55,35,35,3.82,96,18,1.97,51.43,0,0.00,0,0,0,0.00,0,0,0.00,38,0.00,0,N/A,N/A,N/A,N/A,0.00,0,0.00,0,1.25,0.00,0,67.22,21.05,32,3,0.45,1.42,13,97,56,0,0,0,0.03,0.11,1,34,191.26,0.21,0.66,6,0,0.00,0.00,99,0.00,0,0,0,0.00,0.00,0,0.00,0.00,0.33,0.10,3,0,5.26,53,29,75,82,39,0.42,10,0.01,0.05,1.25,78,0.04,0.14,86,22,0.76,2.40,3.17,1.00,99,29,0.14,76,18,29,71,0,86,90,0,0.00,99,21,0.00,2.29,18.57,5.86,170,78,99,99,8.52,2.69,45.88,11,1.20,18,0,27.27,0,0.00,99,6,0.21,0.66,75,8,99,33,0,0,0,0,0,52,68,82,59,0,99,45,44,66,3,10,33,19,0,0
Edson Lucas Pereira,25,964940400,2000/07/30,Serie B,2023,Defender,Vitória,561,293,268,Brazil,8,4,4,0,0,0,1,1,0,0,0,5,3,2,1,0,1,0,0,0.16,0.16,0,0,0,0,0.16,561,70,0,561,0,311,80,2,21,0,0.00,0,87,0.00,0.00,0,0,0.00,0,0,0.00,0,0.00,0.00,0.00,0,0.00,0.00,0.00,0.00,0,0.00,0.00,0.00,0.00,0.00,0.00,0.00,0.00,0.00,0.00,0.00,0.00,0.00,0.00,0.00,0.00,0.00,0.00,0.00,0,0,,0,0.00,9,0,0.00,21,0,0.00,10,4,1,6,4,0.00,99,0,0,0.00,9,0,32,0.00,14,0,0.00,99,0,0.00,0,0,0.00,0,0.00,6,0,0.00,8,0,0.00,0.00,0,0.00,0,0,0,0.00,0,0,0.00,99,0.00,0,N/A,N/A,N/A,N/A,0.00,0,0.00,0,0.00,0.00,0,0.00,0.00,21,99,0.00,0.00,0,12,12,0,0,0,0.00,0.00,0,20,0.00,0.00,0.00,0,0,0.00,0.00,99,0.00,0,0,0,0.00,0.00,0,0.00,0.00,0.00,0.00,0,0,0.00,48,13,6,48,99,0.00,0,0.00,0.00,0.00,14,0.00,0.00,1,0,0.00,0.00,0.00,0.00,4,0,0.00,13,0,2,71,0,45,2,0,0.00,99,0,0.00,0.00,0.00,0.00,0,0,0,0,0.00,0.00,0.00,0,0.00,99,0,0.00,0,0.00,99,0,0.00,0.00,32,17,30,83,0,0,0,0,0,62,48,65,59,0,99,98,8,8,0,0,10,6,0,0
Edson Rogério Gomes de Moraes Júnior,23,1030086000,2002/08/23,Serie B,2023,Midfielder,Ponte Preta,1206,665,541,Brazil,16,9,7,0,0,0,0,0,0,0,0,7,5,2,11,4,7,4,0,0,0,0,0,0,0,0.82,110,75,302,0,0.3,472,456,-1,34,0,0.00,0,51,0.00,0.00,0,0,0.00,0,0,0.00,0,0.00,0.00,0.00,0,0.00,0.00,0.00,0.00,0,0.00,0.00,0.00,0.00,0.00,0.00,0.00,0.00,0.00,0.00,0.00,0.00,0.00,0.00,0.00,0.00,0.00,0.00,0.00,0,0,,0,0.00,9,0,0.00,21,0,0.00,10,1,2,14,4,0.00,99,0,0,0.00,9,0,32,0.00,14,0,0.00,99,0,0.00,0,0,0.00,0,0.00,6,0,0.00,8,0,0.00,0.00,0,0.00,0,0,0,0.00,0,0,0.00,60,0.00,0,N/A,N/A,N/A,N/A,0.00,0,0.00,0,0.00,0.00,0,0.00,0.00,21,99,0.00,0.00,0,12,12,0,0,0,0.00,0.00,0,20,0.00,0.00,0.00,0,0,0.00,0.00,99,0.00,0,0,0,0.00,0.00,0,0.00,0.00,0.00,0.00,0,0,0.00,48,48,34,48,60,0.00,0,0.00,0.00,0.00,14,0.00,0.00,1,0,0.00,0.00,0.00,0.00,4,0,0.00,13,0,2,71,0,45,2,0,0.00,99,0,0.00,0.00,0.00,0.00,0,0,0,0,0.00,0.00,0.00,0,0.00,99,0,0.00,0,0.00,99,0,0.00,0.00,32,52,39,33,0,0,0,0,0,34,48,65,59,0,99,81,50,59,4,0,10,3,0,0
Eduardo Barbosa Hatamoto,22,1060153200,2003/08/06,Serie B,2023,Forward,Ponte Preta,398,116,282,Brazil,11,6,5,0,0,0,0,0,0,0,0,6,4,2,1,0,1,0,0,0,0,0,0,0,0,0.23,398,36,0,0,0,460,461,-1,23,0,0.00,0,51,0.00,0.00,0,0,0.00,0,0,0.00,0,0.00,0.00,0.00,0,0.00,0.00,0.00,0.00,0,0.00,0.00,0.00,0.00,0.00,0.00,0.00,0.00,0.00,0.00,0.00,0.00,0.00,0.00,0.00,0.00,0.00,0.00,0.00,0,0,,0,0.00,9,0,0.00,21,0,0.00,10,1,6,5,4,0.00,99,0,0,0.00,9,0,32,0.00,14,0,0.00,99,0,0.00,0,0,0.00,0,0.00,6,0,0.00,8,0,0.00,0.00,0,0.00,0,0,0,0.00,0,0,0.00,99,0.00,0,N/A,N/A,N/A,N/A,0.00,0,0.00,0,0.00,0.00,0,0.00,0.00,21,99,0.00,0.00,0,12,12,0,0,0,0.00,0.00,0,20,0.00,0.00,0.00,0,0,0.00,0.00,99,0.00,0,0,0,0.00,0.00,0,0.00,0.00,0.00,0.00,0,0,0.00,48,2,15,48,99,0.00,0,0.00,0.00,0.00,14,0.00,0.00,1,0,0.00,0.00,0.00,0.00,4,0,0.00,13,0,2,71,0,45,2,0,0.00,99,0,0.00,0.00,0.00,0.00,0,0,0,0,0.00,0.00,0.00,0,0.00,99,0,0.00,0,0.00,99,0,0.00,0.00,32,11,70,33,0,0,0,0,0,34,48,65,59,0,99,95,8,8,0,0,10,7,0,0
Eduardo da Silva Processo,24,1021532400,2002/05/16,Serie B,2023,Midfielder,Ponte Preta,0,0,0,Brazil,0,0,0,0,0,0,0,0,0,0,0,0,0,0,0,0,0,0,0,0,0,0,0,0,0,0,0,0,0,0,0,-1,-1,-1,-1,N/A,N/A,N/A,N/A,N/A,N/A,N/A,N/A,N/A,N/A,N/A,N/A,N/A,N/A,N/A,N/A,N/A,N/A,N/A,N/A,N/A,N/A,N/A,N/A,N/A,N/A,N/A,N/A,N/A,N/A,N/A,N/A,N/A,N/A,N/A,N/A,N/A,N/A,N/A,N/A,N/A,N/A,N/A,N/A,N/A,N/A,N/A,N/A,N/A,N/A,N/A,N/A,N/A,N/A,N/A,N/A,N/A,N/A,N/A,N/A,N/A,N/A,N/A,N/A,N/A,N/A,N/A,N/A,N/A,N/A,N/A,N/A,N/A,N/A,N/A,N/A,N/A,N/A,N/A,N/A,N/A,N/A,N/A,N/A,N/A,N/A,N/A,N/A,N/A,N/A,N/A,N/A,N/A,N/A,N/A,N/A,N/A,N/A,N/A,N/A,N/A,N/A,N/A,N/A,N/A,N/A,N/A,N/A,N/A,N/A,N/A,N/A,N/A,N/A,N/A,N/A,N/A,N/A,N/A,N/A,N/A,N/A,N/A,N/A,N/A,N/A,N/A,N/A,N/A,N/A,N/A,N/A,N/A,N/A,N/A,N/A,N/A,N/A,N/A,N/A,N/A,N/A,N/A,N/A,N/A,N/A,N/A,N/A,N/A,N/A,N/A,N/A,N/A,N/A,N/A,N/A,N/A,N/A,N/A,N/A,N/A,N/A,N/A,N/A,N/A,N/A,N/A,N/A,N/A,N/A,N/A,N/A,N/A,N/A,N/A,N/A,N/A,N/A,N/A,N/A,N/A,N/A,N/A,N/A,N/A,N/A,N/A,N/A,N/A,N/A,N/A,N/A,N/A,N/A,N/A,N/A,N/A,N/A,N/A,N/A,N/A,N/A,N/A,N/A,N/A,N/A,N/A,N/A,N/A,N/A,N/A,N/A,N/A,N/A,N/A,N/A,N/A,N/A,N/A,N/A,N/A,N/A,N/A,N/A
Eduardo de Queiroz Melo,25,989737200,2001/05/13,Serie B,2023,Forward,Criciúma,0,0,0,Brazil,0,0,0,0,0,0,0,0,0,0,0,0,0,0,0,0,0,0,0,0,0,0,0,0,0,0,0,0,0,0,0,-1,-1,-1,-1,N/A,N/A,N/A,N/A,N/A,N/A,N/A,N/A,N/A,N/A,N/A,N/A,N/A,N/A,N/A,N/A,N/A,N/A,N/A,N/A,N/A,N/A,N/A,N/A,N/A,N/A,N/A,N/A,N/A,N/A,N/A,N/A,N/A,N/A,N/A,N/A,N/A,N/A,N/A,N/A,N/A,N/A,N/A,N/A,N/A,N/A,N/A,N/A,N/A,N/A,N/A,N/A,N/A,N/A,N/A,N/A,N/A,N/A,N/A,N/A,N/A,N/A,N/A,N/A,N/A,N/A,N/A,N/A,N/A,N/A,N/A,N/A,N/A,N/A,N/A,N/A,N/A,N/A,N/A,N/A,N/A,N/A,N/A,N/A,N/A,N/A,N/A,N/A,N/A,N/A,N/A,N/A,N/A,N/A,N/A,N/A,N/A,N/A,N/A,N/A,N/A,N/A,N/A,N/A,N/A,N/A,N/A,N/A,N/A,N/A,N/A,N/A,N/A,N/A,N/A,N/A,N/A,N/A,N/A,N/A,N/A,N/A,N/A,N/A,N/A,N/A,N/A,N/A,N/A,N/A,N/A,N/A,N/A,N/A,N/A,N/A,N/A,N/A,N/A,N/A,N/A,N/A,N/A,N/A,N/A,N/A,N/A,N/A,N/A,N/A,N/A,N/A,N/A,N/A,N/A,N/A,N/A,N/A,N/A,N/A,N/A,N/A,N/A,N/A,N/A,N/A,N/A,N/A,N/A,N/A,N/A,N/A,N/A,N/A,N/A,N/A,N/A,N/A,N/A,N/A,N/A,N/A,N/A,N/A,N/A,N/A,N/A,N/A,N/A,N/A,N/A,N/A,N/A,N/A,N/A,N/A,N/A,N/A,N/A,N/A,N/A,N/A,N/A,N/A,N/A,N/A,N/A,N/A,N/A,N/A,N/A,N/A,N/A,N/A,N/A,N/A,N/A,N/A,N/A,N/A,N/A,N/A,N/A,N/A
Eduardo Jacinto de Biasi,29,852796800,1997/01/09,Serie B,2023,Midfielder,Avaí,1415,719,696,Brazil,19,10,9,2,0,2,0,0,0,0,0,6,3,3,18,10,8,8,1,0.13,0,0.13,0,0.26,708,1.14,79,74,177,0,0.51,153,418,-1,7,0,6.82,0,51,36.45,30.16,52,573,24.84,472,77,30.02,58,0.00,0.00,0.47,9,0.00,0.63,2.86,2.37,45,0.00,1.26,0.00,0.00,0.00,0.79,0.95,0.00,5.50,0.70,0.42,1.58,0.00,0.16,0.08,0.00,0.79,0.00,0.00,0,0,,11,0.58,49,3,0.19,43,8,0.51,55,1,1,18,97,0.00,99,0,15,0.95,60,12,67,0.76,48,0,0.00,99,0,0.00,0,0,0.00,0,0.57,37,30,1.91,80,18,1.14,60.00,0,0.00,0,0,0,0.00,0,0,0.00,22,0.00,0,N/A,N/A,N/A,N/A,0.00,0,0.00,0,1.60,0.00,0,82.37,27.27,38,15,0.84,1.02,16,87,73,0,0,0,0.05,0.06,1,25,129.63,0.53,0.64,10,0,0.00,0.00,99,0.00,0,0,1,0.05,0.06,0,0.00,0.00,0.00,0.00,0,1,18.18,88,58,46,78,22,1.44,36,0.08,0.09,1.60,68,0.08,0.10,79,33,1.74,2.10,2.54,2.11,92,40,0.10,65,54,27,84,0,45,45,0,0.00,99,15,0.00,0.95,13.36,11.05,210,111,94,91,7.06,5.84,52.86,24,1.53,9,0,25.00,0,0.00,99,3,0.16,0.19,52,63,30,33,0,0,0,0,0,54,72,87,59,0,99,38,20,88,7,37,94,8,0,0
Eduardo Luiz Person,29,854092800,1997/01/24,Serie B,2023,Midfielder,Ituano,1398,749,649,Brazil,21,12,9,2,1,1,3,2,1,0,0,8,5,3,11,4,7,4,0,0.32,0.19,0.13,0.12,0.14,699,0.71,127,67,350,466,0.26,155,59,-1,7,0,6.97,0.14,91,29.37,21.85,37,437,15.40,308,14,20.70,32,0.00,0.00,1.85,37,0.00,5.10,0.60,0.45,9,0.00,1.60,0.00,0.00,0.00,0.10,0.40,0.00,4.00,0.54,0.20,0.80,0.00,0.20,0.08,0.00,0.20,0.00,0.00,0,0,,8,0.40,39,4,0.27,53,4,0.27,27,3,4,16,21,0.00,99,0,2,0.13,13,102,60,6.86,98,0,0.00,99,0,0.00,0,0,0.00,0,2.49,97,16,1.08,56,8,0.54,50.00,0,0.00,0,0,0,0.00,0,0,0.00,74,0.00,0,N/A,N/A,N/A,N/A,0.00,0,0.00,0,1.56,0.00,0,70.48,50.00,83,31,0.55,0.74,11,58,55,0,0,0,0.05,0.07,1,27,139.39,0.20,0.27,4,0,0.00,0.00,99,0.00,0,0,0,0.00,0.00,0,0.00,0.00,0.00,0.00,0,0,25.00,94,57,51,78,74,3.67,95,0.18,0.25,1.56,68,0.08,0.10,94,43,2.15,2.89,1.21,0.90,38,18,0.10,65,82,11,71,0,45,11,0,0.00,99,4,0.00,0.27,9.34,6.95,139,64,45,55,4.30,3.20,46.04,32,2.15,2,0,23.53,0,0.00,99,24,1.20,1.61,96,58,56,70,0,0,0,0,0,84,72,77,69,0,99,59,56,53,4,19,61,10,0,0
Eduardo Marcelo Rodrigues Nunes,26,928566000,1999/06/05,Serie B,2023,Midfielder,Vitória,1669,777,892,Brazil,20,9,11,0,0,0,1,0,1,0,0,11,8,3,18,1,17,10,0,0.05,0.05,0,0,0,0,0.97,93,83,167,1669,0.54,368,222,-1,17,0,6.84,0.05,60,44.41,41.37,77,786,33.42,635,67,35.88,76,0.00,0.00,0.89,17,0.00,0.47,3.33,3.11,59,0.00,1.37,0.00,0.00,0.00,0.95,0.95,0.00,0.00,0.45,0.42,1.84,0.00,0.00,0.01,0.00,0.95,0.00,0.00,0,0,,8,0.42,31,0,0.00,21,8,0.45,49,3,1,18,99,0.00,99,0,18,1.02,64,9,86,0.51,43,0,0.00,99,0,0.00,0,0,0.00,0,0.96,60,35,1.98,82,18,1.02,51.43,0,0.00,0,0,0,0.00,0,0,0.00,40,0.00,0,N/A,N/A,N/A,N/A,0.00,0,0.00,0,0.23,0.00,0,80.79,0.00,21,1,1.84,1.98,35,83,56,0,0,0,0.74,0.79,14,91,129.97,1.16,1.24,22,0,0.00,0.00,99,0.00,0,0,1,0.05,0.06,0,0.00,0.00,0.00,0.00,0,0,0.00,48,65,49,48,40,2.38,61,0.13,0.13,0.23,27,0.01,0.01,84,41,2.16,2.32,3.11,2.89,98,55,0.01,26,59,53,84,0,45,49,0,0.00,99,18,0.00,1.02,15.65,14.58,277,136,98,97,7.68,7.16,49.10,26,1.47,11,0,33.33,0,0.00,99,3,0.16,0.17,50,63,30,70,0,0,0,0,0,38,48,65,59,0,99,95,16,92,10,50,99,5,0,0
Eduardo Vinicius Domachowski,27,904374000,1998/08/29,Serie B,2023,Defender,Vila Nova,3057,1464,1593,Brazil,35,17,18,2,2,0,0,0,0,0,0,13,8,5,21,6,15,11,0,0.06,0,0.06,0.12,0,1529,0.62,146,87,278,0,0.32,239,442,28,9,0,6.87,0,51,46.22,44.79,81,1478,36.39,1201,69,37.56,79,0.00,0.00,0.39,13,0.00,0.18,0.88,0.85,28,0.00,0.21,0.00,0.00,0.00,0.85,0.03,0.00,9.50,0.59,0.33,0.09,0.00,0.24,0.06,0.00,2.45,0.00,0.00,0,0,,19,0.58,43,8,0.25,52,11,0.34,36,1,0,33,37,0.00,99,0,28,0.88,56,6,44,0.19,27,0,0.00,99,0,0.00,0,0,0.00,0,0.41,29,3,0.09,12,1,0.03,33.33,0,0.00,0,0,0,0.00,0,0,0.00,87,0.00,0,N/A,N/A,N/A,N/A,0.00,0,0.00,0,1.90,0.00,0,81.26,42.11,62,56,0.45,0.47,15,13,22,0,0,0,0.30,0.31,10,67,226.66,4.21,4.35,139,2,0.00,0.06,8,0.06,0,0,0,0.00,0.00,0,0.00,0.00,0.03,0.03,1,0,10.53,69,96,95,93,88,3.02,36,0.09,0.09,1.90,56,0.06,0.06,8,7,0.21,0.22,1.16,1.12,36,37,0.06,54,63,92,71,0,46,92,0,0.00,99,81,0.00,2.53,6.75,6.55,216,117,29,24,3.66,3.55,54.17,7,0.22,74,0,16.67,0,0.00,99,1,0.03,0.03,33,94,19,33,0,0,0,0,0,40,56,65,69,0,99,54,45,63,11,31,88,3,0,0
Egídio de Araujo Pereira Júnior,39,519289200,1986/06/16,Serie B,2023,Defender,Tombense,2382,1236,1146,Brazil,33,18,15,1,1,0,5,4,1,0,0,3,3,0,35,13,22,8,0,0.23,0.19,0.04,0.07,0,2382,1.32,68,72,298,476,0.3,260,61,193,12,0,6.94,0.15,91,41.90,33.34,70,1067,25.44,814,41,31.96,63,0.00,0.00,1.53,49,0.00,5.75,1.49,1.19,38,0.00,0.41,0.00,0.00,0.00,1.16,0.53,0.00,9.00,0.35,0.16,0.97,0.00,0.12,0.03,0.00,0.56,0.00,0.00,0,0,,9,0.28,23,4,0.16,38,5,0.20,20,3,8,24,65,0.00,99,0,37,1.45,86,184,53,7.23,99,0,0.00,99,0,0.00,0,0,0.00,0,1.92,92,31,1.22,62,17,0.67,54.84,0,0.00,0,0,0,0.00,0,0,0.00,11,0.00,0,N/A,N/A,N/A,N/A,0.00,0,0.00,0,0.93,0.00,0,76.29,44.44,69,17,0.78,0.98,25,67,62,0,0,0,0.06,0.08,2,29,222.20,1.53,1.92,49,1,0.00,0.04,12,0.03,0,0,0,0.00,0.00,0,0.00,0.00,0.04,0.03,1,0,11.11,72,84,90,98,11,6.43,95,0.20,0.25,0.93,49,0.03,0.04,33,19,0.59,0.75,1.26,1.00,40,32,0.04,47,78,71,71,0,50,34,0,0.00,99,18,0.00,0.71,7.38,5.88,188,92,28,32,3.61,2.88,48.94,13,0.51,57,0,21.20,0,0.00,99,39,1.22,1.53,95,78,79,70,0,0,0,0,0,74,52,65,62,0,99,2,49,59,7,21,67,16,0,0
Eliel Chrystian Pereira Silva,23,1043568000,2003/01/26,Serie B,2023,Forward,Ponte Preta,1963,1051,912,Brazil,31,16,15,4,1,3,1,1,0,0,0,14,9,5,17,6,11,1,0,0.23,0.05,0.18,0.09,0.3,491,0.78,115,63,1963,1963,0.05,111,226,-1,2,0,0.00,0,60,0.00,0.00,0,0,0.00,0,0,0.00,0,0.00,0.00,0.00,0,0.00,0.00,0.00,0.00,0,0.00,0.00,0.00,0.00,0.00,0.00,0.00,0.00,0.00,0.00,0.00,0.00,0.00,0.00,0.00,0.00,0.00,0.00,0.00,0,0,,0,0.00,9,0,0.00,21,0,0.00,10,2,7,24,4,0.00,99,0,0,0.00,9,0,32,0.00,14,0,0.00,99,0,0.00,0,0,0.00,0,0.00,6,0,0.00,8,0,0.00,0.00,0,0.00,0,0,0,0.00,0,0,0.00,65,0.00,0,N/A,N/A,N/A,N/A,0.00,0,0.00,0,0.00,0.00,0,0.00,0.00,21,99,0.00,0.00,0,12,12,0,0,0,0.00,0.00,0,20,0.00,0.00,0.00,0,0,0.00,0.00,99,0.00,0,0,0,0.00,0.00,0,0.00,0.00,0.00,0.00,0,0,0.00,48,72,83,68,65,0.00,0,0.00,0.00,0.00,14,0.00,0.00,1,0,0.00,0.00,0.00,0.00,4,0,0.00,13,0,2,71,0,45,2,0,0.00,99,0,0.00,0.00,0.00,0.00,0,0,0,0,0.00,0.00,0.00,0,0.00,99,0,0.00,0,0.00,99,0,0.00,0.00,32,78,74,53,0,0,0,0,0,74,81,90,66,0,99,83,99,10,1,0,10,9,0,0
Eliel da Silva,24,1005897600,2001/11/16,Serie B,2023,Defender,Guarani,44,44,0,Brazil,1,1,0,0,0,0,0,0,0,0,0,0,0,0,1,1,0,0,0,0,0,0,0,0,0,2.05,44,44,0,0,0,-1,-1,-1,16,0,7.12,0,51,53.18,26.00,93,26,20.00,20,44,40.91,86,0.00,0.00,0.00,0,0.00,1.00,10.23,5.00,5,0.00,0.00,0.00,0.00,0.00,0.00,0.00,0.00,0.00,0.00,0.00,0.00,0.00,0.00,0.00,0.00,1.00,0.00,0.00,0,0,,0,0.00,9,0,0.00,21,0,0.00,10,0,1,0,99,0.00,99,0,0,0.00,9,1,32,2.05,67,0,0.00,99,0,0.00,0,0,0.00,0,0.00,6,0,0.00,8,0,0.00,0.00,0,0.00,0,0,0,0.00,0,0,0.00,0,0.00,0,N/A,N/A,N/A,N/A,0.00,0,0.00,0,0.00,0.00,0,76.92,0.00,21,1,1.00,2.05,1,12,12,0,0,0,0.00,0.00,0,20,7.12,0.00,0.00,0,0,0.00,0.00,99,0.00,0,0,0,0.00,0.00,0,0.00,0.00,0.00,0.00,0,0,0.00,48,0,0,48,1,0.04,27,0.04,0.08,0.00,14,0.00,0.00,99,3,3.00,6.14,0.00,0.00,4,0,0.00,13,93,2,71,0,45,85,0,0.00,99,1,0.00,2.05,22.50,11.00,11,9,99,99,18.41,9.00,81.82,0,0.00,99,0,0.00,0,0.00,99,0,0.00,0.00,32,0,30,9,0,0,0,0,0,34,48,65,59,0,99,1,8,8,0,0,10,15,0,0
Elierce Barbosa de Souza,38,573811200,1988/03/08,Serie B,2023,Midfielder,Ponte Preta,162,46,116,Brazil,3,1,2,0,0,0,0,0,0,0,0,0,0,0,2,1,1,0,0,0,0,0,0,0,0,1.11,81,54,0,0,0,-1,-1,-1,17,0,6.86,0,51,55.56,33.33,96,100,25.33,76,39,42.22,89,0.00,0.00,0.67,2,0.00,2.33,1.67,1.00,3,0.00,0.67,0.00,0.00,0.00,0.33,0.33,0.00,0.00,1.67,0.67,0.33,0.00,0.33,0.04,0.00,0.67,0.00,0.00,0,0,,3,1.00,82,1,0.56,73,2,1.11,90,6,0,3,74,0.00,99,0,1,0.56,39,7,32,3.89,88,0,0.00,99,0,0.00,0,0,0.00,0,1.11,67,1,0.56,33,1,0.56,100.00,0,0.00,0,0,0,0.00,0,0,0.00,25,0.00,0,N/A,N/A,N/A,N/A,0.00,0,0.00,0,0.12,0.00,0,76.00,33.33,49,2,1.00,1.67,3,59,99,0,0,0,0.00,0.00,0,20,20.59,1.67,2.78,5,0,0.00,0.00,99,0.00,0,0,0,0.00,0.00,0,0.00,0.00,0.00,0.00,0,0,0.00,48,0,0,48,25,0.28,76,0.09,0.16,0.12,60,0.04,0.07,45,2,0.67,1.11,1.11,0.67,34,2,0.07,58,62,82,71,0,45,55,0,0.00,99,2,0.00,1.11,8.33,5.00,15,8,50,39,4.44,2.67,53.33,2,1.11,22,0,0.00,0,0.00,99,0,0.00,0.00,32,3,19,94,0,0,0,0,0,34,48,65,59,0,99,1,8,8,0,0,10,18,0,0
Eloir Silva Moreira,38,557996400,1987/09/07,Serie B,2023,Midfielder,Sampaio Corrêa,622,404,218,Brazil,18,10,8,1,1,0,0,0,0,1,0,7,6,1,7,2,5,4,0,0.14,0,0.14,0.22,0,622,1.01,89,35,156,0,0.58,145,403,-1,7,0,6.69,0,51,46.41,17.47,82,297,13.47,229,46,35.78,75,0.00,0.00,0.18,3,0.00,0.35,2.34,0.88,15,0.00,0.35,0.00,0.00,0.00,0.35,0.35,0.00,3.00,0.47,0.12,0.59,0.00,0.06,0.04,0.00,0.65,0.00,0.00,0,0,,3,0.18,33,1,0.16,38,2,0.31,31,1,12,5,93,0.00,99,0,6,0.94,59,6,44,0.94,51,0,0.00,99,0,0.00,0,0,0.00,0,0.47,32,10,1.56,72,6,0.94,60.00,0,0.00,0,0,0,0.00,0,0,0.00,35,0.00,0,N/A,N/A,N/A,N/A,0.00,0,0.00,0,0.72,0.00,0,77.10,33.33,49,43,0.24,0.62,4,80,73,1,0,0,0.00,0.00,0,20,113.71,0.41,1.09,7,0,0.00,0.00,99,0.00,0,1,0,0.00,0.00,0,0.00,0.00,0.00,0.00,0,0,33.33,98,17,41,75,35,0.62,45,0.04,0.10,0.02,14,0.00,0.00,56,9,0.53,1.41,2.50,0.94,91,16,0.11,67,26,49,71,0,45,76,0,0.00,99,11,0.00,1.72,13.44,5.06,86,41,90,91,6.41,2.41,47.67,6,0.94,28,0,16.67,0,0.00,99,1,0.06,0.16,49,11,90,33,0,0,0,0,0,58,74,65,82,0,99,62,14,94,2,11,37,15,0,0
Elton Junior Melo Ataíde,36,637660800,1990/03/17,Serie B,2023,Midfielder,Tombense,75,12,63,Brazil,2,1,1,0,0,0,0,0,0,0,0,1,1,0,3,0,3,0,0,0,0,0,0,0,0,3.6,25,38,0,0,0,-1,-1,-1,25,0,6.64,0,51,50.40,21.00,88,42,19.50,39,99,46.80,97,0.00,0.00,0.50,1,0.00,0.00,0.00,0.00,0,0.00,0.00,0.00,0.00,0.00,0.00,0.00,0.00,0.00,0.00,0.00,0.00,0.00,0.00,0.00,0.00,0.50,0.00,0.00,0,0,,0,0.00,9,0,0.00,21,0,0.00,10,1,1,1,4,0.00,99,0,0,0.00,9,0,32,0.00,14,0,0.00,99,0,0.00,0,0,0.00,0,1.20,72,0,0.00,8,0,0.00,0.00,0,0.00,0,0,0,0.00,0,0,0.00,0,0.00,0,N/A,N/A,N/A,N/A,0.00,0,0.00,0,0.00,0.00,0,92.86,0.00,21,99,0.00,0.00,0,12,12,0,0,0,0.00,0.00,0,20,13.28,0.00,0.00,0,0,0.00,0.00,99,0.00,0,0,0,0.00,0.00,0,0.00,0.00,0.00,0.00,0,0,0.00,48,0,0,48,0,0.13,76,0.07,0.16,0.00,14,0.00,0.00,49,1,0.50,1.20,2.40,1.00,89,2,0.00,13,21,2,71,0,45,58,0,0.00,99,1,0.00,1.20,4.80,2.00,4,2,10,10,2.40,1.00,50.00,0,0.00,99,0,0.00,0,0.00,99,0,0.00,0.00,32,0,30,33,0,0,0,0,0,34,48,65,59,0,99,92,8,8,0,0,10,15,0,0
Elton Rodrigues Brandão,40,491727600,1985/08/01,Serie B,2023,Forward,Juventude,73,25,48,Brazil,3,1,2,0,0,0,0,0,0,0,0,0,0,0,1,0,1,1,0,0,0,0,0,0,0,1.23,73,24,73,0,1.23,-1,-1,-1,34,0,6.75,0,51,14.65,3.50,4,7,3.00,6,92,12.56,9,0.00,0.00,1.00,2,0.00,0.00,0.00,0.00,0,0.00,0.00,0.00,0.00,0.00,0.00,0.00,0.00,0.00,4.19,1.00,0.00,0.00,0.00,0.04,0.00,0.00,0.00,0.00,0,0,,2,1.00,99,0,0.00,21,2,4.19,99,0,3,0,4,0.00,99,0,0,0.00,9,0,32,0.00,14,0,0.00,99,0,0.00,0,0,0.00,0,4.19,99,0,0.00,8,0,0.00,0.00,0,0.00,0,0,0,0.00,0,0,0.00,14,0.00,0,N/A,N/A,N/A,N/A,0.00,0,0.00,0,0.07,0.00,0,85.71,0.00,21,99,0.00,0.00,0,12,12,0,0,0,0.50,2.09,1,99,13.49,0.00,0.00,0,0,0.00,0.00,99,0.00,0,0,0,0.00,0.00,0,0.00,0.00,0.00,0.00,0,0,0.00,48,0,0,48,15,0.10,89,0.05,0.21,0.07,80,0.04,0.15,1,0,0.00,0.00,2.09,0.50,80,1,0.15,78,41,2,71,0,45,2,0,0.00,99,0,0.00,0.00,4.19,1.00,2,0,0,8,0.00,0.00,0.00,0,0.00,99,0,0.00,0,0.00,99,0,0.00,0.00,32,0,50,9,0,0,0,0,0,34,48,65,59,0,99,1,8,99,1,33,92,90,0,0
Elvis Vieira Araújo,35,652863600,1990/09/09,Serie B,2023,Midfielder,Ponte Preta,1630,876,754,Brazil,23,13,10,1,0,1,1,1,0,0,1,8,6,2,13,5,8,6,0,0.11,0.06,0.06,0,0.12,1630,0.72,125,71,272,1630,0.33,234,200,-1,13,0,7.02,0.04,63,37.75,29.36,57,646,21.64,476,26,27.82,52,0.00,0.00,1.73,38,0.00,4.32,0.76,0.59,13,0.00,0.55,0.00,0.00,0.00,0.14,0.41,0.00,16.00,0.94,0.41,0.59,0.00,0.32,0.05,0.00,0.36,0.00,0.00,0,0,,16,0.73,60,7,0.41,65,9,0.53,57,3,3,19,32,0.00,99,0,3,0.18,18,95,68,5.55,94,0,0.00,99,0,0.00,0,0,0.00,0,2.22,95,13,0.76,42,9,0.53,69.23,0,0.00,0,0,0,0.00,0,0,0.00,72,0.00,0,N/A,N/A,N/A,N/A,0.00,0,0.00,0,1.19,0.00,0,73.68,43.75,68,22,0.68,0.88,15,57,84,0,1,0,0.00,0.00,0,20,154.39,0.14,0.18,3,0,0.00,0.00,99,0.00,0,1,2,0.09,0.12,0,0.00,0.00,0.00,0.00,0,0,6.25,55,63,58,94,72,3.38,87,0.15,0.20,0.49,45,0.02,0.03,51,22,1.00,1.29,1.34,1.05,47,23,0.07,58,87,5,94,0,45,22,0,0.00,99,8,0.00,0.47,6.78,5.27,116,52,18,24,3.04,2.36,44.83,12,0.70,44,0,25.26,0,0.00,99,24,1.09,1.40,92,66,50,70,0,0,0,0,0,52,56,74,59,0,99,48,43,66,6,26,80,10,0,0
Emaxwell Souza de Lima,31,792489600,1995/02/11,Serie B,2023,Forward,Chapecoense,456,392,64,Brazil,12,9,3,1,1,0,2,2,0,0,0,1,1,0,3,2,1,3,0,0.59,0.39,0.2,0.23,0,456,0.59,152,38,152,228,0.59,94,4,-1,11,0,6.74,0.17,99,26.05,11.00,29,132,7.50,90,10,17.76,24,0.00,0.00,0.50,6,0.00,1.33,1.78,0.75,9,0.00,0.58,0.00,0.00,0.00,0.08,0.83,0.00,7.00,1.38,0.25,2.00,0.00,0.33,0.07,0.00,0.58,0.00,0.00,0,0,,7,0.58,73,4,0.79,84,3,0.59,63,1,9,3,78,0.00,99,0,1,0.20,20,16,37,3.16,80,0,0.00,99,0,0.00,0,0,0.00,0,1.18,72,24,4.74,99,10,1.97,41.67,0,0.00,0,0,0,0.00,0,0,0.00,91,0.00,0,N/A,N/A,N/A,N/A,0.00,0,0.00,0,0.89,0.00,0,68.18,57.14,90,1,0.92,2.17,11,97,35,0,0,0,0.00,0.00,0,20,80.89,0.25,0.59,3,0,0.00,0.00,99,0.00,0,0,0,0.00,0.00,0,0.00,0.00,0.20,0.08,1,1,14.29,79,6,20,65,90,1.57,98,0.13,0.31,0.89,86,0.07,0.18,99,19,1.58,3.75,2.17,0.92,83,11,0.18,84,40,25,71,0,78,63,0,0.00,99,7,0.00,1.38,17.76,7.50,90,45,99,99,8.88,3.75,50.00,7,1.38,12,0,12.50,0,0.00,99,2,0.17,0.39,63,3,83,33,0,0,0,0,0,98,84,65,84,0,99,2,14,94,3,25,79,11,0,0
Emerson Barbosa Rodrigues dos Santos,27,903423600,1998/08/18,Serie B,2023,Defender,Tombense,470,235,235,Brazil,8,4,4,0,0,0,0,0,0,0,0,2,0,2,6,5,1,1,0,0,0,0,0,0,0,1.15,78,59,470,0,0.19,334,323,170,26,0,7.00,0,51,41.55,27.12,69,217,21.75,174,64,33.32,68,0.00,0.00,0.75,6,0.00,3.50,2.87,1.88,15,0.00,0.25,0.00,0.00,0.00,0.88,1.12,0.00,0.00,0.77,0.25,1.38,0.00,0.25,0.02,0.00,1.38,0.00,0.00,0,0,,4,0.50,53,2,0.38,62,2,0.38,41,2,3,5,98,0.00,99,0,7,1.34,82,28,77,5.36,94,0,0.00,99,0,0.00,0,0,0.00,0,1.15,70,11,2.11,84,9,1.72,81.82,0,0.00,0,0,0,0.00,0,0,0.00,21,0.00,0,N/A,N/A,N/A,N/A,0.00,0,0.00,0,0.15,0.00,0,80.18,50.00,83,4,0.88,1.34,7,95,92,0,0,0,0.25,0.38,2,72,56.00,1.62,2.49,13,0,0.00,0.00,99,0.00,0,0,0,0.00,0.00,0,0.00,0.00,0.19,0.12,1,0,0.00,48,7,6,48,21,0.64,55,0.08,0.12,0.15,45,0.02,0.03,39,5,0.62,0.96,2.11,1.38,81,11,0.03,43,85,80,71,0,78,87,0,0.00,99,11,0.00,2.11,12.45,8.12,65,40,97,86,7.66,5.00,61.54,2,0.38,66,0,28.57,0,0.00,99,8,1.00,1.53,95,11,50,53,0,0,0,0,0,34,48,65,59,0,99,22,72,37,1,12,41,14,0,0
Emerson Gustavo Pinto dos Santos,34,699177600,1992/02/27,Serie B,2023,Midfielder,Juventude,248,99,149,Brazil,8,3,5,0,0,0,0,0,0,0,0,4,2,2,4,2,2,2,1,0,0,0,0,0,0,1.45,62,31,83,0,1.09,-1,-1,-1,35,0,6.52,0,51,34.90,13.57,49,95,11.29,79,81,29.02,55,0.00,0.00,0.29,2,0.00,0.71,2.20,0.86,6,0.00,0.57,0.00,0.00,0.00,0.14,0.29,0.00,0.00,2.20,0.71,0.29,0.00,0.14,0.03,0.00,0.71,0.00,0.00,0,0,,6,0.86,97,1,0.37,62,5,1.84,99,4,5,2,92,0.00,99,0,1,0.37,30,5,51,1.84,65,0,0.00,99,0,0.00,0,0,0.00,0,0.73,47,2,0.73,40,2,0.73,100.00,0,0.00,0,0,0,0.00,0,0,0.00,6,0.00,0,N/A,N/A,N/A,N/A,0.00,0,0.00,0,0.21,0.00,0,83.16,16.67,28,2,0.57,1.47,4,70,99,0,0,0,0.29,0.73,2,88,45.63,0.00,0.00,0,0,0.00,0.00,99,0.00,0,0,0,0.00,0.00,0,0.00,0.00,0.00,0.00,0,0,0.00,48,0,6,48,7,0.25,36,0.04,0.09,0.21,63,0.03,0.08,73,5,0.71,1.84,3.31,1.29,99,9,0.08,61,12,2,71,0,45,80,0,0.00,99,5,0.00,1.84,13.59,5.29,37,18,90,92,6.61,2.57,48.65,4,1.47,11,0,20.00,0,0.00,99,1,0.14,0.37,62,1,64,83,0,0,0,0,0,34,48,65,59,0,99,92,8,99,1,12,41,7,0,0
Emerson Lima Freitas,25,989737200,2001/05/13,Serie B,2023,Forward,Ituano,369,139,230,Brazil,12,5,7,0,0,0,0,0,0,0,0,5,4,1,1,0,1,3,0,0,0,0,0,0,0,0.24,369,31,123,0,0.73,287,354,-1,21,0,5.94,0,51,21.22,7.25,17,87,5.33,64,25,15.61,18,0.00,0.00,0.33,4,0.00,0.67,2.44,0.83,10,0.00,0.17,0.00,0.00,0.00,0.08,0.25,0.00,0.00,0.49,0.08,0.42,0.00,0.08,0.01,0.00,0.42,0.00,0.00,0,0,,2,0.17,35,1,0.24,50,1,0.24,25,2,9,3,94,0.00,99,0,1,0.24,23,8,67,1.95,67,0,0.00,99,0,0.00,0,0,0.00,0,0.98,62,5,1.22,62,3,0.73,60.00,0,0.00,0,0,0,0.00,0,0,0.00,99,0.00,0,N/A,N/A,N/A,N/A,0.00,0,0.00,0,0.08,0.00,0,73.56,50.00,83,0,0.83,2.44,10,70,73,0,0,0,0.08,0.24,1,58,71.34,0.33,0.98,4,0,0.00,0.00,99,0.00,0,0,0,0.00,0.00,0,0.00,0.00,0.49,0.17,2,0,0.00,48,1,20,48,99,0.27,19,0.02,0.07,0.08,38,0.01,0.02,76,8,0.67,1.95,5.37,1.83,99,22,0.02,37,2,42,71,0,92,59,0,0.00,99,5,0.00,1.22,17.07,5.83,70,26,89,98,6.34,2.17,37.14,2,0.49,58,0,25.00,0,0.00,99,2,0.17,0.49,68,3,83,53,0,0,0,0,0,34,48,65,59,0,99,74,10,98,3,25,79,21,0,0
Emerson Oliveira de Almeida,30,818323200,1995/12/07,Serie B,2023,Forward,Sampaio Corrêa,42,25,17,Brazil,5,3,2,0,0,0,0,0,0,0,0,2,1,1,0,0,0,1,1,0,0,0,0,0,0,0,0,8,21,0,4.29,-1,-1,-1,15,0,5.16,0,51,53.57,5.00,94,25,4.00,20,62,42.86,90,0.00,0.00,0.00,0,0.00,0.00,0.00,0.00,0,0.00,0.00,0.00,0.00,0.00,0.00,0.00,0.00,0.00,4.29,0.40,0.20,0.00,0.00,0.01,0.00,0.20,0.00,0.00,0,0,,2,0.40,99,0,0.00,21,2,4.29,99,0,5,0,4,0.00,99,0,0,0.00,9,0,32,0.00,14,0,0.00,99,0,0.00,0,0,0.00,0,0.00,6,1,2.14,84,0,0.00,0.00,0,0.00,0,0,0,0.00,0,0,0.00,99,0.00,0,N/A,N/A,N/A,N/A,0.00,0,0.00,0,0.06,0.00,0,80.00,0.00,21,99,0.00,0.00,0,12,12,0,0,0,0.00,0.00,0,20,25.78,0.00,0.00,0,0,0.00,0.00,99,0.00,0,0,0,0.00,0.00,0,0.00,0.00,0.00,0.00,0,0,0.00,48,0,1,48,0,0.05,50,0.01,0.11,0.06,76,0.01,0.13,80,1,0.20,2.14,2.14,0.20,82,1,0.13,73,0,2,71,0,45,87,0,0.00,99,1,0.00,2.14,8.57,0.80,4,2,45,43,4.29,0.40,50.00,0,0.00,99,0,0.00,0,0.00,99,0,0.00,0.00,32,0,64,9,0,0,0,0,0,34,48,65,59,0,99,67,8,99,0,0,10,9,0,0
Emerson Raymundo Santos,31,797065200,1995/04/05,Serie B,2023,Defender,Atlético GO,534,327,207,Brazil,14,8,6,0,0,0,0,0,0,0,0,2,2,0,7,3,4,3,1,0,0,0,0,0,0,1.18,76,38,178,0,0.51,408,399,175,34,0,6.22,0,51,55.62,23.57,96,330,19.36,271,74,45.67,94,0.00,0.00,0.50,7,0.00,0.50,1.18,0.50,7,0.00,0.07,0.00,0.00,0.00,0.71,0.14,0.00,0.00,0.67,0.29,0.21,0.00,0.00,0.01,0.00,0.71,0.00,0.00,0,0,,4,0.29,47,0,0.00,21,4,0.67,69,1,8,6,50,0.00,99,0,10,1.69,93,7,40,1.18,55,0,0.00,99,0,0.00,0,0,0.00,0,1.18,72,3,0.51,32,2,0.34,66.67,0,0.00,0,0,0,0.00,0,0,0.00,18,0.00,0,N/A,N/A,N/A,N/A,0.00,0,0.00,0,0.10,0.00,0,82.12,0.00,21,26,0.36,0.84,5,41,83,0,0,0,0.57,1.35,8,99,87.01,1.93,4.55,27,0,0.00,0.00,99,0.00,0,0,0,0.00,0.00,0,0.00,0.00,0.00,0.00,0,0,0.00,48,10,27,48,18,0.98,80,0.07,0.17,0.10,38,0.01,0.02,27,4,0.29,0.67,1.85,0.79,73,11,0.02,37,3,94,71,0,45,75,0,0.00,99,10,0.00,1.69,9.27,3.93,55,23,36,54,3.88,1.64,41.82,1,0.17,78,0,14.29,0,0.00,99,1,0.07,0.17,50,17,79,33,0,0,0,0,0,34,48,65,59,0,99,5,21,88,2,14,47,4,0,0
Emerson Santos de Souza,28,882432000,1997/12/18,Serie B,2023,Midfielder,Sampaio Corrêa,46,46,0,Brazil,1,1,0,0,0,0,0,0,0,0,0,0,0,0,1,1,0,0,0,0,0,0,0,0,0,1.96,46,46,0,0,0,-1,-1,-1,42,0,6.75,0,51,19.57,10.00,12,10,8.00,8,62,15.65,18,0.00,0.00,0.00,0,0.00,0.00,3.91,2.00,2,0.00,0.00,0.00,0.00,0.00,1.00,0.00,0.00,0.00,0.00,0.00,0.00,0.00,0.00,0.00,0.00,0.00,0.00,0.00,0,0,,0,0.00,9,0,0.00,21,0,0.00,10,2,0,1,99,0.00,99,0,1,1.96,96,0,32,0.00,14,0,0.00,99,0,0.00,0,0,0.00,0,0.00,6,0,0.00,8,0,0.00,0.00,0,0.00,0,0,0,0.00,0,0,0.00,0,0.00,0,N/A,N/A,N/A,N/A,0.00,0,0.00,0,0.00,0.00,0,80.00,0.00,21,99,0.00,0.00,0,12,12,0,0,0,0.00,0.00,0,20,6.75,0.00,0.00,0,0,0.00,0.00,99,0.00,0,0,0,0.00,0.00,0,0.00,0.00,0.00,0.00,0,0,0.00,48,0,0,48,1,0.02,8,0.02,0.04,0.00,14,0.00,0.00,1,0,0.00,0.00,0.00,0.00,4,0,0.00,13,41,2,71,0,45,2,0,0.00,99,0,0.00,0.00,3.91,2.00,2,2,36,8,3.91,2.00,100.00,0,0.00,99,0,0.00,0,0.00,99,0,0.00,0.00,32,0,19,53,0,0,0,0,0,34,48,65,59,0,99,1,8,8,0,0,10,18,0,0
Erick da Costa Farias,25,970470000,2000/10/02,Serie B,2023,Forward,Ceará,858,416,442,Brazil,18,9,9,1,1,0,0,0,0,0,0,7,5,2,13,7,6,1,0,0.1,0,0.1,0.22,0,858,1.36,66,48,858,0,0.1,196,447,-1,17,0,0.00,0,51,0.00,0.00,0,0,0.00,0,0,0.00,0,0.00,0.00,0.00,0,0.00,0.00,0.00,0.00,0,0.00,0.00,0.00,0.00,0.00,0.00,0.00,0.00,0.00,0.00,0.00,0.00,0.00,0.00,0.00,0.00,0.00,0.00,0.00,0,0,,0,0.00,9,0,0.00,21,0,0.00,10,4,10,7,4,0.00,99,0,0,0.00,9,0,32,0.00,14,0,0.00,99,0,0.00,0,0,0.00,0,0.00,6,0,0.00,8,0,0.00,0.00,0,0.00,0,0,0,0.00,0,0,0.00,9,0.00,0,N/A,N/A,N/A,N/A,0.00,0,0.00,0,0.00,0.00,0,0.00,0.00,21,99,0.00,0.00,0,12,12,0,0,0,0.00,0.00,0,20,0.00,0.00,0.00,0,0,0.00,0.00,99,0.00,0,0,0,0.00,0.00,0,0.00,0.00,0.00,0.00,0,0,0.00,48,31,41,83,9,0.00,0,0.00,0.00,0.00,14,0.00,0.00,1,0,0.00,0.00,0.00,0.00,4,0,0.00,13,0,2,71,0,45,2,0,0.00,99,0,0.00,0.00,0.00,0.00,0,0,0,0,0.00,0.00,0.00,0,0.00,99,0,0.00,0,0.00,99,0,0.00,0.00,32,22,85,83,0,0,0,0,0,50,65,65,82,0,99,62,92,16,1,0,10,16,0,0
Erick de Arruda Serafim,28,881740800,1997/12/10,Serie B,2023,Forward,Ceará,2542,1368,1174,Brazil,31,17,14,10,3,7,4,2,2,1,2,11,8,3,27,13,14,6,0,0.5,0.14,0.35,0.2,0.54,254,0.96,94,82,424,636,0.21,32,104,-1,1,0,7.13,0.13,83,31.23,28.45,41,882,20.74,643,23,22.77,38,0.00,0.00,1.71,53,0.00,3.68,1.31,1.19,37,0.00,1.00,0.00,0.00,0.00,0.19,1.55,0.00,6.20,2.20,0.90,3.06,0.00,1.10,0.27,0.00,0.19,0.00,0.00,0,0,,62,2.00,97,34,1.20,98,28,0.99,85,2,1,30,57,0.00,99,0,6,0.21,22,114,55,4.04,89,0,0.00,99,0,0.00,0,0,0.00,0,1.88,92,95,3.36,96,48,1.70,50.53,0,0.00,0,0,0,0.00,0,0,0.00,41,0.00,0,N/A,N/A,N/A,N/A,0.00,0,0.00,0,8.34,0.00,0,72.90,54.84,87,24,0.77,0.85,24,95,55,1,2,0,0.06,0.07,2,27,220.97,0.23,0.25,7,3,0.00,0.11,4,0.10,0,3,2,0.06,0.07,0,0.00,0.00,0.07,0.06,2,0,16.13,83,88,83,54,42,5.66,87,0.18,0.20,6.24,92,0.20,0.22,79,59,1.90,2.09,1.17,1.06,37,33,0.30,95,94,10,88,0,55,7,0,0.00,99,6,0.00,0.21,10.98,10.00,310,150,74,75,5.31,4.84,48.39,31,1.10,22,0,21.93,0,0.00,99,25,0.81,0.89,83,90,30,53,0,0,0,0,0,95,94,98,80,0,99,48,67,42,6,19,61,11,0,0
Erick Samuel Correa Farias,29,852278400,1997/01/03,Serie B,2023,Forward,Juventude,633,293,340,Brazil,13,7,6,2,0,2,0,0,0,0,0,7,3,4,2,1,1,1,0,0.28,0,0.28,0,0.53,317,0.28,317,49,633,0,0.14,58,255,-1,11,0,6.70,0,51,14.23,7.82,3,86,5.73,63,24,10.42,4,0.00,0.00,0.45,5,0.00,0.36,0.99,0.55,6,0.00,0.82,0.00,0.00,0.00,0.00,0.18,0.00,4.00,0.66,0.18,0.45,0.00,0.18,0.06,0.00,0.55,0.00,0.00,0,0,,4,0.36,47,2,0.33,59,2,0.33,35,2,5,6,42,0.00,99,0,0,0.00,9,4,67,0.66,45,0,0.00,99,0,0.00,0,0,0.00,0,0.83,53,5,0.83,44,2,0.33,40.00,0,0.00,0,0,0,0.00,0,0,0.00,99,0.00,0,N/A,N/A,N/A,N/A,0.00,0,0.00,0,0.71,0.00,0,73.26,50.00,83,71,0.18,0.33,2,39,31,0,0,0,0.00,0.00,0,20,73.72,0.09,0.17,1,0,0.00,0.00,99,0.00,0,0,0,0.00,0.00,0,0.00,0.00,0.00,0.00,0,0,25.00,94,19,24,59,99,0.37,14,0.03,0.06,0.71,73,0.06,0.12,27,4,0.36,0.66,1.16,0.64,36,7,0.12,70,28,5,71,0,45,48,0,0.00,99,6,0.00,0.99,8.77,4.82,53,18,17,46,2.98,1.64,33.96,9,1.49,10,0,25.00,0,0.00,99,1,0.09,0.17,50,17,64,53,0,0,0,0,0,79,90,97,59,0,99,94,84,24,1,8,26,9,0,0
Ericson da Silva,27,926406000,1999/05/11,Serie B,2023,Defender,Botafogo SP,856,331,525,Brazil,12,5,7,0,0,0,0,0,0,0,0,6,3,3,8,2,6,1,0,0,0,0,0,0,0,0.84,107,71,856,0,0.11,320,266,94,24,0,6.09,0,51,39.43,31.25,61,375,22.58,271,20,28.49,53,0.00,0.00,0.33,4,0.00,0.67,0.95,0.75,9,0.00,0.17,0.00,0.00,0.00,0.58,0.67,0.00,0.00,0.53,0.25,1.08,0.00,0.17,0.01,0.00,1.42,0.00,0.00,0,0,,5,0.42,38,2,0.21,45,3,0.32,33,2,2,10,39,0.00,99,0,7,0.74,49,8,37,0.84,50,0,0.00,99,0,0.00,0,0,0.00,0,0.42,29,13,1.37,67,8,0.84,61.54,0,0.00,0,0,0,0.00,0,0,0.00,56,0.00,0,N/A,N/A,N/A,N/A,0.00,0,0.00,0,0.18,0.00,0,72.27,40.00,60,13,0.83,1.05,10,76,74,0,0,0,0.25,0.32,3,68,73.14,2.33,2.94,28,0,0.00,0.00,99,0.00,0,0,0,0.00,0.00,0,0.00,0.00,0.00,0.00,0,0,0.00,48,31,20,48,56,0.61,14,0.05,0.06,0.18,38,0.01,0.02,43,10,0.83,1.05,1.58,1.25,59,15,0.02,37,2,82,71,0,45,78,0,0.00,99,17,0.00,1.79,9.25,7.33,88,44,55,53,4.63,3.67,50.00,2,0.21,75,0,12.50,0,0.00,99,1,0.08,0.11,45,38,39,53,0,0,0,0,0,34,48,65,59,0,99,92,92,18,1,8,26,14,0,0
Erik Henrique Ferreira do Nascimento,21,1113807600,2005/04/18,Serie B,2023,Defender,Ituano,0,0,0,Brazil,0,0,0,0,0,0,0,0,0,0,0,0,0,0,0,0,0,0,0,0,0,0,0,0,0,0,0,0,0,0,0,-1,-1,-1,-1,N/A,N/A,N/A,N/A,N/A,N/A,N/A,N/A,N/A,N/A,N/A,N/A,N/A,N/A,N/A,N/A,N/A,N/A,N/A,N/A,N/A,N/A,N/A,N/A,N/A,N/A,N/A,N/A,N/A,N/A,N/A,N/A,N/A,N/A,N/A,N/A,N/A,N/A,N/A,N/A,N/A,N/A,N/A,N/A,N/A,N/A,N/A,N/A,N/A,N/A,N/A,N/A,N/A,N/A,N/A,N/A,N/A,N/A,N/A,N/A,N/A,N/A,N/A,N/A,N/A,N/A,N/A,N/A,N/A,N/A,N/A,N/A,N/A,N/A,N/A,N/A,N/A,N/A,N/A,N/A,N/A,N/A,N/A,N/A,N/A,N/A,N/A,N/A,N/A,N/A,N/A,N/A,N/A,N/A,N/A,N/A,N/A,N/A,N/A,N/A,N/A,N/A,N/A,N/A,N/A,N/A,N/A,N/A,N/A,N/A,N/A,N/A,N/A,N/A,N/A,N/A,N/A,N/A,N/A,N/A,N/A,N/A,N/A,N/A,N/A,N/A,N/A,N/A,N/A,N/A,N/A,N/A,N/A,N/A,N/A,N/A,N/A,N/A,N/A,N/A,N/A,N/A,N/A,N/A,N/A,N/A,N/A,N/A,N/A,N/A,N/A,N/A,N/A,N/A,N/A,N/A,N/A,N/A,N/A,N/A,N/A,N/A,N/A,N/A,N/A,N/A,N/A,N/A,N/A,N/A,N/A,N/A,N/A,N/A,N/A,N/A,N/A,N/A,N/A,N/A,N/A,N/A,N/A,N/A,N/A,N/A,N/A,N/A,N/A,N/A,N/A,N/A,N/A,N/A,N/A,N/A,N/A,N/A,N/A,N/A,N/A,N/A,N/A,N/A,N/A,N/A,N/A,N/A,N/A,N/A,N/A,N/A,N/A,N/A,N/A,N/A,N/A,N/A,N/A,N/A,N/A,N/A,N/A,N/A
Erinaldo Santos Rabelo,38,559033200,1987/09/19,Serie B,2023,Defender,Sampaio Corrêa,1112,562,550,Brazil,15,8,7,0,0,0,1,1,0,0,0,5,3,2,12,3,9,4,1,0.08,0.08,0,0,0,0,0.97,93,74,222,1112,0.4,322,163,127,31,0,6.84,0.07,69,41.13,33.36,67,467,24.64,345,26,30.38,59,0.00,0.00,0.93,13,0.00,3.86,1.76,1.43,20,0.00,0.50,0.00,0.00,0.00,1.64,0.36,0.00,0.00,0.44,0.29,1.29,0.00,0.07,0.01,0.00,0.71,0.00,0.00,0,0,,5,0.36,30,1,0.09,29,4,0.35,37,4,1,13,78,0.00,99,0,23,2.03,97,54,69,4.76,92,0,0.00,99,0,0.00,0,0,0.00,0,1.14,69,18,1.59,73,5,0.44,27.78,0,0.00,0,0,0,0.00,0,0,0.00,40,0.00,0,N/A,N/A,N/A,N/A,0.00,0,0.00,0,0.19,0.00,0,73.88,20.00,31,60,0.36,0.44,5,50,18,0,0,0,0.14,0.18,2,49,95.79,1.07,1.32,15,0,0.00,0.00,99,0.00,0,0,0,0.00,0.00,0,0.00,0.00,0.09,0.07,1,0,0.00,48,45,30,48,40,1.80,76,0.13,0.16,0.19,38,0.01,0.02,29,8,0.57,0.70,1.59,1.29,59,18,0.02,37,59,57,71,0,59,43,0,0.00,99,10,0.00,0.88,8.28,6.71,94,43,33,39,3.79,3.07,45.74,7,0.62,49,0,25.93,0,0.00,99,14,1.00,1.23,91,49,30,83,0,0,0,0,0,44,48,65,59,0,99,45,31,78,3,20,65,16,0,0
Euller Ribeiro dos Santos,24,1019804400,2002/04/26,Serie B,2023,Defender,Ponte Preta,0,0,0,Brazil,0,0,0,0,0,0,0,0,0,0,0,0,0,0,0,0,0,0,0,0,0,0,0,0,0,0,0,0,0,0,0,-1,-1,-1,-1,N/A,N/A,N/A,N/A,N/A,N/A,N/A,N/A,N/A,N/A,N/A,N/A,N/A,N/A,N/A,N/A,N/A,N/A,N/A,N/A,N/A,N/A,N/A,N/A,N/A,N/A,N/A,N/A,N/A,N/A,N/A,N/A,N/A,N/A,N/A,N/A,N/A,N/A,N/A,N/A,N/A,N/A,N/A,N/A,N/A,N/A,N/A,N/A,N/A,N/A,N/A,N/A,N/A,N/A,N/A,N/A,N/A,N/A,N/A,N/A,N/A,N/A,N/A,N/A,N/A,N/A,N/A,N/A,N/A,N/A,N/A,N/A,N/A,N/A,N/A,N/A,N/A,N/A,N/A,N/A,N/A,N/A,N/A,N/A,N/A,N/A,N/A,N/A,N/A,N/A,N/A,N/A,N/A,N/A,N/A,N/A,N/A,N/A,N/A,N/A,N/A,N/A,N/A,N/A,N/A,N/A,N/A,N/A,N/A,N/A,N/A,N/A,N/A,N/A,N/A,N/A,N/A,N/A,N/A,N/A,N/A,N/A,N/A,N/A,N/A,N/A,N/A,N/A,N/A,N/A,N/A,N/A,N/A,N/A,N/A,N/A,N/A,N/A,N/A,N/A,N/A,N/A,N/A,N/A,N/A,N/A,N/A,N/A,N/A,N/A,N/A,N/A,N/A,N/A,N/A,N/A,N/A,N/A,N/A,N/A,N/A,N/A,N/A,N/A,N/A,N/A,N/A,N/A,N/A,N/A,N/A,N/A,N/A,N/A,N/A,N/A,N/A,N/A,N/A,N/A,N/A,N/A,N/A,N/A,N/A,N/A,N/A,N/A,N/A,N/A,N/A,N/A,N/A,N/A,N/A,N/A,N/A,N/A,N/A,N/A,N/A,N/A,N/A,N/A,N/A,N/A,N/A,N/A,N/A,N/A,N/A,N/A,N/A,N/A,N/A,N/A,N/A,N/A,N/A,N/A,N/A,N/A,N/A,N/A
Evandro da Silva,29,853228800,1997/01/14,Serie B,2023,Forward,ABC,511,204,307,Brazil,12,5,7,0,0,0,0,0,0,0,0,3,1,2,3,1,2,2,0,0,0,0,0,0,0,0.53,170,43,256,0,0.35,364,330,-1,29,0,6.68,0,51,22.60,10.09,20,111,7.55,83,31,16.90,22,0.00,0.00,0.45,5,0.00,0.18,1.63,0.73,8,0.00,0.55,0.00,0.00,0.00,0.18,0.36,0.00,0.00,0.61,0.00,0.91,0.00,0.27,0.01,0.00,0.73,0.00,0.00,0,0,,3,0.27,44,3,0.61,75,0,0.00,10,6,6,6,72,0.00,99,0,2,0.41,32,2,32,0.41,39,0,0.00,99,0,0.00,0,0,0.00,0,1.02,64,10,2.04,83,4,0.81,40.00,0,0.00,0,0,0,0.00,0,0,0.00,93,0.00,0,N/A,N/A,N/A,N/A,0.00,0,0.00,0,0.15,0.00,0,74.77,100.00,99,27,0.36,0.81,4,74,31,0,0,0,0.09,0.20,1,53,73.44,0.36,0.81,4,0,0.00,0.00,99,0.00,0,0,0,0.00,0.00,0,0.00,0.00,0.41,0.18,2,0,0.00,48,8,20,48,93,0.36,19,0.03,0.07,0.15,45,0.01,0.03,99,21,1.91,4.28,1.63,0.73,61,8,0.03,43,25,36,71,0,90,73,0,0.00,99,8,0.00,1.63,14.86,6.64,73,41,98,95,8.35,3.73,56.16,6,1.22,17,0,0.00,0,0.00,99,0,0.00,0.00,32,17,70,94,0,0,0,0,0,34,48,65,59,0,99,22,40,69,2,17,56,97,0,0
Everson dos Santos Silva,27,922003200,1999/03/21,Serie B,2023,Midfielder,CRB,49,25,24,Brazil,3,1,2,0,0,0,0,0,0,0,0,1,0,1,1,1,0,0,0,0,0,0,0,0,0,1.84,49,16,0,0,0,-1,-1,-1,23,0,0.00,0,51,0.00,0.00,0,0,0.00,0,0,0.00,0,0.00,0.00,0.00,0,0.00,0.00,0.00,0.00,0,0.00,0.00,0.00,0.00,0.00,0.00,0.00,0.00,0.00,0.00,0.00,0.00,0.00,0.00,0.00,0.00,0.00,0.00,0.00,0,0,,0,0.00,9,0,0.00,21,0,0.00,10,0,3,0,4,0.00,99,0,0,0.00,9,0,32,0.00,14,0,0.00,99,0,0.00,0,0,0.00,0,0.00,6,0,0.00,8,0,0.00,0.00,0,0.00,0,0,0,0.00,0,0,0.00,1,0.00,0,N/A,N/A,N/A,N/A,0.00,0,0.00,0,0.00,0.00,0,0.00,0.00,21,99,0.00,0.00,0,12,12,0,0,0,0.00,0.00,0,20,0.00,0.00,0.00,0,0,0.00,0.00,99,0.00,0,0,0,0.00,0.00,0,0.00,0.00,0.00,0.00,0,0,0.00,48,0,0,48,1,0.00,0,0.00,0.00,0.00,14,0.00,0.00,1,0,0.00,0.00,0.00,0.00,4,0,0.00,13,0,2,71,0,45,2,0,0.00,99,0,0.00,0.00,0.00,0.00,0,0,0,0,0.00,0.00,0.00,0,0.00,99,0,0.00,0,0.00,99,0,0.00,0.00,32,0,50,9,0,0,0,0,0,34,48,65,59,0,99,45,8,8,0,0,10,21,0,0
Éverton Cardoso da Silva,37,597830400,1988/12/11,Serie B,2023,Forward,Ponte Preta,103,80,23,Brazil,4,3,1,0,0,0,0,0,0,0,0,2,2,0,1,1,0,0,0,0,0,0,0,0,0,0.87,103,26,0,0,0,-1,-1,-1,15,0,6.67,0,51,17.48,5.00,6,20,3.75,15,33,13.11,10,0.00,0.00,0.00,0,0.00,0.25,3.50,1.00,4,0.00,0.50,0.00,0.00,0.00,0.25,0.25,0.00,0.00,0.00,0.00,0.75,0.00,0.00,0.00,0.00,0.00,0.00,0.00,0,0,,0,0.00,9,0,0.00,21,0,0.00,10,5,3,1,99,0.00,99,0,1,0.87,55,1,32,0.87,51,0,0.00,99,0,0.00,0,0,0.00,0,0.00,6,3,2.62,91,1,0.87,33.33,0,0.00,0,0,0,0.00,0,0,0.00,53,0.00,0,N/A,N/A,N/A,N/A,0.00,0,0.00,0,0.00,0.00,0,75.00,0.00,21,23,0.25,0.87,1,78,22,0,0,0,0.00,0.00,0,20,26.67,0.25,0.87,1,0,0.00,0.00,99,0.00,0,0,0,0.00,0.00,0,0.00,0.00,0.87,0.25,1,0,0.00,48,0,0,48,53,0.03,6,0.01,0.03,0.00,14,0.00,0.00,99,5,1.25,4.37,2.62,0.75,93,3,0.00,13,24,38,71,0,99,2,0,0.00,99,0,0.00,0.00,16.60,4.75,19,10,99,98,8.74,2.50,52.63,2,1.75,4,0,0.00,0,0.00,99,0,0.00,0.00,32,0,50,89,0,0,0,0,0,34,48,65,59,0,99,92,8,8,0,0,10,22,0,0
Everton Macedo Moraes,24,1021186800,2002/05/12,Serie B,2023,Midfielder,Londrina,265,124,141,Brazil,8,4,4,0,0,0,0,0,0,0,0,0,0,0,4,2,2,0,0,0,0,0,0,0,0,1.36,66,33,0,0,0,-1,-1,-1,24,0,0.00,0,51,0.00,0.00,0,0,0.00,0,0,0.00,0,0.00,0.00,0.00,0,0.00,0.00,0.00,0.00,0,0.00,0.00,0.00,0.00,0.00,0.00,0.00,0.00,0.00,0.00,0.00,0.00,0.00,0.00,0.00,0.00,0.00,0.00,0.00,0,0,,0,0.00,9,0,0.00,21,0,0.00,10,2,6,2,4,0.00,99,0,0,0.00,9,0,32,0.00,14,0,0.00,99,0,0.00,0,0,0.00,0,0.00,6,0,0.00,8,0,0.00,0.00,0,0.00,0,0,0,0.00,0,0,0.00,9,0.00,0,N/A,N/A,N/A,N/A,0.00,0,0.00,0,0.00,0.00,0,0.00,0.00,21,99,0.00,0.00,0,12,12,0,0,0,0.00,0.00,0,20,0.00,0.00,0.00,0,0,0.00,0.00,99,0.00,0,0,0,0.00,0.00,0,0.00,0.00,0.00,0.00,0,0,0.00,48,0,6,48,9,0.00,0,0.00,0.00,0.00,14,0.00,0.00,1,0,0.00,0.00,0.00,0.00,4,0,0.00,13,0,2,71,0,45,2,0,0.00,99,0,0.00,0.00,0.00,0.00,0,0,0,0,0.00,0.00,0.00,0,0.00,99,0,0.00,0,0.00,99,0,0.00,0.00,32,1,70,53,0,0,0,0,0,34,48,65,59,0,99,1,8,8,0,0,10,18,0,0
Everton Sidnei de Brito,31,795686400,1995/03/20,Serie B,2023,Forward,Vila Nova,1288,626,662,Brazil,26,12,14,0,0,0,2,0,2,0,0,8,6,2,9,2,7,2,0,0.14,0.14,0,0,0,0,0.63,143,50,644,644,0.14,443,110,-1,29,0,6.67,0.08,83,25.14,14.08,26,352,11.04,276,53,19.71,30,0.00,0.00,0.84,21,0.00,1.08,1.71,0.96,24,0.00,0.84,0.00,0.00,0.00,0.24,0.60,0.00,0.00,0.71,0.16,1.12,0.00,0.24,0.02,0.00,0.20,0.00,0.00,0,0,,10,0.40,50,6,0.43,66,4,0.29,28,2,10,15,75,0.00,99,0,6,0.43,33,27,69,1.93,66,0,0.00,99,0,0.00,0,0,0.00,0,1.50,83,28,2.00,82,15,1.07,53.57,0,0.00,0,0,0,0.00,0,0,0.00,85,0.00,0,N/A,N/A,N/A,N/A,0.00,0,0.00,0,0.48,0.00,0,78.41,60.00,92,10,0.64,1.14,16,85,59,0,0,0,0.04,0.07,1,27,166.84,0.00,0.00,0,0,0.00,0.00,99,0.00,0,0,0,0.00,0.00,0,0.00,0.00,0.29,0.16,4,1,0.00,48,52,67,48,85,2.52,83,0.10,0.18,0.48,45,0.02,0.03,94,40,1.60,2.86,1.00,0.56,29,14,0.03,43,24,2,71,0,83,16,0,0.00,99,5,0.00,0.36,11.71,6.56,164,84,85,82,6.00,3.36,51.22,21,1.50,10,0,25.93,0,0.00,99,7,0.28,0.50,69,55,85,53,0,0,0,0,0,58,48,65,59,0,99,36,84,24,2,8,26,11,0,0
Ewerton Diógenes Da Silva,25,971247600,2000/10/11,Serie B,2023,Defender,Sport Recife,1642,805,837,Brazil,27,13,14,0,0,0,1,1,0,0,0,10,8,2,24,8,16,1,0,0.05,0.05,0,0,0,0,1.32,68,61,1642,1642,0.05,369,219,194,36,0,6.73,0.04,60,45.46,30.15,80,784,23.81,619,57,35.90,76,0.00,0.00,0.54,14,0.00,0.92,1.22,0.81,21,0.00,0.12,0.00,0.00,0.00,0.85,0.19,0.00,0.00,0.70,0.31,0.50,0.00,0.15,0.02,0.00,0.92,0.00,0.00,0,0,,12,0.46,49,4,0.23,49,8,0.46,50,3,10,16,53,0.00,99,0,22,1.28,79,24,86,1.39,57,0,0.00,99,0,0.00,0,0,0.00,0,0.81,52,13,0.75,41,5,0.29,38.46,0,0.00,0,0,0,0.00,0,0,0.00,11,0.00,0,N/A,N/A,N/A,N/A,0.00,0,0.00,0,0.39,0.00,0,78.95,33.33,49,63,0.27,0.41,7,35,27,0,0,0,0.00,0.00,0,20,174.92,1.85,2.78,48,0,0.00,0.00,99,0.00,0,0,1,0.04,0.06,0,0.00,0.00,0.06,0.04,1,0,0.00,48,64,70,48,11,2.25,61,0.09,0.13,0.39,38,0.02,0.02,38,15,0.58,0.87,0.58,0.38,13,10,0.02,37,37,82,84,0,53,64,0,0.00,99,24,0.00,1.39,7.02,4.65,121,65,32,27,3.77,2.50,53.72,3,0.17,78,0,33.33,0,0.00,99,8,0.31,0.46,67,58,85,70,0,0,0,0,0,38,48,65,59,0,99,54,98,10,1,4,12,2,0,0
Ezequiel Ivo Barbosa,23,1046246400,2003/02/26,Serie B,2023,Forward,Ceará,11,0,11,Brazil,1,0,1,0,0,0,0,0,0,0,0,0,0,0,0,0,0,0,0,0,0,0,0,0,0,0,0,11,0,0,0,-1,-1,-1,41,0,0.00,0,51,0.00,0.00,0,0,0.00,0,0,0.00,0,0.00,0.00,0.00,0,0.00,0.00,0.00,0.00,0,0.00,0.00,0.00,0.00,0.00,0.00,0.00,0.00,0.00,0.00,0.00,0.00,0.00,0.00,0.00,0.00,0.00,0.00,0.00,0,0,,0,0.00,9,0,0.00,21,0,0.00,10,0,1,0,4,0.00,99,0,0,0.00,9,0,32,0.00,14,0,0.00,99,0,0.00,0,0,0.00,0,0.00,6,0,0.00,8,0,0.00,0.00,0,0.00,0,0,0,0.00,0,0,0.00,99,0.00,0,N/A,N/A,N/A,N/A,0.00,0,0.00,0,0.00,0.00,0,0.00,0.00,21,99,0.00,0.00,0,12,12,0,0,0,0.00,0.00,0,20,0.00,0.00,0.00,0,0,0.00,0.00,99,0.00,0,0,0,0.00,0.00,0,0.00,0.00,0.00,0.00,0,0,0.00,48,0,0,48,0,0.00,0,0.00,0.00,0.00,14,0.00,0.00,1,0,0.00,0.00,0.00,0.00,4,0,0.00,13,0,2,71,0,45,2,0,0.00,99,0,0.00,0.00,0.00,0.00,0,0,0,0,0.00,0.00,0.00,0,0.00,99,0,0.00,0,0.00,99,0,0.00,0.00,32,0,30,9,0,0,0,0,0,34,48,65,59,0,99,1,8,8,0,0,10,90,0,0
Ezequiel Jacinto de Biasi,33,730368000,1993/02/22,Serie B,2023,Defender,Londrina,1463,644,819,Brazil,22,11,11,0,0,0,0,0,0,0,0,5,4,1,26,6,20,11,1,0,0,0,0,0,0,1.6,56,67,133,0,0.68,504,543,220,44,0,6.29,0,51,40.91,30.23,66,665,24.32,535,65,32.91,66,0.00,0.00,0.41,9,0.00,2.00,2.15,1.59,35,0.00,0.14,0.00,0.00,0.00,0.82,0.14,0.00,0.00,0.37,0.23,0.55,0.00,0.05,0.01,0.00,0.59,0.00,0.00,0,0,,6,0.27,25,1,0.06,25,5,0.31,31,2,5,17,91,0.00,99,0,18,1.11,69,44,52,2.71,75,0,0.00,99,0,0.00,0,0,0.00,0,0.55,35,12,0.74,41,3,0.18,25.00,0,0.00,0,0,0,0.00,0,0,0.00,2,0.00,0,N/A,N/A,N/A,N/A,0.00,0,0.00,0,0.17,0.00,0,80.45,16.67,28,31,0.55,0.74,12,27,16,0,0,0,0.09,0.12,2,36,138.34,1.32,1.78,29,0,0.00,0.00,99,0.00,0,0,0,0.00,0.00,0,0.00,0.00,0.00,0.00,0,0,0.00,48,59,54,48,2,1.36,27,0.06,0.08,0.17,27,0.01,0.01,61,25,1.14,1.54,2.34,1.73,87,38,0.01,26,6,69,71,0,45,38,0,0.00,99,13,0.00,0.80,9.04,6.68,147,76,56,50,4.68,3.45,51.70,3,0.18,77,0,20.45,0,0.00,99,9,0.41,0.55,71,61,64,53,0,0,0,0,0,34,48,65,59,0,99,17,11,97,10,45,98,2,0,0
Fabiano da Silva Souza,36,635241600,1990/02/17,Serie B,2023,Defender,Chapecoense,215,35,180,Brazil,5,2,3,0,0,0,0,0,0,0,0,2,1,1,2,0,2,1,0,0,0,0,0,0,0,0.84,108,43,215,0,0.42,-1,-1,-1,41,0,6.65,0,51,40.37,24.00,64,96,19.50,78,69,32.80,66,0.00,0.00,0.25,1,0.00,1.25,1.68,1.00,4,0.00,0.00,0.00,0.00,0.00,1.00,0.25,0.00,0.00,0.00,0.00,0.25,0.00,0.00,0.00,0.00,0.25,0.00,0.00,0,0,,0,0.00,9,0,0.00,21,0,0.00,10,4,2,2,75,0.00,99,0,4,1.68,92,5,32,2.10,67,0,0.00,99,0,0.00,0,0,0.00,0,0.42,29,1,0.42,28,1,0.42,100.00,0,0.00,0,0,0,0.00,0,0,0.00,56,0.00,0,N/A,N/A,N/A,N/A,0.00,0,0.00,0,0.00,0.00,0,81.25,0.00,21,26,0.50,0.84,2,48,99,0,0,0,0.00,0.00,0,20,26.61,0.75,1.26,3,0,0.00,0.00,99,0.00,0,0,0,0.00,0.00,0,0.00,0.00,0.00,0.00,0,0,0.00,48,0,1,48,58,0.20,27,0.05,0.08,0.00,14,0.00,0.00,50,3,0.75,1.26,0.84,0.50,21,2,0.00,13,22,54,71,0,45,19,0,0.00,99,1,0.00,0.42,6.31,3.75,15,9,33,20,3.79,2.25,60.00,0,0.00,99,0,0.00,0,0.00,99,0,0.00,0.00,32,1,39,83,0,0,0,0,0,34,48,65,59,0,99,67,29,80,1,20,65,67,0,0
Fabio Aguiar Da Silva,37,604656000,1989/02/28,Serie B,2023,Defender,Sampaio Corrêa,529,224,305,Brazil,8,3,5,1,0,1,0,0,0,0,0,4,1,3,3,2,1,0,0,0.17,0,0.17,0,0.3,529,0.51,176,66,0,0,0,120,401,11,3,0,6.26,0,51,45.73,35.86,80,251,29.86,209,81,38.08,80,0.00,0.00,0.14,1,0.00,0.00,0.36,0.29,2,0.00,0.14,0.00,0.00,0.00,1.29,0.14,0.00,4.00,0.73,0.43,0.14,0.00,0.14,0.10,0.00,1.71,0.00,0.00,0,0,,4,0.57,50,1,0.18,42,3,0.55,59,1,1,6,11,0.00,99,0,9,1.64,91,0,32,0.00,14,0,0.00,99,0,0.00,0,0,0.00,0,0.18,16,1,0.18,18,1,0.18,100.00,0,0.00,0,0,0,0.00,0,0,0.00,94,0.00,0,N/A,N/A,N/A,N/A,0.00,0,0.00,0,0.69,0.00,0,83.27,25.00,36,87,0.14,0.18,1,27,99,0,0,0,0.86,1.09,6,97,43.79,4.43,5.65,31,0,0.00,0.00,99,0.00,0,0,0,0.00,0.00,0,0.00,0.00,0.00,0.00,0,0,25.00,94,10,6,71,94,0.46,27,0.07,0.08,0.69,76,0.10,0.13,21,3,0.43,0.55,1.09,0.86,33,6,0.13,73,4,99,71,0,45,87,0,0.00,99,12,0.00,2.19,6.01,4.71,33,18,22,16,3.28,2.57,54.55,1,0.18,77,0,0.00,0,0.00,99,0,0.00,0.00,32,17,30,33,0,0,0,0,0,64,79,90,59,0,99,92,8,8,0,0,10,6,0,0
Fabio Augusto Luciano da Silva,26,942912000,1999/11/18,Serie B,2023,Forward,Criciúma,2214,1047,1167,Brazil,32,15,17,5,3,2,0,0,0,0,0,14,9,5,20,5,15,5,1,0.2,0,0.2,0.26,0.15,443,0.81,111,69,443,0,0.2,97,509,-1,5,0,6.82,0,51,22.83,17.74,20,550,14.16,439,61,18.22,25,0.00,0.00,0.87,27,0.00,0.45,0.66,0.52,16,0.00,0.74,0.00,0.00,0.00,0.23,1.16,0.00,6.20,1.29,0.61,2.00,0.00,0.39,0.14,0.00,0.32,0.00,0.00,0,0,,31,1.00,70,12,0.50,70,19,0.79,74,2,5,26,25,0.00,99,0,7,0.29,25,14,40,0.58,44,0,0.00,99,0,0.00,0,0,0.00,0,1.12,68,62,2.57,91,36,1.49,58.06,0,0.00,0,0,0,0.00,0,0,0.00,61,0.00,0,N/A,N/A,N/A,N/A,0.00,0,0.00,0,4.19,0.00,0,79.82,38.71,55,71,0.26,0.33,8,94,67,0,0,0,0.03,0.04,1,22,211.32,0.42,0.54,13,0,0.00,0.00,99,0.00,0,0,1,0.03,0.04,0,0.00,0.00,0.33,0.26,8,1,16.13,83,81,86,64,61,2.01,27,0.06,0.08,4.19,84,0.14,0.17,52,32,1.03,1.33,0.62,0.48,14,15,0.17,82,54,23,79,0,86,19,0,0.00,99,10,0.00,0.42,7.97,6.19,192,94,36,37,3.90,3.03,48.96,23,0.95,27,0,14.29,0,0.00,99,2,0.06,0.08,40,82,64,53,0,0,0,0,0,69,84,78,86,0,99,81,68,40,4,12,41,11,0,0
Fabio Augusto Schirmann,29,844758000,1996/10/08,Serie B,2023,Defender,CRB,1943,1100,843,Brazil,24,13,11,1,1,0,1,1,0,0,0,11,8,3,18,8,10,11,1,0.09,0.05,0.05,0.08,0,1943,0.83,108,81,162,1943,0.56,244,227,89,13,0,6.83,0.04,60,51.16,47.55,90,1046,39.36,866,79,42.36,89,0.00,0.00,0.14,3,0.00,0.23,1.52,1.41,31,0.00,0.18,0.00,0.00,0.00,1.18,0.41,0.00,9.00,0.44,0.23,0.45,0.00,0.18,0.04,0.00,1.41,0.00,0.00,0,0,,9,0.41,30,4,0.20,44,5,0.24,25,2,1,22,67,0.00,99,0,26,1.27,78,5,51,0.24,29,0,0.00,99,0,0.00,0,0,0.00,0,0.15,14,10,0.49,31,9,0.44,90.00,0,0.00,0,0,0,0.00,0,0,0.00,58,0.00,0,N/A,N/A,N/A,N/A,0.00,0,0.00,0,0.95,0.00,0,82.79,44.44,69,86,0.18,0.20,4,50,94,0,0,0,1.14,1.22,25,98,150.27,3.59,3.86,79,0,0.00,0.00,99,0.00,0,0,0,0.00,0.00,0,0.00,0.00,0.00,0.00,0,0,11.11,72,72,61,96,58,2.45,55,0.11,0.12,0.95,53,0.04,0.05,23,12,0.55,0.59,1.61,1.50,61,33,0.05,51,56,88,71,0,45,70,0,0.00,99,31,0.00,1.52,7.09,6.59,145,83,39,28,4.06,3.77,57.24,4,0.20,76,0,20.00,0,0.00,99,1,0.05,0.05,37,73,30,53,0,0,0,0,0,48,54,65,64,0,99,85,15,93,10,42,98,4,0,0
Fabio de Lima Costa,29,851241600,1996/12/22,Serie B,2023,Forward,ABC,1679,873,806,Brazil,24,13,11,2,0,2,1,1,0,0,0,3,1,2,19,9,10,2,0,0.16,0.05,0.11,0,0.22,840,1.02,88,70,840,1679,0.11,187,218,-1,5,0,6.57,0.04,60,19.52,15.33,11,368,11.17,268,22,14.21,13,0.00,0.00,1.08,26,0.00,3.46,1.06,0.83,20,0.00,0.42,0.00,0.00,0.00,0.46,0.46,0.00,16.50,1.75,0.71,1.21,0.00,0.67,0.11,0.00,0.71,0.00,0.00,0,0,,33,1.38,84,16,0.85,87,17,0.90,82,7,2,22,45,0.00,99,0,11,0.58,40,83,86,4.40,90,0,0.00,99,0,0.00,0,0,0.00,0,1.38,80,29,1.54,71,11,0.58,37.93,0,0.00,0,0,0,0.00,0,0,0.00,34,0.00,0,N/A,N/A,N/A,N/A,0.00,0,0.00,0,2.57,0.00,0,72.83,48.48,75,62,0.33,0.42,8,59,26,0,0,0,0.00,0.00,0,20,157.70,0.58,0.74,14,0,0.00,0.00,99,0.00,0,0,1,0.04,0.05,0,0.00,0.00,0.64,0.50,12,1,6.06,54,66,61,83,33,2.17,55,0.09,0.12,2.57,78,0.11,0.14,65,31,1.29,1.64,1.27,1.00,42,24,0.14,76,15,34,82,0,96,43,0,0.00,99,17,0.00,0.90,8.59,6.75,162,79,42,44,4.19,3.29,48.77,10,0.53,55,0,33.73,0,0.00,99,28,1.17,1.48,94,73,39,98,0,0,0,0,0,62,68,85,59,0,99,5,91,18,2,8,26,11,0,0
Fábio Gomes,28,864543600,1997/05/25,Serie B,2023,Forward,Juventude,154,126,28,Brazil,4,2,2,0,0,0,0,0,0,0,0,1,0,1,3,3,0,0,0,0,0,0,0,0,0,1.75,51,39,0,0,0,-1,-1,-1,20,0,6.46,0,51,15.82,5.33,4,16,4.33,13,69,12.86,9,0.00,0.00,0.33,1,0.00,0.33,0.99,0.33,1,0.00,0.67,0.00,0.00,0.00,0.00,0.00,0.00,0.00,0.00,0.00,0.00,0.00,0.00,0.00,0.00,1.00,0.00,0.00,0,0,,0,0.00,9,0,0.00,21,0,0.00,10,1,2,1,42,0.00,99,0,0,0.00,9,1,99,0.99,52,0,0.00,99,0,0.00,0,0,0.00,0,0.99,62,0,0.00,8,0,0.00,0.00,0,0.00,0,0,0,0.00,0,0,0.00,1,0.00,0,N/A,N/A,N/A,N/A,0.00,0,0.00,0,0.00,0.00,0,81.25,0.00,21,1,0.67,1.98,2,12,12,0,0,0,0.00,0.00,0,20,19.39,0.33,0.99,1,0,0.00,0.00,99,0.00,0,0,0,0.00,0.00,0,0.00,0.00,0.99,0.33,1,0,0.00,48,0,0,48,2,0.07,19,0.02,0.07,0.00,14,0.00,0.00,1,0,0.00,0.00,3.96,1.33,99,4,0.00,13,10,43,71,0,99,97,0,0.00,99,3,0.00,2.97,15.82,5.33,16,4,37,97,3.96,1.33,25.00,2,1.98,2,0,100.00,0,0.00,99,1,0.33,0.99,86,0,39,33,0,0,0,0,0,34,48,65,59,0,99,22,8,8,0,0,10,19,0,0
Fabio Gonçalves,39,532771200,1986/11/19,Serie B,2023,Midfielder,Sport Recife,1816,970,846,Brazil,27,13,14,2,2,0,0,0,0,0,0,9,6,3,24,10,14,3,0,0.1,0,0.1,0.19,0,908,1.19,76,67,605,0,0.15,194,327,-1,13,0,6.52,0,51,38.43,28.35,59,737,22.23,578,53,30.14,59,0.00,0.00,0.27,7,0.00,0.62,1.56,1.15,30,0.00,0.35,0.00,0.00,0.00,0.73,0.46,0.00,8.00,0.42,0.12,0.69,0.00,0.19,0.04,0.00,2.62,0.00,0.00,0,0,,8,0.31,28,5,0.26,52,3,0.16,17,3,6,20,69,0.00,99,0,19,0.99,62,16,32,0.83,49,0,0.00,99,0,0.00,0,0,0.00,0,0.37,26,18,0.94,49,12,0.63,66.67,0,0.00,0,0,0,0.00,0,0,0.00,17,0.00,0,N/A,N/A,N/A,N/A,0.00,0,0.00,0,0.93,0.00,0,78.43,62.50,94,74,0.23,0.31,6,63,83,0,0,0,0.35,0.47,9,78,169.59,1.04,1.41,27,0,0.00,0.00,99,0.00,0,0,0,0.00,0.00,0,0.00,0.00,0.16,0.12,3,0,12.50,76,69,70,85,18,1.30,19,0.05,0.07,0.93,53,0.04,0.05,64,31,1.19,1.62,1.25,0.92,39,24,0.05,51,12,60,71,0,74,99,0,0.00,99,68,0.00,3.55,12.57,9.27,241,141,96,87,7.35,5.42,58.51,9,0.47,60,0,6.25,0,0.00,99,1,0.04,0.05,37,69,70,70,0,0,0,0,0,50,65,65,78,0,99,45,83,27,2,7,20,7,0,0
Fábio Matheus Ribeiro Lima,23,1050217200,2003/04/13,Serie B,2023,Midfielder,Sport Recife,1698,893,805,Brazil,27,13,14,3,2,1,1,0,1,0,0,11,8,3,12,5,7,6,0,0.21,0.05,0.16,0.2,0.11,566,0.64,142,63,283,1698,0.32,125,225,-1,7,0,0.00,0,60,0.00,0.00,0,0,0.00,0,0,0.00,0,0.00,0.00,0.00,0,0.00,0.00,0.00,0.00,0,0.00,0.00,0.00,0.00,0.00,0.00,0.00,0.00,0.00,0.00,0.00,0.00,0.00,0.00,0.00,0.00,0.00,0.00,0.00,0,0,,0,0.00,9,0,0.00,21,0,0.00,10,3,9,18,4,0.00,99,0,0,0.00,9,0,32,0.00,14,0,0.00,99,0,0.00,0,0,0.00,0,0.00,6,0,0.00,8,0,0.00,0.00,0,0.00,0,0,0,0.00,0,0,0.00,84,0.00,0,N/A,N/A,N/A,N/A,0.00,0,0.00,0,0.00,0.00,0,0.00,0.00,21,99,0.00,0.00,0,12,12,0,0,0,0.00,0.00,0,20,0.00,0.00,0.00,0,0,0.00,0.00,99,0.00,0,0,0,0.00,0.00,0,0.00,0.00,0.00,0.00,0,0,0.00,48,66,70,72,84,0.00,0,0.00,0.00,0.00,14,0.00,0.00,1,0,0.00,0.00,0.00,0.00,4,0,0.00,13,0,2,71,0,45,2,0,0.00,99,0,0.00,0.00,0.00,0.00,0,0,0,0,0.00,0.00,0.00,0,0.00,99,0,0.00,0,0.00,99,0,0.00,0.00,32,63,83,70,0,0,0,0,0,71,77,72,80,0,99,70,45,63,6,0,10,47,0,0
Fábio Pizarro Sanches,35,663148800,1991/01/06,Serie B,2023,Defender,Ponte Preta,2205,1112,1093,Brazil,27,14,13,0,0,0,0,0,0,0,0,15,10,5,12,3,9,8,2,0,0,0,0,0,0,0.49,184,82,245,0,0.37,299,269,10,25,0,7.00,0,51,34.77,32.31,49,840,27.81,723,93,29.93,57,0.00,0.00,0.12,3,0.00,0.15,0.91,0.85,22,0.00,0.04,0.00,0.00,0.00,1.46,0.04,0.00,0.00,0.17,0.15,0.08,0.00,0.00,0.00,0.00,2.12,0.00,0.00,0,0,,4,0.15,14,0,0.00,21,4,0.17,17,1,0,26,38,0.00,99,0,38,1.57,90,4,67,0.17,26,0,0.00,99,0,0.00,0,0,0.00,0,0.12,12,2,0.08,11,1,0.04,50.00,0,0.00,0,0,0,0.00,0,0,0.00,95,0.00,0,N/A,N/A,N/A,N/A,0.00,0,0.00,0,0.12,0.00,0,86.07,0.00,21,67,0.35,0.37,9,13,55,0,0,0,1.12,1.20,29,98,182.03,4.88,5.26,127,0,0.00,0.00,99,0.00,0,0,0,0.00,0.00,0,0.00,0.00,0.00,0.00,0,0,0.00,48,80,70,48,95,1.84,27,0.07,0.08,0.12,14,0.00,0.00,40,24,0.92,0.99,0.70,0.65,16,17,0.00,13,85,97,71,0,45,89,0,0.00,99,55,0.00,2.28,6.62,6.15,160,102,43,23,4.22,3.92,63.75,1,0.04,88,0,25.00,0,0.00,99,1,0.04,0.04,36,82,19,33,0,0,0,0,0,34,48,65,59,0,99,96,37,72,6,22,70,27,0,0
Fábio Soares dos Santos,21,1102060800,2004/12/03,Serie B,2023,Midfielder,Vitória,0,0,0,Brazil,0,0,0,0,0,0,0,0,0,0,0,0,0,0,0,0,0,0,0,0,0,0,0,0,0,0,0,0,0,0,0,-1,-1,-1,-1,N/A,N/A,N/A,N/A,N/A,N/A,N/A,N/A,N/A,N/A,N/A,N/A,N/A,N/A,N/A,N/A,N/A,N/A,N/A,N/A,N/A,N/A,N/A,N/A,N/A,N/A,N/A,N/A,N/A,N/A,N/A,N/A,N/A,N/A,N/A,N/A,N/A,N/A,N/A,N/A,N/A,N/A,N/A,N/A,N/A,N/A,N/A,N/A,N/A,N/A,N/A,N/A,N/A,N/A,N/A,N/A,N/A,N/A,N/A,N/A,N/A,N/A,N/A,N/A,N/A,N/A,N/A,N/A,N/A,N/A,N/A,N/A,N/A,N/A,N/A,N/A,N/A,N/A,N/A,N/A,N/A,N/A,N/A,N/A,N/A,N/A,N/A,N/A,N/A,N/A,N/A,N/A,N/A,N/A,N/A,N/A,N/A,N/A,N/A,N/A,N/A,N/A,N/A,N/A,N/A,N/A,N/A,N/A,N/A,N/A,N/A,N/A,N/A,N/A,N/A,N/A,N/A,N/A,N/A,N/A,N/A,N/A,N/A,N/A,N/A,N/A,N/A,N/A,N/A,N/A,N/A,N/A,N/A,N/A,N/A,N/A,N/A,N/A,N/A,N/A,N/A,N/A,N/A,N/A,N/A,N/A,N/A,N/A,N/A,N/A,N/A,N/A,N/A,N/A,N/A,N/A,N/A,N/A,N/A,N/A,N/A,N/A,N/A,N/A,N/A,N/A,N/A,N/A,N/A,N/A,N/A,N/A,N/A,N/A,N/A,N/A,N/A,N/A,N/A,N/A,N/A,N/A,N/A,N/A,N/A,N/A,N/A,N/A,N/A,N/A,N/A,N/A,N/A,N/A,N/A,N/A,N/A,N/A,N/A,N/A,N/A,N/A,N/A,N/A,N/A,N/A,N/A,N/A,N/A,N/A,N/A,N/A,N/A,N/A,N/A,N/A,N/A,N/A,N/A,N/A,N/A,N/A,N/A,N/A
Fabricio Daniel de Souza,28,869641200,1997/07/23,Serie B,2023,Forward,Sport Recife,945,502,443,Brazil,23,11,12,4,3,1,2,2,0,1,0,7,6,1,8,2,6,0,0,0.57,0.19,0.38,0.54,0.2,236,0.76,118,41,0,473,0,28,62,-1,4,0,6.87,0.09,91,25.33,11.09,27,244,8.50,187,43,19.41,29,0.00,0.00,0.59,13,0.00,1.59,1.04,0.45,10,0.00,0.45,0.00,0.00,0.00,0.05,0.41,0.00,5.33,1.66,0.32,0.86,0.00,0.41,0.11,0.00,0.18,0.00,0.00,0,0,,16,0.73,82,9,0.93,92,7,0.73,73,7,12,10,44,0.00,99,0,1,0.10,11,35,40,3.63,85,0,0.00,99,0,0.00,0,0,0.00,0,1.35,79,19,1.97,82,9,0.93,47.37,0,0.00,0,0,0,0.00,0,0,0.00,67,0.00,0,N/A,N/A,N/A,N/A,0.00,0,0.00,0,2.37,0.00,0,76.64,56.25,88,62,0.18,0.42,4,79,45,1,0,0,0.09,0.21,2,55,151.21,0.09,0.21,2,0,0.00,0.00,99,0.00,0,1,0,0.00,0.00,0,0.00,0.00,0.10,0.05,1,1,18.75,88,36,58,54,67,2.04,89,0.09,0.21,1.67,84,0.08,0.17,88,24,1.09,2.49,1.25,0.55,39,12,0.25,92,63,7,71,0,62,19,0,0.00,99,4,0.00,0.42,10.28,4.50,99,47,64,67,4.88,2.14,47.47,10,1.04,24,0,14.29,0,0.00,99,5,0.23,0.52,69,38,90,98,0,0,0,0,0,98,95,83,97,0,99,33,8,8,0,0,10,97,0,0
Fabricio Rodrigues da Silva Ferreira,27,926060400,1999/05/07,Serie B,2023,Forward,Sampaio Corrêa,265,153,112,Brazil,7,4,3,0,0,0,0,0,0,0,0,2,2,0,5,3,2,1,0,0,0,0,0,0,0,1.7,53,38,265,0,0.34,-1,-1,-1,37,0,6.59,0,51,34.30,14.43,48,101,11.43,80,58,27.17,49,0.00,0.00,0.14,1,0.00,1.57,1.36,0.57,4,0.00,1.00,0.00,0.00,0.00,0.29,1.14,0.00,0.00,2.72,0.86,2.57,0.00,0.29,0.05,0.00,0.14,0.00,0.00,0,0,,8,1.14,98,2,0.68,77,6,2.04,99,2,4,3,59,0.00,99,0,2,0.68,45,11,45,3.74,87,0,0.00,99,0,0.00,0,0,0.00,0,0.34,25,18,6.11,99,8,2.72,44.44,0,0.00,0,0,0,0.00,0,0,0.00,2,0.00,0,N/A,N/A,N/A,N/A,0.00,0,0.00,0,0.33,0.00,0,79.21,25.00,36,70,0.14,0.34,1,99,39,0,0,0,0.00,0.00,0,20,46.10,0.00,0.00,0,0,0.00,0.00,99,0.00,0,0,0,0.00,0.00,0,0.00,0.00,0.00,0.00,0,0,0.00,48,0,4,48,2,0.20,19,0.03,0.07,0.33,69,0.05,0.11,1,0,0.00,0.00,2.04,0.86,80,6,0.11,67,16,2,71,0,45,14,0,0.00,99,1,0.00,0.34,14.26,6.00,42,13,49,94,4.42,1.86,30.95,7,2.38,1,0,18.18,0,0.00,99,2,0.29,0.68,76,3,56,53,0,0,0,0,0,34,48,65,59,0,99,29,42,67,1,14,47,11,0,0
Fabricio Santos de Jesus,33,708418800,1992/06/13,Serie B,2023,Midfielder,Londrina,349,233,116,Brazil,10,6,4,0,0,0,0,0,0,0,0,1,1,0,7,4,3,2,0,0,0,0,0,0,0,1.81,50,35,175,0,0.52,277,350,-1,22,0,6.42,0,51,46.68,18.10,82,181,15.40,154,89,39.71,84,0.00,0.00,0.30,3,0.00,0.60,1.29,0.50,5,0.00,0.40,0.00,0.00,0.00,0.30,0.00,0.00,0.00,0.26,0.00,0.40,0.00,0.10,0.01,0.00,0.20,0.00,0.00,0,0,,1,0.10,17,1,0.26,52,0,0.00,10,2,5,5,56,0.00,99,0,3,0.77,51,6,86,1.55,59,0,0.00,99,0,0.00,0,0,0.00,0,0.77,49,4,1.03,53,0,0.00,0.00,0,0.00,0,0,0,0.00,0,0,0.00,1,0.00,0,N/A,N/A,N/A,N/A,0.00,0,0.00,0,0.05,0.00,0,85.08,100.00,99,50,0.20,0.52,2,12,12,0,0,0,0.10,0.26,1,60,64.17,0.50,1.29,5,1,0.00,0.26,0,0.10,0,0,0,0.00,0.00,0,0.00,0.00,0.00,0.00,0,0,0.00,48,0,12,48,2,0.38,45,0.04,0.10,0.05,27,0.01,0.01,34,3,0.30,0.77,3.35,1.30,99,13,0.01,26,9,55,71,0,45,25,0,0.00,99,2,0.00,0.52,9.54,3.70,37,10,12,58,2.58,1.00,27.03,4,1.03,24,0,33.33,0,0.00,99,2,0.20,0.52,69,11,64,53,0,0,0,0,0,34,48,65,59,0,99,3,20,90,2,20,65,2,0,0
Fabrício Silva Dornellas,36,635500800,1990/02/20,Serie B,2023,Defender,ABC,1241,507,734,Brazil,16,7,9,0,0,0,0,0,0,0,0,4,2,2,15,5,10,5,0,0,0,0,0,0,0,1.09,83,78,248,0,0.36,344,265,157,28,0,6.82,0,51,43.08,37.12,73,594,28.06,449,36,32.56,65,0.00,0.00,0.19,3,0.00,0.00,0.73,0.62,10,0.00,0.06,0.00,0.00,0.00,0.94,0.25,0.00,0.00,0.51,0.19,0.25,0.00,0.25,0.02,0.00,0.75,0.00,0.00,0,0,,7,0.44,36,4,0.29,55,3,0.22,22,3,2,14,30,0.00,99,0,15,1.09,68,0,32,0.00,14,0,0.00,99,0,0.00,0,0,0.00,0,0.22,19,4,0.29,23,4,0.29,100.00,0,0.00,0,0,0,0.00,0,0,0.00,27,0.00,0,N/A,N/A,N/A,N/A,0.00,0,0.00,0,0.36,0.00,0,75.59,57.14,90,83,0.19,0.22,3,35,99,0,0,0,1.25,1.45,20,99,109.11,3.88,4.50,62,0,0.00,0.00,99,0.00,0,0,0,0.00,0.00,0,0.00,0.00,0.00,0.00,0,0,0.00,48,49,34,48,28,0.90,19,0.06,0.07,0.36,45,0.02,0.03,19,7,0.44,0.51,1.38,1.19,49,19,0.03,43,54,94,71,0,45,42,0,0.00,99,12,0.00,0.87,4.86,4.19,67,33,10,10,2.39,2.06,49.25,1,0.07,87,0,0.00,0,0.00,99,0,0.00,0.00,32,52,39,70,0,0,0,0,0,34,48,65,59,0,99,22,38,71,5,31,88,15,0,0
Facundo Labandeira Castro,30,825840000,1996/03/03,Serie B,2023,Forward,Sport Recife,995,460,535,Uruguay,20,9,11,1,1,0,3,3,0,0,0,8,5,3,14,9,5,3,0,0.36,0.27,0.09,0.2,0,995,1.27,71,50,332,332,0.27,199,23,-1,16,0,6.76,0.15,97,18.45,10.20,9,204,6.65,133,7,12.03,7,0.00,0.00,0.50,10,0.00,2.45,2.17,1.20,24,0.00,0.45,0.00,0.00,0.00,0.10,0.80,0.00,15.00,1.36,0.45,1.55,0.00,0.30,0.06,0.00,0.70,0.00,0.00,0,0,,15,0.75,73,6,0.54,71,9,0.81,75,5,8,12,91,0.00,99,0,2,0.18,18,49,35,4.43,91,0,0.00,99,0,0.00,0,0,0.00,0,0.90,56,31,2.80,92,16,1.45,51.61,0,0.00,0,0,0,0.00,0,0,0.00,13,0.00,0,N/A,N/A,N/A,N/A,0.00,0,0.00,0,1.15,0.00,0,65.20,40.00,60,16,0.55,0.99,11,93,57,0,0,0,0.10,0.18,2,49,135.23,0.05,0.09,1,0,0.00,0.00,99,0.00,0,0,0,0.00,0.00,0,0.00,0.00,0.54,0.30,6,0,6.67,57,40,49,86,13,2.36,89,0.12,0.21,1.15,68,0.06,0.10,72,20,1.00,1.81,1.27,0.70,42,14,0.10,65,44,2,71,0,93,61,0,0.00,99,14,0.00,1.27,12.39,6.85,137,74,92,86,6.69,3.70,54.01,9,0.81,37,0,12.24,0,0.00,99,6,0.30,0.54,70,47,79,89,0,0,0,0,0,87,63,65,80,0,99,67,54,55,3,15,50,30,0,0
Felipe Alburquerque Felippi,26,938588400,1999/09/29,Serie B,2023,Defender,Chapecoense,1244,749,495,Brazil,22,11,11,0,0,0,1,1,0,0,0,5,3,2,12,4,8,5,0,0.07,0.07,0,0,0,0,0.87,104,57,249,1244,0.36,379,190,102,40,0,6.69,0.05,67,41.06,26.29,67,552,19.86,417,36,31.02,61,0.00,0.00,0.48,10,0.00,2.19,1.34,0.86,18,0.00,0.14,0.00,0.00,0.00,0.76,0.10,0.00,0.00,0.30,0.14,0.29,0.00,0.05,0.01,0.00,0.81,0.00,0.00,0,0,,4,0.19,20,1,0.07,27,3,0.22,22,1,7,14,59,0.00,99,0,16,1.19,73,46,47,3.42,83,0,0.00,99,0,0.00,0,0,0.00,0,0.74,48,6,0.45,29,2,0.15,33.33,0,0.00,0,0,0,0.00,0,0,0.00,53,0.00,0,N/A,N/A,N/A,N/A,0.00,0,0.00,0,0.16,0.00,0,75.54,25.00,36,58,0.29,0.45,6,23,22,0,0,0,0.14,0.22,3,56,140.53,1.33,2.08,28,0,0.00,0.00,99,0.00,0,0,1,0.05,0.07,0,0.00,0.00,0.00,0.00,0,0,0.00,48,50,54,48,54,1.13,27,0.05,0.08,0.16,27,0.01,0.01,24,8,0.38,0.60,1.64,1.05,62,22,0.01,26,26,75,88,0,45,61,0,0.00,99,17,0.00,1.26,6.47,4.14,87,45,24,21,3.35,2.14,51.72,3,0.22,74,0,19.57,0,0.00,99,9,0.43,0.67,76,52,74,33,0,0,0,0,0,42,48,65,59,0,99,17,38,71,5,23,73,2,0,0
Felipe Almeida da Rocha,23,1024383600,2002/06/18,Serie B,2023,Forward,Avaí,905,510,395,Brazil,24,13,11,2,2,0,1,0,1,0,0,6,2,4,6,5,1,6,1,0.3,0.1,0.2,0.35,0,453,0.6,151,38,151,905,0.6,90,139,-1,6,0,0.00,0,76,0.00,0.00,0,0,0.00,0,0,0.00,0,0.00,0.00,0.00,0,0.00,0.00,0.00,0.00,0,0.00,0.00,0.00,0.00,0.00,0.00,0.00,0.00,0.00,0.00,0.00,0.00,0.00,0.00,0.00,0.00,0.00,0.00,0.00,0,0,,0,0.00,9,0,0.00,21,0,0.00,10,2,14,9,4,0.00,99,0,0,0.00,9,0,32,0.00,14,0,0.00,99,0,0.00,0,0,0.00,0,0.00,6,0,0.00,8,0,0.00,0.00,0,0.00,0,0,0,0.00,0,0,0.00,90,0.00,0,N/A,N/A,N/A,N/A,0.00,0,0.00,0,0.00,0.00,0,0.00,0.00,21,99,0.00,0.00,0,12,12,0,0,0,0.00,0.00,0,20,0.00,0.00,0.00,0,0,0.00,0.00,99,0.00,0,0,0,0.00,0.00,0,0.00,0.00,0.00,0.00,0,0,0.00,48,35,61,65,90,0.00,0,0.00,0.00,0.00,14,0.00,0.00,1,0,0.00,0.00,0.00,0.00,4,0,0.00,13,0,2,71,0,45,2,0,0.00,99,0,0.00,0.00,0.00,0.00,0,0,0,0,0.00,0.00,0.00,0,0.00,99,0,0.00,0,0.00,99,0,0.00,0.00,32,33,93,53,0,0,0,0,0,81,84,65,90,0,99,22,13,95,5,0,10,38,0,0
Felipe Amaral Casarin Damasceno,22,1057647600,2003/07/08,Serie B,2023,Forward,Ponte Preta,2018,1015,1003,Brazil,30,15,15,1,0,1,0,0,0,0,0,15,9,6,13,4,9,8,0,0.04,0,0.04,0,0.09,2018,0.58,155,67,252,0,0.36,254,465,-1,10,0,0.00,0,51,0.00,0.00,0,0,0.00,0,0,0.00,0,0.00,0.00,0.00,0,0.00,0.00,0.00,0.00,0,0.00,0.00,0.00,0.00,0.00,0.00,0.00,0.00,0.00,0.00,0.00,0.00,0.00,0.00,0.00,0.00,0.00,0.00,0.00,0,0,,0,0.00,9,0,0.00,21,0,0.00,10,1,3,26,4,0.00,99,0,0,0.00,9,0,32,0.00,14,0,0.00,99,0,0.00,0,0,0.00,0,0.00,6,0,0.00,8,0,0.00,0.00,0,0.00,0,0,0,0.00,0,0,0.00,91,0.00,0,N/A,N/A,N/A,N/A,0.00,0,0.00,0,0.00,0.00,0,0.00,0.00,21,99,0.00,0.00,0,12,12,0,0,0,0.00,0.00,0,20,0.00,0.00,0.00,0,0,0.00,0.00,99,0.00,0,0,0,0.00,0.00,0,0.00,0.00,0.00,0.00,0,0,0.00,48,74,79,96,91,0.00,0,0.00,0.00,0.00,14,0.00,0.00,1,0,0.00,0.00,0.00,0.00,4,0,0.00,13,0,2,71,0,45,2,0,0.00,99,0,0.00,0.00,0.00,0.00,0,0,0,0,0.00,0.00,0.00,0,0.00,99,0,0.00,0,0.00,99,0,0.00,0.00,32,82,50,33,0,0,0,0,0,37,52,70,59,0,99,92,38,71,8,0,10,8,0,0
Felipe Camargo de Souza,27,915782400,1999/01/08,Serie B,2023,Defender,Avaí,46,0,46,Brazil,2,0,2,0,0,0,0,0,0,0,0,1,0,1,0,0,0,1,0,0,0,0,0,0,0,0,0,23,46,0,1.96,-1,-1,-1,39,0,6.62,0,51,180.00,4.00,99,4,2.00,2,0,90.00,99,0.00,0.00,0.00,0,0.00,0.00,0.00,0.00,0,0.00,0.00,0.00,0.00,0.00,0.00,0.00,0.00,0.00,0.00,0.00,0.00,0.00,0.00,0.00,0.00,0.00,0.00,0.00,0,0,,0,0.00,9,0,0.00,21,0,0.00,10,0,2,0,4,0.00,99,0,0,0.00,9,0,32,0.00,14,0,0.00,99,0,0.00,0,0,0.00,0,0.00,6,0,0.00,8,0,0.00,0.00,0,0.00,0,0,0,0.00,0,0,0.00,99,0.00,0,N/A,N/A,N/A,N/A,0.00,0,0.00,0,0.00,0.00,0,50.00,0.00,21,99,0.00,0.00,0,12,12,0,0,0,0.00,0.00,0,20,6.62,0.00,0.00,0,0,0.00,0.00,99,0.00,0,0,0,0.00,0.00,0,0.00,0.00,0.00,0.00,0,0,0.00,48,0,0,48,0,0.00,0,0.00,0.00,0.00,14,0.00,0.00,1,0,0.00,0.00,0.00,0.00,4,0,0.00,13,19,2,71,0,45,2,0,0.00,99,0,0.00,0.00,0.00,0.00,0,0,0,0,0.00,0.00,0.00,0,0.00,99,0,0.00,0,0.00,99,0,0.00,0.00,32,0,39,9,0,0,0,0,0,34,48,65,59,0,99,92,8,99,1,50,99,34,0,0
Felipe Cauã Mafgra Vieira,22,1083826800,2004/05/06,Serie B,2023,Defender,Sampaio Corrêa,0,0,0,Brazil,0,0,0,0,0,0,0,0,0,0,0,0,0,0,0,0,0,0,0,0,0,0,0,0,0,0,0,0,0,0,0,-1,-1,-1,-1,N/A,N/A,N/A,N/A,N/A,N/A,N/A,N/A,N/A,N/A,N/A,N/A,N/A,N/A,N/A,N/A,N/A,N/A,N/A,N/A,N/A,N/A,N/A,N/A,N/A,N/A,N/A,N/A,N/A,N/A,N/A,N/A,N/A,N/A,N/A,N/A,N/A,N/A,N/A,N/A,N/A,N/A,N/A,N/A,N/A,N/A,N/A,N/A,N/A,N/A,N/A,N/A,N/A,N/A,N/A,N/A,N/A,N/A,N/A,N/A,N/A,N/A,N/A,N/A,N/A,N/A,N/A,N/A,N/A,N/A,N/A,N/A,N/A,N/A,N/A,N/A,N/A,N/A,N/A,N/A,N/A,N/A,N/A,N/A,N/A,N/A,N/A,N/A,N/A,N/A,N/A,N/A,N/A,N/A,N/A,N/A,N/A,N/A,N/A,N/A,N/A,N/A,N/A,N/A,N/A,N/A,N/A,N/A,N/A,N/A,N/A,N/A,N/A,N/A,N/A,N/A,N/A,N/A,N/A,N/A,N/A,N/A,N/A,N/A,N/A,N/A,N/A,N/A,N/A,N/A,N/A,N/A,N/A,N/A,N/A,N/A,N/A,N/A,N/A,N/A,N/A,N/A,N/A,N/A,N/A,N/A,N/A,N/A,N/A,N/A,N/A,N/A,N/A,N/A,N/A,N/A,N/A,N/A,N/A,N/A,N/A,N/A,N/A,N/A,N/A,N/A,N/A,N/A,N/A,N/A,N/A,N/A,N/A,N/A,N/A,N/A,N/A,N/A,N/A,N/A,N/A,N/A,N/A,N/A,N/A,N/A,N/A,N/A,N/A,N/A,N/A,N/A,N/A,N/A,N/A,N/A,N/A,N/A,N/A,N/A,N/A,N/A,N/A,N/A,N/A,N/A,N/A,N/A,N/A,N/A,N/A,N/A,N/A,N/A,N/A,N/A,N/A,N/A,N/A,N/A,N/A,N/A,N/A,N/A
Felipe de Figueiredo Ferreira,32,767257200,1994/04/25,Serie B,2023,Forward,Chapecoense,1007,516,491,Brazil,26,12,14,1,1,0,0,0,0,0,0,6,3,3,12,4,8,2,0,0.09,0,0.09,0.17,0,1007,1.07,84,39,504,0,0.18,202,369,-1,14,0,6.62,0,51,26.45,11.38,30,296,9.42,245,79,21.90,36,0.00,0.00,0.62,16,0.00,1.38,0.36,0.15,4,0.00,0.58,0.00,0.00,0.00,0.08,0.08,0.00,20.00,1.79,0.62,0.42,0.00,0.15,0.05,0.00,0.23,0.00,0.00,0,0,,20,0.77,86,4,0.36,60,16,1.43,96,5,17,9,11,0.00,99,0,2,0.18,18,36,74,3.22,81,0,0.00,99,0,0.00,0,0,0.00,0,1.43,82,11,0.98,51,2,0.18,18.18,0,0.00,0,0,0,0.00,0,0,0.00,29,0.00,0,N/A,N/A,N/A,N/A,0.00,0,0.00,0,1.30,0.00,0,82.77,20.00,31,33,0.31,0.71,8,27,13,0,0,0,0.00,0.00,0,20,172.10,0.19,0.45,5,0,0.00,0.00,99,0.00,0,0,1,0.04,0.09,0,0.00,0.00,0.63,0.27,7,0,5.00,52,40,67,86,29,1.17,45,0.04,0.10,1.30,73,0.05,0.12,82,25,0.96,2.23,0.27,0.12,8,3,0.12,70,19,18,91,0,95,26,0,0.00,99,6,0.00,0.54,7.15,3.08,80,37,23,29,3.31,1.42,46.25,15,1.34,13,0,27.78,0,0.00,99,10,0.38,0.89,83,33,96,89,0,0,0,0,0,48,63,65,75,0,99,17,74,35,2,8,26,94,0,0
Felipe Ferreira da Cruz,56,28800,1970/01/01,Serie B,2023,Forward,Tombense,46,26,20,Brazil,5,3,2,0,0,0,0,0,0,0,0,0,0,0,3,2,1,0,0,0,0,0,0,0,0,5.87,15,9,0,0,0,-1,-1,-1,27,0,6.45,0,51,37.17,3.80,55,19,3.60,18,99,35.22,74,0.00,0.00,0.00,0,0.00,0.00,3.91,0.40,2,0.00,0.60,0.00,0.00,0.00,0.00,0.00,0.00,0.00,1.96,0.00,0.40,0.00,0.20,0.01,0.00,0.00,0.00,0.00,0,0,,1,0.20,92,1,1.96,99,0,0.00,10,0,5,0,99,0.00,99,0,0,0.00,9,0,32,0.00,14,0,0.00,99,0,0.00,0,0,0.00,0,0.00,6,2,3.91,97,0,0.00,0.00,0,0.00,0,0,0,0.00,0,0,0.00,0,0.00,0,N/A,N/A,N/A,N/A,0.00,0,0.00,0,0.07,0.00,0,94.74,100.00,99,99,0.00,0.00,0,12,12,0,0,0,0.00,0.00,0,20,32.25,0.00,0.00,0,0,0.00,0.00,99,0.00,0,0,0,0.00,0.00,0,0.00,0.00,0.00,0.00,0,0,0.00,48,0,1,48,0,0.03,14,0.01,0.06,0.07,78,0.01,0.14,99,6,1.20,11.74,3.91,0.40,99,2,0.14,76,9,2,71,0,45,2,0,0.00,99,0,0.00,0.00,33.26,3.40,17,8,99,99,15.65,1.60,47.06,3,5.87,0,0,0.00,0,0.00,99,0,0.00,0.00,32,0,64,9,0,0,0,0,0,34,48,65,59,0,99,1,8,8,0,0,10,19,0,0
Felipe Florencio da Silva,24,1014105600,2002/02/19,Serie B,2023,Defender,Avaí,1265,725,540,Brazil,15,9,6,0,0,0,0,0,0,0,0,5,3,2,16,8,8,3,1,0,0,0,0,0,0,1.14,79,84,316,0,0.28,423,410,167,28,0,6.65,0,51,54.57,51.13,95,767,41.73,626,71,44.54,93,0.00,0.00,0.20,3,0.00,0.27,1.21,1.13,17,0.00,0.07,0.00,0.00,0.00,1.27,0.00,0.00,0.00,0.43,0.33,0.13,0.00,0.07,0.01,0.00,2.07,0.00,0.00,0,0,,6,0.40,29,1,0.07,27,5,0.36,39,0,0,15,52,0.00,99,0,19,1.35,82,4,67,0.28,31,0,0.00,99,0,0.00,0,0,0.00,0,0.21,18,2,0.14,15,0,0.00,0.00,0,0.00,0,0,0,0.00,0,0,0.00,22,0.00,0,N/A,N/A,N/A,N/A,0.00,0,0.00,0,0.18,0.00,0,81.62,16.67,28,69,0.33,0.36,5,12,12,0,0,0,1.07,1.14,16,98,99.72,3.93,4.20,59,1,0.00,0.07,6,0.07,0,0,0,0.00,0.00,0,0.00,0.00,0.00,0.00,0,0,0.00,48,50,30,48,22,1.22,36,0.08,0.09,0.18,27,0.01,0.01,25,9,0.60,0.64,1.00,0.93,29,14,0.01,26,22,91,71,0,45,88,0,0.00,99,31,0.00,2.21,6.40,6.00,90,57,39,21,4.06,3.80,63.33,1,0.07,87,0,25.00,0,0.00,99,1,0.07,0.07,39,55,19,9,0,0,0,0,0,34,48,65,59,0,99,45,52,57,2,13,43,35,0,0
Felipe Garcia dos Prazeres,38,568800000,1988/01/10,Serie B,2023,Goalkeeper,Tombense,3330,1620,1710,Brazil,37,18,19,0,0,0,0,0,0,0,0,7,4,3,45,18,27,3,0,0,0,0,0,0,0,1.22,74,90,1110,0,0.08,512,504,182,24,0,6.83,0,51,21.14,21.14,16,761,15.22,548,19,15.22,17,0.00,0.00,0.03,1,0.00,0.00,0.06,0.06,2,0.00,0.03,0.00,0.00,2.89,0.00,0.00,4.22,0.00,0.00,0.00,0.03,0.00,0.00,0.00,0.00,0.31,0.00,0.00,0,0,,0,0.00,9,0,0.00,21,0,0.00,10,0,0,36,6,0.00,99,0,0,0.00,9,0,32,0.00,14,0,0.00,99,0,0.00,0,0,0.00,0,0.03,8,1,0.03,9,0,0.00,0.00,0,0.00,0,104,21,2.89,47,152,0.00,15,4.22,65,N/A,N/A,N/A,N/A,68.42,0,0.00,0,0.00,0.00,0,72.01,0.00,21,93,0.06,0.06,2,12,12,0,0,52,0.00,0.00,0,20,245.72,1.44,1.44,52,0,0.00,0.00,99,0.00,0,0,0,0.00,0.00,34,0.94,0.94,0.00,0.00,0,0,0.00,48,99,99,48,16,1.37,8,0.04,0.04,0.00,14,0.00,0.00,5,5,0.14,0.14,0.00,0.00,4,0,0.00,13,56,61,71,94,45,13,0,0.00,99,11,0.00,0.31,0.58,0.58,21,17,6,5,0.47,0.47,80.95,1,0.03,88,0,0.00,0,0.00,99,0,0.00,0.00,32,99,19,9,0,0,0,0,0,34,48,65,59,0,99,11,96,12,3,8,26,1,0,0
Felipe Garcia Gonçalves,35,657878400,1990/11/06,Serie B,2023,Forward,ABC,1009,479,530,Brazil,13,7,6,2,0,2,0,0,0,0,0,2,1,1,14,3,11,5,2,0.18,0,0.18,0,0.34,505,1.25,72,78,168,0,0.54,109,480,-1,7,0,6.30,0,51,18.55,16.00,9,208,10.15,132,5,11.77,6,0.00,0.00,0.54,7,0.00,0.62,0.45,0.38,5,0.00,0.92,0.00,0.00,0.00,0.46,0.54,0.00,8.50,1.52,0.92,0.92,0.00,0.38,0.14,0.00,2.23,0.00,0.00,0,0,,17,1.31,77,5,0.45,67,12,1.07,88,2,1,12,13,0.00,99,0,6,0.54,39,8,32,0.71,47,0,0.00,99,0,0.00,0,0,0.00,0,0.62,41,12,1.07,55,7,0.62,58.33,0,0.00,0,0,0,0.00,0,0,0.00,14,0.00,0,N/A,N/A,N/A,N/A,0.00,0,0.00,0,1.77,0.00,0,63.46,29.41,40,43,0.54,0.62,7,62,67,0,0,0,0.23,0.27,3,62,81.90,0.62,0.71,8,0,0.00,0.00,99,0.00,0,0,1,0.08,0.09,0,0.00,0.00,0.54,0.46,6,0,11.76,74,40,24,69,14,0.64,14,0.05,0.06,1.77,82,0.14,0.16,71,20,1.54,1.78,1.87,1.62,74,21,0.16,80,6,32,91,0,93,93,0,0.00,99,29,0.00,2.59,13.47,11.62,151,61,77,92,5.44,4.69,40.40,12,1.07,23,0,0.00,0,0.00,99,0,0.00,0.00,32,47,30,53,0,1,0,8,0,66,81,92,59,0,99,6,17,92,3,23,73,9,0,0
Felipe Guilherme Santos Fonseca,22,1053759600,2003/05/24,Serie B,2023,Forward,Ituano,351,191,160,Brazil,14,6,8,0,0,0,1,1,0,0,0,4,1,3,2,1,1,1,0,0.26,0.26,0,0,0,0,0.51,176,25,351,351,0.26,332,27,-1,15,0,0.00,0,97,0.00,0.00,0,0,0.00,0,0,0.00,0,0.00,0.00,0.00,0,0.00,0.00,0.00,0.00,0,0.00,0.00,0.00,0.00,0.00,0.00,0.00,0.00,0.00,0.00,0.00,0.00,0.00,0.00,0.00,0.00,0.00,0.00,0.00,0,0,,0,0.00,9,0,0.00,21,0,0.00,10,2,10,3,4,0.00,99,0,0,0.00,9,0,32,0.00,14,0,0.00,99,0,0.00,0,0,0.00,0,0.00,6,0,0.00,8,0,0.00,0.00,0,0.00,0,0,0,0.00,0,0,0.00,94,0.00,0,N/A,N/A,N/A,N/A,0.00,0,0.00,0,0.00,0.00,0,0.00,0.00,21,99,0.00,0.00,0,12,12,0,0,0,0.00,0.00,0,20,0.00,0.00,0.00,0,0,0.00,0.00,99,0.00,0,0,0,0.00,0.00,0,0.00,0.00,0.00,0.00,0,0,0.00,48,0,27,48,94,0.00,0,0.00,0.00,0.00,14,0.00,0.00,1,0,0.00,0.00,0.00,0.00,4,0,0.00,13,0,2,71,0,45,2,0,0.00,99,0,0.00,0.00,0.00,0.00,0,0,0,0,0.00,0.00,0.00,0,0.00,99,0,0.00,0,0.00,99,0,0.00,0.00,32,3,85,53,0,0,0,0,0,77,48,65,59,0,99,29,56,53,1,0,10,22,0,0
Felipe Marques da Silva,36,633427200,1990/01/27,Serie B,2023,Forward,Novorizontino,757,349,408,Brazil,24,12,12,2,1,1,0,0,0,0,0,9,6,3,4,1,3,0,0,0.24,0,0.24,0.26,0.22,379,0.48,189,32,0,0,0,74,386,-1,9,0,6.71,0,51,25.09,9.17,26,211,7.61,175,80,20.81,33,0.00,0.00,1.00,23,0.00,0.74,0.59,0.22,5,0.00,0.65,0.00,0.00,0.00,0.13,0.17,0.00,12.50,2.97,0.57,0.52,0.00,0.52,0.09,0.00,0.26,0.00,0.00,0,0,,25,1.09,99,12,1.43,99,13,1.55,98,5,19,4,20,0.00,99,0,3,0.36,30,17,60,2.02,67,0,0.00,99,0,0.00,0,0,0.00,0,2.73,99,12,1.43,69,4,0.48,33.33,0,0.00,0,0,0,0.00,0,0,0.00,95,0.00,0,N/A,N/A,N/A,N/A,0.00,0,0.00,0,2.18,0.00,0,82.94,48.00,74,45,0.22,0.59,5,54,22,0,0,0,0.00,0.00,0,20,154.32,0.13,0.36,3,0,0.00,0.00,99,0.00,0,0,1,0.04,0.12,0,0.00,0.00,0.36,0.13,3,0,8.00,61,25,58,62,96,1.44,80,0.06,0.17,2.18,96,0.09,0.26,77,17,0.74,2.02,0.95,0.35,26,8,0.26,94,32,14,94,0,87,34,0,0.00,99,6,0.00,0.71,9.87,3.61,83,32,33,61,3.80,1.39,38.55,15,1.78,4,0,23.53,0,0.00,99,4,0.17,0.48,68,8,97,89,0,0,0,0,0,74,88,85,86,0,99,48,8,8,0,0,10,20,0,0
Felipe Saraiva de Souza Silva,28,889430400,1998/03/09,Serie B,2023,Forward,Ituano,1823,896,927,Brazil,28,13,15,2,0,2,2,1,1,0,0,9,4,5,16,6,10,4,0,0.2,0.1,0.1,0,0.19,912,0.79,114,65,456,912,0.2,191,140,-1,6,0,6.91,0.07,76,23.50,16.96,22,458,13.26,358,51,18.37,26,0.00,0.00,0.85,23,0.00,1.52,1.13,0.81,22,0.00,1.33,0.00,0.00,0.00,0.33,1.74,0.00,15.00,1.54,0.48,2.59,0.00,0.63,0.09,0.00,0.19,0.00,0.00,0,0,,30,1.11,78,17,0.87,90,13,0.67,69,4,8,19,48,0.00,99,0,9,0.46,35,41,47,2.10,67,0,0.00,99,0,0.00,0,0,0.00,0,1.18,72,70,3.59,96,47,2.41,67.14,0,0.00,0,0,0,0.00,0,0,0.00,64,0.00,0,N/A,N/A,N/A,N/A,0.00,0,0.00,0,2.51,0.00,0,78.17,56.67,88,23,0.63,0.87,17,98,83,0,0,0,0.04,0.05,1,24,186.52,0.22,0.31,6,0,0.00,0.00,99,0.00,0,0,1,0.04,0.05,0,0.00,0.00,0.10,0.07,2,0,6.67,57,69,73,85,64,2.92,71,0.11,0.15,2.51,76,0.09,0.13,99,75,2.78,3.85,1.28,0.93,42,25,0.13,73,72,13,82,0,62,10,0,0.00,99,5,0.00,0.26,13.49,9.74,263,149,97,92,7.65,5.52,56.65,36,1.85,3,0,19.51,0,0.00,99,8,0.30,0.41,65,66,79,83,0,0,0,0,0,69,65,82,59,0,99,38,71,40,4,14,47,21,0,0
Felipe Vieira Augusto,27,925801200,1999/05/04,Serie B,2023,Defender,Vitória,837,477,360,Brazil,14,9,5,0,0,0,0,0,0,0,0,7,6,1,5,2,3,2,0,0,0,0,0,0,0,0.54,167,60,419,0,0.22,477,469,14,25,0,6.67,0,51,39.46,26.21,62,367,20.07,281,42,30.22,59,0.00,0.00,0.50,7,0.00,1.71,1.18,0.79,11,0.00,0.29,0.00,0.00,0.00,0.71,0.36,0.00,0.00,0.00,0.00,0.86,0.00,0.00,0.00,0.00,1.14,0.00,0.00,0,0,,0,0.00,9,0,0.00,21,0,0.00,10,6,4,10,50,0.00,99,0,10,1.08,67,24,44,2.58,73,0,0.00,99,0,0.00,0,0,0.00,0,0.75,48,12,1.29,64,5,0.54,41.67,0,0.00,0,0,0,0.00,0,0,0.00,93,0.00,0,N/A,N/A,N/A,N/A,0.00,0,0.00,0,0.00,0.00,0,76.57,0.00,21,18,0.64,0.97,9,58,35,0,0,0,0.07,0.11,1,34,93.37,1.43,2.15,20,0,0.00,0.00,99,0.00,0,0,0,0.00,0.00,0,0.00,0.00,0.00,0.00,0,0,0.00,48,30,27,48,93,0.75,27,0.05,0.08,0.00,14,0.00,0.00,90,24,1.71,2.58,1.51,1.00,56,14,0.00,13,24,77,71,0,45,76,0,0.00,99,16,0.00,1.72,10.65,7.07,99,56,86,72,6.02,4.00,56.57,4,0.43,64,0,16.67,0,0.00,99,4,0.29,0.43,66,38,56,94,0,0,0,0,0,34,48,65,59,0,99,92,66,46,2,14,47,16,0,0
Felipe Vizeu do Carmo,29,858153600,1997/03/12,Serie B,2023,Forward,Criciúma,1646,1010,636,Brazil,27,15,12,6,5,1,1,1,0,0,0,13,8,5,11,6,5,6,0,0.38,0.05,0.33,0.45,0.14,274,0.6,150,61,274,1646,0.33,37,216,-1,2,0,6.81,0.04,60,19.68,13.33,12,360,9.81,265,25,14.49,14,0.00,0.00,0.85,23,0.00,0.19,0.55,0.37,10,0.00,0.78,0.00,0.00,0.00,0.07,0.41,0.00,5.00,1.64,0.59,1.00,0.00,0.52,0.18,0.00,1.07,0.00,0.00,0,0,,30,1.11,81,14,0.77,83,16,0.87,80,6,6,21,18,0.00,99,0,2,0.11,12,5,51,0.27,31,0,0.00,99,0,0.00,0,0,0.00,0,1.26,75,27,1.48,69,11,0.60,40.74,0,0.00,0,0,0,0.00,0,0,0.00,90,0.00,0,N/A,N/A,N/A,N/A,0.00,0,0.00,0,4.84,0.00,0,73.61,46.67,72,77,0.19,0.27,5,60,32,0,0,0,0.07,0.11,2,34,183.84,0.44,0.66,12,0,0.00,0.00,99,0.00,0,0,0,0.00,0.00,0,0.00,0.00,0.87,0.59,16,0,20.00,90,64,70,55,90,2.13,55,0.08,0.12,4.84,96,0.18,0.26,71,33,1.22,1.80,1.53,1.04,57,28,0.26,94,53,29,71,0,99,72,0,0.00,99,29,0.00,1.59,11.26,7.63,206,83,52,76,4.54,3.07,40.29,21,1.15,20,0,20.00,0,0.00,99,1,0.04,0.05,37,71,70,94,0,0,0,0,0,88,94,77,94,0,99,88,43,66,6,22,70,9,0,0
Fellipe Mateus De Sena Araujo,35,666345600,1991/02/12,Serie B,2023,Midfielder,Criciúma,3202,1703,1499,Brazil,36,19,17,5,3,2,9,7,2,1,0,14,10,4,30,11,19,4,0,0.39,0.25,0.14,0.16,0.12,640,0.84,107,89,801,356,0.11,152,29,-1,4,0,7.46,0.25,96,35.40,34.97,50,1259,27.50,990,55,27.84,52,0.00,0.00,2.31,83,0.00,5.58,1.27,1.25,45,0.00,1.14,0.00,0.00,0.00,0.81,0.94,0.00,13.00,1.83,0.81,1.72,0.00,1.00,0.16,0.00,0.94,0.00,0.00,0,0,,65,1.81,88,36,1.01,94,29,0.82,76,7,0,36,55,0.00,99,0,29,0.82,53,201,70,5.65,95,0,0.00,99,0,0.00,0,0,0.00,0,2.33,95,62,1.74,76,34,0.96,54.84,0,0.00,0,0,0,0.00,0,0,0.00,56,0.00,0,N/A,N/A,N/A,N/A,0.00,0,0.00,0,5.78,0.00,0,78.63,55.38,87,33,0.69,0.70,25,81,62,1,0,0,0.08,0.08,3,29,268.72,0.69,0.70,25,1,0.00,0.03,14,0.03,0,1,0,0.00,0.00,0,0.00,0.00,0.08,0.08,3,0,7.69,60,98,98,76,56,10.40,97,0.29,0.29,5.08,78,0.14,0.14,90,93,2.58,2.61,1.12,1.11,34,40,0.16,80,99,31,71,0,57,46,0,0.00,99,34,0.00,0.96,10.88,10.75,387,206,82,74,5.79,5.72,53.23,41,1.15,20,0,26.87,0,0.00,99,54,1.50,1.52,94,99,19,98,0,0,0,0,0,88,74,74,73,0,99,62,90,18,4,11,37,7,0,0
Fellipe Ramos Ignez Bastos,36,633859200,1990/02/01,Serie B,2023,Midfielder,Avaí,513,221,292,Brazil,15,8,7,1,0,1,0,0,0,0,0,7,4,3,2,1,1,3,0,0.18,0,0.18,0,0.31,513,0.35,257,34,171,0,0.53,115,278,-1,9,0,6.34,0,51,44.39,16.87,77,253,13.27,199,55,34.91,73,0.00,0.00,0.53,8,0.00,1.27,0.70,0.27,4,0.00,0.07,0.00,0.00,0.00,0.33,0.20,0.00,16.00,2.81,0.67,0.47,0.00,0.40,0.08,0.00,0.47,0.00,0.00,0,0,,16,1.07,99,6,1.05,96,10,1.75,99,4,11,4,27,0.00,99,0,5,0.88,56,19,69,3.33,82,0,0.00,99,0,0.00,0,0,0.00,0,1.40,81,7,1.23,62,3,0.53,42.86,0,0.00,0,0,0,0.00,0,0,0.00,98,0.00,0,N/A,N/A,N/A,N/A,0.00,0,0.00,0,1.23,0.00,0,78.66,37.50,53,7,0.47,1.23,7,57,37,0,0,0,0.00,0.00,0,20,95.14,0.40,1.05,6,0,0.00,0.00,99,0.00,0,0,1,0.07,0.18,0,0.00,0.00,0.00,0.00,0,0,6.25,55,9,30,70,98,0.62,50,0.04,0.11,1.23,92,0.08,0.22,75,11,0.73,1.93,1.23,0.47,39,7,0.22,89,7,46,98,0,45,59,0,0.00,99,7,0.00,1.23,8.60,3.27,49,25,49,44,4.39,1.67,51.02,1,0.18,77,0,26.32,0,0.00,99,5,0.33,0.88,83,8,88,83,0,0,0,0,0,66,81,91,59,0,99,87,18,91,3,20,65,90,0,0
Fernando Camilo Farias,40,510739200,1986/03/09,Serie B,2023,Midfielder,Mirassol,767,440,327,Brazil,32,17,15,2,0,2,3,2,1,0,0,16,10,6,7,2,5,3,0,0.59,0.35,0.23,0,0.55,384,0.82,110,24,256,256,0.35,79,8,-1,8,0,6.85,0.09,99,29.52,7.97,38,247,5.81,180,23,21.51,35,0.00,0.00,0.65,20,0.00,1.77,0.72,0.19,6,0.00,0.19,0.00,0.00,0.00,0.13,0.26,0.00,9.00,2.15,0.32,0.32,0.00,0.26,0.06,0.00,0.16,0.00,0.00,0,0,,18,0.58,96,8,0.96,92,10,1.20,93,1,27,4,29,0.00,99,0,4,0.48,36,55,61,6.57,98,0,0.00,99,0,0.00,0,0,0.00,0,2.39,96,10,1.20,60,8,0.96,80.00,0,0.00,0,0,0,0.00,0,0,0.00,60,0.00,0,N/A,N/A,N/A,N/A,0.00,0,0.00,0,1.88,0.00,0,72.87,44.44,69,81,0.06,0.24,2,81,92,0,0,0,0.03,0.12,1,36,212.40,0.13,0.48,4,0,0.00,0.00,99,0.00,0,0,0,0.00,0.00,0,0.00,0.00,0.36,0.10,3,0,11.11,72,26,86,62,60,2.87,99,0.09,0.34,1.88,92,0.06,0.22,71,15,0.48,1.79,1.67,0.45,65,14,0.22,89,61,21,71,0,87,27,0,0.00,99,5,0.00,0.60,8.61,2.32,72,34,39,44,4.06,1.10,47.22,6,0.72,43,0,23.64,0,0.00,99,13,0.42,1.55,95,8,99,33,0,0,0,0,0,98,87,98,59,0,99,92,40,69,2,6,19,20,0,0
Fernando Canesin Matos,34,699177600,1992/02/27,Serie B,2023,Midfielder,Criciúma,100,45,55,Brazil,7,3,4,0,0,0,0,0,0,0,0,1,1,0,1,0,1,0,0,0,0,0,0,0,0,0.9,100,14,0,0,0,-1,-1,-1,17,0,6.64,0,51,47.43,6.50,83,39,5.00,30,44,36.49,78,0.00,0.00,0.00,0,0.00,0.50,1.22,0.17,1,0.00,0.17,0.00,0.00,0.00,0.17,0.17,0.00,0.00,1.22,0.17,0.17,0.00,0.00,0.01,0.00,0.17,0.00,0.00,0,0,,1,0.17,67,0,0.00,21,1,1.22,93,0,6,0,53,0.00,99,0,1,1.22,75,3,32,3.65,85,0,0.00,99,0,0.00,0,0,0.00,0,0.00,6,1,1.22,62,1,1.22,100.00,0,0.00,0,0,0,0.00,0,0,0.00,49,0.00,0,N/A,N/A,N/A,N/A,0.00,0,0.00,0,0.03,0.00,0,76.92,0.00,21,7,0.17,1.22,1,89,99,0,0,0,0.00,0.00,0,20,39.87,0.00,0.00,0,0,0.00,0.00,99,0.00,0,0,0,0.00,0.00,0,0.00,0.00,0.00,0.00,0,0,0.00,48,0,4,48,49,0.06,19,0.01,0.07,0.03,49,0.01,0.04,98,3,0.50,3.65,2.43,0.33,90,2,0.04,47,21,2,71,0,45,59,0,0.00,99,1,0.00,1.22,13.38,1.83,11,6,95,91,7.30,1.00,54.55,1,1.22,17,0,0.00,0,0.00,99,0,0.00,0.00,32,0,70,9,0,0,0,0,0,34,48,65,59,0,99,5,8,8,0,0,10,55,0,0
Fernando Henrique Boldrin,37,604224000,1989/02/23,Serie B,2023,Midfielder,Juventude,144,82,62,Brazil,5,3,2,0,0,0,0,0,0,0,0,1,1,0,3,2,1,2,0,0,0,0,0,0,0,1.88,48,29,72,0,1.25,-1,-1,-1,36,0,6.58,0,51,41.43,14.50,68,58,13.00,52,99,37.14,79,0.00,0.00,0.50,2,0.00,1.75,1.43,0.50,2,0.00,0.50,0.00,0.00,0.00,0.25,0.00,0.00,0.00,1.43,0.25,0.00,0.00,0.25,0.02,0.00,0.50,0.00,0.00,0,0,,2,0.50,75,1,0.71,79,1,0.71,71,1,4,1,62,0.00,99,0,1,0.71,47,7,40,5.00,92,0,0.00,99,0,0.00,0,0,0.00,0,1.43,82,0,0.00,8,0,0.00,0.00,0,0.00,0,0,0,0.00,0,0,0.00,1,0.00,0,N/A,N/A,N/A,N/A,0.00,0,0.00,0,0.08,0.00,0,89.66,50.00,83,99,0.00,0.00,0,12,12,0,0,0,0.00,0.00,0,20,26.31,0.00,0.00,0,0,0.00,0.00,99,0.00,0,0,0,0.00,0.00,0,0.00,0.00,0.00,0.00,0,0,0.00,48,0,1,48,1,0.18,61,0.04,0.13,0.08,56,0.02,0.06,80,3,0.75,2.14,1.43,0.50,51,2,0.06,54,16,2,71,0,45,65,0,0.00,99,2,0.00,1.43,8.57,3.00,12,7,67,43,5.00,1.75,58.33,2,1.43,11,0,14.29,0,0.00,99,1,0.25,0.71,77,0,56,33,0,0,0,0,0,34,48,65,59,0,99,12,8,99,2,40,96,10,0,0
Fernando José Marques Maciel,28,869295600,1997/07/19,Serie B,2023,Forward,Mirassol,1238,698,540,Brazil,31,17,14,1,1,0,2,1,1,0,0,16,9,7,6,3,3,4,1,0.22,0.15,0.07,0.13,0,1238,0.44,206,40,310,619,0.29,229,87,-1,14,0,6.80,0.06,85,26.57,11.43,30,343,8.90,267,50,20.68,32,0.00,0.00,0.73,22,0.00,0.60,2.63,1.13,34,0.00,0.83,0.00,0.00,0.00,0.33,1.37,0.00,15.00,1.16,0.23,2.47,0.00,0.27,0.04,0.00,0.13,0.00,0.00,0,0,,15,0.50,66,8,0.62,75,7,0.54,58,1,22,8,96,0.00,99,0,10,0.77,51,18,44,1.39,57,0,0.00,99,0,0.00,0,0,0.00,0,1.70,88,74,5.73,99,41,3.18,55.41,0,0.00,0,0,0,0.00,0,0,0.00,97,0.00,0,N/A,N/A,N/A,N/A,0.00,0,0.00,0,1.22,0.00,0,77.84,53.33,84,24,0.37,0.85,11,99,63,0,0,0,0.13,0.31,4,67,204.00,0.20,0.46,6,0,0.00,0.00,99,0.00,0,0,1,0.03,0.08,0,0.00,0.00,0.23,0.10,3,2,6.67,57,49,83,90,97,2.51,85,0.08,0.19,1.22,65,0.04,0.09,96,40,1.33,3.10,2.01,0.87,80,26,0.09,63,52,19,90,0,79,13,0,0.00,99,4,0.00,0.31,17.04,7.33,220,119,99,98,9.22,3.97,54.09,25,1.94,3,0,16.67,0,0.00,99,3,0.10,0.23,56,28,99,33,0,0,0,0,0,72,59,65,70,0,99,93,51,58,3,10,33,21,0,0
Filipe Chrysman de Figueiredo Lima,24,1014883200,2002/02/28,Serie B,2023,Forward,Guarani,0,0,0,Brazil,0,0,0,0,0,0,0,0,0,0,0,0,0,0,0,0,0,0,0,0,0,0,0,0,0,0,0,0,0,0,0,-1,-1,-1,-1,N/A,N/A,N/A,N/A,N/A,N/A,N/A,N/A,N/A,N/A,N/A,N/A,N/A,N/A,N/A,N/A,N/A,N/A,N/A,N/A,N/A,N/A,N/A,N/A,N/A,N/A,N/A,N/A,N/A,N/A,N/A,N/A,N/A,N/A,N/A,N/A,N/A,N/A,N/A,N/A,N/A,N/A,N/A,N/A,N/A,N/A,N/A,N/A,N/A,N/A,N/A,N/A,N/A,N/A,N/A,N/A,N/A,N/A,N/A,N/A,N/A,N/A,N/A,N/A,N/A,N/A,N/A,N/A,N/A,N/A,N/A,N/A,N/A,N/A,N/A,N/A,N/A,N/A,N/A,N/A,N/A,N/A,N/A,N/A,N/A,N/A,N/A,N/A,N/A,N/A,N/A,N/A,N/A,N/A,N/A,N/A,N/A,N/A,N/A,N/A,N/A,N/A,N/A,N/A,N/A,N/A,N/A,N/A,N/A,N/A,N/A,N/A,N/A,N/A,N/A,N/A,N/A,N/A,N/A,N/A,N/A,N/A,N/A,N/A,N/A,N/A,N/A,N/A,N/A,N/A,N/A,N/A,N/A,N/A,N/A,N/A,N/A,N/A,N/A,N/A,N/A,N/A,N/A,N/A,N/A,N/A,N/A,N/A,N/A,N/A,N/A,N/A,N/A,N/A,N/A,N/A,N/A,N/A,N/A,N/A,N/A,N/A,N/A,N/A,N/A,N/A,N/A,N/A,N/A,N/A,N/A,N/A,N/A,N/A,N/A,N/A,N/A,N/A,N/A,N/A,N/A,N/A,N/A,N/A,N/A,N/A,N/A,N/A,N/A,N/A,N/A,N/A,N/A,N/A,N/A,N/A,N/A,N/A,N/A,N/A,N/A,N/A,N/A,N/A,N/A,N/A,N/A,N/A,N/A,N/A,N/A,N/A,N/A,N/A,N/A,N/A,N/A,N/A,N/A,N/A,N/A,N/A,N/A,N/A
Fillipe Soutto Mayor Nogueira Ferreira,35,668678400,1991/03/11,Serie B,2023,Midfielder,Botafogo SP,224,134,90,Brazil,3,2,1,0,0,0,0,0,0,0,0,2,2,0,1,0,1,0,0,0,0,0,0,0,0,0.4,224,75,0,0,0,-1,-1,-1,36,0,6.76,0,51,26.12,21.67,29,65,17.00,51,53,20.49,31,0.00,0.00,0.33,1,0.00,0.00,1.21,1.00,3,0.00,0.00,0.00,0.00,0.00,0.67,0.00,0.00,0.00,0.40,0.33,0.00,0.00,0.00,0.01,0.00,0.00,0.00,0.00,0,0,,1,0.33,27,0,0.00,21,1,0.40,43,1,0,3,52,0.00,99,0,2,0.80,52,0,32,0.00,14,0,0.00,99,0,0.00,0,0,0.00,0,0.40,28,0,0.00,8,0,0.00,0.00,0,0.00,0,0,0,0.00,0,0,0.00,98,0.00,0,N/A,N/A,N/A,N/A,0.00,0,0.00,0,0.03,0.00,0,78.46,0.00,21,64,0.33,0.40,1,12,12,0,0,0,0.00,0.00,0,20,20.28,1.67,2.01,5,0,0.00,0.00,99,0.00,0,0,0,0.00,0.00,0,0.00,0.00,0.00,0.00,0,0,0.00,48,0,0,48,98,0.14,14,0.05,0.06,0.03,27,0.01,0.01,14,1,0.33,0.40,2.01,1.67,80,5,0.01,26,44,74,71,0,45,2,0,0.00,99,0,0.00,0.00,4.02,3.33,10,4,8,8,1.61,1.33,40.00,0,0.00,99,0,0.00,0,0.00,99,0,0.00,0.00,32,3,19,33,0,0,0,0,0,34,48,65,59,0,99,99,8,8,0,0,10,8,0,0
Francisco Alves da Silva Neto,27,905756400,1998/09/14,Serie B,2023,Defender,Sport Recife,895,355,540,Brazil,11,5,6,0,0,0,0,0,0,0,0,3,2,1,12,4,8,1,0,0,0,0,0,0,0,1.21,75,81,895,0,0.1,310,263,179,37,0,6.87,0,51,53.22,47.60,93,476,38.90,389,71,43.49,91,0.00,0.00,0.20,2,0.00,0.30,1.23,1.10,11,0.00,0.00,0.00,0.00,0.00,0.50,0.30,0.00,0.00,0.34,0.30,0.30,0.00,0.00,0.01,0.00,1.40,0.00,0.00,0,0,,3,0.30,22,0,0.00,21,3,0.34,36,0,2,8,53,0.00,99,0,5,0.56,39,3,86,0.34,34,0,0.00,99,0,0.00,0,0,0.00,0,0.22,19,3,0.34,25,3,0.34,100.00,0,0.00,0,0,0,0.00,0,0,0.00,16,0.00,0,N/A,N/A,N/A,N/A,0.00,0,0.00,0,0.08,0.00,0,81.72,0.00,21,83,0.20,0.22,2,41,99,0,0,0,0.70,0.78,7,90,68.73,3.50,3.91,35,0,0.00,0.00,99,0.00,0,0,0,0.00,0.00,0,0.00,0.00,0.11,0.10,1,0,0.00,48,33,15,48,17,0.86,45,0.09,0.10,0.08,27,0.01,0.01,22,5,0.50,0.56,0.89,0.80,23,8,0.01,26,63,89,71,0,65,71,0,0.00,99,14,0.00,1.57,5.48,4.90,49,33,30,13,3.69,3.30,67.35,0,0.00,99,0,33.33,0,0.00,99,1,0.10,0.11,45,28,39,9,0,0,0,0,0,34,48,65,59,0,99,25,93,16,0,0,10,44,0,0
Francisco Edson Moreira da Silva,31,776329200,1994/08/08,Serie B,2023,Midfielder,Sport Recife,1627,859,768,Brazil,34,17,17,2,0,2,4,3,1,0,0,11,8,3,16,4,12,1,0,0.33,0.22,0.11,0,0.23,814,0.89,102,48,1627,407,0.06,182,40,-1,12,0,6.83,0.12,95,25.33,13.21,27,436,10.09,333,42,19.35,29,0.00,0.00,1.45,48,0.00,3.70,0.29,0.15,5,0.00,0.55,0.00,0.00,0.00,0.18,0.39,0.00,9.00,1.05,0.18,1.18,0.00,0.36,0.06,0.00,0.12,0.00,0.00,0,0,,18,0.55,62,12,0.70,79,6,0.35,37,7,17,16,10,0.00,99,0,6,0.35,29,122,68,7.09,99,0,0.00,99,0,0.00,0,0,0.00,0,2.79,99,39,2.27,87,13,0.76,33.33,0,0.00,0,0,0,0.00,0,0,0.00,50,0.00,0,N/A,N/A,N/A,N/A,0.00,0,0.00,0,1.99,0.00,0,76.38,66.67,96,75,0.15,0.29,5,71,22,0,0,0,0.03,0.06,1,25,225.55,0.15,0.29,5,0,0.00,0.00,99,0.00,0,0,0,0.00,0.00,0,0.00,0.00,0.00,0.00,0,0,11.11,72,63,92,81,52,4.48,95,0.14,0.26,1.99,73,0.06,0.12,83,39,1.18,2.27,0.52,0.27,12,9,0.12,70,56,11,71,0,45,9,0,0.00,99,4,0.00,0.23,7.44,3.88,128,61,27,33,3.54,1.85,47.66,18,1.05,24,0,25.41,0,0.00,99,31,0.94,1.80,98,58,96,98,0,0,0,0,0,85,68,85,59,0,99,38,98,11,1,3,11,11,0,0
Francisco Hyun Sol Kim,35,674377200,1991/05/16,Serie B,2023,Midfielder,Mirassol,2753,1347,1406,Brazil,37,18,19,6,5,1,3,1,2,0,0,16,9,7,21,9,12,4,0,0.29,0.1,0.2,0.33,0.06,459,0.69,131,74,688,918,0.13,92,133,-1,2,0,6.96,0.08,76,32.44,26.72,43,962,21.17,762,58,25.70,46,0.00,0.00,0.83,30,0.00,1.75,1.75,1.44,52,0.00,1.22,0.00,0.00,0.00,0.53,0.69,0.00,6.67,1.35,0.44,1.39,0.00,0.67,0.15,0.00,0.44,0.00,0.00,0,0,,40,1.11,72,24,0.81,86,16,0.54,58,2,0,36,77,0.00,99,0,19,0.64,43,63,68,2.12,67,0,0.00,99,0,0.00,0,0,0.00,0,1.01,63,50,1.69,75,25,0.84,50.00,0,0.00,0,0,0,0.00,0,0,0.00,78,0.00,0,N/A,N/A,N/A,N/A,0.00,0,0.00,0,5.35,0.00,0,79.21,60.00,92,26,0.69,0.84,25,76,55,0,0,0,0.08,0.10,3,31,250.72,0.22,0.27,8,0,0.00,0.00,99,0.00,0,0,2,0.06,0.07,0,0.00,0.00,0.17,0.14,5,0,15.00,80,92,99,66,79,4.40,71,0.12,0.15,5.35,86,0.15,0.18,96,92,2.56,3.10,1.42,1.17,51,42,0.18,84,80,11,88,0,75,26,0,0.00,99,16,0.00,0.54,12.00,9.89,356,185,88,84,6.24,5.14,51.97,44,1.48,10,0,25.40,0,0.00,99,16,0.44,0.54,70,99,19,53,0,0,0,0,0,81,84,66,90,0,99,77,87,22,4,11,37,7,0,0
Francisco Wellington Barbosa de Lisboa,31,790502400,1995/01/19,Serie B,2023,Forward,Botafogo SP,748,456,292,Brazil,11,6,5,2,1,1,1,1,0,1,0,4,4,0,9,4,5,1,0,0.36,0.12,0.24,0.2,0.31,374,1.08,83,68,748,748,0.12,73,122,-1,5,0,6.71,0.09,79,19.13,14.45,10,159,10.27,113,16,13.60,12,0.00,0.00,1.36,15,0.00,5.45,1.20,0.91,10,0.00,2.18,0.00,0.00,0.00,0.27,1.73,0.00,7.00,1.68,0.64,3.45,0.00,0.64,0.16,0.00,0.18,0.00,0.00,0,0,,14,1.27,83,7,0.84,87,7,0.84,78,2,3,8,51,0.00,99,0,3,0.36,30,60,51,7.22,99,0,0.00,99,0,0.00,0,0,0.00,0,1.80,91,38,4.57,98,19,2.29,50.00,0,0.00,0,0,0,0.00,0,0,0.00,28,0.00,0,N/A,N/A,N/A,N/A,0.00,0,0.00,0,1.72,0.00,0,71.07,50.00,83,19,0.73,0.96,8,98,55,1,0,0,0.00,0.00,0,20,73.81,0.18,0.24,2,0,0.00,0.00,99,0.00,0,1,0,0.00,0.00,0,0.00,0.00,0.12,0.09,1,0,14.29,79,25,15,61,28,1.35,76,0.12,0.16,1.02,73,0.09,0.12,31,6,0.55,0.72,1.44,1.09,52,12,0.21,87,32,9,71,0,67,9,0,0.00,99,2,0.00,0.24,12.51,9.45,104,37,50,86,4.45,3.36,35.58,24,2.89,0,0,20.00,0,0.00,99,12,1.09,1.44,93,28,50,53,0,0,0,0,0,87,88,91,80,0,99,52,88,20,1,9,29,7,0,0
Franco Mederos Sandez,24,998895600,2001/08/27,Serie B,2023,Midfielder,Tombense,1,1,0,Uruguay,1,1,0,0,0,0,0,0,0,0,0,0,0,0,0,0,0,0,0,0,0,0,0,0,0,0,0,1,0,0,0,-1,-1,-1,29,0,0.00,0,51,0.00,0.00,0,0,0.00,0,0,0.00,0,0.00,0.00,0.00,0,0.00,0.00,0.00,0.00,0,0.00,0.00,0.00,0.00,0.00,0.00,0.00,0.00,0.00,0.00,0.00,0.00,0.00,0.00,0.00,0.00,0.00,0.00,0.00,0,0,,0,0.00,9,0,0.00,21,0,0.00,10,0,1,0,4,0.00,99,0,0,0.00,9,0,32,0.00,14,0,0.00,99,0,0.00,0,0,0.00,0,0.00,6,0,0.00,8,0,0.00,0.00,0,0.00,0,0,0,0.00,0,0,0.00,99,0.00,0,N/A,N/A,N/A,N/A,0.00,0,0.00,0,0.00,0.00,0,0.00,0.00,21,99,0.00,0.00,0,12,12,0,0,0,0.00,0.00,0,20,0.00,0.00,0.00,0,0,0.00,0.00,99,0.00,0,0,0,0.00,0.00,0,0.00,0.00,0.00,0.00,0,0,0.00,48,0,0,48,0,0.00,0,0.00,0.00,0.00,14,0.00,0.00,1,0,0.00,0.00,0.00,0.00,4,0,0.00,13,0,2,71,0,45,2,0,0.00,99,0,0.00,0.00,0.00,0.00,0,0,0,0,0.00,0.00,0.00,0,0.00,99,0,0.00,0,0.00,99,0,0.00,0.00,32,0,30,9,0,0,0,0,0,34,48,65,59,0,99,1,8,8,0,0,10,22,0,0
Gabriel Antônio Augusto Ferreira,27,896943600,1998/06/04,Serie B,2023,Midfielder,Londrina,317,187,130,Brazil,13,7,6,1,0,1,0,0,0,0,0,2,1,1,4,2,2,2,0,0.28,0,0.28,0,0.69,317,1.14,79,24,159,0,0.57,59,320,-1,9,0,0.00,0,51,0.00,0.00,0,0,0.00,0,0,0.00,0,0.00,0.00,0.00,0,0.00,0.00,0.00,0.00,0,0.00,0.00,0.00,0.00,0.00,0.00,0.00,0.00,0.00,0.00,0.00,0.00,0.00,0.00,0.00,0.00,0.00,0.00,0.00,0,0,,0,0.00,9,0,0.00,21,0,0.00,10,0,12,0,4,0.00,99,0,0,0.00,9,0,32,0.00,14,0,0.00,99,0,0.00,0,0,0.00,0,0.00,6,0,0.00,8,0,0.00,0.00,0,0.00,0,0,0,0.00,0,0,0.00,22,0.00,0,N/A,N/A,N/A,N/A,0.00,0,0.00,0,0.00,0.00,0,0.00,0.00,21,99,0.00,0.00,0,12,12,0,0,0,0.00,0.00,0,20,0.00,0.00,0.00,0,0,0.00,0.00,99,0.00,0,0,0,0.00,0.00,0,0.00,0.00,0.00,0.00,0,0,0.00,48,0,24,59,22,0.00,0,0.00,0.00,0.00,14,0.00,0.00,1,0,0.00,0.00,0.00,0.00,4,0,0.00,13,0,2,71,0,45,2,0,0.00,99,0,0.00,0.00,0.00,0.00,0,0,0,0,0.00,0.00,0.00,0,0.00,99,0,0.00,0,0.00,99,0,0.00,0.00,32,0,90,9,0,0,0,0,0,79,90,99,59,0,99,6,14,93,2,0,10,13,0,0
Gabriel Augusto Xavier,32,742719600,1993/07/15,Serie B,2023,Forward,Chapecoense,198,106,92,Brazil,9,5,4,1,0,1,0,0,0,0,0,1,1,0,3,2,1,3,1,0.45,0,0.45,0,0.98,198,1.36,66,22,50,0,1.82,-1,-1,-1,12,0,6.62,0,51,24.09,5.89,24,53,5.00,45,88,20.45,31,0.00,0.00,0.22,2,0.00,0.44,0.91,0.22,2,0.00,0.22,0.00,0.00,0.00,0.11,0.00,0.00,2.00,0.91,0.00,0.11,0.00,0.22,0.08,0.00,0.00,0.00,0.00,0,0,,2,0.22,59,2,0.91,92,0,0.00,10,2,8,1,38,0.00,99,0,1,0.45,34,4,67,1.82,65,0,0.00,99,0,0.00,0,0,0.00,0,0.91,57,1,0.45,29,0,0.00,0.00,0,0.00,0,0,0,0.00,0,0,0.00,9,0.00,0,N/A,N/A,N/A,N/A,0.00,0,0.00,0,0.70,0.00,0,84.91,100.00,99,4,0.33,1.36,3,12,12,0,0,0,0.11,0.45,1,76,59.57,0.22,0.91,2,0,0.00,0.00,99,0.00,0,0,0,0.00,0.00,0,0.00,0.00,0.00,0.00,0,0,50.00,99,0,8,51,9,0.15,19,0.02,0.07,0.70,98,0.08,0.32,72,4,0.44,1.82,3.18,0.78,99,7,0.32,96,19,38,71,0,45,2,0,0.00,99,0,0.00,0.00,10.00,2.44,22,6,13,63,2.73,0.67,27.27,2,0.91,29,0,25.00,0,0.00,99,1,0.11,0.45,67,0,79,53,0,0,0,0,0,91,97,99,59,0,99,3,8,99,2,22,70,44,0,0
Gabriel Baralhas,27,908002800,1998/10/10,Serie B,2023,Midfielder,Atlético GO,1333,649,684,Brazil,16,8,8,5,4,1,2,2,0,0,0,8,4,4,13,6,7,6,1,0.47,0.14,0.34,0.55,0.13,267,0.88,103,83,222,667,0.41,33,98,-1,3,0,7.02,0.12,83,41.73,38.67,69,580,32.60,489,86,35.18,74,0.00,0.00,0.67,10,0.00,0.27,1.65,1.53,23,0.00,0.53,0.00,0.00,0.00,0.93,0.33,0.00,3.40,1.22,0.40,0.47,0.00,0.73,0.24,0.00,0.73,0.00,0.00,0,0,,17,1.13,67,11,0.79,84,6,0.43,47,1,1,14,73,0.00,99,0,14,1.01,63,4,67,0.29,32,0,0.00,99,0,0.00,0,0,0.00,0,0.72,46,7,0.50,32,5,0.36,71.43,0,0.00,0,0,0,0.00,0,0,0.00,52,0.00,0,N/A,N/A,N/A,N/A,0.00,0,0.00,0,3.60,0.00,0,84.31,64.71,94,32,0.67,0.72,10,42,86,0,0,0,0.07,0.07,1,27,105.28,0.60,0.65,9,1,0.00,0.07,6,0.07,0,0,0,0.00,0.00,0,0.00,0.00,0.14,0.13,2,0,29.41,96,54,34,55,53,2.13,71,0.14,0.15,3.60,96,0.24,0.26,41,14,0.93,1.01,1.44,1.33,52,20,0.26,94,87,28,71,0,70,37,0,0.00,99,11,0.00,0.79,7.70,7.13,107,53,34,35,3.81,3.53,49.53,8,0.58,51,0,25.00,0,0.00,99,1,0.07,0.07,39,52,30,33,0,0,0,0,0,93,94,76,97,0,99,92,31,79,5,31,88,5,0,0
Gabriel Bordinhão Gasparotto,32,755424000,1993/12/09,Serie B,2023,Goalkeeper,Botafogo SP,0,0,0,Brazil,0,0,0,0,0,0,0,0,0,0,0,0,0,0,0,0,0,0,0,0,0,0,0,0,0,0,0,0,0,0,0,-1,-1,-1,-1,N/A,N/A,N/A,N/A,N/A,N/A,N/A,N/A,N/A,N/A,N/A,N/A,N/A,N/A,N/A,N/A,N/A,N/A,N/A,N/A,N/A,N/A,N/A,N/A,N/A,N/A,N/A,N/A,N/A,N/A,N/A,N/A,N/A,N/A,N/A,N/A,N/A,N/A,N/A,N/A,N/A,N/A,N/A,N/A,N/A,N/A,N/A,N/A,N/A,N/A,N/A,N/A,N/A,N/A,N/A,N/A,N/A,N/A,N/A,N/A,N/A,N/A,N/A,N/A,N/A,N/A,N/A,N/A,N/A,N/A,N/A,N/A,N/A,N/A,N/A,N/A,N/A,N/A,N/A,N/A,N/A,N/A,N/A,N/A,N/A,N/A,N/A,N/A,N/A,N/A,N/A,N/A,N/A,N/A,N/A,N/A,N/A,N/A,N/A,N/A,N/A,N/A,N/A,N/A,N/A,N/A,N/A,N/A,N/A,N/A,N/A,N/A,N/A,N/A,N/A,N/A,N/A,N/A,N/A,N/A,N/A,N/A,N/A,N/A,N/A,N/A,N/A,N/A,N/A,N/A,N/A,N/A,N/A,N/A,N/A,N/A,N/A,N/A,N/A,N/A,N/A,N/A,N/A,N/A,N/A,N/A,N/A,N/A,N/A,N/A,N/A,N/A,N/A,N/A,N/A,N/A,N/A,N/A,N/A,N/A,N/A,N/A,N/A,N/A,N/A,N/A,N/A,N/A,N/A,N/A,N/A,N/A,N/A,N/A,N/A,N/A,N/A,N/A,N/A,N/A,N/A,N/A,N/A,N/A,N/A,N/A,N/A,N/A,N/A,N/A,N/A,N/A,N/A,N/A,N/A,N/A,N/A,N/A,N/A,N/A,N/A,N/A,N/A,N/A,N/A,N/A,N/A,N/A,N/A,N/A,N/A,N/A,N/A,N/A,N/A,N/A,N/A,N/A,N/A,N/A,N/A,N/A,N/A,N/A
Gabriel dos Santos Francisco,27,921571200,1999/03/16,Serie B,2023,Forward,Sport Recife,241,71,170,Brazil,13,8,5,0,0,0,0,0,0,0,0,5,4,1,2,1,1,1,0,0,0,0,0,0,0,0.75,121,19,241,0,0.37,-1,-1,-1,27,0,5.90,0,51,19.95,3.92,13,47,2.25,27,1,11.46,6,0.00,0.00,0.08,1,0.00,0.33,2.97,0.58,7,0.00,0.58,0.00,0.00,0.00,0.00,0.17,0.00,0.00,0.85,0.00,0.75,0.00,0.17,0.01,0.00,0.42,0.00,0.00,0,0,,2,0.17,56,2,0.85,87,0,0.00,10,1,10,2,98,0.00,99,0,0,0.00,9,4,32,1.70,62,0,0.00,99,0,0.00,0,0,0.00,0,0.42,29,9,3.82,96,2,0.85,22.22,0,0.00,0,0,0,0.00,0,0,0.00,68,0.00,0,N/A,N/A,N/A,N/A,0.00,0,0.00,0,0.12,0.00,0,57.45,100.00,99,24,0.17,0.85,2,77,14,0,0,0,0.00,0.00,0,20,70.79,0.25,1.27,3,0,0.00,0.00,99,0.00,0,0,0,0.00,0.00,0,0.00,0.00,0.00,0.00,0,0,0.00,48,0,24,48,69,0.09,8,0.01,0.04,0.12,53,0.01,0.05,80,5,0.42,2.12,2.97,0.58,97,7,0.05,51,1,54,71,0,45,87,0,0.00,99,5,0.00,2.12,20.80,4.08,49,19,98,99,8.07,1.58,38.78,7,2.97,0,0,0.00,0,0.00,99,0,0.00,0.00,32,1,85,33,0,0,0,0,0,34,48,65,59,0,99,59,35,72,1,8,26,90,0,0
Gabriel Eduardo Stevanato de Oliveira,22,1063609200,2003/09/15,Serie B,2023,Forward,Ituano,13,13,0,Brazil,2,2,0,0,0,0,0,0,0,0,0,0,0,0,0,0,0,0,0,0,0,0,0,0,0,0,0,7,0,0,0,-1,-1,-1,17,0,0.00,0,51,0.00,0.00,0,0,0.00,0,0,0.00,0,0.00,0.00,0.00,0,0.00,0.00,0.00,0.00,0,0.00,0.00,0.00,0.00,0.00,0.00,0.00,0.00,0.00,0.00,0.00,0.00,0.00,0.00,0.00,0.00,0.00,0.00,0.00,0,0,,0,0.00,9,0,0.00,21,0,0.00,10,0,2,0,4,0.00,99,0,0,0.00,9,0,32,0.00,14,0,0.00,99,0,0.00,0,0,0.00,0,0.00,6,0,0.00,8,0,0.00,0.00,0,0.00,0,0,0,0.00,0,0,0.00,99,0.00,0,N/A,N/A,N/A,N/A,0.00,0,0.00,0,0.00,0.00,0,0.00,0.00,21,99,0.00,0.00,0,12,12,0,0,0,0.00,0.00,0,20,0.00,0.00,0.00,0,0,0.00,0.00,99,0.00,0,0,0,0.00,0.00,0,0.00,0.00,0.00,0.00,0,0,0.00,48,0,0,48,0,0.00,0,0.00,0.00,0.00,14,0.00,0.00,1,0,0.00,0.00,0.00,0.00,4,0,0.00,13,0,2,71,0,45,2,0,0.00,99,0,0.00,0.00,0.00,0.00,0,0,0,0,0.00,0.00,0.00,0,0.00,99,0,0.00,0,0.00,99,0,0.00,0.00,32,0,39,9,0,0,0,0,0,34,48,65,59,0,99,1,8,8,0,0,10,19,0,0
Gabriel Henrique Lima Santos,24,1009353600,2001/12/26,Serie B,2023,Midfielder,Avaí,16,0,16,Brazil,2,0,2,0,0,0,0,0,0,0,0,1,0,1,1,0,1,0,0,0,0,0,0,0,0,5.63,16,8,0,0,0,-1,-1,-1,33,0,0.00,0,51,0.00,0.00,0,0,0.00,0,0,0.00,0,0.00,0.00,0.00,0,0.00,0.00,0.00,0.00,0,0.00,0.00,0.00,0.00,0.00,0.00,0.00,0.00,0.00,0.00,0.00,0.00,0.00,0.00,0.00,0.00,0.00,0.00,0.00,0,0,,0,0.00,9,0,0.00,21,0,0.00,10,0,2,0,4,0.00,99,0,0,0.00,9,0,32,0.00,14,0,0.00,99,0,0.00,0,0,0.00,0,0.00,6,0,0.00,8,0,0.00,0.00,0,0.00,0,0,0,0.00,0,0,0.00,0,0.00,0,N/A,N/A,N/A,N/A,0.00,0,0.00,0,0.00,0.00,0,0.00,0.00,21,99,0.00,0.00,0,12,12,0,0,0,0.00,0.00,0,20,0.00,0.00,0.00,0,0,0.00,0.00,99,0.00,0,0,0,0.00,0.00,0,0.00,0.00,0.00,0.00,0,0,0.00,48,0,0,48,0,0.00,0,0.00,0.00,0.00,14,0.00,0.00,1,0,0.00,0.00,0.00,0.00,4,0,0.00,13,0,2,71,0,45,2,0,0.00,99,0,0.00,0.00,0.00,0.00,0,0,0,0,0.00,0.00,0.00,0,0.00,99,0,0.00,0,0.00,99,0,0.00,0.00,32,0,39,9,0,0,0,0,0,34,48,65,59,0,99,92,8,8,0,0,10,18,0,0
Gabriel Knesowitsch,22,1066460400,2003/10/18,Serie B,2023,Defender,Londrina,2761,1462,1299,Brazil,32,17,15,4,3,1,0,0,0,0,0,9,6,3,43,16,27,6,0,0.13,0,0.13,0.18,0.07,690,1.4,64,86,460,0,0.2,158,536,205,4,0,0.00,0,51,0.00,0.00,0,0,0.00,0,0,0.00,0,0.00,0.00,0.00,0,0.00,0.00,0.00,0.00,0,0.00,0.00,0.00,0.00,0.00,0.00,0.00,0.00,0.00,0.00,0.00,0.00,0.00,0.00,0.00,0.00,0.00,0.00,0.00,0,0,,0,0.00,9,0,0.00,21,0,0.00,10,5,2,30,4,0.00,99,0,0,0.00,9,0,32,0.00,14,0,0.00,99,0,0.00,0,0,0.00,0,0.00,6,0,0.00,8,0,0.00,0.00,0,0.00,0,0,0,0.00,0,0,0.00,7,0.00,0,N/A,N/A,N/A,N/A,0.00,0,0.00,0,0.00,0.00,0,0.00,0.00,21,99,0.00,0.00,0,12,12,0,0,0,0.00,0.00,0,20,0.00,0.00,0.00,0,0,0.00,0.00,99,0.00,0,0,0,0.00,0.00,0,0.00,0.00,0.00,0.00,0,0,0.00,48,93,86,77,7,0.00,0,0.00,0.00,0.00,14,0.00,0.00,1,0,0.00,0.00,0.00,0.00,4,0,0.00,13,0,2,71,0,45,2,0,0.00,99,0,0.00,0.00,0.00,0.00,0,0,0,0,0.00,0.00,0.00,0,0.00,99,0,0.00,0,0.00,99,0,0.00,0.00,32,90,39,89,0,0,0,0,0,54,72,68,77,0,99,29,71,40,6,0,10,14,0,0
Gabriel Pereira Taliari,29,860914800,1997/04/13,Serie B,2023,Forward,Juventude,974,530,444,Brazil,11,6,5,6,5,1,0,0,0,3,0,4,2,2,9,4,5,5,0,0.55,0,0.55,0.85,0.2,162,0.83,108,89,195,0,0.46,6,258,-1,3,0,7.04,0,51,13.42,13.20,2,132,8.60,86,6,8.75,1,0.00,0.00,1.00,10,0.00,0.50,0.31,0.30,3,0.00,0.60,0.00,0.00,0.00,0.10,0.30,0.00,2.50,1.53,0.30,1.30,0.00,1.20,0.45,0.00,0.50,0.00,0.00,0,0,,15,1.50,78,12,1.22,98,3,0.31,31,2,0,10,10,0.00,99,0,1,0.10,11,5,32,0.51,43,0,0.00,99,0,0.00,0,0,0.00,0,1.02,64,13,1.32,65,3,0.31,23.08,0,0.00,0,0,0,0.00,0,0,0.00,58,0.00,0,N/A,N/A,N/A,N/A,0.00,0,0.00,0,4.47,0.00,0,65.15,80.00,99,63,0.40,0.41,4,37,15,3,0,0,0.00,0.00,0,20,70.37,0.50,0.51,5,0,0.00,0.00,99,0.00,0,3,0,0.00,0.00,0,0.00,0.00,0.61,0.60,6,1,40.00,99,38,15,50,58,0.62,14,0.06,0.06,2.37,94,0.24,0.24,91,26,2.60,2.64,2.24,2.20,86,22,0.45,99,90,21,71,0,95,25,0,0.00,99,5,0.00,0.51,9.25,9.10,91,37,32,53,3.76,3.70,40.66,6,0.61,50,0,0.00,0,0.00,99,0,0.00,0.00,32,38,19,53,0,1,0,9,0,97,99,83,99,0,99,52,24,85,4,36,93,19,0,0
Gabriel Poveda,27,899794800,1998/07/07,Serie B,2023,Forward,Avaí,1198,538,660,Brazil,19,10,9,3,1,2,1,1,0,1,0,7,4,3,13,4,9,2,0,0.3,0.08,0.23,0.17,0.27,399,0.98,92,63,599,1198,0.15,76,164,-1,3,0,6.66,0.05,69,14.13,9.67,2,174,6.67,120,11,9.75,2,0.00,0.00,0.50,9,0.00,0.00,0.16,0.11,2,0.00,1.22,0.00,0.00,0.00,0.17,0.11,0.00,8.00,1.95,0.78,0.44,0.00,0.56,0.15,0.00,0.22,0.00,0.00,0,0,,24,1.33,91,10,0.81,86,14,1.14,92,2,5,13,8,0.00,99,0,3,0.24,23,0,32,0.00,14,0,0.00,99,0,0.00,0,0,0.00,0,0.73,47,8,0.65,37,2,0.16,25.00,0,0.00,0,0,0,0.00,0,0,0.00,38,0.00,0,N/A,N/A,N/A,N/A,0.00,0,0.00,0,2.72,0.00,0,68.97,41.67,62,81,0.17,0.24,3,24,16,1,0,0,0.11,0.16,2,44,119.92,0.56,0.81,10,0,0.00,0.00,99,0.00,0,1,1,0.06,0.08,0,0.00,0.00,0.49,0.33,6,0,12.50,76,48,46,62,39,1.19,45,0.07,0.10,2.02,82,0.11,0.16,81,27,1.50,2.19,0.81,0.56,19,10,0.22,89,22,36,90,0,92,13,0,0.00,99,4,0.00,0.32,9.50,6.50,117,35,14,57,2.84,1.94,29.91,22,1.79,4,0,0.00,0,0.00,99,0,0.00,0.00,32,49,64,53,0,0,0,0,0,81,87,87,75,0,99,54,82,27,2,11,37,19,0,0
Gabriel Santana Pinto,36,631612800,1990/01/06,Serie B,2023,Midfielder,Mirassol,2755,1318,1437,Brazil,36,17,19,6,2,4,2,1,1,2,1,17,10,7,19,6,13,7,0,0.26,0.07,0.2,0.14,0.25,459,0.62,145,77,394,1378,0.23,91,191,-1,3,0,7.12,0.06,67,42.52,35.97,72,1259,29.91,1047,81,35.36,75,0.00,0.00,2.06,72,0.00,3.26,0.88,0.74,26,0.00,0.71,0.00,0.00,0.00,0.49,0.34,0.00,5.83,1.18,0.71,0.57,0.00,0.29,0.13,0.00,0.40,0.00,0.00,0,0,,35,1.00,66,10,0.34,59,25,0.84,78,1,0,35,37,0.00,99,0,17,0.57,40,114,83,3.85,88,0,0.00,99,0,0.00,0,0,0.00,0,2.43,97,20,0.68,38,12,0.41,60.00,0,0.00,0,0,0,0.00,0,0,0.00,87,0.00,0,N/A,N/A,N/A,N/A,0.00,0,0.00,0,4.67,0.00,0,83.16,28.57,40,56,0.40,0.47,14,47,73,2,1,0,0.14,0.17,5,47,249.28,0.20,0.24,7,0,0.00,0.00,99,0.00,0,3,3,0.09,0.10,0,0.00,0.00,0.30,0.26,9,0,17.14,86,92,98,66,87,6.34,89,0.18,0.21,2.57,65,0.07,0.09,55,41,1.17,1.38,0.84,0.71,21,25,0.16,80,93,9,92,0,84,22,0,0.00,99,14,0.00,0.47,6.32,5.34,187,93,20,20,3.14,2.66,49.73,25,0.84,35,0,32.46,0,0.00,99,37,1.06,1.25,91,99,19,33,0,1,0,3,0,77,84,86,71,0,99,87,61,48,6,17,56,10,0,0
Gabriel Santiago Oliveira,26,949737600,2000/02/05,Serie B,2023,Midfielder,Ponte Preta,133,67,66,Brazil,2,1,1,0,0,0,0,0,0,0,0,1,1,0,1,0,1,0,0,0,0,0,0,0,0,0.68,133,67,0,0,0,-1,-1,-1,20,0,6.83,0,51,18.95,14.00,10,28,11.50,23,75,15.56,18,0.00,0.00,0.00,0,0.00,0.50,1.35,1.00,2,0.00,0.00,0.00,0.00,0.00,0.00,0.00,0.00,0.00,2.71,1.50,0.50,0.00,0.50,0.07,0.00,1.00,0.00,0.00,0,0,,4,2.00,98,1,0.68,77,3,2.03,99,1,0,2,59,0.00,99,0,0,0.00,9,1,32,0.68,46,0,0.00,99,0,0.00,0,0,0.00,0,0.00,6,1,0.68,38,0,0.00,0.00,0,0.00,0,0,0,0.00,0,0,0.00,81,0.00,0,N/A,N/A,N/A,N/A,0.00,0,0.00,0,0.14,0.00,0,82.14,25.00,36,1,1.50,2.03,3,12,12,0,0,0,0.00,0.00,0,20,13.66,0.50,0.68,1,0,0.00,0.00,99,0.00,0,0,1,0.50,0.68,0,0.00,0.00,0.00,0.00,0,0,0.00,48,0,0,48,81,0.05,6,0.03,0.03,0.14,65,0.07,0.09,92,4,2.00,2.71,2.71,2.00,94,4,0.09,63,56,29,99,0,45,63,0,0.00,99,2,0.00,1.35,10.83,8.00,16,8,76,74,5.41,4.00,50.00,0,0.00,99,0,0.00,0,0.00,99,0,0.00,0.00,32,1,19,33,0,0,0,0,0,34,48,65,59,0,99,92,8,8,0,0,10,20,0,0
Gabriel Santos Cordeiro Lacerda,26,935910000,1999/08/29,Serie B,2023,Defender,Ceará,843,360,483,Brazil,10,4,6,0,0,0,0,0,0,0,0,3,2,1,9,5,4,4,0,0,0,0,0,0,0,0.96,94,84,211,0,0.43,446,445,124,33,0,6.94,0,51,54.98,51.50,95,515,43.40,434,86,46.33,95,0.00,0.00,0.00,0,0.00,0.00,0.96,0.90,9,0.00,0.00,0.00,0.00,0.00,1.00,0.00,0.00,0.00,0.11,0.10,0.10,0.00,0.00,0.00,0.00,1.30,0.00,0.00,0,0,,1,0.10,11,0,0.00,21,1,0.11,13,1,0,10,40,0.00,99,0,10,1.07,66,0,32,0.00,14,0,0.00,99,0,0.00,0,0,0.00,0,0.00,6,1,0.11,13,0,0.00,0.00,0,0.00,0,0,0,0.00,0,0,0.00,41,0.00,0,N/A,N/A,N/A,N/A,0.00,0,0.00,0,0.03,0.00,0,84.27,0.00,21,85,0.20,0.21,2,12,12,0,0,0,0.60,0.64,6,86,69.36,3.60,3.84,36,1,0.00,0.11,4,0.10,0,0,0,0.00,0.00,0,0.00,0.00,0.00,0.00,0,0,0.00,48,31,12,48,42,0.91,45,0.09,0.10,0.03,14,0.00,0.00,7,2,0.20,0.21,0.85,0.80,21,8,0.00,13,78,88,71,0,45,64,0,0.00,99,13,0.00,1.39,4.27,4.00,40,24,12,9,2.56,2.40,60.00,0,0.00,99,0,0.00,0,0.00,99,0,0.00,0.00,32,38,19,33,0,0,0,0,0,34,48,65,59,0,99,33,28,81,4,40,96,15,0,0
Gabriel Santos Silva,27,920880000,1999/03/08,Serie B,2023,Forward,Sampaio Corrêa,6,0,6,Brazil,1,0,1,0,0,0,0,0,0,0,0,0,0,0,0,0,0,0,0,0,0,0,0,0,0,0,0,6,0,0,0,-1,-1,-1,50,N/A,N/A,N/A,N/A,N/A,N/A,N/A,N/A,N/A,N/A,N/A,N/A,N/A,N/A,N/A,N/A,N/A,N/A,N/A,N/A,N/A,N/A,N/A,N/A,N/A,N/A,N/A,N/A,N/A,N/A,N/A,N/A,N/A,N/A,N/A,N/A,N/A,N/A,N/A,N/A,N/A,N/A,N/A,N/A,N/A,N/A,N/A,N/A,N/A,N/A,N/A,N/A,N/A,N/A,N/A,N/A,N/A,N/A,N/A,N/A,N/A,N/A,N/A,N/A,N/A,N/A,N/A,N/A,N/A,N/A,N/A,N/A,N/A,N/A,N/A,N/A,N/A,N/A,N/A,N/A,N/A,N/A,N/A,N/A,N/A,N/A,N/A,N/A,N/A,N/A,N/A,N/A,N/A,N/A,N/A,N/A,N/A,N/A,N/A,N/A,N/A,N/A,N/A,N/A,N/A,N/A,N/A,N/A,N/A,N/A,N/A,N/A,N/A,N/A,N/A,N/A,N/A,N/A,N/A,N/A,N/A,N/A,N/A,N/A,N/A,N/A,N/A,N/A,N/A,N/A,N/A,N/A,N/A,N/A,N/A,N/A,N/A,N/A,N/A,N/A,N/A,N/A,N/A,N/A,N/A,N/A,N/A,N/A,N/A,N/A,N/A,N/A,N/A,N/A,N/A,N/A,N/A,N/A,N/A,N/A,N/A,N/A,N/A,N/A,N/A,N/A,N/A,N/A,N/A,N/A,N/A,N/A,N/A,N/A,N/A,N/A,N/A,N/A,N/A,N/A,N/A,N/A,N/A,N/A,N/A,N/A,N/A,N/A,N/A,N/A,N/A,N/A,N/A,N/A,N/A,N/A,N/A,N/A,N/A,N/A,N/A,N/A,N/A,N/A,N/A,N/A,N/A,N/A,N/A,N/A,N/A,N/A,N/A,N/A,N/A,N/A,N/A,N/A,N/A,N/A,N/A,N/A,N/A,N/A
Gabriel Silva,35,674118000,1991/05/13,Serie B,2023,Defender,Ponte Preta,108,59,49,Brazil,2,1,1,0,0,0,0,0,0,0,0,2,1,1,0,0,0,0,0,0,0,0,0,0,0,0,0,54,0,0,0,-1,-1,-1,14,0,7.03,0,51,35.00,21.00,49,42,13.50,27,6,22.50,37,0.00,0.00,0.00,0,0.00,0.50,0.83,0.50,1,0.00,0.50,0.00,0.00,0.00,2.00,1.00,0.00,0.00,0.00,0.00,1.50,0.00,0.00,0.00,0.00,2.00,0.00,0.00,0,0,,0,0.00,9,0,0.00,21,0,0.00,10,1,0,2,34,0.00,99,0,4,3.33,99,1,32,0.83,49,0,0.00,99,0,0.00,0,0,0.00,0,0.00,6,3,2.50,89,2,1.67,66.67,0,0.00,0,0,0,0.00,0,0,0.00,99,0.00,0,N/A,N/A,N/A,N/A,0.00,0,0.00,0,0.00,0.00,0,64.29,0.00,21,99,0.00,0.00,0,95,83,0,0,0,0.00,0.00,0,20,14.05,1.50,2.50,3,0,0.00,0.00,99,0.00,0,0,0,0.00,0.00,0,0.00,0.00,0.00,0.00,0,0,0.00,48,0,0,48,0,0.05,8,0.03,0.04,0.00,14,0.00,0.00,99,5,2.50,4.17,1.67,1.00,65,2,0.00,13,88,80,71,0,45,98,0,0.00,99,4,0.00,3.33,15.00,9.00,18,12,99,96,10.00,6.00,66.67,1,0.83,35,0,0.00,0,0.00,99,0,0.00,0.00,32,1,19,33,0,0,0,0,0,34,48,65,59,0,99,99,8,8,0,0,10,34,0,0
Gabriel Vinicius de Oliveira Furtado,26,944726400,1999/12/09,Serie B,2023,Defender,Sampaio Corrêa,1209,616,593,Brazil,16,7,9,0,0,0,0,0,0,0,0,8,3,5,11,5,6,6,0,0,0,0,0,0,0,0.82,110,76,202,0,0.45,469,494,82,47,0,7.01,0,51,42.21,35.44,71,567,30.38,486,92,36.18,78,0.00,0.00,0.00,0,0.00,0.00,0.89,0.75,12,0.00,0.12,0.00,0.00,0.00,1.81,0.12,0.00,0.00,0.60,0.50,0.25,0.00,0.00,0.01,0.00,2.31,0.00,0.00,0,0,,8,0.50,43,0,0.00,21,8,0.60,63,3,3,13,38,0.00,99,0,29,2.16,98,0,32,0.00,14,0,0.00,99,0,0.00,0,0,0.00,0,0.00,6,4,0.30,24,2,0.15,50.00,0,0.00,0,0,0,0.00,0,0,0.00,60,0.00,0,N/A,N/A,N/A,N/A,0.00,0,0.00,0,0.24,0.00,0,85.71,0.00,21,75,0.25,0.30,4,23,55,0,0,0,0.75,0.89,12,93,112.23,3.94,4.69,63,0,0.00,0.00,99,0.00,0,0,1,0.06,0.07,0,0.00,0.00,0.00,0.00,0,0,0.00,48,48,34,48,60,1.04,27,0.07,0.08,0.24,38,0.01,0.02,53,18,1.12,1.34,0.89,0.75,23,12,0.02,37,86,95,88,0,45,95,0,0.00,99,37,0.00,2.75,7.15,6.00,96,69,70,29,5.14,4.31,71.88,2,0.15,79,0,0.00,0,0.00,99,0,0.00,0.00,32,49,50,70,0,0,0,0,0,34,48,65,59,0,99,92,26,83,5,31,88,3,0,0
Gean Carlos Rodrigues de Lima,23,1048147200,2003/03/20,Serie B,2023,Forward,Sport Recife,0,0,0,Brazil,1,1,0,0,0,0,0,0,0,0,0,0,0,0,0,0,0,0,0,0,0,0,0,0,0,0,0,0,0,0,0,-1,-1,-1,-1,0,0.00,0,51,0.00,0.00,0,0,0.00,0,0,0.00,0,0.00,0.00,0.00,0,0.00,0.00,0.00,0.00,0,0.00,0.00,0.00,0.00,0.00,0.00,0.00,0.00,0.00,0.00,0.00,0.00,0.00,0.00,0.00,0.00,0.00,0.00,0.00,0,0,,0,0.00,9,0,0.00,21,0,0.00,10,0,1,0,4,0.00,99,0,0,0.00,9,0,32,0.00,14,0,0.00,99,0,0.00,0,0,0.00,0,0.00,6,0,0.00,8,0,0.00,0.00,0,0.00,0,0,0,0.00,0,0,0.00,99,0.00,0,N/A,N/A,N/A,N/A,0.00,0,0.00,0,0.00,0.00,0,0.00,0.00,21,99,0.00,0.00,0,12,12,0,0,0,0.00,0.00,0,20,0.00,0.00,0.00,0,0,0.00,0.00,99,0.00,0,0,0,0.00,0.00,0,0.00,0.00,0.00,0.00,0,0,0.00,48,0,0,48,0,0.00,0,0.00,0.00,0.00,14,0.00,0.00,1,0,0.00,0.00,0.00,0.00,4,0,0.00,13,0,2,71,0,45,2,0,0.00,99,0,0.00,0.00,0.00,0.00,0,0,0,0,0.00,0.00,0.00,0,0.00,99,0,0.00,0,0.00,99,0,0.00,0.00,32,0,30,9,0,0,0,0,0,34,48,65,59,0,99,1,8,8,0,0,10,57,0,0
Gedeilson Vander Alves de Oliveira,33,714726000,1992/08/25,Serie B,2023,Defender,ABC,1743,750,993,Brazil,26,13,13,0,0,0,1,1,0,0,0,3,1,2,23,9,14,3,0,0.05,0.05,0,0,0,0,1.19,76,67,581,1743,0.15,537,215,176,34,0,6.96,0.04,60,34.04,27.25,47,654,20.62,495,37,25.77,46,0.00,0.00,0.38,9,0.00,1.88,0.83,0.67,16,0.00,0.17,0.00,0.00,0.00,0.96,0.58,0.00,0.00,0.42,0.25,1.25,0.00,0.08,0.01,0.00,1.54,0.00,0.00,0,0,,8,0.33,28,2,0.10,30,6,0.31,31,3,8,17,34,0.00,99,0,23,1.20,74,45,41,2.34,70,0,0.00,99,0,0.00,0,0,0.00,0,0.47,32,30,1.56,72,14,0.73,46.67,0,0.00,0,0,0,0.00,0,0,0.00,17,0.00,0,N/A,N/A,N/A,N/A,0.00,0,0.00,0,0.31,0.00,0,75.69,25.00,36,46,0.46,0.57,11,70,43,0,0,0,0.29,0.36,7,70,167.02,1.71,2.13,41,0,0.00,0.00,99,0.00,0,0,2,0.08,0.10,0,0.00,0.00,0.16,0.12,3,0,0.00,48,67,67,48,18,1.97,45,0.08,0.10,0.31,38,0.01,0.02,81,42,1.75,2.19,0.83,0.67,20,16,0.02,37,80,76,92,0,74,82,0,0.00,99,37,0.00,1.93,9.16,7.33,176,111,81,51,5.78,4.62,63.07,4,0.21,75,0,15.56,0,0.00,99,7,0.29,0.36,61,61,79,70,0,0,0,0,0,38,48,65,59,0,99,3,81,27,3,12,41,18,0,0
Geirton Marques Aires,32,759744000,1994/01/28,Serie B,2023,Midfielder,Vitória,1049,478,571,Brazil,28,15,13,2,1,1,1,1,0,0,0,13,10,3,9,2,7,3,0,0.26,0.09,0.17,0.19,0.16,525,0.77,117,37,350,1049,0.26,121,161,-1,9,0,6.78,0.04,74,69.84,29.07,99,814,25.21,706,95,60.57,99,0.00,0.00,0.75,21,0.00,1.04,1.20,0.50,14,0.00,0.32,0.00,0.00,0.00,0.43,0.11,0.00,10.50,1.80,0.32,0.21,0.00,0.43,0.07,0.00,0.39,0.00,0.00,0,0,,21,0.75,87,12,1.03,95,9,0.77,73,2,19,9,51,0.00,99,0,12,1.03,64,29,74,2.49,72,0,0.00,99,0,0.00,0,0,0.00,0,1.80,91,6,0.51,32,3,0.26,50.00,0,0.00,0,0,0,0.00,0,0,0.00,66,0.00,0,N/A,N/A,N/A,N/A,0.00,0,0.00,0,2.07,0.00,0,86.73,57.14,90,8,0.50,1.20,14,33,55,0,0,0,0.11,0.26,3,60,189.77,0.39,0.94,11,0,0.00,0.00,99,0.00,0,0,0,0.00,0.00,0,0.00,0.00,0.00,0.00,0,0,9.52,66,43,73,70,66,2.83,94,0.10,0.24,2.07,86,0.07,0.18,49,14,0.50,1.20,1.80,0.75,71,21,0.18,84,47,39,71,0,45,44,0,0.00,99,11,0.00,0.94,8.58,3.57,100,42,28,43,3.60,1.50,42.00,9,0.77,40,0,27.59,0,0.00,99,8,0.29,0.69,77,33,97,53,0,0,0,0,0,77,79,79,78,0,99,85,56,53,3,11,37,18,0,0
Genilson Ventura Mendes de Oliveira,35,657010800,1990/10/27,Serie B,2023,Defender,ABC,615,270,345,Brazil,8,3,5,0,0,0,0,0,0,0,0,1,1,0,4,2,2,2,0,0,0,0,0,0,0,0.59,154,77,308,0,0.29,319,280,18,23,0,6.92,0,51,45.66,39.00,80,312,32.00,256,74,37.46,79,0.00,0.00,0.12,1,0.00,0.25,0.88,0.75,6,0.00,0.00,0.00,0.00,0.00,1.38,0.00,0.00,0.00,0.59,0.25,0.00,0.00,0.25,0.02,0.00,2.12,0.00,0.00,0,0,,4,0.50,43,2,0.29,55,2,0.29,28,1,1,7,37,0.00,99,0,11,1.61,91,2,97,0.29,32,0,0.00,99,0,0.00,0,0,0.00,0,0.15,14,0,0.00,8,0,0.00,0.00,0,0.00,0,0,0,0.00,0,0,0.00,91,0.00,0,N/A,N/A,N/A,N/A,0.00,0,0.00,0,0.15,0.00,0,82.05,50.00,83,88,0.12,0.15,1,12,12,0,0,0,0.38,0.44,3,75,55.37,4.50,5.27,36,0,0.00,0.00,99,0.00,0,0,0,0.00,0.00,0,0.00,0.00,0.00,0.00,0,0,0.00,48,17,6,48,91,0.57,27,0.07,0.08,0.15,38,0.02,0.02,10,2,0.25,0.29,0.73,0.62,16,5,0.02,37,74,98,71,0,45,92,0,0.00,99,17,0.00,2.49,6.15,5.25,42,25,29,19,3.66,3.12,59.52,0,0.00,99,0,50.00,0,0.00,99,1,0.12,0.15,48,22,30,33,0,0,0,0,0,34,48,65,59,0,99,5,50,58,2,25,79,33,0,0
Georgemy Gonçalves,30,808470000,1995/08/15,Serie B,2023,Goalkeeper,Novorizontino,523,270,253,Brazil,6,3,3,0,0,0,0,0,0,0,0,4,2,2,3,1,2,3,1,0,0,0,0,0,0,0.52,174,87,131,0,0.69,387,407,12,23,0,6.72,0,51,19.54,18.80,12,94,10.80,54,1,11.22,6,0.00,0.00,0.00,0,0.00,0.00,0.00,0.00,0,0.00,0.00,0.00,0.00,2.00,0.00,0.00,2.80,0.00,0.00,0.00,0.00,0.00,0.00,0.00,0.00,0.20,0.00,0.00,0,0,,0,0.00,9,0,0.00,21,0,0.00,10,0,1,4,4,0.00,99,0,0,0.00,9,0,32,0.00,14,0,0.00,99,0,0.00,0,0,0.00,0,0.00,6,0,0.00,8,0,0.00,0.00,0,0.00,0,10,35,2.08,9,14,0.00,93,2.91,9,N/A,N/A,N/A,N/A,71.43,0,0.00,0,0.00,0.00,0,57.45,0.00,21,99,0.00,0.00,0,12,12,0,0,4,0.00,0.00,0,20,33.60,1.00,1.04,5,1,0.00,0.21,0,0.20,0,0,0,0.00,0.00,4,0.80,0.83,0.00,0.00,0,0,0.00,48,10,3,48,94,0.10,0,0.02,0.02,0.00,14,0.00,0.00,1,0,0.00,0.00,0.21,0.20,7,1,0.00,13,35,45,71,76,45,7,0,0.00,99,1,0.00,0.21,0.42,0.40,2,1,1,3,0.21,0.20,50.00,0,0.00,99,0,0.00,0,0.00,99,0,0.00,0.00,32,8,30,9,0,0,0,0,0,34,48,65,59,0,99,99,11,97,2,33,92,1,0,0
Geovane Batista de Faria,37,603964800,1989/02/20,Serie B,2023,Midfielder,Novorizontino,2882,1460,1422,Brazil,35,18,17,5,2,3,2,1,1,0,0,14,9,5,23,7,16,8,0,0.22,0.06,0.16,0.12,0.19,576,0.72,125,82,360,1441,0.25,126,206,-1,4,0,6.79,0.06,63,37.75,34.44,57,1171,27.09,921,55,29.69,57,0.00,0.00,0.65,22,0.00,0.26,1.74,1.59,54,0.00,0.76,0.00,0.00,0.00,1.00,0.21,0.00,5.60,0.90,0.41,0.59,0.00,0.41,0.12,0.00,1.26,0.00,0.00,0,0,,28,0.82,59,14,0.45,67,14,0.45,49,1,0,34,76,0.00,99,0,34,1.10,68,9,57,0.29,32,0,0.00,99,0,0.00,0,0,0.00,0,0.71,46,20,0.64,37,7,0.23,35.00,0,0.00,0,0,0,0.00,0,0,0.00,72,0.00,0,N/A,N/A,N/A,N/A,0.00,0,0.00,0,4.22,0.00,0,78.65,50.00,83,11,1.00,1.10,34,31,23,0,0,0,0.24,0.26,8,60,230.85,1.29,1.42,44,0,0.00,0.00,99,0.00,0,0,0,0.00,0.00,0,0.00,0.00,0.00,0.00,0,0,17.86,86,94,95,73,72,3.69,55,0.11,0.12,4.22,78,0.12,0.14,24,19,0.56,0.61,2.39,2.18,89,74,0.14,76,49,60,71,0,45,64,0,0.00,99,43,0.00,1.39,9.48,8.65,294,123,37,57,3.96,3.62,41.84,26,0.84,35,0,22.22,0,0.00,99,2,0.06,0.06,38,97,19,33,0,0,0,0,0,72,77,82,69,0,99,67,57,51,8,23,73,5,0,0
Geovane Henrique Pereira De Souza,29,845535600,1996/10/17,Serie B,2023,Defender,ABC,652,389,263,Brazil,10,5,5,0,0,0,0,0,0,0,0,1,0,1,8,5,3,1,0,0,0,0,0,0,0,1.1,82,65,652,0,0.14,316,304,161,25,0,6.63,0,51,52.21,36.22,92,326,29.67,267,73,42.76,90,0.00,0.00,0.11,1,0.00,0.22,0.48,0.33,3,0.00,0.22,0.00,0.00,0.00,1.33,0.00,0.00,0.00,0.32,0.11,0.22,0.00,0.11,0.01,0.00,2.00,0.00,0.00,0,0,,2,0.22,21,1,0.16,38,1,0.16,17,11,3,6,14,0.00,99,0,12,1.92,96,2,32,0.32,33,0,0.00,99,0,0.00,0,0,0.00,0,0.16,15,2,0.32,24,0,0.00,0.00,0,0.00,0,0,0,0.00,0,0,0.00,26,0.00,0,N/A,N/A,N/A,N/A,0.00,0,0.00,0,0.09,0.00,0,81.90,50.00,83,99,0.00,0.00,0,12,12,0,0,0,0.33,0.48,3,79,59.71,3.33,4.80,30,0,0.00,0.00,99,0.00,0,0,0,0.00,0.00,0,0.00,0.00,0.00,0.00,0,0,0.00,48,19,12,48,27,0.53,27,0.06,0.08,0.09,27,0.01,0.01,11,2,0.22,0.32,1.44,1.00,52,9,0.01,26,20,96,71,0,45,96,0,0.00,99,18,0.00,2.88,7.69,5.33,48,23,29,35,3.68,2.56,47.92,2,0.32,69,0,0.00,0,0.00,99,0,0.00,0.00,32,17,50,99,0,0,0,0,0,34,48,65,59,0,99,3,85,24,1,10,33,27,0,0
Geovane Silva Santos,27,919670400,1999/02/22,Serie B,2023,Midfielder,Avaí,474,234,240,Brazil,10,4,6,0,0,0,0,0,0,0,0,5,2,3,3,1,2,1,0,0,0,0,0,0,0,0.57,158,47,474,0,0.19,417,414,-1,37,0,7.33,0,51,37.41,19.70,56,197,16.20,162,75,30.76,60,0.00,0.00,0.20,2,0.00,0.90,1.52,0.80,8,0.00,0.50,0.00,0.00,0.00,0.50,0.20,0.00,0.00,0.38,0.10,0.40,0.00,0.10,0.01,0.00,0.70,0.00,0.00,0,0,,2,0.20,26,1,0.19,43,1,0.19,19,3,5,5,67,0.00,99,0,5,0.95,60,9,32,1.71,62,0,0.00,99,0,0.00,0,0,0.00,0,0.38,27,4,0.76,42,2,0.38,50.00,0,0.00,0,0,0,0.00,0,0,0.00,92,0.00,0,N/A,N/A,N/A,N/A,0.00,0,0.00,0,0.10,0.00,0,82.23,50.00,83,10,0.60,1.14,6,43,55,0,0,0,0.20,0.38,2,72,73.25,0.40,0.76,4,0,0.00,0.00,99,0.00,0,0,0,0.00,0.00,0,0.00,0.00,0.00,0.00,0,0,0.00,48,7,12,48,92,0.36,19,0.04,0.07,0.10,38,0.01,0.02,52,7,0.70,1.33,1.33,0.70,46,7,0.02,37,99,35,71,0,45,62,0,0.00,99,7,0.00,1.33,8.92,4.70,47,24,53,48,4.56,2.40,51.06,5,0.95,27,0,0.00,0,0.00,99,0,0.00,0.00,32,11,64,70,0,0,0,0,0,34,48,65,59,0,99,92,72,37,1,10,33,99,0,0
Gerardo Arturo Gordillo Olivero,31,777106800,1994/08/17,Serie B,2023,Defender,Juventude,90,90,0,Guatemala,1,1,0,0,0,0,0,0,0,0,0,0,0,0,2,2,0,1,0,0,0,0,0,0,0,2,45,90,90,0,1,-1,-1,-1,38,0,6.63,0,51,53.00,53.00,93,53,52.00,52,99,52.00,98,0.00,0.00,0.00,0,0.00,0.00,0.00,0.00,0,0.00,0.00,0.00,0.00,0.00,3.00,0.00,0.00,0.00,0.00,0.00,0.00,0.00,0.00,0.00,0.00,1.00,0.00,0.00,0,0,,0,0.00,9,0,0.00,21,0,0.00,10,0,0,1,4,0.00,99,0,3,3.00,99,0,32,0.00,14,0,0.00,99,0,0.00,0,0,0.00,0,0.00,6,0,0.00,8,0,0.00,0.00,0,0.00,0,0,0,0.00,0,0,0.00,0,0.00,0,N/A,N/A,N/A,N/A,0.00,0,0.00,0,0.00,0.00,0,98.11,0.00,21,99,0.00,0.00,0,12,12,0,0,0,1.00,1.00,1,95,6.63,2.00,2.00,2,0,0.00,0.00,99,0.00,0,0,0,0.00,0.00,0,0.00,0.00,0.00,0.00,0,0,0.00,48,0,0,48,1,0.09,36,0.09,0.09,0.00,14,0.00,0.00,1,0,0.00,0.00,3.00,3.00,98,3,0.00,13,20,74,71,0,45,48,0,0.00,99,1,0.00,1.00,7.00,7.00,7,1,8,27,1.00,1.00,14.29,0,0.00,99,0,0.00,0,0.00,99,0,0.00,0.00,32,0,19,9,0,0,0,0,0,34,48,65,59,0,99,1,8,99,1,100,99,20,0,0
Geremias Ribeiro Junior,32,755769600,1993/12/13,Serie B,2023,Forward,ABC,557,191,366,Brazil,10,4,6,2,0,2,1,0,1,0,0,3,1,2,5,1,4,0,0,0.48,0.16,0.32,0,0.49,279,0.81,111,56,0,557,0,41,81,-1,6,0,6.88,0.1,87,25.37,15.70,27,157,11.70,117,30,18.90,27,0.00,0.00,1.00,10,0.00,0.20,1.62,1.00,10,0.00,0.50,0.00,0.00,0.00,0.10,0.20,0.00,6.50,2.10,0.40,1.00,0.00,0.90,0.18,0.00,1.40,0.00,0.00,0,0,,13,1.30,95,9,1.45,99,4,0.65,67,1,2,8,72,0.00,99,0,1,0.16,16,2,32,0.32,33,0,0.00,99,0,0.00,0,0,0.00,0,1.62,86,10,1.62,73,2,0.32,20.00,0,0.00,0,0,0,0.00,0,0,0.00,61,0.00,0,N/A,N/A,N/A,N/A,0.00,0,0.00,0,1.76,0.00,0,74.52,69.23,96,5,0.80,1.29,8,38,14,0,0,0,0.30,0.48,3,79,68.80,0.10,0.16,1,0,0.00,0.00,99,0.00,0,0,0,0.00,0.00,0,0.00,0.00,0.32,0.20,2,0,15.38,82,13,12,56,61,1.20,85,0.12,0.19,1.76,97,0.18,0.28,64,10,1.00,1.62,1.78,1.10,70,11,0.28,95,65,5,71,0,85,89,0,0.00,99,14,0.00,2.26,14.06,8.70,87,36,82,94,5.82,3.60,41.38,5,0.81,37,0,0.00,0,0.00,99,0,0.00,0.00,32,28,39,33,0,0,0,0,0,94,93,96,59,0,99,33,8,8,0,0,10,30,0,0
Getterson Alves dos Santos,35,674377200,1991/05/16,Serie B,2023,Forward,Sampaio Corrêa,67,30,37,Brazil,5,2,3,0,0,0,0,0,0,0,0,1,1,0,0,0,0,1,0,0,0,0,0,0,0,0,0,13,67,0,1.34,-1,-1,-1,22,0,6.62,0,51,18.81,2.80,9,14,1.80,9,6,12.09,7,0.00,0.00,0.40,2,0.00,0.00,1.34,0.20,1,0.00,0.60,0.00,0.00,0.00,0.00,0.20,0.00,0.00,1.34,0.20,0.40,0.00,0.00,0.01,0.00,0.40,0.00,0.00,0,0,,1,0.20,71,0,0.00,21,1,1.34,95,0,5,0,59,0.00,99,0,0,0.00,9,0,32,0.00,14,0,0.00,99,0,0.00,0,0,0.00,0,2.69,98,2,2.69,92,1,1.34,50.00,0,0.00,0,0,0,0.00,0,0,0.00,99,0.00,0,N/A,N/A,N/A,N/A,0.00,0,0.00,0,0.03,0.00,0,64.29,0.00,21,99,0.00,0.00,0,91,55,0,0,0,0.00,0.00,0,20,33.12,0.00,0.00,0,0,0.00,0.00,99,0.00,0,0,0,0.00,0.00,0,0.00,0.00,0.00,0.00,0,0,0.00,48,0,1,48,0,0.10,61,0.02,0.13,0.03,49,0.01,0.04,99,3,0.60,4.03,4.03,0.60,99,3,0.04,47,19,2,71,0,45,94,0,0.00,99,2,0.00,2.69,18.81,2.80,14,7,99,99,9.40,1.40,50.00,3,4.03,0,0,0.00,0,0.00,99,0,0.00,0.00,32,0,64,9,0,0,0,0,0,34,48,65,59,0,99,12,8,99,1,20,65,9,0,0
Geuvânio Santos Silva,34,702460800,1992/04/05,Serie B,2023,Forward,Juventude,41,27,14,Brazil,2,1,1,0,0,0,0,0,0,0,0,1,0,1,0,0,0,0,0,0,0,0,0,0,0,0,0,21,0,0,0,-1,-1,-1,24,0,6.53,0,51,30.73,7.00,40,14,6.00,12,92,26.34,47,0.00,0.00,0.00,0,0.00,0.50,0.00,0.00,0,0.00,0.50,0.00,0.00,0.00,0.00,0.00,0.00,0.00,4.39,0.50,0.00,0.00,0.50,0.04,0.00,0.00,0.00,0.00,0,0,,2,1.00,99,1,2.20,99,1,2.20,99,0,2,0,4,0.00,99,0,0,0.00,9,1,32,2.20,68,0,0.00,99,0,0.00,0,0,0.00,0,0.00,6,0,0.00,8,0,0.00,0.00,0,0.00,0,0,0,0.00,0,0,0.00,99,0.00,0,N/A,N/A,N/A,N/A,0.00,0,0.00,0,0.07,0.00,0,85.71,50.00,83,99,0.00,0.00,0,12,12,0,0,0,0.00,0.00,0,20,13.05,0.00,0.00,0,0,0.00,0.00,99,0.00,0,0,0,0.00,0.00,0,0.00,0.00,0.00,0.00,0,0,0.00,48,0,0,48,0,0.03,19,0.01,0.07,0.07,80,0.04,0.15,99,2,1.00,4.39,2.20,0.50,84,1,0.15,78,13,2,71,0,45,2,0,0.00,99,0,0.00,0.00,8.78,2.00,4,2,49,47,4.39,1.00,50.00,1,2.20,2,0,0.00,0,0.00,99,0,0.00,0.00,32,0,39,9,0,0,0,0,0,34,48,65,59,0,99,92,8,8,0,0,10,31,0,0
Gianluca Piola Minozzo,25,982051200,2001/02/13,Serie B,2023,Defender,Chapecoense,1501,662,839,Brazil,19,9,10,2,1,1,1,0,1,0,0,4,2,2,12,4,8,3,0,0.18,0.06,0.12,0.14,0.11,751,0.72,125,79,500,1501,0.18,163,211,60,8,0,6.89,0.05,63,38.08,32.88,58,559,24.94,424,39,28.89,54,0.00,0.00,1.00,17,0.00,2.88,0.95,0.82,14,0.00,0.47,0.00,0.00,0.00,0.71,0.59,0.00,6.50,0.89,0.41,0.94,0.00,0.35,0.10,0.00,1.41,0.00,0.00,0,0,,13,0.76,59,6,0.41,65,7,0.48,53,1,3,15,39,0.00,99,0,12,0.82,53,49,80,3.34,82,0,0.00,99,0,0.00,0,0,0.00,0,1.16,71,16,1.09,57,10,0.68,62.50,0,0.00,0,0,0,0.00,0,0,0.00,72,0.00,0,N/A,N/A,N/A,N/A,0.00,0,0.00,0,1.70,0.00,0,75.85,46.15,71,48,0.47,0.55,8,67,76,0,0,0,0.24,0.27,4,62,117.20,1.71,1.98,29,0,0.00,0.00,99,0.00,0,0,0,0.00,0.00,0,0.00,0.00,0.00,0.00,0,0,15.38,82,60,46,80,72,2.21,71,0.13,0.15,1.70,73,0.10,0.12,21,8,0.47,0.55,0.89,0.76,23,13,0.12,70,67,73,71,0,45,73,0,0.00,99,24,0.00,1.64,7.43,6.41,109,56,35,32,3.82,3.29,51.38,8,0.55,53,0,30.61,0,0.00,99,15,0.88,1.02,88,55,50,33,0,0,0,0,0,66,70,72,71,0,99,14,73,35,3,16,53,80,0,0
Gil Robson Santos do Nascimento,20,1116918000,2005/05/24,Serie B,2023,Forward,ABC,0,0,0,Brazil,0,0,0,0,0,0,0,0,0,0,0,0,0,0,0,0,0,0,0,0,0,0,0,0,0,0,0,0,0,0,0,-1,-1,-1,-1,N/A,N/A,N/A,N/A,N/A,N/A,N/A,N/A,N/A,N/A,N/A,N/A,N/A,N/A,N/A,N/A,N/A,N/A,N/A,N/A,N/A,N/A,N/A,N/A,N/A,N/A,N/A,N/A,N/A,N/A,N/A,N/A,N/A,N/A,N/A,N/A,N/A,N/A,N/A,N/A,N/A,N/A,N/A,N/A,N/A,N/A,N/A,N/A,N/A,N/A,N/A,N/A,N/A,N/A,N/A,N/A,N/A,N/A,N/A,N/A,N/A,N/A,N/A,N/A,N/A,N/A,N/A,N/A,N/A,N/A,N/A,N/A,N/A,N/A,N/A,N/A,N/A,N/A,N/A,N/A,N/A,N/A,N/A,N/A,N/A,N/A,N/A,N/A,N/A,N/A,N/A,N/A,N/A,N/A,N/A,N/A,N/A,N/A,N/A,N/A,N/A,N/A,N/A,N/A,N/A,N/A,N/A,N/A,N/A,N/A,N/A,N/A,N/A,N/A,N/A,N/A,N/A,N/A,N/A,N/A,N/A,N/A,N/A,N/A,N/A,N/A,N/A,N/A,N/A,N/A,N/A,N/A,N/A,N/A,N/A,N/A,N/A,N/A,N/A,N/A,N/A,N/A,N/A,N/A,N/A,N/A,N/A,N/A,N/A,N/A,N/A,N/A,N/A,N/A,N/A,N/A,N/A,N/A,N/A,N/A,N/A,N/A,N/A,N/A,N/A,N/A,N/A,N/A,N/A,N/A,N/A,N/A,N/A,N/A,N/A,N/A,N/A,N/A,N/A,N/A,N/A,N/A,N/A,N/A,N/A,N/A,N/A,N/A,N/A,N/A,N/A,N/A,N/A,N/A,N/A,N/A,N/A,N/A,N/A,N/A,N/A,N/A,N/A,N/A,N/A,N/A,N/A,N/A,N/A,N/A,N/A,N/A,N/A,N/A,N/A,N/A,N/A,N/A,N/A,N/A,N/A,N/A,N/A,N/A
Gildson Pablo de Oliveira Silva,30,801298800,1995/05/24,Serie B,2023,Midfielder,Chapecoense,388,202,186,Brazil,8,5,3,0,0,0,0,0,0,0,0,1,1,0,4,1,3,4,1,0,0,0,0,0,0,0.93,97,49,97,0,0.93,339,349,-1,23,0,6.88,0,51,58.27,30.00,98,180,26.83,161,99,52.12,98,0.00,0.00,1.00,6,0.00,0.00,1.94,1.00,6,0.00,0.67,0.00,0.00,0.00,1.50,1.00,0.00,0.00,1.29,0.33,1.00,0.00,0.33,0.02,0.00,0.33,0.00,0.00,0,0,,4,0.67,70,2,0.65,76,2,0.65,67,4,3,4,84,0.00,99,0,9,2.91,99,0,32,0.00,14,0,0.00,99,0,0.00,0,0,0.00,0,1.94,93,6,1.94,81,6,1.94,100.00,0,0.00,0,0,0,0.00,0,0,0.00,45,0.00,0,N/A,N/A,N/A,N/A,0.00,0,0.00,0,0.14,0.00,0,89.44,50.00,83,18,0.50,0.97,3,96,99,0,0,0,0.17,0.32,1,68,41.27,0.67,1.29,4,0,0.00,0.00,99,0.00,0,0,0,0.00,0.00,0,0.00,0.00,0.32,0.17,1,0,0.00,48,2,6,48,45,0.57,83,0.09,0.18,0.14,53,0.02,0.05,51,4,0.67,1.29,3.56,1.83,99,11,0.05,51,65,55,71,0,85,29,0,0.00,99,2,0.00,0.65,11.98,6.17,37,18,82,84,5.83,3.00,48.65,4,1.29,15,0,0.00,0,0.00,99,0,0.00,0.00,32,8,50,83,0,0,0,0,0,34,48,65,59,0,99,5,9,99,2,25,79,5,0,0
Gilvan Souza Correa,36,626688000,1989/11/10,Serie B,2023,Defender,CRB,90,90,0,Brazil,1,1,0,0,0,0,0,0,0,0,0,0,0,0,3,3,0,0,0,0,0,0,0,0,0,3,30,90,0,0,0,-1,-1,-1,30,0,6.61,0,51,24.00,24.00,23,24,15.00,15,3,15.00,16,0.00,0.00,0.00,0,0.00,0.00,0.00,0.00,0,0.00,0.00,0.00,0.00,0.00,0.00,0.00,0.00,0.00,0.00,0.00,0.00,0.00,0.00,0.00,0.00,1.00,0.00,0.00,0,0,,0,0.00,9,0,0.00,21,0,0.00,10,0,0,1,4,0.00,99,0,0,0.00,9,0,32,0.00,14,0,0.00,99,0,0.00,0,0,0.00,0,0.00,6,0,0.00,8,0,0.00,0.00,0,0.00,0,0,0,0.00,0,0,0.00,0,0.00,0,N/A,N/A,N/A,N/A,0.00,0,0.00,0,0.00,0.00,0,62.50,0.00,21,99,0.00,0.00,0,12,12,0,0,0,3.00,3.00,3,99,6.61,2.00,2.00,2,0,0.00,0.00,99,0.00,0,0,0,0.00,0.00,0,0.00,0.00,0.00,0.00,0,0,0.00,48,0,0,48,0,0.04,8,0.04,0.04,0.00,14,0.00,0.00,1,0,0.00,0.00,1.00,1.00,29,1,0.00,13,18,74,71,0,45,48,0,0.00,99,1,0.00,1.00,2.00,2.00,2,1,8,8,1.00,1.00,50.00,0,0.00,99,0,0.00,0,0.00,99,0,0.00,0.00,32,0,19,9,0,0,0,0,0,34,48,65,59,0,99,1,8,8,0,0,10,55,0,0
Giovanni Augusto Oliveira Cardoso,36,620982000,1989/09/05,Serie B,2023,Midfielder,Vitória,869,394,475,Brazil,20,9,11,1,1,0,1,0,1,0,0,9,6,3,6,2,4,1,0,0.21,0.1,0.1,0.23,0,869,0.62,145,43,869,869,0.1,192,136,-1,16,0,6.88,0.05,76,50.54,24.40,89,488,20.35,407,81,42.15,89,0.00,0.00,1.25,25,0.00,1.65,2.17,1.05,21,0.00,0.60,0.00,0.00,0.00,0.35,0.25,0.00,8.00,0.83,0.25,0.40,0.00,0.15,0.04,0.00,0.25,0.00,0.00,0,0,,8,0.40,55,3,0.31,56,5,0.52,56,6,10,10,91,0.00,99,0,7,0.72,47,33,73,3.42,83,0,0.00,99,0,0.00,0,0,0.00,0,2.59,98,8,0.83,44,5,0.52,62.50,0,0.00,0,0,0,0.00,0,0,0.00,87,0.00,0,N/A,N/A,N/A,N/A,0.00,0,0.00,0,0.89,0.00,0,83.40,37.50,53,74,0.15,0.31,3,57,76,0,0,0,0.00,0.00,0,20,137.65,0.10,0.21,2,0,0.00,0.00,99,0.00,0,0,0,0.00,0.00,0,0.00,0.00,0.10,0.05,1,0,12.50,76,32,49,84,87,2.16,91,0.11,0.22,0.89,65,0.04,0.09,47,11,0.55,1.14,0.83,0.40,20,8,0.09,63,65,7,71,0,62,25,0,0.00,99,5,0.00,0.52,7.35,3.55,71,42,47,31,4.35,2.10,59.15,12,1.24,17,0,27.27,0,0.00,99,9,0.45,0.93,84,38,85,94,0,0,0,0,0,71,65,65,84,0,99,83,92,16,1,5,14,10,0,0
Giovanni Fernando Confreste Pavani,29,848563200,1996/11/21,Serie B,2023,Midfielder,Chapecoense,2242,1010,1232,Brazil,32,15,17,2,1,1,2,2,0,0,0,8,5,3,17,3,14,5,0,0.16,0.08,0.08,0.09,0.07,1121,0.68,132,70,448,1121,0.2,219,175,-1,9,0,6.80,0.06,69,45.04,34.74,78,1077,27.68,858,60,35.88,76,0.00,0.00,0.55,17,0.00,0.84,1.59,1.23,38,0.00,1.32,0.00,0.00,0.00,0.61,0.84,0.00,15.50,1.30,0.52,1.48,0.00,0.48,0.08,0.00,1.35,0.00,0.00,0,0,,31,1.00,71,15,0.63,75,16,0.67,69,2,10,21,71,0.00,99,0,19,0.79,51,26,47,1.09,54,0,0.00,99,0,0.00,0,0,0.00,0,0.71,46,46,1.92,81,26,1.09,56.52,0,0.00,0,0,0,0.00,0,0,0.00,81,0.00,0,N/A,N/A,N/A,N/A,0.00,0,0.00,0,2.38,0.00,0,79.67,48.39,75,10,0.87,1.13,27,86,64,0,0,0,0.39,0.50,12,80,210.85,0.84,1.09,26,0,0.00,0.00,99,0.00,0,0,0,0.00,0.00,0,0.00,0.00,0.04,0.03,1,0,6.45,55,82,86,88,80,3.13,61,0.10,0.13,2.38,68,0.08,0.10,82,54,1.74,2.26,1.71,1.32,66,41,0.10,65,52,49,71,0,50,78,0,0.00,99,42,0.00,1.76,13.55,10.45,324,160,92,92,6.69,5.16,49.38,41,1.71,5,0,19.23,0,0.00,99,5,0.16,0.21,53,71,85,53,0,0,0,0,0,62,61,68,66,0,99,22,69,40,4,12,41,7,0,0
Giovanni Piccolomo,32,765442800,1994/04/04,Serie B,2023,Midfielder,Avaí,535,261,274,Brazil,13,6,7,1,1,0,1,1,0,0,0,3,1,2,4,2,2,3,0,0.34,0.17,0.17,0.34,0,535,0.67,134,41,178,535,0.5,119,68,-1,8,0,6.65,0.08,89,39.36,18.00,61,234,14.46,188,65,31.63,62,0.00,0.00,0.46,6,0.00,0.31,0.84,0.38,5,0.00,0.31,0.00,0.00,0.00,0.08,0.15,0.00,12.00,2.02,0.69,0.38,0.00,0.23,0.08,0.00,0.00,0.00,0.00,0,0,,12,0.92,93,3,0.50,70,9,1.51,97,2,5,8,35,0.00,99,0,1,0.17,17,4,97,0.67,46,0,0.00,99,0,0.00,0,0,0.00,0,1.01,63,5,0.84,45,2,0.34,40.00,0,0.00,0,0,0,0.00,0,0,0.00,82,0.00,0,N/A,N/A,N/A,N/A,0.00,0,0.00,0,1.00,0.00,0,80.34,25.00,36,37,0.31,0.67,4,41,31,0,0,0,0.00,0.00,0,20,86.42,0.31,0.67,4,0,0.00,0.00,99,0.00,0,0,0,0.00,0.00,0,0.00,0.00,0.00,0.00,0,0,8.33,63,11,24,71,82,1.21,87,0.09,0.20,1.00,84,0.08,0.17,53,8,0.62,1.35,1.85,0.85,73,11,0.17,82,22,29,71,0,45,2,0,0.00,99,0,0.00,0.00,6.56,3.00,39,15,12,22,2.52,1.15,38.46,4,0.67,45,0,50.00,0,0.00,99,2,0.15,0.34,59,28,64,53,0,0,0,0,0,86,79,65,90,0,99,17,21,87,3,23,73,77,0,0
Giovanni Silva Tiepo,28,886924800,1998/02/08,Serie B,2023,Goalkeeper,Chapecoense,90,0,90,Brazil,1,0,1,0,0,0,0,0,0,0,0,0,0,0,3,0,3,0,0,0,0,0,0,0,0,3,30,90,0,0,0,-1,-1,-1,22,0,5.53,0,51,19.00,19.00,10,19,13.00,13,11,13.00,9,0.00,0.00,0.00,0,0.00,0.00,0.00,0.00,0,0.00,0.00,0.00,0.00,2.00,0.00,0.00,6.00,0.00,0.00,0.00,0.00,0.00,0.00,0.00,0.00,0.00,0.00,0.00,0,0,,0,0.00,9,0,0.00,21,0,0.00,10,0,0,1,4,0.00,99,0,0,0.00,9,0,32,0.00,14,0,0.00,99,0,0.00,0,0,0.00,0,0.00,6,0,0.00,8,0,0.00,0.00,0,0.00,0,2,0,2.00,6,6,0.00,0,6.00,99,N/A,N/A,N/A,N/A,33.33,0,0.00,0,0.00,0.00,0,68.42,0.00,21,99,0.00,0.00,0,12,12,0,0,0,0.00,0.00,0,20,5.53,1.00,1.00,1,0,0.00,0.00,99,0.00,0,0,0,0.00,0.00,1,1.00,1.00,0.00,0.00,0,0,0.00,48,0,0,48,0,0.03,6,0.03,0.03,0.00,14,0.00,0.00,77,2,2.00,2.00,0.00,0.00,4,0,0.00,13,0,44,71,97,45,2,0,0.00,99,0,0.00,0.00,2.00,2.00,2,2,8,8,2.00,2.00,100.00,0,0.00,99,0,0.00,0,0.00,99,0,0.00,0.00,32,0,19,9,0,0,0,0,0,34,48,65,59,0,99,1,8,8,0,0,10,98,0,0
Guilherme Augusto Pacheco,34,676105200,1991/06/05,Serie B,2023,Defender,Ituano,1942,979,963,Brazil,28,13,15,0,0,0,1,1,0,0,0,8,4,4,18,8,10,6,0,0.05,0.05,0,0,0,0,0.83,108,69,324,1942,0.28,448,228,91,37,0,6.85,0.04,60,49.89,39.70,88,1072,30.63,827,46,38.49,81,0.00,0.00,0.78,21,0.00,2.22,1.68,1.33,36,0.00,0.33,0.00,0.00,0.00,1.37,0.30,0.00,0.00,0.42,0.22,0.44,0.00,0.11,0.01,0.00,0.89,0.00,0.00,0,0,,9,0.33,28,3,0.14,35,6,0.28,27,5,7,20,75,0.00,99,0,37,1.72,94,60,79,2.79,76,0,0.00,99,0,0.00,0,0,0.00,0,0.98,62,12,0.56,33,8,0.37,66.67,0,0.00,0,0,0,0.00,0,0,0.00,58,0.00,0,N/A,N/A,N/A,N/A,0.00,0,0.00,0,0.31,0.00,0,77.15,33.33,49,56,0.37,0.47,10,43,83,0,0,0,0.15,0.19,4,52,185.05,1.70,2.14,46,0,0.00,0.00,99,0.00,0,0,0,0.00,0.00,0,0.00,0.00,0.05,0.04,1,0,0.00,48,72,73,48,58,3.49,76,0.13,0.16,0.31,27,0.01,0.01,9,6,0.22,0.28,1.91,1.52,76,41,0.01,26,61,77,71,0,51,55,0,0.00,99,24,0.00,1.12,7.31,5.81,157,74,26,31,3.44,2.74,47.13,9,0.42,65,0,30.00,0,0.00,99,18,0.67,0.84,82,69,74,89,0,0,0,0,0,38,48,65,59,0,99,29,53,57,6,21,67,2,0,0
Guilherme Bastos da Silva,22,1056524400,2003/06/25,Serie B,2023,Defender,Atlético GO,88,44,44,Brazil,2,1,1,0,0,0,0,0,0,0,0,0,0,0,1,0,1,0,0,0,0,0,0,0,0,1.02,88,44,0,0,0,-1,-1,-1,20,0,0.00,0,51,0.00,0.00,0,0,0.00,0,0,0.00,0,0.00,0.00,0.00,0,0.00,0.00,0.00,0.00,0,0.00,0.00,0.00,0.00,0.00,0.00,0.00,0.00,0.00,0.00,0.00,0.00,0.00,0.00,0.00,0.00,0.00,0.00,0.00,0,0,,0,0.00,9,0,0.00,21,0,0.00,10,0,2,0,4,0.00,99,0,0,0.00,9,0,32,0.00,14,0,0.00,99,0,0.00,0,0,0.00,0,0.00,6,0,0.00,8,0,0.00,0.00,0,0.00,0,0,0,0.00,0,0,0.00,34,0.00,0,N/A,N/A,N/A,N/A,0.00,0,0.00,0,0.00,0.00,0,0.00,0.00,21,99,0.00,0.00,0,12,12,0,0,0,0.00,0.00,0,20,0.00,0.00,0.00,0,0,0.00,0.00,99,0.00,0,0,0,0.00,0.00,0,0.00,0.00,0.00,0.00,0,0,0.00,48,0,0,48,33,0.00,0,0.00,0.00,0.00,14,0.00,0.00,1,0,0.00,0.00,0.00,0.00,4,0,0.00,13,0,2,71,0,45,2,0,0.00,99,0,0.00,0.00,0.00,0.00,0,0,0,0,0.00,0.00,0.00,0,0.00,99,0,0.00,0,0.00,99,0,0.00,0.00,32,0,39,9,0,0,0,0,0,34,48,65,59,0,99,1,8,8,0,0,10,15,0,0
Guilherme Bissoli Campos,28,884332800,1998/01/09,Serie B,2023,Forward,Ceará,887,493,394,Brazil,17,10,7,3,1,2,2,1,1,2,0,6,5,1,7,2,5,2,0,0.51,0.2,0.3,0.18,0.46,296,0.71,127,52,444,444,0.2,50,54,-1,5,0,6.74,0.12,92,17.87,10.44,7,167,7.12,114,11,12.20,8,0.00,0.00,0.56,9,0.00,0.25,0.64,0.38,6,0.00,0.81,0.00,0.00,0.00,0.19,0.50,0.00,5.00,1.61,0.50,0.81,0.00,0.44,0.15,0.00,1.06,0.00,0.00,0,0,,15,0.94,81,7,0.75,81,8,0.86,79,4,7,9,24,0.00,99,0,3,0.32,27,4,67,0.43,40,0,0.00,99,0,0.00,0,0,0.00,0,0.96,60,13,1.39,68,8,0.86,61.54,0,0.00,0,0,0,0.00,0,0,0.00,74,0.00,0,N/A,N/A,N/A,N/A,0.00,0,0.00,0,2.40,0.00,0,68.26,46.67,72,90,0.06,0.11,1,77,74,2,0,0,0.06,0.11,1,34,107.88,0.38,0.64,6,0,0.00,0.00,99,0.00,0,2,0,0.00,0.00,0,0.00,0.00,0.75,0.44,7,0,20.00,90,33,38,57,74,1.77,85,0.11,0.19,1.00,69,0.06,0.11,37,8,0.50,0.86,2.03,1.19,80,19,0.26,94,40,27,71,0,97,79,0,0.00,99,17,0.00,1.82,11.02,6.44,103,39,42,75,4.17,2.44,37.86,13,1.39,12,0,25.00,0,0.00,99,1,0.06,0.11,45,33,74,83,0,0,0,0,0,96,91,96,77,0,99,48,69,40,1,6,19,79,0,0
Guilherme Brandão Azevedo,21,1088146800,2004/06/25,Serie B,2023,Forward,Londrina,161,50,111,Brazil,8,4,4,0,0,0,0,0,0,0,0,1,0,1,1,1,0,1,0,0,0,0,0,0,0,0.56,161,20,161,0,0.56,-1,-1,-1,26,0,0.00,0,51,0.00,0.00,0,0,0.00,0,0,0.00,0,0.00,0.00,0.00,0,0.00,0.00,0.00,0.00,0,0.00,0.00,0.00,0.00,0.00,0.00,0.00,0.00,0.00,0.00,0.00,0.00,0.00,0.00,0.00,0.00,0.00,0.00,0.00,0,0,,0,0.00,9,0,0.00,21,0,0.00,10,0,7,0,4,0.00,99,0,0,0.00,9,0,32,0.00,14,0,0.00,99,0,0.00,0,0,0.00,0,0.00,6,0,0.00,8,0,0.00,0.00,0,0.00,0,0,0,0.00,0,0,0.00,92,0.00,0,N/A,N/A,N/A,N/A,0.00,0,0.00,0,0.00,0.00,0,0.00,0.00,21,99,0.00,0.00,0,12,12,0,0,0,0.00,0.00,0,20,0.00,0.00,0.00,0,0,0.00,0.00,99,0.00,0,0,0,0.00,0.00,0,0.00,0.00,0.00,0.00,0,0,0.00,48,0,6,48,92,0.00,0,0.00,0.00,0.00,14,0.00,0.00,1,0,0.00,0.00,0.00,0.00,4,0,0.00,13,0,2,71,0,45,2,0,0.00,99,0,0.00,0.00,0.00,0.00,0,0,0,0,0.00,0.00,0.00,0,0.00,99,0,0.00,0,0.00,99,0,0.00,0.00,32,0,74,9,0,0,0,0,0,34,48,65,59,0,99,5,14,93,1,0,10,21,0,0
Guilherme Castilho Carvalho,26,937724400,1999/09/19,Serie B,2023,Midfielder,Ceará,1169,587,582,Brazil,26,13,13,1,0,1,2,0,2,1,0,7,5,2,15,8,7,3,0,0.23,0.15,0.08,0,0.15,1169,1.15,78,45,390,585,0.23,217,88,-1,16,0,6.76,0.08,85,43.04,21.50,73,559,18.00,468,83,36.03,77,0.00,0.00,0.85,22,0.00,2.62,1.31,0.65,17,0.00,0.58,0.00,0.00,0.00,0.38,0.15,0.00,26.00,2.00,0.58,0.58,0.00,0.42,0.07,0.00,0.35,0.00,0.00,0,0,,26,1.00,92,11,0.85,87,15,1.15,92,6,14,12,57,0.00,99,0,10,0.77,51,68,82,5.24,93,0,0.00,99,0,0.00,0,0,0.00,0,1.69,88,15,1.15,59,4,0.31,26.67,0,0.00,0,0,0,0.00,0,0,0.00,21,0.00,0,N/A,N/A,N/A,N/A,0.00,0,0.00,0,1.70,0.00,0,83.72,42.31,63,15,0.50,1.00,13,37,17,1,0,0,0.00,0.00,0,20,175.88,0.35,0.69,9,0,0.00,0.00,99,0.00,0,1,1,0.04,0.08,0,0.00,0.00,0.00,0.00,0,0,3.85,50,46,67,89,21,1.99,71,0.08,0.15,1.00,63,0.04,0.08,88,32,1.23,2.46,1.00,0.50,29,13,0.13,73,44,30,90,0,45,32,0,0.00,99,9,0.00,0.69,9.32,4.65,121,61,58,54,4.70,2.35,50.41,15,1.15,20,0,32.35,0,0.00,99,22,0.85,1.69,97,47,93,94,0,0,0,0,0,74,61,78,59,0,99,25,60,48,3,12,41,99,0,0
Guilherme da Trindade Dubas,26,957164400,2000/05/01,Serie B,2023,Defender,Mirassol,2242,1158,1084,Brazil,29,15,14,2,2,0,3,1,2,0,0,15,10,5,16,4,12,5,0,0.2,0.12,0.08,0.16,0,1121,0.64,140,77,448,747,0.2,211,117,31,7,0,6.94,0.1,79,48.13,41.34,84,1199,34.10,989,77,39.70,84,0.00,0.00,0.86,25,0.00,1.52,1.12,0.97,28,0.00,0.59,0.00,0.00,0.00,1.45,0.79,0.00,11.50,0.92,0.45,1.34,0.00,0.34,0.07,0.00,1.28,0.00,0.00,0,0,,23,0.79,60,10,0.40,63,13,0.52,56,3,3,26,48,0.00,99,0,42,1.69,93,44,67,1.77,64,0,0.00,99,0,0.00,0,0,0.00,0,1.00,62,39,1.57,72,23,0.92,58.97,0,0.00,0,0,0,0.00,0,0,0.00,84,0.00,0,N/A,N/A,N/A,N/A,0.00,0,0.00,0,2.09,0.00,0,82.49,43.48,67,72,0.28,0.32,8,79,68,0,0,0,0.24,0.28,7,63,201.15,1.59,1.85,46,1,0.00,0.04,12,0.03,0,0,0,0.00,0.00,0,0.00,0.00,0.04,0.03,1,0,8.70,64,82,75,88,84,4.97,87,0.17,0.20,2.09,63,0.07,0.08,36,21,0.72,0.84,1.40,1.21,50,35,0.08,61,78,70,71,0,50,68,0,0.00,99,37,0.00,1.49,8.23,7.07,205,109,49,39,4.38,3.76,53.17,17,0.68,45,0,25.00,0,0.00,99,11,0.38,0.44,66,82,50,70,0,0,0,0,0,69,61,65,73,0,99,93,69,40,5,17,56,6,0,0
Guilherme de Jesus Matos,24,1006070400,2001/11/18,Serie B,2023,Defender,Novorizontino,147,0,147,Brazil,4,1,3,0,0,0,0,0,0,0,0,1,0,1,3,0,3,1,0,0,0,0,0,0,0,1.84,49,37,147,0,0.61,-1,-1,-1,16,0,0.00,0,51,0.00,0.00,0,0,0.00,0,0,0.00,0,0.00,0.00,0.00,0,0.00,0.00,0.00,0.00,0,0.00,0.00,0.00,0.00,0.00,0.00,0.00,0.00,0.00,0.00,0.00,0.00,0.00,0.00,0.00,0.00,0.00,0.00,0.00,0,0,,0,0.00,9,0,0.00,21,0,0.00,10,2,3,1,4,0.00,99,0,0,0.00,9,0,32,0.00,14,0,0.00,99,0,0.00,0,0,0.00,0,0.00,6,0,0.00,8,0,0.00,0.00,0,0.00,0,0,0,0.00,0,0,0.00,1,0.00,0,N/A,N/A,N/A,N/A,0.00,0,0.00,0,0.00,0.00,0,0.00,0.00,21,99,0.00,0.00,0,12,12,0,0,0,0.00,0.00,0,20,0.00,0.00,0.00,0,0,0.00,0.00,99,0.00,0,0,0,0.00,0.00,0,0.00,0.00,0.00,0.00,0,0,0.00,48,0,0,48,1,0.00,0,0.00,0.00,0.00,14,0.00,0.00,1,0,0.00,0.00,0.00,0.00,4,0,0.00,13,0,2,71,0,45,2,0,0.00,99,0,0.00,0.00,0.00,0.00,0,0,0,0,0.00,0.00,0.00,0,0.00,99,0,0.00,0,0.00,99,0,0.00,0.00,32,0,50,53,0,0,0,0,0,34,48,65,59,0,99,22,13,95,1,0,10,43,0,0
Guilherme Gehring,21,1115622000,2005/05/09,Serie B,2023,Midfielder,Juventude,398,196,202,Brazil,12,5,7,0,0,0,1,1,0,0,0,5,3,2,4,1,3,2,0,0.23,0.23,0,0,0,0,0.9,100,33,199,398,0.45,278,32,-1,17,0,0.00,0,96,0.00,0.00,0,0,0.00,0,0,0.00,0,0.00,0.00,0.00,0,0.00,0.00,0.00,0.00,0,0.00,0.00,0.00,0.00,0.00,0.00,0.00,0.00,0.00,0.00,0.00,0.00,0.00,0.00,0.00,0.00,0.00,0.00,0.00,0,0,,0,0.00,9,0,0.00,21,0,0.00,10,1,8,4,4,0.00,99,0,0,0.00,9,0,32,0.00,14,0,0.00,99,0,0.00,0,0,0.00,0,0.00,6,0,0.00,8,0,0.00,0.00,0,0.00,0,0,0,0.00,0,0,0.00,49,0.00,0,N/A,N/A,N/A,N/A,0.00,0,0.00,0,0.00,0.00,0,0.00,0.00,21,99,0.00,0.00,0,12,12,0,0,0,0.00,0.00,0,20,0.00,0.00,0.00,0,0,0.00,0.00,99,0.00,0,0,0,0.00,0.00,0,0.00,0.00,0.00,0.00,0,0,0.00,48,2,20,48,49,0.00,0,0.00,0.00,0.00,14,0.00,0.00,1,0,0.00,0.00,0.00,0.00,4,0,0.00,13,0,2,71,0,45,2,0,0.00,99,0,0.00,0.00,0.00,0.00,0,0,0,0,0.00,0.00,0.00,0,0.00,99,0,0.00,0,0.00,99,0,0.00,0.00,32,8,79,33,0,0,0,0,0,74,48,65,59,0,99,74,24,83,2,0,10,47,0,0
Guilherme Henrique Silva Gonçalves,25,962953200,2000/07/07,Serie B,2023,Forward,Ponte Preta,88,7,81,Brazil,5,2,3,0,0,0,0,0,0,0,0,2,1,1,3,0,3,1,0,0,0,0,0,0,0,3.07,29,18,88,0,1.02,-1,-1,-1,31,0,0.00,0,51,0.00,0.00,0,0,0.00,0,0,0.00,0,0.00,0.00,0.00,0,0.00,0.00,0.00,0.00,0,0.00,0.00,0.00,0.00,0.00,0.00,0.00,0.00,0.00,0.00,0.00,0.00,0.00,0.00,0.00,0.00,0.00,0.00,0.00,0,0,,0,0.00,9,0,0.00,21,0,0.00,10,0,5,0,4,0.00,99,0,0,0.00,9,0,32,0.00,14,0,0.00,99,0,0.00,0,0,0.00,0,0.00,6,0,0.00,8,0,0.00,0.00,0,0.00,0,0,0,0.00,0,0,0.00,0,0.00,0,N/A,N/A,N/A,N/A,0.00,0,0.00,0,0.00,0.00,0,0.00,0.00,21,99,0.00,0.00,0,12,12,0,0,0,0.00,0.00,0,20,0.00,0.00,0.00,0,0,0.00,0.00,99,0.00,0,0,0,0.00,0.00,0,0.00,0.00,0.00,0.00,0,0,0.00,48,0,1,48,0,0.00,0,0.00,0.00,0.00,14,0.00,0.00,1,0,0.00,0.00,0.00,0.00,4,0,0.00,13,0,2,71,0,45,2,0,0.00,99,0,0.00,0.00,0.00,0.00,0,0,0,0,0.00,0.00,0.00,0,0.00,99,0,0.00,0,0.00,99,0,0.00,0.00,32,0,64,9,0,0,0,0,0,34,48,65,59,0,99,67,8,99,1,0,10,17,0,0
Guilherme Kennedy Romão,28,876207600,1997/10/07,Serie B,2023,Defender,CRB,1844,967,877,Brazil,24,13,11,1,1,0,1,1,0,0,0,7,5,2,18,8,10,8,1,0.1,0.05,0.05,0.09,0,1844,0.88,102,77,205,1844,0.44,246,224,107,11,0,6.41,0.04,60,29.97,25.39,38,584,18.17,418,18,21.45,34,0.00,0.00,0.61,14,0.00,2.13,0.67,0.57,13,0.00,0.52,0.00,0.00,0.00,0.70,0.74,0.00,16.00,0.82,0.43,1.52,0.00,0.26,0.05,0.00,1.22,0.00,0.00,0,0,,16,0.70,55,6,0.31,56,10,0.51,55,3,1,22,25,0.00,99,0,16,0.82,53,49,63,2.51,72,0,0.00,99,0,0.00,0,0,0.00,0,0.72,46,35,1.80,78,17,0.87,48.57,0,0.00,0,0,0,0.00,0,0,0.00,52,0.00,0,N/A,N/A,N/A,N/A,0.00,0,0.00,0,1.20,0.00,0,71.58,37.50,53,91,0.09,0.10,2,78,46,0,0,0,0.26,0.31,6,67,147.34,1.17,1.39,27,1,0.00,0.05,8,0.04,0,0,0,0.00,0.00,0,0.00,0.00,0.05,0.04,1,0,6.25,55,70,61,95,52,1.86,45,0.08,0.10,1.20,56,0.05,0.06,65,32,1.39,1.64,1.33,1.13,46,26,0.06,54,9,59,71,0,51,65,0,0.00,99,28,0.00,1.44,8.11,6.87,158,90,54,38,4.62,3.91,56.96,12,0.62,49,0,24.49,0,0.00,99,12,0.52,0.62,74,73,30,70,0,0,0,0,0,50,54,65,66,0,99,29,27,82,7,29,84,6,0,0
Guilherme Mantuan,28,870505200,1997/08/02,Serie B,2023,Midfielder,Botafogo SP,761,446,315,Brazil,13,6,7,0,0,0,0,0,0,0,0,6,3,3,8,6,2,0,0,0,0,0,0,0,0,0.95,95,59,0,0,0,461,496,-1,31,0,6.73,0,51,40.33,26.23,64,341,21.92,285,82,33.71,70,0.00,0.00,0.38,5,0.00,0.38,1.54,1.00,13,0.00,0.38,0.00,0.00,0.00,0.69,0.62,0.00,0.00,0.47,0.15,1.00,0.00,0.15,0.01,0.00,0.46,0.00,0.00,0,0,,4,0.31,33,2,0.24,50,2,0.24,25,3,4,9,68,0.00,99,0,9,1.06,65,5,32,0.59,44,0,0.00,99,0,0.00,0,0,0.00,0,0.59,38,13,1.54,71,8,0.95,61.54,0,0.00,0,0,0,0.00,0,0,0.00,43,0.00,0,N/A,N/A,N/A,N/A,0.00,0,0.00,0,0.15,0.00,0,83.58,50.00,83,13,0.69,1.06,9,80,74,0,0,0,0.23,0.35,3,69,87.52,0.31,0.47,4,0,0.00,0.00,99,0.00,0,0,0,0.00,0.00,0,0.00,0.00,0.00,0.00,0,0,0.00,48,26,24,48,43,0.72,36,0.06,0.09,0.15,38,0.01,0.02,56,12,0.92,1.42,1.54,1.00,57,13,0.02,37,37,20,71,0,45,34,0,0.00,99,6,0.00,0.71,9.58,6.23,81,39,54,59,4.61,3.00,48.15,5,0.59,51,0,0.00,0,0.00,99,0,0.00,0.00,32,33,56,70,0,0,0,0,0,34,48,65,59,0,99,85,8,8,0,0,10,15,0,0
Guilherme Miranda Madruga Gomes,25,973929600,2000/11/11,Serie B,2023,Midfielder,Botafogo SP,2714,1255,1459,Brazil,32,15,17,2,1,1,3,2,1,0,0,13,8,5,32,14,18,11,0,0.17,0.1,0.07,0.07,0.06,1357,1.06,85,85,247,905,0.36,230,141,-1,4,0,6.85,0.09,76,30.15,28.35,39,879,21.87,678,46,23.25,40,0.00,0.00,0.84,26,0.00,0.42,1.85,1.74,54,0.00,0.81,0.00,0.00,0.00,1.26,0.39,0.00,12.50,0.86,0.52,0.77,0.00,0.29,0.07,0.00,1.65,0.00,0.00,0,0,,25,0.81,57,9,0.31,56,16,0.55,59,1,0,31,83,0.00,99,0,39,1.34,82,13,41,0.45,41,0,0.00,99,0,0.00,0,0,0.00,0,0.89,56,24,0.82,43,12,0.41,50.00,0,0.00,0,0,0,0.00,0,0,0.00,29,0.00,0,N/A,N/A,N/A,N/A,0.00,0,0.00,0,2.12,0.00,0,77.13,36.00,51,14,0.97,1.03,30,47,55,0,0,0,0.16,0.17,5,47,212.35,1.10,1.17,34,0,0.00,0.00,99,0.00,0,0,0,0.00,0.00,0,0.00,0.00,0.03,0.03,1,0,8.00,61,91,86,91,30,4.06,68,0.13,0.14,2.12,60,0.07,0.07,79,61,1.97,2.09,1.82,1.71,71,53,0.07,58,61,51,71,0,46,77,0,0.00,99,51,0.00,1.75,11.11,10.45,324,178,86,75,6.11,5.74,54.94,25,0.86,33,0,15.38,0,0.00,99,2,0.06,0.07,39,91,19,33,0,0,0,0,0,64,59,66,62,0,99,70,38,71,11,34,92,5,0,0
Guilherme Natan de Lima,27,926233200,1999/05/09,Serie B,2023,Midfielder,Guarani,0,0,0,Brazil,0,0,0,0,0,0,0,0,0,0,0,0,0,0,0,0,0,0,0,0,0,0,0,0,0,0,0,0,0,0,0,-1,-1,-1,-1,N/A,N/A,N/A,N/A,N/A,N/A,N/A,N/A,N/A,N/A,N/A,N/A,N/A,N/A,N/A,N/A,N/A,N/A,N/A,N/A,N/A,N/A,N/A,N/A,N/A,N/A,N/A,N/A,N/A,N/A,N/A,N/A,N/A,N/A,N/A,N/A,N/A,N/A,N/A,N/A,N/A,N/A,N/A,N/A,N/A,N/A,N/A,N/A,N/A,N/A,N/A,N/A,N/A,N/A,N/A,N/A,N/A,N/A,N/A,N/A,N/A,N/A,N/A,N/A,N/A,N/A,N/A,N/A,N/A,N/A,N/A,N/A,N/A,N/A,N/A,N/A,N/A,N/A,N/A,N/A,N/A,N/A,N/A,N/A,N/A,N/A,N/A,N/A,N/A,N/A,N/A,N/A,N/A,N/A,N/A,N/A,N/A,N/A,N/A,N/A,N/A,N/A,N/A,N/A,N/A,N/A,N/A,N/A,N/A,N/A,N/A,N/A,N/A,N/A,N/A,N/A,N/A,N/A,N/A,N/A,N/A,N/A,N/A,N/A,N/A,N/A,N/A,N/A,N/A,N/A,N/A,N/A,N/A,N/A,N/A,N/A,N/A,N/A,N/A,N/A,N/A,N/A,N/A,N/A,N/A,N/A,N/A,N/A,N/A,N/A,N/A,N/A,N/A,N/A,N/A,N/A,N/A,N/A,N/A,N/A,N/A,N/A,N/A,N/A,N/A,N/A,N/A,N/A,N/A,N/A,N/A,N/A,N/A,N/A,N/A,N/A,N/A,N/A,N/A,N/A,N/A,N/A,N/A,N/A,N/A,N/A,N/A,N/A,N/A,N/A,N/A,N/A,N/A,N/A,N/A,N/A,N/A,N/A,N/A,N/A,N/A,N/A,N/A,N/A,N/A,N/A,N/A,N/A,N/A,N/A,N/A,N/A,N/A,N/A,N/A,N/A,N/A,N/A,N/A,N/A,N/A,N/A,N/A,N/A
Guilherme Oliveira Santos,38,571046400,1988/02/05,Serie B,2023,Defender,Tombense,1361,751,610,Brazil,23,12,11,0,0,0,1,1,0,0,0,5,3,2,12,5,7,6,0,0.07,0.07,0,0,0,0,0.79,113,59,227,1361,0.4,503,182,73,30,0,6.68,0.04,67,51.51,33.87,91,779,27.70,637,72,42.12,88,0.00,0.00,0.35,8,0.00,1.57,1.59,1.04,24,0.00,0.13,0.00,0.00,0.00,1.09,0.39,0.00,0.00,0.26,0.09,0.65,0.00,0.09,0.01,0.00,0.57,0.00,0.00,0,0,,4,0.17,17,2,0.13,33,2,0.13,15,5,5,18,71,0.00,99,0,25,1.65,92,36,47,2.38,71,0,0.00,99,0,0.00,0,0,0.00,0,0.53,34,15,0.99,51,9,0.60,60.00,0,0.00,0,0,0,0.00,0,0,0.00,64,0.00,0,N/A,N/A,N/A,N/A,0.00,0,0.00,0,0.19,0.00,0,81.77,50.00,83,29,0.52,0.79,12,60,73,0,0,0,0.09,0.13,2,38,153.70,0.74,1.12,17,1,0.00,0.07,6,0.04,0,0,1,0.04,0.07,0,0.00,0.00,0.00,0.00,0,0,0.00,48,56,58,48,64,2.12,68,0.09,0.14,0.19,27,0.01,0.01,63,24,1.04,1.59,1.65,1.09,63,25,0.01,26,25,50,88,0,45,41,0,0.00,99,13,0.00,0.86,8.20,5.39,124,70,55,39,4.63,3.04,56.45,3,0.20,76,0,19.44,0,0.00,99,7,0.30,0.46,67,63,64,89,0,0,0,0,0,42,48,65,59,0,99,15,32,78,5,22,70,6,0,0
Guilherme Parede Pinheiro,30,811494000,1995/09/19,Serie B,2023,Forward,Vila Nova,2903,1364,1539,Brazil,34,16,18,6,4,2,5,2,3,0,1,14,9,5,18,6,12,5,0,0.34,0.16,0.19,0.26,0.12,484,0.56,161,85,581,581,0.16,102,85,-1,4,0,7.07,0.15,87,21.97,20.82,18,687,14.61,482,14,15.42,17,0.00,0.00,1.88,62,0.00,3.64,0.45,0.42,14,0.00,1.12,0.00,0.00,0.00,0.64,0.79,0.00,12.00,2.30,1.06,1.45,0.00,1.12,0.20,0.00,0.39,0.00,0.00,0,0,,72,2.18,97,37,1.18,97,35,1.12,90,2,0,33,13,0.00,99,0,21,0.67,45,120,78,3.84,87,0,0.00,99,0,0.00,0,0,0.00,0,1.98,93,48,1.54,71,26,0.83,54.17,0,0.00,0,0,0,0.00,0,0,0.00,92,0.00,0,N/A,N/A,N/A,N/A,0.00,0,0.00,0,6.56,0.00,0,70.16,51.39,83,62,0.39,0.42,13,75,60,0,1,0,0.03,0.03,1,21,233.39,0.42,0.45,14,0,0.00,0.00,99,0.00,0,1,4,0.12,0.13,0,0.00,0.00,0.48,0.45,15,0,8.33,63,94,92,67,92,6.27,87,0.19,0.20,5.86,88,0.18,0.19,69,55,1.67,1.76,0.96,0.91,27,30,0.21,87,91,18,95,0,91,19,0,0.00,99,13,0.00,0.42,7.29,6.91,228,107,25,31,3.42,3.24,46.93,37,1.18,19,0,29.17,0,0.00,99,35,1.06,1.12,90,94,19,53,0,0,0,0,0,86,82,74,86,0,99,70,81,30,5,15,50,77,0,0
Guilherme Santos da Silva,25,989737200,2001/05/13,Serie B,2023,Forward,Avaí,0,0,0,Brazil,0,0,0,0,0,0,0,0,0,0,0,0,0,0,0,0,0,0,0,0,0,0,0,0,0,0,0,0,0,0,0,-1,-1,-1,-1,N/A,N/A,N/A,N/A,N/A,N/A,N/A,N/A,N/A,N/A,N/A,N/A,N/A,N/A,N/A,N/A,N/A,N/A,N/A,N/A,N/A,N/A,N/A,N/A,N/A,N/A,N/A,N/A,N/A,N/A,N/A,N/A,N/A,N/A,N/A,N/A,N/A,N/A,N/A,N/A,N/A,N/A,N/A,N/A,N/A,N/A,N/A,N/A,N/A,N/A,N/A,N/A,N/A,N/A,N/A,N/A,N/A,N/A,N/A,N/A,N/A,N/A,N/A,N/A,N/A,N/A,N/A,N/A,N/A,N/A,N/A,N/A,N/A,N/A,N/A,N/A,N/A,N/A,N/A,N/A,N/A,N/A,N/A,N/A,N/A,N/A,N/A,N/A,N/A,N/A,N/A,N/A,N/A,N/A,N/A,N/A,N/A,N/A,N/A,N/A,N/A,N/A,N/A,N/A,N/A,N/A,N/A,N/A,N/A,N/A,N/A,N/A,N/A,N/A,N/A,N/A,N/A,N/A,N/A,N/A,N/A,N/A,N/A,N/A,N/A,N/A,N/A,N/A,N/A,N/A,N/A,N/A,N/A,N/A,N/A,N/A,N/A,N/A,N/A,N/A,N/A,N/A,N/A,N/A,N/A,N/A,N/A,N/A,N/A,N/A,N/A,N/A,N/A,N/A,N/A,N/A,N/A,N/A,N/A,N/A,N/A,N/A,N/A,N/A,N/A,N/A,N/A,N/A,N/A,N/A,N/A,N/A,N/A,N/A,N/A,N/A,N/A,N/A,N/A,N/A,N/A,N/A,N/A,N/A,N/A,N/A,N/A,N/A,N/A,N/A,N/A,N/A,N/A,N/A,N/A,N/A,N/A,N/A,N/A,N/A,N/A,N/A,N/A,N/A,N/A,N/A,N/A,N/A,N/A,N/A,N/A,N/A,N/A,N/A,N/A,N/A,N/A,N/A,N/A,N/A,N/A,N/A,N/A,N/A
Guilherme Silva,23,1029308400,2002/08/14,Serie B,2023,Defender,Criciúma,0,0,0,Brazil,0,0,0,0,0,0,0,0,0,0,0,0,0,0,0,0,0,0,0,0,0,0,0,0,0,0,0,0,0,0,0,-1,-1,-1,-1,N/A,N/A,N/A,N/A,N/A,N/A,N/A,N/A,N/A,N/A,N/A,N/A,N/A,N/A,N/A,N/A,N/A,N/A,N/A,N/A,N/A,N/A,N/A,N/A,N/A,N/A,N/A,N/A,N/A,N/A,N/A,N/A,N/A,N/A,N/A,N/A,N/A,N/A,N/A,N/A,N/A,N/A,N/A,N/A,N/A,N/A,N/A,N/A,N/A,N/A,N/A,N/A,N/A,N/A,N/A,N/A,N/A,N/A,N/A,N/A,N/A,N/A,N/A,N/A,N/A,N/A,N/A,N/A,N/A,N/A,N/A,N/A,N/A,N/A,N/A,N/A,N/A,N/A,N/A,N/A,N/A,N/A,N/A,N/A,N/A,N/A,N/A,N/A,N/A,N/A,N/A,N/A,N/A,N/A,N/A,N/A,N/A,N/A,N/A,N/A,N/A,N/A,N/A,N/A,N/A,N/A,N/A,N/A,N/A,N/A,N/A,N/A,N/A,N/A,N/A,N/A,N/A,N/A,N/A,N/A,N/A,N/A,N/A,N/A,N/A,N/A,N/A,N/A,N/A,N/A,N/A,N/A,N/A,N/A,N/A,N/A,N/A,N/A,N/A,N/A,N/A,N/A,N/A,N/A,N/A,N/A,N/A,N/A,N/A,N/A,N/A,N/A,N/A,N/A,N/A,N/A,N/A,N/A,N/A,N/A,N/A,N/A,N/A,N/A,N/A,N/A,N/A,N/A,N/A,N/A,N/A,N/A,N/A,N/A,N/A,N/A,N/A,N/A,N/A,N/A,N/A,N/A,N/A,N/A,N/A,N/A,N/A,N/A,N/A,N/A,N/A,N/A,N/A,N/A,N/A,N/A,N/A,N/A,N/A,N/A,N/A,N/A,N/A,N/A,N/A,N/A,N/A,N/A,N/A,N/A,N/A,N/A,N/A,N/A,N/A,N/A,N/A,N/A,N/A,N/A,N/A,N/A,N/A,N/A
Guilherme Silva Lacerda,25,964940400,2000/07/30,Serie B,2023,Defender,Londrina,406,90,316,Brazil,6,1,5,0,0,0,0,0,0,0,0,2,0,2,4,1,3,3,0,0,0,0,0,0,0,0.89,102,68,135,0,0.67,540,524,108,39,0,6.51,0,51,28.20,19.80,34,99,13.60,68,11,19.37,29,0.00,0.00,0.00,0,0.00,0.80,2.56,1.80,9,0.00,0.20,0.00,0.00,0.00,0.60,0.20,0.00,0.00,0.57,0.40,0.20,0.00,0.00,0.01,0.00,1.80,0.00,0.00,0,0,,2,0.40,41,0,0.00,21,2,0.57,60,3,1,4,95,0.00,99,0,3,0.85,54,4,97,1.14,55,0,0.00,99,0,0.00,0,0,0.00,0,0.00,6,1,0.28,23,1,0.28,100.00,0,0.00,0,0,0,0.00,0,0,0.00,50,0.00,0,N/A,N/A,N/A,N/A,0.00,0,0.00,0,0.05,0.00,0,68.69,0.00,21,2,1.20,1.71,6,34,99,0,0,0,0.40,0.57,2,84,32.53,2.00,2.85,10,0,0.00,0.00,99,0.00,0,0,0,0.00,0.00,0,0.00,0.00,0.28,0.20,1,0,0.00,48,3,3,48,52,0.12,6,0.02,0.03,0.05,27,0.01,0.01,1,0,0.00,0.00,2.56,1.80,93,9,0.01,26,11,82,71,0,82,92,0,0.00,99,9,0.00,2.56,11.39,8.00,40,19,76,77,5.41,3.80,47.50,1,0.28,72,0,50.00,0,0.00,99,2,0.40,0.57,72,8,30,70,0,0,0,0,0,34,48,65,59,0,99,45,12,96,3,50,99,6,0,0
Gustavo Bonatto Barreto,30,818582400,1995/12/10,Serie B,2023,Midfielder,Criciúma,740,368,372,Brazil,11,5,6,0,0,0,0,0,0,0,0,4,3,1,8,2,6,3,0,0,0,0,0,0,0,0.97,93,67,247,0,0.36,309,341,-1,30,0,6.84,0,51,40.53,29.90,65,299,25.50,255,90,34.56,71,0.00,0.00,0.60,6,0.00,0.30,2.03,1.50,15,0.00,0.20,0.00,0.00,0.00,0.50,0.40,0.00,0.00,0.54,0.20,0.60,0.00,0.20,0.02,0.00,0.70,0.00,0.00,0,0,,4,0.40,39,2,0.27,53,2,0.27,27,7,3,7,87,0.00,99,0,5,0.68,45,3,32,0.41,39,0,0.00,99,0,0.00,0,0,0.00,0,0.81,52,6,0.81,43,4,0.54,66.67,0,0.00,0,0,0,0.00,0,0,0.00,40,0.00,0,N/A,N/A,N/A,N/A,0.00,0,0.00,0,0.16,0.00,0,85.28,50.00,83,36,0.50,0.68,5,58,83,0,0,0,0.20,0.27,2,62,68.42,1.50,2.03,15,0,0.00,0.00,99,0.00,0,0,0,0.00,0.00,0,0.00,0.00,0.00,0.00,0,0,0.00,48,24,15,48,40,0.65,36,0.07,0.09,0.16,38,0.02,0.02,53,10,1.00,1.36,2.17,1.60,83,16,0.02,37,59,74,71,0,45,45,0,0.00,99,7,0.00,0.95,8.67,6.40,64,36,64,45,4.88,3.60,56.25,2,0.27,72,0,0.00,0,0.00,99,0,0.00,0.00,32,22,50,98,0,0,0,0,0,34,48,65,59,0,99,52,38,71,3,27,81,88,0,0
Gustavo Cazonatti,29,836377200,1996/07/03,Serie B,2023,Midfielder,Chapecoense,2201,1059,1142,Brazil,29,14,15,3,1,2,1,0,1,0,0,8,5,3,18,4,14,14,2,0.16,0.04,0.12,0.08,0.16,734,0.74,122,76,147,2201,0.61,170,231,-1,4,0,7.07,0.03,57,39.53,33.43,62,936,28.50,798,90,33.70,70,0.00,0.00,0.46,13,0.00,0.32,2.87,2.43,68,0.00,0.46,0.00,0.00,0.00,1.07,0.32,0.00,4.67,0.59,0.29,0.50,0.00,0.21,0.09,0.00,1.21,0.00,0.00,0,0,,14,0.50,43,6,0.25,52,8,0.34,36,4,3,25,98,0.00,99,0,30,1.27,78,9,35,0.38,37,0,0.00,99,0,0.00,0,0,0.00,0,0.55,35,14,0.59,35,9,0.38,64.29,0,0.00,0,0,0,0.00,0,0,0.00,69,0.00,0,N/A,N/A,N/A,N/A,0.00,0,0.00,0,2.40,0.00,0,85.26,42.86,67,66,0.32,0.38,9,43,78,0,0,0,0.61,0.72,17,88,197.97,1.18,1.39,33,0,0.00,0.00,99,0.00,0,0,2,0.07,0.08,0,0.00,0.00,0.00,0.00,0,0,21.43,91,80,75,79,69,2.58,50,0.09,0.11,2.40,68,0.09,0.10,76,47,1.68,1.98,2.32,1.96,87,55,0.10,65,91,59,90,0,45,65,0,0.00,99,34,0.00,1.44,11.02,9.32,261,158,91,75,6.67,5.64,60.54,13,0.55,53,0,11.11,0,0.00,99,1,0.04,0.04,36,80,50,83,0,1,0,3,0,62,70,79,64,0,99,29,13,95,11,38,94,55,0,0
Gustavo Cipriano de Azevedo,25,983174400,2001/02/26,Serie B,2023,Defender,Botafogo SP,0,0,0,Brazil,0,0,0,0,0,0,0,0,0,0,0,0,0,0,0,0,0,0,0,0,0,0,0,0,0,0,0,0,0,0,0,-1,-1,-1,-1,N/A,N/A,N/A,N/A,N/A,N/A,N/A,N/A,N/A,N/A,N/A,N/A,N/A,N/A,N/A,N/A,N/A,N/A,N/A,N/A,N/A,N/A,N/A,N/A,N/A,N/A,N/A,N/A,N/A,N/A,N/A,N/A,N/A,N/A,N/A,N/A,N/A,N/A,N/A,N/A,N/A,N/A,N/A,N/A,N/A,N/A,N/A,N/A,N/A,N/A,N/A,N/A,N/A,N/A,N/A,N/A,N/A,N/A,N/A,N/A,N/A,N/A,N/A,N/A,N/A,N/A,N/A,N/A,N/A,N/A,N/A,N/A,N/A,N/A,N/A,N/A,N/A,N/A,N/A,N/A,N/A,N/A,N/A,N/A,N/A,N/A,N/A,N/A,N/A,N/A,N/A,N/A,N/A,N/A,N/A,N/A,N/A,N/A,N/A,N/A,N/A,N/A,N/A,N/A,N/A,N/A,N/A,N/A,N/A,N/A,N/A,N/A,N/A,N/A,N/A,N/A,N/A,N/A,N/A,N/A,N/A,N/A,N/A,N/A,N/A,N/A,N/A,N/A,N/A,N/A,N/A,N/A,N/A,N/A,N/A,N/A,N/A,N/A,N/A,N/A,N/A,N/A,N/A,N/A,N/A,N/A,N/A,N/A,N/A,N/A,N/A,N/A,N/A,N/A,N/A,N/A,N/A,N/A,N/A,N/A,N/A,N/A,N/A,N/A,N/A,N/A,N/A,N/A,N/A,N/A,N/A,N/A,N/A,N/A,N/A,N/A,N/A,N/A,N/A,N/A,N/A,N/A,N/A,N/A,N/A,N/A,N/A,N/A,N/A,N/A,N/A,N/A,N/A,N/A,N/A,N/A,N/A,N/A,N/A,N/A,N/A,N/A,N/A,N/A,N/A,N/A,N/A,N/A,N/A,N/A,N/A,N/A,N/A,N/A,N/A,N/A,N/A,N/A,N/A,N/A,N/A,N/A,N/A,N/A
Gustavo Coutinho Silva Lopes,27,916732800,1999/01/19,Serie B,2023,Forward,Atlético GO,2327,1187,1140,Brazil,31,17,14,14,11,3,2,2,0,4,0,9,4,5,22,11,11,3,0,0.62,0.08,0.54,0.83,0.24,166,0.85,106,75,776,1164,0.12,7,178,-1,1,0,6.97,0.06,69,14.68,12.17,4,365,8.40,252,12,10.14,3,0.00,0.00,0.43,13,0.00,0.30,0.56,0.47,14,0.00,0.70,0.00,0.00,0.00,0.17,0.17,0.00,3.38,1.77,0.60,0.70,0.00,0.87,0.33,0.00,1.50,0.00,0.00,0,0,,44,1.47,85,26,1.05,96,18,0.72,72,5,0,30,19,0.00,99,0,5,0.20,20,9,32,0.36,36,0,0.00,99,0,0.00,0,0,0.00,0,0.52,33,21,0.84,45,5,0.20,23.81,0,0.00,0,0,0,0.00,0,0,0.00,55,0.00,0,N/A,N/A,N/A,N/A,0.00,0,0.00,0,9.99,0.00,0,69.04,59.09,91,69,0.30,0.36,9,29,15,4,0,0,0.10,0.12,3,36,209.07,0.33,0.40,10,0,0.00,0.00,99,0.00,0,4,1,0.03,0.04,0,0.00,0.00,0.52,0.43,13,0,29.55,97,83,83,50,55,2.18,36,0.07,0.09,7.19,98,0.24,0.29,70,44,1.47,1.77,2.37,1.97,88,59,0.40,99,82,16,79,0,92,78,0,0.00,99,45,0.00,1.81,12.15,10.07,302,108,47,85,4.35,3.60,35.76,21,0.84,35,0,0.00,0,0.00,99,0,0.00,0.00,32,90,19,89,1,3,1,10,3,98,99,86,99,0,99,29,90,20,3,10,33,9,0,0
Gustavo Daniel da Silva Gonçalves,21,1110182400,2005/03/07,Serie B,2023,Defender,ABC,12,12,0,Brazil,1,1,0,0,0,0,0,0,0,0,0,0,0,0,1,1,0,0,0,0,0,0,0,0,0,7.5,12,12,0,0,0,-1,-1,-1,19,N/A,N/A,N/A,N/A,N/A,N/A,N/A,N/A,N/A,N/A,N/A,N/A,N/A,N/A,N/A,N/A,N/A,N/A,N/A,N/A,N/A,N/A,N/A,N/A,N/A,N/A,N/A,N/A,N/A,N/A,N/A,N/A,N/A,N/A,N/A,N/A,N/A,N/A,N/A,N/A,N/A,N/A,N/A,N/A,N/A,N/A,N/A,N/A,N/A,N/A,N/A,N/A,N/A,N/A,N/A,N/A,N/A,N/A,N/A,N/A,N/A,N/A,N/A,N/A,N/A,N/A,N/A,N/A,N/A,N/A,N/A,N/A,N/A,N/A,N/A,N/A,N/A,N/A,N/A,N/A,N/A,N/A,N/A,N/A,N/A,N/A,N/A,N/A,N/A,N/A,N/A,N/A,N/A,N/A,N/A,N/A,N/A,N/A,N/A,N/A,N/A,N/A,N/A,N/A,N/A,N/A,N/A,N/A,N/A,N/A,N/A,N/A,N/A,N/A,N/A,N/A,N/A,N/A,N/A,N/A,N/A,N/A,N/A,N/A,N/A,N/A,N/A,N/A,N/A,N/A,N/A,N/A,N/A,N/A,N/A,N/A,N/A,N/A,N/A,N/A,N/A,N/A,N/A,N/A,N/A,N/A,N/A,N/A,N/A,N/A,N/A,N/A,N/A,N/A,N/A,N/A,N/A,N/A,N/A,N/A,N/A,N/A,N/A,N/A,N/A,N/A,N/A,N/A,N/A,N/A,N/A,N/A,N/A,N/A,N/A,N/A,N/A,N/A,N/A,N/A,N/A,N/A,N/A,N/A,N/A,N/A,N/A,N/A,N/A,N/A,N/A,N/A,N/A,N/A,N/A,N/A,N/A,N/A,N/A,N/A,N/A,N/A,N/A,N/A,N/A,N/A,N/A,N/A,N/A,N/A,N/A,N/A,N/A,N/A,N/A,N/A,N/A,N/A,N/A,N/A,N/A,N/A,N/A,N/A
Gustavo de Oliveira Modesto da Silva,24,1011772800,2002/01/23,Serie B,2023,Defender,Avaí,360,149,211,Brazil,14,6,8,1,0,1,1,0,1,0,0,5,2,3,4,1,3,2,0,0.5,0.25,0.25,0,0.43,360,1,90,26,180,360,0.5,70,30,139,15,0,0.00,0,96,0.00,0.00,0,0,0.00,0,0,0.00,0,0.00,0.00,0.00,0,0.00,0.00,0.00,0.00,0,0.00,0.00,0.00,0.00,0.00,0.00,0.00,0.00,0.00,0.00,0.00,0.00,0.00,0.00,0.00,0.00,0.00,0.00,0.00,0,0,,0,0.00,9,0,0.00,21,0,0.00,10,3,10,3,4,0.00,99,0,0,0.00,9,0,32,0.00,14,0,0.00,99,0,0.00,0,0,0.00,0,0.00,6,0,0.00,8,0,0.00,0.00,0,0.00,0,0,0,0.00,0,0,0.00,36,0.00,0,N/A,N/A,N/A,N/A,0.00,0,0.00,0,0.00,0.00,0,0.00,0.00,21,99,0.00,0.00,0,12,12,0,0,0,0.00,0.00,0,20,0.00,0.00,0.00,0,0,0.00,0.00,99,0.00,0,0,0,0.00,0.00,0,0.00,0.00,0.00,0.00,0,0,0.00,48,0,27,61,36,0.00,0,0.00,0.00,0.00,14,0.00,0.00,1,0,0.00,0.00,0.00,0.00,4,0,0.00,13,0,2,71,0,45,2,0,0.00,99,0,0.00,0.00,0.00,0.00,0,0,0,0,0.00,0.00,0.00,0,0.00,99,0,0.00,0,0.00,99,0,0.00,0.00,32,3,85,70,0,0,0,0,0,95,88,96,59,0,99,52,21,87,2,0,10,17,0,0
Gustavo Franca Amadio,28,893401200,1998/04/24,Serie B,2023,Midfielder,Guarani,324,166,158,Brazil,7,4,3,0,0,0,2,2,0,0,0,1,0,1,4,2,2,0,0,0.56,0.56,0,0,0,0,1.11,81,46,0,162,0,298,2,-1,31,0,6.80,0.29,99,26.35,12.83,29,77,8.17,49,5,16.77,22,0.00,0.00,1.00,6,0.00,4.17,1.71,0.83,5,0.00,1.00,0.00,0.00,0.00,0.00,0.17,0.00,0.00,2.74,0.67,0.83,0.00,0.67,0.05,0.00,0.00,0.00,0.00,0,0,,8,1.33,98,4,1.37,99,4,1.37,95,4,4,2,75,0.00,99,0,0,0.00,9,25,51,8.56,99,0,0.00,99,0,0.00,0,0,0.00,0,2.05,94,5,1.71,75,1,0.34,20.00,0,0.00,0,0,0,0.00,0,0,0.00,25,0.00,0,N/A,N/A,N/A,N/A,0.00,0,0.00,0,0.32,0.00,0,63.64,50.00,83,70,0.17,0.34,1,41,14,0,0,0,0.00,0.00,0,20,40.77,0.00,0.00,0,0,0.00,0.00,99,0.00,0,0,0,0.00,0.00,0,0.00,0.00,0.34,0.17,1,0,0.00,48,0,4,48,25,1.50,99,0.25,0.51,0.32,69,0.05,0.11,92,8,1.33,2.74,1.03,0.50,29,3,0.11,67,52,2,71,0,86,2,0,0.00,99,0,0.00,0.00,10.27,5.00,30,14,60,66,4.79,2.33,46.67,6,2.05,2,0,20.00,0,0.00,99,5,0.83,1.71,97,1,56,83,0,0,0,0,0,97,48,65,59,0,99,5,8,8,0,0,10,33,0,0
Gustavo Hebling de Aguiar,30,828691200,1996/04/05,Serie B,2023,Midfielder,ABC,143,62,81,Brazil,5,2,3,0,0,0,0,0,0,0,0,1,0,1,1,1,0,1,0,0,0,0,0,0,0,0.63,143,29,143,0,0.63,-1,-1,-1,13,0,6.59,0,51,70.00,19.25,99,77,17.50,70,99,63.64,99,0.00,0.00,0.00,0,0.00,0.00,2.73,0.75,3,0.00,0.25,0.00,0.00,0.00,0.00,0.00,0.00,0.00,0.00,0.00,0.25,0.00,0.00,0.00,0.00,0.25,0.00,0.00,0,0,,0,0.00,9,0,0.00,21,0,0.00,10,0,5,0,97,0.00,99,0,0,0.00,9,0,32,0.00,14,0,0.00,99,0,0.00,0,0,0.00,0,0.00,6,1,0.91,47,0,0.00,0.00,0,0.00,0,0,0,0.00,0,0,0.00,85,0.00,0,N/A,N/A,N/A,N/A,0.00,0,0.00,0,0.00,0.00,0,90.91,0.00,21,20,0.25,0.91,1,12,12,0,0,0,0.00,0.00,0,20,26.37,0.25,0.91,1,0,0.00,0.00,99,0.00,0,0,0,0.00,0.00,0,0.00,0.00,0.00,0.00,0,0,0.00,48,0,1,48,85,0.13,55,0.03,0.12,0.00,14,0.00,0.00,92,3,0.75,2.73,1.82,0.50,71,2,0.00,13,16,38,71,0,45,44,0,0.00,99,1,0.00,0.91,11.82,3.25,13,7,89,82,6.36,1.75,53.85,1,0.91,29,0,0.00,0,0.00,99,0,0.00,0.00,32,0,64,9,0,0,0,0,0,34,48,65,59,0,99,12,12,95,1,20,65,96,0,0
Gustavo Henrique Santos,26,939279600,1999/10/07,Serie B,2023,Defender,Sampaio Corrêa,2511,1080,1431,Brazil,29,12,17,0,0,0,0,0,0,0,0,12,5,7,24,7,17,0,0,0,0,0,0,0,0,0.86,105,87,0,0,0,350,356,100,48,0,0.00,0,51,0.00,0.00,0,0,0.00,0,0,0.00,0,0.00,0.00,0.00,0,0.00,0.00,0.00,0.00,0,0.00,0.00,0.00,0.00,0.00,0.00,0.00,0.00,0.00,0.00,0.00,0.00,0.00,0.00,0.00,0.00,0.00,0.00,0.00,0,0,,0,0.00,9,0,0.00,21,0,0.00,10,4,0,28,4,0.00,99,0,0,0.00,9,0,32,0.00,14,0,0.00,99,0,0.00,0,0,0.00,0,0.00,6,0,0.00,8,0,0.00,0.00,0,0.00,0,0,0,0.00,0,0,0.00,54,0.00,0,N/A,N/A,N/A,N/A,0.00,0,0.00,0,0.00,0.00,0,0.00,0.00,21,99,0.00,0.00,0,12,12,0,0,0,0.00,0.00,0,20,0.00,0.00,0.00,0,0,0.00,0.00,99,0.00,0,0,0,0.00,0.00,0,0.00,0.00,0.00,0.00,0,0,0.00,48,88,75,48,54,0.00,0,0.00,0.00,0.00,14,0.00,0.00,1,0,0.00,0.00,0.00,0.00,4,0,0.00,13,0,2,71,0,45,2,0,0.00,99,0,0.00,0.00,0.00,0.00,0,0,0,0,0.00,0.00,0.00,0,0.00,99,0,0.00,0,0.00,99,0,0.00,0.00,32,86,19,83,0,0,0,0,0,34,48,65,59,0,99,70,8,8,0,0,10,4,0,0
Gustavo Maia da Silva,25,980150400,2001/01/22,Serie B,2023,Forward,Vila Nova,63,29,34,Brazil,5,3,2,0,0,0,0,0,0,0,0,2,1,1,1,0,1,2,0,0,0,0,0,0,0,1.43,63,13,32,0,2.86,-1,-1,-1,17,0,6.62,0,51,40.65,7.00,65,28,5.00,20,17,29.03,55,0.00,0.00,0.50,2,0.00,0.75,0.00,0.00,0,0.00,0.00,0.00,0.00,0.00,0.00,0.00,0.00,0.00,4.35,0.75,0.25,0.00,0.00,0.02,0.00,0.00,0.00,0.00,0,0,,3,0.75,99,0,0.00,21,3,4.35,99,0,4,0,4,0.00,99,0,0,0.00,9,3,32,4.35,90,0,0.00,99,0,0.00,0,0,0.00,0,2.90,99,1,1.45,69,0,0.00,0.00,0,0.00,0,0,0,0.00,0,0,0.00,6,0.00,0,N/A,N/A,N/A,N/A,0.00,0,0.00,0,0.08,0.00,0,71.43,0.00,21,99,0.00,0.00,0,12,12,0,0,0,0.00,0.00,0,20,26.49,0.25,1.45,1,0,0.00,0.00,99,0.00,0,0,0,0.00,0.00,0,0.00,0.00,0.00,0.00,0,0,0.00,48,0,1,48,7,0.12,80,0.03,0.17,0.08,73,0.02,0.12,1,0,0.00,0.00,1.45,0.25,52,1,0.12,70,19,62,71,0,45,2,0,0.00,99,0,0.00,0.00,5.81,1.00,4,0,0,15,0.00,0.00,0.00,0,0.00,99,0,0.00,0,0.00,99,0,0.00,0.00,32,0,56,9,0,0,0,0,0,34,48,65,59,0,99,67,8,99,0,0,10,21,0,0
Gustavo Salomão Miguel,28,867481200,1997/06/28,Serie B,2023,Defender,Londrina,1651,900,751,Brazil,20,10,10,0,0,0,1,0,1,0,0,6,4,2,25,9,16,2,1,0.05,0.05,0,0,0,0,1.36,66,83,550,1651,0.16,523,217,200,34,0,6.75,0.05,60,32.81,29.95,44,569,22.84,434,41,25.02,44,0.00,0.00,0.53,10,0.00,3.21,1.38,1.26,24,0.00,0.47,0.00,0.00,0.00,0.95,0.58,0.00,0.00,0.46,0.32,1.21,0.00,0.11,0.01,0.00,1.37,0.00,0.00,0,0,,8,0.42,33,2,0.12,32,6,0.35,37,1,1,18,60,0.00,99,0,18,1.04,65,61,40,3.52,84,0,0.00,99,0,0.00,0,0,0.00,0,0.58,37,23,1.33,66,11,0.63,47.83,0,0.00,0,0,0,0.00,0,0,0.00,9,0.00,0,N/A,N/A,N/A,N/A,0.00,0,0.00,0,0.27,0.00,0,76.27,25.00,36,50,0.47,0.52,9,63,45,0,0,0,0.42,0.46,8,77,128.25,1.37,1.50,26,1,0.00,0.06,8,0.05,0,0,0,0.00,0.00,0,0.00,0.00,0.06,0.05,1,0,0.00,48,64,49,48,9,1.95,50,0.10,0.11,0.27,38,0.01,0.02,55,24,1.26,1.38,1.56,1.42,58,27,0.02,37,41,62,71,0,53,69,0,0.00,99,26,0.00,1.50,8.48,7.74,147,85,64,42,4.90,4.47,57.82,9,0.52,57,0,14.75,0,0.00,99,9,0.47,0.52,69,63,30,33,0,0,0,0,0,38,48,65,59,0,99,33,78,30,1,5,14,6,0,0
Gustavo Santos Assunção,23,1043913600,2003/01/30,Serie B,2023,Midfielder,Atlético GO,0,0,0,Brazil,0,0,0,0,0,0,0,0,0,0,0,0,0,0,0,0,0,0,0,0,0,0,0,0,0,0,0,0,0,0,0,-1,-1,-1,-1,N/A,N/A,N/A,N/A,N/A,N/A,N/A,N/A,N/A,N/A,N/A,N/A,N/A,N/A,N/A,N/A,N/A,N/A,N/A,N/A,N/A,N/A,N/A,N/A,N/A,N/A,N/A,N/A,N/A,N/A,N/A,N/A,N/A,N/A,N/A,N/A,N/A,N/A,N/A,N/A,N/A,N/A,N/A,N/A,N/A,N/A,N/A,N/A,N/A,N/A,N/A,N/A,N/A,N/A,N/A,N/A,N/A,N/A,N/A,N/A,N/A,N/A,N/A,N/A,N/A,N/A,N/A,N/A,N/A,N/A,N/A,N/A,N/A,N/A,N/A,N/A,N/A,N/A,N/A,N/A,N/A,N/A,N/A,N/A,N/A,N/A,N/A,N/A,N/A,N/A,N/A,N/A,N/A,N/A,N/A,N/A,N/A,N/A,N/A,N/A,N/A,N/A,N/A,N/A,N/A,N/A,N/A,N/A,N/A,N/A,N/A,N/A,N/A,N/A,N/A,N/A,N/A,N/A,N/A,N/A,N/A,N/A,N/A,N/A,N/A,N/A,N/A,N/A,N/A,N/A,N/A,N/A,N/A,N/A,N/A,N/A,N/A,N/A,N/A,N/A,N/A,N/A,N/A,N/A,N/A,N/A,N/A,N/A,N/A,N/A,N/A,N/A,N/A,N/A,N/A,N/A,N/A,N/A,N/A,N/A,N/A,N/A,N/A,N/A,N/A,N/A,N/A,N/A,N/A,N/A,N/A,N/A,N/A,N/A,N/A,N/A,N/A,N/A,N/A,N/A,N/A,N/A,N/A,N/A,N/A,N/A,N/A,N/A,N/A,N/A,N/A,N/A,N/A,N/A,N/A,N/A,N/A,N/A,N/A,N/A,N/A,N/A,N/A,N/A,N/A,N/A,N/A,N/A,N/A,N/A,N/A,N/A,N/A,N/A,N/A,N/A,N/A,N/A,N/A,N/A,N/A,N/A,N/A,N/A
Gustavo Santos Simões da Silva,24,1019545200,2002/04/23,Serie B,2023,Forward,Avaí,323,145,178,Brazil,10,4,6,0,0,0,1,0,1,0,0,3,1,2,6,1,5,0,0,0.28,0.28,0,0,0,0,1.67,54,32,0,323,0,420,17,-1,32,0,6.78,0.1,97,22.85,8.20,20,82,6.70,67,71,18.67,27,0.00,0.00,0.30,3,0.00,0.90,1.11,0.40,4,0.00,0.30,0.00,0.00,0.00,0.10,0.30,0.00,0.00,2.23,0.10,0.50,0.00,0.70,0.03,0.00,0.10,0.00,0.00,0,0,,8,0.80,97,7,1.95,99,1,0.28,27,3,7,3,47,0.00,99,0,1,0.28,25,9,32,2.51,72,0,0.00,99,0,0.00,0,0,0.00,0,0.84,53,5,1.39,68,3,0.84,60.00,0,0.00,0,0,0,0.00,0,0,0.00,2,0.00,0,N/A,N/A,N/A,N/A,0.00,0,0.00,0,0.35,0.00,0,81.71,87.50,99,3,0.50,1.39,5,76,73,0,0,0,0.00,0.00,0,20,67.85,0.10,0.28,1,0,0.00,0.00,99,0.00,0,0,0,0.00,0.00,0,0.00,0.00,0.56,0.20,2,0,0.00,48,0,12,48,2,0.84,92,0.08,0.23,0.35,68,0.03,0.10,88,9,0.90,2.51,1.95,0.70,78,7,0.10,65,47,11,71,0,93,11,0,0.00,99,1,0.00,0.28,11.98,4.30,43,17,59,84,4.74,1.70,39.53,3,0.84,35,0,0.00,0,0.00,99,0,0.00,0.00,32,3,74,70,0,0,0,0,0,79,48,65,59,0,99,33,8,8,0,0,10,28,0,0
Gustavo Simon Vertuoso,33,730368000,1993/02/22,Serie B,2023,Midfielder,Botafogo SP,407,279,128,Brazil,17,11,6,1,0,1,0,0,0,0,0,7,6,1,4,2,2,3,0,0.22,0,0.22,0,0.7,407,0.88,102,24,136,0,0.66,82,518,-1,11,0,6.35,0,51,40.02,10.65,63,181,8.35,142,53,31.40,62,0.00,0.00,0.53,9,0.00,1.59,1.99,0.53,9,0.00,0.35,0.00,0.00,0.00,0.12,0.47,0.00,13.00,2.87,0.29,0.82,0.00,0.47,0.07,0.00,0.12,0.00,0.00,0,0,,13,0.76,99,8,1.77,99,5,1.11,90,1,14,3,86,0.00,99,0,2,0.44,34,27,57,5.97,96,0,0.00,99,0,0.00,0,0,0.00,0,1.99,94,14,3.10,95,8,1.77,57.14,0,0.00,0,0,0,0.00,0,0,0.00,52,0.00,0,N/A,N/A,N/A,N/A,0.00,0,0.00,0,1.19,0.00,0,78.45,61.54,93,22,0.24,0.88,4,96,65,0,0,0,0.06,0.22,1,56,107.89,0.06,0.22,1,0,0.00,0.00,99,0.00,0,0,0,0.00,0.00,0,0.00,0.00,0.22,0.06,1,0,7.69,60,3,38,63,52,0.60,61,0.04,0.13,1.19,96,0.07,0.26,62,7,0.41,1.55,1.33,0.35,46,6,0.26,94,7,8,71,0,79,20,0,0.00,99,2,0.00,0.44,11.94,3.18,54,26,81,84,5.75,1.53,48.15,6,1.33,14,0,22.22,0,0.00,99,6,0.35,1.33,92,3,93,33,0,0,0,0,0,72,86,99,59,0,99,70,12,96,3,18,59,20,0,0
Habraão Lincon do Nascimento Saraiva,24,993538800,2001/06/26,Serie B,2023,Defender,ABC,1702,818,884,Brazil,22,11,11,0,0,0,0,0,0,0,0,7,4,3,19,7,12,1,0,0,0,0,0,0,0,1,90,77,1702,0,0.05,486,455,137,43,0,6.70,0,51,32.73,28.14,43,619,22.73,500,67,26.44,48,0.00,0.00,0.14,3,0.00,0.05,1.32,1.14,25,0.00,0.05,0.00,0.00,0.00,1.41,0.14,0.00,0.00,0.69,0.55,0.18,0.00,0.05,0.02,0.00,2.23,0.00,0.00,0,0,,13,0.59,48,1,0.05,24,12,0.63,65,2,3,19,58,0.00,99,0,31,1.64,91,1,32,0.05,16,0,0.00,99,0,0.00,0,0,0.00,0,0.16,15,4,0.21,20,3,0.16,75.00,0,0.00,0,0,0,0.00,0,0,0.00,36,0.00,0,N/A,N/A,N/A,N/A,0.00,0,0.00,0,0.45,0.00,0,80.78,7.69,22,85,0.18,0.21,4,24,90,0,0,0,0.77,0.90,17,94,147.50,4.59,5.34,101,1,0.00,0.05,8,0.05,0,0,1,0.05,0.05,0,0.00,0.00,0.00,0.00,0,0,0.00,48,66,54,48,36,1.05,14,0.05,0.06,0.45,38,0.02,0.02,29,13,0.59,0.69,1.11,0.95,34,21,0.02,37,28,98,82,0,45,93,0,0.00,99,49,0.00,2.59,7.14,6.14,135,90,60,29,4.76,4.09,66.67,1,0.05,88,0,0.00,0,0.00,99,0,0.00,0.00,32,66,50,53,0,0,0,0,0,34,48,65,59,0,99,38,98,10,0,0,10,4,0,0
Heitor Rodrigues da Fonseca,25,973411200,2000/11/05,Serie B,2023,Defender,Mirassol,293,174,119,Brazil,9,5,4,0,0,0,0,0,0,0,0,2,0,2,1,1,0,0,0,0,0,0,0,0,0,0.31,293,33,0,0,0,383,378,5,26,0,9.12,0,51,71.69,22.83,99,137,19.17,115,85,60.17,99,0.00,0.00,0.83,5,0.00,1.83,2.62,0.83,5,0.00,0.00,0.00,0.00,0.00,0.33,0.33,0.00,0.00,1.05,0.33,0.50,0.00,0.00,0.01,0.00,0.50,0.00,0.00,0,0,,2,0.33,62,0,0.00,21,2,1.05,87,3,7,1,95,0.00,99,0,2,1.05,65,11,73,5.76,95,0,0.00,99,0,0.00,0,0,0.00,0,2.62,98,3,1.57,72,2,1.05,66.67,0,0.00,0,0,0,0.00,0,0,0.00,99,0.00,0,N/A,N/A,N/A,N/A,0.00,0,0.00,0,0.05,0.00,0,83.94,0.00,21,99,0.00,0.00,0,84,83,0,0,0,0.50,1.57,3,99,54.75,1.00,3.14,6,0,0.00,0.00,99,0.00,0,0,0,0.00,0.00,0,0.00,0.00,0.00,0.00,0,0,0.00,48,0,8,48,99,0.38,87,0.06,0.20,0.05,45,0.01,0.03,43,2,0.33,1.05,1.57,0.50,58,3,0.03,43,99,84,71,0,45,71,0,0.00,99,3,0.00,1.57,9.42,3.00,18,12,88,56,6.28,2.00,66.67,0,0.00,99,0,27.27,0,0.00,99,3,0.50,1.57,96,0,74,70,0,0,0,0,0,34,48,65,59,0,99,15,8,8,0,0,10,22,0,0
Helber Italo dos Santos,24,1016784000,2002/03/22,Serie B,2023,Midfielder,Sport Recife,248,29,219,Brazil,7,2,5,0,0,0,0,0,0,0,0,2,1,1,3,0,3,1,1,0,0,0,0,0,0,1.09,83,35,124,0,0.73,-1,-1,-1,32,0,4.65,0,51,37.38,14.71,55,103,13.14,92,99,33.39,68,0.00,0.00,0.00,0,0.00,0.57,2.18,0.86,6,0.00,0.29,0.00,0.00,0.00,0.00,0.29,0.00,0.00,0.36,0.14,0.43,0.00,0.00,0.00,0.00,0.14,0.00,0.00,0,0,,1,0.14,24,0,0.00,21,1,0.36,39,0,5,2,92,0.00,99,0,0,0.00,9,4,67,1.45,58,0,0.00,99,0,0.00,0,0,0.00,0,0.00,6,3,1.09,57,2,0.73,66.67,0,0.00,0,0,0,0.00,0,0,0.00,27,0.00,0,N/A,N/A,N/A,N/A,0.00,0,0.00,0,0.03,0.00,0,89.32,0.00,21,11,0.43,1.09,3,70,83,0,0,0,0.00,0.00,0,20,32.53,0.43,1.09,3,0,0.00,0.00,99,0.00,0,0,0,0.00,0.00,0,0.00,0.00,0.00,0.00,0,0,0.00,48,0,4,48,28,0.19,19,0.03,0.07,0.03,27,0.00,0.01,95,8,1.14,2.90,3.27,1.29,99,9,0.01,26,0,49,71,0,45,16,0,0.00,99,1,0.00,0.36,13.06,5.14,36,17,86,89,6.17,2.43,47.22,2,0.73,42,0,25.00,0,0.00,99,1,0.14,0.36,61,1,64,9,0,0,0,0,0,34,48,65,59,0,99,29,10,98,0,0,10,39,0,0
Hélder Silva Santos,37,593420400,1988/10/21,Serie B,2023,Defender,Criciúma,546,162,384,Brazil,15,6,9,0,0,0,1,1,0,0,0,6,4,2,7,2,5,0,0,0.16,0.16,0,0,0,0,1.15,78,36,0,546,0,479,82,171,19,0,6.14,0.07,87,39.32,15.07,61,211,11.00,154,24,28.70,54,0.00,0.00,0.29,4,0.00,1.50,1.49,0.57,8,0.00,0.29,0.00,0.00,0.00,0.50,0.14,0.00,0.00,0.00,0.00,0.50,0.00,0.00,0.00,0.00,0.57,0.00,0.00,0,0,,0,0.00,9,0,0.00,21,0,0.00,10,6,9,5,65,0.00,99,0,7,1.30,80,21,46,3.91,88,0,0.00,99,0,0.00,0,0,0.00,0,0.75,48,7,1.30,65,2,0.37,28.57,0,0.00,0,0,0,0.00,0,0,0.00,21,0.00,0,N/A,N/A,N/A,N/A,0.00,0,0.00,0,0.00,0.00,0,72.99,0.00,21,67,0.14,0.37,2,43,18,0,0,0,0.00,0.00,0,20,85.89,1.21,3.17,17,0,0.00,0.00,99,0.00,0,0,0,0.00,0.00,0,0.00,0.00,0.00,0.00,0,0,0.00,48,12,30,48,21,1.06,87,0.08,0.20,0.00,14,0.00,0.00,78,11,0.79,2.05,0.93,0.36,25,5,0.00,13,2,84,71,0,45,68,0,0.00,99,8,0.00,1.49,8.76,3.36,47,29,76,46,5.40,2.07,61.70,4,0.75,41,0,19.05,0,0.00,99,4,0.29,0.75,79,11,83,94,0,0,0,0,0,62,48,65,59,0,99,67,8,8,0,0,10,6,0,0
Hélio Cunha Borges,26,958374000,2000/05/15,Serie B,2023,Forward,Ituano,1965,930,1035,Brazil,33,17,16,0,0,0,3,2,1,0,0,10,6,4,22,8,14,6,0,0.14,0.14,0,0,0,0,1.01,89,60,328,655,0.27,497,95,-1,27,0,6.72,0.09,83,24.09,15.94,24,526,12.33,407,47,18.64,27,0.00,0.00,0.94,31,0.00,3.12,1.83,1.21,40,0.00,0.76,0.00,0.00,0.00,0.48,0.76,0.00,0.00,1.33,0.58,1.73,0.00,0.30,0.04,0.00,0.61,0.00,0.00,0,0,,29,0.88,71,10,0.46,68,19,0.87,80,2,12,21,81,0.00,99,0,16,0.73,48,103,57,4.72,92,0,0.00,99,0,0.00,0,0,0.00,0,1.42,82,57,2.61,91,25,1.15,43.86,0,0.00,0,0,0,0.00,0,0,0.00,35,0.00,0,N/A,N/A,N/A,N/A,0.00,0,0.00,0,1.25,0.00,0,77.38,34.48,50,19,0.64,0.96,21,87,38,0,0,0,0.06,0.09,2,30,221.76,0.21,0.32,7,0,0.00,0.00,99,0.00,0,0,1,0.03,0.05,0,0.00,0.00,0.37,0.24,8,0,0.00,48,73,90,48,35,3.67,80,0.11,0.17,1.25,56,0.04,0.06,59,32,0.97,1.47,1.51,1.00,56,33,0.06,54,35,13,82,0,88,44,0,0.00,99,20,0.00,0.92,11.82,7.82,258,117,75,82,5.36,3.55,45.35,25,1.15,20,0,22.33,0,0.00,99,23,0.70,1.05,88,71,90,53,0,0,0,0,0,58,48,65,59,0,99,33,53,55,6,18,59,17,0,0
Hélio Miguel Júnior,22,1061967600,2003/08/27,Serie B,2023,Goalkeeper,Londrina,1890,900,990,Brazil,21,10,11,0,0,0,0,0,0,0,0,5,3,2,30,8,22,3,0,0,0,0,0,0,0,1.43,63,90,630,0,0.14,541,533,206,31,0,0.00,0,51,0.00,0.00,0,0,0.00,0,0,0.00,0,0.00,0.00,0.00,0,0.00,0.00,0.00,0.00,0,0.00,0.00,0.00,0.00,0.00,0.00,0.00,0.00,0.00,0.00,0.00,0.00,0.00,0.00,0.00,0.00,0.00,0.00,0.00,0,0,,0,0.00,9,0,0.00,21,0,0.00,10,0,0,20,4,0.00,99,0,0,0.00,9,0,32,0.00,14,0,0.00,99,0,0.00,0,0,0.00,0,0.00,6,0,0.00,8,0,0.00,0.00,0,0.00,0,0,0,0.00,0,0,0.00,6,0.00,0,N/A,N/A,N/A,N/A,0.00,0,0.00,0,0.00,0.00,0,0.00,0.00,21,99,0.00,0.00,0,12,12,0,0,0,0.00,0.00,0,20,0.00,0.00,0.00,0,0,0.00,0.00,99,0.00,0,0,0,0.00,0.00,0,0.00,0.00,0.00,0.00,0,0,0.00,48,70,51,48,7,0.00,0,0.00,0.00,0.00,14,0.00,0.00,1,0,0.00,0.00,0.00,0.00,4,0,0.00,13,0,2,71,0,45,2,0,0.00,99,0,0.00,0.00,0.00,0.00,0,0,0,0,0.00,0.00,0.00,0,0.00,99,0,0.00,0,0.00,99,0,0.00,0.00,32,69,19,9,0,0,0,0,0,34,48,65,59,0,99,19,84,24,2,0,10,1,0,0
Henrique Almeida Caixeta Nascentes,34,675327600,1991/05/27,Serie B,2023,Forward,Vila Nova,536,301,235,Brazil,15,7,8,1,1,0,1,1,0,0,0,2,1,1,6,2,4,0,0,0.34,0.17,0.17,0.3,0,536,1.01,89,36,0,536,0,123,71,-1,11,0,6.71,0.07,89,20.82,7.62,16,99,5.31,69,13,14.51,14,0.00,0.00,0.46,6,0.00,0.38,1.26,0.46,6,0.00,0.31,0.00,0.00,0.00,0.08,0.15,0.00,6.00,1.26,0.23,0.38,0.00,0.23,0.07,0.00,0.54,0.00,0.00,0,0,,6,0.46,69,3,0.63,75,3,0.63,65,2,9,4,55,0.00,99,0,1,0.21,22,5,51,1.05,54,0,0.00,99,0,0.00,0,0,0.00,0,1.26,75,5,1.05,54,2,0.42,40.00,0,0.00,0,0,0,0.00,0,0,0.00,35,0.00,0,N/A,N/A,N/A,N/A,0.00,0,0.00,0,0.86,0.00,0,69.70,50.00,83,85,0.08,0.21,1,48,31,0,0,0,0.08,0.21,1,55,87.20,0.46,1.26,6,0,0.00,0.00,99,0.00,0,0,1,0.08,0.21,0,0.00,0.00,0.63,0.23,3,0,16.67,85,11,30,71,35,0.96,87,0.07,0.20,0.86,86,0.07,0.18,59,7,0.54,1.47,2.52,0.92,92,12,0.18,84,32,54,99,0,95,66,0,0.00,99,7,0.00,1.47,13.04,4.77,62,22,55,89,4.63,1.69,35.48,4,0.84,35,0,20.00,0,0.00,99,1,0.08,0.21,53,8,83,53,0,0,0,0,0,86,79,65,89,0,99,5,8,8,0,0,10,19,0,0
Henrique Roberto Rafael,32,746089200,1993/08/23,Serie B,2023,Forward,Sampaio Corrêa,587,284,303,Brazil,12,6,6,0,0,0,0,0,0,0,0,4,1,3,6,3,3,1,0,0,0,0,0,0,0,0.92,98,49,587,0,0.15,354,287,-1,20,0,6.40,0,51,18.71,10.17,9,122,6.75,81,8,12.42,9,0.00,0.00,0.67,8,0.00,0.17,1.23,0.67,8,0.00,1.25,0.00,0.00,0.00,0.33,0.42,0.00,0.00,0.61,0.25,1.67,0.00,0.08,0.01,0.00,0.58,0.00,0.00,0,0,,4,0.33,44,1,0.15,37,3,0.46,50,3,3,9,53,0.00,99,0,4,0.61,42,2,32,0.31,32,0,0.00,99,0,0.00,0,0,0.00,0,1.23,74,20,3.07,94,5,0.77,25.00,0,0.00,0,0,0,0.00,0,0,0.00,46,0.00,0,N/A,N/A,N/A,N/A,0.00,0,0.00,0,0.14,0.00,0,66.39,25.00,36,30,0.42,0.77,5,72,16,0,0,0,0.00,0.00,0,20,76.77,0.17,0.31,2,0,0.00,0.00,99,0.00,0,0,0,0.00,0.00,0,0.00,0.00,0.15,0.08,1,0,0.00,48,15,20,48,46,0.47,19,0.04,0.07,0.14,38,0.01,0.02,93,18,1.50,2.76,1.99,1.08,79,13,0.02,37,8,13,71,0,72,52,0,0.00,99,7,0.00,1.07,14.57,7.92,95,38,82,95,5.83,3.17,40.00,15,2.30,1,0,0.00,0,0.00,99,0,0.00,0.00,32,33,50,70,0,0,0,0,0,34,48,65,59,0,99,45,81,27,1,8,26,18,0,0
Heron Crespo da Silva,25,966495600,2000/08/17,Serie B,2023,Defender,Atlético GO,2313,1183,1130,Brazil,30,16,14,0,0,0,0,0,0,0,0,9,5,4,27,13,14,7,0,0,0,0,0,0,0,1.05,86,77,330,0,0.27,467,459,148,28,0,0.00,0,51,0.00,0.00,0,0,0.00,0,0,0.00,0,0.00,0.00,0.00,0,0.00,0.00,0.00,0.00,0,0.00,0.00,0.00,0.00,0.00,0.00,0.00,0.00,0.00,0.00,0.00,0.00,0.00,0.00,0.00,0.00,0.00,0.00,0.00,0,0,,0,0.00,9,0,0.00,21,0,0.00,10,2,3,26,4,0.00,99,0,0,0.00,9,0,32,0.00,14,0,0.00,99,0,0.00,0,0,0.00,0,0.00,6,0,0.00,8,0,0.00,0.00,0,0.00,0,0,0,0.00,0,0,0.00,31,0.00,0,N/A,N/A,N/A,N/A,0.00,0,0.00,0,0.00,0.00,0,0.00,0.00,21,99,0.00,0.00,0,12,12,0,0,0,0.00,0.00,0,20,0.00,0.00,0.00,0,0,0.00,0.00,99,0.00,0,0,0,0.00,0.00,0,0.00,0.00,0.00,0.00,0,0,0.00,48,83,79,48,32,0.00,0,0.00,0.00,0.00,14,0.00,0.00,1,0,0.00,0.00,0.00,0.00,4,0,0.00,13,0,2,71,0,45,2,0,0.00,99,0,0.00,0.00,0.00,0.00,0,0,0,0,0.00,0.00,0.00,0,0.00,99,0,0.00,0,0.00,99,0,0.00,0.00,32,82,50,53,0,0,0,0,0,34,48,65,59,0,99,33,53,55,7,0,10,6,0,0
Hiago Corrêa Silveira Cena,28,878630400,1997/11/04,Serie B,2023,Defender,Vila Nova,78,0,78,Brazil,1,0,1,0,0,0,0,0,0,0,0,0,0,0,1,0,1,1,0,0,0,0,0,0,0,1.15,78,78,78,0,1.15,-1,-1,-1,15,0,6.84,0,51,47.31,41.00,83,41,36.00,36,97,41.54,87,0.00,0.00,0.00,0,0.00,0.00,0.00,0.00,0,0.00,0.00,0.00,0.00,0.00,2.00,0.00,0.00,0.00,1.15,0.00,0.00,0.00,1.00,0.05,0.00,0.00,0.00,0.00,0,0,,1,1.00,65,1,1.15,97,0,0.00,10,0,1,0,4,0.00,99,0,2,2.31,99,0,32,0.00,14,0,0.00,99,0,0.00,0,0,0.00,0,0.00,6,0,0.00,8,0,0.00,0.00,0,0.00,0,0,0,0.00,0,0,0.00,21,0.00,0,N/A,N/A,N/A,N/A,0.00,0,0.00,0,0.05,0.00,0,87.80,100.00,99,9,1.00,1.15,1,12,12,0,0,0,1.00,1.15,1,98,6.84,4.00,4.62,4,0,0.00,0.00,99,0.00,0,0,0,0.00,0.00,0,0.00,0.00,0.00,0.00,0,0,0.00,48,0,0,48,21,0.07,27,0.07,0.08,0.05,56,0.05,0.06,47,1,1.00,1.15,0.00,0.00,4,0,0.06,54,59,94,71,0,45,2,0,0.00,99,0,0.00,0.00,3.46,3.00,3,1,8,8,1.15,1.00,33.33,0,0.00,99,0,0.00,0,0.00,99,0,0.00,0.00,32,0,30,9,0,0,0,0,0,34,48,65,59,0,99,1,8,99,1,100,99,14,0,0
Hiago Ribeiro Campelo,26,952156800,2000/03/04,Serie B,2023,Defender,Novorizontino,0,0,0,Brazil,0,0,0,0,0,0,0,0,0,0,0,0,0,0,0,0,0,0,0,0,0,0,0,0,0,0,0,0,0,0,0,-1,-1,-1,-1,N/A,N/A,N/A,N/A,N/A,N/A,N/A,N/A,N/A,N/A,N/A,N/A,N/A,N/A,N/A,N/A,N/A,N/A,N/A,N/A,N/A,N/A,N/A,N/A,N/A,N/A,N/A,N/A,N/A,N/A,N/A,N/A,N/A,N/A,N/A,N/A,N/A,N/A,N/A,N/A,N/A,N/A,N/A,N/A,N/A,N/A,N/A,N/A,N/A,N/A,N/A,N/A,N/A,N/A,N/A,N/A,N/A,N/A,N/A,N/A,N/A,N/A,N/A,N/A,N/A,N/A,N/A,N/A,N/A,N/A,N/A,N/A,N/A,N/A,N/A,N/A,N/A,N/A,N/A,N/A,N/A,N/A,N/A,N/A,N/A,N/A,N/A,N/A,N/A,N/A,N/A,N/A,N/A,N/A,N/A,N/A,N/A,N/A,N/A,N/A,N/A,N/A,N/A,N/A,N/A,N/A,N/A,N/A,N/A,N/A,N/A,N/A,N/A,N/A,N/A,N/A,N/A,N/A,N/A,N/A,N/A,N/A,N/A,N/A,N/A,N/A,N/A,N/A,N/A,N/A,N/A,N/A,N/A,N/A,N/A,N/A,N/A,N/A,N/A,N/A,N/A,N/A,N/A,N/A,N/A,N/A,N/A,N/A,N/A,N/A,N/A,N/A,N/A,N/A,N/A,N/A,N/A,N/A,N/A,N/A,N/A,N/A,N/A,N/A,N/A,N/A,N/A,N/A,N/A,N/A,N/A,N/A,N/A,N/A,N/A,N/A,N/A,N/A,N/A,N/A,N/A,N/A,N/A,N/A,N/A,N/A,N/A,N/A,N/A,N/A,N/A,N/A,N/A,N/A,N/A,N/A,N/A,N/A,N/A,N/A,N/A,N/A,N/A,N/A,N/A,N/A,N/A,N/A,N/A,N/A,N/A,N/A,N/A,N/A,N/A,N/A,N/A,N/A,N/A,N/A,N/A,N/A,N/A,N/A
Higor Rodrigues Barbosa Leite,32,739004400,1993/06/02,Serie B,2023,Midfielder,Londrina,1259,553,706,Brazil,21,9,12,1,0,1,3,2,1,0,0,6,3,3,24,7,17,1,0,0.29,0.21,0.07,0,0.13,1259,1.72,52,60,1259,420,0.07,226,42,-1,12,0,6.88,0.14,94,23.93,15.95,23,335,12.00,252,34,18.00,25,0.00,0.00,1.00,21,0.00,0.90,1.79,1.19,25,0.00,0.38,0.00,0.00,0.00,0.57,0.29,0.00,26.00,1.86,0.71,0.62,0.00,0.52,0.08,0.00,0.57,0.00,0.00,0,0,,26,1.24,89,11,0.79,84,15,1.07,88,3,4,17,79,0.00,99,0,12,0.86,55,19,82,1.36,57,0,0.00,99,0,0.00,0,0,0.00,0,1.50,83,13,0.93,48,6,0.43,46.15,0,0.00,0,0,0,0.00,0,0,0.00,2,0.00,0,N/A,N/A,N/A,N/A,0.00,0,0.00,0,1.64,0.00,0,75.22,42.31,63,40,0.43,0.64,9,49,42,0,0,0,0.05,0.07,1,27,144.49,0.43,0.64,9,0,0.00,0.00,99,0.00,0,0,1,0.05,0.07,0,0.00,0.00,0.00,0.00,0,0,3.85,50,50,51,91,2,3.05,91,0.15,0.22,1.64,73,0.08,0.12,65,23,1.10,1.64,1.50,1.00,54,21,0.12,70,65,27,88,0,45,41,0,0.00,99,12,0.00,0.86,9.36,6.24,131,66,58,55,4.71,3.14,50.38,8,0.57,52,0,31.58,0,0.00,99,6,0.29,0.43,66,61,56,70,0,0,0,0,0,81,59,76,59,0,99,29,96,12,1,5,14,10,0,0
Hugo da Silva Cabral,37,589532400,1988/09/06,Serie B,2023,Forward,Londrina,253,129,124,Brazil,5,2,3,0,0,0,0,0,0,0,0,1,1,0,5,1,4,1,0,0,0,0,0,0,0,1.78,51,51,253,0,0.36,-1,-1,-1,36,0,6.68,0,51,13.52,7.60,2,38,5.60,28,26,9.96,2,0.00,0.00,0.60,3,0.00,0.40,0.71,0.40,2,0.00,0.20,0.00,0.00,0.00,0.20,0.60,0.00,0.00,3.20,1.60,1.00,0.00,0.20,0.06,0.00,0.60,0.00,0.00,0,0,,9,1.80,99,1,0.36,60,8,2.85,99,1,1,4,27,0.00,99,0,1,0.36,30,2,32,0.71,47,0,0.00,99,0,0.00,0,0,0.00,0,1.07,66,5,1.78,77,3,1.07,60.00,0,0.00,0,0,0,0.00,0,0,0.00,1,0.00,0,N/A,N/A,N/A,N/A,0.00,0,0.00,0,0.32,0.00,0,73.68,11.11,23,99,0.00,0.00,0,85,73,0,0,0,0.00,0.00,0,20,33.38,0.20,0.36,1,0,0.00,0.00,99,0.00,0,0,0,0.00,0.00,0,0.00,0.00,0.36,0.20,1,0,0.00,48,0,1,48,2,0.18,14,0.04,0.06,0.32,69,0.06,0.11,80,6,1.20,2.13,0.71,0.40,16,2,0.11,67,25,14,71,0,87,52,0,0.00,99,3,0.00,1.07,7.47,4.20,21,14,66,33,4.98,2.80,66.67,1,0.36,67,0,0.00,0,0.00,99,0,0.00,0.00,32,8,30,33,0,0,0,0,0,34,48,65,59,0,99,12,38,71,1,20,65,9,0,0
Hygor Cleber Garcia Silva,33,713689200,1992/08/13,Serie B,2023,Forward,Criciúma,1077,464,613,Brazil,19,8,11,4,3,1,1,1,0,0,0,7,6,1,10,2,8,2,0,0.42,0.08,0.33,0.58,0.15,269,0.84,108,57,539,1077,0.17,35,168,-1,6,0,6.73,0.05,69,15.23,9.28,4,167,5.56,100,2,9.12,2,0.00,0.00,0.56,10,0.00,0.56,0.64,0.39,7,0.00,0.39,0.00,0.00,0.00,0.39,0.11,0.00,4.25,1.55,0.39,0.61,0.00,0.56,0.17,0.00,0.89,0.00,0.00,0,0,,17,0.94,78,10,0.91,92,7,0.64,66,3,6,12,24,0.00,99,0,7,0.64,43,10,51,0.91,51,0,0.00,99,0,0.00,0,0,0.00,0,0.91,57,11,1.00,52,2,0.18,18.18,0,0.00,0,0,0,0.00,0,0,0.00,56,0.00,0,N/A,N/A,N/A,N/A,0.00,0,0.00,0,3.06,0.00,0,59.88,58.82,90,8,0.72,1.19,13,27,13,0,0,0,0.28,0.46,5,77,121.20,0.28,0.46,5,0,0.00,0.00,99,0.00,0,0,2,0.11,0.18,0,0.00,0.00,0.91,0.56,10,0,23.53,92,44,46,55,58,1.14,45,0.06,0.10,3.06,97,0.17,0.28,68,19,1.06,1.73,1.82,1.11,71,20,0.28,95,37,19,98,0,99,65,0,0.00,99,16,0.00,1.46,11.67,7.11,128,44,38,81,4.01,2.44,34.38,7,0.64,47,0,20.00,0,0.00,99,2,0.11,0.18,51,47,70,70,0,0,0,0,0,90,94,78,98,0,99,54,77,33,2,11,37,31,0,0
Hyuri Henrique de Oliveira Costa,34,685868400,1991/09/26,Serie B,2023,Forward,CRB,255,168,87,Brazil,16,8,8,2,1,1,0,0,0,0,0,4,4,0,2,1,1,2,0,0.71,0,0.71,0.54,1.03,128,0.71,128,16,128,0,0.71,-1,-1,-1,6,0,6.69,0,51,21.88,3.88,18,62,2.56,41,7,14.47,14,0.00,0.00,0.12,2,0.00,0.25,0.71,0.12,2,0.00,0.44,0.00,0.00,0.00,0.06,0.12,0.00,3.50,2.47,0.31,0.19,0.00,0.12,0.09,0.00,0.88,0.00,0.00,0,0,,7,0.44,98,2,0.71,79,5,1.76,99,1,14,2,27,0.00,99,0,1,0.35,29,4,67,1.41,58,0,0.00,99,0,0.00,0,0,0.00,0,0.71,46,3,1.06,55,2,0.71,66.67,0,0.00,0,0,0,0.00,0,0,0.00,74,0.00,0,N/A,N/A,N/A,N/A,0.00,0,0.00,0,1.44,0.00,0,66.13,28.57,40,33,0.12,0.71,2,68,83,0,0,0,0.25,1.41,4,99,107.07,0.12,0.71,2,0,0.00,0.00,99,0.00,0,0,0,0.00,0.00,0,0.00,0.00,1.06,0.19,3,0,28.57,96,0,34,49,76,0.16,14,0.01,0.06,1.44,99,0.09,0.51,69,5,0.31,1.76,3.18,0.56,99,9,0.51,99,26,32,71,0,99,99,0,0.00,99,14,0.00,4.94,18.35,3.25,52,23,98,99,8.12,1.44,44.23,7,2.47,1,0,25.00,0,0.00,99,1,0.06,0.35,61,1,93,33,0,0,0,0,0,99,99,99,97,0,99,22,10,97,2,12,41,21,0,0
Iago Angelo Dias,33,734079600,1993/04/06,Serie B,2023,Forward,Londrina,2037,1083,954,Brazil,30,15,15,4,2,2,3,2,1,0,0,7,4,3,32,9,23,5,0,0.31,0.13,0.18,0.17,0.19,509,1.41,64,68,407,679,0.22,107,112,-1,3,0,6.49,0.1,80,20.33,15.38,15,446,11.17,324,21,14.77,15,0.00,0.00,0.72,21,0.00,1.28,0.73,0.55,16,0.00,0.55,0.00,0.00,0.00,0.28,0.45,0.00,8.75,1.60,0.69,1.31,0.00,0.52,0.13,0.00,0.72,0.00,0.00,0,0,,35,1.21,80,15,0.68,77,20,0.91,82,3,5,24,30,0.00,99,0,8,0.36,30,37,38,1.69,62,0,0.00,99,0,0.00,0,0,0.00,0,0.96,60,38,1.73,75,13,0.59,34.21,0,0.00,0,0,0,0.00,0,0,0.00,7,0.00,0,N/A,N/A,N/A,N/A,0.00,0,0.00,0,3.67,0.00,0,72.65,42.86,67,69,0.28,0.36,8,59,23,0,0,0,0.03,0.05,1,24,188.35,0.24,0.32,7,0,0.00,0.00,99,0.00,0,0,1,0.03,0.05,0,0.00,0.00,0.27,0.21,6,0,11.43,73,75,79,69,7,3.23,71,0.11,0.15,3.67,84,0.13,0.17,47,25,0.86,1.14,1.41,1.07,50,31,0.17,82,11,13,82,0,82,46,0,0.00,99,21,0.00,0.96,8.94,6.76,196,75,25,49,3.42,2.59,38.27,16,0.73,42,0,13.51,0,0.00,99,5,0.17,0.23,56,78,64,70,0,0,0,0,0,83,81,82,75,0,99,17,64,46,5,17,56,21,0,0
Iago Pereira Mendonça,26,934786800,1999/08/16,Serie B,2023,Defender,Vila Nova,0,0,0,Brazil,0,0,0,0,0,0,0,0,0,0,0,0,0,0,0,0,0,0,0,0,0,0,0,0,0,0,0,0,0,0,0,-1,-1,-1,-1,N/A,N/A,N/A,N/A,N/A,N/A,N/A,N/A,N/A,N/A,N/A,N/A,N/A,N/A,N/A,N/A,N/A,N/A,N/A,N/A,N/A,N/A,N/A,N/A,N/A,N/A,N/A,N/A,N/A,N/A,N/A,N/A,N/A,N/A,N/A,N/A,N/A,N/A,N/A,N/A,N/A,N/A,N/A,N/A,N/A,N/A,N/A,N/A,N/A,N/A,N/A,N/A,N/A,N/A,N/A,N/A,N/A,N/A,N/A,N/A,N/A,N/A,N/A,N/A,N/A,N/A,N/A,N/A,N/A,N/A,N/A,N/A,N/A,N/A,N/A,N/A,N/A,N/A,N/A,N/A,N/A,N/A,N/A,N/A,N/A,N/A,N/A,N/A,N/A,N/A,N/A,N/A,N/A,N/A,N/A,N/A,N/A,N/A,N/A,N/A,N/A,N/A,N/A,N/A,N/A,N/A,N/A,N/A,N/A,N/A,N/A,N/A,N/A,N/A,N/A,N/A,N/A,N/A,N/A,N/A,N/A,N/A,N/A,N/A,N/A,N/A,N/A,N/A,N/A,N/A,N/A,N/A,N/A,N/A,N/A,N/A,N/A,N/A,N/A,N/A,N/A,N/A,N/A,N/A,N/A,N/A,N/A,N/A,N/A,N/A,N/A,N/A,N/A,N/A,N/A,N/A,N/A,N/A,N/A,N/A,N/A,N/A,N/A,N/A,N/A,N/A,N/A,N/A,N/A,N/A,N/A,N/A,N/A,N/A,N/A,N/A,N/A,N/A,N/A,N/A,N/A,N/A,N/A,N/A,N/A,N/A,N/A,N/A,N/A,N/A,N/A,N/A,N/A,N/A,N/A,N/A,N/A,N/A,N/A,N/A,N/A,N/A,N/A,N/A,N/A,N/A,N/A,N/A,N/A,N/A,N/A,N/A,N/A,N/A,N/A,N/A,N/A,N/A,N/A,N/A,N/A,N/A,N/A,N/A
Iago Teles da Silva,25,962348400,2000/06/30,Serie B,2023,Forward,Guarani,220,156,64,Brazil,8,4,4,1,1,0,0,0,0,0,0,3,1,2,3,3,0,1,1,0.41,0,0.41,0.58,0,220,1.23,73,28,110,0,0.82,-1,-1,-1,9,0,6.87,0,51,26.61,7.86,30,55,5.29,37,8,17.90,25,0.00,0.00,0.14,1,0.00,0.86,2.90,0.86,6,0.00,0.29,0.00,0.00,0.00,0.00,0.43,0.00,6.00,2.90,0.57,0.86,0.00,0.29,0.11,0.00,0.43,0.00,0.00,0,0,,6,0.86,99,2,0.97,92,4,1.94,99,3,5,2,98,0.00,99,0,0,0.00,9,6,97,2.90,76,0,0.00,99,0,0.00,0,0,0.00,0,0.48,32,6,2.90,93,3,1.45,50.00,0,0.00,0,0,0,0.00,0,0,0.00,14,0.00,0,N/A,N/A,N/A,N/A,0.00,0,0.00,0,0.80,0.00,0,67.27,33.33,49,99,0.00,0.00,0,93,55,0,0,0,0.00,0.00,0,20,48.09,0.00,0.00,0,0,0.00,0.00,99,0.00,0,0,0,0.00,0.00,0,0.00,0.00,0.00,0.00,0,0,16.67,85,0,6,53,15,0.11,10,0.02,0.05,0.80,99,0.11,0.39,98,7,1.00,3.39,2.42,0.71,90,5,0.39,99,63,2,71,0,45,65,0,0.00,99,3,0.00,1.45,14.03,4.14,29,19,99,93,9.19,2.71,65.52,2,0.97,27,0,50.00,0,0.00,99,3,0.43,1.45,93,1,64,70,0,0,0,0,0,90,96,65,98,0,99,59,10,98,0,0,10,37,0,0
Icaro Cosmo da Rocha,32,744534000,1993/08/05,Serie B,2023,Defender,Sampaio Corrêa,900,540,360,Brazil,10,6,4,0,0,0,0,0,0,0,0,3,2,1,11,3,8,4,0,0,0,0,0,0,0,1.1,82,90,225,0,0.4,301,268,160,24,0,6.91,0,51,51.33,51.33,91,462,42.44,382,78,42.44,89,0.00,0.00,0.22,2,0.00,0.11,0.44,0.44,4,0.00,0.00,0.00,0.00,0.00,1.33,0.00,0.00,0.00,0.33,0.33,0.00,0.00,0.00,0.01,0.00,1.00,0.00,0.00,0,0,,3,0.33,21,0,0.00,21,3,0.33,35,0,0,9,12,0.00,99,0,12,1.33,81,1,32,0.11,21,0,0.00,99,0,0.00,0,0,0.00,0,0.22,19,0,0.00,8,0,0.00,0.00,0,0.00,0,0,0,0.00,0,0,0.00,26,0.00,0,N/A,N/A,N/A,N/A,0.00,0,0.00,0,0.07,0.00,0,82.68,0.00,21,83,0.22,0.22,2,12,12,0,0,0,0.78,0.78,7,90,62.22,3.11,3.11,28,0,0.00,0.00,99,0.00,0,0,0,0.00,0.00,0,0.00,0.00,0.00,0.00,0,0,0.00,48,34,12,48,27,0.76,27,0.08,0.08,0.07,27,0.01,0.01,12,3,0.33,0.33,1.11,1.11,34,10,0.01,26,72,83,71,0,45,48,0,0.00,99,9,0.00,1.00,4.00,4.00,36,16,8,8,1.78,1.78,44.44,0,0.00,99,0,0.00,0,0.00,99,0,0.00,0.00,32,33,19,9,0,0,0,0,0,34,48,65,59,0,99,33,31,78,3,30,86,14,0,0
Igor Aquino da Silva,33,736239600,1993/05/01,Serie B,2023,Defender,Sport Recife,1032,608,424,Brazil,15,9,6,0,0,0,2,0,2,0,0,6,6,0,7,2,5,2,0,0.17,0.17,0,0,0,0,0.61,147,69,516,516,0.17,367,72,24,29,0,6.74,0.13,89,32.27,24.67,42,370,18.00,270,23,23.55,41,0.00,0.00,0.53,8,0.00,2.80,1.22,0.93,14,0.00,0.40,0.00,0.00,0.00,1.00,0.47,0.00,0.00,1.31,0.80,1.00,0.00,0.20,0.03,0.00,2.40,0.00,0.00,0,0,,15,1.00,71,3,0.26,52,12,1.05,87,5,3,12,53,0.00,99,0,15,1.31,80,42,35,3.66,86,0,0.00,99,0,0.00,0,0,0.00,0,0.70,45,15,1.31,65,7,0.61,46.67,0,0.00,0,0,0,0.00,0,0,0.00,88,0.00,0,N/A,N/A,N/A,N/A,0.00,0,0.00,0,0.50,0.00,0,72.97,20.00,31,13,0.80,1.05,12,61,43,0,0,0,0.13,0.17,2,47,101.08,1.13,1.48,17,0,0.00,0.00,99,0.00,0,0,0,0.00,0.00,0,0.00,0.00,0.35,0.27,4,0,0.00,48,42,30,48,88,2.03,83,0.14,0.18,0.50,49,0.03,0.04,39,11,0.73,0.96,1.22,0.93,38,14,0.04,47,40,62,71,0,87,98,0,0.00,99,36,0.00,3.14,10.73,8.20,123,68,85,72,5.93,4.53,55.28,6,0.52,57,0,11.90,0,0.00,99,5,0.33,0.44,66,47,50,89,0,0,0,0,0,64,48,65,59,0,99,67,75,33,2,13,43,16,0,0
Igor da Silva Dutra,25,984816000,2001/03/17,Serie B,2023,Defender,Avaí,134,66,68,Brazil,4,3,1,0,0,0,0,0,0,0,0,1,0,1,1,1,0,1,0,0,0,0,0,0,0,0.67,134,34,134,0,0.67,-1,-1,-1,31,0,0.00,0,51,0.00,0.00,0,0,0.00,0,0,0.00,0,0.00,0.00,0.00,0,0.00,0.00,0.00,0.00,0,0.00,0.00,0.00,0.00,0.00,0.00,0.00,0.00,0.00,0.00,0.00,0.00,0.00,0.00,0.00,0.00,0.00,0.00,0.00,0,0,,0,0.00,9,0,0.00,21,0,0.00,10,4,3,1,4,0.00,99,0,0,0.00,9,0,32,0.00,14,0,0.00,99,0,0.00,0,0,0.00,0,0.00,6,0,0.00,8,0,0.00,0.00,0,0.00,0,0,0,0.00,0,0,0.00,82,0.00,0,N/A,N/A,N/A,N/A,0.00,0,0.00,0,0.00,0.00,0,0.00,0.00,21,99,0.00,0.00,0,12,12,0,0,0,0.00,0.00,0,20,0.00,0.00,0.00,0,0,0.00,0.00,99,0.00,0,0,0,0.00,0.00,0,0.00,0.00,0.00,0.00,0,0,0.00,48,0,0,48,82,0.00,0,0.00,0.00,0.00,14,0.00,0.00,1,0,0.00,0.00,0.00,0.00,4,0,0.00,13,0,2,71,0,45,2,0,0.00,99,0,0.00,0.00,0.00,0.00,0,0,0,0,0.00,0.00,0.00,0,0.00,99,0,0.00,0,0.00,99,0,0.00,0.00,32,0,50,83,0,0,0,0,0,34,48,65,59,0,99,22,11,96,0,0,10,2,0,0
Igor França Silva,23,1047974400,2003/03/18,Serie B,2023,Defender,Londrina,349,164,185,Brazil,10,6,4,0,0,0,0,0,0,0,0,3,2,1,7,1,6,2,0,0,0,0,0,0,0,1.81,50,35,175,0,0.52,314,286,223,21,0,0.00,0,51,0.00,0.00,0,0,0.00,0,0,0.00,0,0.00,0.00,0.00,0,0.00,0.00,0.00,0.00,0,0.00,0.00,0.00,0.00,0.00,0.00,0.00,0.00,0.00,0.00,0.00,0.00,0.00,0.00,0.00,0.00,0.00,0.00,0.00,0,0,,0,0.00,9,0,0.00,21,0,0.00,10,1,7,2,4,0.00,99,0,0,0.00,9,0,32,0.00,14,0,0.00,99,0,0.00,0,0,0.00,0,0.00,6,0,0.00,8,0,0.00,0.00,0,0.00,0,0,0,0.00,0,0,0.00,1,0.00,0,N/A,N/A,N/A,N/A,0.00,0,0.00,0,0.00,0.00,0,0.00,0.00,21,99,0.00,0.00,0,12,12,0,0,0,0.00,0.00,0,20,0.00,0.00,0.00,0,0,0.00,0.00,99,0.00,0,0,0,0.00,0.00,0,0.00,0.00,0.00,0.00,0,0,0.00,48,0,12,48,2,0.00,0,0.00,0.00,0.00,14,0.00,0.00,1,0,0.00,0.00,0.00,0.00,4,0,0.00,13,0,2,71,0,45,2,0,0.00,99,0,0.00,0.00,0.00,0.00,0,0,0,0,0.00,0.00,0.00,0,0.00,99,0,0.00,0,0.00,99,0,0.00,0.00,32,1,74,33,0,0,0,0,0,34,48,65,59,0,99,33,20,90,1,0,10,16,0,0
Igor Henrique Martins Machado,34,693216000,1991/12/20,Serie B,2023,Midfielder,Vila Nova,1495,780,715,Brazil,28,14,14,7,4,3,1,1,0,1,0,10,6,4,10,5,5,9,0,0.48,0.06,0.42,0.46,0.38,214,0.6,150,53,166,1495,0.54,22,205,-1,2,0,6.93,0.04,63,30.68,17.74,40,479,13.63,368,44,23.57,42,0.00,0.00,0.67,18,0.00,0.26,2.24,1.30,35,0.00,0.52,0.00,0.00,0.00,0.41,0.70,0.00,6.67,2.56,0.96,1.74,0.00,0.52,0.18,0.00,0.85,0.00,0.00,0,0,,40,1.48,98,14,0.90,91,26,1.67,99,2,13,14,92,0.00,99,0,11,0.70,46,7,32,0.45,41,0,0.00,99,0,0.00,0,0,0.00,0,1.15,70,47,3.01,94,19,1.22,40.43,0,0.00,0,0,0,0.00,0,0,0.00,90,0.00,0,N/A,N/A,N/A,N/A,0.00,0,0.00,0,4.80,0.00,0,76.83,35.00,50,19,0.56,0.96,15,89,31,1,0,0,0.04,0.06,1,25,187.11,0.41,0.70,11,0,0.00,0.00,99,0.00,0,1,1,0.04,0.06,0,0.00,0.00,0.26,0.15,4,0,15.00,80,60,73,52,90,1.92,55,0.07,0.12,4.10,96,0.15,0.26,94,45,1.67,2.88,2.75,1.59,95,43,0.31,96,75,31,84,0,82,66,0,0.00,99,23,0.00,1.47,15.31,8.85,239,122,98,97,7.81,4.52,51.05,14,0.90,29,0,0.00,0,0.00,99,0,0.00,0.00,32,52,91,53,0,1,0,4,0,94,96,95,95,0,99,52,16,92,8,29,84,23,0,0
Igor Inocêncio de Oliveira,28,893055600,1998/04/20,Serie B,2023,Defender,Avaí,1815,1076,739,Brazil,25,14,11,0,0,0,0,0,0,0,0,10,5,5,24,15,9,6,1,0,0,0,0,0,0,1.19,76,73,259,0,0.35,424,419,177,27,0,6.67,0,51,38.32,31.43,59,723,24.22,557,45,29.52,56,0.00,0.00,0.52,12,0.00,4.04,0.80,0.65,15,0.00,0.26,0.00,0.00,0.00,0.91,0.35,0.00,0.00,0.42,0.30,0.83,0.00,0.04,0.01,0.00,1.22,0.00,0.00,0,0,,8,0.35,28,1,0.05,24,7,0.37,41,2,4,20,33,0.00,99,0,21,1.11,69,93,52,4.93,92,0,0.00,99,0,0.00,0,0,0.00,0,0.64,43,19,1.01,53,8,0.42,42.11,0,0.00,0,0,0,0.00,0,0,0.00,17,0.00,0,N/A,N/A,N/A,N/A,0.00,0,0.00,0,0.29,0.00,0,77.04,12.50,24,49,0.43,0.53,10,48,35,0,0,0,0.39,0.48,9,79,153.33,1.57,1.91,36,2,0.00,0.11,4,0.09,0,0,0,0.00,0.00,0,0.00,0.00,0.11,0.09,2,0,0.00,48,69,63,48,18,1.36,19,0.06,0.07,0.29,38,0.01,0.02,20,10,0.43,0.53,1.70,1.39,66,32,0.02,37,24,71,71,0,65,67,0,0.00,99,28,0.00,1.48,7.00,5.74,132,61,21,27,3.23,2.65,46.21,6,0.32,69,0,20.43,0,0.00,99,19,0.83,1.01,87,69,56,53,0,0,0,0,0,34,48,65,59,0,99,67,41,69,5,20,65,98,0,0
Igor José Bohn,30,831020400,1996/05/02,Serie B,2023,Goalkeeper,Avaí,1973,983,990,Brazil,22,11,11,0,0,0,0,0,0,0,0,8,4,4,21,10,11,2,0,0,0,0,0,0,0,0.96,94,90,987,0,0.09,321,276,123,16,0,7.23,0,51,28.82,28.71,36,603,17.52,368,2,17.59,24,0.00,0.00,0.00,0,0.00,0.00,0.05,0.05,1,0.00,0.05,0.00,0.00,4.52,0.00,0.00,5.71,0.00,0.00,0.00,0.00,0.00,0.00,0.00,0.00,0.24,0.00,0.00,0,0,,0,0.00,9,0,0.00,21,0,0.00,10,0,1,20,5,0.00,99,0,0,0.00,9,0,32,0.00,14,0,0.00,99,0,0.00,0,0,0.00,0,0.00,6,0,0.00,8,0,0.00,0.00,0,0.00,0,95,94,4.54,99,120,0.00,41,5.74,99,N/A,N/A,N/A,N/A,79.17,0,0.00,0,0.00,0.00,0,61.03,0.00,21,93,0.05,0.05,1,12,12,0,0,56,0.00,0.00,0,20,151.86,1.33,1.34,28,0,0.00,0.00,99,0.00,1,0,0,0.00,0.00,17,0.81,0.81,0.00,0.00,0,0,0.00,48,73,54,48,42,0.68,6,0.03,0.03,0.00,14,0.00,0.00,1,0,0.00,0.00,0.00,0.00,4,0,0.00,13,96,57,71,73,45,9,0,0.00,99,5,0.00,0.24,0.48,0.48,10,6,2,4,0.29,0.29,60.00,1,0.05,88,0,0.00,0,0.00,99,0,0.00,0.00,32,69,30,9,0,0,0,0,0,34,48,65,59,0,99,52,94,14,2,9,29,1,0,0
Igor Pavan,25,974448000,2000/11/17,Serie B,2023,Goalkeeper,Chapecoense,0,0,0,Brazil,0,0,0,0,0,0,0,0,0,0,0,0,0,0,0,0,0,0,0,0,0,0,0,0,0,0,0,0,0,0,0,-1,-1,-1,-1,N/A,N/A,N/A,N/A,N/A,N/A,N/A,N/A,N/A,N/A,N/A,N/A,N/A,N/A,N/A,N/A,N/A,N/A,N/A,N/A,N/A,N/A,N/A,N/A,N/A,N/A,N/A,N/A,N/A,N/A,N/A,N/A,N/A,N/A,N/A,N/A,N/A,N/A,N/A,N/A,N/A,N/A,N/A,N/A,N/A,N/A,N/A,N/A,N/A,N/A,N/A,N/A,N/A,N/A,N/A,N/A,N/A,N/A,N/A,N/A,N/A,N/A,N/A,N/A,N/A,N/A,N/A,N/A,N/A,N/A,N/A,N/A,N/A,N/A,N/A,N/A,N/A,N/A,N/A,N/A,N/A,N/A,N/A,N/A,N/A,N/A,N/A,N/A,N/A,N/A,N/A,N/A,N/A,N/A,N/A,N/A,N/A,N/A,N/A,N/A,N/A,N/A,N/A,N/A,N/A,N/A,N/A,N/A,N/A,N/A,N/A,N/A,N/A,N/A,N/A,N/A,N/A,N/A,N/A,N/A,N/A,N/A,N/A,N/A,N/A,N/A,N/A,N/A,N/A,N/A,N/A,N/A,N/A,N/A,N/A,N/A,N/A,N/A,N/A,N/A,N/A,N/A,N/A,N/A,N/A,N/A,N/A,N/A,N/A,N/A,N/A,N/A,N/A,N/A,N/A,N/A,N/A,N/A,N/A,N/A,N/A,N/A,N/A,N/A,N/A,N/A,N/A,N/A,N/A,N/A,N/A,N/A,N/A,N/A,N/A,N/A,N/A,N/A,N/A,N/A,N/A,N/A,N/A,N/A,N/A,N/A,N/A,N/A,N/A,N/A,N/A,N/A,N/A,N/A,N/A,N/A,N/A,N/A,N/A,N/A,N/A,N/A,N/A,N/A,N/A,N/A,N/A,N/A,N/A,N/A,N/A,N/A,N/A,N/A,N/A,N/A,N/A,N/A,N/A,N/A,N/A,N/A,N/A,N/A
Igor Ribeiro Costa,25,989478000,2001/05/10,Serie B,2023,Defender,Atlético GO,90,90,0,Brazil,2,1,1,0,0,0,0,0,0,0,0,2,1,1,0,0,0,0,0,0,0,0,0,0,0,0,0,45,0,0,0,-1,-1,-1,35,0,0.00,0,51,0.00,0.00,0,0,0.00,0,0,0.00,0,0.00,0.00,0.00,0,0.00,0.00,0.00,0.00,0,0.00,0.00,0.00,0.00,0.00,0.00,0.00,0.00,0.00,0.00,0.00,0.00,0.00,0.00,0.00,0.00,0.00,0.00,0.00,0,0,,0,0.00,9,0,0.00,21,0,0.00,10,0,1,1,4,0.00,99,0,0,0.00,9,0,32,0.00,14,0,0.00,99,0,0.00,0,0,0.00,0,0.00,6,0,0.00,8,0,0.00,0.00,0,0.00,0,0,0,0.00,0,0,0.00,99,0.00,0,N/A,N/A,N/A,N/A,0.00,0,0.00,0,0.00,0.00,0,0.00,0.00,21,99,0.00,0.00,0,12,12,0,0,0,0.00,0.00,0,20,0.00,0.00,0.00,0,0,0.00,0.00,99,0.00,0,0,0,0.00,0.00,0,0.00,0.00,0.00,0.00,0,0,0.00,48,0,0,48,0,0.00,0,0.00,0.00,0.00,14,0.00,0.00,1,0,0.00,0.00,0.00,0.00,4,0,0.00,13,0,2,71,0,45,2,0,0.00,99,0,0.00,0.00,0.00,0.00,0,0,0,0,0.00,0.00,0.00,0,0.00,99,0,0.00,0,0.00,99,0,0.00,0.00,32,0,30,9,0,0,0,0,0,34,48,65,59,0,99,99,8,8,0,0,10,15,0,0
Igor Torres da Silva,26,952761600,2000/03/11,Serie B,2023,Forward,Ponte Preta,640,311,329,Brazil,20,10,10,0,0,0,1,0,1,0,0,10,7,3,5,3,2,1,0,0.14,0.14,0,0,0,0,0.7,128,32,640,640,0.14,351,102,-1,21,0,6.64,0.05,83,19.10,6.58,10,125,4.74,90,19,13.75,13,0.00,0.00,0.37,7,0.00,0.37,1.83,0.63,12,0.00,1.00,0.00,0.00,0.00,0.05,0.42,0.00,0.00,2.29,0.53,0.74,0.00,0.26,0.03,0.00,0.63,0.00,0.00,0,0,,15,0.79,97,5,0.76,82,10,1.53,97,4,15,4,81,0.00,99,0,1,0.15,16,7,94,1.07,54,0,0.00,99,0,0.00,0,0,0.00,0,1.07,66,14,2.14,84,8,1.22,57.14,0,0.00,0,0,0,0.00,0,0,0.00,76,0.00,0,N/A,N/A,N/A,N/A,0.00,0,0.00,0,0.52,0.00,0,72.00,33.33,49,12,0.37,1.07,7,89,65,0,0,0,0.05,0.15,1,42,126.20,0.16,0.46,3,0,0.00,0.00,99,0.00,0,0,0,0.00,0.00,0,0.00,0.00,0.76,0.26,5,0,0.00,48,19,49,48,76,1.04,76,0.05,0.16,0.52,63,0.03,0.08,98,23,1.21,3.51,2.90,1.00,96,19,0.08,61,21,19,71,0,98,79,0,0.00,99,12,0.00,1.83,20.78,7.16,136,55,99,99,8.40,2.89,40.44,19,2.90,0,0,42.86,0,0.00,99,3,0.16,0.46,67,8,94,83,0,0,0,0,0,58,48,65,59,0,99,92,84,24,1,5,14,20,0,0
Ilson Cedric Borges de Lima,28,887443200,1998/02/14,Serie B,2023,Defender,Mirassol,129,90,39,Brazil,5,1,4,0,0,0,0,0,0,0,0,1,0,1,1,1,0,0,0,0,0,0,0,0,0,0.7,129,26,0,0,0,-1,-1,-1,18,0,6.65,0,51,87.21,25.00,99,125,22.80,114,99,79.53,99,0.00,0.00,0.00,0,0.00,1.00,0.70,0.20,1,0.00,0.00,0.00,0.00,0.00,0.20,0.00,0.00,0.00,0.70,0.00,0.20,0.00,0.20,0.01,0.00,0.60,0.00,0.00,0,0,,1,0.20,49,1,0.70,79,0,0.00,10,0,4,1,27,0.00,99,0,1,0.70,46,5,51,3.49,83,0,0.00,99,0,0.00,0,0,0.00,0,0.00,6,1,0.70,39,0,0.00,0.00,0,0.00,0,0,0,0.00,0,0,0.00,76,0.00,0,N/A,N/A,N/A,N/A,0.00,0,0.00,0,0.05,0.00,0,91.20,100.00,99,99,0.00,0.00,0,12,12,0,0,0,0.00,0.00,0,20,33.24,0.40,1.40,2,0,0.00,0.00,99,0.00,0,0,0,0.00,0.00,0,0.00,0.00,0.00,0.00,0,0,0.00,48,0,1,48,76,0.26,83,0.05,0.18,0.05,45,0.01,0.03,29,1,0.20,0.70,0.70,0.20,16,1,0.03,43,22,59,71,0,45,86,0,0.00,99,3,0.00,2.09,7.67,2.20,11,5,26,35,3.49,1.00,45.45,0,0.00,99,0,20.00,0,0.00,99,1,0.20,0.70,77,0,56,9,0,0,0,0,0,34,48,65,59,0,99,12,8,8,0,0,10,14,0,0
Isaque Elias Brito,29,861692400,1997/04/22,Serie B,2023,Midfielder,Guarani,1332,663,669,Brazil,30,13,17,2,1,1,2,0,2,0,1,10,6,4,11,5,6,3,0,0.27,0.14,0.14,0.14,0.13,666,0.74,121,44,444,666,0.2,151,96,-1,7,0,6.74,0.07,83,43.06,21.79,73,632,18.79,545,94,37.13,79,0.00,0.00,0.59,17,0.00,0.41,2.04,1.03,30,0.00,0.52,0.00,0.00,0.00,0.34,0.62,0.00,9.50,1.29,0.31,1.24,0.00,0.34,0.07,0.00,0.14,0.00,0.00,0,0,,19,0.66,70,10,0.68,77,9,0.61,64,3,14,15,88,0.00,99,0,10,0.68,45,12,67,0.82,49,0,0.00,99,0,0.00,0,0,0.00,0,1.16,71,36,2.45,89,18,1.23,50.00,0,0.00,0,0,0,0.00,0,0,0.00,69,0.00,0,N/A,N/A,N/A,N/A,0.00,0,0.00,0,1.97,0.00,0,86.23,52.63,84,7,0.62,1.23,18,89,55,0,1,0,0.03,0.07,1,27,195.34,0.24,0.48,7,0,0.00,0.00,99,0.00,0,1,3,0.10,0.20,0,0.00,0.00,0.00,0.00,0,1,10.53,69,53,79,76,69,2.80,85,0.10,0.19,1.27,65,0.04,0.09,44,16,0.55,1.09,1.02,0.52,29,15,0.13,73,40,21,99,0,45,11,0,0.00,99,4,0.00,0.27,9.61,4.86,141,68,55,59,4.63,2.34,48.23,15,1.02,25,0,25.00,0,0.00,99,3,0.10,0.20,53,55,93,70,0,0,0,0,0,78,74,76,71,0,99,45,69,40,3,10,33,29,0,0
Italo Melo Oliveira,33,730627200,1993/02/25,Serie B,2023,Midfielder,Criciúma,399,169,230,Brazil,12,5,7,0,0,0,0,0,0,0,0,3,1,2,4,3,1,1,0,0,0,0,0,0,0,0.9,100,33,399,0,0.23,514,505,-1,16,0,6.62,0,51,50.75,18.75,89,225,15.83,190,87,42.86,90,0.00,0.00,0.42,5,0.00,0.83,0.45,0.17,2,0.00,0.58,0.00,0.00,0.00,0.25,0.83,0.00,0.00,0.90,0.33,1.42,0.00,0.00,0.01,0.00,0.00,0.00,0.00,0,0,,4,0.33,59,0,0.00,21,4,0.90,82,2,8,4,13,0.00,99,0,3,0.68,45,10,51,2.26,69,0,0.00,99,0,0.00,0,0,0.00,0,1.13,69,17,3.83,97,10,2.26,58.82,0,0.00,0,0,0,0.00,0,0,0.00,49,0.00,0,N/A,N/A,N/A,N/A,0.00,0,0.00,0,0.12,0.00,0,84.44,0.00,21,21,0.33,0.90,4,97,68,0,0,0,0.08,0.23,1,57,79.47,0.25,0.68,3,0,0.00,0.00,99,0.00,0,0,1,0.08,0.23,0,0.00,0.00,0.00,0.00,0,0,0.00,48,2,20,48,49,0.63,68,0.05,0.14,0.12,45,0.01,0.03,53,6,0.50,1.35,0.68,0.25,15,3,0.03,43,19,29,99,0,45,2,0,0.00,99,0,0.00,0.00,10.38,3.83,46,18,39,69,4.06,1.50,39.13,7,1.58,7,0,20.00,0,0.00,99,2,0.17,0.45,67,8,79,53,0,0,0,0,0,34,48,65,59,0,99,22,61,48,1,8,26,70,0,0
Iury de Oliveira Nascimento,33,714294000,1992/08/20,Serie B,2023,Defender,Ituano,1295,549,746,Brazil,19,9,10,0,0,0,2,1,1,0,0,7,4,3,15,5,10,9,0,0.14,0.14,0,0,0,0,1.04,86,68,144,648,0.63,333,100,145,13,0,6.75,0.11,83,40.78,30.33,66,546,21.33,384,14,28.68,54,0.00,0.00,0.67,12,0.00,2.06,1.87,1.39,25,0.00,0.39,0.00,0.00,0.00,1.72,0.33,0.00,0.00,0.22,0.17,0.44,0.00,0.00,0.01,0.00,1.00,0.00,0.00,0,0,,3,0.17,15,0,0.00,21,3,0.22,22,4,3,15,83,0.00,99,0,31,2.32,99,37,54,2.76,75,0,0.00,99,0,0.00,0,0,0.00,0,0.90,56,8,0.60,35,6,0.45,75.00,0,0.00,0,0,0,0.00,0,0,0.00,32,0.00,0,N/A,N/A,N/A,N/A,0.00,0,0.00,0,0.10,0.00,0,70.33,0.00,21,21,0.67,0.90,12,51,90,0,0,0,0.22,0.30,4,65,121.48,1.78,2.39,32,0,0.00,0.00,99,0.00,0,0,0,0.00,0.00,0,0.00,0.00,0.07,0.06,1,0,0.00,48,52,46,48,32,2.36,83,0.13,0.18,0.10,27,0.01,0.01,49,16,0.89,1.20,3.06,2.28,98,41,0.01,26,41,79,71,0,55,63,0,0.00,99,18,0.00,1.34,10.61,7.89,142,65,62,71,4.85,3.61,45.77,7,0.52,57,0,21.62,0,0.00,99,8,0.44,0.60,73,55,50,83,0,0,0,0,0,58,48,65,59,0,99,54,13,95,9,47,99,2,0,0
Iury Lirio Freitas de Castilho,30,810370800,1995/09/06,Serie B,2023,Forward,Vitória,1031,501,530,Brazil,15,7,8,3,1,2,0,0,0,0,0,10,7,3,7,0,7,5,0,0.26,0,0.26,0.18,0.34,344,0.61,147,69,206,0,0.44,66,342,-1,6,0,6.96,0,51,25.58,19.53,29,293,15.07,226,46,19.73,30,0.00,0.00,0.80,12,0.00,0.47,1.22,0.93,14,0.00,0.87,0.00,0.00,0.00,0.20,1.07,0.00,6.33,1.66,0.67,2.00,0.00,0.60,0.16,0.00,0.60,0.00,0.00,0,0,,19,1.27,82,9,0.79,84,10,0.87,80,4,3,12,53,0.00,99,0,3,0.26,23,7,77,0.61,45,0,0.00,99,0,0.00,0,0,0.00,0,1.05,65,30,2.62,91,16,1.40,53.33,0,0.00,0,0,0,0.00,0,0,0.00,88,0.00,0,N/A,N/A,N/A,N/A,0.00,0,0.00,0,2.45,0.00,0,77.13,47.37,73,43,0.47,0.61,7,93,59,0,0,0,0.07,0.09,1,30,104.43,0.47,0.61,7,0,0.00,0.00,99,0.00,0,0,0,0.00,0.00,0,0.00,0.00,0.79,0.60,9,1,15.79,83,42,30,60,88,0.96,27,0.06,0.08,2.45,90,0.16,0.21,73,21,1.40,1.83,1.75,1.33,68,20,0.21,87,80,25,71,0,98,37,0,0.00,99,9,0.00,0.79,11.61,8.87,133,60,73,80,5.24,4.00,45.11,13,1.13,21,0,28.57,0,0.00,99,2,0.13,0.17,50,47,50,83,0,0,0,0,0,77,89,92,77,0,99,99,27,82,5,33,92,19,0,0
Ivonei Junior da Silva Rabelo,24,1018940400,2002/04/16,Serie B,2023,Midfielder,Botafogo SP,649,300,349,Brazil,17,8,9,0,0,0,0,0,0,0,0,8,4,4,7,2,5,0,0,0,0,0,0,0,0,0.97,93,38,0,0,0,315,351,-1,16,0,6.18,0,51,27.18,11.53,31,196,9.12,155,58,21.49,34,0.00,0.00,0.47,8,0.00,1.00,0.69,0.29,5,0.00,0.24,0.00,0.00,0.00,0.06,0.18,0.00,0.00,1.39,0.35,0.41,0.00,0.24,0.03,0.00,0.12,0.00,0.00,0,0,,10,0.59,73,4,0.55,72,6,0.83,77,7,8,9,26,0.00,99,0,1,0.14,14,17,87,2.36,71,0,0.00,99,0,0.00,0,0,0.00,0,1.11,67,7,0.97,50,3,0.42,42.86,0,0.00,0,0,0,0.00,0,0,0.00,40,0.00,0,N/A,N/A,N/A,N/A,0.00,0,0.00,0,0.45,0.00,0,79.08,40.00,60,27,0.35,0.83,6,48,37,0,0,0,0.06,0.14,1,40,105.08,0.06,0.14,1,0,0.00,0.00,99,0.00,0,0,1,0.06,0.14,0,0.00,0.00,0.00,0.00,0,0,0.00,48,19,38,48,40,0.67,36,0.04,0.09,0.45,56,0.03,0.06,45,8,0.47,1.11,0.42,0.18,10,3,0.06,54,3,4,96,0,45,11,0,0.00,99,2,0.00,0.28,5.69,2.41,41,18,11,14,2.50,1.06,43.90,4,0.55,53,0,35.29,0,0.00,99,6,0.35,0.83,81,33,79,98,0,0,0,0,0,34,48,65,59,0,99,87,8,8,0,0,10,17,0,0
Jaderson Flores dos Reis,25,966063600,2000/08/12,Serie B,2023,Forward,Tombense,979,437,542,Brazil,26,12,14,0,0,0,1,0,1,0,0,4,1,3,11,6,5,3,0,0.09,0.09,0,0,0,0,1.01,89,38,326,979,0.28,507,148,-1,34,0,6.26,0.04,74,37.41,15.28,56,382,13.28,332,95,32.51,65,0.00,0.00,0.48,12,0.00,0.64,1.57,0.64,16,0.00,0.56,0.00,0.00,0.00,0.20,0.60,0.00,0.00,1.18,0.32,0.96,0.00,0.16,0.02,0.00,0.36,0.00,0.00,0,0,,12,0.48,66,4,0.39,63,8,0.78,74,1,14,11,70,0.00,99,0,5,0.49,37,16,89,1.57,60,0,0.00,99,0,0.00,0,0,0.00,0,1.18,72,24,2.35,88,15,1.47,62.50,0,0.00,0,0,0,0.00,0,0,0.00,35,0.00,0,N/A,N/A,N/A,N/A,0.00,0,0.00,0,0.52,0.00,0,86.91,33.33,49,35,0.28,0.69,7,94,76,0,0,0,0.12,0.29,3,65,156.53,0.40,0.98,10,0,0.00,0.00,99,0.00,0,0,0,0.00,0.00,0,0.00,0.00,0.00,0.00,0,0,0.00,48,38,67,48,35,1.76,80,0.07,0.17,0.52,53,0.02,0.05,93,29,1.16,2.84,1.47,0.60,53,15,0.05,51,4,42,71,0,45,43,0,0.00,99,9,0.00,0.88,11.75,4.80,120,69,93,82,6.76,2.76,57.50,14,1.37,13,0,37.50,0,0.00,99,6,0.24,0.59,72,42,93,33,0,0,0,0,0,48,48,65,59,0,99,6,53,57,3,12,41,7,0,0
Jádson Alves dos Santos,32,746694000,1993/08/30,Serie B,2023,Midfielder,Juventude,2760,1438,1322,Brazil,34,17,17,2,1,1,1,0,1,0,0,16,8,8,23,11,12,11,2,0.1,0.03,0.07,0.06,0.07,1380,0.75,120,81,230,2760,0.39,221,254,-1,8,0,6.79,0.03,53,37.75,34.09,57,1125,28.03,925,75,31.04,62,0.00,0.00,0.91,30,0.00,0.91,1.85,1.67,55,0.00,0.73,0.00,0.00,0.00,1.09,0.64,0.00,18.00,0.60,0.33,1.03,0.00,0.21,0.04,0.00,0.33,0.00,0.00,0,0,,18,0.55,43,7,0.23,49,11,0.37,41,3,1,32,83,0.00,99,0,36,1.21,74,30,86,1.01,53,0,0.00,99,0,0.00,0,0,0.00,0,1.01,63,34,1.14,58,21,0.70,61.76,0,0.00,0,0,0,0.00,0,0,0.00,68,0.00,0,N/A,N/A,N/A,N/A,0.00,0,0.00,0,1.25,0.00,0,82.22,38.89,55,18,0.88,0.97,29,68,74,0,0,0,0.15,0.17,5,47,224.10,0.42,0.47,14,0,0.00,0.00,99,0.00,0,0,0,0.00,0.00,0,0.00,0.00,0.00,0.00,0,0,5.56,54,93,92,92,68,3.83,61,0.12,0.13,1.25,49,0.04,0.04,82,67,2.03,2.25,1.51,1.36,56,45,0.04,47,49,20,71,0,45,17,0,0.00,99,11,0.00,0.37,9.70,8.76,289,154,71,60,5.17,4.67,53.29,24,0.81,37,0,33.33,0,0.00,99,10,0.30,0.34,59,92,30,70,0,0,0,0,0,50,59,68,60,0,99,87,33,75,8,24,75,16,0,0
Jael Ferreira Vieira,37,594198000,1988/10/30,Serie B,2023,Forward,Avaí,125,50,75,Brazil,6,2,4,0,0,0,0,0,0,0,0,2,1,1,1,0,1,2,1,0,0,0,0,0,0,0.72,125,21,42,0,2.16,-1,-1,-1,17,0,6.04,0,51,26.64,6.17,30,37,3.33,20,0,14.40,14,0.00,0.00,0.00,0,0.00,0.00,0.00,0.00,0,0.00,0.00,0.00,0.00,0.00,0.00,0.00,0.00,0.00,0.72,0.17,0.00,0.00,0.00,0.01,0.00,0.50,0.00,0.00,0,0,,1,0.17,50,0,0.00,21,1,0.72,72,0,6,0,4,0.00,99,0,0,0.00,9,0,32,0.00,14,0,0.00,99,0,0.00,0,0,0.00,0,0.00,6,0,0.00,8,0,0.00,0.00,0,0.00,0,0,0,0.00,0,0,0.00,72,0.00,0,N/A,N/A,N/A,N/A,0.00,0,0.00,0,0.03,0.00,0,54.05,0.00,21,99,0.00,0.00,0,12,12,0,0,0,0.00,0.00,0,20,36.22,0.50,2.16,3,0,0.00,0.00,99,0.00,0,0,0,0.00,0.00,0,0.00,0.00,0.00,0.00,0,0,0.00,48,0,3,48,72,0.04,6,0.01,0.03,0.03,38,0.01,0.02,99,7,1.17,5.04,2.16,0.50,82,3,0.02,37,2,78,71,0,45,87,0,0.00,99,3,0.00,2.16,9.36,2.17,13,10,95,55,7.20,1.67,76.92,0,0.00,99,0,0.00,0,0.00,99,0,0.00,0.00,32,0,70,9,0,0,0,0,0,34,48,65,59,0,99,45,8,99,1,17,56,7,0,0
Jailson Almeida Filho,22,1080892800,2004/04/02,Serie B,2023,Midfielder,Sampaio Corrêa,0,0,0,Brazil,0,0,0,0,0,0,0,0,0,0,0,0,0,0,0,0,0,0,0,0,0,0,0,0,0,0,0,0,0,0,0,-1,-1,-1,-1,N/A,N/A,N/A,N/A,N/A,N/A,N/A,N/A,N/A,N/A,N/A,N/A,N/A,N/A,N/A,N/A,N/A,N/A,N/A,N/A,N/A,N/A,N/A,N/A,N/A,N/A,N/A,N/A,N/A,N/A,N/A,N/A,N/A,N/A,N/A,N/A,N/A,N/A,N/A,N/A,N/A,N/A,N/A,N/A,N/A,N/A,N/A,N/A,N/A,N/A,N/A,N/A,N/A,N/A,N/A,N/A,N/A,N/A,N/A,N/A,N/A,N/A,N/A,N/A,N/A,N/A,N/A,N/A,N/A,N/A,N/A,N/A,N/A,N/A,N/A,N/A,N/A,N/A,N/A,N/A,N/A,N/A,N/A,N/A,N/A,N/A,N/A,N/A,N/A,N/A,N/A,N/A,N/A,N/A,N/A,N/A,N/A,N/A,N/A,N/A,N/A,N/A,N/A,N/A,N/A,N/A,N/A,N/A,N/A,N/A,N/A,N/A,N/A,N/A,N/A,N/A,N/A,N/A,N/A,N/A,N/A,N/A,N/A,N/A,N/A,N/A,N/A,N/A,N/A,N/A,N/A,N/A,N/A,N/A,N/A,N/A,N/A,N/A,N/A,N/A,N/A,N/A,N/A,N/A,N/A,N/A,N/A,N/A,N/A,N/A,N/A,N/A,N/A,N/A,N/A,N/A,N/A,N/A,N/A,N/A,N/A,N/A,N/A,N/A,N/A,N/A,N/A,N/A,N/A,N/A,N/A,N/A,N/A,N/A,N/A,N/A,N/A,N/A,N/A,N/A,N/A,N/A,N/A,N/A,N/A,N/A,N/A,N/A,N/A,N/A,N/A,N/A,N/A,N/A,N/A,N/A,N/A,N/A,N/A,N/A,N/A,N/A,N/A,N/A,N/A,N/A,N/A,N/A,N/A,N/A,N/A,N/A,N/A,N/A,N/A,N/A,N/A,N/A,N/A,N/A,N/A,N/A,N/A,N/A
Jailson Cauã Pereira dos Santos,23,1050562800,2003/04/17,Serie B,2023,Forward,CRB,106,24,82,Brazil,3,1,2,0,0,0,0,0,0,0,0,0,0,0,2,1,1,0,0,0,0,0,0,0,0,1.7,53,35,0,0,0,-1,-1,-1,19,0,0.00,0,51,0.00,0.00,0,0,0.00,0,0,0.00,0,0.00,0.00,0.00,0,0.00,0.00,0.00,0.00,0,0.00,0.00,0.00,0.00,0.00,0.00,0.00,0.00,0.00,0.00,0.00,0.00,0.00,0.00,0.00,0.00,0.00,0.00,0.00,0,0,,0,0.00,9,0,0.00,21,0,0.00,10,4,3,0,4,0.00,99,0,0,0.00,9,0,32,0.00,14,0,0.00,99,0,0.00,0,0,0.00,0,0.00,6,0,0.00,8,0,0.00,0.00,0,0.00,0,0,0,0.00,0,0,0.00,2,0.00,0,N/A,N/A,N/A,N/A,0.00,0,0.00,0,0.00,0.00,0,0.00,0.00,21,99,0.00,0.00,0,12,12,0,0,0,0.00,0.00,0,20,0.00,0.00,0.00,0,0,0.00,0.00,99,0.00,0,0,0,0.00,0.00,0,0.00,0.00,0.00,0.00,0,0,0.00,48,0,0,48,2,0.00,0,0.00,0.00,0.00,14,0.00,0.00,1,0,0.00,0.00,0.00,0.00,4,0,0.00,13,0,2,71,0,45,2,0,0.00,99,0,0.00,0.00,0.00,0.00,0,0,0,0,0.00,0.00,0.00,0,0.00,99,0,0.00,0,0.00,99,0,0.00,0.00,32,0,50,83,0,0,0,0,0,34,48,65,59,0,99,1,8,8,0,0,10,21,0,0
Janderson Santos de Souza,27,920016000,1999/02/26,Serie B,2023,Forward,Ceará,1398,728,670,Brazil,33,16,17,2,1,1,1,1,0,0,0,11,8,3,14,5,9,5,0,0.19,0.06,0.13,0.12,0.13,699,0.9,100,42,280,1398,0.32,162,207,-1,9,0,6.78,0.03,63,25.56,11.75,28,376,8.88,284,35,19.31,28,0.00,0.00,0.88,28,0.00,1.41,1.29,0.59,19,0.00,0.62,0.00,0.00,0.00,0.03,1.06,0.00,27.00,1.84,0.66,2.34,0.00,0.19,0.05,0.00,0.19,0.00,0.00,0,0,,27,0.84,88,6,0.41,65,21,1.43,96,6,20,12,56,0.00,99,0,1,0.07,10,45,38,3.06,79,0,0.00,99,0,0.00,0,0,0.00,0,1.90,92,75,5.10,99,34,2.31,45.33,0,0.00,0,0,0,0.00,0,0,0.00,49,0.00,0,N/A,N/A,N/A,N/A,0.00,0,0.00,0,1.52,0.00,0,75.53,22.22,33,49,0.25,0.54,8,98,39,0,0,0,0.03,0.07,1,27,217.02,0.16,0.34,5,0,0.00,0.00,99,0.00,0,0,3,0.09,0.20,0,0.00,0.00,0.14,0.06,2,1,3.70,49,57,90,78,49,2.37,76,0.07,0.16,1.52,68,0.05,0.10,97,48,1.50,3.26,1.36,0.62,48,20,0.10,65,47,14,99,0,70,18,0,0.00,99,6,0.00,0.41,14.07,6.47,207,107,95,94,7.27,3.34,51.69,20,1.36,13,0,13.33,0,0.00,99,6,0.19,0.41,65,47,98,94,0,0,0,0,0,67,72,76,69,0,99,45,45,63,4,12,41,77,0,0
Jean Carlos Batista,25,964422000,2000/07/24,Serie B,2023,Goalkeeper,Tombense,0,0,0,Brazil,0,0,0,0,0,0,0,0,0,0,0,0,0,0,0,0,0,0,0,0,0,0,0,0,0,0,0,0,0,0,0,-1,-1,-1,-1,N/A,N/A,N/A,N/A,N/A,N/A,N/A,N/A,N/A,N/A,N/A,N/A,N/A,N/A,N/A,N/A,N/A,N/A,N/A,N/A,N/A,N/A,N/A,N/A,N/A,N/A,N/A,N/A,N/A,N/A,N/A,N/A,N/A,N/A,N/A,N/A,N/A,N/A,N/A,N/A,N/A,N/A,N/A,N/A,N/A,N/A,N/A,N/A,N/A,N/A,N/A,N/A,N/A,N/A,N/A,N/A,N/A,N/A,N/A,N/A,N/A,N/A,N/A,N/A,N/A,N/A,N/A,N/A,N/A,N/A,N/A,N/A,N/A,N/A,N/A,N/A,N/A,N/A,N/A,N/A,N/A,N/A,N/A,N/A,N/A,N/A,N/A,N/A,N/A,N/A,N/A,N/A,N/A,N/A,N/A,N/A,N/A,N/A,N/A,N/A,N/A,N/A,N/A,N/A,N/A,N/A,N/A,N/A,N/A,N/A,N/A,N/A,N/A,N/A,N/A,N/A,N/A,N/A,N/A,N/A,N/A,N/A,N/A,N/A,N/A,N/A,N/A,N/A,N/A,N/A,N/A,N/A,N/A,N/A,N/A,N/A,N/A,N/A,N/A,N/A,N/A,N/A,N/A,N/A,N/A,N/A,N/A,N/A,N/A,N/A,N/A,N/A,N/A,N/A,N/A,N/A,N/A,N/A,N/A,N/A,N/A,N/A,N/A,N/A,N/A,N/A,N/A,N/A,N/A,N/A,N/A,N/A,N/A,N/A,N/A,N/A,N/A,N/A,N/A,N/A,N/A,N/A,N/A,N/A,N/A,N/A,N/A,N/A,N/A,N/A,N/A,N/A,N/A,N/A,N/A,N/A,N/A,N/A,N/A,N/A,N/A,N/A,N/A,N/A,N/A,N/A,N/A,N/A,N/A,N/A,N/A,N/A,N/A,N/A,N/A,N/A,N/A,N/A,N/A,N/A,N/A,N/A,N/A,N/A
Jean Carlos de Souza Irmer,31,780562800,1994/09/26,Serie B,2023,Midfielder,Juventude,1659,990,669,Brazil,26,16,10,2,2,0,1,1,0,0,0,13,7,6,13,9,4,12,0,0.16,0.05,0.11,0.18,0,830,0.71,128,64,138,1659,0.65,185,214,-1,9,0,6.93,0.04,60,33.35,23.64,45,591,18.52,463,52,26.13,47,0.00,0.00,0.32,8,0.00,0.28,3.05,2.16,54,0.00,0.24,0.00,0.00,0.00,1.12,0.28,0.00,14.00,1.58,0.80,0.32,0.00,0.32,0.09,0.00,1.04,0.00,0.00,0,0,,28,1.12,79,8,0.45,67,20,1.13,91,3,4,21,99,0.00,99,0,28,1.58,90,7,77,0.39,38,0,0.00,99,0,0.00,0,0,0.00,0,0.45,31,8,0.45,29,7,0.39,87.50,0,0.00,0,0,0,0.00,0,0,0.00,74,0.00,0,N/A,N/A,N/A,N/A,0.00,0,0.00,0,2.18,0.00,0,78.34,28.57,40,9,0.84,1.18,21,45,93,0,0,0,0.48,0.68,12,87,173.37,1.20,1.69,30,0,0.00,0.00,99,0.00,0,0,0,0.00,0.00,0,0.00,0.00,0.00,0.00,0,0,7.14,59,64,67,82,76,1.98,50,0.08,0.11,2.18,73,0.09,0.12,56,25,1.00,1.41,2.93,2.08,97,52,0.12,70,75,66,71,0,45,66,0,0.00,99,26,0.00,1.47,11.62,8.24,206,112,89,81,6.32,4.48,54.37,6,0.34,68,0,28.57,0,0.00,99,2,0.08,0.11,45,71,56,70,0,0,0,0,0,62,68,65,77,0,99,92,12,96,11,42,98,5,0,0
Jean Carlos dos Santos,23,1032418800,2002/09/19,Serie B,2023,Defender,Ponte Preta,76,32,44,Brazil,3,2,1,0,0,0,0,0,0,0,0,1,1,0,1,0,1,0,0,0,0,0,0,0,0,1.18,76,25,0,0,0,-1,-1,-1,33,0,4.54,0,51,40.26,11.33,63,34,9.67,29,90,34.34,71,0.00,0.00,1.33,4,0.00,1.67,1.18,0.33,1,0.00,0.33,0.00,0.00,0.00,1.00,0.33,0.00,0.00,0.00,0.00,0.33,0.00,0.00,0.00,0.00,0.00,0.00,0.00,0,0,,0,0.00,9,0,0.00,21,0,0.00,10,2,3,0,50,0.00,99,0,3,3.55,99,5,32,5.92,96,0,0.00,99,0,0.00,0,0,0.00,0,4.74,99,1,1.18,59,1,1.18,100.00,0,0.00,0,0,0,0.00,0,0,0.00,18,0.00,0,N/A,N/A,N/A,N/A,0.00,0,0.00,0,0.00,0.00,0,85.29,0.00,21,9,0.33,1.18,1,88,99,0,0,0,0.00,0.00,0,20,13.63,0.00,0.00,0,0,0.00,0.00,99,0.00,0,0,0,0.00,0.00,0,0.00,0.00,1.18,0.33,1,0,0.00,48,0,0,48,18,0.23,96,0.08,0.27,0.00,14,0.00,0.00,1,0,0.00,0.00,2.37,0.67,88,2,0.00,13,0,2,71,0,99,2,0,0.00,99,0,0.00,0.00,9.47,2.67,8,2,10,57,2.37,0.67,25.00,1,1.18,19,0,0.00,0,0.00,99,0,0.00,0.00,32,0,50,53,0,0,0,0,0,34,48,65,59,0,99,45,8,8,0,0,10,16,0,0
Jean Carlos Vicente,34,698140800,1992/02/15,Serie B,2023,Midfielder,Ceará,2323,1137,1186,Brazil,36,18,18,3,2,1,4,2,2,0,0,11,8,3,31,14,17,3,0,0.27,0.15,0.12,0.16,0.08,774,1.2,75,65,774,581,0.12,173,91,-1,6,0,6.97,0.11,85,33.33,23.63,45,827,17.74,621,34,25.03,44,0.00,0.00,1.77,62,0.00,4.94,0.81,0.57,20,0.00,0.69,0.00,0.00,0.00,0.43,0.31,0.00,15.00,1.81,0.74,0.63,0.00,0.54,0.10,0.00,0.51,0.00,0.00,0,0,,45,1.29,87,19,0.77,83,26,1.05,87,1,10,25,33,0.00,99,0,15,0.60,41,173,62,6.97,98,0,0.00,99,0,0.00,0,0,0.00,0,2.50,98,22,0.89,46,11,0.44,50.00,0,0.00,0,0,0,0.00,0,0,0.00,17,0.00,0,N/A,N/A,N/A,N/A,0.00,0,0.00,0,3.56,0.00,0,75.09,42.22,63,4,0.94,1.33,33,50,55,0,0,0,0.09,0.12,3,36,243.98,0.34,0.48,12,0,0.00,0.00,99,0.00,0,0,1,0.03,0.04,0,0.00,0.00,0.24,0.17,6,0,6.67,57,83,98,81,17,5.70,92,0.16,0.23,3.56,78,0.10,0.14,51,32,0.91,1.29,1.25,0.89,39,31,0.14,76,82,21,79,0,80,34,0,0.00,99,18,0.00,0.73,7.90,5.60,196,81,22,37,3.26,2.31,41.33,24,0.97,27,0,24.28,0,0.00,99,42,1.20,1.69,97,80,85,33,0,0,0,0,0,78,70,70,73,0,99,36,90,20,2,6,19,10,0,0
Jean Cleber Santos da Silva,36,641372400,1990/04/29,Serie B,2023,Midfielder,Avaí,868,482,386,Brazil,19,9,10,0,0,0,2,2,0,0,0,11,6,5,12,4,8,8,0,0.21,0.21,0,0,0,0,1.24,72,46,109,434,0.83,421,47,-1,30,0,6.62,0.11,94,40.49,19.44,64,350,16.22,292,82,33.78,70,0.00,0.00,0.44,8,0.00,0.06,1.62,0.78,14,0.00,0.44,0.00,0.00,0.00,0.83,0.11,0.00,0.00,0.23,0.11,0.28,0.00,0.00,0.00,0.00,0.72,0.00,0.00,0,0,,2,0.11,16,0,0.00,21,2,0.23,23,1,9,9,72,0.00,99,0,15,1.74,94,1,32,0.12,22,0,0.00,99,0,0.00,0,0,0.00,0,0.93,59,5,0.58,34,2,0.23,40.00,0,0.00,0,0,0,0.00,0,0,0.00,14,0.00,0,N/A,N/A,N/A,N/A,0.00,0,0.00,0,0.06,0.00,0,83.43,0.00,21,35,0.33,0.69,6,31,31,0,0,0,0.11,0.23,2,57,119.18,0.61,1.27,11,1,0.00,0.12,2,0.06,0,0,0,0.00,0.00,0,0.00,0.00,0.00,0.00,0,0,0.00,48,32,46,48,14,2.07,94,0.11,0.24,0.06,27,0.00,0.01,64,14,0.78,1.62,2.20,1.06,84,19,0.01,26,19,54,71,0,45,69,0,0.00,99,13,0.00,1.50,10.06,4.83,87,43,66,64,4.97,2.39,49.43,8,0.93,28,0,0.00,0,0.00,99,0,0.00,0.00,32,33,83,33,0,0,0,0,0,71,48,65,59,0,99,97,10,98,7,37,94,16,0,0
Jean Francisco Martim Candido,27,924073200,1999/04/14,Serie B,2023,Midfielder,ABC,248,72,176,Brazil,7,3,4,0,0,0,0,0,0,0,0,1,1,0,3,1,2,0,0,0,0,0,0,0,0,1.09,83,35,0,0,0,-1,-1,-1,24,0,6.74,0,51,46.81,18.43,82,129,15.00,105,70,38.10,80,0.00,0.00,1.00,7,0.00,0.43,2.54,1.00,7,0.00,0.00,0.00,0.00,0.00,0.14,0.14,0.00,0.00,0.73,0.29,0.14,0.00,0.00,0.01,0.00,0.00,0.00,0.00,0,0,,2,0.29,50,0,0.00,21,2,0.73,73,2,5,2,95,0.00,99,0,1,0.36,30,3,86,1.09,54,0,0.00,99,0,0.00,0,0,0.00,0,2.54,98,1,0.36,26,1,0.36,100.00,0,0.00,0,0,0,0.00,0,0,0.00,27,0.00,0,N/A,N/A,N/A,N/A,0.00,0,0.00,0,0.05,0.00,0,81.40,0.00,21,0,0.86,2.18,6,42,99,0,0,0,0.29,0.73,2,88,47.21,0.00,0.00,0,0,0.00,0.00,99,0.00,0,0,0,0.00,0.00,0,0.00,0.00,0.00,0.00,0,0,0.00,48,0,4,48,28,0.40,71,0.06,0.15,0.05,38,0.01,0.02,81,6,0.86,2.18,2.18,0.86,83,6,0.02,37,40,2,71,0,45,2,0,0.00,99,0,0.00,0.00,9.80,3.86,27,14,68,61,5.08,2.00,51.85,0,0.00,99,0,33.33,0,0.00,99,1,0.14,0.36,61,1,64,53,0,0,0,0,0,34,48,65,59,0,99,5,8,8,0,0,10,30,0,0
Jean Hebert de Freitas,27,919584000,1999/02/21,Serie B,2023,Forward,Sampaio Corrêa,46,34,12,Brazil,4,3,1,0,0,0,0,0,0,0,0,0,0,0,0,0,0,0,0,0,0,0,0,0,0,0,0,12,0,0,0,-1,-1,-1,27,0,6.44,0,51,17.61,2.25,6,9,2.25,9,99,17.61,24,0.00,0.00,0.00,0,0.00,0.00,0.00,0.00,0,0.00,0.00,0.00,0.00,0.00,0.00,0.00,0.00,0.00,1.96,0.00,0.25,0.00,0.25,0.01,0.00,0.25,0.00,0.00,0,0,,1,0.25,92,1,1.96,99,0,0.00,10,0,4,0,4,0.00,99,0,0,0.00,9,0,32,0.00,14,0,0.00,99,0,0.00,0,0,0.00,0,0.00,6,1,1.96,81,0,0.00,0.00,0,0.00,0,0,0,0.00,0,0,0.00,99,0.00,0,N/A,N/A,N/A,N/A,0.00,0,0.00,0,0.05,0.00,0,100.00,100.00,99,99,0.00,0.00,0,12,12,0,0,0,0.00,0.00,0,20,25.75,0.00,0.00,0,0,0.00,0.00,99,0.00,0,0,0,0.00,0.00,0,0.00,0.00,0.00,0.00,0,0,0.00,48,0,0,48,0,0.02,8,0.01,0.04,0.05,68,0.01,0.10,99,3,0.75,5.87,3.91,0.50,99,2,0.10,65,9,2,71,0,45,83,0,0.00,99,1,0.00,1.96,21.52,2.75,11,4,98,99,7.83,1.00,36.36,0,0.00,99,0,0.00,0,0.00,99,0,0.00,0.00,32,0,56,9,0,0,0,0,0,34,48,65,59,0,99,1,8,8,0,0,10,9,0,0
Jean Lucas Figueiredo,31,795772800,1995/03/21,Serie B,2023,Midfielder,Avaí,729,310,419,Brazil,9,4,5,1,0,1,0,0,0,0,0,4,2,2,7,2,5,2,0,0.12,0,0.12,0,0.21,729,0.86,104,81,365,0,0.25,164,299,-1,12,0,6.88,0,51,30.70,27.25,40,218,22.25,178,71,25.07,44,0.00,0.00,1.00,8,0.00,1.12,0.99,0.88,7,0.00,1.38,0.00,0.00,0.00,0.62,0.88,0.00,8.00,1.13,0.38,2.12,0.00,0.62,0.12,0.00,0.25,0.00,0.00,0,0,,8,1.00,64,5,0.70,79,3,0.42,46,3,0,8,42,0.00,99,0,5,0.70,46,9,32,1.27,56,0,0.00,99,0,0.00,0,0,0.00,0,1.13,69,17,2.39,88,7,0.99,41.18,0,0.00,0,0,0,0.00,0,0,0.00,54,0.00,0,N/A,N/A,N/A,N/A,0.00,0,0.00,0,0.94,0.00,0,81.65,62.50,94,10,1.00,1.13,8,82,33,0,0,0,0.12,0.14,1,40,55.02,0.12,0.14,1,0,0.00,0.00,99,0.00,0,0,1,0.12,0.14,0,0.00,0.00,0.14,0.12,1,0,12.50,76,23,8,79,54,0.58,27,0.07,0.08,0.94,76,0.12,0.13,73,13,1.62,1.83,1.27,1.12,42,9,0.13,73,65,4,96,0,70,11,0,0.00,99,2,0.00,0.28,10.42,9.25,74,29,40,69,4.08,3.62,39.19,11,1.55,9,0,0.00,0,0.00,99,0,0.00,0.00,32,28,19,70,0,0,0,0,0,53,70,84,59,0,99,81,58,51,2,22,70,29,0,0
Jean Patrick Reis,33,709455600,1992/06/25,Serie B,2023,Defender,ABC,379,109,270,Brazil,8,3,5,0,0,0,0,0,0,0,0,1,0,1,3,1,2,2,0,0,0,0,0,0,0,0.71,126,47,190,0,0.47,536,530,56,35,0,6.61,0,51,36.81,19.38,54,155,16.25,130,84,30.87,61,0.00,0.00,0.12,1,0.00,0.12,0.47,0.25,2,0.00,0.38,0.00,0.00,0.00,1.12,0.12,0.00,0.00,0.71,0.38,0.25,0.00,0.00,0.01,0.00,0.62,0.00,0.00,0,0,,3,0.38,50,0,0.00,21,3,0.71,71,3,3,5,14,0.00,99,0,9,2.14,98,1,32,0.24,29,0,0.00,99,0,0.00,0,0,0.00,0,0.24,20,2,0.47,30,1,0.24,50.00,0,0.00,0,0,0,0.00,0,0,0.00,74,0.00,0,N/A,N/A,N/A,N/A,0.00,0,0.00,0,0.09,0.00,0,83.87,0.00,21,33,0.38,0.71,3,31,55,0,0,0,0.12,0.24,1,58,52.91,0.50,0.95,4,0,0.00,0.00,99,0.00,0,0,1,0.12,0.24,0,0.00,0.00,0.00,0.00,0,0,0.00,48,2,6,48,72,0.33,27,0.04,0.08,0.09,38,0.01,0.02,30,3,0.38,0.71,1.66,0.88,63,7,0.02,37,18,40,99,0,45,57,0,0.00,99,5,0.00,1.19,7.12,3.75,30,11,13,28,2.61,1.38,36.67,3,0.71,43,0,0.00,0,0.00,99,0,0.00,0.00,32,11,50,70,0,0,0,0,0,34,48,65,59,0,99,5,22,86,2,25,79,22,0,0
Jean Pierre Freitas Militão,32,749372400,1993/09/30,Serie B,2023,Defender,Vila Nova,113,113,0,Brazil,2,2,0,0,0,0,0,0,0,0,0,1,1,0,1,1,0,1,0,0,0,0,0,0,0,0.8,113,57,113,0,0.8,-1,-1,-1,19,0,6.73,0,51,57.05,35.50,97,71,30.50,61,92,49.02,98,0.00,0.00,0.50,1,0.00,0.00,1.61,1.00,2,0.00,0.00,0.00,0.00,0.00,0.00,0.00,0.00,0.00,0.00,0.00,0.00,0.00,0.00,0.00,0.00,0.50,0.00,0.00,0,0,,0,0.00,9,0,0.00,21,0,0.00,10,0,1,1,71,0.00,99,0,0,0.00,9,0,32,0.00,14,0,0.00,99,0,0.00,0,0,0.00,0,0.80,51,0,0.00,8,0,0.00,0.00,0,0.00,0,0,0,0.00,0,0,0.00,63,0.00,0,N/A,N/A,N/A,N/A,0.00,0,0.00,0,0.00,0.00,0,85.92,0.00,21,99,0.00,0.00,0,12,12,0,0,0,0.00,0.00,0,20,13.46,1.50,2.41,3,0,0.00,0.00,99,0.00,0,0,0,0.00,0.00,0,0.00,0.00,0.00,0.00,0,0,0.00,48,0,0,48,64,0.19,71,0.10,0.15,0.00,14,0.00,0.00,1,0,0.00,0.00,2.41,1.50,89,3,0.00,13,37,79,71,0,45,38,0,0.00,99,1,0.00,0.80,4.82,3.00,6,3,10,10,2.41,1.50,50.00,0,0.00,99,0,0.00,0,0.00,99,0,0.00,0.00,32,0,30,9,0,0,0,0,0,34,48,65,59,0,99,92,10,98,1,50,99,4,0,0
Jean Victor Barros,31,773046000,1994/07/01,Serie B,2023,Defender,Botafogo SP,1012,556,456,Brazil,17,8,9,1,0,1,0,0,0,0,0,4,3,1,14,6,8,2,0,0.09,0,0.09,0,0.2,1012,1.25,72,60,506,0,0.18,203,409,187,10,0,6.29,0,51,31.04,20.53,40,349,15.00,255,24,22.68,38,0.00,0.00,0.71,12,0.00,2.47,1.16,0.76,13,0.00,0.41,0.00,0.00,0.00,0.82,0.06,0.00,13.00,1.16,0.53,0.12,0.00,0.24,0.06,0.00,0.35,0.00,0.00,0,0,,13,0.76,66,4,0.36,60,9,0.80,75,5,5,12,49,0.00,99,0,14,1.25,77,42,77,3.74,87,0,0.00,99,0,0.00,0,0,0.00,0,1.07,66,2,0.18,18,1,0.09,50.00,0,0.00,0,0,0,0.00,0,0,0.00,14,0.00,0,N/A,N/A,N/A,N/A,0.00,0,0.00,0,1.06,0.00,0,73.07,30.77,43,17,0.65,0.98,11,16,55,0,0,0,0.35,0.53,6,82,106.91,0.94,1.42,16,0,0.00,0.00,99,0.00,0,0,0,0.00,0.00,0,0.00,0.00,0.09,0.06,1,0,7.69,60,41,38,87,14,1.16,45,0.07,0.10,1.06,65,0.06,0.09,20,6,0.35,0.53,0.98,0.65,28,11,0.09,63,6,60,71,0,59,25,0,0.00,99,6,0.00,0.53,5.96,3.94,67,26,10,16,2.31,1.53,38.81,7,0.62,49,0,28.57,0,0.00,99,12,0.71,1.07,89,47,64,89,0,0,0,0,0,48,63,83,59,0,99,19,74,35,2,12,41,6,0,0
Jeferson Cavalcante Fernandes Filho,24,1010995200,2002/01/14,Serie B,2023,Midfielder,ABC,29,6,23,Brazil,3,1,2,0,0,0,0,0,0,0,0,1,1,0,0,0,0,0,0,0,0,0,0,0,0,0,0,10,0,0,0,-1,-1,-1,53,0,0.00,0,51,0.00,0.00,0,0,0.00,0,0,0.00,0,0.00,0.00,0.00,0,0.00,0.00,0.00,0.00,0,0.00,0.00,0.00,0.00,0.00,0.00,0.00,0.00,0.00,0.00,0.00,0.00,0.00,0.00,0.00,0.00,0.00,0.00,0.00,0,0,,0,0.00,9,0,0.00,21,0,0.00,10,0,3,0,4,0.00,99,0,0,0.00,9,0,32,0.00,14,0,0.00,99,0,0.00,0,0,0.00,0,0.00,6,0,0.00,8,0,0.00,0.00,0,0.00,0,0,0,0.00,0,0,0.00,99,0.00,0,N/A,N/A,N/A,N/A,0.00,0,0.00,0,0.00,0.00,0,0.00,0.00,21,99,0.00,0.00,0,12,12,0,0,0,0.00,0.00,0,20,0.00,0.00,0.00,0,0,0.00,0.00,99,0.00,0,0,0,0.00,0.00,0,0.00,0.00,0.00,0.00,0,0,0.00,48,0,0,48,0,0.00,0,0.00,0.00,0.00,14,0.00,0.00,1,0,0.00,0.00,0.00,0.00,4,0,0.00,13,0,2,71,0,45,2,0,0.00,99,0,0.00,0.00,0.00,0.00,0,0,0,0,0.00,0.00,0.00,0,0.00,99,0,0.00,0,0.00,99,0,0.00,0.00,32,0,50,9,0,0,0,0,0,34,48,65,59,0,99,45,8,8,0,0,10,8,0,0
Jeferson Marinho dos Santos,26,940748400,1999/10/24,Serie B,2023,Forward,Ponte Preta,1371,723,648,Brazil,18,10,8,2,1,1,1,1,0,0,0,7,5,2,13,5,8,11,2,0.2,0.07,0.13,0.12,0.14,686,0.85,105,76,114,1371,0.79,160,197,-1,5,0,0.00,0,67,0.00,0.00,0,0,0.00,0,0,0.00,0,0.00,0.00,0.00,0,0.00,0.00,0.00,0.00,0,0.00,0.00,0.00,0.00,0.00,0.00,0.00,0.00,0.00,0.00,0.00,0.00,0.00,0.00,0.00,0.00,0.00,0.00,0.00,0,0,,0,0.00,9,0,0.00,21,0,0.00,10,3,1,16,4,0.00,99,0,0,0.00,9,0,32,0.00,14,0,0.00,99,0,0.00,0,0,0.00,0,0.00,6,0,0.00,8,0,0.00,0.00,0,0.00,0,0,0,0.00,0,0,0.00,55,0.00,0,N/A,N/A,N/A,N/A,0.00,0,0.00,0,0.00,0.00,0,0.00,0.00,21,99,0.00,0.00,0,12,12,0,0,0,0.00,0.00,0,20,0.00,0.00,0.00,0,0,0.00,0.00,99,0.00,0,0,0,0.00,0.00,0,0.00,0.00,0.00,0.00,0,0,0.00,48,56,41,77,54,0.00,0,0.00,0.00,0.00,14,0.00,0.00,1,0,0.00,0.00,0.00,0.00,4,0,0.00,13,0,2,71,0,45,2,0,0.00,99,0,0.00,0.00,0.00,0.00,0,0,0,0,0.00,0.00,0.00,0,0.00,99,0,0.00,0,0.00,99,0,0.00,0.00,32,58,30,70,0,0,0,0,0,69,72,77,69,0,99,62,10,98,9,0,10,19,0,0
Jefferson da Silva Paulino,34,690192000,1991/11/15,Serie B,2023,Goalkeeper,Ituano,3240,1620,1620,Brazil,36,18,18,0,0,0,0,0,0,0,0,11,6,5,33,14,19,1,0,0,0,0,0,0,0,0.92,98,90,3240,0,0.03,372,294,115,26,0,6.95,0,51,33.97,33.97,47,1155,24.74,841,22,24.74,43,0.00,0.00,0.06,2,0.00,0.00,0.00,0.00,0,0.00,0.00,0.00,0.00,3.15,0.00,0.00,4.18,0.00,0.00,0.00,0.03,0.00,0.00,0.00,0.00,0.12,0.00,0.00,0,0,,0,0.00,9,0,0.00,21,0,0.00,10,0,0,35,4,0.00,99,0,0,0.00,9,0,32,0.00,14,0,0.00,99,0,0.00,0,0,0.00,0,0.06,9,1,0.03,9,0,0.00,0.00,0,0.00,0,107,65,3.15,76,142,0.00,46,4.18,56,N/A,N/A,N/A,N/A,75.35,0,0.00,0,0.00,0.00,0,72.81,0.00,21,93,0.06,0.06,2,12,12,0,0,57,0.00,0.00,0,20,236.14,0.85,0.85,29,0,0.00,0.00,99,0.00,1,0,0,0.00,0.00,10,0.29,0.29,0.00,0.00,0,0,0.00,48,99,98,48,46,1.55,10,0.05,0.05,0.00,14,0.00,0.00,2,2,0.06,0.06,0.03,0.03,6,1,0.00,13,79,37,71,6,45,3,0,0.00,99,4,0.00,0.12,0.29,0.29,10,5,0,1,0.15,0.15,50.00,0,0.00,99,0,0.00,0,0.00,99,0,0.00,0.00,32,99,19,9,0,0,0,0,0,34,48,65,59,0,99,36,99,8,1,3,11,12,0,0
Jefferson Junio da Silva,29,852278400,1997/01/03,Serie B,2023,Defender,Atlético GO,920,550,370,Brazil,13,7,6,0,0,0,0,0,0,0,0,1,1,0,12,7,5,1,0,0,0,0,0,0,0,1.17,77,71,920,0,0.1,407,398,174,33,0,6.78,0,51,57.23,45.00,97,585,36.00,468,62,45.78,95,0.00,0.00,0.77,10,0.00,2.85,2.05,1.62,21,0.00,0.85,0.00,0.00,0.00,0.69,0.62,0.00,0.00,0.39,0.31,0.85,0.00,0.00,0.01,0.00,1.23,0.00,0.00,0,0,,4,0.31,26,0,0.00,21,4,0.39,42,5,2,11,88,0.00,99,0,9,0.88,56,37,63,3.62,85,0,0.00,99,0,0.00,0,0,0.00,0,0.98,62,11,1.08,56,8,0.78,72.73,0,0.00,0,0,0,0.00,0,0,0.00,19,0.00,0,N/A,N/A,N/A,N/A,0.00,0,0.00,0,0.10,0.00,0,80.00,0.00,21,45,0.46,0.59,6,72,86,0,0,0,0.08,0.10,1,31,88.12,1.23,1.57,16,0,0.00,0.00,99,0.00,0,0,0,0.00,0.00,0,0.00,0.00,0.10,0.08,1,0,0.00,48,35,24,48,19,1.57,71,0.12,0.15,0.10,27,0.01,0.01,34,8,0.62,0.78,1.27,1.00,42,13,0.01,26,47,65,71,0,62,71,0,0.00,99,16,0.00,1.57,8.90,7.00,91,53,71,48,5.18,4.08,58.24,11,1.08,22,0,24.32,0,0.00,99,9,0.69,0.88,83,42,39,89,0,0,0,0,0,34,48,65,59,0,99,2,93,16,1,8,26,6,0,0
Jenison de Jesus Brito e Brito,35,669628800,1991/03/22,Serie B,2023,Forward,Novorizontino,780,359,421,Brazil,31,14,17,0,0,0,4,2,2,0,0,14,9,5,9,3,6,3,1,0.46,0.46,0,0,0,0,1.04,87,25,195,195,0.46,389,3,-1,25,0,7.66,0.13,99,28.43,7.59,35,205,5.41,146,16,20.25,31,0.00,0.00,0.67,18,0.00,0.22,1.53,0.41,11,0.00,0.44,0.00,0.00,0.00,0.04,0.30,0.00,0.00,2.08,0.41,0.56,0.00,0.15,0.02,0.00,0.93,0.00,0.00,0,0,,15,0.56,94,4,0.55,72,11,1.53,97,6,28,3,68,0.00,99,0,1,0.14,14,6,86,0.83,49,0,0.00,99,0,0.00,0,0,0.00,0,2.50,98,15,2.08,84,8,1.11,53.33,0,0.00,0,0,0,0.00,0,0,0.00,32,0.00,0,N/A,N/A,N/A,N/A,0.00,0,0.00,0,0.50,0.00,0,71.22,26.67,36,76,0.07,0.28,2,86,59,0,0,0,0.04,0.14,1,40,206.83,0.30,1.11,8,0,0.00,0.00,99,0.00,0,0,0,0.00,0.00,0,0.00,0.00,1.11,0.30,8,0,0.00,48,27,83,48,33,3.21,99,0.12,0.45,0.50,60,0.02,0.07,21,4,0.15,0.55,2.63,0.70,94,19,0.07,58,99,50,71,0,99,99,0,0.00,99,25,0.00,3.47,16.50,4.41,119,52,95,98,7.21,1.93,43.70,12,1.66,5,0,33.33,0,0.00,99,2,0.07,0.28,57,3,99,94,0,0,0,0,0,92,48,65,59,0,99,83,24,85,2,6,19,18,0,0
Jhonnathan Espedito Coco Wagner,25,983692800,2001/03/04,Serie B,2023,Midfielder,ABC,1128,583,545,Brazil,15,8,7,0,0,0,0,0,0,0,0,3,2,1,13,5,8,4,1,0,0,0,0,0,0,1.04,87,75,226,0,0.4,532,527,-1,32,0,0.00,0,51,0.00,0.00,0,0,0.00,0,0,0.00,0,0.00,0.00,0.00,0,0.00,0.00,0.00,0.00,0,0.00,0.00,0.00,0.00,0.00,0.00,0.00,0.00,0.00,0.00,0.00,0.00,0.00,0.00,0.00,0.00,0.00,0.00,0.00,0,0,,0,0.00,9,0,0.00,21,0,0.00,10,4,2,12,4,0.00,99,0,0,0.00,9,0,32,0.00,14,0,0.00,99,0,0.00,0,0,0.00,0,0.00,6,0,0.00,8,0,0.00,0.00,0,0.00,0,0,0,0.00,0,0,0.00,32,0.00,0,N/A,N/A,N/A,N/A,0.00,0,0.00,0,0.00,0.00,0,0.00,0.00,21,99,0.00,0.00,0,12,12,0,0,0,0.00,0.00,0,20,0.00,0.00,0.00,0,0,0.00,0.00,99,0.00,0,0,0,0.00,0.00,0,0.00,0.00,0.00,0.00,0,0,0.00,48,45,30,48,33,0.00,0,0.00,0.00,0.00,14,0.00,0.00,1,0,0.00,0.00,0.00,0.00,4,0,0.00,13,0,2,71,0,45,2,0,0.00,99,0,0.00,0.00,0.00,0.00,0,0,0,0,0.00,0.00,0.00,0,0.00,99,0,0.00,0,0.00,99,0,0.00,0.00,32,47,39,83,0,0,0,0,0,34,48,65,59,0,99,12,31,78,3,0,10,26,0,0
Jhonny Lucas Flora Barbosa,25,966063600,2000/08/12,Serie B,2023,Midfielder,Vitória,102,78,24,Brazil,5,3,2,0,0,0,0,0,0,0,0,2,2,0,1,1,0,2,1,0,0,0,0,0,0,0.88,102,20,34,0,2.65,-1,-1,-1,20,0,6.37,0,51,25.87,5.75,29,23,4.50,18,51,20.25,31,0.00,0.00,0.25,1,0.00,0.25,2.25,0.50,2,0.00,0.25,0.00,0.00,0.00,0.25,0.00,0.00,0.00,1.12,0.00,0.00,0.00,0.25,0.01,0.00,0.00,0.00,0.00,0,0,,1,0.25,64,1,1.12,96,0,0.00,10,4,3,1,92,0.00,99,0,1,1.12,70,1,32,1.12,55,0,0.00,99,0,0.00,0,0,0.00,0,1.12,68,0,0.00,8,0,0.00,0.00,0,0.00,0,0,0,0.00,0,0,0.00,52,0.00,0,N/A,N/A,N/A,N/A,0.00,0,0.00,0,0.06,0.00,0,78.26,100.00,99,99,0.00,0.00,0,12,12,0,0,0,0.25,1.12,1,97,25.48,0.25,1.12,1,0,0.00,0.00,99,0.00,0,0,0,0.00,0.00,0,0.00,0.00,0.00,0.00,0,0,0.00,48,0,1,48,52,0.07,27,0.02,0.08,0.06,60,0.01,0.07,1,0,0.00,0.00,6.75,1.50,99,6,0.07,58,7,50,71,0,45,2,0,0.00,99,0,0.00,0.00,10.12,2.25,9,2,10,64,2.25,0.50,22.22,1,1.12,21,0,0.00,0,0.00,99,0,0.00,0.00,32,0,50,83,0,0,0,0,0,34,48,65,59,0,99,67,8,99,1,20,65,15,0,0
Jhony Douglas Santiago,29,856339200,1997/02/19,Serie B,2023,Midfielder,Sampaio Corrêa,824,422,402,Brazil,15,8,7,0,0,0,0,0,0,0,0,6,4,2,10,4,6,1,0,0,0,0,0,0,0,1.09,82,55,824,0,0.11,411,404,-1,36,0,6.84,0,51,47.84,29.20,84,438,24.93,374,90,40.85,86,0.00,0.00,0.20,3,0.00,0.60,2.08,1.27,19,0.00,0.20,0.00,0.00,0.00,1.67,0.27,0.00,0.00,1.42,0.67,0.27,0.00,0.20,0.03,0.00,0.73,0.00,0.00,0,0,,13,0.87,74,3,0.33,59,10,1.09,88,1,4,11,89,0.00,99,0,25,2.73,99,9,32,0.98,52,0,0.00,99,0,0.00,0,0,0.00,0,0.33,25,4,0.44,29,4,0.44,100.00,0,0.00,0,0,0,0.00,0,0,0.00,27,0.00,0,N/A,N/A,N/A,N/A,0.00,0,0.00,0,0.51,0.00,0,85.39,23.08,33,3,0.87,1.42,13,50,99,0,0,0,0.33,0.55,5,83,102.56,0.80,1.31,12,0,0.00,0.00,99,0.00,0,0,0,0.00,0.00,0,0.00,0.00,0.00,0.00,0,0,0.00,48,29,30,48,27,0.93,45,0.06,0.10,0.51,56,0.03,0.06,33,7,0.47,0.76,2.95,1.80,97,27,0.06,54,59,56,71,0,45,58,0,0.00,99,11,0.00,1.20,10.38,6.33,95,41,50,69,4.48,2.73,43.16,3,0.33,68,0,0.00,0,0.00,99,0,0.00,0.00,32,42,56,33,0,0,0,0,0,34,48,65,59,0,99,67,91,18,1,7,20,5,0,0
João Afonso,31,792316800,1995/02/09,Serie B,2023,Midfielder,Novorizontino,82,17,65,Brazil,5,3,2,0,0,0,0,0,0,0,0,3,2,1,0,0,0,1,0,0,0,0,0,0,0,0,0,16,82,0,1.1,-1,-1,-1,13,0,4.76,0,51,54.51,10.75,94,43,8.75,35,70,44.37,93,0.00,0.00,0.00,0,0.00,0.00,0.00,0.00,0,0.00,0.00,0.00,0.00,0.00,0.00,0.00,0.00,0.00,1.27,0.25,0.00,0.00,0.00,0.01,0.00,0.25,0.00,0.00,0,0,,1,0.25,69,0,0.00,21,1,1.27,94,3,3,1,4,0.00,99,0,0,0.00,9,0,32,0.00,14,0,0.00,99,0,0.00,0,0,0.00,0,0.00,6,0,0.00,8,0,0.00,0.00,0,0.00,0,0,0,0.00,0,0,0.00,99,0.00,0,N/A,N/A,N/A,N/A,0.00,0,0.00,0,0.03,0.00,0,81.40,0.00,21,5,0.25,1.27,1,12,12,0,0,0,0.00,0.00,0,20,19.03,0.75,3.80,3,0,0.00,0.00,99,0.00,0,0,0,0.00,0.00,0,0.00,0.00,0.00,0.00,0,0,0.00,48,0,1,48,0,0.08,45,0.02,0.10,0.03,49,0.01,0.04,1,0,0.00,0.00,1.27,0.25,42,1,0.04,47,0,88,71,0,45,61,0,0.00,99,1,0.00,1.27,7.61,1.50,6,1,8,34,1.27,0.25,16.67,0,0.00,99,0,0.00,0,0.00,99,0,0.00,0.00,32,0,50,70,0,0,0,0,0,34,48,65,59,0,99,97,8,99,1,20,65,21,0,0
João Carlos Barros Lopes,24,993106800,2001/06/21,Serie B,2023,Forward,Criciúma,291,212,79,Brazil,16,10,6,0,0,0,1,1,0,0,0,6,6,0,1,1,0,0,0,0.31,0.31,0,0,0,0,0.31,291,18,0,291,0,517,13,-1,24,0,6.29,0.06,98,24.04,4.93,23,74,3.47,52,14,16.90,22,0.00,0.00,0.33,5,0.00,0.60,1.30,0.27,4,0.00,0.27,0.00,0.00,0.00,0.20,0.40,0.00,0.00,2.92,0.33,0.67,0.00,0.27,0.03,0.00,0.53,0.00,0.00,0,0,,9,0.60,99,4,1.30,99,5,1.62,98,1,14,1,57,0.00,99,0,3,0.97,61,9,57,2.92,77,0,0.00,99,0,0.00,0,0,0.00,0,1.62,86,10,3.25,95,6,1.95,60.00,0,0.00,0,0,0,0.00,0,0,0.00,99,0.00,0,N/A,N/A,N/A,N/A,0.00,0,0.00,0,0.43,0.00,0,70.27,44.44,69,18,0.20,0.97,3,96,73,0,0,0,0.00,0.00,0,20,94.40,0.07,0.32,1,0,0.00,0.00,99,0.00,0,0,0,0.00,0.00,0,0.00,0.00,0.32,0.07,1,1,0.00,48,0,34,48,99,0.86,97,0.06,0.28,0.43,78,0.03,0.14,76,6,0.40,1.95,2.92,0.60,97,9,0.14,76,6,13,71,0,85,94,0,0.00,99,8,0.00,2.60,16.25,3.33,50,24,98,97,7.80,1.60,48.00,4,1.30,15,0,22.22,0,0.00,99,2,0.13,0.65,75,0,93,33,0,0,0,0,0,83,48,65,59,0,99,59,8,8,0,0,10,18,0,0
João Diogo Jennings,27,916214400,1999/01/13,Serie B,2023,Forward,Sampaio Corrêa,55,55,0,Brazil,2,2,0,0,0,0,0,0,0,0,0,0,0,0,0,0,0,0,0,0,0,0,0,0,0,0,0,28,0,0,0,-1,-1,-1,28,0,6.71,0,51,29.45,9.00,37,18,7.00,14,49,22.91,39,0.00,0.00,1.50,3,0.00,1.00,1.64,0.50,1,0.00,0.00,0.00,0.00,0.00,0.00,0.50,0.00,0.00,0.00,0.00,0.50,0.00,0.00,0.00,0.00,0.50,0.00,0.00,0,0,,0,0.00,9,0,0.00,21,0,0.00,10,0,2,0,73,0.00,99,0,0,0.00,9,2,97,3.27,82,0,0.00,99,0,0.00,0,0,0.00,0,4.91,99,1,1.64,74,1,1.64,100.00,0,0.00,0,0,0,0.00,0,0,0.00,99,0.00,0,N/A,N/A,N/A,N/A,0.00,0,0.00,0,0.00,0.00,0,77.78,0.00,21,2,0.50,1.64,1,95,99,0,0,0,0.50,1.64,1,99,13.41,0.50,1.64,1,0,0.00,0.00,99,0.00,0,0,0,0.00,0.00,0,0.00,0.00,0.00,0.00,0,0,0.00,48,0,0,48,0,0.14,92,0.07,0.23,0.00,14,0.00,0.00,1,0,0.00,0.00,1.64,0.50,62,1,0.00,13,32,66,71,0,45,73,0,0.00,99,1,0.00,1.64,9.82,3.00,6,3,64,61,4.91,1.50,50.00,0,0.00,99,0,50.00,0,0.00,99,1,0.50,1.64,96,0,39,9,0,0,0,0,0,34,48,65,59,0,99,1,8,8,0,0,10,5,0,0
João Gabriel Vasconcelos Pinto,21,1109232000,2005/02/24,Serie B,2023,Defender,Ponte Preta,0,0,0,Brazil,0,0,0,0,0,0,0,0,0,0,0,0,0,0,0,0,0,0,0,0,0,0,0,0,0,0,0,0,0,0,0,-1,-1,-1,-1,N/A,N/A,N/A,N/A,N/A,N/A,N/A,N/A,N/A,N/A,N/A,N/A,N/A,N/A,N/A,N/A,N/A,N/A,N/A,N/A,N/A,N/A,N/A,N/A,N/A,N/A,N/A,N/A,N/A,N/A,N/A,N/A,N/A,N/A,N/A,N/A,N/A,N/A,N/A,N/A,N/A,N/A,N/A,N/A,N/A,N/A,N/A,N/A,N/A,N/A,N/A,N/A,N/A,N/A,N/A,N/A,N/A,N/A,N/A,N/A,N/A,N/A,N/A,N/A,N/A,N/A,N/A,N/A,N/A,N/A,N/A,N/A,N/A,N/A,N/A,N/A,N/A,N/A,N/A,N/A,N/A,N/A,N/A,N/A,N/A,N/A,N/A,N/A,N/A,N/A,N/A,N/A,N/A,N/A,N/A,N/A,N/A,N/A,N/A,N/A,N/A,N/A,N/A,N/A,N/A,N/A,N/A,N/A,N/A,N/A,N/A,N/A,N/A,N/A,N/A,N/A,N/A,N/A,N/A,N/A,N/A,N/A,N/A,N/A,N/A,N/A,N/A,N/A,N/A,N/A,N/A,N/A,N/A,N/A,N/A,N/A,N/A,N/A,N/A,N/A,N/A,N/A,N/A,N/A,N/A,N/A,N/A,N/A,N/A,N/A,N/A,N/A,N/A,N/A,N/A,N/A,N/A,N/A,N/A,N/A,N/A,N/A,N/A,N/A,N/A,N/A,N/A,N/A,N/A,N/A,N/A,N/A,N/A,N/A,N/A,N/A,N/A,N/A,N/A,N/A,N/A,N/A,N/A,N/A,N/A,N/A,N/A,N/A,N/A,N/A,N/A,N/A,N/A,N/A,N/A,N/A,N/A,N/A,N/A,N/A,N/A,N/A,N/A,N/A,N/A,N/A,N/A,N/A,N/A,N/A,N/A,N/A,N/A,N/A,N/A,N/A,N/A,N/A,N/A,N/A,N/A,N/A,N/A,N/A
João Henrique Oliveira Veras,25,972543600,2000/10/26,Serie B,2023,Forward,Botafogo SP,52,13,39,Brazil,5,3,2,0,0,0,0,0,0,0,0,2,2,0,1,0,1,0,0,0,0,0,0,0,0,1.73,52,10,0,0,0,-1,-1,-1,26,0,5.14,0,51,34.62,4.00,49,20,3.40,17,88,29.42,56,0.00,0.00,0.40,2,0.00,0.00,0.00,0.00,0,0.00,0.00,0.00,0.00,0.00,0.00,0.20,0.00,0.00,0.00,0.00,0.40,0.00,0.00,0.00,0.00,0.40,0.00,0.00,0,0,,0,0.00,9,0,0.00,21,0,0.00,10,0,5,0,4,0.00,99,0,0,0.00,9,0,32,0.00,14,0,0.00,99,0,0.00,0,0,0.00,0,3.46,99,2,3.46,96,1,1.73,50.00,0,0.00,0,0,0,0.00,0,0,0.00,1,0.00,0,N/A,N/A,N/A,N/A,0.00,0,0.00,0,0.00,0.00,0,85.00,0.00,21,2,0.20,1.73,1,95,55,0,0,0,0.00,0.00,0,20,25.69,0.40,3.46,2,0,0.00,0.00,99,0.00,0,0,0,0.00,0.00,0,0.00,0.00,0.00,0.00,0,0,0.00,48,0,1,48,2,0.13,92,0.03,0.23,0.00,14,0.00,0.00,1,0,0.00,0.00,1.73,0.20,67,1,0.00,13,0,85,71,0,45,98,0,0.00,99,2,0.00,3.46,15.58,1.80,9,3,71,97,5.19,0.60,33.33,0,0.00,99,0,0.00,0,0.00,99,0,0.00,0.00,32,0,64,9,0,0,0,0,0,34,48,65,59,0,99,67,8,8,0,0,10,19,0,0
João Igor Oliveira de Santana,30,826790400,1996/03/14,Serie B,2023,Midfielder,Chapecoense,37,0,37,Brazil,2,0,2,0,0,0,0,0,0,0,0,0,0,0,2,0,2,0,0,0,0,0,0,0,0,4.86,19,19,0,0,0,-1,-1,-1,27,0,6.27,0,51,60.81,12.50,99,25,11.50,23,99,55.95,99,0.00,0.00,0.00,0,0.00,0.00,0.00,0.00,0,0.00,0.50,0.00,0.00,0.00,0.00,0.00,0.00,0.00,2.43,0.50,0.50,0.00,0.00,0.01,0.00,0.00,0.00,0.00,0,0,,1,0.50,98,0,0.00,21,1,2.43,99,0,2,0,4,0.00,99,0,0,0.00,9,0,32,0.00,14,0,0.00,99,0,0.00,0,0,0.00,0,0.00,6,1,2.43,88,0,0.00,0.00,0,0.00,0,0,0,0.00,0,0,0.00,0,0.00,0,N/A,N/A,N/A,N/A,0.00,0,0.00,0,0.03,0.00,0,92.00,0.00,21,0,0.50,2.43,1,12,12,0,0,0,0.00,0.00,0,20,12.54,0.00,0.00,0,0,0.00,0.00,99,0.00,0,0,0,0.00,0.00,0,0.00,0.00,0.00,0.00,0,0,0.00,48,0,0,48,0,0.05,55,0.03,0.12,0.03,60,0.01,0.07,1,0,0.00,0.00,2.43,0.50,90,1,0.07,58,5,2,71,0,45,2,0,0.00,99,0,0.00,0.00,9.73,2.00,4,0,0,60,0.00,0.00,0.00,1,2.43,1,0,0.00,0,0.00,99,0,0.00,0.00,32,0,39,9,0,0,0,0,0,34,48,65,59,0,99,1,8,8,0,0,10,28,0,0
João Lucas Vilela de Sousa,25,966582000,2000/08/18,Serie B,2023,Midfielder,Vila Nova,96,52,44,Brazil,3,2,1,0,0,0,0,0,0,0,0,0,0,0,1,1,0,1,0,0,0,0,0,0,0,0.94,96,32,96,0,0.94,-1,-1,-1,18,0,6.62,0,51,43.27,12.50,74,25,10.00,20,62,34.62,71,0.00,0.00,0.00,0,0.00,0.50,0.00,0.00,0,0.00,0.00,0.00,0.00,0.00,0.50,1.00,0.00,0.00,1.73,0.50,1.50,0.00,0.00,0.01,0.00,0.00,0.00,0.00,0,0,,1,0.50,84,0,0.00,21,1,1.73,99,4,2,0,4,0.00,99,0,1,1.73,94,1,32,1.73,63,0,0.00,99,0,0.00,0,0,0.00,0,0.00,6,3,5.19,99,2,3.46,66.67,0,0.00,0,0,0,0.00,0,0,0.00,43,0.00,0,N/A,N/A,N/A,N/A,0.00,0,0.00,0,0.02,0.00,0,80.00,0.00,21,99,0.00,0.00,0,99,83,0,0,0,0.00,0.00,0,20,13.25,0.00,0.00,0,0,0.00,0.00,99,0.00,0,0,0,0.00,0.00,0,0.00,0.00,0.00,0.00,0,0,0.00,48,0,0,48,43,0.04,19,0.02,0.07,0.02,45,0.01,0.03,99,4,2.00,6.92,1.73,0.50,67,1,0.03,43,19,2,71,0,45,2,0,0.00,99,0,0.00,0.00,13.85,4.00,8,6,99,93,10.38,3.00,75.00,0,0.00,99,0,0.00,0,0.00,99,0,0.00,0.00,32,0,39,83,0,0,0,0,0,34,48,65,59,0,99,1,9,99,1,33,92,8,0,0
João Natailton Ramos dos Santos,37,599040000,1988/12/25,Serie B,2023,Forward,Novorizontino,84,72,12,Russia,5,3,2,0,0,0,0,0,0,0,0,0,0,0,0,0,0,0,0,0,0,0,0,0,0,0,0,17,0,0,0,-1,-1,-1,15,0,6.35,0,51,41.79,7.80,69,39,5.20,26,8,27.86,52,0.00,0.00,0.40,2,0.00,1.20,0.00,0.00,0,0.00,0.20,0.00,0.00,0.00,0.20,0.00,0.00,0.00,1.07,0.20,0.20,0.00,0.00,0.00,0.00,0.00,0.00,0.00,0,0,,1,0.20,63,0,0.00,21,1,1.07,88,0,5,0,4,0.00,99,0,1,1.07,66,6,32,6.43,97,0,0.00,99,0,0.00,0,0,0.00,0,2.14,95,1,1.07,55,0,0.00,0.00,0,0.00,0,0,0,0.00,0,0,0.00,99,0.00,0,N/A,N/A,N/A,N/A,0.00,0,0.00,0,0.02,0.00,0,66.67,0.00,21,1,0.40,2.14,2,12,12,0,0,0,0.00,0.00,0,20,31.74,0.20,1.07,1,0,0.00,0.00,99,0.00,0,0,0,0.00,0.00,0,0.00,0.00,0.00,0.00,0,0,0.00,48,0,1,48,0,0.13,68,0.03,0.14,0.02,38,0.00,0.02,80,2,0.40,2.14,3.21,0.60,99,3,0.02,37,7,48,71,0,45,2,0,0.00,99,0,0.00,0.00,11.79,2.20,11,2,9,82,2.14,0.40,18.18,1,1.07,23,0,0.00,0,0.00,99,0,0.00,0.00,32,0,64,9,0,0,0,0,0,34,48,65,59,0,99,1,8,8,0,0,10,22,0,0
João Paulo da Silva,41,477907200,1985/02/22,Serie B,2023,Midfielder,Londrina,2853,1395,1458,Brazil,33,16,17,7,6,1,3,3,0,5,0,8,6,2,48,14,34,10,0,0.32,0.09,0.22,0.39,0.06,408,1.51,59,86,285,951,0.32,85,150,-1,1,0,7.27,0.09,74,53.69,51.58,94,1702,43.97,1451,89,45.77,95,0.00,0.00,1.73,57,0.00,5.88,0.95,0.91,30,0.00,0.30,0.00,0.00,0.00,1.18,0.15,0.00,4.57,1.01,0.48,0.18,0.00,0.48,0.17,0.00,0.64,0.00,0.00,0,0,,32,0.97,61,16,0.50,70,16,0.50,54,3,0,33,39,0.00,99,0,39,1.23,76,194,68,6.12,97,0,0.00,99,0,0.00,0,0,0.00,0,1.80,91,6,0.19,19,5,0.16,83.33,0,0.00,0,0,0,0.00,0,0,0.00,4,0.00,0,N/A,N/A,N/A,N/A,0.00,0,0.00,0,5.57,0.00,0,85.25,50.00,83,30,0.73,0.76,24,24,93,5,0,0,0.45,0.47,15,78,239.84,1.24,1.29,41,0,0.00,0.00,99,0.00,0,5,1,0.03,0.03,0,0.00,0.00,0.03,0.03,1,0,21.88,91,94,90,63,4,7.02,91,0.21,0.22,2.07,60,0.06,0.07,38,28,0.85,0.88,1.26,1.21,40,40,0.18,84,98,55,73,0,46,30,0,0.00,99,21,0.00,0.66,5.71,5.48,181,84,13,14,2.65,2.55,46.41,10,0.32,69,0,25.26,0,0.00,99,49,1.48,1.55,95,94,19,70,0,0,0,0,0,84,86,66,92,0,99,19,46,63,10,30,86,5,0,0
Joao Paulo da Silva Alves,35,644482800,1990/06/04,Serie B,2023,Midfielder,CRB,2802,1530,1272,Brazil,35,19,16,5,5,0,2,2,0,0,0,14,10,4,25,10,15,7,0,0.22,0.06,0.16,0.29,0,560,0.8,112,80,400,1401,0.22,129,208,-1,3,0,6.84,0.06,63,35.86,32.32,51,1099,26.12,888,67,28.98,55,0.00,0.00,1.56,53,0.00,2.91,1.44,1.29,44,0.00,1.35,0.00,0.00,0.00,0.50,0.97,0.00,11.80,1.93,0.94,1.82,0.00,0.79,0.16,0.00,0.29,0.00,0.00,0,0,,59,1.74,90,27,0.88,90,32,1.04,87,2,0,34,63,0.00,99,0,17,0.55,39,99,73,3.23,82,0,0.00,99,0,0.00,0,0,0.00,0,1.73,89,62,2.02,83,33,1.08,53.23,0,0.00,0,0,0,0.00,0,0,0.00,63,0.00,0,N/A,N/A,N/A,N/A,0.00,0,0.00,0,5.28,0.00,0,80.80,45.76,71,48,0.50,0.55,17,85,58,0,0,0,0.12,0.13,4,38,232.70,0.26,0.29,9,0,0.00,0.00,99,0.00,0,0,2,0.06,0.07,0,0.00,0.00,0.26,0.24,8,0,8.47,63,93,95,72,63,5.53,83,0.16,0.18,5.28,84,0.16,0.17,77,62,1.82,2.02,1.31,1.18,45,40,0.17,82,59,11,88,0,82,14,0,0.00,99,10,0.00,0.33,9.95,8.97,305,149,63,63,4.86,4.38,48.85,46,1.50,10,0,27.27,0,0.00,99,27,0.79,0.88,83,97,19,53,0,0,0,0,0,72,77,65,88,0,99,67,62,46,7,20,65,18,0,0
João Paulo Ferreira Lourenço,28,873615600,1997/09/07,Serie B,2023,Midfielder,Vila Nova,2584,1208,1376,Brazil,34,16,18,3,2,1,3,3,0,0,0,13,8,5,18,6,12,9,0,0.21,0.1,0.1,0.15,0.07,861,0.63,144,76,287,861,0.31,195,134,-1,6,0,7.26,0.09,76,35.79,30.44,51,974,24.84,795,71,29.22,55,0.00,0.00,2.03,65,0.00,3.97,1.21,1.03,33,0.00,0.59,0.00,0.00,0.00,0.78,0.56,0.00,14.67,1.62,0.81,0.84,0.00,0.56,0.11,0.00,0.81,0.00,0.00,0,0,,44,1.38,81,18,0.66,76,26,0.96,84,4,1,31,52,0.00,99,0,25,0.92,58,127,88,4.67,91,0,0.00,99,0,0.00,0,0,0.00,0,2.39,96,27,0.99,51,18,0.66,66.67,0,0.00,0,0,0,0.00,0,0,0.00,85,0.00,0,N/A,N/A,N/A,N/A,0.00,0,0.00,0,3.52,0.00,0,81.62,40.91,61,48,0.47,0.55,15,65,83,0,0,0,0.34,0.40,11,74,232.43,0.81,0.96,26,0,0.00,0.00,99,0.00,0,0,1,0.03,0.04,0,0.00,0.00,0.07,0.06,2,0,6.82,57,89,92,84,85,6.04,91,0.19,0.22,3.52,76,0.11,0.13,61,42,1.31,1.54,1.51,1.28,56,41,0.13,73,97,40,79,0,55,46,0,0.00,99,26,0.00,0.96,8.34,7.09,227,119,48,40,4.37,3.72,52.42,19,0.70,44,0,36.22,0,0.00,99,46,1.44,1.69,97,91,30,83,0,0,0,0,0,71,65,68,72,0,99,59,47,61,7,21,67,10,0,0
João Paulo Ribeiro Sovinski,25,984038400,2001/03/08,Serie B,2023,Goalkeeper,Chapecoense,584,360,224,Brazil,7,4,3,0,0,0,1,0,1,0,0,0,0,0,5,3,2,0,0,0.15,0.15,0,0,0,0,0.77,117,83,0,584,0,391,86,70,34,0,6.94,0.14,85,23.73,22.00,22,154,12.14,85,0,13.10,10,0.00,0.00,0.14,1,0.00,0.00,0.00,0.00,0,0.00,0.00,0.00,0.00,2.86,0.00,0.00,4.14,0.00,0.00,0.00,0.00,0.00,0.00,0.00,0.00,0.00,0.00,0.00,0,0,,0,0.00,9,0,0.00,21,0,0.00,10,0,1,6,4,0.00,99,0,0,0.00,9,0,32,0.00,14,0,0.00,99,0,0.00,0,0,0.00,0,0.15,14,0,0.00,8,0,0.00,0.00,0,0.00,0,20,26,3.08,65,29,0.00,66,4.47,94,N/A,N/A,N/A,N/A,68.97,0,0.00,0,0.00,0.00,0,55.19,0.00,21,99,0.00,0.00,0,12,12,0,0,10,0.00,0.00,0,20,48.59,1.43,1.54,10,1,0.00,0.15,1,0.14,1,0,0,0.00,0.00,6,0.86,0.92,0.00,0.00,0,0,0.00,48,15,4,48,66,0.76,55,0.11,0.12,0.00,14,0.00,0.00,6,1,0.14,0.15,0.15,0.14,7,1,0.00,13,78,63,71,88,45,2,0,0.00,99,0,0.00,0.00,0.46,0.43,3,1,0,3,0.15,0.14,33.33,0,0.00,99,0,0.00,0,0.00,99,0,0.00,0.00,32,17,30,9,0,0,0,0,0,60,48,65,59,0,99,1,8,8,0,0,10,12,0,0
João Pedro Celeri Machado,26,928738800,1999/06/07,Serie B,2023,Forward,Vila Nova,8,8,0,Brazil,2,2,0,0,0,0,0,0,0,0,0,2,2,0,0,0,0,0,0,0,0,0,0,0,0,0,0,4,0,0,0,-1,-1,-1,22,0,0.00,0,51,0.00,0.00,0,0,0.00,0,0,0.00,0,0.00,0.00,0.00,0,0.00,0.00,0.00,0.00,0,0.00,0.00,0.00,0.00,0.00,0.00,0.00,0.00,0.00,0.00,0.00,0.00,0.00,0.00,0.00,0.00,0.00,0.00,0.00,0,0,,0,0.00,9,0,0.00,21,0,0.00,10,0,2,0,4,0.00,99,0,0,0.00,9,0,32,0.00,14,0,0.00,99,0,0.00,0,0,0.00,0,0.00,6,0,0.00,8,0,0.00,0.00,0,0.00,0,0,0,0.00,0,0,0.00,99,0.00,0,N/A,N/A,N/A,N/A,0.00,0,0.00,0,0.00,0.00,0,0.00,0.00,21,99,0.00,0.00,0,12,12,0,0,0,0.00,0.00,0,20,0.00,0.00,0.00,0,0,0.00,0.00,99,0.00,0,0,0,0.00,0.00,0,0.00,0.00,0.00,0.00,0,0,0.00,48,0,0,48,0,0.00,0,0.00,0.00,0.00,14,0.00,0.00,1,0,0.00,0.00,0.00,0.00,4,0,0.00,13,0,2,71,0,45,2,0,0.00,99,0,0.00,0.00,0.00,0.00,0,0,0,0,0.00,0.00,0.00,0,0.00,99,0,0.00,0,0.00,99,0,0.00,0.00,32,0,39,9,0,0,0,0,0,34,48,65,59,0,99,99,8,8,0,0,10,23,0,0
João Pedro de Paula Amaro Sousa,21,1105084800,2005/01/07,Serie B,2023,Defender,Ituano,0,0,0,Brazil,0,0,0,0,0,0,0,0,0,0,0,0,0,0,0,0,0,0,0,0,0,0,0,0,0,0,0,0,0,0,0,-1,-1,-1,-1,N/A,N/A,N/A,N/A,N/A,N/A,N/A,N/A,N/A,N/A,N/A,N/A,N/A,N/A,N/A,N/A,N/A,N/A,N/A,N/A,N/A,N/A,N/A,N/A,N/A,N/A,N/A,N/A,N/A,N/A,N/A,N/A,N/A,N/A,N/A,N/A,N/A,N/A,N/A,N/A,N/A,N/A,N/A,N/A,N/A,N/A,N/A,N/A,N/A,N/A,N/A,N/A,N/A,N/A,N/A,N/A,N/A,N/A,N/A,N/A,N/A,N/A,N/A,N/A,N/A,N/A,N/A,N/A,N/A,N/A,N/A,N/A,N/A,N/A,N/A,N/A,N/A,N/A,N/A,N/A,N/A,N/A,N/A,N/A,N/A,N/A,N/A,N/A,N/A,N/A,N/A,N/A,N/A,N/A,N/A,N/A,N/A,N/A,N/A,N/A,N/A,N/A,N/A,N/A,N/A,N/A,N/A,N/A,N/A,N/A,N/A,N/A,N/A,N/A,N/A,N/A,N/A,N/A,N/A,N/A,N/A,N/A,N/A,N/A,N/A,N/A,N/A,N/A,N/A,N/A,N/A,N/A,N/A,N/A,N/A,N/A,N/A,N/A,N/A,N/A,N/A,N/A,N/A,N/A,N/A,N/A,N/A,N/A,N/A,N/A,N/A,N/A,N/A,N/A,N/A,N/A,N/A,N/A,N/A,N/A,N/A,N/A,N/A,N/A,N/A,N/A,N/A,N/A,N/A,N/A,N/A,N/A,N/A,N/A,N/A,N/A,N/A,N/A,N/A,N/A,N/A,N/A,N/A,N/A,N/A,N/A,N/A,N/A,N/A,N/A,N/A,N/A,N/A,N/A,N/A,N/A,N/A,N/A,N/A,N/A,N/A,N/A,N/A,N/A,N/A,N/A,N/A,N/A,N/A,N/A,N/A,N/A,N/A,N/A,N/A,N/A,N/A,N/A,N/A,N/A,N/A,N/A,N/A,N/A
João Pedro Mendes Santos,26,936342000,1999/09/03,Serie B,2023,Midfielder,Tombense,2101,899,1202,Brazil,28,12,16,1,0,1,1,0,1,0,0,5,2,3,31,13,18,8,1,0.09,0.04,0.04,0,0.07,2101,1.33,68,75,263,2101,0.34,258,244,-1,9,0,6.80,0.04,57,41.31,34.19,68,923,29.78,804,96,35.98,76,0.00,0.00,0.67,18,0.00,0.63,1.39,1.15,31,0.00,0.52,0.00,0.00,0.00,0.93,0.85,0.00,10.00,0.45,0.22,1.22,0.00,0.15,0.04,0.00,0.63,0.00,0.00,0,0,,10,0.37,31,4,0.18,42,6,0.27,27,3,2,25,60,0.00,99,0,25,1.12,70,17,60,0.76,48,0,0.00,99,0,0.00,0,0,0.00,0,0.81,52,33,1.48,69,23,1.03,69.70,0,0.00,0,0,0,0.00,0,0,0.00,10,0.00,0,N/A,N/A,N/A,N/A,0.00,0,0.00,0,0.97,0.00,0,87.11,40.00,60,20,0.78,0.94,21,83,85,0,0,0,0.30,0.36,8,70,183.55,0.78,0.94,21,1,0.00,0.04,12,0.04,0,0,0,0.00,0.00,0,0.00,0.00,0.13,0.11,3,1,10.00,68,78,73,97,11,2.86,61,0.11,0.13,0.97,49,0.04,0.04,43,24,0.89,1.07,2.42,2.00,90,54,0.04,47,52,39,71,0,68,36,0,0.00,99,17,0.00,0.76,9.35,7.74,209,95,44,55,4.25,3.52,45.45,14,0.63,48,0,23.53,0,0.00,99,4,0.15,0.18,51,80,39,70,0,0,0,0,0,48,52,68,59,0,99,9,34,75,7,25,79,8,0,0
João Pedro Quintino da Silva,23,1031554800,2002/09/09,Serie B,2023,Defender,Guarani,0,0,0,Brazil,0,0,0,0,0,0,0,0,0,0,0,0,0,0,0,0,0,0,0,0,0,0,0,0,0,0,0,0,0,0,0,-1,-1,-1,-1,N/A,N/A,N/A,N/A,N/A,N/A,N/A,N/A,N/A,N/A,N/A,N/A,N/A,N/A,N/A,N/A,N/A,N/A,N/A,N/A,N/A,N/A,N/A,N/A,N/A,N/A,N/A,N/A,N/A,N/A,N/A,N/A,N/A,N/A,N/A,N/A,N/A,N/A,N/A,N/A,N/A,N/A,N/A,N/A,N/A,N/A,N/A,N/A,N/A,N/A,N/A,N/A,N/A,N/A,N/A,N/A,N/A,N/A,N/A,N/A,N/A,N/A,N/A,N/A,N/A,N/A,N/A,N/A,N/A,N/A,N/A,N/A,N/A,N/A,N/A,N/A,N/A,N/A,N/A,N/A,N/A,N/A,N/A,N/A,N/A,N/A,N/A,N/A,N/A,N/A,N/A,N/A,N/A,N/A,N/A,N/A,N/A,N/A,N/A,N/A,N/A,N/A,N/A,N/A,N/A,N/A,N/A,N/A,N/A,N/A,N/A,N/A,N/A,N/A,N/A,N/A,N/A,N/A,N/A,N/A,N/A,N/A,N/A,N/A,N/A,N/A,N/A,N/A,N/A,N/A,N/A,N/A,N/A,N/A,N/A,N/A,N/A,N/A,N/A,N/A,N/A,N/A,N/A,N/A,N/A,N/A,N/A,N/A,N/A,N/A,N/A,N/A,N/A,N/A,N/A,N/A,N/A,N/A,N/A,N/A,N/A,N/A,N/A,N/A,N/A,N/A,N/A,N/A,N/A,N/A,N/A,N/A,N/A,N/A,N/A,N/A,N/A,N/A,N/A,N/A,N/A,N/A,N/A,N/A,N/A,N/A,N/A,N/A,N/A,N/A,N/A,N/A,N/A,N/A,N/A,N/A,N/A,N/A,N/A,N/A,N/A,N/A,N/A,N/A,N/A,N/A,N/A,N/A,N/A,N/A,N/A,N/A,N/A,N/A,N/A,N/A,N/A,N/A,N/A,N/A,N/A,N/A,N/A,N/A
João Pedro Rodrigues da Silva Pereira,29,836031600,1996/06/29,Serie B,2023,Forward,Vila Nova,26,26,0,Brazil,2,2,0,0,0,0,0,0,0,0,0,1,1,0,1,1,0,0,0,0,0,0,0,0,0,3.46,26,13,0,0,0,-1,-1,-1,32,0,13.00,0,51,270.00,9.00,99,9,9.00,9,99,270.00,99,0.00,0.00,0.00,0,0.00,1.00,0.00,0.00,0,0.00,0.00,0.00,0.00,0.00,0.00,0.00,0.00,0.00,30.00,0.00,2.00,0.00,1.00,0.06,0.00,0.00,0.00,0.00,0,0,,1,1.00,99,1,30.00,99,0,0.00,10,0,2,0,4,0.00,99,0,0,0.00,9,1,32,30.00,99,0,0.00,99,0,0.00,0,0,0.00,0,0.00,6,2,60.00,99,0,0.00,0.00,0,0.00,0,0,0,0.00,0,0,0.00,0,0.00,0,N/A,N/A,N/A,N/A,0.00,0,0.00,0,0.06,0.00,0,100.00,100.00,99,0,1.00,30.00,1,12,12,0,0,0,0.00,0.00,0,20,13.00,1.00,30.00,1,0,0.00,0.00,99,0.00,0,0,0,0.00,0.00,0,0.00,0.00,30.00,1.00,1,0,0.00,48,0,0,48,0,0.02,99,0.02,0.60,0.06,99,0.06,1.80,99,2,2.00,60.00,30.00,1.00,99,1,1.80,99,99,99,71,0,99,2,0,0.00,99,0,0.00,0.00,180.00,6.00,6,2,99,99,60.00,2.00,33.33,0,0.00,99,0,0.00,0,0.00,99,0,0.00,0.00,32,0,39,9,0,0,0,0,0,34,48,65,59,0,99,92,8,8,0,0,10,21,0,0
João Victor Araújo Maranini,23,1027148400,2002/07/20,Serie B,2023,Defender,Botafogo SP,17,17,0,Brazil,1,1,0,0,0,0,0,0,0,0,0,0,0,0,0,0,0,0,0,0,0,0,0,0,0,0,0,17,0,0,0,-1,-1,-1,17,N/A,N/A,N/A,N/A,N/A,N/A,N/A,N/A,N/A,N/A,N/A,N/A,N/A,N/A,N/A,N/A,N/A,N/A,N/A,N/A,N/A,N/A,N/A,N/A,N/A,N/A,N/A,N/A,N/A,N/A,N/A,N/A,N/A,N/A,N/A,N/A,N/A,N/A,N/A,N/A,N/A,N/A,N/A,N/A,N/A,N/A,N/A,N/A,N/A,N/A,N/A,N/A,N/A,N/A,N/A,N/A,N/A,N/A,N/A,N/A,N/A,N/A,N/A,N/A,N/A,N/A,N/A,N/A,N/A,N/A,N/A,N/A,N/A,N/A,N/A,N/A,N/A,N/A,N/A,N/A,N/A,N/A,N/A,N/A,N/A,N/A,N/A,N/A,N/A,N/A,N/A,N/A,N/A,N/A,N/A,N/A,N/A,N/A,N/A,N/A,N/A,N/A,N/A,N/A,N/A,N/A,N/A,N/A,N/A,N/A,N/A,N/A,N/A,N/A,N/A,N/A,N/A,N/A,N/A,N/A,N/A,N/A,N/A,N/A,N/A,N/A,N/A,N/A,N/A,N/A,N/A,N/A,N/A,N/A,N/A,N/A,N/A,N/A,N/A,N/A,N/A,N/A,N/A,N/A,N/A,N/A,N/A,N/A,N/A,N/A,N/A,N/A,N/A,N/A,N/A,N/A,N/A,N/A,N/A,N/A,N/A,N/A,N/A,N/A,N/A,N/A,N/A,N/A,N/A,N/A,N/A,N/A,N/A,N/A,N/A,N/A,N/A,N/A,N/A,N/A,N/A,N/A,N/A,N/A,N/A,N/A,N/A,N/A,N/A,N/A,N/A,N/A,N/A,N/A,N/A,N/A,N/A,N/A,N/A,N/A,N/A,N/A,N/A,N/A,N/A,N/A,N/A,N/A,N/A,N/A,N/A,N/A,N/A,N/A,N/A,N/A,N/A,N/A,N/A,N/A,N/A,N/A,N/A,N/A
João Victor Carroll Santana,28,873183600,1997/09/02,Serie B,2023,Defender,Vitória,974,216,758,Brazil,16,5,11,0,0,0,0,0,0,0,0,7,4,3,11,0,11,4,0,0,0,0,0,0,0,1.02,89,61,244,0,0.37,480,471,142,31,0,6.94,0,51,50.19,32.87,88,493,29.13,437,99,44.49,93,0.00,0.00,0.13,2,0.00,0.00,0.61,0.40,6,0.00,0.07,0.00,0.00,0.00,0.67,0.00,0.00,0.00,0.71,0.40,0.07,0.00,0.07,0.02,0.00,1.47,0.00,0.00,0,0,,7,0.47,50,1,0.10,30,6,0.61,64,3,7,8,22,0.00,99,0,10,1.02,64,0,32,0.00,14,0,0.00,99,0,0.00,0,0,0.00,0,0.20,16,1,0.10,12,0,0.00,0.00,0,0.00,0,0,0,0.00,0,0,0.00,34,0.00,0,N/A,N/A,N/A,N/A,0.00,0,0.00,0,0.26,0.00,0,88.64,14.29,26,91,0.07,0.10,1,12,12,0,0,0,0.93,1.43,14,99,104.17,3.67,5.60,55,0,0.00,0.00,99,0.00,0,0,2,0.13,0.20,0,0.00,0.00,0.10,0.07,1,0,0.00,48,38,34,48,35,0.97,45,0.06,0.10,0.26,45,0.02,0.03,3,1,0.07,0.10,0.81,0.53,19,8,0.03,43,78,99,99,0,62,88,0,0.00,99,22,0.00,2.24,4.89,3.20,48,29,16,10,2.95,1.93,60.42,1,0.10,84,0,0.00,0,0.00,99,0,0.00,0.00,32,28,74,70,0,0,0,0,0,34,48,65,59,0,99,81,36,72,4,25,79,3,0,0
João Victor Lima Ferreira,27,919929600,1999/02/25,Serie B,2023,Forward,Guarani,1841,963,878,Brazil,33,15,18,3,1,2,4,4,0,0,0,11,5,6,14,6,8,7,1,0.34,0.2,0.15,0.09,0.21,614,0.68,132,56,230,460,0.39,140,56,-1,5,0,6.81,0.12,92,28.32,17.69,35,566,12.94,414,24,20.71,32,0.00,0.00,0.81,26,0.00,1.00,1.25,0.78,25,0.00,0.50,0.00,0.00,0.00,0.59,0.62,0.00,8.67,1.30,0.38,1.34,0.00,0.44,0.09,0.00,0.44,0.00,0.00,0,0,,26,0.81,71,14,0.70,79,12,0.60,63,4,11,21,55,0.00,99,0,19,0.95,60,32,55,1.60,60,0,0.00,99,0,0.00,0,0,0.00,0,1.30,76,43,2.15,85,20,1.00,46.51,0,0.00,0,0,0,0.00,0,0,0.00,81,0.00,0,N/A,N/A,N/A,N/A,0.00,0,0.00,0,2.86,0.00,0,73.14,53.85,85,44,0.38,0.60,12,82,42,0,0,0,0.03,0.05,1,24,217.96,0.44,0.70,14,0,0.00,0.00,99,0.00,0,0,3,0.09,0.15,0,0.00,0.00,0.15,0.09,3,0,11.54,73,69,90,74,80,4.18,89,0.13,0.21,2.86,78,0.09,0.14,33,15,0.47,0.75,1.15,0.72,35,23,0.14,76,53,31,97,0,72,33,0,0.00,99,14,0.00,0.70,8.35,5.22,167,74,30,40,3.70,2.31,44.31,16,0.80,38,0,21.88,0,0.00,99,7,0.22,0.35,61,71,88,83,0,0,0,0,0,86,76,84,66,0,99,45,33,75,6,18,59,19,0,0
João Victor Maistro Soares,25,965372400,2000/08/04,Serie B,2023,Defender,Atlético GO,67,0,67,Brazil,2,1,1,0,0,0,0,0,0,0,0,0,0,0,1,0,1,0,0,0,0,0,0,0,0,1.34,67,34,0,0,0,-1,-1,-1,26,0,3.42,0,51,61.79,23.00,99,46,20.00,40,95,53.73,99,0.00,0.00,0.00,0,0.00,0.50,0.00,0.00,0,0.00,0.00,0.00,0.00,0.00,0.50,0.50,0.00,0.00,0.00,0.00,0.50,0.00,0.00,0.00,0.00,0.00,0.00,0.00,0,0,,0,0.00,9,0,0.00,21,0,0.00,10,5,1,1,4,0.00,99,0,1,1.34,82,1,32,1.34,56,0,0.00,99,0,0.00,0,0,0.00,0,0.00,6,1,1.34,66,1,1.34,100.00,0,0.00,0,0,0,0.00,0,0,0.00,10,0.00,0,N/A,N/A,N/A,N/A,0.00,0,0.00,0,0.00,0.00,0,86.96,0.00,21,99,0.00,0.00,0,91,99,0,0,0,0.00,0.00,0,20,6.83,2.00,5.37,4,0,0.00,0.00,99,0.00,0,0,0,0.00,0.00,0,0.00,0.00,1.34,0.50,1,0,0.00,48,0,0,48,10,0.07,36,0.04,0.09,0.00,14,0.00,0.00,53,1,0.50,1.34,4.03,1.50,99,3,0.00,13,0,98,71,0,99,2,0,0.00,99,0,0.00,0.00,9.40,3.50,7,2,13,56,2.69,1.00,28.57,0,0.00,99,0,0.00,0,0.00,99,0,0.00,0.00,32,0,30,89,0,0,0,0,0,34,48,65,59,0,99,1,8,8,0,0,10,3,0,0
João Victor Vieira Ferreira Sousa,22,1083049200,2004/04/27,Serie B,2023,Forward,Ceará,67,67,0,Brazil,1,1,0,0,0,0,0,0,0,0,0,0,0,0,1,1,0,0,0,0,0,0,0,0,0,1.34,67,67,0,0,0,-1,-1,-1,20,N/A,N/A,N/A,N/A,N/A,N/A,N/A,N/A,N/A,N/A,N/A,N/A,N/A,N/A,N/A,N/A,N/A,N/A,N/A,N/A,N/A,N/A,N/A,N/A,N/A,N/A,N/A,N/A,N/A,N/A,N/A,N/A,N/A,N/A,N/A,N/A,N/A,N/A,N/A,N/A,N/A,N/A,N/A,N/A,N/A,N/A,N/A,N/A,N/A,N/A,N/A,N/A,N/A,N/A,N/A,N/A,N/A,N/A,N/A,N/A,N/A,N/A,N/A,N/A,N/A,N/A,N/A,N/A,N/A,N/A,N/A,N/A,N/A,N/A,N/A,N/A,N/A,N/A,N/A,N/A,N/A,N/A,N/A,N/A,N/A,N/A,N/A,N/A,N/A,N/A,N/A,N/A,N/A,N/A,N/A,N/A,N/A,N/A,N/A,N/A,N/A,N/A,N/A,N/A,N/A,N/A,N/A,N/A,N/A,N/A,N/A,N/A,N/A,N/A,N/A,N/A,N/A,N/A,N/A,N/A,N/A,N/A,N/A,N/A,N/A,N/A,N/A,N/A,N/A,N/A,N/A,N/A,N/A,N/A,N/A,N/A,N/A,N/A,N/A,N/A,N/A,N/A,N/A,N/A,N/A,N/A,N/A,N/A,N/A,N/A,N/A,N/A,N/A,N/A,N/A,N/A,N/A,N/A,N/A,N/A,N/A,N/A,N/A,N/A,N/A,N/A,N/A,N/A,N/A,N/A,N/A,N/A,N/A,N/A,N/A,N/A,N/A,N/A,N/A,N/A,N/A,N/A,N/A,N/A,N/A,N/A,N/A,N/A,N/A,N/A,N/A,N/A,N/A,N/A,N/A,N/A,N/A,N/A,N/A,N/A,N/A,N/A,N/A,N/A,N/A,N/A,N/A,N/A,N/A,N/A,N/A,N/A,N/A,N/A,N/A,N/A,N/A,N/A,N/A,N/A,N/A,N/A,N/A,N/A
João Vitor de Oliveira,24,1021273200,2002/05/13,Serie B,2023,Goalkeeper,Avaí,0,0,0,Brazil,0,0,0,0,0,0,0,0,0,0,0,0,0,0,0,0,0,0,0,0,0,0,0,0,0,0,0,0,0,0,0,-1,-1,-1,-1,N/A,N/A,N/A,N/A,N/A,N/A,N/A,N/A,N/A,N/A,N/A,N/A,N/A,N/A,N/A,N/A,N/A,N/A,N/A,N/A,N/A,N/A,N/A,N/A,N/A,N/A,N/A,N/A,N/A,N/A,N/A,N/A,N/A,N/A,N/A,N/A,N/A,N/A,N/A,N/A,N/A,N/A,N/A,N/A,N/A,N/A,N/A,N/A,N/A,N/A,N/A,N/A,N/A,N/A,N/A,N/A,N/A,N/A,N/A,N/A,N/A,N/A,N/A,N/A,N/A,N/A,N/A,N/A,N/A,N/A,N/A,N/A,N/A,N/A,N/A,N/A,N/A,N/A,N/A,N/A,N/A,N/A,N/A,N/A,N/A,N/A,N/A,N/A,N/A,N/A,N/A,N/A,N/A,N/A,N/A,N/A,N/A,N/A,N/A,N/A,N/A,N/A,N/A,N/A,N/A,N/A,N/A,N/A,N/A,N/A,N/A,N/A,N/A,N/A,N/A,N/A,N/A,N/A,N/A,N/A,N/A,N/A,N/A,N/A,N/A,N/A,N/A,N/A,N/A,N/A,N/A,N/A,N/A,N/A,N/A,N/A,N/A,N/A,N/A,N/A,N/A,N/A,N/A,N/A,N/A,N/A,N/A,N/A,N/A,N/A,N/A,N/A,N/A,N/A,N/A,N/A,N/A,N/A,N/A,N/A,N/A,N/A,N/A,N/A,N/A,N/A,N/A,N/A,N/A,N/A,N/A,N/A,N/A,N/A,N/A,N/A,N/A,N/A,N/A,N/A,N/A,N/A,N/A,N/A,N/A,N/A,N/A,N/A,N/A,N/A,N/A,N/A,N/A,N/A,N/A,N/A,N/A,N/A,N/A,N/A,N/A,N/A,N/A,N/A,N/A,N/A,N/A,N/A,N/A,N/A,N/A,N/A,N/A,N/A,N/A,N/A,N/A,N/A,N/A,N/A,N/A,N/A,N/A,N/A
João Vitor Vallony da Silva,25,981532800,2001/02/07,Serie B,2023,Defender,Londrina,475,288,187,Brazil,7,4,3,0,0,0,0,0,0,0,0,1,1,0,8,4,4,1,0,0,0,0,0,0,0,1.52,59,68,475,0,0.19,543,535,217,37,0,0.00,0,51,0.00,0.00,0,0,0.00,0,0,0.00,0,0.00,0.00,0.00,0,0.00,0.00,0.00,0.00,0,0.00,0.00,0.00,0.00,0.00,0.00,0.00,0.00,0.00,0.00,0.00,0.00,0.00,0.00,0.00,0.00,0.00,0.00,0.00,0,0,,0,0.00,9,0,0.00,21,0,0.00,10,1,1,6,4,0.00,99,0,0,0.00,9,0,32,0.00,14,0,0.00,99,0,0.00,0,0,0.00,0,0.00,6,0,0.00,8,0,0.00,0.00,0,0.00,0,0,0,0.00,0,0,0.00,4,0.00,0,N/A,N/A,N/A,N/A,0.00,0,0.00,0,0.00,0.00,0,0.00,0.00,21,99,0.00,0.00,0,12,12,0,0,0,0.00,0.00,0,20,0.00,0.00,0.00,0,0,0.00,0.00,99,0.00,0,0,0,0.00,0.00,0,0.00,0.00,0.00,0.00,0,0,0.00,48,7,4,48,4,0.00,0,0.00,0.00,0.00,14,0.00,0.00,1,0,0.00,0.00,0.00,0.00,4,0,0.00,13,0,2,71,0,45,2,0,0.00,99,0,0.00,0.00,0.00,0.00,0,0,0,0,0.00,0.00,0.00,0,0.00,99,0,0.00,0,0.00,99,0,0.00,0.00,32,17,30,33,0,0,0,0,0,34,48,65,59,0,99,5,72,37,0,0,10,18,0,0
João Vitor Xavier de Almeida,26,951984000,2000/03/02,Serie B,2023,Midfielder,Avaí,566,339,227,Brazil,17,8,9,0,0,0,0,0,0,0,0,8,3,5,7,6,1,5,2,0,0,0,0,0,0,1.11,81,33,81,0,1.11,495,490,-1,40,0,6.59,0,51,41.02,15.18,66,258,12.12,206,61,32.76,66,0.00,0.00,0.18,3,0.00,0.12,2.07,0.76,13,0.00,0.24,0.00,0.00,0.00,0.24,0.12,0.00,0.00,0.32,0.12,0.12,0.00,0.00,0.00,0.00,0.41,0.00,0.00,0,0,,2,0.12,21,0,0.00,21,2,0.32,33,1,10,7,89,0.00,99,0,4,0.64,43,2,32,0.32,33,0,0.00,99,0,0.00,0,0,0.00,0,0.48,32,2,0.32,24,2,0.32,100.00,0,0.00,0,0,0,0.00,0,0,0.00,25,0.00,0,N/A,N/A,N/A,N/A,0.00,0,0.00,0,0.06,0.00,0,79.84,0.00,21,54,0.18,0.48,3,38,99,0,0,0,0.06,0.16,1,44,112.01,1.29,3.50,22,0,0.00,0.00,99,0.00,0,0,0,0.00,0.00,0,0.00,0.00,0.16,0.06,1,0,0.00,48,13,38,48,25,0.52,27,0.03,0.08,0.06,27,0.00,0.01,17,3,0.18,0.48,2.23,0.82,86,14,0.01,26,16,86,71,0,74,55,0,0.00,99,7,0.00,1.11,8.11,3.00,51,25,37,38,3.98,1.47,49.02,4,0.64,47,0,0.00,0,0.00,99,0,0.00,0.00,32,22,85,33,0,0,0,0,0,34,48,65,59,0,99,87,8,99,3,18,59,39,0,0
Joecio Barbosa dos Santos,40,500457600,1985/11/10,Serie B,2023,Defender,Sampaio Corrêa,833,374,459,Brazil,11,5,6,1,1,0,0,0,0,0,0,3,2,1,17,8,9,1,0,0.11,0,0.11,0.24,0,833,1.84,49,76,833,0,0.11,178,375,224,9,0,6.85,0,51,51.21,43.09,90,474,37.09,408,93,44.08,92,0.00,0.00,0.09,1,0.00,0.00,1.73,1.45,16,0.00,0.09,0.00,0.00,0.00,2.00,0.00,0.00,6.00,0.65,0.45,0.00,0.00,0.09,0.07,0.00,1.64,0.00,0.00,0,0,,6,0.55,46,1,0.11,31,5,0.54,58,2,2,9,76,0.00,99,0,22,2.38,99,0,32,0.00,14,0,0.00,99,0,0.00,0,0,0.00,0,0.11,11,0,0.00,8,0,0.00,0.00,0,0.00,0,0,0,0.00,0,0,0.00,1,0.00,0,N/A,N/A,N/A,N/A,0.00,0,0.00,0,0.79,0.00,0,86.08,16.67,28,72,0.27,0.32,3,12,12,0,0,0,0.55,0.65,6,86,75.39,2.55,3.03,28,0,0.00,0.00,99,0.00,0,0,0,0.00,0.00,0,0.00,0.00,0.00,0.00,0,0,16.67,85,30,15,83,1,0.85,36,0.08,0.09,0.79,65,0.07,0.09,37,8,0.73,0.86,0.65,0.55,14,6,0.09,63,61,83,71,0,45,82,0,0.00,99,18,0.00,1.94,7.89,6.64,73,41,50,37,4.43,3.73,56.16,1,0.11,83,0,0.00,0,0.00,99,0,0.00,0.00,32,33,39,53,0,0,0,0,0,52,68,65,85,0,99,25,91,18,1,9,29,13,0,0
Johnath Marlone Azevedo da Silva,34,702201600,1992/04/02,Serie B,2023,Midfielder,Vila Nova,176,41,135,Brazil,15,5,10,2,0,2,0,0,0,0,0,7,4,3,3,0,3,0,0,1.02,0,1.02,0,1.33,88,1.53,59,12,0,0,0,-1,-1,-1,8,0,7.15,0,51,52.16,7.29,92,102,5.93,83,69,42.44,89,0.00,0.00,0.57,8,0.00,1.14,0.00,0.00,0,0.00,0.07,0.00,0.00,0.00,0.00,0.29,0.00,2.00,2.05,0.14,0.43,0.00,0.14,0.10,0.00,0.21,0.00,0.00,0,0,,4,0.29,94,2,1.02,95,2,1.02,86,0,15,0,4,0.00,99,0,0,0.00,9,16,80,8.18,99,0,0.00,99,0,0.00,0,0,0.00,0,4.09,99,6,3.07,94,4,2.05,66.67,0,0.00,0,0,0,0.00,0,0,0.00,3,0.00,0,N/A,N/A,N/A,N/A,0.00,0,0.00,0,1.43,0.00,0,81.37,50.00,83,15,0.14,1.02,2,97,83,0,0,0,0.00,0.00,0,20,100.11,0.14,1.02,2,0,0.00,0.00,99,0.00,0,0,0,0.00,0.00,0,0.00,0.00,0.51,0.07,1,0,50.00,99,0,30,48,4,0.45,92,0.03,0.23,1.43,99,0.10,0.73,42,2,0.14,1.02,0.51,0.07,11,1,0.73,99,94,44,71,0,92,70,0,0.00,99,3,0.00,1.53,10.74,1.50,21,9,54,73,4.60,0.64,42.86,1,0.51,57,0,31.25,0,0.00,99,5,0.36,2.56,99,0,94,9,0,0,0,0,0,99,99,99,59,0,99,87,8,8,0,0,10,7,0,0
Jonas Cabral da Rocha Silva,22,1063954800,2003/09/19,Serie B,2023,Midfielder,Londrina,101,30,71,Brazil,3,2,1,0,0,0,0,0,0,0,0,1,0,1,0,0,0,0,0,0,0,0,0,0,0,0,0,34,0,0,0,-1,-1,-1,20,0,0.00,0,51,0.00,0.00,0,0,0.00,0,0,0.00,0,0.00,0.00,0.00,0,0.00,0.00,0.00,0.00,0,0.00,0.00,0.00,0.00,0.00,0.00,0.00,0.00,0.00,0.00,0.00,0.00,0.00,0.00,0.00,0.00,0.00,0.00,0.00,0,0,,0,0.00,9,0,0.00,21,0,0.00,10,0,2,0,4,0.00,99,0,0,0.00,9,0,32,0.00,14,0,0.00,99,0,0.00,0,0,0.00,0,0.00,6,0,0.00,8,0,0.00,0.00,0,0.00,0,0,0,0.00,0,0,0.00,99,0.00,0,N/A,N/A,N/A,N/A,0.00,0,0.00,0,0.00,0.00,0,0.00,0.00,21,99,0.00,0.00,0,12,12,0,0,0,0.00,0.00,0,20,0.00,0.00,0.00,0,0,0.00,0.00,99,0.00,0,0,0,0.00,0.00,0,0.00,0.00,0.00,0.00,0,0,0.00,48,0,0,48,0,0.00,0,0.00,0.00,0.00,14,0.00,0.00,1,0,0.00,0.00,0.00,0.00,4,0,0.00,13,0,2,71,0,45,2,0,0.00,99,0,0.00,0.00,0.00,0.00,0,0,0,0,0.00,0.00,0.00,0,0.00,99,0,0.00,0,0.00,99,0,0.00,0.00,32,0,39,9,0,0,0,0,0,34,48,65,59,0,99,45,8,8,0,0,10,21,0,0
Jonas Gabriel da Silva Nunes,26,928047600,1999/05/30,Serie B,2023,Forward,Botafogo SP,680,360,320,Brazil,16,7,9,1,0,1,1,0,1,0,0,5,2,3,7,3,4,2,1,0.26,0.13,0.13,0,0.28,680,0.93,97,43,227,680,0.4,161,116,-1,12,0,6.67,0.06,80,25.63,11.73,29,176,9.20,138,53,20.10,30,0.00,0.00,0.60,9,0.00,0.67,2.77,1.27,19,0.00,0.40,0.00,0.00,0.00,0.20,0.07,0.00,11.00,1.60,0.33,1.13,0.00,0.40,0.07,0.00,0.40,0.00,0.00,0,0,,11,0.73,80,6,0.87,90,5,0.73,73,1,8,7,97,0.00,99,0,3,0.44,34,10,51,1.46,59,0,0.00,99,0,0.00,0,0,0.00,0,1.31,77,17,2.48,89,1,0.15,5.88,0,0.00,0,0,0,0.00,0,0,0.00,45,0.00,0,N/A,N/A,N/A,N/A,0.00,0,0.00,0,1.06,0.00,0,78.41,54.55,86,23,0.40,0.87,6,23,12,0,0,0,0.07,0.15,1,42,100.04,0.07,0.15,1,0,0.00,0.00,99,0.00,0,0,0,0.00,0.00,0,0.00,0.00,0.15,0.07,1,0,9.09,65,21,34,77,45,1.20,80,0.08,0.17,1.06,80,0.07,0.15,42,7,0.47,1.02,1.75,0.80,68,12,0.15,78,24,4,71,0,72,42,0,0.00,99,6,0.00,0.87,11.36,5.20,78,33,61,77,4.81,2.20,42.31,6,0.87,31,0,20.00,0,0.00,99,2,0.13,0.29,57,22,79,33,0,0,0,0,0,77,72,88,59,0,99,36,32,78,1,6,19,21,0,0
Jonathan Aparecido de Oliveira da Costa,31,798274800,1995/04/19,Serie B,2023,Defender,Avaí,772,360,412,Brazil,11,4,7,0,0,0,0,0,0,0,0,3,1,2,7,4,3,2,1,0,0,0,0,0,0,0.82,110,70,257,0,0.35,275,325,84,22,0,6.62,0,51,50.48,39.36,89,433,34.00,374,94,43.60,91,0.00,0.00,0.00,0,0.00,0.09,0.58,0.45,5,0.00,0.09,0.00,0.00,0.00,0.64,0.36,0.00,0.00,0.58,0.45,0.36,0.00,0.00,0.01,0.00,1.36,0.00,0.00,0,0,,5,0.45,41,0,0.00,21,5,0.58,61,2,1,10,20,0.00,99,0,7,0.82,53,1,32,0.12,22,0,0.00,99,0,0.00,0,0,0.00,0,0.00,6,4,0.47,30,4,0.47,100.00,0,0.00,0,0,0,0.00,0,0,0.00,60,0.00,0,N/A,N/A,N/A,N/A,0.00,0,0.00,0,0.15,0.00,0,86.37,0.00,21,82,0.18,0.23,2,54,99,0,0,0,0.27,0.35,3,69,72.81,3.55,4.55,39,0,0.00,0.00,99,0.00,0,0,0,0.00,0.00,0,0.00,0.00,0.00,0.00,0,0,0.00,48,27,15,48,60,0.70,27,0.06,0.08,0.15,38,0.01,0.02,74,16,1.45,1.87,0.93,0.73,25,8,0.02,37,19,94,71,0,45,77,0,0.00,99,15,0.00,1.75,6.53,5.09,56,40,56,22,4.66,3.64,71.43,1,0.12,83,0,0.00,0,0.00,99,0,0.00,0.00,32,38,30,53,0,0,0,0,0,34,48,65,59,0,99,25,40,69,1,9,29,95,0,0
Jonathan Copete Valencia,38,569923200,1988/01/23,Serie B,2023,Forward,CRB,346,114,232,Colombia,9,4,5,1,1,0,1,0,1,0,0,2,1,1,5,3,2,1,0,0.52,0.26,0.26,0.79,0,346,1.3,69,38,346,346,0.26,64,26,-1,14,0,6.52,0.11,97,25.16,11.25,26,90,7.38,59,7,16.49,21,0.00,0.00,0.12,1,0.00,0.62,1.40,0.62,5,0.00,0.62,0.00,0.00,0.00,0.25,0.38,0.00,5.00,1.40,0.62,0.75,0.00,0.00,0.09,0.00,1.00,0.00,0.00,0,0,,5,0.62,74,0,0.00,21,5,1.40,96,3,6,3,61,0.00,99,0,2,0.56,39,5,51,1.40,57,0,0.00,99,0,0.00,0,0,0.00,0,0.28,22,6,1.68,75,3,0.84,50.00,0,0.00,0,0,0,0.00,0,0,0.00,11,0.00,0,N/A,N/A,N/A,N/A,0.00,0,0.00,0,0.71,0.00,0,65.56,0.00,21,26,0.38,0.84,3,76,55,0,0,0,0.00,0.00,0,20,52.16,0.50,1.12,4,0,0.00,0.00,99,0.00,0,0,0,0.00,0.00,0,0.00,0.00,0.84,0.38,3,0,20.00,90,0,8,60,12,0.71,87,0.09,0.20,0.71,89,0.09,0.20,66,6,0.75,1.68,2.24,1.00,86,8,0.20,85,12,50,71,0,99,88,0,0.00,99,8,0.00,2.24,15.09,6.75,54,22,86,96,6.15,2.75,40.74,5,1.40,12,0,20.00,0,0.00,99,1,0.12,0.28,57,3,70,70,0,0,0,0,0,96,89,65,99,0,99,15,55,53,1,11,37,7,0,0
Jonathan de Jesus Alves,21,1085641200,2004/05/27,Serie B,2023,Defender,Ceará,99,0,99,Brazil,2,0,2,0,0,0,0,0,0,0,0,1,0,1,2,0,2,0,0,0,0,0,0,0,0,1.82,50,50,0,0,0,-1,-1,-1,25,0,0.00,0,51,0.00,0.00,0,0,0.00,0,0,0.00,0,0.00,0.00,0.00,0,0.00,0.00,0.00,0.00,0,0.00,0.00,0.00,0.00,0.00,0.00,0.00,0.00,0.00,0.00,0.00,0.00,0.00,0.00,0.00,0.00,0.00,0.00,0.00,0,0,,0,0.00,9,0,0.00,21,0,0.00,10,0,1,1,4,0.00,99,0,0,0.00,9,0,32,0.00,14,0,0.00,99,0,0.00,0,0,0.00,0,0.00,6,0,0.00,8,0,0.00,0.00,0,0.00,0,0,0,0.00,0,0,0.00,1,0.00,0,N/A,N/A,N/A,N/A,0.00,0,0.00,0,0.00,0.00,0,0.00,0.00,21,99,0.00,0.00,0,12,12,0,0,0,0.00,0.00,0,20,0.00,0.00,0.00,0,0,0.00,0.00,99,0.00,0,0,0,0.00,0.00,0,0.00,0.00,0.00,0.00,0,0,0.00,48,0,0,48,2,0.00,0,0.00,0.00,0.00,14,0.00,0.00,1,0,0.00,0.00,0.00,0.00,4,0,0.00,13,0,2,71,0,45,2,0,0.00,99,0,0.00,0.00,0.00,0.00,0,0,0,0,0.00,0.00,0.00,0,0.00,99,0,0.00,0,0.00,99,0,0.00,0.00,32,0,30,9,0,0,0,0,0,34,48,65,59,0,99,92,8,8,0,0,10,55,0,0
Jonathan Francisco Lemos,33,714726000,1992/08/25,Serie B,2023,Defender,Criciúma,662,376,286,Brazil,18,8,10,0,0,0,1,1,0,0,0,8,4,4,6,5,1,3,0,0.14,0.14,0,0,0,0,0.82,110,37,221,662,0.41,491,106,83,13,0,6.70,0.06,83,32.49,13.82,43,235,10.76,183,50,25.30,45,0.00,0.00,0.41,7,0.00,1.12,1.66,0.71,12,0.00,0.41,0.00,0.00,0.00,0.41,0.35,0.00,0.00,1.24,0.47,0.76,0.00,0.06,0.02,0.00,0.53,0.00,0.00,0,0,,9,0.53,68,1,0.14,35,8,1.11,90,4,10,7,74,0.00,99,0,7,0.97,61,19,69,2.63,73,0,0.00,99,0,0.00,0,0,0.00,0,0.97,61,13,1.80,78,6,0.83,46.15,0,0.00,0,0,0,0.00,0,0,0.00,60,0.00,0,N/A,N/A,N/A,N/A,0.00,0,0.00,0,0.32,0.00,0,77.87,11.11,23,48,0.24,0.55,4,75,42,0,0,0,0.12,0.28,2,63,113.93,1.41,3.32,24,0,0.00,0.00,99,0.00,0,0,0,0.00,0.00,0,0.00,0.00,0.00,0.00,0,0,0.00,48,21,41,48,60,1.25,80,0.07,0.17,0.32,49,0.02,0.04,29,5,0.29,0.69,1.94,0.82,77,14,0.04,47,28,84,71,0,45,59,0,0.00,99,9,0.00,1.24,9.26,3.94,67,32,49,54,4.42,1.88,47.76,7,0.97,27,0,26.32,0,0.00,99,5,0.29,0.69,77,22,85,83,0,0,0,0,0,58,48,65,59,0,99,81,30,79,3,17,56,13,0,0
Jonathan Silva Vieira,28,888912000,1998/03/03,Serie B,2023,Defender,Ituano,58,58,0,Brazil,2,2,0,0,0,0,0,0,0,0,0,1,1,0,0,0,0,0,0,0,0,0,0,0,0,0,0,29,0,0,0,-1,-1,-1,36,0,6.55,0,51,23.28,7.50,21,15,5.50,11,24,17.07,22,0.00,0.00,0.00,0,0.00,0.50,1.55,0.50,1,0.00,0.00,0.00,0.00,0.00,1.50,0.00,0.00,0.00,0.00,0.00,0.00,0.00,0.00,0.00,0.00,0.50,0.00,0.00,0,0,,0,0.00,9,0,0.00,21,0,0.00,10,1,1,1,68,0.00,99,0,3,4.66,99,1,32,1.55,59,0,0.00,99,0,0.00,0,0,0.00,0,0.00,6,0,0.00,8,0,0.00,0.00,0,0.00,0,0,0,0.00,0,0,0.00,99,0.00,0,N/A,N/A,N/A,N/A,0.00,0,0.00,0,0.00,0.00,0,73.33,0.00,21,99,0.00,0.00,0,12,12,0,0,0,0.00,0.00,0,20,13.10,0.00,0.00,0,0,0.00,0.00,99,0.00,0,0,0,0.00,0.00,0,0.00,0.00,0.00,0.00,0,0,0.00,48,0,0,48,0,0.02,6,0.01,0.03,0.00,14,0.00,0.00,62,1,0.50,1.55,3.10,1.00,98,2,0.00,13,13,2,71,0,45,71,0,0.00,99,1,0.00,1.55,10.86,3.50,7,3,56,74,4.66,1.50,42.86,0,0.00,99,0,0.00,0,0.00,99,0,0.00,0.00,32,0,30,33,0,0,0,0,0,34,48,65,59,0,99,92,8,8,0,0,10,6,0,0
Jordan Esteves da Costa Daniel,28,886752000,1998/02/06,Serie B,2023,Goalkeeper,Sport Recife,404,180,224,Brazil,5,2,3,0,0,0,0,0,0,0,0,2,1,1,3,1,2,0,0,0,0,0,0,0,0,0.67,135,81,0,0,0,308,261,39,38,0,6.71,0,51,17.48,15.25,6,61,9.00,36,1,10.32,4,0.00,0.00,0.00,0,0.00,0.00,0.00,0.00,0,0.00,0.00,0.00,0.00,2.75,0.00,0.00,3.25,0.00,0.00,0.00,0.00,0.00,0.00,0.00,0.00,0.25,0.00,0.00,0,0,,0,0.00,9,0,0.00,21,0,0.00,10,0,1,3,4,0.00,99,0,0,0.00,9,0,32,0.00,14,0,0.00,99,0,0.00,0,0,0.00,0,0.00,6,0,0.00,8,0,0.00,0.00,0,0.00,0,11,97,3.15,76,13,0.00,82,3.73,44,N/A,N/A,N/A,N/A,84.62,0,0.00,0,0.00,0.00,0,59.02,0.00,21,75,0.25,0.29,1,12,12,0,0,5,0.00,0.00,0,20,26.85,0.25,0.29,1,0,0.00,0.00,99,0.00,0,0,0,0.00,0.00,1,0.25,0.29,0.00,0.00,0,0,0.00,48,3,1,48,82,0.09,6,0.02,0.03,0.00,14,0.00,0.00,1,0,0.00,0.00,0.00,0.00,4,0,0.00,13,32,11,71,6,45,11,0,0.00,99,1,0.00,0.29,0.57,0.50,2,1,2,5,0.29,0.25,50.00,0,0.00,99,0,0.00,0,0.00,99,0,0.00,0.00,32,3,30,9,0,0,0,0,0,34,48,65,59,0,99,67,8,8,0,0,10,76,0,0
Jordi Martins Almeida,32,747039600,1993/09/03,Serie B,2023,Goalkeeper,Novorizontino,2897,1440,1457,Brazil,33,16,17,0,0,0,0,0,0,0,0,13,8,5,22,6,16,7,0,0,0,0,0,0,0,0.68,132,88,414,0,0.22,437,437,40,19,0,6.94,0,51,21.25,20.73,17,684,10.58,349,0,10.84,5,0.00,0.00,0.09,3,0.00,0.00,0.09,0.09,3,0.00,0.00,0.00,0.00,2.58,0.03,0.00,3.36,0.00,0.06,0.06,0.00,0.00,0.00,0.00,0.00,0.42,0.00,0.00,0,0,,2,0.06,10,0,0.00,21,2,0.06,11,1,0,33,7,0.00,99,0,1,0.03,9,0,32,0.00,14,0,0.00,99,0,0.00,0,0,0.00,0,0.09,10,0,0.00,8,0,0.00,0.00,0,0.00,0,85,76,2.64,35,111,0.00,81,3.45,32,N/A,N/A,N/A,N/A,76.58,0,0.00,0,0.05,0.00,0,51.02,0.00,21,93,0.06,0.06,2,12,12,0,0,38,0.00,0.00,0,20,229.14,1.73,1.77,57,1,0.00,0.03,14,0.03,0,0,0,0.00,0.00,18,0.55,0.56,0.00,0.00,0,0,0.00,48,94,90,48,80,0.82,6,0.02,0.03,0.05,14,0.00,0.00,9,9,0.27,0.28,0.06,0.06,6,2,0.00,13,78,68,71,33,45,19,0,0.00,99,14,0.00,0.43,1.09,1.06,35,28,7,7,0.87,0.85,80.00,0,0.00,99,0,0.00,0,0.00,99,0,0.00,0.00,32,94,19,33,0,0,0,0,0,34,48,65,59,0,99,62,65,46,7,21,67,12,0,0
Jorge de Moura Xavier,35,663062400,1991/01/05,Serie B,2023,Midfielder,Sport Recife,2114,1049,1065,Brazil,27,13,14,7,5,2,5,4,1,0,0,8,6,2,26,11,15,5,0,0.51,0.21,0.3,0.43,0.17,302,1.11,81,78,423,423,0.21,48,43,-1,2,0,7.11,0.19,94,32.97,28.62,44,744,22.04,573,45,25.39,45,0.00,0.00,1.38,36,0.00,2.77,1.02,0.88,23,0.00,0.46,0.00,0.00,0.00,0.42,0.54,0.00,4.83,1.29,0.58,1.42,0.00,0.54,0.18,0.00,0.92,0.00,0.00,0,0,,29,1.12,70,14,0.62,75,15,0.66,68,1,2,24,44,0.00,99,0,11,0.49,37,72,70,3.19,81,0,0.00,99,0,0.00,0,0,0.00,0,1.60,86,37,1.64,74,14,0.62,37.84,0,0.00,0,0,0,0.00,0,0,0.00,25,0.00,0,N/A,N/A,N/A,N/A,0.00,0,0.00,0,4.81,0.00,0,77.02,48.28,74,26,0.73,0.84,19,62,25,0,0,0,0.00,0.00,0,20,184.94,0.08,0.09,2,0,0.00,0.00,99,0.00,0,0,0,0.00,0.00,0,0.00,0.00,0.58,0.50,13,1,20.69,90,78,70,58,25,5.52,94,0.21,0.24,4.81,90,0.18,0.21,78,47,1.81,2.08,1.15,1.00,35,26,0.21,87,93,2,71,0,94,52,0,0.00,99,24,0.00,1.06,9.48,8.23,214,108,60,57,4.79,4.15,50.47,12,0.53,55,0,26.39,0,0.00,99,19,0.73,0.84,82,78,39,33,0,1,0,4,0,96,91,80,93,0,99,33,66,42,4,15,50,10,0,0
José Aldo Soares de Oliveira Filho,27,901350000,1998/07/25,Serie B,2023,Midfielder,Ituano,2092,981,1111,Brazil,27,13,14,0,0,0,0,0,0,0,0,11,6,5,18,6,12,12,0,0,0,0,0,0,0,0.77,116,77,174,0,0.52,455,411,-1,34,0,6.91,0,51,44.24,38.00,76,988,29.96,779,56,34.88,73,0.00,0.00,0.85,22,0.00,2.12,1.79,1.54,40,0.00,0.58,0.00,0.00,0.00,1.58,0.73,0.00,0.00,0.63,0.50,1.12,0.00,0.04,0.02,0.00,1.19,0.00,0.00,0,0,,14,0.54,45,1,0.04,23,13,0.58,61,3,3,23,79,0.00,99,0,41,1.84,96,55,73,2.46,72,0,0.00,99,0,0.00,0,0,0.00,0,0.99,62,29,1.30,65,19,0.85,65.52,0,0.00,0,0,0,0.00,0,0,0.00,66,0.00,0,N/A,N/A,N/A,N/A,0.00,0,0.00,0,0.44,0.00,0,78.85,7.14,22,6,1.08,1.25,28,77,79,0,0,0,0.31,0.36,8,70,179.75,1.15,1.34,30,1,0.00,0.04,12,0.04,0,0,0,0.00,0.00,0,0.00,0.00,0.04,0.04,1,0,0.00,48,77,70,48,66,2.23,45,0.09,0.10,0.44,38,0.02,0.02,55,31,1.19,1.39,3.00,2.58,98,67,0.02,37,72,57,71,0,50,64,0,0.00,99,31,0.00,1.39,11.55,9.92,258,121,76,79,5.42,4.65,46.90,15,0.67,45,0,27.27,0,0.00,99,15,0.58,0.67,76,75,50,70,0,0,0,0,0,34,48,65,59,0,99,70,19,90,11,41,96,8,0,0
Jose Carlos Cracco Neto,32,769071600,1994/05/16,Serie B,2023,Defender,Vitória,1995,1164,831,Brazil,26,15,11,1,1,0,2,1,1,0,0,15,11,4,14,6,8,3,0,0.14,0.09,0.05,0.08,0,1995,0.63,143,77,665,998,0.14,248,162,29,15,0,6.97,0.08,74,45.74,39.00,80,1014,30.85,802,58,36.18,78,0.00,0.00,1.00,26,0.00,3.00,1.62,1.38,36,0.00,0.50,0.00,0.00,0.00,0.96,0.38,0.00,12.00,0.54,0.35,0.69,0.00,0.12,0.04,0.00,0.19,0.00,0.00,0,0,,12,0.46,39,3,0.14,35,9,0.41,45,3,4,22,72,0.00,99,0,25,1.13,70,78,55,3.52,84,0,0.00,99,0,0.00,0,0,0.00,0,1.17,71,18,0.81,43,10,0.45,55.56,0,0.00,0,0,0,0.00,0,0,0.00,85,0.00,0,N/A,N/A,N/A,N/A,0.00,0,0.00,0,1.00,0.00,0,79.09,25.00,36,51,0.42,0.50,11,51,63,0,0,0,0.15,0.18,4,49,181.13,1.31,1.53,34,0,0.00,0.00,99,0.00,0,0,1,0.04,0.05,0,0.00,0.00,0.09,0.08,2,0,8.33,63,73,67,96,85,4.04,83,0.16,0.18,1.00,53,0.04,0.05,18,11,0.42,0.50,0.77,0.65,18,17,0.05,51,82,63,82,0,59,9,0,0.00,99,5,0.00,0.23,5.23,4.46,116,62,14,12,2.80,2.38,53.45,13,0.59,51,0,21.79,0,0.00,99,17,0.65,0.77,80,73,56,70,0,0,0,0,0,58,54,65,64,0,99,97,86,24,3,12,41,2,0,0
José Carlos de Oliveira,22,1073635200,2004/01/09,Serie B,2023,Forward,Ituano,48,32,16,Brazil,4,2,2,0,0,0,0,0,0,0,0,1,0,1,1,1,0,0,0,0,0,0,0,0,0,1.88,48,12,0,0,0,-1,-1,-1,12,0,0.00,0,51,0.00,0.00,0,0,0.00,0,0,0.00,0,0.00,0.00,0.00,0,0.00,0.00,0.00,0.00,0,0.00,0.00,0.00,0.00,0.00,0.00,0.00,0.00,0.00,0.00,0.00,0.00,0.00,0.00,0.00,0.00,0.00,0.00,0.00,0,0,,0,0.00,9,0,0.00,21,0,0.00,10,0,4,0,4,0.00,99,0,0,0.00,9,0,32,0.00,14,0,0.00,99,0,0.00,0,0,0.00,0,0.00,6,0,0.00,8,0,0.00,0.00,0,0.00,0,0,0,0.00,0,0,0.00,1,0.00,0,N/A,N/A,N/A,N/A,0.00,0,0.00,0,0.00,0.00,0,0.00,0.00,21,99,0.00,0.00,0,12,12,0,0,0,0.00,0.00,0,20,0.00,0.00,0.00,0,0,0.00,0.00,99,0.00,0,0,0,0.00,0.00,0,0.00,0.00,0.00,0.00,0,0,0.00,48,0,0,48,1,0.00,0,0.00,0.00,0.00,14,0.00,0.00,1,0,0.00,0.00,0.00,0.00,4,0,0.00,13,0,2,71,0,45,2,0,0.00,99,0,0.00,0.00,0.00,0.00,0,0,0,0,0.00,0.00,0.00,0,0.00,99,0,0.00,0,0.00,99,0,0.00,0.00,32,0,56,9,0,0,0,0,0,34,48,65,59,0,99,22,8,8,0,0,10,21,0,0
José Cirilo Pereira Júnior,24,1019631600,2002/04/24,Serie B,2023,Forward,Londrina,0,0,0,Brazil,0,0,0,0,0,0,0,0,0,0,0,0,0,0,0,0,0,0,0,0,0,0,0,0,0,0,0,0,0,0,0,-1,-1,-1,-1,N/A,N/A,N/A,N/A,N/A,N/A,N/A,N/A,N/A,N/A,N/A,N/A,N/A,N/A,N/A,N/A,N/A,N/A,N/A,N/A,N/A,N/A,N/A,N/A,N/A,N/A,N/A,N/A,N/A,N/A,N/A,N/A,N/A,N/A,N/A,N/A,N/A,N/A,N/A,N/A,N/A,N/A,N/A,N/A,N/A,N/A,N/A,N/A,N/A,N/A,N/A,N/A,N/A,N/A,N/A,N/A,N/A,N/A,N/A,N/A,N/A,N/A,N/A,N/A,N/A,N/A,N/A,N/A,N/A,N/A,N/A,N/A,N/A,N/A,N/A,N/A,N/A,N/A,N/A,N/A,N/A,N/A,N/A,N/A,N/A,N/A,N/A,N/A,N/A,N/A,N/A,N/A,N/A,N/A,N/A,N/A,N/A,N/A,N/A,N/A,N/A,N/A,N/A,N/A,N/A,N/A,N/A,N/A,N/A,N/A,N/A,N/A,N/A,N/A,N/A,N/A,N/A,N/A,N/A,N/A,N/A,N/A,N/A,N/A,N/A,N/A,N/A,N/A,N/A,N/A,N/A,N/A,N/A,N/A,N/A,N/A,N/A,N/A,N/A,N/A,N/A,N/A,N/A,N/A,N/A,N/A,N/A,N/A,N/A,N/A,N/A,N/A,N/A,N/A,N/A,N/A,N/A,N/A,N/A,N/A,N/A,N/A,N/A,N/A,N/A,N/A,N/A,N/A,N/A,N/A,N/A,N/A,N/A,N/A,N/A,N/A,N/A,N/A,N/A,N/A,N/A,N/A,N/A,N/A,N/A,N/A,N/A,N/A,N/A,N/A,N/A,N/A,N/A,N/A,N/A,N/A,N/A,N/A,N/A,N/A,N/A,N/A,N/A,N/A,N/A,N/A,N/A,N/A,N/A,N/A,N/A,N/A,N/A,N/A,N/A,N/A,N/A,N/A,N/A,N/A,N/A,N/A,N/A,N/A
Jose Cleylton de Morais dos Santos,33,732528000,1993/03/19,Serie B,2023,Defender,Chapecoense,20,20,0,Brazil,1,1,0,0,0,0,0,0,0,0,0,0,0,0,0,0,0,0,0,0,0,0,0,0,0,0,0,20,0,0,0,-1,-1,-1,30,0,6.32,0,51,9.00,2.00,0,2,1.00,1,0,4.50,0,0.00,0.00,0.00,0,0.00,0.00,0.00,0.00,0,0.00,0.00,0.00,0.00,0.00,0.00,0.00,0.00,0.00,0.00,0.00,0.00,0.00,0.00,0.00,0.00,1.00,0.00,0.00,0,0,,0,0.00,9,0,0.00,21,0,0.00,10,0,1,0,4,0.00,99,0,0,0.00,9,0,32,0.00,14,0,0.00,99,0,0.00,0,0,0.00,0,0.00,6,0,0.00,8,0,0.00,0.00,0,0.00,0,0,0,0.00,0,0,0.00,99,0.00,0,N/A,N/A,N/A,N/A,0.00,0,0.00,0,0.00,0.00,0,50.00,0.00,21,99,0.00,0.00,0,12,12,0,0,0,0.00,0.00,0,20,6.32,0.00,0.00,0,0,0.00,0.00,99,0.00,0,0,0,0.00,0.00,0,0.00,0.00,0.00,0.00,0,0,0.00,48,0,0,48,0,0.00,0,0.00,0.00,0.00,14,0.00,0.00,1,0,0.00,0.00,0.00,0.00,4,0,0.00,13,6,2,71,0,45,99,0,0.00,99,1,0.00,4.50,9.00,2.00,2,1,51,49,4.50,1.00,50.00,0,0.00,99,0,0.00,0,0.00,99,0,0.00,0.00,32,0,30,9,0,0,0,0,0,34,48,65,59,0,99,1,8,8,0,0,10,23,0,0
José Daniel Mendes da Silva,25,975916800,2000/12/04,Serie B,2023,Midfielder,Vila Nova,0,0,0,Brazil,0,0,0,0,0,0,0,0,0,0,0,0,0,0,0,0,0,0,0,0,0,0,0,0,0,0,0,0,0,0,0,-1,-1,-1,-1,N/A,N/A,N/A,N/A,N/A,N/A,N/A,N/A,N/A,N/A,N/A,N/A,N/A,N/A,N/A,N/A,N/A,N/A,N/A,N/A,N/A,N/A,N/A,N/A,N/A,N/A,N/A,N/A,N/A,N/A,N/A,N/A,N/A,N/A,N/A,N/A,N/A,N/A,N/A,N/A,N/A,N/A,N/A,N/A,N/A,N/A,N/A,N/A,N/A,N/A,N/A,N/A,N/A,N/A,N/A,N/A,N/A,N/A,N/A,N/A,N/A,N/A,N/A,N/A,N/A,N/A,N/A,N/A,N/A,N/A,N/A,N/A,N/A,N/A,N/A,N/A,N/A,N/A,N/A,N/A,N/A,N/A,N/A,N/A,N/A,N/A,N/A,N/A,N/A,N/A,N/A,N/A,N/A,N/A,N/A,N/A,N/A,N/A,N/A,N/A,N/A,N/A,N/A,N/A,N/A,N/A,N/A,N/A,N/A,N/A,N/A,N/A,N/A,N/A,N/A,N/A,N/A,N/A,N/A,N/A,N/A,N/A,N/A,N/A,N/A,N/A,N/A,N/A,N/A,N/A,N/A,N/A,N/A,N/A,N/A,N/A,N/A,N/A,N/A,N/A,N/A,N/A,N/A,N/A,N/A,N/A,N/A,N/A,N/A,N/A,N/A,N/A,N/A,N/A,N/A,N/A,N/A,N/A,N/A,N/A,N/A,N/A,N/A,N/A,N/A,N/A,N/A,N/A,N/A,N/A,N/A,N/A,N/A,N/A,N/A,N/A,N/A,N/A,N/A,N/A,N/A,N/A,N/A,N/A,N/A,N/A,N/A,N/A,N/A,N/A,N/A,N/A,N/A,N/A,N/A,N/A,N/A,N/A,N/A,N/A,N/A,N/A,N/A,N/A,N/A,N/A,N/A,N/A,N/A,N/A,N/A,N/A,N/A,N/A,N/A,N/A,N/A,N/A,N/A,N/A,N/A,N/A,N/A,N/A
Jose Edson Barros da Silva,37,592642800,1988/10/12,Serie B,2023,Forward,Botafogo SP,923,553,370,Brazil,19,9,10,1,0,1,2,1,1,0,0,8,4,4,7,3,4,1,1,0.29,0.2,0.1,0,0.24,923,0.68,132,49,462,462,0.2,188,55,-1,9,0,6.70,0.11,92,11.88,6.11,1,110,3.83,69,3,7.45,0,0.00,0.00,0.50,9,0.00,0.11,0.54,0.28,5,0.00,0.00,0.00,0.00,0.00,0.11,0.11,0.00,9.00,0.97,0.22,0.17,0.00,0.28,0.05,0.00,1.56,0.00,0.00,0,0,,9,0.50,61,5,0.54,71,4,0.43,47,2,10,8,17,0.00,99,0,2,0.22,22,2,32,0.22,29,0,0.00,99,0,0.00,0,0,0.00,0,0.97,61,3,0.32,24,2,0.22,66.67,0,0.00,0,0,0,0.00,0,0,0.00,81,0.00,0,N/A,N/A,N/A,N/A,0.00,0,0.00,0,0.97,0.00,0,62.73,55.56,87,39,0.33,0.65,6,30,83,0,0,0,0.00,0.00,0,20,120.67,0.22,0.43,4,0,0.00,0.00,99,0.00,0,0,0,0.00,0.00,0,0.00,0.00,0.76,0.39,7,0,11.11,72,36,46,85,80,1.64,83,0.09,0.18,0.97,68,0.05,0.10,76,18,1.00,1.94,1.94,1.00,77,18,0.10,65,28,17,71,0,98,97,0,0.00,99,28,0.00,3.03,13.94,7.17,129,53,81,93,5.73,2.94,41.09,0,0.00,99,0,0.00,0,0.00,99,0,0.00,0.00,32,28,85,53,0,0,0,0,0,81,65,86,59,0,99,74,71,40,0,0,10,19,0,0
José Fernando Viana de Santana,39,543830400,1987/03/27,Serie B,2023,Forward,Tombense,2022,980,1042,Brazil,31,16,15,9,7,2,1,1,0,2,2,7,4,3,26,8,18,8,0,0.45,0.04,0.4,0.64,0.17,225,1.16,78,65,253,2022,0.36,27,237,-1,1,0,6.93,0.03,57,17.00,12.17,6,365,8.20,246,9,11.46,6,0.00,0.00,0.67,20,0.00,0.10,0.51,0.37,11,0.00,0.47,0.00,0.00,0.00,0.13,0.07,0.00,4.78,2.00,0.83,0.43,0.00,0.60,0.22,0.00,3.17,0.00,0.00,0,0,,43,1.43,92,18,0.84,87,25,1.16,93,6,4,26,16,0.00,99,0,4,0.19,19,3,32,0.14,24,0,0.00,99,0,0.00,0,0,0.00,0,0.93,59,13,0.61,36,2,0.09,15.38,0,0.00,0,0,0,0.00,0,0,0.00,19,0.00,0,N/A,N/A,N/A,N/A,0.00,0,0.00,0,6.70,0.00,0,67.40,41.86,62,82,0.17,0.23,5,16,12,2,2,0,0.13,0.19,4,52,207.80,0.73,1.02,22,0,0.00,0.00,99,0.00,0,4,1,0.03,0.05,0,0.00,0.00,0.75,0.53,16,0,20.93,90,74,83,53,21,1.77,27,0.06,0.08,3.90,86,0.13,0.18,65,35,1.17,1.63,1.21,0.87,38,26,0.31,96,75,44,82,0,97,99,0,0.00,99,95,0.00,4.43,11.93,8.53,256,143,91,83,6.66,4.77,55.86,14,0.65,46,0,0.00,0,0.00,99,0,0.00,0.00,32,82,56,94,0,2,0,6,0,91,95,80,99,0,99,17,47,61,7,23,73,9,0,0
Jose Gervasio dos Santos Neto,33,710060400,1992/07/02,Serie B,2023,Midfielder,Sampaio Corrêa,2470,1166,1304,Brazil,33,16,17,5,5,0,3,3,0,0,0,12,6,6,30,12,18,8,0,0.29,0.11,0.18,0.39,0,494,1.09,82,75,309,823,0.29,116,126,-1,2,0,6.91,0.09,78,37.64,31.19,56,998,24.03,769,45,29.01,55,0.00,0.00,1.09,35,0.00,1.31,1.62,1.34,43,0.00,0.94,0.00,0.00,0.00,0.59,0.75,0.00,7.20,1.36,0.78,1.34,0.00,0.34,0.13,0.00,0.81,0.00,0.00,0,0,,36,1.12,73,11,0.41,65,25,0.94,83,5,4,28,72,0.00,99,0,19,0.72,47,42,46,1.58,60,0,0.00,99,0,0.00,0,0,0.00,0,1.32,78,43,1.62,73,24,0.91,55.81,0,0.00,0,0,0,0.00,0,0,0.00,27,0.00,0,N/A,N/A,N/A,N/A,0.00,0,0.00,0,4.08,0.00,0,77.05,30.56,42,23,0.72,0.87,23,78,63,0,0,0,0.03,0.04,1,22,221.14,0.78,0.94,25,0,0.00,0.00,99,0.00,0,0,0,0.00,0.00,0,0.00,0.00,0.04,0.03,1,0,13.89,77,86,90,68,27,4.55,80,0.14,0.17,4.08,80,0.13,0.15,96,82,2.56,3.09,1.70,1.41,66,45,0.15,78,72,39,71,0,50,48,0,0.00,99,26,0.00,0.98,12.56,10.41,333,175,90,87,6.60,5.47,52.55,30,1.13,21,0,19.05,0,0.00,99,8,0.25,0.30,57,86,56,89,0,0,0,0,0,81,81,65,92,0,99,52,50,58,8,24,75,10,0,0
Jose Guilherme Guidolin Pegorari,34,679302000,1991/07/12,Serie B,2023,Goalkeeper,Guarani,2214,1104,1110,Brazil,26,13,13,0,0,0,0,0,0,0,0,7,4,3,21,9,12,6,0,0,0,0,0,0,0,0.85,105,85,369,0,0.24,429,426,99,23,0,7.09,0,51,35.04,33.08,49,827,23.80,595,19,25.21,45,0.00,0.00,0.00,0,0.00,0.00,0.00,0.00,0,0.00,0.00,0.00,0.00,3.12,0.00,0.08,3.96,0.00,0.00,0.00,0.08,0.00,0.00,0.00,0.00,0.28,0.00,0.00,0,0,,0,0.00,9,0,0.00,21,0,0.00,10,1,1,24,4,0.00,99,0,0,0.00,9,0,32,0.00,14,0,0.00,99,0,0.00,0,0,0.00,0,0.00,6,2,0.08,11,2,0.08,100.00,0,0.00,0,78,91,3.31,94,99,0.00,55,4.19,59,N/A,N/A,N/A,N/A,78.79,0,0.00,0,0.00,0.00,0,71.95,0.00,21,99,0.00,0.00,0,15,99,0,0,39,0.00,0.00,0,20,177.23,1.00,1.06,25,0,0.00,0.00,99,0.00,0,0,0,0.00,0.00,18,0.72,0.76,0.00,0.00,0,0,0.00,48,81,67,48,54,1.38,14,0.06,0.06,0.00,14,0.00,0.00,5,3,0.12,0.13,0.00,0.00,4,0,0.00,13,92,47,71,61,45,12,0,0.00,99,7,0.00,0.30,0.59,0.56,14,13,6,6,0.55,0.52,92.86,0,0.00,99,0,0.00,0,0.00,99,0,0.00,0.00,32,78,30,33,0,0,0,0,0,34,48,65,59,0,99,25,58,50,5,19,61,1,0,0
Jose Henrique da Silva Dourado,36,621846000,1989/09/15,Serie B,2023,Forward,Chapecoense,671,336,335,Brazil,13,7,6,0,0,0,0,0,0,0,1,6,3,3,3,1,2,4,0,0,0,0,0,0,0,0.4,224,52,168,0,0.54,307,336,-1,19,0,6.60,0,51,14.24,8.58,3,103,6.50,78,38,10.78,4,0.00,0.00,0.25,3,0.00,0.08,0.41,0.25,3,0.00,0.75,0.00,0.00,0.00,0.00,0.17,0.00,0.00,1.66,0.58,0.92,0.00,0.42,0.04,0.00,0.50,0.00,0.00,0,0,,12,1.00,82,5,0.69,78,7,0.97,84,7,4,8,12,0.00,99,0,0,0.00,9,1,32,0.14,24,0,0.00,99,0,0.00,0,0,0.00,0,0.41,29,11,1.52,71,2,0.28,18.18,0,0.00,0,0,0,0.00,0,0,0.00,98,0.00,0,N/A,N/A,N/A,N/A,0.00,0,0.00,0,0.43,0.00,0,75.73,41.67,62,89,0.08,0.14,1,34,13,0,1,0,0.17,0.28,2,63,79.16,0.58,0.97,7,0,0.00,0.00,99,0.00,0,1,0,0.00,0.00,0,0.00,0.00,0.14,0.08,1,0,0.00,48,21,24,48,98,0.25,6,0.02,0.03,-0.27,0,-0.02,-0.04,91,19,1.58,2.63,1.80,1.08,71,13,0.06,54,18,41,71,0,70,40,0,0.00,99,6,0.00,0.83,9.68,5.83,70,30,41,60,4.15,2.50,42.86,9,1.24,17,0,0.00,0,0.00,99,0,0.00,0.00,32,28,56,98,0,0,0,0,0,34,48,65,59,0,99,85,17,92,3,23,73,9,0,0
José Hugo Sousa dos Santos,26,940143600,1999/10/17,Serie B,2023,Forward,Vitória,1278,645,633,Brazil,34,17,17,3,1,2,1,1,0,0,0,19,13,6,14,3,11,2,0,0.28,0.07,0.21,0.14,0.28,426,0.99,91,38,639,1278,0.14,88,183,-1,7,0,6.71,0.03,67,20.81,8.09,16,259,5.84,187,20,15.03,16,0.00,0.00,0.47,15,0.00,0.66,1.21,0.47,15,0.00,0.56,0.00,0.00,0.00,0.12,1.00,0.00,7.00,1.69,0.34,1.78,0.00,0.31,0.08,0.00,0.25,0.00,0.00,0,0,,21,0.66,83,10,0.80,84,11,0.88,80,3,22,11,52,0.00,99,0,4,0.32,27,21,61,1.69,62,0,0.00,99,0,0.00,0,0,0.00,0,1.21,73,57,4.58,99,32,2.57,56.14,0,0.00,0,0,0,0.00,0,0,0.00,36,0.00,0,N/A,N/A,N/A,N/A,0.00,0,0.00,0,2.64,0.00,0,72.20,47.62,74,40,0.25,0.64,8,99,64,0,0,0,0.03,0.08,1,29,214.77,0.09,0.24,3,0,0.00,0.00,99,0.00,0,0,0,0.00,0.00,0,0.00,0.00,0.32,0.12,4,1,14.29,79,51,92,64,37,1.53,55,0.05,0.12,2.64,90,0.08,0.21,85,29,0.91,2.33,1.29,0.50,43,16,0.21,87,32,9,71,0,85,29,0,0.00,99,8,0.00,0.64,13.10,5.09,163,84,93,90,6.75,2.62,51.53,18,1.45,11,0,23.81,0,0.00,99,5,0.16,0.40,64,42,99,70,0,0,0,0,0,79,85,88,71,0,99,96,84,24,2,6,19,7,0,0
José Leonardo Verissimo do Nascimento,27,920620800,1999/03/05,Serie B,2023,Midfielder,ABC,411,213,198,Brazil,7,4,3,0,0,0,0,0,0,0,0,1,1,0,7,2,5,0,0,0,0,0,0,0,0,1.53,59,59,0,0,0,531,526,-1,42,0,6.41,0,51,24.53,17.71,25,124,13.43,94,38,18.59,27,0.00,0.00,1.00,7,0.00,2.00,0.79,0.57,4,0.00,1.14,0.00,0.00,0.00,0.29,0.57,0.00,0.00,0.79,0.14,1.57,0.00,0.43,0.02,0.00,0.29,0.00,0.00,0,0,,4,0.57,53,3,0.59,74,1,0.20,20,2,1,6,33,0.00,99,0,2,0.40,31,14,94,2.77,76,0,0.00,99,0,0.00,0,0,0.00,0,1.38,80,11,2.18,85,4,0.79,36.36,0,0.00,0,0,0,0.00,0,0,0.00,3,0.00,0,N/A,N/A,N/A,N/A,0.00,0,0.00,0,0.17,0.00,0,75.81,75.00,98,29,0.57,0.79,4,73,24,0,0,0,0.00,0.00,0,20,44.86,0.00,0.00,0,0,0.00,0.00,99,0.00,0,0,0,0.00,0.00,0,0.00,0.00,0.00,0.00,0,0,0.00,48,4,4,48,4,0.48,36,0.07,0.09,0.17,45,0.02,0.03,55,7,1.00,1.38,0.59,0.43,13,3,0.03,43,9,2,71,0,45,18,0,0.00,99,2,0.00,0.40,9.89,7.14,50,17,24,62,3.36,2.43,34.00,8,1.58,7,0,42.86,0,0.00,99,6,0.86,1.19,90,17,30,53,0,0,0,0,0,34,48,65,59,0,99,5,8,8,0,0,10,99,0,0
José Lucio Lopes Leite,21,1088751600,2004/07/02,Serie B,2023,Defender,Botafogo SP,83,83,0,Brazil,1,1,0,0,0,0,0,0,0,0,0,0,0,0,1,1,0,0,0,0,0,0,0,0,0,1.08,83,83,0,0,0,-1,-1,-1,21,N/A,N/A,N/A,N/A,N/A,N/A,N/A,N/A,N/A,N/A,N/A,N/A,N/A,N/A,N/A,N/A,N/A,N/A,N/A,N/A,N/A,N/A,N/A,N/A,N/A,N/A,N/A,N/A,N/A,N/A,N/A,N/A,N/A,N/A,N/A,N/A,N/A,N/A,N/A,N/A,N/A,N/A,N/A,N/A,N/A,N/A,N/A,N/A,N/A,N/A,N/A,N/A,N/A,N/A,N/A,N/A,N/A,N/A,N/A,N/A,N/A,N/A,N/A,N/A,N/A,N/A,N/A,N/A,N/A,N/A,N/A,N/A,N/A,N/A,N/A,N/A,N/A,N/A,N/A,N/A,N/A,N/A,N/A,N/A,N/A,N/A,N/A,N/A,N/A,N/A,N/A,N/A,N/A,N/A,N/A,N/A,N/A,N/A,N/A,N/A,N/A,N/A,N/A,N/A,N/A,N/A,N/A,N/A,N/A,N/A,N/A,N/A,N/A,N/A,N/A,N/A,N/A,N/A,N/A,N/A,N/A,N/A,N/A,N/A,N/A,N/A,N/A,N/A,N/A,N/A,N/A,N/A,N/A,N/A,N/A,N/A,N/A,N/A,N/A,N/A,N/A,N/A,N/A,N/A,N/A,N/A,N/A,N/A,N/A,N/A,N/A,N/A,N/A,N/A,N/A,N/A,N/A,N/A,N/A,N/A,N/A,N/A,N/A,N/A,N/A,N/A,N/A,N/A,N/A,N/A,N/A,N/A,N/A,N/A,N/A,N/A,N/A,N/A,N/A,N/A,N/A,N/A,N/A,N/A,N/A,N/A,N/A,N/A,N/A,N/A,N/A,N/A,N/A,N/A,N/A,N/A,N/A,N/A,N/A,N/A,N/A,N/A,N/A,N/A,N/A,N/A,N/A,N/A,N/A,N/A,N/A,N/A,N/A,N/A,N/A,N/A,N/A,N/A,N/A,N/A,N/A,N/A,N/A,N/A
José Marcos Alves Luis,28,886320000,1998/02/01,Serie B,2023,Defender,Juventude,2363,1080,1283,Brazil,29,12,17,0,0,0,0,0,0,0,0,15,6,9,12,7,5,4,0,0,0,0,0,0,0,0.46,197,81,591,0,0.15,490,486,8,28,0,6.86,0,51,55.11,50.19,96,1355,40.19,1085,63,44.13,93,0.00,0.00,0.22,6,0.00,0.15,0.69,0.63,17,0.00,0.15,0.00,0.00,0.00,0.70,0.15,0.00,0.00,0.57,0.44,0.30,0.00,0.07,0.01,0.00,2.37,0.00,0.00,0,0,,14,0.52,41,2,0.08,27,12,0.49,54,3,3,24,26,0.00,99,0,19,0.77,51,4,67,0.16,25,0,0.00,99,0,0.00,0,0,0.00,0,0.24,20,8,0.33,25,4,0.16,50.00,0,0.00,0,0,0,0.00,0,0,0.00,96,0.00,0,N/A,N/A,N/A,N/A,0.00,0,0.00,0,0.39,0.00,0,80.07,14.29,26,81,0.22,0.24,6,24,55,0,0,0,0.67,0.73,18,88,185.09,3.07,3.38,83,1,0.00,0.04,12,0.04,0,0,1,0.04,0.04,0,0.00,0.00,0.00,0.00,0,0,0.00,48,84,75,48,96,2.43,45,0.09,0.10,0.39,38,0.01,0.02,18,12,0.44,0.49,1.71,1.56,66,42,0.02,37,62,85,79,0,45,94,0,0.00,99,64,0.00,2.60,7.69,7.00,189,97,37,35,3.94,3.59,51.32,4,0.16,79,0,25.00,0,0.00,99,1,0.04,0.04,36,78,50,70,0,0,0,0,0,34,48,65,59,0,99,93,81,27,4,14,47,3,0,0
José Mateus Junior,31,790416000,1995/01/18,Serie B,2023,Midfielder,Novorizontino,576,270,306,Brazil,14,6,8,0,0,0,2,2,0,0,0,4,2,2,3,1,2,2,0,0.31,0.31,0,0,0,0,0.47,192,41,288,288,0.31,493,14,-1,21,0,6.68,0.14,98,25.47,11.64,27,163,8.79,123,35,19.22,28,0.00,0.00,0.50,7,0.00,2.00,1.09,0.50,7,0.00,0.21,0.00,0.00,0.00,0.50,0.14,0.00,0.00,1.09,0.29,0.43,0.00,0.21,0.02,0.00,0.50,0.00,0.00,0,0,,7,0.50,63,3,0.47,68,4,0.62,65,4,10,4,46,0.00,99,0,7,1.09,68,28,90,4.38,90,0,0.00,99,0,0.00,0,0,0.00,0,1.09,66,6,0.94,49,2,0.31,33.33,0,0.00,0,0,0,0.00,0,0,0.00,96,0.00,0,N/A,N/A,N/A,N/A,0.00,0,0.00,0,0.29,0.00,0,75.46,42.86,67,3,0.64,1.41,9,37,22,0,0,0,0.07,0.16,1,44,93.58,0.79,1.72,11,0,0.00,0.00,99,0.00,0,0,1,0.07,0.16,0,0.00,0.00,0.16,0.07,1,0,0.00,48,14,27,48,96,1.65,95,0.12,0.26,0.29,53,0.02,0.05,75,12,0.86,1.88,1.72,0.79,67,11,0.05,51,25,67,98,0,74,53,0,0.00,99,7,0.00,1.09,9.06,4.14,58,28,49,50,4.38,2.00,48.28,3,0.47,60,0,39.29,0,0.00,99,11,0.79,1.72,98,8,85,83,0,0,0,0,0,83,48,65,59,0,99,29,47,61,2,14,47,16,0,0
José Renato da Silva Junior,36,632736000,1990/01/19,Serie B,2023,Forward,CRB,2095,1215,880,Brazil,30,16,14,7,4,3,3,1,2,0,0,11,8,3,17,9,8,6,0,0.43,0.13,0.3,0.3,0.31,299,0.73,123,70,349,698,0.26,51,111,-1,2,0,6.72,0.1,80,18.23,14.52,8,421,10.59,307,23,13.30,11,0.00,0.00,0.69,20,0.00,1.48,1.30,1.03,30,0.00,0.48,0.00,0.00,0.00,0.34,0.24,0.00,6.00,1.82,0.86,1.03,0.00,0.59,0.20,0.00,0.83,0.00,0.00,0,0,,42,1.45,88,17,0.74,80,25,1.08,88,3,4,25,57,0.00,99,0,10,0.43,33,43,35,1.86,66,0,0.00,99,0,0.00,0,0,0.00,0,0.87,55,30,1.30,65,7,0.30,23.33,0,0.00,0,0,0,0.00,0,0,0.00,71,0.00,0,N/A,N/A,N/A,N/A,0.00,0,0.00,0,5.66,0.00,0,72.92,40.48,60,65,0.31,0.39,9,35,15,0,0,0,0.03,0.04,1,22,195.00,0.59,0.74,17,0,0.00,0.00,99,0.00,0,0,3,0.10,0.13,0,0.00,0.00,0.52,0.41,12,0,16.67,85,78,79,58,70,3.14,68,0.11,0.14,5.66,95,0.20,0.25,59,34,1.17,1.47,0.52,0.41,12,12,0.25,92,35,34,95,0,92,51,0,0.00,99,24,0.00,1.04,8.58,6.83,198,95,41,43,4.11,3.28,47.98,14,0.61,50,0,11.63,0,0.00,99,5,0.17,0.22,55,80,56,70,0,1,0,3,0,91,91,91,89,0,99,54,56,53,6,20,65,11,0,0
José Ricardo Araújo Fernandes,27,918028800,1999/02/03,Serie B,2023,Midfielder,Tombense,339,208,131,Brazil,5,3,2,0,0,0,0,0,0,0,0,2,1,1,3,2,1,3,0,0,0,0,0,0,0,0.8,113,68,113,0,0.8,295,305,-1,39,0,6.78,0,51,44.87,33.80,78,169,28.60,143,87,37.96,80,0.00,0.00,0.80,4,0.00,0.00,1.06,0.80,4,0.00,0.40,0.00,0.00,0.00,0.60,0.20,0.00,0.00,0.27,0.20,0.40,0.00,0.00,0.01,0.00,0.40,0.00,0.00,0,0,,1,0.20,17,0,0.00,21,1,0.27,27,9,0,5,45,0.00,99,0,3,0.80,52,0,32,0.00,14,0,0.00,99,0,0.00,0,0,0.00,0,1.06,65,2,0.53,33,1,0.27,50.00,0,0.00,0,0,0,0.00,0,0,0.00,63,0.00,0,N/A,N/A,N/A,N/A,0.00,0,0.00,0,0.03,0.00,0,84.62,0.00,21,77,0.20,0.27,1,33,55,0,0,0,0.20,0.27,1,62,33.92,0.60,0.80,3,0,0.00,0.00,99,0.00,0,0,0,0.00,0.00,0,0.00,0.00,0.00,0.00,0,0,0.00,48,0,1,48,64,0.38,45,0.08,0.10,0.03,27,0.01,0.01,86,9,1.80,2.39,2.12,1.60,81,8,0.01,26,47,35,71,0,45,25,0,0.00,99,2,0.00,0.53,8.50,6.40,32,16,44,42,4.25,3.20,50.00,2,0.53,55,0,0.00,0,0.00,99,0,0.00,0.00,32,11,19,99,0,0,0,0,0,34,48,65,59,0,99,67,10,98,3,60,99,5,0,0
José Ricardo Barbosa Ribeiro Drumond,30,826358400,1996/03/09,Serie B,2023,Midfielder,Ceará,885,452,433,Brazil,17,10,7,0,0,0,0,0,0,0,0,7,6,1,10,3,7,4,0,0,0,0,0,0,0,1.02,89,52,221,0,0.41,338,337,-1,22,0,7.19,0,51,49.27,30.40,86,456,24.00,360,57,38.90,83,0.00,0.00,0.53,8,0.00,0.20,2.05,1.27,19,0.00,0.40,0.00,0.00,0.00,0.73,0.27,0.00,0.00,0.65,0.27,0.40,0.00,0.13,0.01,0.00,0.93,0.00,0.00,0,0,,6,0.40,46,2,0.22,47,4,0.43,47,1,8,8,88,0.00,99,0,11,1.19,73,3,32,0.32,33,0,0.00,99,0,0.00,0,0,0.00,0,0.86,55,6,0.65,37,4,0.43,66.67,0,0.00,0,0,0,0.00,0,0,0.00,34,0.00,0,N/A,N/A,N/A,N/A,0.00,0,0.00,0,0.22,0.00,0,78.95,33.33,49,30,0.47,0.76,7,49,83,0,0,0,0.27,0.43,4,75,107.78,0.40,0.65,6,0,0.00,0.00,99,0.00,0,0,0,0.00,0.00,0,0.00,0.00,0.11,0.07,1,0,0.00,48,33,38,48,35,0.99,50,0.07,0.11,0.22,38,0.01,0.02,51,12,0.80,1.30,2.16,1.33,82,20,0.02,37,95,28,71,0,65,69,0,0.00,99,14,0.00,1.51,10.37,6.40,96,49,74,68,5.29,3.27,51.04,6,0.65,46,0,0.00,0,0.00,99,0,0.00,0.00,32,28,79,33,0,0,0,0,0,34,48,65,59,0,99,70,30,79,4,24,75,7,0,0
Jose Roberto Assunção de Araujo Filho,32,747990000,1993/09/14,Serie B,2023,Forward,Mirassol,1384,749,635,Brazil,19,10,9,8,4,4,3,2,1,4,1,9,5,4,9,4,5,7,1,0.72,0.2,0.52,0.48,0.57,173,0.59,154,73,173,461,0.52,9,51,-1,1,0,6.97,0.16,92,19.25,15.58,10,296,10.89,207,13,13.46,12,0.00,0.00,0.79,15,0.00,0.63,0.46,0.37,7,0.00,1.11,0.00,0.00,0.00,0.16,0.53,0.00,3.38,1.76,0.53,1.32,0.00,0.89,0.29,0.00,1.37,0.00,0.00,0,0,,27,1.42,85,17,1.11,96,10,0.65,67,3,0,19,14,0.00,99,0,3,0.20,20,12,67,0.78,48,0,0.00,99,0,0.00,0,0,0.00,0,0.98,62,25,1.63,74,10,0.65,40.00,0,0.00,0,0,0,0.00,0,0,0.00,91,0.00,0,N/A,N/A,N/A,N/A,0.00,0,0.00,0,5.51,0.00,0,69.93,62.96,94,78,0.21,0.26,4,65,31,4,1,0,0.05,0.07,1,27,132.48,0.32,0.39,6,0,0.00,0.00,99,0.00,0,5,0,0.00,0.00,0,0.00,0.00,0.59,0.47,9,1,29.63,97,56,46,50,91,2.71,83,0.14,0.18,2.01,76,0.11,0.13,78,32,1.68,2.08,2.41,1.95,89,37,0.36,98,82,15,71,0,94,75,0,0.00,99,26,0.00,1.69,11.71,9.47,180,75,64,82,4.88,3.95,41.67,21,1.37,13,0,25.00,0,0.00,99,3,0.16,0.20,53,66,19,70,0,2,0,11,0,99,98,98,95,0,99,87,19,90,6,32,89,9,0,0
Jose Rodrigo Andrade Ramos,29,854956800,1997/02/03,Serie B,2023,Midfielder,Vitória,2028,1167,861,Brazil,25,15,10,2,2,0,2,2,0,0,0,16,11,5,14,6,8,10,0,0.18,0.09,0.09,0.15,0,1014,0.62,145,81,203,1014,0.44,198,157,-1,10,0,6.92,0.08,74,47.97,43.24,84,1081,37.72,943,96,41.85,88,0.00,0.00,0.56,14,0.00,0.40,1.95,1.76,44,0.00,0.72,0.00,0.00,0.00,1.08,0.76,0.00,6.00,0.53,0.32,1.12,0.00,0.16,0.06,0.00,0.60,0.00,0.00,0,0,,12,0.48,38,4,0.18,42,8,0.36,39,3,2,23,85,0.00,99,0,27,1.20,74,10,51,0.44,40,0,0.00,99,0,0.00,0,0,0.00,0,0.62,41,28,1.24,63,19,0.84,67.86,0,0.00,0,0,0,0.00,0,0,0.00,87,0.00,0,N/A,N/A,N/A,N/A,0.00,0,0.00,0,1.56,0.00,0,87.23,33.33,49,11,1.00,1.11,25,76,83,0,0,0,0.28,0.31,7,67,172.99,0.96,1.07,24,0,0.00,0.00,99,0.00,0,0,0,0.00,0.00,0,0.00,0.00,0.04,0.04,1,0,16.67,85,75,63,87,87,3.67,76,0.15,0.16,1.56,60,0.06,0.07,74,42,1.68,1.86,2.31,2.08,87,52,0.07,58,74,48,71,0,50,31,0,0.00,99,15,0.00,0.67,10.25,9.24,231,120,75,66,5.33,4.80,51.95,18,0.80,38,0,20.00,0,0.00,99,2,0.08,0.09,42,75,39,70,0,0,0,0,0,66,63,65,72,0,99,98,26,82,10,40,96,8,0,0
José Sabino Chagas Monteiro,29,846226800,1996/10/25,Serie B,2023,Defender,Sport Recife,2615,1355,1260,Brazil,30,16,14,1,1,0,0,0,0,0,0,12,9,3,26,10,16,4,0,0.03,0,0.03,0.07,0,2615,0.89,101,87,654,0,0.14,268,321,109,17,0,7.05,0,51,56.62,54.83,97,1645,45.00,1350,74,46.46,96,0.00,0.00,0.50,15,0.00,0.37,1.20,1.17,35,0.00,0.30,0.00,0.00,0.00,0.57,0.07,0.00,29.00,1.00,0.80,0.17,0.00,0.17,0.05,0.00,2.13,0.00,0.00,0,0,,29,0.97,61,5,0.17,39,24,0.83,77,1,0,30,51,0.00,99,0,17,0.59,41,11,73,0.38,37,0,0.00,99,0,0.00,0,0,0.00,0,0.52,33,5,0.17,17,2,0.07,40.00,0,0.00,0,0,0,0.00,0,0,0.00,50,0.00,0,N/A,N/A,N/A,N/A,0.00,0,0.00,0,1.46,0.00,0,82.07,17.24,28,70,0.33,0.34,10,14,31,0,0,0,0.60,0.62,18,85,211.57,4.33,4.47,130,0,0.00,0.00,99,0.00,0,0,2,0.07,0.07,0,0.00,0.00,0.00,0.00,0,0,3.45,49,90,79,99,49,3.97,68,0.13,0.14,1.46,53,0.05,0.05,25,18,0.60,0.62,0.96,0.93,27,28,0.05,51,90,93,88,0,45,88,0,0.00,99,64,0.00,2.20,7.02,6.80,204,118,39,27,4.06,3.93,57.84,9,0.31,70,0,27.27,0,0.00,99,3,0.10,0.10,43,90,19,33,0,0,0,0,0,35,50,65,62,0,99,67,85,24,4,13,43,35,0,0
José Vitor dos Santos Silva,27,910166400,1998/11/04,Serie B,2023,Forward,Londrina,599,368,231,Brazil,12,8,4,0,0,0,0,0,0,0,0,5,4,1,7,2,5,1,0,0,0,0,0,0,0,1.05,86,50,599,0,0.15,360,313,-1,16,0,6.63,0,51,18.93,10.50,10,126,6.42,77,3,11.57,6,0.00,0.00,0.25,3,0.00,0.17,0.45,0.25,3,0.00,0.58,0.00,0.00,0.00,0.00,0.17,0.00,0.00,2.10,0.92,0.33,0.00,0.25,0.04,0.00,1.25,0.00,0.00,0,0,,14,1.17,95,3,0.45,67,11,1.65,99,1,5,7,13,0.00,99,0,0,0.00,9,2,32,0.30,32,0,0.00,99,0,0.00,0,0,0.00,0,0.45,31,4,0.60,35,2,0.30,50.00,0,0.00,0,0,0,0.00,0,0,0.00,31,0.00,0,N/A,N/A,N/A,N/A,0.00,0,0.00,0,0.48,0.00,0,61.11,21.43,32,75,0.17,0.30,2,35,55,0,0,0,0.00,0.00,0,20,79.51,0.17,0.30,2,0,0.00,0.00,99,0.00,0,0,0,0.00,0.00,0,0.00,0.00,0.90,0.50,6,0,0.00,48,16,20,48,32,0.26,8,0.02,0.04,0.48,60,0.04,0.07,71,12,1.00,1.80,0.90,0.50,24,6,0.07,58,20,12,71,0,99,88,0,0.00,99,15,0.00,2.25,10.82,6.00,72,32,61,73,4.81,2.67,44.44,7,1.05,24,0,0.00,0,0.00,99,0,0.00,0.00,32,22,64,33,0,0,0,0,0,34,48,65,59,0,99,74,82,27,1,8,26,9,0,0
José Vitor Lima Cardoso,25,981705600,2001/02/09,Serie B,2023,Defender,Tombense,651,355,296,Brazil,13,5,8,2,2,0,0,0,0,0,0,1,0,1,9,4,5,4,0,0.28,0,0.28,0.51,0,326,1.24,72,50,163,0,0.55,56,511,185,6,0,0.00,0,51,0.00,0.00,0,0,0.00,0,0,0.00,0,0.00,0.00,0.00,0,0.00,0.00,0.00,0.00,0,0.00,0.00,0.00,0.00,0.00,0.00,0.00,0.00,0.00,0.00,0.00,0.00,0.00,0.00,0.00,0.00,0.00,0.00,0.00,0,0,,0,0.00,9,0,0.00,21,0,0.00,10,2,5,7,4,0.00,99,0,0,0.00,9,0,32,0.00,14,0,0.00,99,0,0.00,0,0,0.00,0,0.00,6,0,0.00,8,0,0.00,0.00,0,0.00,0,0,0,0.00,0,0,0.00,14,0.00,0,N/A,N/A,N/A,N/A,0.00,0,0.00,0,0.00,0.00,0,0.00,0.00,21,99,0.00,0.00,0,12,12,0,0,0,0.00,0.00,0,20,0.00,0.00,0.00,0,0,0.00,0.00,99,0.00,0,0,0,0.00,0.00,0,0.00,0.00,0.00,0.00,0,0,0.00,48,19,24,59,14,0.00,0,0.00,0.00,0.00,14,0.00,0.00,1,0,0.00,0.00,0.00,0.00,4,0,0.00,13,0,2,71,0,45,2,0,0.00,99,0,0.00,0.00,0.00,0.00,0,0,0,0,0.00,0.00,0.00,0,0.00,99,0,0.00,0,0.00,99,0,0.00,0.00,32,22,64,53,0,1,0,0,0,79,90,65,96,0,99,2,15,93,3,0,10,15,0,0
José Walber de Mota de Amorim,28,866098800,1997/06/12,Serie B,2023,Defender,Guarani,1027,487,540,Brazil,13,7,6,0,0,0,0,0,0,0,0,3,1,2,9,4,5,4,0,0,0,0,0,0,0,0.79,114,79,257,0,0.35,459,293,72,19,0,6.67,0,51,40.66,35.69,65,464,29.08,378,70,33.13,67,0.00,0.00,0.23,3,0.00,0.00,0.79,0.69,9,0.00,0.08,0.00,0.00,0.00,0.54,0.08,0.00,0.00,0.35,0.31,0.15,0.00,0.00,0.01,0.00,1.62,0.00,0.00,0,0,,4,0.31,23,0,0.00,21,4,0.35,37,2,2,11,33,0.00,99,0,7,0.61,42,0,32,0.00,14,0,0.00,99,0,0.00,0,0,0.00,0,0.26,22,2,0.18,18,1,0.09,50.00,0,0.00,0,0,0,0.00,0,0,0.00,64,0.00,0,N/A,N/A,N/A,N/A,0.00,0,0.00,0,0.12,0.00,0,81.47,0.00,21,60,0.38,0.44,5,16,55,0,0,0,0.46,0.53,6,82,86.76,3.69,4.21,48,0,0.00,0.00,99,0.00,0,0,0,0.00,0.00,0,0.00,0.00,0.00,0.00,0,0,0.00,48,41,24,48,64,1.01,36,0.08,0.09,0.12,27,0.01,0.01,29,8,0.62,0.70,1.40,1.23,50,16,0.01,26,24,91,71,0,45,80,0,0.00,99,21,0.00,1.84,6.13,5.38,70,39,25,18,3.42,3.00,55.71,1,0.09,85,0,0.00,0,0.00,99,0,0.00,0.00,32,42,39,53,0,0,0,0,0,34,48,65,59,0,99,17,40,69,4,31,88,4,0,0
Juan Christian Pereira Coelho,25,984211200,2001/03/10,Serie B,2023,Forward,Vila Nova,995,596,399,Brazil,16,9,7,4,3,1,2,1,1,0,0,3,2,1,7,4,3,2,0,0.54,0.18,0.36,0.45,0.23,249,0.63,142,62,498,498,0.18,31,65,-1,5,0,0.00,0,90,0.00,0.00,0,0,0.00,0,0,0.00,0,0.00,0.00,0.00,0,0.00,0.00,0.00,0.00,0,0.00,0.00,0.00,0.00,0.00,0.00,0.00,0.00,0.00,0.00,0.00,0.00,0.00,0.00,0.00,0.00,0.00,0.00,0.00,0,0,,0,0.00,9,0,0.00,21,0,0.00,10,1,3,11,4,0.00,99,0,0,0.00,9,0,32,0.00,14,0,0.00,99,0,0.00,0,0,0.00,0,0.00,6,0,0.00,8,0,0.00,0.00,0,0.00,0,0,0,0.00,0,0,0.00,85,0.00,0,N/A,N/A,N/A,N/A,0.00,0,0.00,0,0.00,0.00,0,0.00,0.00,21,99,0.00,0.00,0,12,12,0,0,0,0.00,0.00,0,20,0.00,0.00,0.00,0,0,0.00,0.00,99,0.00,0,0,0,0.00,0.00,0,0.00,0.00,0.00,0.00,0,0,0.00,48,40,34,54,84,0.00,0,0.00,0.00,0.00,14,0.00,0.00,1,0,0.00,0.00,0.00,0.00,4,0,0.00,13,0,2,71,0,45,2,0,0.00,99,0,0.00,0.00,0.00,0.00,0,0,0,0,0.00,0.00,0.00,0,0.00,99,0,0.00,0,0.00,99,0,0.00,0.00,32,42,50,33,0,1,0,0,0,97,95,85,94,0,99,11,73,35,2,0,10,7,0,0
Juan Cláudio de Faria Xavier,24,1013155200,2002/02/08,Serie B,2023,Midfielder,Sport Recife,131,100,31,Brazil,5,4,1,0,0,0,0,0,0,0,0,2,2,0,1,0,1,0,0,0,0,0,0,0,0,0.69,131,26,0,0,0,-1,-1,-1,35,0,0.00,0,51,0.00,0.00,0,0,0.00,0,0,0.00,0,0.00,0.00,0.00,0,0.00,0.00,0.00,0.00,0,0.00,0.00,0.00,0.00,0.00,0.00,0.00,0.00,0.00,0.00,0.00,0.00,0.00,0.00,0.00,0.00,0.00,0.00,0.00,0,0,,0,0.00,9,0,0.00,21,0,0.00,10,3,3,1,4,0.00,99,0,0,0.00,9,0,32,0.00,14,0,0.00,99,0,0.00,0,0,0.00,0,0.00,6,0,0.00,8,0,0.00,0.00,0,0.00,0,0,0,0.00,0,0,0.00,78,0.00,0,N/A,N/A,N/A,N/A,0.00,0,0.00,0,0.00,0.00,0,0.00,0.00,21,99,0.00,0.00,0,12,12,0,0,0,0.00,0.00,0,20,0.00,0.00,0.00,0,0,0.00,0.00,99,0.00,0,0,0,0.00,0.00,0,0.00,0.00,0.00,0.00,0,0,0.00,48,0,1,48,79,0.00,0,0.00,0.00,0.00,14,0.00,0.00,1,0,0.00,0.00,0.00,0.00,4,0,0.00,13,0,2,71,0,45,2,0,0.00,99,0,0.00,0.00,0.00,0.00,0,0,0,0,0.00,0.00,0.00,0,0.00,99,0,0.00,0,0.00,99,0,0.00,0.00,32,0,50,70,0,0,0,0,0,34,48,65,59,0,99,67,8,8,0,0,10,56,0,0
Juan Martínez,27,918115200,1999/02/04,Serie B,2023,Defender,Botafogo SP,90,90,0,Mexico,1,1,0,0,0,0,0,0,0,0,0,1,1,0,0,0,0,0,0,0,0,0,0,0,0,0,0,90,0,0,0,-1,-1,-1,18,0,0.00,0,51,0.00,0.00,0,0,0.00,0,0,0.00,0,0.00,0.00,0.00,0,0.00,0.00,0.00,0.00,0,0.00,0.00,0.00,0.00,0.00,0.00,0.00,0.00,0.00,0.00,0.00,0.00,0.00,0.00,0.00,0.00,0.00,0.00,0.00,0,0,,0,0.00,9,0,0.00,21,0,0.00,10,2,0,1,4,0.00,99,0,0,0.00,9,0,32,0.00,14,0,0.00,99,0,0.00,0,0,0.00,0,0.00,6,0,0.00,8,0,0.00,0.00,0,0.00,0,0,0,0.00,0,0,0.00,99,0.00,0,N/A,N/A,N/A,N/A,0.00,0,0.00,0,0.00,0.00,0,0.00,0.00,21,99,0.00,0.00,0,12,12,0,0,0,0.00,0.00,0,20,0.00,0.00,0.00,0,0,0.00,0.00,99,0.00,0,0,0,0.00,0.00,0,0.00,0.00,0.00,0.00,0,0,0.00,48,0,0,48,0,0.00,0,0.00,0.00,0.00,14,0.00,0.00,1,0,0.00,0.00,0.00,0.00,4,0,0.00,13,0,2,71,0,45,2,0,0.00,99,0,0.00,0.00,0.00,0.00,0,0,0,0,0.00,0.00,0.00,0,0.00,99,0,0.00,0,0.00,99,0,0.00,0.00,32,0,19,53,0,0,0,0,0,34,48,65,59,0,99,99,8,8,0,0,10,2,0,0
Jucimar José Teixeira,36,643186800,1990/05/20,Serie B,2023,Defender,ABC,806,509,297,Brazil,12,7,5,0,0,0,0,0,0,0,0,2,1,1,12,5,7,4,0,0,0,0,0,0,0,1.34,67,67,202,0,0.45,487,481,196,50,0,6.56,0,51,37.31,27.92,55,335,20.33,244,22,27.18,49,0.00,0.00,0.42,5,0.00,2.33,2.56,1.92,23,0.00,0.17,0.00,0.00,0.00,1.58,0.25,0.00,0.00,0.45,0.25,0.83,0.00,0.08,0.01,0.00,0.83,0.00,0.00,0,0,,4,0.33,31,1,0.11,31,3,0.33,35,3,1,11,95,0.00,99,0,19,2.12,98,28,40,3.12,80,0,0.00,99,0,0.00,0,0,0.00,0,0.56,36,10,1.11,57,3,0.33,30.00,0,0.00,0,0,0,0.00,0,0,0.00,10,0.00,0,N/A,N/A,N/A,N/A,0.00,0,0.00,0,0.14,0.00,0,72.84,25.00,36,0,1.67,2.23,20,39,19,0,0,0,0.17,0.22,2,56,78.69,1.08,1.45,13,0,0.00,0.00,99,0.00,0,0,0,0.00,0.00,0,0.00,0.00,0.11,0.08,1,0,0.00,48,28,20,48,10,0.74,27,0.06,0.08,0.14,38,0.01,0.02,45,10,0.83,1.11,2.23,1.67,86,20,0.02,37,14,62,71,0,65,55,0,0.00,99,10,0.00,1.11,11.47,8.58,103,46,69,78,5.12,3.83,44.66,2,0.22,74,0,14.29,0,0.00,99,4,0.33,0.45,67,42,30,70,0,0,0,0,0,34,48,65,59,0,99,8,26,83,4,33,92,51,0,0
Julimar Silva Oliveira Junior,25,980409600,2001/01/25,Serie B,2023,Forward,Mirassol,514,209,305,Brazil,19,9,10,1,1,0,0,0,0,0,0,11,6,5,6,1,5,4,1,0.18,0,0.18,0.43,0,514,1.05,86,27,129,0,0.7,110,288,-1,15,0,6.63,0,51,28.84,8.72,36,157,6.44,116,26,21.31,34,0.00,0.00,0.22,4,0.00,0.67,1.47,0.44,8,0.00,0.28,0.00,0.00,0.00,0.17,0.28,0.00,10.00,1.84,0.44,0.44,0.00,0.11,0.05,0.00,0.44,0.00,0.00,0,0,,10,0.56,88,2,0.37,62,8,1.47,96,0,17,1,64,0.00,99,0,3,0.55,39,12,32,2.20,68,0,0.00,99,0,0.00,0,0,0.00,0,0.73,47,8,1.47,69,5,0.92,62.50,0,0.00,0,0,0,0.00,0,0,0.00,31,0.00,0,N/A,N/A,N/A,N/A,0.00,0,0.00,0,0.92,0.00,0,73.89,20.00,31,67,0.11,0.37,2,79,76,0,0,0,0.06,0.18,1,49,119.28,0.33,1.10,6,0,0.00,0.00,99,0.00,0,0,0,0.00,0.00,0,0.00,0.00,0.55,0.17,3,0,10.00,68,9,46,70,32,0.36,19,0.02,0.07,0.92,84,0.05,0.17,44,6,0.33,1.10,3.31,1.00,99,18,0.17,82,20,49,71,0,93,66,0,0.00,99,8,0.00,1.47,10.29,3.11,56,27,65,67,4.96,1.50,48.21,5,0.92,29,0,0.00,0,0.00,99,0,0.00,0.00,32,0,96,9,0,0,0,0,0,66,81,65,93,0,99,97,11,97,2,11,37,18,0,0
Júlio César Czarnerski,31,776674800,1994/08/12,Serie B,2023,Forward,Avaí,323,189,134,Brazil,8,5,3,1,1,0,1,0,1,0,0,2,2,0,4,1,3,4,0,0.56,0.28,0.28,0.48,0,323,1.11,81,40,81,323,1.11,57,18,-1,13,0,6.73,0.12,97,22.85,10.25,20,82,6.88,55,8,15.33,17,0.00,0.00,0.62,5,0.00,1.62,1.39,0.62,5,0.00,0.62,0.00,0.00,0.00,0.75,0.12,0.00,6.00,1.67,0.25,0.50,0.00,0.50,0.10,0.00,0.25,0.00,0.00,0,0,,6,0.75,82,4,1.11,96,2,0.56,59,1,6,2,60,0.00,99,0,6,1.67,92,13,33,3.62,85,0,0.00,99,0,0.00,0,0,0.00,0,1.39,80,4,1.11,57,1,0.28,25.00,0,0.00,0,0,0,0.00,0,0,0.00,25,0.00,0,N/A,N/A,N/A,N/A,0.00,0,0.00,0,0.84,0.00,0,67.07,66.67,96,0,1.12,2.51,9,34,16,0,0,0,0.00,0.00,0,20,53.82,0.25,0.56,2,0,0.00,0.00,99,0.00,0,0,0,0.00,0.00,0,0.00,0.00,0.56,0.25,2,0,16.67,85,0,6,59,25,0.89,95,0.11,0.25,0.84,93,0.10,0.23,66,6,0.75,1.67,3.07,1.38,98,11,0.23,90,37,24,71,0,93,26,0,0.00,99,2,0.00,0.56,11.98,5.38,43,14,36,84,3.90,1.75,32.56,5,1.39,12,0,7.69,0,0.00,99,1,0.12,0.28,57,1,70,33,0,0,0,0,0,97,90,65,95,0,99,22,8,99,4,50,99,94,0,0
Júlio César Jacobi,39,526028400,1986/09/02,Serie B,2023,Goalkeeper,CRB,90,0,90,Brazil,1,0,1,0,0,0,0,0,0,0,0,0,0,0,3,0,3,0,0,0,0,0,0,0,0,3,30,90,0,0,0,-1,-1,-1,37,N/A,N/A,N/A,N/A,N/A,N/A,N/A,N/A,N/A,N/A,N/A,N/A,N/A,N/A,N/A,N/A,N/A,N/A,N/A,N/A,N/A,N/A,N/A,N/A,N/A,N/A,N/A,N/A,N/A,N/A,N/A,N/A,N/A,N/A,N/A,N/A,N/A,N/A,N/A,N/A,N/A,N/A,N/A,N/A,N/A,N/A,N/A,N/A,N/A,N/A,N/A,N/A,N/A,N/A,N/A,N/A,N/A,N/A,N/A,N/A,N/A,N/A,N/A,N/A,N/A,N/A,N/A,N/A,N/A,N/A,N/A,N/A,N/A,N/A,N/A,N/A,N/A,N/A,N/A,N/A,N/A,N/A,N/A,N/A,N/A,N/A,N/A,N/A,N/A,N/A,N/A,N/A,N/A,N/A,N/A,N/A,N/A,N/A,N/A,N/A,N/A,N/A,N/A,N/A,N/A,N/A,N/A,N/A,N/A,N/A,N/A,N/A,N/A,N/A,N/A,N/A,N/A,N/A,N/A,N/A,N/A,N/A,N/A,N/A,N/A,N/A,N/A,N/A,N/A,N/A,N/A,N/A,N/A,N/A,N/A,N/A,N/A,N/A,N/A,N/A,N/A,N/A,N/A,N/A,N/A,N/A,N/A,N/A,N/A,N/A,N/A,N/A,N/A,N/A,N/A,N/A,N/A,N/A,N/A,N/A,N/A,N/A,N/A,N/A,N/A,N/A,N/A,N/A,N/A,N/A,N/A,N/A,N/A,N/A,N/A,N/A,N/A,N/A,N/A,N/A,N/A,N/A,N/A,N/A,N/A,N/A,N/A,N/A,N/A,N/A,N/A,N/A,N/A,N/A,N/A,N/A,N/A,N/A,N/A,N/A,N/A,N/A,N/A,N/A,N/A,N/A,N/A,N/A,N/A,N/A,N/A,N/A,N/A,N/A,N/A,N/A,N/A,N/A,N/A,N/A,N/A,N/A,N/A,N/A
Kaio Silva Mendes,31,795513600,1995/03/18,Serie B,2023,Midfielder,Chapecoense,525,234,291,Brazil,12,7,5,0,0,0,1,0,1,0,0,4,4,0,7,3,4,3,0,0.17,0.17,0,0,0,0,1.2,75,44,175,525,0.51,489,67,-1,32,0,6.75,0.08,89,43.37,21.08,74,253,18.58,223,98,38.23,81,0.00,0.00,1.00,12,0.00,3.00,1.20,0.58,7,0.00,0.75,0.00,0.00,0.00,0.42,0.17,0.00,0.00,0.86,0.25,0.42,0.00,0.17,0.02,0.00,0.25,0.00,0.00,0,0,,5,0.42,57,2,0.34,59,3,0.51,55,1,6,6,51,0.00,99,0,5,0.86,55,36,80,6.17,97,0,0.00,99,0,0.00,0,0,0.00,0,2.06,94,5,0.86,45,2,0.34,40.00,0,0.00,0,0,0,0.00,0,0,0.00,17,0.00,0,N/A,N/A,N/A,N/A,0.00,0,0.00,0,0.22,0.00,0,88.14,40.00,60,51,0.25,0.51,3,41,31,0,0,0,0.25,0.51,3,81,81.04,0.50,1.03,6,0,0.00,0.00,99,0.00,0,0,0,0.00,0.00,0,0.00,0.00,0.00,0.00,0,0,0.00,48,10,20,48,17,1.44,95,0.12,0.25,0.22,49,0.02,0.04,75,11,0.92,1.89,3.43,1.67,99,20,0.04,47,41,45,71,0,45,25,0,0.00,99,3,0.00,0.51,10.63,5.17,62,23,37,71,3.94,1.92,37.10,9,1.54,9,0,30.56,0,0.00,99,11,0.92,1.89,98,17,70,33,0,0,0,0,0,64,48,65,59,0,99,45,20,88,3,25,79,8,0,0
Kaique Gonsalves Clemente,21,1090306800,2004/07/20,Serie B,2023,Midfielder,Ituano,34,34,0,Brazil,2,2,0,0,0,0,0,0,0,0,0,0,0,0,0,0,0,0,0,0,0,0,0,0,0,0,0,17,0,0,0,-1,-1,-1,39,0,0.00,0,51,0.00,0.00,0,0,0.00,0,0,0.00,0,0.00,0.00,0.00,0,0.00,0.00,0.00,0.00,0,0.00,0.00,0.00,0.00,0.00,0.00,0.00,0.00,0.00,0.00,0.00,0.00,0.00,0.00,0.00,0.00,0.00,0.00,0.00,0,0,,0,0.00,9,0,0.00,21,0,0.00,10,0,2,0,4,0.00,99,0,0,0.00,9,0,32,0.00,14,0,0.00,99,0,0.00,0,0,0.00,0,0.00,6,0,0.00,8,0,0.00,0.00,0,0.00,0,0,0,0.00,0,0,0.00,99,0.00,0,N/A,N/A,N/A,N/A,0.00,0,0.00,0,0.00,0.00,0,0.00,0.00,21,99,0.00,0.00,0,12,12,0,0,0,0.00,0.00,0,20,0.00,0.00,0.00,0,0,0.00,0.00,99,0.00,0,0,0,0.00,0.00,0,0.00,0.00,0.00,0.00,0,0,0.00,48,0,0,48,0,0.00,0,0.00,0.00,0.00,14,0.00,0.00,1,0,0.00,0.00,0.00,0.00,4,0,0.00,13,0,2,71,0,45,2,0,0.00,99,0,0.00,0.00,0.00,0.00,0,0,0,0,0.00,0.00,0.00,0,0.00,99,0,0.00,0,0.00,99,0,0.00,0.00,32,0,39,9,0,0,0,0,0,34,48,65,59,0,99,1,8,8,0,0,10,20,0,0
Kaique Jonathan Silveira dos Santos,23,1051167600,2003/04/24,Serie B,2023,Forward,Novorizontino,0,0,0,Brazil,0,0,0,0,0,0,0,0,0,0,0,0,0,0,0,0,0,0,0,0,0,0,0,0,0,0,0,0,0,0,0,-1,-1,-1,-1,N/A,N/A,N/A,N/A,N/A,N/A,N/A,N/A,N/A,N/A,N/A,N/A,N/A,N/A,N/A,N/A,N/A,N/A,N/A,N/A,N/A,N/A,N/A,N/A,N/A,N/A,N/A,N/A,N/A,N/A,N/A,N/A,N/A,N/A,N/A,N/A,N/A,N/A,N/A,N/A,N/A,N/A,N/A,N/A,N/A,N/A,N/A,N/A,N/A,N/A,N/A,N/A,N/A,N/A,N/A,N/A,N/A,N/A,N/A,N/A,N/A,N/A,N/A,N/A,N/A,N/A,N/A,N/A,N/A,N/A,N/A,N/A,N/A,N/A,N/A,N/A,N/A,N/A,N/A,N/A,N/A,N/A,N/A,N/A,N/A,N/A,N/A,N/A,N/A,N/A,N/A,N/A,N/A,N/A,N/A,N/A,N/A,N/A,N/A,N/A,N/A,N/A,N/A,N/A,N/A,N/A,N/A,N/A,N/A,N/A,N/A,N/A,N/A,N/A,N/A,N/A,N/A,N/A,N/A,N/A,N/A,N/A,N/A,N/A,N/A,N/A,N/A,N/A,N/A,N/A,N/A,N/A,N/A,N/A,N/A,N/A,N/A,N/A,N/A,N/A,N/A,N/A,N/A,N/A,N/A,N/A,N/A,N/A,N/A,N/A,N/A,N/A,N/A,N/A,N/A,N/A,N/A,N/A,N/A,N/A,N/A,N/A,N/A,N/A,N/A,N/A,N/A,N/A,N/A,N/A,N/A,N/A,N/A,N/A,N/A,N/A,N/A,N/A,N/A,N/A,N/A,N/A,N/A,N/A,N/A,N/A,N/A,N/A,N/A,N/A,N/A,N/A,N/A,N/A,N/A,N/A,N/A,N/A,N/A,N/A,N/A,N/A,N/A,N/A,N/A,N/A,N/A,N/A,N/A,N/A,N/A,N/A,N/A,N/A,N/A,N/A,N/A,N/A,N/A,N/A,N/A,N/A,N/A,N/A
Kauã Inácio Moroso,22,1078992000,2004/03/11,Serie B,2023,Goalkeeper,Criciúma,0,0,0,Brazil,0,0,0,0,0,0,0,0,0,0,0,0,0,0,0,0,0,0,0,0,0,0,0,0,0,0,0,0,0,0,0,-1,-1,-1,-1,N/A,N/A,N/A,N/A,N/A,N/A,N/A,N/A,N/A,N/A,N/A,N/A,N/A,N/A,N/A,N/A,N/A,N/A,N/A,N/A,N/A,N/A,N/A,N/A,N/A,N/A,N/A,N/A,N/A,N/A,N/A,N/A,N/A,N/A,N/A,N/A,N/A,N/A,N/A,N/A,N/A,N/A,N/A,N/A,N/A,N/A,N/A,N/A,N/A,N/A,N/A,N/A,N/A,N/A,N/A,N/A,N/A,N/A,N/A,N/A,N/A,N/A,N/A,N/A,N/A,N/A,N/A,N/A,N/A,N/A,N/A,N/A,N/A,N/A,N/A,N/A,N/A,N/A,N/A,N/A,N/A,N/A,N/A,N/A,N/A,N/A,N/A,N/A,N/A,N/A,N/A,N/A,N/A,N/A,N/A,N/A,N/A,N/A,N/A,N/A,N/A,N/A,N/A,N/A,N/A,N/A,N/A,N/A,N/A,N/A,N/A,N/A,N/A,N/A,N/A,N/A,N/A,N/A,N/A,N/A,N/A,N/A,N/A,N/A,N/A,N/A,N/A,N/A,N/A,N/A,N/A,N/A,N/A,N/A,N/A,N/A,N/A,N/A,N/A,N/A,N/A,N/A,N/A,N/A,N/A,N/A,N/A,N/A,N/A,N/A,N/A,N/A,N/A,N/A,N/A,N/A,N/A,N/A,N/A,N/A,N/A,N/A,N/A,N/A,N/A,N/A,N/A,N/A,N/A,N/A,N/A,N/A,N/A,N/A,N/A,N/A,N/A,N/A,N/A,N/A,N/A,N/A,N/A,N/A,N/A,N/A,N/A,N/A,N/A,N/A,N/A,N/A,N/A,N/A,N/A,N/A,N/A,N/A,N/A,N/A,N/A,N/A,N/A,N/A,N/A,N/A,N/A,N/A,N/A,N/A,N/A,N/A,N/A,N/A,N/A,N/A,N/A,N/A,N/A,N/A,N/A,N/A,N/A,N/A
Kauan Richard Leal Silva,21,1106035200,2005/01/18,Serie B,2023,Midfielder,Ituano,851,350,501,Brazil,12,5,7,0,0,0,0,0,0,0,0,4,2,2,10,4,6,4,0,0,0,0,0,0,0,1.06,85,71,213,0,0.42,336,345,-1,14,0,0.00,0,51,0.00,0.00,0,0,0.00,0,0,0.00,0,0.00,0.00,0.00,0,0.00,0.00,0.00,0.00,0,0.00,0.00,0.00,0.00,0.00,0.00,0.00,0.00,0.00,0.00,0.00,0.00,0.00,0.00,0.00,0.00,0.00,0.00,0.00,0,0,,0,0.00,9,0,0.00,21,0,0.00,10,6,3,9,4,0.00,99,0,0,0.00,9,0,32,0.00,14,0,0.00,99,0,0.00,0,0,0.00,0,0.00,6,0,0.00,8,0,0.00,0.00,0,0.00,0,0,0,0.00,0,0,0.00,29,0.00,0,N/A,N/A,N/A,N/A,0.00,0,0.00,0,0.00,0.00,0,0.00,0.00,21,99,0.00,0.00,0,12,12,0,0,0,0.00,0.00,0,20,0.00,0.00,0.00,0,0,0.00,0.00,99,0.00,0,0,0,0.00,0.00,0,0.00,0.00,0.00,0.00,0,0,0.00,48,31,20,48,30,0.00,0,0.00,0.00,0.00,14,0.00,0.00,1,0,0.00,0.00,0.00,0.00,4,0,0.00,13,0,2,71,0,45,2,0,0.00,99,0,0.00,0.00,0.00,0.00,0,0,0,0,0.00,0.00,0.00,0,0.00,99,0,0.00,0,0.00,99,0,0.00,0.00,32,33,50,94,0,0,0,0,0,34,48,65,59,0,99,45,28,80,4,0,10,16,0,0
Kayke Moreno de Andrade Rodrigues,38,575884800,1988/04/01,Serie B,2023,Forward,Chapecoense,1271,568,703,Brazil,24,11,13,3,1,2,3,2,1,1,0,8,4,4,10,2,8,3,0,0.42,0.21,0.21,0.16,0.26,424,0.71,127,53,424,424,0.21,89,49,-1,3,0,6.44,0.12,94,19.89,11.43,13,263,9.00,207,55,15.66,18,0.00,0.00,0.65,15,0.00,0.70,0.53,0.30,7,0.00,0.30,0.00,0.00,0.00,0.09,0.30,0.00,7.50,1.13,0.30,0.61,0.00,0.35,0.08,0.00,0.35,0.00,0.00,0,0,,15,0.65,64,8,0.61,75,7,0.53,57,6,9,14,17,0.00,99,0,2,0.15,16,16,37,1.21,55,0,0.00,99,0,0.00,0,0,0.00,0,1.13,69,14,1.06,55,7,0.53,50.00,0,0.00,0,0,0,0.00,0,0,0.00,74,0.00,0,N/A,N/A,N/A,N/A,0.00,0,0.00,0,1.79,0.00,0,78.71,53.33,84,91,0.04,0.08,1,57,55,1,0,0,0.00,0.00,0,20,148.11,0.57,0.98,13,0,0.00,0.00,99,0.00,0,1,2,0.09,0.15,0,0.00,0.00,0.38,0.22,5,1,13.33,77,51,61,64,74,2.18,76,0.09,0.16,1.09,63,0.05,0.08,16,6,0.26,0.45,1.29,0.74,43,17,0.14,76,9,42,97,0,88,28,0,0.00,99,8,0.00,0.61,6.13,3.52,81,28,9,18,2.12,1.22,34.57,7,0.53,55,0,12.50,0,0.00,99,2,0.09,0.15,48,52,83,94,0,1,0,4,0,90,85,87,73,0,99,45,67,42,2,8,26,17,0,0
Kelvi Chiesa Gomes,23,1034838000,2002/10/17,Serie B,2023,Midfielder,Juventude,26,0,26,Brazil,1,0,1,0,0,0,0,0,0,0,0,1,0,1,0,0,0,1,0,0,0,0,0,0,0,0,0,26,26,0,3.46,-1,-1,-1,39,0,6.21,0,51,38.08,11.00,58,11,4.00,4,0,13.85,13,0.00,0.00,0.00,0,0.00,1.00,0.00,0.00,0,0.00,0.00,0.00,0.00,0.00,0.00,0.00,0.00,0.00,0.00,0.00,0.00,0.00,0.00,0.00,0.00,1.00,0.00,0.00,0,0,,0,0.00,9,0,0.00,21,0,0.00,10,0,1,0,4,0.00,99,0,0,0.00,9,1,32,3.46,83,0,0.00,99,0,0.00,0,0,0.00,0,0.00,6,0,0.00,8,0,0.00,0.00,0,0.00,0,0,0,0.00,0,0,0.00,99,0.00,0,N/A,N/A,N/A,N/A,0.00,0,0.00,0,0.00,0.00,0,36.36,0.00,21,99,0.00,0.00,0,12,12,0,0,0,0.00,0.00,0,20,6.21,2.00,6.92,2,0,0.00,0.00,99,0.00,0,0,0,0.00,0.00,0,0.00,0.00,0.00,0.00,0,0,0.00,48,0,0,48,0,0.01,6,0.01,0.03,0.00,14,0.00,0.00,99,2,2.00,6.92,10.38,3.00,99,3,0.00,13,3,99,71,0,45,98,0,0.00,99,1,0.00,3.46,20.77,6.00,6,3,99,99,10.38,3.00,50.00,0,0.00,99,0,0.00,0,0.00,99,0,0.00,0.00,32,0,30,9,0,0,0,0,0,34,48,65,59,0,99,99,8,99,1,100,99,25,0,0
Kelvin Giacobe Alves dos Santos,28,871887600,1997/08/18,Serie B,2023,Forward,Atlético GO,1703,901,802,Brazil,30,15,15,3,2,1,4,3,1,0,0,10,6,4,21,9,12,3,0,0.37,0.21,0.16,0.2,0.11,568,1.11,81,57,568,426,0.16,133,45,-1,6,0,7.04,0.13,94,35.76,22.34,51,648,18.48,536,78,29.58,57,0.00,0.00,1.55,45,0.00,3.69,0.94,0.59,17,0.00,0.48,0.00,0.00,0.00,0.24,1.66,0.00,9.00,1.49,0.45,3.17,0.00,0.48,0.10,0.00,0.28,0.00,0.00,0,0,,27,0.93,76,14,0.77,83,13,0.72,72,8,11,18,39,0.00,99,0,7,0.39,31,107,62,5.90,96,0,0.00,99,0,0.00,0,0,0.00,0,2.48,97,92,5.08,99,48,2.65,52.17,0,0.00,0,0,0,0.00,0,0,0.00,25,0.00,0,N/A,N/A,N/A,N/A,0.00,0,0.00,0,2.88,0.00,0,82.72,51.85,83,60,0.28,0.44,8,99,57,0,0,0,0.10,0.17,3,47,204.16,0.21,0.33,6,0,0.00,0.00,99,0.00,0,0,0,0.00,0.00,0,0.00,0.00,0.11,0.07,2,0,11.11,72,66,79,72,25,5.11,97,0.18,0.28,2.88,82,0.10,0.16,92,49,1.69,2.70,0.44,0.28,11,8,0.16,80,90,14,71,0,65,20,0,0.00,99,8,0.00,0.44,11.86,7.41,215,122,92,83,6.73,4.21,56.74,14,0.77,40,0,24.30,0,0.00,99,26,0.90,1.43,93,63,88,99,0,0,0,0,0,87,77,72,80,0,99,45,79,30,3,10,33,19,0,0
Kelvyn Ramos da Fonseca,27,926060400,1999/05/07,Serie B,2023,Defender,Juventude,860,295,565,Brazil,16,7,9,0,0,0,0,0,0,0,0,7,4,3,8,2,6,2,0,0,0,0,0,0,0,0.84,108,54,430,0,0.21,481,485,93,27,0,6.72,0,51,41.77,26.33,69,395,20.27,304,44,32.15,64,0.00,0.00,0.87,13,0.00,1.20,2.01,1.27,19,0.00,0.93,0.00,0.00,0.00,1.07,0.40,0.00,0.00,0.74,0.27,0.80,0.00,0.20,0.02,0.00,0.73,0.00,0.00,0,0,,7,0.47,51,3,0.32,57,4,0.42,46,1,8,7,86,0.00,99,0,16,1.69,93,18,90,1.90,66,0,0.00,99,0,0.00,0,0,0.00,0,1.37,79,12,1.27,63,6,0.63,50.00,0,0.00,0,0,0,0.00,0,0,0.00,56,0.00,0,N/A,N/A,N/A,N/A,0.00,0,0.00,0,0.24,0.00,0,76.96,42.86,67,62,0.27,0.42,4,63,55,0,0,0,0.07,0.11,1,34,100.82,0.60,0.95,9,0,0.00,0.00,99,0.00,0,0,0,0.00,0.00,0,0.00,0.00,0.21,0.13,2,0,0.00,48,32,34,48,58,0.97,45,0.06,0.10,0.24,45,0.02,0.03,37,8,0.53,0.85,1.59,1.00,59,15,0.03,43,35,40,71,0,79,56,0,0.00,99,11,0.00,1.16,9.94,6.27,94,44,55,63,4.65,2.93,46.81,14,1.48,10,0,38.89,0,0.00,99,7,0.47,0.74,79,22,79,33,0,0,0,0,0,34,48,65,59,0,99,81,67,42,2,12,41,21,0,0
Kevin Peterson Dos Santos Silva,28,873615600,1997/09/07,Serie B,2023,Defender,Tombense,1313,510,803,Brazil,26,12,14,0,0,0,2,1,1,0,0,6,3,3,20,8,12,5,0,0.14,0.14,0,0,0,0,1.37,66,51,263,657,0.34,510,105,203,37,0,6.79,0.08,83,47.42,27.44,83,686,21.76,544,59,37.60,80,0.00,0.00,1.00,25,0.00,2.36,1.80,1.04,26,0.00,0.08,0.00,0.00,0.00,0.44,0.24,0.00,0.00,0.76,0.24,0.44,0.00,0.20,0.02,0.00,0.36,0.00,0.00,0,0,,11,0.44,52,5,0.35,60,6,0.41,45,7,11,14,80,0.00,99,0,11,0.76,50,59,80,4.08,89,0,0.00,99,0,0.00,0,0,0.00,0,1.73,89,11,0.76,42,6,0.41,54.55,0,0.00,0,0,0,0.00,0,0,0.00,8,0.00,0,N/A,N/A,N/A,N/A,0.00,0,0.00,0,0.39,0.00,0,79.30,45.45,70,21,0.52,0.90,13,47,61,0,0,0,0.08,0.14,2,40,169.85,0.80,1.38,20,0,0.00,0.00,99,0.00,0,0,0,0.00,0.00,0,0.00,0.00,0.41,0.24,6,0,0.00,48,53,67,48,9,3.06,89,0.12,0.21,0.39,45,0.02,0.03,77,29,1.16,2.00,0.97,0.56,28,14,0.03,43,49,59,71,0,90,29,0,0.00,99,9,0.00,0.62,7.81,4.52,113,70,62,36,4.84,2.80,61.95,2,0.14,80,0,30.51,0,0.00,99,18,0.72,1.24,91,52,88,98,0,0,0,0,0,58,48,65,59,0,99,17,41,67,5,19,61,2,0,0
Keylon Batiz,30,823161600,1996/02/01,Serie B,2023,Forward,Tombense,0,0,0,Nicaragua,0,0,0,0,0,0,0,0,0,0,0,0,0,0,0,0,0,0,0,0,0,0,0,0,0,0,0,0,0,0,0,-1,-1,-1,-1,N/A,N/A,N/A,N/A,N/A,N/A,N/A,N/A,N/A,N/A,N/A,N/A,N/A,N/A,N/A,N/A,N/A,N/A,N/A,N/A,N/A,N/A,N/A,N/A,N/A,N/A,N/A,N/A,N/A,N/A,N/A,N/A,N/A,N/A,N/A,N/A,N/A,N/A,N/A,N/A,N/A,N/A,N/A,N/A,N/A,N/A,N/A,N/A,N/A,N/A,N/A,N/A,N/A,N/A,N/A,N/A,N/A,N/A,N/A,N/A,N/A,N/A,N/A,N/A,N/A,N/A,N/A,N/A,N/A,N/A,N/A,N/A,N/A,N/A,N/A,N/A,N/A,N/A,N/A,N/A,N/A,N/A,N/A,N/A,N/A,N/A,N/A,N/A,N/A,N/A,N/A,N/A,N/A,N/A,N/A,N/A,N/A,N/A,N/A,N/A,N/A,N/A,N/A,N/A,N/A,N/A,N/A,N/A,N/A,N/A,N/A,N/A,N/A,N/A,N/A,N/A,N/A,N/A,N/A,N/A,N/A,N/A,N/A,N/A,N/A,N/A,N/A,N/A,N/A,N/A,N/A,N/A,N/A,N/A,N/A,N/A,N/A,N/A,N/A,N/A,N/A,N/A,N/A,N/A,N/A,N/A,N/A,N/A,N/A,N/A,N/A,N/A,N/A,N/A,N/A,N/A,N/A,N/A,N/A,N/A,N/A,N/A,N/A,N/A,N/A,N/A,N/A,N/A,N/A,N/A,N/A,N/A,N/A,N/A,N/A,N/A,N/A,N/A,N/A,N/A,N/A,N/A,N/A,N/A,N/A,N/A,N/A,N/A,N/A,N/A,N/A,N/A,N/A,N/A,N/A,N/A,N/A,N/A,N/A,N/A,N/A,N/A,N/A,N/A,N/A,N/A,N/A,N/A,N/A,N/A,N/A,N/A,N/A,N/A,N/A,N/A,N/A,N/A,N/A,N/A,N/A,N/A,N/A,N/A
Kleiton Pego Duarte,27,924850800,1999/04/23,Serie B,2023,Forward,Tombense,1163,580,583,Brazil,20,9,11,1,1,0,1,1,0,0,0,4,3,1,16,5,11,0,0,0.15,0.08,0.08,0.16,0,1163,1.24,73,58,0,1163,0,215,177,-1,8,0,0.00,0,69,0.00,0.00,0,0,0.00,0,0,0.00,0,0.00,0.00,0.00,0,0.00,0.00,0.00,0.00,0,0.00,0.00,0.00,0.00,0.00,0.00,0.00,0.00,0.00,0.00,0.00,0.00,0.00,0.00,0.00,0.00,0.00,0.00,0.00,0,0,,0,0.00,9,0,0.00,21,0,0.00,10,5,5,14,4,0.00,99,0,0,0.00,9,0,32,0.00,14,0,0.00,99,0,0.00,0,0,0.00,0,0.00,6,0,0.00,8,0,0.00,0.00,0,0.00,0,0,0,0.00,0,0,0.00,14,0.00,0,N/A,N/A,N/A,N/A,0.00,0,0.00,0,0.00,0.00,0,0.00,0.00,21,99,0.00,0.00,0,12,12,0,0,0,0.00,0.00,0,20,0.00,0.00,0.00,0,0,0.00,0.00,99,0.00,0,0,0,0.00,0.00,0,0.00,0.00,0.00,0.00,0,0,0.00,48,46,49,89,15,0.00,0,0.00,0.00,0.00,14,0.00,0.00,1,0,0.00,0.00,0.00,0.00,4,0,0.00,13,0,2,71,0,45,2,0,0.00,99,0,0.00,0.00,0.00,0.00,0,0,0,0,0.00,0.00,0.00,0,0.00,99,0,0.00,0,0.00,99,0,0.00,0.00,32,52,64,89,0,0,0,0,0,60,61,65,73,0,99,12,8,8,0,0,10,19,0,0
Lauan Marques Bento de Oliveira,22,1081666800,2004/04/11,Serie B,2023,Midfielder,Londrina,0,0,0,Brazil,0,0,0,0,0,0,0,0,0,0,0,0,0,0,0,0,0,0,0,0,0,0,0,0,0,0,0,0,0,0,0,-1,-1,-1,-1,N/A,N/A,N/A,N/A,N/A,N/A,N/A,N/A,N/A,N/A,N/A,N/A,N/A,N/A,N/A,N/A,N/A,N/A,N/A,N/A,N/A,N/A,N/A,N/A,N/A,N/A,N/A,N/A,N/A,N/A,N/A,N/A,N/A,N/A,N/A,N/A,N/A,N/A,N/A,N/A,N/A,N/A,N/A,N/A,N/A,N/A,N/A,N/A,N/A,N/A,N/A,N/A,N/A,N/A,N/A,N/A,N/A,N/A,N/A,N/A,N/A,N/A,N/A,N/A,N/A,N/A,N/A,N/A,N/A,N/A,N/A,N/A,N/A,N/A,N/A,N/A,N/A,N/A,N/A,N/A,N/A,N/A,N/A,N/A,N/A,N/A,N/A,N/A,N/A,N/A,N/A,N/A,N/A,N/A,N/A,N/A,N/A,N/A,N/A,N/A,N/A,N/A,N/A,N/A,N/A,N/A,N/A,N/A,N/A,N/A,N/A,N/A,N/A,N/A,N/A,N/A,N/A,N/A,N/A,N/A,N/A,N/A,N/A,N/A,N/A,N/A,N/A,N/A,N/A,N/A,N/A,N/A,N/A,N/A,N/A,N/A,N/A,N/A,N/A,N/A,N/A,N/A,N/A,N/A,N/A,N/A,N/A,N/A,N/A,N/A,N/A,N/A,N/A,N/A,N/A,N/A,N/A,N/A,N/A,N/A,N/A,N/A,N/A,N/A,N/A,N/A,N/A,N/A,N/A,N/A,N/A,N/A,N/A,N/A,N/A,N/A,N/A,N/A,N/A,N/A,N/A,N/A,N/A,N/A,N/A,N/A,N/A,N/A,N/A,N/A,N/A,N/A,N/A,N/A,N/A,N/A,N/A,N/A,N/A,N/A,N/A,N/A,N/A,N/A,N/A,N/A,N/A,N/A,N/A,N/A,N/A,N/A,N/A,N/A,N/A,N/A,N/A,N/A,N/A,N/A,N/A,N/A,N/A,N/A
Leandro Carvalho da Silva,31,800089200,1995/05/10,Serie B,2023,Forward,Avaí,34,12,22,Brazil,2,1,1,0,0,0,0,0,0,0,0,1,0,1,0,0,0,0,0,0,0,0,0,0,0,0,0,17,0,0,0,-1,-1,-1,19,0,6.33,0,51,21.18,4.00,16,8,2.00,4,0,10.59,4,0.00,0.00,0.00,0,0.00,0.50,0.00,0.00,0,0.00,0.50,0.00,0.00,0.00,0.00,0.00,0.00,0.00,0.00,0.00,1.50,0.00,0.00,0.00,0.00,0.00,0.00,0.00,0,0,,0,0.00,9,0,0.00,21,0,0.00,10,0,2,0,4,0.00,99,0,0,0.00,9,1,32,2.65,74,0,0.00,99,0,0.00,0,0,0.00,0,0.00,6,3,7.94,99,0,0.00,0.00,0,0.00,0,0,0,0.00,0,0,0.00,99,0.00,0,N/A,N/A,N/A,N/A,0.00,0,0.00,0,0.00,0.00,0,50.00,0.00,21,0,0.50,2.65,1,12,12,0,0,0,0.00,0.00,0,20,12.66,0.00,0.00,0,0,0.00,0.00,99,0.00,0,0,0,0.00,0.00,0,0.00,0.00,0.00,0.00,0,0,0.00,48,0,0,48,0,0.01,6,0.01,0.03,0.00,14,0.00,0.00,99,3,1.50,7.94,2.65,0.50,94,1,0.00,13,6,2,71,0,45,2,0,0.00,99,0,0.00,0.00,29.12,5.50,11,3,98,99,7.94,1.50,27.27,1,2.65,0,0,0.00,0,0.00,99,0,0.00,0.00,32,0,39,9,0,0,0,0,0,34,48,65,59,0,99,92,8,8,0,0,10,28,0,0
Leandro Ferreira Pessoa,39,521794800,1986/07/15,Serie B,2023,Midfielder,Sampaio Corrêa,1223,521,702,Brazil,17,8,9,0,0,0,0,0,0,0,0,6,3,3,18,5,13,7,1,0,0,0,0,0,0,1.32,68,72,175,0,0.52,330,290,-1,23,0,6.87,0,51,47.02,37.06,83,593,32.69,523,99,41.47,87,0.00,0.00,0.50,8,0.00,0.94,1.43,1.12,18,0.00,0.62,0.00,0.00,0.00,1.50,0.31,0.00,0.00,0.40,0.31,0.38,0.00,0.00,0.01,0.00,0.88,0.00,0.00,0,0,,5,0.31,27,0,0.00,21,5,0.40,43,2,2,14,62,0.00,99,0,24,1.90,96,15,38,1.19,55,0,0.00,99,0,0.00,0,0,0.00,0,0.63,42,6,0.48,31,5,0.40,83.33,0,0.00,0,0,0,0.00,0,0,0.00,11,0.00,0,N/A,N/A,N/A,N/A,0.00,0,0.00,0,0.15,0.00,0,88.20,0.00,21,11,0.88,1.11,14,45,93,0,0,0,0.25,0.32,4,68,109.85,1.06,1.35,17,0,0.00,0.00,99,0.00,0,0,0,0.00,0.00,0,0.00,0.00,0.32,0.25,4,0,0.00,48,49,38,48,11,1.53,55,0.10,0.12,0.15,27,0.01,0.01,98,42,2.62,3.33,2.78,2.19,96,35,0.01,26,63,58,71,0,85,55,0,0.00,99,14,0.00,1.11,12.45,9.81,157,79,88,86,6.26,4.94,50.32,10,0.79,39,0,13.33,0,0.00,99,2,0.12,0.16,49,52,39,53,0,0,0,0,0,34,48,65,59,0,99,48,20,90,5,29,84,8,0,0
Leandro Vilela Sales Teixeira,30,804409200,1995/06/29,Serie B,2023,Midfielder,Mirassol,655,417,238,Brazil,13,9,4,1,0,1,0,0,0,0,0,5,4,1,5,5,0,3,0,0.14,0,0.14,0,0.38,655,0.69,131,50,218,0,0.41,149,382,-1,11,0,6.71,0,51,39.98,22.38,63,291,17.92,233,63,32.02,63,0.00,0.00,0.08,1,0.00,0.00,1.10,0.62,8,0.00,0.46,0.00,0.00,0.00,1.31,0.23,0.00,13.00,1.79,0.92,0.38,0.00,0.08,0.07,0.00,0.31,0.00,0.00,0,0,,13,1.00,86,1,0.14,35,12,1.65,99,3,5,8,47,0.00,99,0,17,2.34,99,0,32,0.00,14,0,0.00,99,0,0.00,0,0,0.00,0,0.14,13,5,0.69,39,3,0.41,60.00,0,0.00,0,0,0,0.00,0,0,0.00,78,0.00,0,N/A,N/A,N/A,N/A,0.00,0,0.00,0,0.97,0.00,0,80.07,7.69,22,35,0.38,0.69,5,47,73,0,0,0,0.08,0.14,1,40,87.18,0.92,1.65,12,0,0.00,0.00,99,0.00,0,0,0,0.00,0.00,0,0.00,0.00,0.00,0.00,0,0,7.69,60,20,24,76,79,0.55,27,0.04,0.08,0.97,76,0.07,0.13,49,9,0.69,1.24,3.02,1.69,98,22,0.13,73,32,66,71,0,45,26,0,0.00,99,4,0.00,0.55,8.52,4.77,62,24,23,43,3.30,1.85,38.71,6,0.82,36,0,0.00,0,0.00,99,0,0.00,0.00,32,28,64,70,0,0,0,0,0,58,74,95,59,0,99,59,29,79,3,23,73,5,0,0
Léo Pereira,25,962262000,2000/06/29,Serie B,2023,Forward,CRB,1375,647,728,Brazil,22,11,11,4,3,1,1,1,0,0,0,8,6,2,10,3,7,1,0,0.33,0.07,0.26,0.42,0.12,344,0.65,138,63,1375,1375,0.07,65,187,-1,4,0,6.76,0.05,67,15.79,10.90,4,229,7.19,151,7,10.41,4,0.00,0.00,0.43,9,0.00,1.71,1.52,1.05,22,0.00,0.67,0.00,0.00,0.00,0.19,0.43,0.00,6.00,1.66,0.67,1.19,0.00,0.48,0.15,0.00,0.48,0.00,0.00,0,0,,24,1.14,82,10,0.69,78,14,0.97,84,5,6,15,67,0.00,99,0,4,0.28,25,36,44,2.48,72,0,0.00,99,0,0.00,0,0,0.00,0,0.62,41,25,1.72,75,9,0.62,36.00,0,0.00,0,0,0,0.00,0,0,0.00,84,0.00,0,N/A,N/A,N/A,N/A,0.00,0,0.00,0,3.22,0.00,0,65.94,41.67,62,63,0.29,0.41,6,62,24,0,0,0,0.14,0.21,3,55,141.95,0.24,0.34,5,0,0.00,0.00,99,0.00,0,0,0,0.00,0.00,0,0.00,0.00,0.83,0.57,12,0,16.67,85,56,54,60,83,1.23,27,0.06,0.08,3.22,92,0.15,0.22,57,21,1.00,1.45,1.52,1.05,57,22,0.22,89,44,14,71,0,99,32,0,0.00,99,10,0.00,0.69,9.45,6.52,137,62,45,57,4.28,2.95,45.26,14,0.97,27,0,16.67,0,0.00,99,6,0.29,0.41,65,55,70,89,0,0,0,0,0,85,89,74,93,0,99,52,97,12,1,5,14,19,0,0
Leonan Santos de Abreu,25,965458800,2000/08/05,Serie B,2023,Defender,Sampaio Corrêa,7,7,0,Brazil,1,1,0,0,0,0,0,0,0,0,0,1,1,0,0,0,0,0,0,0,0,0,0,0,0,0,0,7,0,0,0,-1,-1,-1,14,0,6.54,0,51,231.43,18.00,99,18,18.00,18,99,231.43,99,0.00,0.00,1.00,1,0.00,0.00,0.00,0.00,0,0.00,0.00,0.00,0.00,0.00,0.00,0.00,0.00,0.00,0.00,0.00,0.00,0.00,0.00,0.00,0.00,0.00,0.00,0.00,0,0,,0,0.00,9,0,0.00,21,0,0.00,10,0,1,0,4,0.00,99,0,0,0.00,9,0,32,0.00,14,0,0.00,99,0,0.00,0,0,0.00,0,12.86,99,0,0.00,8,0,0.00,0.00,0,0.00,0,0,0,0.00,0,0,0.00,99,0.00,0,N/A,N/A,N/A,N/A,0.00,0,0.00,0,0.00,0.00,0,100.00,0.00,21,99,0.00,0.00,0,12,12,0,0,0,0.00,0.00,0,20,6.54,0.00,0.00,0,0,0.00,0.00,99,0.00,0,0,0,0.00,0.00,0,0.00,0.00,0.00,0.00,0,0,0.00,48,0,0,48,0,0.08,99,0.08,1.03,0.00,14,0.00,0.00,1,0,0.00,0.00,0.00,0.00,4,0,0.00,13,13,2,71,0,45,2,0,0.00,99,0,0.00,0.00,0.00,0.00,0,0,0,0,0.00,0.00,0.00,0,0.00,99,0,0.00,0,0.00,99,0,0.00,0.00,32,0,30,9,0,0,0,0,0,34,48,65,59,0,99,99,8,8,0,0,10,5,0,0
Leonardo da Silva Cruz Duarte,27,922176000,1999/03/23,Serie B,2023,Defender,Vila Nova,2104,904,1200,Brazil,29,13,16,0,0,0,1,1,0,0,0,12,7,5,16,4,12,9,0,0.04,0.04,0,0,0,0,0.68,132,73,234,2104,0.38,285,235,41,24,0,6.73,0.03,57,36.73,30.00,53,840,22.18,621,27,27.16,49,0.00,0.00,0.64,18,0.00,2.50,1.88,1.54,43,0.00,0.43,0.00,0.00,0.00,1.18,0.46,0.00,0.00,0.52,0.36,1.21,0.00,0.07,0.01,0.00,1.43,0.00,0.00,0,0,,12,0.43,37,2,0.09,29,10,0.44,48,2,2,26,84,0.00,99,0,33,1.44,85,70,62,3.06,79,0,0.00,99,0,0.00,0,0,0.00,0,0.79,51,34,1.49,70,13,0.57,38.24,0,0.00,0,0,0,0.00,0,0,0.00,81,0.00,0,N/A,N/A,N/A,N/A,0.00,0,0.00,0,0.35,0.00,0,73.93,16.67,28,27,0.68,0.83,19,59,26,0,0,0,0.11,0.13,3,38,188.53,1.75,2.14,49,0,0.00,0.00,99,0.00,0,0,0,0.00,0.00,0,0.00,0.00,0.00,0.00,0,0,0.00,48,78,75,48,80,2.76,55,0.10,0.12,0.35,38,0.01,0.02,35,18,0.64,0.79,2.14,1.75,82,49,0.02,37,37,77,71,0,45,77,0,0.00,99,40,0.00,1.75,10.58,8.64,242,114,67,70,4.99,4.07,47.11,12,0.52,57,0,24.29,0,0.00,99,17,0.61,0.74,79,82,39,53,0,0,0,0,0,37,48,65,59,0,99,70,35,73,9,31,88,2,0,0
Leonardo da Silva Gomes,29,862383600,1997/04/30,Serie B,2023,Midfielder,Vitória,507,170,337,Brazil,13,5,8,1,0,1,0,0,0,0,0,7,4,3,8,2,6,2,0,0.18,0,0.18,0,0.27,507,1.42,63,39,254,0,0.36,108,470,-1,13,0,6.69,0,51,41.89,18.15,70,236,15.23,198,84,35.15,74,0.00,0.00,0.23,3,0.00,0.00,1.24,0.54,7,0.00,0.15,0.00,0.00,0.00,0.31,0.08,0.00,6.00,1.07,0.38,0.15,0.00,0.08,0.06,0.00,0.15,0.00,0.00,0,0,,6,0.46,63,1,0.18,42,5,0.89,81,1,6,7,54,0.00,99,0,4,0.71,47,0,32,0.00,14,0,0.00,99,0,0.00,0,0,0.00,0,0.53,34,2,0.36,26,1,0.18,50.00,0,0.00,0,0,0,0.00,0,0,0.00,7,0.00,0,N/A,N/A,N/A,N/A,0.00,0,0.00,0,0.77,0.00,0,83.90,16.67,28,33,0.31,0.71,4,27,55,0,0,0,0.62,1.42,8,99,86.95,1.00,2.31,13,0,0.00,0.00,99,0.00,0,0,0,0.00,0.00,0,0.00,0.00,0.00,0.00,0,0,16.67,85,8,24,69,7,0.54,45,0.04,0.10,0.77,78,0.06,0.14,30,4,0.31,0.71,2.13,0.92,82,12,0.14,76,26,79,71,0,45,16,0,0.00,99,2,0.00,0.36,6.92,3.00,39,14,11,25,2.49,1.08,35.90,2,0.36,67,0,0.00,0,0.00,99,0,0.00,0.00,32,22,70,33,0,0,0,0,0,66,81,87,59,0,99,94,39,71,2,15,50,15,0,0
Leonardo Da Silva Vieira,35,653986800,1990/09/22,Serie B,2023,Goalkeeper,Juventude,414,234,180,Brazil,5,3,2,0,0,0,0,0,0,0,0,2,2,0,4,2,2,0,0,0,0,0,0,0,0,0.87,104,83,0,0,0,394,392,103,29,0,6.82,0,51,19.57,18.00,12,90,14.00,70,49,15.22,17,0.00,0.00,0.00,0,0.00,0.00,0.00,0.00,0,0.00,0.00,0.00,0.00,2.00,0.00,0.00,2.60,0.00,0.00,0.00,0.00,0.00,0.00,0.00,0.00,0.00,0.00,0.00,0,0,,0,0.00,9,0,0.00,21,0,0.00,10,0,1,4,4,0.00,99,0,0,0.00,9,0,32,0.00,14,0,0.00,99,0,0.00,0,0,0.00,0,0.00,6,0,0.00,8,0,0.00,0.00,0,0.00,0,10,79,2.17,12,13,0.00,53,2.83,6,N/A,N/A,N/A,N/A,76.92,0,0.00,0,0.00,0.00,0,77.78,0.00,21,99,0.00,0.00,0,12,12,0,0,6,0.00,0.00,0,20,34.09,1.00,1.09,5,0,0.00,0.00,99,0.00,0,0,0,0.00,0.00,2,0.40,0.43,0.00,0.00,0,0,0.00,48,4,1,48,54,0.14,6,0.03,0.03,0.00,14,0.00,0.00,8,1,0.20,0.22,0.00,0.00,4,0,0.00,13,54,49,71,21,45,2,0,0.00,99,0,0.00,0.00,0.22,0.20,1,1,2,1,0.22,0.20,100.00,0,0.00,99,0,0.00,0,0.00,99,0,0.00,0.00,32,8,30,9,0,0,0,0,0,34,48,65,59,0,99,67,8,8,0,0,10,12,0,0
Leonardo de Almeida Silva,23,1042876800,2003/01/18,Serie B,2023,Midfielder,CRB,35,0,35,Brazil,3,0,3,0,0,0,0,0,0,0,0,1,0,1,1,0,1,1,0,0,0,0,0,0,0,2.57,35,12,35,0,2.57,-1,-1,-1,27,0,0.00,0,51,0.00,0.00,0,0,0.00,0,0,0.00,0,0.00,0.00,0.00,0,0.00,0.00,0.00,0.00,0,0.00,0.00,0.00,0.00,0.00,0.00,0.00,0.00,0.00,0.00,0.00,0.00,0.00,0.00,0.00,0.00,0.00,0.00,0.00,0,0,,0,0.00,9,0,0.00,21,0,0.00,10,0,2,0,4,0.00,99,0,0,0.00,9,0,32,0.00,14,0,0.00,99,0,0.00,0,0,0.00,0,0.00,6,0,0.00,8,0,0.00,0.00,0,0.00,0,0,0,0.00,0,0,0.00,0,0.00,0,N/A,N/A,N/A,N/A,0.00,0,0.00,0,0.00,0.00,0,0.00,0.00,21,99,0.00,0.00,0,12,12,0,0,0,0.00,0.00,0,20,0.00,0.00,0.00,0,0,0.00,0.00,99,0.00,0,0,0,0.00,0.00,0,0.00,0.00,0.00,0.00,0,0,0.00,48,0,0,48,0,0.00,0,0.00,0.00,0.00,14,0.00,0.00,1,0,0.00,0.00,0.00,0.00,4,0,0.00,13,0,2,71,0,45,2,0,0.00,99,0,0.00,0.00,0.00,0.00,0,0,0,0,0.00,0.00,0.00,0,0.00,99,0,0.00,0,0.00,99,0,0.00,0.00,32,0,39,9,0,0,0,0,0,34,48,65,59,0,99,45,8,99,1,0,10,38,0,0
Leonardo de Aragão Carvalho,24,1019199600,2002/04/19,Serie B,2023,Goalkeeper,Ituano,0,0,0,Brazil,0,0,0,0,0,0,0,0,0,0,0,0,0,0,0,0,0,0,0,0,0,0,0,0,0,0,0,0,0,0,0,-1,-1,-1,-1,N/A,N/A,N/A,N/A,N/A,N/A,N/A,N/A,N/A,N/A,N/A,N/A,N/A,N/A,N/A,N/A,N/A,N/A,N/A,N/A,N/A,N/A,N/A,N/A,N/A,N/A,N/A,N/A,N/A,N/A,N/A,N/A,N/A,N/A,N/A,N/A,N/A,N/A,N/A,N/A,N/A,N/A,N/A,N/A,N/A,N/A,N/A,N/A,N/A,N/A,N/A,N/A,N/A,N/A,N/A,N/A,N/A,N/A,N/A,N/A,N/A,N/A,N/A,N/A,N/A,N/A,N/A,N/A,N/A,N/A,N/A,N/A,N/A,N/A,N/A,N/A,N/A,N/A,N/A,N/A,N/A,N/A,N/A,N/A,N/A,N/A,N/A,N/A,N/A,N/A,N/A,N/A,N/A,N/A,N/A,N/A,N/A,N/A,N/A,N/A,N/A,N/A,N/A,N/A,N/A,N/A,N/A,N/A,N/A,N/A,N/A,N/A,N/A,N/A,N/A,N/A,N/A,N/A,N/A,N/A,N/A,N/A,N/A,N/A,N/A,N/A,N/A,N/A,N/A,N/A,N/A,N/A,N/A,N/A,N/A,N/A,N/A,N/A,N/A,N/A,N/A,N/A,N/A,N/A,N/A,N/A,N/A,N/A,N/A,N/A,N/A,N/A,N/A,N/A,N/A,N/A,N/A,N/A,N/A,N/A,N/A,N/A,N/A,N/A,N/A,N/A,N/A,N/A,N/A,N/A,N/A,N/A,N/A,N/A,N/A,N/A,N/A,N/A,N/A,N/A,N/A,N/A,N/A,N/A,N/A,N/A,N/A,N/A,N/A,N/A,N/A,N/A,N/A,N/A,N/A,N/A,N/A,N/A,N/A,N/A,N/A,N/A,N/A,N/A,N/A,N/A,N/A,N/A,N/A,N/A,N/A,N/A,N/A,N/A,N/A,N/A,N/A,N/A,N/A,N/A,N/A,N/A,N/A,N/A
Leonardo de Oliveira Costa,30,816163200,1995/11/12,Serie B,2023,Midfielder,Criciúma,712,106,606,Brazil,19,7,12,0,0,0,0,0,0,0,0,9,5,4,7,1,6,2,0,0,0,0,0,0,0,0.88,102,37,356,0,0.25,518,508,-1,25,0,6.57,0,51,35.97,14.83,52,267,11.00,198,28,26.68,48,0.00,0.00,0.22,4,0.00,0.33,2.43,1.00,18,0.00,0.61,0.00,0.00,0.00,0.72,0.17,0.00,0.00,0.81,0.28,0.50,0.00,0.06,0.01,0.00,0.94,0.00,0.00,0,0,,6,0.33,55,1,0.13,33,5,0.67,69,3,11,7,94,0.00,99,0,13,1.75,94,6,86,0.81,48,0,0.00,99,0,0.00,0,0,0.00,0,0.54,35,9,1.21,61,3,0.40,33.33,0,0.00,0,0,0,0.00,0,0,0.00,52,0.00,0,N/A,N/A,N/A,N/A,0.00,0,0.00,0,0.19,0.00,0,74.16,16.67,28,2,0.67,1.62,12,45,22,0,0,0,0.11,0.27,2,62,118.23,1.00,2.43,18,0,0.00,0.00,99,0.00,0,0,0,0.00,0.00,0,0.00,0.00,0.00,0.00,0,0,0.00,48,22,46,48,52,0.66,36,0.04,0.09,0.19,45,0.01,0.03,20,4,0.22,0.54,1.75,0.72,68,13,0.03,43,15,80,71,0,45,90,0,0.00,99,17,0.00,2.29,13.47,5.56,100,42,80,92,5.66,2.33,42.00,11,1.48,10,0,33.33,0,0.00,99,2,0.11,0.27,57,22,88,70,0,0,0,0,0,34,48,65,59,0,99,87,57,51,2,11,37,15,0,0
Leonardo Gamalho de Souza,40,507456000,1986/01/30,Serie B,2023,Forward,Vitória,1614,1001,613,Brazil,23,13,10,10,6,4,0,0,0,4,0,16,12,4,9,1,8,3,0,0.56,0,0.56,0.54,0.59,161,0.5,179,70,538,0,0.17,5,474,-1,1,0,7.10,0,51,19.29,15.04,11,346,11.09,255,26,14.22,14,0.00,0.00,0.83,19,0.00,0.35,0.56,0.43,10,0.00,0.39,0.00,0.00,0.00,0.00,0.22,0.00,3.70,2.06,0.78,0.57,0.00,0.83,0.31,0.00,2.30,0.00,0.00,0,0,,37,1.61,94,19,1.06,96,18,1.00,86,4,3,20,19,0.00,99,0,0,0.00,9,8,37,0.45,41,0,0.00,99,0,0.00,0,0,0.00,0,1.06,65,13,0.72,40,5,0.28,38.46,0,0.00,0,0,0,0.00,0,0,0.00,94,0.00,0,N/A,N/A,N/A,N/A,0.00,0,0.00,0,7.05,0.00,0,73.70,51.35,83,93,0.04,0.06,1,34,27,4,0,0,0.13,0.17,3,47,163.35,0.13,0.17,3,0,0.00,0.00,99,0.00,0,4,1,0.04,0.06,0,0.00,0.00,0.28,0.22,5,0,27.03,95,63,58,50,94,1.19,19,0.05,0.07,4.25,94,0.18,0.24,68,31,1.35,1.73,1.34,1.04,47,24,0.39,99,93,5,84,0,82,97,0,0.00,99,53,0.00,2.96,10.82,8.43,194,99,78,73,5.52,4.30,51.03,9,0.50,58,0,12.50,0,0.00,99,1,0.04,0.06,38,69,50,83,0,2,0,9,0,97,99,99,97,0,99,99,77,33,3,13,43,9,0,0
Leonardo Gonçalves dos Santos,24,1019545200,2002/04/23,Serie B,2023,Midfielder,Criciúma,0,0,0,Brazil,0,0,0,0,0,0,0,0,0,0,0,0,0,0,0,0,0,0,0,0,0,0,0,0,0,0,0,0,0,0,0,-1,-1,-1,-1,N/A,N/A,N/A,N/A,N/A,N/A,N/A,N/A,N/A,N/A,N/A,N/A,N/A,N/A,N/A,N/A,N/A,N/A,N/A,N/A,N/A,N/A,N/A,N/A,N/A,N/A,N/A,N/A,N/A,N/A,N/A,N/A,N/A,N/A,N/A,N/A,N/A,N/A,N/A,N/A,N/A,N/A,N/A,N/A,N/A,N/A,N/A,N/A,N/A,N/A,N/A,N/A,N/A,N/A,N/A,N/A,N/A,N/A,N/A,N/A,N/A,N/A,N/A,N/A,N/A,N/A,N/A,N/A,N/A,N/A,N/A,N/A,N/A,N/A,N/A,N/A,N/A,N/A,N/A,N/A,N/A,N/A,N/A,N/A,N/A,N/A,N/A,N/A,N/A,N/A,N/A,N/A,N/A,N/A,N/A,N/A,N/A,N/A,N/A,N/A,N/A,N/A,N/A,N/A,N/A,N/A,N/A,N/A,N/A,N/A,N/A,N/A,N/A,N/A,N/A,N/A,N/A,N/A,N/A,N/A,N/A,N/A,N/A,N/A,N/A,N/A,N/A,N/A,N/A,N/A,N/A,N/A,N/A,N/A,N/A,N/A,N/A,N/A,N/A,N/A,N/A,N/A,N/A,N/A,N/A,N/A,N/A,N/A,N/A,N/A,N/A,N/A,N/A,N/A,N/A,N/A,N/A,N/A,N/A,N/A,N/A,N/A,N/A,N/A,N/A,N/A,N/A,N/A,N/A,N/A,N/A,N/A,N/A,N/A,N/A,N/A,N/A,N/A,N/A,N/A,N/A,N/A,N/A,N/A,N/A,N/A,N/A,N/A,N/A,N/A,N/A,N/A,N/A,N/A,N/A,N/A,N/A,N/A,N/A,N/A,N/A,N/A,N/A,N/A,N/A,N/A,N/A,N/A,N/A,N/A,N/A,N/A,N/A,N/A,N/A,N/A,N/A,N/A,N/A,N/A,N/A,N/A,N/A,N/A
Leonardo Lang Lopes,27,902300400,1998/08/05,Serie B,2023,Goalkeeper,Tombense,90,90,0,Brazil,1,1,0,0,0,0,0,0,0,0,0,0,0,0,1,1,0,1,0,0,0,0,0,0,0,1,90,90,90,0,1,-1,-1,-1,32,0,7.53,0,51,25.00,25.00,26,25,21.00,21,85,21.00,33,0.00,0.00,0.00,0,0.00,0.00,0.00,0.00,0,0.00,0.00,0.00,0.00,6.00,0.00,0.00,7.00,0.00,0.00,0.00,0.00,0.00,0.00,0.00,0.00,0.00,0.00,0.00,0,0,,0,0.00,9,0,0.00,21,0,0.00,10,0,0,1,4,0.00,99,0,0,0.00,9,0,32,0.00,14,0,0.00,99,0,0.00,0,0,0.00,0,0.00,6,0,0.00,8,0,0.00,0.00,0,0.00,0,6,97,6.00,99,7,0.00,36,7.00,99,N/A,N/A,N/A,N/A,85.71,0,0.00,0,0.00,0.00,0,84.00,0.00,21,99,0.00,0.00,0,12,12,0,0,5,0.00,0.00,0,20,7.53,1.00,1.00,1,0,0.00,0.00,99,0.00,0,0,0,0.00,0.00,1,1.00,1.00,0.00,0.00,0,0,0.00,48,0,0,48,36,0.05,10,0.05,0.05,0.00,14,0.00,0.00,1,0,0.00,0.00,0.00,0.00,4,0,0.00,13,99,44,71,97,45,2,0,0.00,99,0,0.00,0.00,0.00,0.00,0,0,0,0,0.00,0.00,0.00,0,0.00,99,0,0.00,0,0.00,99,0,0.00,0.00,32,0,19,9,0,0,0,0,0,34,48,65,59,0,99,1,8,99,0,0,10,1,0,0
Leonardo Moreira Morais,34,686473200,1991/10/03,Serie B,2023,Defender,Londrina,769,349,420,Brazil,10,5,5,0,0,0,0,0,0,0,0,3,1,2,12,6,6,4,0,0,0,0,0,0,0,1.4,64,77,192,0,0.47,482,292,204,43,0,6.83,0,51,32.42,27.70,43,277,21.20,212,42,24.81,44,0.00,0.00,0.90,9,0.00,2.10,2.69,2.30,23,0.00,0.60,0.00,0.00,0.00,1.40,1.20,0.00,0.00,0.35,0.10,1.90,0.00,0.20,0.02,0.00,0.60,0.00,0.00,0,0,,3,0.30,23,2,0.23,49,1,0.12,14,3,1,9,96,0.00,99,0,14,1.64,91,21,86,2.46,72,0,0.00,99,0,0.00,0,0,0.00,0,1.05,65,19,2.22,86,12,1.40,63.16,0,0.00,0,0,0,0.00,0,0,0.00,7,0.00,0,N/A,N/A,N/A,N/A,0.00,0,0.00,0,0.16,0.00,0,76.53,66.67,96,33,0.60,0.70,6,93,77,0,0,0,0.20,0.23,2,57,68.27,1.50,1.76,15,0,0.00,0.00,99,0.00,0,0,0,0.00,0.00,0,0.00,0.00,0.12,0.10,1,0,0.00,48,26,12,48,7,0.72,27,0.07,0.08,0.16,38,0.02,0.02,60,13,1.30,1.52,1.76,1.50,69,15,0.02,37,56,68,71,0,67,33,0,0.00,99,6,0.00,0.70,11.59,9.90,99,54,89,80,6.32,5.40,54.55,6,0.70,44,0,33.33,0,0.00,99,7,0.70,0.82,80,33,30,70,0,0,0,0,0,34,48,65,59,0,99,33,23,86,4,40,96,2,0,0
Leonardo Naldi de Matos,24,998118000,2001/08/18,Serie B,2023,Midfielder,Ponte Preta,1851,906,945,Brazil,28,13,15,1,1,0,2,1,1,0,0,11,7,4,18,4,14,4,0,0.15,0.1,0.05,0.1,0,1851,0.88,103,66,463,926,0.19,243,135,-1,7,0,6.74,0.07,76,27.71,20.36,33,570,15.54,435,41,21.15,33,0.00,0.00,0.68,19,0.00,1.11,1.90,1.39,39,0.00,0.32,0.00,0.00,0.00,0.68,0.25,0.00,18.00,0.88,0.43,0.61,0.00,0.21,0.04,0.00,0.93,0.00,0.00,0,0,,18,0.64,58,6,0.29,55,12,0.58,61,2,6,22,84,0.00,99,0,19,0.92,58,31,58,1.51,59,0,0.00,99,0,0.00,0,0,0.00,0,0.92,57,17,0.83,44,7,0.34,41.18,0,0.00,0,0,0,0.00,0,0,0.00,52,0.00,0,N/A,N/A,N/A,N/A,0.00,0,0.00,0,1.25,0.00,0,76.32,33.33,49,18,0.71,0.97,20,41,33,0,0,0,0.14,0.19,4,52,188.66,1.04,1.41,29,0,0.00,0.00,99,0.00,0,0,0,0.00,0.00,0,0.00,0.00,0.10,0.07,2,0,5.56,54,70,73,96,53,2.82,68,0.10,0.14,1.25,56,0.04,0.06,42,21,0.75,1.02,1.85,1.36,73,38,0.06,54,40,60,71,0,62,61,0,0.00,99,26,0.00,1.26,9.72,7.14,200,93,51,60,4.52,3.32,46.50,9,0.44,63,0,22.58,0,0.00,99,7,0.25,0.34,59,73,70,53,0,0,0,0,0,60,54,65,67,0,99,62,71,37,4,14,47,5,0,0
Leonardo Rafael dos Santos,25,988182000,2001/04/25,Serie B,2023,Midfielder,Ceará,0,0,0,Brazil,0,0,0,0,0,0,0,0,0,0,0,0,0,0,0,0,0,0,0,0,0,0,0,0,0,0,0,0,0,0,0,-1,-1,-1,-1,N/A,N/A,N/A,N/A,N/A,N/A,N/A,N/A,N/A,N/A,N/A,N/A,N/A,N/A,N/A,N/A,N/A,N/A,N/A,N/A,N/A,N/A,N/A,N/A,N/A,N/A,N/A,N/A,N/A,N/A,N/A,N/A,N/A,N/A,N/A,N/A,N/A,N/A,N/A,N/A,N/A,N/A,N/A,N/A,N/A,N/A,N/A,N/A,N/A,N/A,N/A,N/A,N/A,N/A,N/A,N/A,N/A,N/A,N/A,N/A,N/A,N/A,N/A,N/A,N/A,N/A,N/A,N/A,N/A,N/A,N/A,N/A,N/A,N/A,N/A,N/A,N/A,N/A,N/A,N/A,N/A,N/A,N/A,N/A,N/A,N/A,N/A,N/A,N/A,N/A,N/A,N/A,N/A,N/A,N/A,N/A,N/A,N/A,N/A,N/A,N/A,N/A,N/A,N/A,N/A,N/A,N/A,N/A,N/A,N/A,N/A,N/A,N/A,N/A,N/A,N/A,N/A,N/A,N/A,N/A,N/A,N/A,N/A,N/A,N/A,N/A,N/A,N/A,N/A,N/A,N/A,N/A,N/A,N/A,N/A,N/A,N/A,N/A,N/A,N/A,N/A,N/A,N/A,N/A,N/A,N/A,N/A,N/A,N/A,N/A,N/A,N/A,N/A,N/A,N/A,N/A,N/A,N/A,N/A,N/A,N/A,N/A,N/A,N/A,N/A,N/A,N/A,N/A,N/A,N/A,N/A,N/A,N/A,N/A,N/A,N/A,N/A,N/A,N/A,N/A,N/A,N/A,N/A,N/A,N/A,N/A,N/A,N/A,N/A,N/A,N/A,N/A,N/A,N/A,N/A,N/A,N/A,N/A,N/A,N/A,N/A,N/A,N/A,N/A,N/A,N/A,N/A,N/A,N/A,N/A,N/A,N/A,N/A,N/A,N/A,N/A,N/A,N/A,N/A,N/A,N/A,N/A,N/A,N/A
Leonardo Rodrigues dos Santos,27,913190400,1998/12/09,Serie B,2023,Defender,Ceará,1186,695,491,Brazil,19,11,8,2,2,0,2,1,1,0,0,8,7,1,16,4,12,6,0,0.3,0.15,0.15,0.26,0,593,1.21,74,62,198,593,0.46,134,92,178,8,0,6.78,0.11,85,39.76,27.83,62,501,22.56,406,68,32.22,64,0.00,0.00,0.22,4,0.00,0.00,1.11,0.78,14,0.00,0.44,0.00,0.00,0.00,0.89,0.39,0.00,5.00,0.79,0.33,0.61,0.00,0.22,0.08,0.00,0.78,0.00,0.00,0,0,,10,0.56,53,4,0.32,57,6,0.48,53,6,5,13,47,0.00,99,0,16,1.27,78,0,32,0.00,14,0,0.00,99,0,0.00,0,0,0.00,0,0.32,24,11,0.87,46,7,0.56,63.64,0,0.00,0,0,0,0.00,0,0,0.00,16,0.00,0,N/A,N/A,N/A,N/A,0.00,0,0.00,0,1.52,0.00,0,81.04,40.00,60,54,0.33,0.48,6,59,78,0,0,0,0.44,0.63,8,85,122.02,1.50,2.14,27,0,0.00,0.00,99,0.00,0,0,0,0.00,0.00,0,0.00,0.00,0.24,0.17,3,0,20.00,90,47,46,74,16,2.17,80,0.12,0.17,1.52,73,0.08,0.12,57,18,1.00,1.43,2.22,1.56,85,28,0.12,70,47,77,71,0,80,55,0,0.00,99,14,0.00,1.11,9.05,6.33,114,53,43,50,4.21,2.94,46.49,8,0.63,48,0,0.00,0,0.00,99,0,0.00,0.00,32,49,64,94,0,0,0,0,0,81,76,65,86,0,99,74,24,85,6,32,89,98,0,0
Leonardo Santiago Barcelar,26,930985200,1999/07/03,Serie B,2023,Forward,Novorizontino,1030,527,503,Brazil,21,12,9,3,1,2,0,0,0,0,0,10,6,4,9,4,5,4,0,0.26,0,0.26,0.17,0.36,343,0.79,114,49,258,0,0.35,67,487,-1,7,0,7.08,0,51,31.72,17.29,41,363,12.24,257,15,22.46,37,0.00,0.00,1.14,24,0.00,3.90,3.15,1.71,36,0.00,0.33,0.00,0.00,0.00,0.86,0.57,0.00,7.33,1.92,0.57,1.05,0.00,0.48,0.13,0.00,0.95,0.00,0.00,0,0,,22,1.05,90,10,0.87,90,12,1.05,87,1,11,10,99,0.00,99,0,18,1.57,90,82,75,7.17,99,0,0.00,99,0,0.00,0,0,0.00,0,2.10,95,22,1.92,81,12,1.05,54.55,0,0.00,0,0,0,0.00,0,0,0.00,64,0.00,0,N/A,N/A,N/A,N/A,0.00,0,0.00,0,2.64,0.00,0,70.80,45.45,70,7,0.67,1.22,14,84,61,0,0,0,0.10,0.17,2,47,148.58,0.33,0.61,7,0,0.00,0.00,99,0.00,0,0,1,0.05,0.09,0,0.00,0.00,0.17,0.10,2,0,13.64,77,42,51,60,64,1.41,55,0.07,0.12,2.64,93,0.13,0.23,91,30,1.43,2.62,2.62,1.43,93,30,0.23,90,92,25,91,0,75,77,0,0.00,99,20,0.00,1.75,16.43,8.95,188,98,99,98,8.56,4.67,52.13,7,0.61,50,0,28.05,0,0.00,99,23,1.10,2.01,99,38,88,33,0,0,0,0,0,77,89,94,75,0,99,88,41,69,4,19,61,19,0,0
Levy Sabatim Barbosa,24,1004860800,2001/11/04,Serie B,2023,Goalkeeper,Botafogo SP,0,0,0,Brazil,0,0,0,0,0,0,0,0,0,0,0,0,0,0,0,0,0,0,0,0,0,0,0,0,0,0,0,0,0,0,0,-1,-1,-1,-1,N/A,N/A,N/A,N/A,N/A,N/A,N/A,N/A,N/A,N/A,N/A,N/A,N/A,N/A,N/A,N/A,N/A,N/A,N/A,N/A,N/A,N/A,N/A,N/A,N/A,N/A,N/A,N/A,N/A,N/A,N/A,N/A,N/A,N/A,N/A,N/A,N/A,N/A,N/A,N/A,N/A,N/A,N/A,N/A,N/A,N/A,N/A,N/A,N/A,N/A,N/A,N/A,N/A,N/A,N/A,N/A,N/A,N/A,N/A,N/A,N/A,N/A,N/A,N/A,N/A,N/A,N/A,N/A,N/A,N/A,N/A,N/A,N/A,N/A,N/A,N/A,N/A,N/A,N/A,N/A,N/A,N/A,N/A,N/A,N/A,N/A,N/A,N/A,N/A,N/A,N/A,N/A,N/A,N/A,N/A,N/A,N/A,N/A,N/A,N/A,N/A,N/A,N/A,N/A,N/A,N/A,N/A,N/A,N/A,N/A,N/A,N/A,N/A,N/A,N/A,N/A,N/A,N/A,N/A,N/A,N/A,N/A,N/A,N/A,N/A,N/A,N/A,N/A,N/A,N/A,N/A,N/A,N/A,N/A,N/A,N/A,N/A,N/A,N/A,N/A,N/A,N/A,N/A,N/A,N/A,N/A,N/A,N/A,N/A,N/A,N/A,N/A,N/A,N/A,N/A,N/A,N/A,N/A,N/A,N/A,N/A,N/A,N/A,N/A,N/A,N/A,N/A,N/A,N/A,N/A,N/A,N/A,N/A,N/A,N/A,N/A,N/A,N/A,N/A,N/A,N/A,N/A,N/A,N/A,N/A,N/A,N/A,N/A,N/A,N/A,N/A,N/A,N/A,N/A,N/A,N/A,N/A,N/A,N/A,N/A,N/A,N/A,N/A,N/A,N/A,N/A,N/A,N/A,N/A,N/A,N/A,N/A,N/A,N/A,N/A,N/A,N/A,N/A,N/A,N/A,N/A,N/A,N/A,N/A
Ligger Moreira Malaquias,38,579942000,1988/05/18,Serie B,2023,Defender,Novorizontino,1651,922,729,Brazil,22,12,10,0,0,0,0,0,0,0,0,8,7,1,11,1,10,4,0,0,0,0,0,0,0,0.6,150,75,413,0,0.22,413,432,21,28,0,6.82,0,51,37.99,31.38,58,659,23.05,484,25,27.91,52,0.00,0.00,0.33,7,0.00,0.33,1.50,1.24,26,0.00,0.00,0.00,0.00,0.00,1.71,0.29,0.00,0.00,0.63,0.38,0.52,0.00,0.14,0.02,0.00,2.33,0.00,0.00,0,0,,11,0.52,45,3,0.17,39,8,0.46,50,1,1,20,66,0.00,99,0,36,2.08,98,7,40,0.40,38,0,0.00,99,0,0.00,0,0,0.00,0,0.40,28,11,0.63,37,6,0.35,54.55,0,0.00,0,0,0,0.00,0,0,0.00,90,0.00,0,N/A,N/A,N/A,N/A,0.00,0,0.00,0,0.36,0.00,0,73.44,27.27,38,57,0.38,0.46,8,42,61,0,0,0,0.24,0.29,5,65,143.19,2.00,2.42,42,0,0.00,0.00,99,0.00,0,0,0,0.00,0.00,0,0.00,0.00,0.00,0.00,0,0,0.00,48,64,54,48,90,1.11,14,0.05,0.06,0.36,38,0.02,0.02,25,11,0.52,0.63,1.84,1.52,72,32,0.02,37,54,80,71,0,45,96,0,0.00,99,49,0.00,2.83,8.94,7.38,155,92,74,49,5.30,4.38,59.35,0,0.00,99,0,14.29,0,0.00,99,1,0.05,0.06,38,69,30,33,0,0,0,0,0,34,48,65,59,0,99,52,64,46,3,14,47,16,0,0
Lohan dos Santos Freire,30,811580400,1995/09/20,Serie B,2023,Forward,Criciúma,264,67,197,Brazil,10,3,7,0,0,0,0,0,0,0,0,2,2,0,4,1,3,2,0,0,0,0,0,0,0,1.36,66,26,132,0,0.68,-1,-1,-1,20,0,6.58,0,51,22.50,6.11,20,55,4.44,40,21,16.36,21,0.00,0.00,0.56,5,0.00,0.22,0.82,0.22,2,0.00,0.33,0.00,0.00,0.00,0.11,0.22,0.00,0.00,2.05,0.44,0.56,0.00,0.11,0.02,0.00,0.89,0.00,0.00,0,0,,5,0.56,94,1,0.41,65,4,1.64,98,3,7,2,34,0.00,99,0,1,0.41,32,2,97,0.82,49,0,0.00,99,0,0.00,0,0,0.00,0,2.05,94,5,2.05,83,2,0.82,40.00,0,0.00,0,0,0,0.00,0,0,0.00,9,0.00,0,N/A,N/A,N/A,N/A,0.00,0,0.00,0,0.18,0.00,0,72.73,20.00,31,7,0.33,1.23,3,74,31,0,0,0,0.00,0.00,0,20,59.26,0.22,0.82,2,0,0.00,0.00,99,0.00,0,0,0,0.00,0.00,0,0.00,0.00,1.64,0.44,4,0,0.00,48,0,12,48,9,0.31,61,0.03,0.13,0.18,60,0.02,0.07,97,8,0.89,3.27,2.86,0.78,96,7,0.07,58,16,37,71,0,99,98,0,0.00,99,8,0.00,3.27,19.64,5.33,48,20,98,99,8.18,2.22,41.67,3,1.23,17,0,50.00,0,0.00,99,1,0.11,0.41,65,1,74,70,0,0,0,0,0,34,48,65,59,0,99,12,11,97,2,20,65,19,0,0
Luan de Freitas Molarinho Chagas,25,979977600,2001/01/20,Serie B,2023,Defender,Londrina,411,99,312,Brazil,7,2,5,0,0,0,0,0,0,0,0,2,1,1,10,1,9,1,0,0,0,0,0,0,0,2.19,41,59,411,0,0.22,359,322,228,18,0,6.44,0,51,43.46,25.83,74,155,21.50,129,81,36.17,77,0.00,0.00,0.33,2,0.00,0.00,0.28,0.17,1,0.00,0.00,0.00,0.00,0.00,0.50,0.00,0.00,0.00,0.56,0.33,0.00,0.00,0.00,0.01,0.00,0.33,0.00,0.00,0,0,,2,0.33,40,0,0.00,21,2,0.56,59,4,2,4,9,0.00,99,0,3,0.84,54,0,32,0.00,14,0,0.00,99,0,0.00,0,0,0.00,0,0.56,36,0,0.00,8,0,0.00,0.00,0,0.00,0,0,0,0.00,0,0,0.00,0,0.00,0,N/A,N/A,N/A,N/A,0.00,0,0.00,0,0.06,0.00,0,83.23,0.00,21,99,0.00,0.00,0,12,12,0,0,0,0.50,0.84,3,93,38.66,2.00,3.36,12,0,0.00,0.00,99,0.00,0,0,0,0.00,0.00,0,0.00,0.00,0.00,0.00,0,0,0.00,48,4,4,48,1,0.32,36,0.05,0.09,0.06,38,0.01,0.02,9,1,0.17,0.28,1.40,0.83,50,5,0.02,37,9,85,71,0,45,26,0,0.00,99,2,0.00,0.56,3.36,2.00,12,4,8,8,1.12,0.67,33.33,0,0.00,99,0,0.00,0,0.00,99,0,0.00,0.00,32,8,39,83,0,0,0,0,0,34,48,65,59,0,99,29,64,46,1,14,47,6,0,0
Luan Fernandes Ribeiro,28,865926000,1997/06/10,Serie B,2023,Goalkeeper,Ponte Preta,0,0,0,Brazil,0,0,0,0,0,0,0,0,0,0,0,0,0,0,0,0,0,0,0,0,0,0,0,0,0,0,0,0,0,0,0,-1,-1,-1,-1,N/A,N/A,N/A,N/A,N/A,N/A,N/A,N/A,N/A,N/A,N/A,N/A,N/A,N/A,N/A,N/A,N/A,N/A,N/A,N/A,N/A,N/A,N/A,N/A,N/A,N/A,N/A,N/A,N/A,N/A,N/A,N/A,N/A,N/A,N/A,N/A,N/A,N/A,N/A,N/A,N/A,N/A,N/A,N/A,N/A,N/A,N/A,N/A,N/A,N/A,N/A,N/A,N/A,N/A,N/A,N/A,N/A,N/A,N/A,N/A,N/A,N/A,N/A,N/A,N/A,N/A,N/A,N/A,N/A,N/A,N/A,N/A,N/A,N/A,N/A,N/A,N/A,N/A,N/A,N/A,N/A,N/A,N/A,N/A,N/A,N/A,N/A,N/A,N/A,N/A,N/A,N/A,N/A,N/A,N/A,N/A,N/A,N/A,N/A,N/A,N/A,N/A,N/A,N/A,N/A,N/A,N/A,N/A,N/A,N/A,N/A,N/A,N/A,N/A,N/A,N/A,N/A,N/A,N/A,N/A,N/A,N/A,N/A,N/A,N/A,N/A,N/A,N/A,N/A,N/A,N/A,N/A,N/A,N/A,N/A,N/A,N/A,N/A,N/A,N/A,N/A,N/A,N/A,N/A,N/A,N/A,N/A,N/A,N/A,N/A,N/A,N/A,N/A,N/A,N/A,N/A,N/A,N/A,N/A,N/A,N/A,N/A,N/A,N/A,N/A,N/A,N/A,N/A,N/A,N/A,N/A,N/A,N/A,N/A,N/A,N/A,N/A,N/A,N/A,N/A,N/A,N/A,N/A,N/A,N/A,N/A,N/A,N/A,N/A,N/A,N/A,N/A,N/A,N/A,N/A,N/A,N/A,N/A,N/A,N/A,N/A,N/A,N/A,N/A,N/A,N/A,N/A,N/A,N/A,N/A,N/A,N/A,N/A,N/A,N/A,N/A,N/A,N/A,N/A,N/A,N/A,N/A,N/A,N/A
Luan Sales do Nascimento,24,990601200,2001/05/23,Serie B,2023,Defender,Atlético GO,44,44,0,Brazil,1,1,0,0,0,0,0,0,0,0,0,0,0,0,0,0,0,0,0,0,0,0,0,0,0,0,0,44,0,0,0,-1,-1,-1,29,0,6.42,0,51,18.41,9.00,8,9,8.00,8,99,16.36,21,0.00,0.00,0.00,0,0.00,5.00,0.00,0.00,0,0.00,1.00,0.00,0.00,0.00,0.00,0.00,0.00,0.00,0.00,0.00,0.00,0.00,0.00,0.00,0.00,0.00,0.00,0.00,0,0,,0,0.00,9,0,0.00,21,0,0.00,10,0,1,0,4,0.00,99,0,0,0.00,9,5,32,10.23,99,0,0.00,99,0,0.00,0,0,0.00,0,0.00,6,0,0.00,8,0,0.00,0.00,0,0.00,0,0,0,0.00,0,0,0.00,99,0.00,0,N/A,N/A,N/A,N/A,0.00,0,0.00,0,0.00,0.00,0,88.89,0.00,21,1,1.00,2.05,1,12,12,0,0,0,0.00,0.00,0,20,6.42,0.00,0.00,0,0,0.00,0.00,99,0.00,0,0,0,0.00,0.00,0,0.00,0.00,0.00,0.00,0,0,0.00,48,0,0,48,0,0.02,8,0.02,0.04,0.00,14,0.00,0.00,78,1,1.00,2.05,0.00,0.00,4,0,0.00,13,9,2,71,0,45,2,0,0.00,99,0,0.00,0.00,6.14,3.00,3,1,9,18,2.05,1.00,33.33,1,2.05,2,0,0.00,0,0.00,99,0,0.00,0.00,32,0,30,9,0,0,0,0,0,34,48,65,59,0,99,1,8,8,0,0,10,13,0,0
Lucas Alexandre Marques Otaviano,27,897462000,1998/06/10,Serie B,2023,Defender,Tombense,3,0,3,Brazil,1,0,1,0,0,0,0,0,0,0,0,1,0,1,0,0,0,0,0,0,0,0,0,0,0,0,0,3,0,0,0,-1,-1,-1,19,0,6.64,0,51,120.00,4.00,99,4,3.00,3,33,90.00,99,0.00,0.00,0.00,0,0.00,0.00,0.00,0.00,0,0.00,0.00,0.00,0.00,0.00,0.00,0.00,0.00,0.00,0.00,0.00,1.00,0.00,0.00,0.00,0.00,0.00,0.00,0.00,0,0,,0,0.00,9,0,0.00,21,0,0.00,10,0,1,0,4,0.00,99,0,0,0.00,9,0,32,0.00,14,0,0.00,99,0,0.00,0,0,0.00,0,0.00,6,1,30.00,99,0,0.00,0.00,0,0.00,0,0,0,0.00,0,0,0.00,99,0.00,0,N/A,N/A,N/A,N/A,0.00,0,0.00,0,0.00,0.00,0,75.00,0.00,21,99,0.00,0.00,0,12,12,0,0,0,0.00,0.00,0,20,6.64,0.00,0.00,0,0,0.00,0.00,99,0.00,0,0,0,0.00,0.00,0,0.00,0.00,0.00,0.00,0,0,0.00,48,0,0,48,0,0.01,98,0.01,0.30,0.00,14,0.00,0.00,99,1,1.00,30.00,30.00,1.00,99,1,0.00,13,21,2,71,0,45,2,0,0.00,99,0,0.00,0.00,90.00,3.00,3,1,99,99,30.00,1.00,33.33,0,0.00,99,0,0.00,0,0.00,99,0,0.00,0.00,32,0,30,9,0,0,0,0,0,34,48,65,59,0,99,99,8,8,0,0,10,13,0,0
Lucas Alves,24,1017216000,2002/03/27,Serie B,2023,Midfielder,Chapecoense,42,18,24,Brazil,2,1,1,0,0,0,0,0,0,0,0,0,0,0,0,0,0,0,0,0,0,0,0,0,0,0,0,21,0,0,0,-1,-1,-1,31,0,0.00,0,51,0.00,0.00,0,0,0.00,0,0,0.00,0,0.00,0.00,0.00,0,0.00,0.00,0.00,0.00,0,0.00,0.00,0.00,0.00,0.00,0.00,0.00,0.00,0.00,0.00,0.00,0.00,0.00,0.00,0.00,0.00,0.00,0.00,0.00,0,0,,0,0.00,9,0,0.00,21,0,0.00,10,0,2,0,4,0.00,99,0,0,0.00,9,0,32,0.00,14,0,0.00,99,0,0.00,0,0,0.00,0,0.00,6,0,0.00,8,0,0.00,0.00,0,0.00,0,0,0,0.00,0,0,0.00,99,0.00,0,N/A,N/A,N/A,N/A,0.00,0,0.00,0,0.00,0.00,0,0.00,0.00,21,99,0.00,0.00,0,12,12,0,0,0,0.00,0.00,0,20,0.00,0.00,0.00,0,0,0.00,0.00,99,0.00,0,0,0,0.00,0.00,0,0.00,0.00,0.00,0.00,0,0,0.00,48,0,0,48,0,0.00,0,0.00,0.00,0.00,14,0.00,0.00,1,0,0.00,0.00,0.00,0.00,4,0,0.00,13,0,2,71,0,45,2,0,0.00,99,0,0.00,0.00,0.00,0.00,0,0,0,0,0.00,0.00,0.00,0,0.00,99,0,0.00,0,0.00,99,0,0.00,0.00,32,0,39,9,0,0,0,0,0,34,48,65,59,0,99,1,8,8,0,0,10,35,0,0
Lucas André Silva da Costa,23,1043827200,2003/01/29,Serie B,2023,Midfielder,Sport Recife,46,0,46,Brazil,1,0,1,0,0,0,0,0,0,0,0,0,0,0,3,0,3,0,0,0,0,0,0,0,0,5.87,15,46,0,0,0,-1,-1,-1,34,0,0.00,0,51,0.00,0.00,0,0,0.00,0,0,0.00,0,0.00,0.00,0.00,0,0.00,0.00,0.00,0.00,0,0.00,0.00,0.00,0.00,0.00,0.00,0.00,0.00,0.00,0.00,0.00,0.00,0.00,0.00,0.00,0.00,0.00,0.00,0.00,0,0,,0,0.00,9,0,0.00,21,0,0.00,10,1,0,1,4,0.00,99,0,0,0.00,9,0,32,0.00,14,0,0.00,99,0,0.00,0,0,0.00,0,0.00,6,0,0.00,8,0,0.00,0.00,0,0.00,0,0,0,0.00,0,0,0.00,0,0.00,0,N/A,N/A,N/A,N/A,0.00,0,0.00,0,0.00,0.00,0,0.00,0.00,21,99,0.00,0.00,0,12,12,0,0,0,0.00,0.00,0,20,0.00,0.00,0.00,0,0,0.00,0.00,99,0.00,0,0,0,0.00,0.00,0,0.00,0.00,0.00,0.00,0,0,0.00,48,0,0,48,0,0.00,0,0.00,0.00,0.00,14,0.00,0.00,1,0,0.00,0.00,0.00,0.00,4,0,0.00,13,0,2,71,0,45,2,0,0.00,99,0,0.00,0.00,0.00,0.00,0,0,0,0,0.00,0.00,0.00,0,0.00,99,0,0.00,0,0.00,99,0,0.00,0.00,32,0,19,33,0,0,0,0,0,34,48,65,59,0,99,1,8,8,0,0,10,55,0,0
Lucas Araujo de Oliveira,27,927270000,1999/05/21,Serie B,2023,Midfielder,Guarani,901,444,457,Brazil,25,13,12,0,0,0,1,1,0,0,0,10,5,5,8,3,5,3,0,0.1,0.1,0,0,0,0,0.8,113,36,300,901,0.3,431,143,-1,26,0,6.68,0.04,76,40.73,15.29,65,367,12.17,292,60,32.40,65,0.00,0.00,0.25,6,0.00,0.25,1.44,0.54,13,0.00,0.33,0.00,0.00,0.00,0.42,0.25,0.00,0.00,0.67,0.12,0.42,0.00,0.12,0.01,0.00,0.42,0.00,0.00,0,0,,6,0.25,47,3,0.33,59,3,0.33,35,1,18,6,63,0.00,99,0,10,1.11,69,6,86,0.67,46,0,0.00,99,0,0.00,0,0,0.00,0,0.67,44,10,1.11,57,6,0.67,60.00,0,0.00,0,0,0,0.00,0,0,0.00,63,0.00,0,N/A,N/A,N/A,N/A,0.00,0,0.00,0,0.26,0.00,0,79.56,50.00,83,71,0.12,0.33,3,67,73,0,0,0,0.04,0.11,1,34,160.34,0.46,1.22,11,0,0.00,0.00,99,0.00,0,0,1,0.04,0.11,0,0.00,0.00,0.00,0.00,0,0,0.00,48,34,63,48,64,1.41,76,0.06,0.16,0.26,45,0.01,0.03,71,16,0.67,1.78,1.44,0.54,52,13,0.03,43,25,52,93,0,45,55,0,0.00,99,10,0.00,1.11,8.43,3.17,76,45,67,41,4.99,1.88,59.21,8,0.89,30,0,33.33,0,0.00,99,2,0.08,0.22,55,17,97,33,0,0,0,0,0,50,48,65,59,0,99,67,49,59,3,12,41,21,0,0
Lucas Baptista Félix,29,862988400,1997/05/07,Serie B,2023,Forward,Avaí,610,228,382,Brazil,14,8,6,1,0,1,0,0,0,0,0,4,2,2,7,3,4,4,1,0.15,0,0.15,0,0.24,610,1.03,87,44,122,0,0.74,141,415,-1,11,0,0.00,0,51,0.00,0.00,0,0,0.00,0,0,0.00,0,0.00,0.00,0.00,0,0.00,0.00,0.00,0.00,0,0.00,0.00,0.00,0.00,0.00,0.00,0.00,0.00,0.00,0.00,0.00,0.00,0.00,0.00,0.00,0.00,0.00,0.00,0.00,0,0,,0,0.00,9,0,0.00,21,0,0.00,10,1,7,7,4,0.00,99,0,0,0.00,9,0,32,0.00,14,0,0.00,99,0,0.00,0,0,0.00,0,0.00,6,0,0.00,8,0,0.00,0.00,0,0.00,0,0,0,0.00,0,0,0.00,33,0.00,0,N/A,N/A,N/A,N/A,0.00,0,0.00,0,0.00,0.00,0,0.00,0.00,21,99,0.00,0.00,0,12,12,0,0,0,0.00,0.00,0,20,0.00,0.00,0.00,0,0,0.00,0.00,99,0.00,0,0,0,0.00,0.00,0,0.00,0.00,0.00,0.00,0,0,0.00,48,16,27,74,33,0.00,0,0.00,0.00,0.00,14,0.00,0.00,1,0,0.00,0.00,0.00,0.00,4,0,0.00,13,0,2,71,0,45,2,0,0.00,99,0,0.00,0.00,0.00,0.00,0,0,0,0,0.00,0.00,0.00,0,0.00,99,0,0.00,0,0.00,99,0,0.00,0.00,32,22,74,33,0,0,0,0,0,60,76,86,59,0,99,29,10,98,3,0,10,7,0,0
Lucas Cardoso Adell,25,963644400,2000/07/15,Serie B,2023,Defender,Guarani,0,0,0,Brazil,0,0,0,0,0,0,0,0,0,0,0,0,0,0,0,0,0,0,0,0,0,0,0,0,0,0,0,0,0,0,0,-1,-1,-1,-1,N/A,N/A,N/A,N/A,N/A,N/A,N/A,N/A,N/A,N/A,N/A,N/A,N/A,N/A,N/A,N/A,N/A,N/A,N/A,N/A,N/A,N/A,N/A,N/A,N/A,N/A,N/A,N/A,N/A,N/A,N/A,N/A,N/A,N/A,N/A,N/A,N/A,N/A,N/A,N/A,N/A,N/A,N/A,N/A,N/A,N/A,N/A,N/A,N/A,N/A,N/A,N/A,N/A,N/A,N/A,N/A,N/A,N/A,N/A,N/A,N/A,N/A,N/A,N/A,N/A,N/A,N/A,N/A,N/A,N/A,N/A,N/A,N/A,N/A,N/A,N/A,N/A,N/A,N/A,N/A,N/A,N/A,N/A,N/A,N/A,N/A,N/A,N/A,N/A,N/A,N/A,N/A,N/A,N/A,N/A,N/A,N/A,N/A,N/A,N/A,N/A,N/A,N/A,N/A,N/A,N/A,N/A,N/A,N/A,N/A,N/A,N/A,N/A,N/A,N/A,N/A,N/A,N/A,N/A,N/A,N/A,N/A,N/A,N/A,N/A,N/A,N/A,N/A,N/A,N/A,N/A,N/A,N/A,N/A,N/A,N/A,N/A,N/A,N/A,N/A,N/A,N/A,N/A,N/A,N/A,N/A,N/A,N/A,N/A,N/A,N/A,N/A,N/A,N/A,N/A,N/A,N/A,N/A,N/A,N/A,N/A,N/A,N/A,N/A,N/A,N/A,N/A,N/A,N/A,N/A,N/A,N/A,N/A,N/A,N/A,N/A,N/A,N/A,N/A,N/A,N/A,N/A,N/A,N/A,N/A,N/A,N/A,N/A,N/A,N/A,N/A,N/A,N/A,N/A,N/A,N/A,N/A,N/A,N/A,N/A,N/A,N/A,N/A,N/A,N/A,N/A,N/A,N/A,N/A,N/A,N/A,N/A,N/A,N/A,N/A,N/A,N/A,N/A,N/A,N/A,N/A,N/A,N/A,N/A
Lucas Cardoso Moreira,25,965286000,2000/08/03,Serie B,2023,Midfielder,Botafogo SP,1396,771,625,Brazil,29,16,13,0,0,0,3,1,2,0,0,11,8,3,20,10,10,3,0,0.19,0.19,0,0,0,0,1.29,70,48,465,465,0.19,293,57,-1,28,0,0.00,0,91,0.00,0.00,0,0,0.00,0,0,0.00,0,0.00,0.00,0.00,0,0.00,0.00,0.00,0.00,0,0.00,0.00,0.00,0.00,0.00,0.00,0.00,0.00,0.00,0.00,0.00,0.00,0.00,0.00,0.00,0.00,0.00,0.00,0.00,0,0,,0,0.00,9,0,0.00,21,0,0.00,10,3,13,15,4,0.00,99,0,0,0.00,9,0,32,0.00,14,0,0.00,99,0,0.00,0,0,0.00,0,0.00,6,0,0.00,8,0,0.00,0.00,0,0.00,0,0,0,0.00,0,0,0.00,12,0.00,0,N/A,N/A,N/A,N/A,0.00,0,0.00,0,0.00,0.00,0,0.00,0.00,21,99,0.00,0.00,0,12,12,0,0,0,0.00,0.00,0,20,0.00,0.00,0.00,0,0,0.00,0.00,99,0.00,0,0,0,0.00,0.00,0,0.00,0.00,0.00,0.00,0,0,0.00,48,56,75,48,13,0.00,0,0.00,0.00,0.00,14,0.00,0.00,1,0,0.00,0.00,0.00,0.00,4,0,0.00,13,0,2,71,0,45,2,0,0.00,99,0,0.00,0.00,0.00,0.00,0,0,0,0,0.00,0.00,0.00,0,0.00,99,0,0.00,0,0.00,99,0,0.00,0.00,32,55,91,70,0,0,0,0,0,67,48,65,59,0,99,59,71,37,2,0,10,21,0,0
Lucas Cavalcante Silva Afonso,30,827568000,1996/03/23,Serie B,2023,Defender,Guarani,3184,1564,1620,Brazil,36,18,18,0,0,0,1,0,1,0,0,11,6,5,28,13,15,5,1,0.03,0.03,0,0,0,0,0.79,114,88,531,3184,0.17,434,248,75,30,0,7.01,0.03,53,59.46,58.40,99,2044,51.89,1816,99,52.82,99,0.00,0.00,0.29,10,0.00,0.11,0.58,0.57,20,0.00,0.11,0.00,0.00,0.00,0.86,0.11,0.00,0.00,0.52,0.46,0.20,0.00,0.06,0.02,0.00,1.94,0.00,0.00,0,0,,18,0.51,37,2,0.06,25,16,0.47,51,0,0,35,20,0.00,99,0,30,0.87,55,4,98,0.12,22,0,0.00,99,0,0.00,0,0,0.00,0,0.29,23,7,0.20,19,4,0.12,57.14,0,0.00,0,0,0,0.00,0,0,0.00,64,0.00,0,N/A,N/A,N/A,N/A,0.00,0,0.00,0,0.63,0.00,0,88.85,11.11,23,91,0.09,0.09,3,18,65,0,0,0,0.86,0.87,30,93,245.52,4.60,4.68,161,1,0.00,0.03,14,0.03,0,0,0,0.00,0.00,0,0.00,0.00,0.00,0.00,0,0,0.00,48,98,98,48,64,5.30,71,0.15,0.15,0.63,38,0.02,0.02,6,7,0.20,0.20,0.35,0.34,9,12,0.02,37,86,95,71,0,45,83,0,0.00,99,68,0.00,1.98,4.68,4.60,161,99,15,10,2.88,2.83,61.49,4,0.12,83,0,75.00,0,0.00,99,3,0.09,0.09,42,99,19,9,0,0,0,0,0,35,48,65,59,0,99,36,76,33,4,11,37,3,0,0
Lucas Costa da Silva,31,775119600,1994/07/25,Serie B,2023,Forward,ABC,303,164,139,Brazil,7,4,3,0,0,0,0,0,0,0,0,2,1,1,5,0,5,0,0,0,0,0,0,0,0,1.49,61,43,0,0,0,331,362,-1,14,0,6.71,0,51,21.09,10.14,16,71,7.14,50,14,14.85,15,0.00,0.00,0.29,2,0.00,1.29,2.38,1.14,8,0.00,0.43,0.00,0.00,0.00,0.43,1.43,0.00,0.00,1.19,0.29,2.57,0.00,0.29,0.02,0.00,0.43,0.00,0.00,0,0,,4,0.57,66,2,0.59,74,2,0.59,63,2,3,4,94,0.00,99,0,3,0.89,57,9,32,2.67,74,0,0.00,99,0,0.00,0,0,0.00,0,0.59,38,18,5.35,99,10,2.97,55.56,0,0.00,0,0,0,0.00,0,0,0.00,5,0.00,0,N/A,N/A,N/A,N/A,0.00,0,0.00,0,0.15,0.00,0,70.42,50.00,83,1,0.86,1.78,6,99,63,0,0,0,0.00,0.00,0,20,46.95,0.57,1.19,4,0,0.00,0.00,99,0.00,0,0,1,0.14,0.30,0,0.00,0.00,0.59,0.29,2,0,0.00,48,0,4,48,5,0.17,10,0.02,0.05,0.15,49,0.02,0.04,98,12,1.71,3.56,0.89,0.43,23,3,0.04,47,32,51,99,0,94,43,0,0.00,99,3,0.00,0.89,17.52,8.43,59,33,99,99,9.80,4.71,55.93,3,0.89,30,0,0.00,0,0.00,99,0,0.00,0.00,32,8,50,53,0,0,0,0,0,34,48,65,59,0,99,29,8,8,0,0,10,8,0,0
Lucas da Silva Rocha,30,803545200,1995/06/19,Serie B,2023,Defender,Atlético GO,0,0,0,Brazil,0,0,0,0,0,0,0,0,0,0,0,0,0,0,0,0,0,0,0,0,0,0,0,0,0,0,0,0,0,0,0,-1,-1,-1,-1,N/A,N/A,N/A,N/A,N/A,N/A,N/A,N/A,N/A,N/A,N/A,N/A,N/A,N/A,N/A,N/A,N/A,N/A,N/A,N/A,N/A,N/A,N/A,N/A,N/A,N/A,N/A,N/A,N/A,N/A,N/A,N/A,N/A,N/A,N/A,N/A,N/A,N/A,N/A,N/A,N/A,N/A,N/A,N/A,N/A,N/A,N/A,N/A,N/A,N/A,N/A,N/A,N/A,N/A,N/A,N/A,N/A,N/A,N/A,N/A,N/A,N/A,N/A,N/A,N/A,N/A,N/A,N/A,N/A,N/A,N/A,N/A,N/A,N/A,N/A,N/A,N/A,N/A,N/A,N/A,N/A,N/A,N/A,N/A,N/A,N/A,N/A,N/A,N/A,N/A,N/A,N/A,N/A,N/A,N/A,N/A,N/A,N/A,N/A,N/A,N/A,N/A,N/A,N/A,N/A,N/A,N/A,N/A,N/A,N/A,N/A,N/A,N/A,N/A,N/A,N/A,N/A,N/A,N/A,N/A,N/A,N/A,N/A,N/A,N/A,N/A,N/A,N/A,N/A,N/A,N/A,N/A,N/A,N/A,N/A,N/A,N/A,N/A,N/A,N/A,N/A,N/A,N/A,N/A,N/A,N/A,N/A,N/A,N/A,N/A,N/A,N/A,N/A,N/A,N/A,N/A,N/A,N/A,N/A,N/A,N/A,N/A,N/A,N/A,N/A,N/A,N/A,N/A,N/A,N/A,N/A,N/A,N/A,N/A,N/A,N/A,N/A,N/A,N/A,N/A,N/A,N/A,N/A,N/A,N/A,N/A,N/A,N/A,N/A,N/A,N/A,N/A,N/A,N/A,N/A,N/A,N/A,N/A,N/A,N/A,N/A,N/A,N/A,N/A,N/A,N/A,N/A,N/A,N/A,N/A,N/A,N/A,N/A,N/A,N/A,N/A,N/A,N/A,N/A,N/A,N/A,N/A,N/A,N/A
Lucas de Freitas Molarinho Chagas,25,979977600,2001/01/20,Serie B,2023,Defender,Chapecoense,2050,970,1080,Brazil,23,11,12,0,0,0,0,0,0,0,0,7,4,3,16,4,12,1,0,0,0,0,0,0,0,0.7,128,89,2050,0,0.04,358,262,53,18,0,6.89,0,51,45.32,44.86,79,987,38.18,840,89,38.57,82,0.00,0.00,0.14,3,0.00,0.09,0.78,0.77,17,0.00,0.14,0.00,0.00,0.00,0.41,0.09,0.00,0.00,0.09,0.09,0.23,0.00,0.00,0.00,0.00,0.86,0.00,0.00,0,0,,2,0.09,10,0,0.00,21,2,0.09,12,1,0,22,32,0.00,99,0,9,0.41,32,2,97,0.09,19,0,0.00,99,0,0.00,0,0,0.00,0,0.14,13,5,0.23,21,2,0.09,40.00,0,0.00,0,0,0,0.00,0,0,0.00,76,0.00,0,N/A,N/A,N/A,N/A,0.00,0,0.00,0,0.05,0.00,0,85.11,0.00,21,63,0.41,0.41,9,16,31,0,0,0,1.09,1.10,24,97,151.59,4.73,4.78,104,0,0.00,0.00,99,0.00,0,0,0,0.00,0.00,0,0.00,0.00,0.00,0.00,0,0,0.00,48,76,58,48,76,1.82,27,0.08,0.08,0.05,14,0.00,0.00,14,9,0.41,0.41,0.96,0.95,27,21,0.00,13,67,95,71,0,45,42,0,0.00,99,19,0.00,0.87,4.18,4.14,91,47,10,8,2.16,2.14,51.65,3,0.14,80,0,50.00,0,0.00,99,1,0.05,0.05,37,73,19,33,0,0,0,0,0,34,48,65,59,0,99,33,99,9,1,4,12,43,0,0
Lucas de Oliveira Teodoro Falcão,28,892537200,1998/04/14,Serie B,2023,Midfielder,CRB,2430,1219,1211,Brazil,33,17,16,1,0,1,0,0,0,0,0,12,9,3,25,9,16,6,1,0.04,0,0.04,0,0.07,2430,0.93,97,74,405,0,0.22,261,488,-1,10,0,6.95,0,51,46.00,37.38,81,1196,31.31,1002,84,38.54,82,0.00,0.00,0.44,14,0.00,0.09,3.50,2.84,91,0.00,0.34,0.00,0.00,0.00,0.94,0.25,0.00,23.00,0.88,0.53,0.59,0.00,0.19,0.04,0.00,1.06,0.00,0.00,0,0,,23,0.72,58,6,0.23,49,17,0.65,67,4,5,27,99,0.00,99,0,30,1.15,71,3,32,0.12,22,0,0.00,99,0,0.00,0,0,0.00,0,0.54,35,19,0.73,40,8,0.31,42.11,0,0.00,0,0,0,0.00,0,0,0.00,45,0.00,0,N/A,N/A,N/A,N/A,0.00,0,0.00,0,1.39,0.00,0,83.78,26.09,36,3,1.16,1.42,37,37,35,0,0,0,0.31,0.38,10,72,222.40,1.06,1.31,34,0,0.00,0.00,99,0.00,0,0,0,0.00,0.00,0,0.00,0.00,0.04,0.03,1,0,4.35,51,85,90,98,45,3.02,55,0.09,0.12,1.39,53,0.04,0.05,87,63,1.97,2.42,2.38,1.94,89,62,0.05,51,79,56,71,0,50,62,0,0.00,99,34,0.00,1.31,13.15,10.69,342,196,96,90,7.54,6.12,57.31,11,0.42,65,0,0.00,0,0.00,99,0,0.00,0.00,32,84,64,83,0,0,0,0,0,37,52,68,59,0,99,52,63,46,5,15,50,21,0,0
Lucas Eduardo Lima da Silva,25,962694000,2000/07/04,Serie B,2023,Midfielder,CRB,2561,1355,1206,Brazil,35,19,16,2,2,0,1,1,0,0,0,14,10,4,22,8,14,5,1,0.11,0.04,0.07,0.13,0,1281,0.77,116,73,427,2561,0.21,222,246,-1,7,0,6.52,0.03,57,28.28,23.00,34,782,18.41,626,62,22.64,38,0.00,0.00,0.50,17,0.00,0.32,1.95,1.59,54,0.00,0.79,0.00,0.00,0.00,0.71,0.35,0.00,13.00,0.94,0.53,0.82,0.00,0.24,0.06,0.00,0.82,0.00,0.00,0,0,,26,0.76,60,8,0.29,55,18,0.65,67,7,2,32,85,0.00,99,0,24,0.87,55,11,34,0.40,38,0,0.00,99,0,0.00,0,0,0.00,0,0.61,40,28,1.01,53,12,0.43,42.86,0,0.00,0,0,0,0.00,0,0,0.00,66,0.00,0,N/A,N/A,N/A,N/A,0.00,0,0.00,0,2.12,0.00,0,80.05,30.77,43,56,0.38,0.47,13,49,37,0,0,0,0.09,0.11,3,34,221.61,0.53,0.65,18,0,0.00,0.00,99,0.00,0,0,0,0.00,0.00,0,0.00,0.00,0.07,0.06,2,0,7.69,60,89,95,91,66,2.35,27,0.07,0.08,2.12,63,0.06,0.08,53,37,1.09,1.34,1.30,1.06,44,36,0.08,61,12,28,71,0,55,49,0,0.00,99,28,0.00,1.01,8.97,7.29,248,131,59,49,4.74,3.85,52.82,27,0.98,26,0,9.09,0,0.00,99,1,0.03,0.04,36,92,39,98,0,0,0,0,0,52,59,65,70,0,99,67,67,42,4,11,37,13,0,0
Lucas Esteves Souza,25,961830000,2000/06/24,Serie B,2023,Defender,Atlético GO,1322,581,741,Brazil,16,7,9,0,0,0,2,1,1,0,0,9,3,6,11,6,5,6,0,0.14,0.14,0,0,0,0,0.75,120,83,220,661,0.41,288,103,66,22,0,6.76,0.12,83,35.76,33.80,51,507,25.27,379,30,26.73,49,0.00,0.00,0.53,8,0.00,1.67,0.99,0.93,14,0.00,0.20,0.00,0.00,0.00,1.20,0.33,0.00,0.00,0.71,0.47,0.80,0.00,0.20,0.02,0.00,1.00,0.00,0.00,0,0,,10,0.67,50,3,0.21,45,7,0.49,54,4,0,15,42,0.00,99,0,18,1.27,78,25,51,1.76,64,0,0.00,99,0,0.00,0,0,0.00,0,0.56,36,12,0.85,45,5,0.35,41.67,0,0.00,0,0,0,0.00,0,0,0.00,68,0.00,0,N/A,N/A,N/A,N/A,0.00,0,0.00,0,0.32,0.00,0,74.75,30.00,41,41,0.60,0.63,9,42,35,0,0,0,0.13,0.14,2,40,101.40,1.47,1.55,22,0,0.00,0.00,99,0.00,0,0,1,0.07,0.07,0,0.00,0.00,0.00,0.00,0,0,0.00,48,53,34,48,68,2.30,76,0.15,0.16,0.32,38,0.02,0.02,30,10,0.67,0.71,1.27,1.20,42,18,0.02,37,44,63,88,0,45,52,0,0.00,99,15,0.00,1.06,6.28,5.93,89,44,19,20,3.10,2.93,49.44,3,0.21,75,0,20.00,0,0.00,99,5,0.33,0.35,61,55,19,83,0,0,0,0,0,58,48,65,59,0,99,96,29,79,5,31,88,6,0,0
Lucas Gonçalves de Paula,27,921398400,1999/03/14,Serie B,2023,Forward,ABC,76,0,76,Brazil,3,0,3,0,0,0,0,0,0,0,0,0,0,0,1,0,1,0,0,0,0,0,0,0,0,1.18,76,25,0,0,0,-1,-1,-1,45,0,6.67,0,51,42.24,11.50,71,23,8.00,16,12,29.39,56,0.00,0.00,0.00,0,0.00,0.50,3.67,1.00,2,0.00,0.00,0.00,0.00,0.00,0.00,0.50,0.00,0.00,1.84,0.50,1.50,0.00,0.00,0.01,0.00,1.00,0.00,0.00,0,0,,1,0.50,88,0,0.00,21,1,1.84,99,0,3,0,99,0.00,99,0,0,0.00,9,1,32,1.84,65,0,0.00,99,0,0.00,0,0,0.00,0,0.00,6,3,5.51,99,1,1.84,33.33,0,0.00,0,0,0,0.00,0,0,0.00,18,0.00,0,N/A,N/A,N/A,N/A,0.00,0,0.00,0,0.02,0.00,0,69.57,0.00,21,99,0.00,0.00,0,96,22,0,0,0,0.00,0.00,0,20,13.35,0.00,0.00,0,0,0.00,0.00,99,0.00,0,0,0,0.00,0.00,0,0.00,0.00,0.00,0.00,0,0,0.00,48,0,0,48,18,0.03,14,0.01,0.06,0.02,49,0.01,0.04,98,2,1.00,3.67,3.67,1.00,99,2,0.04,47,24,2,71,0,45,99,0,0.00,99,2,0.00,3.67,23.88,6.50,13,7,99,99,12.86,3.50,53.85,0,0.00,99,0,0.00,0,0.00,99,0,0.00,0.00,32,0,50,9,0,0,0,0,0,34,48,65,59,0,99,1,8,8,0,0,10,9,0,0
Lucas Heinzen Coelho,31,774687600,1994/07/20,Serie B,2023,Forward,Londrina,274,166,108,Brazil,8,4,4,0,0,0,1,1,0,0,0,3,1,2,2,0,2,2,0,0.33,0.33,0,0,0,0,0.66,137,34,137,274,0.66,324,10,-1,30,0,6.64,0.12,98,24.31,9.25,24,74,6.12,49,7,16.09,20,0.00,0.00,0.62,5,0.00,0.12,0.66,0.25,2,0.00,0.62,0.00,0.00,0.00,0.38,0.38,0.00,0.00,0.33,0.00,0.88,0.00,0.12,0.01,0.00,1.25,0.00,0.00,0,0,,1,0.12,21,1,0.33,59,0,0.00,10,1,5,3,25,0.00,99,0,3,0.99,62,1,32,0.33,33,0,0.00,99,0,0.00,0,0,0.00,0,1.64,87,7,2.30,87,3,0.99,42.86,0,0.00,0,0,0,0.00,0,0,0.00,83,0.00,0,N/A,N/A,N/A,N/A,0.00,0,0.00,0,0.05,0.00,0,66.22,100.00,99,38,0.25,0.66,2,82,37,0,0,0,0.38,0.99,3,95,53.12,0.25,0.66,2,0,0.00,0.00,99,0.00,0,0,0,0.00,0.00,0,0.00,0.00,0.66,0.25,2,0,0.00,48,0,6,48,83,0.89,97,0.11,0.29,0.05,38,0.01,0.02,76,6,0.75,1.97,4.60,1.75,99,14,0.02,37,21,29,71,0,96,98,0,0.00,99,10,0.00,3.28,19.05,7.25,58,21,93,99,6.90,2.62,36.21,5,1.64,6,0,0.00,0,0.00,99,0,0.00,0.00,32,3,64,33,0,0,0,0,0,85,48,65,59,0,99,59,12,96,2,25,79,18,0,0
Lucas Henrique da Silva,30,813049200,1995/10/07,Serie B,2023,Midfielder,Juventude,218,0,218,Brazil,7,0,7,0,0,0,0,0,0,0,0,4,0,4,0,0,0,2,0,0,0,0,0,0,0,0,0,31,109,0,0.83,-1,-1,-1,19,0,0.00,0,51,0.00,0.00,0,0,0.00,0,0,0.00,0,0.00,0.00,0.00,0,0.00,0.00,0.00,0.00,0,0.00,0.00,0.00,0.00,0.00,0.00,0.00,0.00,0.00,0.00,0.00,0.00,0.00,0.00,0.00,0.00,0.00,0.00,0.00,0,0,,0,0.00,9,0,0.00,21,0,0.00,10,3,4,2,4,0.00,99,0,0,0.00,9,0,32,0.00,14,0,0.00,99,0,0.00,0,0,0.00,0,0.00,6,0,0.00,8,0,0.00,0.00,0,0.00,0,0,0,0.00,0,0,0.00,99,0.00,0,N/A,N/A,N/A,N/A,0.00,0,0.00,0,0.00,0.00,0,0.00,0.00,21,99,0.00,0.00,0,12,12,0,0,0,0.00,0.00,0,20,0.00,0.00,0.00,0,0,0.00,0.00,99,0.00,0,0,0,0.00,0.00,0,0.00,0.00,0.00,0.00,0,0,0.00,48,0,4,48,0,0.00,0,0.00,0.00,0.00,14,0.00,0.00,1,0,0.00,0.00,0.00,0.00,4,0,0.00,13,0,2,71,0,45,2,0,0.00,99,0,0.00,0.00,0.00,0.00,0,0,0,0,0.00,0.00,0.00,0,0.00,99,0,0.00,0,0.00,99,0,0.00,0.00,32,1,56,70,0,0,0,0,0,34,48,65,59,0,99,96,10,98,2,0,10,95,0,0
Lucas Henrique Frigeri,36,613897200,1989/06/15,Serie B,2023,Goalkeeper,Londrina,1507,787,720,Brazil,17,9,8,0,0,0,0,0,0,0,0,5,3,2,23,9,14,1,0,0,0,0,0,0,0,1.37,66,89,1507,0,0.06,505,534,201,19,0,6.82,0,51,20.07,19.76,14,336,13.12,223,7,13.32,11,0.00,0.00,0.00,0,0.00,0.06,0.00,0.00,0,0.00,0.00,0.00,0.00,2.88,0.06,0.00,4.24,0.00,0.00,0.00,0.00,0.00,0.00,0.00,0.00,0.06,0.00,0.00,0,0,,0,0.00,9,0,0.00,21,0,0.00,10,1,0,17,4,0.00,99,0,1,0.06,10,1,32,0.06,17,0,0.00,99,0,0.00,0,0,0.00,0,0.00,6,0,0.00,8,0,0.00,0.00,0,0.00,0,49,15,2.93,56,72,0.00,8,4.30,76,N/A,N/A,N/A,N/A,68.06,0,0.00,0,0.00,0.00,0,66.37,0.00,21,99,0.00,0.00,0,12,12,0,0,20,0.00,0.00,0,20,115.91,0.65,0.66,11,0,0.00,0.00,99,0.00,0,0,0,0.00,0.00,6,0.35,0.36,0.00,0.00,0,0,0.00,48,61,38,48,9,0.43,6,0.03,0.03,0.00,14,0.00,0.00,4,2,0.12,0.12,0.00,0.00,4,0,0.00,13,54,29,71,9,45,2,0,0.00,99,1,0.00,0.06,0.18,0.18,3,3,1,0,0.18,0.18,100.00,0,0.00,99,0,0.00,0,0.00,99,0,0.00,0.00,32,61,19,33,0,0,0,0,0,34,48,65,59,0,99,29,97,11,1,6,19,1,0,0
Lucas Leandro Wingert,27,925801200,1999/05/04,Serie B,2023,Goalkeeper,Juventude,0,0,0,Brazil,0,0,0,0,0,0,0,0,0,0,0,0,0,0,0,0,0,0,0,0,0,0,0,0,0,0,0,0,0,0,0,-1,-1,-1,-1,N/A,N/A,N/A,N/A,N/A,N/A,N/A,N/A,N/A,N/A,N/A,N/A,N/A,N/A,N/A,N/A,N/A,N/A,N/A,N/A,N/A,N/A,N/A,N/A,N/A,N/A,N/A,N/A,N/A,N/A,N/A,N/A,N/A,N/A,N/A,N/A,N/A,N/A,N/A,N/A,N/A,N/A,N/A,N/A,N/A,N/A,N/A,N/A,N/A,N/A,N/A,N/A,N/A,N/A,N/A,N/A,N/A,N/A,N/A,N/A,N/A,N/A,N/A,N/A,N/A,N/A,N/A,N/A,N/A,N/A,N/A,N/A,N/A,N/A,N/A,N/A,N/A,N/A,N/A,N/A,N/A,N/A,N/A,N/A,N/A,N/A,N/A,N/A,N/A,N/A,N/A,N/A,N/A,N/A,N/A,N/A,N/A,N/A,N/A,N/A,N/A,N/A,N/A,N/A,N/A,N/A,N/A,N/A,N/A,N/A,N/A,N/A,N/A,N/A,N/A,N/A,N/A,N/A,N/A,N/A,N/A,N/A,N/A,N/A,N/A,N/A,N/A,N/A,N/A,N/A,N/A,N/A,N/A,N/A,N/A,N/A,N/A,N/A,N/A,N/A,N/A,N/A,N/A,N/A,N/A,N/A,N/A,N/A,N/A,N/A,N/A,N/A,N/A,N/A,N/A,N/A,N/A,N/A,N/A,N/A,N/A,N/A,N/A,N/A,N/A,N/A,N/A,N/A,N/A,N/A,N/A,N/A,N/A,N/A,N/A,N/A,N/A,N/A,N/A,N/A,N/A,N/A,N/A,N/A,N/A,N/A,N/A,N/A,N/A,N/A,N/A,N/A,N/A,N/A,N/A,N/A,N/A,N/A,N/A,N/A,N/A,N/A,N/A,N/A,N/A,N/A,N/A,N/A,N/A,N/A,N/A,N/A,N/A,N/A,N/A,N/A,N/A,N/A,N/A,N/A,N/A,N/A,N/A,N/A
Lucas Lourenço Andrade,25,980236800,2001/01/23,Serie B,2023,Midfielder,Botafogo SP,0,0,0,Brazil,0,0,0,0,0,0,0,0,0,0,0,0,0,0,0,0,0,0,0,0,0,0,0,0,0,0,0,0,0,0,0,-1,-1,-1,-1,N/A,N/A,N/A,N/A,N/A,N/A,N/A,N/A,N/A,N/A,N/A,N/A,N/A,N/A,N/A,N/A,N/A,N/A,N/A,N/A,N/A,N/A,N/A,N/A,N/A,N/A,N/A,N/A,N/A,N/A,N/A,N/A,N/A,N/A,N/A,N/A,N/A,N/A,N/A,N/A,N/A,N/A,N/A,N/A,N/A,N/A,N/A,N/A,N/A,N/A,N/A,N/A,N/A,N/A,N/A,N/A,N/A,N/A,N/A,N/A,N/A,N/A,N/A,N/A,N/A,N/A,N/A,N/A,N/A,N/A,N/A,N/A,N/A,N/A,N/A,N/A,N/A,N/A,N/A,N/A,N/A,N/A,N/A,N/A,N/A,N/A,N/A,N/A,N/A,N/A,N/A,N/A,N/A,N/A,N/A,N/A,N/A,N/A,N/A,N/A,N/A,N/A,N/A,N/A,N/A,N/A,N/A,N/A,N/A,N/A,N/A,N/A,N/A,N/A,N/A,N/A,N/A,N/A,N/A,N/A,N/A,N/A,N/A,N/A,N/A,N/A,N/A,N/A,N/A,N/A,N/A,N/A,N/A,N/A,N/A,N/A,N/A,N/A,N/A,N/A,N/A,N/A,N/A,N/A,N/A,N/A,N/A,N/A,N/A,N/A,N/A,N/A,N/A,N/A,N/A,N/A,N/A,N/A,N/A,N/A,N/A,N/A,N/A,N/A,N/A,N/A,N/A,N/A,N/A,N/A,N/A,N/A,N/A,N/A,N/A,N/A,N/A,N/A,N/A,N/A,N/A,N/A,N/A,N/A,N/A,N/A,N/A,N/A,N/A,N/A,N/A,N/A,N/A,N/A,N/A,N/A,N/A,N/A,N/A,N/A,N/A,N/A,N/A,N/A,N/A,N/A,N/A,N/A,N/A,N/A,N/A,N/A,N/A,N/A,N/A,N/A,N/A,N/A,N/A,N/A,N/A,N/A,N/A,N/A
Lucas Mota da Silva,30,805273200,1995/07/09,Serie B,2023,Defender,Sampaio Corrêa,419,193,226,Brazil,6,3,3,0,0,0,0,0,0,0,0,3,2,1,8,1,7,2,0,0,0,0,0,0,0,1.72,52,70,210,0,0.43,289,279,222,25,0,6.81,0,51,55.81,40.80,96,204,34.60,173,88,47.33,97,0.00,0.00,1.40,7,0.00,2.20,1.37,1.00,5,0.00,0.00,0.00,0.00,0.00,0.40,0.60,0.00,0.00,0.27,0.20,0.80,0.00,0.00,0.01,0.00,1.00,0.00,0.00,0,0,,1,0.20,17,0,0.00,21,1,0.27,27,1,1,4,59,0.00,99,0,2,0.55,39,11,45,3.01,78,0,0.00,99,0,0.00,0,0,0.00,0,1.91,92,4,1.09,57,3,0.82,75.00,0,0.00,0,0,0,0.00,0,0,0.00,2,0.00,0,N/A,N/A,N/A,N/A,0.00,0,0.00,0,0.03,0.00,0,84.80,0.00,21,77,0.20,0.27,1,74,90,0,0,0,0.40,0.55,2,83,34.06,0.40,0.55,2,0,0.00,0.00,99,0.00,0,0,0,0.00,0.00,0,0.00,0.00,0.00,0.00,0,0,0.00,48,5,3,48,2,0.59,76,0.12,0.16,0.03,27,0.01,0.01,21,2,0.40,0.55,1.37,1.00,49,5,0.01,26,53,24,71,0,45,63,0,0.00,99,5,0.00,1.37,6.57,4.80,24,15,40,22,4.10,3.00,62.50,0,0.00,99,0,18.18,0,0.00,99,2,0.40,0.55,71,8,30,33,0,0,0,0,0,34,48,65,59,0,99,92,28,81,2,33,92,16,0,0
Lucas Nathan Veloso,27,911289600,1998/11/17,Serie B,2023,Midfielder,Ponte Preta,211,106,105,Brazil,6,3,3,1,1,0,0,0,0,0,0,3,2,1,1,0,1,0,0,0.43,0,0.43,0.85,0,211,0.43,211,35,0,0,0,-1,-1,-1,9,0,6.82,0,51,29.86,11.67,38,70,9.00,54,46,23.03,39,0.00,0.00,0.33,2,0.00,0.67,0.43,0.17,1,0.00,0.17,0.00,0.00,0.00,0.17,0.50,0.00,1.00,0.43,0.00,0.83,0.00,0.17,0.11,0.00,0.00,0.00,0.00,0,0,,1,0.17,29,1,0.43,66,0,0.00,10,5,5,1,12,0.00,99,0,1,0.43,33,4,67,1.71,62,0,0.00,99,0,0.00,0,0,0.00,0,0.85,54,5,2.13,84,3,1.28,60.00,0,0.00,0,0,0,0.00,0,0,0.00,97,0.00,0,N/A,N/A,N/A,N/A,0.00,0,0.00,0,0.64,0.00,0,77.14,100.00,99,99,0.00,0.00,0,90,73,0,0,0,0.00,0.00,0,20,40.92,0.50,1.28,3,0,0.00,0.00,99,0.00,0,0,0,0.00,0.00,0,0.00,0.00,0.00,0.00,0,0,100.00,99,0,3,52,98,0.22,36,0.04,0.09,0.64,97,0.11,0.27,89,6,1.00,2.56,2.99,1.17,97,7,0.27,94,54,55,71,0,45,2,0,0.00,99,0,0.00,0.00,8.96,3.50,21,10,44,49,4.27,1.67,47.62,1,0.43,64,0,25.00,0,0.00,99,1,0.17,0.43,66,0,64,89,0,0,0,0,0,91,97,65,99,0,99,92,8,8,0,0,10,20,0,0
Lucas Oliveira Brune,23,1049356800,2003/04/03,Serie B,2023,Forward,Novorizontino,0,0,0,Brazil,0,0,0,0,0,0,0,0,0,0,0,0,0,0,0,0,0,0,0,0,0,0,0,0,0,0,0,0,0,0,0,-1,-1,-1,-1,N/A,N/A,N/A,N/A,N/A,N/A,N/A,N/A,N/A,N/A,N/A,N/A,N/A,N/A,N/A,N/A,N/A,N/A,N/A,N/A,N/A,N/A,N/A,N/A,N/A,N/A,N/A,N/A,N/A,N/A,N/A,N/A,N/A,N/A,N/A,N/A,N/A,N/A,N/A,N/A,N/A,N/A,N/A,N/A,N/A,N/A,N/A,N/A,N/A,N/A,N/A,N/A,N/A,N/A,N/A,N/A,N/A,N/A,N/A,N/A,N/A,N/A,N/A,N/A,N/A,N/A,N/A,N/A,N/A,N/A,N/A,N/A,N/A,N/A,N/A,N/A,N/A,N/A,N/A,N/A,N/A,N/A,N/A,N/A,N/A,N/A,N/A,N/A,N/A,N/A,N/A,N/A,N/A,N/A,N/A,N/A,N/A,N/A,N/A,N/A,N/A,N/A,N/A,N/A,N/A,N/A,N/A,N/A,N/A,N/A,N/A,N/A,N/A,N/A,N/A,N/A,N/A,N/A,N/A,N/A,N/A,N/A,N/A,N/A,N/A,N/A,N/A,N/A,N/A,N/A,N/A,N/A,N/A,N/A,N/A,N/A,N/A,N/A,N/A,N/A,N/A,N/A,N/A,N/A,N/A,N/A,N/A,N/A,N/A,N/A,N/A,N/A,N/A,N/A,N/A,N/A,N/A,N/A,N/A,N/A,N/A,N/A,N/A,N/A,N/A,N/A,N/A,N/A,N/A,N/A,N/A,N/A,N/A,N/A,N/A,N/A,N/A,N/A,N/A,N/A,N/A,N/A,N/A,N/A,N/A,N/A,N/A,N/A,N/A,N/A,N/A,N/A,N/A,N/A,N/A,N/A,N/A,N/A,N/A,N/A,N/A,N/A,N/A,N/A,N/A,N/A,N/A,N/A,N/A,N/A,N/A,N/A,N/A,N/A,N/A,N/A,N/A,N/A,N/A,N/A,N/A,N/A,N/A,N/A
Lucas Oliveira Parente,25,966927600,2000/08/22,Serie B,2023,Forward,Botafogo SP,12,5,7,Brazil,2,1,1,0,0,0,0,0,0,0,0,1,0,1,0,0,0,0,0,0,0,0,0,0,0,0,0,6,0,0,0,-1,-1,-1,30,0,6.69,0,51,30.00,2.00,38,4,2.00,4,99,30.00,58,0.00,0.00,0.00,0,0.00,0.50,0.00,0.00,0,0.00,1.00,0.00,0.00,0.00,0.00,1.00,0.00,0.00,0.00,0.00,1.50,0.00,0.00,0.00,0.00,0.00,0.00,0.00,0,0,,0,0.00,9,0,0.00,21,0,0.00,10,0,2,0,4,0.00,99,0,0,0.00,9,1,99,7.50,99,0,0.00,99,0,0.00,0,0,0.00,0,0.00,6,3,22.50,99,2,15.00,66.67,0,0.00,0,0,0,0.00,0,0,0.00,99,0.00,0,N/A,N/A,N/A,N/A,0.00,0,0.00,0,0.00,0.00,0,100.00,0.00,21,0,0.50,7.50,1,99,83,0,0,0,0.00,0.00,0,20,13.38,0.00,0.00,0,0,0.00,0.00,99,0.00,0,0,0,0.00,0.00,0,0.00,0.00,0.00,0.00,0,0,0.00,48,0,0,48,0,0.01,27,0.01,0.08,0.00,14,0.00,0.00,1,0,0.00,0.00,7.50,0.50,99,1,0.00,13,26,2,71,0,45,2,0,0.00,99,0,0.00,0.00,45.00,3.00,6,2,99,99,15.00,1.00,33.33,2,15.00,0,0,100.00,0,0.00,99,1,0.50,7.50,99,0,39,9,0,0,0,0,0,34,48,65,59,0,99,92,8,8,0,0,10,19,0,0
Lucas Pereira Mendes,35,667728000,1991/02/28,Serie B,2023,Defender,Londrina,561,322,239,Brazil,7,4,3,0,0,0,0,0,0,0,0,2,2,0,8,2,6,1,0,0,0,0,0,0,0,1.28,70,80,561,0,0.16,294,301,190,48,0,6.55,0,51,33.85,30.14,47,211,21.29,149,14,23.90,43,0.00,0.00,0.57,4,0.00,2.00,1.44,1.29,9,0.00,0.43,0.00,0.00,0.00,0.71,0.43,0.00,0.00,0.16,0.14,0.71,0.00,0.00,0.00,0.00,0.43,0.00,0.00,0,0,,1,0.14,13,0,0.00,21,1,0.16,17,1,0,7,63,0.00,99,0,5,0.80,52,14,40,2.25,69,0,0.00,99,0,0.00,0,0,0.00,0,0.64,43,5,0.80,43,3,0.48,60.00,0,0.00,0,0,0,0.00,0,0,0.00,12,0.00,0,N/A,N/A,N/A,N/A,0.00,0,0.00,0,0.03,0.00,0,70.62,0.00,21,54,0.43,0.48,3,54,73,0,0,0,0.57,0.64,4,86,45.88,1.57,1.76,11,0,0.00,0.00,99,0.00,0,0,0,0.00,0.00,0,0.00,0.00,0.00,0.00,0,0,0.00,48,13,4,48,13,0.54,36,0.08,0.09,0.03,14,0.00,0.00,11,2,0.29,0.32,1.76,1.57,69,11,0.00,13,13,68,71,0,45,23,0,0.00,99,3,0.00,0.48,6.10,5.43,38,17,13,18,2.73,2.43,44.74,3,0.48,59,0,14.29,0,0.00,99,2,0.29,0.32,58,22,19,33,0,0,0,0,0,34,48,65,59,0,99,29,79,30,1,14,47,2,0,0
Lucas Pereira Ribeiro de Souza,27,898412400,1998/06/21,Serie B,2023,Goalkeeper,Novorizontino,0,0,0,Brazil,0,0,0,0,0,0,0,0,0,0,0,0,0,0,0,0,0,0,0,0,0,0,0,0,0,0,0,0,0,0,0,-1,-1,-1,-1,N/A,N/A,N/A,N/A,N/A,N/A,N/A,N/A,N/A,N/A,N/A,N/A,N/A,N/A,N/A,N/A,N/A,N/A,N/A,N/A,N/A,N/A,N/A,N/A,N/A,N/A,N/A,N/A,N/A,N/A,N/A,N/A,N/A,N/A,N/A,N/A,N/A,N/A,N/A,N/A,N/A,N/A,N/A,N/A,N/A,N/A,N/A,N/A,N/A,N/A,N/A,N/A,N/A,N/A,N/A,N/A,N/A,N/A,N/A,N/A,N/A,N/A,N/A,N/A,N/A,N/A,N/A,N/A,N/A,N/A,N/A,N/A,N/A,N/A,N/A,N/A,N/A,N/A,N/A,N/A,N/A,N/A,N/A,N/A,N/A,N/A,N/A,N/A,N/A,N/A,N/A,N/A,N/A,N/A,N/A,N/A,N/A,N/A,N/A,N/A,N/A,N/A,N/A,N/A,N/A,N/A,N/A,N/A,N/A,N/A,N/A,N/A,N/A,N/A,N/A,N/A,N/A,N/A,N/A,N/A,N/A,N/A,N/A,N/A,N/A,N/A,N/A,N/A,N/A,N/A,N/A,N/A,N/A,N/A,N/A,N/A,N/A,N/A,N/A,N/A,N/A,N/A,N/A,N/A,N/A,N/A,N/A,N/A,N/A,N/A,N/A,N/A,N/A,N/A,N/A,N/A,N/A,N/A,N/A,N/A,N/A,N/A,N/A,N/A,N/A,N/A,N/A,N/A,N/A,N/A,N/A,N/A,N/A,N/A,N/A,N/A,N/A,N/A,N/A,N/A,N/A,N/A,N/A,N/A,N/A,N/A,N/A,N/A,N/A,N/A,N/A,N/A,N/A,N/A,N/A,N/A,N/A,N/A,N/A,N/A,N/A,N/A,N/A,N/A,N/A,N/A,N/A,N/A,N/A,N/A,N/A,N/A,N/A,N/A,N/A,N/A,N/A,N/A,N/A,N/A,N/A,N/A,N/A,N/A
Lucas Ramon Batista Silva,32,763027200,1994/03/07,Serie B,2023,Defender,Mirassol,2927,1303,1624,Brazil,35,16,19,2,1,1,2,1,1,0,0,16,9,7,23,7,16,7,0,0.12,0.06,0.06,0.07,0.06,1464,0.71,127,84,418,1464,0.22,237,210,57,9,0,6.81,0.06,63,36.88,34.74,54,1181,26.06,886,33,27.67,51,0.00,0.00,0.50,17,0.00,2.82,1.34,1.26,43,0.00,0.44,0.00,0.00,0.00,1.85,0.59,0.00,13.00,0.81,0.53,1.50,0.00,0.24,0.06,0.00,1.50,0.00,0.00,0,0,,26,0.76,55,8,0.25,52,18,0.56,59,4,0,34,59,0.00,99,0,63,1.97,97,96,35,3.00,78,0,0.00,99,0,0.00,0,0,0.00,0,0.53,34,51,1.59,73,20,0.62,39.22,0,0.00,0,0,0,0.00,0,0,0.00,74,0.00,0,N/A,N/A,N/A,N/A,0.00,0,0.00,0,2.10,0.00,0,75.02,30.77,43,38,0.62,0.66,21,62,27,0,0,0,0.18,0.19,6,52,231.44,2.03,2.15,69,1,0.00,0.03,14,0.03,0,0,0,0.00,0.00,0,0.00,0.00,0.16,0.15,5,0,7.69,60,95,95,93,74,2.85,36,0.08,0.09,2.10,60,0.06,0.07,66,53,1.56,1.66,1.37,1.29,49,44,0.07,58,53,77,71,0,74,72,0,0.00,99,51,0.00,1.59,9.46,8.91,303,167,72,57,5.22,4.91,55.12,15,0.47,60,0,11.46,0,0.00,99,11,0.32,0.34,59,97,19,83,0,0,0,0,0,53,56,66,62,0,99,85,65,46,7,20,65,2,0,0
Lucas Ribamar Lopes dos Santos Bibiano,29,864198000,1997/05/21,Serie B,2023,Forward,Chapecoense,633,393,240,Brazil,11,7,4,1,0,1,1,0,1,0,0,2,2,0,8,3,5,3,0,0.28,0.14,0.14,0,0.38,633,1.14,79,58,211,633,0.43,146,94,-1,15,0,6.65,0.09,83,11.94,7.64,1,84,5.36,59,14,8.39,1,0.00,0.00,0.55,6,0.00,0.00,0.28,0.18,2,0.00,0.55,0.00,0.00,0.00,0.18,0.09,0.00,9.00,1.28,0.55,0.18,0.00,0.27,0.08,0.00,1.64,0.00,0.00,0,0,,9,0.82,69,3,0.43,66,6,0.85,78,1,3,8,9,0.00,99,0,2,0.28,25,0,32,0.00,14,0,0.00,99,0,0.00,0,0,0.00,0,0.85,54,2,0.28,23,1,0.14,50.00,0,0.00,0,0,0,0.00,0,0,0.00,22,0.00,0,N/A,N/A,N/A,N/A,0.00,0,0.00,0,0.90,0.00,0,70.24,33.33,49,99,0.00,0.00,0,20,55,0,0,0,0.00,0.00,0,20,73.16,0.27,0.43,3,0,0.00,0.00,99,0.00,0,0,0,0.00,0.00,0,0.00,0.00,0.57,0.36,4,0,11.11,72,19,15,75,22,0.93,61,0.08,0.13,0.90,76,0.08,0.13,67,12,1.09,1.71,2.13,1.36,82,15,0.13,73,22,17,71,0,94,92,0,0.00,99,18,0.00,2.56,11.52,7.36,81,33,57,79,4.69,3.00,40.74,6,0.85,33,0,0.00,0,0.00,99,0,0.00,0.00,32,28,50,33,0,0,0,0,0,79,74,95,59,0,99,9,28,81,3,27,81,9,0,0
Lucas Ribeiro dos Santos,27,916732800,1999/01/19,Serie B,2023,Defender,Ceará,378,188,190,Brazil,6,3,3,0,0,0,0,0,0,0,0,2,2,0,4,1,3,3,0,0,0,0,0,0,0,0.95,95,63,126,0,0.71,306,308,122,21,0,6.52,0,51,44.05,30.83,76,185,26.17,157,88,37.38,79,0.00,0.00,0.17,1,0.00,0.00,0.48,0.33,2,0.00,0.33,0.00,0.00,0.00,0.67,0.00,0.00,0.00,0.00,0.00,0.33,0.00,0.00,0.00,0.00,0.33,0.00,0.00,0,0,,0,0.00,9,0,0.00,21,0,0.00,10,0,2,4,14,0.00,99,0,4,0.95,60,0,32,0.00,14,0,0.00,99,0,0.00,0,0,0.00,0,0.24,20,2,0.48,31,0,0.00,0.00,0,0.00,0,0,0,0.00,0,0,0.00,43,0.00,0,N/A,N/A,N/A,N/A,0.00,0,0.00,0,0.00,0.00,0,84.86,0.00,21,81,0.17,0.24,1,12,12,0,0,0,0.33,0.48,2,79,39.15,1.50,2.14,9,0,0.00,0.00,99,0.00,0,0,0,0.00,0.00,0,0.00,0.00,0.00,0.00,0,0,0.00,48,2,3,48,43,0.41,45,0.07,0.10,0.00,14,0.00,0.00,48,5,0.83,1.19,1.90,1.33,75,8,0.00,13,12,77,71,0,45,23,0,0.00,99,2,0.00,0.48,6.19,4.33,26,9,9,19,2.14,1.50,34.62,2,0.48,59,0,0.00,0,0.00,99,0,0.00,0.00,32,8,39,9,0,0,0,0,0,34,48,65,59,0,99,45,10,97,3,50,99,2,0,0
Lucas Santos Siqueira,37,591001200,1988/09/23,Serie B,2023,Midfielder,Ituano,543,370,173,Brazil,18,9,9,0,0,0,1,1,0,0,0,5,2,3,9,6,3,1,0,0.17,0.17,0,0,0,0,1.49,60,30,543,543,0.17,456,69,-1,35,0,6.03,0.06,89,51.38,17.22,91,310,13.39,241,49,39.94,85,0.00,0.00,0.28,5,0.00,0.28,2.65,0.89,16,0.00,0.17,0.00,0.00,0.00,0.89,0.11,0.00,0.00,0.66,0.11,0.17,0.00,0.11,0.01,0.00,1.33,0.00,0.00,0,0,,4,0.22,47,2,0.33,59,2,0.33,35,2,14,4,96,0.00,99,0,16,2.65,99,5,51,0.83,49,0,0.00,99,0,0.00,0,0,0.00,0,0.83,53,3,0.50,32,2,0.33,66.67,0,0.00,0,0,0,0.00,0,0,0.00,5,0.00,0,N/A,N/A,N/A,N/A,0.00,0,0.00,0,0.16,0.00,0,77.74,50.00,83,9,0.39,1.16,7,39,83,0,0,0,0.28,0.83,5,93,108.46,0.67,1.99,12,0,0.00,0.00,99,0.00,0,0,0,0.00,0.00,0,0.00,0.00,0.00,0.00,0,0,0.00,48,12,41,48,5,1.28,89,0.07,0.21,0.16,45,0.01,0.03,27,4,0.22,0.66,1.66,0.56,63,10,0.03,43,2,73,71,0,45,99,0,0.00,99,24,0.00,3.98,11.60,3.89,70,46,97,80,7.62,2.56,65.71,3,0.50,58,0,20.00,0,0.00,99,1,0.06,0.17,50,8,93,53,0,0,0,0,0,64,48,65,59,0,99,29,78,33,1,6,19,5,0,0
Lucas Silva,28,886147200,1998/01/30,Serie B,2023,Forward,Guarani,247,166,81,Brazil,14,7,7,0,0,0,0,0,0,0,0,6,4,2,0,0,0,0,0,0,0,0,0,0,0,0,0,18,0,0,0,-1,-1,-1,22,0,6.06,0,51,25.60,4.77,29,62,3.31,43,12,17.75,24,0.00,0.00,0.00,0,0.00,0.00,1.65,0.31,4,0.00,0.08,0.00,0.00,0.00,0.08,0.15,0.00,0.00,2.06,0.31,0.38,0.00,0.08,0.01,0.00,0.08,0.00,0.00,0,0,,5,0.38,94,1,0.41,65,4,1.65,99,1,12,1,73,0.00,99,0,1,0.41,32,0,32,0.00,14,0,0.00,99,0,0.00,0,0,0.00,0,0.00,6,5,2.06,83,2,0.83,40.00,0,0.00,0,0,0,0.00,0,0,0.00,99,0.00,0,N/A,N/A,N/A,N/A,0.00,0,0.00,0,0.19,0.00,0,69.35,20.00,31,2,0.31,1.65,4,75,31,0,0,0,0.08,0.41,1,74,78.80,0.15,0.83,2,0,0.00,0.00,99,0.00,0,0,0,0.00,0.00,0,0.00,0.00,0.00,0.00,0,0,0.00,48,0,27,48,0,0.08,6,0.01,0.03,0.19,63,0.01,0.08,99,13,1.00,5.37,2.48,0.46,91,6,0.08,61,2,37,71,0,45,18,0,0.00,99,1,0.00,0.41,14.04,2.62,34,19,98,93,7.84,1.46,55.88,1,0.41,65,0,0.00,0,0.00,99,0,0.00,0.00,32,0,90,33,0,0,0,0,0,34,48,65,59,0,99,77,8,8,0,0,10,20,0,0
Lucas Vinicius Dias Costa,30,806223600,1995/07/20,Serie B,2023,Defender,Botafogo SP,1216,660,556,Brazil,17,9,8,0,0,0,0,0,0,0,0,7,4,3,13,7,6,5,1,0,0,0,0,0,0,0.96,94,72,203,0,0.44,458,513,125,32,0,6.35,0,51,33.49,26.19,45,419,18.31,293,13,23.42,41,0.00,0.00,0.19,3,0.00,0.25,1.52,1.19,19,0.00,0.06,0.00,0.00,0.00,1.25,0.25,0.00,0.00,0.56,0.31,0.38,0.00,0.12,0.01,0.00,2.12,0.00,0.00,0,0,,7,0.44,40,2,0.16,38,5,0.40,43,1,3,13,67,0.00,99,0,20,1.60,90,4,67,0.32,33,0,0.00,99,0,0.00,0,0,0.00,0,0.24,20,6,0.48,31,4,0.32,66.67,0,0.00,0,0,0,0.00,0,0,0.00,41,0.00,0,N/A,N/A,N/A,N/A,0.00,0,0.00,0,0.23,0.00,0,69.93,28.57,40,64,0.31,0.40,5,38,83,0,0,0,0.75,0.96,12,95,101.65,2.62,3.36,42,1,0.00,0.08,5,0.06,0,0,1,0.06,0.08,0,0.00,0.00,0.24,0.19,3,0,0.00,48,48,38,48,42,0.62,10,0.04,0.05,0.23,38,0.01,0.02,17,6,0.38,0.48,1.68,1.31,65,21,0.02,37,7,85,90,0,80,95,0,0.00,99,34,0.00,2.72,8.07,6.31,101,63,67,38,5.04,3.94,62.38,1,0.08,86,0,25.00,0,0.00,99,1,0.06,0.08,40,49,50,33,0,0,0,0,0,34,48,65,59,0,99,70,26,82,4,24,75,3,0,0
Lucas Willians Assis Arcanjo,27,902559600,1998/08/08,Serie B,2023,Goalkeeper,Vitória,3196,1710,1486,Brazil,36,19,17,0,0,0,2,1,1,0,0,20,14,6,26,7,19,2,0,0.06,0.06,0,0,0,0,0.73,123,89,1598,1598,0.06,528,199,63,24,0,7.05,0.06,63,24.20,23.86,24,835,14.57,510,2,14.78,15,0.00,0.00,0.06,2,0.00,0.00,0.00,0.00,0,0.00,0.00,0.00,0.00,2.89,0.00,0.00,3.63,0.00,0.00,0.00,0.00,0.00,0.00,0.00,0.00,0.17,0.00,0.00,0,0,,0,0.00,9,0,0.00,21,0,0.00,10,1,0,36,4,0.00,99,0,0,0.00,9,0,32,0.00,14,0,0.00,99,0,0.00,0,0,0.00,0,0.06,9,0,0.00,8,0,0.00,0.00,0,0.00,0,101,97,2.93,56,127,0.00,71,3.68,44,N/A,N/A,N/A,N/A,79.53,0,0.00,0,0.00,0.00,0,61.08,0.00,21,94,0.03,0.03,1,12,12,0,0,58,0.00,0.00,0,20,246.74,1.06,1.07,37,0,0.00,0.00,99,0.00,0,0,0,0.00,0.00,14,0.40,0.41,0.00,0.00,0,0,0.00,48,98,98,48,70,2.33,19,0.07,0.07,0.00,14,0.00,0.00,9,9,0.26,0.26,0.00,0.00,4,0,0.00,13,90,48,71,18,45,5,0,0.00,99,6,0.00,0.17,0.46,0.46,16,15,5,3,0.43,0.43,93.75,0,0.00,99,0,0.00,0,0.00,99,0,0.00,0.00,32,99,19,33,0,0,0,0,0,40,48,65,59,0,99,96,98,11,2,6,19,1,0,0
Lucas Xavier Gazal,26,933922800,1999/08/06,Serie B,2023,Defender,Atlético GO,1451,641,810,Brazil,18,9,9,1,1,0,1,0,1,0,0,2,2,0,21,6,15,7,0,0.12,0.06,0.06,0.14,0,1451,1.3,69,81,207,1451,0.43,235,201,191,13,0,6.71,0.06,63,51.98,46.56,92,838,38.94,701,83,43.48,91,0.00,0.00,0.22,4,0.00,0.11,0.56,0.50,9,0.00,0.17,0.00,0.00,0.00,0.94,0.11,0.00,8.00,0.50,0.28,0.11,0.00,0.17,0.05,0.00,1.83,0.00,0.00,0,0,,8,0.44,36,3,0.19,43,5,0.31,31,1,2,16,19,0.00,99,0,17,1.05,65,2,97,0.12,22,0,0.00,99,0,0.00,0,0,0.00,0,0.25,21,2,0.12,14,2,0.12,100.00,0,0.00,0,0,0,0.00,0,0,0.00,11,0.00,0,N/A,N/A,N/A,N/A,0.00,0,0.00,0,0.88,0.00,0,83.65,37.50,53,74,0.28,0.31,5,18,99,0,0,0,0.39,0.43,7,75,120.71,5.22,5.83,94,2,0.00,0.12,2,0.11,0,0,0,0.00,0.00,0,0.00,0.00,0.00,0.00,0,0,12.50,76,59,41,93,12,2.14,61,0.12,0.13,0.88,53,0.05,0.05,8,4,0.22,0.25,1.61,1.44,61,26,0.05,51,32,99,71,0,45,85,0,0.00,99,33,0.00,2.05,6.57,5.89,106,48,17,22,2.98,2.67,45.28,3,0.19,76,0,50.00,0,0.00,99,1,0.06,0.06,38,58,39,33,0,0,0,0,0,53,56,65,71,0,99,3,27,81,7,39,95,3,0,0
Luccas Gabriel Damasceno Moura,23,1051772400,2003/05/01,Serie B,2023,Forward,ABC,152,100,52,Brazil,6,3,3,0,0,0,0,0,0,0,0,2,1,1,1,1,0,0,0,0,0,0,0,0,0,0.59,152,25,0,0,0,-1,-1,-1,51,0,0.00,0,51,0.00,0.00,0,0,0.00,0,0,0.00,0,0.00,0.00,0.00,0,0.00,0.00,0.00,0.00,0,0.00,0.00,0.00,0.00,0.00,0.00,0.00,0.00,0.00,0.00,0.00,0.00,0.00,0.00,0.00,0.00,0.00,0.00,0.00,0,0,,0,0.00,9,0,0.00,21,0,0.00,10,0,6,0,4,0.00,99,0,0,0.00,9,0,32,0.00,14,0,0.00,99,0,0.00,0,0,0.00,0,0.00,6,0,0.00,8,0,0.00,0.00,0,0.00,0,0,0,0.00,0,0,0.00,91,0.00,0,N/A,N/A,N/A,N/A,0.00,0,0.00,0,0.00,0.00,0,0.00,0.00,21,99,0.00,0.00,0,12,12,0,0,0,0.00,0.00,0,20,0.00,0.00,0.00,0,0,0.00,0.00,99,0.00,0,0,0,0.00,0.00,0,0.00,0.00,0.00,0.00,0,0,0.00,48,0,3,48,90,0.00,0,0.00,0.00,0.00,14,0.00,0.00,1,0,0.00,0.00,0.00,0.00,4,0,0.00,13,0,2,71,0,45,2,0,0.00,99,0,0.00,0.00,0.00,0.00,0,0,0,0,0.00,0.00,0.00,0,0.00,99,0,0.00,0,0.00,99,0,0.00,0.00,32,0,70,9,0,0,0,0,0,34,48,65,59,0,99,45,8,8,0,0,10,88,0,0
Luciano Batista da Silva Junior,26,935910000,1999/08/29,Serie B,2023,Defender,Sport Recife,2000,1121,879,Brazil,23,13,10,7,5,2,5,3,2,0,0,10,8,2,20,7,13,2,0,0.54,0.23,0.32,0.4,0.2,286,0.9,100,87,1000,400,0.09,39,33,110,3,0,7.29,0.22,96,29.07,28.22,37,649,21.52,495,41,22.18,36,0.00,0.00,1.78,41,0.00,6.35,1.12,1.09,25,0.00,0.30,0.00,0.00,0.00,0.70,0.70,0.00,6.71,2.11,1.26,1.57,0.00,0.78,0.25,0.00,0.52,0.00,0.00,0,0,,47,2.04,95,18,0.81,86,29,1.30,94,2,0,23,48,0.00,99,0,16,0.72,47,146,45,6.54,97,0,0.00,99,0,0.00,0,0,0.00,0,1.84,92,36,1.61,73,16,0.72,44.44,0,0.00,0,0,0,0.00,0,0,0.00,49,0.00,0,N/A,N/A,N/A,N/A,0.00,0,0.00,0,5.67,0.00,0,76.27,38.30,55,6,1.22,1.25,28,69,39,0,0,0,0.04,0.04,1,22,167.56,0.74,0.76,17,0,0.00,0.00,99,0.00,0,0,1,0.04,0.04,0,0.00,0.00,0.09,0.09,2,0,14.89,80,73,58,56,49,5.45,94,0.24,0.24,5.67,95,0.25,0.25,37,19,0.83,0.85,0.49,0.48,11,11,0.25,92,98,35,79,0,59,26,0,0.00,99,12,0.00,0.54,7.17,6.96,160,72,21,29,3.23,3.13,45.00,7,0.31,70,0,18.49,0,0.00,99,27,1.17,1.21,91,75,19,53,0,0,0,0,0,97,93,83,92,0,99,77,95,14,2,9,29,46,0,0
Luciano Francisco Paulino,33,710146800,1992/07/03,Serie B,2023,Midfielder,Vila Nova,565,358,207,Brazil,23,13,10,1,0,1,2,0,2,0,0,10,6,4,3,2,1,3,1,0.48,0.32,0.16,0,0.43,565,0.48,188,25,188,283,0.48,127,11,-1,12,0,6.72,0.09,98,48.72,14.05,86,295,11.10,233,57,38.48,81,0.00,0.00,0.90,19,0.00,1.14,1.65,0.48,10,0.00,0.57,0.00,0.00,0.00,0.10,0.81,0.00,9.00,1.49,0.38,1.14,0.00,0.05,0.04,0.00,0.24,0.00,0.00,0,0,,9,0.43,76,1,0.17,39,8,1.32,95,3,20,2,73,0.00,99,0,2,0.33,28,24,78,3.96,88,0,0.00,99,0,0.00,0,0,0.00,0,3.14,99,24,3.96,97,17,2.81,70.83,0,0.00,0,0,0,0.00,0,0,0.00,95,0.00,0,N/A,N/A,N/A,N/A,0.00,0,0.00,0,0.86,0.00,0,78.98,11.11,23,27,0.24,0.83,5,99,85,0,0,0,0.00,0.00,0,20,141.07,0.29,0.99,6,0,0.00,0.00,99,0.00,0,0,0,0.00,0.00,0,0.00,0.00,0.00,0.00,0,0,11.11,72,13,58,72,95,2.31,99,0.11,0.38,0.86,78,0.04,0.14,84,14,0.67,2.31,1.98,0.57,78,12,0.14,76,35,43,71,0,45,40,0,0.00,99,5,0.00,0.83,15.03,4.33,91,46,96,96,7.60,2.19,50.55,12,1.98,2,0,29.17,0,0.00,99,7,0.33,1.16,90,1,98,70,0,0,0,0,0,94,77,96,59,0,99,77,22,86,2,9,29,20,0,0
Luis Eduardo Gaspar Coelho,23,1028098800,2002/07/31,Serie B,2023,Forward,Avaí,101,70,31,Brazil,5,3,2,0,0,0,0,0,0,0,0,2,2,0,0,0,0,1,0,0,0,0,0,0,0,0,0,20,101,0,0.89,-1,-1,-1,20,0,0.00,0,51,0.00,0.00,0,0,0.00,0,0,0.00,0,0.00,0.00,0.00,0,0.00,0.00,0.00,0.00,0,0.00,0.00,0.00,0.00,0.00,0.00,0.00,0.00,0.00,0.00,0.00,0.00,0.00,0.00,0.00,0.00,0.00,0.00,0.00,0,0,,0,0.00,9,0,0.00,21,0,0.00,10,0,5,0,4,0.00,99,0,0,0.00,9,0,32,0.00,14,0,0.00,99,0,0.00,0,0,0.00,0,0.00,6,0,0.00,8,0,0.00,0.00,0,0.00,0,0,0,0.00,0,0,0.00,99,0.00,0,N/A,N/A,N/A,N/A,0.00,0,0.00,0,0.00,0.00,0,0.00,0.00,21,99,0.00,0.00,0,12,12,0,0,0,0.00,0.00,0,20,0.00,0.00,0.00,0,0,0.00,0.00,99,0.00,0,0,0,0.00,0.00,0,0.00,0.00,0.00,0.00,0,0,0.00,48,0,1,48,0,0.00,0,0.00,0.00,0.00,14,0.00,0.00,1,0,0.00,0.00,0.00,0.00,4,0,0.00,13,0,2,71,0,45,2,0,0.00,99,0,0.00,0.00,0.00,0.00,0,0,0,0,0.00,0.00,0.00,0,0.00,99,0,0.00,0,0.00,99,0,0.00,0.00,32,0,64,9,0,0,0,0,0,34,48,65,59,0,99,67,9,98,1,0,10,20,0,0
Luis Felipe Hungria Martins,25,990082800,2001/05/17,Serie B,2023,Defender,Tombense,299,0,299,Brazil,5,0,5,1,0,1,0,0,0,0,0,0,0,0,7,0,7,1,0,0.3,0,0.3,0,0.3,299,2.11,43,60,299,0,0.3,46,493,227,10,0,0.00,0,51,0.00,0.00,0,0,0.00,0,0,0.00,0,0.00,0.00,0.00,0,0.00,0.00,0.00,0.00,0,0.00,0.00,0.00,0.00,0.00,0.00,0.00,0.00,0.00,0.00,0.00,0.00,0.00,0.00,0.00,0.00,0.00,0.00,0.00,0,0,,0,0.00,9,0,0.00,21,0,0.00,10,7,3,2,4,0.00,99,0,0,0.00,9,0,32,0.00,14,0,0.00,99,0,0.00,0,0,0.00,0,0.00,6,0,0.00,8,0,0.00,0.00,0,0.00,0,0,0,0.00,0,0,0.00,0,0.00,0,N/A,N/A,N/A,N/A,0.00,0,0.00,0,0.00,0.00,0,0.00,0.00,21,99,0.00,0.00,0,12,12,0,0,0,0.00,0.00,0,20,0.00,0.00,0.00,0,0,0.00,0.00,99,0.00,0,0,0,0.00,0.00,0,0.00,0.00,0.00,0.00,0,0,0.00,48,0,1,58,1,0.00,0,0.00,0.00,0.00,14,0.00,0.00,1,0,0.00,0.00,0.00,0.00,4,0,0.00,13,0,2,71,0,45,2,0,0.00,99,0,0.00,0.00,0.00,0.00,0,0,0,0,0.00,0.00,0.00,0,0.00,99,0,0.00,0,0.00,99,0,0.00,0.00,32,1,50,98,0,0,0,0,0,81,91,90,59,0,99,1,49,59,1,0,10,13,0,0
Luis Felipe Rocha Davi Alves,30,832230000,1996/05/16,Serie B,2023,Defender,Botafogo SP,310,74,236,Brazil,7,2,5,0,0,0,0,0,0,0,0,2,0,2,5,1,4,2,1,0,0,0,0,0,0,1.45,62,44,103,0,0.87,345,353,208,15,0,4.88,0,51,33.04,14.50,44,87,10.33,62,16,23.54,41,0.00,0.00,0.00,0,0.00,0.33,1.52,0.67,4,0.00,0.33,0.00,0.00,0.00,0.67,0.33,0.00,0.00,0.00,0.00,0.33,0.00,0.00,0.00,0.00,0.50,0.00,0.00,0,0,,0,0.00,9,0,0.00,21,0,0.00,10,0,3,3,67,0.00,99,0,4,1.52,88,2,97,0.76,48,0,0.00,99,0,0.00,0,0,0.00,0,0.00,6,2,0.76,42,2,0.76,100.00,0,0.00,0,0,0,0.00,0,0,0.00,6,0.00,0,N/A,N/A,N/A,N/A,0.00,0,0.00,0,0.00,0.00,0,71.26,0.00,21,99,0.00,0.00,0,71,99,0,0,0,0.00,0.00,0,20,29.25,3.00,6.84,18,0,0.00,0.00,99,0.00,0,0,0,0.00,0.00,0,0.00,0.00,0.00,0.00,0,0,0.00,48,0,4,48,7,0.13,10,0.02,0.05,0.00,14,0.00,0.00,14,1,0.17,0.38,3.04,1.33,98,8,0.00,13,0,99,71,0,45,55,0,0.00,99,3,0.00,1.14,8.73,3.83,23,10,33,46,3.80,1.67,43.48,2,0.76,41,0,50.00,0,0.00,99,1,0.17,0.38,62,3,50,9,0,0,0,0,0,34,48,65,59,0,99,29,9,98,0,0,10,4,0,0
Luis Fellipe Campos Doria,22,1063090800,2003/09/09,Serie B,2023,Defender,Novorizontino,51,7,44,Brazil,2,1,1,0,0,0,0,0,0,0,0,1,1,0,0,0,0,0,0,0,0,0,0,0,0,0,0,26,0,0,0,-1,-1,-1,18,0,0.00,0,51,0.00,0.00,0,0,0.00,0,0,0.00,0,0.00,0.00,0.00,0,0.00,0.00,0.00,0.00,0,0.00,0.00,0.00,0.00,0.00,0.00,0.00,0.00,0.00,0.00,0.00,0.00,0.00,0.00,0.00,0.00,0.00,0.00,0.00,0,0,,0,0.00,9,0,0.00,21,0,0.00,10,0,2,0,4,0.00,99,0,0,0.00,9,0,32,0.00,14,0,0.00,99,0,0.00,0,0,0.00,0,0.00,6,0,0.00,8,0,0.00,0.00,0,0.00,0,0,0,0.00,0,0,0.00,99,0.00,0,N/A,N/A,N/A,N/A,0.00,0,0.00,0,0.00,0.00,0,0.00,0.00,21,99,0.00,0.00,0,12,12,0,0,0,0.00,0.00,0,20,0.00,0.00,0.00,0,0,0.00,0.00,99,0.00,0,0,0,0.00,0.00,0,0.00,0.00,0.00,0.00,0,0,0.00,48,0,0,48,0,0.00,0,0.00,0.00,0.00,14,0.00,0.00,1,0,0.00,0.00,0.00,0.00,4,0,0.00,13,0,2,71,0,45,2,0,0.00,99,0,0.00,0.00,0.00,0.00,0,0,0,0,0.00,0.00,0.00,0,0.00,99,0,0.00,0,0.00,99,0,0.00,0.00,32,0,39,9,0,0,0,0,0,34,48,65,59,0,99,92,8,8,0,0,10,26,0,0
Luis Gustavo de Almeida Pinto,33,731750400,1993/03/10,Serie B,2023,Goalkeeper,Criciúma,3059,1530,1529,Brazil,34,17,17,0,0,0,0,0,0,0,0,14,10,4,29,9,20,6,0,0,0,0,0,0,0,0.85,105,90,510,0,0.18,502,512,97,29,0,7.02,0,51,27.43,27.42,32,905,17.39,574,4,17.40,24,0.00,0.00,0.00,0,0.00,0.00,0.06,0.06,2,0.00,0.06,0.00,0.00,3.09,0.00,0.00,3.94,0.00,0.00,0.00,0.03,0.00,0.00,0.00,0.00,0.21,0.00,0.00,0,0,,0,0.00,9,0,0.00,21,0,0.00,10,1,0,33,6,0.00,99,0,0,0.00,9,0,32,0.00,14,0,0.00,99,0,0.00,0,0,0.00,0,0.00,6,1,0.03,9,0,0.00,0.00,0,0.00,0,102,88,3.09,71,130,0.00,55,3.94,47,N/A,N/A,N/A,N/A,78.46,0,0.00,0,0.00,0.00,0,63.43,0.00,21,93,0.06,0.06,2,12,12,0,0,51,0.00,0.00,0,20,231.69,1.06,1.06,35,0,0.00,0.00,99,0.00,1,0,0,0.00,0.00,16,0.48,0.49,0.00,0.00,0,0,0.00,48,96,92,48,54,1.26,8,0.04,0.04,0.00,14,0.00,0.00,3,3,0.09,0.09,0.03,0.03,6,1,0.00,13,87,47,71,24,45,7,0,0.00,99,7,0.00,0.21,0.61,0.61,20,12,3,6,0.36,0.36,60.00,2,0.06,87,0,0.00,0,0.00,99,0,0.00,0.00,32,94,19,33,0,0,0,0,0,34,48,65,59,0,99,70,75,35,5,15,50,100,0,0
Luis Manuel Orejuela García,30,808902000,1995/08/20,Serie B,2023,Defender,Ceará,0,0,0,Colombia,0,0,0,0,0,0,0,0,0,0,0,0,0,0,0,0,0,0,0,0,0,0,0,0,0,0,0,0,0,0,0,-1,-1,-1,-1,N/A,N/A,N/A,N/A,N/A,N/A,N/A,N/A,N/A,N/A,N/A,N/A,N/A,N/A,N/A,N/A,N/A,N/A,N/A,N/A,N/A,N/A,N/A,N/A,N/A,N/A,N/A,N/A,N/A,N/A,N/A,N/A,N/A,N/A,N/A,N/A,N/A,N/A,N/A,N/A,N/A,N/A,N/A,N/A,N/A,N/A,N/A,N/A,N/A,N/A,N/A,N/A,N/A,N/A,N/A,N/A,N/A,N/A,N/A,N/A,N/A,N/A,N/A,N/A,N/A,N/A,N/A,N/A,N/A,N/A,N/A,N/A,N/A,N/A,N/A,N/A,N/A,N/A,N/A,N/A,N/A,N/A,N/A,N/A,N/A,N/A,N/A,N/A,N/A,N/A,N/A,N/A,N/A,N/A,N/A,N/A,N/A,N/A,N/A,N/A,N/A,N/A,N/A,N/A,N/A,N/A,N/A,N/A,N/A,N/A,N/A,N/A,N/A,N/A,N/A,N/A,N/A,N/A,N/A,N/A,N/A,N/A,N/A,N/A,N/A,N/A,N/A,N/A,N/A,N/A,N/A,N/A,N/A,N/A,N/A,N/A,N/A,N/A,N/A,N/A,N/A,N/A,N/A,N/A,N/A,N/A,N/A,N/A,N/A,N/A,N/A,N/A,N/A,N/A,N/A,N/A,N/A,N/A,N/A,N/A,N/A,N/A,N/A,N/A,N/A,N/A,N/A,N/A,N/A,N/A,N/A,N/A,N/A,N/A,N/A,N/A,N/A,N/A,N/A,N/A,N/A,N/A,N/A,N/A,N/A,N/A,N/A,N/A,N/A,N/A,N/A,N/A,N/A,N/A,N/A,N/A,N/A,N/A,N/A,N/A,N/A,N/A,N/A,N/A,N/A,N/A,N/A,N/A,N/A,N/A,N/A,N/A,N/A,N/A,N/A,N/A,N/A,N/A,N/A,N/A,N/A,N/A,N/A,N/A
Luis Otávio de Oliveira,26,950774400,2000/02/17,Serie B,2023,Forward,Juventude,51,50,1,Brazil,3,2,1,0,0,0,0,0,0,0,0,2,1,1,0,0,0,0,0,0,0,0,0,0,0,0,0,17,0,0,0,-1,-1,-1,23,0,6.36,0,51,28.24,5.33,34,16,3.67,11,11,19.41,29,0.00,0.00,0.33,1,0.00,0.67,0.00,0.00,0,0.00,1.00,0.00,0.00,0.00,0.00,0.00,0.00,0.00,0.00,0.00,0.67,0.00,0.00,0.00,0.00,0.67,0.00,0.00,0,0,,0,0.00,9,0,0.00,21,0,0.00,10,2,2,1,4,0.00,99,0,0,0.00,9,2,32,3.53,84,0,0.00,99,0,0.00,0,0,0.00,0,1.76,90,2,3.53,96,0,0.00,0.00,0,0.00,0,0,0,0.00,0,0,0.00,99,0.00,0,N/A,N/A,N/A,N/A,0.00,0,0.00,0,0.00,0.00,0,68.75,0.00,21,99,0.00,0.00,0,12,12,0,0,0,0.00,0.00,0,20,19.07,0.00,0.00,0,0,0.00,0.00,99,0.00,0,0,0,0.00,0.00,0,0.00,0.00,0.00,0.00,0,0,0.00,48,0,0,48,0,0.06,50,0.02,0.11,0.00,14,0.00,0.00,99,5,1.67,8.82,3.53,0.67,99,2,0.00,13,7,2,71,0,45,99,0,0.00,99,2,0.00,3.53,24.71,4.67,14,7,99,99,12.35,2.33,50.00,3,5.29,0,0,0.00,0,0.00,99,0,0.00,0.00,32,0,39,53,0,0,0,0,0,34,48,65,59,0,99,99,8,8,0,0,10,33,0,0
Luis Vinicius Nunes Cavalcante,27,918806400,1999/02/12,Serie B,2023,Forward,Londrina,352,199,153,Brazil,8,4,4,0,0,0,0,0,0,0,0,2,1,1,7,5,2,0,0,0,0,0,0,0,0,1.79,50,44,0,0,0,535,539,-1,35,0,6.60,0,51,29.40,14.38,37,115,11.25,90,51,23.01,39,0.00,0.00,0.25,2,0.00,1.12,0.26,0.12,1,0.00,0.62,0.00,0.00,0.00,0.38,2.12,0.00,0.00,1.53,0.62,2.62,0.00,0.12,0.03,0.00,0.12,0.00,0.00,0,0,,6,0.75,78,1,0.26,52,5,1.28,94,3,4,4,9,0.00,99,0,3,0.77,51,9,57,2.30,70,0,0.00,99,0,0.00,0,0,0.00,0,0.51,33,21,5.37,99,17,4.35,80.95,0,0.00,0,0,0,0.00,0,0,0.00,1,0.00,0,N/A,N/A,N/A,N/A,0.00,0,0.00,0,0.21,0.00,0,78.26,16.67,28,78,0.12,0.26,1,99,92,0,0,0,0.00,0.00,0,20,52.78,0.00,0.00,0,0,0.00,0.00,99,0.00,0,0,0,0.00,0.00,0,0.00,0.00,0.00,0.00,0,0,0.00,48,0,6,48,2,0.24,14,0.03,0.06,0.21,53,0.03,0.05,42,4,0.50,1.02,1.28,0.62,42,5,0.05,51,18,2,71,0,45,10,0,0.00,99,1,0.00,0.26,10.48,5.12,41,23,84,70,5.88,2.88,56.10,5,1.28,16,0,22.22,0,0.00,99,2,0.25,0.51,69,8,56,70,0,0,0,0,0,34,48,65,59,0,99,22,8,8,0,0,10,11,0,0
Luiz Antonio Ferreira Rodrigues,32,765961200,1994/04/10,Serie B,2023,Midfielder,Sport Recife,857,378,479,Brazil,15,8,7,0,0,0,0,0,0,0,0,5,3,2,10,2,8,4,0,0,0,0,0,0,0,1.05,86,57,214,0,0.42,347,328,-1,24,0,6.84,0,51,48.34,30.50,85,427,26.14,366,92,41.43,87,0.00,0.00,0.43,6,0.00,0.21,1.58,1.00,14,0.00,0.14,0.00,0.00,0.00,1.00,0.14,0.00,0.00,0.79,0.29,0.36,0.00,0.21,0.02,0.00,0.21,0.00,0.00,0,0,,7,0.50,53,3,0.34,59,4,0.45,49,2,6,8,70,0.00,99,0,14,1.58,90,3,86,0.34,34,0,0.00,99,0,0.00,0,0,0.00,0,0.68,44,5,0.57,34,2,0.23,40.00,0,0.00,0,0,0,0.00,0,0,0.00,31,0.00,0,N/A,N/A,N/A,N/A,0.00,0,0.00,0,0.32,0.00,0,85.71,42.86,67,36,0.43,0.68,6,31,31,0,0,0,0.00,0.00,0,20,95.82,0.57,0.91,8,0,0.00,0.00,99,0.00,0,0,0,0.00,0.00,0,0.00,0.00,0.00,0.00,0,0,0.00,48,31,30,48,32,1.12,61,0.08,0.13,0.32,49,0.02,0.04,63,14,1.00,1.58,2.15,1.36,82,19,0.04,47,59,38,71,0,45,14,0,0.00,99,3,0.00,0.34,8.49,5.36,75,33,31,42,3.74,2.36,44.00,2,0.23,73,0,33.33,0,0.00,99,1,0.07,0.11,45,28,70,53,0,0,0,0,0,34,48,65,59,0,99,45,29,80,4,27,81,94,0,0
Luiz Daniel de Carvalho Silva,33,733392000,1993/03/29,Serie B,2023,Goalkeeper,Sampaio Corrêa,2933,1530,1403,Brazil,33,17,16,0,0,0,0,0,0,0,0,13,7,6,35,15,20,3,0,0,0,0,0,0,0,1.07,84,89,978,0,0.09,382,384,152,30,0,6.88,0,51,23.84,23.53,23,753,13.12,420,1,13.30,11,0.00,0.00,0.00,0,0.00,0.00,0.09,0.09,3,0.00,0.00,0.00,0.00,2.25,0.00,0.00,3.28,0.00,0.00,0.00,0.00,0.00,0.00,0.00,0.00,0.22,0.00,0.00,0,0,,0,0.00,9,0,0.00,21,0,0.00,10,1,0,32,7,0.00,99,0,0,0.00,9,0,32,0.00,14,0,0.00,99,0,0.00,0,0,0.00,0,0.00,6,0,0.00,8,0,0.00,0.00,0,0.00,0,72,24,2.28,24,105,0.00,29,3.32,29,N/A,N/A,N/A,N/A,68.57,0,0.00,0,0.00,0.00,0,55.78,0.00,21,99,0.00,0.00,0,12,12,0,0,45,0.00,0.00,0,20,220.27,1.09,1.11,35,0,0.00,0.00,99,0.00,1,0,0,0.00,0.00,20,0.62,0.63,0.00,0.00,0,0,0.00,48,95,90,48,29,0.88,6,0.03,0.03,0.00,14,0.00,0.00,6,6,0.19,0.19,0.00,0.00,4,0,0.00,13,65,50,71,45,45,8,0,0.00,99,7,0.00,0.22,0.57,0.56,18,16,6,5,0.51,0.50,88.89,0,0.00,99,0,0.00,0,0.00,99,0,0.00,0.00,32,92,19,33,0,0,0,0,0,34,48,65,59,0,99,62,94,14,3,9,29,1,0,0
Luiz Felipe Castro Neto,31,792662400,1995/02/13,Serie B,2023,Defender,Ponte Preta,395,191,204,Brazil,6,3,3,0,0,0,0,0,0,0,0,4,2,2,2,1,1,1,0,0,0,0,0,0,0,0.46,198,66,395,0,0.23,544,544,9,38,0,6.86,0,51,38.36,26.00,59,130,18.20,91,13,26.85,49,0.00,0.00,0.20,1,0.00,0.20,1.18,0.80,4,0.00,0.00,0.00,0.00,0.00,1.60,0.20,0.00,0.00,0.30,0.20,0.40,0.00,0.00,0.01,0.00,1.00,0.00,0.00,0,0,,1,0.20,20,0,0.00,21,1,0.30,29,0,2,3,50,0.00,99,0,8,2.36,99,1,32,0.30,32,0,0.00,99,0,0.00,0,0,0.00,0,0.30,24,2,0.59,35,1,0.30,50.00,0,0.00,0,0,0,0.00,0,0,0.00,96,0.00,0,N/A,N/A,N/A,N/A,0.00,0,0.00,0,0.03,0.00,0,70.00,0.00,21,99,0.00,0.00,0,35,55,0,0,0,0.00,0.00,0,20,34.29,2.80,4.13,14,0,0.00,0.00,99,0.00,0,0,0,0.00,0.00,0,0.00,0.00,0.00,0.00,0,0,0.00,48,2,3,48,97,0.25,19,0.05,0.07,0.03,27,0.01,0.01,10,1,0.20,0.30,0.89,0.60,23,3,0.01,26,62,91,71,0,45,67,0,0.00,99,5,0.00,1.48,5.61,3.80,19,11,21,14,3.25,2.20,57.89,0,0.00,99,0,0.00,0,0.00,99,0,0.00,0.00,32,3,39,9,0,0,0,0,0,34,48,65,59,0,99,99,61,48,1,17,56,6,0,0
Luiz Felipe Do Nascimento dos Santos,32,747558000,1993/09/09,Serie B,2023,Defender,Atlético GO,1440,630,810,Brazil,16,7,9,1,0,1,1,1,0,0,0,10,4,6,11,5,6,4,0,0.13,0.06,0.06,0,0.11,1440,0.69,131,90,360,1440,0.25,240,203,44,15,0,7.08,0.06,63,52.93,52.93,93,794,42.60,639,65,42.60,90,0.00,0.00,0.33,5,0.00,0.07,1.13,1.13,17,0.00,0.00,0.00,0.00,0.00,0.87,0.13,0.00,7.00,0.47,0.20,0.27,0.00,0.27,0.06,0.00,2.33,0.00,0.00,0,0,,7,0.47,33,4,0.27,53,3,0.20,20,0,0,15,48,0.00,99,0,13,0.87,55,1,99,0.07,18,0,0.00,99,0,0.00,0,0,0.00,0,0.33,25,4,0.27,22,2,0.13,50.00,0,0.00,0,0,0,0.00,0,0,0.00,78,0.00,0,N/A,N/A,N/A,N/A,0.00,0,0.00,0,0.87,0.00,0,80.48,57.14,90,71,0.33,0.33,5,19,55,0,0,0,0.80,0.80,12,92,106.20,4.87,4.87,73,0,0.00,0.00,99,0.00,0,0,0,0.00,0.00,0,0.00,0.00,0.00,0.00,0,0,14.29,79,59,34,93,79,2.12,68,0.14,0.14,0.87,56,0.06,0.06,16,7,0.47,0.47,0.93,0.93,25,14,0.06,54,92,96,71,0,45,90,0,0.00,99,35,0.00,2.33,6.60,6.60,99,61,39,23,4.07,4.07,61.62,0,0.00,99,0,100.00,0,0.00,99,1,0.07,0.07,39,55,19,9,0,0,0,0,0,54,56,72,59,0,99,98,57,51,4,25,79,3,0,0
Luiz Felipe Oliveira de Paula,28,885888000,1998/01/27,Serie B,2023,Defender,Ponte Preta,1898,763,1135,Brazil,26,10,16,0,0,0,2,0,2,0,0,12,7,5,14,3,11,8,0,0.09,0.09,0,0,0,0,0.66,136,73,237,949,0.38,473,154,34,35,0,6.46,0.08,74,36.84,29.88,54,777,21.19,551,15,26.13,47,0.00,0.00,0.42,11,0.00,1.12,2.75,2.23,58,0.00,0.62,0.00,0.00,0.00,0.77,1.23,0.00,0.00,0.24,0.19,2.04,0.00,0.00,0.01,0.00,0.85,0.00,0.00,0,0,,5,0.19,16,0,0.00,21,5,0.24,25,4,2,24,97,0.00,99,0,20,0.95,60,29,38,1.38,57,0,0.00,99,0,0.00,0,0,0.00,0,0.52,33,53,2.51,90,32,1.52,60.38,0,0.00,0,0,0,0.00,0,0,0.00,83,0.00,0,N/A,N/A,N/A,N/A,0.00,0,0.00,0,0.14,0.00,0,70.91,0.00,21,4,1.08,1.33,28,94,73,0,0,0,0.27,0.33,7,68,167.99,1.31,1.61,34,0,0.00,0.00,99,0.00,0,0,0,0.00,0.00,0,0.00,0.00,0.05,0.04,1,0,0.00,48,71,67,48,83,2.68,61,0.10,0.13,0.14,27,0.01,0.01,60,32,1.23,1.52,2.47,2.00,91,52,0.01,26,10,65,71,0,51,51,0,0.00,99,22,0.00,1.04,13.18,10.69,278,144,93,90,6.83,5.54,51.80,16,0.76,41,0,13.79,0,0.00,99,4,0.15,0.19,52,78,39,83,0,0,0,0,0,48,48,65,59,0,99,85,35,73,7,27,81,14,0,0
Luiz Fernando Ferreira de Souza,26,931676400,1999/07/11,Serie B,2023,Forward,Tombense,216,158,58,Brazil,9,6,3,0,0,0,1,0,1,0,0,1,1,0,2,1,1,1,0,0.42,0.42,0,0,0,0,0.83,108,24,216,216,0.42,-1,-1,-1,33,0,5.94,0.11,99,30.42,8.11,39,73,7.22,65,99,27.08,49,0.00,0.00,0.89,8,0.00,0.78,2.92,0.78,7,0.00,0.11,0.00,0.00,0.00,0.00,0.22,0.00,0.00,3.33,0.56,1.11,0.00,0.33,0.03,0.00,0.00,0.00,0.00,0,0,,8,0.89,99,3,1.25,98,5,2.08,99,2,8,1,98,0.00,99,0,0,0.00,9,7,32,2.92,77,0,0.00,99,0,0.00,0,0,0.00,0,3.33,99,10,4.17,98,2,0.83,20.00,0,0.00,0,0,0,0.00,0,0,0.00,58,0.00,0,N/A,N/A,N/A,N/A,0.00,0,0.00,0,0.28,0.00,0,89.04,37.50,53,27,0.22,0.83,2,75,14,0,0,0,0.00,0.00,0,20,53.47,0.00,0.00,0,0,0.00,0.00,99,0.00,0,0,0,0.00,0.00,0,0.00,0.00,0.00,0.00,0,0,0.00,48,0,8,48,58,1.02,99,0.11,0.42,0.28,73,0.03,0.12,95,7,0.78,2.92,2.08,0.56,80,5,0.12,70,2,2,71,0,45,2,0,0.00,99,0,0.00,0.00,13.33,3.56,32,16,91,91,6.67,1.78,50.00,1,0.42,65,0,0.00,0,0.00,99,0,0.00,0.00,32,0,79,53,0,0,0,0,0,90,48,65,59,0,99,3,29,80,1,11,37,20,0,0
Luiz Fernando Moraes dos Santos,29,845449200,1996/10/16,Serie B,2023,Forward,Atlético GO,2585,1341,1244,Brazil,35,18,17,9,4,5,3,0,3,0,1,12,6,6,29,14,15,5,0,0.42,0.1,0.31,0.27,0.36,287,1.01,89,74,517,862,0.17,44,137,-1,2,0,6.86,0.09,76,22.98,18.79,21,639,14.35,488,41,17.55,24,0.00,0.00,1.00,34,0.00,0.76,0.76,0.62,21,0.00,0.71,0.00,0.00,0.00,0.38,0.68,0.00,4.44,1.44,0.47,1.82,0.00,0.71,0.20,0.00,0.47,0.00,0.00,0,0,,40,1.18,75,24,0.86,89,16,0.58,61,2,2,32,32,0.00,99,0,13,0.47,35,26,59,0.93,51,0,0.00,99,0,0.00,0,0,0.00,0,1.22,73,62,2.23,86,23,0.83,37.10,0,0.00,0,0,0,0.00,0,0,0.00,35,0.00,0,N/A,N/A,N/A,N/A,0.00,0,0.00,0,6.65,0.00,0,76.37,60.00,92,89,0.12,0.14,4,75,25,0,1,0,0.09,0.11,3,34,233.39,0.59,0.72,20,0,0.00,0.00,99,0.00,0,1,2,0.06,0.07,0,0.00,0.00,0.32,0.26,9,1,22.50,92,89,95,57,35,4.03,68,0.12,0.14,5.95,90,0.18,0.21,68,48,1.41,1.73,1.26,1.03,40,35,0.24,91,62,33,88,0,85,27,0,0.00,99,16,0.00,0.58,9.35,7.65,260,108,36,55,3.88,3.18,41.54,24,0.86,33,0,23.08,0,0.00,99,6,0.18,0.22,55,92,39,53,0,0,0,0,0,90,92,94,87,0,99,45,76,33,5,14,47,11,0,0
Luiz Fernando Silvestre Junior,23,1048924800,2003/03/29,Serie B,2023,Midfielder,Mirassol,23,0,23,Brazil,2,0,2,0,0,0,0,0,0,0,0,0,0,0,0,0,0,0,0,0,0,0,0,0,0,0,0,12,0,0,0,-1,-1,-1,24,0,6.84,0,51,86.09,11.00,99,22,10.00,20,99,78.26,99,0.00,0.00,1.00,2,0.00,1.00,3.91,0.50,1,0.00,0.00,0.00,0.00,0.00,0.00,0.00,0.00,0.00,0.00,0.00,0.00,0.00,0.00,0.00,0.00,0.00,0.00,0.00,0,0,,0,0.00,9,0,0.00,21,0,0.00,10,0,2,0,99,0.00,99,0,0,0.00,9,2,97,7.83,99,0,0.00,99,0,0.00,0,0,0.00,0,7.83,99,0,0.00,8,0,0.00,0.00,0,0.00,0,0,0,0.00,0,0,0.00,99,0.00,0,N/A,N/A,N/A,N/A,0.00,0,0.00,0,0.00,0.00,0,90.91,0.00,21,99,0.00,0.00,0,12,12,0,0,0,0.00,0.00,0,20,13.67,0.00,0.00,0,0,0.00,0.00,99,0.00,0,0,0,0.00,0.00,0,0.00,0.00,0.00,0.00,0,0,0.00,48,0,0,48,0,0.11,99,0.06,0.43,0.00,14,0.00,0.00,99,1,0.50,3.91,0.00,0.00,4,0,0.00,13,59,2,71,0,45,2,0,0.00,99,0,0.00,0.00,7.83,1.00,2,2,98,36,7.83,1.00,100.00,0,0.00,99,0,50.00,0,0.00,99,1,0.50,3.91,99,0,39,9,0,0,0,0,0,34,48,65,59,0,99,1,8,8,0,0,10,17,0,0
Luiz Flavio Silverio Silva,25,961052400,2000/06/15,Serie B,2023,Midfielder,Mirassol,267,201,66,Brazil,11,8,3,0,0,0,1,1,0,0,0,4,3,1,0,0,0,0,0,0.34,0.34,0,0,0,0,0,0,24,0,267,0,-1,-1,-1,21,0,6.65,0.09,98,42.47,11.45,71,126,8.91,98,49,33.03,66,0.00,0.00,0.27,3,0.00,0.09,2.02,0.55,6,0.00,0.09,0.00,0.00,0.00,0.27,0.09,0.00,0.00,1.01,0.27,0.36,0.00,0.00,0.01,0.00,0.27,0.00,0.00,0,0,,3,0.27,61,0,0.00,21,3,1.01,86,0,10,1,87,0.00,99,0,3,1.01,63,1,99,0.34,34,0,0.00,99,0,0.00,0,0,0.00,0,1.01,63,4,1.35,66,1,0.34,25.00,0,0.00,0,0,0,0.00,0,0,0.00,99,0.00,0,N/A,N/A,N/A,N/A,0.00,0,0.00,0,0.08,0.00,0,77.78,0.00,21,37,0.18,0.67,2,41,16,0,0,0,0.00,0.00,0,20,73.16,1.00,3.71,11,0,0.00,0.00,99,0.00,0,0,0,0.00,0.00,0,0.00,0.00,0.00,0.00,0,0,0.00,48,0,15,48,0,0.90,98,0.08,0.30,0.08,45,0.01,0.03,27,2,0.18,0.67,1.69,0.45,65,5,0.03,43,22,87,71,0,45,49,0,0.00,99,3,0.00,1.01,9.44,2.55,28,12,38,56,4.04,1.09,42.86,1,0.34,68,0,100.00,0,0.00,99,1,0.09,0.34,59,0,85,9,0,0,0,0,0,86,48,65,59,0,99,52,8,8,0,0,10,14,0,0
Luiz Gabriel de Oliveira Fonseca,24,1016524800,2002/03/19,Serie B,2023,Midfielder,Novorizontino,154,86,68,Brazil,13,6,7,0,0,0,0,0,0,0,0,3,2,1,1,0,1,2,1,0,0,0,0,0,0,0.58,154,12,51,0,1.75,-1,-1,-1,22,0,5.98,0,51,64.87,8.54,99,111,7.31,95,92,55.52,99,0.00,0.00,0.00,0,0.00,0.00,4.09,0.54,7,0.00,0.15,0.00,0.00,0.00,0.85,0.15,0.00,0.00,1.17,0.15,0.38,0.00,0.00,0.00,0.00,0.08,0.00,0.00,0,0,,2,0.15,66,0,0.00,21,2,1.17,93,0,13,0,99,0.00,99,0,11,6.43,99,0,32,0.00,14,0,0.00,99,0,0.00,0,0,0.00,0,0.00,6,5,2.92,93,2,1.17,40.00,0,0.00,0,0,0,0.00,0,0,0.00,91,0.00,0,N/A,N/A,N/A,N/A,0.00,0,0.00,0,0.05,0.00,0,85.59,0.00,21,0,0.31,2.34,4,88,31,0,0,0,0.15,1.17,2,98,77.78,0.08,0.58,1,0,0.00,0.00,99,0.00,0,0,0,0.00,0.00,0,0.00,0.00,0.00,0.00,0,0,0.00,48,0,24,48,91,0.19,50,0.01,0.11,0.05,45,0.00,0.03,85,4,0.31,2.34,5.84,0.77,99,10,0.03,43,2,24,71,0,45,27,0,0.00,99,1,0.00,0.58,19.87,2.62,34,14,98,99,8.18,1.08,41.18,2,1.17,19,0,0.00,0,0.00,99,0,0.00,0.00,32,0,91,9,0,0,0,0,0,34,48,65,59,0,99,17,8,99,1,8,26,23,0,0
Luiz Gustavo da Silva Machado Duarte,24,1002006000,2001/10/02,Serie B,2023,Midfielder,Juventude,1149,530,619,Brazil,23,12,11,1,1,0,1,0,1,0,0,12,7,5,7,1,6,5,0,0.16,0.08,0.08,0.17,0,1149,0.55,164,50,230,1149,0.39,210,169,-1,12,0,0.00,0,69,0.00,0.00,0,0,0.00,0,0,0.00,0,0.00,0.00,0.00,0,0.00,0.00,0.00,0.00,0,0.00,0.00,0.00,0.00,0.00,0.00,0.00,0.00,0.00,0.00,0.00,0.00,0.00,0.00,0.00,0.00,0.00,0.00,0.00,0,0,,0,0.00,9,0,0.00,21,0,0.00,10,3,8,13,4,0.00,99,0,0,0.00,9,0,32,0.00,14,0,0.00,99,0,0.00,0,0,0.00,0,0.00,6,0,0.00,8,0,0.00,0.00,0,0.00,0,0,0,0.00,0,0,0.00,92,0.00,0,N/A,N/A,N/A,N/A,0.00,0,0.00,0,0.00,0.00,0,0.00,0.00,21,99,0.00,0.00,0,12,12,0,0,0,0.00,0.00,0,20,0.00,0.00,0.00,0,0,0.00,0.00,99,0.00,0,0,0,0.00,0.00,0,0.00,0.00,0.00,0.00,0,0,0.00,48,45,58,89,93,0.00,0,0.00,0.00,0.00,14,0.00,0.00,1,0,0.00,0.00,0.00,0.00,4,0,0.00,13,0,2,71,0,45,2,0,0.00,99,0,0.00,0.00,0.00,0.00,0,0,0,0,0.00,0.00,0.00,0,0.00,99,0,0.00,0,0.00,99,0,0.00,0.00,32,49,79,70,0,0,0,0,0,62,61,65,75,0,99,93,33,75,5,0,10,44,0,0
Luiz Gustavo Tavares Condé,32,761040000,1994/02/12,Serie B,2023,Defender,Juventude,986,428,558,Brazil,14,6,8,1,0,1,0,0,0,0,0,5,2,3,12,4,8,6,1,0.09,0,0.09,0,0.16,986,1.1,82,70,164,0,0.55,200,340,159,13,0,6.29,0,51,58.12,46.00,98,598,38.62,502,85,48.79,98,0.00,0.00,0.00,0,0.00,0.31,0.58,0.46,6,0.00,0.08,0.00,0.00,0.00,0.92,0.00,0.00,2.00,0.19,0.15,0.00,0.00,0.00,0.05,0.00,1.38,0.00,0.00,0,0,,2,0.15,14,0,0.00,21,2,0.19,19,2,3,10,20,0.00,99,0,12,1.17,72,4,32,0.39,38,0,0.00,99,0,0.00,0,0,0.00,0,0.00,6,0,0.00,8,0,0.00,0.00,0,0.00,0,0,0,0.00,0,0,0.00,26,0.00,0,N/A,N/A,N/A,N/A,0.00,0,0.00,0,0.68,0.00,0,83.95,0.00,21,91,0.08,0.10,1,12,12,0,0,0,0.38,0.49,5,80,81.77,2.31,2.92,30,0,0.00,0.00,99,0.00,0,0,0,0.00,0.00,0,0.00,0.00,0.10,0.08,1,0,50.00,99,39,27,86,27,0.91,36,0.07,0.09,0.68,60,0.05,0.07,28,7,0.54,0.68,0.87,0.69,22,9,0.07,58,6,82,71,0,62,77,0,0.00,99,18,0.00,1.75,5.25,4.15,54,31,17,12,3.01,2.38,57.41,1,0.10,84,0,0.00,0,0.00,99,0,0.00,0.00,32,38,50,53,0,0,0,0,0,48,63,79,59,0,99,52,15,93,4,29,84,3,0,0
Luiz Henrique Araujo Silva,27,921744000,1999/03/18,Serie B,2023,Midfielder,Botafogo SP,1464,655,809,Brazil,27,14,13,0,0,0,1,1,0,0,0,12,8,4,11,5,6,6,0,0.06,0.06,0,0,0,0,0.68,133,54,244,1464,0.37,395,212,-1,35,0,6.58,0.04,63,34.12,20.56,48,555,15.59,421,39,25.88,47,0.00,0.00,1.11,30,0.00,4.19,0.98,0.59,16,0.00,0.37,0.00,0.00,0.00,0.44,0.11,0.00,0.00,0.80,0.33,0.19,0.00,0.15,0.02,0.00,0.48,0.00,0.00,0,0,,13,0.48,54,4,0.25,52,9,0.55,59,5,7,20,41,0.00,99,0,12,0.74,49,113,89,6.95,98,0,0.00,99,0,0.00,0,0,0.00,0,1.84,92,5,0.31,24,3,0.18,60.00,0,0.00,0,0,0,0.00,0,0,0.00,81,0.00,0,N/A,N/A,N/A,N/A,0.00,0,0.00,0,0.51,0.00,0,75.86,30.77,43,36,0.41,0.68,11,27,73,0,0,0,0.04,0.06,1,25,177.75,0.70,1.17,19,0,0.00,0.00,99,0.00,0,0,1,0.04,0.06,0,0.00,0.00,0.12,0.07,2,0,0.00,48,60,70,48,81,2.73,80,0.10,0.17,0.51,45,0.02,0.03,68,28,1.04,1.72,1.60,0.96,60,26,0.03,43,16,51,84,0,67,38,0,0.00,99,13,0.00,0.80,7.81,4.70,127,60,30,36,3.69,2.22,47.24,10,0.61,50,0,37.17,0,0.00,99,42,1.56,2.58,99,69,74,89,0,0,0,0,0,40,48,65,59,0,99,81,36,72,6,22,70,11,0,0
Luiz Henrique Soares Firmino,26,944208000,1999/12/03,Serie B,2023,Forward,Mirassol,2793,1547,1246,Brazil,35,19,16,4,2,2,5,3,2,0,0,17,10,7,17,8,9,8,0,0.29,0.16,0.13,0.12,0.14,698,0.55,164,80,349,559,0.26,157,78,-1,4,0,6.80,0.14,87,26.83,23.91,31,813,19.00,646,59,21.32,34,0.00,0.00,1.12,38,0.00,1.44,1.52,1.35,46,0.00,1.59,0.00,0.00,0.00,0.59,0.71,0.00,14.25,1.88,1.15,1.62,0.00,0.53,0.13,0.00,0.85,0.00,0.00,0,0,,57,1.68,89,18,0.59,74,39,1.29,94,1,0,34,67,0.00,99,0,20,0.66,44,49,77,1.62,61,0,0.00,99,0,0.00,0,0,0.00,0,1.25,75,55,1.82,78,24,0.79,43.64,0,0.00,0,0,0,0.00,0,0,0.00,92,0.00,0,N/A,N/A,N/A,N/A,0.00,0,0.00,0,4.46,0.00,0,79.46,31.58,44,27,0.74,0.83,25,73,38,0,0,0,0.06,0.07,2,27,231.11,0.53,0.59,18,0,0.00,0.00,99,0.00,0,0,2,0.06,0.07,0,0.00,0.00,0.40,0.35,12,1,7.02,57,93,95,77,93,5.77,85,0.17,0.19,4.46,80,0.13,0.15,73,56,1.65,1.85,1.72,1.53,67,52,0.15,78,52,25,88,0,89,46,0,0.00,99,29,0.00,0.96,11.49,10.24,348,155,69,78,5.12,4.56,44.54,54,1.78,4,0,28.57,0,0.00,99,14,0.41,0.46,67,97,19,33,0,0,0,0,0,81,72,77,69,0,99,88,56,53,8,23,73,11,0,0
Luiz Otavio Alves Marcolino,29,858672000,1997/03/18,Serie B,2023,Midfielder,Sampaio Corrêa,589,305,284,Brazil,14,7,7,0,0,0,0,0,0,0,0,4,2,2,10,7,3,2,0,0,0,0,0,0,0,1.53,59,42,295,0,0.31,412,405,-1,35,0,6.15,0,51,64.02,29.93,99,419,25.57,358,91,54.70,99,0.00,0.00,0.50,7,0.00,0.07,1.68,0.79,11,0.00,0.43,0.00,0.00,0.00,0.07,0.21,0.00,0.00,0.31,0.14,0.29,0.00,0.00,0.00,0.00,0.57,0.00,0.00,0,0,,2,0.14,20,0,0.00,21,2,0.31,31,1,8,6,75,0.00,99,0,1,0.15,16,1,32,0.15,24,0,0.00,99,0,0.00,0,0,0.00,0,1.07,66,4,0.61,36,3,0.46,75.00,0,0.00,0,0,0,0.00,0,0,0.00,3,0.00,0,N/A,N/A,N/A,N/A,0.00,0,0.00,0,0.05,0.00,0,85.44,0.00,21,57,0.21,0.46,3,53,90,0,0,0,0.21,0.46,3,77,86.05,0.43,0.92,6,0,0.00,0.00,99,0.00,0,0,0,0.00,0.00,0,0.00,0.00,0.00,0.00,0,0,0.00,48,15,27,48,4,1.05,76,0.07,0.16,0.05,27,0.00,0.01,73,12,0.86,1.83,1.99,0.93,79,13,0.01,26,3,39,71,0,45,59,0,0.00,99,8,0.00,1.22,9.93,4.64,65,34,72,63,5.20,2.43,52.31,6,0.92,29,0,0.00,0,0.00,99,0,0.00,0.00,32,17,79,33,0,0,0,0,0,34,48,65,59,0,99,29,48,61,2,14,47,8,0,0
Luiz Otávio Anacleto Leandro,37,590223600,1988/09/14,Serie B,2023,Defender,Ceará,2053,883,1170,Brazil,23,10,13,2,1,1,0,0,0,0,0,5,3,2,25,11,14,7,1,0.09,0,0.09,0.1,0.08,1027,1.1,82,89,293,0,0.31,206,449,158,11,0,7.08,0,51,49.24,48.82,86,1074,42.18,928,94,42.55,90,0.00,0.00,0.23,5,0.00,0.05,0.78,0.77,17,0.00,0.09,0.00,0.00,0.00,2.05,0.18,0.00,5.00,0.46,0.23,0.23,0.00,0.23,0.07,0.00,2.09,0.00,0.00,0,0,,10,0.45,33,5,0.23,49,5,0.23,23,1,0,22,32,0.00,99,0,45,2.06,97,1,32,0.05,16,0,0.00,99,0,0.00,0,0,0.00,0,0.23,19,5,0.23,21,4,0.18,80.00,0,0.00,0,0,0,0.00,0,0,0.00,26,0.00,0,N/A,N/A,N/A,N/A,0.00,0,0.00,0,1.53,0.00,0,86.41,50.00,83,57,0.45,0.46,10,27,92,0,0,0,1.05,1.05,23,96,155.82,4.55,4.58,100,0,0.00,0.00,99,0.00,0,0,1,0.05,0.05,0,0.00,0.00,0.00,0.00,0,0,20.00,90,76,58,87,27,2.27,45,0.10,0.10,1.53,60,0.07,0.07,24,13,0.59,0.60,0.96,0.95,27,21,0.07,58,92,94,82,0,45,87,0,0.00,99,46,0.00,2.11,5.96,5.91,130,80,29,16,3.67,3.64,61.54,2,0.09,85,0,0.00,0,0.00,99,0,0.00,0.00,32,73,19,33,0,0,0,0,0,48,63,70,67,0,99,15,48,61,6,26,80,13,0,0
Luiz Otavio da Silva Santos,33,718614000,1992/10/09,Serie B,2023,Defender,Mirassol,3196,1576,1620,Brazil,36,18,18,1,0,1,1,0,1,0,0,16,9,7,22,8,14,2,0,0.06,0.03,0.03,0,0.06,3196,0.62,145,89,1598,3196,0.06,269,247,26,13,0,6.98,0.03,53,54.27,53.51,94,1873,44.40,1554,80,45.03,94,0.00,0.00,0.11,4,0.00,0.06,0.55,0.54,19,0.00,0.11,0.00,0.00,0.00,0.77,0.06,0.00,0.00,0.46,0.31,0.09,0.00,0.14,0.01,0.00,2.31,0.00,0.00,0,0,,16,0.46,33,5,0.14,35,11,0.32,33,1,0,35,18,0.00,99,0,27,0.78,51,2,97,0.06,17,0,0.00,99,0,0.00,0,0,0.00,0,0.12,12,3,0.09,12,2,0.06,66.67,0,0.00,0,0,0,0.00,0,0,0.00,87,0.00,0,N/A,N/A,N/A,N/A,0.00,0,0.00,0,0.52,0.00,0,82.97,31.25,43,90,0.11,0.12,4,14,83,0,0,0,0.63,0.64,22,86,244.41,5.51,5.59,193,0,0.00,0.00,99,0.00,0,0,0,0.00,0.00,0,0.00,0.00,0.03,0.03,1,0,0.00,48,98,98,99,87,3.66,50,0.10,0.11,0.52,38,0.01,0.02,9,9,0.26,0.26,0.75,0.74,17,26,0.02,37,82,99,71,0,46,90,0,0.00,99,81,0.00,2.35,5.19,5.11,179,111,21,11,3.22,3.17,62.01,4,0.12,83,0,50.00,0,0.00,99,1,0.03,0.03,33,99,19,33,0,0,0,0,0,40,50,66,59,0,99,81,98,11,2,6,19,4,0,0
Madison Rafael Ferreira Alves,23,1022482800,2002/05/27,Serie B,2023,Defender,Ituano,0,0,0,Brazil,0,0,0,0,0,0,0,0,0,0,0,0,0,0,0,0,0,0,0,0,0,0,0,0,0,0,0,0,0,0,0,-1,-1,-1,-1,N/A,N/A,N/A,N/A,N/A,N/A,N/A,N/A,N/A,N/A,N/A,N/A,N/A,N/A,N/A,N/A,N/A,N/A,N/A,N/A,N/A,N/A,N/A,N/A,N/A,N/A,N/A,N/A,N/A,N/A,N/A,N/A,N/A,N/A,N/A,N/A,N/A,N/A,N/A,N/A,N/A,N/A,N/A,N/A,N/A,N/A,N/A,N/A,N/A,N/A,N/A,N/A,N/A,N/A,N/A,N/A,N/A,N/A,N/A,N/A,N/A,N/A,N/A,N/A,N/A,N/A,N/A,N/A,N/A,N/A,N/A,N/A,N/A,N/A,N/A,N/A,N/A,N/A,N/A,N/A,N/A,N/A,N/A,N/A,N/A,N/A,N/A,N/A,N/A,N/A,N/A,N/A,N/A,N/A,N/A,N/A,N/A,N/A,N/A,N/A,N/A,N/A,N/A,N/A,N/A,N/A,N/A,N/A,N/A,N/A,N/A,N/A,N/A,N/A,N/A,N/A,N/A,N/A,N/A,N/A,N/A,N/A,N/A,N/A,N/A,N/A,N/A,N/A,N/A,N/A,N/A,N/A,N/A,N/A,N/A,N/A,N/A,N/A,N/A,N/A,N/A,N/A,N/A,N/A,N/A,N/A,N/A,N/A,N/A,N/A,N/A,N/A,N/A,N/A,N/A,N/A,N/A,N/A,N/A,N/A,N/A,N/A,N/A,N/A,N/A,N/A,N/A,N/A,N/A,N/A,N/A,N/A,N/A,N/A,N/A,N/A,N/A,N/A,N/A,N/A,N/A,N/A,N/A,N/A,N/A,N/A,N/A,N/A,N/A,N/A,N/A,N/A,N/A,N/A,N/A,N/A,N/A,N/A,N/A,N/A,N/A,N/A,N/A,N/A,N/A,N/A,N/A,N/A,N/A,N/A,N/A,N/A,N/A,N/A,N/A,N/A,N/A,N/A,N/A,N/A,N/A,N/A,N/A,N/A
Maílton dos Santos de Sá,27,896598000,1998/05/31,Serie B,2023,Defender,Ponte Preta,1159,824,335,Brazil,28,15,13,3,1,2,2,2,0,1,0,11,8,3,13,7,6,3,0,0.39,0.16,0.23,0.11,0.54,386,1.01,89,41,386,580,0.23,80,75,140,3,0,6.73,0.07,87,27.61,12.15,33,328,8.26,223,10,18.77,27,0.00,0.00,0.78,21,0.00,1.81,1.77,0.78,21,0.00,0.56,0.00,0.00,0.00,0.37,0.59,0.00,7.67,1.94,0.37,1.78,0.00,0.48,0.10,0.00,0.30,0.00,0.00,0,0,,23,0.85,91,13,1.09,96,10,0.84,78,4,17,10,78,0.00,99,0,10,0.84,54,49,42,4.13,90,0,0.00,99,0,0.00,0,0,0.00,0,1.77,90,48,4.04,97,16,1.35,33.33,0,0.00,0,0,0,0.00,0,0,0.00,35,0.00,0,N/A,N/A,N/A,N/A,0.00,0,0.00,0,2.73,0.00,0,67.99,56.52,88,15,0.44,1.01,12,92,22,1,0,0,0.04,0.08,1,29,181.79,0.30,0.67,8,0,0.00,0.00,99,0.00,0,1,0,0.00,0.00,0,0.00,0.00,0.08,0.04,1,1,13.04,76,46,73,62,35,2.48,89,0.09,0.21,2.03,84,0.08,0.17,97,39,1.44,3.28,1.35,0.59,48,16,0.23,90,37,29,71,0,57,31,0,0.00,99,8,0.00,0.67,14.31,6.30,170,84,94,94,7.07,3.11,49.41,15,1.26,16,0,16.33,0,0.00,99,8,0.30,0.67,76,38,96,83,0,1,0,4,0,88,87,98,67,0,99,62,60,48,3,11,37,23,0,0
Manoel Ferreira Lima Neto,30,831366000,1996/05/06,Serie B,2023,Defender,Mirassol,1037,501,536,Brazil,18,9,9,0,0,0,0,0,0,0,0,5,3,2,8,4,4,3,0,0,0,0,0,0,0,0.69,130,58,346,0,0.26,385,380,49,29,0,6.34,0,51,43.74,28.00,74,504,22.44,404,63,35.06,73,0.00,0.00,0.22,4,0.00,2.17,1.22,0.78,14,0.00,0.11,0.00,0.00,0.00,0.61,0.11,0.00,0.00,0.61,0.33,0.44,0.00,0.06,0.01,0.00,0.78,0.00,0.00,0,0,,7,0.39,44,1,0.09,29,6,0.52,56,4,7,11,53,0.00,99,0,11,0.95,60,39,44,3.38,83,0,0.00,99,0,0.00,0,0,0.00,0,0.35,26,8,0.69,39,2,0.17,25.00,0,0.00,0,0,0,0.00,0,0,0.00,78,0.00,0,N/A,N/A,N/A,N/A,0.00,0,0.00,0,0.24,0.00,0,80.16,14.29,26,88,0.11,0.17,2,25,16,0,0,0,0.33,0.52,6,81,114.15,1.11,1.74,20,0,0.00,0.00,99,0.00,0,0,1,0.06,0.09,0,0.00,0.00,0.09,0.06,1,0,0.00,48,43,41,48,77,0.88,27,0.05,0.08,0.24,38,0.01,0.02,29,8,0.44,0.69,1.48,0.94,54,17,0.02,37,7,67,91,0,59,59,0,0.00,99,14,0.00,1.22,6.60,4.22,76,38,23,23,3.30,2.11,50.00,2,0.17,78,0,17.95,0,0.00,99,7,0.39,0.61,73,42,74,83,0,0,0,0,0,34,48,65,59,0,99,29,55,53,3,17,56,16,0,0
Marcel Philipe Afonso Genestra Scalese,30,829724400,1996/04/17,Serie B,2023,Defender,Ituano,2078,986,1092,Brazil,27,14,13,1,0,1,0,0,0,0,0,11,7,4,20,7,13,3,1,0.04,0,0.04,0,0.08,2078,0.87,104,77,520,0,0.17,257,431,104,10,0,6.83,0,51,56.45,47.96,97,1247,41.27,1073,93,48.58,97,0.00,0.00,0.27,7,0.00,0.04,0.63,0.54,14,0.00,0.08,0.00,0.00,0.00,0.85,0.08,0.00,7.00,0.32,0.15,0.08,0.00,0.12,0.03,0.00,1.31,0.00,0.00,0,0,,7,0.27,21,3,0.14,35,4,0.18,18,2,5,21,23,0.00,99,0,22,1.00,63,1,32,0.05,16,0,0.00,99,0,0.00,0,0,0.00,0,0.32,24,2,0.09,12,2,0.09,100.00,0,0.00,0,0,0,0.00,0,0,0.00,53,0.00,0,N/A,N/A,N/A,N/A,0.00,0,0.00,0,0.83,0.00,0,86.05,42.86,67,87,0.15,0.18,4,16,99,0,0,0,0.27,0.32,7,68,177.49,3.27,3.85,85,0,0.00,0.00,99,0.00,0,0,0,0.00,0.00,0,0.00,0.00,0.00,0.00,0,0,14.29,79,77,70,97,54,2.15,45,0.08,0.10,0.83,49,0.03,0.04,2,1,0.04,0.05,0.81,0.69,19,18,0.04,47,56,88,71,0,45,70,0,0.00,99,34,0.00,1.54,4.53,3.85,100,51,10,9,2.31,1.96,51.00,2,0.09,85,0,0.00,0,0.00,99,0,0.00,0.00,32,71,64,53,0,0,0,0,0,37,52,70,59,0,99,70,76,33,2,7,20,14,0,0
Marcelo de Freitas Costa,31,770454000,1994/06/01,Serie B,2023,Midfielder,Ituano,238,65,173,Brazil,3,1,2,0,0,0,0,0,0,0,0,1,1,0,4,0,4,1,0,0,0,0,0,0,0,1.51,60,79,238,0,0.38,-1,-1,-1,31,0,6.93,0,51,51.05,45.00,89,135,35.33,106,54,40.08,85,0.00,0.00,1.00,3,0.00,0.00,1.13,1.00,3,0.00,0.67,0.00,0.00,0.00,1.67,1.00,0.00,0.00,0.38,0.33,1.00,0.00,0.00,0.01,0.00,0.33,0.00,0.00,0,0,,1,0.33,26,0,0.00,21,1,0.38,41,2,0,3,48,0.00,99,0,5,1.89,96,0,32,0.00,14,0,0.00,99,0,0.00,0,0,0.00,0,1.13,69,3,1.13,57,3,1.13,100.00,0,0.00,0,0,0,0.00,0,0,0.00,4,0.00,0,N/A,N/A,N/A,N/A,0.00,0,0.00,0,0.03,0.00,0,78.52,0.00,21,99,0.00,0.00,0,87,99,0,0,0,0.00,0.00,0,20,20.79,0.67,0.76,2,0,0.00,0.00,99,0.00,0,0,0,0.00,0.00,0,0.00,0.00,0.00,0.00,0,0,0.00,48,0,0,48,5,0.33,55,0.11,0.12,0.03,27,0.01,0.01,46,3,1.00,1.13,2.27,2.00,86,6,0.01,26,75,35,71,0,45,17,0,0.00,99,1,0.00,0.38,7.18,6.33,19,10,32,29,3.78,3.33,52.63,2,0.76,41,0,0.00,0,0.00,99,0,0.00,0.00,32,3,19,53,0,0,0,0,0,34,48,65,59,0,99,45,35,73,0,0,10,5,0,0
Marcelo Hermes,31,791625600,1995/02/01,Serie B,2023,Defender,Criciúma,3083,1551,1532,Brazil,37,19,18,1,0,1,3,3,0,0,0,15,10,5,28,9,19,4,0,0.12,0.09,0.03,0,0.06,3083,0.82,110,83,771,1028,0.12,273,155,86,11,0,6.84,0.08,74,41.23,38.08,67,1371,27.61,994,21,29.89,57,0.00,0.00,0.64,23,0.00,3.03,1.83,1.69,61,0.00,0.39,0.00,0.00,0.00,1.03,0.42,0.00,21.00,0.63,0.39,0.97,0.00,0.19,0.04,0.00,0.72,0.00,0.00,0,0,,21,0.58,45,7,0.21,45,14,0.42,46,5,3,33,81,0.00,99,0,37,1.11,69,109,56,3.28,82,0,0.00,99,0,0.00,0,0,0.00,0,0.69,44,35,1.05,54,15,0.45,42.86,0,0.00,0,0,0,0.00,0,0,0.00,60,0.00,0,N/A,N/A,N/A,N/A,0.00,0,0.00,0,1.40,0.00,0,72.50,33.33,49,12,1.00,1.08,36,51,37,0,0,0,0.36,0.39,13,73,246.12,1.86,2.01,67,0,0.00,0.00,99,0.00,0,0,1,0.03,0.03,0,0.00,0.00,0.06,0.06,2,0,4.76,51,97,99,99,60,4.47,61,0.12,0.13,1.40,49,0.04,0.04,27,22,0.61,0.66,0.90,0.83,24,30,0.04,47,59,74,73,0,53,37,0,0.00,99,26,0.00,0.78,7.67,7.08,255,124,31,35,3.73,3.44,48.63,14,0.42,65,0,22.02,0,0.00,99,24,0.67,0.72,78,94,50,89,0,0,0,0,0,53,50,66,59,0,99,70,90,20,4,11,37,6,0,0
Marcelo Jose de Lima Filho,23,1039593600,2002/12/11,Serie B,2023,Forward,Tombense,1621,826,795,Brazil,35,17,18,4,3,1,1,1,0,0,0,6,3,3,23,11,12,4,0,0.28,0.06,0.22,0.33,0.11,405,1.28,70,46,405,1621,0.22,84,202,-1,4,0,7.30,0.03,63,29.28,15.28,37,489,11.44,366,31,21.92,36,0.00,0.00,0.66,21,0.00,1.81,0.54,0.28,9,0.00,0.44,0.00,0.00,0.00,0.31,1.03,0.00,9.75,2.34,0.69,2.09,0.00,0.53,0.12,0.00,0.25,0.00,0.00,0,0,,39,1.22,98,17,1.02,95,22,1.32,95,4,20,14,17,0.00,99,0,10,0.60,41,58,52,3.47,83,0,0.00,99,0,0.00,0,0,0.00,0,1.26,75,67,4.01,97,33,1.98,49.25,0,0.00,0,0,0,0.00,0,0,0.00,12,0.00,0,N/A,N/A,N/A,N/A,0.00,0,0.00,0,3.87,0.00,0,74.85,43.59,68,81,0.12,0.24,4,97,47,0,0,0,0.00,0.00,0,20,233.74,0.34,0.66,11,0,0.00,0.00,99,0.00,0,0,2,0.06,0.12,0,0.00,0.00,0.24,0.12,4,0,10.26,69,63,95,63,13,2.15,61,0.07,0.13,3.87,93,0.12,0.23,96,52,1.62,3.11,0.42,0.22,10,7,0.23,90,98,29,94,0,80,23,0,0.00,99,8,0.00,0.48,10.60,5.53,177,102,86,71,6.11,3.19,57.63,14,0.84,35,0,20.69,0,0.00,99,12,0.38,0.72,78,52,98,83,0,0,0,0,0,79,86,72,90,0,99,8,63,46,4,11,37,11,0,0
Marcelo Nunes Correa,27,914313600,1998/12/22,Serie B,2023,Defender,Vitória,1338,549,789,Brazil,19,8,11,0,0,0,0,0,0,0,0,8,5,3,20,4,16,0,0,0,0,0,0,0,0,1.35,67,70,0,0,0,526,499,198,34,0,6.76,0,51,24.70,18.82,25,320,15.00,255,61,19.68,29,0.00,0.00,0.65,11,0.00,2.24,2.70,2.06,35,0.00,0.35,0.00,0.00,0.00,1.06,0.29,0.00,0.00,0.15,0.00,1.06,0.00,0.12,0.01,0.00,1.00,0.00,0.00,0,0,,2,0.12,12,2,0.15,37,0,0.00,10,3,3,15,97,0.00,99,0,18,1.39,83,38,53,2.93,77,0,0.00,99,0,0.00,0,0,0.00,0,0.85,54,18,1.39,68,5,0.39,27.78,0,0.00,0,0,0,0.00,0,0,0.00,9,0.00,0,N/A,N/A,N/A,N/A,0.00,0,0.00,0,0.09,0.00,0,79.69,100.00,99,24,0.65,0.85,11,45,18,0,0,0,0.29,0.39,5,73,114.91,1.41,1.85,24,0,0.00,0.00,99,0.00,0,0,0,0.00,0.00,0,0.00,0.00,0.00,0.00,0,0,0.00,48,54,46,48,10,0.81,14,0.05,0.06,0.09,27,0.01,0.01,34,10,0.59,0.77,0.31,0.24,8,4,0.01,26,44,70,71,0,45,62,0,0.00,99,17,0.00,1.31,8.80,6.71,114,67,71,47,5.17,3.94,58.77,6,0.46,61,0,21.05,0,0.00,99,8,0.47,0.62,74,55,50,70,0,0,0,0,0,34,48,65,59,0,99,74,8,8,0,0,10,6,0,0
Marcelo Rodrigues Souza,27,900918000,1998/07/20,Serie B,2023,Defender,Vila Nova,913,618,295,Brazil,21,12,9,0,0,0,1,0,1,0,0,4,3,1,7,4,3,4,0,0.1,0.1,0,0,0,0,0.69,130,43,228,913,0.39,286,132,47,20,0,6.57,0.05,76,32.18,15.50,42,310,11.00,220,16,22.84,39,0.00,0.00,0.80,16,0.00,2.80,3.01,1.45,29,0.00,0.35,0.00,0.00,0.00,0.65,0.15,0.00,0.00,0.83,0.35,0.45,0.00,0.05,0.01,0.00,0.60,0.00,0.00,0,0,,8,0.40,55,1,0.10,30,7,0.73,73,3,12,8,98,0.00,99,0,13,1.35,82,56,77,5.81,96,0,0.00,99,0,0.00,0,0,0.00,0,1.66,87,9,0.93,48,3,0.31,33.33,0,0.00,0,0,0,0.00,0,0,0.00,78,0.00,0,N/A,N/A,N/A,N/A,0.00,0,0.00,0,0.25,0.00,0,70.97,12.50,24,14,0.50,1.04,10,37,22,0,0,0,0.15,0.31,3,67,131.42,1.05,2.18,21,0,0.00,0.00,99,0.00,0,0,0,0.00,0.00,0,0.00,0.00,0.10,0.05,1,0,0.00,48,35,51,48,77,1.74,83,0.09,0.18,0.25,45,0.01,0.03,92,26,1.30,2.70,0.93,0.45,25,9,0.03,43,15,78,71,0,62,60,0,0.00,99,12,0.00,1.25,11.42,5.50,110,69,95,78,7.16,3.45,62.73,7,0.73,42,0,28.57,0,0.00,99,16,0.80,1.66,96,28,90,70,0,0,0,0,0,50,48,65,59,0,99,11,33,75,4,19,61,22,0,0
Marcio Antonio de Sousa Junior,30,802594800,1995/06/08,Serie B,2023,Forward,Chapecoense,1347,588,759,Brazil,21,9,12,3,2,1,2,1,1,0,0,7,4,3,12,2,10,3,0,0.33,0.13,0.2,0.31,0.12,449,0.8,112,64,449,674,0.2,98,113,-1,5,0,6.84,0.1,80,26.65,18.80,30,376,14.30,286,40,20.27,31,0.00,0.00,1.15,23,0.00,1.85,1.42,1.00,20,0.00,0.65,0.00,0.00,0.00,0.00,0.85,0.00,9.00,1.28,0.60,1.60,0.00,0.30,0.09,0.00,0.35,0.00,0.00,0,0,,18,0.90,69,6,0.43,66,12,0.85,78,6,4,16,61,0.00,99,0,0,0.00,9,37,54,2.62,73,0,0.00,99,0,0.00,0,0,0.00,0,1.63,87,32,2.27,87,17,1.20,53.12,0,0.00,0,0,0,0.00,0,0,0.00,63,0.00,0,N/A,N/A,N/A,N/A,0.00,0,0.00,0,1.81,0.00,0,76.06,33.33,49,29,0.55,0.78,11,88,58,0,0,0,0.05,0.07,1,27,136.70,0.35,0.50,7,0,0.00,0.00,99,0.00,0,0,0,0.00,0.00,0,0.00,0.00,0.43,0.30,6,0,11.11,72,55,51,65,63,2.66,85,0.13,0.19,1.81,76,0.09,0.13,67,24,1.20,1.70,1.20,0.85,37,17,0.13,73,59,21,71,0,90,24,0,0.00,99,7,0.00,0.50,9.57,6.75,135,68,62,59,4.82,3.40,50.37,13,0.92,29,0,21.62,0,0.00,99,8,0.40,0.57,72,58,56,94,0,0,0,0,0,85,84,74,89,0,99,45,70,40,3,14,47,29,0,0
Marcio Barbosa Vieira Junior,30,806914800,1995/07/28,Serie B,2023,Midfielder,Sampaio Corrêa,1549,778,771,Brazil,19,10,9,1,1,0,2,1,1,0,1,7,4,3,19,8,11,6,0,0.17,0.12,0.06,0.12,0,1549,1.1,82,82,258,775,0.35,233,120,-1,8,0,7.18,0.11,79,42.76,38.74,72,736,31.53,599,69,34.80,72,0.00,0.00,2.58,49,0.00,4.68,0.70,0.63,12,0.00,1.16,0.00,0.00,0.00,0.47,0.58,0.00,35.00,2.03,1.26,1.16,0.00,0.58,0.10,0.00,0.21,0.00,0.00,0,0,,35,1.84,93,11,0.64,76,24,1.39,95,5,1,18,27,0.00,99,0,9,0.52,38,89,79,5.17,93,0,0.00,99,0,0.00,0,0,0.00,0,2.85,99,22,1.28,64,11,0.64,50.00,0,0.00,0,0,0,0.00,0,0,0.00,26,0.00,0,N/A,N/A,N/A,N/A,0.00,0,0.00,0,1.87,0.00,0,81.39,31.43,43,30,0.68,0.76,13,64,55,0,1,0,0.00,0.00,0,20,136.45,0.11,0.12,2,0,0.00,0.00,99,0.00,0,1,0,0.00,0.00,0,0.00,0.00,0.12,0.11,2,0,2.86,49,62,46,94,27,4.17,94,0.22,0.24,1.17,60,0.06,0.07,97,56,2.95,3.25,1.22,1.11,38,21,0.11,67,95,3,71,0,67,9,0,0.00,99,4,0.00,0.23,9.24,8.37,159,83,62,53,4.82,4.37,52.20,22,1.28,16,0,30.34,0,0.00,99,27,1.42,1.57,96,63,30,89,0,0,0,0,0,64,56,65,69,0,99,54,41,69,6,32,89,10,0,0
Marcio Gleyson Leite da Silva,24,994489200,2001/07/07,Serie B,2023,Defender,Botafogo SP,2696,1320,1376,Brazil,32,15,17,0,0,0,0,0,0,0,0,12,8,4,28,13,15,5,1,0,0,0,0,0,0,0.93,96,84,449,0,0.2,457,517,116,34,0,6.77,0,51,35.22,32.97,50,1055,25.56,818,48,27.31,50,0.00,0.00,0.09,3,0.00,0.00,0.83,0.78,25,0.00,0.03,0.00,0.00,0.00,0.62,0.16,0.00,0.00,0.43,0.34,0.25,0.00,0.06,0.01,0.00,1.31,0.00,0.00,0,0,,13,0.41,29,2,0.07,27,11,0.37,41,3,2,30,34,0.00,99,0,20,0.67,45,0,32,0.00,14,0,0.00,99,0,0.00,0,0,0.00,0,0.10,10,8,0.27,22,5,0.17,62.50,0,0.00,0,0,0,0.00,0,0,0.00,45,0.00,0,N/A,N/A,N/A,N/A,0.00,0,0.00,0,0.39,0.00,0,77.54,15.38,26,82,0.22,0.23,7,25,76,0,0,0,0.78,0.83,25,93,216.60,3.94,4.21,126,0,0.00,0.00,99,0.00,0,0,1,0.03,0.03,0,0.00,0.00,0.03,0.03,1,0,0.00,48,90,86,48,43,1.58,10,0.05,0.05,0.39,27,0.01,0.01,27,20,0.62,0.67,0.83,0.78,20,25,0.01,26,45,91,73,0,46,64,0,0.00,99,42,0.00,1.40,4.97,4.66,149,92,18,11,3.07,2.88,61.74,1,0.03,88,0,0.00,0,0.00,99,0,0.00,0.00,32,90,39,70,0,0,0,0,0,34,48,65,59,0,99,59,70,40,4,12,41,16,0,0
Márcio Gonzaga de Azevedo,40,515401200,1986/05/02,Serie B,2023,Defender,ABC,340,270,70,Brazil,4,3,1,0,0,0,1,0,1,0,0,0,0,0,6,6,0,0,0,0.26,0.26,0,0,0,0,1.59,57,85,0,340,0,488,25,218,49,0,4.89,0.25,97,31.50,29.75,41,119,25.75,103,94,27.26,49,0.00,0.00,0.75,3,0.00,2.00,1.32,1.25,5,0.00,0.50,0.00,0.00,0.00,1.25,0.25,0.00,0.00,0.00,0.00,0.50,0.00,0.00,0.00,0.00,0.25,0.00,0.00,0,0,,0,0.00,9,0,0.00,21,0,0.00,10,1,0,4,58,0.00,99,0,5,1.32,80,8,67,2.12,67,0,0.00,99,0,0.00,0,0,0.00,0,0.79,51,2,0.53,33,1,0.26,50.00,0,0.00,0,0,0,0.00,0,0,0.00,2,0.00,0,N/A,N/A,N/A,N/A,0.00,0,0.00,0,0.00,0.00,0,86.55,0.00,21,99,0.00,0.00,0,33,55,0,0,0,0.25,0.26,1,60,19.55,0.25,0.26,1,1,0.00,0.26,0,0.25,0,0,0,0.00,0.00,0,0.00,0.00,0.00,0.00,0,0,0.00,48,0,0,48,3,0.90,94,0.23,0.24,0.00,14,0.00,0.00,1,0,0.00,0.00,1.32,1.25,45,5,0.00,13,0,10,71,0,45,10,0,0.00,99,1,0.00,0.26,3.71,3.50,14,7,8,8,1.85,1.75,50.00,2,0.53,55,0,25.00,0,0.00,99,2,0.50,0.53,69,8,19,33,0,0,0,0,0,77,48,65,59,0,99,1,8,8,0,0,10,64,0,0
Marco Antônio da Silva Carvalho,25,969778800,2000/09/24,Serie B,2023,Defender,Vitória,634,397,237,Brazil,12,7,5,0,0,0,0,0,0,0,0,8,6,2,5,1,4,4,0,0,0,0,0,0,0,0.71,127,53,159,0,0.57,524,498,58,33,0,6.68,0,51,38.00,21.73,58,239,17.64,194,69,30.85,61,0.00,0.00,0.45,5,0.00,0.09,3.34,1.91,21,0.00,0.91,0.00,0.00,0.00,0.55,0.27,0.00,0.00,0.80,0.36,0.55,0.00,0.09,0.02,0.00,1.45,0.00,0.00,0,0,,5,0.45,54,1,0.16,38,4,0.64,66,2,5,6,99,0.00,99,0,6,0.95,60,1,32,0.16,25,0,0.00,99,0,0.00,0,0,0.00,0,0.80,51,6,0.95,49,3,0.48,50.00,0,0.00,0,0,0,0.00,0,0,0.00,74,0.00,0,N/A,N/A,N/A,N/A,0.00,0,0.00,0,0.17,0.00,0,81.17,20.00,31,2,1.00,1.75,11,54,55,0,0,0,0.27,0.48,3,79,73.43,1.09,1.91,12,0,0.00,0.00,99,0.00,0,0,0,0.00,0.00,0,0.00,0.00,0.00,0.00,0,0,0.00,48,19,20,48,74,0.69,50,0.06,0.11,0.17,45,0.02,0.03,35,5,0.45,0.80,2.23,1.27,86,14,0.03,43,25,71,71,0,45,92,0,0.00,99,16,0.00,2.54,14.95,8.55,94,45,95,96,7.16,4.09,47.87,10,1.59,6,0,0.00,0,0.00,99,0,0.00,0.00,32,17,64,53,0,0,0,0,0,34,48,65,59,0,99,99,14,93,3,25,79,5,0,0
Marco Antonio Rosa Furtado Junior,28,875689200,1997/10/01,Serie B,2023,Midfielder,Chapecoense,735,410,325,Brazil,26,13,13,2,1,1,1,0,1,0,0,6,4,2,9,3,6,3,0,0.37,0.12,0.24,0.22,0.28,368,1.1,82,28,245,735,0.37,75,118,-1,6,0,6.71,0.04,79,27.18,8.54,31,222,6.85,178,64,21.80,35,0.00,0.00,0.50,13,0.00,0.58,1.10,0.35,9,0.00,0.27,0.00,0.00,0.00,0.23,0.46,0.00,5.50,1.35,0.15,0.96,0.00,0.27,0.07,0.00,0.12,0.00,0.00,0,0,,11,0.42,72,7,0.86,89,4,0.49,54,5,20,6,47,0.00,99,0,6,0.73,48,15,32,1.84,65,0,0.00,99,0,0.00,0,0,0.00,0,1.59,86,25,3.06,94,12,1.47,48.00,0,0.00,0,0,0,0.00,0,0,0.00,26,0.00,0,N/A,N/A,N/A,N/A,0.00,0,0.00,0,1.72,0.00,0,80.18,63.64,94,52,0.15,0.49,4,94,45,0,0,0,0.00,0.00,0,20,174.39,0.15,0.49,4,0,0.00,0.00,99,0.00,0,0,0,0.00,0.00,0,0.00,0.00,0.61,0.19,5,0,18.18,88,24,67,61,27,1.49,83,0.06,0.18,1.72,90,0.07,0.21,98,30,1.15,3.67,1.10,0.35,33,9,0.21,87,32,21,71,0,95,17,0,0.00,99,3,0.00,0.37,11.63,3.65,95,54,90,81,6.61,2.08,56.84,7,0.86,33,0,0.00,0,0.00,99,0,0.00,0.00,32,17,98,89,0,0,0,0,0,87,88,88,82,0,99,17,37,72,3,12,41,18,0,0
Marcondes de Jesus Santos Junior,33,731145600,1993/03/03,Serie B,2023,Defender,Vila Nova,262,133,129,Brazil,7,4,3,0,0,0,0,0,0,0,0,3,3,0,2,1,1,0,0,0,0,0,0,0,0,0.69,131,37,0,0,0,-1,-1,-1,23,0,6.69,0,51,59.08,28.67,98,172,25.00,150,96,51.53,98,0.00,0.00,0.00,0,0.00,0.00,1.03,0.50,3,0.00,0.00,0.00,0.00,0.00,0.50,0.17,0.00,0.00,0.69,0.17,0.17,0.00,0.17,0.01,0.00,1.33,0.00,0.00,0,0,,2,0.33,48,1,0.34,59,1,0.34,36,1,4,3,44,0.00,99,0,3,1.03,64,0,32,0.00,14,0,0.00,99,0,0.00,0,0,0.00,0,0.00,6,1,0.34,25,1,0.34,100.00,0,0.00,0,0,0,0.00,0,0,0.00,78,0.00,0,N/A,N/A,N/A,N/A,0.00,0,0.00,0,0.09,0.00,0,87.21,50.00,83,99,0.00,0.00,0,41,99,0,0,0,0.17,0.34,1,68,40.14,2.83,5.84,17,0,0.00,0.00,99,0.00,0,0,0,0.00,0.00,0,0.00,0.00,0.00,0.00,0,0,0.00,48,0,4,48,79,0.30,45,0.05,0.10,0.09,45,0.01,0.03,54,4,0.67,1.37,1.03,0.50,29,3,0.03,43,26,99,71,0,45,95,0,0.00,99,8,0.00,2.75,7.21,3.50,21,16,78,30,5.50,2.67,76.19,0,0.00,99,0,0.00,0,0.00,99,0,0.00,0.00,32,3,56,33,0,0,0,0,0,34,48,65,59,0,99,77,8,8,0,0,10,4,0,0
Marcos Antonio Augusto Junior,26,949132800,2000/01/29,Serie B,2023,Midfielder,Botafogo SP,2,0,2,Brazil,1,0,1,0,0,0,0,0,0,0,0,0,0,0,0,0,0,0,0,0,0,0,0,0,0,0,0,2,0,0,0,-1,-1,-1,19,0,6.45,0,51,90.00,2.00,99,2,2.00,2,99,90.00,99,0.00,0.00,0.00,0,0.00,0.00,0.00,0.00,0,0.00,0.00,0.00,0.00,0.00,0.00,0.00,0.00,0.00,0.00,0.00,0.00,0.00,0.00,0.00,0.00,0.00,0.00,0.00,0,0,,0,0.00,9,0,0.00,21,0,0.00,10,0,1,0,4,0.00,99,0,0,0.00,9,0,32,0.00,14,0,0.00,99,0,0.00,0,0,0.00,0,0.00,6,0,0.00,8,0,0.00,0.00,0,0.00,0,0,0,0.00,0,0,0.00,99,0.00,0,N/A,N/A,N/A,N/A,0.00,0,0.00,0,0.00,0.00,0,100.00,0.00,21,99,0.00,0.00,0,12,12,0,0,0,0.00,0.00,0,20,6.45,0.00,0.00,0,0,0.00,0.00,99,0.00,0,0,0,0.00,0.00,0,0.00,0.00,0.00,0.00,0,0,0.00,48,0,0,48,0,0.00,0,0.00,0.00,0.00,14,0.00,0.00,1,0,0.00,0.00,45.00,1.00,99,1,0.00,13,9,2,71,0,45,2,0,0.00,99,0,0.00,0.00,45.00,1.00,1,0,0,99,0.00,0.00,0.00,0,0.00,99,0,0.00,0,0.00,99,0,0.00,0.00,32,0,30,9,0,0,0,0,0,34,48,65,59,0,99,1,8,8,0,0,10,15,0,0
Marcos Gabriel do Nascimento,35,648543600,1990/07/21,Serie B,2023,Midfielder,Criciúma,1177,562,615,Brazil,23,13,10,1,1,0,3,2,1,1,0,9,8,1,15,4,11,2,0,0.31,0.23,0.08,0.16,0,1177,1.15,78,51,589,392,0.15,218,36,-1,12,0,6.55,0.13,96,36.76,20.18,53,444,16.55,364,73,30.14,59,0.00,0.00,0.91,20,0.00,1.00,0.66,0.36,8,0.00,1.00,0.00,0.00,0.00,0.05,0.91,0.00,11.00,0.91,0.36,1.23,0.00,0.14,0.04,0.00,0.32,0.00,0.00,0,0,,11,0.50,59,3,0.25,52,8,0.66,68,2,11,11,25,0.00,99,0,1,0.08,10,22,58,1.82,65,0,0.00,99,0,0.00,0,0,0.00,0,1.66,87,27,2.24,86,20,1.66,74.07,0,0.00,0,0,0,0.00,0,0,0.00,21,0.00,0,N/A,N/A,N/A,N/A,0.00,0,0.00,0,0.97,0.00,0,81.98,27.27,38,80,0.14,0.25,3,95,87,1,0,0,0.05,0.08,1,29,144.04,0.14,0.25,3,0,0.00,0.00,99,0.00,0,1,0,0.00,0.00,0,0.00,0.00,0.25,0.14,3,0,9.09,65,47,58,90,21,3.22,96,0.15,0.27,0.27,38,0.01,0.02,80,26,1.18,2.15,0.41,0.23,10,5,0.08,61,13,10,71,0,81,27,0,0.00,99,7,0.00,0.58,9.19,5.05,111,61,68,52,5.05,2.77,54.95,22,1.82,4,0,22.73,0,0.00,99,5,0.23,0.41,65,42,88,53,0,0,0,0,0,83,61,65,73,0,99,62,81,27,2,9,29,10,0,0
Marcos Garbellotto Pedroso,32,749718000,1993/10/04,Serie B,2023,Defender,Vila Nova,186,90,96,Brazil,4,1,3,0,0,0,0,0,0,0,0,0,0,0,3,1,2,1,0,0,0,0,0,0,0,1.45,62,47,186,0,0.48,-1,-1,-1,16,0,7.95,0,51,30.48,15.75,39,63,11.25,45,17,21.77,35,0.00,0.00,0.75,3,0.00,2.25,0.00,0.00,0,0.00,0.50,0.00,0.00,0.00,0.00,0.25,0.00,0.00,0.48,0.25,0.25,0.00,0.00,0.01,0.00,0.75,0.00,0.00,0,0,,1,0.25,35,0,0.00,21,1,0.48,53,1,2,2,4,0.00,99,0,0,0.00,9,9,35,4.35,90,0,0.00,99,0,0.00,0,0,0.00,0,1.45,82,1,0.48,31,1,0.48,100.00,0,0.00,0,0,0,0.00,0,0,0.00,6,0.00,0,N/A,N/A,N/A,N/A,0.00,0,0.00,0,0.03,0.00,0,71.43,0.00,21,54,0.25,0.48,1,54,99,0,0,0,0.25,0.48,1,79,31.82,0.75,1.45,3,0,0.00,0.00,99,0.00,0,0,0,0.00,0.00,0,0.00,0.00,0.00,0.00,0,0,0.00,48,0,0,48,7,0.19,36,0.05,0.09,0.03,27,0.01,0.01,17,1,0.25,0.48,1.94,1.00,77,4,0.01,26,99,62,71,0,45,65,0,0.00,99,3,0.00,1.45,6.77,3.50,14,5,10,24,2.42,1.25,35.71,2,0.97,27,0,11.11,0,0.00,99,1,0.25,0.48,68,1,39,33,0,0,0,0,0,34,48,65,59,0,99,1,22,86,1,25,79,5,0,0
Marcos Pedro Braga Maciel,24,1007193600,2001/12/01,Serie B,2023,Defender,Londrina,1222,644,578,Brazil,17,9,8,0,0,0,0,0,0,0,0,4,3,1,20,7,13,3,0,0,0,0,0,0,0,1.47,61,72,407,0,0.22,361,326,212,17,0,0.00,0,51,0.00,0.00,0,0,0.00,0,0,0.00,0,0.00,0.00,0.00,0,0.00,0.00,0.00,0.00,0,0.00,0.00,0.00,0.00,0.00,0.00,0.00,0.00,0.00,0.00,0.00,0.00,0.00,0.00,0.00,0.00,0.00,0.00,0.00,0,0,,0,0.00,9,0,0.00,21,0,0.00,10,0,4,13,4,0.00,99,0,0,0.00,9,0,32,0.00,14,0,0.00,99,0,0.00,0,0,0.00,0,0.00,6,0,0.00,8,0,0.00,0.00,0,0.00,0,0,0,0.00,0,0,0.00,5,0.00,0,N/A,N/A,N/A,N/A,0.00,0,0.00,0,0.00,0.00,0,0.00,0.00,21,99,0.00,0.00,0,12,12,0,0,0,0.00,0.00,0,20,0.00,0.00,0.00,0,0,0.00,0.00,99,0.00,0,0,0,0.00,0.00,0,0.00,0.00,0.00,0.00,0,0,0.00,48,48,38,48,5,0.00,0,0.00,0.00,0.00,14,0.00,0.00,1,0,0.00,0.00,0.00,0.00,4,0,0.00,13,0,2,71,0,45,2,0,0.00,99,0,0.00,0.00,0.00,0.00,0,0,0,0,0.00,0.00,0.00,0,0.00,99,0,0.00,0,0.00,99,0,0.00,0.00,32,49,56,9,0,0,0,0,0,34,48,65,59,0,99,19,64,46,2,0,10,6,0,0
Marcos Robson Cipriano,27,918547200,1999/02/09,Serie B,2023,Defender,Avaí,307,107,200,Brazil,6,2,4,0,0,0,0,0,0,0,0,2,1,1,7,2,5,1,0,0,0,0,0,0,0,2.05,44,51,307,0,0.29,416,421,226,26,0,6.69,0,51,12.61,7.17,1,43,4.83,29,9,8.50,1,0.00,0.00,1.17,7,0.00,2.67,0.59,0.33,2,0.00,0.17,0.00,0.00,0.00,0.17,0.00,0.00,0.00,1.76,0.67,0.50,0.00,0.33,0.04,0.00,0.33,0.00,0.00,0,0,,6,1.00,85,2,0.59,74,4,1.17,93,2,1,5,20,0.00,99,0,1,0.29,25,16,80,4.69,91,0,0.00,99,0,0.00,0,0,0.00,0,2.05,94,3,0.88,46,0,0.00,0.00,0,0.00,0,0,0,0.00,0,0,0.00,0,0.00,0,N/A,N/A,N/A,N/A,0.00,0,0.00,0,0.24,0.00,0,67.44,33.33,49,45,0.33,0.59,2,12,12,0,0,0,0.00,0.00,0,20,40.15,0.67,1.17,4,0,0.00,0.00,99,0.00,0,0,0,0.00,0.00,0,0.00,0.00,0.29,0.17,1,0,0.00,48,0,3,48,1,0.30,36,0.05,0.09,0.24,60,0.04,0.07,38,3,0.50,0.88,1.17,0.67,37,4,0.07,58,26,51,71,0,83,27,0,0.00,99,2,0.00,0.59,5.57,3.17,19,7,9,14,2.05,1.17,36.84,1,0.29,71,0,31.25,0,0.00,99,5,0.83,1.47,94,11,30,53,0,0,0,0,0,34,48,65,59,0,99,45,50,58,1,17,56,77,0,0
Marcos Vinicius Serrato,32,760694400,1994/02/08,Serie B,2023,Midfielder,Atlético GO,15,4,11,Brazil,6,4,2,0,0,0,0,0,0,0,0,2,1,1,0,0,0,0,0,0,0,0,0,0,0,0,0,3,0,0,0,-1,-1,-1,21,0,5.41,0,51,132.00,3.67,99,22,2.67,16,21,96.00,99,0.00,0.00,0.00,0,0.00,0.17,6.00,0.17,1,0.00,0.17,0.00,0.00,0.00,0.17,0.00,0.00,0.00,0.00,0.00,0.00,0.00,0.00,0.00,0.00,0.17,0.00,0.00,0,0,,0,0.00,9,0,0.00,21,0,0.00,10,0,6,0,99,0.00,99,0,1,6.00,99,1,32,6.00,96,0,0.00,99,0,0.00,0,0,0.00,0,0.00,6,0,0.00,8,0,0.00,0.00,0,0.00,0,0,0,0.00,0,0,0.00,99,0.00,0,N/A,N/A,N/A,N/A,0.00,0,0.00,0,0.00,0.00,0,72.73,0.00,21,99,0.00,0.00,0,12,12,0,0,0,0.00,0.00,0,20,32.47,0.00,0.00,0,0,0.00,0.00,99,0.00,0,0,0,0.00,0.00,0,0.00,0.00,0.00,0.00,0,0,0.00,48,0,3,48,0,0.04,94,0.01,0.24,0.00,14,0.00,0.00,1,0,0.00,0.00,12.00,0.33,99,2,0.00,13,0,2,71,0,45,99,0,0.00,99,1,0.00,6.00,42.00,1.17,7,2,99,99,12.00,0.33,28.57,1,6.00,0,0,0.00,0,0.00,99,0,0.00,0.00,32,0,70,9,0,0,0,0,0,34,48,65,59,0,99,45,8,8,0,0,10,17,0,0
Marcos Ytalo Benicio da Silva,30,830588400,1996/04/27,Serie B,2023,Defender,Sampaio Corrêa,155,111,44,Brazil,4,3,1,0,0,0,0,0,0,0,0,1,0,1,4,4,0,2,0,0,0,0,0,0,0,2.32,39,39,78,0,1.16,-1,-1,-1,39,0,6.71,0,51,40.65,17.50,65,70,14.50,58,79,33.68,69,0.00,0.00,0.75,3,0.00,0.25,3.48,1.50,6,0.00,0.00,0.00,0.00,0.00,0.75,0.00,0.00,0.00,0.00,0.00,0.00,0.00,0.00,0.00,0.00,1.25,0.00,0.00,0,0,,0,0.00,9,0,0.00,21,0,0.00,10,1,3,1,99,0.00,99,0,3,1.74,94,1,32,0.58,44,0,0.00,99,0,0.00,0,0,0.00,0,1.74,89,0,0.00,8,0,0.00,0.00,0,0.00,0,0,0,0.00,0,0,0.00,0,0.00,0,N/A,N/A,N/A,N/A,0.00,0,0.00,0,0.00,0.00,0,82.86,0.00,21,45,0.25,0.58,1,12,12,0,0,0,0.25,0.58,1,84,26.85,1.75,4.06,7,1,0.00,0.58,0,0.25,0,0,0,0.00,0.00,0,0.00,0.00,0.00,0.00,0,0,0.00,48,0,0,48,0,0.22,61,0.06,0.13,0.00,14,0.00,0.00,99,8,2.00,4.65,2.90,1.25,96,5,0.00,13,32,90,71,0,45,96,0,0.00,99,5,0.00,2.90,14.52,6.25,25,19,99,94,11.03,4.75,76.00,0,0.00,99,0,0.00,0,0.00,99,0,0.00,0.00,32,0,50,33,0,0,0,0,0,34,48,65,59,0,99,22,8,99,2,50,99,16,0,0
Mario Sergio Valerio,32,767343600,1994/04/26,Serie B,2023,Defender,Ituano,2493,1318,1175,Brazil,31,16,15,2,2,0,2,2,0,0,0,8,5,3,27,11,16,5,0,0.14,0.07,0.07,0.14,0,1247,0.97,92,80,499,1247,0.18,228,179,128,5,0,6.94,0.06,67,41.16,36.63,67,1099,27.10,813,27,30.45,59,0.00,0.00,0.63,19,0.00,2.10,1.80,1.60,48,0.00,0.33,0.00,0.00,0.00,1.27,0.20,0.00,11.50,0.86,0.43,0.37,0.00,0.33,0.07,0.00,1.50,0.00,0.00,0,0,,23,0.77,57,10,0.37,62,13,0.49,54,4,3,27,80,0.00,99,0,38,1.42,84,63,41,2.36,71,0,0.00,99,0,0.00,0,0,0.00,0,0.71,46,11,0.41,27,6,0.22,54.55,0,0.00,0,0,0,0.00,0,0,0.00,40,0.00,0,N/A,N/A,N/A,N/A,0.00,0,0.00,0,2.07,0.00,0,73.98,43.48,67,63,0.37,0.41,11,30,61,0,0,0,0.27,0.30,8,65,208.10,2.10,2.36,63,1,0.00,0.04,12,0.03,0,0,1,0.03,0.04,0,0.00,0.00,0.07,0.07,2,0,8.70,64,88,83,90,39,3.43,61,0.11,0.13,2.07,63,0.07,0.08,37,23,0.77,0.86,1.31,1.17,45,35,0.08,61,78,79,79,0,55,75,0,0.00,99,45,0.00,1.69,7.34,6.53,196,122,53,31,4.57,4.07,62.24,10,0.37,67,0,15.87,0,0.00,99,10,0.33,0.37,62,84,50,83,0,0,0,0,0,58,59,65,71,0,99,23,73,35,5,16,53,16,0,0
Marllon Mike Azevedo da Silva,21,1107849600,2005/02/08,Serie B,2023,Forward,ABC,0,0,0,Brazil,0,0,0,0,0,0,0,0,0,0,0,0,0,0,0,0,0,0,0,0,0,0,0,0,0,0,0,0,0,0,0,-1,-1,-1,-1,N/A,N/A,N/A,N/A,N/A,N/A,N/A,N/A,N/A,N/A,N/A,N/A,N/A,N/A,N/A,N/A,N/A,N/A,N/A,N/A,N/A,N/A,N/A,N/A,N/A,N/A,N/A,N/A,N/A,N/A,N/A,N/A,N/A,N/A,N/A,N/A,N/A,N/A,N/A,N/A,N/A,N/A,N/A,N/A,N/A,N/A,N/A,N/A,N/A,N/A,N/A,N/A,N/A,N/A,N/A,N/A,N/A,N/A,N/A,N/A,N/A,N/A,N/A,N/A,N/A,N/A,N/A,N/A,N/A,N/A,N/A,N/A,N/A,N/A,N/A,N/A,N/A,N/A,N/A,N/A,N/A,N/A,N/A,N/A,N/A,N/A,N/A,N/A,N/A,N/A,N/A,N/A,N/A,N/A,N/A,N/A,N/A,N/A,N/A,N/A,N/A,N/A,N/A,N/A,N/A,N/A,N/A,N/A,N/A,N/A,N/A,N/A,N/A,N/A,N/A,N/A,N/A,N/A,N/A,N/A,N/A,N/A,N/A,N/A,N/A,N/A,N/A,N/A,N/A,N/A,N/A,N/A,N/A,N/A,N/A,N/A,N/A,N/A,N/A,N/A,N/A,N/A,N/A,N/A,N/A,N/A,N/A,N/A,N/A,N/A,N/A,N/A,N/A,N/A,N/A,N/A,N/A,N/A,N/A,N/A,N/A,N/A,N/A,N/A,N/A,N/A,N/A,N/A,N/A,N/A,N/A,N/A,N/A,N/A,N/A,N/A,N/A,N/A,N/A,N/A,N/A,N/A,N/A,N/A,N/A,N/A,N/A,N/A,N/A,N/A,N/A,N/A,N/A,N/A,N/A,N/A,N/A,N/A,N/A,N/A,N/A,N/A,N/A,N/A,N/A,N/A,N/A,N/A,N/A,N/A,N/A,N/A,N/A,N/A,N/A,N/A,N/A,N/A,N/A,N/A,N/A,N/A,N/A,N/A
Marlon Adriano Prezotti,36,636019200,1990/02/26,Serie B,2023,Midfielder,Novorizontino,2602,1344,1258,Brazil,36,19,17,3,3,0,5,0,5,1,1,16,10,6,21,6,15,7,0,0.28,0.17,0.1,0.2,0,867,0.73,124,72,372,520,0.24,189,73,-1,8,0,6.95,0.14,89,35.49,28.43,51,995,21.49,752,36,26.83,49,0.00,0.00,1.34,47,0.00,2.86,1.82,1.46,51,0.00,0.51,0.00,0.00,0.00,0.74,0.40,0.00,10.67,1.14,0.49,0.69,0.00,0.43,0.09,0.00,0.37,0.00,0.00,0,0,,32,0.91,65,15,0.54,71,17,0.61,64,1,0,35,80,0.00,99,0,26,0.93,58,100,71,3.57,84,0,0.00,99,0,0.00,0,0,0.00,0,1.68,88,24,0.86,45,14,0.50,58.33,0,0.00,0,0,0,0.00,0,0,0.00,71,0.00,0,N/A,N/A,N/A,N/A,0.00,0,0.00,0,3.06,0.00,0,75.58,46.88,73,9,0.94,1.18,33,55,67,1,1,0,0.14,0.18,5,49,243.31,0.17,0.21,6,0,0.00,0.00,99,0.00,0,2,1,0.03,0.04,0,0.00,0.00,0.04,0.03,1,0,9.38,66,90,98,84,71,6.12,91,0.17,0.22,1.66,56,0.05,0.06,42,29,0.83,1.03,1.82,1.46,71,51,0.11,67,79,7,79,0,50,21,0,0.00,99,13,0.00,0.46,8.45,6.77,237,107,35,42,3.82,3.06,45.15,18,0.64,47,0,27.00,0,0.00,99,27,0.77,0.96,86,99,19,33,0,0,0,0,0,79,65,65,80,0,99,81,59,50,7,19,61,8,0,0
Marthã Fernando Gonçalves Pimenta,28,866790000,1997/06/20,Serie B,2023,Midfielder,Ituano,1073,551,522,Brazil,17,9,8,1,1,0,0,0,0,0,0,7,4,3,9,3,6,4,0,0.08,0,0.08,0.16,0,1073,0.75,119,63,268,0,0.34,216,443,-1,11,0,6.79,0,51,38.33,26.88,59,457,21.06,358,52,30.03,58,0.00,0.00,0.35,6,0.00,0.24,2.35,1.65,28,0.00,0.59,0.00,0.00,0.00,1.00,0.18,0.00,9.00,0.75,0.41,0.29,0.00,0.12,0.05,0.00,0.82,0.00,0.00,0,0,,9,0.53,52,2,0.17,39,7,0.59,63,6,4,13,93,0.00,99,0,17,1.43,84,4,32,0.34,34,0,0.00,99,0,0.00,0,0,0.00,0,0.50,32,5,0.42,28,3,0.25,60.00,0,0.00,0,0,0,0.00,0,0,0.00,68,0.00,0,N/A,N/A,N/A,N/A,0.00,0,0.00,0,0.90,0.00,0,78.34,22.22,33,15,0.71,1.01,12,33,73,0,0,0,0.47,0.67,8,87,115.44,0.94,1.34,16,0,0.00,0.00,99,0.00,0,0,0,0.00,0.00,0,0.00,0.00,0.00,0.00,0,0,11.11,72,44,38,88,67,1.00,27,0.06,0.08,0.90,63,0.05,0.08,57,17,1.00,1.43,2.68,1.88,94,32,0.08,61,49,57,71,0,45,57,0,0.00,99,14,0.00,1.17,11.58,8.12,138,62,72,80,5.20,3.65,44.93,10,0.84,35,0,0.00,0,0.00,99,0,0.00,0.00,32,49,56,94,0,0,0,0,0,44,61,65,73,0,99,70,42,67,4,24,75,15,0,0
Mateus Antonio Pinheiro Buiate,25,983520000,2001/03/02,Serie B,2023,Defender,Tombense,309,180,129,Brazil,4,2,2,0,0,0,0,0,0,0,0,0,0,0,7,3,4,1,0,0,0,0,0,0,0,2.04,44,77,309,0,0.29,342,319,225,16,0,6.80,0,51,53.01,43.00,93,129,36.67,110,90,45.21,94,0.00,0.00,1.33,4,0.00,0.00,0.41,0.33,1,0.00,0.00,0.00,0.00,0.00,0.67,0.00,0.00,0.00,0.41,0.00,0.00,0.00,0.33,0.02,0.00,1.00,0.00,0.00,0,0,,1,0.33,27,1,0.41,65,0,0.00,10,2,0,3,12,0.00,99,0,2,0.82,53,0,32,0.00,14,0,0.00,99,0,0.00,0,0,0.00,0,1.64,87,0,0.00,8,0,0.00,0.00,0,0.00,0,0,0,0.00,0,0,0.00,0,0.00,0,N/A,N/A,N/A,N/A,0.00,0,0.00,0,0.05,0.00,0,85.27,100.00,99,63,0.33,0.41,1,12,12,0,0,0,0.33,0.41,1,74,20.39,3.33,4.11,10,0,0.00,0.00,99,0.00,0,0,0,0.00,0.00,0,0.00,0.00,0.00,0.00,0,1,0.00,48,0,0,48,1,0.41,80,0.14,0.17,0.05,38,0.02,0.02,49,3,1.00,1.23,0.82,0.67,19,2,0.02,37,52,90,71,0,45,59,0,0.00,99,3,0.00,1.23,4.52,3.67,11,7,15,9,2.88,2.33,63.64,0,0.00,99,0,0.00,0,0.00,99,0,0.00,0.00,32,3,19,53,0,0,0,0,0,34,48,65,59,0,99,1,8,8,0,0,10,3,0,0
Mateus Cardoso Francisco,28,882259200,1997/12/16,Serie B,2023,Defender,Sampaio Corrêa,2014,1033,981,Brazil,28,14,14,1,1,0,0,0,0,0,0,11,4,7,22,13,9,9,1,0.04,0,0.04,0.09,0,2014,0.98,92,72,201,0,0.45,255,397,132,12,0,6.73,0,51,42.86,34.25,73,959,27.54,771,65,34.45,71,0.00,0.00,0.57,16,0.00,1.46,2.32,1.86,52,0.00,0.64,0.00,0.00,0.00,0.89,0.93,0.00,15.00,0.67,0.43,1.57,0.00,0.11,0.04,0.00,1.68,0.00,0.00,0,0,,15,0.54,47,3,0.13,33,12,0.54,58,1,3,25,93,0.00,99,0,25,1.12,70,41,44,1.83,65,0,0.00,99,0,0.00,0,0,0.00,0,0.71,46,44,1.97,82,26,1.16,59.09,0,0.00,0,0,0,0.00,0,0,0.00,38,0.00,0,N/A,N/A,N/A,N/A,0.00,0,0.00,0,1.10,0.00,0,80.40,20.00,31,37,0.54,0.67,15,88,69,0,0,0,0.18,0.22,5,56,188.48,1.68,2.10,47,2,0.00,0.09,4,0.07,0,0,1,0.04,0.04,0,0.00,0.00,0.04,0.04,1,0,6.67,57,74,73,96,39,2.03,36,0.07,0.09,1.10,53,0.04,0.05,57,32,1.14,1.43,2.59,2.07,93,58,0.05,51,37,76,79,0,50,86,0,0.00,99,47,0.00,2.10,13.18,10.54,295,157,94,90,7.02,5.61,53.22,18,0.80,38,0,17.07,0,0.00,99,7,0.25,0.31,57,80,50,33,0,0,0,0,0,37,52,65,66,0,99,62,25,83,8,29,84,2,0,0
Mateus Ferreira da Silva,30,804754800,1995/07/03,Serie B,2023,Defender,Ponte Preta,2054,990,1064,Brazil,24,11,13,0,0,0,0,0,0,0,0,11,7,4,14,4,10,11,1,0,0,0,0,0,0,0.61,147,86,171,0,0.53,303,259,23,24,0,7.04,0,51,49.07,46.67,86,1120,37.29,895,62,39.22,84,0.00,0.00,0.25,6,0.00,0.08,1.10,1.04,25,0.00,0.17,0.00,0.00,0.00,1.17,0.17,0.00,0.00,0.57,0.46,0.25,0.00,0.08,0.02,0.00,2.00,0.00,0.00,0,0,,13,0.54,41,2,0.09,29,11,0.48,53,1,0,24,47,0.00,99,0,28,1.23,76,2,32,0.09,19,0,0.00,99,0,0.00,0,0,0.00,0,0.26,22,6,0.26,21,4,0.18,66.67,0,0.00,0,0,0,0.00,0,0,0.00,88,0.00,0,N/A,N/A,N/A,N/A,0.00,0,0.00,0,0.38,0.00,0,79.91,15.38,26,83,0.21,0.22,5,27,83,0,0,0,1.38,1.45,33,99,169.04,5.29,5.56,127,1,0.00,0.04,12,0.04,0,0,0,0.00,0.00,0,0.00,0.00,0.09,0.08,2,0,0.00,48,76,61,48,88,2.28,45,0.09,0.10,0.38,38,0.02,0.02,38,20,0.83,0.88,1.71,1.62,66,39,0.02,37,90,99,71,0,59,86,0,0.00,99,48,0.00,2.10,6.75,6.42,154,97,44,24,4.25,4.04,62.99,4,0.18,77,0,0.00,0,0.00,99,0,0.00,0.00,32,78,19,33,0,0,0,0,0,34,48,65,59,0,99,85,18,91,10,42,98,4,0,0
Matheus Albino Carneiro,31,791884800,1995/02/04,Serie B,2023,Goalkeeper,Botafogo SP,2714,1364,1350,Brazil,31,16,15,0,0,0,0,0,0,0,0,13,8,5,28,11,17,1,0,0,0,0,0,0,0,0.93,97,88,2714,0,0.03,398,453,119,25,0,7.06,0,51,23.94,23.27,23,698,13.00,390,1,13.38,11,0.00,0.00,0.07,2,0.00,0.03,0.10,0.10,3,0.00,0.00,0.00,0.00,3.17,0.00,0.00,4.17,0.00,0.00,0.00,0.00,0.00,0.00,0.00,0.00,0.37,0.00,0.00,0,0,,0,0.00,9,0,0.00,21,0,0.00,10,0,1,29,7,0.00,99,0,0,0.00,9,1,32,0.03,14,0,0.00,99,0,0.00,0,0,0.00,0,0.07,9,0,0.00,8,0,0.00,0.00,0,0.00,0,95,68,3.26,88,125,0.00,45,4.29,74,N/A,N/A,N/A,N/A,76.00,0,0.00,0,0.00,0.00,0,55.87,0.00,21,92,0.07,0.07,2,12,12,0,0,52,0.00,0.00,0,20,211.75,1.17,1.20,35,0,0.00,0.00,99,0.00,0,0,0,0.00,0.00,27,0.90,0.93,0.00,0.00,0,0,0.00,48,91,83,48,45,0.78,6,0.03,0.03,0.00,14,0.00,0.00,5,4,0.13,0.14,0.03,0.03,6,1,0.00,13,91,52,71,91,45,17,0,0.00,99,11,0.00,0.38,0.79,0.77,23,18,6,7,0.62,0.60,78.26,0,0.00,99,0,0.00,0,0.00,99,0,0.00,0.00,32,87,30,9,0,0,0,0,0,34,48,65,59,0,99,74,99,8,1,3,11,1,0,0
Matheus Aleksander dos Anjos,27,914227200,1998/12/21,Serie B,2023,Midfielder,ABC,1700,794,906,Brazil,26,13,13,2,2,0,1,1,0,1,0,5,2,3,21,9,12,2,0,0.16,0.05,0.11,0.23,0,850,1.11,81,65,850,1700,0.11,186,213,-1,4,0,6.95,0.04,60,37.66,29.04,57,726,22.60,565,50,29.31,56,0.00,0.00,1.24,31,0.00,3.72,1.40,1.08,27,0.00,0.96,0.00,0.00,0.00,0.52,0.96,0.00,23.00,1.19,0.36,1.88,0.00,0.56,0.07,0.00,0.64,0.00,0.00,0,0,,23,0.92,66,14,0.73,80,9,0.47,51,8,6,19,61,0.00,99,0,13,0.67,45,93,71,4.82,92,0,0.00,99,0,0.00,0,0,0.00,0,1.61,86,47,2.44,89,24,1.24,51.06,0,0.00,0,0,0,0.00,0,0,0.00,25,0.00,0,N/A,N/A,N/A,N/A,0.00,0,0.00,0,1.63,0.00,0,77.82,60.87,92,31,0.56,0.73,14,89,56,0,0,0,0.04,0.05,1,24,173.66,0.16,0.21,4,0,0.00,0.00,99,0.00,0,0,0,0.00,0.00,0,0.00,0.00,0.10,0.08,2,0,4.35,51,66,67,83,25,3.19,80,0.13,0.17,1.63,63,0.07,0.08,95,56,2.24,2.90,1.61,1.24,61,31,0.08,61,79,7,71,0,62,40,0,0.00,99,16,0.00,0.83,12.86,9.92,248,123,89,88,6.38,4.92,49.60,24,1.24,17,0,26.88,0,0.00,99,25,1.00,1.30,92,66,70,99,0,0,0,0,0,62,68,65,84,0,99,11,91,18,2,8,26,7,0,0
Matheus Alfredo Cadorini da Silva,23,1030863600,2002/09/01,Serie B,2023,Forward,Ituano,988,528,460,Brazil,18,10,8,4,1,3,1,1,0,1,0,6,5,1,11,6,5,1,0,0.46,0.09,0.36,0.17,0.59,247,1,90,55,988,988,0.09,30,153,-1,2,0,6.38,0.06,74,14.40,8.53,4,145,5.47,93,6,9.24,2,0.00,0.00,0.35,6,0.00,0.06,0.10,0.06,1,0.00,0.29,0.00,0.00,0.00,0.00,0.12,0.00,5.50,2.19,0.59,0.53,0.00,0.71,0.20,0.00,0.76,0.00,0.00,0,0,,22,1.29,96,12,1.19,98,10,0.99,85,3,5,12,7,0.00,99,0,0,0.00,9,1,32,0.10,19,0,0.00,99,0,0.00,0,0,0.00,0,0.60,39,9,0.89,46,2,0.20,22.22,0,0.00,0,0,0,0.00,0,0,0.00,36,0.00,0,N/A,N/A,N/A,N/A,0.00,0,0.00,0,3.35,0.00,0,64.14,54.55,86,86,0.12,0.20,2,29,14,1,0,0,0.06,0.10,1,31,108.49,0.18,0.30,3,0,0.00,0.00,99,0.00,0,1,0,0.00,0.00,0,0.00,0.00,0.10,0.06,1,0,18.18,88,39,41,54,36,1.00,45,0.06,0.10,2.65,96,0.16,0.26,55,14,0.82,1.39,1.19,0.71,37,12,0.33,97,7,12,71,0,62,61,0,0.00,99,13,0.00,1.29,8.34,4.94,84,30,17,40,2.98,1.76,35.71,5,0.50,58,0,0.00,0,0.00,99,0,0.00,0.00,32,47,64,70,0,1,0,6,0,92,95,99,75,0,99,45,94,14,1,6,19,19,0,0
Matheus Aluísio dos Santos,22,1055401200,2003/06/12,Serie B,2023,Midfielder,Ituano,137,119,18,Brazil,8,4,4,0,0,0,0,0,0,0,0,2,1,1,0,0,0,2,0,0,0,0,0,0,0,0,0,17,69,0,1.31,-1,-1,-1,18,0,0.00,0,51,0.00,0.00,0,0,0.00,0,0,0.00,0,0.00,0.00,0.00,0,0.00,0.00,0.00,0.00,0,0.00,0.00,0.00,0.00,0.00,0.00,0.00,0.00,0.00,0.00,0.00,0.00,0.00,0.00,0.00,0.00,0.00,0.00,0.00,0,0,,0,0.00,9,0,0.00,21,0,0.00,10,3,7,1,4,0.00,99,0,0,0.00,9,0,32,0.00,14,0,0.00,99,0,0.00,0,0,0.00,0,0.00,6,0,0.00,8,0,0.00,0.00,0,0.00,0,0,0,0.00,0,0,0.00,99,0.00,0,N/A,N/A,N/A,N/A,0.00,0,0.00,0,0.00,0.00,0,0.00,0.00,21,99,0.00,0.00,0,12,12,0,0,0,0.00,0.00,0,20,0.00,0.00,0.00,0,0,0.00,0.00,99,0.00,0,0,0,0.00,0.00,0,0.00,0.00,0.00,0.00,0,0,0.00,48,0,6,48,0,0.00,0,0.00,0.00,0.00,14,0.00,0.00,1,0,0.00,0.00,0.00,0.00,4,0,0.00,13,0,2,71,0,45,2,0,0.00,99,0,0.00,0.00,0.00,0.00,0,0,0,0,0.00,0.00,0.00,0,0.00,99,0,0.00,0,0.00,99,0,0.00,0.00,32,0,74,70,0,0,0,0,0,34,48,65,59,0,99,22,8,99,2,0,10,13,0,0
Matheus Antunes Ribeiro,33,730454400,1993/02/23,Serie B,2023,Defender,CRB,2186,1047,1139,Brazil,30,14,16,0,0,0,2,2,0,0,0,9,6,3,26,11,15,3,0,0.08,0.08,0,0,0,0,1.07,84,73,729,1093,0.12,465,170,153,35,0,6.53,0.07,69,37.10,29.79,55,864,23.66,686,59,29.46,56,0.00,0.00,0.62,18,0.00,2.14,1.85,1.48,43,0.00,0.34,0.00,0.00,0.00,1.00,0.55,0.00,0.00,0.13,0.10,0.72,0.00,0.00,0.00,0.00,0.38,0.00,0.00,0,0,,3,0.10,12,0,0.00,21,3,0.13,15,1,6,23,83,0.00,99,0,29,1.25,77,62,69,2.66,74,0,0.00,99,0,0.00,0,0,0.00,0,0.77,49,21,0.90,47,16,0.69,76.19,0,0.00,0,0,0,0.00,0,0,0.00,29,0.00,0,N/A,N/A,N/A,N/A,0.00,0,0.00,0,0.08,0.00,0,79.40,0.00,21,21,0.72,0.90,21,67,90,0,0,0,0.17,0.21,5,55,189.23,1.31,1.63,38,1,0.00,0.04,12,0.03,0,0,0,0.00,0.00,0,0.00,0.00,0.00,0.00,0,0,0.00,48,79,79,48,29,3.51,71,0.12,0.15,0.08,14,0.00,0.00,12,8,0.28,0.34,1.29,1.03,43,30,0.00,13,13,66,71,0,45,22,0,0.00,99,11,0.00,0.47,6.70,5.38,156,78,24,23,3.35,2.69,50.00,10,0.43,64,0,25.81,0,0.00,99,16,0.55,0.69,77,75,70,33,0,0,0,0,0,44,48,65,59,0,99,33,88,20,3,10,33,2,0,0
Matheus Barbosa Teixeira,31,777193200,1994/08/18,Serie B,2023,Midfielder,Guarani,2270,1057,1213,Brazil,30,15,15,3,2,1,2,1,1,0,0,10,5,5,17,8,9,10,0,0.2,0.08,0.12,0.17,0.07,757,0.67,134,76,227,1135,0.4,165,173,-1,6,0,7.03,0.07,69,41.80,35.47,70,1064,27.63,829,51,32.57,65,0.00,0.00,0.83,25,0.00,0.30,1.96,1.67,50,0.00,0.13,0.00,0.00,0.00,1.80,0.27,0.00,5.00,0.59,0.33,0.90,0.00,0.17,0.08,0.00,0.93,0.00,0.00,0,0,,15,0.50,43,5,0.20,44,10,0.39,42,4,1,29,85,0.00,99,0,54,2.12,98,9,35,0.35,35,0,0.00,99,0,0.00,0,0,0.00,0,0.98,62,27,1.06,55,8,0.31,29.63,0,0.00,0,0,0,0.00,0,0,0.00,82,0.00,0,N/A,N/A,N/A,N/A,0.00,0,0.00,0,2.30,0.00,0,77.91,33.33,49,7,1.03,1.22,31,37,19,0,0,0,0.67,0.79,20,91,210.92,1.83,2.16,55,0,0.00,0.00,99,0.00,0,0,0,0.00,0.00,0,0.00,0.00,0.04,0.03,1,0,20.00,90,82,79,80,82,3.70,71,0.12,0.15,2.30,65,0.08,0.09,42,26,0.87,1.02,1.45,1.23,52,37,0.09,63,88,78,71,0,50,53,0,0.00,99,28,0.00,1.10,8.56,7.27,218,111,48,43,4.36,3.70,50.92,4,0.16,79,0,11.11,0,0.00,99,1,0.03,0.04,36,87,30,83,0,0,0,0,0,69,70,68,75,0,99,45,32,78,10,33,92,5,0,0
Matheus Bueno,27,901782000,1998/07/30,Serie B,2023,Midfielder,Guarani,2237,1337,900,Brazil,29,16,13,1,1,0,0,0,0,0,0,11,6,5,17,11,6,10,2,0.04,0,0.04,0.07,0,2237,0.68,132,77,224,0,0.4,263,425,-1,10,0,6.90,0,51,55.80,47.83,96,1387,40.52,1175,88,47.27,97,0.00,0.00,0.52,15,0.00,0.10,1.69,1.45,42,0.00,0.52,0.00,0.00,0.00,1.17,0.69,0.00,13.00,0.52,0.41,0.97,0.00,0.03,0.03,0.00,0.62,0.00,0.00,0,0,,13,0.45,37,1,0.04,23,12,0.48,53,4,2,27,75,0.00,99,0,34,1.37,82,3,32,0.12,22,0,0.00,99,0,0.00,0,0,0.00,0,0.60,39,28,1.13,57,20,0.80,71.43,0,0.00,0,0,0,0.00,0,0,0.00,81,0.00,0,N/A,N/A,N/A,N/A,0.00,0,0.00,0,0.97,0.00,0,84.72,7.69,22,22,0.76,0.89,22,73,86,0,0,0,0.31,0.36,9,70,200.10,0.66,0.76,19,0,0.00,0.00,99,0.00,0,0,0,0.00,0.00,0,0.00,0.00,0.00,0.00,0,0,7.69,60,82,75,97,80,3.50,68,0.12,0.14,0.97,49,0.03,0.04,90,64,2.21,2.57,1.77,1.52,69,44,0.04,47,69,35,71,0,45,34,0,0.00,99,18,0.00,0.72,10.18,8.72,253,144,82,65,5.79,4.97,56.92,15,0.60,50,0,0.00,0,0.00,99,0,0.00,0.00,32,84,39,83,0,0,0,0,0,37,52,65,62,0,99,59,31,78,8,28,82,18,0,0
Matheus de Oliveira Refundini,26,934009200,1999/08/07,Serie B,2023,Goalkeeper,ABC,26,26,0,Brazil,1,1,0,0,0,0,0,0,0,0,0,1,1,0,0,0,0,1,0,0,0,0,0,0,0,0,0,26,26,0,3.46,-1,-1,-1,18,0,6.42,0,51,24.23,7.00,24,7,3.00,3,0,10.38,4,0.00,0.00,0.00,0,0.00,0.00,0.00,0.00,0,0.00,0.00,0.00,0.00,0.00,0.00,0.00,0.00,0.00,0.00,0.00,0.00,0.00,0.00,0.00,0.00,0.00,0.00,0.00,0,0,,0,0.00,9,0,0.00,21,0,0.00,10,0,1,0,4,0.00,99,0,0,0.00,9,0,32,0.00,14,0,0.00,99,0,0.00,0,0,0.00,0,0.00,6,0,0.00,8,0,0.00,0.00,0,0.00,0,0,0,0.00,0,0,0.00,99,0.00,0,N/A,N/A,N/A,N/A,0.00,0,0.00,0,0.00,0.00,0,42.86,0.00,21,99,0.00,0.00,0,12,12,0,0,0,0.00,0.00,0,20,6.42,0.00,0.00,0,0,0.00,0.00,99,0.00,0,0,0,0.00,0.00,0,0.00,0.00,0.00,0.00,0,0,0.00,48,0,0,48,0,0.01,6,0.01,0.03,0.00,14,0.00,0.00,1,0,0.00,0.00,0.00,0.00,4,0,0.00,13,9,2,71,0,45,2,0,0.00,99,0,0.00,0.00,0.00,0.00,0,0,0,0,0.00,0.00,0.00,0,0.00,99,0,0.00,0,0.00,99,0,0.00,0.00,32,0,30,9,0,0,0,0,0,34,48,65,59,0,99,99,8,99,0,0,10,40,0,0
Matheus de Sales Cabral,31,800348400,1995/05/13,Serie B,2023,Midfielder,Atlético GO,1885,902,983,Brazil,28,12,16,0,0,0,0,0,0,0,0,9,3,6,17,9,8,7,0,0,0,0,0,0,0,0.81,111,67,269,0,0.33,406,396,-1,32,0,6.51,0,51,39.36,29.07,61,785,24.56,663,87,33.24,67,0.00,0.00,0.33,9,0.00,0.33,1.96,1.44,39,0.00,0.44,0.00,0.00,0.00,0.81,0.15,0.00,0.00,0.25,0.19,0.37,0.00,0.00,0.01,0.00,1.15,0.00,0.00,0,0,,5,0.19,16,0,0.00,21,5,0.25,25,7,2,25,85,0.00,99,0,22,1.10,68,9,57,0.45,41,0,0.00,99,0,0.00,0,0,0.00,0,0.45,31,10,0.50,32,4,0.20,40.00,0,0.00,0,0,0,0.00,0,0,0.00,61,0.00,0,N/A,N/A,N/A,N/A,0.00,0,0.00,0,0.14,0.00,0,84.46,0.00,21,48,0.41,0.55,11,29,31,0,0,0,0.11,0.15,3,42,175.71,1.07,1.45,29,0,0.00,0.00,99,0.00,0,0,0,0.00,0.00,0,0.00,0.00,0.00,0.00,0,1,0.00,48,70,73,48,61,1.99,45,0.07,0.10,0.14,27,0.01,0.01,40,20,0.74,1.00,1.91,1.41,76,38,0.01,26,11,62,71,0,45,71,0,0.00,99,31,0.00,1.55,9.13,6.74,182,94,58,51,4.71,3.48,51.65,12,0.60,50,0,22.22,0,0.00,99,2,0.07,0.10,43,80,39,98,0,0,0,0,0,34,48,65,59,0,99,38,42,66,7,25,79,5,0,0
Matheus de Vargas,29,835081200,1996/06/18,Serie B,2023,Midfielder,Juventude,903,451,452,Brazil,22,12,10,2,0,2,0,0,0,0,0,13,7,6,7,3,4,3,0,0.2,0,0.2,0,0.4,452,0.7,129,41,301,0,0.3,93,274,-1,6,0,6.41,0,51,26.88,11.05,31,221,7.50,150,9,18.24,26,0.00,0.00,0.70,14,0.00,1.70,1.22,0.50,10,0.00,0.60,0.00,0.00,0.00,0.20,0.30,0.00,5.50,1.34,0.30,0.50,0.00,0.25,0.08,0.00,0.40,0.00,0.00,0,0,,11,0.55,71,5,0.61,75,6,0.73,73,2,12,8,53,0.00,99,0,4,0.49,37,34,60,4.14,90,0,0.00,99,0,0.00,0,0,0.00,0,1.70,88,10,1.22,62,6,0.73,60.00,0,0.00,0,0,0,0.00,0,0,0.00,76,0.00,0,N/A,N/A,N/A,N/A,0.00,0,0.00,0,1.67,0.00,0,67.87,45.45,70,4,0.55,1.34,11,70,73,0,0,0,0.05,0.12,1,36,128.19,0.40,0.97,8,0,0.00,0.00,99,0.00,0,0,0,0.00,0.00,0,0.00,0.00,0.00,0.00,0,0,18.18,88,35,54,65,76,0.81,45,0.04,0.10,1.67,89,0.08,0.20,92,22,1.10,2.68,1.95,0.80,78,16,0.20,85,9,41,71,0,45,47,0,0.00,99,8,0.00,0.97,12.04,4.95,99,46,79,84,5.59,2.30,46.46,12,1.46,11,0,23.53,0,0.00,99,8,0.40,0.97,86,28,90,53,0,0,0,0,0,69,84,95,59,0,99,97,50,59,3,14,47,8,0,0
Matheus Gabriel Guedes Caetano,26,944208000,1999/12/03,Serie B,2023,Defender,Atlético GO,114,24,90,Brazil,2,1,1,0,0,0,0,0,0,0,0,0,0,0,1,0,1,0,0,0,0,0,0,0,0,0.79,114,57,0,0,0,-1,-1,-1,27,0,6.53,0,51,29.21,18.50,37,37,16.50,33,99,26.05,47,0.00,0.00,0.00,0,0.00,0.00,0.79,0.50,1,0.00,0.00,0.00,0.00,0.00,0.00,0.00,0.00,0.00,0.00,0.00,0.00,0.00,0.00,0.00,0.00,0.00,0.00,0.00,0,0,,0,0.00,9,0,0.00,21,0,0.00,10,0,1,1,33,0.00,99,0,0,0.00,9,0,32,0.00,14,0,0.00,99,0,0.00,0,0,0.00,0,0.00,6,0,0.00,8,0,0.00,0.00,0,0.00,0,0,0,0.00,0,0,0.00,64,0.00,0,N/A,N/A,N/A,N/A,0.00,0,0.00,0,0.00,0.00,0,89.19,0.00,21,29,0.50,0.79,1,12,12,0,0,0,0.50,0.79,1,91,13.06,2.50,3.95,5,0,0.00,0.00,99,0.00,0,0,0,0.00,0.00,0,0.00,0.00,0.00,0.00,0,0,0.00,48,0,0,48,64,0.07,14,0.04,0.06,0.00,14,0.00,0.00,1,0,0.00,0.00,0.79,0.50,18,1,0.00,13,13,89,71,0,45,2,0,0.00,99,0,0.00,0.00,3.16,2.00,4,1,7,8,0.79,0.50,25.00,0,0.00,99,0,0.00,0,0.00,99,0,0.00,0.00,32,0,30,9,0,0,0,0,0,34,48,65,59,0,99,1,8,8,0,0,10,15,0,0
Matheus Gonçalves Martins,31,780735600,1994/09/28,Serie B,2023,Forward,Vitória,1189,569,620,Brazil,19,9,10,0,0,0,3,3,0,0,0,9,7,2,13,1,12,4,0,0.23,0.23,0,0,0,0,0.98,91,63,297,396,0.3,370,37,-1,18,0,6.76,0.16,96,22.36,15.17,19,273,11.44,206,35,16.87,22,0.00,0.00,0.89,16,0.00,2.78,0.98,0.67,12,0.00,1.11,0.00,0.00,0.00,0.22,0.72,0.00,0.00,1.15,0.56,2.28,0.00,0.22,0.03,0.00,0.17,0.00,0.00,0,0,,14,0.78,65,4,0.33,59,10,0.82,76,7,5,13,41,0.00,99,0,4,0.33,28,50,62,4.09,89,0,0.00,99,0,0.00,0,0,0.00,0,1.31,77,41,3.36,96,13,1.06,31.71,0,0.00,0,0,0,0.00,0,0,0.00,38,0.00,0,N/A,N/A,N/A,N/A,0.00,0,0.00,0,0.60,0.00,0,75.46,28.57,40,17,0.67,0.98,12,84,19,0,0,0,0.00,0.00,0,20,121.69,0.17,0.25,3,0,0.00,0.00,99,0.00,0,0,0,0.00,0.00,0,0.00,0.00,0.25,0.17,3,0,0.00,48,47,46,48,37,2.77,92,0.15,0.23,0.60,53,0.03,0.05,32,9,0.50,0.74,1.06,0.72,30,13,0.05,51,44,10,71,0,81,10,0,0.00,99,3,0.00,0.25,10.65,7.22,130,37,17,72,3.03,2.06,28.46,20,1.64,6,0,24.00,0,0.00,99,12,0.67,0.98,86,49,64,98,0,0,0,0,0,74,48,65,59,0,99,87,49,59,3,16,53,7,0,0
Matheus Henrique de Souza de Carvalho,25,978336000,2001/01/01,Serie B,2023,Forward,Vila Nova,326,151,175,Brazil,9,3,6,1,0,1,0,0,0,0,0,4,2,2,1,0,1,1,0,0.28,0,0.28,0,0.51,326,0.28,326,36,326,0,0.28,55,440,-1,14,0,6.66,0,51,22.09,8.89,19,80,6.89,62,48,17.12,22,0.00,0.00,0.78,7,0.00,0.78,0.55,0.22,2,0.00,0.89,0.00,0.00,0.00,0.11,0.44,0.00,7.00,1.93,0.44,0.89,0.00,0.33,0.10,0.00,0.33,0.00,0.00,0,0,,7,0.78,90,3,0.83,86,4,1.10,89,2,5,4,18,0.00,99,0,1,0.28,25,7,94,1.93,66,0,0.00,99,0,0.00,0,0,0.00,0,1.93,93,8,2.21,86,4,1.10,50.00,0,0.00,0,0,0,0.00,0,0,0.00,99,0.00,0,N/A,N/A,N/A,N/A,0.00,0,0.00,0,0.86,0.00,0,77.50,42.86,67,48,0.22,0.55,2,86,55,0,0,0,0.00,0.00,0,20,59.90,0.00,0.00,0,0,0.00,0.00,99,0.00,0,0,0,0.00,0.00,0,0.00,0.00,0.00,0.00,0,0,14.29,79,0,8,59,99,0.46,61,0.05,0.13,0.86,94,0.10,0.24,81,8,0.89,2.21,1.10,0.44,33,4,0.24,91,22,2,71,0,45,40,0,0.00,99,3,0.00,0.83,11.32,4.56,41,17,57,76,4.69,1.89,41.46,8,2.21,2,0,42.86,0,0.00,99,3,0.33,0.83,81,8,64,53,0,0,0,0,0,79,90,97,59,0,99,81,53,57,1,11,37,23,0,0
Matheus Henrique Frizzo,27,901263600,1998/07/24,Serie B,2023,Midfielder,Tombense,2807,1431,1376,Brazil,34,17,17,5,3,2,5,3,2,0,0,5,3,2,36,15,21,7,0,0.32,0.16,0.16,0.19,0.13,561,1.15,78,83,401,561,0.22,128,77,-1,3,0,7.16,0.15,87,34.87,32.03,49,1057,25.48,841,60,27.75,51,0.00,0.00,1.67,55,0.00,3.42,0.96,0.88,29,0.00,0.76,0.00,0.00,0.00,0.27,1.06,0.00,10.80,1.78,0.82,2.24,0.00,0.82,0.16,0.00,0.45,0.00,0.00,0,0,,54,1.64,85,27,0.89,91,27,0.89,81,5,1,32,40,0.00,99,0,9,0.30,26,113,73,3.73,87,0,0.00,99,0,0.00,0,0,0.00,0,1.81,91,74,2.44,89,35,1.15,47.30,0,0.00,0,0,0,0.00,0,0,0.00,21,0.00,0,N/A,N/A,N/A,N/A,0.00,0,0.00,0,5.18,0.00,0,79.56,50.00,83,29,0.73,0.79,24,87,44,0,0,0,0.15,0.16,5,44,236.16,0.27,0.30,9,0,0.00,0.00,99,0.00,0,0,3,0.09,0.10,0,0.00,0.00,0.13,0.12,4,1,9.26,65,93,92,72,21,6.57,91,0.20,0.22,5.18,84,0.16,0.17,89,77,2.33,2.54,1.09,1.00,33,33,0.17,82,94,12,92,0,68,24,0,0.00,99,15,0.00,0.49,10.36,9.52,314,156,70,68,5.15,4.73,49.68,25,0.82,36,0,27.43,0,0.00,99,31,0.94,1.02,88,92,30,89,0,0,0,0,0,84,77,76,78,0,99,6,62,46,7,21,67,10,0,0
Matheus Henrique Miranda do Nascimento,23,1043136000,2003/01/21,Serie B,2023,Defender,Sport Recife,0,0,0,Brazil,0,0,0,0,0,0,0,0,0,0,0,0,0,0,0,0,0,0,0,0,0,0,0,0,0,0,0,0,0,0,0,-1,-1,-1,-1,N/A,N/A,N/A,N/A,N/A,N/A,N/A,N/A,N/A,N/A,N/A,N/A,N/A,N/A,N/A,N/A,N/A,N/A,N/A,N/A,N/A,N/A,N/A,N/A,N/A,N/A,N/A,N/A,N/A,N/A,N/A,N/A,N/A,N/A,N/A,N/A,N/A,N/A,N/A,N/A,N/A,N/A,N/A,N/A,N/A,N/A,N/A,N/A,N/A,N/A,N/A,N/A,N/A,N/A,N/A,N/A,N/A,N/A,N/A,N/A,N/A,N/A,N/A,N/A,N/A,N/A,N/A,N/A,N/A,N/A,N/A,N/A,N/A,N/A,N/A,N/A,N/A,N/A,N/A,N/A,N/A,N/A,N/A,N/A,N/A,N/A,N/A,N/A,N/A,N/A,N/A,N/A,N/A,N/A,N/A,N/A,N/A,N/A,N/A,N/A,N/A,N/A,N/A,N/A,N/A,N/A,N/A,N/A,N/A,N/A,N/A,N/A,N/A,N/A,N/A,N/A,N/A,N/A,N/A,N/A,N/A,N/A,N/A,N/A,N/A,N/A,N/A,N/A,N/A,N/A,N/A,N/A,N/A,N/A,N/A,N/A,N/A,N/A,N/A,N/A,N/A,N/A,N/A,N/A,N/A,N/A,N/A,N/A,N/A,N/A,N/A,N/A,N/A,N/A,N/A,N/A,N/A,N/A,N/A,N/A,N/A,N/A,N/A,N/A,N/A,N/A,N/A,N/A,N/A,N/A,N/A,N/A,N/A,N/A,N/A,N/A,N/A,N/A,N/A,N/A,N/A,N/A,N/A,N/A,N/A,N/A,N/A,N/A,N/A,N/A,N/A,N/A,N/A,N/A,N/A,N/A,N/A,N/A,N/A,N/A,N/A,N/A,N/A,N/A,N/A,N/A,N/A,N/A,N/A,N/A,N/A,N/A,N/A,N/A,N/A,N/A,N/A,N/A,N/A,N/A,N/A,N/A,N/A,N/A
Matheus Lucas Jacintho Ferreira,27,902559600,1998/08/08,Serie B,2023,Forward,Londrina,417,181,236,Brazil,9,4,5,2,2,0,0,0,0,0,0,2,1,1,9,4,5,0,0,0.43,0,0.43,0.99,0,209,1.94,46,46,0,0,0,21,482,-1,5,0,6.61,0,51,13.81,7.11,2,64,5.22,47,25,10.14,3,0.00,0.00,0.00,0,0.00,0.11,0.86,0.44,4,0.00,1.22,0.00,0.00,0.00,0.11,0.33,0.00,6.00,2.59,0.89,1.00,0.00,0.44,0.18,0.00,1.33,0.00,0.00,0,0,,12,1.33,98,4,0.86,89,8,1.73,99,5,5,4,36,0.00,99,0,1,0.22,22,1,32,0.22,29,0,0.00,99,0,0.00,0,0,0.00,0,0.00,6,9,1.94,81,3,0.65,33.33,0,0.00,0,0,0,0.00,0,0,0.00,1,0.00,0,N/A,N/A,N/A,N/A,0.00,0,0.00,0,1.60,0.00,0,73.44,33.33,49,39,0.33,0.65,3,65,22,0,0,0,0.00,0.00,0,20,59.45,0.11,0.22,1,0,0.00,0.00,99,0.00,0,0,0,0.00,0.00,0,0.00,0.00,1.08,0.56,5,0,16.67,85,4,8,52,1,0.09,0,0.01,0.02,1.60,99,0.18,0.35,90,12,1.33,2.59,2.81,1.44,96,13,0.35,98,18,8,71,0,99,93,0,0.00,99,12,0.00,2.59,17.48,9.00,81,31,92,99,6.69,3.44,38.27,11,2.37,1,0,0.00,0,0.00,99,0,0.00,0.00,32,8,64,89,0,1,0,11,0,91,97,65,99,0,99,15,8,8,0,0,10,18,0,0
Matheus Mancini,31,779526000,1994/09/14,Serie B,2023,Defender,Criciúma,226,185,41,Brazil,5,3,2,0,0,0,0,0,0,0,0,3,2,1,4,2,2,1,0,0,0,0,0,0,0,1.59,57,45,226,0,0.4,-1,-1,-1,21,0,6.64,0,51,60.93,30.60,99,153,24.80,124,68,49.38,98,0.00,0.00,0.00,0,0.00,0.00,0.80,0.40,2,0.00,0.00,0.00,0.00,0.00,0.40,0.00,0.00,0.00,0.00,0.00,0.00,0.00,0.00,0.00,0.00,0.80,0.00,0.00,0,0,,0,0.00,9,0,0.00,21,0,0.00,10,1,3,2,33,0.00,99,0,2,0.80,52,0,32,0.00,14,0,0.00,99,0,0.00,0,0,0.00,0,0.00,6,0,0.00,8,0,0.00,0.00,0,0.00,0,0,0,0.00,0,0,0.00,2,0.00,0,N/A,N/A,N/A,N/A,0.00,0,0.00,0,0.00,0.00,0,81.05,0.00,21,99,0.00,0.00,0,12,12,0,0,0,0.40,0.80,2,92,33.21,1.20,2.39,6,0,0.00,0.00,99,0.00,0,0,0,0.00,0.00,0,0.00,0.00,0.00,0.00,0,0,0.00,48,0,1,48,3,0.31,55,0.06,0.12,0.00,14,0.00,0.00,14,1,0.20,0.40,1.19,0.60,37,3,0.00,13,21,79,71,0,45,72,0,0.00,99,4,0.00,1.59,4.78,2.40,12,7,14,10,2.79,1.40,58.33,0,0.00,99,0,0.00,0,0.00,99,0,0.00,0.00,32,1,50,33,0,0,0,0,0,34,48,65,59,0,99,97,31,78,1,20,65,14,0,0
Matheus Martins Fogaça de Paula,28,877158000,1997/10/18,Serie B,2023,Midfielder,Vitória,1777,1036,741,Brazil,27,14,13,2,2,0,2,0,2,0,0,16,11,5,14,4,10,1,0,0.2,0.1,0.1,0.17,0,889,0.71,127,66,1777,889,0.05,193,131,-1,8,0,7.03,0.07,76,36.51,27.44,53,686,22.96,574,83,30.55,60,0.00,0.00,1.16,29,0.00,1.96,1.01,0.76,19,0.00,0.48,0.00,0.00,0.00,0.56,1.08,0.00,12.00,1.28,0.44,1.72,0.00,0.52,0.09,0.00,0.36,0.00,0.00,0,0,,24,0.96,69,13,0.69,78,11,0.59,63,4,7,19,43,0.00,99,0,14,0.75,49,49,42,2.61,73,0,0.00,99,0,0.00,0,0,0.00,0,1.54,84,43,2.29,87,27,1.44,62.79,0,0.00,0,0,0,0.00,0,0,0.00,74,0.00,0,N/A,N/A,N/A,N/A,0.00,0,0.00,0,2.19,0.00,0,83.67,54.17,85,85,0.16,0.21,4,93,77,0,0,0,0.08,0.11,2,34,175.79,0.48,0.64,12,0,0.00,0.00,99,0.00,0,0,0,0.00,0.00,0,0.00,0.00,0.11,0.08,2,1,8.33,63,68,70,84,74,3.11,80,0.12,0.17,2.19,73,0.09,0.12,89,48,1.92,2.55,1.33,1.00,46,25,0.12,70,88,27,71,0,65,23,0,0.00,99,9,0.00,0.48,9.15,6.88,172,103,78,51,5.48,4.12,59.88,12,0.64,47,0,16.33,0,0.00,99,8,0.32,0.43,66,66,74,83,0,0,0,0,0,69,65,65,75,0,99,97,99,10,1,4,12,15,0,0
Matheus Miguel Guimarães Alves,26,936860400,1999/09/09,Serie B,2023,Defender,CRB,190,146,44,Brazil,3,2,1,0,0,0,0,0,0,0,0,1,1,0,0,0,0,0,0,0,0,0,0,0,0,0,0,63,0,0,0,-1,-1,-1,18,0,6.56,0,51,41.68,29.33,69,88,24.67,74,86,35.05,73,0.00,0.00,0.00,0,0.00,0.00,0.00,0.00,0,0.00,0.00,0.00,0.00,0.00,1.00,0.00,0.00,0.00,0.47,0.33,0.00,0.00,0.00,0.01,0.00,1.33,0.00,0.00,0,0,,1,0.33,33,0,0.00,21,1,0.47,51,3,1,2,4,0.00,99,0,3,1.42,84,0,32,0.00,14,0,0.00,99,0,0.00,0,0,0.00,0,0.00,6,0,0.00,8,0,0.00,0.00,0,0.00,0,0,0,0.00,0,0,0.00,99,0.00,0,N/A,N/A,N/A,N/A,0.00,0,0.00,0,0.03,0.00,0,84.09,0.00,21,99,0.00,0.00,0,12,12,0,0,0,0.67,0.95,2,94,19.67,3.67,5.21,11,0,0.00,0.00,99,0.00,0,0,0,0.00,0.00,0,0.00,0.00,0.00,0.00,0,0,0.00,48,0,0,48,0,0.15,19,0.05,0.07,0.03,27,0.01,0.01,1,0,0.00,0.00,0.95,0.67,26,2,0.01,26,14,97,71,0,45,81,0,0.00,99,4,0.00,1.89,4.26,3.00,9,4,8,8,1.89,1.33,44.44,0,0.00,99,0,0.00,0,0.00,99,0,0.00,0.00,32,1,30,70,0,0,0,0,0,34,48,65,59,0,99,45,8,8,0,0,10,44,0,0
Matheus Monteiro Martins,28,891417600,1998/04/01,Serie B,2023,Forward,Sampaio Corrêa,339,173,166,Brazil,12,6,6,1,1,0,1,1,0,0,0,4,1,3,4,2,2,1,0,0.53,0.27,0.27,0.52,0,339,1.06,85,28,339,339,0.27,61,21,-1,6,0,0.00,0,97,0.00,0.00,0,0,0.00,0,0,0.00,0,0.00,0.00,0.00,0,0.00,0.00,0.00,0.00,0,0.00,0.00,0.00,0.00,0.00,0.00,0.00,0.00,0.00,0.00,0.00,0.00,0.00,0.00,0.00,0.00,0.00,0.00,0.00,0,0,,0,0.00,9,0,0.00,21,0,0.00,10,1,11,1,4,0.00,99,0,0,0.00,9,0,32,0.00,14,0,0.00,99,0,0.00,0,0,0.00,0,0.00,6,0,0.00,8,0,0.00,0.00,0,0.00,0,0,0,0.00,0,0,0.00,29,0.00,0,N/A,N/A,N/A,N/A,0.00,0,0.00,0,0.00,0.00,0,0.00,0.00,21,99,0.00,0.00,0,12,12,0,0,0,0.00,0.00,0,20,0.00,0.00,0.00,0,0,0.00,0.00,99,0.00,0,0,0,0.00,0.00,0,0.00,0.00,0.00,0.00,0,0,0.00,48,0,20,59,30,0.00,0,0.00,0.00,0.00,14,0.00,0.00,1,0,0.00,0.00,0.00,0.00,4,0,0.00,13,0,2,71,0,45,2,0,0.00,99,0,0.00,0.00,0.00,0.00,0,0,0,0,0.00,0.00,0.00,0,0.00,99,0,0.00,0,0.00,99,0,0.00,0.00,32,0,88,33,0,0,0,0,0,97,90,65,96,0,99,45,55,55,1,0,10,20,0,0
Matheus Santos Soares,27,901695600,1998/07/29,Serie B,2023,Forward,Mirassol,50,25,25,Brazil,3,2,1,0,0,0,0,0,0,0,0,1,1,0,0,0,0,0,0,0,0,0,0,0,0,0,0,17,0,0,0,-1,-1,-1,17,0,6.30,0,51,54.00,10.00,94,30,8.00,24,62,43.20,91,0.00,0.00,0.00,0,0.00,0.33,7.20,1.33,4,0.00,0.67,0.00,0.00,0.00,0.00,0.00,0.00,0.00,0.00,0.00,1.00,0.00,0.00,0.00,0.00,0.00,0.00,0.00,0,0,,0,0.00,9,0,0.00,21,0,0.00,10,0,3,0,99,0.00,99,0,0,0.00,9,1,32,1.80,65,0,0.00,99,0,0.00,0,0,0.00,0,0.00,6,3,5.40,99,0,0.00,0.00,0,0.00,0,0,0,0.00,0,0,0.00,99,0.00,0,N/A,N/A,N/A,N/A,0.00,0,0.00,0,0.00,0.00,0,80.00,0.00,21,1,0.33,1.80,1,12,12,0,0,0,0.00,0.00,0,20,18.90,0.00,0.00,0,0,0.00,0.00,99,0.00,0,0,0,0.00,0.00,0,0.00,0.00,0.00,0.00,0,0,0.00,48,0,0,48,0,0.06,50,0.02,0.11,0.00,14,0.00,0.00,98,2,0.67,3.60,1.80,0.33,71,1,0.00,13,6,2,71,0,45,2,0,0.00,99,0,0.00,0.00,23.40,4.33,13,6,99,99,10.80,2.00,46.15,2,3.60,0,0,0.00,0,0.00,99,0,0.00,0.00,32,0,50,9,0,0,0,0,0,34,48,65,59,0,99,45,8,8,0,0,10,18,0,0
Matheus Sousa de Jesus,29,860655600,1997/04/10,Serie B,2023,Midfielder,Ponte Preta,1283,615,668,Brazil,16,8,8,1,1,0,0,0,0,0,0,7,4,3,8,2,6,5,2,0.07,0,0.07,0.15,0,1283,0.56,160,80,183,0,0.49,224,467,-1,12,0,6.74,0,51,36.76,32.75,53,524,26.94,431,76,30.23,59,0.00,0.00,1.06,17,0.00,0.62,1.26,1.12,18,0.00,1.06,0.00,0.00,0.00,0.69,1.06,0.00,20.00,1.40,0.62,1.56,0.00,0.62,0.09,0.00,0.81,0.00,0.00,0,0,,20,1.25,74,10,0.70,79,10,0.70,70,2,0,16,55,0.00,99,0,11,0.77,51,10,97,0.70,47,0,0.00,99,0,0.00,0,0,0.00,0,1.19,72,25,1.75,76,17,1.19,68.00,0,0.00,0,0,0,0.00,0,0,0.00,92,0.00,0,N/A,N/A,N/A,N/A,0.00,0,0.00,0,1.37,0.00,0,82.25,50.00,83,33,0.62,0.70,10,88,84,0,0,0,0.12,0.14,2,40,107.84,0.81,0.91,13,0,0.00,0.00,99,0.00,0,0,0,0.00,0.00,0,0.00,0.00,0.07,0.06,1,0,5.00,52,51,34,91,92,1.54,50,0.10,0.11,1.37,68,0.09,0.10,40,14,0.88,0.98,1.75,1.56,68,25,0.10,65,40,38,71,0,55,44,0,0.00,99,13,0.00,0.91,9.89,8.81,141,62,47,62,4.35,3.88,43.97,17,1.19,19,0,50.00,0,0.00,99,5,0.31,0.35,61,58,19,53,0,0,0,0,0,42,59,65,72,0,99,81,22,87,3,19,61,20,0,0
Matheus Trindade Gonçalves,30,826012800,1996/03/05,Serie B,2023,Midfielder,Vitória,619,387,232,Brazil,12,6,6,1,0,1,0,0,0,0,0,9,5,4,2,1,1,4,0,0.15,0,0.15,0,0.39,619,0.29,310,52,155,0,0.58,138,364,-1,14,0,5.70,0,51,31.84,18.25,41,219,13.33,160,24,23.26,40,0.00,0.00,0.17,2,0.00,0.08,1.45,0.83,10,0.00,0.08,0.00,0.00,0.00,0.67,0.08,0.00,5.00,0.73,0.25,0.25,0.00,0.17,0.06,0.00,1.50,0.00,0.00,0,0,,5,0.42,50,2,0.29,55,3,0.44,48,3,4,8,63,0.00,99,0,8,1.16,71,1,32,0.15,24,0,0.00,99,0,0.00,0,0,0.00,0,0.29,23,3,0.44,29,1,0.15,33.33,0,0.00,0,0,0,0.00,0,0,0.00,99,0.00,0,N/A,N/A,N/A,N/A,0.00,0,0.00,0,0.76,0.00,0,73.06,40.00,60,60,0.25,0.44,3,23,22,0,0,0,0.33,0.58,4,84,68.37,0.83,1.45,10,0,0.00,0.00,99,0.00,0,0,0,0.00,0.00,0,0.00,0.00,0.00,0.00,0,0,20.00,90,17,20,74,99,0.35,10,0.03,0.05,0.76,69,0.06,0.11,23,4,0.33,0.58,1.60,0.92,60,11,0.11,67,0,62,71,0,45,94,0,0.00,99,18,0.00,2.62,8.43,4.83,58,33,61,41,4.80,2.75,56.90,1,0.15,79,0,0.00,0,0.00,99,0,0.00,0.00,32,28,56,70,0,0,0,0,0,60,76,95,59,0,99,99,14,94,4,33,92,16,0,0
Matheus Vieira Campos Peixoto,30,816508800,1995/11/16,Serie B,2023,Forward,Atlético GO,436,194,242,Brazil,16,8,8,4,1,3,3,2,1,1,0,10,4,6,6,2,4,1,0,1.44,0.62,0.83,0.46,1.12,109,1.24,73,27,436,145,0.21,1,1,-1,4,0,6.80,0.19,99,20.64,6.67,15,100,4.33,65,6,13.42,12,0.00,0.00,0.47,7,0.00,0.13,0.62,0.20,3,0.00,0.13,0.00,0.00,0.00,0.07,0.00,0.00,2.67,1.65,0.13,0.00,0.00,0.40,0.14,0.00,0.87,0.00,0.00,0,0,,8,0.53,81,6,1.24,98,2,0.41,45,4,13,2,22,0.00,99,0,1,0.21,22,2,32,0.41,39,0,0.00,99,0,0.00,0,0,0.00,0,1.44,82,0,0.00,8,0,0.00,0.00,0,0.00,0,0,0,0.00,0,0,0.00,14,0.00,0,N/A,N/A,N/A,N/A,0.00,0,0.00,0,2.14,0.00,0,65.00,75.00,98,85,0.07,0.21,1,12,12,1,0,0,0.07,0.21,1,55,102.07,0.40,1.24,6,0,0.00,0.00,99,0.00,0,1,0,0.00,0.00,0,0.00,0.00,0.83,0.27,4,0,37.50,99,5,34,49,15,2.13,99,0.14,0.44,1.44,98,0.10,0.30,94,14,0.93,2.89,1.86,0.60,74,9,0.44,99,52,53,71,0,99,94,0,0.00,99,13,0.00,2.68,13.62,4.40,66,30,87,92,6.19,2.00,45.45,2,0.41,65,0,0.00,0,0.00,99,0,0.00,0.00,32,1,91,83,0,0,0,0,0,99,99,99,95,0,99,98,68,42,0,0,10,18,0,0
Maurício dos Santos Nascimento,37,590742000,1988/09/20,Serie B,2023,Defender,Chapecoense,0,0,0,Brazil,0,0,0,0,0,0,0,0,0,0,0,0,0,0,0,0,0,0,0,0,0,0,0,0,0,0,0,0,0,0,0,-1,-1,-1,-1,N/A,N/A,N/A,N/A,N/A,N/A,N/A,N/A,N/A,N/A,N/A,N/A,N/A,N/A,N/A,N/A,N/A,N/A,N/A,N/A,N/A,N/A,N/A,N/A,N/A,N/A,N/A,N/A,N/A,N/A,N/A,N/A,N/A,N/A,N/A,N/A,N/A,N/A,N/A,N/A,N/A,N/A,N/A,N/A,N/A,N/A,N/A,N/A,N/A,N/A,N/A,N/A,N/A,N/A,N/A,N/A,N/A,N/A,N/A,N/A,N/A,N/A,N/A,N/A,N/A,N/A,N/A,N/A,N/A,N/A,N/A,N/A,N/A,N/A,N/A,N/A,N/A,N/A,N/A,N/A,N/A,N/A,N/A,N/A,N/A,N/A,N/A,N/A,N/A,N/A,N/A,N/A,N/A,N/A,N/A,N/A,N/A,N/A,N/A,N/A,N/A,N/A,N/A,N/A,N/A,N/A,N/A,N/A,N/A,N/A,N/A,N/A,N/A,N/A,N/A,N/A,N/A,N/A,N/A,N/A,N/A,N/A,N/A,N/A,N/A,N/A,N/A,N/A,N/A,N/A,N/A,N/A,N/A,N/A,N/A,N/A,N/A,N/A,N/A,N/A,N/A,N/A,N/A,N/A,N/A,N/A,N/A,N/A,N/A,N/A,N/A,N/A,N/A,N/A,N/A,N/A,N/A,N/A,N/A,N/A,N/A,N/A,N/A,N/A,N/A,N/A,N/A,N/A,N/A,N/A,N/A,N/A,N/A,N/A,N/A,N/A,N/A,N/A,N/A,N/A,N/A,N/A,N/A,N/A,N/A,N/A,N/A,N/A,N/A,N/A,N/A,N/A,N/A,N/A,N/A,N/A,N/A,N/A,N/A,N/A,N/A,N/A,N/A,N/A,N/A,N/A,N/A,N/A,N/A,N/A,N/A,N/A,N/A,N/A,N/A,N/A,N/A,N/A,N/A,N/A,N/A,N/A,N/A,N/A
Mauricio Silva dos Santos,27,913622400,1998/12/14,Serie B,2023,Defender,Sampaio Corrêa,1150,468,682,Brazil,23,9,14,0,0,0,0,0,0,0,0,10,4,6,9,2,7,4,0,0,0,0,0,0,0,0.7,128,50,288,0,0.31,410,402,55,40,0,6.72,0,51,45.47,25.26,80,581,21.13,486,83,38.03,80,0.00,0.00,0.52,12,0.00,0.48,1.25,0.70,16,0.00,0.57,0.00,0.00,0.00,0.70,0.65,0.00,0.00,0.55,0.17,0.91,0.00,0.13,0.01,0.00,0.43,0.00,0.00,0,0,,7,0.30,40,3,0.23,49,4,0.31,31,3,12,11,55,0.00,99,0,16,1.25,77,11,73,0.86,50,0,0.00,99,0,0.00,0,0,0.00,0,0.94,59,21,1.64,74,15,1.17,71.43,0,0.00,0,0,0,0.00,0,0,0.00,76,0.00,0,N/A,N/A,N/A,N/A,0.00,0,0.00,0,0.32,0.00,0,83.65,42.86,67,65,0.22,0.39,5,88,86,0,0,0,0.04,0.08,1,29,154.54,0.74,1.33,17,0,0.00,0.00,99,0.00,0,0,0,0.00,0.00,0,0.00,0.00,0.08,0.04,1,0,0.00,48,45,58,48,76,1.64,61,0.07,0.13,0.32,45,0.01,0.03,97,41,1.78,3.21,2.74,1.52,95,35,0.03,43,35,57,71,0,57,37,0,0.00,99,10,0.00,0.78,11.50,6.39,147,82,90,79,6.42,3.57,55.78,13,1.02,25,0,27.27,0,0.00,99,3,0.13,0.23,56,42,90,70,0,0,0,0,0,34,48,65,59,0,99,77,47,61,4,17,56,16,0,0
Maycon Douglas Oliveira Silva,29,841129200,1996/08/27,Serie B,2023,Forward,ABC,680,325,355,Brazil,22,12,10,3,2,1,0,0,0,0,0,5,3,2,7,5,2,4,0,0.4,0,0.4,0.55,0.25,227,0.93,97,31,170,0,0.53,26,525,-1,3,0,6.96,0,51,22.02,7.45,19,149,5.75,115,47,17.00,22,0.00,0.00,0.45,9,0.00,0.90,1.33,0.45,9,0.00,0.40,0.00,0.00,0.00,0.10,0.30,0.00,3.33,1.48,0.10,1.15,0.00,0.40,0.11,0.00,0.15,0.00,0.00,0,0,,10,0.50,76,8,1.18,97,2,0.30,29,4,17,5,58,0.00,99,0,2,0.30,26,18,90,2.66,74,0,0.00,99,0,0.00,0,0,0.00,0,1.33,78,23,3.40,96,6,0.89,26.09,0,0.00,0,0,0,0.00,0,0,0.00,45,0.00,0,N/A,N/A,N/A,N/A,0.00,0,0.00,0,2.22,0.00,0,77.18,80.00,99,31,0.25,0.74,5,78,16,0,0,0,0.00,0.00,0,20,139.10,0.00,0.00,0,0,0.00,0.00,99,0.00,0,0,0,0.00,0.00,0,0.00,0.00,0.44,0.15,3,0,30.00,97,21,54,53,45,0.56,27,0.03,0.08,2.22,99,0.11,0.33,86,16,0.80,2.36,1.33,0.45,46,9,0.33,97,80,2,71,0,90,20,0,0.00,99,3,0.00,0.44,12.12,4.10,82,34,67,85,5.02,1.70,41.46,8,1.18,19,0,38.89,0,0.00,99,7,0.35,1.03,88,11,96,83,0,0,0,0,0,89,95,86,97,0,99,17,17,91,4,18,59,75,0,0
Mayksilvan da Silva Ferreira,26,936082800,1999/08/31,Serie B,2023,Defender,Guarani,2988,1413,1575,Brazil,36,17,19,0,0,0,3,2,1,0,0,13,7,6,22,9,13,3,0,0.09,0.09,0,0,0,0,0.66,136,83,996,996,0.09,433,147,36,29,0,6.83,0.08,74,42.65,39.37,72,1378,29.49,1032,32,31.94,63,0.00,0.00,0.86,30,0.00,2.86,1.02,0.94,33,0.00,0.43,0.00,0.00,0.00,1.43,0.69,0.00,0.00,0.25,0.14,1.31,0.00,0.09,0.01,0.00,1.11,0.00,0.00,0,0,,8,0.23,16,3,0.09,29,5,0.15,16,2,1,34,44,0.00,99,0,50,1.55,88,100,51,3.09,79,0,0.00,99,0,0.00,0,0,0.00,0,0.93,59,46,1.42,68,24,0.74,52.17,0,0.00,0,0,0,0.00,0,0,0.00,83,0.00,0,N/A,N/A,N/A,N/A,0.00,0,0.00,0,0.33,0.00,0,74.89,37.50,53,43,0.57,0.62,20,71,57,0,0,0,0.17,0.19,6,52,238.94,2.00,2.17,70,0,0.00,0.00,99,0.00,0,0,0,0.00,0.00,0,0.00,0.00,0.00,0.00,0,0,0.00,48,95,98,48,83,5.18,76,0.15,0.16,0.33,27,0.01,0.01,36,27,0.77,0.84,0.43,0.40,10,14,0.01,26,56,78,71,0,45,58,0,0.00,99,39,0.00,1.21,6.84,6.31,221,123,34,25,3.81,3.51,55.66,15,0.46,61,0,20.00,0,0.00,99,20,0.57,0.62,74,97,30,53,0,0,0,0,0,48,48,65,59,0,99,52,95,14,3,8,26,6,0,0
Michael Matias Fracaro,31,797324400,1995/04/08,Serie B,2023,Goalkeeper,ABC,1530,810,720,Brazil,17,9,8,0,0,0,0,0,0,0,0,4,2,2,19,8,11,2,0,0,0,0,0,0,0,1.12,81,90,765,0,0.12,280,346,164,20,0,6.85,0,51,21.94,21.94,18,351,13.12,210,2,13.12,10,0.00,0.00,0.12,2,0.00,0.00,0.06,0.06,1,0.00,0.00,0.00,0.00,3.06,0.12,0.00,4.31,0.00,0.00,0.00,0.00,0.00,0.00,0.00,0.00,0.31,0.00,0.00,0,0,,0,0.00,9,0,0.00,21,0,0.00,10,0,0,16,6,0.00,99,0,2,0.12,12,0,32,0.00,14,0,0.00,99,0,0.00,0,0,0.00,0,0.12,12,0,0.00,8,0,0.00,0.00,0,0.00,0,49,32,3.06,62,69,0.00,23,4.31,79,N/A,N/A,N/A,N/A,71.01,0,0.00,0,0.00,0.00,0,59.83,0.00,21,99,0.00,0.00,0,12,12,0,0,18,0.00,0.00,0,20,109.58,1.94,1.94,31,0,0.00,0.00,99,0.00,0,0,0,0.00,0.00,17,1.06,1.06,0.00,0.00,0,0,0.00,48,61,38,48,25,0.60,8,0.04,0.04,0.00,14,0.00,0.00,2,1,0.06,0.06,0.00,0.00,4,0,0.00,13,61,72,71,99,45,13,0,0.00,99,5,0.00,0.31,0.50,0.50,8,7,5,4,0.44,0.44,87.50,0,0.00,99,0,0.00,0,0.00,99,0,0.00,0.00,32,58,19,9,0,0,0,0,0,34,48,65,59,0,99,19,89,20,1,6,19,1,0,0
Michel Barbosa de Lima,29,863420400,1997/05/12,Serie B,2023,Forward,Sport Recife,117,74,43,Brazil,7,4,3,1,1,0,0,0,0,0,0,3,2,1,0,0,0,0,0,0.77,0,0.77,1.22,0,117,0,0,17,0,0,0,-1,-1,-1,15,0,6.64,0,51,27.69,5.14,33,36,4.00,28,49,21.54,35,0.00,0.00,0.14,1,0.00,0.14,3.85,0.71,5,0.00,0.29,0.00,0.00,0.00,0.00,0.00,0.00,2.00,1.54,0.00,0.43,0.00,0.29,0.10,0.00,0.14,0.00,0.00,0,0,,2,0.29,78,2,1.54,99,0,0.00,10,0,7,0,99,0.00,99,0,0,0.00,9,1,32,0.77,48,0,0.00,99,0,0.00,0,0,0.00,0,0.77,49,3,2.31,87,0,0.00,0.00,0,0.00,0,0,0,0.00,0,0,0.00,99,0.00,0,N/A,N/A,N/A,N/A,0.00,0,0.00,0,0.70,0.00,0,77.78,100.00,99,0,0.43,2.31,3,12,12,0,0,0,0.00,0.00,0,20,46.49,0.14,0.77,1,0,0.00,0.00,99,0.00,0,0,0,0.00,0.00,0,0.00,0.00,0.00,0.00,0,0,50.00,99,0,4,49,0,0.10,27,0.01,0.08,0.70,99,0.10,0.54,95,4,0.57,3.08,4.62,0.86,99,6,0.54,99,21,35,71,0,45,36,0,0.00,99,1,0.00,0.77,18.46,3.43,24,10,98,99,7.69,1.43,41.67,2,1.54,9,0,0.00,0,0.00,99,0,0.00,0.00,32,0,74,9,0,0,0,0,0,99,99,65,99,0,99,77,8,8,0,0,10,23,0,0
Michel Macedo,36,635068800,1990/02/15,Serie B,2023,Defender,Ceará,144,8,136,Brazil,5,1,4,0,0,0,0,0,0,0,0,2,1,1,2,0,2,1,0,0,0,0,0,0,0,1.25,72,29,144,0,0.63,-1,-1,-1,36,0,8.23,0,51,51.15,19.75,90,79,16.50,66,82,42.73,90,0.00,0.00,0.50,2,0.00,3.25,0.65,0.25,1,0.00,0.00,0.00,0.00,0.00,0.75,0.50,0.00,0.00,0.00,0.00,1.00,0.00,0.00,0.00,0.00,0.25,0.00,0.00,0,0,,0,0.00,9,0,0.00,21,0,0.00,10,3,3,2,24,0.00,99,0,3,1.94,96,13,59,8.42,99,0,0.00,99,0,0.00,0,0,0.00,0,1.29,76,4,2.59,91,2,1.29,50.00,0,0.00,0,0,0,0.00,0,0,0.00,14,0.00,0,N/A,N/A,N/A,N/A,0.00,0,0.00,0,0.00,0.00,0,83.54,0.00,21,39,0.25,0.65,1,91,55,0,0,0,0.00,0.00,0,20,32.93,1.00,2.59,4,0,0.00,0.00,99,0.00,0,0,0,0.00,0.00,0,0.00,0.00,0.00,0.00,0,0,0.00,48,0,1,48,14,0.21,68,0.05,0.14,0.00,14,0.00,0.00,1,0,0.00,0.00,3.24,1.25,99,5,0.00,13,99,81,71,0,45,29,0,0.00,99,1,0.00,0.65,9.06,3.50,14,4,12,50,2.59,1.00,28.57,0,0.00,99,0,23.08,0,0.00,99,3,0.75,1.94,98,1,50,70,0,0,0,0,0,34,48,65,59,0,99,67,13,95,1,20,65,88,0,0
Miguel dos Santos Silva,22,1064559600,2003/09/26,Serie B,2023,Midfielder,Mirassol,0,0,0,Brazil,0,0,0,0,0,0,0,0,0,0,0,0,0,0,0,0,0,0,0,0,0,0,0,0,0,0,0,0,0,0,0,-1,-1,-1,-1,N/A,N/A,N/A,N/A,N/A,N/A,N/A,N/A,N/A,N/A,N/A,N/A,N/A,N/A,N/A,N/A,N/A,N/A,N/A,N/A,N/A,N/A,N/A,N/A,N/A,N/A,N/A,N/A,N/A,N/A,N/A,N/A,N/A,N/A,N/A,N/A,N/A,N/A,N/A,N/A,N/A,N/A,N/A,N/A,N/A,N/A,N/A,N/A,N/A,N/A,N/A,N/A,N/A,N/A,N/A,N/A,N/A,N/A,N/A,N/A,N/A,N/A,N/A,N/A,N/A,N/A,N/A,N/A,N/A,N/A,N/A,N/A,N/A,N/A,N/A,N/A,N/A,N/A,N/A,N/A,N/A,N/A,N/A,N/A,N/A,N/A,N/A,N/A,N/A,N/A,N/A,N/A,N/A,N/A,N/A,N/A,N/A,N/A,N/A,N/A,N/A,N/A,N/A,N/A,N/A,N/A,N/A,N/A,N/A,N/A,N/A,N/A,N/A,N/A,N/A,N/A,N/A,N/A,N/A,N/A,N/A,N/A,N/A,N/A,N/A,N/A,N/A,N/A,N/A,N/A,N/A,N/A,N/A,N/A,N/A,N/A,N/A,N/A,N/A,N/A,N/A,N/A,N/A,N/A,N/A,N/A,N/A,N/A,N/A,N/A,N/A,N/A,N/A,N/A,N/A,N/A,N/A,N/A,N/A,N/A,N/A,N/A,N/A,N/A,N/A,N/A,N/A,N/A,N/A,N/A,N/A,N/A,N/A,N/A,N/A,N/A,N/A,N/A,N/A,N/A,N/A,N/A,N/A,N/A,N/A,N/A,N/A,N/A,N/A,N/A,N/A,N/A,N/A,N/A,N/A,N/A,N/A,N/A,N/A,N/A,N/A,N/A,N/A,N/A,N/A,N/A,N/A,N/A,N/A,N/A,N/A,N/A,N/A,N/A,N/A,N/A,N/A,N/A,N/A,N/A,N/A,N/A,N/A,N/A
Mikael Guterres Michel,32,745830000,1993/08/20,Serie B,2023,Midfielder,Sampaio Corrêa,699,292,407,Brazil,12,6,6,0,0,0,0,0,0,0,0,5,3,2,6,4,2,3,0,0,0,0,0,0,0,0.77,117,58,233,0,0.39,365,360,-1,17,0,6.71,0,51,43.26,28.00,74,336,21.83,262,51,33.73,70,0.00,0.00,0.00,0,0.00,0.25,1.16,0.75,9,0.00,0.00,0.00,0.00,0.00,0.83,0.00,0.00,0.00,0.26,0.17,0.08,0.00,0.00,0.01,0.00,1.75,0.00,0.00,0,0,,2,0.17,17,0,0.00,21,2,0.26,26,1,3,9,49,0.00,99,0,10,1.29,80,3,32,0.39,38,0,0.00,99,0,0.00,0,0,0.00,0,0.00,6,1,0.13,14,0,0.00,0.00,0,0.00,0,0,0,0.00,0,0,0.00,66,0.00,0,N/A,N/A,N/A,N/A,0.00,0,0.00,0,0.07,0.00,0,77.98,0.00,21,50,0.33,0.52,4,12,12,0,0,0,0.00,0.00,0,20,80.50,1.17,1.80,14,0,0.00,0.00,99,0.00,0,0,0,0.00,0.00,0,0.00,0.00,0.00,0.00,0,0,0.00,48,22,20,48,66,0.60,27,0.05,0.08,0.07,27,0.01,0.01,34,6,0.50,0.77,1.80,1.17,71,14,0.01,26,32,69,71,0,45,94,0,0.00,99,21,0.00,2.70,8.11,5.25,63,35,51,38,4.51,2.92,55.56,0,0.00,99,0,0.00,0,0.00,99,0,0.00,0.00,32,33,50,33,0,0,0,0,0,34,48,65,59,0,99,74,34,75,3,25,79,18,0,0
Mike dos Santos Nenatarvicius,33,731577600,1993/03/08,Serie B,2023,Forward,CRB,590,293,297,Brazil,10,5,5,1,0,1,0,0,0,0,0,2,2,0,8,3,5,2,0,0.15,0,0.15,0,0.3,590,1.22,74,59,295,0,0.31,142,466,-1,17,0,6.34,0,51,24.49,16.44,24,148,13.56,122,77,20.18,31,0.00,0.00,1.78,16,0.00,0.67,0.66,0.44,4,0.00,0.44,0.00,0.00,0.00,0.33,0.67,0.00,7.00,1.16,0.44,0.78,0.00,0.33,0.09,0.00,1.00,0.00,0.00,0,0,,7,0.78,66,3,0.50,70,4,0.66,68,5,2,7,25,0.00,99,0,3,0.50,37,6,32,0.99,52,0,0.00,99,0,0.00,0,0,0.00,0,2.65,98,7,1.16,59,6,0.99,85.71,0,0.00,0,0,0,0.00,0,0,0.00,15,0.00,0,N/A,N/A,N/A,N/A,0.00,0,0.00,0,0.85,0.00,0,82.43,42.86,67,71,0.22,0.33,2,82,93,0,0,0,0.00,0.00,0,20,57.05,0.22,0.33,2,0,0.00,0.00,99,0.00,0,0,1,0.11,0.17,0,0.00,0.00,0.00,0.00,0,0,14.29,79,16,12,73,16,0.97,76,0.11,0.16,0.85,78,0.09,0.14,47,7,0.78,1.16,1.65,1.11,63,10,0.14,76,7,14,98,0,45,68,0,0.00,99,9,0.00,1.49,8.77,5.89,53,26,45,46,4.30,2.89,49.06,4,0.66,45,0,0.00,0,0.00,99,0,0.00,0.00,32,22,39,89,0,0,0,0,0,60,76,90,59,0,99,12,48,61,2,20,65,20,0,0
Miqueias Cabral Evaristo,24,996217200,2001/07/27,Serie B,2023,Midfielder,Criciúma,877,421,456,Brazil,18,10,8,0,0,0,2,0,2,0,0,7,3,4,6,3,3,5,0,0.21,0.21,0,0,0,0,0.62,146,49,175,439,0.51,485,46,-1,15,0,6.78,0.11,94,41.46,22.44,69,404,18.83,339,85,34.79,72,0.00,0.00,0.22,4,0.00,0.17,2.16,1.17,21,0.00,0.44,0.00,0.00,0.00,0.67,0.33,0.00,0.00,0.51,0.17,0.50,0.00,0.11,0.01,0.00,0.61,0.00,0.00,0,0,,5,0.28,36,2,0.21,45,3,0.31,31,4,8,10,91,0.00,99,0,12,1.23,76,3,98,0.31,32,0,0.00,99,0,0.00,0,0,0.00,0,0.41,29,9,0.92,47,6,0.62,66.67,0,0.00,0,0,0,0.00,0,0,0.00,87,0.00,0,N/A,N/A,N/A,N/A,0.00,0,0.00,0,0.22,0.00,0,83.91,40.00,60,14,0.56,1.03,10,62,83,0,0,0,0.33,0.62,6,85,122.11,1.06,1.95,19,0,0.00,0.00,99,0.00,0,0,0,0.00,0.00,0,0.00,0.00,0.00,0.00,0,0,0.00,48,33,41,48,88,2.02,89,0.11,0.21,0.22,38,0.01,0.02,46,11,0.61,1.13,2.77,1.50,96,27,0.02,37,47,72,71,0,45,55,0,0.00,99,11,0.00,1.13,10.47,5.67,102,48,64,70,4.93,2.67,47.06,8,0.82,36,0,66.67,0,0.00,99,2,0.11,0.21,53,38,79,83,0,0,0,0,0,71,48,65,59,0,99,62,20,88,5,28,82,42,0,0
Moisés Wolschick,31,780390000,1994/09/24,Serie B,2023,Midfielder,Londrina,1419,527,892,Brazil,24,10,14,0,0,0,0,0,0,0,0,5,2,3,24,6,18,7,0,0,0,0,0,0,0,1.52,59,59,203,0,0.44,539,532,-1,41,0,6.72,0,51,33.62,22.08,46,530,16.71,401,37,25.43,46,0.00,0.00,0.42,10,0.00,0.62,1.52,1.00,24,0.00,0.54,0.00,0.00,0.00,0.92,0.67,0.00,0.00,0.51,0.21,0.75,0.00,0.12,0.01,0.00,1.08,0.00,0.00,0,0,,8,0.33,36,3,0.19,43,5,0.32,33,1,7,17,67,0.00,99,0,22,1.40,84,15,51,0.95,52,0,0.00,99,0,0.00,0,0,0.00,0,0.63,42,18,1.14,58,16,1.01,88.89,0,0.00,0,0,0,0.00,0,0,0.00,4,0.00,0,N/A,N/A,N/A,N/A,0.00,0,0.00,0,0.35,0.00,0,75.66,37.50,53,27,0.54,0.82,13,82,93,0,0,0,0.12,0.19,3,52,161.19,1.21,1.84,29,0,0.00,0.00,99,0.00,0,0,0,0.00,0.00,0,0.00,0.00,0.06,0.04,1,0,0.00,48,58,61,48,4,1.20,27,0.05,0.08,0.35,38,0.01,0.02,66,26,1.08,1.65,2.22,1.46,85,35,0.02,37,35,69,71,0,53,73,0,0.00,99,26,0.00,1.65,11.42,7.50,180,92,83,78,5.84,3.83,51.11,13,0.82,36,0,20.00,0,0.00,99,3,0.12,0.19,52,61,74,33,0,0,0,0,0,34,48,65,59,0,99,14,26,82,7,29,84,16,0,0
Murilo Oliveira de Freitas,30,831884400,1996/05/12,Serie B,2023,Forward,Chapecoense,188,98,90,Brazil,6,3,3,0,0,0,1,0,1,0,0,0,0,0,3,2,1,1,0,0.48,0.48,0,0,0,0,1.44,63,31,188,188,0.48,-1,-1,-1,29,0,6.79,0.17,99,28.72,10.00,35,60,7.33,44,24,21.06,33,0.00,0.00,0.50,3,0.00,1.17,0.96,0.33,2,0.00,1.00,0.00,0.00,0.00,0.33,0.33,0.00,0.00,2.87,0.50,0.83,0.00,0.50,0.05,0.00,0.17,0.00,0.00,0,0,,6,1.00,99,3,1.44,99,3,1.44,96,2,5,1,40,0.00,99,0,2,0.96,61,7,40,3.35,82,0,0.00,99,0,0.00,0,0,0.00,0,1.44,82,5,2.39,88,2,0.96,40.00,0,0.00,0,0,0,0.00,0,0,0.00,6,0.00,0,N/A,N/A,N/A,N/A,0.00,0,0.00,0,0.28,0.00,0,73.33,50.00,83,2,0.50,1.44,3,81,31,0,0,0,0.00,0.00,0,20,40.73,0.17,0.48,1,0,0.00,0.00,99,0.00,0,0,0,0.00,0.00,0,0.00,0.00,0.00,0.00,0,0,0.00,48,0,3,48,7,0.82,99,0.14,0.39,0.28,76,0.05,0.13,94,6,1.00,2.87,1.91,0.67,76,4,0.13,73,49,21,71,0,45,23,0,0.00,99,1,0.00,0.48,13.40,4.67,28,11,73,91,5.27,1.83,39.29,6,2.87,0,0,14.29,0,0.00,99,1,0.17,0.48,68,0,64,53,0,0,0,0,0,94,48,65,59,0,99,1,22,86,1,17,56,18,0,0
Nadson Da Silva Mesquita,26,935823600,1999/08/28,Serie B,2023,Forward,Sampaio Corrêa,51,0,51,Brazil,2,0,2,0,0,0,0,0,0,0,0,0,0,0,0,0,0,0,0,0,0,0,0,0,0,0,0,26,0,0,0,-1,-1,-1,43,0,0.00,0,51,0.00,0.00,0,0,0.00,0,0,0.00,0,0.00,0.00,0.00,0,0.00,0.00,0.00,0.00,0,0.00,0.00,0.00,0.00,0.00,0.00,0.00,0.00,0.00,0.00,0.00,0.00,0.00,0.00,0.00,0.00,0.00,0.00,0.00,0,0,,0,0.00,9,0,0.00,21,0,0.00,10,0,1,0,4,0.00,99,0,0,0.00,9,0,32,0.00,14,0,0.00,99,0,0.00,0,0,0.00,0,0.00,6,0,0.00,8,0,0.00,0.00,0,0.00,0,0,0,0.00,0,0,0.00,99,0.00,0,N/A,N/A,N/A,N/A,0.00,0,0.00,0,0.00,0.00,0,0.00,0.00,21,99,0.00,0.00,0,12,12,0,0,0,0.00,0.00,0,20,0.00,0.00,0.00,0,0,0.00,0.00,99,0.00,0,0,0,0.00,0.00,0,0.00,0.00,0.00,0.00,0,0,0.00,48,0,0,48,0,0.00,0,0.00,0.00,0.00,14,0.00,0.00,1,0,0.00,0.00,0.00,0.00,4,0,0.00,13,0,2,71,0,45,2,0,0.00,99,0,0.00,0.00,0.00,0.00,0,0,0,0,0.00,0.00,0.00,0,0.00,99,0,0.00,0,0.00,99,0,0.00,0.00,32,0,30,9,0,0,0,0,0,34,48,65,59,0,99,1,8,8,0,0,10,18,0,0
Natanael Batista Pimienta,35,662112000,1990/12/25,Serie B,2023,Defender,Avaí,2458,1147,1311,Brazil,31,15,16,1,1,0,2,2,0,0,0,11,5,6,27,14,13,8,1,0.11,0.07,0.04,0.08,0,2458,0.99,91,79,307,1229,0.29,262,180,134,14,0,6.91,0.06,67,33.47,29.48,45,914,21.81,676,27,24.75,43,0.00,0.00,1.10,34,0.00,4.71,1.76,1.55,48,0.00,0.39,0.00,0.00,0.00,1.16,0.65,0.00,25.00,0.92,0.48,1.03,0.00,0.32,0.05,0.00,0.84,0.00,0.00,0,0,,25,0.81,60,10,0.37,62,15,0.55,59,4,2,29,78,0.00,99,0,36,1.32,80,146,75,5.35,94,0,0.00,99,0,0.00,0,0,0.00,0,1.24,74,32,1.17,59,20,0.73,62.50,0,0.00,0,0,0,0.00,0,0,0.00,36,0.00,0,N/A,N/A,N/A,N/A,0.00,0,0.00,0,1.65,0.00,0,73.96,40.00,60,5,1.13,1.28,35,70,76,0,0,0,0.16,0.18,5,49,214.14,1.52,1.72,47,0,0.00,0.00,99,0.00,0,0,0,0.00,0.00,0,0.00,0.00,0.04,0.03,1,0,4.00,50,86,83,98,37,3.63,61,0.12,0.13,1.65,56,0.05,0.06,59,41,1.32,1.50,2.01,1.77,80,55,0.06,54,72,67,71,0,50,45,0,0.00,99,26,0.00,0.95,10.00,8.81,273,135,65,63,4.94,4.35,49.45,12,0.44,63,0,28.08,0,0.00,99,41,1.32,1.50,94,87,39,83,0,0,0,0,0,52,52,65,64,0,99,48,50,58,7,23,73,25,0,0
Natham Fernando Reis da Conceição,27,903078000,1998/08/14,Serie B,2023,Midfielder,Londrina,280,120,160,Brazil,7,2,5,0,0,0,0,0,0,0,0,2,0,2,5,2,3,2,0,0,0,0,0,0,0,1.61,56,40,140,0,0.64,335,310,-1,47,0,0.00,0,51,0.00,0.00,0,0,0.00,0,0,0.00,0,0.00,0.00,0.00,0,0.00,0.00,0.00,0.00,0,0.00,0.00,0.00,0.00,0.00,0.00,0.00,0.00,0.00,0.00,0.00,0.00,0.00,0.00,0.00,0.00,0.00,0.00,0.00,0,0,,0,0.00,9,0,0.00,21,0,0.00,10,2,5,2,4,0.00,99,0,0,0.00,9,0,32,0.00,14,0,0.00,99,0,0.00,0,0,0.00,0,0.00,6,0,0.00,8,0,0.00,0.00,0,0.00,0,0,0,0.00,0,0,0.00,2,0.00,0,N/A,N/A,N/A,N/A,0.00,0,0.00,0,0.00,0.00,0,0.00,0.00,21,99,0.00,0.00,0,12,12,0,0,0,0.00,0.00,0,20,0.00,0.00,0.00,0,0,0.00,0.00,99,0.00,0,0,0,0.00,0.00,0,0.00,0.00,0.00,0.00,0,0,0.00,48,0,4,48,2,0.00,0,0.00,0.00,0.00,14,0.00,0.00,1,0,0.00,0.00,0.00,0.00,4,0,0.00,13,0,2,71,0,45,2,0,0.00,99,0,0.00,0.00,0.00,0.00,0,0,0,0,0.00,0.00,0.00,0,0.00,99,0,0.00,0,0.00,99,0,0.00,0.00,32,1,64,53,0,0,0,0,0,34,48,65,59,0,99,29,12,96,2,0,10,15,0,0
Nathan Melo Silva,25,985075200,2001/03/20,Serie B,2023,Defender,ABC,1076,465,611,Brazil,16,7,9,0,0,0,1,0,1,0,0,4,2,2,12,4,8,7,0,0.08,0.08,0,0,0,0,1,90,67,154,1076,0.59,284,166,138,22,0,0.00,0,69,0.00,0.00,0,0,0.00,0,0,0.00,0,0.00,0.00,0.00,0,0.00,0.00,0.00,0.00,0,0.00,0.00,0.00,0.00,0.00,0.00,0.00,0.00,0.00,0.00,0.00,0.00,0.00,0.00,0.00,0.00,0.00,0.00,0.00,0,0,,0,0.00,9,0,0.00,21,0,0.00,10,10,1,14,4,0.00,99,0,0,0.00,9,0,32,0.00,14,0,0.00,99,0,0.00,0,0,0.00,0,0.00,6,0,0.00,8,0,0.00,0.00,0,0.00,0,0,0,0.00,0,0,0.00,36,0.00,0,N/A,N/A,N/A,N/A,0.00,0,0.00,0,0.00,0.00,0,0.00,0.00,21,99,0.00,0.00,0,12,12,0,0,0,0.00,0.00,0,20,0.00,0.00,0.00,0,0,0.00,0.00,99,0.00,0,0,0,0.00,0.00,0,0.00,0.00,0.00,0.00,0,0,0.00,48,44,34,48,36,0.00,0,0.00,0.00,0.00,14,0.00,0.00,1,0,0.00,0.00,0.00,0.00,4,0,0.00,13,0,2,71,0,45,2,0,0.00,99,0,0.00,0.00,0.00,0.00,0,0,0,0,0.00,0.00,0.00,0,0.00,99,0,0.00,0,0.00,99,0,0.00,0.00,32,52,30,99,0,0,0,0,0,44,48,65,59,0,99,22,14,94,6,0,10,99,0,0
Nathan Mendes da Silva,28,895129200,1998/05/14,Serie B,2023,Defender,Sport Recife,77,20,57,Brazil,3,2,1,0,0,0,1,0,1,0,0,1,1,0,1,0,1,0,0,1.17,1.17,0,0,0,0,1.17,77,26,0,77,0,-1,-1,-1,21,0,0.00,0,99,0.00,0.00,0,0,0.00,0,0,0.00,0,0.00,0.00,0.00,0,0.00,0.00,0.00,0.00,0,0.00,0.00,0.00,0.00,0.00,0.00,0.00,0.00,0.00,0.00,0.00,0.00,0.00,0.00,0.00,0.00,0.00,0.00,0.00,0,0,,0,0.00,9,0,0.00,21,0,0.00,10,3,1,1,4,0.00,99,0,0,0.00,9,0,32,0.00,14,0,0.00,99,0,0.00,0,0,0.00,0,0.00,6,0,0.00,8,0,0.00,0.00,0,0.00,0,0,0,0.00,0,0,0.00,19,0.00,0,N/A,N/A,N/A,N/A,0.00,0,0.00,0,0.00,0.00,0,0.00,0.00,21,99,0.00,0.00,0,12,12,0,0,0,0.00,0.00,0,20,0.00,0.00,0.00,0,0,0.00,0.00,99,0.00,0,0,0,0.00,0.00,0,0.00,0.00,0.00,0.00,0,0,0.00,48,0,0,48,19,0.00,0,0.00,0.00,0.00,14,0.00,0.00,1,0,0.00,0.00,0.00,0.00,4,0,0.00,13,0,2,71,0,45,2,0,0.00,99,0,0.00,0.00,0.00,0.00,0,0,0,0,0.00,0.00,0.00,0,0.00,99,0,0.00,0,0.00,99,0,0.00,0.00,32,0,30,70,0,0,0,0,0,99,48,65,59,0,99,45,8,8,0,0,10,17,0,0
Neilton Meira Mestzk,32,761472000,1994/02/17,Serie B,2023,Forward,Criciúma,186,106,80,Brazil,11,5,6,0,0,0,0,0,0,0,0,3,3,0,1,1,0,3,0,0,0,0,0,0,0,0.48,186,17,62,0,1.45,-1,-1,-1,14,0,6.69,0,51,55.16,10.36,96,114,7.82,86,34,41.61,88,0.00,0.00,0.18,2,0.00,0.73,2.90,0.55,6,0.00,0.36,0.00,0.00,0.00,0.00,0.27,0.00,0.00,2.90,0.36,0.73,0.00,0.18,0.02,0.00,0.00,0.00,0.00,0,0,,6,0.55,99,2,0.97,92,4,1.94,99,1,10,1,98,0.00,99,0,0,0.00,9,8,37,3.87,88,0,0.00,99,0,0.00,0,0,0.00,0,0.97,61,8,3.87,97,3,1.45,37.50,0,0.00,0,0,0,0.00,0,0,0.00,95,0.00,0,N/A,N/A,N/A,N/A,0.00,0,0.00,0,0.21,0.00,0,75.44,33.33,49,1,0.36,1.94,4,93,25,0,0,0,0.00,0.00,0,20,73.54,0.00,0.00,0,0,0.00,0.00,99,0.00,0,0,0,0.00,0.00,0,0.00,0.00,0.48,0.09,1,0,0.00,48,0,15,48,95,0.23,50,0.02,0.11,0.21,68,0.02,0.10,99,8,0.73,3.87,2.90,0.55,96,6,0.10,65,26,2,71,0,91,2,0,0.00,99,0,0.00,0.00,17.90,3.36,37,17,98,99,8.23,1.55,45.95,4,1.94,3,0,12.50,0,0.00,99,1,0.09,0.48,68,0,85,33,0,0,0,0,0,34,48,65,59,0,99,25,8,99,3,27,81,7,0,0
Nicolas Adriano Schulz,25,963644400,2000/07/15,Serie B,2023,Defender,Londrina,281,90,191,Brazil,6,1,5,0,0,0,1,0,1,0,0,1,0,1,5,2,3,1,0,0.32,0.32,0,0,0,0,1.6,56,47,281,281,0.32,542,12,219,38,0,6.17,0.17,98,38.43,20.00,59,120,14.83,89,28,28.51,53,0.00,0.00,0.83,5,0.00,1.50,0.00,0.00,0,0.00,0.83,0.00,0.00,0.00,0.00,0.50,0.00,0.00,0.00,0.00,2.00,0.00,0.00,0.00,0.00,0.00,0.00,0.00,0,0,,0,0.00,9,0,0.00,21,0,0.00,10,2,3,3,4,0.00,99,0,0,0.00,9,9,35,2.88,76,0,0.00,99,0,0.00,0,0,0.00,0,1.60,86,12,3.84,97,3,0.96,25.00,0,0.00,0,0,0,0.00,0,0,0.00,2,0.00,0,N/A,N/A,N/A,N/A,0.00,0,0.00,0,0.00,0.00,0,74.17,0.00,21,1,1.00,1.92,6,81,16,0,0,0,0.00,0.00,0,20,37.05,0.17,0.32,1,0,0.00,0.00,99,0.00,0,0,0,0.00,0.00,0,0.00,0.00,0.00,0.00,0,0,0.00,48,0,3,48,2,0.95,98,0.16,0.30,0.00,14,0.00,0.00,82,7,1.17,2.24,1.28,0.67,42,4,0.00,13,3,13,71,0,45,2,0,0.00,99,0,0.00,0.00,12.81,6.67,40,10,20,88,3.20,1.67,25.00,5,1.60,6,0,11.11,0,0.00,99,1,0.17,0.32,58,3,50,53,0,0,0,0,0,84,48,65,59,0,99,8,45,63,1,17,56,17,0,0
Nicolas Araujo da Silva,20,1130482800,2005/10/28,Serie B,2023,Midfielder,Ponte Preta,0,0,0,Brazil,0,0,0,0,0,0,0,0,0,0,0,0,0,0,0,0,0,0,0,0,0,0,0,0,0,0,0,0,0,0,0,-1,-1,-1,-1,N/A,N/A,N/A,N/A,N/A,N/A,N/A,N/A,N/A,N/A,N/A,N/A,N/A,N/A,N/A,N/A,N/A,N/A,N/A,N/A,N/A,N/A,N/A,N/A,N/A,N/A,N/A,N/A,N/A,N/A,N/A,N/A,N/A,N/A,N/A,N/A,N/A,N/A,N/A,N/A,N/A,N/A,N/A,N/A,N/A,N/A,N/A,N/A,N/A,N/A,N/A,N/A,N/A,N/A,N/A,N/A,N/A,N/A,N/A,N/A,N/A,N/A,N/A,N/A,N/A,N/A,N/A,N/A,N/A,N/A,N/A,N/A,N/A,N/A,N/A,N/A,N/A,N/A,N/A,N/A,N/A,N/A,N/A,N/A,N/A,N/A,N/A,N/A,N/A,N/A,N/A,N/A,N/A,N/A,N/A,N/A,N/A,N/A,N/A,N/A,N/A,N/A,N/A,N/A,N/A,N/A,N/A,N/A,N/A,N/A,N/A,N/A,N/A,N/A,N/A,N/A,N/A,N/A,N/A,N/A,N/A,N/A,N/A,N/A,N/A,N/A,N/A,N/A,N/A,N/A,N/A,N/A,N/A,N/A,N/A,N/A,N/A,N/A,N/A,N/A,N/A,N/A,N/A,N/A,N/A,N/A,N/A,N/A,N/A,N/A,N/A,N/A,N/A,N/A,N/A,N/A,N/A,N/A,N/A,N/A,N/A,N/A,N/A,N/A,N/A,N/A,N/A,N/A,N/A,N/A,N/A,N/A,N/A,N/A,N/A,N/A,N/A,N/A,N/A,N/A,N/A,N/A,N/A,N/A,N/A,N/A,N/A,N/A,N/A,N/A,N/A,N/A,N/A,N/A,N/A,N/A,N/A,N/A,N/A,N/A,N/A,N/A,N/A,N/A,N/A,N/A,N/A,N/A,N/A,N/A,N/A,N/A,N/A,N/A,N/A,N/A,N/A,N/A,N/A,N/A,N/A,N/A,N/A,N/A
Nicolás Ecequiel Dibble Aristimuño,31,770022000,1994/05/27,Serie B,2023,Forward,Vitória,0,0,0,Uruguay,0,0,0,0,0,0,0,0,0,0,0,0,0,0,0,0,0,0,0,0,0,0,0,0,0,0,0,0,0,0,0,-1,-1,-1,-1,N/A,N/A,N/A,N/A,N/A,N/A,N/A,N/A,N/A,N/A,N/A,N/A,N/A,N/A,N/A,N/A,N/A,N/A,N/A,N/A,N/A,N/A,N/A,N/A,N/A,N/A,N/A,N/A,N/A,N/A,N/A,N/A,N/A,N/A,N/A,N/A,N/A,N/A,N/A,N/A,N/A,N/A,N/A,N/A,N/A,N/A,N/A,N/A,N/A,N/A,N/A,N/A,N/A,N/A,N/A,N/A,N/A,N/A,N/A,N/A,N/A,N/A,N/A,N/A,N/A,N/A,N/A,N/A,N/A,N/A,N/A,N/A,N/A,N/A,N/A,N/A,N/A,N/A,N/A,N/A,N/A,N/A,N/A,N/A,N/A,N/A,N/A,N/A,N/A,N/A,N/A,N/A,N/A,N/A,N/A,N/A,N/A,N/A,N/A,N/A,N/A,N/A,N/A,N/A,N/A,N/A,N/A,N/A,N/A,N/A,N/A,N/A,N/A,N/A,N/A,N/A,N/A,N/A,N/A,N/A,N/A,N/A,N/A,N/A,N/A,N/A,N/A,N/A,N/A,N/A,N/A,N/A,N/A,N/A,N/A,N/A,N/A,N/A,N/A,N/A,N/A,N/A,N/A,N/A,N/A,N/A,N/A,N/A,N/A,N/A,N/A,N/A,N/A,N/A,N/A,N/A,N/A,N/A,N/A,N/A,N/A,N/A,N/A,N/A,N/A,N/A,N/A,N/A,N/A,N/A,N/A,N/A,N/A,N/A,N/A,N/A,N/A,N/A,N/A,N/A,N/A,N/A,N/A,N/A,N/A,N/A,N/A,N/A,N/A,N/A,N/A,N/A,N/A,N/A,N/A,N/A,N/A,N/A,N/A,N/A,N/A,N/A,N/A,N/A,N/A,N/A,N/A,N/A,N/A,N/A,N/A,N/A,N/A,N/A,N/A,N/A,N/A,N/A,N/A,N/A,N/A,N/A,N/A,N/A
Nicolás Godinho Johann,36,623487600,1989/10/04,Serie B,2023,Forward,Ceará,1250,674,576,Brazil,31,16,15,3,2,1,0,0,0,0,0,10,8,2,7,3,4,2,0,0.22,0,0.22,0.27,0.16,417,0.5,179,40,625,0,0.14,86,484,-1,4,0,6.94,0,51,21.64,9.93,18,278,7.50,210,36,16.35,21,0.00,0.00,0.61,17,0.00,0.07,0.31,0.14,4,0.00,0.96,0.00,0.00,0.00,0.14,0.21,0.00,6.33,1.48,0.36,0.50,0.00,0.32,0.09,0.00,1.32,0.00,0.00,0,0,,19,0.68,76,9,0.70,79,10,0.78,74,4,16,14,10,0.00,99,0,4,0.31,27,2,99,0.16,25,0,0.00,99,0,0.00,0,0,0.00,0,1.32,78,14,1.09,57,6,0.47,42.86,0,0.00,0,0,0,0.00,0,0,0.00,94,0.00,0,N/A,N/A,N/A,N/A,0.00,0,0.00,0,2.46,0.00,0,75.54,47.37,73,49,0.25,0.54,7,54,37,0,0,0,0.04,0.08,1,29,194.20,0.39,0.86,11,0,0.00,0.00,99,0.00,0,0,2,0.07,0.16,0,0.00,0.00,0.78,0.36,10,1,15.79,83,50,83,64,94,1.21,36,0.04,0.09,2.46,88,0.09,0.19,81,28,1.00,2.18,1.17,0.54,37,15,0.19,84,78,38,98,0,98,96,0,0.00,99,37,0.00,2.88,15.18,6.96,195,77,85,97,5.99,2.75,39.49,27,2.10,2,0,100.00,0,0.00,99,2,0.07,0.16,49,52,95,83,0,0,0,0,0,72,86,79,87,0,99,38,83,24,2,6,19,9,0,0
Octavio Franchini Metzker,24,1000450800,2001/09/14,Serie B,2023,Defender,CRB,3,3,0,Brazil,1,1,0,0,0,0,0,0,0,0,0,0,0,0,0,0,0,0,0,0,0,0,0,0,0,0,0,3,0,0,0,-1,-1,-1,24,0,6.22,0,51,60.00,2.00,99,2,1.00,1,0,30.00,58,0.00,0.00,0.00,0,0.00,0.00,0.00,0.00,0,0.00,0.00,0.00,0.00,0.00,0.00,0.00,0.00,0.00,0.00,0.00,0.00,0.00,0.00,0.00,0.00,0.00,0.00,0.00,0,0,,0,0.00,9,0,0.00,21,0,0.00,10,0,1,0,4,0.00,99,0,0,0.00,9,0,32,0.00,14,0,0.00,99,0,0.00,0,0,0.00,0,0.00,6,0,0.00,8,0,0.00,0.00,0,0.00,0,0,0,0.00,0,0,0.00,99,0.00,0,N/A,N/A,N/A,N/A,0.00,0,0.00,0,0.00,0.00,0,50.00,0.00,21,99,0.00,0.00,0,12,12,0,0,0,0.00,0.00,0,20,6.22,0.00,0.00,0,0,0.00,0.00,99,0.00,0,0,0,0.00,0.00,0,0.00,0.00,0.00,0.00,0,0,0.00,48,0,0,48,0,0.00,0,0.00,0.00,0.00,14,0.00,0.00,1,0,0.00,0.00,0.00,0.00,4,0,0.00,13,3,2,71,0,45,2,0,0.00,99,0,0.00,0.00,0.00,0.00,0,0,0,0,0.00,0.00,0.00,0,0.00,99,0,0.00,0,0.00,99,0,0.00,0.00,32,0,30,9,0,0,0,0,0,34,48,65,59,0,99,1,8,8,0,0,10,39,0,0
Ontilasi Junior de Moraes Rodrigues,28,875862000,1997/10/03,Serie B,2023,Defender,Atlético GO,71,0,71,Brazil,1,0,1,0,0,0,1,0,1,0,0,0,0,0,2,0,2,0,0,1.27,1.27,0,0,0,0,2.54,36,71,0,71,0,-1,-1,-1,30,0,7.14,1,99,40.56,32.00,65,32,23.00,23,18,29.15,55,0.00,0.00,2.00,2,0.00,3.00,1.27,1.00,1,0.00,0.00,0.00,0.00,0.00,1.00,0.00,0.00,0.00,0.00,0.00,1.00,0.00,0.00,0.00,0.00,0.00,0.00,0.00,0,0,,0,0.00,9,0,0.00,21,0,0.00,10,0,1,0,55,0.00,99,0,1,1.27,78,3,98,3.80,87,0,0.00,99,0,0.00,0,0,0.00,0,2.54,98,1,1.27,63,0,0.00,0.00,0,0.00,0,0,0,0.00,0,0,0.00,0,0.00,0,N/A,N/A,N/A,N/A,0.00,0,0.00,0,0.00,0.00,0,71.88,0.00,21,99,0.00,0.00,0,12,12,0,0,0,0.00,0.00,0,20,7.14,2.00,2.54,2,0,0.00,0.00,99,0.00,0,0,0,0.00,0.00,0,0.00,0.00,0.00,0.00,0,0,0.00,48,0,0,48,0,0.66,99,0.66,0.84,0.00,14,0.00,0.00,50,1,1.00,1.27,2.54,2.00,92,2,0.00,13,94,81,71,0,45,2,0,0.00,99,0,0.00,0.00,6.34,5.00,5,2,12,20,2.54,2.00,40.00,0,0.00,99,0,66.67,0,0.00,99,2,2.00,2.54,99,0,30,9,0,0,0,0,0,99,48,65,59,0,99,1,8,8,0,0,10,16,0,0
Osman de Menezes Venâncio Júnior,33,720345600,1992/10/29,Serie B,2023,Forward,Botafogo SP,2343,1051,1292,Brazil,32,15,17,5,5,0,0,0,0,1,0,13,8,5,23,9,14,8,0,0.19,0,0.19,0.43,0,469,0.88,102,73,293,0,0.31,106,519,-1,1,0,6.91,0,51,27.16,22.09,31,707,13.94,446,4,17.13,23,0.00,0.00,0.88,28,0.00,0.91,1.04,0.84,27,0.00,0.59,0.00,0.00,0.00,0.34,0.41,0.00,5.20,1.00,0.44,1.03,0.00,0.38,0.13,0.00,3.31,0.00,0.00,0,0,,26,0.81,61,12,0.46,68,14,0.54,58,8,4,28,44,0.00,99,0,11,0.42,32,29,52,1.11,54,0,0.00,99,0,0.00,0,0,0.00,0,1.08,66,33,1.27,63,13,0.50,39.39,0,0.00,0,0,0,0.00,0,0,0.00,52,0.00,0,N/A,N/A,N/A,N/A,0.00,0,0.00,0,4.09,0.00,0,63.08,46.15,71,51,0.41,0.50,13,55,27,1,0,0,0.16,0.19,5,52,221.16,0.78,0.96,25,0,0.00,0.00,99,0.00,0,1,1,0.03,0.04,0,0.00,0.00,0.19,0.16,5,0,19.23,88,84,86,67,52,1.76,19,0.06,0.07,3.39,76,0.11,0.13,85,61,1.91,2.34,1.73,1.41,67,45,0.16,80,72,40,79,0,78,99,0,0.00,99,106,0.00,4.07,17.90,14.56,466,207,98,99,7.95,6.47,44.42,19,0.73,42,0,20.69,0,0.00,99,6,0.19,0.23,56,86,56,99,0,0,0,0,0,67,82,65,93,0,99,70,48,61,8,25,79,10,0,0
Osvaldo Lourenço Filho,39,545122800,1987/04/11,Serie B,2023,Forward,Vitória,2367,1185,1182,Brazil,31,16,15,5,4,1,9,5,4,0,0,17,11,6,20,6,14,0,0,0.53,0.34,0.19,0.3,0.08,473,0.76,118,76,0,263,0,103,9,-1,3,0,7.25,0.29,98,27.34,23.19,32,719,18.87,585,69,22.24,37,0.00,0.00,2.00,62,0.00,5.90,0.72,0.61,19,0.00,0.97,0.00,0.00,0.00,0.29,1.06,0.00,8.80,1.67,0.77,2.48,0.00,0.65,0.15,0.00,0.06,0.00,0.00,0,0,,44,1.42,82,20,0.76,82,24,0.91,82,8,2,29,29,0.00,99,0,9,0.34,28,183,70,6.96,98,0,0.00,99,0,0.00,0,0,0.00,0,2.36,96,77,2.93,93,33,1.25,42.86,0,0.00,0,0,0,0.00,0,0,0.00,67,0.00,0,N/A,N/A,N/A,N/A,0.00,0,0.00,0,4.70,0.00,0,81.36,45.45,70,36,0.58,0.68,18,89,37,0,0,0,0.06,0.08,2,29,224.68,0.26,0.30,8,0,0.00,0.00,99,0.00,0,0,1,0.03,0.04,0,0.00,0.00,0.08,0.06,2,0,11.36,73,84,83,67,67,8.81,99,0.28,0.33,4.70,86,0.15,0.18,71,47,1.52,1.79,0.57,0.48,12,15,0.18,84,97,12,79,0,57,2,0,0.00,99,2,0.00,0.08,8.40,7.13,221,101,35,41,3.84,3.26,45.70,30,1.14,21,0,26.78,0,0.00,99,49,1.58,1.86,98,87,39,99,0,0,0,0,0,97,82,70,89,0,99,95,8,8,0,0,10,11,0,0
Otávio Augusto de Paula Passos,33,727603200,1993/01/21,Serie B,2023,Goalkeeper,Avaí,0,0,0,Brazil,0,0,0,0,0,0,0,0,0,0,0,0,0,0,0,0,0,0,0,0,0,0,0,0,0,0,0,0,0,0,0,-1,-1,-1,-1,N/A,N/A,N/A,N/A,N/A,N/A,N/A,N/A,N/A,N/A,N/A,N/A,N/A,N/A,N/A,N/A,N/A,N/A,N/A,N/A,N/A,N/A,N/A,N/A,N/A,N/A,N/A,N/A,N/A,N/A,N/A,N/A,N/A,N/A,N/A,N/A,N/A,N/A,N/A,N/A,N/A,N/A,N/A,N/A,N/A,N/A,N/A,N/A,N/A,N/A,N/A,N/A,N/A,N/A,N/A,N/A,N/A,N/A,N/A,N/A,N/A,N/A,N/A,N/A,N/A,N/A,N/A,N/A,N/A,N/A,N/A,N/A,N/A,N/A,N/A,N/A,N/A,N/A,N/A,N/A,N/A,N/A,N/A,N/A,N/A,N/A,N/A,N/A,N/A,N/A,N/A,N/A,N/A,N/A,N/A,N/A,N/A,N/A,N/A,N/A,N/A,N/A,N/A,N/A,N/A,N/A,N/A,N/A,N/A,N/A,N/A,N/A,N/A,N/A,N/A,N/A,N/A,N/A,N/A,N/A,N/A,N/A,N/A,N/A,N/A,N/A,N/A,N/A,N/A,N/A,N/A,N/A,N/A,N/A,N/A,N/A,N/A,N/A,N/A,N/A,N/A,N/A,N/A,N/A,N/A,N/A,N/A,N/A,N/A,N/A,N/A,N/A,N/A,N/A,N/A,N/A,N/A,N/A,N/A,N/A,N/A,N/A,N/A,N/A,N/A,N/A,N/A,N/A,N/A,N/A,N/A,N/A,N/A,N/A,N/A,N/A,N/A,N/A,N/A,N/A,N/A,N/A,N/A,N/A,N/A,N/A,N/A,N/A,N/A,N/A,N/A,N/A,N/A,N/A,N/A,N/A,N/A,N/A,N/A,N/A,N/A,N/A,N/A,N/A,N/A,N/A,N/A,N/A,N/A,N/A,N/A,N/A,N/A,N/A,N/A,N/A,N/A,N/A,N/A,N/A,N/A,N/A,N/A,N/A
Pablo Diogo Lopes de Lima,33,724665600,1992/12/18,Serie B,2023,Forward,Vitória,86,13,73,Brazil,6,3,3,0,0,0,0,0,0,0,0,2,2,0,1,0,1,1,0,0,0,0,0,0,0,1.05,86,14,86,0,1.05,-1,-1,-1,22,0,6.57,0,51,73.52,11.60,99,58,9.60,48,79,60.85,99,0.00,0.00,0.20,1,0.00,0.80,3.80,0.60,3,0.00,0.00,0.00,0.00,0.00,0.00,0.20,0.00,0.00,1.27,0.20,0.20,0.00,0.00,0.00,0.00,0.20,0.00,0.00,0,0,,1,0.20,69,0,0.00,21,1,1.27,94,0,5,0,99,0.00,99,0,0,0.00,9,4,32,5.07,93,0,0.00,99,0,0.00,0,0,0.00,0,1.27,75,1,1.27,63,1,1.27,100.00,0,0.00,0,0,0,0.00,0,0,0.00,31,0.00,0,N/A,N/A,N/A,N/A,0.00,0,0.00,0,0.02,0.00,0,82.76,0.00,21,5,0.20,1.27,1,90,99,0,0,0,0.00,0.00,0,20,32.85,0.20,1.27,1,0,0.00,0.00,99,0.00,0,0,0,0.00,0.00,0,0.00,0.00,0.00,0.00,0,0,0.00,48,0,3,48,32,0.13,76,0.03,0.16,0.02,45,0.00,0.03,50,1,0.20,1.27,2.54,0.40,92,2,0.03,43,15,54,71,0,45,61,0,0.00,99,1,0.00,1.27,11.41,1.80,9,6,96,77,7.61,1.20,66.67,0,0.00,99,0,0.00,0,0.00,99,0,0.00,0.00,32,0,64,9,0,0,0,0,0,34,48,65,59,0,99,45,8,99,1,17,56,19,0,0
Pablo Dyego da Silva Rosa,32,763113600,1994/03/08,Serie B,2023,Forward,Ponte Preta,1107,641,466,Brazil,16,9,7,5,4,1,0,0,0,1,0,7,4,3,6,3,3,2,0,0.41,0,0.41,0.56,0.19,221,0.49,185,69,554,0,0.16,23,464,-1,1,0,6.72,0,51,20.13,15.40,14,231,11.47,172,29,14.99,16,0.00,0.00,0.60,9,0.00,1.47,0.70,0.53,8,0.00,1.20,0.00,0.00,0.00,0.27,0.53,0.00,8.33,2.18,0.87,1.40,0.00,0.80,0.19,0.00,0.73,0.00,0.00,0,0,,25,1.67,96,12,1.05,96,13,1.13,91,4,3,12,27,0.00,99,0,4,0.35,29,22,45,1.92,66,0,0.00,99,0,0.00,0,0,0.00,0,0.78,49,21,1.83,78,8,0.70,38.10,0,0.00,0,0,0,0.00,0,0,0.00,95,0.00,0,N/A,N/A,N/A,N/A,0.00,0,0.00,0,2.79,0.00,0,74.46,48.00,74,60,0.33,0.44,5,68,26,1,0,0,0.13,0.17,2,47,100.81,0.80,1.05,12,0,0.00,0.00,99,0.00,0,1,0,0.00,0.00,0,0.00,0.00,0.78,0.60,9,0,12.00,74,45,34,53,95,0.79,19,0.05,0.07,2.09,86,0.14,0.18,86,27,1.80,2.35,1.92,1.47,76,22,0.24,91,35,46,71,0,98,46,0,0.00,99,11,0.00,0.96,10.98,8.40,126,54,58,75,4.70,3.60,42.86,18,1.57,8,0,18.18,0,0.00,99,4,0.27,0.35,61,47,50,83,0,0,0,0,0,90,96,82,98,0,99,81,79,30,2,12,41,11,0,0
Pablo Fabricio Siles Morales,28,868950000,1997/07/15,Serie B,2023,Midfielder,Chapecoense,521,250,271,Uruguay,12,5,7,0,0,0,0,0,0,0,0,1,1,0,4,2,2,5,0,0,0,0,0,0,0,0.69,130,43,104,0,0.86,375,368,-1,36,0,6.59,0,51,50.10,24.17,88,290,20.25,243,84,41.98,88,0.00,0.00,0.83,10,0.00,0.67,1.38,0.67,8,0.00,0.58,0.00,0.00,0.00,0.33,0.42,0.00,0.00,1.21,0.58,0.67,0.00,0.00,0.02,0.00,0.17,0.00,0.00,0,0,,7,0.58,67,0,0.00,21,7,1.21,93,3,5,7,60,0.00,99,0,4,0.69,46,8,67,1.38,57,0,0.00,99,0,0.00,0,0,0.00,0,1.73,89,8,1.38,67,5,0.86,62.50,0,0.00,0,0,0,0.00,0,0,0.00,78,0.00,0,N/A,N/A,N/A,N/A,0.00,0,0.00,0,0.20,0.00,0,83.79,0.00,21,8,0.58,1.21,7,77,76,0,0,0,0.08,0.17,1,47,79.11,0.25,0.52,3,0,0.00,0.00,99,0.00,0,0,0,0.00,0.00,0,0.00,0.00,0.17,0.08,1,0,0.00,48,10,20,48,77,0.92,76,0.08,0.16,0.20,45,0.02,0.03,55,8,0.67,1.38,2.59,1.25,93,15,0.03,43,16,22,71,0,75,14,0,0.00,99,2,0.00,0.35,10.36,5.00,60,23,37,68,3.97,1.92,38.33,7,1.21,18,0,25.00,0,0.00,99,2,0.17,0.35,61,22,64,70,0,0,0,0,0,34,48,65,59,0,99,2,9,98,5,42,98,25,0,0
Pablo Ruan Messias Cardozo,23,1044086400,2003/02/01,Serie B,2023,Forward,Londrina,27,12,15,Brazil,2,1,1,0,0,0,0,0,0,0,0,1,0,1,0,0,0,0,0,0,0,0,0,0,0,0,0,14,0,0,0,-1,-1,-1,25,0,0.00,0,51,0.00,0.00,0,0,0.00,0,0,0.00,0,0.00,0.00,0.00,0,0.00,0.00,0.00,0.00,0,0.00,0.00,0.00,0.00,0.00,0.00,0.00,0.00,0.00,0.00,0.00,0.00,0.00,0.00,0.00,0.00,0.00,0.00,0.00,0,0,,0,0.00,9,0,0.00,21,0,0.00,10,0,1,0,4,0.00,99,0,0,0.00,9,0,32,0.00,14,0,0.00,99,0,0.00,0,0,0.00,0,0.00,6,0,0.00,8,0,0.00,0.00,0,0.00,0,0,0,0.00,0,0,0.00,99,0.00,0,N/A,N/A,N/A,N/A,0.00,0,0.00,0,0.00,0.00,0,0.00,0.00,21,99,0.00,0.00,0,12,12,0,0,0,0.00,0.00,0,20,0.00,0.00,0.00,0,0,0.00,0.00,99,0.00,0,0,0,0.00,0.00,0,0.00,0.00,0.00,0.00,0,0,0.00,48,0,0,48,0,0.00,0,0.00,0.00,0.00,14,0.00,0.00,1,0,0.00,0.00,0.00,0.00,4,0,0.00,13,0,2,71,0,45,2,0,0.00,99,0,0.00,0.00,0.00,0.00,0,0,0,0,0.00,0.00,0.00,0,0.00,99,0,0.00,0,0.00,99,0,0.00,0.00,32,0,30,9,0,0,0,0,0,34,48,65,59,0,99,92,8,8,0,0,10,20,0,0
Pablo Thiago Ferreira Thomaz,26,936687600,1999/09/07,Serie B,2023,Forward,Guarani,371,129,242,Brazil,13,7,6,1,1,0,0,0,0,0,0,5,2,3,3,1,2,1,0,0.24,0,0.24,0.7,0,371,0.73,124,29,371,0,0.24,72,329,-1,8,0,6.75,0,51,22.06,6.33,19,76,4.67,56,26,16.26,20,0.00,0.00,0.17,2,0.00,1.33,1.45,0.42,5,0.00,0.00,0.00,0.00,0.00,0.25,0.33,0.00,2.00,0.58,0.08,0.67,0.00,0.08,0.06,0.00,0.58,0.00,0.00,0,0,,2,0.17,41,1,0.29,55,1,0.29,28,2,11,1,63,0.00,99,0,3,0.87,55,16,80,4.65,91,0,0.00,99,0,0.00,0,0,0.00,0,0.58,37,8,2.32,87,4,1.16,50.00,0,0.00,0,0,0,0.00,0,0,0.00,71,0.00,0,N/A,N/A,N/A,N/A,0.00,0,0.00,0,0.69,0.00,0,73.68,50.00,83,75,0.08,0.29,1,88,55,0,0,0,0.00,0.00,0,20,80.97,0.08,0.29,1,0,0.00,0.00,99,0.00,0,0,0,0.00,0.00,0,0.00,0.00,0.00,0.00,0,0,50.00,99,1,24,61,71,0.22,14,0.02,0.06,0.69,89,0.06,0.20,98,12,1.00,3.48,3.48,1.00,99,12,0.20,85,41,11,71,0,45,85,0,0.00,99,7,0.00,2.03,15.68,4.50,54,28,98,97,8.13,2.33,51.85,0,0.00,99,0,31.25,0,0.00,99,5,0.42,1.45,93,0,88,53,0,0,0,0,0,74,88,65,99,0,99,59,59,50,1,8,26,7,0,0
Patricio Federico Gregorio Altamiranda,27,920188800,1999/02/28,Serie B,2023,Midfielder,Tombense,0,0,0,Uruguay,0,0,0,0,0,0,0,0,0,0,0,0,0,0,0,0,0,0,0,0,0,0,0,0,0,0,0,0,0,0,0,-1,-1,-1,-1,N/A,N/A,N/A,N/A,N/A,N/A,N/A,N/A,N/A,N/A,N/A,N/A,N/A,N/A,N/A,N/A,N/A,N/A,N/A,N/A,N/A,N/A,N/A,N/A,N/A,N/A,N/A,N/A,N/A,N/A,N/A,N/A,N/A,N/A,N/A,N/A,N/A,N/A,N/A,N/A,N/A,N/A,N/A,N/A,N/A,N/A,N/A,N/A,N/A,N/A,N/A,N/A,N/A,N/A,N/A,N/A,N/A,N/A,N/A,N/A,N/A,N/A,N/A,N/A,N/A,N/A,N/A,N/A,N/A,N/A,N/A,N/A,N/A,N/A,N/A,N/A,N/A,N/A,N/A,N/A,N/A,N/A,N/A,N/A,N/A,N/A,N/A,N/A,N/A,N/A,N/A,N/A,N/A,N/A,N/A,N/A,N/A,N/A,N/A,N/A,N/A,N/A,N/A,N/A,N/A,N/A,N/A,N/A,N/A,N/A,N/A,N/A,N/A,N/A,N/A,N/A,N/A,N/A,N/A,N/A,N/A,N/A,N/A,N/A,N/A,N/A,N/A,N/A,N/A,N/A,N/A,N/A,N/A,N/A,N/A,N/A,N/A,N/A,N/A,N/A,N/A,N/A,N/A,N/A,N/A,N/A,N/A,N/A,N/A,N/A,N/A,N/A,N/A,N/A,N/A,N/A,N/A,N/A,N/A,N/A,N/A,N/A,N/A,N/A,N/A,N/A,N/A,N/A,N/A,N/A,N/A,N/A,N/A,N/A,N/A,N/A,N/A,N/A,N/A,N/A,N/A,N/A,N/A,N/A,N/A,N/A,N/A,N/A,N/A,N/A,N/A,N/A,N/A,N/A,N/A,N/A,N/A,N/A,N/A,N/A,N/A,N/A,N/A,N/A,N/A,N/A,N/A,N/A,N/A,N/A,N/A,N/A,N/A,N/A,N/A,N/A,N/A,N/A,N/A,N/A,N/A,N/A,N/A,N/A
Patrick Allan da Silva Mol Gonçalves,31,788256000,1994/12/24,Serie B,2023,Midfielder,Sampaio Corrêa,138,50,88,Brazil,4,2,2,1,1,0,0,0,0,0,0,2,1,1,1,0,1,0,0,0.65,0,0.65,1.8,0,138,0.65,138,35,0,0,0,-1,-1,-1,11,0,6.96,0,51,36.38,12.67,52,38,10.67,32,86,30.64,60,0.00,0.00,0.00,0,0.00,1.00,2.87,1.00,3,0.00,0.67,0.00,0.00,0.00,0.67,0.33,0.00,3.00,2.87,0.67,0.33,0.00,0.33,0.22,0.00,0.00,0.00,0.00,0,0,,3,1.00,99,1,0.96,92,2,1.91,99,0,3,0,98,0.00,99,0,2,1.91,96,3,86,2.87,76,0,0.00,99,0,0.00,0,0,0.00,0,0.00,6,1,0.96,49,1,0.96,100.00,0,0.00,0,0,0,0.00,0,0,0.00,84,0.00,0,N/A,N/A,N/A,N/A,0.00,0,0.00,0,0.67,0.00,0,84.21,33.33,49,19,0.33,0.96,1,81,99,0,0,0,0.00,0.00,0,20,20.88,0.00,0.00,0,0,0.00,0.00,99,0.00,0,0,0,0.00,0.00,0,0.00,0.00,0.00,0.00,0,0,33.33,98,0,0,49,83,0.08,27,0.03,0.08,0.67,99,0.22,0.64,75,2,0.67,1.91,0.00,0.00,4,0,0.64,99,80,2,71,0,45,2,0,0.00,99,0,0.00,0.00,9.57,3.33,10,6,81,59,5.74,2.00,60.00,2,1.91,3,0,33.33,0,0.00,99,1,0.33,0.96,86,0,50,9,0,0,0,0,0,99,99,65,99,0,99,92,8,8,0,0,10,15,0,0
Patrick Carvalho dos Santos,29,855216000,1997/02/06,Serie B,2023,Forward,Sampaio Corrêa,109,73,36,Brazil,5,3,2,0,0,0,0,0,0,0,0,1,1,0,2,2,0,0,0,0,0,0,0,0,0,1.65,55,22,0,0,0,-1,-1,-1,38,0,6.52,0,51,14.86,3.60,4,18,2.00,10,0,8.26,0,0.00,0.00,0.20,1,0.00,0.00,0.00,0.00,0,0.00,0.20,0.00,0.00,0.00,0.00,0.00,0.00,0.00,0.83,0.20,0.00,0.00,0.00,0.01,0.00,0.60,0.00,0.00,0,0,,1,0.20,55,0,0.00,21,1,0.83,77,1,4,1,4,0.00,99,0,0,0.00,9,0,32,0.00,14,0,0.00,99,0,0.00,0,0,0.00,0,0.83,53,0,0.00,8,0,0.00,0.00,0,0.00,0,0,0,0.00,0,0,0.00,2,0.00,0,N/A,N/A,N/A,N/A,0.00,0,0.00,0,0.03,0.00,0,55.56,0.00,21,99,0.00,0.00,0,12,12,0,0,0,0.00,0.00,0,20,32.61,0.00,0.00,0,0,0.00,0.00,99,0.00,0,0,0,0.00,0.00,0,0.00,0.00,0.83,0.20,1,0,0.00,48,0,1,48,2,0.06,10,0.01,0.05,0.03,38,0.01,0.02,88,3,0.60,2.48,2.48,0.60,91,3,0.02,37,12,2,71,0,99,91,0,0.00,99,3,0.00,2.48,10.73,2.60,13,6,65,72,4.95,1.20,46.15,1,0.83,35,0,0.00,0,0.00,99,0,0.00,0.00,32,0,56,33,0,0,0,0,0,34,48,65,59,0,99,12,8,8,0,0,10,21,0,0
Patrick de Carvalho Brey,28,865494000,1997/06/05,Serie B,2023,Defender,Botafogo SP,2357,1305,1052,Brazil,30,16,14,1,1,0,1,0,1,0,0,13,9,4,21,11,10,5,0,0.08,0.04,0.04,0.07,0,2357,0.8,112,79,471,2357,0.19,256,241,77,7,0,6.91,0.03,57,34.02,29.55,47,857,21.28,617,19,24.49,43,0.00,0.00,1.00,29,0.00,2.69,2.30,2.00,58,0.00,1.14,0.00,0.00,0.00,1.10,1.17,0.00,12.00,0.48,0.24,2.14,0.00,0.17,0.04,0.00,1.21,0.00,0.00,0,0,,12,0.41,35,5,0.20,44,7,0.28,27,1,4,25,93,0.00,99,0,32,1.27,78,78,47,3.10,80,0,0.00,99,0,0.00,0,0,0.00,0,1.15,70,62,2.46,89,34,1.35,54.84,0,0.00,0,0,0,0.00,0,0,0.00,63,0.00,0,N/A,N/A,N/A,N/A,0.00,0,0.00,0,1.06,0.00,0,72.00,41.67,62,50,0.45,0.52,13,92,62,0,0,0,0.07,0.08,2,29,200.31,1.79,2.06,52,0,0.00,0.00,99,0.00,0,0,1,0.03,0.04,0,0.00,0.00,0.20,0.17,5,0,8.33,63,84,79,98,63,2.79,50,0.10,0.11,1.06,49,0.04,0.04,88,63,2.17,2.50,1.87,1.62,74,47,0.04,47,72,74,79,0,78,64,0,0.00,99,35,0.00,1.39,13.22,11.48,333,190,96,91,7.54,6.55,57.06,33,1.31,15,0,19.23,0,0.00,99,15,0.52,0.60,73,80,56,33,0,0,0,0,0,44,52,65,62,0,99,77,72,37,5,17,56,16,0,0
Patrick Marcelino,32,762768000,1994/03/04,Serie B,2023,Defender,Londrina,1422,612,810,Brazil,16,7,9,0,0,0,0,0,0,0,0,5,3,2,23,7,16,2,0,0,0,0,0,0,0,1.46,62,89,711,0,0.13,513,541,209,33,0,6.99,0,51,42.15,41.62,71,666,33.19,531,61,33.61,69,0.00,0.00,0.44,7,0.00,0.00,1.20,1.19,19,0.00,0.12,0.00,0.00,0.00,1.12,0.00,0.00,0.00,0.44,0.31,0.00,0.00,0.12,0.01,0.00,2.38,0.00,0.00,0,0,,7,0.44,30,2,0.13,33,5,0.32,33,1,0,16,51,0.00,99,0,18,1.14,71,0,32,0.00,14,0,0.00,99,0,0.00,0,0,0.00,0,0.44,30,0,0.00,8,0,0.00,0.00,0,0.00,0,0,0,0.00,0,0,0.00,5,0.00,0,N/A,N/A,N/A,N/A,0.00,0,0.00,0,0.23,0.00,0,79.73,28.57,40,72,0.31,0.32,5,12,12,0,0,0,1.25,1.27,20,99,111.79,4.81,4.87,77,0,0.00,0.00,99,0.00,0,0,0,0.00,0.00,0,0.00,0.00,0.06,0.06,1,0,0.00,48,58,34,48,7,1.28,27,0.08,0.08,0.23,27,0.01,0.01,19,8,0.50,0.51,0.82,0.81,19,13,0.01,26,83,96,71,0,53,91,0,0.00,99,38,0.00,2.41,7.47,7.38,118,65,41,33,4.11,4.06,55.08,2,0.13,81,0,0.00,0,0.00,99,0,0.00,0.00,32,58,19,33,0,0,0,0,0,34,48,65,59,0,99,36,87,22,2,12,41,3,0,0
Paul Breitner Villero Arevalo,27,907743600,1998/10/07,Serie B,2023,Forward,Ponte Preta,209,65,144,Colombia,8,4,4,1,1,0,0,0,0,0,0,4,3,1,3,0,3,2,0,0.43,0,0.43,1.38,0,209,1.29,70,26,105,0,0.86,-1,-1,-1,11,0,0.00,0,51,0.00,0.00,0,0,0.00,0,0,0.00,0,0.00,0.00,0.00,0,0.00,0.00,0.00,0.00,0,0.00,0.00,0.00,0.00,0.00,0.00,0.00,0.00,0.00,0.00,0.00,0.00,0.00,0.00,0.00,0.00,0.00,0.00,0.00,0,0,,0,0.00,9,0,0.00,21,0,0.00,10,3,5,2,4,0.00,99,0,0,0.00,9,0,32,0.00,14,0,0.00,99,0,0.00,0,0,0.00,0,0.00,6,0,0.00,8,0,0.00,0.00,0,0.00,0,0,0,0.00,0,0,0.00,12,0.00,0,N/A,N/A,N/A,N/A,0.00,0,0.00,0,0.00,0.00,0,0.00,0.00,21,99,0.00,0.00,0,12,12,0,0,0,0.00,0.00,0,20,0.00,0.00,0.00,0,0,0.00,0.00,99,0.00,0,0,0,0.00,0.00,0,0.00,0.00,0.00,0.00,0,0,0.00,48,0,6,52,13,0.00,0,0.00,0.00,0.00,14,0.00,0.00,1,0,0.00,0.00,0.00,0.00,4,0,0.00,13,0,2,71,0,45,2,0,0.00,99,0,0.00,0.00,0.00,0.00,0,0,0,0,0.00,0.00,0.00,0,0.00,99,0,0.00,0,0.00,99,0,0.00,0.00,32,1,64,70,0,0,0,0,0,91,97,65,99,0,99,92,27,81,1,0,10,11,0,0
Paulo Cesar Fonseca Brandão,23,1033282800,2002/09/29,Serie B,2023,Forward,Sport Recife,44,0,44,Brazil,1,0,1,0,0,0,0,0,0,0,0,1,0,1,0,0,0,0,0,0,0,0,0,0,0,0,0,44,0,0,0,-1,-1,-1,30,0,0.00,0,51,0.00,0.00,0,0,0.00,0,0,0.00,0,0.00,0.00,0.00,0,0.00,0.00,0.00,0.00,0,0.00,0.00,0.00,0.00,0.00,0.00,0.00,0.00,0.00,0.00,0.00,0.00,0.00,0.00,0.00,0.00,0.00,0.00,0.00,0,0,,0,0.00,9,0,0.00,21,0,0.00,10,1,1,0,4,0.00,99,0,0,0.00,9,0,32,0.00,14,0,0.00,99,0,0.00,0,0,0.00,0,0.00,6,0,0.00,8,0,0.00,0.00,0,0.00,0,0,0,0.00,0,0,0.00,99,0.00,0,N/A,N/A,N/A,N/A,0.00,0,0.00,0,0.00,0.00,0,0.00,0.00,21,99,0.00,0.00,0,12,12,0,0,0,0.00,0.00,0,20,0.00,0.00,0.00,0,0,0.00,0.00,99,0.00,0,0,0,0.00,0.00,0,0.00,0.00,0.00,0.00,0,0,0.00,48,0,0,48,0,0.00,0,0.00,0.00,0.00,14,0.00,0.00,1,0,0.00,0.00,0.00,0.00,4,0,0.00,13,0,2,71,0,45,2,0,0.00,99,0,0.00,0.00,0.00,0.00,0,0,0,0,0.00,0.00,0.00,0,0.00,99,0,0.00,0,0.00,99,0,0.00,0.00,32,0,30,33,0,0,0,0,0,34,48,65,59,0,99,99,8,8,0,0,10,53,0,0
Paulo de Souza Junior,30,813394800,1995/10/11,Serie B,2023,Forward,Tombense,1024,591,433,Brazil,22,12,10,1,0,1,1,1,0,0,0,3,2,1,10,5,5,6,0,0.18,0.09,0.09,0,0.21,1024,0.88,102,47,171,1024,0.53,205,149,-1,7,0,6.74,0.05,74,18.21,9.29,8,195,6.76,142,22,13.26,10,0.00,0.00,0.48,10,0.00,1.19,0.65,0.33,7,0.00,0.48,0.00,0.00,0.00,0.19,0.43,0.00,21.00,1.96,0.71,1.05,0.00,0.29,0.06,0.00,0.43,0.00,0.00,0,0,,21,1.00,92,6,0.56,73,15,1.40,96,6,9,12,24,0.00,99,0,4,0.37,30,25,41,2.33,70,0,0.00,99,0,0.00,0,0,0.00,0,0.93,59,22,2.05,83,9,0.84,40.91,0,0.00,0,0,0,0.00,0,0,0.00,52,0.00,0,N/A,N/A,N/A,N/A,0.00,0,0.00,0,1.29,0.00,0,72.82,28.57,40,67,0.19,0.37,4,76,32,0,0,0,0.10,0.19,2,52,141.45,0.29,0.56,6,0,0.00,0.00,99,0.00,0,0,0,0.00,0.00,0,0.00,0.00,0.56,0.29,6,0,4.76,51,41,54,87,52,1.24,55,0.06,0.12,1.29,73,0.06,0.12,90,28,1.33,2.61,1.31,0.67,45,14,0.12,70,40,24,71,0,93,41,0,0.00,99,9,0.00,0.84,10.92,5.57,117,53,65,74,4.95,2.52,45.30,10,0.93,28,0,16.00,0,0.00,99,4,0.19,0.37,62,47,83,94,0,0,0,0,0,66,63,84,59,0,99,5,18,91,5,23,73,17,0,0
Paulo Eduardo,24,1013673600,2002/02/14,Serie B,2023,Defender,Novorizontino,197,116,81,Brazil,5,4,1,0,0,0,0,0,0,0,0,3,3,0,1,0,1,3,0,0,0,0,0,0,0,0.46,197,39,66,0,1.37,-1,-1,-1,14,0,0.00,0,51,0.00,0.00,0,0,0.00,0,0,0.00,0,0.00,0.00,0.00,0,0.00,0.00,0.00,0.00,0,0.00,0.00,0.00,0.00,0.00,0.00,0.00,0.00,0.00,0.00,0.00,0.00,0.00,0.00,0.00,0.00,0.00,0.00,0.00,0,0,,0,0.00,9,0,0.00,21,0,0.00,10,2,3,2,4,0.00,99,0,0,0.00,9,0,32,0.00,14,0,0.00,99,0,0.00,0,0,0.00,0,0.00,6,0,0.00,8,0,0.00,0.00,0,0.00,0,0,0,0.00,0,0,0.00,96,0.00,0,N/A,N/A,N/A,N/A,0.00,0,0.00,0,0.00,0.00,0,0.00,0.00,21,99,0.00,0.00,0,12,12,0,0,0,0.00,0.00,0,20,0.00,0.00,0.00,0,0,0.00,0.00,99,0.00,0,0,0,0.00,0.00,0,0.00,0.00,0.00,0.00,0,0,0.00,48,0,1,48,96,0.00,0,0.00,0.00,0.00,14,0.00,0.00,1,0,0.00,0.00,0.00,0.00,4,0,0.00,13,0,2,71,0,45,2,0,0.00,99,0,0.00,0.00,0.00,0.00,0,0,0,0,0.00,0.00,0.00,0,0.00,99,0,0.00,0,0.00,99,0,0.00,0.00,32,1,50,53,0,0,0,0,0,34,48,65,59,0,99,97,8,99,2,0,10,14,0,0
Paulo Henrique Silva Ribeiro,26,932972400,1999/07/26,Serie B,2023,Forward,Ponte Preta,942,475,467,Brazil,24,12,12,2,1,1,0,0,0,0,0,11,7,4,5,2,3,1,0,0.19,0,0.19,0.19,0.19,471,0.48,188,39,942,0,0.1,101,352,-1,4,0,6.92,0,51,29.14,12.71,37,305,9.54,229,33,21.88,35,0.00,0.00,0.58,14,0.00,2.50,1.05,0.46,11,0.00,0.12,0.00,0.00,0.00,0.17,0.38,0.00,15.50,2.96,0.67,0.92,0.00,0.62,0.10,0.00,0.33,0.00,0.00,0,0,,31,1.29,99,15,1.43,99,16,1.53,97,5,16,8,44,0.00,99,0,4,0.38,31,60,44,5.73,95,0,0.00,99,0,0.00,0,0,0.00,0,1.34,78,22,2.10,84,9,0.86,40.91,0,0.00,0,0,0,0.00,0,0,0.00,95,0.00,0,N/A,N/A,N/A,N/A,0.00,0,0.00,0,2.39,0.00,0,75.08,48.39,75,46,0.25,0.57,6,77,32,0,0,0,0.04,0.10,1,31,166.03,0.21,0.48,5,0,0.00,0.00,99,0.00,0,0,1,0.04,0.10,0,0.00,0.00,0.19,0.08,2,0,6.45,55,36,61,67,95,1.08,45,0.05,0.10,2.39,93,0.10,0.23,84,24,1.00,2.29,0.86,0.38,22,9,0.23,90,74,21,92,0,78,36,0,0.00,99,8,0.00,0.76,9.17,4.00,96,52,66,51,4.97,2.17,54.17,3,0.29,71,0,16.67,0,0.00,99,10,0.42,0.96,86,28,95,89,0,0,0,0,0,67,82,82,78,0,99,85,93,16,1,4,12,16,0,0
Paulo Roberto Moccelin,32,763804800,1994/03/16,Serie B,2023,Forward,Londrina,2482,1308,1174,Brazil,31,16,15,5,4,1,2,0,2,0,0,9,6,3,39,15,24,11,2,0.25,0.07,0.18,0.28,0.08,496,1.41,64,80,191,1241,0.47,114,196,-1,2,0,6.88,0.06,67,27.52,24.48,33,759,18.32,568,31,20.60,32,0.00,0.00,1.35,42,0.00,3.23,1.74,1.55,48,0.00,1.16,0.00,0.00,0.00,0.13,1.71,0.00,6.60,1.20,0.61,3.71,0.00,0.45,0.14,0.00,0.29,0.00,0.00,0,0,,33,1.06,67,14,0.51,70,19,0.69,70,8,1,30,76,0.00,99,0,4,0.15,16,100,51,3.63,85,0,0.00,99,0,0.00,0,0,0.00,0,1.52,84,115,4.17,98,53,1.92,46.09,0,0.00,0,0,0,0.00,0,0,0.00,7,0.00,0,N/A,N/A,N/A,N/A,0.00,0,0.00,0,4.24,0.00,0,74.84,42.42,63,4,1.23,1.38,38,96,41,0,0,0,0.23,0.25,7,59,213.27,0.23,0.25,7,0,0.00,0.00,99,0.00,0,0,0,0.00,0.00,0,0.00,0.00,0.07,0.06,2,1,15.15,80,87,83,68,7,3.73,68,0.12,0.14,4.24,80,0.14,0.15,69,48,1.55,1.74,1.92,1.71,76,53,0.15,78,65,10,71,0,55,14,0,0.00,99,9,0.00,0.33,12.95,11.52,357,158,81,89,5.73,5.10,44.26,36,1.31,15,0,20.00,0,0.00,99,20,0.65,0.73,78,90,30,99,0,0,0,0,0,75,81,70,88,0,99,29,23,86,9,29,84,7,0,0
Paulo Roberto Valoura Junior,40,511689600,1986/03/20,Serie B,2023,Midfielder,CRB,1535,928,607,Brazil,31,17,14,1,0,1,4,2,2,0,0,11,9,2,14,6,8,3,0,0.29,0.23,0.06,0,0.15,1535,0.82,110,50,512,384,0.18,238,35,-1,9,0,6.79,0.13,96,54.64,30.06,95,932,25.68,796,90,46.67,97,0.00,0.00,1.03,32,0.00,2.00,2.29,1.26,39,0.00,0.48,0.00,0.00,0.00,0.35,0.52,0.00,18.00,1.06,0.45,0.74,0.00,0.13,0.04,0.00,0.42,0.00,0.00,0,0,,18,0.58,63,4,0.23,49,14,0.82,76,6,14,17,92,0.00,99,0,11,0.64,43,62,80,3.64,85,0,0.00,99,0,0.00,0,0,0.00,0,1.88,92,23,1.35,66,16,0.94,69.57,0,0.00,0,0,0,0.00,0,0,0.00,60,0.00,0,N/A,N/A,N/A,N/A,0.00,0,0.00,0,1.20,0.00,0,85.41,22.22,33,11,0.61,1.11,19,80,84,0,0,0,0.06,0.12,2,36,210.34,0.29,0.53,9,0,0.00,0.00,99,0.00,0,0,1,0.03,0.06,0,0.00,0.00,0.00,0.00,0,0,5.56,54,62,83,94,60,5.33,98,0.17,0.31,1.20,60,0.04,0.07,84,39,1.26,2.29,1.88,1.03,74,32,0.07,58,49,22,84,0,45,36,0,0.00,99,13,0.00,0.76,11.61,6.39,198,107,88,80,6.27,3.45,54.04,15,0.88,31,0,30.65,0,0.00,99,19,0.61,1.11,89,61,93,94,0,0,0,0,0,81,56,78,59,0,99,48,75,35,3,10,33,8,0,0
Paulo Sérgio de Oliveira,37,610786800,1989/05/10,Serie B,2023,Midfielder,Mirassol,19,19,0,Brazil,1,1,0,0,0,0,0,0,0,0,0,0,0,0,0,0,0,0,0,0,0,0,0,0,0,0,0,19,0,0,0,-1,-1,-1,23,0,6.20,0,51,0.00,0.00,0,0,0.00,0,0,0.00,0,0.00,0.00,0.00,0,0.00,0.00,0.00,0.00,0,0.00,0.00,0.00,0.00,0.00,0.00,0.00,0.00,0.00,0.00,0.00,0.00,0.00,0.00,0.00,0.00,0.00,0.00,0.00,0,0,,0,0.00,9,0,0.00,21,0,0.00,10,0,1,0,4,0.00,99,0,0,0.00,9,0,32,0.00,14,0,0.00,99,0,0.00,0,0,0.00,0,0.00,6,0,0.00,8,0,0.00,0.00,0,0.00,0,0,0,0.00,0,0,0.00,99,0.00,0,N/A,N/A,N/A,N/A,0.00,0,0.00,0,0.00,0.00,0,0.00,0.00,21,99,0.00,0.00,0,12,12,0,0,0,0.00,0.00,0,20,6.20,0.00,0.00,0,0,0.00,0.00,99,0.00,0,0,0,0.00,0.00,0,0.00,0.00,0.00,0.00,0,0,0.00,48,0,0,48,0,0.00,0,0.00,0.00,0.00,14,0.00,0.00,1,0,0.00,0.00,0.00,0.00,4,0,0.00,13,3,2,71,0,45,2,0,0.00,99,0,0.00,0.00,0.00,0.00,0,0,0,0,0.00,0.00,0.00,0,0.00,99,0,0.00,0,0.00,99,0,0.00,0.00,32,0,30,9,0,0,0,0,0,34,48,65,59,0,99,1,8,8,0,0,10,21,0,0
Paulo Sérgio Luiz de Souza,36,613551600,1989/06/11,Serie B,2023,Forward,ABC,1102,553,549,Brazil,18,9,9,4,2,2,0,0,0,0,0,5,3,2,12,6,6,3,0,0.33,0,0.33,0.33,0.33,276,0.98,92,61,367,0,0.25,36,332,-1,2,0,6.72,0,51,22.46,15.28,20,275,10.89,196,17,16.01,20,0.00,0.00,0.50,9,0.00,0.28,0.33,0.22,4,0.00,0.50,0.00,0.00,0.00,0.28,0.17,0.00,3.25,1.06,0.39,0.72,0.00,0.33,0.15,0.00,0.72,0.00,0.00,0,0,,13,0.72,63,6,0.49,69,7,0.57,60,7,6,12,10,0.00,99,0,5,0.41,32,5,92,0.41,39,0,0.00,99,0,0.00,0,0,0.00,0,0.74,48,13,1.06,55,3,0.25,23.08,0,0.00,0,0,0,0.00,0,0,0.00,38,0.00,0,N/A,N/A,N/A,N/A,0.00,0,0.00,0,2.79,0.00,0,71.27,46.15,71,80,0.17,0.25,3,33,15,0,0,0,0.11,0.16,2,44,120.93,0.56,0.82,10,0,0.00,0.00,99,0.00,0,0,0,0.00,0.00,0,0.00,0.00,0.33,0.22,4,0,30.77,98,44,41,55,39,0.78,14,0.04,0.06,2.79,93,0.15,0.23,80,26,1.44,2.12,1.96,1.33,78,24,0.23,90,35,37,71,0,86,52,0,0.00,99,13,0.00,1.06,9.56,6.50,117,46,32,58,3.76,2.56,39.32,9,0.74,42,0,40.00,0,0.00,99,2,0.11,0.16,49,47,70,98,0,0,0,0,0,85,94,92,90,0,99,29,58,51,3,17,56,9,0,0
Paulo Victor de Almeida Barbosa,25,987145200,2001/04/13,Serie B,2023,Defender,Ceará,896,539,357,Brazil,12,7,5,0,0,0,0,0,0,0,0,4,3,1,12,5,7,5,0,0,0,0,0,0,0,1.21,75,75,179,0,0.5,283,343,180,23,0,6.72,0,51,29.81,24.27,38,267,17.18,189,15,21.10,33,0.00,0.00,0.91,10,0.00,1.45,2.12,1.73,19,0.00,0.36,0.00,0.00,0.00,0.73,0.91,0.00,0.00,0.33,0.27,2.09,0.00,0.00,0.01,0.00,0.55,0.00,0.00,0,0,,3,0.27,21,0,0.00,21,3,0.33,35,3,0,11,90,0.00,99,0,8,0.89,57,16,97,1.79,65,0,0.00,99,0,0.00,0,0,0.00,0,1.12,68,23,2.57,91,10,1.12,43.48,0,0.00,0,0,0,0.00,0,0,0.00,16,0.00,0,N/A,N/A,N/A,N/A,0.00,0,0.00,0,0.09,0.00,0,70.79,0.00,21,22,0.73,0.89,8,86,38,0,0,0,0.18,0.22,2,56,73.91,1.73,2.12,19,0,0.00,0.00,99,0.00,0,0,0,0.00,0.00,0,0.00,0.00,0.00,0.00,0,0,0.00,48,34,20,48,17,0.79,36,0.07,0.09,0.09,27,0.01,0.01,39,8,0.73,0.89,1.34,1.09,47,12,0.01,26,35,76,71,0,45,31,0,0.00,99,6,0.00,0.67,9.27,7.55,83,43,61,54,4.80,3.91,51.81,4,0.45,62,0,56.25,0,0.00,99,9,0.82,1.00,87,42,19,70,0,0,0,0,0,34,48,65,59,0,99,45,21,87,5,42,98,21,0,0
Paulo Victor Ferreira de Jesus,25,985161600,2001/03/21,Serie B,2023,Forward,Ceará,1410,722,688,Brazil,18,9,9,4,3,1,0,0,0,0,0,4,2,2,14,5,9,5,0,0.26,0,0.26,0.37,0.13,353,0.89,101,78,282,0,0.32,69,420,-1,2,0,7.02,0,51,20.20,17.31,14,277,11.44,183,7,13.35,11,0.00,0.00,0.56,9,0.00,0.50,1.90,1.62,26,0.00,1.12,0.00,0.00,0.00,0.38,0.94,0.00,3.50,1.02,0.38,1.50,0.00,0.50,0.18,0.00,2.19,0.00,0.00,0,0,,14,0.88,62,8,0.58,73,6,0.44,48,2,1,17,84,0.00,99,0,6,0.44,34,8,37,0.58,44,0,0.00,99,0,0.00,0,0,0.00,0,0.66,43,24,1.75,76,15,1.09,62.50,0,0.00,0,0,0,0.00,0,0,0.00,50,0.00,0,N/A,N/A,N/A,N/A,0.00,0,0.00,0,2.87,0.00,0,66.06,57.14,90,51,0.44,0.51,7,86,76,0,0,0,0.06,0.07,1,27,112.34,1.44,1.68,23,0,0.00,0.00,99,0.00,0,0,0,0.00,0.00,0,0.00,0.00,0.58,0.50,8,0,28.57,96,57,41,60,49,0.65,10,0.04,0.05,2.87,90,0.18,0.21,80,29,1.81,2.12,2.63,2.25,94,36,0.21,87,87,66,71,0,94,92,0,0.00,99,35,0.00,2.55,15.39,13.19,211,105,97,97,7.66,6.56,49.76,18,1.31,15,0,12.50,0,0.00,99,1,0.06,0.07,39,61,30,53,0,1,0,6,0,77,89,76,91,0,99,15,45,63,5,28,82,11,0,0
Paulo Vitor Freitas Souza,35,653468400,1990/09/16,Serie B,2023,Goalkeeper,Tombense,0,0,0,Brazil,0,0,0,0,0,0,0,0,0,0,0,0,0,0,0,0,0,0,0,0,0,0,0,0,0,0,0,0,0,0,0,-1,-1,-1,-1,N/A,N/A,N/A,N/A,N/A,N/A,N/A,N/A,N/A,N/A,N/A,N/A,N/A,N/A,N/A,N/A,N/A,N/A,N/A,N/A,N/A,N/A,N/A,N/A,N/A,N/A,N/A,N/A,N/A,N/A,N/A,N/A,N/A,N/A,N/A,N/A,N/A,N/A,N/A,N/A,N/A,N/A,N/A,N/A,N/A,N/A,N/A,N/A,N/A,N/A,N/A,N/A,N/A,N/A,N/A,N/A,N/A,N/A,N/A,N/A,N/A,N/A,N/A,N/A,N/A,N/A,N/A,N/A,N/A,N/A,N/A,N/A,N/A,N/A,N/A,N/A,N/A,N/A,N/A,N/A,N/A,N/A,N/A,N/A,N/A,N/A,N/A,N/A,N/A,N/A,N/A,N/A,N/A,N/A,N/A,N/A,N/A,N/A,N/A,N/A,N/A,N/A,N/A,N/A,N/A,N/A,N/A,N/A,N/A,N/A,N/A,N/A,N/A,N/A,N/A,N/A,N/A,N/A,N/A,N/A,N/A,N/A,N/A,N/A,N/A,N/A,N/A,N/A,N/A,N/A,N/A,N/A,N/A,N/A,N/A,N/A,N/A,N/A,N/A,N/A,N/A,N/A,N/A,N/A,N/A,N/A,N/A,N/A,N/A,N/A,N/A,N/A,N/A,N/A,N/A,N/A,N/A,N/A,N/A,N/A,N/A,N/A,N/A,N/A,N/A,N/A,N/A,N/A,N/A,N/A,N/A,N/A,N/A,N/A,N/A,N/A,N/A,N/A,N/A,N/A,N/A,N/A,N/A,N/A,N/A,N/A,N/A,N/A,N/A,N/A,N/A,N/A,N/A,N/A,N/A,N/A,N/A,N/A,N/A,N/A,N/A,N/A,N/A,N/A,N/A,N/A,N/A,N/A,N/A,N/A,N/A,N/A,N/A,N/A,N/A,N/A,N/A,N/A,N/A,N/A,N/A,N/A,N/A,N/A
Pedro Antônio Alves Marinho,24,1019113200,2002/04/18,Serie B,2023,Goalkeeper,Vitória,0,0,0,Brazil,0,0,0,0,0,0,0,0,0,0,0,0,0,0,0,0,0,0,0,0,0,0,0,0,0,0,0,0,0,0,0,-1,-1,-1,-1,N/A,N/A,N/A,N/A,N/A,N/A,N/A,N/A,N/A,N/A,N/A,N/A,N/A,N/A,N/A,N/A,N/A,N/A,N/A,N/A,N/A,N/A,N/A,N/A,N/A,N/A,N/A,N/A,N/A,N/A,N/A,N/A,N/A,N/A,N/A,N/A,N/A,N/A,N/A,N/A,N/A,N/A,N/A,N/A,N/A,N/A,N/A,N/A,N/A,N/A,N/A,N/A,N/A,N/A,N/A,N/A,N/A,N/A,N/A,N/A,N/A,N/A,N/A,N/A,N/A,N/A,N/A,N/A,N/A,N/A,N/A,N/A,N/A,N/A,N/A,N/A,N/A,N/A,N/A,N/A,N/A,N/A,N/A,N/A,N/A,N/A,N/A,N/A,N/A,N/A,N/A,N/A,N/A,N/A,N/A,N/A,N/A,N/A,N/A,N/A,N/A,N/A,N/A,N/A,N/A,N/A,N/A,N/A,N/A,N/A,N/A,N/A,N/A,N/A,N/A,N/A,N/A,N/A,N/A,N/A,N/A,N/A,N/A,N/A,N/A,N/A,N/A,N/A,N/A,N/A,N/A,N/A,N/A,N/A,N/A,N/A,N/A,N/A,N/A,N/A,N/A,N/A,N/A,N/A,N/A,N/A,N/A,N/A,N/A,N/A,N/A,N/A,N/A,N/A,N/A,N/A,N/A,N/A,N/A,N/A,N/A,N/A,N/A,N/A,N/A,N/A,N/A,N/A,N/A,N/A,N/A,N/A,N/A,N/A,N/A,N/A,N/A,N/A,N/A,N/A,N/A,N/A,N/A,N/A,N/A,N/A,N/A,N/A,N/A,N/A,N/A,N/A,N/A,N/A,N/A,N/A,N/A,N/A,N/A,N/A,N/A,N/A,N/A,N/A,N/A,N/A,N/A,N/A,N/A,N/A,N/A,N/A,N/A,N/A,N/A,N/A,N/A,N/A,N/A,N/A,N/A,N/A,N/A,N/A
Pedro Antonio Pimentel Ferreira,24,1014192000,2002/02/20,Serie B,2023,Forward,Ceará,265,133,132,Brazil,12,7,5,0,0,0,0,0,0,0,0,4,4,0,4,2,2,1,0,0,0,0,0,0,0,1.36,66,22,265,0,0.34,-1,-1,-1,28,0,0.00,0,51,0.00,0.00,0,0,0.00,0,0,0.00,0,0.00,0.00,0.00,0,0.00,0.00,0.00,0.00,0,0.00,0.00,0.00,0.00,0.00,0.00,0.00,0.00,0.00,0.00,0.00,0.00,0.00,0.00,0.00,0.00,0.00,0.00,0.00,0,0,,0,0.00,9,0,0.00,21,0,0.00,10,5,10,1,4,0.00,99,0,0,0.00,9,0,32,0.00,14,0,0.00,99,0,0.00,0,0,0.00,0,0.00,6,0,0.00,8,0,0.00,0.00,0,0.00,0,0,0,0.00,0,0,0.00,9,0.00,0,N/A,N/A,N/A,N/A,0.00,0,0.00,0,0.00,0.00,0,0.00,0.00,21,99,0.00,0.00,0,12,12,0,0,0,0.00,0.00,0,20,0.00,0.00,0.00,0,0,0.00,0.00,99,0.00,0,0,0,0.00,0.00,0,0.00,0.00,0.00,0.00,0,0,0.00,48,0,20,48,9,0.00,0,0.00,0.00,0.00,14,0.00,0.00,1,0,0.00,0.00,0.00,0.00,4,0,0.00,13,0,2,71,0,45,2,0,0.00,99,0,0.00,0.00,0.00,0.00,0,0,0,0,0.00,0.00,0.00,0,0.00,99,0,0.00,0,0.00,99,0,0.00,0.00,32,0,85,89,0,0,0,0,0,34,48,65,59,0,99,45,42,67,1,0,10,27,0,0
Pedro Augusto Cacho Alves da Silva,26,945763200,1999/12/21,Serie B,2023,Midfielder,Londrina,35,0,35,Brazil,2,0,2,0,0,0,0,0,0,0,0,1,0,1,0,0,0,0,0,0,0,0,0,0,0,0,0,18,0,0,0,-1,-1,-1,23,0,6.23,0,51,33.75,6.00,46,6,6.00,6,99,33.75,70,0.00,0.00,0.00,0,0.00,1.00,0.00,0.00,0,0.00,0.00,0.00,0.00,0.00,0.00,0.00,0.00,0.00,5.62,1.00,0.00,0.00,0.00,0.02,0.00,0.00,0.00,0.00,0,0,,1,1.00,99,0,0.00,21,1,5.62,99,0,1,0,4,0.00,99,0,0,0.00,9,1,32,5.62,94,0,0.00,99,0,0.00,0,0,0.00,0,0.00,6,0,0.00,8,0,0.00,0.00,0,0.00,0,0,0,0.00,0,0,0.00,99,0.00,0,N/A,N/A,N/A,N/A,0.00,0,0.00,0,0.02,0.00,0,100.00,0.00,21,0,1.00,5.62,1,12,12,0,0,0,0.00,0.00,0,20,6.23,0.00,0.00,0,0,0.00,0.00,99,0.00,0,0,0,0.00,0.00,0,0.00,0.00,0.00,0.00,0,0,0.00,48,0,0,48,0,0.01,14,0.01,0.06,0.02,69,0.02,0.11,1,0,0.00,0.00,0.00,0.00,4,0,0.11,67,3,2,71,0,45,2,0,0.00,99,0,0.00,0.00,5.62,1.00,1,0,0,14,0.00,0.00,0.00,0,0.00,99,0,0.00,0,0.00,99,0,0.00,0.00,32,0,30,9,0,0,0,0,0,34,48,65,59,0,99,92,8,8,0,0,10,17,0,0
Pedro Henrique Rinaldi,23,1051081200,2003/04/23,Serie B,2023,Defender,Novorizontino,0,0,0,Brazil,0,0,0,0,0,0,0,0,0,0,0,0,0,0,0,0,0,0,0,0,0,0,0,0,0,0,0,0,0,0,0,-1,-1,-1,-1,N/A,N/A,N/A,N/A,N/A,N/A,N/A,N/A,N/A,N/A,N/A,N/A,N/A,N/A,N/A,N/A,N/A,N/A,N/A,N/A,N/A,N/A,N/A,N/A,N/A,N/A,N/A,N/A,N/A,N/A,N/A,N/A,N/A,N/A,N/A,N/A,N/A,N/A,N/A,N/A,N/A,N/A,N/A,N/A,N/A,N/A,N/A,N/A,N/A,N/A,N/A,N/A,N/A,N/A,N/A,N/A,N/A,N/A,N/A,N/A,N/A,N/A,N/A,N/A,N/A,N/A,N/A,N/A,N/A,N/A,N/A,N/A,N/A,N/A,N/A,N/A,N/A,N/A,N/A,N/A,N/A,N/A,N/A,N/A,N/A,N/A,N/A,N/A,N/A,N/A,N/A,N/A,N/A,N/A,N/A,N/A,N/A,N/A,N/A,N/A,N/A,N/A,N/A,N/A,N/A,N/A,N/A,N/A,N/A,N/A,N/A,N/A,N/A,N/A,N/A,N/A,N/A,N/A,N/A,N/A,N/A,N/A,N/A,N/A,N/A,N/A,N/A,N/A,N/A,N/A,N/A,N/A,N/A,N/A,N/A,N/A,N/A,N/A,N/A,N/A,N/A,N/A,N/A,N/A,N/A,N/A,N/A,N/A,N/A,N/A,N/A,N/A,N/A,N/A,N/A,N/A,N/A,N/A,N/A,N/A,N/A,N/A,N/A,N/A,N/A,N/A,N/A,N/A,N/A,N/A,N/A,N/A,N/A,N/A,N/A,N/A,N/A,N/A,N/A,N/A,N/A,N/A,N/A,N/A,N/A,N/A,N/A,N/A,N/A,N/A,N/A,N/A,N/A,N/A,N/A,N/A,N/A,N/A,N/A,N/A,N/A,N/A,N/A,N/A,N/A,N/A,N/A,N/A,N/A,N/A,N/A,N/A,N/A,N/A,N/A,N/A,N/A,N/A,N/A,N/A,N/A,N/A,N/A,N/A
Pedro Henrique Rocha da Silva,27,896684400,1998/06/01,Serie B,2023,Goalkeeper,Ponte Preta,180,90,90,Brazil,2,1,1,0,0,0,0,0,0,0,0,2,1,1,0,0,0,0,0,0,0,0,0,0,0,0,0,90,0,0,0,-1,-1,-1,26,0,7.50,0,51,28.50,28.50,35,57,14.50,29,0,14.50,14,0.00,0.00,0.00,0,0.00,0.00,0.00,0.00,0,0.00,0.00,0.00,0.00,3.00,0.00,0.00,3.00,0.00,0.00,0.00,0.00,0.00,0.00,0.00,0.00,0.50,0.00,0.00,0,0,,0,0.00,9,0,0.00,21,0,0.00,10,0,0,2,4,0.00,99,0,0,0.00,9,0,32,0.00,14,0,0.00,99,0,0.00,0,0,0.00,0,0.00,6,0,0.00,8,0,0.00,0.00,0,0.00,0,6,99,3.00,59,6,0.00,99,3.00,18,N/A,N/A,N/A,N/A,100.00,0,0.00,0,0.00,0.00,0,50.88,0.00,21,99,0.00,0.00,0,12,12,0,0,2,0.00,0.00,0,20,14.99,1.00,1.00,2,0,0.00,0.00,99,0.00,0,0,0,0.00,0.00,2,1.00,1.00,0.00,0.00,0,0,0.00,48,0,0,48,0,0.06,6,0.03,0.03,0.00,14,0.00,0.00,18,1,0.50,0.50,0.00,0.00,4,0,0.00,13,99,44,71,97,45,24,0,0.00,99,1,0.00,0.50,1.00,1.00,2,2,8,7,1.00,1.00,100.00,0,0.00,99,0,0.00,0,0.00,99,0,0.00,0.00,32,1,19,9,0,0,0,0,0,34,48,65,59,0,99,99,8,8,0,0,10,1,0,0
Pedro Henrique Severino,20,1133337600,2005/11/30,Serie B,2023,Forward,Botafogo SP,28,28,0,Brazil,1,1,0,0,0,0,0,0,0,0,0,0,0,0,0,0,0,0,0,0,0,0,0,0,0,0,0,28,0,0,0,-1,-1,-1,23,N/A,N/A,N/A,N/A,N/A,N/A,N/A,N/A,N/A,N/A,N/A,N/A,N/A,N/A,N/A,N/A,N/A,N/A,N/A,N/A,N/A,N/A,N/A,N/A,N/A,N/A,N/A,N/A,N/A,N/A,N/A,N/A,N/A,N/A,N/A,N/A,N/A,N/A,N/A,N/A,N/A,N/A,N/A,N/A,N/A,N/A,N/A,N/A,N/A,N/A,N/A,N/A,N/A,N/A,N/A,N/A,N/A,N/A,N/A,N/A,N/A,N/A,N/A,N/A,N/A,N/A,N/A,N/A,N/A,N/A,N/A,N/A,N/A,N/A,N/A,N/A,N/A,N/A,N/A,N/A,N/A,N/A,N/A,N/A,N/A,N/A,N/A,N/A,N/A,N/A,N/A,N/A,N/A,N/A,N/A,N/A,N/A,N/A,N/A,N/A,N/A,N/A,N/A,N/A,N/A,N/A,N/A,N/A,N/A,N/A,N/A,N/A,N/A,N/A,N/A,N/A,N/A,N/A,N/A,N/A,N/A,N/A,N/A,N/A,N/A,N/A,N/A,N/A,N/A,N/A,N/A,N/A,N/A,N/A,N/A,N/A,N/A,N/A,N/A,N/A,N/A,N/A,N/A,N/A,N/A,N/A,N/A,N/A,N/A,N/A,N/A,N/A,N/A,N/A,N/A,N/A,N/A,N/A,N/A,N/A,N/A,N/A,N/A,N/A,N/A,N/A,N/A,N/A,N/A,N/A,N/A,N/A,N/A,N/A,N/A,N/A,N/A,N/A,N/A,N/A,N/A,N/A,N/A,N/A,N/A,N/A,N/A,N/A,N/A,N/A,N/A,N/A,N/A,N/A,N/A,N/A,N/A,N/A,N/A,N/A,N/A,N/A,N/A,N/A,N/A,N/A,N/A,N/A,N/A,N/A,N/A,N/A,N/A,N/A,N/A,N/A,N/A,N/A,N/A,N/A,N/A,N/A,N/A,N/A
Pedro Henrique Tortello,21,1085468400,2004/05/25,Serie B,2023,Midfielder,Botafogo SP,62,62,0,Brazil,1,1,0,0,0,0,0,0,0,0,0,0,0,0,1,1,0,0,0,0,0,0,0,0,0,1.45,62,62,0,0,0,-1,-1,-1,22,N/A,N/A,N/A,N/A,N/A,N/A,N/A,N/A,N/A,N/A,N/A,N/A,N/A,N/A,N/A,N/A,N/A,N/A,N/A,N/A,N/A,N/A,N/A,N/A,N/A,N/A,N/A,N/A,N/A,N/A,N/A,N/A,N/A,N/A,N/A,N/A,N/A,N/A,N/A,N/A,N/A,N/A,N/A,N/A,N/A,N/A,N/A,N/A,N/A,N/A,N/A,N/A,N/A,N/A,N/A,N/A,N/A,N/A,N/A,N/A,N/A,N/A,N/A,N/A,N/A,N/A,N/A,N/A,N/A,N/A,N/A,N/A,N/A,N/A,N/A,N/A,N/A,N/A,N/A,N/A,N/A,N/A,N/A,N/A,N/A,N/A,N/A,N/A,N/A,N/A,N/A,N/A,N/A,N/A,N/A,N/A,N/A,N/A,N/A,N/A,N/A,N/A,N/A,N/A,N/A,N/A,N/A,N/A,N/A,N/A,N/A,N/A,N/A,N/A,N/A,N/A,N/A,N/A,N/A,N/A,N/A,N/A,N/A,N/A,N/A,N/A,N/A,N/A,N/A,N/A,N/A,N/A,N/A,N/A,N/A,N/A,N/A,N/A,N/A,N/A,N/A,N/A,N/A,N/A,N/A,N/A,N/A,N/A,N/A,N/A,N/A,N/A,N/A,N/A,N/A,N/A,N/A,N/A,N/A,N/A,N/A,N/A,N/A,N/A,N/A,N/A,N/A,N/A,N/A,N/A,N/A,N/A,N/A,N/A,N/A,N/A,N/A,N/A,N/A,N/A,N/A,N/A,N/A,N/A,N/A,N/A,N/A,N/A,N/A,N/A,N/A,N/A,N/A,N/A,N/A,N/A,N/A,N/A,N/A,N/A,N/A,N/A,N/A,N/A,N/A,N/A,N/A,N/A,N/A,N/A,N/A,N/A,N/A,N/A,N/A,N/A,N/A,N/A,N/A,N/A,N/A,N/A,N/A,N/A
Pedro Henrique Vieira Costa,32,745570800,1993/08/17,Serie B,2023,Defender,Tombense,2534,1349,1185,Brazil,34,17,17,1,1,0,1,1,0,0,0,6,3,3,32,15,17,3,0,0.07,0.04,0.04,0.07,0,2534,1.14,79,75,845,2534,0.11,259,240,168,11,0,6.91,0.03,57,37.98,31.39,58,1036,23.55,777,33,28.48,53,0.00,0.00,1.45,48,0.00,4.79,2.02,1.67,55,0.00,0.64,0.00,0.00,0.00,1.39,1.15,0.00,10.00,0.37,0.18,2.45,0.00,0.12,0.03,0.00,0.36,0.00,0.00,0,0,,10,0.30,25,4,0.15,37,6,0.22,22,6,5,28,87,0.00,99,0,46,1.69,93,158,87,5.79,96,0,0.00,99,0,0.00,0,0,0.00,0,1.76,90,81,2.97,93,38,1.39,46.91,0,0.00,0,0,0,0.00,0,0,0.00,22,0.00,0,N/A,N/A,N/A,N/A,0.00,0,0.00,0,0.97,0.00,0,75.00,40.00,60,30,0.64,0.77,21,92,43,0,0,0,0.24,0.29,8,65,228.09,0.82,0.99,27,0,0.00,0.00,99,0.00,0,0,0,0.00,0.00,0,0.00,0.00,0.07,0.06,2,0,10.00,68,88,92,99,22,3.54,61,0.11,0.13,0.97,49,0.03,0.04,47,31,0.94,1.14,0.77,0.64,18,21,0.04,47,72,43,71,0,55,20,0,0.00,99,12,0.00,0.44,9.64,7.97,263,136,67,59,4.99,4.12,51.71,21,0.77,40,0,34.18,0,0.00,99,54,1.64,1.98,98,86,64,94,0,0,0,0,0,42,52,65,62,0,99,9,91,18,2,6,19,18,0,0
Pedro Lucas Tapias Obermuller,23,1027666800,2002/07/26,Serie B,2023,Midfielder,Ceará,249,158,91,Brazil,6,4,2,0,0,0,0,0,0,0,0,1,1,0,5,1,4,0,0,0,0,0,0,0,0,1.81,50,42,0,0,0,-1,-1,-1,19,0,6.49,0,51,32.60,14.20,43,71,12.00,60,87,27.55,50,0.00,0.00,0.40,2,0.00,0.80,0.92,0.40,2,0.00,0.20,0.00,0.00,0.00,0.00,0.00,0.00,0.00,0.46,0.00,0.20,0.00,0.20,0.01,0.00,0.20,0.00,0.00,0,0,,1,0.20,33,1,0.46,68,0,0.00,10,5,3,2,38,0.00,99,0,0,0.00,9,4,67,1.84,65,0,0.00,99,0,0.00,0,0,0.00,0,0.92,57,1,0.46,29,0,0.00,0.00,0,0.00,0,0,0,0.00,0,0,0.00,1,0.00,0,N/A,N/A,N/A,N/A,0.00,0,0.00,0,0.05,0.00,0,84.51,100.00,99,20,0.40,0.92,2,12,12,0,0,0,0.00,0.00,0,20,32.45,0.00,0.00,0,0,0.00,0.00,99,0.00,0,0,0,0.00,0.00,0,0.00,0.00,0.00,0.00,0,0,0.00,48,0,3,48,2,0.23,50,0.05,0.11,0.05,38,0.01,0.02,73,4,0.80,1.84,0.92,0.40,24,2,0.02,37,11,2,71,0,45,21,0,0.00,99,1,0.00,0.46,6.89,3.00,15,7,20,25,3.21,1.40,46.67,1,0.46,61,0,25.00,0,0.00,99,1,0.20,0.46,67,1,50,89,0,0,0,0,0,34,48,65,59,0,99,8,8,8,0,0,10,19,0,0
Pedro Victor Martins Silva Costa,25,962175600,2000/06/28,Serie B,2023,Defender,Sport Recife,417,63,354,Brazil,11,4,7,0,0,0,0,0,0,0,0,3,2,1,7,2,5,0,0,0,0,0,0,0,0,1.51,60,38,0,0,0,274,275,215,26,0,0.00,0,51,0.00,0.00,0,0,0.00,0,0,0.00,0,0.00,0.00,0.00,0,0.00,0.00,0.00,0.00,0,0.00,0.00,0.00,0.00,0.00,0.00,0.00,0.00,0.00,0.00,0.00,0.00,0.00,0.00,0.00,0.00,0.00,0.00,0.00,0,0,,0,0.00,9,0,0.00,21,0,0.00,10,3,6,4,4,0.00,99,0,0,0.00,9,0,32,0.00,14,0,0.00,99,0,0.00,0,0,0.00,0,0.00,6,0,0.00,8,0,0.00,0.00,0,0.00,0,0,0,0.00,0,0,0.00,4,0.00,0,N/A,N/A,N/A,N/A,0.00,0,0.00,0,0.00,0.00,0,0.00,0.00,21,99,0.00,0.00,0,12,12,0,0,0,0.00,0.00,0,20,0.00,0.00,0.00,0,0,0.00,0.00,99,0.00,0,0,0,0.00,0.00,0,0.00,0.00,0.00,0.00,0,0,0.00,48,4,15,48,5,0.00,0,0.00,0.00,0.00,14,0.00,0.00,1,0,0.00,0.00,0.00,0.00,4,0,0.00,13,0,2,71,0,45,2,0,0.00,99,0,0.00,0.00,0.00,0.00,0,0,0,0,0.00,0.00,0.00,0,0.00,99,0,0.00,0,0.00,99,0,0.00,0.00,32,8,70,70,0,0,0,0,0,34,48,65,59,0,99,25,8,8,0,0,10,48,0,0
Peglow,24,1010390400,2002/01/07,Serie B,2023,Forward,Sport Recife,557,206,351,Brazil,12,4,8,2,1,1,1,0,1,0,0,3,1,2,9,5,4,1,0,0.48,0.16,0.32,0.44,0.26,279,1.45,62,46,557,557,0.16,38,84,-1,9,0,6.86,0.08,87,24.56,12.67,25,152,10.00,120,57,19.39,29,0.00,0.00,1.08,13,0.00,4.08,0.97,0.50,6,0.00,1.17,0.00,0.00,0.00,0.08,0.67,0.00,3.50,1.13,0.33,1.42,0.00,0.25,0.12,0.00,0.42,0.00,0.00,0,0,,7,0.58,64,3,0.48,68,4,0.65,67,2,6,6,41,0.00,99,0,1,0.16,16,49,87,7.92,99,0,0.00,99,0,0.00,0,0,0.00,0,2.10,95,17,2.75,92,8,1.29,47.06,0,0.00,0,0,0,0.00,0,0,0.00,6,0.00,0,N/A,N/A,N/A,N/A,0.00,0,0.00,0,1.46,0.00,0,78.95,42.86,67,18,0.50,0.97,6,91,43,0,0,0,0.00,0.00,0,20,82.33,0.08,0.16,1,0,0.00,0.00,99,0.00,0,0,0,0.00,0.00,0,0.00,0.00,0.16,0.08,1,0,28.57,96,13,20,56,7,1.34,91,0.11,0.22,1.46,94,0.12,0.24,51,8,0.67,1.29,1.29,0.67,43,8,0.24,91,62,5,71,0,74,38,0,0.00,99,5,0.00,0.81,10.83,5.58,67,27,48,74,4.36,2.25,40.30,14,2.26,2,0,34.69,0,0.00,99,17,1.42,2.75,99,17,70,53,0,0,0,0,0,94,93,87,94,0,99,22,79,30,1,8,26,77,0,0
Pierre Wagner Oliveira dos Santos,24,1015920000,2002/03/12,Serie B,2023,Midfielder,Tombense,588,435,153,Brazil,15,7,8,0,0,0,1,1,0,0,0,2,0,2,9,5,4,5,0,0.15,0.15,0,0,0,0,1.38,65,39,118,588,0.77,499,90,-1,28,0,0.00,0,85,0.00,0.00,0,0,0.00,0,0,0.00,0,0.00,0.00,0.00,0,0.00,0.00,0.00,0.00,0,0.00,0.00,0.00,0.00,0.00,0.00,0.00,0.00,0.00,0.00,0.00,0.00,0.00,0.00,0.00,0.00,0.00,0.00,0.00,0,0,,0,0.00,9,0,0.00,21,0,0.00,10,6,9,6,4,0.00,99,0,0,0.00,9,0,32,0.00,14,0,0.00,99,0,0.00,0,0,0.00,0,0.00,6,0,0.00,8,0,0.00,0.00,0,0.00,0,0,0,0.00,0,0,0.00,7,0.00,0,N/A,N/A,N/A,N/A,0.00,0,0.00,0,0.00,0.00,0,0.00,0.00,21,99,0.00,0.00,0,12,12,0,0,0,0.00,0.00,0,20,0.00,0.00,0.00,0,0,0.00,0.00,99,0.00,0,0,0,0.00,0.00,0,0.00,0.00,0.00,0.00,0,0,0.00,48,15,30,48,8,0.00,0,0.00,0.00,0.00,14,0.00,0.00,1,0,0.00,0.00,0.00,0.00,4,0,0.00,13,0,2,71,0,45,2,0,0.00,99,0,0.00,0.00,0.00,0.00,0,0,0,0,0.00,0.00,0.00,0,0.00,99,0,0.00,0,0.00,99,0,0.00,0.00,32,17,83,94,0,0,0,0,0,60,48,65,59,0,99,5,10,98,3,0,10,18,0,0
Rafael Aparecido da Silva,30,801471600,1995/05/26,Serie B,2023,Forward,ABC,72,72,0,Brazil,1,1,0,0,0,0,0,0,0,0,0,0,0,0,2,2,0,0,0,0,0,0,0,0,0,2.5,36,72,0,0,0,-1,-1,-1,31,0,6.64,0,51,13.00,13.00,1,13,7.00,7,0,7.00,0,0.00,0.00,1.00,1,0.00,2.00,0.00,0.00,0,0.00,0.00,0.00,0.00,0.00,0.00,0.00,0.00,0.00,0.00,0.00,0.00,0.00,0.00,0.00,0.00,0.00,0.00,0.00,0,0,,0,0.00,9,0,0.00,21,0,0.00,10,1,0,1,4,0.00,99,0,0,0.00,9,2,32,2.00,67,0,0.00,99,0,0.00,0,0,0.00,0,1.00,62,0,0.00,8,0,0.00,0.00,0,0.00,0,0,0,0.00,0,0,0.00,0,0.00,0,N/A,N/A,N/A,N/A,0.00,0,0.00,0,0.00,0.00,0,53.85,0.00,21,99,0.00,0.00,0,12,12,0,0,0,0.00,0.00,0,20,6.64,0.00,0.00,0,0,0.00,0.00,99,0.00,0,0,0,0.00,0.00,0,0.00,0.00,0.00,0.00,0,0,0.00,48,0,0,48,0,0.05,10,0.05,0.05,0.00,14,0.00,0.00,1,0,0.00,0.00,3.00,3.00,98,3,0.00,13,21,2,71,0,45,2,0,0.00,99,0,0.00,0.00,5.00,5.00,5,0,0,11,0.00,0.00,0.00,0,0.00,99,0,0.00,0,0.00,99,0,0.00,0.00,32,0,19,33,0,0,0,0,0,34,48,65,59,0,99,1,8,8,0,0,10,30,0,0
Rafael Barbosa Silva,26,950515200,2000/02/14,Serie B,2023,Midfielder,Tombense,246,54,192,Brazil,9,4,5,0,0,0,0,0,0,0,0,3,2,1,1,0,1,2,0,0,0,0,0,0,0,0.37,246,27,123,0,0.73,-1,-1,-1,15,0,0.00,0,51,0.00,0.00,0,0,0.00,0,0,0.00,0,0.00,0.00,0.00,0,0.00,0.00,0.00,0.00,0,0.00,0.00,0.00,0.00,0.00,0.00,0.00,0.00,0.00,0.00,0.00,0.00,0.00,0.00,0.00,0.00,0.00,0.00,0.00,0,0,,0,0.00,9,0,0.00,21,0,0.00,10,1,8,1,4,0.00,99,0,0,0.00,9,0,32,0.00,14,0,0.00,99,0,0.00,0,0,0.00,0,0.00,6,0,0.00,8,0,0.00,0.00,0,0.00,0,0,0,0.00,0,0,0.00,98,0.00,0,N/A,N/A,N/A,N/A,0.00,0,0.00,0,0.00,0.00,0,0.00,0.00,21,99,0.00,0.00,0,12,12,0,0,0,0.00,0.00,0,20,0.00,0.00,0.00,0,0,0.00,0.00,99,0.00,0,0,0,0.00,0.00,0,0.00,0.00,0.00,0.00,0,0,0.00,48,0,8,48,98,0.00,0,0.00,0.00,0.00,14,0.00,0.00,1,0,0.00,0.00,0.00,0.00,4,0,0.00,13,0,2,71,0,45,2,0,0.00,99,0,0.00,0.00,0.00,0.00,0,0,0,0,0.00,0.00,0.00,0,0.00,99,0,0.00,0,0.00,99,0,0.00,0.00,32,0,79,33,0,0,0,0,0,34,48,65,59,0,99,45,10,98,1,0,10,20,0,0
Rafael da Cunha Jensen,37,597139200,1988/12/03,Serie B,2023,Defender,Sampaio Corrêa,834,443,391,Brazil,10,5,5,0,0,0,0,0,0,0,0,4,2,2,8,3,5,4,1,0,0,0,0,0,0,0.86,104,83,167,0,0.54,356,272,101,18,0,6.66,0,51,43.92,40.70,75,407,33.50,335,76,36.15,77,0.00,0.00,0.10,1,0.00,0.10,1.08,1.00,10,0.00,0.20,0.00,0.00,0.00,1.10,0.00,0.00,0.00,0.22,0.20,0.10,0.00,0.00,0.01,0.00,1.40,0.00,0.00,0,0,,2,0.20,15,0,0.00,21,2,0.22,22,1,0,10,45,0.00,99,0,11,1.19,73,1,32,0.11,21,0,0.00,99,0,0.00,0,0,0.00,0,0.11,11,1,0.11,13,0,0.00,0.00,0,0.00,0,0,0,0.00,0,0,0.00,54,0.00,0,N/A,N/A,N/A,N/A,0.00,0,0.00,0,0.07,0.00,0,82.31,0.00,21,99,0.00,0.00,0,12,12,0,0,0,0.50,0.54,5,83,66.60,3.70,3.99,37,0,0.00,0.00,99,0.00,0,0,0,0.00,0.00,0,0.00,0.00,0.11,0.10,1,0,0.00,48,30,12,48,54,0.75,27,0.07,0.08,0.07,27,0.01,0.01,11,3,0.30,0.32,1.29,1.20,43,12,0.01,26,22,89,71,0,65,69,0,0.00,99,14,0.00,1.51,5.18,4.80,48,27,15,11,2.91,2.70,56.25,2,0.22,74,0,0.00,0,0.00,99,0,0.00,0.00,32,38,19,33,0,0,0,0,0,34,48,65,59,0,99,67,16,92,3,30,86,13,0,0
Rafael da Silva Freitas,20,1124348400,2005/08/18,Serie B,2023,Forward,Guarani,0,0,0,Brazil,0,0,0,0,0,0,0,0,0,0,0,0,0,0,0,0,0,0,0,0,0,0,0,0,0,0,0,0,0,0,0,-1,-1,-1,-1,N/A,N/A,N/A,N/A,N/A,N/A,N/A,N/A,N/A,N/A,N/A,N/A,N/A,N/A,N/A,N/A,N/A,N/A,N/A,N/A,N/A,N/A,N/A,N/A,N/A,N/A,N/A,N/A,N/A,N/A,N/A,N/A,N/A,N/A,N/A,N/A,N/A,N/A,N/A,N/A,N/A,N/A,N/A,N/A,N/A,N/A,N/A,N/A,N/A,N/A,N/A,N/A,N/A,N/A,N/A,N/A,N/A,N/A,N/A,N/A,N/A,N/A,N/A,N/A,N/A,N/A,N/A,N/A,N/A,N/A,N/A,N/A,N/A,N/A,N/A,N/A,N/A,N/A,N/A,N/A,N/A,N/A,N/A,N/A,N/A,N/A,N/A,N/A,N/A,N/A,N/A,N/A,N/A,N/A,N/A,N/A,N/A,N/A,N/A,N/A,N/A,N/A,N/A,N/A,N/A,N/A,N/A,N/A,N/A,N/A,N/A,N/A,N/A,N/A,N/A,N/A,N/A,N/A,N/A,N/A,N/A,N/A,N/A,N/A,N/A,N/A,N/A,N/A,N/A,N/A,N/A,N/A,N/A,N/A,N/A,N/A,N/A,N/A,N/A,N/A,N/A,N/A,N/A,N/A,N/A,N/A,N/A,N/A,N/A,N/A,N/A,N/A,N/A,N/A,N/A,N/A,N/A,N/A,N/A,N/A,N/A,N/A,N/A,N/A,N/A,N/A,N/A,N/A,N/A,N/A,N/A,N/A,N/A,N/A,N/A,N/A,N/A,N/A,N/A,N/A,N/A,N/A,N/A,N/A,N/A,N/A,N/A,N/A,N/A,N/A,N/A,N/A,N/A,N/A,N/A,N/A,N/A,N/A,N/A,N/A,N/A,N/A,N/A,N/A,N/A,N/A,N/A,N/A,N/A,N/A,N/A,N/A,N/A,N/A,N/A,N/A,N/A,N/A,N/A,N/A,N/A,N/A,N/A,N/A
Rafael Diniz Alves e Silva,33,709110000,1992/06/21,Serie B,2023,Forward,Vitória,232,92,140,Brazil,7,3,4,0,0,0,0,0,0,0,0,4,2,2,0,0,0,1,0,0,0,0,0,0,0,0,0,33,232,0,0.39,-1,-1,-1,27,0,6.72,0,51,20.95,7.71,16,54,6.29,44,70,17.07,22,0.00,0.00,0.57,4,0.00,0.57,2.72,1.00,7,0.00,0.71,0.00,0.00,0.00,0.14,0.29,0.00,0.00,2.72,0.86,0.86,0.00,0.14,0.03,0.00,0.71,0.00,0.00,0,0,,7,1.00,98,1,0.39,63,6,2.33,99,2,5,2,97,0.00,99,0,1,0.39,31,4,97,1.55,59,0,0.00,99,0,0.00,0,0,0.00,0,1.55,85,6,2.33,87,2,0.78,33.33,0,0.00,0,0,0,0.00,0,0,0.00,99,0.00,0,N/A,N/A,N/A,N/A,0.00,0,0.00,0,0.21,0.00,0,81.48,14.29,26,1,0.71,1.94,5,72,22,0,0,0,0.00,0.00,0,20,47.03,0.00,0.00,0,0,0.00,0.00,99,0.00,0,0,0,0.00,0.00,0,0.00,0.00,0.39,0.14,1,0,0.00,48,0,4,48,0,0.23,36,0.03,0.09,0.21,63,0.03,0.08,96,8,1.14,3.10,1.94,0.71,77,5,0.08,61,35,2,71,0,89,82,0,0.00,99,5,0.00,1.94,17.84,6.57,46,22,99,99,8.53,3.14,47.83,5,1.94,3,0,50.00,0,0.00,99,2,0.29,0.78,80,1,64,53,0,0,0,0,0,34,48,65,59,0,99,96,33,75,1,14,47,17,0,0
Rafael dos Santos Cavalheira Natividade,26,927702000,1999/05/26,Serie B,2023,Midfielder,Ituano,1776,937,839,Brazil,29,15,14,2,2,0,1,1,0,0,0,7,5,2,23,10,13,6,1,0.15,0.05,0.1,0.19,0,888,1.17,77,61,296,1776,0.3,190,223,-1,8,0,6.99,0.03,60,27.45,19.11,33,535,15.96,447,82,22.94,39,0.00,0.00,0.57,16,0.00,2.04,1.69,1.18,33,0.00,0.43,0.00,0.00,0.00,0.39,0.11,0.00,14.50,1.49,0.64,0.14,0.00,0.39,0.08,0.00,0.32,0.00,0.00,0,0,,29,1.04,76,11,0.56,73,18,0.92,82,2,11,18,75,0.00,99,0,11,0.56,39,57,53,2.92,77,0,0.00,99,0,0.00,0,0,0.00,0,0.82,52,4,0.21,20,3,0.15,75.00,0,0.00,0,0,0,0.00,0,0,0.00,19,0.00,0,N/A,N/A,N/A,N/A,0.00,0,0.00,0,2.27,0.00,0,83.55,37.93,54,9,0.82,1.18,23,23,90,0,0,0,0.11,0.15,3,42,195.72,0.39,0.56,11,0,0.00,0.00,99,0.00,0,0,0,0.00,0.00,0,0.00,0.00,0.05,0.04,1,0,6.90,57,67,75,84,19,2.08,50,0.07,0.11,2.27,73,0.08,0.12,19,10,0.36,0.51,1.69,1.18,65,33,0.12,70,83,24,71,0,51,21,0,0.00,99,9,0.00,0.46,7.23,5.04,141,55,14,30,2.82,1.96,39.01,12,0.62,49,0,21.05,0,0.00,99,12,0.43,0.62,74,63,88,53,0,0,0,0,0,60,65,65,78,0,99,19,49,59,5,17,56,7,0,0
Rafael Feital da Silva,35,655369200,1990/10/08,Serie B,2023,Forward,Ituano,66,14,52,Brazil,3,1,2,0,0,0,0,0,0,0,0,1,1,0,1,0,1,0,0,0,0,0,0,0,0,1.36,66,22,0,0,0,-1,-1,-1,30,0,6.60,0,51,23.18,5.67,21,17,2.67,8,0,10.91,5,0.00,0.00,0.00,0,0.00,0.00,1.36,0.33,1,0.00,0.33,0.00,0.00,0.00,0.00,0.33,0.00,0.00,4.09,1.00,0.33,0.00,0.00,0.02,0.00,1.33,0.00,0.00,0,0,,3,1.00,99,0,0.00,21,3,4.09,99,2,2,1,59,0.00,99,0,0,0.00,9,0,32,0.00,14,0,0.00,99,0,0.00,0,0,0.00,0,0.00,6,1,1.36,66,1,1.36,100.00,0,0.00,0,0,0,0.00,0,0,0.00,9,0.00,0,N/A,N/A,N/A,N/A,0.00,0,0.00,0,0.07,0.00,0,47.06,0.00,21,99,0.00,0.00,0,92,99,0,0,0,0.00,0.00,0,20,19.79,0.33,1.36,1,0,0.00,0.00,99,0.00,0,0,0,0.00,0.00,0,0.00,0.00,1.36,0.33,1,0,0.00,48,0,0,48,9,0.02,6,0.01,0.03,0.07,68,0.02,0.10,53,1,0.33,1.36,2.73,0.67,94,2,0.10,65,18,58,71,0,99,99,0,0.00,99,4,0.00,5.45,17.73,4.33,13,7,99,99,9.55,2.33,53.85,1,1.36,13,0,0.00,0,0.00,99,0,0.00,0.00,32,0,39,53,0,0,0,0,0,34,48,65,59,0,99,45,8,8,0,0,10,9,0,0
Rafael Ferreira Donato,37,606124800,1989/03/17,Serie B,2023,Defender,Vila Nova,3330,1710,1620,Brazil,37,19,18,6,4,2,0,0,0,0,0,14,9,5,23,8,15,6,0,0.16,0,0.16,0.21,0.11,555,0.62,145,90,555,0,0.16,130,444,27,3,0,7.18,0,51,43.83,43.83,75,1534,33.57,1175,43,33.57,69,0.00,0.00,0.29,10,0.00,0.11,1.31,1.31,46,0.00,0.03,0.00,0.00,0.00,1.14,0.06,0.00,7.50,0.86,0.57,0.06,0.00,0.29,0.10,0.00,3.40,0.00,0.00,0,0,,30,0.86,57,10,0.29,55,20,0.57,60,0,0,35,57,0.00,99,0,40,1.14,71,4,32,0.11,21,0,0.00,99,0,0.00,0,0,0.00,0,0.29,23,2,0.06,10,2,0.06,100.00,0,0.00,0,0,0,0.00,0,0,0.00,87,0.00,0,N/A,N/A,N/A,N/A,0.00,0,0.00,0,3.35,0.00,0,76.60,33.33,49,75,0.29,0.29,10,14,99,0,0,0,0.83,0.83,29,93,251.23,5.09,5.09,178,0,0.00,0.00,99,0.00,0,0,1,0.03,0.03,0,0.00,0.00,0.11,0.11,4,0,13.33,77,99,99,71,87,3.23,36,0.09,0.09,3.35,68,0.10,0.10,12,12,0.34,0.34,0.77,0.77,18,27,0.10,65,95,97,73,0,65,98,0,0.00,99,119,0.00,3.40,7.37,7.37,258,178,69,32,5.09,5.09,68.99,1,0.03,88,0,0.00,0,0.00,99,0,0.00,0.00,32,99,19,9,0,0,0,0,0,62,77,72,80,0,99,59,79,30,5,14,47,5,0,0
Rafael Forster,35,648716400,1990/07/23,Serie B,2023,Defender,Avaí,14,0,14,Brazil,1,0,1,0,0,0,0,0,0,0,0,0,0,0,1,0,1,0,0,0,0,0,0,0,0,6.43,14,14,0,0,0,-1,-1,-1,18,0,6.45,0,51,32.14,5.00,41,5,4.00,4,62,25.71,46,0.00,0.00,1.00,1,0.00,0.00,0.00,0.00,0,0.00,0.00,0.00,0.00,0.00,0.00,0.00,0.00,0.00,0.00,0.00,0.00,0.00,0.00,0.00,0.00,0.00,0.00,0.00,0,0,,0,0.00,9,0,0.00,21,0,0.00,10,0,1,0,4,0.00,99,0,0,0.00,9,0,32,0.00,14,0,0.00,99,0,0.00,0,0,0.00,0,6.43,99,0,0.00,8,0,0.00,0.00,0,0.00,0,0,0,0.00,0,0,0.00,0,0.00,0,N/A,N/A,N/A,N/A,0.00,0,0.00,0,0.00,0.00,0,80.00,0.00,21,0,1.00,6.43,1,12,12,0,0,0,0.00,0.00,0,20,6.45,0.00,0.00,0,0,0.00,0.00,99,0.00,0,0,0,0.00,0.00,0,0.00,0.00,0.00,0.00,0,0,0.00,48,0,0,48,0,0.05,98,0.05,0.32,0.00,14,0.00,0.00,1,0,0.00,0.00,6.43,1.00,99,1,0.00,13,9,2,71,0,45,2,0,0.00,99,0,0.00,0.00,12.86,2.00,2,0,0,88,0.00,0.00,0.00,0,0.00,99,0,0.00,0,0.00,99,0,0.00,0.00,32,0,30,9,0,0,0,0,0,34,48,65,59,0,99,1,8,8,0,0,10,65,0,0
Rafael Gustavo Meneghel Gava,33,737881200,1993/05/20,Serie B,2023,Midfielder,Avaí,2427,1168,1259,Brazil,30,14,16,0,0,0,2,1,1,0,0,12,5,7,26,14,12,4,1,0.07,0.07,0,0,0,0,0.96,93,81,485,1214,0.19,484,195,-1,43,0,6.90,0.07,67,40.09,35.90,63,1041,29.48,855,75,32.93,66,0.00,0.00,1.28,37,0.00,3.59,1.50,1.34,39,0.00,0.45,0.00,0.00,0.00,0.48,0.21,0.00,0.00,0.89,0.52,0.45,0.00,0.28,0.04,0.00,0.17,0.00,0.00,0,0,,23,0.79,59,8,0.31,56,15,0.58,61,5,0,29,66,0.00,99,0,14,0.54,39,104,59,4.01,89,0,0.00,99,0,0.00,0,0,0.00,0,1.42,82,13,0.50,32,6,0.23,46.15,0,0.00,0,0,0,0.00,0,0,0.00,41,0.00,0,N/A,N/A,N/A,N/A,0.00,0,0.00,0,1.03,0.00,0,82.13,34.78,50,35,0.62,0.69,18,31,42,0,0,0,0.21,0.23,6,57,200.14,0.28,0.31,8,0,0.00,0.00,99,0.00,0,0,1,0.03,0.04,0,0.00,0.00,0.00,0.00,0,0,0.00,48,85,79,48,40,4.69,83,0.16,0.18,1.03,49,0.04,0.04,48,31,1.07,1.19,1.50,1.34,54,39,0.04,47,69,13,79,0,45,6,0,0.00,99,5,0.00,0.19,6.97,6.24,181,81,19,26,3.12,2.79,44.75,13,0.50,58,0,23.08,0,0.00,99,24,0.83,0.92,84,87,19,89,0,0,0,0,0,42,48,65,59,0,99,67,73,37,3,10,33,23,0,0
Rafael Oliveira Silva,38,570960000,1988/02/04,Serie B,2023,Midfielder,Sampaio Corrêa,147,87,60,Brazil,8,5,3,0,0,0,0,0,0,0,0,4,2,2,1,1,0,3,0,0,0,0,0,0,0,0.61,147,18,49,0,1.84,-1,-1,-1,44,0,6.44,0,51,54.49,11.12,94,89,9.12,73,73,44.69,94,0.00,0.00,0.62,5,0.00,0.50,1.22,0.25,2,0.00,0.38,0.00,0.00,0.00,0.00,0.12,0.00,0.00,2.45,0.25,0.75,0.00,0.25,0.02,0.00,0.00,0.00,0.00,0,0,,4,0.50,98,2,1.22,98,2,1.22,93,0,8,0,53,0.00,99,0,0,0.00,9,4,67,2.45,71,0,0.00,99,0,0.00,0,0,0.00,0,3.06,99,6,3.67,96,1,0.61,16.67,0,0.00,0,0,0,0.00,0,0,0.00,88,0.00,0,N/A,N/A,N/A,N/A,0.00,0,0.00,0,0.19,0.00,0,82.02,50.00,83,7,0.25,1.22,2,61,13,0,0,0,0.00,0.00,0,20,51.50,0.00,0.00,0,0,0.00,0.00,99,0.00,0,0,0,0.00,0.00,0,0.00,0.00,0.61,0.12,1,0,0.00,48,0,6,48,88,0.38,92,0.05,0.23,0.19,73,0.02,0.12,49,2,0.25,1.22,1.22,0.25,38,2,0.12,70,9,2,71,0,95,2,0,0.00,99,0,0.00,0.00,10.41,2.12,17,5,18,69,3.06,0.62,29.41,3,1.84,3,0,25.00,0,0.00,99,1,0.12,0.61,73,0,79,9,0,0,0,0,0,34,48,65,59,0,99,92,8,99,3,38,94,17,0,0
Rafael Pereira dos Santos,41,469612800,1984/11/18,Serie B,2023,Defender,Ituano,1289,717,572,Brazil,19,11,8,0,0,0,0,0,0,0,0,5,3,2,13,5,8,3,0,0,0,0,0,0,0,0.91,99,68,430,0,0.21,426,412,114,29,0,6.76,0,51,40.36,30.42,64,578,26.79,509,98,35.54,75,0.00,0.00,0.16,3,0.00,0.05,0.49,0.37,7,0.00,0.05,0.00,0.00,0.00,1.00,0.11,0.00,0.00,0.28,0.11,0.11,0.00,0.11,0.01,0.00,0.95,0.00,0.00,0,0,,4,0.21,18,2,0.14,35,2,0.14,16,1,6,13,14,0.00,99,0,19,1.33,81,1,32,0.07,18,0,0.00,99,0,0.00,0,0,0.00,0,0.21,18,2,0.14,15,2,0.14,100.00,0,0.00,0,0,0,0.00,0,0,0.00,47,0.00,0,N/A,N/A,N/A,N/A,0.00,0,0.00,0,0.14,0.00,0,88.06,50.00,83,85,0.16,0.21,3,20,99,0,0,0,0.74,0.98,14,95,128.38,3.11,4.12,59,0,0.00,0.00,99,0.00,0,0,0,0.00,0.00,0,0.00,0.00,0.00,0.00,0,0,0.00,48,52,46,48,47,1.35,36,0.07,0.09,0.14,27,0.01,0.01,29,10,0.53,0.70,0.84,0.63,21,12,0.01,26,44,91,71,0,45,61,0,0.00,99,18,0.00,1.26,4.47,3.37,64,37,12,9,2.58,1.95,57.81,1,0.07,87,0,0.00,0,0.00,99,0,0.00,0.00,32,49,70,33,0,0,0,0,0,34,48,65,59,0,99,23,67,42,3,16,53,4,0,0
Rafael Rech,23,1037606400,2002/11/18,Serie B,2023,Midfielder,Juventude,65,0,65,Brazil,2,0,2,0,0,0,0,0,0,0,0,0,0,0,0,0,0,1,0,0,0,0,0,0,0,0,0,33,65,0,1.38,-1,-1,-1,31,0,0.00,0,51,0.00,0.00,0,0,0.00,0,0,0.00,0,0.00,0.00,0.00,0,0.00,0.00,0.00,0.00,0,0.00,0.00,0.00,0.00,0.00,0.00,0.00,0.00,0.00,0.00,0.00,0.00,0.00,0.00,0.00,0.00,0.00,0.00,0.00,0,0,,0,0.00,9,0,0.00,21,0,0.00,10,1,1,1,4,0.00,99,0,0,0.00,9,0,32,0.00,14,0,0.00,99,0,0.00,0,0,0.00,0,0.00,6,0,0.00,8,0,0.00,0.00,0,0.00,0,0,0,0.00,0,0,0.00,99,0.00,0,N/A,N/A,N/A,N/A,0.00,0,0.00,0,0.00,0.00,0,0.00,0.00,21,99,0.00,0.00,0,12,12,0,0,0,0.00,0.00,0,20,0.00,0.00,0.00,0,0,0.00,0.00,99,0.00,0,0,0,0.00,0.00,0,0.00,0.00,0.00,0.00,0,0,0.00,48,0,0,48,0,0.00,0,0.00,0.00,0.00,14,0.00,0.00,1,0,0.00,0.00,0.00,0.00,4,0,0.00,13,0,2,71,0,45,2,0,0.00,99,0,0.00,0.00,0.00,0.00,0,0,0,0,0.00,0.00,0.00,0,0.00,99,0,0.00,0,0.00,99,0,0.00,0.00,32,0,30,33,0,0,0,0,0,34,48,65,59,0,99,1,8,99,1,0,10,30,0,0
Rafael Ribeiro Alves,30,821952000,1996/01/18,Serie B,2023,Defender,Chapecoense,611,249,362,Brazil,9,4,5,0,0,0,0,0,0,0,0,0,0,0,10,3,7,0,0,0,0,0,0,0,0,1.47,61,68,0,0,0,341,357,211,24,0,6.71,0,51,41.24,31.11,67,280,25.33,228,70,33.58,69,0.00,0.00,0.22,2,0.00,0.00,1.33,1.00,9,0.00,0.00,0.00,0.00,0.00,0.33,0.11,0.00,0.00,0.59,0.44,0.11,0.00,0.00,0.01,0.00,2.67,0.00,0.00,0,0,,4,0.44,43,0,0.00,21,4,0.59,63,5,2,7,58,0.00,99,0,3,0.44,34,0,32,0.00,14,0,0.00,99,0,0.00,0,0,0.00,0,0.29,23,1,0.15,16,1,0.15,100.00,0,0.00,0,0,0,0.00,0,0,0.00,5,0.00,0,N/A,N/A,N/A,N/A,0.00,0,0.00,0,0.11,0.00,0,81.43,0.00,21,99,0.00,0.00,0,23,99,0,0,0,0.44,0.59,4,84,60.39,4.00,5.30,36,1,0.00,0.15,1,0.11,0,0,0,0.00,0.00,0,0.00,0.00,0.00,0.00,0,0,0.00,48,17,8,48,5,0.56,27,0.06,0.08,0.11,38,0.01,0.02,32,5,0.56,0.74,1.18,0.89,37,8,0.02,37,32,98,71,0,45,99,0,0.00,99,24,0.00,3.54,8.40,6.33,57,39,81,41,5.74,4.33,68.42,0,0.00,99,0,0.00,0,0.00,99,0,0.00,0.00,32,22,39,89,0,0,0,0,0,34,48,65,59,0,99,1,8,8,0,0,10,30,0,0
Rafael Thyere De Albuquerque Marques,33,737622000,1993/05/17,Serie B,2023,Defender,Sport Recife,2753,1440,1313,Brazil,31,16,15,2,2,0,1,1,0,0,0,12,9,3,30,11,19,4,0,0.1,0.03,0.07,0.13,0,1377,0.98,92,89,688,2753,0.13,232,251,131,8,0,7.04,0.03,53,60.63,59.80,99,1794,52.27,1568,97,52.99,99,0.00,0.00,0.30,9,0.00,0.07,0.57,0.57,17,0.00,0.13,0.00,0.00,0.00,0.67,0.10,0.00,6.50,0.44,0.30,0.13,0.00,0.13,0.06,0.00,1.90,0.00,0.00,0,0,,13,0.43,30,4,0.14,35,9,0.30,29,1,0,30,19,0.00,99,0,20,0.68,45,2,97,0.07,18,0,0.00,99,0,0.00,0,0,0.00,0,0.30,24,4,0.14,15,3,0.10,75.00,0,0.00,0,0,0,0.00,0,0,0.00,38,0.00,0,N/A,N/A,N/A,N/A,0.00,0,0.00,0,1.68,0.00,0,87.40,30.77,43,86,0.20,0.20,6,16,90,0,0,0,0.73,0.74,22,89,211.18,4.27,4.33,128,1,0.00,0.03,14,0.03,0,0,0,0.00,0.00,0,0.00,0.00,0.03,0.03,1,0,15.38,82,92,83,92,39,4.04,68,0.13,0.14,1.68,56,0.06,0.06,35,24,0.80,0.81,0.37,0.37,9,11,0.06,54,90,92,71,0,46,82,0,0.00,99,57,0.00,1.93,5.71,5.63,169,100,25,14,3.38,3.33,59.17,4,0.14,80,0,50.00,0,0.00,99,1,0.03,0.03,33,90,19,33,0,1,0,3,0,50,59,65,70,0,99,62,87,22,4,13,43,15,0,0
Rafael Vaz dos Santos,37,590482800,1988/09/17,Serie B,2023,Defender,Londrina,1530,900,630,Brazil,17,10,7,0,0,0,0,0,0,0,0,4,3,1,23,8,15,4,0,0,0,0,0,0,0,1.35,67,90,383,0,0.24,312,284,197,14,0,7.02,0,51,51.06,51.06,89,868,37.94,645,29,37.94,80,0.00,0.00,0.47,8,0.00,0.65,0.76,0.76,13,0.00,0.18,0.00,0.00,0.00,0.94,0.76,0.00,0.00,0.82,0.65,0.94,0.00,0.18,0.02,0.00,2.00,0.00,0.00,0,0,,14,0.82,55,3,0.18,42,11,0.65,67,0,0,17,32,0.00,99,0,16,0.94,59,11,45,0.65,45,0,0.00,99,0,0.00,0,0,0.00,0,0.47,32,16,0.94,49,13,0.76,81.25,0,0.00,0,0,0,0.00,0,0,0.00,9,0.00,0,N/A,N/A,N/A,N/A,0.00,0,0.00,0,0.41,0.00,0,74.31,21.43,32,69,0.35,0.35,6,71,92,0,0,0,1.06,1.06,18,97,119.42,4.06,4.06,69,1,0.00,0.06,8,0.06,0,0,0,0.00,0.00,0,0.00,0.00,0.00,0.00,0,0,0.00,48,61,38,48,10,1.50,36,0.09,0.09,0.41,38,0.02,0.02,10,5,0.29,0.29,0.35,0.35,9,6,0.02,37,87,90,71,0,45,84,0,0.00,99,34,0.00,2.00,6.06,6.06,103,65,35,17,3.82,3.82,63.11,3,0.18,77,0,18.18,0,0.00,99,2,0.12,0.12,46,61,19,9,0,0,0,0,0,34,48,65,59,0,99,19,60,50,4,24,75,3,0,0
Rafael Victor de Oliveira Furtado,26,944726400,1999/12/09,Serie B,2023,Forward,Juventude,92,61,31,Brazil,4,3,1,0,0,0,0,0,0,0,0,3,2,1,0,0,0,0,0,0,0,0,0,0,0,0,0,23,0,0,0,-1,-1,-1,22,0,6.73,0,51,8.80,2.25,0,9,1.75,7,49,6.85,0,0.00,0.00,0.00,0,0.00,0.00,0.00,0.00,0,0.00,0.25,0.00,0.00,0.00,0.00,0.25,0.00,0.00,4.89,0.75,0.50,0.00,0.50,0.04,0.00,1.00,0.00,0.00,0,0,,5,1.25,99,2,1.96,99,3,2.93,99,0,4,0,4,0.00,99,0,0,0.00,9,0,32,0.00,14,0,0.00,99,0,0.00,0,0,0.00,0,0.00,6,2,1.96,81,1,0.98,50.00,0,0.00,0,0,0,0.00,0,0,0.00,99,0.00,0,N/A,N/A,N/A,N/A,0.00,0,0.00,0,0.18,0.00,0,77.78,40.00,60,99,0.00,0.00,0,81,55,0,0,0,0.25,0.98,1,95,26.91,0.25,0.98,1,0,0.00,0.00,99,0.00,0,0,1,0.25,0.98,0,0.00,0.00,0.98,0.25,1,0,0.00,48,0,0,48,0,0.01,0,0.00,0.01,0.18,86,0.04,0.18,40,1,0.25,0.98,3.91,1.00,99,4,0.18,84,37,42,99,0,99,99,0,0.00,99,4,0.00,3.91,13.70,3.50,14,6,84,93,5.87,1.50,42.86,1,0.98,26,0,0.00,0,0.00,99,0,0.00,0.00,32,0,56,9,0,0,0,0,0,34,48,65,59,0,99,99,8,8,0,0,10,20,0,0
Rafael Vinicius Carvalho Longuine,35,644050800,1990/05/30,Serie B,2023,Midfielder,CRB,752,239,513,Brazil,26,13,13,1,0,1,3,0,3,0,0,9,6,3,8,3,5,1,0,0.48,0.36,0.12,0,0.18,752,0.96,94,29,752,251,0.12,168,7,-1,12,0,6.77,0.12,99,42.09,13.25,70,318,10.96,263,78,34.81,73,0.00,0.00,0.92,22,0.00,1.58,0.93,0.29,7,0.00,0.33,0.00,0.00,0.00,0.08,0.12,0.00,11.00,1.46,0.21,0.29,0.00,0.25,0.04,0.00,0.04,0.00,0.00,0,0,,11,0.46,75,6,0.79,84,5,0.66,68,1,20,5,38,0.00,99,0,2,0.26,23,38,90,5.03,93,0,0.00,99,0,0.00,0,0,0.00,0,2.91,99,7,0.93,48,3,0.40,42.86,0,0.00,0,0,0,0.00,0,0,0.00,41,0.00,0,N/A,N/A,N/A,N/A,0.00,0,0.00,0,1.06,0.00,0,82.70,54.55,86,49,0.17,0.53,4,45,37,0,0,0,0.00,0.00,0,20,162.44,0.00,0.00,0,0,0.00,0.00,99,0.00,0,0,0,0.00,0.00,0,0.00,0.00,0.13,0.04,1,0,9.09,65,25,67,80,42,3.11,99,0.13,0.41,1.06,78,0.04,0.14,43,8,0.33,1.06,0.79,0.25,18,6,0.14,76,45,2,71,0,68,4,0,0.00,99,1,0.00,0.13,6.09,1.92,46,19,11,18,2.51,0.79,41.30,8,1.06,23,0,39.47,0,0.00,99,15,0.62,1.99,99,11,98,33,0,0,0,0,0,94,70,81,59,0,99,48,89,20,1,4,12,10,0,0
Railan Reis Ferreira,26,952675200,2000/03/10,Serie B,2023,Defender,Vitória,1331,609,722,Brazil,24,13,11,0,0,0,1,1,0,0,0,12,9,3,12,2,10,2,0,0.07,0.07,0,0,0,0,0.81,111,55,666,1331,0.14,500,198,79,30,0,6.73,0.04,67,37.78,23.55,57,518,18.23,401,48,29.25,56,0.00,0.00,0.45,10,0.00,1.77,1.68,1.05,23,0.00,0.64,0.00,0.00,0.00,0.68,0.68,0.00,0.00,0.36,0.18,1.59,0.00,0.05,0.01,0.00,0.50,0.00,0.00,0,0,,5,0.23,24,1,0.07,27,4,0.29,28,5,9,14,75,0.00,99,0,15,1.09,68,39,59,2.84,76,0,0.00,99,0,0.00,0,0,0.00,0,0.73,47,35,2.55,90,15,1.09,42.86,0,0.00,0,0,0,0.00,0,0,0.00,61,0.00,0,N/A,N/A,N/A,N/A,0.00,0,0.00,0,0.14,0.00,0,77.41,20.00,31,38,0.41,0.66,9,86,37,0,0,0,0.09,0.15,2,42,147.98,1.14,1.82,25,0,0.00,0.00,99,0.00,0,0,0,0.00,0.00,0,0.00,0.00,0.07,0.05,1,0,0.00,48,53,61,48,61,1.78,61,0.08,0.13,0.14,27,0.01,0.01,69,24,1.09,1.75,0.95,0.59,26,13,0.01,26,37,69,71,0,55,38,0,0.00,99,11,0.00,0.80,10.21,6.36,140,73,75,66,5.32,3.32,52.14,14,1.02,25,0,23.08,0,0.00,99,9,0.41,0.66,75,52,83,89,0,0,0,0,0,42,48,65,59,0,99,92,86,24,2,8,26,19,0,0
Ralf De Souza Teles,41,455612400,1984/06/09,Serie B,2023,Midfielder,Vila Nova,2486,1193,1293,Brazil,31,15,16,0,0,0,1,0,1,0,0,13,8,5,17,5,12,6,0,0.04,0.04,0,0,0,0,0.62,146,80,414,2486,0.22,444,239,-1,30,0,6.76,0.03,57,33.77,29.97,46,899,24.63,739,75,27.76,51,0.00,0.00,0.37,11,0.00,0.37,1.24,1.10,33,0.00,0.40,0.00,0.00,0.00,1.47,0.20,0.00,0.00,0.11,0.07,0.37,0.00,0.03,0.00,0.00,0.50,0.00,0.00,0,0,,3,0.10,11,1,0.04,23,2,0.08,11,1,2,28,54,0.00,99,0,44,1.65,92,11,73,0.41,39,0,0.00,99,0,0.00,0,0,0.00,0,0.41,29,11,0.41,27,6,0.23,54.55,0,0.00,0,0,0,0.00,0,0,0.00,87,0.00,0,N/A,N/A,N/A,N/A,0.00,0,0.00,0,0.10,0.00,0,82.20,33.33,49,17,0.87,0.98,26,31,61,0,0,0,0.33,0.38,10,72,202.95,0.93,1.05,28,0,0.00,0.00,99,0.00,0,0,0,0.00,0.00,0,0.00,0.00,0.00,0.00,0,0,0.00,48,87,83,48,88,2.63,45,0.09,0.10,0.10,14,0.00,0.00,49,32,1.07,1.20,0.83,0.73,20,22,0.00,13,44,46,71,0,45,26,0,0.00,99,15,0.00,0.56,6.20,5.50,165,85,20,19,3.19,2.83,51.52,12,0.45,62,0,27.27,0,0.00,99,3,0.10,0.11,45,86,39,33,0,0,0,0,0,37,48,65,59,0,99,74,65,46,6,19,61,8,0,0
Ramon Menezes Roma,31,799484400,1995/05/03,Serie B,2023,Defender,CRB,1935,969,966,Brazil,22,11,11,0,0,0,0,0,0,0,0,7,5,2,20,7,13,6,0,0,0,0,0,0,0,0.93,97,88,323,0,0.28,403,393,117,32,0,6.92,0,51,53.47,52.62,94,1105,45.76,961,96,46.50,96,0.00,0.00,0.05,1,0.00,0.05,0.73,0.71,15,0.00,0.00,0.00,0.00,0.00,1.10,0.14,0.00,0.00,0.48,0.38,0.19,0.00,0.10,0.01,0.00,2.00,0.00,0.00,0,0,,10,0.48,35,2,0.10,30,8,0.39,42,2,0,21,30,0.00,99,0,23,1.11,69,1,32,0.05,16,0,0.00,99,0,0.00,0,0,0.00,0,0.05,8,4,0.19,19,3,0.15,75.00,0,0.00,0,0,0,0.00,0,0,0.00,45,0.00,0,N/A,N/A,N/A,N/A,0.00,0,0.00,0,0.31,0.00,0,86.97,20.00,31,86,0.19,0.19,4,23,90,0,0,0,0.67,0.68,14,87,145.24,3.67,3.73,77,0,0.00,0.00,99,0.00,0,0,1,0.05,0.05,0,0.00,0.00,0.00,0.00,0,0,0.00,48,72,54,48,45,1.94,36,0.09,0.09,0.31,27,0.01,0.01,31,15,0.71,0.73,1.35,1.33,48,28,0.01,26,74,87,82,0,45,85,0,0.00,99,42,0.00,2.03,5.81,5.71,120,74,27,15,3.58,3.52,61.67,0,0.00,99,0,0.00,0,0.00,99,0,0.00,0.00,32,71,19,53,0,0,0,0,0,34,48,65,59,0,99,38,52,57,6,27,81,4,0,0
Ramon Rodrigo	 de Carvalho,29,864025200,1997/05/19,Serie B,2023,Midfielder,Ponte Preta,1271,656,615,Brazil,25,12,13,0,0,0,0,0,0,0,0,13,7,6,10,4,6,4,0,0,0,0,0,0,0,0.71,127,51,318,0,0.28,362,314,-1,19,0,6.48,0,51,48.16,26.33,84,632,22.67,544,93,41.46,87,0.00,0.00,0.50,12,0.00,0.21,1.83,1.00,24,0.00,0.17,0.00,0.00,0.00,0.67,0.25,0.00,0.00,0.15,0.08,0.46,0.00,0.00,0.00,0.00,0.25,0.00,0.00,0,0,,2,0.08,12,0,0.00,21,2,0.15,16,3,12,12,81,0.00,99,0,16,1.22,75,5,92,0.38,37,0,0.00,99,0,0.00,0,0,0.00,0,0.91,57,11,0.84,45,6,0.46,54.55,0,0.00,0,0,0,0.00,0,0,0.00,74,0.00,0,N/A,N/A,N/A,N/A,0.00,0,0.00,0,0.05,0.00,0,86.08,0.00,21,16,0.54,0.99,13,53,61,0,0,0,0.29,0.53,7,82,155.56,0.38,0.69,9,0,0.00,0.00,99,0.00,0,0,0,0.00,0.00,0,0.00,0.00,0.00,0.00,0,0,0.00,48,51,63,48,74,1.80,68,0.07,0.14,0.05,14,0.00,0.00,63,21,0.88,1.60,1.07,0.58,31,14,0.00,13,11,30,71,0,45,21,0,0.00,99,6,0.00,0.46,7.47,4.08,98,57,47,33,4.34,2.38,58.16,4,0.30,71,0,40.00,0,0.00,99,2,0.08,0.15,48,47,90,70,0,0,0,0,0,34,48,65,59,0,99,93,52,57,4,16,53,8,0,0
Ramon Vinicius dos Santos,26,958201200,2000/05/13,Serie B,2023,Midfielder,ABC,2094,1011,1083,Brazil,30,15,15,1,1,0,0,0,0,0,0,6,3,3,24,10,14,8,0,0.04,0,0.04,0.09,0,2094,1.03,87,70,262,0,0.34,264,479,-1,10,0,6.58,0,51,44.64,34.28,77,994,30.00,870,97,39.07,83,0.00,0.00,0.66,19,0.00,1.03,1.80,1.38,40,0.00,0.69,0.00,0.00,0.00,1.07,0.62,0.00,10.00,0.45,0.28,0.90,0.00,0.07,0.03,0.00,0.28,0.00,0.00,0,0,,10,0.34,31,2,0.09,29,8,0.36,39,6,8,21,80,0.00,99,0,31,1.39,83,30,88,1.35,56,0,0.00,99,0,0.00,0,0,0.00,0,0.85,54,26,1.17,59,18,0.81,69.23,0,0.00,0,0,0,0.00,0,0,0.00,33,0.00,0,N/A,N/A,N/A,N/A,0.00,0,0.00,0,0.90,0.00,0,87.53,20.00,31,8,0.93,1.21,27,74,84,0,0,0,0.10,0.13,3,38,190.86,0.55,0.72,16,0,0.00,0.00,99,0.00,0,0,0,0.00,0.00,0,0.00,0.00,0.00,0.00,0,0,10.00,68,77,79,97,33,2.57,55,0.09,0.12,0.90,49,0.03,0.04,35,18,0.62,0.81,1.12,0.86,34,25,0.04,47,16,33,71,0,45,16,0,0.00,99,8,0.00,0.36,7.59,5.83,169,84,32,34,3.77,2.90,49.70,20,0.90,29,0,36.67,0,0.00,99,11,0.38,0.49,68,71,79,94,0,0,0,0,0,37,52,65,66,0,99,12,41,67,7,23,73,20,0,0
Raphael Guimaraes de Paula,31,778748400,1994/09/05,Serie B,2023,Forward,Atlético GO,690,406,284,Brazil,14,8,6,2,1,1,3,2,1,0,0,7,4,3,4,1,3,3,0,0.65,0.39,0.26,0.22,0.32,345,0.52,173,49,230,230,0.39,68,5,-1,7,0,6.85,0.21,99,37.06,20.46,55,266,16.54,215,67,29.95,58,0.00,0.00,0.77,10,0.00,2.15,1.11,0.62,8,0.00,0.38,0.00,0.00,0.00,0.15,0.46,0.00,13.00,1.81,0.69,1.15,0.00,0.31,0.08,0.00,0.23,0.00,0.00,0,0,,13,1.00,87,4,0.56,73,9,1.25,94,7,7,6,47,0.00,99,0,2,0.28,25,28,67,3.90,88,0,0.00,99,0,0.00,0,0,0.00,0,1.39,80,15,2.09,84,6,0.84,40.00,0,0.00,0,0,0,0.00,0,0,0.00,93,0.00,0,N/A,N/A,N/A,N/A,0.00,0,0.00,0,1.06,0.00,0,80.83,30.77,43,17,0.54,0.98,7,76,31,0,0,0,0.15,0.28,2,63,89.01,0.08,0.14,1,0,0.00,0.00,99,0.00,0,0,0,0.00,0.00,0,0.00,0.00,0.00,0.00,0,0,7.69,60,22,27,60,93,1.99,97,0.15,0.28,1.06,80,0.08,0.15,79,15,1.15,2.09,2.23,1.23,86,16,0.15,78,61,4,71,0,45,19,0,0.00,99,3,0.00,0.42,10.17,5.62,73,32,50,65,4.46,2.46,43.84,5,0.70,44,0,25.00,0,0.00,99,7,0.54,0.98,86,17,74,98,0,0,0,0,0,99,89,92,82,0,99,92,33,75,3,21,67,17,0,0
Raphael Luz Pessoa,36,616748400,1989/07/18,Serie B,2023,Midfielder,ABC,244,88,156,Brazil,5,2,3,0,0,0,0,0,0,0,0,0,0,0,6,2,4,0,0,0,0,0,0,0,0,2.21,41,49,0,0,0,-1,-1,-1,40,0,8.09,0,51,26.10,14.50,29,58,10.75,43,28,19.35,29,0.00,0.00,0.75,3,0.00,1.00,1.35,0.75,3,0.00,1.00,0.00,0.00,0.00,0.25,0.00,0.00,0.00,0.45,0.00,0.50,0.00,0.25,0.01,0.00,0.25,0.00,0.00,0,0,,1,0.25,31,1,0.45,67,0,0.00,10,1,3,2,59,0.00,99,0,1,0.45,34,4,67,1.80,65,0,0.00,99,0,0.00,0,0,0.00,0,1.35,79,2,0.90,47,0,0.00,0.00,0,0.00,0,0,0,0.00,0,0,0.00,0,0.00,0,N/A,N/A,N/A,N/A,0.00,0,0.00,0,0.06,0.00,0,74.14,100.00,99,99,0.00,0.00,0,12,12,0,0,0,0.25,0.45,1,76,32.35,0.25,0.45,1,0,0.00,0.00,99,0.00,0,0,0,0.00,0.00,0,0.00,0.00,0.45,0.25,1,0,0.00,48,0,1,48,1,0.22,45,0.06,0.10,0.06,45,0.01,0.03,71,4,1.00,1.80,1.35,0.75,48,3,0.03,43,99,18,71,0,90,20,0,0.00,99,1,0.00,0.45,9.90,5.50,22,10,51,62,4.50,2.50,45.45,4,1.80,4,0,25.00,0,0.00,99,1,0.25,0.45,67,1,50,33,0,0,0,0,0,34,48,65,59,0,99,1,8,8,0,0,10,16,0,0
Raul Prata,38,553244400,1987/07/14,Serie B,2023,Defender,Novorizontino,631,381,250,Brazil,10,5,5,0,0,0,2,1,1,0,0,9,5,4,0,0,0,2,0,0.29,0.29,0,0,0,0,0,0,63,316,316,0.29,390,15,1,27,0,7.29,0.2,98,32.81,23.00,44,230,16.40,164,17,23.39,41,0.00,0.00,2.20,22,0.00,5.90,1.57,1.10,11,0.00,0.20,0.00,0.00,0.00,1.20,0.20,0.00,0.00,1.71,0.60,0.70,0.00,0.60,0.05,0.00,0.30,0.00,0.00,0,0,,12,1.20,83,6,0.86,89,6,0.86,79,2,3,7,70,0.00,99,0,12,1.71,93,59,92,8.42,99,0,0.00,99,0,0.00,0,0,0.00,0,3.14,99,7,1.00,52,2,0.29,28.57,0,0.00,0,0,0,0.00,0,0,0.00,99,0.00,0,N/A,N/A,N/A,N/A,0.00,0,0.00,0,0.54,0.00,0,71.30,50.00,83,33,0.50,0.71,5,35,18,0,0,0,0.10,0.14,1,40,72.86,0.90,1.28,9,0,0.00,0.00,99,0.00,0,0,0,0.00,0.00,0,0.00,0.00,0.00,0.00,0,0,0.00,48,18,12,48,0,2.34,99,0.23,0.33,0.54,63,0.05,0.08,22,4,0.40,0.57,1.14,0.80,35,8,0.08,61,98,55,71,0,45,19,0,0.00,99,3,0.00,0.43,6.99,4.90,49,20,14,27,2.85,2.00,40.82,2,0.29,71,0,40.68,0,0.00,99,24,2.40,3.42,99,22,50,53,0,0,0,0,0,81,48,65,59,0,99,99,52,58,2,20,65,2,0,0
Rayan Poltronieri Pereira,36,630230400,1989/12/21,Serie B,2023,Defender,Criciúma,770,521,249,Brazil,12,8,4,0,0,0,0,0,0,0,0,5,3,2,7,5,2,1,1,0,0,0,0,0,0,0.82,110,64,385,0,0.23,516,507,87,23,0,6.77,0,51,46.29,33.00,81,396,27.75,333,86,38.92,83,0.00,0.00,0.08,1,0.00,0.17,0.70,0.50,6,0.00,0.08,0.00,0.00,0.00,0.92,0.08,0.00,0.00,0.58,0.17,0.17,0.00,0.25,0.02,0.00,1.33,0.00,0.00,0,0,,5,0.42,41,3,0.35,60,2,0.23,23,2,4,8,27,0.00,99,0,11,1.29,80,2,99,0.23,29,0,0.00,99,0,0.00,0,0,0.00,0,0.12,12,2,0.23,21,1,0.12,50.00,0,0.00,0,0,0,0.00,0,0,0.00,60,0.00,0,N/A,N/A,N/A,N/A,0.00,0,0.00,0,0.26,0.00,0,84.09,60.00,92,45,0.42,0.58,5,18,55,0,0,0,0.50,0.70,6,88,81.19,3.42,4.79,41,0,0.00,0.00,99,0.00,0,0,0,0.00,0.00,0,0.00,0.00,0.00,0.00,0,0,0.00,48,27,20,48,60,0.75,36,0.06,0.09,0.26,45,0.02,0.03,23,5,0.42,0.58,0.70,0.50,16,6,0.03,43,45,96,71,0,45,80,0,0.00,99,16,0.00,1.87,5.73,4.08,49,28,22,15,3.27,2.33,57.14,1,0.12,83,0,100.00,0,0.00,99,2,0.17,0.23,56,28,56,53,0,0,0,0,0,34,48,65,59,0,99,74,60,48,0,0,10,13,0,0
Reginaldo Lopes de Jesus,33,730368000,1993/02/22,Serie B,2023,Defender,Juventude,2678,1306,1372,Brazil,33,15,18,0,0,0,0,0,0,0,0,16,8,8,20,9,11,5,0,0,0,0,0,0,0,0.67,134,81,536,0,0.17,492,478,38,25,0,6.80,0,51,29.75,27.61,38,856,21.71,673,54,23.39,41,0.00,0.00,0.97,30,0.00,3.32,1.01,0.94,29,0.00,0.32,0.00,0.00,0.00,0.77,0.58,0.00,0.00,0.17,0.16,1.13,0.00,0.00,0.00,0.00,0.71,0.00,0.00,0,0,,5,0.16,14,0,0.00,21,5,0.17,17,1,0,31,43,0.00,99,0,24,0.83,53,103,57,3.58,84,0,0.00,99,0,0.00,0,0,0.00,0,1.04,64,35,1.22,62,18,0.63,51.43,0,0.00,0,0,0,0.00,0,0,0.00,82,0.00,0,N/A,N/A,N/A,N/A,0.00,0,0.00,0,0.12,0.00,0,78.62,0.00,21,47,0.52,0.56,16,63,56,0,0,0,0.26,0.28,8,63,210.78,1.48,1.60,46,0,0.00,0.00,99,0.00,0,0,0,0.00,0.00,0,0.00,0.00,0.35,0.32,10,0,0.00,48,90,90,48,82,2.75,45,0.09,0.10,0.12,14,0.00,0.00,55,40,1.29,1.39,0.76,0.71,17,22,0.00,13,52,65,71,0,87,36,0,0.00,99,22,0.00,0.76,7.26,6.74,209,109,33,30,3.79,3.52,52.15,10,0.35,68,0,22.33,0,0.00,99,23,0.74,0.80,80,91,19,33,0,0,0,0,0,34,48,65,59,0,99,88,77,33,5,15,50,93,0,0
Regis Augusto Salmazzo,33,723110400,1992/11/30,Serie B,2023,Midfielder,Guarani,1149,566,583,Brazil,27,16,11,1,1,0,2,1,1,1,1,9,6,3,9,4,5,3,0,0.23,0.16,0.08,0.16,0,1149,0.7,128,43,383,575,0.23,209,74,-1,11,0,6.74,0.07,87,27.97,13.62,34,354,10.96,285,66,22.52,37,0.00,0.00,1.15,30,0.00,1.81,0.71,0.35,9,0.00,0.31,0.00,0.00,0.00,0.19,0.50,0.00,8.00,0.63,0.23,0.85,0.00,0.08,0.03,0.00,0.04,0.00,0.00,0,0,,8,0.31,45,2,0.16,38,6,0.47,51,1,14,12,27,0.00,99,0,5,0.40,31,47,74,3.71,86,0,0.00,99,0,0.00,0,0,0.00,0,2.37,96,22,1.74,76,13,1.03,59.09,0,0.00,0,0,0,0.00,0,0,0.00,76,0.00,0,N/A,N/A,N/A,N/A,0.00,0,0.00,0,0.84,0.00,0,80.51,25.00,36,41,0.31,0.63,8,83,69,1,1,0,0.08,0.16,2,44,175.25,0.12,0.24,3,0,0.00,0.00,99,0.00,0,2,0,0.00,0.00,0,0.00,0.00,0.24,0.12,3,1,12.50,76,45,70,89,76,3.01,94,0.12,0.24,-0.56,0,-0.02,-0.04,53,17,0.65,1.34,2.37,1.15,88,30,0.07,58,40,9,71,0,80,2,0,0.00,99,1,0.00,0.08,8.38,4.08,106,40,20,40,3.16,1.54,37.74,8,0.63,48,0,27.66,0,0.00,99,13,0.50,1.03,88,47,93,33,0,0,0,0,0,74,61,65,73,0,99,45,60,48,3,11,37,78,0,0
Reinaldo Kauan Bento dos Santos,23,1029999600,2002/08/22,Serie B,2023,Midfielder,Mirassol,812,341,471,Brazil,16,7,9,1,1,0,0,0,0,0,0,7,4,3,6,2,4,1,0,0.11,0,0.11,0.26,0,812,0.67,135,51,812,0,0.11,181,381,-1,12,0,6.68,0,51,19.53,11.40,11,171,9.13,137,63,15.65,18,0.00,0.00,0.47,7,0.00,0.07,0.69,0.40,6,0.00,0.67,0.00,0.00,0.00,0.33,0.20,0.00,17.00,1.94,0.33,0.40,0.00,0.80,0.10,0.00,0.60,0.00,0.00,0,0,,17,1.13,91,12,1.37,99,5,0.57,60,1,5,10,26,0.00,99,0,5,0.57,40,1,32,0.11,21,0,0.00,99,0,0.00,0,0,0.00,0,0.80,51,6,0.69,39,3,0.34,50.00,0,0.00,0,0,0,0.00,0,0,0.00,82,0.00,0,N/A,N/A,N/A,N/A,0.00,0,0.00,0,1.44,0.00,0,80.12,70.59,97,82,0.13,0.23,2,41,55,0,0,0,0.00,0.00,0,20,100.15,0.20,0.34,3,0,0.00,0.00,99,0.00,0,0,1,0.07,0.11,0,0.00,0.00,0.00,0.00,0,0,5.88,54,29,34,81,82,0.52,14,0.03,0.06,1.44,82,0.10,0.16,83,20,1.33,2.28,1.83,1.07,72,16,0.16,80,25,14,93,0,45,50,0,0.00,99,9,0.00,1.03,10.74,6.27,94,38,47,73,4.34,2.53,40.43,10,1.14,21,0,0.00,0,0.00,99,0,0.00,0.00,32,38,64,33,0,0,0,0,0,52,68,65,86,0,99,81,63,46,1,6,19,9,0,0
Renan Bardini Bressan,37,594547200,1988/11/03,Serie B,2023,Midfielder,ABC,236,141,95,Belarus,8,3,5,0,0,0,0,0,0,0,0,2,1,1,1,1,0,0,0,0,0,0,0,0,0,0.38,236,30,0,0,0,-1,-1,-1,27,0,6.66,0,51,30.13,9.88,39,79,8.25,66,82,25.17,44,0.00,0.00,0.25,2,0.00,1.62,1.14,0.38,3,0.00,0.38,0.00,0.00,0.00,0.00,0.12,0.00,0.00,1.14,0.38,0.12,0.00,0.00,0.01,0.00,0.12,0.00,0.00,0,0,,3,0.38,65,0,0.00,21,3,1.14,92,3,6,2,49,0.00,99,0,0,0.00,9,13,97,4.96,92,0,0.00,99,0,0.00,0,0,0.00,0,0.76,48,1,0.38,26,1,0.38,100.00,0,0.00,0,0,0,0.00,0,0,0.00,98,0.00,0,N/A,N/A,N/A,N/A,0.00,0,0.00,0,0.07,0.00,0,83.54,0.00,21,2,0.50,1.53,4,43,99,0,0,0,0.00,0.00,0,20,53.28,0.12,0.38,1,0,0.00,0.00,99,0.00,0,0,0,0.00,0.00,0,0.00,0.00,0.00,0.00,0,0,0.00,48,0,6,48,98,0.19,19,0.02,0.07,0.07,45,0.01,0.03,95,8,1.00,3.05,1.14,0.38,35,3,0.03,43,22,15,71,0,45,17,0,0.00,99,1,0.00,0.38,9.92,3.25,26,13,65,62,4.96,1.62,50.00,3,1.14,21,0,53.85,0,0.00,99,7,0.88,2.67,99,1,70,70,0,0,0,0,0,34,48,65,59,0,99,22,8,8,0,0,10,55,0,0
Renan Cosenza da Costa,21,1101024000,2004/11/21,Serie B,2023,Defender,Atlético GO,9,0,9,Brazil,2,1,1,0,0,0,0,0,0,0,0,1,1,0,0,0,0,0,0,0,0,0,0,0,0,0,0,5,0,0,0,-1,-1,-1,25,0,0.00,0,51,0.00,0.00,0,0,0.00,0,0,0.00,0,0.00,0.00,0.00,0,0.00,0.00,0.00,0.00,0,0.00,0.00,0.00,0.00,0.00,0.00,0.00,0.00,0.00,0.00,0.00,0.00,0.00,0.00,0.00,0.00,0.00,0.00,0.00,0,0,,0,0.00,9,0,0.00,21,0,0.00,10,0,2,0,4,0.00,99,0,0,0.00,9,0,32,0.00,14,0,0.00,99,0,0.00,0,0,0.00,0,0.00,6,0,0.00,8,0,0.00,0.00,0,0.00,0,0,0,0.00,0,0,0.00,99,0.00,0,N/A,N/A,N/A,N/A,0.00,0,0.00,0,0.00,0.00,0,0.00,0.00,21,99,0.00,0.00,0,12,12,0,0,0,0.00,0.00,0,20,0.00,0.00,0.00,0,0,0.00,0.00,99,0.00,0,0,0,0.00,0.00,0,0.00,0.00,0.00,0.00,0,0,0.00,48,0,0,48,0,0.00,0,0.00,0.00,0.00,14,0.00,0.00,1,0,0.00,0.00,0.00,0.00,4,0,0.00,13,0,2,71,0,45,2,0,0.00,99,0,0.00,0.00,0.00,0.00,0,0,0,0,0.00,0.00,0.00,0,0.00,99,0,0.00,0,0.00,99,0,0.00,0.00,32,0,39,9,0,0,0,0,0,34,48,65,59,0,99,92,8,8,0,0,10,13,0,0
Renan dos Santos,37,611478000,1989/05/18,Serie B,2023,Goalkeeper,Sport Recife,2116,1170,946,Brazil,24,13,11,0,0,0,0,0,0,0,0,10,8,2,19,7,12,0,0,0,0,0,0,0,0,0.81,111,88,0,0,0,363,315,81,18,0,6.93,0,51,16.76,16.42,5,394,11.75,282,18,11.99,7,0.00,0.00,0.04,1,0.00,0.04,0.09,0.08,2,0.00,0.00,0.00,0.00,2.29,0.00,0.00,3.17,0.00,0.00,0.00,0.00,0.00,0.00,0.00,0.00,0.21,0.00,0.00,0,0,,0,0.00,9,0,0.00,21,0,0.00,10,1,0,24,7,0.00,99,0,0,0.00,9,1,99,0.04,15,0,0.00,99,0,0.00,0,0,0.00,0,0.04,8,0,0.00,8,0,0.00,0.00,0,0.00,0,55,41,2.34,26,76,0.00,61,3.23,26,N/A,N/A,N/A,N/A,72.37,0,0.00,0,0.00,0.00,0,71.57,0.00,21,99,0.00,0.00,0,12,12,0,0,30,0.00,0.00,0,20,166.38,0.96,0.98,23,1,0.00,0.04,12,0.04,0,0,0,0.00,0.00,14,0.58,0.60,0.00,0.00,0,0,0.00,48,79,61,48,61,0.68,6,0.03,0.03,0.00,14,0.00,0.00,5,3,0.12,0.13,0.04,0.04,6,1,0.00,13,75,42,71,36,45,7,0,0.00,99,5,0.00,0.21,0.47,0.46,11,10,5,3,0.43,0.42,90.91,0,0.00,99,0,100.00,0,0.00,99,1,0.04,0.04,36,78,19,33,0,0,0,0,0,34,48,65,59,0,99,74,8,8,0,0,10,33,0,0
Renan Gorne Silva,30,824976000,1996/02/22,Serie B,2023,Forward,Novorizontino,0,0,0,Brazil,0,0,0,0,0,0,0,0,0,0,0,0,0,0,0,0,0,0,0,0,0,0,0,0,0,0,0,0,0,0,0,-1,-1,-1,-1,N/A,N/A,N/A,N/A,N/A,N/A,N/A,N/A,N/A,N/A,N/A,N/A,N/A,N/A,N/A,N/A,N/A,N/A,N/A,N/A,N/A,N/A,N/A,N/A,N/A,N/A,N/A,N/A,N/A,N/A,N/A,N/A,N/A,N/A,N/A,N/A,N/A,N/A,N/A,N/A,N/A,N/A,N/A,N/A,N/A,N/A,N/A,N/A,N/A,N/A,N/A,N/A,N/A,N/A,N/A,N/A,N/A,N/A,N/A,N/A,N/A,N/A,N/A,N/A,N/A,N/A,N/A,N/A,N/A,N/A,N/A,N/A,N/A,N/A,N/A,N/A,N/A,N/A,N/A,N/A,N/A,N/A,N/A,N/A,N/A,N/A,N/A,N/A,N/A,N/A,N/A,N/A,N/A,N/A,N/A,N/A,N/A,N/A,N/A,N/A,N/A,N/A,N/A,N/A,N/A,N/A,N/A,N/A,N/A,N/A,N/A,N/A,N/A,N/A,N/A,N/A,N/A,N/A,N/A,N/A,N/A,N/A,N/A,N/A,N/A,N/A,N/A,N/A,N/A,N/A,N/A,N/A,N/A,N/A,N/A,N/A,N/A,N/A,N/A,N/A,N/A,N/A,N/A,N/A,N/A,N/A,N/A,N/A,N/A,N/A,N/A,N/A,N/A,N/A,N/A,N/A,N/A,N/A,N/A,N/A,N/A,N/A,N/A,N/A,N/A,N/A,N/A,N/A,N/A,N/A,N/A,N/A,N/A,N/A,N/A,N/A,N/A,N/A,N/A,N/A,N/A,N/A,N/A,N/A,N/A,N/A,N/A,N/A,N/A,N/A,N/A,N/A,N/A,N/A,N/A,N/A,N/A,N/A,N/A,N/A,N/A,N/A,N/A,N/A,N/A,N/A,N/A,N/A,N/A,N/A,N/A,N/A,N/A,N/A,N/A,N/A,N/A,N/A,N/A,N/A,N/A,N/A,N/A,N/A
Renan Silva Ferreira,22,1073808000,2004/01/11,Serie B,2023,Defender,Atlético GO,181,90,91,Brazil,3,1,2,0,0,0,0,0,0,0,0,0,0,0,5,3,2,1,0,0,0,0,0,0,0,2.49,36,60,181,0,0.5,-1,-1,-1,23,0,0.00,0,51,0.00,0.00,0,0,0.00,0,0,0.00,0,0.00,0.00,0.00,0,0.00,0.00,0.00,0.00,0,0.00,0.00,0.00,0.00,0.00,0.00,0.00,0.00,0.00,0.00,0.00,0.00,0.00,0.00,0.00,0.00,0.00,0.00,0.00,0,0,,0,0.00,9,0,0.00,21,0,0.00,10,2,1,2,4,0.00,99,0,0,0.00,9,0,32,0.00,14,0,0.00,99,0,0.00,0,0,0.00,0,0.00,6,0,0.00,8,0,0.00,0.00,0,0.00,0,0,0,0.00,0,0,0.00,0,0.00,0,N/A,N/A,N/A,N/A,0.00,0,0.00,0,0.00,0.00,0,0.00,0.00,21,99,0.00,0.00,0,12,12,0,0,0,0.00,0.00,0,20,0.00,0.00,0.00,0,0,0.00,0.00,99,0.00,0,0,0,0.00,0.00,0,0.00,0.00,0.00,0.00,0,0,0.00,48,0,0,48,0,0.00,0,0.00,0.00,0.00,14,0.00,0.00,1,0,0.00,0.00,0.00,0.00,4,0,0.00,13,0,2,71,0,45,2,0,0.00,99,0,0.00,0.00,0.00,0.00,0,0,0,0,0.00,0.00,0.00,0,0.00,99,0,0.00,0,0.00,99,0,0.00,0.00,32,1,30,53,0,0,0,0,0,34,48,65,59,0,99,1,21,87,1,0,10,2,0,0
Renato Alves de Mendonça,34,691747200,1991/12/03,Serie B,2023,Midfielder,Atlético GO,1135,510,625,Brazil,16,7,9,1,1,0,0,0,0,0,0,4,3,1,17,5,12,4,0,0.08,0,0.08,0.18,0,1135,1.35,67,71,284,0,0.32,220,395,-1,16,0,6.40,0,51,53.76,42.38,94,678,36.62,586,94,46.47,96,0.00,0.00,0.81,13,0.00,0.56,1.27,1.00,16,0.00,0.50,0.00,0.00,0.00,1.19,0.12,0.00,10.00,0.79,0.31,0.31,0.00,0.31,0.06,0.00,1.19,0.00,0.00,0,0,,10,0.62,53,5,0.40,63,5,0.40,43,4,4,12,55,0.00,99,0,19,1.51,87,9,35,0.71,47,0,0.00,99,0,0.00,0,0,0.00,0,1.03,64,5,0.40,27,2,0.16,40.00,0,0.00,0,0,0,0.00,0,0,0.00,9,0.00,0,N/A,N/A,N/A,N/A,0.00,0,0.00,0,1.00,0.00,0,86.43,50.00,83,14,0.81,1.03,13,24,31,0,0,0,0.12,0.16,2,44,102.39,1.56,1.98,25,0,0.00,0.00,99,0.00,0,0,0,0.00,0.00,0,0.00,0.00,0.00,0.00,0,0,10.00,68,45,34,89,10,2.05,76,0.13,0.16,1.00,63,0.06,0.08,38,11,0.69,0.87,1.98,1.56,78,25,0.08,61,8,73,71,0,45,69,0,0.00,99,19,0.00,1.51,8.72,6.88,110,48,34,46,3.81,3.00,43.64,8,0.63,48,0,11.11,0,0.00,99,1,0.06,0.08,40,47,56,83,0,0,0,0,0,44,61,65,77,0,99,22,46,63,4,25,79,15,0,0
Renato Palm da Silveira,34,687423600,1991/10/14,Serie B,2023,Defender,Novorizontino,1581,771,810,Brazil,20,10,10,0,0,0,0,0,0,0,0,9,4,5,10,5,5,2,1,0,0,0,0,0,0,0.57,158,79,527,0,0.17,352,359,16,17,0,6.91,0,51,44.00,38.65,75,773,30.80,616,61,35.07,74,0.00,0.00,0.15,3,0.00,0.10,1.14,1.00,20,0.00,0.00,0.00,0.00,0.00,1.30,0.10,0.00,0.00,0.28,0.20,0.10,0.00,0.05,0.01,0.00,2.70,0.00,0.00,0,0,,5,0.25,18,1,0.06,25,4,0.23,23,2,2,18,49,0.00,99,0,26,1.48,87,2,99,0.11,21,0,0.00,99,0,0.00,0,0,0.00,0,0.17,15,2,0.11,13,2,0.11,100.00,0,0.00,0,0,0,0.00,0,0,0.00,92,0.00,0,N/A,N/A,N/A,N/A,0.00,0,0.00,0,0.19,0.00,0,79.69,20.00,31,46,0.50,0.57,10,17,99,0,0,0,0.35,0.40,7,74,138.14,3.55,4.04,71,0,0.00,0.00,99,0.00,0,0,1,0.05,0.06,0,0.00,0.00,0.00,0.00,0,0,0.00,48,62,49,48,92,1.34,27,0.07,0.08,0.19,27,0.01,0.01,12,6,0.30,0.34,1.31,1.15,45,23,0.01,26,72,90,84,0,45,97,0,0.00,99,54,0.00,3.07,7.40,6.50,130,82,56,32,4.67,4.10,63.08,0,0.00,99,0,100.00,0,0.00,99,2,0.10,0.11,45,63,39,53,0,0,0,0,0,34,48,65,59,0,99,83,76,33,1,5,14,3,0,0
Reniê Almeida da Silva,37,608194800,1989/04/10,Serie B,2023,Defender,Mirassol,187,90,97,Brazil,3,1,2,0,0,0,0,0,0,0,0,1,1,0,1,0,1,0,0,0,0,0,0,0,0,0.48,187,62,0,0,0,-1,-1,-1,27,0,6.52,0,51,32.73,22.67,43,68,17.67,53,51,25.51,46,0.00,0.00,0.33,1,0.00,0.33,0.48,0.33,1,0.00,0.00,0.00,0.00,0.00,1.33,0.00,0.00,0.00,0.00,0.00,0.00,0.00,0.00,0.00,0.00,1.00,0.00,0.00,0,0,,0,0.00,9,0,0.00,21,0,0.00,10,1,1,2,14,0.00,99,0,4,1.93,96,1,32,0.48,42,0,0.00,99,0,0.00,0,0,0.00,0,0.48,32,0,0.00,8,0,0.00,0.00,0,0.00,0,0,0,0.00,0,0,0.00,95,0.00,0,N/A,N/A,N/A,N/A,0.00,0,0.00,0,0.00,0.00,0,77.94,0.00,21,54,0.33,0.48,1,12,12,0,0,0,0.33,0.48,1,79,19.57,2.00,2.89,6,0,0.00,0.00,99,0.00,0,0,0,0.00,0.00,0,0.00,0.00,0.00,0.00,0,0,0.00,48,0,0,48,95,0.13,14,0.04,0.06,0.00,14,0.00,0.00,1,0,0.00,0.00,0.48,0.33,11,1,0.00,13,12,82,71,0,45,65,0,0.00,99,3,0.00,1.44,3.85,2.67,8,4,8,8,1.93,1.33,50.00,0,0.00,99,0,0.00,0,0.00,99,0,0.00,0.00,32,1,30,33,0,0,0,0,0,34,48,65,59,0,99,45,8,8,0,0,10,4,0,0
Renzo Azevedo Pimentel de Moura,24,1003302000,2001/10/17,Serie B,2023,Defender,Sport Recife,180,90,90,Brazil,2,1,1,0,0,0,0,0,0,0,0,1,0,1,2,2,0,0,0,0,0,0,0,0,0,1,90,90,0,0,0,-1,-1,-1,25,0,0.00,0,51,0.00,0.00,0,0,0.00,0,0,0.00,0,0.00,0.00,0.00,0,0.00,0.00,0.00,0.00,0,0.00,0.00,0.00,0.00,0.00,0.00,0.00,0.00,0.00,0.00,0.00,0.00,0.00,0.00,0.00,0.00,0.00,0.00,0.00,0,0,,0,0.00,9,0,0.00,21,0,0.00,10,0,0,2,4,0.00,99,0,0,0.00,9,0,32,0.00,14,0,0.00,99,0,0.00,0,0,0.00,0,0.00,6,0,0.00,8,0,0.00,0.00,0,0.00,0,0,0,0.00,0,0,0.00,36,0.00,0,N/A,N/A,N/A,N/A,0.00,0,0.00,0,0.00,0.00,0,0.00,0.00,21,99,0.00,0.00,0,12,12,0,0,0,0.00,0.00,0,20,0.00,0.00,0.00,0,0,0.00,0.00,99,0.00,0,0,0,0.00,0.00,0,0.00,0.00,0.00,0.00,0,0,0.00,48,0,0,48,36,0.00,0,0.00,0.00,0.00,14,0.00,0.00,1,0,0.00,0.00,0.00,0.00,4,0,0.00,13,0,2,71,0,45,2,0,0.00,99,0,0.00,0.00,0.00,0.00,0,0,0,0,0.00,0.00,0.00,0,0.00,99,0,0.00,0,0.00,99,0,0.00,0.00,32,1,19,9,0,0,0,0,0,34,48,65,59,0,99,92,8,8,0,0,10,13,0,0
Reverson Valuarth Paiva Silva,29,854870400,1997/02/02,Serie B,2023,Defender,Novorizontino,2280,1221,1059,Brazil,30,15,15,1,1,0,1,1,0,0,0,13,8,5,16,5,11,4,1,0.08,0.04,0.04,0.07,0,2280,0.63,143,76,456,2280,0.2,266,229,30,11,0,6.90,0.03,57,37.15,32.07,55,930,24.62,714,43,28.52,54,0.00,0.00,1.21,35,0.00,3.21,1.36,1.17,34,0.00,0.38,0.00,0.00,0.00,0.83,0.90,0.00,12.00,0.48,0.21,1.21,0.00,0.21,0.04,0.00,1.45,0.00,0.00,0,0,,12,0.41,35,6,0.24,50,6,0.24,25,2,5,24,59,0.00,99,0,24,0.96,61,93,88,3.72,86,0,0.00,99,0,0.00,0,0,0.00,0,1.40,81,35,1.40,68,26,1.04,74.29,0,0.00,0,0,0,0.00,0,0,0.00,85,0.00,0,N/A,N/A,N/A,N/A,0.00,0,0.00,0,1.07,0.00,0,76.77,50.00,83,36,0.59,0.68,17,84,88,0,0,0,0.24,0.28,7,63,200.15,1.52,1.76,44,0,0.00,0.00,99,0.00,0,0,0,0.00,0.00,0,0.00,0.00,0.12,0.10,3,0,8.33,63,83,79,98,85,3.60,68,0.12,0.14,1.07,49,0.04,0.04,24,15,0.52,0.60,1.48,1.28,54,37,0.04,47,69,68,71,0,67,74,0,0.00,99,42,0.00,1.68,8.63,7.45,216,117,56,45,4.67,4.03,54.17,11,0.44,63,0,35.48,0,0.00,99,33,1.14,1.32,92,78,64,53,0,0,0,0,0,44,52,65,62,0,99,77,71,40,3,10,33,7,0,0
Rhaldney Norberto Simião Gomes,27,911548800,1998/11/20,Serie B,2023,Midfielder,Atlético GO,2237,1082,1155,Brazil,36,18,18,2,1,1,0,0,0,0,0,12,6,6,26,11,15,8,0,0.08,0,0.08,0.08,0.08,1119,1.05,86,62,280,0,0.32,214,387,-1,9,0,6.83,0,51,50.23,35.54,88,1244,31.14,1090,97,44.01,92,0.00,0.00,0.80,28,0.00,0.89,2.06,1.46,51,0.00,0.40,0.00,0.00,0.00,0.63,0.46,0.00,4.50,0.36,0.09,0.86,0.00,0.17,0.05,0.00,0.91,0.00,0.00,0,0,,9,0.26,24,6,0.24,50,3,0.12,14,6,10,25,88,0.00,99,0,22,0.89,57,31,32,1.25,56,0,0.00,99,0,0.00,0,0,0.00,0,1.13,69,30,1.21,61,16,0.65,53.33,0,0.00,0,0,0,0.00,0,0,0.00,31,0.00,0,N/A,N/A,N/A,N/A,0.00,0,0.00,0,1.63,0.00,0,87.62,66.67,96,54,0.34,0.48,12,65,59,0,0,0,0.11,0.16,4,44,239.00,0.51,0.73,18,0,0.00,0.00,99,0.00,0,0,1,0.03,0.04,0,0.00,0.00,0.12,0.09,3,1,22.22,92,82,98,88,32,3.49,68,0.10,0.14,1.63,60,0.05,0.07,69,43,1.23,1.74,2.54,1.80,92,63,0.07,58,56,33,79,0,67,61,0,0.00,99,32,0.00,1.29,10.42,7.37,258,142,81,69,5.73,4.06,55.04,14,0.57,52,0,3.23,0,0.00,99,1,0.03,0.04,36,80,85,94,0,0,0,0,0,44,61,70,64,0,99,45,45,63,8,22,70,8,0,0
Rhayner Santos Nascimento,35,652518000,1990/09/05,Serie B,2023,Midfielder,Tombense,15,15,0,Brazil,1,1,0,0,0,0,0,0,0,0,0,0,0,0,0,0,0,0,0,0,0,0,0,0,0,0,0,15,0,0,0,-1,-1,-1,14,0,6.82,0,51,72.00,12.00,99,12,9.00,9,33,54.00,99,0.00,0.00,0.00,0,0.00,0.00,0.00,0.00,0,0.00,0.00,0.00,0.00,0.00,0.00,0.00,0.00,0.00,0.00,0.00,0.00,0.00,0.00,0.00,0.00,0.00,0.00,0.00,0,0,,0,0.00,9,0,0.00,21,0,0.00,10,0,1,0,4,0.00,99,0,0,0.00,9,0,32,0.00,14,0,0.00,99,0,0.00,0,0,0.00,0,0.00,6,0,0.00,8,0,0.00,0.00,0,0.00,0,0,0,0.00,0,0,0.00,99,0.00,0,N/A,N/A,N/A,N/A,0.00,0,0.00,0,0.00,0.00,0,75.00,0.00,21,99,0.00,0.00,0,12,12,0,0,0,0.00,0.00,0,20,6.82,0.00,0.00,0,0,0.00,0.00,99,0.00,0,0,0,0.00,0.00,0,0.00,0.00,0.00,0.00,0,0,0.00,48,0,0,48,0,0.02,55,0.02,0.12,0.00,14,0.00,0.00,99,1,1.00,6.00,0.00,0.00,4,0,0.00,13,54,2,71,0,45,2,0,0.00,99,0,0.00,0.00,6.00,1.00,1,1,85,16,6.00,1.00,100.00,0,0.00,99,0,0.00,0,0.00,99,0,0.00,0.00,32,0,30,9,0,0,0,0,0,34,48,65,59,0,99,1,8,8,0,0,10,15,0,0
Rhuan da Silva Rodrigues,26,934614000,1999/08/14,Serie B,2023,Defender,Ituano,90,44,46,Brazil,2,1,1,0,0,0,0,0,0,0,0,0,0,0,2,0,2,0,0,0,0,0,0,0,0,2,45,45,0,0,0,-1,-1,-1,22,0,0.00,0,51,0.00,0.00,0,0,0.00,0,0,0.00,0,0.00,0.00,0.00,0,0.00,0.00,0.00,0.00,0,0.00,0.00,0.00,0.00,0.00,0.00,0.00,0.00,0.00,0.00,0.00,0.00,0.00,0.00,0.00,0.00,0.00,0.00,0.00,0,0,,0,0.00,9,0,0.00,21,0,0.00,10,6,1,1,4,0.00,99,0,0,0.00,9,0,32,0.00,14,0,0.00,99,0,0.00,0,0,0.00,0,0.00,6,0,0.00,8,0,0.00,0.00,0,0.00,0,0,0,0.00,0,0,0.00,0,0.00,0,N/A,N/A,N/A,N/A,0.00,0,0.00,0,0.00,0.00,0,0.00,0.00,21,99,0.00,0.00,0,12,12,0,0,0,0.00,0.00,0,20,0.00,0.00,0.00,0,0,0.00,0.00,99,0.00,0,0,0,0.00,0.00,0,0.00,0.00,0.00,0.00,0,0,0.00,48,0,0,48,1,0.00,0,0.00,0.00,0.00,14,0.00,0.00,1,0,0.00,0.00,0.00,0.00,4,0,0.00,13,0,2,71,0,45,2,0,0.00,99,0,0.00,0.00,0.00,0.00,0,0,0,0,0.00,0.00,0.00,0,0.00,99,0,0.00,0,0.00,99,0,0.00,0.00,32,0,30,94,0,0,0,0,0,34,48,65,59,0,99,1,8,8,0,0,10,13,0,0
Rian Caio Fleuri Pacheco,22,1073894400,2004/01/12,Serie B,2023,Defender,Vila Nova,294,177,117,Brazil,7,4,3,0,0,0,0,0,0,0,0,4,3,1,1,0,1,2,0,0,0,0,0,0,0,0.31,294,42,147,0,0.61,445,433,4,31,0,0.00,0,51,0.00,0.00,0,0,0.00,0,0,0.00,0,0.00,0.00,0.00,0,0.00,0.00,0.00,0.00,0,0.00,0.00,0.00,0.00,0.00,0.00,0.00,0.00,0.00,0.00,0.00,0.00,0.00,0.00,0.00,0.00,0.00,0.00,0.00,0,0,,0,0.00,9,0,0.00,21,0,0.00,10,1,5,2,4,0.00,99,0,0,0.00,9,0,32,0.00,14,0,0.00,99,0,0.00,0,0,0.00,0,0.00,6,0,0.00,8,0,0.00,0.00,0,0.00,0,0,0,0.00,0,0,0.00,99,0.00,0,N/A,N/A,N/A,N/A,0.00,0,0.00,0,0.00,0.00,0,0.00,0.00,21,99,0.00,0.00,0,12,12,0,0,0,0.00,0.00,0,20,0.00,0.00,0.00,0,0,0.00,0.00,99,0.00,0,0,0,0.00,0.00,0,0.00,0.00,0.00,0.00,0,0,0.00,48,0,4,48,99,0.00,0,0.00,0.00,0.00,14,0.00,0.00,1,0,0.00,0.00,0.00,0.00,4,0,0.00,13,0,2,71,0,45,2,0,0.00,99,0,0.00,0.00,0.00,0.00,0,0,0,0,0.00,0.00,0.00,0,0.00,99,0,0.00,0,0.00,99,0,0.00,0.00,32,1,64,33,0,0,0,0,0,34,48,65,59,0,99,96,13,95,2,0,10,2,0,0
Ricardo Bueno da Silva,38,556009200,1987/08/15,Serie B,2023,Forward,Avaí,295,93,202,Brazil,6,2,4,0,0,0,0,0,0,0,0,3,1,2,5,3,2,1,0,0,0,0,0,0,0,1.53,59,49,295,0,0.31,494,489,-1,42,0,6.60,0,51,22.88,12.50,20,75,9.83,59,55,18.00,25,0.00,0.00,0.83,5,0.00,0.33,0.61,0.33,2,0.00,0.83,0.00,0.00,0.00,0.00,0.50,0.00,0.00,1.53,0.67,1.50,0.00,0.17,0.02,0.00,1.33,0.00,0.00,0,0,,5,0.83,78,1,0.31,56,4,1.22,93,5,3,3,22,0.00,99,0,0,0.00,9,2,32,0.61,45,0,0.00,99,0,0.00,0,0,0.00,0,1.53,84,9,2.75,92,3,0.92,33.33,0,0.00,0,0,0,0.00,0,0,0.00,3,0.00,0,N/A,N/A,N/A,N/A,0.00,0,0.00,0,0.15,0.00,0,78.67,20.00,31,74,0.17,0.31,1,79,22,0,0,0,0.33,0.61,2,84,39.58,0.83,1.53,5,0,0.00,0.00,99,0.00,0,0,0,0.00,0.00,0,0.00,0.00,0.92,0.50,3,0,0.00,48,0,3,48,4,0.33,45,0.06,0.10,0.15,53,0.02,0.05,73,6,1.00,1.83,0.92,0.50,24,3,0.05,51,18,63,71,0,99,91,0,0.00,99,8,0.00,2.44,12.81,7.00,42,19,82,88,5.80,3.17,45.24,5,1.53,9,0,0.00,0,0.00,99,0,0.00,0.00,32,3,50,89,0,0,0,0,0,34,48,65,59,0,99,92,48,61,0,0,10,9,0,0
Ricardo Ribeiro de Lima,37,606988800,1989/03/27,Serie B,2023,Midfielder,Novorizontino,625,278,347,Brazil,19,8,11,0,0,0,0,0,0,0,0,12,6,6,3,1,2,7,0,0,0,0,0,0,0,0.43,208,33,89,0,1.01,388,408,-1,20,0,6.27,0,51,30.67,11.00,40,198,9.50,171,94,26.49,48,0.00,0.00,0.22,4,0.00,0.22,2.48,0.89,16,0.00,0.11,0.00,0.00,0.00,0.33,0.06,0.00,0.00,0.77,0.17,0.33,0.00,0.11,0.01,0.00,0.11,0.00,0.00,0,0,,5,0.28,53,2,0.31,56,3,0.46,50,3,15,3,95,0.00,99,0,6,0.93,58,4,67,0.62,45,0,0.00,99,0,0.00,0,0,0.00,0,0.62,41,6,0.93,48,1,0.15,16.67,0,0.00,0,0,0,0.00,0,0,0.00,97,0.00,0,N/A,N/A,N/A,N/A,0.00,0,0.00,0,0.20,0.00,0,86.36,40.00,60,3,0.50,1.39,9,23,13,0,0,0,0.06,0.15,1,42,112.79,0.17,0.46,3,0,0.00,0.00,99,0.00,0,0,0,0.00,0.00,0,0.00,0.00,0.00,0.00,0,0,0.00,48,18,46,48,98,0.60,36,0.03,0.09,0.20,45,0.01,0.03,62,10,0.56,1.55,3.41,1.22,99,22,0.03,43,5,19,71,0,45,13,0,0.00,99,2,0.00,0.31,10.84,3.89,70,29,51,74,4.49,1.61,41.43,2,0.31,70,0,25.00,0,0.00,99,1,0.06,0.15,48,3,94,70,0,0,0,0,0,34,48,65,59,0,99,98,8,99,7,37,94,15,0,0
Richard Alexandre Birkheun Rodrigues,26,939625200,1999/10/11,Serie B,2023,Forward,Chapecoense,542,278,264,Brazil,12,7,5,0,0,0,0,0,0,0,0,1,1,0,7,2,5,1,0,0,0,0,0,0,0,1.16,77,45,542,0,0.17,378,371,-1,39,0,6.62,0,51,21.80,11.36,18,125,8.27,91,22,15.87,19,0.00,0.00,0.73,8,0.00,2.82,0.87,0.45,5,0.00,0.82,0.00,0.00,0.00,0.18,0.27,0.00,0.00,1.92,0.73,0.64,0.00,0.27,0.04,0.00,0.82,0.00,0.00,0,0,,11,1.00,90,3,0.52,70,8,1.40,96,1,5,7,37,0.00,99,0,2,0.35,29,31,69,5.41,94,0,0.00,99,0,0.00,0,0,0.00,0,1.40,81,7,1.22,62,3,0.52,42.86,0,0.00,0,0,0,0.00,0,0,0.00,19,0.00,0,N/A,N/A,N/A,N/A,0.00,0,0.00,0,0.42,0.00,0,72.80,27.27,38,69,0.18,0.35,2,57,37,0,0,0,0.09,0.17,1,47,72.77,0.36,0.70,4,0,0.00,0.00,99,0.00,0,0,0,0.00,0.00,0,0.00,0.00,0.52,0.27,3,0,0.00,48,11,20,48,19,0.57,45,0.05,0.10,0.42,60,0.04,0.07,98,19,1.73,3.31,1.57,0.82,58,9,0.07,58,19,31,71,0,92,71,0,0.00,99,9,0.00,1.57,12.38,6.45,71,36,88,86,6.28,3.27,50.70,9,1.57,8,0,25.81,0,0.00,99,8,0.73,1.40,92,22,64,33,0,0,0,0,0,34,48,65,59,0,99,2,78,33,1,8,26,77,0,0
Richard de Oliveira Costa,35,667814400,1991/03/01,Serie B,2023,Goalkeeper,Ceará,1170,720,450,Brazil,13,8,5,0,0,0,0,0,0,0,0,5,3,2,13,10,3,5,0,0,0,0,0,0,0,1,90,90,234,0,0.38,452,450,135,31,0,7.45,0,51,23.23,23.23,21,302,15.54,202,8,15.54,18,0.00,0.00,0.00,0,0.00,0.00,0.15,0.15,2,0.00,0.00,0.00,0.00,3.31,0.00,0.00,4.46,0.00,0.00,0.00,0.08,0.00,0.00,0.00,0.00,0.23,0.00,0.00,0,0,,0,0.00,9,0,0.00,21,0,0.00,10,0,0,13,8,0.00,99,0,0,0.00,9,0,32,0.00,14,0,0.00,99,0,0.00,0,0,0.00,0,0.00,6,1,0.08,11,0,0.00,0.00,0,0.00,0,43,50,3.31,94,58,0.00,36,4.46,88,N/A,N/A,N/A,N/A,74.14,0,0.00,0,0.00,0.00,0,66.89,0.00,21,99,0.00,0.00,0,12,12,0,0,27,0.00,0.00,0,20,96.91,0.77,0.77,10,0,0.00,0.00,99,0.00,0,0,0,0.00,0.00,5,0.38,0.38,0.00,0.00,0,0,0.00,48,46,24,48,36,0.42,6,0.03,0.03,0.00,14,0.00,0.00,10,4,0.31,0.31,0.08,0.08,7,1,0.00,13,99,35,71,15,45,9,0,0.00,99,3,0.00,0.23,0.85,0.85,11,9,7,7,0.69,0.69,81.82,0,0.00,99,0,0.00,0,0.00,99,0,0.00,0.00,32,49,19,9,0,0,0,0,0,34,48,65,59,0,99,59,35,73,4,31,88,1,0,0
Richardson Fernandes dos Santos,34,682412400,1991/08/17,Serie B,2023,Midfielder,Ceará,1530,657,873,Brazil,25,13,12,0,0,0,1,1,0,0,0,8,7,1,15,7,8,9,0,0.06,0.06,0,0,0,0,0.88,102,61,170,1530,0.53,450,204,-1,39,0,6.74,0.04,63,46.76,31.80,82,795,27.32,683,92,40.18,86,0.00,0.00,0.40,10,0.00,0.36,2.88,1.96,49,0.00,0.36,0.00,0.00,0.00,0.80,0.28,0.00,0.00,0.29,0.12,0.36,0.00,0.08,0.01,0.00,0.56,0.00,0.00,0,0,,5,0.20,19,2,0.12,32,3,0.18,18,5,8,17,98,0.00,99,0,20,1.18,73,9,57,0.53,43,0,0.00,99,0,0.00,0,0,0.00,0,0.59,38,9,0.53,33,7,0.41,77.78,0,0.00,0,0,0,0.00,0,0,0.00,52,0.00,0,N/A,N/A,N/A,N/A,0.00,0,0.00,0,0.19,0.00,0,85.91,40.00,60,1,1.32,1.94,33,47,90,0,0,0,0.16,0.24,4,58,168.43,0.68,1.00,17,0,0.00,0.00,99,0.00,0,0,0,0.00,0.00,0,0.00,0.00,0.00,0.00,0,0,0.00,48,61,63,48,52,2.32,68,0.09,0.14,0.19,27,0.01,0.01,80,36,1.44,2.12,3.12,2.12,99,53,0.01,26,40,44,71,0,45,39,0,0.00,99,14,0.00,0.82,12.59,8.56,214,106,88,87,6.24,4.24,49.53,9,0.53,55,0,22.22,0,0.00,99,2,0.08,0.12,46,61,79,89,0,0,0,0,0,40,48,65,59,0,99,38,17,91,9,36,93,6,0,0
Richardson Jussier Medeiros Cabral,34,706431600,1992/05/21,Serie B,2023,Defender,ABC,1072,435,637,Brazil,14,5,9,0,0,0,1,0,1,0,0,3,1,2,16,5,11,2,1,0.08,0.08,0,0,0,0,1.34,67,77,357,1072,0.25,525,165,195,37,0,6.76,0.07,69,36.94,31.43,54,440,23.57,330,33,27.71,51,0.00,0.00,0.29,4,0.00,0.14,1.51,1.29,18,0.00,0.07,0.00,0.00,0.00,1.36,0.36,0.00,0.00,0.50,0.36,0.57,0.00,0.07,0.01,0.00,2.21,0.00,0.00,0,0,,6,0.43,36,1,0.08,27,5,0.42,46,1,2,12,66,0.00,99,0,19,1.60,90,2,32,0.17,26,0,0.00,99,0,0.00,0,0,0.00,0,0.34,25,8,0.67,38,5,0.42,62.50,0,0.00,0,0,0,0.00,0,0,0.00,10,0.00,0,N/A,N/A,N/A,N/A,0.00,0,0.00,0,0.20,0.00,0,75.00,16.67,28,62,0.36,0.42,5,48,76,0,0,0,0.29,0.34,4,68,94.66,3.43,4.03,48,2,0.00,0.17,1,0.14,0,0,0,0.00,0.00,0,0.00,0.00,0.00,0.00,0,0,0.00,48,44,27,48,10,1.46,55,0.10,0.12,0.20,38,0.01,0.02,39,11,0.79,0.92,1.51,1.29,56,18,0.02,37,44,90,71,0,45,94,0,0.00,99,31,0.00,2.60,8.65,7.36,103,65,77,45,5.46,4.64,63.11,1,0.08,86,0,0.00,0,0.00,99,0,0.00,0.00,32,47,39,33,0,0,0,0,0,44,48,65,59,0,99,14,57,51,1,7,20,17,0,0
Rickson Barbosa Sa da Conceição,28,888998400,1998/03/04,Serie B,2023,Midfielder,Vila Nova,0,0,0,Brazil,0,0,0,0,0,0,0,0,0,0,0,0,0,0,0,0,0,0,0,0,0,0,0,0,0,0,0,0,0,0,0,-1,-1,-1,-1,N/A,N/A,N/A,N/A,N/A,N/A,N/A,N/A,N/A,N/A,N/A,N/A,N/A,N/A,N/A,N/A,N/A,N/A,N/A,N/A,N/A,N/A,N/A,N/A,N/A,N/A,N/A,N/A,N/A,N/A,N/A,N/A,N/A,N/A,N/A,N/A,N/A,N/A,N/A,N/A,N/A,N/A,N/A,N/A,N/A,N/A,N/A,N/A,N/A,N/A,N/A,N/A,N/A,N/A,N/A,N/A,N/A,N/A,N/A,N/A,N/A,N/A,N/A,N/A,N/A,N/A,N/A,N/A,N/A,N/A,N/A,N/A,N/A,N/A,N/A,N/A,N/A,N/A,N/A,N/A,N/A,N/A,N/A,N/A,N/A,N/A,N/A,N/A,N/A,N/A,N/A,N/A,N/A,N/A,N/A,N/A,N/A,N/A,N/A,N/A,N/A,N/A,N/A,N/A,N/A,N/A,N/A,N/A,N/A,N/A,N/A,N/A,N/A,N/A,N/A,N/A,N/A,N/A,N/A,N/A,N/A,N/A,N/A,N/A,N/A,N/A,N/A,N/A,N/A,N/A,N/A,N/A,N/A,N/A,N/A,N/A,N/A,N/A,N/A,N/A,N/A,N/A,N/A,N/A,N/A,N/A,N/A,N/A,N/A,N/A,N/A,N/A,N/A,N/A,N/A,N/A,N/A,N/A,N/A,N/A,N/A,N/A,N/A,N/A,N/A,N/A,N/A,N/A,N/A,N/A,N/A,N/A,N/A,N/A,N/A,N/A,N/A,N/A,N/A,N/A,N/A,N/A,N/A,N/A,N/A,N/A,N/A,N/A,N/A,N/A,N/A,N/A,N/A,N/A,N/A,N/A,N/A,N/A,N/A,N/A,N/A,N/A,N/A,N/A,N/A,N/A,N/A,N/A,N/A,N/A,N/A,N/A,N/A,N/A,N/A,N/A,N/A,N/A,N/A,N/A,N/A,N/A,N/A,N/A
Riquelme dos Santos Silva,22,1061017200,2003/08/16,Serie B,2023,Midfielder,CRB,24,24,0,Brazil,1,1,0,0,0,0,0,0,0,0,0,1,1,0,0,0,0,0,0,0,0,0,0,0,0,0,0,24,0,0,0,-1,-1,-1,21,0,0.00,0,51,0.00,0.00,0,0,0.00,0,0,0.00,0,0.00,0.00,0.00,0,0.00,0.00,0.00,0.00,0,0.00,0.00,0.00,0.00,0.00,0.00,0.00,0.00,0.00,0.00,0.00,0.00,0.00,0.00,0.00,0.00,0.00,0.00,0.00,0,0,,0,0.00,9,0,0.00,21,0,0.00,10,0,1,0,4,0.00,99,0,0,0.00,9,0,32,0.00,14,0,0.00,99,0,0.00,0,0,0.00,0,0.00,6,0,0.00,8,0,0.00,0.00,0,0.00,0,0,0,0.00,0,0,0.00,99,0.00,0,N/A,N/A,N/A,N/A,0.00,0,0.00,0,0.00,0.00,0,0.00,0.00,21,99,0.00,0.00,0,12,12,0,0,0,0.00,0.00,0,20,0.00,0.00,0.00,0,0,0.00,0.00,99,0.00,0,0,0,0.00,0.00,0,0.00,0.00,0.00,0.00,0,0,0.00,48,0,0,48,0,0.00,0,0.00,0.00,0.00,14,0.00,0.00,1,0,0.00,0.00,0.00,0.00,4,0,0.00,13,0,2,71,0,45,2,0,0.00,99,0,0.00,0.00,0.00,0.00,0,0,0,0,0.00,0.00,0.00,0,0.00,99,0,0.00,0,0.00,99,0,0.00,0.00,32,0,30,9,0,0,0,0,0,34,48,65,59,0,99,99,8,8,0,0,10,78,0,0
Riquelmo Alves Lima,24,1016524800,2002/03/19,Serie B,2023,Midfielder,Sampaio Corrêa,194,48,146,Brazil,6,2,4,0,0,0,0,0,0,0,0,1,0,1,4,1,3,2,0,0,0,0,0,0,0,1.86,49,32,97,0,0.93,-1,-1,-1,26,0,6.66,0,51,29.69,10.67,38,64,7.67,46,18,21.34,34,0.00,0.00,0.33,2,0.00,1.50,1.86,0.67,4,0.00,0.50,0.00,0.00,0.00,0.33,1.17,0.00,0.00,0.93,0.33,1.50,0.00,0.00,0.01,0.00,0.33,0.00,0.00,0,0,,2,0.33,60,0,0.00,21,2,0.93,83,2,4,2,83,0.00,99,0,2,0.93,58,9,57,4.18,90,0,0.00,99,0,0.00,0,0,0.00,0,0.93,59,9,4.18,98,7,3.25,77.78,0,0.00,0,0,0,0.00,0,0,0.00,1,0.00,0,N/A,N/A,N/A,N/A,0.00,0,0.00,0,0.07,0.00,0,71.88,0.00,21,0,1.00,2.78,6,99,90,0,0,0,0.00,0.00,0,20,39.95,0.17,0.46,1,0,0.00,0.00,99,0.00,0,0,0,0.00,0.00,0,0.00,0.00,1.39,0.50,3,0,0.00,48,0,3,48,1,0.15,19,0.02,0.07,0.07,45,0.01,0.03,99,10,1.67,4.64,2.32,0.83,87,5,0.03,43,22,19,71,0,99,44,0,0.00,99,2,0.00,0.93,19.02,6.83,41,23,99,99,10.67,3.83,56.10,3,1.39,12,0,22.22,0,0.00,99,2,0.33,0.93,84,1,56,53,0,0,0,0,0,34,48,65,59,0,99,8,9,99,2,33,92,17,0,0
Robert Geannine de Souza Campos,34,683967600,1991/09/04,Serie B,2023,Midfielder,Tombense,65,2,63,Brazil,3,1,2,0,0,0,0,0,0,0,0,0,0,0,3,1,2,0,0,0,0,0,0,0,0,4.15,22,22,0,0,0,-1,-1,-1,23,0,6.72,0,51,29.08,7.00,37,21,5.00,15,17,20.77,32,0.00,0.00,0.00,0,0.00,0.00,2.77,0.67,2,0.00,0.33,0.00,0.00,0.00,0.33,0.33,0.00,0.00,0.00,0.00,0.33,0.00,0.00,0.00,0.00,0.33,0.00,0.00,0,0,,0,0.00,9,0,0.00,21,0,0.00,10,3,2,1,97,0.00,99,0,1,1.38,82,0,32,0.00,14,0,0.00,99,0,0.00,0,0,0.00,0,0.00,6,1,1.38,67,1,1.38,100.00,0,0.00,0,0,0,0.00,0,0,0.00,0,0.00,0,N/A,N/A,N/A,N/A,0.00,0,0.00,0,0.00,0.00,0,71.43,0.00,21,99,0.00,0.00,0,92,99,0,0,0,0.33,1.38,1,99,20.17,0.67,2.77,2,0,0.00,0.00,99,0.00,0,0,0,0.00,0.00,0,0.00,0.00,0.00,0.00,0,0,0.00,48,0,0,48,0,0.03,8,0.01,0.04,0.00,14,0.00,0.00,99,3,1.00,4.15,2.77,0.67,96,2,0.00,13,35,82,71,0,45,63,0,0.00,99,1,0.00,1.38,15.23,3.67,11,7,99,97,9.69,2.33,63.64,1,1.38,12,0,0.00,0,0.00,99,0,0.00,0.00,32,0,39,70,0,0,0,0,0,34,48,65,59,0,99,1,8,8,0,0,10,7,0,0
Roberto Badermann Rebechi,26,945331200,1999/12/16,Serie B,2023,Midfielder,Juventude,237,140,97,Brazil,10,5,5,0,0,0,0,0,0,0,0,4,2,2,3,1,2,1,0,0,0,0,0,0,0,1.14,79,24,237,0,0.38,-1,-1,-1,26,0,0.00,0,51,0.00,0.00,0,0,0.00,0,0,0.00,0,0.00,0.00,0.00,0,0.00,0.00,0.00,0.00,0,0.00,0.00,0.00,0.00,0.00,0.00,0.00,0.00,0.00,0.00,0.00,0.00,0.00,0.00,0.00,0.00,0.00,0.00,0.00,0,0,,0,0.00,9,0,0.00,21,0,0.00,10,0,9,0,4,0.00,99,0,0,0.00,9,0,32,0.00,14,0,0.00,99,0,0.00,0,0,0.00,0,0.00,6,0,0.00,8,0,0.00,0.00,0,0.00,0,0,0,0.00,0,0,0.00,22,0.00,0,N/A,N/A,N/A,N/A,0.00,0,0.00,0,0.00,0.00,0,0.00,0.00,21,99,0.00,0.00,0,12,12,0,0,0,0.00,0.00,0,20,0.00,0.00,0.00,0,0,0.00,0.00,99,0.00,0,0,0,0.00,0.00,0,0.00,0.00,0.00,0.00,0,0,0.00,48,0,12,48,22,0.00,0,0.00,0.00,0.00,14,0.00,0.00,1,0,0.00,0.00,0.00,0.00,4,0,0.00,13,0,2,71,0,45,2,0,0.00,99,0,0.00,0.00,0.00,0.00,0,0,0,0,0.00,0.00,0.00,0,0.00,99,0,0.00,0,0.00,99,0,0.00,0.00,32,0,83,9,0,0,0,0,0,34,48,65,59,0,99,67,35,73,1,0,10,14,0,0
Roberto Heuchayer Santos De Araujo,35,660297600,1990/12/04,Serie B,2023,Defender,Novorizontino,858,380,478,Brazil,13,5,8,0,0,0,0,0,0,0,0,4,3,1,8,2,6,5,1,0,0,0,0,0,0,0.84,107,66,172,0,0.52,414,436,95,24,0,6.94,0,51,31.26,22.92,41,298,17.00,221,28,23.18,39,0.00,0.00,1.46,19,0.00,4.15,1.36,1.00,13,0.00,0.23,0.00,0.00,0.00,1.08,0.23,0.00,0.00,0.84,0.46,0.46,0.00,0.15,0.02,0.00,1.92,0.00,0.00,0,0,,8,0.62,56,2,0.21,45,6,0.63,65,3,3,10,59,0.00,99,0,14,1.47,86,54,93,5.66,95,0,0.00,99,0,0.00,0,0,0.00,0,1.99,94,6,0.63,37,3,0.31,50.00,0,0.00,0,0,0,0.00,0,0,0.00,56,0.00,0,N/A,N/A,N/A,N/A,0.00,0,0.00,0,0.31,0.00,0,74.16,25.00,36,74,0.23,0.31,3,37,55,0,0,0,0.00,0.00,0,20,90.20,1.38,1.89,18,0,0.00,0.00,99,0.00,0,0,0,0.00,0.00,0,0.00,0.00,0.00,0.00,0,0,0.00,48,31,24,48,56,1.24,61,0.10,0.13,0.31,45,0.02,0.03,39,9,0.69,0.94,2.10,1.54,81,20,0.03,43,78,71,71,0,45,94,0,0.00,99,25,0.00,2.62,8.50,6.23,81,50,73,42,5.24,3.85,61.73,3,0.31,70,0,40.74,0,0.00,99,22,1.69,2.31,99,38,50,70,0,0,0,0,0,34,48,65,59,0,99,36,18,90,4,31,88,6,0,0
Roberto Pinheiro da Rosa,27,896857200,1998/06/03,Serie B,2023,Defender,Avaí,1945,1074,871,Brazil,24,12,12,0,0,0,0,0,0,0,0,8,4,4,24,14,10,5,0,0,0,0,0,0,0,1.11,81,81,389,0,0.23,496,491,162,38,0,6.90,0,51,51.08,46.00,90,1104,37.83,908,76,42.02,88,0.00,0.00,0.25,6,0.00,0.21,1.48,1.33,32,0.00,0.21,0.00,0.00,0.00,0.88,0.12,0.00,0.00,0.37,0.29,0.21,0.00,0.04,0.01,0.00,1.62,0.00,0.00,0,0,,8,0.33,25,1,0.05,24,7,0.32,33,1,5,19,65,0.00,99,0,21,0.97,61,5,32,0.23,29,0,0.00,99,0,0.00,0,0,0.00,0,0.28,22,5,0.23,21,3,0.14,60.00,0,0.00,0,0,0,0.00,0,0,0.00,25,0.00,0,N/A,N/A,N/A,N/A,0.00,0,0.00,0,0.26,0.00,0,82.25,12.50,24,47,0.50,0.56,12,20,73,0,0,0,0.96,1.06,23,97,165.57,4.67,5.18,112,0,0.00,0.00,99,0.00,0,0,0,0.00,0.00,0,0.00,0.00,0.00,0.00,0,0,0.00,48,72,61,48,25,2.19,45,0.09,0.10,0.26,27,0.01,0.01,11,7,0.29,0.32,1.16,1.04,36,25,0.01,26,69,97,71,0,45,78,0,0.00,99,39,0.00,1.80,6.99,6.29,151,81,31,27,3.75,3.38,53.64,5,0.23,73,0,0.00,0,0.00,99,0,0.00,0.00,32,66,64,33,0,0,0,0,0,34,48,65,59,0,99,45,60,48,5,21,67,4,0,0
Roberto Rosales,37,596016000,1988/11/20,Serie B,2023,Defender,Sport Recife,519,224,295,Venezuela,9,3,6,0,0,0,1,0,1,0,0,4,2,2,4,0,4,4,0,0.17,0.17,0,0,0,0,0.69,130,58,130,519,0.69,302,70,52,23,0,6.74,0.11,89,35.20,22.56,50,203,17.56,158,50,27.40,50,0.00,0.00,1.00,9,0.00,1.78,2.43,1.56,14,0.00,0.56,0.00,0.00,0.00,0.22,0.22,0.00,0.00,0.87,0.56,0.22,0.00,0.00,0.01,0.00,0.44,0.00,0.00,0,0,,5,0.56,58,0,0.00,21,5,0.87,80,2,5,4,94,0.00,99,0,2,0.35,29,16,89,2.77,76,0,0.00,99,0,0.00,0,0,0.00,0,1.56,85,2,0.35,26,2,0.35,100.00,0,0.00,0,0,0,0.00,0,0,0.00,78,0.00,0,N/A,N/A,N/A,N/A,0.00,0,0.00,0,0.13,0.00,0,77.83,0.00,21,23,0.56,0.87,5,42,99,0,0,0,0.11,0.17,1,47,60.65,0.89,1.39,8,0,0.00,0.00,99,0.00,0,0,0,0.00,0.00,0,0.00,0.00,0.17,0.11,1,0,0.00,48,9,8,48,77,1.29,91,0.14,0.22,0.13,38,0.01,0.02,29,4,0.44,0.69,2.43,1.56,90,14,0.02,37,40,59,71,0,75,32,0,0.00,99,4,0.00,0.69,9.02,5.78,52,24,41,49,4.16,2.67,46.15,5,0.87,31,0,37.50,0,0.00,99,6,0.67,1.04,88,8,64,53,0,0,0,0,0,64,48,65,59,0,99,81,11,97,4,44,98,28,0,0
Robson Ferreira de Azevedo,32,757065600,1993/12/28,Serie B,2023,Midfielder,Sampaio Corrêa,1330,594,736,Brazil,18,8,10,1,0,1,2,2,0,0,0,5,2,3,14,6,8,4,0,0.2,0.14,0.07,0,0.12,1330,0.95,95,74,333,665,0.27,231,107,-1,4,0,7.02,0.11,83,34.27,28.94,48,463,23.25,372,65,27.53,50,0.00,0.00,1.31,21,0.00,2.31,0.59,0.50,8,0.00,0.75,0.00,0.00,0.00,0.25,0.44,0.00,25.00,1.85,0.94,0.69,0.00,0.62,0.09,0.00,0.19,0.00,0.00,0,0,,25,1.56,89,10,0.74,80,15,1.11,90,4,2,15,20,0.00,99,0,4,0.30,26,37,71,2.74,75,0,0.00,99,0,0.00,0,0,0.00,0,1.55,85,11,0.81,43,7,0.52,63.64,0,0.00,0,0,0,0.00,0,0,0.00,43,0.00,0,N/A,N/A,N/A,N/A,0.00,0,0.00,0,1.49,0.00,0,80.35,40.00,60,50,0.44,0.52,7,57,78,0,0,0,0.12,0.15,2,42,112.26,0.38,0.44,6,0,0.00,0.00,99,0.00,0,0,0,0.00,0.00,0,0.00,0.00,0.00,0.00,0,0,4.00,50,53,41,91,43,2.37,83,0.15,0.18,1.49,69,0.09,0.11,65,22,1.38,1.63,1.55,1.31,57,21,0.11,67,87,17,71,0,45,8,0,0.00,99,3,0.00,0.22,6.81,5.75,92,40,16,24,2.96,2.50,43.48,12,0.89,30,0,27.03,0,0.00,99,10,0.62,0.74,79,55,39,83,0,0,0,0,0,69,59,74,59,0,99,29,54,55,4,22,70,7,0,0
Robson Luiz Soares Santos,27,917856000,1999/02/01,Serie B,2023,Forward,Guarani,10,10,0,Brazil,2,2,0,0,0,0,0,0,0,0,0,1,1,0,0,0,0,0,0,0,0,0,0,0,0,0,0,5,0,0,0,-1,-1,-1,13,0,6.42,0,51,18.00,1.00,7,2,1.00,2,99,18.00,25,0.00,0.00,0.00,0,0.00,0.00,0.00,0.00,0,0.00,0.00,0.00,0.00,0.00,0.00,0.00,0.00,0.00,0.00,0.00,0.00,0.00,0.00,0.00,0.00,0.00,0.00,0.00,0,0,,0,0.00,9,0,0.00,21,0,0.00,10,0,2,0,4,0.00,99,0,0,0.00,9,0,32,0.00,14,0,0.00,99,0,0.00,0,0,0.00,0,0.00,6,0,0.00,8,0,0.00,0.00,0,0.00,0,0,0,0.00,0,0,0.00,99,0.00,0,N/A,N/A,N/A,N/A,0.00,0,0.00,0,0.00,0.00,0,100.00,0.00,21,99,0.00,0.00,0,12,12,0,0,0,0.00,0.00,0,20,12.84,0.00,0.00,0,0,0.00,0.00,99,0.00,0,0,0,0.00,0.00,0,0.00,0.00,0.00,0.00,0,0,0.00,48,0,0,48,0,0.00,0,0.00,0.00,0.00,14,0.00,0.00,1,0,0.00,0.00,0.00,0.00,4,0,0.00,13,9,2,71,0,45,2,0,0.00,99,0,0.00,0.00,0.00,0.00,0,0,0,0,0.00,0.00,0.00,0,0.00,99,0,0.00,0,0.00,99,0,0.00,0.00,32,0,39,9,0,0,0,0,0,34,48,65,59,0,99,92,8,8,0,0,10,8,0,0
Robson Mauricio Moura Ferreira,40,504864000,1985/12/31,Serie B,2023,Defender,Sampaio Corrêa,224,134,90,Brazil,3,2,1,0,0,0,0,0,0,0,0,3,2,1,0,0,0,0,0,0,0,0,0,0,0,0,0,75,0,0,0,-1,-1,-1,16,0,6.80,0,51,35.25,30.75,50,123,24.25,97,56,27.80,52,0.00,0.00,1.75,7,0.00,0.50,0.29,0.25,1,0.00,1.00,0.00,0.00,0.00,0.25,0.25,0.00,0.00,1.15,0.50,0.75,0.00,0.50,0.04,0.00,0.25,0.00,0.00,0,0,,4,1.00,65,2,0.57,73,2,0.57,60,0,1,2,10,0.00,99,0,1,0.29,25,2,32,0.57,43,0,0.00,99,0,0.00,0,0,0.00,0,2.01,94,3,0.86,45,1,0.29,33.33,0,0.00,0,0,0,0.00,0,0,0.00,99,0.00,0,N/A,N/A,N/A,N/A,0.00,0,0.00,0,0.17,0.00,0,78.86,50.00,83,9,1.00,1.15,4,35,22,0,0,0,0.00,0.00,0,20,27.20,0.25,0.29,1,0,0.00,0.00,99,0.00,0,0,0,0.00,0.00,0,0.00,0.00,0.00,0.00,0,0,0.00,48,0,0,48,0,0.54,71,0.14,0.15,0.17,53,0.04,0.05,68,6,1.50,1.72,1.15,1.00,35,4,0.05,51,52,11,71,0,45,11,0,0.00,99,1,0.00,0.29,7.74,6.75,27,9,12,35,2.58,2.25,33.33,4,1.15,20,0,0.00,0,0.00,99,0,0.00,0.00,32,1,30,9,0,0,0,0,0,34,48,65,59,0,99,99,8,8,0,0,10,7,0,0
Róbson Michael Signorini,38,563529600,1987/11/10,Serie B,2023,Midfielder,Avaí,253,104,149,Brazil,6,2,4,0,0,0,1,1,0,0,0,2,1,1,6,3,3,3,0,0.36,0.36,0,0,0,0,2.13,42,42,84,253,1.07,-1,-1,-1,36,0,6.57,0.17,99,56.56,26.50,97,159,22.83,137,93,48.74,98,0.00,0.00,1.17,7,0.00,3.33,2.13,1.00,6,0.00,0.67,0.00,0.00,0.00,0.33,0.67,0.00,0.00,0.36,0.17,1.00,0.00,0.00,0.01,0.00,0.00,0.00,0.00,0,0,,1,0.17,24,0,0.00,21,1,0.36,39,2,4,2,90,0.00,99,0,2,0.71,47,20,67,7.11,99,0,0.00,99,0,0.00,0,0,0.00,0,2.49,97,6,2.13,84,4,1.42,66.67,0,0.00,0,0,0,0.00,0,0,0.00,0,0.00,0,N/A,N/A,N/A,N/A,0.00,0,0.00,0,0.03,0.00,0,86.16,0.00,21,12,0.50,1.07,3,93,83,0,0,0,0.00,0.00,0,20,39.44,0.00,0.00,0,0,0.00,0.00,99,0.00,0,0,0,0.00,0.00,0,0.00,0.00,0.36,0.17,1,0,0.00,48,0,3,48,1,1.14,99,0.19,0.41,0.03,27,0.01,0.01,1,0,0.00,0.00,2.13,1.00,82,6,0.01,26,15,2,71,0,87,2,0,0.00,99,0,0.00,0.00,8.54,4.00,24,10,27,43,3.56,1.67,41.67,4,1.42,12,0,25.00,0,0.00,99,5,0.83,1.78,98,1,56,53,0,0,0,0,0,87,48,65,59,0,99,45,8,99,3,50,99,10,0,0
Rodolfo José da Silva Bardella,34,706431600,1992/05/21,Serie B,2023,Forward,Novorizontino,759,404,355,Brazil,20,11,9,1,1,0,0,0,0,0,0,6,5,1,3,0,3,1,0,0.12,0,0.12,0.22,0,759,0.36,253,38,759,0,0.12,175,316,-1,12,0,6.27,0,51,15.78,6.42,4,122,4.47,85,12,10.99,5,0.00,0.00,0.47,9,0.00,0.74,0.26,0.11,2,0.00,0.58,0.00,0.00,0.00,0.05,0.21,0.00,18.00,2.33,0.63,0.79,0.00,0.32,0.06,0.00,0.32,0.00,0.00,0,0,,18,0.95,98,6,0.78,83,12,1.55,98,5,12,7,9,0.00,99,0,1,0.13,13,14,54,1.81,65,0,0.00,99,0,0.00,0,0,0.00,0,1.16,71,15,1.94,81,4,0.52,26.67,0,0.00,0,0,0,0.00,0,0,0.00,98,0.00,0,N/A,N/A,N/A,N/A,0.00,0,0.00,0,1.23,0.00,0,69.67,33.33,49,78,0.11,0.26,2,57,17,0,0,0,0.00,0.00,0,20,119.17,0.11,0.26,2,0,0.00,0.00,99,0.00,0,0,0,0.00,0.00,0,0.00,0.00,0.78,0.32,6,0,5.56,54,25,49,80,98,0.53,19,0.03,0.07,1.23,82,0.06,0.16,76,15,0.79,1.94,2.20,0.89,84,17,0.16,80,5,10,71,0,98,37,0,0.00,99,6,0.00,0.78,10.34,4.21,80,27,26,67,3.49,1.42,33.75,11,1.42,12,0,21.43,0,0.00,99,3,0.16,0.39,63,22,90,89,0,0,0,0,0,53,70,65,82,0,99,33,89,20,1,5,14,10,0,0
Rodrigo Alves de Holanda Santos,23,1023174000,2002/06/04,Serie B,2023,Midfielder,Londrina,946,545,401,Brazil,16,9,7,0,0,0,0,0,0,0,0,5,3,2,11,3,8,5,0,0,0,0,0,0,0,1.05,86,59,189,0,0.48,353,300,-1,15,0,0.00,0,51,0.00,0.00,0,0,0.00,0,0,0.00,0,0.00,0.00,0.00,0,0.00,0.00,0.00,0.00,0,0.00,0.00,0.00,0.00,0.00,0.00,0.00,0.00,0.00,0.00,0.00,0.00,0.00,0.00,0.00,0.00,0.00,0.00,0.00,0,0,,0,0.00,9,0,0.00,21,0,0.00,10,1,5,10,4,0.00,99,0,0,0.00,9,0,32,0.00,14,0,0.00,99,0,0.00,0,0,0.00,0,0.00,6,0,0.00,8,0,0.00,0.00,0,0.00,0,0,0,0.00,0,0,0.00,31,0.00,0,N/A,N/A,N/A,N/A,0.00,0,0.00,0,0.00,0.00,0,0.00,0.00,21,99,0.00,0.00,0,12,12,0,0,0,0.00,0.00,0,20,0.00,0.00,0.00,0,0,0.00,0.00,99,0.00,0,0,0,0.00,0.00,0,0.00,0.00,0.00,0.00,0,0,0.00,48,36,34,48,32,0.00,0,0.00,0.00,0.00,14,0.00,0.00,1,0,0.00,0.00,0.00,0.00,4,0,0.00,13,0,2,71,0,45,2,0,0.00,99,0,0.00,0.00,0.00,0.00,0,0,0,0,0.00,0.00,0.00,0,0.00,99,0,0.00,0,0.00,99,0,0.00,0.00,32,38,64,33,0,0,0,0,0,34,48,65,59,0,99,36,22,86,5,0,10,18,0,0
Rodrigo Alves Soares,33,725356800,1992/12/26,Serie B,2023,Defender,Atlético GO,1448,851,597,Brazil,21,11,10,2,2,0,3,2,1,0,0,4,2,2,22,11,11,1,1,0.31,0.19,0.12,0.21,0,724,1.37,66,69,724,483,0.12,167,60,202,10,0,6.98,0.14,91,45.37,34.76,79,730,29.71,624,92,38.78,82,0.00,0.00,0.86,18,0.00,2.14,1.49,1.14,24,0.00,0.43,0.00,0.00,0.00,0.76,0.81,0.00,3.00,0.37,0.19,1.14,0.00,0.10,0.06,0.00,0.48,0.00,0.00,0,0,,6,0.29,25,2,0.12,32,4,0.25,25,3,4,17,65,0.00,99,0,16,0.99,62,45,92,2.80,76,0,0.00,99,0,0.00,0,0,0.00,0,1.12,68,24,1.49,70,17,1.06,70.83,0,0.00,0,0,0,0.00,0,0,0.00,8,0.00,0,N/A,N/A,N/A,N/A,0.00,0,0.00,0,1.34,0.00,0,85.48,33.33,49,43,0.48,0.62,10,84,85,0,0,0,0.38,0.50,8,80,146.50,1.43,1.86,30,0,0.00,0.00,99,0.00,0,0,0,0.00,0.00,0,0.00,0.00,0.00,0.00,0,0,33.33,98,59,51,78,9,3.71,92,0.18,0.23,1.34,63,0.06,0.08,18,8,0.38,0.50,0.81,0.62,19,13,0.08,61,82,70,71,0,45,29,0,0.00,99,10,0.00,0.62,6.59,5.05,106,59,29,22,3.67,2.81,55.66,9,0.56,53,0,40.00,0,0.00,99,18,0.86,1.12,90,61,56,70,0,0,0,0,0,83,70,65,80,0,99,11,88,20,0,0,10,2,0,0
Rodrigo dos Santos de Freitas,27,898066800,1998/06/17,Serie B,2023,Defender,Chapecoense,1660,810,850,Brazil,19,9,10,2,1,1,0,0,0,0,0,1,1,0,19,7,12,4,1,0.11,0,0.11,0.11,0.11,830,1.03,87,87,332,0,0.27,179,373,144,7,0,6.88,0,51,54.92,53.32,95,1013,45.05,856,87,46.41,96,0.00,0.00,0.11,2,0.00,0.26,0.70,0.68,13,0.00,0.00,0.00,0.00,0.00,0.47,0.00,0.00,3.50,0.38,0.21,0.00,0.00,0.16,0.07,0.00,1.63,0.00,0.00,0,0,,7,0.37,26,3,0.16,38,4,0.22,22,1,0,19,27,0.00,99,0,9,0.49,37,5,32,0.27,31,0,0.00,99,0,0.00,0,0,0.00,0,0.11,11,0,0.00,8,0,0.00,0.00,0,0.00,0,0,0,0.00,0,0,0.00,33,0.00,0,N/A,N/A,N/A,N/A,0.00,0,0.00,0,1.37,0.00,0,84.50,42.86,67,77,0.26,0.27,5,12,12,0,0,0,0.89,0.92,17,94,130.70,3.53,3.63,67,0,0.00,0.00,99,0.00,0,0,0,0.00,0.00,0,0.00,0.00,0.00,0.00,0,0,28.57,96,65,46,82,33,2.15,55,0.11,0.12,1.37,60,0.07,0.07,14,7,0.37,0.38,0.87,0.84,22,16,0.07,58,65,87,71,0,45,74,0,0.00,99,31,0.00,1.68,4.50,4.37,83,51,14,9,2.77,2.68,61.45,0,0.00,99,0,0.00,0,0.00,99,0,0.00,0.00,32,66,19,33,0,0,0,0,0,52,68,72,67,0,99,1,54,55,3,16,53,32,0,0
Rodrigo Eduardo da Silva,30,806569200,1995/07/24,Serie B,2023,Defender,Mirassol,1396,629,767,Brazil,23,10,13,0,0,0,0,0,0,0,0,12,7,5,9,2,7,2,1,0,0,0,0,0,0,0.58,155,61,465,0,0.19,381,377,17,25,0,6.53,0,51,56.58,37.32,97,821,33.00,726,99,50.03,98,0.00,0.00,0.05,1,0.00,0.00,1.45,0.95,21,0.00,0.18,0.00,0.00,0.00,0.68,0.27,0.00,0.00,0.48,0.27,0.45,0.00,0.05,0.01,0.00,1.32,0.00,0.00,0,0,,7,0.32,35,1,0.07,27,6,0.41,45,0,9,13,63,0.00,99,0,15,1.03,64,0,32,0.00,14,0,0.00,99,0,0.00,0,0,0.00,0,0.07,9,10,0.69,39,6,0.41,60.00,0,0.00,0,0,0,0.00,0,0,0.00,91,0.00,0,N/A,N/A,N/A,N/A,0.00,0,0.00,0,0.26,0.00,0,88.43,14.29,26,85,0.14,0.21,3,47,73,0,0,0,0.23,0.34,5,68,143.68,2.09,3.17,46,1,0.00,0.07,6,0.05,0,0,1,0.05,0.07,0,0.00,0.00,0.14,0.09,2,1,0.00,48,56,58,48,91,1.31,36,0.06,0.09,0.26,38,0.01,0.02,63,23,1.05,1.58,1.86,1.23,74,27,0.02,37,13,84,88,0,70,84,0,0.00,99,29,0.00,2.00,8.96,5.91,130,79,77,49,5.44,3.59,60.77,4,0.28,72,0,0.00,0,0.00,99,0,0.00,0.00,32,49,83,9,0,0,0,0,0,34,48,65,59,0,99,93,71,37,1,4,12,14,0,0
Rodrigo Fagundes de Freitas,39,542361600,1987/03/10,Serie B,2023,Defender,Criciúma,3137,1620,1517,Brazil,35,18,17,0,0,0,3,3,0,0,0,15,10,5,28,9,19,8,1,0.09,0.09,0,0,0,0,0.8,112,90,349,1046,0.26,520,160,78,27,0,6.99,0.09,74,48.18,47.97,85,1631,38.21,1299,60,38.37,81,0.00,0.00,0.32,11,0.00,0.15,0.97,0.97,33,0.00,0.29,0.00,0.00,0.00,1.24,0.12,0.00,0.00,0.50,0.32,0.18,0.00,0.18,0.02,0.00,1.82,0.00,0.00,0,0,,17,0.50,36,6,0.18,42,11,0.32,33,0,0,34,41,0.00,99,0,42,1.24,76,5,98,0.15,24,0,0.00,99,0,0.00,0,0,0.00,0,0.32,24,6,0.18,18,4,0.12,66.67,0,0.00,0,0,0,0.00,0,0,0.00,63,0.00,0,N/A,N/A,N/A,N/A,0.00,0,0.00,0,0.66,0.00,0,79.64,35.29,51,60,0.44,0.44,15,18,83,0,0,0,0.94,0.95,32,94,237.54,4.88,4.90,166,1,0.00,0.03,14,0.03,0,0,1,0.03,0.03,0,0.00,0.00,0.00,0.00,0,0,0.00,48,97,95,48,63,4.93,71,0.14,0.15,0.66,38,0.02,0.02,15,15,0.44,0.44,1.09,1.09,33,37,0.02,37,83,96,73,0,45,79,0,0.00,99,62,0.00,1.83,6.35,6.32,215,114,24,20,3.37,3.35,53.02,10,0.30,71,0,60.00,0,0.00,99,3,0.09,0.09,42,97,19,9,0,0,0,0,0,48,48,65,59,0,99,77,56,53,7,20,65,3,0,0
Rodrigo Ferreira da Silva,31,796464000,1995/03/29,Serie B,2023,Defender,Mirassol,137,112,25,Brazil,5,2,3,0,0,0,0,0,0,0,0,4,2,2,0,0,0,0,0,0,0,0,0,0,0,0,0,27,0,0,0,-1,-1,-1,30,0,6.72,0,51,43.17,14.75,73,59,13.00,52,98,38.05,80,0.00,0.00,0.00,0,0.00,1.00,0.73,0.25,1,0.00,0.00,0.00,0.00,0.00,0.25,0.00,0.00,0.00,0.00,0.00,0.00,0.00,0.00,0.00,0.00,0.50,0.00,0.00,0,0,,0,0.00,9,0,0.00,21,0,0.00,10,0,3,1,30,0.00,99,0,1,0.73,48,4,32,2.93,77,0,0.00,99,0,0.00,0,0,0.00,0,0.00,6,0,0.00,8,0,0.00,0.00,0,0.00,0,0,0,0.00,0,0,0.00,99,0.00,0,N/A,N/A,N/A,N/A,0.00,0,0.00,0,0.00,0.00,0,88.14,0.00,21,99,0.00,0.00,0,12,12,0,0,0,0.00,0.00,0,20,26.90,1.75,5.12,7,0,0.00,0.00,99,0.00,0,0,0,0.00,0.00,0,0.00,0.00,0.00,0.00,0,0,0.00,48,0,1,48,0,0.09,19,0.02,0.07,0.00,14,0.00,0.00,31,1,0.25,0.73,0.73,0.25,16,1,0.00,13,35,97,71,0,45,65,0,0.00,99,2,0.00,1.46,3.66,1.25,5,4,15,8,2.93,1.00,80.00,0,0.00,99,0,0.00,0,0.00,99,0,0.00,0.00,32,0,50,9,0,0,0,0,0,34,48,65,59,0,99,99,8,8,0,0,10,16,0,0
Rodrigo Rodrigues Silva,29,835081200,1996/06/18,Serie B,2023,Forward,Juventude,1733,797,936,Brazil,20,9,11,6,2,4,3,0,3,2,0,8,4,4,16,7,9,3,0,0.47,0.16,0.31,0.23,0.38,289,0.83,108,87,578,578,0.16,42,76,-1,2,0,7.10,0.15,87,14.36,13.90,3,278,9.70,194,13,10.02,3,0.00,0.00,0.75,15,0.00,0.25,0.52,0.50,10,0.00,0.45,0.00,0.00,0.00,0.10,0.45,0.00,6.83,2.12,1.10,0.70,0.00,0.95,0.25,0.00,1.95,0.00,0.00,0,0,,41,2.05,96,19,0.98,93,22,1.14,92,2,0,20,16,0.00,99,0,2,0.10,11,5,32,0.26,30,0,0.00,99,0,0.00,0,0,0.00,0,0.77,49,14,0.72,40,9,0.46,64.29,0,0.00,0,0,0,0.00,0,0,0.00,58,0.00,0,N/A,N/A,N/A,N/A,0.00,0,0.00,0,5.04,0.00,0,69.78,46.34,71,69,0.35,0.36,7,53,78,2,0,0,0.15,0.15,3,42,141.92,0.95,0.98,19,0,0.00,0.00,99,0.00,0,2,0,0.00,0.00,0,0.00,0.00,0.41,0.40,8,0,14.63,79,67,49,57,58,2.71,68,0.14,0.14,3.64,88,0.18,0.19,47,22,1.10,1.14,1.08,1.05,32,21,0.26,94,93,42,71,0,90,84,0,0.00,99,39,0.00,2.01,8.63,8.35,167,80,41,45,4.13,4.00,47.90,9,0.46,61,0,0.00,0,0.00,99,0,0.00,0.00,32,69,19,53,0,0,0,0,0,93,92,95,84,0,99,67,80,30,3,15,50,9,0,0
Rodrigo Silva Nascimento,22,1064732400,2003/09/28,Serie B,2023,Defender,Vila Nova,3021,1513,1508,Brazil,35,17,18,1,1,0,4,1,3,0,0,14,9,5,20,6,14,8,0,0.15,0.12,0.03,0.06,0,3021,0.6,151,86,378,755,0.24,267,119,20,10,0,0.00,0,79,0.00,0.00,0,0,0.00,0,0,0.00,0,0.00,0.00,0.00,0,0.00,0.00,0.00,0.00,0,0.00,0.00,0.00,0.00,0.00,0.00,0.00,0.00,0.00,0.00,0.00,0.00,0.00,0.00,0.00,0.00,0.00,0.00,0.00,0,0,,0,0.00,9,0,0.00,21,0,0.00,10,1,0,33,4,0.00,99,0,0,0.00,9,0,32,0.00,14,0,0.00,99,0,0.00,0,0,0.00,0,0.00,6,0,0.00,8,0,0.00,0.00,0,0.00,0,0,0,0.00,0,0,0.00,90,0.00,0,N/A,N/A,N/A,N/A,0.00,0,0.00,0,0.00,0.00,0,0.00,0.00,21,99,0.00,0.00,0,12,12,0,0,0,0.00,0.00,0,20,0.00,0.00,0.00,0,0,0.00,0.00,99,0.00,0,0,0,0.00,0.00,0,0.00,0.00,0.00,0.00,0,0,0.00,48,96,95,99,90,0.00,0,0.00,0.00,0.00,14,0.00,0.00,1,0,0.00,0.00,0.00,0.00,4,0,0.00,13,0,2,71,0,45,2,0,0.00,99,0,0.00,0.00,0.00,0.00,0,0,0,0,0.00,0.00,0.00,0,0.00,99,0,0.00,0,0.00,99,0,0.00,0.00,32,94,19,33,0,0,0,0,0,60,50,65,60,0,99,67,59,50,8,0,10,6,0,0
Rodrigo Souza Nascimento,23,1022828400,2002/05/31,Serie B,2023,Midfielder,Sampaio Corrêa,40,30,10,Brazil,6,4,2,0,0,0,0,0,0,0,0,3,2,1,0,0,0,0,0,0,0,0,0,0,0,0,0,7,0,0,0,-1,-1,-1,41,0,0.00,0,51,0.00,0.00,0,0,0.00,0,0,0.00,0,0.00,0.00,0.00,0,0.00,0.00,0.00,0.00,0,0.00,0.00,0.00,0.00,0.00,0.00,0.00,0.00,0.00,0.00,0.00,0.00,0.00,0.00,0.00,0.00,0.00,0.00,0.00,0,0,,0,0.00,9,0,0.00,21,0,0.00,10,0,6,0,4,0.00,99,0,0,0.00,9,0,32,0.00,14,0,0.00,99,0,0.00,0,0,0.00,0,0.00,6,0,0.00,8,0,0.00,0.00,0,0.00,0,0,0,0.00,0,0,0.00,99,0.00,0,N/A,N/A,N/A,N/A,0.00,0,0.00,0,0.00,0.00,0,0.00,0.00,21,99,0.00,0.00,0,12,12,0,0,0,0.00,0.00,0,20,0.00,0.00,0.00,0,0,0.00,0.00,99,0.00,0,0,0,0.00,0.00,0,0.00,0.00,0.00,0.00,0,0,0.00,48,0,3,48,0,0.00,0,0.00,0.00,0.00,14,0.00,0.00,1,0,0.00,0.00,0.00,0.00,4,0,0.00,13,0,2,71,0,45,2,0,0.00,99,0,0.00,0.00,0.00,0.00,0,0,0,0,0.00,0.00,0.00,0,0.00,99,0,0.00,0,0.00,99,0,0.00,0.00,32,0,70,9,0,0,0,0,0,34,48,65,59,0,99,92,8,8,0,0,10,21,0,0
Roger De Carvalho,39,534585600,1986/12/10,Serie B,2023,Defender,Tombense,2077,1087,990,Brazil,24,13,11,0,0,0,0,0,0,0,0,6,4,2,25,10,15,5,1,0,0,0,0,0,0,1.08,83,87,415,0,0.22,511,503,154,38,0,6.82,0,51,46.62,44.83,82,1076,39.62,951,99,41.21,87,0.00,0.00,0.08,2,0.00,0.21,0.39,0.38,9,0.00,0.12,0.00,0.00,0.00,0.62,0.00,0.00,0.00,0.43,0.38,0.04,0.00,0.04,0.01,0.00,2.00,0.00,0.00,0,0,,10,0.42,29,1,0.04,23,9,0.39,42,3,0,24,11,0.00,99,0,15,0.65,43,5,51,0.22,29,0,0.00,99,0,0.00,0,0,0.00,0,0.09,10,1,0.04,9,0,0.00,0.00,0,0.00,0,0,0,0.00,0,0,0.00,28,0.00,0,N/A,N/A,N/A,N/A,0.00,0,0.00,0,0.36,0.00,0,88.38,10.00,22,88,0.17,0.17,4,12,12,0,0,0,1.00,1.04,24,96,163.73,3.42,3.55,82,1,0.00,0.04,12,0.04,0,0,0,0.00,0.00,0,0.00,0.00,0.04,0.04,1,0,0.00,48,77,61,48,28,2.35,45,0.10,0.10,0.36,38,0.01,0.02,29,16,0.67,0.69,0.91,0.88,24,21,0.02,37,54,86,71,0,50,85,0,0.00,99,48,0.00,2.08,5.37,5.17,124,72,19,13,3.12,3.00,58.06,3,0.13,81,0,20.00,0,0.00,99,1,0.04,0.04,36,78,19,70,0,0,0,0,0,34,48,65,59,0,99,22,65,46,4,17,56,4,0,0
Romario Guilherme dos Santos,34,700473600,1992/03/13,Serie B,2023,Defender,ABC,1489,846,643,Brazil,20,11,9,0,0,0,0,0,0,0,0,4,2,2,16,10,6,7,0,0,0,0,0,0,0,0.97,93,74,213,0,0.42,402,391,126,52,0,6.74,0,51,37.44,30.63,56,582,24.21,460,57,29.59,57,0.00,0.00,0.32,6,0.00,1.37,1.80,1.47,28,0.00,0.21,0.00,0.00,0.00,1.16,0.32,0.00,0.00,0.19,0.16,0.53,0.00,0.00,0.00,0.00,1.21,0.00,0.00,0,0,,3,0.16,14,0,0.00,21,3,0.19,19,2,3,16,80,0.00,99,0,22,1.42,84,26,47,1.67,61,0,0.00,99,0,0.00,0,0,0.00,0,0.39,27,10,0.64,37,6,0.39,60.00,0,0.00,0,0,0,0.00,0,0,0.00,40,0.00,0,N/A,N/A,N/A,N/A,0.00,0,0.00,0,0.07,0.00,0,79.04,0.00,21,65,0.32,0.39,6,45,73,0,0,0,0.21,0.26,4,60,128.15,1.63,1.99,31,0,0.00,0.00,99,0.00,0,0,1,0.05,0.06,0,0.00,0.00,0.00,0.00,0,0,0.00,48,60,49,48,40,1.10,19,0.06,0.07,0.07,14,0.00,0.00,61,24,1.26,1.54,2.38,1.95,89,37,0.00,13,40,73,84,0,45,67,0,0.00,99,23,0.00,1.48,9.52,7.79,148,81,72,58,5.21,4.26,54.73,4,0.26,72,0,19.23,0,0.00,99,5,0.26,0.32,58,58,50,53,0,0,0,0,0,34,48,65,59,0,99,12,28,80,6,30,86,17,0,0
Romércio Pereira da Conceição,29,856857600,1997/02/25,Serie B,2023,Defender,Juventude,789,360,429,Brazil,10,4,6,0,0,0,0,0,0,0,0,4,2,2,10,3,7,4,0,0,0,0,0,0,0,1.14,79,79,197,0,0.46,399,388,166,30,0,6.82,0,51,51.79,45.40,92,454,38.70,387,89,44.14,93,0.00,0.00,0.20,2,0.00,0.00,0.46,0.40,4,0.00,0.00,0.00,0.00,0.00,1.10,0.00,0.00,0.00,0.46,0.40,0.00,0.00,0.00,0.01,0.00,1.70,0.00,0.00,0,0,,4,0.40,33,0,0.00,21,4,0.46,50,2,1,9,14,0.00,99,0,11,1.25,77,0,32,0.00,14,0,0.00,99,0,0.00,0,0,0.00,0,0.23,19,0,0.00,8,0,0.00,0.00,0,0.00,0,0,0,0.00,0,0,0.00,22,0.00,0,N/A,N/A,N/A,N/A,0.00,0,0.00,0,0.10,0.00,0,85.24,0.00,21,99,0.00,0.00,0,12,12,0,0,0,0.70,0.80,7,92,68.19,3.10,3.54,31,0,0.00,0.00,99,0.00,0,0,0,0.00,0.00,0,0.00,0.00,0.00,0.00,0,0,0.00,48,28,12,48,22,0.75,36,0.07,0.09,0.10,27,0.01,0.01,22,5,0.50,0.57,2.17,1.90,83,19,0.01,26,54,86,71,0,45,82,0,0.00,99,17,0.00,1.94,5.93,5.20,52,26,16,16,2.97,2.60,50.00,0,0.00,99,0,0.00,0,0.00,99,0,0.00,0.00,32,33,30,53,0,0,0,0,0,34,48,65,59,0,99,67,24,85,4,40,96,53,0,0
Romulo Azevedo Simão,24,1002438000,2001/10/07,Serie B,2023,Midfielder,Novorizontino,1421,751,670,Brazil,32,17,15,7,5,2,4,3,1,0,0,12,9,3,10,2,8,1,0,0.7,0.25,0.44,0.6,0.27,203,0.63,142,44,1421,355,0.06,18,28,-1,2,0,0.00,0,96,0.00,0.00,0,0,0.00,0,0,0.00,0,0.00,0.00,0.00,0,0.00,0.00,0.00,0.00,0,0.00,0.00,0.00,0.00,0.00,0.00,0.00,0.00,0.00,0.00,0.00,0.00,0.00,0.00,0.00,0.00,0.00,0.00,0.00,0,0,,0,0.00,9,0,0.00,21,0,0.00,10,4,22,9,4,0.00,99,0,0,0.00,9,0,32,0.00,14,0,0.00,99,0,0.00,0,0,0.00,0,0.00,6,0,0.00,8,0,0.00,0.00,0,0.00,0,0,0,0.00,0,0,0.00,85,0.00,0,N/A,N/A,N/A,N/A,0.00,0,0.00,0,0.00,0.00,0,0.00,0.00,21,99,0.00,0.00,0,12,12,0,0,0,0.00,0.00,0,20,0.00,0.00,0.00,0,0,0.00,0.00,99,0.00,0,0,0,0.00,0.00,0,0.00,0.00,0.00,0.00,0,0,0.00,48,58,86,52,84,0.00,0,0.00,0.00,0.00,14,0.00,0.00,1,0,0.00,0.00,0.00,0.00,4,0,0.00,13,0,2,71,0,45,2,0,0.00,99,0,0.00,0.00,0.00,0.00,0,0,0,0,0.00,0.00,0.00,0,0.00,99,0,0.00,0,0.00,99,0,0.00,0.00,32,33,99,83,0,1,0,0,0,99,97,87,98,0,99,59,97,11,1,0,10,10,0,0
Romulo da Silva Machado,30,821260800,1996/01/10,Serie B,2023,Midfielder,Criciúma,1664,881,783,Brazil,31,16,15,2,2,0,2,0,2,0,0,11,8,3,16,5,11,7,0,0.22,0.11,0.11,0.2,0,832,0.87,104,54,238,832,0.38,180,128,-1,9,0,6.39,0.06,78,39.83,23.87,63,716,19.37,581,68,32.32,64,0.00,0.00,0.40,12,0.00,0.50,2.22,1.33,40,0.00,0.20,0.00,0.00,0.00,0.70,0.10,0.00,10.00,1.11,0.47,0.33,0.00,0.20,0.06,0.00,0.67,0.00,0.00,0,0,,20,0.67,63,6,0.33,59,14,0.78,74,3,9,21,92,0.00,99,0,21,1.17,72,15,38,0.83,49,0,0.00,99,0,0.00,0,0,0.00,0,0.67,44,10,0.56,33,3,0.17,30.00,0,0.00,0,0,0,0.00,0,0,0.00,53,0.00,0,N/A,N/A,N/A,N/A,0.00,0,0.00,0,1.89,0.00,0,81.15,30.00,41,13,0.63,1.06,19,25,19,0,0,0,0.23,0.39,7,73,191.82,0.93,1.56,28,0,0.00,0.00,99,0.00,0,0,0,0.00,0.00,0,0.00,0.00,0.06,0.03,1,1,10.00,68,65,83,83,54,2.78,71,0.09,0.15,1.89,69,0.06,0.11,50,23,0.77,1.28,1.78,1.07,70,32,0.11,67,8,63,71,0,53,55,0,0.00,99,20,0.00,1.11,9.23,5.53,166,86,60,52,4.78,2.87,51.81,6,0.33,68,0,13.33,0,0.00,99,2,0.07,0.11,45,71,83,70,0,0,0,0,0,72,68,65,80,0,99,48,35,73,7,23,73,17,0,0
Romulo dos Santos de Souza,31,799052400,1995/04/28,Serie B,2023,Forward,CRB,977,369,608,Brazil,25,12,13,2,1,1,3,0,3,0,0,10,8,2,14,5,9,0,0,0.46,0.28,0.18,0.24,0.15,489,1.29,70,39,0,326,0,117,19,-1,8,0,6.49,0.12,97,23.39,10.42,22,250,8.21,197,56,18.43,26,0.00,0.00,0.54,13,0.00,0.75,1.40,0.62,15,0.00,0.58,0.00,0.00,0.00,0.00,0.58,0.00,7.50,1.40,0.38,1.29,0.00,0.25,0.07,0.00,0.54,0.00,0.00,0,0,,15,0.62,74,6,0.56,73,9,0.84,78,2,14,10,61,0.00,99,0,0,0.00,9,18,97,1.68,61,0,0.00,99,0,0.00,0,0,0.00,0,1.22,73,31,2.90,93,14,1.31,45.16,0,0.00,0,0,0,0.00,0,0,0.00,12,0.00,0,N/A,N/A,N/A,N/A,0.00,0,0.00,0,1.76,0.00,0,78.80,40.00,60,39,0.29,0.65,7,91,39,0,0,0,0.08,0.19,2,52,155.72,0.25,0.56,6,0,0.00,0.00,99,0.00,0,0,0,0.00,0.00,0,0.00,0.00,0.19,0.08,2,0,13.33,77,38,63,68,13,2.67,95,0.11,0.25,1.76,82,0.07,0.16,49,13,0.54,1.22,1.12,0.50,34,12,0.16,80,11,24,71,0,78,59,0,0.00,99,13,0.00,1.22,11.32,5.04,121,55,70,76,5.15,2.29,45.45,14,1.31,15,0,50.00,0,0.00,99,9,0.38,0.84,82,38,93,53,0,0,0,0,0,92,81,78,85,0,99,67,8,8,0,0,10,19,0,0
Ronald Sant'anna Rodrigues,29,855129600,1997/02/05,Serie B,2023,Forward,Vila Nova,785,383,402,Brazil,22,11,11,1,1,0,1,1,0,0,0,8,5,3,8,2,6,2,0,0.23,0.11,0.11,0.23,0,785,0.92,98,36,393,785,0.23,184,130,-1,13,0,6.43,0.05,78,14.19,5.70,3,114,4.10,82,18,10.21,3,0.00,0.00,0.70,14,0.00,1.20,2.37,0.95,19,0.00,0.95,0.00,0.00,0.00,0.15,0.95,0.00,9.00,1.12,0.25,1.65,0.00,0.20,0.05,0.00,0.15,0.00,0.00,0,0,,9,0.45,64,4,0.50,70,5,0.62,65,5,15,6,94,0.00,99,0,3,0.37,30,24,86,2.99,77,0,0.00,99,0,0.00,0,0,0.00,0,1.74,89,33,4.11,98,19,2.37,57.58,0,0.00,0,0,0,0.00,0,0,0.00,46,0.00,0,N/A,N/A,N/A,N/A,0.00,0,0.00,0,0.94,0.00,0,71.93,44.44,69,10,0.45,1.12,9,98,66,0,0,0,0.00,0.00,0,20,128.68,0.00,0.00,0,0,0.00,0.00,99,0.00,0,0,1,0.05,0.12,0,0.00,0.00,0.12,0.05,1,0,11.11,72,28,54,81,46,1.24,71,0.06,0.15,0.94,73,0.05,0.12,99,35,1.75,4.36,2.86,1.15,96,23,0.12,70,9,2,94,0,67,17,0,0.00,99,3,0.00,0.37,19.05,7.65,153,76,99,99,9.46,3.80,49.67,19,2.37,1,0,33.33,0,0.00,99,8,0.40,1.00,87,17,94,89,0,0,0,0,0,74,68,65,84,0,99,52,61,48,2,9,29,17,0,0
Ronaldo de Oliveira Strada,29,840697200,1996/08/22,Serie B,2023,Goalkeeper,Atlético GO,3160,1620,1540,Brazil,36,18,18,0,0,0,0,0,0,0,0,11,5,6,38,17,21,2,0,0,0,0,0,0,0,1.08,83,88,1580,0,0.06,409,400,155,18,0,6.95,0,51,26.09,25.43,29,890,15.43,540,2,15.83,19,0.00,0.00,0.00,0,0.00,0.03,0.03,0.03,1,0.00,0.00,0.00,0.00,3.09,0.00,0.06,4.31,0.00,0.00,0.00,0.06,0.00,0.00,0.00,0.00,0.20,0.00,0.00,0,0,,0,0.00,9,0,0.00,21,0,0.00,10,0,1,34,4,0.00,99,0,0,0.00,9,1,32,0.03,14,0,0.00,99,0,0.00,0,0,0.00,0,0.00,6,2,0.06,10,2,0.06,100.00,0,0.00,0,108,38,3.17,82,151,0.00,28,4.43,85,N/A,N/A,N/A,N/A,71.52,0,0.00,0,0.00,0.00,0,60.67,0.00,21,99,0.00,0.00,0,14,99,0,0,66,0.00,0.00,0,20,243.30,1.17,1.20,41,1,0.00,0.03,14,0.03,4,0,0,0.00,0.00,24,0.69,0.70,0.00,0.00,0,0,0.00,48,98,98,48,28,1.11,6,0.03,0.03,0.00,14,0.00,0.00,10,10,0.29,0.29,0.03,0.03,6,1,0.00,13,79,52,71,58,45,7,0,0.00,99,7,0.00,0.21,0.59,0.57,20,19,6,6,0.56,0.54,95.00,0,0.00,99,0,0.00,0,0.00,99,0,0.00,0.00,32,97,30,9,0,0,0,0,0,34,48,65,59,0,99,36,97,11,2,6,19,1,0,0
Ronaldo Henrique Ferreira da Silva,31,772700400,1994/06/27,Serie B,2023,Midfielder,Sport Recife,2049,1214,835,Brazil,28,15,13,4,3,1,2,1,1,3,1,12,9,3,20,9,11,8,1,0.26,0.09,0.18,0.22,0.11,512,0.88,102,73,256,1025,0.35,113,145,-1,5,0,6.89,0.07,74,51.30,41.71,90,1168,35.46,993,89,43.62,92,0.00,0.00,0.36,10,0.00,0.18,1.58,1.29,36,0.00,0.39,0.00,0.00,0.00,1.07,0.29,0.00,2.25,0.40,0.18,0.36,0.00,0.14,0.09,0.00,1.04,0.00,0.00,0,0,,9,0.32,27,4,0.18,42,5,0.22,22,1,3,25,70,0.00,99,0,30,1.32,80,5,92,0.22,29,0,0.00,99,0,0.00,0,0,0.00,0,0.44,30,10,0.44,29,8,0.35,80.00,0,0.00,0,0,0,0.00,0,0,0.00,52,0.00,0,N/A,N/A,N/A,N/A,0.00,0,0.00,0,2.65,0.00,0,85.02,44.44,69,18,0.79,0.97,22,42,92,3,1,0,0.46,0.57,13,84,192.92,1.07,1.32,30,0,0.00,0.00,99,0.00,0,4,0,0.00,0.00,0,0.00,0.00,0.04,0.04,1,0,44.44,99,75,73,69,52,3.40,71,0.12,0.15,-0.15,1,-0.01,-0.01,59,34,1.21,1.49,2.42,1.96,90,55,0.12,70,67,57,71,0,50,61,0,0.00,99,29,0.00,1.27,10.06,8.18,229,107,58,64,4.70,3.82,46.72,11,0.48,59,0,40.00,0,0.00,99,2,0.07,0.09,42,80,50,33,0,0,0,0,0,77,81,72,82,0,99,77,40,69,6,21,67,5,0,0
Ronaldo Henrique Silva,35,671266800,1991/04/10,Serie B,2023,Forward,Novorizontino,2123,1008,1115,Brazil,36,17,19,6,5,1,1,1,0,1,1,15,9,6,16,5,11,5,0,0.3,0.04,0.25,0.45,0.08,354,0.68,133,59,425,2123,0.21,71,242,-1,3,0,6.90,0.03,57,20.91,13.91,16,487,9.60,336,12,14.43,14,0.00,0.00,0.94,33,0.00,0.34,0.52,0.34,12,0.00,0.89,0.00,0.00,0.00,0.14,0.17,0.00,11.00,2.83,1.03,0.60,0.00,0.86,0.18,0.00,1.23,0.00,0.00,0,0,,66,1.89,99,30,1.29,99,36,1.55,98,4,7,28,16,0.00,99,0,5,0.21,22,12,44,0.52,43,0,0.00,99,0,0.00,0,0,0.00,0,1.42,82,21,0.90,47,6,0.26,28.57,0,0.00,0,0,0,0.00,0,0,0.00,81,0.00,0,N/A,N/A,N/A,N/A,0.00,0,0.00,0,6.15,0.00,0,68.99,45.45,70,56,0.31,0.47,11,33,18,1,1,0,0.09,0.13,3,38,241.67,0.34,0.52,12,0,0.00,0.00,99,0.00,0,2,2,0.06,0.09,0,0.00,0.00,0.69,0.46,16,0,9.09,65,79,98,61,81,3.19,68,0.09,0.14,4.75,89,0.14,0.20,76,46,1.31,1.98,1.85,1.23,73,43,0.26,94,69,22,91,0,96,80,0,0.00,99,43,0.00,1.85,11.72,7.80,273,107,53,82,4.59,3.06,39.19,31,1.33,14,0,16.67,0,0.00,99,2,0.06,0.09,42,86,74,83,0,1,0,3,0,81,88,70,94,0,99,74,67,42,5,14,47,9,0,0
Ronaldy Guilhermy Galdino Martins,22,1076832000,2004/02/15,Serie B,2023,Midfielder,Avaí,0,0,0,Brazil,0,0,0,0,0,0,0,0,0,0,0,0,0,0,0,0,0,0,0,0,0,0,0,0,0,0,0,0,0,0,0,-1,-1,-1,-1,N/A,N/A,N/A,N/A,N/A,N/A,N/A,N/A,N/A,N/A,N/A,N/A,N/A,N/A,N/A,N/A,N/A,N/A,N/A,N/A,N/A,N/A,N/A,N/A,N/A,N/A,N/A,N/A,N/A,N/A,N/A,N/A,N/A,N/A,N/A,N/A,N/A,N/A,N/A,N/A,N/A,N/A,N/A,N/A,N/A,N/A,N/A,N/A,N/A,N/A,N/A,N/A,N/A,N/A,N/A,N/A,N/A,N/A,N/A,N/A,N/A,N/A,N/A,N/A,N/A,N/A,N/A,N/A,N/A,N/A,N/A,N/A,N/A,N/A,N/A,N/A,N/A,N/A,N/A,N/A,N/A,N/A,N/A,N/A,N/A,N/A,N/A,N/A,N/A,N/A,N/A,N/A,N/A,N/A,N/A,N/A,N/A,N/A,N/A,N/A,N/A,N/A,N/A,N/A,N/A,N/A,N/A,N/A,N/A,N/A,N/A,N/A,N/A,N/A,N/A,N/A,N/A,N/A,N/A,N/A,N/A,N/A,N/A,N/A,N/A,N/A,N/A,N/A,N/A,N/A,N/A,N/A,N/A,N/A,N/A,N/A,N/A,N/A,N/A,N/A,N/A,N/A,N/A,N/A,N/A,N/A,N/A,N/A,N/A,N/A,N/A,N/A,N/A,N/A,N/A,N/A,N/A,N/A,N/A,N/A,N/A,N/A,N/A,N/A,N/A,N/A,N/A,N/A,N/A,N/A,N/A,N/A,N/A,N/A,N/A,N/A,N/A,N/A,N/A,N/A,N/A,N/A,N/A,N/A,N/A,N/A,N/A,N/A,N/A,N/A,N/A,N/A,N/A,N/A,N/A,N/A,N/A,N/A,N/A,N/A,N/A,N/A,N/A,N/A,N/A,N/A,N/A,N/A,N/A,N/A,N/A,N/A,N/A,N/A,N/A,N/A,N/A,N/A,N/A,N/A,N/A,N/A,N/A,N/A
Ronei Gebing,28,888134400,1998/02/22,Serie B,2023,Defender,Chapecoense,1357,713,644,Brazil,19,10,9,0,0,0,1,0,1,0,0,6,3,3,8,4,4,3,0,0.07,0.07,0,0,0,0,0.53,170,71,452,1357,0.2,357,184,13,26,0,6.86,0.05,67,38.78,31.16,59,592,22.58,429,21,28.10,53,0.00,0.00,0.63,12,0.00,1.84,2.10,1.68,32,0.00,0.32,0.00,0.00,0.00,0.42,0.26,0.00,0.00,0.20,0.16,0.63,0.00,0.00,0.00,0.00,1.21,0.00,0.00,0,0,,3,0.16,15,0,0.00,21,3,0.20,20,3,2,17,90,0.00,99,0,8,0.52,38,35,81,2.29,70,0,0.00,99,0,0.00,0,0,0.00,0,0.79,51,12,0.79,42,5,0.33,41.67,0,0.00,0,0,0,0.00,0,0,0.00,93,0.00,0,N/A,N/A,N/A,N/A,0.00,0,0.00,0,0.08,0.00,0,72.47,0.00,21,65,0.32,0.39,6,39,35,0,0,0,0.21,0.26,4,60,130.33,1.68,2.10,32,0,0.00,0.00,99,0.00,0,0,0,0.00,0.00,0,0.00,0.00,0.13,0.11,2,0,0.00,48,55,46,48,93,1.82,55,0.10,0.12,0.08,27,0.00,0.01,57,22,1.16,1.44,1.38,1.11,49,21,0.01,26,62,76,71,0,68,69,0,0.00,99,23,0.00,1.51,8.78,7.05,134,82,75,47,5.37,4.32,61.19,6,0.39,66,0,31.43,0,0.00,99,11,0.58,0.72,78,61,39,70,0,0,0,0,0,42,48,65,59,0,99,38,70,40,3,16,53,15,0,0
Ruan Carlos Ramos Ozório,23,1048492800,2003/03/24,Serie B,2023,Midfielder,Botafogo SP,7,7,0,Brazil,1,1,0,0,0,0,0,0,0,0,0,0,0,0,0,0,0,0,0,0,0,0,0,0,0,0,0,7,0,0,0,-1,-1,-1,39,N/A,N/A,N/A,N/A,N/A,N/A,N/A,N/A,N/A,N/A,N/A,N/A,N/A,N/A,N/A,N/A,N/A,N/A,N/A,N/A,N/A,N/A,N/A,N/A,N/A,N/A,N/A,N/A,N/A,N/A,N/A,N/A,N/A,N/A,N/A,N/A,N/A,N/A,N/A,N/A,N/A,N/A,N/A,N/A,N/A,N/A,N/A,N/A,N/A,N/A,N/A,N/A,N/A,N/A,N/A,N/A,N/A,N/A,N/A,N/A,N/A,N/A,N/A,N/A,N/A,N/A,N/A,N/A,N/A,N/A,N/A,N/A,N/A,N/A,N/A,N/A,N/A,N/A,N/A,N/A,N/A,N/A,N/A,N/A,N/A,N/A,N/A,N/A,N/A,N/A,N/A,N/A,N/A,N/A,N/A,N/A,N/A,N/A,N/A,N/A,N/A,N/A,N/A,N/A,N/A,N/A,N/A,N/A,N/A,N/A,N/A,N/A,N/A,N/A,N/A,N/A,N/A,N/A,N/A,N/A,N/A,N/A,N/A,N/A,N/A,N/A,N/A,N/A,N/A,N/A,N/A,N/A,N/A,N/A,N/A,N/A,N/A,N/A,N/A,N/A,N/A,N/A,N/A,N/A,N/A,N/A,N/A,N/A,N/A,N/A,N/A,N/A,N/A,N/A,N/A,N/A,N/A,N/A,N/A,N/A,N/A,N/A,N/A,N/A,N/A,N/A,N/A,N/A,N/A,N/A,N/A,N/A,N/A,N/A,N/A,N/A,N/A,N/A,N/A,N/A,N/A,N/A,N/A,N/A,N/A,N/A,N/A,N/A,N/A,N/A,N/A,N/A,N/A,N/A,N/A,N/A,N/A,N/A,N/A,N/A,N/A,N/A,N/A,N/A,N/A,N/A,N/A,N/A,N/A,N/A,N/A,N/A,N/A,N/A,N/A,N/A,N/A,N/A,N/A,N/A,N/A,N/A,N/A,N/A
Ruan Levine,27,916732800,1999/01/19,Serie B,2023,Forward,Tombense,26,26,0,Brazil,1,1,0,0,0,0,0,0,0,0,0,0,0,0,0,0,0,0,0,0,0,0,0,0,0,0,0,26,0,0,0,-1,-1,-1,18,0,6.81,0,51,31.15,9.00,40,9,6.00,6,8,20.77,32,0.00,0.00,1.00,1,0.00,0.00,6.92,2.00,2,0.00,2.00,0.00,0.00,0.00,1.00,0.00,0.00,0.00,0.00,0.00,1.00,0.00,0.00,0.00,0.00,0.00,0.00,0.00,0,0,,0,0.00,9,0,0.00,21,0,0.00,10,0,1,0,99,0.00,99,0,1,3.46,99,0,32,0.00,14,0,0.00,99,0,0.00,0,0,0.00,0,3.46,99,1,3.46,96,0,0.00,0.00,0,0.00,0,0,0,0.00,0,0,0.00,99,0.00,0,N/A,N/A,N/A,N/A,0.00,0,0.00,0,0.00,0.00,0,66.67,0.00,21,0,1.00,3.46,1,12,12,0,0,0,0.00,0.00,0,20,6.81,0.00,0.00,0,0,0.00,0.00,99,0.00,0,0,0,0.00,0.00,0,0.00,0.00,0.00,0.00,0,0,0.00,48,0,0,48,0,0.05,80,0.05,0.17,0.00,14,0.00,0.00,99,3,3.00,10.38,3.46,1.00,99,1,0.00,13,53,2,71,0,45,2,0,0.00,99,0,0.00,0.00,34.62,10.00,10,5,99,99,17.31,5.00,50.00,2,6.92,0,0,0.00,0,0.00,99,0,0.00,0.00,32,0,30,9,0,0,0,0,0,34,48,65,59,0,99,1,8,8,0,0,10,22,0,0
Ruan Pereira Duarte,21,1115103600,2005/05/03,Serie B,2023,Forward,Juventude,857,471,386,Brazil,33,17,16,2,1,1,1,0,1,0,0,16,8,8,6,3,3,4,0,0.32,0.11,0.21,0.19,0.23,429,0.63,143,26,214,857,0.42,87,129,-1,10,0,0.00,0,78,0.00,0.00,0,0,0.00,0,0,0.00,0,0.00,0.00,0.00,0,0.00,0.00,0.00,0.00,0,0.00,0.00,0.00,0.00,0.00,0.00,0.00,0.00,0.00,0.00,0.00,0.00,0.00,0.00,0.00,0.00,0.00,0.00,0.00,0,0,,0,0.00,9,0,0.00,21,0,0.00,10,1,30,2,4,0.00,99,0,0,0.00,9,0,32,0.00,14,0,0.00,99,0,0.00,0,0,0.00,0,0.00,6,0,0.00,8,0,0.00,0.00,0,0.00,0,0,0,0.00,0,0,0.00,85,0.00,0,N/A,N/A,N/A,N/A,0.00,0,0.00,0,0.00,0.00,0,0.00,0.00,21,99,0.00,0.00,0,12,12,0,0,0,0.00,0.00,0,20,0.00,0.00,0.00,0,0,0.00,0.00,99,0.00,0,0,0,0.00,0.00,0,0.00,0.00,0.00,0.00,0,0,0.00,48,31,90,64,85,0.00,0,0.00,0.00,0.00,14,0.00,0.00,1,0,0.00,0.00,0.00,0.00,4,0,0.00,13,0,2,71,0,45,2,0,0.00,99,0,0.00,0.00,0.00,0.00,0,0,0,0,0.00,0.00,0.00,0,0.00,99,0,0.00,0,0.00,99,0,0.00,0.00,32,1,99,33,0,0,0,0,0,84,85,85,78,0,99,88,29,80,4,0,10,29,0,0
Saimon Pains Tormen,35,667987200,1991/03/03,Serie B,2023,Defender,CRB,1025,506,519,Brazil,18,9,9,0,0,0,0,0,0,0,0,8,6,2,12,5,7,4,0,0,0,0,0,0,0,1.05,85,57,256,0,0.35,337,318,149,20,0,6.87,0,51,58.04,35.47,98,603,28.47,484,64,46.59,96,0.00,0.00,0.18,3,0.00,0.00,1.44,0.88,15,0.00,0.12,0.00,0.00,0.00,0.71,0.00,0.00,0.00,0.39,0.24,0.06,0.00,0.00,0.01,0.00,1.47,0.00,0.00,0,0,,4,0.24,26,0,0.00,21,4,0.39,42,2,7,10,63,0.00,99,0,12,1.16,71,0,32,0.00,14,0,0.00,99,0,0.00,0,0,0.00,0,0.29,23,1,0.10,12,0,0.00,0.00,0,0.00,0,0,0,0.00,0,0,0.00,31,0.00,0,N/A,N/A,N/A,N/A,0.00,0,0.00,0,0.13,0.00,0,80.27,0.00,21,54,0.29,0.48,5,12,12,0,0,0,0.76,1.25,13,98,116.82,2.65,4.33,45,0,0.00,0.00,99,0.00,0,0,0,0.00,0.00,0,0.00,0.00,0.10,0.06,1,0,0.00,48,41,41,48,30,0.99,45,0.06,0.10,0.13,27,0.01,0.01,50,13,0.76,1.25,2.02,1.24,80,21,0.01,26,63,92,71,0,62,91,0,0.00,99,25,0.00,2.41,9.43,5.76,98,53,69,56,5.10,3.12,54.08,2,0.19,76,0,0.00,0,0.00,99,0,0.00,0.00,32,38,74,53,0,0,0,0,0,34,48,65,59,0,99,81,40,69,4,22,70,23,0,0
Salatiel de Oliveira Gabriel Junior,33,716972400,1992/09/20,Serie B,2023,Forward,Botafogo SP,1795,911,884,Brazil,23,11,12,4,1,3,1,1,0,0,0,9,6,3,18,11,7,3,0,0.25,0.05,0.2,0.1,0.31,449,0.9,100,78,598,1795,0.15,96,221,-1,2,0,6.78,0.04,60,18.45,16.00,9,368,11.09,255,12,12.79,9,0.00,0.00,1.13,26,0.00,0.30,0.50,0.43,10,0.00,0.61,0.00,0.00,0.00,0.17,0.57,0.00,6.75,1.35,0.70,1.57,0.00,0.48,0.14,0.00,1.39,0.00,0.00,0,0,,27,1.17,72,11,0.55,72,16,0.80,75,1,1,22,15,0.00,99,0,4,0.20,20,7,77,0.35,35,0,0.00,99,0,0.00,0,0,0.00,0,1.30,76,36,1.81,78,13,0.65,36.11,0,0.00,0,0,0,0.00,0,0,0.00,49,0.00,0,N/A,N/A,N/A,N/A,0.00,0,0.00,0,3.32,0.00,0,69.29,40.74,60,64,0.35,0.40,8,65,24,0,0,0,0.09,0.10,2,31,155.89,0.65,0.75,15,0,0.00,0.00,99,0.00,0,0,0,0.00,0.00,0,0.00,0.00,0.60,0.52,12,0,14.81,79,68,58,65,49,2.19,50,0.10,0.11,3.32,84,0.14,0.17,62,31,1.35,1.55,2.11,1.83,81,42,0.17,82,47,34,71,0,94,72,0,0.00,99,32,0.00,1.60,12.18,10.57,243,86,46,85,4.31,3.74,35.39,14,0.70,44,0,28.57,0,0.00,99,2,0.09,0.10,43,73,30,33,0,0,0,0,0,75,84,91,67,0,99,62,82,27,3,13,43,9,0,0
Sammuel Queiroz de Freitas,24,1008921600,2001/12/21,Serie B,2023,Midfielder,Atlético GO,0,0,0,Brazil,0,0,0,0,0,0,0,0,0,0,0,0,0,0,0,0,0,0,0,0,0,0,0,0,0,0,0,0,0,0,0,-1,-1,-1,-1,N/A,N/A,N/A,N/A,N/A,N/A,N/A,N/A,N/A,N/A,N/A,N/A,N/A,N/A,N/A,N/A,N/A,N/A,N/A,N/A,N/A,N/A,N/A,N/A,N/A,N/A,N/A,N/A,N/A,N/A,N/A,N/A,N/A,N/A,N/A,N/A,N/A,N/A,N/A,N/A,N/A,N/A,N/A,N/A,N/A,N/A,N/A,N/A,N/A,N/A,N/A,N/A,N/A,N/A,N/A,N/A,N/A,N/A,N/A,N/A,N/A,N/A,N/A,N/A,N/A,N/A,N/A,N/A,N/A,N/A,N/A,N/A,N/A,N/A,N/A,N/A,N/A,N/A,N/A,N/A,N/A,N/A,N/A,N/A,N/A,N/A,N/A,N/A,N/A,N/A,N/A,N/A,N/A,N/A,N/A,N/A,N/A,N/A,N/A,N/A,N/A,N/A,N/A,N/A,N/A,N/A,N/A,N/A,N/A,N/A,N/A,N/A,N/A,N/A,N/A,N/A,N/A,N/A,N/A,N/A,N/A,N/A,N/A,N/A,N/A,N/A,N/A,N/A,N/A,N/A,N/A,N/A,N/A,N/A,N/A,N/A,N/A,N/A,N/A,N/A,N/A,N/A,N/A,N/A,N/A,N/A,N/A,N/A,N/A,N/A,N/A,N/A,N/A,N/A,N/A,N/A,N/A,N/A,N/A,N/A,N/A,N/A,N/A,N/A,N/A,N/A,N/A,N/A,N/A,N/A,N/A,N/A,N/A,N/A,N/A,N/A,N/A,N/A,N/A,N/A,N/A,N/A,N/A,N/A,N/A,N/A,N/A,N/A,N/A,N/A,N/A,N/A,N/A,N/A,N/A,N/A,N/A,N/A,N/A,N/A,N/A,N/A,N/A,N/A,N/A,N/A,N/A,N/A,N/A,N/A,N/A,N/A,N/A,N/A,N/A,N/A,N/A,N/A,N/A,N/A,N/A,N/A,N/A,N/A
Samuel Henrique dos Santos Eleoterio,36,641026800,1990/04/25,Serie B,2023,Defender,Sampaio Corrêa,457,211,246,Brazil,12,5,7,0,0,0,1,0,1,0,0,6,2,4,3,1,2,5,0,0.2,0.2,0,0,0,0,0.59,152,38,91,457,0.98,343,52,19,29,0,6.80,0.08,92,33.28,14.08,44,169,10.00,120,16,23.63,42,0.00,0.00,0.25,3,0.00,0.92,1.77,0.75,9,0.00,0.00,0.00,0.00,0.00,0.58,0.08,0.00,0.00,0.20,0.08,0.17,0.00,0.00,0.00,0.00,0.42,0.00,0.00,0,0,,1,0.08,15,0,0.00,21,1,0.20,20,4,6,6,78,0.00,99,0,7,1.38,82,11,45,2.17,68,0,0.00,99,0,0.00,0,0,0.00,0,0.59,38,2,0.39,27,1,0.20,50.00,0,0.00,0,0,0,0.00,0,0,0.00,91,0.00,0,N/A,N/A,N/A,N/A,0.00,0,0.00,0,0.03,0.00,0,71.01,0.00,21,29,0.33,0.79,4,29,55,0,0,0,0.25,0.59,3,84,81.62,1.00,2.36,12,0,0.00,0.00,99,0.00,0,0,0,0.00,0.00,0,0.00,0.00,0.00,0.00,0,0,0.00,48,6,20,48,90,0.94,85,0.08,0.19,0.03,27,0.00,0.01,14,2,0.17,0.39,2.17,0.92,83,11,0.01,26,52,79,71,0,45,48,0,0.00,99,5,0.00,0.98,7.48,3.17,38,17,24,33,3.35,1.42,44.74,0,0.00,99,0,18.18,0,0.00,99,2,0.17,0.39,63,17,70,83,0,0,0,0,0,69,48,65,59,0,99,92,8,99,5,42,98,17,0,0
Samuel Naum Andrade Leão,25,966063600,2000/08/12,Serie B,2023,Midfielder,Ponte Preta,279,128,151,Brazil,17,9,8,0,0,0,0,0,0,0,0,7,5,2,6,2,4,1,0,0,0,0,0,0,0,1.94,47,16,279,0,0.32,470,463,-1,30,0,6.20,0,51,40.66,7.31,65,117,5.69,91,49,31.62,62,0.00,0.00,0.25,4,0.00,0.12,3.13,0.56,9,0.00,0.12,0.00,0.00,0.00,0.38,0.12,0.00,0.00,0.35,0.00,0.19,0.00,0.06,0.00,0.00,0.19,0.00,0.00,0,0,,1,0.06,23,1,0.35,60,0,0.00,10,3,17,0,99,0.00,99,0,6,2.08,98,2,32,0.69,46,0,0.00,99,0,0.00,0,0,0.00,0,1.39,80,3,1.04,54,2,0.69,66.67,0,0.00,0,0,0,0.00,0,0,0.00,1,0.00,0,N/A,N/A,N/A,N/A,0.00,0,0.00,0,0.06,0.00,0,77.78,100.00,99,0,0.44,2.43,7,67,83,0,0,0,0.00,0.00,0,20,99.25,0.12,0.69,2,0,0.00,0.00,99,0.00,0,0,0,0.00,0.00,0,0.00,0.00,0.35,0.06,1,0,0.00,48,0,38,48,1,0.40,68,0.03,0.14,0.06,38,0.00,0.02,99,14,0.88,4.86,3.47,0.62,99,10,0.02,37,3,30,71,0,87,51,0,0.00,99,3,0.00,1.04,19.46,3.50,56,28,99,99,9.73,1.75,50.00,2,0.69,44,0,0.00,0,0.00,99,0,0.00,0.00,32,0,96,70,0,0,0,0,0,34,48,65,59,0,99,70,45,63,1,6,19,18,0,0
Santiago Patino,29,857980800,1997/03/10,Serie B,2023,Forward,Avaí,553,330,223,Colombia,12,6,6,2,1,1,0,0,0,0,0,5,3,2,8,3,5,0,0,0.33,0,0.33,0.27,0.4,277,1.3,69,46,0,0,0,34,417,-1,4,0,6.52,0,51,8.46,4.33,0,52,3.25,39,33,6.35,0,0.00,0.00,0.33,4,0.00,0.25,0.65,0.33,4,0.00,0.50,0.00,0.00,0.00,0.25,0.25,0.00,5.50,1.79,0.58,0.50,0.00,0.33,0.14,0.00,0.08,0.00,0.00,0,0,,11,0.92,86,4,0.65,76,7,1.14,92,3,6,6,24,0.00,99,0,3,0.49,37,3,32,0.49,42,0,0.00,99,0,0.00,0,0,0.00,0,0.65,43,6,0.98,51,3,0.49,50.00,0,0.00,0,0,0,0.00,0,0,0.00,11,0.00,0,N/A,N/A,N/A,N/A,0.00,0,0.00,0,1.65,0.00,0,75.00,36.36,52,39,0.33,0.65,4,55,55,0,0,0,0.00,0.00,0,20,78.23,0.58,1.14,7,0,0.00,0.00,99,0.00,0,0,0,0.00,0.00,0,0.00,0.00,0.65,0.33,4,0,18.18,88,12,20,55,12,0.21,6,0.02,0.03,1.65,97,0.14,0.27,47,7,0.58,1.14,2.93,1.50,97,18,0.27,94,12,50,71,0,96,4,0,0.00,99,1,0.00,0.16,9.11,4.67,56,15,11,50,2.44,1.25,26.79,6,0.98,26,0,0.00,0,0.00,99,0,0.00,0.00,32,17,70,70,0,0,0,0,0,85,94,95,87,0,99,74,8,8,0,0,10,11,0,0
Santiago Tréllez Viveros,36,632563200,1990/01/17,Serie B,2023,Forward,Vitória,600,267,333,Colombia,12,5,7,4,2,2,1,0,1,1,0,3,2,1,7,3,4,1,0,0.75,0.15,0.6,0.67,0.54,150,1.05,86,50,600,600,0.15,3,93,-1,5,0,6.91,0.08,85,16.75,8.85,5,115,6.54,85,27,12.38,8,0.00,0.00,0.92,12,0.00,0.31,0.15,0.08,1,0.00,0.85,0.00,0.00,0.00,0.08,0.15,0.00,3.50,2.04,0.54,0.38,0.00,0.54,0.23,0.00,1.62,0.00,0.00,0,0,,14,1.08,94,7,1.02,95,7,1.02,86,2,6,6,8,0.00,99,0,1,0.15,16,4,67,0.58,44,0,0.00,99,0,0.00,0,0,0.00,0,1.75,90,5,0.73,40,2,0.29,40.00,0,0.00,0,0,0,0.00,0,0,0.00,31,0.00,0,N/A,N/A,N/A,N/A,0.00,0,0.00,0,2.99,0.00,0,73.91,50.00,83,45,0.31,0.58,4,35,31,1,0,0,0.08,0.15,1,42,89.85,0.54,1.02,7,0,0.00,0.00,99,0.00,0,1,0,0.00,0.00,0,0.00,0.00,0.73,0.38,5,0,28.57,96,16,20,49,32,1.25,83,0.10,0.18,2.29,99,0.18,0.33,31,5,0.38,0.73,1.02,0.54,29,7,0.44,99,72,44,71,0,97,97,0,0.00,99,21,0.00,3.06,11.50,6.08,79,28,40,79,4.08,2.15,35.44,11,1.60,6,0,25.00,0,0.00,99,1,0.08,0.15,48,17,70,53,0,0,0,0,0,99,99,98,99,0,99,22,82,27,1,8,26,22,0,0
Saulo Ferreira Silva,31,798361200,1995/04/20,Serie B,2023,Goalkeeper,Londrina,23,23,0,Brazil,1,1,0,0,0,0,0,0,0,0,0,0,0,0,1,1,0,0,0,0,0,0,0,0,0,3.91,23,23,0,0,0,-1,-1,-1,46,0,6.02,0,51,35.22,9.00,50,9,5.00,5,0,19.57,29,0.00,0.00,0.00,0,0.00,0.00,0.00,0.00,0,0.00,0.00,0.00,0.00,1.00,0.00,0.00,1.00,0.00,0.00,0.00,0.00,0.00,0.00,0.00,0.00,0.00,0.00,0.00,0,0,,0,0.00,9,0,0.00,21,0,0.00,10,0,1,0,4,0.00,99,0,0,0.00,9,0,32,0.00,14,0,0.00,99,0,0.00,0,0,0.00,0,0.00,6,0,0.00,8,0,0.00,0.00,0,0.00,0,1,99,3.91,97,1,0.00,0,3.91,44,N/A,N/A,N/A,N/A,100.00,0,0.00,0,0.00,0.00,0,55.56,0.00,21,99,0.00,0.00,0,12,12,0,0,0,0.00,0.00,0,20,6.02,0.00,0.00,0,0,0.00,0.00,99,0.00,0,0,0,0.00,0.00,0,0.00,0.00,0.00,0.00,0,0,0.00,48,0,0,48,0,0.01,8,0.01,0.04,0.00,14,0.00,0.00,1,0,0.00,0.00,0.00,0.00,4,0,0.00,13,2,2,71,0,45,2,0,0.00,99,0,0.00,0.00,0.00,0.00,0,0,0,0,0.00,0.00,0.00,0,0.00,99,0,0.00,0,0.00,99,0,0.00,0.00,32,0,30,9,0,0,0,0,0,34,48,65,59,0,99,1,8,8,0,0,10,12,0,0
Saulo Rodrigues da Silva,28,866530800,1997/06/17,Serie B,2023,Forward,Ceará,778,369,409,Brazil,14,7,7,1,1,0,0,0,0,0,0,3,3,0,12,4,8,4,0,0.12,0,0.12,0.24,0,778,1.39,65,56,195,0,0.46,172,309,-1,15,0,6.71,0,51,13.00,8.15,1,106,5.54,72,10,8.83,1,0.00,0.00,0.38,5,0.00,0.54,0.86,0.54,7,0.00,0.62,0.00,0.00,0.00,0.00,0.38,0.00,16.00,1.96,0.62,0.85,0.00,0.62,0.09,0.00,0.38,0.00,0.00,0,0,,16,1.23,92,8,0.98,93,8,0.98,85,3,4,9,36,0.00,99,0,0,0.00,9,7,94,0.86,50,0,0.00,99,0,0.00,0,0,0.00,0,0.61,40,11,1.35,66,5,0.61,45.45,0,0.00,0,0,0,0.00,0,0,0.00,7,0.00,0,N/A,N/A,N/A,N/A,0.00,0,0.00,0,1.22,0.00,0,67.92,50.00,83,67,0.23,0.37,3,61,40,0,0,0,0.15,0.25,2,59,87.24,0.08,0.12,1,0,0.00,0.00,99,0.00,0,0,0,0.00,0.00,0,0.00,0.00,0.37,0.23,3,0,6.25,55,27,27,81,8,0.37,10,0.03,0.05,1.22,80,0.09,0.15,59,12,0.92,1.47,1.84,1.15,72,15,0.15,78,32,3,71,0,88,28,0,0.00,99,5,0.00,0.61,9.44,5.92,77,29,27,56,3.56,2.23,37.66,8,0.98,26,0,42.86,0,0.00,99,3,0.23,0.37,62,33,56,70,0,0,0,0,0,53,70,65,85,0,99,14,24,85,3,21,67,73,0,0
Sérgio Dutra Júnior,38,577954800,1988/04/25,Serie B,2023,Forward,Londrina,57,30,27,Brazil,3,2,1,0,0,0,0,0,0,0,0,1,1,0,0,0,0,0,0,0,0,0,0,0,0,0,0,19,0,0,0,-1,-1,-1,28,0,6.53,0,51,34.74,7.33,49,22,4.33,13,1,20.53,31,0.00,0.00,0.00,0,0.00,0.00,3.16,0.67,2,0.00,0.67,0.00,0.00,0.00,0.33,0.33,0.00,0.00,0.00,0.00,1.00,0.00,0.00,0.00,0.00,0.67,0.00,0.00,0,0,,0,0.00,9,0,0.00,21,0,0.00,10,0,3,0,99,0.00,99,0,1,1.58,90,0,32,0.00,14,0,0.00,99,0,0.00,0,0,0.00,0,0.00,6,3,4.74,99,1,1.58,33.33,0,0.00,0,0,0,0.00,0,0,0.00,99,0.00,0,N/A,N/A,N/A,N/A,0.00,0,0.00,0,0.00,0.00,0,59.09,0.00,21,2,0.33,1.58,1,95,22,0,0,0,0.00,0.00,0,20,19.59,0.33,1.58,1,0,0.00,0.00,99,0.00,0,0,0,0.00,0.00,0,0.00,0.00,0.00,0.00,0,0,0.00,48,0,0,48,0,0.03,10,0.01,0.05,0.00,14,0.00,0.00,1,0,0.00,0.00,3.16,0.67,99,2,0.00,13,13,65,71,0,45,98,0,0.00,99,2,0.00,3.16,22.11,4.67,14,5,98,99,7.89,1.67,35.71,2,3.16,0,0,0.00,0,0.00,99,0,0.00,0.00,32,0,50,9,0,0,0,0,0,34,48,65,59,0,99,45,8,8,0,0,10,19,0,0
Shaylon Kallyson Cardozo,29,862124400,1997/04/27,Serie B,2023,Midfielder,Atlético GO,2936,1492,1444,Brazil,36,18,18,4,4,0,6,4,2,0,0,11,6,5,32,14,18,2,0,0.31,0.18,0.12,0.24,0,734,0.98,92,82,1468,489,0.06,171,66,-1,5,0,7.13,0.17,90,43.77,39.54,75,1384,32.34,1132,72,35.80,76,0.00,0.00,1.83,64,0.00,5.20,0.66,0.60,21,0.00,0.57,0.00,0.00,0.00,0.46,0.37,0.00,9.75,1.23,0.74,0.91,0.00,0.37,0.11,0.00,0.31,0.00,0.00,0,0,,39,1.11,68,13,0.41,65,26,0.82,76,8,1,34,25,0.00,99,0,16,0.51,38,182,73,5.76,95,0,0.00,99,0,0.00,0,0,0.00,0,2.02,94,32,1.01,53,13,0.41,40.62,0,0.00,0,0,0,0.00,0,0,0.00,38,0.00,0,N/A,N/A,N/A,N/A,0.00,0,0.00,0,3.79,0.00,0,81.79,33.33,49,56,0.43,0.47,15,47,31,0,0,0,0.14,0.16,5,44,249.46,0.40,0.44,14,0,0.00,0.00,99,0.00,0,0,2,0.06,0.06,0,0.00,0.00,0.03,0.03,1,0,10.26,69,95,98,79,39,8.38,96,0.24,0.27,3.79,73,0.11,0.12,24,19,0.54,0.60,0.57,0.51,12,18,0.12,70,94,17,84,0,46,14,0,0.00,99,11,0.00,0.35,4.78,4.31,151,64,8,10,2.02,1.83,42.38,20,0.63,48,0,27.47,0,0.00,99,50,1.43,1.58,96,97,30,99,0,0,0,0,0,83,70,65,85,0,99,36,97,11,2,6,19,10,0,0
Sidnei,36,619858800,1989/08/23,Serie B,2023,Defender,Ceará,90,90,0,Brazil,2,1,1,0,0,0,0,0,0,0,0,2,1,1,0,0,0,0,0,0,0,0,0,0,0,0,0,45,0,0,0,-1,-1,-1,24,0,3.58,0,51,53.00,26.50,93,53,24.50,49,99,49.00,98,0.00,0.00,0.00,0,0.00,0.00,2.00,1.00,2,0.00,0.00,0.00,0.00,0.00,1.00,0.00,0.00,0.00,0.00,0.00,0.50,0.00,0.00,0.00,0.00,0.50,0.00,0.00,0,0,,0,0.00,9,0,0.00,21,0,0.00,10,0,1,1,86,0.00,99,0,2,2.00,97,0,32,0.00,14,0,0.00,99,0,0.00,0,0,0.00,0,0.00,6,1,1.00,52,0,0.00,0.00,0,0.00,0,0,0,0.00,0,0,0.00,99,0.00,0,N/A,N/A,N/A,N/A,0.00,0,0.00,0,0.00,0.00,0,92.45,0.00,21,15,0.50,1.00,1,12,12,0,0,0,0.50,1.00,1,95,7.15,1.50,3.00,3,0,0.00,0.00,99,0.00,0,0,0,0.00,0.00,0,0.00,0.00,0.00,0.00,0,0,0.00,48,0,0,48,0,0.11,50,0.06,0.11,0.00,14,0.00,0.00,40,1,0.50,1.00,1.00,0.50,29,1,0.00,13,0,82,71,0,45,48,0,0.00,99,1,0.00,1.00,7.00,3.50,7,4,38,27,4.00,2.00,57.14,0,0.00,99,0,0.00,0,0.00,99,0,0.00,0.00,32,0,30,9,0,0,0,0,0,34,48,65,59,0,99,99,8,8,0,0,10,12,0,0
Sillas da Silva Vital Gomes,31,799657200,1995/05/05,Serie B,2023,Midfielder,Atlético GO,126,44,82,Brazil,2,1,1,0,0,0,0,0,0,0,0,0,0,0,1,0,1,1,0,0,0,0,0,0,0,0.71,126,63,126,0,0.71,-1,-1,-1,19,0,7.01,0,51,27.86,19.50,33,39,16.00,32,74,22.86,39,0.00,0.00,0.00,0,0.00,3.50,0.71,0.50,1,0.00,0.50,0.00,0.00,0.00,1.00,0.50,0.00,0.00,1.43,1.00,1.00,0.00,0.00,0.03,0.00,1.00,0.00,0.00,0,0,,2,1.00,75,0,0.00,21,2,1.43,96,2,1,1,27,0.00,99,0,2,1.43,84,7,77,5.00,92,0,0.00,99,0,0.00,0,0,0.00,0,0.00,6,2,1.43,69,1,0.71,50.00,0,0.00,0,0,0,0.00,0,0,0.00,74,0.00,0,N/A,N/A,N/A,N/A,0.00,0,0.00,0,0.05,0.00,0,82.05,0.00,21,99,0.00,0.00,0,68,55,0,0,0,0.00,0.00,0,20,14.03,0.00,0.00,0,0,0.00,0.00,99,0.00,0,0,0,0.00,0.00,0,0.00,0.00,0.00,0.00,0,0,0.00,48,0,0,48,72,0.08,14,0.04,0.06,0.05,49,0.03,0.04,57,2,1.00,1.43,1.43,1.00,51,2,0.04,47,86,2,71,0,45,65,0,0.00,99,2,0.00,1.43,7.14,5.00,10,6,45,29,4.29,3.00,60.00,1,0.71,43,0,28.57,0,0.00,99,2,1.00,1.43,93,0,30,53,0,0,0,0,0,34,48,65,59,0,99,1,10,97,1,50,99,11,0,0
Silva Henrique de Sousa Luvannor,36,643100400,1990/05/19,Serie B,2023,Forward,Ceará,122,77,45,Moldova,5,2,3,0,0,0,0,0,0,0,0,1,0,1,1,1,0,0,0,0,0,0,0,0,0,0.74,122,24,0,0,0,-1,-1,-1,35,0,6.62,0,51,44.26,12.00,76,60,10.00,50,81,36.89,78,0.00,0.00,0.80,4,0.00,1.00,1.48,0.40,2,0.00,0.80,0.00,0.00,0.00,0.60,0.00,0.00,0.00,1.48,0.40,0.20,0.00,0.00,0.01,0.00,0.80,0.00,0.00,0,0,,2,0.40,76,0,0.00,21,2,1.48,96,0,5,0,65,0.00,99,0,3,2.21,99,5,92,3.69,86,0,0.00,99,0,0.00,0,0,0.00,0,2.95,99,1,0.74,41,0,0.00,0.00,0,0.00,0,0,0,0.00,0,0,0.00,69,0.00,0,N/A,N/A,N/A,N/A,0.00,0,0.00,0,0.07,0.00,0,83.33,0.00,21,2,0.40,1.48,2,12,12,0,0,0,0.20,0.74,1,89,33.12,0.20,0.74,1,0,0.00,0.00,99,0.00,0,0,0,0.00,0.00,0,0.00,0.00,0.00,0.00,0,0,0.00,48,0,1,48,69,0.23,80,0.05,0.17,0.07,53,0.01,0.05,81,3,0.60,2.21,2.95,0.80,97,4,0.05,51,19,34,71,0,45,96,0,0.00,99,4,0.00,2.95,16.97,4.60,23,9,91,98,6.64,1.80,39.13,4,2.95,0,0,40.00,0,0.00,99,2,0.40,1.48,94,0,64,9,0,0,0,0,0,34,48,65,59,0,99,12,8,8,0,0,10,90,0,0
Silvio Jose Cardoso Reis Junior,35,646815600,1990/07/01,Serie B,2023,Forward,Mirassol,110,20,90,Brazil,6,2,4,0,0,0,0,0,0,0,0,1,0,1,2,0,2,1,0,0,0,0,0,0,0,1.64,55,18,110,0,0.82,-1,-1,-1,22,0,6.58,0,51,44.18,9.00,76,54,7.33,44,70,36.00,76,0.00,0.00,0.50,3,0.00,1.00,2.45,0.50,3,0.00,0.33,0.00,0.00,0.00,0.17,0.00,0.00,0.00,0.00,0.00,0.33,0.00,0.00,0.00,0.00,0.17,0.00,0.00,0,0,,0,0.00,9,0,0.00,21,0,0.00,10,1,5,1,94,0.00,99,0,1,0.82,53,6,86,4.91,92,0,0.00,99,0,0.00,0,0,0.00,0,2.45,97,2,1.64,74,0,0.00,0.00,0,0.00,0,0,0,0.00,0,0,0.00,2,0.00,0,N/A,N/A,N/A,N/A,0.00,0,0.00,0,0.00,0.00,0,81.48,0.00,21,99,0.00,0.00,0,12,12,0,0,0,0.00,0.00,0,20,39.47,0.00,0.00,0,0,0.00,0.00,99,0.00,0,0,0,0.00,0.00,0,0.00,0.00,0.00,0.00,0,0,0.00,48,0,3,48,2,0.24,87,0.04,0.20,0.00,14,0.00,0.00,87,3,0.50,2.45,3.27,0.67,99,4,0.00,13,16,2,71,0,45,39,0,0.00,99,1,0.00,0.82,13.09,2.67,16,7,81,89,5.73,1.17,43.75,2,1.64,6,0,33.33,0,0.00,99,2,0.33,1.64,96,0,64,33,0,0,0,0,0,34,48,65,59,0,99,8,10,98,1,17,56,17,0,0
Simao Verza Bertelli,32,739004400,1993/06/02,Serie B,2023,Goalkeeper,ABC,1710,720,990,Brazil,19,8,11,0,0,0,0,0,0,0,0,3,1,2,22,9,13,6,0,0,0,0,0,0,0,1.16,78,90,285,0,0.32,538,531,173,33,0,6.47,0,51,23.74,23.74,23,451,14.89,283,4,14.89,15,0.00,0.00,0.00,0,0.00,0.00,0.05,0.05,1,0.00,0.00,0.00,0.00,3.11,0.00,0.00,4.47,0.00,0.05,0.00,0.00,0.00,0.05,0.00,0.00,0.11,0.00,0.00,0,0,,1,0.05,9,1,0.05,24,0,0.00,10,0,0,19,5,0.00,99,0,0,0.00,9,0,32,0.00,14,0,0.00,99,0,0.00,0,0,0.00,0,0.00,6,0,0.00,8,0,0.00,0.00,0,0.00,0,59,29,3.11,74,85,0.00,19,4.47,94,N/A,N/A,N/A,N/A,69.41,0,0.00,0,0.06,0.00,0,62.75,100.00,99,93,0.05,0.05,1,12,12,0,0,31,0.00,0.00,0,20,123.00,0.84,0.84,16,0,0.00,0.00,99,0.00,0,0,0,0.00,0.00,12,0.63,0.63,0.00,0.00,0,0,0.00,48,67,46,48,21,0.65,6,0.03,0.03,0.06,14,0.00,0.00,4,2,0.11,0.11,0.00,0.00,4,0,0.00,13,10,37,71,45,45,3,0,0.00,99,2,0.00,0.11,0.37,0.37,7,5,2,2,0.26,0.26,71.43,0,0.00,99,0,0.00,0,0.00,99,0,0.00,0.00,32,66,19,9,0,0,0,0,0,34,48,65,59,0,99,7,46,63,6,32,89,1,0,0
Sostenes José Santos Salles,38,564220800,1987/11/18,Serie B,2023,Forward,Ituano,177,86,91,Brazil,6,3,3,0,0,0,0,0,0,0,0,1,1,0,4,3,1,1,0,0,0,0,0,0,0,2.03,44,30,177,0,0.51,-1,-1,-1,32,0,6.59,0,51,26.44,8.67,30,52,5.67,34,7,17.29,23,0.00,0.00,0.33,2,0.00,0.83,2.03,0.67,4,0.00,0.50,0.00,0.00,0.00,0.00,0.50,0.00,0.00,2.54,0.50,1.67,0.00,0.33,0.03,0.00,0.33,0.00,0.00,0,0,,5,0.83,98,2,1.02,95,3,1.53,97,1,4,2,87,0.00,99,0,0,0.00,9,5,32,2.54,73,0,0.00,99,0,0.00,0,0,0.00,0,1.02,64,10,5.08,99,3,1.53,30.00,0,0.00,0,0,0,0.00,0,0,0.00,0,0.00,0,N/A,N/A,N/A,N/A,0.00,0,0.00,0,0.16,0.00,0,65.38,40.00,60,15,0.33,1.02,2,94,19,0,0,0,0.00,0.00,0,20,39.55,0.00,0.00,0,0,0.00,0.00,99,0.00,0,0,0,0.00,0.00,0,0.00,0.00,1.53,0.50,3,0,0.00,48,0,3,48,1,0.16,27,0.03,0.08,0.16,63,0.03,0.08,99,11,1.83,5.59,1.02,0.33,29,2,0.08,61,16,2,71,0,99,49,0,0.00,99,2,0.00,1.02,17.29,5.67,34,20,99,98,10.17,3.33,58.82,3,1.53,9,0,0.00,0,0.00,99,0,0.00,0.00,32,1,56,33,0,0,0,0,0,34,48,65,59,0,99,8,20,88,1,17,56,21,0,0
Stephannyo Afonso Lopes de Oliveira,32,754732800,1993/12/01,Serie B,2023,Defender,ABC,1350,790,560,Brazil,16,9,7,0,0,0,0,0,0,0,0,3,1,2,17,8,9,6,0,0,0,0,0,0,0,1.13,79,84,225,0,0.4,534,529,165,36,0,6.76,0,51,39.00,36.56,60,585,30.38,486,80,32.40,65,0.00,0.00,0.12,2,0.00,0.00,1.07,1.00,16,0.00,0.06,0.00,0.00,0.00,1.31,0.19,0.00,0.00,0.20,0.12,0.25,0.00,0.06,0.01,0.00,1.56,0.00,0.00,0,0,,3,0.19,15,1,0.07,27,2,0.13,15,1,0,16,45,0.00,99,0,21,1.40,84,0,32,0.00,14,0,0.00,99,0,0.00,0,0,0.00,0,0.13,12,4,0.27,22,3,0.20,75.00,0,0.00,0,0,0,0.00,0,0,0.00,23,0.00,0,N/A,N/A,N/A,N/A,0.00,0,0.00,0,0.11,0.00,0,83.08,33.33,49,86,0.19,0.20,3,29,90,0,0,0,0.38,0.40,6,74,108.23,3.50,3.73,56,1,0.00,0.07,6,0.06,0,0,2,0.12,0.13,0,0.00,0.00,0.00,0.00,0,0,0.00,48,55,34,48,22,1.19,27,0.07,0.08,0.11,27,0.01,0.01,20,8,0.50,0.53,1.33,1.25,46,20,0.01,26,44,87,95,0,45,74,0,0.00,99,25,0.00,1.67,5.93,5.56,89,52,26,16,3.47,3.25,58.43,1,0.07,87,0,0.00,0,0.00,99,0,0.00,0.00,32,58,19,33,0,0,0,0,0,34,48,65,59,0,99,11,31,78,6,38,94,15,0,0
Tales José da Silva,27,906966000,1998/09/28,Serie B,2023,Forward,Ponte Preta,739,351,388,Brazil,15,7,8,0,0,0,1,0,1,0,0,6,4,2,6,2,4,0,0,0.12,0.12,0,0,0,0,0.73,123,49,0,739,0,328,123,-1,18,0,6.71,0.07,79,23.63,12.93,22,194,10.53,158,70,19.24,28,0.00,0.00,0.33,5,0.00,0.93,0.61,0.33,5,0.00,0.67,0.00,0.00,0.00,0.27,0.53,0.00,0.00,1.71,0.53,1.00,0.00,0.40,0.04,0.00,0.53,0.00,0.00,0,0,,14,0.93,83,6,0.73,80,8,0.97,84,7,8,7,22,0.00,99,0,4,0.49,37,14,40,1.71,62,0,0.00,99,0,0.00,0,0,0.00,0,0.61,40,15,1.83,78,8,0.97,53.33,0,0.00,0,0,0,0.00,0,0,0.00,71,0.00,0,N/A,N/A,N/A,N/A,0.00,0,0.00,0,0.66,0.00,0,81.44,42.86,67,52,0.27,0.49,4,81,59,0,0,0,0.07,0.12,1,36,100.63,0.00,0.00,0,0,0.00,0.00,99,0.00,0,0,1,0.07,0.12,0,0.00,0.00,0.12,0.07,1,0,0.00,48,24,30,48,70,1.10,61,0.07,0.13,0.66,63,0.04,0.08,98,27,1.80,3.29,0.24,0.13,8,2,0.08,61,32,2,94,0,67,47,0,0.00,99,8,0.00,0.97,11.33,6.20,93,48,83,76,5.85,3.20,51.61,10,1.22,17,0,14.29,0,0.00,99,2,0.13,0.24,56,22,79,98,0,0,0,0,0,53,48,65,59,0,99,67,8,8,0,0,10,17,0,0
Tarik Michel Kedes Boschetti,33,730022400,1993/02/18,Serie B,2023,Midfielder,Botafogo SP,2424,1196,1228,Brazil,31,16,15,2,1,1,2,1,1,0,0,13,10,3,26,9,17,10,0,0.15,0.07,0.07,0.08,0.07,1212,0.97,93,78,242,1212,0.37,225,192,-1,6,0,6.85,0.06,67,40.73,35.39,65,1097,28.81,893,70,33.16,67,0.00,0.00,0.39,12,0.00,0.13,1.60,1.39,43,0.00,0.42,0.00,0.00,0.00,0.71,0.29,0.00,10.00,0.74,0.45,0.52,0.00,0.19,0.06,0.00,1.03,0.00,0.00,0,0,,20,0.65,51,6,0.22,47,14,0.52,56,4,3,28,71,0.00,99,0,22,0.82,53,4,32,0.15,24,0,0.00,99,0,0.00,0,0,0.00,0,0.45,31,16,0.59,35,9,0.33,56.25,0,0.00,0,0,0,0.00,0,0,0.00,40,0.00,0,N/A,N/A,N/A,N/A,0.00,0,0.00,0,1.90,0.00,0,81.40,30.00,41,45,0.52,0.59,16,39,64,0,0,0,0.35,0.41,11,74,212.48,0.87,1.00,27,0,0.00,0.00,99,0.00,0,0,0,0.00,0.00,0,0.00,0.00,0.00,0.00,0,0,10.00,68,85,83,90,40,3.70,68,0.12,0.14,1.90,60,0.06,0.07,48,32,1.03,1.19,1.67,1.45,65,45,0.07,58,61,44,71,0,45,57,0,0.00,99,32,0.00,1.19,8.21,7.13,221,116,46,39,4.31,3.74,52.49,13,0.48,59,0,0.00,0,0.00,99,0,0.00,0.00,32,86,50,83,0,0,0,0,0,60,59,68,64,0,99,74,35,72,10,32,89,15,0,0
Thales Bento Oleques,32,767516400,1994/04/28,Serie B,2023,Defender,Avaí,1818,634,1184,Brazil,26,11,15,0,0,0,0,0,0,0,0,10,4,6,20,4,16,3,0,0,0,0,0,0,0,0.99,91,70,606,0,0.15,425,422,133,24,0,6.71,0,51,34.58,26.56,48,664,19.68,492,28,25.62,46,0.00,0.00,0.48,12,0.00,1.20,1.98,1.52,38,0.00,0.24,0.00,0.00,0.00,1.12,0.20,0.00,0.00,0.05,0.00,0.44,0.00,0.04,0.00,0.00,0.64,0.00,0.00,0,0,,1,0.04,9,1,0.05,24,0,0.00,10,3,5,20,86,0.00,99,0,28,1.46,86,30,86,1.56,59,0,0.00,99,0,0.00,0,0,0.00,0,0.62,41,11,0.57,34,5,0.26,45.45,0,0.00,0,0,0,0.00,0,0,0.00,36,0.00,0,N/A,N/A,N/A,N/A,0.00,0,0.00,0,0.06,0.00,0,74.10,100.00,99,22,0.68,0.89,17,33,40,0,0,0,0.28,0.36,7,70,167.67,1.48,1.93,37,0,0.00,0.00,99,0.00,0,0,0,0.00,0.00,0,0.00,0.00,0.00,0.00,0,0,0.00,48,69,67,48,37,1.32,19,0.05,0.07,0.06,14,0.00,0.00,39,17,0.68,0.89,0.94,0.72,26,18,0.00,13,32,72,71,0,45,40,0,0.00,99,16,0.00,0.83,7.19,5.52,138,76,37,30,3.96,3.04,55.07,6,0.31,70,0,33.33,0,0.00,99,10,0.40,0.52,69,69,64,70,0,0,0,0,0,34,48,65,59,0,99,59,83,27,3,12,41,72,0,0
Thalisson Kelven da Silva,28,894524400,1998/05/07,Serie B,2023,Defender,Mirassol,2197,1218,979,Brazil,27,15,12,3,1,2,1,1,0,0,0,10,6,4,20,9,11,4,1,0.16,0.04,0.12,0.07,0.18,732,0.82,110,81,549,2197,0.16,174,243,85,6,0,6.94,0.04,57,55.25,51.73,96,1345,45.62,1186,98,48.72,98,0.00,0.00,0.19,5,0.00,0.04,0.99,0.92,24,0.00,0.00,0.00,0.00,0.00,0.92,0.08,0.00,2.33,0.29,0.12,0.08,0.00,0.15,0.08,0.00,1.73,0.00,0.00,0,0,,7,0.27,19,4,0.16,38,3,0.12,14,2,2,24,42,0.00,99,0,24,0.99,62,1,32,0.04,15,0,0.00,99,0,0.00,0,0,0.00,0,0.21,18,2,0.08,11,2,0.08,100.00,0,0.00,0,0,0,0.00,0,0,0.00,60,0.00,0,N/A,N/A,N/A,N/A,0.00,0,0.00,0,2.15,0.00,0,88.18,57.14,90,71,0.31,0.33,8,15,99,0,0,0,0.42,0.45,11,76,180.36,2.08,2.22,54,0,0.00,0.00,99,0.00,0,0,1,0.04,0.04,0,0.00,0.00,0.00,0.00,0,1,42.86,99,80,70,79,60,3.49,68,0.13,0.14,2.15,65,0.08,0.09,18,12,0.46,0.49,1.36,1.27,48,33,0.09,63,78,78,79,0,45,80,0,0.00,99,45,0.00,1.85,6.20,5.81,151,83,25,19,3.41,3.19,54.97,0,0.00,99,0,0.00,0,0.00,99,0,0.00,0.00,32,78,39,53,0,0,0,0,0,62,70,81,62,0,99,54,78,30,3,11,37,3,0,0
Thallyson Gabriel Lobo Seabra,30,827654400,1996/03/24,Serie B,2023,Midfielder,ABC,293,68,225,Brazil,5,2,3,0,0,0,0,0,0,0,0,0,0,0,7,2,5,3,0,0,0,0,0,0,0,2.15,42,59,98,0,0.92,279,338,-1,26,0,5.29,0,51,39.32,25.60,61,128,17.40,87,10,26.72,48,0.00,0.00,0.40,2,0.00,1.00,0.92,0.60,3,0.00,0.20,0.00,0.00,0.00,0.20,0.40,0.00,0.00,0.61,0.40,0.40,0.00,0.00,0.01,0.00,1.40,0.00,0.00,0,0,,2,0.40,44,0,0.00,21,2,0.61,64,1,1,4,38,0.00,99,0,1,0.31,27,5,98,1.54,59,0,0.00,99,0,0.00,0,0,0.00,0,0.61,40,2,0.61,36,2,0.61,100.00,0,0.00,0,0,0,0.00,0,0,0.00,0,0.00,0,N/A,N/A,N/A,N/A,0.00,0,0.00,0,0.06,0.00,0,67.97,0.00,21,43,0.40,0.61,2,61,99,0,0,0,0.40,0.61,2,84,26.47,0.60,0.92,3,0,0.00,0.00,99,0.00,0,0,0,0.00,0.00,0,0.00,0.00,0.00,0.00,0,0,0.00,48,0,1,48,1,0.26,27,0.05,0.08,0.06,38,0.01,0.02,49,4,0.80,1.23,2.76,1.80,95,9,0.02,37,0,39,71,0,45,87,0,0.00,99,7,0.00,2.15,8.60,5.60,28,16,64,44,4.91,3.20,57.14,1,0.31,70,0,60.00,0,0.00,99,3,0.60,0.92,84,8,30,33,0,0,0,0,0,34,48,65,59,0,99,1,9,99,3,60,99,22,0,0
Thassio Marques Melo da Silva Almeida,25,971161200,2000/10/10,Serie B,2023,Defender,Botafogo SP,2143,1146,997,Brazil,30,15,15,1,1,0,1,1,0,0,0,13,8,5,20,10,10,3,0,0.08,0.04,0.04,0.08,0,2143,0.84,107,71,714,2143,0.13,253,236,96,13,0,6.58,0.03,57,26.12,20.73,29,622,16.00,480,47,20.16,31,0.00,0.00,0.47,14,0.00,2.37,1.47,1.17,35,0.00,0.47,0.00,0.00,0.00,0.73,0.63,0.00,11.00,0.46,0.23,0.87,0.00,0.13,0.03,0.00,0.60,0.00,0.00,0,0,,11,0.37,33,4,0.17,39,7,0.29,28,4,5,25,64,0.00,99,0,22,0.92,58,71,58,2.98,77,0,0.00,99,0,0.00,0,0,0.00,0,0.59,38,26,1.09,57,19,0.80,73.08,0,0.00,0,0,0,0.00,0,0,0.00,56,0.00,0,N/A,N/A,N/A,N/A,0.00,0,0.00,0,1.00,0.00,0,77.17,36.36,52,48,0.43,0.55,13,73,87,0,0,0,0.30,0.38,9,72,197.30,1.00,1.26,30,0,0.00,0.00,99,0.00,0,0,0,0.00,0.00,0,0.00,0.00,0.04,0.03,1,0,9.09,65,79,79,97,56,2.25,36,0.07,0.09,1.00,49,0.03,0.04,43,25,0.83,1.05,0.84,0.67,21,20,0.04,47,16,54,71,0,50,36,0,0.00,99,18,0.00,0.76,7.52,5.97,179,97,39,34,4.07,3.23,54.19,14,0.59,51,0,22.54,0,0.00,99,16,0.53,0.67,76,80,64,83,0,0,0,0,0,44,52,65,64,0,99,77,88,22,3,10,33,21,0,0
Thiago Beserra Dos Santos,29,860742000,1997/04/11,Serie B,2023,Midfielder,Ituano,1011,428,583,Brazil,18,8,10,0,0,0,2,1,1,0,0,6,2,4,12,3,9,3,0,0.18,0.18,0,0,0,0,1.07,84,56,337,506,0.27,454,63,-1,33,0,6.63,0.11,90,34.04,22.29,47,379,16.59,282,29,25.33,45,0.00,0.00,0.82,14,0.00,0.47,1.44,0.94,16,0.00,0.88,0.00,0.00,0.00,0.65,0.29,0.00,0.00,0.63,0.18,0.59,0.00,0.24,0.02,0.00,0.59,0.00,0.00,0,0,,7,0.41,45,4,0.36,60,3,0.27,27,3,5,12,63,0.00,99,0,11,0.99,62,8,37,0.72,47,0,0.00,99,0,0.00,0,0,0.00,0,1.26,75,10,0.90,47,5,0.45,50.00,0,0.00,0,0,0,0.00,0,0,0.00,29,0.00,0,N/A,N/A,N/A,N/A,0.00,0,0.00,0,0.28,0.00,0,74.41,57.14,90,41,0.41,0.63,7,51,55,0,0,0,0.12,0.18,2,49,112.68,0.76,1.17,13,0,0.00,0.00,99,0.00,0,0,0,0.00,0.00,0,0.00,0.00,0.00,0.00,0,0,0.00,48,41,41,48,29,2.28,87,0.13,0.20,0.28,45,0.02,0.03,60,17,1.00,1.53,2.43,1.59,90,27,0.03,43,20,51,71,0,45,43,0,0.00,99,10,0.00,0.90,10.51,6.88,117,48,46,70,4.31,2.82,41.03,15,1.35,13,0,12.50,0,0.00,99,1,0.06,0.09,42,47,64,70,0,0,0,0,0,66,48,65,59,0,99,45,54,55,3,17,56,13,0,0
Thiago Braga de Souza,42,452502000,1984/05/04,Serie B,2023,Goalkeeper,Sampaio Corrêa,487,180,307,Brazil,6,2,4,0,0,0,0,0,0,0,0,1,0,1,4,2,2,0,0,0,0,0,0,0,0,0.74,122,81,0,0,0,478,495,65,46,0,6.47,0,51,21.62,19.50,17,117,11.17,67,1,12.38,8,0.00,0.00,0.00,0,0.00,0.00,0.00,0.00,0,0.00,0.00,0.00,0.00,1.50,0.00,0.00,2.83,0.00,0.00,0.00,0.00,0.00,0.00,0.00,0.00,0.00,0.00,0.00,0,0,,0,0.00,9,0,0.00,21,0,0.00,10,0,1,5,4,0.00,99,0,0,0.00,9,0,32,0.00,14,0,0.00,99,0,0.00,0,0,0.00,0,0.00,6,0,0.00,8,0,0.00,0.00,0,0.00,0,9,3,1.66,3,17,0.00,69,3.14,21,N/A,N/A,N/A,N/A,52.94,0,0.00,0,0.00,0.00,0,57.26,0.00,21,99,0.00,0.00,0,12,12,0,0,7,0.00,0.00,0,20,38.80,0.33,0.37,2,0,0.00,0.00,99,0.00,0,0,0,0.00,0.00,2,0.33,0.37,0.00,0.00,0,0,0.00,48,7,3,48,69,0.14,6,0.02,0.03,0.00,14,0.00,0.00,13,2,0.33,0.37,0.00,0.00,4,0,0.00,13,10,15,71,12,45,2,0,0.00,99,0,0.00,0.00,0.37,0.33,2,2,4,2,0.37,0.33,100.00,0,0.00,99,0,0.00,0,0.00,99,0,0.00,0.00,32,11,30,9,0,0,0,0,0,34,48,65,59,0,99,8,8,8,0,0,10,1,0,0
Thiago Couto Wenceslau,27,922435200,1999/03/26,Serie B,2023,Goalkeeper,Juventude,3006,1476,1530,Brazil,34,17,17,0,0,0,0,0,0,0,0,17,8,9,23,11,12,5,0,0,0,0,0,0,0,0.69,131,88,601,0,0.15,400,389,48,32,0,7.05,0,51,33.66,33.03,46,1057,25.44,814,45,25.92,47,0.00,0.00,0.03,1,0.00,0.00,0.06,0.06,2,0.00,0.00,0.00,0.00,2.72,0.00,0.00,3.47,0.00,0.00,0.00,0.00,0.00,0.00,0.00,0.00,0.25,0.00,0.00,0,0,,0,0.00,9,0,0.00,21,0,0.00,10,1,0,32,6,0.00,99,0,0,0.00,9,0,32,0.00,14,0,0.00,99,0,0.00,0,0,0.00,0,0.03,8,0,0.00,8,0,0.00,0.00,0,0.00,0,87,85,2.77,41,111,0.00,78,3.54,35,N/A,N/A,N/A,N/A,78.38,0,0.00,0,0.00,0.00,0,77.01,0.00,21,99,0.00,0.00,0,12,12,0,0,52,0.00,0.00,0,20,225.71,1.28,1.31,41,0,0.00,0.00,99,0.00,1,0,0,0.00,0.00,29,0.91,0.92,0.00,0.00,0,0,0.00,48,95,92,48,79,1.80,14,0.06,0.06,0.00,14,0.00,0.00,3,3,0.09,0.10,0.03,0.03,6,1,0.00,13,90,56,71,88,45,10,0,0.00,99,8,0.00,0.25,0.48,0.47,15,12,4,4,0.38,0.38,80.00,0,0.00,99,0,0.00,0,0.00,99,0,0.00,0.00,32,92,19,33,0,0,0,0,0,34,48,65,59,0,99,92,83,27,5,15,50,1,0,0
Thiago Fernandes Rodrigues,25,984470400,2001/03/13,Serie B,2023,Forward,Sampaio Corrêa,367,49,318,Brazil,7,2,5,0,0,0,0,0,0,0,0,2,0,2,2,0,2,0,0,0,0,0,0,0,0,0.49,184,52,0,0,0,281,339,-1,21,0,6.60,0,51,25.50,14.86,28,104,12.14,85,72,20.84,33,0.00,0.00,0.71,5,0.00,1.00,0.74,0.43,3,0.00,0.43,0.00,0.00,0.00,0.14,0.00,0.00,0.00,0.49,0.14,1.29,0.00,0.14,0.01,0.00,0.29,0.00,0.00,0,0,,2,0.29,35,1,0.25,52,1,0.25,25,3,4,3,30,0.00,99,0,1,0.25,23,7,77,1.72,63,0,0.00,99,0,0.00,0,0,0.00,0,1.23,74,9,2.21,86,0,0.00,0.00,0,0.00,0,0,0,0.00,0,0,0.00,95,0.00,0,N/A,N/A,N/A,N/A,0.00,0,0.00,0,0.08,0.00,0,81.73,50.00,83,52,0.29,0.49,2,12,12,0,0,0,0.00,0.00,0,20,46.18,0.57,0.98,4,0,0.00,0.00,99,0.00,0,0,0,0.00,0.00,0,0.00,0.00,0.00,0.00,0,0,0.00,48,1,4,48,95,0.35,36,0.05,0.09,0.08,38,0.01,0.02,95,12,1.71,2.94,0.74,0.43,16,3,0.02,37,18,42,71,0,45,24,0,0.00,99,2,0.00,0.49,8.83,5.14,36,17,42,47,4.17,2.43,47.22,3,0.74,42,0,28.57,0,0.00,99,2,0.29,0.49,68,3,56,70,0,0,0,0,0,34,48,65,59,0,99,29,8,8,0,0,10,7,0,0
Thiago Ferreira Lopes,29,846399600,1996/10/27,Serie B,2023,Midfielder,Vitória,416,84,332,Brazil,13,5,8,0,0,0,0,0,0,0,0,7,3,4,7,0,7,1,0,0,0,0,0,0,0,1.51,59,32,416,0,0.22,501,473,-1,32,0,6.56,0,51,28.77,10.23,36,133,8.46,110,78,23.80,42,0.00,0.00,0.69,9,0.00,0.77,0.87,0.31,4,0.00,0.31,0.00,0.00,0.00,0.38,0.15,0.00,0.00,1.51,0.46,0.38,0.00,0.08,0.02,0.00,0.23,0.00,0.00,0,0,,7,0.54,77,1,0.22,47,6,1.30,94,6,9,4,37,0.00,99,0,5,1.08,67,10,79,2.16,68,0,0.00,99,0,0.00,0,0,0.00,0,1.95,93,5,1.08,56,2,0.43,40.00,0,0.00,0,0,0,0.00,0,0,0.00,4,0.00,0,N/A,N/A,N/A,N/A,0.00,0,0.00,0,0.21,0.00,0,82.71,14.29,26,83,0.08,0.22,1,49,31,0,0,0,0.00,0.00,0,20,85.29,0.23,0.65,3,0,0.00,0.00,99,0.00,0,0,0,0.00,0.00,0,0.00,0.00,0.00,0.00,0,0,0.00,48,4,24,48,4,0.61,61,0.05,0.13,0.21,53,0.02,0.05,93,13,1.00,2.81,1.95,0.69,78,9,0.05,51,14,28,71,0,45,29,0,0.00,99,3,0.00,0.65,9.74,3.46,45,22,60,61,4.76,1.69,48.89,4,0.87,31,0,30.00,0,0.00,99,3,0.23,0.65,75,8,83,94,0,0,0,0,0,34,48,65,59,0,99,94,65,46,1,8,26,21,0,0
Thiago Henrique de Jesus,23,1023260400,2002/06/05,Serie B,2023,Defender,Criciúma,0,0,0,Brazil,0,0,0,0,0,0,0,0,0,0,0,0,0,0,0,0,0,0,0,0,0,0,0,0,0,0,0,0,0,0,0,-1,-1,-1,-1,N/A,N/A,N/A,N/A,N/A,N/A,N/A,N/A,N/A,N/A,N/A,N/A,N/A,N/A,N/A,N/A,N/A,N/A,N/A,N/A,N/A,N/A,N/A,N/A,N/A,N/A,N/A,N/A,N/A,N/A,N/A,N/A,N/A,N/A,N/A,N/A,N/A,N/A,N/A,N/A,N/A,N/A,N/A,N/A,N/A,N/A,N/A,N/A,N/A,N/A,N/A,N/A,N/A,N/A,N/A,N/A,N/A,N/A,N/A,N/A,N/A,N/A,N/A,N/A,N/A,N/A,N/A,N/A,N/A,N/A,N/A,N/A,N/A,N/A,N/A,N/A,N/A,N/A,N/A,N/A,N/A,N/A,N/A,N/A,N/A,N/A,N/A,N/A,N/A,N/A,N/A,N/A,N/A,N/A,N/A,N/A,N/A,N/A,N/A,N/A,N/A,N/A,N/A,N/A,N/A,N/A,N/A,N/A,N/A,N/A,N/A,N/A,N/A,N/A,N/A,N/A,N/A,N/A,N/A,N/A,N/A,N/A,N/A,N/A,N/A,N/A,N/A,N/A,N/A,N/A,N/A,N/A,N/A,N/A,N/A,N/A,N/A,N/A,N/A,N/A,N/A,N/A,N/A,N/A,N/A,N/A,N/A,N/A,N/A,N/A,N/A,N/A,N/A,N/A,N/A,N/A,N/A,N/A,N/A,N/A,N/A,N/A,N/A,N/A,N/A,N/A,N/A,N/A,N/A,N/A,N/A,N/A,N/A,N/A,N/A,N/A,N/A,N/A,N/A,N/A,N/A,N/A,N/A,N/A,N/A,N/A,N/A,N/A,N/A,N/A,N/A,N/A,N/A,N/A,N/A,N/A,N/A,N/A,N/A,N/A,N/A,N/A,N/A,N/A,N/A,N/A,N/A,N/A,N/A,N/A,N/A,N/A,N/A,N/A,N/A,N/A,N/A,N/A,N/A,N/A,N/A,N/A,N/A,N/A
Thiago Oliveira Lopes,24,1012550400,2002/02/01,Serie B,2023,Defender,Ponte Preta,180,90,90,Brazil,2,1,1,0,0,0,0,0,0,0,0,0,0,0,4,1,3,1,0,0,0,0,0,0,0,2,45,90,180,0,0.5,-1,-1,-1,29,0,6.84,0,51,33.50,33.50,45,67,26.50,53,58,26.50,48,0.00,0.00,0.00,0,0.00,0.00,1.00,1.00,2,0.00,0.00,0.00,0.00,0.00,0.00,0.00,0.00,0.00,0.50,0.50,0.00,0.00,0.00,0.01,0.00,0.50,0.00,0.00,0,0,,1,0.50,36,0,0.00,21,1,0.50,54,0,0,2,43,0.00,99,0,0,0.00,9,0,32,0.00,14,0,0.00,99,0,0.00,0,0,0.00,0,0.00,6,0,0.00,8,0,0.00,0.00,0,0.00,0,0,0,0.00,0,0,0.00,0,0.00,0,N/A,N/A,N/A,N/A,0.00,0,0.00,0,0.03,0.00,0,79.10,0.00,21,99,0.00,0.00,0,12,12,0,0,0,2.00,2.00,4,99,13.68,3.50,3.50,7,0,0.00,0.00,99,0.00,0,0,0,0.00,0.00,0,0.00,0.00,0.00,0.00,0,0,0.00,48,0,0,48,1,0.13,19,0.07,0.07,0.03,27,0.01,0.01,18,1,0.50,0.50,0.50,0.50,11,1,0.01,26,59,86,71,0,45,24,0,0.00,99,1,0.00,0.50,2.50,2.50,5,4,8,8,2.00,2.00,80.00,0,0.00,99,0,0.00,0,0.00,99,0,0.00,0.00,32,1,19,9,0,0,0,0,0,34,48,65,59,0,99,1,21,87,1,50,99,3,0,0
Thiago Rodrigues de Oliveira Nogueira,37,593334000,1988/10/20,Serie B,2023,Goalkeeper,Vitória,177,0,177,Brazil,2,0,2,0,0,0,0,0,0,0,0,0,0,0,4,0,4,2,0,0,0,0,0,0,0,2.03,44,89,89,0,1.02,-1,-1,-1,19,0,7.15,0,51,26.00,26.00,29,26,10.00,10,0,10.00,2,0.00,0.00,0.00,0,0.00,0.00,0.00,0.00,0,0.00,0.00,0.00,0.00,4.00,0.00,0.00,5.00,0.00,0.00,0.00,0.00,0.00,0.00,0.00,0.00,0.00,0.00,0.00,0,0,,0,0.00,9,0,0.00,21,0,0.00,10,0,0,1,4,0.00,99,0,0,0.00,9,0,32,0.00,14,0,0.00,99,0,0.00,0,0,0.00,0,0.00,6,0,0.00,8,0,0.00,0.00,0,0.00,0,4,97,4.00,97,5,0.00,0,5.00,97,N/A,N/A,N/A,N/A,80.00,0,0.00,0,0.00,0.00,0,38.46,0.00,21,99,0.00,0.00,0,12,12,0,0,3,0.00,0.00,0,20,7.15,3.00,3.00,3,0,0.00,0.00,99,0.00,0,0,0,0.00,0.00,1,1.00,1.00,0.00,0.00,0,0,0.00,48,0,0,48,1,0.02,0,0.02,0.02,0.00,14,0.00,0.00,40,1,1.00,1.00,0.00,0.00,4,0,0.00,13,94,82,71,97,45,2,0,0.00,99,0,0.00,0.00,1.00,1.00,1,1,8,7,1.00,1.00,100.00,0,0.00,99,0,0.00,0,0.00,99,0,0.00,0.00,32,0,19,9,0,0,0,0,0,34,48,65,59,0,99,1,8,99,1,50,99,1,0,0
Thomas Kayck Martins de Lima,30,822902400,1996/01/29,Serie B,2023,Defender,Ponte Preta,662,325,337,Brazil,13,6,7,0,0,0,0,0,0,0,0,4,2,2,10,4,6,4,0,0,0,0,0,0,0,1.36,66,51,166,0,0.54,468,462,199,28,0,6.69,0,51,40.30,22.50,64,270,17.33,208,45,31.04,62,0.00,0.00,0.08,1,0.00,0.00,1.94,1.08,13,0.00,0.17,0.00,0.00,0.00,1.00,0.08,0.00,0.00,0.45,0.17,0.17,0.00,0.08,0.01,0.00,0.58,0.00,0.00,0,0,,3,0.25,31,1,0.15,37,2,0.30,29,0,8,4,84,0.00,99,0,12,1.79,95,0,32,0.00,14,0,0.00,99,0,0.00,0,0,0.00,0,0.15,14,2,0.30,24,1,0.15,50.00,0,0.00,0,0,0,0.00,0,0,0.00,9,0.00,0,N/A,N/A,N/A,N/A,0.00,0,0.00,0,0.11,0.00,0,77.04,33.33,49,75,0.17,0.30,2,23,55,0,0,0,0.50,0.90,6,94,80.34,2.42,4.33,29,0,0.00,0.00,99,0.00,0,0,0,0.00,0.00,0,0.00,0.00,0.00,0.00,0,0,0.00,48,21,24,48,9,0.45,19,0.04,0.07,0.11,38,0.01,0.02,24,4,0.33,0.60,2.24,1.25,86,15,0.02,37,26,92,71,0,45,51,0,0.00,99,7,0.00,1.04,7.01,3.92,47,25,31,27,3.73,2.08,53.19,2,0.30,71,0,0.00,0,0.00,99,0,0.00,0.00,32,8,79,9,0,0,0,0,0,34,48,65,59,0,99,36,16,92,4,31,88,27,0,0
Thonny Anderson da Silva Carvalho,28,883209600,1997/12/27,Serie B,2023,Midfielder,ABC,1491,869,622,Brazil,23,14,9,5,5,0,3,2,1,3,0,6,3,3,15,7,8,7,0,0.48,0.18,0.3,0.52,0,298,0.91,99,65,213,497,0.42,47,64,-1,1,0,7.55,0.13,90,29.20,23.05,37,461,14.60,292,4,18.49,27,0.00,0.00,1.05,21,0.00,1.80,1.14,0.90,18,0.00,1.55,0.00,0.00,0.00,0.45,1.40,0.00,7.67,1.46,0.35,2.45,0.00,0.80,0.14,0.00,1.25,0.00,0.00,0,0,,23,1.15,75,16,1.01,94,7,0.44,48,4,5,17,49,0.00,99,0,9,0.57,40,36,74,2.28,69,0,0.00,99,0,0.00,0,0,0.00,0,1.33,78,49,3.10,95,28,1.77,57.14,0,0.00,0,0,0,0.00,0,0,0.00,47,0.00,0,N/A,N/A,N/A,N/A,0.00,0,0.00,0,2.82,0.00,0,63.34,69.57,97,60,0.35,0.44,7,96,65,2,0,0,0.15,0.19,3,52,151.02,1.00,1.27,20,0,0.00,0.00,99,0.00,0,2,2,0.10,0.13,0,0.00,0.00,0.06,0.05,1,1,13.04,76,60,58,57,47,3.17,87,0.16,0.20,1.42,65,0.07,0.09,86,38,1.90,2.41,1.65,1.30,63,26,0.18,84,99,54,95,0,53,72,0,0.00,99,25,0.00,1.58,15.14,11.95,239,109,93,96,6.90,5.45,45.61,31,1.96,3,0,27.78,0,0.00,99,10,0.50,0.63,74,61,64,83,0,0,0,0,0,94,91,65,96,0,99,23,28,80,6,26,80,10,0,0
Tiago Marques Rezende,38,573379200,1988/03/03,Serie B,2023,Forward,Criciúma,341,91,250,Brazil,12,5,7,2,0,2,0,0,0,0,0,2,0,2,5,3,2,0,0,0.53,0,0.53,0,0.72,171,1.32,68,28,0,0,0,8,283,-1,8,0,6.66,0,51,13.99,4.42,2,53,3.33,40,35,10.56,4,0.00,0.00,0.25,3,0.00,0.08,0.26,0.08,1,0.00,0.33,0.00,0.00,0.00,0.08,0.17,0.00,3.00,1.58,0.33,0.42,0.00,0.17,0.11,0.00,0.75,0.00,0.00,0,0,,6,0.50,79,2,0.53,71,4,1.06,87,2,9,3,9,0.00,99,0,1,0.26,23,1,32,0.26,30,0,0.00,99,0,0.00,0,0,0.00,0,0.79,51,5,1.32,65,2,0.53,40.00,0,0.00,0,0,0,0.00,0,0,0.00,11,0.00,0,N/A,N/A,N/A,N/A,0.00,0,0.00,0,1.36,0.00,0,75.47,33.33,49,49,0.17,0.53,2,57,31,0,0,0,0.08,0.26,1,60,79.98,0.17,0.53,2,0,0.00,0.00,99,0.00,0,0,0,0.00,0.00,0,0.00,0.00,0.53,0.17,2,0,33.33,98,0,20,50,11,0.18,10,0.01,0.05,1.36,99,0.11,0.36,99,17,1.42,4.49,1.85,0.58,73,7,0.36,98,22,22,71,0,92,90,0,0.00,99,9,0.00,2.38,16.89,5.33,64,28,96,98,7.39,2.33,43.75,4,1.06,23,0,0.00,0,0.00,99,0,0.00,0.00,32,3,83,53,0,0,0,0,0,97,98,99,59,0,99,8,8,8,0,0,10,99,0,0
Tiago Pagnussat,35,645606000,1990/06/17,Serie B,2023,Defender,Ceará,1678,875,803,Brazil,20,10,10,1,1,0,1,1,0,0,0,6,4,2,18,9,9,3,1,0.11,0.05,0.05,0.1,0,1678,0.97,93,84,420,1678,0.21,249,220,129,13,0,7.24,0.05,60,52.13,48.60,92,972,41.65,833,92,44.68,94,0.00,0.00,0.20,4,0.00,0.10,1.18,1.10,22,0.00,0.20,0.00,0.00,0.00,1.60,0.10,0.00,10.00,0.54,0.30,0.15,0.00,0.20,0.05,0.00,2.60,0.00,0.00,0,0,,10,0.50,39,4,0.21,45,6,0.32,33,2,2,18,50,0.00,99,0,32,1.72,94,2,97,0.11,21,0,0.00,99,0,0.00,0,0,0.00,0,0.21,18,3,0.16,16,2,0.11,66.67,0,0.00,0,0,0,0.00,0,0,0.00,40,0.00,0,N/A,N/A,N/A,N/A,0.00,0,0.00,0,0.97,0.00,0,85.70,40.00,60,54,0.45,0.48,9,17,83,0,0,0,0.50,0.54,10,83,144.85,3.65,3.92,73,0,0.00,0.00,99,0.00,0,0,0,0.00,0.00,0,0.00,0.00,0.00,0.00,0,0,10.00,68,65,49,95,40,2.34,61,0.12,0.13,0.97,53,0.05,0.05,7,4,0.20,0.21,1.23,1.15,39,23,0.05,51,96,89,71,0,45,96,0,0.00,99,52,0.00,2.79,7.19,6.70,134,80,45,30,4.29,4.00,59.70,4,0.21,75,0,50.00,0,0.00,99,1,0.05,0.05,37,63,39,53,0,0,0,0,0,52,54,65,67,0,99,33,66,42,2,10,33,3,0,0
Tomas Almino Bastos Silva,34,704617200,1992/04/30,Serie B,2023,Midfielder,Chapecoense,111,44,67,Brazil,4,1,3,0,0,0,0,0,0,0,0,1,0,1,2,0,2,0,0,0,0,0,0,0,0,1.62,56,28,0,0,0,-1,-1,-1,20,0,6.60,0,51,26.76,8.25,30,33,6.50,26,55,21.08,33,0.00,0.00,0.75,3,0.00,1.75,1.62,0.50,2,0.00,0.25,0.00,0.00,0.00,0.25,0.25,0.00,0.00,4.05,1.25,0.50,0.00,0.00,0.04,0.00,0.75,0.00,0.00,0,0,,5,1.25,99,0,0.00,21,5,4.05,99,2,3,1,72,0.00,99,0,1,0.81,52,7,77,5.68,95,0,0.00,99,0,0.00,0,0,0.00,0,2.43,97,2,1.62,73,1,0.81,50.00,0,0.00,0,0,0,0.00,0,0,0.00,2,0.00,0,N/A,N/A,N/A,N/A,0.00,0,0.00,0,0.15,0.00,0,78.79,0.00,21,27,0.25,0.81,1,74,55,0,0,0,0.00,0.00,0,20,26.40,0.25,0.81,1,0,0.00,0.00,99,0.00,0,0,0,0.00,0.00,0,0.00,0.00,1.62,0.50,2,0,0.00,48,0,0,48,2,0.19,71,0.05,0.15,0.15,73,0.04,0.12,35,1,0.25,0.81,1.62,0.50,61,2,0.12,70,18,36,71,0,99,91,0,0.00,99,3,0.00,2.43,11.35,3.50,14,7,80,76,5.68,1.75,50.00,1,0.81,37,0,28.57,0,0.00,99,2,0.50,1.62,96,0,50,53,0,0,0,0,0,34,48,65,59,0,99,22,8,8,0,0,10,20,0,0
Tomás Gustavo Andrade,29,848131200,1996/11/16,Serie B,2023,Midfielder,Botafogo SP,315,138,177,Argentina,9,5,4,0,0,0,0,0,0,0,0,3,3,0,5,3,2,0,0,0,0,0,0,0,0,1.43,63,35,0,0,0,415,516,-1,33,0,6.02,0,51,40.86,15.89,66,143,12.89,116,68,33.14,67,0.00,0.00,0.89,8,0.00,3.22,1.43,0.56,5,0.00,0.67,0.00,0.00,0.00,0.00,0.56,0.00,0.00,1.43,0.44,0.89,0.00,0.11,0.02,0.00,0.33,0.00,0.00,0,0,,5,0.56,75,1,0.29,55,4,1.14,92,1,7,2,62,0.00,99,0,0,0.00,9,29,74,8.29,99,0,0.00,99,0,0.00,0,0,0.00,0,2.29,95,8,2.29,87,5,1.43,62.50,0,0.00,0,0,0,0.00,0,0,0.00,6,0.00,0,N/A,N/A,N/A,N/A,0.00,0,0.00,0,0.14,0.00,0,81.12,20.00,31,2,0.56,1.43,5,93,76,0,0,0,0.00,0.00,0,20,54.15,0.11,0.29,1,0,0.00,0.00,99,0.00,0,0,0,0.00,0.00,0,0.00,0.00,0.00,0.00,0,0,0.00,48,0,8,48,7,0.65,85,0.07,0.19,0.14,49,0.02,0.04,67,6,0.67,1.71,2.00,0.78,79,7,0.04,47,2,11,71,0,45,41,0,0.00,99,3,0.00,0.86,11.71,4.56,41,19,76,82,5.43,2.11,46.34,6,1.71,5,0,27.59,0,0.00,99,8,0.89,2.29,99,1,74,33,0,0,0,0,0,34,48,65,59,0,99,45,8,8,0,0,10,18,0,0
Ulisses Wilson Jeronymo Rocha,26,938502000,1999/09/28,Serie B,2023,Defender,Vila Nova,0,0,0,Brazil,0,0,0,0,0,0,0,0,0,0,0,0,0,0,0,0,0,0,0,0,0,0,0,0,0,0,0,0,0,0,0,-1,-1,-1,-1,N/A,N/A,N/A,N/A,N/A,N/A,N/A,N/A,N/A,N/A,N/A,N/A,N/A,N/A,N/A,N/A,N/A,N/A,N/A,N/A,N/A,N/A,N/A,N/A,N/A,N/A,N/A,N/A,N/A,N/A,N/A,N/A,N/A,N/A,N/A,N/A,N/A,N/A,N/A,N/A,N/A,N/A,N/A,N/A,N/A,N/A,N/A,N/A,N/A,N/A,N/A,N/A,N/A,N/A,N/A,N/A,N/A,N/A,N/A,N/A,N/A,N/A,N/A,N/A,N/A,N/A,N/A,N/A,N/A,N/A,N/A,N/A,N/A,N/A,N/A,N/A,N/A,N/A,N/A,N/A,N/A,N/A,N/A,N/A,N/A,N/A,N/A,N/A,N/A,N/A,N/A,N/A,N/A,N/A,N/A,N/A,N/A,N/A,N/A,N/A,N/A,N/A,N/A,N/A,N/A,N/A,N/A,N/A,N/A,N/A,N/A,N/A,N/A,N/A,N/A,N/A,N/A,N/A,N/A,N/A,N/A,N/A,N/A,N/A,N/A,N/A,N/A,N/A,N/A,N/A,N/A,N/A,N/A,N/A,N/A,N/A,N/A,N/A,N/A,N/A,N/A,N/A,N/A,N/A,N/A,N/A,N/A,N/A,N/A,N/A,N/A,N/A,N/A,N/A,N/A,N/A,N/A,N/A,N/A,N/A,N/A,N/A,N/A,N/A,N/A,N/A,N/A,N/A,N/A,N/A,N/A,N/A,N/A,N/A,N/A,N/A,N/A,N/A,N/A,N/A,N/A,N/A,N/A,N/A,N/A,N/A,N/A,N/A,N/A,N/A,N/A,N/A,N/A,N/A,N/A,N/A,N/A,N/A,N/A,N/A,N/A,N/A,N/A,N/A,N/A,N/A,N/A,N/A,N/A,N/A,N/A,N/A,N/A,N/A,N/A,N/A,N/A,N/A,N/A,N/A,N/A,N/A,N/A,N/A
Vágner Silva de Souza,41,455785200,1984/06/11,Serie B,2023,Forward,Sport Recife,2599,1366,1233,Brazil,33,17,16,11,7,4,4,3,1,0,1,12,9,3,31,13,18,2,0,0.52,0.14,0.38,0.46,0.29,236,1.07,84,79,1300,650,0.07,29,99,-1,1,0,6.88,0.12,83,18.77,16.42,9,542,11.76,388,18,13.44,12,0.00,0.00,0.82,27,0.00,0.30,0.52,0.45,15,0.00,1.12,0.00,0.00,0.00,0.12,0.64,0.00,4.09,1.56,0.61,1.33,0.00,0.76,0.26,0.00,0.88,0.00,0.00,0,0,,45,1.36,79,25,0.87,90,20,0.69,70,3,2,31,16,0.00,99,0,4,0.14,14,10,92,0.35,35,0,0.00,99,0,0.00,0,0,0.00,0,0.93,59,44,1.52,71,21,0.73,47.73,0,0.00,0,0,0,0.00,0,0,0.00,29,0.00,0,N/A,N/A,N/A,N/A,0.00,0,0.00,0,8.55,0.00,0,71.59,55.56,87,58,0.39,0.45,13,70,45,0,1,0,0.03,0.03,1,21,227.01,0.36,0.42,12,0,0.00,0.00,99,0.00,0,1,1,0.03,0.03,0,0.00,0.00,0.31,0.27,9,1,24.44,93,89,90,54,29,4.14,68,0.13,0.14,7.85,97,0.24,0.27,45,32,0.97,1.11,0.73,0.64,16,21,0.30,95,65,16,73,0,84,48,0,0.00,99,29,0.00,1.00,8.86,7.76,256,97,24,47,3.36,2.94,37.89,37,1.28,16,0,40.00,0,0.00,99,4,0.12,0.14,46,91,39,70,0,3,0,9,0,96,95,89,95,0,99,52,96,12,2,6,19,9,0,0
Van Basty Sousa E Silva,31,785923200,1994/11/27,Serie B,2023,Midfielder,Vila Nova,1209,570,639,Brazil,28,14,14,0,0,0,0,0,0,0,0,12,7,5,8,1,7,3,0,0,0,0,0,0,0,0.6,151,43,403,0,0.22,442,441,-1,28,0,6.76,0,51,47.97,23.88,84,621,19.58,509,73,39.32,84,0.00,0.00,0.62,16,0.00,0.19,1.85,0.92,24,0.00,0.42,0.00,0.00,0.00,0.23,0.23,0.00,0.00,1.39,0.50,0.35,0.00,0.19,0.02,0.00,1.04,0.00,0.00,0,0,,18,0.69,73,5,0.39,63,13,1.00,86,3,16,11,83,0.00,99,0,6,0.46,35,5,92,0.39,38,0,0.00,99,0,0.00,0,0,0.00,0,1.24,74,9,0.70,39,6,0.46,66.67,0,0.00,0,0,0,0.00,0,0,0.00,90,0.00,0,N/A,N/A,N/A,N/A,0.00,0,0.00,0,0.62,0.00,0,81.96,27.78,38,9,0.58,1.16,15,53,83,0,0,0,0.27,0.54,7,83,175.76,1.04,2.09,27,0,0.00,0.00,99,0.00,0,0,1,0.04,0.08,0,0.00,0.00,0.08,0.04,1,0,0.00,48,48,73,48,90,1.73,61,0.07,0.13,0.62,53,0.02,0.05,43,14,0.54,1.08,1.62,0.81,61,21,0.05,51,44,75,90,0,57,86,0,0.00,99,27,0.00,2.09,11.43,5.69,148,71,78,78,5.48,2.73,47.97,11,0.85,33,0,40.00,0,0.00,99,2,0.08,0.15,48,42,95,70,0,0,0,0,0,34,48,65,59,0,99,77,62,46,3,11,37,15,0,0
Vanderlei Farias da Silva,42,444470400,1984/02/01,Serie B,2023,Goalkeeper,Vila Nova,90,90,0,Brazil,1,1,0,0,0,0,0,0,0,0,0,0,0,0,0,0,0,1,0,0,0,0,0,0,0,0,0,90,90,0,1,-1,-1,-1,21,0,6.81,0,51,25.00,25.00,26,25,16.00,16,5,16.00,20,0.00,0.00,0.00,0,0.00,0.00,0.00,0.00,0,0.00,0.00,0.00,0.00,2.00,0.00,0.00,3.00,0.00,0.00,0.00,0.00,0.00,0.00,0.00,0.00,0.00,0.00,0.00,0,0,,0,0.00,9,0,0.00,21,0,0.00,10,0,0,1,4,0.00,99,0,0,0.00,9,0,32,0.00,14,0,0.00,99,0,0.00,0,0,0.00,0,0.00,6,0,0.00,8,0,0.00,0.00,0,0.00,0,2,12,2.00,6,3,0.00,99,3.00,18,N/A,N/A,N/A,N/A,66.67,0,0.00,0,0.00,0.00,0,64.00,0.00,21,99,0.00,0.00,0,12,12,0,0,1,0.00,0.00,0,20,6.81,2.00,2.00,2,0,0.00,0.00,99,0.00,0,0,0,0.00,0.00,1,1.00,1.00,0.00,0.00,0,0,0.00,48,0,0,48,0,0.04,8,0.04,0.04,0.00,14,0.00,0.00,40,1,1.00,1.00,0.00,0.00,4,0,0.00,13,53,74,71,97,45,2,0,0.00,99,0,0.00,0.00,1.00,1.00,1,1,8,7,1.00,1.00,100.00,0,0.00,99,0,0.00,0,0.00,99,0,0.00,0.00,32,0,19,9,0,0,0,0,0,34,48,65,59,0,99,1,8,99,1,100,99,1,0,0
Venícius dos Santos Cascais,27,902473200,1998/08/07,Serie B,2023,Forward,Sampaio Corrêa,169,44,125,Brazil,4,1,3,0,0,0,0,0,0,0,0,2,1,1,2,0,2,0,0,0,0,0,0,0,0,1.07,85,42,0,0,0,-1,-1,-1,49,0,0.00,0,51,0.00,0.00,0,0,0.00,0,0,0.00,0,0.00,0.00,0.00,0,0.00,0.00,0.00,0.00,0,0.00,0.00,0.00,0.00,0.00,0.00,0.00,0.00,0.00,0.00,0.00,0.00,0.00,0.00,0.00,0.00,0.00,0.00,0.00,0,0,,0,0.00,9,0,0.00,21,0,0.00,10,1,3,1,4,0.00,99,0,0,0.00,9,0,32,0.00,14,0,0.00,99,0,0.00,0,0,0.00,0,0.00,6,0,0.00,8,0,0.00,0.00,0,0.00,0,0,0,0.00,0,0,0.00,29,0.00,0,N/A,N/A,N/A,N/A,0.00,0,0.00,0,0.00,0.00,0,0.00,0.00,21,99,0.00,0.00,0,12,12,0,0,0,0.00,0.00,0,20,0.00,0.00,0.00,0,0,0.00,0.00,99,0.00,0,0,0,0.00,0.00,0,0.00,0.00,0.00,0.00,0,0,0.00,48,0,0,48,30,0.00,0,0.00,0.00,0.00,14,0.00,0.00,1,0,0.00,0.00,0.00,0.00,4,0,0.00,13,0,2,71,0,45,2,0,0.00,99,0,0.00,0.00,0.00,0.00,0,0,0,0,0.00,0.00,0.00,0,0.00,99,0,0.00,0,0.00,99,0,0.00,0.00,32,0,50,33,0,0,0,0,0,34,48,65,59,0,99,92,8,8,0,0,10,19,0,0
Victor Alexandre De Souza,24,1000537200,2001/09/15,Serie B,2023,Defender,Sampaio Corrêa,1939,1167,772,Brazil,29,15,14,0,0,0,2,2,0,0,0,9,5,4,25,10,15,0,0,0.09,0.09,0,0,0,0,1.16,78,67,0,970,0,392,159,172,33,0,6.67,0.07,74,32.28,24.25,42,679,18.36,514,37,24.44,43,0.00,0.00,1.04,29,0.00,2.86,1.43,1.07,30,0.00,0.57,0.00,0.00,0.00,0.50,0.96,0.00,0.00,0.67,0.36,2.11,0.00,0.14,0.02,0.00,0.36,0.00,0.00,0,0,,14,0.50,47,4,0.19,43,10,0.48,53,2,5,23,62,0.00,99,0,14,0.67,45,80,61,3.80,87,0,0.00,99,0,0.00,0,0,0.00,0,1.38,80,59,2.81,92,27,1.28,45.76,0,0.00,0,0,0,0.00,0,0,0.00,19,0.00,0,N/A,N/A,N/A,N/A,0.00,0,0.00,0,0.43,0.00,0,75.70,28.57,40,43,0.46,0.62,13,90,40,0,0,0,0.07,0.10,2,31,186.73,0.54,0.71,15,0,0.00,0.00,99,0.00,0,0,0,0.00,0.00,0,0.00,0.00,0.14,0.11,3,0,0.00,48,72,75,48,21,3.31,76,0.12,0.16,0.43,38,0.02,0.02,47,24,0.86,1.14,1.00,0.75,29,21,0.02,37,24,32,71,0,70,23,0,0.00,99,10,0.00,0.48,8.94,6.71,188,91,46,49,4.33,3.25,48.40,16,0.76,41,0,23.75,0,0.00,99,19,0.68,0.90,84,75,64,53,0,0,0,0,0,48,48,65,59,0,99,36,8,8,0,0,10,7,0,0
Victor Andrade Santos,30,812444400,1995/09/30,Serie B,2023,Forward,Juventude,515,295,220,Brazil,15,8,7,0,0,0,0,0,0,0,0,9,5,4,2,1,1,2,0,0,0,0,0,0,0,0.35,258,34,258,0,0.35,440,439,-1,18,0,6.79,0,51,25.58,9.93,29,139,7.93,111,62,20.43,31,0.00,0.00,0.50,7,0.00,1.07,1.84,0.71,10,0.00,0.43,0.00,0.00,0.00,0.07,1.43,0.00,0.00,2.02,0.64,2.21,0.00,0.14,0.03,0.00,0.14,0.00,0.00,0,0,,11,0.79,93,2,0.37,62,9,1.66,99,2,9,5,82,0.00,99,0,1,0.18,18,15,33,2.76,75,0,0.00,99,0,0.00,0,0,0.00,0,1.29,76,31,5.71,99,20,3.68,64.52,0,0.00,0,0,0,0.00,0,0,0.00,98,0.00,0,N/A,N/A,N/A,N/A,0.00,0,0.00,0,0.39,0.00,0,79.86,18.18,29,87,0.07,0.18,1,99,78,0,0,0,0.07,0.18,1,49,95.06,0.00,0.00,0,0,0.00,0.00,99,0.00,0,0,1,0.07,0.18,0,0.00,0.00,0.18,0.07,1,0,0.00,48,9,30,48,98,0.58,50,0.04,0.11,0.39,60,0.03,0.07,99,33,2.36,6.07,2.21,0.86,84,12,0.07,58,49,2,98,0,76,17,0,0.00,99,2,0.00,0.37,17.85,6.93,97,65,99,99,11.96,4.64,67.01,6,1.10,22,0,6.67,0,0.00,99,1,0.07,0.18,51,11,83,53,0,0,0,0,0,34,48,65,59,0,99,97,41,69,2,13,43,17,0,0
Victor Bernardes Andrade E Souza,33,715244400,1992/08/31,Serie B,2023,Goalkeeper,Botafogo SP,706,346,360,Brazil,8,4,4,0,0,0,0,0,0,0,0,2,2,0,9,5,4,0,0,0,0,0,0,0,0,1.15,78,88,0,0,0,296,306,169,27,0,6.93,0,51,25.50,25.00,28,200,15.38,123,3,15.68,19,0.00,0.00,0.00,0,0.00,0.00,0.00,0.00,0,0.00,0.00,0.00,0.00,2.75,0.00,0.00,4.12,0.00,0.00,0.00,0.00,0.00,0.00,0.00,0.00,0.62,0.00,0.00,0,0,,0,0.00,9,0,0.00,21,0,0.00,10,1,0,8,4,0.00,99,0,0,0.00,9,0,32,0.00,14,0,0.00,99,0,0.00,0,0,0.00,0,0.00,6,0,0.00,8,0,0.00,0.00,0,0.00,0,22,12,2.80,44,33,0.00,21,4.21,62,N/A,N/A,N/A,N/A,66.67,0,0.00,0,0.00,0.00,0,61.50,0.00,21,80,0.25,0.25,2,12,12,0,0,10,0.00,0.00,0,20,55.40,1.00,1.02,8,0,0.00,0.00,99,0.00,0,0,0,0.00,0.00,5,0.62,0.64,0.00,0.00,0,0,0.00,48,22,6,48,21,0.27,6,0.03,0.03,0.00,14,0.00,0.00,19,4,0.50,0.51,0.00,0.00,4,0,0.00,13,75,44,71,52,45,29,0,0.00,99,5,0.00,0.64,1.15,1.12,9,7,8,7,0.89,0.88,77.78,0,0.00,99,0,0.00,0,0.00,99,0,0.00,0.00,32,28,19,33,0,0,0,0,0,34,48,65,59,0,99,22,8,8,0,0,10,1,0,0
Victor Ferraz Macedo,38,569145600,1988/01/14,Serie B,2023,Midfielder,Chapecoense,765,377,388,Brazil,11,5,6,0,0,0,0,0,0,0,0,4,2,2,6,2,4,0,0,0,0,0,0,0,0,0.71,128,70,0,0,0,300,281,-1,25,0,6.71,0,51,44.81,34.60,78,346,30.40,304,98,39.37,84,0.00,0.00,1.00,10,0.00,0.80,1.17,0.90,9,0.00,0.30,0.00,0.00,0.00,0.30,0.30,0.00,0.00,0.52,0.10,1.10,0.00,0.30,0.02,0.00,0.30,0.00,0.00,0,0,,4,0.40,37,3,0.39,63,1,0.13,15,6,0,10,49,0.00,99,0,3,0.39,31,8,89,1.04,53,0,0.00,99,0,0.00,0,0,0.00,0,1.29,76,11,1.42,68,3,0.39,27.27,0,0.00,0,0,0,0.00,0,0,0.00,74,0.00,0,N/A,N/A,N/A,N/A,0.00,0,0.00,0,0.22,0.00,0,87.86,75.00,98,65,0.30,0.39,3,45,17,0,0,0,0.20,0.26,2,60,67.08,1.00,1.29,10,0,0.00,0.00,99,0.00,0,0,0,0.00,0.00,0,0.00,0.00,0.00,0.00,0,0,0.00,48,26,15,48,76,0.96,55,0.10,0.12,0.22,45,0.02,0.03,34,6,0.60,0.78,0.39,0.30,10,3,0.03,43,32,55,71,0,45,17,0,0.00,99,3,0.00,0.39,5.57,4.30,43,21,13,14,2.72,2.10,48.84,3,0.39,66,0,37.50,0,0.00,99,3,0.30,0.39,63,38,19,94,0,0,0,0,0,34,48,65,59,0,99,52,8,8,0,0,10,4,0,0
Victor Gabriel da Conceição Ribeiro,22,1083135600,2004/04/28,Serie B,2023,Defender,Sport Recife,53,7,46,Brazil,4,2,2,0,0,0,0,0,0,0,0,3,2,1,3,0,3,0,0,0,0,0,0,0,0,5.09,18,13,0,0,0,-1,-1,-1,33,0,0.00,0,51,0.00,0.00,0,0,0.00,0,0,0.00,0,0.00,0.00,0.00,0,0.00,0.00,0.00,0.00,0,0.00,0.00,0.00,0.00,0.00,0.00,0.00,0.00,0.00,0.00,0.00,0.00,0.00,0.00,0.00,0.00,0.00,0.00,0.00,0,0,,0,0.00,9,0,0.00,21,0,0.00,10,1,3,1,4,0.00,99,0,0,0.00,9,0,32,0.00,14,0,0.00,99,0,0.00,0,0,0.00,0,0.00,6,0,0.00,8,0,0.00,0.00,0,0.00,0,0,0,0.00,0,0,0.00,0,0.00,0,N/A,N/A,N/A,N/A,0.00,0,0.00,0,0.00,0.00,0,0.00,0.00,21,99,0.00,0.00,0,12,12,0,0,0,0.00,0.00,0,20,0.00,0.00,0.00,0,0,0.00,0.00,99,0.00,0,0,0,0.00,0.00,0,0.00,0.00,0.00,0.00,0,0,0.00,48,0,0,48,0,0.00,0,0.00,0.00,0.00,14,0.00,0.00,1,0,0.00,0.00,0.00,0.00,4,0,0.00,13,0,2,71,0,45,2,0,0.00,99,0,0.00,0.00,0.00,0.00,0,0,0,0,0.00,0.00,0.00,0,0.00,99,0,0.00,0,0.00,99,0,0.00,0.00,32,0,50,33,0,0,0,0,0,34,48,65,59,0,99,99,8,8,0,0,10,52,0,0
Victor Hugo Ramos de Souza,22,1084172400,2004/05/10,Serie B,2023,Midfielder,Londrina,421,314,107,Brazil,10,7,3,0,0,0,0,0,0,0,0,4,3,1,3,3,0,2,0,0,0,0,0,0,0,0.64,140,42,211,0,0.43,326,333,-1,29,0,0.00,0,51,0.00,0.00,0,0,0.00,0,0,0.00,0,0.00,0.00,0.00,0,0.00,0.00,0.00,0.00,0,0.00,0.00,0.00,0.00,0.00,0.00,0.00,0.00,0.00,0.00,0.00,0.00,0.00,0.00,0.00,0.00,0.00,0.00,0.00,0,0,,0,0.00,9,0,0.00,21,0,0.00,10,3,7,2,4,0.00,99,0,0,0.00,9,0,32,0.00,14,0,0.00,99,0,0.00,0,0,0.00,0,0.00,6,0,0.00,8,0,0.00,0.00,0,0.00,0,0,0,0.00,0,0,0.00,84,0.00,0,N/A,N/A,N/A,N/A,0.00,0,0.00,0,0.00,0.00,0,0.00,0.00,21,99,0.00,0.00,0,12,12,0,0,0,0.00,0.00,0,20,0.00,0.00,0.00,0,0,0.00,0.00,99,0.00,0,0,0,0.00,0.00,0,0.00,0.00,0.00,0.00,0,0,0.00,48,5,12,48,84,0.00,0,0.00,0.00,0.00,14,0.00,0.00,1,0,0.00,0.00,0.00,0.00,4,0,0.00,13,0,2,71,0,45,2,0,0.00,99,0,0.00,0.00,0.00,0.00,0,0,0,0,0.00,0.00,0.00,0,0.00,99,0,0.00,0,0.00,99,0,0.00,0.00,32,1,74,70,0,0,0,0,0,34,48,65,59,0,99,67,28,81,1,0,10,16,0,0
Victor Julio Alves de Paula,25,977817600,2000/12/26,Serie B,2023,Midfielder,Avaí,220,119,101,Brazil,7,4,3,0,0,0,0,0,0,0,0,2,0,2,1,1,0,1,1,0,0,0,0,0,0,0.41,220,31,110,0,0.82,-1,-1,-1,45,0,6.38,0,51,20.86,7.29,16,51,4.86,34,8,13.91,13,0.00,0.00,0.43,3,0.00,0.00,2.45,0.86,6,0.00,1.00,0.00,0.00,0.00,0.00,0.43,0.00,0.00,1.23,0.29,0.71,0.00,0.14,0.02,0.00,0.29,0.00,0.00,0,0,,3,0.43,68,1,0.41,65,2,0.82,76,2,5,2,94,0.00,99,0,0,0.00,9,0,32,0.00,14,0,0.00,99,0,0.00,0,0,0.00,0,1.23,74,5,2.05,83,3,1.23,60.00,0,0.00,0,0,0,0.00,0,0,0.00,97,0.00,0,N/A,N/A,N/A,N/A,0.00,0,0.00,0,0.11,0.00,0,66.67,33.33,49,2,0.57,1.64,4,89,73,0,0,0,0.14,0.41,1,74,44.63,0.29,0.82,2,0,0.00,0.00,99,0.00,0,0,0,0.00,0.00,0,0.00,0.00,0.41,0.14,1,0,0.00,48,0,4,48,98,0.16,19,0.02,0.07,0.11,49,0.02,0.04,87,6,0.86,2.45,2.05,0.71,80,5,0.04,47,7,37,71,0,90,39,0,0.00,99,2,0.00,0.82,16.36,5.71,40,17,93,97,6.95,2.43,42.50,7,2.86,0,0,0.00,0,0.00,99,0,0.00,0.00,32,1,64,53,0,0,0,0,0,34,48,65,59,0,99,29,10,98,0,0,10,20,0,0
Victor Ramos Ferreira,37,610354800,1989/05/05,Serie B,2023,Defender,Chapecoense,810,450,360,Brazil,9,5,4,0,0,0,0,0,0,0,0,1,1,0,11,5,6,2,0,0,0,0,0,0,0,1.22,74,90,405,0,0.22,380,365,183,33,0,7.00,0,51,62.89,62.89,99,566,50.89,458,67,50.89,98,0.00,0.00,0.44,4,0.00,0.11,1.22,1.22,11,0.00,0.00,0.00,0.00,0.00,1.56,0.00,0.00,0.00,0.56,0.33,0.00,0.00,0.22,0.03,0.00,3.22,0.00,0.00,0,0,,5,0.56,40,2,0.22,47,3,0.33,35,0,0,9,53,0.00,99,0,14,1.56,89,1,32,0.11,21,0,0.00,99,0,0.00,0,0,0.00,0,0.44,30,0,0.00,8,0,0.00,0.00,0,0.00,0,0,0,0.00,0,0,0.00,15,0.00,0,N/A,N/A,N/A,N/A,0.00,0,0.00,0,0.23,0.00,0,80.92,40.00,60,47,0.56,0.56,5,12,12,0,0,0,0.78,0.78,7,90,63.03,3.89,3.89,35,1,0.00,0.11,4,0.11,0,0,0,0.00,0.00,0,0.00,0.00,0.11,0.11,1,0,0.00,48,29,8,48,16,1.18,61,0.13,0.13,0.23,45,0.03,0.03,4,1,0.11,0.11,0.89,0.89,23,8,0.03,43,85,88,71,0,65,98,0,0.00,99,29,0.00,3.22,7.44,7.44,67,41,53,33,4.56,4.56,61.19,0,0.00,99,0,0.00,0,0.00,99,0,0.00,0.00,32,33,19,9,0,0,0,0,0,34,48,65,59,0,99,3,63,46,2,22,70,3,0,0
Vinicius Augusto Ribeiro De Almeida,26,936428400,1999/09/04,Serie B,2023,Goalkeeper,Novorizontino,0,0,0,Brazil,0,0,0,0,0,0,0,0,0,0,0,0,0,0,0,0,0,0,0,0,0,0,0,0,0,0,0,0,0,0,0,-1,-1,-1,-1,N/A,N/A,N/A,N/A,N/A,N/A,N/A,N/A,N/A,N/A,N/A,N/A,N/A,N/A,N/A,N/A,N/A,N/A,N/A,N/A,N/A,N/A,N/A,N/A,N/A,N/A,N/A,N/A,N/A,N/A,N/A,N/A,N/A,N/A,N/A,N/A,N/A,N/A,N/A,N/A,N/A,N/A,N/A,N/A,N/A,N/A,N/A,N/A,N/A,N/A,N/A,N/A,N/A,N/A,N/A,N/A,N/A,N/A,N/A,N/A,N/A,N/A,N/A,N/A,N/A,N/A,N/A,N/A,N/A,N/A,N/A,N/A,N/A,N/A,N/A,N/A,N/A,N/A,N/A,N/A,N/A,N/A,N/A,N/A,N/A,N/A,N/A,N/A,N/A,N/A,N/A,N/A,N/A,N/A,N/A,N/A,N/A,N/A,N/A,N/A,N/A,N/A,N/A,N/A,N/A,N/A,N/A,N/A,N/A,N/A,N/A,N/A,N/A,N/A,N/A,N/A,N/A,N/A,N/A,N/A,N/A,N/A,N/A,N/A,N/A,N/A,N/A,N/A,N/A,N/A,N/A,N/A,N/A,N/A,N/A,N/A,N/A,N/A,N/A,N/A,N/A,N/A,N/A,N/A,N/A,N/A,N/A,N/A,N/A,N/A,N/A,N/A,N/A,N/A,N/A,N/A,N/A,N/A,N/A,N/A,N/A,N/A,N/A,N/A,N/A,N/A,N/A,N/A,N/A,N/A,N/A,N/A,N/A,N/A,N/A,N/A,N/A,N/A,N/A,N/A,N/A,N/A,N/A,N/A,N/A,N/A,N/A,N/A,N/A,N/A,N/A,N/A,N/A,N/A,N/A,N/A,N/A,N/A,N/A,N/A,N/A,N/A,N/A,N/A,N/A,N/A,N/A,N/A,N/A,N/A,N/A,N/A,N/A,N/A,N/A,N/A,N/A,N/A,N/A,N/A,N/A,N/A,N/A,N/A
Vinicius Balieiro Lourenco de Carvalho,26,927874800,1999/05/28,Serie B,2023,Midfielder,Ituano,226,123,103,Brazil,7,3,4,0,0,0,0,0,0,0,0,2,1,1,2,1,1,3,0,0,0,0,0,0,0,0.8,113,32,75,0,1.19,-1,-1,-1,20,0,0.00,0,51,0.00,0.00,0,0,0.00,0,0,0.00,0,0.00,0.00,0.00,0,0.00,0.00,0.00,0.00,0,0.00,0.00,0.00,0.00,0.00,0.00,0.00,0.00,0.00,0.00,0.00,0.00,0.00,0.00,0.00,0.00,0.00,0.00,0.00,0,0,,0,0.00,9,0,0.00,21,0,0.00,10,3,5,2,4,0.00,99,0,0,0.00,9,0,32,0.00,14,0,0.00,99,0,0.00,0,0,0.00,0,0.00,6,0,0.00,8,0,0.00,0.00,0,0.00,0,0,0,0.00,0,0,0.00,63,0.00,0,N/A,N/A,N/A,N/A,0.00,0,0.00,0,0.00,0.00,0,0.00,0.00,21,99,0.00,0.00,0,12,12,0,0,0,0.00,0.00,0,20,0.00,0.00,0.00,0,0,0.00,0.00,99,0.00,0,0,0,0.00,0.00,0,0.00,0.00,0.00,0.00,0,0,0.00,48,0,4,48,64,0.00,0,0.00,0.00,0.00,14,0.00,0.00,1,0,0.00,0.00,0.00,0.00,4,0,0.00,13,0,2,71,0,45,2,0,0.00,99,0,0.00,0.00,0.00,0.00,0,0,0,0,0.00,0.00,0.00,0,0.00,99,0,0.00,0,0.00,99,0,0.00,0.00,32,1,64,70,0,0,0,0,0,34,48,65,59,0,99,29,8,99,3,0,10,8,0,0
Vinicius de Lima Ferreira,28,891590400,1998/04/03,Serie B,2023,Forward,Londrina,168,68,100,Brazil,10,6,4,0,0,0,0,0,0,0,0,2,2,0,1,0,1,0,0,0,0,0,0,0,0,0.54,168,17,0,0,0,-1,-1,-1,42,0,6.59,0,51,46.61,8.70,82,87,7.10,71,71,38.04,80,0.00,0.00,0.30,3,0.00,0.50,0.54,0.10,1,0.00,0.40,0.00,0.00,0.00,0.10,0.60,0.00,0.00,0.00,0.00,0.90,0.00,0.00,0.00,0.00,0.00,0.00,0.00,0,0,,0,0.00,9,0,0.00,21,0,0.00,10,0,10,0,17,0.00,99,0,1,0.54,39,5,51,2.68,74,0,0.00,99,0,0.00,0,0,0.00,0,1.61,86,9,4.82,99,6,3.21,66.67,0,0.00,0,0,0,0.00,0,0,0.00,93,0.00,0,N/A,N/A,N/A,N/A,0.00,0,0.00,0,0.00,0.00,0,81.61,0.00,21,12,0.20,1.07,2,99,83,0,0,0,0.00,0.00,0,20,65.87,0.00,0.00,0,0,0.00,0.00,99,0.00,0,0,0,0.00,0.00,0,0.00,0.00,0.00,0.00,0,0,0.00,48,0,12,48,93,0.26,68,0.03,0.14,0.00,14,0.00,0.00,20,1,0.10,0.54,1.07,0.20,31,2,0.00,13,16,2,71,0,45,2,0,0.00,99,0,0.00,0.00,11.25,2.10,21,8,45,76,4.29,0.80,38.10,4,2.14,2,0,20.00,0,0.00,99,1,0.10,0.54,70,0,85,9,0,0,0,0,0,34,48,65,59,0,99,12,8,8,0,0,10,18,0,0
Vinicius de Oliveira Pinto,19,1162454400,2006/11/02,Serie B,2023,Midfielder,Ituano,0,0,0,Brazil,1,0,1,0,0,0,0,0,0,0,0,1,0,1,0,0,0,0,0,0,0,0,0,0,0,0,0,0,0,0,0,-1,-1,-1,-1,0,0.00,0,51,0.00,0.00,0,0,0.00,0,0,0.00,0,0.00,0.00,0.00,0,0.00,0.00,0.00,0.00,0,0.00,0.00,0.00,0.00,0.00,0.00,0.00,0.00,0.00,0.00,0.00,0.00,0.00,0.00,0.00,0.00,0.00,0.00,0.00,0,0,,0,0.00,9,0,0.00,21,0,0.00,10,0,1,0,4,0.00,99,0,0,0.00,9,0,32,0.00,14,0,0.00,99,0,0.00,0,0,0.00,0,0.00,6,0,0.00,8,0,0.00,0.00,0,0.00,0,0,0,0.00,0,0,0.00,99,0.00,0,N/A,N/A,N/A,N/A,0.00,0,0.00,0,0.00,0.00,0,0.00,0.00,21,99,0.00,0.00,0,12,12,0,0,0,0.00,0.00,0,20,0.00,0.00,0.00,0,0,0.00,0.00,99,0.00,0,0,0,0.00,0.00,0,0.00,0.00,0.00,0.00,0,0,0.00,48,0,0,48,0,0.00,0,0.00,0.00,0.00,14,0.00,0.00,1,0,0.00,0.00,0.00,0.00,4,0,0.00,13,0,2,71,0,45,2,0,0.00,99,0,0.00,0.00,0.00,0.00,0,0,0,0,0.00,0.00,0.00,0,0.00,99,0,0.00,0,0.00,99,0,0.00,0.00,32,0,30,9,0,0,0,0,0,34,48,65,59,0,99,99,8,8,0,0,10,17,0,0
Vinicius Duarte,29,849600000,1996/12/03,Serie B,2023,Forward,Mirassol,104,33,71,Brazil,8,4,4,0,0,0,0,0,0,0,0,3,2,1,2,0,2,2,0,0,0,0,0,0,0,1.73,52,13,52,0,1.73,-1,-1,-1,19,0,6.76,0,51,70.10,10.12,99,81,8.88,71,97,61.44,99,0.00,0.00,0.25,2,0.00,0.38,2.60,0.38,3,0.00,0.50,0.00,0.00,0.00,0.12,0.25,0.00,0.00,2.60,0.25,0.25,0.00,0.12,0.01,0.00,0.25,0.00,0.00,0,0,,3,0.38,98,1,0.87,90,2,1.73,99,0,8,0,95,0.00,99,0,1,0.87,55,3,32,2.60,73,0,0.00,99,0,0.00,0,0,0.00,0,1.73,89,2,1.73,75,2,1.73,100.00,0,0.00,0,0,0,0.00,0,0,0.00,1,0.00,0,N/A,N/A,N/A,N/A,0.00,0,0.00,0,0.11,0.00,0,87.65,33.33,49,23,0.12,0.87,1,95,99,0,0,0,0.00,0.00,0,20,54.10,0.25,1.73,2,0,0.00,0.00,99,0.00,0,0,0,0.00,0.00,0,0.00,0.00,0.00,0.00,0,0,0.00,48,0,6,48,2,0.24,89,0.03,0.21,0.11,68,0.01,0.10,99,7,0.88,6.06,6.06,0.88,99,7,0.10,65,44,67,71,0,45,76,0,0.00,99,2,0.00,1.73,24.23,3.50,28,14,99,99,12.12,1.75,50.00,4,3.46,0,0,0.00,0,0.00,99,0,0.00,0.00,32,0,79,9,0,0,0,0,0,34,48,65,59,0,99,59,8,99,2,25,79,20,0,0
Vinícius Faria dos Santos,26,942652800,1999/11/15,Serie B,2023,Forward,Ituano,0,0,0,Brazil,0,0,0,0,0,0,0,0,0,0,0,0,0,0,0,0,0,0,0,0,0,0,0,0,0,0,0,0,0,0,0,-1,-1,-1,-1,N/A,N/A,N/A,N/A,N/A,N/A,N/A,N/A,N/A,N/A,N/A,N/A,N/A,N/A,N/A,N/A,N/A,N/A,N/A,N/A,N/A,N/A,N/A,N/A,N/A,N/A,N/A,N/A,N/A,N/A,N/A,N/A,N/A,N/A,N/A,N/A,N/A,N/A,N/A,N/A,N/A,N/A,N/A,N/A,N/A,N/A,N/A,N/A,N/A,N/A,N/A,N/A,N/A,N/A,N/A,N/A,N/A,N/A,N/A,N/A,N/A,N/A,N/A,N/A,N/A,N/A,N/A,N/A,N/A,N/A,N/A,N/A,N/A,N/A,N/A,N/A,N/A,N/A,N/A,N/A,N/A,N/A,N/A,N/A,N/A,N/A,N/A,N/A,N/A,N/A,N/A,N/A,N/A,N/A,N/A,N/A,N/A,N/A,N/A,N/A,N/A,N/A,N/A,N/A,N/A,N/A,N/A,N/A,N/A,N/A,N/A,N/A,N/A,N/A,N/A,N/A,N/A,N/A,N/A,N/A,N/A,N/A,N/A,N/A,N/A,N/A,N/A,N/A,N/A,N/A,N/A,N/A,N/A,N/A,N/A,N/A,N/A,N/A,N/A,N/A,N/A,N/A,N/A,N/A,N/A,N/A,N/A,N/A,N/A,N/A,N/A,N/A,N/A,N/A,N/A,N/A,N/A,N/A,N/A,N/A,N/A,N/A,N/A,N/A,N/A,N/A,N/A,N/A,N/A,N/A,N/A,N/A,N/A,N/A,N/A,N/A,N/A,N/A,N/A,N/A,N/A,N/A,N/A,N/A,N/A,N/A,N/A,N/A,N/A,N/A,N/A,N/A,N/A,N/A,N/A,N/A,N/A,N/A,N/A,N/A,N/A,N/A,N/A,N/A,N/A,N/A,N/A,N/A,N/A,N/A,N/A,N/A,N/A,N/A,N/A,N/A,N/A,N/A,N/A,N/A,N/A,N/A,N/A,N/A
Vinicius José Ignácio,34,675154800,1991/05/25,Serie B,2023,Defender,Avaí,421,180,241,Brazil,6,2,4,0,0,0,1,0,1,0,0,2,1,1,6,3,3,1,0,0.21,0.21,0,0,0,0,1.28,70,70,421,421,0.21,419,50,189,34,0,6.90,0.17,94,59.22,46.17,98,277,40.00,240,95,51.31,98,0.00,0.00,0.50,3,0.00,0.00,0.86,0.67,4,0.00,0.33,0.00,0.00,0.00,1.17,0.17,0.00,0.00,0.00,0.00,0.17,0.00,0.00,0.00,0.00,1.50,0.00,0.00,0,0,,0,0.00,9,0,0.00,21,0,0.00,10,2,1,5,36,0.00,99,0,7,1.50,87,0,32,0.00,14,0,0.00,99,0,0.00,0,0,0.00,0,0.64,43,1,0.21,20,1,0.21,100.00,0,0.00,0,0,0,0.00,0,0,0.00,12,0.00,0,N/A,N/A,N/A,N/A,0.00,0,0.00,0,0.00,0.00,0,86.64,0.00,21,61,0.33,0.43,2,29,99,0,0,0,0.33,0.43,2,75,41.40,4.50,5.77,27,0,0.00,0.00,99,0.00,0,0,0,0.00,0.00,0,0.00,0.00,0.00,0.00,0,0,0.00,48,5,3,48,13,1.17,95,0.19,0.25,0.00,14,0.00,0.00,67,8,1.33,1.71,1.07,0.83,31,5,0.00,13,69,99,71,0,45,82,0,0.00,99,9,0.00,1.92,6.84,5.33,32,22,58,25,4.70,3.67,68.75,2,0.43,64,0,0.00,0,0.00,99,0,0.00,0.00,32,11,30,53,0,0,0,0,0,71,48,65,59,0,99,45,66,42,1,17,56,3,0,0
Vinicius Leonardo da Silva,26,956386800,2000/04/22,Serie B,2023,Defender,Sampaio Corrêa,373,226,147,Brazil,6,3,3,0,0,0,0,0,0,0,0,0,0,0,10,7,3,3,1,0,0,0,0,0,0,2.41,37,62,93,0,0.97,404,406,229,34,0,5.89,0,51,51.88,35.83,92,215,29.33,176,73,42.47,89,0.00,0.00,0.00,0,0.00,0.00,0.72,0.50,3,0.00,0.17,0.00,0.00,0.00,1.00,0.00,0.00,0.00,0.00,0.00,0.00,0.00,0.00,0.00,0.00,0.67,0.00,0.00,0,0,,0,0.00,9,0,0.00,21,0,0.00,10,0,3,3,29,0.00,99,0,6,1.45,86,0,32,0.00,14,0,0.00,99,0,0.00,0,0,0.00,0,0.00,6,0,0.00,8,0,0.00,0.00,0,0.00,0,0,0,0.00,0,0,0.00,0,0.00,0,N/A,N/A,N/A,N/A,0.00,0,0.00,0,0.00,0.00,0,81.86,0.00,21,54,0.33,0.48,2,12,12,0,0,0,1.00,1.45,6,99,35.34,1.83,2.65,11,3,0.00,0.72,0,0.50,0,0,0,0.00,0.00,0,0.00,0.00,0.00,0.00,0,0,0.00,48,1,3,48,0,0.38,36,0.06,0.09,0.00,14,0.00,0.00,17,2,0.33,0.48,2.17,1.50,83,9,0.00,13,1,81,71,0,45,47,0,0.00,99,4,0.00,0.97,5.31,3.67,22,9,10,12,2.17,1.50,40.91,1,0.24,73,0,0.00,0,0.00,99,0,0.00,0.00,32,3,50,9,0,0,0,0,0,34,48,65,59,0,99,1,9,99,2,33,92,3,0,0
Vinícius Oliveira da Purificação,22,1065682800,2003/10/09,Serie B,2023,Goalkeeper,Criciúma,0,0,0,Brazil,0,0,0,0,0,0,0,0,0,0,0,0,0,0,0,0,0,0,0,0,0,0,0,0,0,0,0,0,0,0,0,-1,-1,-1,-1,N/A,N/A,N/A,N/A,N/A,N/A,N/A,N/A,N/A,N/A,N/A,N/A,N/A,N/A,N/A,N/A,N/A,N/A,N/A,N/A,N/A,N/A,N/A,N/A,N/A,N/A,N/A,N/A,N/A,N/A,N/A,N/A,N/A,N/A,N/A,N/A,N/A,N/A,N/A,N/A,N/A,N/A,N/A,N/A,N/A,N/A,N/A,N/A,N/A,N/A,N/A,N/A,N/A,N/A,N/A,N/A,N/A,N/A,N/A,N/A,N/A,N/A,N/A,N/A,N/A,N/A,N/A,N/A,N/A,N/A,N/A,N/A,N/A,N/A,N/A,N/A,N/A,N/A,N/A,N/A,N/A,N/A,N/A,N/A,N/A,N/A,N/A,N/A,N/A,N/A,N/A,N/A,N/A,N/A,N/A,N/A,N/A,N/A,N/A,N/A,N/A,N/A,N/A,N/A,N/A,N/A,N/A,N/A,N/A,N/A,N/A,N/A,N/A,N/A,N/A,N/A,N/A,N/A,N/A,N/A,N/A,N/A,N/A,N/A,N/A,N/A,N/A,N/A,N/A,N/A,N/A,N/A,N/A,N/A,N/A,N/A,N/A,N/A,N/A,N/A,N/A,N/A,N/A,N/A,N/A,N/A,N/A,N/A,N/A,N/A,N/A,N/A,N/A,N/A,N/A,N/A,N/A,N/A,N/A,N/A,N/A,N/A,N/A,N/A,N/A,N/A,N/A,N/A,N/A,N/A,N/A,N/A,N/A,N/A,N/A,N/A,N/A,N/A,N/A,N/A,N/A,N/A,N/A,N/A,N/A,N/A,N/A,N/A,N/A,N/A,N/A,N/A,N/A,N/A,N/A,N/A,N/A,N/A,N/A,N/A,N/A,N/A,N/A,N/A,N/A,N/A,N/A,N/A,N/A,N/A,N/A,N/A,N/A,N/A,N/A,N/A,N/A,N/A,N/A,N/A,N/A,N/A,N/A,N/A
Vinicius Poz Villas Boas,23,1047456000,2003/03/12,Serie B,2023,Defender,Ituano,0,0,0,Brazil,0,0,0,0,0,0,0,0,0,0,0,0,0,0,0,0,0,0,0,0,0,0,0,0,0,0,0,0,0,0,0,-1,-1,-1,-1,N/A,N/A,N/A,N/A,N/A,N/A,N/A,N/A,N/A,N/A,N/A,N/A,N/A,N/A,N/A,N/A,N/A,N/A,N/A,N/A,N/A,N/A,N/A,N/A,N/A,N/A,N/A,N/A,N/A,N/A,N/A,N/A,N/A,N/A,N/A,N/A,N/A,N/A,N/A,N/A,N/A,N/A,N/A,N/A,N/A,N/A,N/A,N/A,N/A,N/A,N/A,N/A,N/A,N/A,N/A,N/A,N/A,N/A,N/A,N/A,N/A,N/A,N/A,N/A,N/A,N/A,N/A,N/A,N/A,N/A,N/A,N/A,N/A,N/A,N/A,N/A,N/A,N/A,N/A,N/A,N/A,N/A,N/A,N/A,N/A,N/A,N/A,N/A,N/A,N/A,N/A,N/A,N/A,N/A,N/A,N/A,N/A,N/A,N/A,N/A,N/A,N/A,N/A,N/A,N/A,N/A,N/A,N/A,N/A,N/A,N/A,N/A,N/A,N/A,N/A,N/A,N/A,N/A,N/A,N/A,N/A,N/A,N/A,N/A,N/A,N/A,N/A,N/A,N/A,N/A,N/A,N/A,N/A,N/A,N/A,N/A,N/A,N/A,N/A,N/A,N/A,N/A,N/A,N/A,N/A,N/A,N/A,N/A,N/A,N/A,N/A,N/A,N/A,N/A,N/A,N/A,N/A,N/A,N/A,N/A,N/A,N/A,N/A,N/A,N/A,N/A,N/A,N/A,N/A,N/A,N/A,N/A,N/A,N/A,N/A,N/A,N/A,N/A,N/A,N/A,N/A,N/A,N/A,N/A,N/A,N/A,N/A,N/A,N/A,N/A,N/A,N/A,N/A,N/A,N/A,N/A,N/A,N/A,N/A,N/A,N/A,N/A,N/A,N/A,N/A,N/A,N/A,N/A,N/A,N/A,N/A,N/A,N/A,N/A,N/A,N/A,N/A,N/A,N/A,N/A,N/A,N/A,N/A,N/A
Vinicius Rodrigues Alves,26,936946800,1999/09/10,Serie B,2023,Forward,Sampaio Corrêa,1175,507,668,Brazil,23,11,12,1,1,0,1,0,1,0,0,10,5,5,14,4,10,1,0,0.15,0.08,0.08,0.18,0,1175,1.07,84,51,1175,1175,0.08,212,176,-1,5,0,6.25,0.04,69,18.31,10.39,8,239,7.87,181,38,13.86,13,0.00,0.00,0.65,15,0.00,0.26,1.84,1.04,24,0.00,0.52,0.00,0.00,0.00,0.35,0.52,0.00,20.00,1.53,0.52,1.48,0.00,0.35,0.06,0.00,0.39,0.00,0.00,0,0,,20,0.87,78,8,0.61,75,12,0.92,82,1,13,10,82,0.00,99,0,8,0.61,42,6,32,0.46,41,0,0.00,99,0,0.00,0,0,0.00,0,1.15,70,34,2.60,91,12,0.92,35.29,0,0.00,0,0,0,0.00,0,0,0.00,29,0.00,0,N/A,N/A,N/A,N/A,0.00,0,0.00,0,1.31,0.00,0,75.73,40.00,60,12,0.61,1.07,14,79,24,0,0,0,0.00,0.00,0,20,143.83,0.39,0.69,9,0,0.00,0.00,99,0.00,0,0,1,0.04,0.08,0,0.00,0.00,0.15,0.09,2,0,5.00,52,47,58,89,29,1.58,55,0.07,0.12,1.31,68,0.06,0.10,78,27,1.17,2.07,1.76,1.00,69,23,0.10,65,4,30,90,0,72,32,0,0.00,99,9,0.00,0.69,14.48,8.22,189,72,78,94,5.51,3.13,38.10,12,0.92,29,0,0.00,0,0.00,99,0,0.00,0.00,32,38,91,33,0,0,0,0,0,60,61,65,77,0,99,77,96,12,1,4,12,19,0,0
Vinicius Romualdo dos Santos,25,985248000,2001/03/22,Serie B,2023,Forward,Juventude,1953,1043,910,Brazil,28,15,13,1,0,1,3,0,3,0,0,15,8,7,14,7,7,2,0,0.18,0.14,0.05,0,0.1,1953,0.65,140,70,977,651,0.09,245,101,-1,15,0,0.00,0,83,0.00,0.00,0,0,0.00,0,0,0.00,0,0.00,0.00,0.00,0,0.00,0.00,0.00,0.00,0,0.00,0.00,0.00,0.00,0.00,0.00,0.00,0.00,0.00,0.00,0.00,0.00,0.00,0.00,0.00,0.00,0.00,0.00,0.00,0,0,,0,0.00,9,0,0.00,21,0,0.00,10,3,5,21,4,0.00,99,0,0,0.00,9,0,32,0.00,14,0,0.00,99,0,0.00,0,0,0.00,0,0.00,6,0,0.00,8,0,0.00,0.00,0,0.00,0,0,0,0.00,0,0,0.00,84,0.00,0,N/A,N/A,N/A,N/A,0.00,0,0.00,0,0.00,0.00,0,0.00,0.00,21,99,0.00,0.00,0,12,12,0,0,0,0.00,0.00,0,20,0.00,0.00,0.00,0,0,0.00,0.00,99,0.00,0,0,0,0.00,0.00,0,0.00,0.00,0.00,0.00,0,0,0.00,48,72,73,96,84,0.00,0,0.00,0.00,0.00,14,0.00,0.00,1,0,0.00,0.00,0.00,0.00,4,0,0.00,13,0,2,71,0,45,2,0,0.00,99,0,0.00,0.00,0.00,0.00,0,0,0,0,0.00,0.00,0.00,0,0.00,99,0,0.00,0,0.00,99,0,0.00,0.00,32,71,64,70,0,0,0,0,0,66,54,71,59,0,99,94,93,14,2,0,10,36,0,0
Vitor Caetano Ferreira,26,930812400,1999/07/01,Serie B,2023,Goalkeeper,CRB,270,180,90,Brazil,3,2,1,0,0,0,0,0,0,0,0,1,1,0,3,2,1,0,0,0,0,0,0,0,0,1,90,90,0,0,0,-1,-1,-1,26,0,7.17,0,51,31.00,31.00,40,93,22.00,66,16,22.00,36,0.00,0.00,0.00,0,0.00,0.00,0.00,0.00,0,0.00,0.00,0.00,0.00,2.67,0.00,0.00,3.67,0.00,0.00,0.00,0.00,0.00,0.00,0.00,0.00,0.00,0.00,0.00,0,0,,0,0.00,9,0,0.00,21,0,0.00,10,0,0,3,4,0.00,99,0,0,0.00,9,0,32,0.00,14,0,0.00,99,0,0.00,0,0,0.00,0,0.00,6,0,0.00,8,0,0.00,0.00,0,0.00,0,8,41,2.67,35,11,0.00,36,3.67,41,N/A,N/A,N/A,N/A,72.73,0,0.00,0,0.00,0.00,0,70.97,0.00,21,99,0.00,0.00,0,12,12,0,0,5,0.00,0.00,0,20,21.52,0.00,0.00,0,0,0.00,0.00,99,0.00,0,0,0,0.00,0.00,0,0.00,0.00,0.00,0.00,0,0,0.00,48,0,0,48,36,0.15,10,0.05,0.05,0.00,14,0.00,0.00,1,0,0.00,0.00,0.00,0.00,4,0,0.00,13,94,2,71,0,45,2,0,0.00,99,0,0.00,0.00,0.33,0.33,1,0,0,1,0.00,0.00,0.00,0,0.00,99,0,0.00,0,0.00,99,0,0.00,0.00,32,3,19,9,0,0,0,0,0,34,48,65,59,0,99,45,8,8,0,0,10,1,0,0
Vitor Correia da Silva,29,838882800,1996/08/01,Serie B,2023,Forward,Londrina,232,125,107,Brazil,6,4,2,0,0,0,1,0,1,0,0,2,1,1,5,2,3,1,0,0.39,0.39,0,0,0,0,1.94,46,39,232,232,0.39,-1,-1,-1,45,0,6.35,0.17,99,21.72,9.33,18,56,5.50,33,1,12.80,9,0.00,0.00,0.33,2,0.00,0.50,1.16,0.50,3,0.00,1.00,0.00,0.00,0.00,0.50,0.33,0.00,0.00,0.39,0.00,1.33,0.00,0.17,0.01,0.00,0.33,0.00,0.00,0,0,,1,0.17,26,1,0.39,63,0,0.00,10,4,3,3,49,0.00,99,0,3,1.16,71,3,32,1.16,55,0,0.00,99,0,0.00,0,0,0.00,0,0.78,49,8,3.10,95,2,0.78,25.00,0,0.00,0,0,0,0.00,0,0,0.00,1,0.00,0,N/A,N/A,N/A,N/A,0.00,0,0.00,0,0.05,0.00,0,58.93,100.00,99,65,0.17,0.39,1,72,16,0,0,0,0.00,0.00,0,20,38.08,0.67,1.55,4,0,0.00,0.00,99,0.00,0,0,0,0.00,0.00,0,0.00,0.00,0.00,0.00,0,0,0.00,48,0,3,48,1,0.73,97,0.12,0.28,0.05,38,0.01,0.02,62,4,0.67,1.55,4.66,2.00,99,12,0.02,37,7,63,71,0,45,37,0,0.00,99,2,0.00,0.78,16.29,7.00,42,11,44,97,4.27,1.83,26.19,6,2.33,1,0,0.00,0,0.00,99,0,0.00,0.00,32,3,50,83,0,0,0,0,0,88,48,65,59,0,99,45,33,75,1,17,56,11,0,0
Vitor Gabriel Claudino Rego Ferreira,26,948355200,2000/01/20,Serie B,2023,Forward,Ceará,623,234,389,Brazil,10,5,5,4,1,3,1,0,1,0,0,3,2,1,10,5,5,2,0,0.72,0.14,0.58,0.38,0.69,156,1.44,62,62,312,623,0.29,4,97,-1,3,0,6.95,0.1,83,12.86,9.30,1,93,6.60,66,16,9.12,2,0.00,0.00,0.60,6,0.00,0.20,0.41,0.30,3,0.00,0.60,0.00,0.00,0.00,0.00,0.50,0.00,6.50,1.80,0.60,1.20,0.00,0.70,0.17,0.00,1.80,0.00,0.00,0,0,,13,1.30,87,7,0.97,92,6,0.83,77,2,3,7,12,0.00,99,0,0,0.00,9,2,32,0.28,31,0,0.00,99,0,0.00,0,0,0.00,0,0.83,53,12,1.66,75,5,0.69,41.67,0,0.00,0,0,0,0.00,0,0,0.00,6,0.00,0,N/A,N/A,N/A,N/A,0.00,0,0.00,0,1.73,0.00,0,70.97,53.85,85,89,0.10,0.14,1,67,35,0,0,0,0.10,0.14,1,40,69.53,0.50,0.69,5,0,0.00,0.00,99,0.00,0,0,0,0.00,0.00,0,0.00,0.00,0.69,0.50,5,0,15.38,82,17,12,49,7,0.95,61,0.10,0.13,1.73,94,0.17,0.24,95,22,2.20,3.04,1.80,1.30,71,13,0.24,91,79,30,71,0,96,92,0,0.00,99,18,0.00,2.49,15.07,10.90,109,48,91,96,6.64,4.80,44.04,6,0.83,35,0,0.00,0,0.00,99,0,0.00,0.00,32,22,50,53,0,1,0,10,0,99,99,99,91,0,99,33,51,58,2,20,65,63,0,0
Vitor Gonçalves Figueiredo,23,1042099200,2003/01/09,Serie B,2023,Forward,Juventude,15,15,0,Brazil,3,3,0,0,0,0,0,0,0,0,0,2,2,0,0,0,0,2,0,0,0,0,0,0,0,0,0,5,8,0,12,-1,-1,-1,16,0,0.00,0,51,0.00,0.00,0,0,0.00,0,0,0.00,0,0.00,0.00,0.00,0,0.00,0.00,0.00,0.00,0,0.00,0.00,0.00,0.00,0.00,0.00,0.00,0.00,0.00,0.00,0.00,0.00,0.00,0.00,0.00,0.00,0.00,0.00,0.00,0,0,,0,0.00,9,0,0.00,21,0,0.00,10,0,3,0,4,0.00,99,0,0,0.00,9,0,32,0.00,14,0,0.00,99,0,0.00,0,0,0.00,0,0.00,6,0,0.00,8,0,0.00,0.00,0,0.00,0,0,0,0.00,0,0,0.00,99,0.00,0,N/A,N/A,N/A,N/A,0.00,0,0.00,0,0.00,0.00,0,0.00,0.00,21,99,0.00,0.00,0,12,12,0,0,0,0.00,0.00,0,20,0.00,0.00,0.00,0,0,0.00,0.00,99,0.00,0,0,0,0.00,0.00,0,0.00,0.00,0.00,0.00,0,0,0.00,48,0,0,48,0,0.00,0,0.00,0.00,0.00,14,0.00,0.00,1,0,0.00,0.00,0.00,0.00,4,0,0.00,13,0,2,71,0,45,2,0,0.00,99,0,0.00,0.00,0.00,0.00,0,0,0,0,0.00,0.00,0.00,0,0.00,99,0,0.00,0,0.00,99,0,0.00,0.00,32,0,50,9,0,0,0,0,0,34,48,65,59,0,99,99,8,99,1,0,10,17,0,0
Vitor Hugo Batista Araujo de Mendonça,24,996217200,2001/07/27,Serie B,2023,Goalkeeper,Vila Nova,0,0,0,Brazil,0,0,0,0,0,0,0,0,0,0,0,0,0,0,0,0,0,0,0,0,0,0,0,0,0,0,0,0,0,0,0,-1,-1,-1,-1,N/A,N/A,N/A,N/A,N/A,N/A,N/A,N/A,N/A,N/A,N/A,N/A,N/A,N/A,N/A,N/A,N/A,N/A,N/A,N/A,N/A,N/A,N/A,N/A,N/A,N/A,N/A,N/A,N/A,N/A,N/A,N/A,N/A,N/A,N/A,N/A,N/A,N/A,N/A,N/A,N/A,N/A,N/A,N/A,N/A,N/A,N/A,N/A,N/A,N/A,N/A,N/A,N/A,N/A,N/A,N/A,N/A,N/A,N/A,N/A,N/A,N/A,N/A,N/A,N/A,N/A,N/A,N/A,N/A,N/A,N/A,N/A,N/A,N/A,N/A,N/A,N/A,N/A,N/A,N/A,N/A,N/A,N/A,N/A,N/A,N/A,N/A,N/A,N/A,N/A,N/A,N/A,N/A,N/A,N/A,N/A,N/A,N/A,N/A,N/A,N/A,N/A,N/A,N/A,N/A,N/A,N/A,N/A,N/A,N/A,N/A,N/A,N/A,N/A,N/A,N/A,N/A,N/A,N/A,N/A,N/A,N/A,N/A,N/A,N/A,N/A,N/A,N/A,N/A,N/A,N/A,N/A,N/A,N/A,N/A,N/A,N/A,N/A,N/A,N/A,N/A,N/A,N/A,N/A,N/A,N/A,N/A,N/A,N/A,N/A,N/A,N/A,N/A,N/A,N/A,N/A,N/A,N/A,N/A,N/A,N/A,N/A,N/A,N/A,N/A,N/A,N/A,N/A,N/A,N/A,N/A,N/A,N/A,N/A,N/A,N/A,N/A,N/A,N/A,N/A,N/A,N/A,N/A,N/A,N/A,N/A,N/A,N/A,N/A,N/A,N/A,N/A,N/A,N/A,N/A,N/A,N/A,N/A,N/A,N/A,N/A,N/A,N/A,N/A,N/A,N/A,N/A,N/A,N/A,N/A,N/A,N/A,N/A,N/A,N/A,N/A,N/A,N/A,N/A,N/A,N/A,N/A,N/A,N/A
Vitor Hugo Carvalho,28,890726400,1998/03/24,Serie B,2023,Midfielder,Juventude,26,0,26,Brazil,1,0,1,0,0,0,0,0,0,0,0,0,0,0,1,0,1,1,0,0,0,0,0,0,0,3.46,26,26,26,0,3.46,-1,-1,-1,33,0,6.23,0,51,62.31,18.00,99,18,15.00,15,81,51.92,98,0.00,0.00,0.00,0,0.00,0.00,0.00,0.00,0,0.00,1.00,0.00,0.00,0.00,0.00,0.00,0.00,0.00,0.00,0.00,0.00,0.00,0.00,0.00,0.00,0.00,0.00,0.00,0,0,,0,0.00,9,0,0.00,21,0,0.00,10,0,1,0,4,0.00,99,0,0,0.00,9,0,32,0.00,14,0,0.00,99,0,0.00,0,0,0.00,0,0.00,6,0,0.00,8,0,0.00,0.00,0,0.00,0,0,0,0.00,0,0,0.00,0,0.00,0,N/A,N/A,N/A,N/A,0.00,0,0.00,0,0.00,0.00,0,83.33,0.00,21,0,1.00,3.46,1,12,12,0,0,0,0.00,0.00,0,20,6.23,0.00,0.00,0,0,0.00,0.00,99,0.00,0,0,0,0.00,0.00,0,0.00,0.00,0.00,0.00,0,0,0.00,48,0,0,48,0,0.03,45,0.03,0.10,0.00,14,0.00,0.00,1,0,0.00,0.00,3.46,1.00,99,1,0.00,13,3,2,71,0,45,2,0,0.00,99,0,0.00,0.00,13.85,4.00,4,0,0,93,0.00,0.00,0.00,1,3.46,0,0,0.00,0,0.00,99,0,0.00,0.00,32,0,30,9,0,0,0,0,0,34,48,65,59,0,99,1,8,99,1,100,99,6,0,0
Wagner da Silva Souza,36,633686400,1990/01/30,Serie B,2023,Forward,Avaí,1341,618,723,Brazil,22,11,11,4,2,2,1,0,1,1,0,9,4,5,16,9,7,2,0,0.34,0.07,0.27,0.29,0.25,335,1.07,84,61,671,1341,0.13,62,188,-1,1,0,6.83,0.05,67,22.35,15.14,19,333,11.77,259,49,17.38,23,0.00,0.00,0.73,16,0.00,0.59,0.81,0.55,12,0.00,1.27,0.00,0.00,0.00,0.14,0.64,0.00,5.50,1.48,0.45,1.32,0.00,0.55,0.14,0.00,1.00,0.00,0.00,0,0,,22,1.00,76,12,0.81,86,10,0.67,69,3,6,16,33,0.00,99,0,3,0.20,20,13,94,0.87,51,0,0.00,99,0,0.00,0,0,0.00,0,1.07,66,29,1.95,81,14,0.94,48.28,0,0.00,0,0,0,0.00,0,0,0.00,29,0.00,0,N/A,N/A,N/A,N/A,0.00,0,0.00,0,3.16,0.00,0,77.78,54.55,86,31,0.50,0.74,11,80,46,1,0,0,0.18,0.27,4,62,150.24,0.86,1.28,19,0,0.00,0.00,99,0.00,0,1,1,0.05,0.07,0,0.00,0.00,0.20,0.14,3,1,18.18,88,54,54,59,29,1.68,50,0.08,0.11,2.46,84,0.11,0.17,86,35,1.59,2.35,1.68,1.14,65,25,0.21,87,56,55,88,0,78,67,0,0.00,99,22,0.00,1.48,12.62,8.55,188,83,79,88,5.57,3.77,44.15,28,1.88,3,0,46.15,0,0.00,99,6,0.27,0.40,64,58,70,70,0,0,0,0,0,86,90,86,88,0,99,70,86,22,2,9,29,13,0,0
Wagner Leonardo,26,932713200,1999/07/23,Serie B,2023,Defender,Vitória,3131,1710,1421,Brazil,35,19,16,5,4,1,0,0,0,0,0,19,14,5,26,7,19,6,0,0.14,0,0.14,0.21,0.06,626,0.75,120,89,522,0,0.17,144,477,69,2,0,7.17,0,51,52.69,52.37,93,1833,43.69,1529,81,43.95,92,0.00,0.00,0.06,2,0.00,0.17,1.24,1.23,43,0.00,0.14,0.00,0.00,0.00,1.29,0.31,0.00,4.00,0.57,0.34,0.43,0.00,0.23,0.10,0.00,2.23,0.00,0.00,0,0,,20,0.57,41,8,0.23,49,12,0.34,36,4,0,35,54,0.00,99,0,45,1.29,80,6,32,0.17,26,0,0.00,99,0,0.00,0,0,0.00,0,0.06,9,15,0.43,28,11,0.32,73.33,0,0.00,0,0,0,0.00,0,0,0.00,68,0.00,0,N/A,N/A,N/A,N/A,0.00,0,0.00,0,3.55,0.00,0,83.42,40.00,60,75,0.29,0.29,10,38,87,0,0,0,0.89,0.89,31,93,250.94,4.26,4.28,149,0,0.00,0.00,99,0.00,0,0,1,0.03,0.03,0,0.00,0.00,0.11,0.11,4,0,25.00,94,97,95,75,68,3.37,45,0.10,0.10,3.55,68,0.10,0.10,19,18,0.51,0.52,0.49,0.49,11,17,0.10,65,94,92,73,0,65,88,0,0.00,99,78,0.00,2.24,6.09,6.06,212,149,45,18,4.28,4.26,70.28,5,0.14,80,0,0.00,0,0.00,99,0,0.00,0.00,32,99,19,83,0,0,0,0,0,58,74,66,80,0,99,94,76,33,6,17,56,4,0,0
Walisson Moreira Farias Maia,34,682758000,1991/08/21,Serie B,2023,Defender,Criciúma,2700,1092,1608,Brazil,32,13,19,0,0,0,1,0,1,0,0,12,7,5,25,6,19,10,1,0.03,0.03,0,0,0,0,0.83,108,84,245,2700,0.37,519,253,92,26,0,6.80,0.03,53,41.54,38.77,69,1163,32.47,974,84,34.79,72,0.00,0.00,0.13,4,0.00,0.03,0.82,0.77,23,0.00,0.13,0.00,0.00,0.00,0.97,0.13,0.00,0.00,0.36,0.17,0.23,0.00,0.17,0.01,0.00,2.13,0.00,0.00,0,0,,10,0.33,24,5,0.18,42,5,0.18,18,2,1,30,34,0.00,99,0,29,1.04,65,1,99,0.04,15,0,0.00,99,0,0.00,0,0,0.00,0,0.14,13,7,0.25,21,4,0.14,57.14,0,0.00,0,0,0,0.00,0,0,0.00,58,0.00,0,N/A,N/A,N/A,N/A,0.00,0,0.00,0,0.40,0.00,0,83.75,50.00,83,80,0.23,0.25,7,20,65,0,0,0,0.90,0.96,27,95,204.08,4.07,4.36,122,0,0.00,0.00,99,0.00,0,0,1,0.03,0.04,0,0.00,0.00,0.04,0.03,1,0,0.00,48,91,86,48,58,2.62,36,0.09,0.09,0.40,27,0.01,0.01,14,11,0.37,0.39,1.46,1.37,52,41,0.01,26,52,93,79,0,50,90,0,0.00,99,64,0.00,2.29,6.82,6.37,191,102,28,25,3.64,3.40,53.40,4,0.14,80,0,100.00,0,0.00,99,1,0.03,0.04,36,90,30,53,0,0,0,0,0,35,48,65,59,0,99,59,37,72,9,28,82,4,0,0
Wallace Madeira Almeida,25,984643200,2001/03/15,Serie B,2023,Midfielder,ABC,1165,572,593,Brazil,19,9,10,0,0,0,3,0,3,0,0,4,1,3,14,5,9,4,1,0.23,0.23,0,0,0,0,1.08,83,61,233,388,0.39,529,34,-1,47,0,6.78,0.16,96,41.33,28.16,68,535,24.58,467,97,36.08,77,0.00,0.00,0.47,9,0.00,0.26,2.09,1.42,27,0.00,0.37,0.00,0.00,0.00,0.68,0.58,0.00,0.00,0.70,0.32,1.26,0.00,0.16,0.02,0.00,0.47,0.00,0.00,0,0,,9,0.47,49,3,0.23,49,6,0.46,50,2,5,14,89,0.00,99,0,13,1.00,63,5,92,0.39,38,0,0.00,99,0,0.00,0,0,0.00,0,0.70,45,24,1.85,79,11,0.85,45.83,0,0.00,0,0,0,0.00,0,0,0.00,28,0.00,0,N/A,N/A,N/A,N/A,0.00,0,0.00,0,0.33,0.00,0,87.29,33.33,49,6,0.84,1.24,16,77,40,0,0,0,0.21,0.31,4,67,128.90,0.58,0.85,11,0,0.00,0.00,99,0.00,0,0,0,0.00,0.00,0,0.00,0.00,0.00,0.00,0,0,0.00,48,46,46,48,28,3.06,94,0.16,0.24,0.33,45,0.02,0.03,71,23,1.21,1.78,2.70,1.84,94,35,0.03,43,47,37,71,0,45,33,0,0.00,99,9,0.00,0.70,11.43,7.79,148,70,76,78,5.41,3.68,47.30,7,0.54,54,0,40.00,0,0.00,99,2,0.11,0.15,48,52,64,53,0,0,0,0,0,74,48,65,59,0,99,14,34,75,3,16,53,28,0,0
Wallyson Ricardo Maciel Monteiro,37,593074800,1988/10/17,Serie B,2023,Forward,ABC,897,618,279,Brazil,15,9,6,1,0,1,0,0,0,1,0,5,3,2,6,4,2,0,0,0.1,0,0.1,0,0.32,897,0.6,150,60,0,0,0,197,256,-1,9,0,6.72,0,51,24.18,15.71,24,220,11.64,163,28,17.91,25,0.00,0.00,0.86,12,0.00,3.00,0.55,0.36,5,0.00,0.50,0.00,0.00,0.00,0.07,0.43,0.00,12.00,1.32,0.36,0.79,0.00,0.50,0.08,0.00,0.07,0.00,0.00,0,0,,12,0.86,71,7,0.77,83,5,0.55,59,10,6,8,18,0.00,99,0,1,0.11,12,42,54,4.62,91,0,0.00,99,0,0.00,0,0,0.00,0,1.32,78,11,1.21,61,6,0.66,54.55,0,0.00,0,0,0,0.00,0,0,0.00,90,0.00,0,N/A,N/A,N/A,N/A,0.00,0,0.00,0,1.12,0.00,0,74.09,58.33,90,48,0.36,0.55,5,65,61,1,0,0,0.00,0.00,0,20,94.06,0.36,0.55,5,0,0.00,0.00,99,0.00,0,1,0,0.00,0.00,0,0.00,0.00,0.33,0.21,3,1,8.33,63,34,30,85,90,0.76,27,0.05,0.08,0.42,53,0.03,0.05,27,6,0.43,0.66,0.33,0.21,9,3,0.12,70,35,24,71,0,86,3,0,0.00,99,1,0.00,0.11,4.84,3.14,44,18,8,10,1.98,1.29,40.91,7,0.77,40,0,21.43,0,0.00,99,9,0.64,0.99,86,28,70,99,0,0,0,0,0,50,65,92,59,0,99,45,8,8,0,0,10,11,0,0
Wanderson Cristaldo Farias,38,568108800,1988/01/02,Serie B,2023,Midfielder,Sport Recife,344,216,128,Brazil,13,8,5,2,1,1,0,0,0,0,0,6,5,1,2,1,1,0,0,0.52,0,0.52,0.42,0.7,172,0.52,172,26,0,0,0,10,270,-1,10,0,6.68,0,51,42.93,11.25,73,135,8.83,106,54,33.71,70,0.00,0.00,0.33,4,0.00,1.67,0.32,0.08,1,0.00,0.33,0.00,0.00,0.00,0.00,0.17,0.00,2.00,0.64,0.00,0.25,0.00,0.17,0.06,0.00,0.08,0.00,0.00,0,0,,2,0.17,45,2,0.64,76,0,0.00,10,2,10,2,10,0.00,99,0,0,0.00,9,20,32,6.36,97,0,0.00,99,0,0.00,0,0,0.00,0,1.27,75,3,0.95,49,2,0.64,66.67,0,0.00,0,0,0,0.00,0,0,0.00,93,0.00,0,N/A,N/A,N/A,N/A,0.00,0,0.00,0,0.70,0.00,0,78.52,100.00,99,19,0.25,0.95,3,64,83,0,0,0,0.00,0.00,0,20,80.18,0.00,0.00,0,0,0.00,0.00,99,0.00,0,0,0,0.00,0.00,0,0.00,0.00,0.00,0.00,0,0,50.00,99,0,24,50,93,0.35,50,0.03,0.11,0.70,92,0.06,0.22,82,7,0.58,2.23,1.59,0.42,59,5,0.22,89,25,2,71,0,45,13,0,0.00,99,1,0.00,0.32,9.86,2.58,31,11,26,61,3.50,0.92,35.48,4,1.27,16,0,5.00,0,0.00,99,1,0.08,0.32,58,1,85,53,0,0,0,0,0,96,98,99,93,0,99,85,8,8,0,0,10,77,0,0
Warley Leandro da Silva,26,937551600,1999/09/17,Serie B,2023,Defender,Ceará,2022,969,1053,Brazil,28,13,15,0,0,0,1,1,0,0,0,8,6,2,23,9,14,7,0,0.04,0.04,0,0,0,0,1.02,88,72,289,2022,0.31,447,233,141,37,0,6.65,0.04,57,42.62,34.29,72,960,26.89,753,53,33.43,69,0.00,0.00,0.57,16,0.00,1.36,1.07,0.86,24,0.00,0.29,0.00,0.00,0.00,1.21,0.36,0.00,0.00,0.09,0.04,1.04,0.00,0.04,0.00,0.00,0.86,0.00,0.00,0,0,,2,0.07,10,1,0.04,23,1,0.04,11,6,6,22,45,0.00,99,0,34,1.51,87,38,88,1.69,62,0,0.00,99,0,0.00,0,0,0.00,0,0.71,46,29,1.29,64,10,0.44,34.48,0,0.00,0,0,0,0.00,0,0,0.00,34,0.00,0,N/A,N/A,N/A,N/A,0.00,0,0.00,0,0.09,0.00,0,78.44,50.00,83,69,0.29,0.36,8,50,23,0,0,0,0.21,0.27,6,62,186.10,1.04,1.29,29,0,0.00,0.00,99,0.00,0,0,0,0.00,0.00,0,0.00,0.00,0.18,0.14,4,1,0.00,48,74,73,48,33,3.03,61,0.11,0.13,0.09,14,0.00,0.00,56,32,1.14,1.42,1.64,1.32,62,37,0.00,13,22,55,71,0,76,52,0,0.00,99,24,0.00,1.07,7.81,6.29,176,90,38,36,4.00,3.21,51.14,8,0.36,67,0,36.84,0,0.00,99,14,0.50,0.62,74,73,70,94,0,0,0,0,0,37,48,65,59,0,99,29,47,61,7,25,79,17,0,0
Welder de Jesus Costa,31,788428800,1994/12/26,Serie B,2023,Forward,Vitória,716,284,432,Brazil,20,10,10,4,1,3,0,0,0,1,0,9,6,3,9,3,6,0,0,0.5,0,0.5,0.32,0.63,179,1.13,80,36,0,0,0,12,472,-1,4,0,7.04,0,51,21.71,7.95,18,151,5.95,113,31,16.25,20,0.00,0.00,0.21,4,0.00,0.16,0.72,0.26,5,0.00,0.32,0.00,0.00,0.00,0.11,0.16,0.00,3.67,1.58,0.26,0.42,0.00,0.32,0.12,0.00,0.89,0.00,0.00,0,0,,11,0.58,79,6,0.86,89,5,0.72,72,4,13,6,29,0.00,99,0,2,0.29,25,3,86,0.43,40,0,0.00,99,0,0.00,0,0,0.00,0,0.58,37,8,1.15,59,3,0.43,37.50,0,0.00,0,0,0,0.00,0,0,0.00,23,0.00,0,N/A,N/A,N/A,N/A,0.00,0,0.00,0,2.21,0.00,0,74.83,54.55,86,61,0.16,0.43,3,49,25,1,0,0,0.05,0.14,1,40,133.76,0.26,0.72,5,0,0.00,0.00,99,0.00,0,1,0,0.00,0.00,0,0.00,0.00,0.14,0.05,1,0,27.27,95,23,49,50,23,0.44,14,0.02,0.06,1.51,92,0.08,0.22,84,16,0.84,2.30,2.44,0.89,90,17,0.32,96,90,33,71,0,70,91,0,0.00,99,17,0.00,2.44,16.39,6.00,114,41,84,98,5.89,2.16,35.96,6,0.86,33,0,33.33,0,0.00,99,1,0.05,0.14,46,17,91,83,0,0,0,0,0,95,98,99,89,0,99,83,8,8,0,0,10,23,0,0
Welinton Macedo dos Santos,26,930726000,1999/06/30,Serie B,2023,Forward,Criciúma,115,21,94,Brazil,11,4,7,0,0,0,0,0,0,0,0,3,1,2,5,2,3,1,0,0,0,0,0,0,0,3.91,23,10,115,0,0.78,-1,-1,-1,18,0,6.57,0,51,24.26,2.82,24,31,1.82,20,6,15.65,18,0.00,0.00,0.45,5,0.00,1.09,0.78,0.09,1,0.00,0.18,0.00,0.00,0.00,0.18,0.18,0.00,0.00,3.13,0.18,0.55,0.00,0.18,0.01,0.00,0.09,0.00,0.00,0,0,,4,0.36,99,2,1.57,99,2,1.57,98,0,11,0,32,0.00,99,0,2,1.57,90,12,44,9.39,99,0,0.00,99,0,0.00,0,0,0.00,0,3.91,99,6,4.70,99,2,1.57,33.33,0,0.00,0,0,0,0.00,0,0,0.00,0,0.00,0,N/A,N/A,N/A,N/A,0.00,0,0.00,0,0.15,0.00,0,64.52,50.00,83,0,0.64,5.48,7,94,22,0,0,0,0.00,0.00,0,20,72.22,0.00,0.00,0,0,0.00,0.00,99,0.00,0,0,0,0.00,0.00,0,0.00,0.00,1.57,0.18,2,0,0.00,48,0,15,48,0,0.27,89,0.02,0.21,0.15,73,0.01,0.12,99,6,0.55,4.70,1.57,0.18,58,2,0.12,70,15,2,71,0,99,37,0,0.00,99,1,0.00,0.78,21.91,2.55,28,10,98,99,7.83,0.91,35.71,2,1.57,8,0,16.67,0,0.00,99,2,0.18,1.57,96,0,88,9,0,0,0,0,0,34,48,65,59,0,99,25,10,98,1,9,29,15,0,0
Wellington Aparecido Martins,35,665049600,1991/01/28,Serie B,2023,Midfielder,Avaí,2478,1113,1365,Brazil,30,13,17,0,0,0,2,0,2,0,0,10,4,6,31,15,16,12,0,0.07,0.07,0,0,0,0,1.13,80,83,207,1239,0.44,422,181,-1,44,0,6.73,0.07,67,43.62,40.03,74,1201,33.63,1009,85,36.65,78,0.00,0.00,0.47,14,0.00,0.17,1.34,1.23,37,0.00,0.40,0.00,0.00,0.00,0.67,0.43,0.00,0.00,0.29,0.20,0.93,0.00,0.07,0.01,0.00,0.47,0.00,0.00,0,0,,8,0.27,19,2,0.07,27,6,0.22,22,4,1,29,59,0.00,99,0,20,0.73,48,5,51,0.18,26,0,0.00,99,0,0.00,0,0,0.00,0,0.51,33,28,1.02,53,13,0.47,46.43,0,0.00,0,0,0,0.00,0,0,0.00,23,0.00,0,N/A,N/A,N/A,N/A,0.00,0,0.00,0,0.25,0.00,0,84.01,25.00,36,56,0.43,0.47,13,54,42,0,0,0,0.27,0.29,8,65,201.99,1.10,1.20,33,0,0.00,0.00,99,0.00,0,0,1,0.03,0.04,0,0.00,0.00,0.00,0.00,0,0,0.00,48,87,79,48,23,3.95,68,0.13,0.14,0.25,27,0.01,0.01,25,17,0.57,0.62,1.27,1.17,42,35,0.01,26,37,52,79,0,45,25,0,0.00,99,14,0.00,0.51,6.03,5.53,166,81,15,17,2.94,2.70,48.80,12,0.44,63,0,20.00,0,0.00,99,1,0.03,0.04,36,87,30,83,0,0,0,0,0,42,48,65,59,0,99,45,27,82,11,37,94,5,0,0
Wellington De Lima Gomes,36,640681200,1990/04/21,Serie B,2023,Goalkeeper,ABC,154,154,0,Brazil,2,2,0,0,0,0,0,0,0,0,0,1,1,0,1,1,0,0,0,0,0,0,0,0,0,0.58,154,77,0,0,0,-1,-1,-1,48,0,6.48,0,51,26.30,22.50,29,45,13.50,27,2,15.78,19,0.00,0.00,0.00,0,0.00,0.00,0.00,0.00,0,0.00,0.00,0.00,0.00,1.00,0.00,0.00,1.50,0.00,0.00,0.00,0.00,0.00,0.00,0.00,0.00,0.00,0.00,0.00,0,0,,0,0.00,9,0,0.00,21,0,0.00,10,1,0,2,4,0.00,99,0,0,0.00,9,0,32,0.00,14,0,0.00,99,0,0.00,0,0,0.00,0,0.00,6,0,0.00,8,0,0.00,0.00,0,0.00,0,2,12,1.17,0,3,0.00,91,1.75,0,N/A,N/A,N/A,N/A,66.67,0,0.00,0,0.00,0.00,0,60.00,0.00,21,99,0.00,0.00,0,12,12,0,0,0,0.00,0.00,0,20,12.96,1.00,1.17,2,0,0.00,0.00,99,0.00,0,0,0,0.00,0.00,1,0.50,0.58,0.00,0.00,0,0,0.00,48,0,0,48,91,0.06,8,0.03,0.04,0.00,14,0.00,0.00,1,0,0.00,0.00,0.00,0.00,4,0,0.00,13,11,51,71,33,45,2,0,0.00,99,0,0.00,0.00,0.00,0.00,0,0,0,0,0.00,0.00,0.00,0,0.00,99,0,0.00,0,0.00,99,0,0.00,0.00,32,1,19,33,0,0,0,0,0,34,48,65,59,0,99,92,8,8,0,0,10,90,0,0
Wellington Pereira Rodrigues,40,505209600,1986/01/04,Serie B,2023,Defender,CRB,828,352,476,Brazil,15,7,8,0,0,0,0,0,0,0,0,8,6,2,3,0,3,3,0,0,0,0,0,0,0,0.33,276,55,276,0,0.33,462,497,6,29,0,6.70,0,51,49.67,30.47,87,457,25.27,379,79,41.20,86,0.00,0.00,0.07,1,0.00,0.07,0.54,0.33,5,0.00,0.00,0.00,0.00,0.00,0.67,0.00,0.00,0.00,0.11,0.07,0.00,0.00,0.00,0.00,0.00,1.00,0.00,0.00,0,0,,1,0.07,11,0,0.00,21,1,0.11,13,3,7,8,17,0.00,99,0,10,1.09,68,1,32,0.11,21,0,0.00,99,0,0.00,0,0,0.00,0,0.11,11,0,0.00,8,0,0.00,0.00,0,0.00,0,0,0,0.00,0,0,0.00,98,0.00,0,N/A,N/A,N/A,N/A,0.00,0,0.00,0,0.03,0.00,0,82.93,0.00,21,99,0.00,0.00,0,12,12,0,0,0,0.47,0.76,7,89,100.55,1.53,2.50,23,1,0.00,0.11,4,0.07,0,0,0,0.00,0.00,0,0.00,0.00,0.00,0.00,0,0,0.00,48,30,30,48,99,0.74,27,0.05,0.08,0.03,14,0.00,0.00,33,7,0.47,0.76,1.52,0.93,57,14,0.00,13,28,80,71,0,45,73,0,0.00,99,15,0.00,1.63,5.22,3.20,48,27,15,12,2.93,1.80,56.25,0,0.00,99,0,0.00,0,0.00,99,0,0.00,0.00,32,28,74,70,0,0,0,0,0,34,48,65,59,0,99,93,44,66,3,20,65,3,0,0
Wellington Rodrigues dos Reis,34,692784000,1991/12/15,Serie B,2023,Midfielder,ABC,974,534,440,Brazil,19,10,9,0,0,0,1,1,0,0,0,3,1,2,17,8,9,10,0,0.09,0.09,0,0,0,0,1.57,57,51,97,974,0.92,533,156,-1,41,0,7.10,0.05,74,38.73,22.67,59,408,18.83,339,80,32.18,64,0.00,0.00,0.50,9,0.00,0.61,1.42,0.83,15,0.00,0.33,0.00,0.00,0.00,0.78,0.33,0.00,0.00,0.85,0.33,0.44,0.00,0.17,0.02,0.00,0.61,0.00,0.00,0,0,,9,0.50,56,3,0.28,53,6,0.57,60,3,8,11,61,0.00,99,0,14,1.33,81,11,34,1.04,53,0,0.00,99,0,0.00,0,0,0.00,0,0.85,54,8,0.76,42,6,0.57,75.00,0,0.00,0,0,0,0.00,0,0,0.00,3,0.00,0,N/A,N/A,N/A,N/A,0.00,0,0.00,0,0.32,0.00,0,83.09,33.33,49,56,0.28,0.47,5,59,90,0,0,0,0.22,0.38,4,72,127.82,0.61,1.04,11,0,0.00,0.00,99,0.00,0,0,0,0.00,0.00,0,0.00,0.00,0.00,0.00,0,1,0.00,48,38,46,48,3,1.71,76,0.10,0.16,0.32,45,0.02,0.03,88,26,1.44,2.47,2.75,1.61,95,29,0.03,43,93,45,71,0,45,51,0,0.00,99,11,0.00,1.04,10.44,6.11,110,58,78,69,5.51,3.22,52.73,6,0.57,52,0,9.09,0,0.00,99,1,0.06,0.09,42,42,79,70,0,0,0,0,0,48,48,65,59,0,99,7,9,99,10,53,99,14,0,0
Wellington Silva Sanches Aguiar,34,697363200,1992/02/06,Serie B,2023,Forward,Vitória,1312,707,605,Brazil,25,14,11,2,0,2,4,4,0,0,0,12,11,1,14,3,11,5,1,0.41,0.27,0.14,0,0.3,656,0.96,94,52,262,328,0.34,150,20,-1,12,0,6.39,0.16,97,32.58,19.00,43,475,16.12,403,88,27.64,51,0.00,0.00,1.00,25,0.00,1.76,0.96,0.56,14,0.00,0.92,0.00,0.00,0.00,0.08,0.92,0.00,14.00,1.92,0.72,1.48,0.00,0.40,0.09,0.00,0.36,0.00,0.00,0,0,,28,1.12,90,10,0.69,78,18,1.23,93,5,13,12,40,0.00,99,0,2,0.14,14,44,45,3.02,78,0,0.00,99,0,0.00,0,0,0.00,0,1.71,88,37,2.54,90,23,1.58,62.16,0,0.00,0,0,0,0.00,0,0,0.00,41,0.00,0,N/A,N/A,N/A,N/A,0.00,0,0.00,0,2.20,0.00,0,84.84,35.71,51,43,0.36,0.62,9,95,74,0,0,0,0.12,0.21,3,55,159.63,0.12,0.21,3,0,0.00,0.00,99,0.00,0,0,1,0.04,0.07,0,0.00,0.00,0.14,0.08,2,0,7.14,59,52,63,76,42,4.10,97,0.16,0.28,2.20,80,0.09,0.15,99,58,2.32,3.98,1.65,0.96,63,24,0.15,78,8,7,88,0,70,29,0,0.00,99,9,0.00,0.62,12.90,7.52,188,104,94,89,7.13,4.16,55.32,23,1.58,7,0,18.18,0,0.00,99,8,0.32,0.55,71,47,91,89,0,0,0,0,0,90,74,90,59,0,99,88,41,67,4,16,53,23,0,0
Wellison Matheus Rodrigues Régis,26,934354800,1999/08/11,Serie B,2023,Forward,Atlético GO,240,172,68,Brazil,12,7,5,1,0,1,0,0,0,0,0,3,1,2,4,3,1,1,0,0.38,0,0.38,0,1.32,240,1.5,60,20,240,0,0.38,-1,-1,-1,14,0,0.00,0,51,0.00,0.00,0,0,0.00,0,0,0.00,0,0.00,0.00,0.00,0,0.00,0.00,0.00,0.00,0,0.00,0.00,0.00,0.00,0.00,0.00,0.00,0.00,0.00,0.00,0.00,0.00,0.00,0.00,0.00,0.00,0.00,0.00,0.00,0,0,,0,0.00,9,0,0.00,21,0,0.00,10,1,12,0,4,0.00,99,0,0,0.00,9,0,32,0.00,14,0,0.00,99,0,0.00,0,0,0.00,0,0.00,6,0,0.00,8,0,0.00,0.00,0,0.00,0,0,0,0.00,0,0,0.00,4,0.00,0,N/A,N/A,N/A,N/A,0.00,0,0.00,0,0.00,0.00,0,0.00,0.00,21,99,0.00,0.00,0,12,12,0,0,0,0.00,0.00,0,20,0.00,0.00,0.00,0,0,0.00,0.00,99,0.00,0,0,0,0.00,0.00,0,0.00,0.00,0.00,0.00,0,0,0.00,48,0,20,54,5,0.00,0,0.00,0.00,0.00,14,0.00,0.00,1,0,0.00,0.00,0.00,0.00,4,0,0.00,13,0,2,71,0,45,2,0,0.00,99,0,0.00,0.00,0.00,0.00,0,0,0,0,0.00,0.00,0.00,0,0.00,99,0,0.00,0,0.00,99,0,0.00,0.00,32,0,90,33,0,0,0,0,0,88,95,99,59,0,99,22,35,73,0,0,10,20,0,0
Welliton Silva de Azevedo Matheus,25,963558000,2000/07/14,Serie B,2023,Forward,ABC,1004,474,530,Brazil,21,12,9,2,1,1,0,0,0,0,0,2,2,0,15,5,10,1,0,0.18,0,0.18,0.19,0.17,502,1.34,67,48,1004,0,0.09,118,528,-1,8,0,6.70,0,51,20.03,11.53,13,219,8.63,164,32,15.00,16,0.00,0.00,0.37,7,0.00,0.84,1.74,1.00,19,0.00,1.42,0.00,0.00,0.00,0.26,1.42,0.00,4.00,0.73,0.21,2.47,0.00,0.21,0.08,0.00,0.58,0.00,0.00,0,0,,8,0.42,50,4,0.37,62,4,0.37,41,1,13,7,76,0.00,99,0,5,0.46,35,16,37,1.46,59,0,0.00,99,0,0.00,0,0,0.00,0,0.64,43,47,4.30,98,27,2.47,57.45,0,0.00,0,0,0,0.00,0,0,0.00,10,0.00,0,N/A,N/A,N/A,N/A,0.00,0,0.00,0,1.47,0.00,0,74.89,50.00,83,40,0.37,0.64,7,99,66,0,0,0,0.05,0.09,1,30,127.35,0.32,0.55,6,0,0.00,0.00,99,0.00,0,0,0,0.00,0.00,0,0.00,0.00,0.09,0.05,1,0,25.00,94,40,51,68,10,0.52,10,0.03,0.05,1.47,76,0.08,0.13,86,26,1.37,2.38,1.19,0.68,37,13,0.13,73,28,24,71,0,59,49,0,0.00,99,11,0.00,1.01,14.91,8.58,163,83,96,96,7.59,4.37,50.92,27,2.47,1,0,12.50,0,0.00,99,2,0.11,0.18,51,22,91,33,0,0,0,0,0,66,81,80,78,0,99,3,95,14,1,5,14,97,0,0
Wendell Fernandes da Silva,23,1039852800,2002/12/14,Serie B,2023,Midfielder,Sampaio Corrêa,0,0,0,Brazil,0,0,0,0,0,0,0,0,0,0,0,0,0,0,0,0,0,0,0,0,0,0,0,0,0,0,0,0,0,0,0,-1,-1,-1,-1,N/A,N/A,N/A,N/A,N/A,N/A,N/A,N/A,N/A,N/A,N/A,N/A,N/A,N/A,N/A,N/A,N/A,N/A,N/A,N/A,N/A,N/A,N/A,N/A,N/A,N/A,N/A,N/A,N/A,N/A,N/A,N/A,N/A,N/A,N/A,N/A,N/A,N/A,N/A,N/A,N/A,N/A,N/A,N/A,N/A,N/A,N/A,N/A,N/A,N/A,N/A,N/A,N/A,N/A,N/A,N/A,N/A,N/A,N/A,N/A,N/A,N/A,N/A,N/A,N/A,N/A,N/A,N/A,N/A,N/A,N/A,N/A,N/A,N/A,N/A,N/A,N/A,N/A,N/A,N/A,N/A,N/A,N/A,N/A,N/A,N/A,N/A,N/A,N/A,N/A,N/A,N/A,N/A,N/A,N/A,N/A,N/A,N/A,N/A,N/A,N/A,N/A,N/A,N/A,N/A,N/A,N/A,N/A,N/A,N/A,N/A,N/A,N/A,N/A,N/A,N/A,N/A,N/A,N/A,N/A,N/A,N/A,N/A,N/A,N/A,N/A,N/A,N/A,N/A,N/A,N/A,N/A,N/A,N/A,N/A,N/A,N/A,N/A,N/A,N/A,N/A,N/A,N/A,N/A,N/A,N/A,N/A,N/A,N/A,N/A,N/A,N/A,N/A,N/A,N/A,N/A,N/A,N/A,N/A,N/A,N/A,N/A,N/A,N/A,N/A,N/A,N/A,N/A,N/A,N/A,N/A,N/A,N/A,N/A,N/A,N/A,N/A,N/A,N/A,N/A,N/A,N/A,N/A,N/A,N/A,N/A,N/A,N/A,N/A,N/A,N/A,N/A,N/A,N/A,N/A,N/A,N/A,N/A,N/A,N/A,N/A,N/A,N/A,N/A,N/A,N/A,N/A,N/A,N/A,N/A,N/A,N/A,N/A,N/A,N/A,N/A,N/A,N/A,N/A,N/A,N/A,N/A,N/A,N/A
Wenderson da Silva Costa Ferreira,27,897202800,1998/06/07,Serie B,2023,Midfielder,Guarani,970,420,550,Brazil,22,10,12,0,0,0,0,0,0,0,0,5,3,2,13,4,9,4,0,0,0,0,0,0,0,1.21,75,44,243,0,0.37,432,429,-1,28,0,7.69,0,51,39.99,21.06,63,379,17.61,317,82,33.45,69,0.00,0.00,0.17,3,0.00,0.61,2.64,1.39,25,0.00,0.56,0.00,0.00,0.00,0.44,0.33,0.00,0.00,0.74,0.17,0.72,0.00,0.22,0.02,0.00,0.61,0.00,0.00,0,0,,7,0.39,51,4,0.42,65,3,0.32,33,2,12,9,96,0.00,99,0,8,0.84,54,11,34,1.16,55,0,0.00,99,0,0.00,0,0,0.00,0,0.32,24,13,1.37,67,6,0.63,46.15,0,0.00,0,0,0,0.00,0,0,0.00,16,0.00,0,N/A,N/A,N/A,N/A,0.00,0,0.00,0,0.31,0.00,0,83.64,57.14,90,26,0.44,0.84,8,63,42,0,0,0,0.56,1.06,10,97,138.50,0.61,1.16,11,0,0.00,0.00,99,0.00,0,0,0,0.00,0.00,0,0.00,0.00,0.00,0.00,0,0,0.00,48,37,54,48,17,0.84,36,0.05,0.09,0.31,45,0.02,0.03,54,13,0.72,1.37,1.37,0.72,49,13,0.03,43,99,51,71,0,45,56,0,0.00,99,11,0.00,1.16,11.40,6.00,108,56,84,77,5.91,3.11,51.85,10,1.06,23,0,9.09,0,0.00,99,1,0.06,0.11,45,33,90,53,0,0,0,0,0,34,48,65,59,0,99,17,36,72,4,18,59,23,0,0
Wesley Augusto Henn Marth,26,952243200,2000/03/05,Serie B,2023,Defender,Tombense,971,620,351,Brazil,13,8,5,0,0,0,0,0,0,0,0,1,0,1,14,9,5,6,0,0,0,0,0,0,0,1.3,69,75,162,0,0.56,509,502,192,36,0,6.20,0,51,50.42,41.85,88,544,35.77,465,92,43.10,91,0.00,0.00,0.15,2,0.00,0.08,0.74,0.62,8,0.00,0.00,0.00,0.00,0.00,1.15,0.08,0.00,0.00,0.28,0.08,0.08,0.00,0.15,0.01,0.00,1.38,0.00,0.00,0,0,,3,0.23,18,2,0.19,43,1,0.09,12,2,3,10,30,0.00,99,0,15,1.39,83,1,32,0.09,19,0,0.00,99,0,0.00,0,0,0.00,0,0.19,16,1,0.09,12,1,0.09,100.00,0,0.00,0,0,0,0.00,0,0,0.00,11,0.00,0,N/A,N/A,N/A,N/A,0.00,0,0.00,0,0.14,0.00,0,85.48,66.67,96,76,0.23,0.28,3,16,99,0,0,0,0.85,1.02,11,96,80.56,2.54,3.06,33,0,0.00,0.00,99,0.00,0,0,0,0.00,0.00,0,0.00,0.00,0.09,0.08,1,0,0.00,48,37,24,48,12,0.96,36,0.07,0.09,0.14,27,0.01,0.01,22,6,0.46,0.56,1.58,1.31,59,17,0.01,26,3,83,71,0,59,74,0,0.00,99,18,0.00,1.67,6.02,5.00,65,33,18,17,3.06,2.54,50.77,0,0.00,99,0,0.00,0,0.00,99,0,0.00,0.00,32,38,50,53,0,0,0,0,0,34,48,65,59,0,99,2,15,93,6,46,99,3,0,0
Wesley Borges da SIlva,24,1018854000,2002/04/15,Serie B,2023,Goalkeeper,Ituano,0,0,0,Brazil,0,0,0,0,0,0,0,0,0,0,0,0,0,0,0,0,0,0,0,0,0,0,0,0,0,0,0,0,0,0,0,-1,-1,-1,-1,N/A,N/A,N/A,N/A,N/A,N/A,N/A,N/A,N/A,N/A,N/A,N/A,N/A,N/A,N/A,N/A,N/A,N/A,N/A,N/A,N/A,N/A,N/A,N/A,N/A,N/A,N/A,N/A,N/A,N/A,N/A,N/A,N/A,N/A,N/A,N/A,N/A,N/A,N/A,N/A,N/A,N/A,N/A,N/A,N/A,N/A,N/A,N/A,N/A,N/A,N/A,N/A,N/A,N/A,N/A,N/A,N/A,N/A,N/A,N/A,N/A,N/A,N/A,N/A,N/A,N/A,N/A,N/A,N/A,N/A,N/A,N/A,N/A,N/A,N/A,N/A,N/A,N/A,N/A,N/A,N/A,N/A,N/A,N/A,N/A,N/A,N/A,N/A,N/A,N/A,N/A,N/A,N/A,N/A,N/A,N/A,N/A,N/A,N/A,N/A,N/A,N/A,N/A,N/A,N/A,N/A,N/A,N/A,N/A,N/A,N/A,N/A,N/A,N/A,N/A,N/A,N/A,N/A,N/A,N/A,N/A,N/A,N/A,N/A,N/A,N/A,N/A,N/A,N/A,N/A,N/A,N/A,N/A,N/A,N/A,N/A,N/A,N/A,N/A,N/A,N/A,N/A,N/A,N/A,N/A,N/A,N/A,N/A,N/A,N/A,N/A,N/A,N/A,N/A,N/A,N/A,N/A,N/A,N/A,N/A,N/A,N/A,N/A,N/A,N/A,N/A,N/A,N/A,N/A,N/A,N/A,N/A,N/A,N/A,N/A,N/A,N/A,N/A,N/A,N/A,N/A,N/A,N/A,N/A,N/A,N/A,N/A,N/A,N/A,N/A,N/A,N/A,N/A,N/A,N/A,N/A,N/A,N/A,N/A,N/A,N/A,N/A,N/A,N/A,N/A,N/A,N/A,N/A,N/A,N/A,N/A,N/A,N/A,N/A,N/A,N/A,N/A,N/A,N/A,N/A,N/A,N/A,N/A,N/A
Wesley da Conceição Duarte Moreira,23,1023001200,2002/06/02,Serie B,2023,Forward,Ituano,1170,610,560,Brazil,18,9,9,3,1,2,0,0,0,0,0,6,4,2,13,6,7,2,0,0.23,0,0.23,0.15,0.32,390,1,90,65,585,0,0.15,77,334,-1,3,0,0.00,0,51,0.00,0.00,0,0,0.00,0,0,0.00,0,0.00,0.00,0.00,0,0.00,0.00,0.00,0.00,0,0.00,0.00,0.00,0.00,0.00,0.00,0.00,0.00,0.00,0.00,0.00,0.00,0.00,0.00,0.00,0.00,0.00,0.00,0.00,0,0,,0,0.00,9,0,0.00,21,0,0.00,10,3,2,15,4,0.00,99,0,0,0.00,9,0,32,0.00,14,0,0.00,99,0,0.00,0,0,0.00,0,0.00,6,0,0.00,8,0,0.00,0.00,0,0.00,0,0,0,0.00,0,0,0.00,36,0.00,0,N/A,N/A,N/A,N/A,0.00,0,0.00,0,0.00,0.00,0,0.00,0.00,21,99,0.00,0.00,0,12,12,0,0,0,0.00,0.00,0,20,0.00,0.00,0.00,0,0,0.00,0.00,99,0.00,0,0,0,0.00,0.00,0,0.00,0.00,0.00,0.00,0,0,0.00,48,46,41,62,36,0.00,0,0.00,0.00,0.00,14,0.00,0.00,1,0,0.00,0.00,0.00,0.00,4,0,0.00,13,0,2,71,0,45,2,0,0.00,99,0,0.00,0.00,0.00,0.00,0,0,0,0,0.00,0.00,0.00,0,0.00,99,0,0.00,0,0.00,99,0,0.00,0.00,32,55,39,70,0,0,0,0,0,74,87,92,72,0,99,45,81,27,2,0,10,17,0,0
Wesley Fraga,29,843548400,1996/09/24,Serie B,2023,Midfielder,Ponte Preta,29,17,12,Brazil,2,1,1,0,0,0,0,0,0,0,0,2,1,1,0,0,0,0,0,0,0,0,0,0,0,0,0,15,0,0,0,-1,-1,-1,16,0,6.20,0,51,7.50,1.00,0,1,0.00,0,0,0.00,0,0.00,0.00,0.00,0,0.00,0.00,7.50,1.00,1,0.00,0.00,0.00,0.00,0.00,0.00,0.00,0.00,0.00,0.00,0.00,0.00,0.00,0.00,0.00,0.00,0.00,0.00,0.00,0,0,,0,0.00,9,0,0.00,21,0,0.00,10,0,1,0,99,0.00,99,0,0,0.00,9,0,32,0.00,14,0,0.00,99,0,0.00,0,0,0.00,0,0.00,6,0,0.00,8,0,0.00,0.00,0,0.00,0,0,0,0.00,0,0,0.00,99,0.00,0,N/A,N/A,N/A,N/A,0.00,0,0.00,0,0.00,0.00,0,0.00,0.00,21,99,0.00,0.00,0,12,12,0,0,0,0.00,0.00,0,20,6.20,0.00,0.00,0,0,0.00,0.00,99,0.00,0,0,0,0.00,0.00,0,0.00,0.00,0.00,0.00,0,0,0.00,48,0,0,48,0,0.00,0,0.00,0.00,0.00,14,0.00,0.00,1,0,0.00,0.00,15.00,2.00,99,2,0.00,13,3,2,71,0,45,2,0,0.00,99,0,0.00,0.00,30.00,4.00,4,1,96,99,7.50,1.00,25.00,0,0.00,99,0,0.00,0,0.00,99,0,0.00,0.00,32,0,30,9,0,0,0,0,0,34,48,65,59,0,99,99,8,8,0,0,10,18,0,0
Wesley Frazan Bernardo,29,833958000,1996/06/05,Serie B,2023,Defender,Ituano,541,259,282,Brazil,9,5,4,0,0,0,0,0,0,0,0,2,2,0,10,4,6,3,0,0,0,0,0,0,0,1.66,54,60,180,0,0.5,498,492,221,28,0,5.94,0,51,57.37,37.11,98,334,31.33,282,87,48.44,97,0.00,0.00,0.11,1,0.00,0.00,0.86,0.56,5,0.00,0.11,0.00,0.00,0.00,1.22,0.22,0.00,0.00,0.00,0.00,0.22,0.00,0.00,0.00,0.00,1.22,0.00,0.00,0,0,,0,0.00,9,0,0.00,21,0,0.00,10,1,3,6,36,0.00,99,0,11,1.89,96,0,32,0.00,14,0,0.00,99,0,0.00,0,0,0.00,0,0.17,15,2,0.34,25,2,0.34,100.00,0,0.00,0,0,0,0.00,0,0,0.00,2,0.00,0,N/A,N/A,N/A,N/A,0.00,0,0.00,0,0.00,0.00,0,84.43,0.00,21,35,0.44,0.69,4,41,99,0,0,0,0.67,1.03,6,96,53.44,2.89,4.47,26,0,0.00,0.00,99,0.00,0,0,0,0.00,0.00,0,0.00,0.00,0.17,0.11,1,0,0.00,48,11,8,48,2,0.75,61,0.08,0.13,0.00,14,0.00,0.00,1,0,0.00,0.00,1.72,1.11,67,10,0.00,13,2,93,71,0,75,81,0,0.00,99,11,0.00,1.89,6.35,4.11,37,18,19,20,3.09,2.00,48.65,1,0.17,78,0,0.00,0,0.00,99,0,0.00,0.00,32,17,50,33,0,0,0,0,0,34,48,65,59,0,99,15,21,87,3,33,92,3,0,0
Wesley Santos,21,1086505200,2004/06/06,Serie B,2023,Defender,Mirassol,0,0,0,Brazil,0,0,0,0,0,0,0,0,0,0,0,0,0,0,0,0,0,0,0,0,0,0,0,0,0,0,0,0,0,0,0,-1,-1,-1,-1,N/A,N/A,N/A,N/A,N/A,N/A,N/A,N/A,N/A,N/A,N/A,N/A,N/A,N/A,N/A,N/A,N/A,N/A,N/A,N/A,N/A,N/A,N/A,N/A,N/A,N/A,N/A,N/A,N/A,N/A,N/A,N/A,N/A,N/A,N/A,N/A,N/A,N/A,N/A,N/A,N/A,N/A,N/A,N/A,N/A,N/A,N/A,N/A,N/A,N/A,N/A,N/A,N/A,N/A,N/A,N/A,N/A,N/A,N/A,N/A,N/A,N/A,N/A,N/A,N/A,N/A,N/A,N/A,N/A,N/A,N/A,N/A,N/A,N/A,N/A,N/A,N/A,N/A,N/A,N/A,N/A,N/A,N/A,N/A,N/A,N/A,N/A,N/A,N/A,N/A,N/A,N/A,N/A,N/A,N/A,N/A,N/A,N/A,N/A,N/A,N/A,N/A,N/A,N/A,N/A,N/A,N/A,N/A,N/A,N/A,N/A,N/A,N/A,N/A,N/A,N/A,N/A,N/A,N/A,N/A,N/A,N/A,N/A,N/A,N/A,N/A,N/A,N/A,N/A,N/A,N/A,N/A,N/A,N/A,N/A,N/A,N/A,N/A,N/A,N/A,N/A,N/A,N/A,N/A,N/A,N/A,N/A,N/A,N/A,N/A,N/A,N/A,N/A,N/A,N/A,N/A,N/A,N/A,N/A,N/A,N/A,N/A,N/A,N/A,N/A,N/A,N/A,N/A,N/A,N/A,N/A,N/A,N/A,N/A,N/A,N/A,N/A,N/A,N/A,N/A,N/A,N/A,N/A,N/A,N/A,N/A,N/A,N/A,N/A,N/A,N/A,N/A,N/A,N/A,N/A,N/A,N/A,N/A,N/A,N/A,N/A,N/A,N/A,N/A,N/A,N/A,N/A,N/A,N/A,N/A,N/A,N/A,N/A,N/A,N/A,N/A,N/A,N/A,N/A,N/A,N/A,N/A,N/A,N/A
Weverton Guilherme da Silva Souza,26,929430000,1999/06/15,Serie B,2023,Defender,Ponte Preta,1221,598,623,Brazil,21,10,11,0,0,0,1,1,0,0,0,8,5,3,14,5,9,3,0,0.07,0.07,0,0,0,0,1.03,87,58,407,1221,0.22,474,189,143,36,0,6.75,0.05,67,38.85,25.10,60,527,18.81,395,32,29.12,55,0.00,0.00,0.95,20,0.00,3.33,1.47,0.95,20,0.00,0.24,0.00,0.00,0.00,0.29,0.48,0.00,0.00,0.37,0.24,0.86,0.00,0.00,0.01,0.00,0.43,0.00,0.00,0,0,,5,0.24,25,0,0.00,21,5,0.37,41,3,10,11,64,0.00,99,0,6,0.44,34,70,81,5.16,93,0,0.00,99,0,0.00,0,0,0.00,0,1.47,83,18,1.33,66,10,0.74,55.56,0,0.00,0,0,0,0.00,0,0,0.00,33,0.00,0,N/A,N/A,N/A,N/A,0.00,0,0.00,0,0.16,0.00,0,74.95,0.00,21,45,0.38,0.59,8,71,63,0,0,0,0.14,0.22,3,56,141.71,1.95,3.02,41,0,0.00,0.00,99,0.00,0,0,0,0.00,0.00,0,0.00,0.00,0.00,0.00,0,0,0.00,48,48,51,48,33,2.32,80,0.11,0.17,0.16,27,0.01,0.01,15,6,0.29,0.44,0.44,0.29,11,6,0.01,26,41,83,71,0,45,30,0,0.00,99,9,0.00,0.66,6.04,3.90,82,45,23,17,3.32,2.14,54.88,5,0.37,67,0,31.43,0,0.00,99,22,1.05,1.62,96,42,85,70,0,0,0,0,0,42,48,65,59,0,99,59,64,46,3,14,47,2,0,0
Willean Bernardo Willemen,29,853401600,1997/01/16,Serie B,2023,Defender,Novorizontino,2692,1278,1414,Brazil,33,16,17,0,0,0,2,1,1,0,0,12,7,5,24,7,17,5,0,0.07,0.07,0,0,0,0,0.8,112,82,538,1346,0.17,393,194,76,29,0,6.95,0.06,67,36.53,33.34,53,1067,23.84,763,18,26.12,47,0.00,0.00,1.41,45,0.00,4.59,1.64,1.50,48,0.00,0.88,0.00,0.00,0.00,1.06,1.00,0.00,0.00,0.75,0.56,2.06,0.00,0.12,0.02,0.00,1.56,0.00,0.00,0,0,,22,0.69,52,4,0.14,35,18,0.62,65,1,3,29,73,0.00,99,0,34,1.16,71,147,77,5.03,93,0,0.00,99,0,0.00,0,0,0.00,0,1.54,84,66,2.26,87,32,1.10,48.48,0,0.00,0,0,0,0.00,0,0,0.00,63,0.00,0,N/A,N/A,N/A,N/A,0.00,0,0.00,0,0.66,0.00,0,71.51,18.18,29,43,0.56,0.62,18,86,46,0,0,0,0.25,0.27,8,62,222.52,1.00,1.10,32,0,0.00,0.00,99,0.00,0,0,4,0.12,0.14,0,0.00,0.00,0.07,0.06,2,0,0.00,48,90,90,48,63,4.82,80,0.15,0.17,0.66,38,0.02,0.02,42,30,0.94,1.03,1.06,0.97,30,31,0.02,37,79,49,96,0,55,75,0,0.00,99,50,0.00,1.71,10.68,9.75,312,160,78,72,5.48,5.00,51.28,28,0.96,27,0,28.57,0,0.00,99,42,1.31,1.44,93,87,50,33,0,0,0,0,0,42,48,65,59,0,99,52,77,33,5,15,50,22,0,0
William de Oliveira Pottker,32,756547200,1993/12/22,Serie B,2023,Forward,Avaí,1062,794,268,Brazil,12,9,3,2,2,0,1,0,1,2,0,4,3,1,12,9,3,6,0,0.25,0.08,0.17,0.23,0,531,1.02,89,89,177,1062,0.51,124,174,-1,5,0,6.80,0.08,69,27.37,26.92,32,323,21.25,255,57,21.61,35,0.00,0.00,1.17,14,0.00,2.25,0.51,0.50,6,0.00,1.42,0.00,0.00,0.00,0.08,0.83,0.00,9.50,1.61,1.00,3.08,0.00,0.58,0.16,0.00,0.58,0.00,0.00,0,0,,19,1.58,81,7,0.59,74,12,1.02,86,1,0,12,16,0.00,99,0,1,0.08,10,27,41,2.29,70,0,0.00,99,0,0.00,0,0,0.00,0,1.19,72,37,3.14,95,10,0.85,27.03,0,0.00,0,0,0,0.00,0,0,0.00,34,0.00,0,N/A,N/A,N/A,N/A,0.00,0,0.00,0,1.90,0.00,0,78.95,36.84,52,88,0.17,0.17,2,77,17,2,0,0,0.17,0.17,2,47,81.54,0.42,0.42,5,0,0.00,0.00,99,0.00,0,2,0,0.00,0.00,0,0.00,0.00,0.25,0.25,3,0,10.53,69,43,20,71,35,1.71,68,0.14,0.14,0.50,49,0.04,0.04,74,22,1.83,1.86,1.10,1.08,33,13,0.16,80,52,16,71,0,81,27,0,0.00,99,7,0.00,0.59,9.92,9.75,117,45,34,62,3.81,3.75,38.46,17,1.44,11,0,14.81,0,0.00,99,4,0.33,0.34,59,47,19,33,0,1,0,8,0,75,79,65,84,0,99,45,20,88,6,50,99,10,0,0
William Silva Gomes Barbio,33,719737200,1992/10/22,Serie B,2023,Forward,Londrina,952,451,501,Brazil,12,6,6,1,0,1,1,1,0,0,0,3,2,1,19,5,14,1,0,0.19,0.09,0.09,0,0.18,952,1.8,50,79,952,952,0.09,207,158,-1,13,0,6.76,0.08,74,23.18,20.18,21,222,15.00,165,29,17.23,23,0.00,0.00,1.36,15,0.00,1.27,0.63,0.55,6,0.00,0.45,0.00,0.00,0.00,0.27,0.27,0.00,0.00,0.84,0.27,1.00,0.00,0.45,0.04,0.00,0.73,0.00,0.00,0,0,,8,0.73,56,5,0.52,70,3,0.31,31,1,0,11,23,0.00,99,0,3,0.31,27,14,40,1.46,59,0,0.00,99,0,0.00,0,0,0.00,0,1.57,85,11,1.15,59,3,0.31,27.27,0,0.00,0,0,0,0.00,0,0,0.00,1,0.00,0,N/A,N/A,N/A,N/A,0.00,0,0.00,0,0.39,0.00,0,74.32,62.50,94,85,0.18,0.21,2,37,17,0,0,0,0.27,0.31,3,67,74.31,0.55,0.63,6,0,0.00,0.00,99,0.00,0,0,0,0.00,0.00,0,0.00,0.00,0.10,0.09,1,0,0.00,48,36,20,86,2,1.44,71,0.13,0.15,0.39,49,0.04,0.04,58,14,1.27,1.46,1.67,1.45,65,16,0.04,47,44,26,71,0,62,41,0,0.00,99,8,0.00,0.84,8.67,7.55,83,31,21,45,3.24,2.82,37.35,5,0.52,57,0,14.29,0,0.00,99,2,0.18,0.21,53,42,19,33,0,0,0,0,0,67,63,81,59,0,99,22,93,14,1,8,26,9,0,0
Willian Gabriel Lins de Sá,21,1090998000,2004/07/28,Serie B,2023,Forward,Botafogo SP,98,28,70,Brazil,3,1,2,0,0,0,0,0,0,0,0,0,0,0,2,0,2,0,0,0,0,0,0,0,0,1.84,49,33,0,0,0,-1,-1,-1,20,0,0.00,0,51,0.00,0.00,0,0,0.00,0,0,0.00,0,0.00,0.00,0.00,0,0.00,0.00,0.00,0.00,0,0.00,0.00,0.00,0.00,0.00,0.00,0.00,0.00,0.00,0.00,0.00,0.00,0.00,0.00,0.00,0.00,0.00,0.00,0.00,0,0,,0,0.00,9,0,0.00,21,0,0.00,10,0,2,0,4,0.00,99,0,0,0.00,9,0,32,0.00,14,0,0.00,99,0,0.00,0,0,0.00,0,0.00,6,0,0.00,8,0,0.00,0.00,0,0.00,0,0,0,0.00,0,0,0.00,1,0.00,0,N/A,N/A,N/A,N/A,0.00,0,0.00,0,0.00,0.00,0,0.00,0.00,21,99,0.00,0.00,0,12,12,0,0,0,0.00,0.00,0,20,0.00,0.00,0.00,0,0,0.00,0.00,99,0.00,0,0,0,0.00,0.00,0,0.00,0.00,0.00,0.00,0,0,0.00,48,0,0,48,1,0.00,0,0.00,0.00,0.00,14,0.00,0.00,1,0,0.00,0.00,0.00,0.00,4,0,0.00,13,0,2,71,0,45,2,0,0.00,99,0,0.00,0.00,0.00,0.00,0,0,0,0,0.00,0.00,0.00,0,0.00,99,0,0.00,0,0.00,99,0,0.00,0.00,32,0,39,9,0,0,0,0,0,34,48,65,59,0,99,1,8,8,0,0,10,20,0,0
Willian Marlon Ferreira Moraes,30,818928000,1995/12/14,Serie B,2023,Midfielder,Ceará,1403,726,677,Brazil,18,9,9,1,0,1,0,0,0,0,0,6,4,2,14,9,5,7,0,0.06,0,0.06,0,0.13,1403,0.9,100,78,200,0,0.45,241,483,-1,12,0,7.26,0,51,39.08,35.12,60,597,29.94,509,90,33.32,68,0.00,0.00,0.35,6,0.00,0.24,2.03,1.82,31,0.00,0.41,0.00,0.00,0.00,0.76,0.24,0.00,4.00,0.26,0.12,0.53,0.00,0.12,0.04,0.00,1.00,0.00,0.00,0,0,,4,0.24,17,2,0.13,33,2,0.13,15,2,1,17,87,0.00,99,0,13,0.85,54,4,32,0.26,30,0,0.00,99,0,0.00,0,0,0.00,0,0.39,27,9,0.59,35,4,0.26,44.44,0,0.00,0,0,0,0.00,0,0,0.00,49,0.00,0,N/A,N/A,N/A,N/A,0.00,0,0.00,0,0.73,0.00,0,85.26,50.00,83,90,0.12,0.13,2,33,39,0,0,0,0.71,0.79,12,91,123.43,1.41,1.57,24,1,0.00,0.07,6,0.06,0,0,1,0.06,0.07,0,0.00,0.00,0.07,0.06,1,0,25.00,94,57,41,92,49,1.29,27,0.08,0.08,0.73,53,0.04,0.05,35,12,0.71,0.79,2.68,2.41,94,41,0.05,51,97,65,88,0,55,55,0,0.00,99,17,0.00,1.11,8.44,7.59,129,64,42,41,4.19,3.76,49.61,7,0.46,61,0,0.00,0,0.00,99,0,0.00,0.00,32,61,30,53,0,0,0,0,0,40,56,76,59,0,99,45,25,83,7,39,95,95,0,0
Willian Prado Camargo,31,790761600,1995/01/22,Serie B,2023,Defender,Ceará,734,318,416,Brazil,14,5,9,0,0,0,0,0,0,0,0,4,3,1,8,3,5,2,0,0,0,0,0,0,0,0.98,92,52,367,0,0.25,438,446,130,34,0,6.60,0,51,41.29,24.21,68,339,19.14,268,57,32.64,66,0.00,0.00,0.29,4,0.00,0.86,1.46,0.86,12,0.00,0.21,0.00,0.00,0.00,0.86,0.21,0.00,0.00,0.37,0.21,0.57,0.00,0.00,0.01,0.00,1.14,0.00,0.00,0,0,,3,0.21,25,0,0.00,21,3,0.37,41,1,8,6,64,0.00,99,0,12,1.46,86,12,67,1.46,59,0,0.00,99,0,0.00,0,0,0.00,0,0.49,32,8,0.97,50,3,0.37,37.50,0,0.00,0,0,0,0.00,0,0,0.00,38,0.00,0,N/A,N/A,N/A,N/A,0.00,0,0.00,0,0.09,0.00,0,79.06,0.00,21,24,0.50,0.85,7,43,25,0,0,0,0.07,0.12,1,36,92.33,1.43,2.44,20,0,0.00,0.00,99,0.00,0,0,0,0.00,0.00,0,0.00,0.00,0.12,0.07,1,0,0.00,48,24,27,48,39,0.79,45,0.06,0.10,0.09,27,0.01,0.01,92,22,1.57,2.68,1.95,1.14,78,16,0.01,26,18,80,71,0,67,83,0,0.00,99,16,0.00,1.95,11.20,6.57,92,53,90,76,6.45,3.79,57.61,3,0.37,67,0,25.00,0,0.00,99,3,0.21,0.37,62,17,79,33,0,0,0,0,0,34,48,65,59,0,99,29,58,51,2,14,47,22,0,0
Wisney Junio Dias Carvalho,26,928998000,1999/06/10,Serie B,2023,Midfielder,Tombense,3,3,0,Brazil,1,1,0,0,0,0,0,0,0,0,0,0,0,0,0,0,0,0,0,0,0,0,0,0,0,0,0,3,0,0,0,-1,-1,-1,20,0,6.63,0,51,210.00,7.00,99,7,7.00,7,99,210.00,99,0.00,0.00,0.00,0,0.00,1.00,0.00,0.00,0,0.00,0.00,0.00,0.00,0.00,0.00,0.00,0.00,0.00,0.00,0.00,0.00,0.00,0.00,0.00,0.00,0.00,0.00,0.00,0,0,,0,0.00,9,0,0.00,21,0,0.00,10,0,1,0,4,0.00,99,0,0,0.00,9,1,32,30.00,99,0,0.00,99,0,0.00,0,0,0.00,0,0.00,6,0,0.00,8,0,0.00,0.00,0,0.00,0,0,0,0.00,0,0,0.00,99,0.00,0,N/A,N/A,N/A,N/A,0.00,0,0.00,0,0.00,0.00,0,100.00,0.00,21,99,0.00,0.00,0,12,12,0,0,0,0.00,0.00,0,20,6.63,0.00,0.00,0,0,0.00,0.00,99,0.00,0,0,0,0.00,0.00,0,0.00,0.00,0.00,0.00,0,0,0.00,48,0,0,48,0,0.01,98,0.01,0.30,0.00,14,0.00,0.00,99,1,1.00,30.00,0.00,0.00,4,0,0.00,13,20,2,71,0,45,2,0,0.00,99,0,0.00,0.00,30.00,1.00,1,1,99,99,30.00,1.00,100.00,0,0.00,99,0,0.00,0,0.00,99,0,0.00,0.00,32,0,30,9,0,0,0,0,0,34,48,65,59,0,99,1,8,8,0,0,10,22,0,0
Yago Lincoln Rocha Santos,23,1043913600,2003/01/30,Serie B,2023,Defender,Ceará,0,0,0,Brazil,0,0,0,0,0,0,0,0,0,0,0,0,0,0,0,0,0,0,0,0,0,0,0,0,0,0,0,0,0,0,0,-1,-1,-1,-1,N/A,N/A,N/A,N/A,N/A,N/A,N/A,N/A,N/A,N/A,N/A,N/A,N/A,N/A,N/A,N/A,N/A,N/A,N/A,N/A,N/A,N/A,N/A,N/A,N/A,N/A,N/A,N/A,N/A,N/A,N/A,N/A,N/A,N/A,N/A,N/A,N/A,N/A,N/A,N/A,N/A,N/A,N/A,N/A,N/A,N/A,N/A,N/A,N/A,N/A,N/A,N/A,N/A,N/A,N/A,N/A,N/A,N/A,N/A,N/A,N/A,N/A,N/A,N/A,N/A,N/A,N/A,N/A,N/A,N/A,N/A,N/A,N/A,N/A,N/A,N/A,N/A,N/A,N/A,N/A,N/A,N/A,N/A,N/A,N/A,N/A,N/A,N/A,N/A,N/A,N/A,N/A,N/A,N/A,N/A,N/A,N/A,N/A,N/A,N/A,N/A,N/A,N/A,N/A,N/A,N/A,N/A,N/A,N/A,N/A,N/A,N/A,N/A,N/A,N/A,N/A,N/A,N/A,N/A,N/A,N/A,N/A,N/A,N/A,N/A,N/A,N/A,N/A,N/A,N/A,N/A,N/A,N/A,N/A,N/A,N/A,N/A,N/A,N/A,N/A,N/A,N/A,N/A,N/A,N/A,N/A,N/A,N/A,N/A,N/A,N/A,N/A,N/A,N/A,N/A,N/A,N/A,N/A,N/A,N/A,N/A,N/A,N/A,N/A,N/A,N/A,N/A,N/A,N/A,N/A,N/A,N/A,N/A,N/A,N/A,N/A,N/A,N/A,N/A,N/A,N/A,N/A,N/A,N/A,N/A,N/A,N/A,N/A,N/A,N/A,N/A,N/A,N/A,N/A,N/A,N/A,N/A,N/A,N/A,N/A,N/A,N/A,N/A,N/A,N/A,N/A,N/A,N/A,N/A,N/A,N/A,N/A,N/A,N/A,N/A,N/A,N/A,N/A,N/A,N/A,N/A,N/A,N/A,N/A
Yan da Cruz Souto,24,1002265200,2001/10/05,Serie B,2023,Defender,Vitória,904,382,522,Brazil,14,6,8,0,0,0,0,0,0,0,0,6,5,1,15,1,14,6,0,0,0,0,0,0,0,1.49,60,65,151,0,0.6,483,285,213,26,0,6.73,0,51,40.58,28.23,65,367,21.31,277,35,30.63,60,0.00,0.00,0.46,6,0.00,0.69,1.55,1.08,14,0.00,0.62,0.00,0.00,0.00,1.31,0.23,0.00,0.00,0.55,0.31,0.38,0.00,0.08,0.01,0.00,1.31,0.00,0.00,0,0,,5,0.38,40,1,0.11,31,4,0.44,48,3,3,10,68,0.00,99,0,17,1.88,96,9,97,1.00,53,0,0.00,99,0,0.00,0,0,0.00,0,0.66,43,5,0.55,33,3,0.33,60.00,0,0.00,0,0,0,0.00,0,0,0.00,5,0.00,0,N/A,N/A,N/A,N/A,0.00,0,0.00,0,0.17,0.00,0,75.48,20.00,31,83,0.15,0.22,2,39,73,0,0,0,0.38,0.55,5,83,87.48,2.62,3.76,34,0,0.00,0.00,99,0.00,0,0,1,0.08,0.11,0,0.00,0.00,0.00,0.00,0,0,0.00,48,35,27,48,5,0.93,45,0.07,0.10,0.17,38,0.01,0.02,15,4,0.31,0.44,2.21,1.54,84,20,0.02,37,37,88,93,0,45,81,0,0.00,99,17,0.00,1.88,9.18,6.38,83,38,43,52,4.20,2.92,45.78,8,0.88,31,0,55.56,0,0.00,99,5,0.38,0.55,71,38,50,70,0,0,0,0,0,34,48,65,59,0,99,77,13,95,5,36,93,14,0,0
Yan Henrique Rodrigues da Silva,20,1131091200,2005/11/04,Serie B,2023,Defender,Guarani,82,82,0,Brazil,1,1,0,0,0,0,0,0,0,0,0,0,0,0,1,1,0,0,0,0,0,0,0,0,0,1.1,82,82,0,0,0,-1,-1,-1,17,0,0.00,0,51,0.00,0.00,0,0,0.00,0,0,0.00,0,0.00,0.00,0.00,0,0.00,0.00,0.00,0.00,0,0.00,0.00,0.00,0.00,0.00,0.00,0.00,0.00,0.00,0.00,0.00,0.00,0.00,0.00,0.00,0.00,0.00,0.00,0.00,0,0,,0,0.00,9,0,0.00,21,0,0.00,10,5,0,1,4,0.00,99,0,0,0.00,9,0,32,0.00,14,0,0.00,99,0,0.00,0,0,0.00,0,0.00,6,0,0.00,8,0,0.00,0.00,0,0.00,0,0,0,0.00,0,0,0.00,26,0.00,0,N/A,N/A,N/A,N/A,0.00,0,0.00,0,0.00,0.00,0,0.00,0.00,21,99,0.00,0.00,0,12,12,0,0,0,0.00,0.00,0,20,0.00,0.00,0.00,0,0,0.00,0.00,99,0.00,0,0,0,0.00,0.00,0,0.00,0.00,0.00,0.00,0,0,0.00,48,0,0,48,27,0.00,0,0.00,0.00,0.00,14,0.00,0.00,1,0,0.00,0.00,0.00,0.00,4,0,0.00,13,0,2,71,0,45,2,0,0.00,99,0,0.00,0.00,0.00,0.00,0,0,0,0,0.00,0.00,0.00,0,0.00,99,0,0.00,0,0.00,99,0,0.00,0.00,32,0,19,89,0,0,0,0,0,34,48,65,59,0,99,1,8,8,0,0,10,30,0,0
Yann Del Pino Rolim,31,795254400,1995/03/15,Serie B,2023,Midfielder,Ituano,1402,675,727,Brazil,26,13,13,3,2,1,2,0,2,0,0,7,5,2,16,7,9,3,0,0.32,0.13,0.19,0.27,0.12,467,1.03,88,54,467,701,0.19,105,115,-1,4,0,6.91,0.08,80,31.35,18.28,41,457,13.64,341,30,23.39,41,0.00,0.00,1.36,34,0.00,2.28,1.30,0.76,19,0.00,0.68,0.00,0.00,0.00,0.16,0.44,0.00,9.33,1.92,0.64,1.08,0.00,0.48,0.11,0.00,0.24,0.00,0.00,0,0,,28,1.12,90,12,0.82,86,16,1.10,89,4,9,16,57,0.00,99,0,4,0.27,24,57,63,3.91,88,0,0.00,99,0,0.00,0,0,0.00,0,2.33,95,27,1.85,79,11,0.75,40.74,0,0.00,0,0,0,0.00,0,0,0.00,33,0.00,0,N/A,N/A,N/A,N/A,0.00,0,0.00,0,2.87,0.00,0,74.62,42.86,67,43,0.36,0.62,9,71,32,0,0,0,0.04,0.07,1,27,172.75,0.28,0.48,7,0,0.00,0.00,99,0.00,0,0,0,0.00,0.00,0,0.00,0.00,0.00,0.00,0,0,10.71,70,57,67,66,33,3.27,91,0.13,0.22,2.87,89,0.11,0.20,66,24,0.96,1.65,1.51,0.88,56,22,0.20,85,72,21,71,0,45,18,0,0.00,99,6,0.00,0.41,9.26,5.40,135,60,41,54,4.12,2.40,44.44,17,1.17,19,0,24.56,0,0.00,99,14,0.56,0.96,86,58,83,83,0,1,0,4,0,84,82,74,87,0,99,25,72,37,2,8,26,18,0,0
Ygor Vinhas Oliveira Lima,32,766393200,1994/04/15,Serie B,2023,Goalkeeper,Avaí,990,360,630,Brazil,11,4,7,0,0,0,0,0,0,0,0,3,1,2,16,6,10,1,0,0,0,0,0,0,0,1.45,62,90,990,0,0.09,428,424,207,46,0,6.63,0,51,24.91,24.91,26,274,19.55,215,54,19.55,29,0.00,0.00,0.00,0,0.00,0.00,0.18,0.18,2,0.00,0.00,0.00,0.00,3.00,0.09,0.00,4.82,0.00,0.00,0.00,0.00,0.00,0.00,0.00,0.00,0.09,0.00,0.00,0,0,,0,0.00,9,0,0.00,21,0,0.00,10,0,0,11,8,0.00,99,0,1,0.09,11,0,32,0.00,14,0,0.00,99,0,0.00,0,0,0.00,0,0.00,6,0,0.00,8,0,0.00,0.00,0,0.00,0,33,9,3.00,59,53,0.00,6,4.82,97,N/A,N/A,N/A,N/A,62.26,0,0.00,0,0.00,0.00,0,78.47,0.00,21,77,0.27,0.27,3,12,12,0,0,18,0.00,0.00,0,20,72.89,0.73,0.73,8,0,0.00,0.00,99,0.00,0,0,0,0.00,0.00,3,0.27,0.27,0.00,0.00,0,0,0.00,48,39,15,48,7,0.40,8,0.04,0.04,0.00,14,0.00,0.00,3,1,0.09,0.09,0.00,0.00,4,0,0.00,13,20,33,71,3,45,2,0,0.00,99,1,0.00,0.09,0.64,0.64,7,4,3,6,0.36,0.36,57.14,0,0.00,99,0,0.00,0,0.00,99,0,0.00,0.00,32,42,19,9,0,0,0,0,0,34,48,65,59,0,99,25,94,14,1,9,29,87,0,0
Ytalo José Oliveira dos Santos,38,568972800,1988/01/12,Serie B,2023,Forward,Sampaio Corrêa,2518,1253,1265,Brazil,32,16,16,13,8,5,2,1,1,1,1,10,4,6,31,15,16,5,0,0.54,0.07,0.46,0.57,0.36,194,1.11,81,79,504,1259,0.18,16,193,-1,1,0,6.92,0.06,67,17.46,15.19,6,471,11.90,369,52,13.68,13,0.00,0.00,0.68,21,0.00,0.19,0.85,0.74,23,0.00,0.32,0.00,0.00,0.00,0.26,0.13,0.00,3.17,1.41,0.35,0.39,0.00,0.87,0.29,0.00,0.71,0.00,0.00,0,0,,38,1.23,74,27,1.00,94,11,0.41,45,1,0,31,35,0.00,99,0,8,0.30,26,6,44,0.22,29,0,0.00,99,0,0.00,0,0,0.00,0,0.78,49,12,0.44,29,4,0.15,33.33,0,0.00,0,0,0,0.00,0,0,0.00,25,0.00,0,N/A,N/A,N/A,N/A,0.00,0,0.00,0,8.94,0.00,0,78.34,71.05,97,71,0.29,0.33,9,23,22,0,1,0,0.10,0.11,3,34,214.63,0.61,0.70,19,0,0.00,0.00,99,0.00,0,1,0,0.00,0.00,0,0.00,0.00,0.30,0.26,8,1,31.58,98,88,86,51,25,2.80,45,0.09,0.10,8.24,98,0.27,0.31,52,36,1.16,1.33,0.96,0.84,27,26,0.33,97,74,31,71,0,84,39,0,0.00,99,22,0.00,0.82,7.23,6.29,195,85,20,30,3.15,2.74,43.59,10,0.37,67,0,16.67,0,0.00,99,1,0.03,0.04,36,91,19,33,0,1,0,3,0,97,98,94,98,0,99,36,74,35,5,16,53,9,0,0
Yuri Oliveira Lima,31,776070000,1994/08/05,Serie B,2023,Midfielder,Mirassol,1346,567,779,Brazil,22,10,12,0,0,0,0,0,0,0,0,11,7,4,10,3,7,8,0,0,0,0,0,0,0,0.67,135,61,168,0,0.53,384,379,-1,28,0,6.54,0,51,66.60,45.27,99,996,39.45,868,96,58.04,99,0.00,0.00,0.27,6,0.00,0.09,2.47,1.68,37,0.00,0.27,0.00,0.00,0.00,0.64,0.09,0.00,0.00,0.53,0.32,0.18,0.00,0.05,0.01,0.00,1.27,0.00,0.00,0,0,,8,0.36,38,1,0.07,27,7,0.47,51,2,6,16,94,0.00,99,0,14,0.94,59,2,32,0.13,23,0,0.00,99,0,0.00,0,0,0.00,0,0.40,28,4,0.27,22,2,0.13,50.00,0,0.00,0,0,0,0.00,0,0,0.00,82,0.00,0,N/A,N/A,N/A,N/A,0.00,0,0.00,0,0.29,0.00,0,87.15,12.50,24,5,0.86,1.27,19,19,55,0,0,0,0.14,0.20,3,53,143.96,1.27,1.87,28,0,0.00,0.00,99,0.00,0,0,0,0.00,0.00,0,0.00,0.00,0.00,0.00,0,0,0.00,48,54,54,48,82,1.78,55,0.08,0.12,0.29,38,0.01,0.02,16,7,0.32,0.47,3.01,2.05,98,45,0.02,37,13,70,71,0,45,80,0,0.00,99,28,0.00,1.87,10.56,7.18,158,74,65,70,4.95,3.36,46.84,6,0.40,65,0,0.00,0,0.00,99,0,0.00,0.00,32,58,70,53,0,0,0,0,0,34,48,65,59,0,99,92,17,91,8,36,93,15,0,0
Yuri Raimundo Barreto Gomes,22,1077782400,2004/02/26,Serie B,2023,Goalkeeper,ABC,0,0,0,Brazil,0,0,0,0,0,0,0,0,0,0,0,0,0,0,0,0,0,0,0,0,0,0,0,0,0,0,0,0,0,0,0,-1,-1,-1,-1,N/A,N/A,N/A,N/A,N/A,N/A,N/A,N/A,N/A,N/A,N/A,N/A,N/A,N/A,N/A,N/A,N/A,N/A,N/A,N/A,N/A,N/A,N/A,N/A,N/A,N/A,N/A,N/A,N/A,N/A,N/A,N/A,N/A,N/A,N/A,N/A,N/A,N/A,N/A,N/A,N/A,N/A,N/A,N/A,N/A,N/A,N/A,N/A,N/A,N/A,N/A,N/A,N/A,N/A,N/A,N/A,N/A,N/A,N/A,N/A,N/A,N/A,N/A,N/A,N/A,N/A,N/A,N/A,N/A,N/A,N/A,N/A,N/A,N/A,N/A,N/A,N/A,N/A,N/A,N/A,N/A,N/A,N/A,N/A,N/A,N/A,N/A,N/A,N/A,N/A,N/A,N/A,N/A,N/A,N/A,N/A,N/A,N/A,N/A,N/A,N/A,N/A,N/A,N/A,N/A,N/A,N/A,N/A,N/A,N/A,N/A,N/A,N/A,N/A,N/A,N/A,N/A,N/A,N/A,N/A,N/A,N/A,N/A,N/A,N/A,N/A,N/A,N/A,N/A,N/A,N/A,N/A,N/A,N/A,N/A,N/A,N/A,N/A,N/A,N/A,N/A,N/A,N/A,N/A,N/A,N/A,N/A,N/A,N/A,N/A,N/A,N/A,N/A,N/A,N/A,N/A,N/A,N/A,N/A,N/A,N/A,N/A,N/A,N/A,N/A,N/A,N/A,N/A,N/A,N/A,N/A,N/A,N/A,N/A,N/A,N/A,N/A,N/A,N/A,N/A,N/A,N/A,N/A,N/A,N/A,N/A,N/A,N/A,N/A,N/A,N/A,N/A,N/A,N/A,N/A,N/A,N/A,N/A,N/A,N/A,N/A,N/A,N/A,N/A,N/A,N/A,N/A,N/A,N/A,N/A,N/A,N/A,N/A,N/A,N/A,N/A,N/A,N/A,N/A,N/A,N/A,N/A,N/A,N/A
Yvan Lafont Tiwa,21,1103875200,2004/12/24,Serie B,2023,Goalkeeper,Londrina,0,0,0,Cameroon,0,0,0,0,0,0,0,0,0,0,0,0,0,0,0,0,0,0,0,0,0,0,0,0,0,0,0,0,0,0,0,-1,-1,-1,-1,N/A,N/A,N/A,N/A,N/A,N/A,N/A,N/A,N/A,N/A,N/A,N/A,N/A,N/A,N/A,N/A,N/A,N/A,N/A,N/A,N/A,N/A,N/A,N/A,N/A,N/A,N/A,N/A,N/A,N/A,N/A,N/A,N/A,N/A,N/A,N/A,N/A,N/A,N/A,N/A,N/A,N/A,N/A,N/A,N/A,N/A,N/A,N/A,N/A,N/A,N/A,N/A,N/A,N/A,N/A,N/A,N/A,N/A,N/A,N/A,N/A,N/A,N/A,N/A,N/A,N/A,N/A,N/A,N/A,N/A,N/A,N/A,N/A,N/A,N/A,N/A,N/A,N/A,N/A,N/A,N/A,N/A,N/A,N/A,N/A,N/A,N/A,N/A,N/A,N/A,N/A,N/A,N/A,N/A,N/A,N/A,N/A,N/A,N/A,N/A,N/A,N/A,N/A,N/A,N/A,N/A,N/A,N/A,N/A,N/A,N/A,N/A,N/A,N/A,N/A,N/A,N/A,N/A,N/A,N/A,N/A,N/A,N/A,N/A,N/A,N/A,N/A,N/A,N/A,N/A,N/A,N/A,N/A,N/A,N/A,N/A,N/A,N/A,N/A,N/A,N/A,N/A,N/A,N/A,N/A,N/A,N/A,N/A,N/A,N/A,N/A,N/A,N/A,N/A,N/A,N/A,N/A,N/A,N/A,N/A,N/A,N/A,N/A,N/A,N/A,N/A,N/A,N/A,N/A,N/A,N/A,N/A,N/A,N/A,N/A,N/A,N/A,N/A,N/A,N/A,N/A,N/A,N/A,N/A,N/A,N/A,N/A,N/A,N/A,N/A,N/A,N/A,N/A,N/A,N/A,N/A,N/A,N/A,N/A,N/A,N/A,N/A,N/A,N/A,N/A,N/A,N/A,N/A,N/A,N/A,N/A,N/A,N/A,N/A,N/A,N/A,N/A,N/A,N/A,N/A,N/A,N/A,N/A,N/A
