timestamp,date_GMT,status,attendance,home_team_name,away_team_name,referee,Game Week,Pre-Match PPG (Home),Pre-Match PPG (Away),home_ppg,away_ppg,home_team_goal_count,away_team_goal_count,total_goal_count,total_goals_at_half_time,home_team_goal_count_half_time,away_team_goal_count_half_time,home_team_goal_timings,away_team_goal_timings,home_team_corner_count,away_team_corner_count,home_team_yellow_cards,home_team_red_cards,away_team_yellow_cards,away_team_red_cards,home_team_first_half_cards,home_team_second_half_cards,away_team_first_half_cards,away_team_second_half_cards,home_team_shots,away_team_shots,home_team_shots_on_target,away_team_shots_on_target,home_team_shots_off_target,away_team_shots_off_target,home_team_fouls,away_team_fouls,home_team_possession,away_team_possession,Home Team Pre-Match xG,Away Team Pre-Match xG,team_a_xg,team_b_xg,average_goals_per_match_pre_match,btts_percentage_pre_match,over_15_percentage_pre_match,over_25_percentage_pre_match,over_35_percentage_pre_match,over_45_percentage_pre_match,over_15_HT_FHG_percentage_pre_match,over_05_HT_FHG_percentage_pre_match,over_15_2HG_percentage_pre_match,over_05_2HG_percentage_pre_match,average_corners_per_match_pre_match,average_cards_per_match_pre_match,odds_ft_home_team_win,odds_ft_draw,odds_ft_away_team_win,odds_ft_over15,odds_ft_over25,odds_ft_over35,odds_ft_over45,odds_btts_yes,odds_btts_no,stadium_name
1769637600,Jan 28 2026 - 10:00pm,complete,25770,Atlético Mineiro,Palmeiras,N/A,1,0.00,0.00,1.90,2.00,2,2,4,2,1,1,"44,74","27,84",5,7,3,0,2,0,0,3,0,2,14,13,2,6,12,7,14,20,52,48,0.00,0.00,1.30,1.57,0.00,0,0,0,0,0,0,0,0,0,0.00,0.00,3.20,3.15,2.34,1.36,2.21,4.00,9.00,1.85,1.85,N/A
1769637600,Jan 28 2026 - 10:00pm,complete,16511,Vitória,Remo,Ramon Abatti,1,0.00,0.00,2.08,0.69,2,0,2,0,0,0,"58,77","",4,1,2,0,4,0,2,0,2,2,20,14,7,1,13,13,13,17,42,58,0.00,0.00,1.99,1.17,0.00,0,0,0,0,0,0,0,0,0,0.00,0.00,1.80,3.40,4.64,1.36,2.21,3.82,7.40,2.01,1.75,Estádio Manoel Barradas
1769637600,Jan 28 2026 - 10:00pm,complete,19535,Coritiba,Bragantino,Paulo Cesar Zanovelli,1,0.00,0.00,1.50,1.36,0,1,1,0,0,0,"","90'3",1,5,1,1,6,0,2,0,2,4,8,30,2,10,6,20,9,19,29,71,0.00,0.00,0.78,3.08,0.00,0,0,0,0,0,0,0,0,0,0.00,0.00,2.21,3.15,3.05,1.44,2.48,4.80,11.00,1.91,1.75,Estádio Major Antônio Couto Pereira
1769637600,Jan 28 2026 - 10:00pm,complete,17264,Internacional,Atlético PR,Flavio Rodrigues De Souza,1,0.00,0.00,1.08,1.27,0,1,1,1,0,1,"","9",13,1,3,0,1,0,0,3,0,1,19,6,7,2,12,4,13,11,71,29,0.00,0.00,2.15,0.67,0.00,0,0,0,0,0,0,0,0,0,0.00,0.00,1.80,3.35,4.50,1.36,2.15,3.74,7.40,1.91,1.80,N/A
1769639400,Jan 28 2026 - 10:30pm,complete,22986,Fluminense,Grêmio,Davi de Oliveira Lacerda,1,0.00,0.00,2.31,0.33,2,1,3,0,0,0,"46,59","75",3,6,1,0,2,0,1,0,1,1,10,12,6,3,4,9,13,13,51,49,0.00,0.00,1.30,1.21,0.00,0,0,0,0,0,0,0,0,0,0.00,0.00,1.75,3.65,4.50,1.27,1.93,3.67,6.50,1.84,1.83,N/A
1769641200,Jan 28 2026 - 11:00pm,complete,13577,Corinthians,Bahia,Anderson Daronco,1,0.00,0.00,1.50,1.58,1,2,3,3,1,2,"12","32,45'1",4,6,3,0,4,1,0,3,1,4,17,11,5,6,12,5,11,14,59,41,0.00,0.00,1.50,1.26,0.00,0,0,0,0,0,0,0,0,0,0.00,0.00,2.04,3.31,3.32,1.32,2.10,3.30,5.90,1.70,2.00,Estádio Urbano Caldeira
1769641200,Jan 28 2026 - 11:00pm,complete,17551,Chapecoense,Santos,Savio Pereira Sampaio,1,0.00,0.00,0.92,0.70,4,2,6,2,1,1,"16,80,73,90","45'1,67",1,14,3,0,3,0,1,2,2,1,8,25,4,5,4,20,10,5,34,66,0.00,0.00,0.95,2.54,0.00,0,0,0,0,0,0,0,0,0,0.00,0.00,2.75,3.00,2.50,1.40,2.22,4.20,7.20,1.91,1.87,Arena Condá
1769646600,Jan 29 2026 - 12:30am,complete,27168,São Paulo,Flamengo,Wilton Pereira Sampaio,1,0.00,0.00,1.80,1.85,2,1,3,0,0,0,"61,71","54",2,6,0,0,0,1,0,0,0,1,10,15,4,5,6,10,14,11,41,59,0.00,0.00,1.09,1.74,0.00,0,0,0,0,0,0,0,0,0,0.00,0.00,3.90,3.00,2.10,1.43,2.60,5.00,11.50,2.15,1.62,Morumbí
1769727600,Jan 29 2026 - 11:00pm,complete,5883,Mirassol,Vasco da Gama,N/A,1,0.00,0.00,1.50,0.45,2,1,3,2,1,1,"32,54","21",5,5,2,0,1,0,0,2,0,1,13,13,4,5,9,8,16,10,47,53,0.00,0.00,1.24,1.28,0.00,0,0,0,0,0,0,0,0,0,0.00,0.00,1.88,3.35,4.20,1.33,2.17,3.70,8.00,1.91,1.80,Estádio José Maria de Campos Maia
1769733000,Jan 30 2026 - 12:30am,complete,N/A,Botafogo,Cruzeiro,Matheus Delgado Candançan,1,0.00,0.00,1.60,1.55,4,0,4,0,0,0,"48,76,85,90'1","",3,7,1,0,2,0,1,0,1,1,10,17,5,4,5,13,10,12,46,54,0.00,0.00,1.18,1.69,0.00,0,0,0,0,0,0,0,0,0,0.00,0.00,2.50,3.01,3.00,1.41,2.23,4.00,9.50,1.83,1.87,Estádio Nilton Santos
1770242400,Feb 04 2026 - 10:00pm,complete,N/A,Bragantino,Atlético Mineiro,Lucas Paulo Torezin,2,0.00,0.00,1.67,1.08,1,0,1,1,1,0,"38","",6,12,3,0,2,0,1,2,0,2,19,12,5,2,14,10,12,8,48,52,0.00,0.00,2.01,1.20,0.00,0,0,0,0,0,0,0,0,0,0.00,0.00,2.20,3.25,3.40,1.38,2.15,3.90,8.00,1.85,1.83,N/A
1770242400,Feb 04 2026 - 10:00pm,complete,56421,Flamengo,Internacional,Rodrigo José Pereira de Lima,2,0.00,0.00,2.10,1.00,1,1,2,1,0,1,"68","45'2",4,3,2,0,2,0,0,2,1,1,18,9,5,5,13,4,20,17,65,35,0.00,0.00,1.91,1.04,0.00,0,0,0,0,0,0,0,0,0,0.00,0.00,1.41,4.60,7.50,1.22,1.83,2.85,5.15,2.01,1.73,N/A
1770246000,Feb 04 2026 - 11:00pm,complete,N/A,Santos,São Paulo,Anderson Daronco,2,0.00,0.00,1.46,0.69,1,1,2,1,1,0,"45'5","66",7,4,5,0,1,0,2,3,1,0,12,8,3,3,9,5,11,19,50,50,0.00,0.00,1.11,0.82,0.00,0,0,0,0,0,0,0,0,0,0.00,0.00,2.21,3.28,3.45,1.32,2.15,3.90,7.80,1.85,1.85,Estádio Urbano Caldeira
1770246000,Feb 04 2026 - 11:00pm,complete,N/A,Remo,Mirassol,Alex Gomes Stefano,2,0.00,0.00,1.27,0.55,2,2,4,2,2,0,"8,39","81,89",4,4,2,0,2,0,1,1,1,1,18,8,7,5,11,3,15,9,37,63,0.00,0.00,1.72,1.01,0.00,0,0,0,0,0,0,0,0,0,0.00,0.00,2.59,3.10,2.60,1.35,2.18,4.00,8.00,1.83,1.85,Estádio Estadual Jornalista Edgar Augusto Proença
1770251400,Feb 05 2026 - 12:30am,complete,8953,Palmeiras,Vitória,Savio Pereira Sampaio,2,0.00,0.00,2.25,0.33,5,1,6,3,3,0,"24,28,45'5,63,80","56",6,4,1,0,4,0,1,0,1,3,17,9,8,4,9,5,2,0,60,40,0.00,0.00,1.91,1.08,0.00,0,0,0,0,0,0,0,0,0,0.00,0.00,1.28,4.50,7.75,1.22,1.81,3.00,5.00,2.05,1.70,Allianz Parque
1770251400,Feb 05 2026 - 12:30am,complete,N/A,Grêmio,Botafogo,Felipe Fernandes de Lima,2,0.00,0.00,1.91,1.17,5,3,8,3,1,2,"26,50,60,57,79","36,86,17",4,2,0,0,3,0,0,0,1,2,14,9,8,4,6,5,13,14,43,57,0.00,0.00,1.65,0.98,0.00,0,0,0,0,0,0,0,0,0,0.00,0.00,2.25,3.18,2.82,1.36,2.20,3.62,7.40,1.80,1.91,Arena do Grêmio
1770328800,Feb 05 2026 - 10:00pm,complete,40310,Bahia,Fluminense,Matheus Delgado Candançan,2,0.00,0.00,1.50,1.00,1,1,2,1,0,1,"78","20",6,4,0,1,3,0,0,1,0,3,19,13,5,4,14,9,12,13,42,58,0.00,0.00,1.84,1.46,0.00,0,0,0,0,0,0,0,0,0,0.00,0.00,2.15,3.05,3.50,1.33,2.10,3.38,6.50,1.80,1.91,Arena Fonte Nova
1770332400,Feb 05 2026 - 11:00pm,complete,15702,Vasco da Gama,Chapecoense,Wilton Pereira Sampaio,2,0.00,0.00,1.42,0.27,1,1,2,0,0,0,"55","90'1",14,0,0,0,0,0,0,0,0,0,30,7,13,1,17,6,15,11,67,33,0.00,0.00,3.38,0.61,0.00,0,0,0,0,0,0,0,0,0,0.00,0.00,1.60,3.70,6.55,1.29,1.92,3.27,6.00,1.85,1.85,Estádio Club de Regatas Vasco da Gama
1770337800,Feb 06 2026 - 12:30am,complete,N/A,Cruzeiro,Coritiba,Bruno Arleu de Araujo,2,0.00,0.00,1.69,1.33,1,2,3,2,1,1,"19","45,53",12,2,3,0,2,0,0,3,1,1,19,10,4,2,15,8,9,16,68,32,0.00,0.00,1.97,1.02,0.00,0,0,0,0,0,0,0,0,0,0.00,0.00,1.31,4.05,8.00,1.36,2.23,3.90,6.95,2.30,1.53,Estádio Governador Magalhães Pinto
1770769800,Feb 11 2026 - 12:30am,complete,N/A,Vitória,Flamengo,Raphael Claus,3,3.00,0.00,2.08,1.85,1,2,3,2,0,2,"51","15,45'4",7,2,3,0,4,0,1,2,2,2,10,6,3,2,7,4,11,20,44,56,1.99,1.74,1.13,0.78,2.50,50,100,50,0,0,0,0,100,100,10.00,4.00,5.20,3.80,1.67,1.26,2.02,3.40,6.50,1.95,1.75,Estádio Manoel Barradas
1770847200,Feb 11 2026 - 10:00pm,complete,10578,Chapecoense,Coritiba,Wagner do Nascimento Magalhaes,3,3.00,3.00,0.92,1.33,3,3,6,2,1,1,"45,71,90'1","41,57,59",6,5,2,0,1,0,0,2,0,1,21,13,8,5,13,8,4,8,51,49,0.95,1.02,2.20,1.40,4.50,100,100,100,50,50,100,100,50,100,3.00,5.00,2.45,3.10,3.18,1.39,2.36,4.05,7.80,1.85,1.76,Arena Condá
1770847200,Feb 11 2026 - 10:00pm,complete,5134,Mirassol,Cruzeiro,Braulio da Silva Machado,3,3.00,0.00,1.50,1.55,2,2,4,2,1,1,"53,38","23,85",9,0,4,1,2,0,4,1,2,0,20,9,11,4,9,5,12,10,56,44,1.24,1.69,2.50,1.06,3.50,50,100,100,50,0,50,50,50,100,12.00,4.00,2.65,3.20,2.75,1.38,2.13,3.62,7.40,1.80,2.02,Estádio José Maria de Campos Maia
1770850800,Feb 11 2026 - 11:00pm,complete,16056,Atlético Mineiro,Remo,Matheus Delgado Candançan,3,1.00,0.00,1.90,0.69,3,3,6,2,1,1,"22,70,90'9","42,87,90'2",6,5,0,0,2,0,0,0,0,2,18,18,8,6,10,12,7,5,59,41,1.30,1.17,1.89,1.69,3.00,50,100,50,50,0,50,50,100,100,6.00,7.00,1.33,4.05,8.46,1.25,1.80,3.19,5.55,2.01,1.80,N/A
1770856200,Feb 12 2026 - 12:30am,complete,N/A,Vasco da Gama,Bahia,Paulo Cesar Zanovelli,3,1.00,3.00,1.42,1.58,0,1,1,1,0,1,"","22",8,4,5,0,4,0,1,4,2,2,26,8,4,3,22,5,16,13,62,38,3.38,1.26,2.49,0.93,2.50,100,100,50,0,0,50,50,50,50,20.00,5.00,2.25,3.20,2.66,1.22,1.75,3.20,5.05,1.65,2.10,Estádio Club de Regatas Vasco da Gama
1770856200,Feb 12 2026 - 12:30am,complete,18491,São Paulo,Grêmio,Savio Pereira Sampaio,3,3.00,0.00,1.80,0.33,2,0,2,1,1,0,"24,59","",3,3,3,0,3,1,2,1,2,2,18,5,4,1,14,4,7,12,58,42,1.09,1.21,1.86,0.61,3.00,100,100,100,0,0,0,0,100,100,8.00,2.00,1.98,3.20,4.20,1.31,2.12,3.60,6.35,1.83,1.85,Morumbí
1770933600,Feb 12 2026 - 10:00pm,complete,N/A,Atlético PR,Santos,Ramon Abatti,3,0.00,0.00,2.25,0.70,2,1,3,2,1,1,"6,90'1","17",8,2,1,0,3,0,0,1,1,2,13,10,5,5,8,5,14,14,56,44,0.00,2.54,1.51,1.13,3.00,50,50,50,50,50,50,50,50,50,14.00,3.00,2.25,3.30,3.40,1.35,2.14,3.86,8.00,1.82,1.91,N/A
1770935400,Feb 12 2026 - 10:30pm,complete,30397,Fluminense,Botafogo,Rafael Rodrigo Klein,3,3.00,0.00,2.31,1.17,1,0,1,0,0,0,"55","",4,0,5,1,3,0,2,4,2,1,10,5,5,3,5,2,17,11,48,52,1.30,0.98,1.24,0.64,5.50,100,100,100,50,50,50,50,100,100,5.00,4.00,1.85,3.25,4.78,1.43,2.25,3.92,7.60,2.01,1.73,N/A
1770937200,Feb 12 2026 - 11:00pm,complete,26985,Corinthians,Bragantino,Felipe Fernandes de Lima,3,0.00,3.00,1.50,1.36,2,0,2,0,0,0,"47,74","",3,3,4,0,4,0,2,2,3,1,13,9,5,4,8,5,13,21,60,40,1.50,3.08,1.27,0.94,2.00,50,50,50,0,0,50,50,0,50,9.00,9.00,2.05,3.05,3.45,1.36,2.20,4.09,8.50,1.94,1.81,Arena Corinthians
1770942600,Feb 13 2026 - 12:30am,complete,N/A,Internacional,Palmeiras,Davi de Oliveira Lacerda,3,0.00,1.00,1.08,2.00,1,3,4,2,1,1,"36","23,52,82",16,4,1,0,1,0,0,1,0,1,26,11,4,7,22,4,11,8,62,38,2.15,1.57,2.36,1.26,2.50,50,50,50,50,0,50,100,50,50,20.00,5.00,2.88,3.15,2.13,1.29,1.85,3.10,6.00,1.67,2.10,N/A
1771540200,Feb 19 2026 - 10:30pm,complete,N/A,Atlético PR,Corinthians,Rodrigo José Pereira de Lima,2,3.00,0.00,2.25,1.17,0,1,1,1,0,1,"","20",8,0,3,0,4,0,2,1,2,2,19,4,5,1,14,3,15,8,56,44,1.51,0.00,1.70,0.38,1.50,50,50,50,0,0,50,50,0,50,8.00,1.00,2.42,2.95,3.12,1.42,2.38,4.60,9.50,1.91,1.80,N/A
1772056800,Feb 25 2026 - 10:00pm,complete,21687,Remo,Internacional,Bruno Arleu de Araujo,4,1.00,1.00,1.27,1.00,1,1,2,2,1,1,"14","4",7,12,5,0,1,0,1,4,0,1,11,18,7,4,4,14,14,14,41,59,1.72,1.04,1.38,1.78,3.00,100,100,50,50,0,50,100,50,100,7.00,4.00,2.97,3.27,2.50,1.32,2.20,3.40,6.45,1.80,1.91,Estádio Estadual Jornalista Edgar Augusto Proença
1772056800,Feb 25 2026 - 10:00pm,complete,N/A,Bragantino,Atlético PR,Wagner do Nascimento Magalhaes,4,3.00,3.00,1.67,1.27,1,1,2,1,1,0,"43","79",2,7,3,2,2,0,2,3,2,0,7,18,3,6,4,12,16,17,39,61,2.01,0.67,0.89,1.94,1.00,0,0,0,0,0,0,100,0,0,7.00,4.00,2.17,3.34,3.55,1.38,2.30,3.80,8.50,2.00,1.73,N/A
1772058600,Feb 25 2026 - 10:30pm,complete,27515,Coritiba,São Paulo,Wilton Pereira Sampaio,4,0.00,1.00,1.50,0.69,0,1,1,0,0,0,"","57",3,7,4,0,3,0,1,3,1,2,18,9,2,5,16,4,2,17,42,58,0.78,0.82,1.37,1.13,1.50,50,50,0,0,0,0,50,0,100,5.00,4.00,2.68,3.15,2.85,1.43,2.30,4.20,8.10,1.93,1.75,Estádio Major Antônio Couto Pereira
1772060400,Feb 25 2026 - 11:00pm,complete,N/A,Cruzeiro,Corinthians,Davi de Oliveira Lacerda,4,0.00,3.00,1.69,1.17,1,1,2,1,1,0,"9","81",5,3,2,1,3,0,1,2,0,3,11,4,3,2,8,2,15,13,48,52,1.97,0.38,1.01,0.50,2.00,50,50,50,0,0,50,100,0,50,12.00,7.00,1.92,3.60,4.10,1.30,2.00,3.30,6.70,1.85,1.85,Estádio Governador Magalhães Pinto
1772065800,Feb 26 2026 - 12:30am,complete,10329,Palmeiras,Fluminense,Felipe Fernandes de Lima,4,3.00,1.00,2.25,1.00,2,1,3,3,2,1,"9,13","40",5,11,3,0,4,0,1,2,3,1,14,18,6,7,8,11,14,12,35,65,1.91,1.46,1.63,2.01,4.00,100,100,50,50,50,50,100,50,100,10.00,4.00,1.56,3.50,4.85,1.30,1.94,3.30,6.00,1.80,1.84,Allianz Parque
1772065800,Feb 26 2026 - 12:30am,complete,15714,Grêmio,Atlético Mineiro,Raphael Claus,4,3.00,0.00,1.91,1.08,2,1,3,0,0,0,"51,66","56",6,3,4,0,0,1,2,2,1,0,18,8,7,2,11,6,12,5,63,37,1.65,1.20,2.14,0.88,4.50,50,50,50,50,50,50,100,50,50,16.00,2.00,2.20,3.30,3.28,1.30,2.08,3.20,7.50,1.73,2.00,Arena do Grêmio
1772143200,Feb 26 2026 - 10:00pm,complete,8808,Santos,Vasco da Gama,Rafael Rodrigo Klein,4,1.00,0.00,1.46,0.45,2,1,3,2,1,1,"25,61","43",5,2,2,0,1,0,1,1,1,0,8,16,4,2,4,14,14,16,40,60,1.11,1.28,1.12,1.52,2.50,100,100,50,0,0,50,100,0,100,12.00,6.00,1.95,3.40,3.65,1.33,1.95,3.40,6.20,1.80,1.93,Estádio Urbano Caldeira
1773189000,Mar 11 2026 - 12:30am,complete,N/A,Mirassol,Santos,Raphael Claus,5,2.00,0.00,1.50,0.70,2,2,4,1,1,0,"21,71","80,88",6,7,2,0,2,0,0,2,0,2,20,16,9,2,11,14,8,8,54,46,1.87,1.83,2.17,1.46,4.00,100,100,100,50,25,100,100,50,100,15.00,7.00,1.75,3.55,4.25,1.24,1.90,3.05,6.25,1.81,2.10,Estádio José Maria de Campos Maia
1773266400,Mar 11 2026 - 10:00pm,complete,N/A,Atlético Mineiro,Internacional,Ramon Abatti,5,1.00,1.00,1.90,1.00,1,0,1,1,1,0,"2","",2,14,2,0,2,0,0,2,0,2,7,19,3,7,4,12,15,20,35,65,1.59,1.41,0.83,2.14,3.50,100,100,50,50,25,75,100,50,75,13.00,3.00,2.28,3.40,3.00,1.26,1.91,3.08,5.70,1.70,2.00,N/A
1773270000,Mar 11 2026 - 11:00pm,complete,N/A,Bahia,Vitória,Rafael Rodrigo Klein,5,1.00,0.00,1.50,0.33,1,1,2,2,1,1,"45'6","45'2",7,3,1,0,1,0,1,0,1,0,13,6,7,2,6,4,16,16,63,37,1.84,1.08,1.51,0.58,4.00,100,100,50,50,50,50,100,50,100,10.00,6.00,1.75,3.55,4.45,1.30,1.98,3.40,5.80,1.87,1.91,Arena Fonte Nova
1773275400,Mar 12 2026 - 12:30am,complete,47214,Flamengo,Cruzeiro,Flavio Rodrigues De Souza,5,1.00,0.50,2.10,1.55,2,0,2,1,1,0,"5,90'8","",4,7,2,0,2,0,1,1,0,2,15,13,7,4,8,9,17,13,44,56,1.91,1.37,1.70,1.34,3.00,75,100,50,50,0,25,75,50,100,7.50,4.00,1.47,3.75,5.40,1.24,1.85,3.12,6.00,2.09,1.72,N/A
1773275400,Mar 12 2026 - 12:30am,complete,N/A,Corinthians,Coritiba,Paulo Cesar Zanovelli,5,1.50,2.00,1.50,1.33,0,2,2,1,0,1,"","37,53",8,6,2,0,2,0,0,2,0,2,11,4,1,2,10,2,14,18,73,27,1.38,1.21,1.31,0.58,3.50,75,100,75,25,25,75,75,50,75,7.00,5.00,1.56,3.90,6.00,1.31,2.15,3.78,7.80,2.14,1.67,Arena Corinthians
1773352800,Mar 12 2026 - 10:00pm,complete,N/A,Remo,Fluminense,Wilton Pereira Sampaio,5,1.00,0.50,1.27,1.00,0,2,2,1,0,1,"","63,16",6,4,2,0,1,0,1,1,0,1,10,15,3,7,7,8,7,14,33,67,1.55,1.74,1.12,1.76,2.75,100,100,50,25,0,75,100,25,50,13.00,7.00,3.95,3.60,1.91,1.25,1.90,3.08,6.00,1.82,1.91,Estádio Estadual Jornalista Edgar Augusto Proença
1773354600,Mar 12 2026 - 10:30pm,complete,17291,Vasco da Gama,Palmeiras,Savio Pereira Sampaio,5,0.50,2.00,1.42,2.00,2,1,3,1,0,1,"63,74","40",9,5,2,0,2,0,0,2,0,2,17,8,6,3,11,5,6,19,50,50,2.93,1.41,1.89,0.91,2.75,75,75,50,50,0,50,75,75,75,16.50,4.00,2.99,3.40,2.42,1.27,1.91,3.39,6.79,1.67,2.05,Estádio Club de Regatas Vasco da Gama
1773356400,Mar 12 2026 - 11:00pm,complete,N/A,São Paulo,Chapecoense,Lucas Casagrande,5,3.00,1.00,1.80,0.27,2,0,2,0,0,0,"47,60","",11,6,0,0,1,0,0,0,1,0,18,7,7,1,11,6,10,11,63,37,1.48,0.61,1.95,0.65,2.25,75,100,25,0,0,0,25,75,100,2.50,1.50,1.39,4.80,7.00,1.22,1.72,3.00,5.75,1.94,1.78,Morumbí
1773361800,Mar 13 2026 - 12:30am,complete,19472,Grêmio,Bragantino,Davi de Oliveira Lacerda,5,3.00,1.50,1.91,1.36,1,1,2,1,1,0,"7","66",4,6,2,0,4,0,0,2,2,2,13,20,6,8,7,12,11,12,39,61,1.90,2.01,1.43,2.17,3.50,50,75,50,25,25,25,25,75,100,9.00,7.00,2.20,3.40,3.25,1.30,2.01,3.40,6.55,1.80,2.07,Arena do Grêmio
1773523800,Mar 14 2026 - 9:30pm,complete,N/A,Vitória,Atlético Mineiro,João Vitor Gobi,6,1.50,0.00,2.08,1.08,2,0,2,1,1,0,"20,68","",4,10,2,0,3,0,1,1,1,2,9,12,4,3,5,9,17,13,33,67,1.56,1.04,1.12,1.41,2.25,50,75,50,0,0,25,50,50,75,13.00,4.50,2.34,3.09,3.24,1.36,2.32,3.92,7.80,1.88,1.85,Estádio Manoel Barradas
1773531000,Mar 14 2026 - 11:30pm,complete,N/A,Botafogo,Flamengo,Anderson Daronco,6,3.00,1.50,1.60,1.85,0,3,3,2,0,2,"","49,13,45'2",2,4,3,1,2,0,4,0,0,2,7,18,1,6,6,12,13,11,42,58,1.18,1.26,0.71,1.86,3.50,50,100,100,50,0,25,25,75,100,7.00,4.00,3.90,3.16,2.03,1.33,2.00,3.55,7.00,1.80,1.91,Estádio Nilton Santos
1773601200,Mar 15 2026 - 7:00pm,complete,N/A,Fluminense,Atlético PR,Matheus Delgado Candançan,6,3.00,2.00,2.31,1.27,3,2,5,3,2,1,"90'4,9,37","75,5",7,1,2,0,3,1,1,1,1,3,24,4,10,2,14,2,13,11,79,21,1.27,1.30,2.73,0.51,1.75,50,50,25,0,0,0,50,25,75,7.50,5.00,1.62,3.30,4.84,1.31,2.10,3.54,7.10,2.02,1.75,N/A
1773601200,Mar 15 2026 - 7:00pm,complete,15008,Santos,Corinthians,Flavio Rodrigues De Souza,6,2.00,2.00,1.46,1.17,1,1,2,2,1,1,"21","18",4,6,3,1,1,0,1,3,1,0,11,10,3,4,8,6,20,15,44,56,1.12,0.44,1.13,1.15,2.00,75,75,25,0,0,25,100,0,75,7.50,7.00,2.30,3.20,3.25,1.33,2.10,3.54,6.70,1.85,1.93,Estádio Urbano Caldeira
1773601200,Mar 15 2026 - 7:00pm,complete,16574,Internacional,Bahia,Fernando Antonio Mendes de Salles Nascimento Fillho,6,0.00,3.00,1.08,1.58,0,1,1,1,0,1,"","23",7,1,3,0,2,0,2,1,2,0,14,7,2,1,12,6,19,20,53,47,2.25,1.09,1.51,0.65,2.25,50,50,50,25,0,50,100,25,25,19.50,6.50,1.77,3.35,4.00,1.25,1.76,2.72,4.90,1.70,2.05,N/A
1773610200,Mar 15 2026 - 9:30pm,complete,N/A,Coritiba,Remo,Rafael Rodrigo Klein,6,0.00,0.50,1.50,0.69,1,0,1,1,1,0,"24","",4,6,2,0,3,0,1,1,1,2,8,14,4,1,4,13,13,12,42,58,1.08,1.43,1.05,1.28,2.50,25,50,25,25,25,25,25,50,100,5.00,6.50,1.72,3.55,4.50,1.26,1.95,3.30,7.50,1.93,1.78,Estádio Major Antônio Couto Pereira
1773610200,Mar 15 2026 - 9:30pm,complete,35360,Palmeiras,Mirassol,Rodrigo José Pereira de Lima,6,3.00,1.00,2.25,0.55,1,0,1,1,1,0,"26","",2,4,2,0,3,0,0,2,2,1,11,12,4,2,7,10,12,15,43,57,1.77,1.01,1.25,1.39,4.25,100,100,100,75,25,100,100,75,75,9.50,4.00,1.61,4.20,5.00,1.21,1.72,2.85,5.50,1.78,2.00,Allianz Parque
1773617400,Mar 15 2026 - 11:30pm,complete,N/A,Bragantino,São Paulo,Bruno Arleu de Araujo,6,2.00,2.00,1.67,0.69,1,2,3,1,1,0,"36","53,68",6,4,4,0,4,0,2,2,1,3,13,4,3,3,10,1,18,13,50,50,1.45,0.98,1.08,0.51,1.50,50,50,0,0,0,0,75,0,75,9.50,6.00,2.38,3.16,3.10,1.41,2.30,4.20,8.10,1.89,1.85,N/A
1773617400,Mar 15 2026 - 11:30pm,complete,N/A,Cruzeiro,Vasco da Gama,Lucas Paulo Torezin,6,0.50,0.00,1.69,0.45,3,3,6,1,1,0,"8,70,90'4","52,54,86",5,4,2,0,3,1,0,2,1,3,20,15,6,7,14,8,9,11,60,40,1.49,1.40,1.77,1.47,2.75,100,100,75,0,0,75,100,0,100,12.00,4.00,1.88,3.46,4.65,1.36,2.10,3.75,6.75,1.85,1.86,Estádio Governador Magalhães Pinto
1773702000,Mar 16 2026 - 11:00pm,complete,19307,Chapecoense,Grêmio,Bruno Pereira Vasconcelos,6,2.00,0.00,0.92,0.33,1,1,2,2,1,1,"28","45'3",4,5,3,0,3,0,2,1,1,2,11,13,1,4,10,9,15,8,35,65,1.57,0.91,0.91,1.29,4.25,75,100,75,50,50,50,75,75,100,8.00,5.50,2.93,3.15,2.11,1.30,1.93,3.12,6.43,1.67,2.05,Arena Condá
1773871200,Mar 18 2026 - 10:00pm,complete,N/A,Palmeiras,Botafogo,Rafael Rodrigo Klein,7,3.00,0.00,2.25,1.17,2,1,3,1,1,0,"9,53","59",6,1,1,0,3,1,0,1,1,3,19,6,6,3,13,3,12,12,52,48,1.59,0.81,1.87,0.87,3.92,59,59,59,42,42,59,75,42,67,5.33,5.00,1.55,4.26,6.89,1.21,1.80,2.90,5.50,1.80,1.91,Allianz Parque
1773871200,Mar 18 2026 - 10:00pm,complete,N/A,Bahia,Bragantino,Ramon Abatti,7,1.00,1.33,1.50,1.36,2,0,2,2,2,0,"17,40","",7,7,3,0,1,0,0,3,0,1,15,15,9,3,6,12,14,14,57,43,1.68,2.06,1.91,1.46,1.84,67,84,0,0,0,25,67,17,75,11.17,6.17,1.85,3.60,4.20,1.31,1.92,3.31,5.95,1.73,2.04,Arena Fonte Nova
1773873000,Mar 18 2026 - 10:30pm,complete,N/A,Atlético PR,Cruzeiro,Rodrigo José Pereira de Lima,7,1.50,0.33,2.25,1.55,2,1,3,2,2,0,"1,10","58",4,6,2,0,3,0,1,1,2,1,8,11,4,2,4,9,26,18,48,52,1.60,1.36,1.02,0.97,2.67,42,75,59,34,0,42,84,34,75,12.67,4.00,2.05,3.05,3.15,1.32,2.08,3.54,7.50,1.80,1.91,N/A
1773874800,Mar 18 2026 - 11:00pm,complete,N/A,Mirassol,Coritiba,Bruno Arleu de Araujo,7,1.67,2.33,1.50,1.33,0,1,1,0,0,0,"","64",7,2,2,0,2,0,1,1,0,2,21,14,6,4,15,10,9,12,69,31,1.97,1.00,2.32,1.44,3.67,84,100,84,50,17,67,100,50,100,11.00,5.00,1.65,3.85,5.60,1.32,2.00,3.50,7.00,1.96,1.75,Estádio José Maria de Campos Maia
1773874800,Mar 18 2026 - 11:00pm,complete,36830,Atlético Mineiro,São Paulo,Fernando Antonio Mendes de Salles Nascimento Fillho,7,1.67,2.33,1.90,0.69,1,0,1,0,0,0,"64","",4,1,1,0,1,0,0,1,0,1,13,12,4,3,9,9,16,17,29,71,1.34,0.82,1.32,1.34,2.84,67,67,50,34,17,34,84,50,84,9.33,4.34,2.42,3.00,3.12,1.42,2.25,4.00,8.50,1.88,1.82,N/A
1773880200,Mar 19 2026 - 12:30am,complete,N/A,Santos,Internacional,N/A,7,1.67,0.67,1.46,1.00,1,2,3,0,0,0,"56","46,90'5",3,8,4,0,3,0,1,3,0,3,11,17,2,6,9,11,5,10,61,39,1.12,1.66,1.27,1.80,2.00,84,84,17,0,0,50,100,0,50,15.00,5.34,2.30,3.18,2.90,1.23,1.85,2.80,5.05,1.62,2.15,Estádio Urbano Caldeira
1773880200,Mar 19 2026 - 12:30am,complete,N/A,Vasco da Gama,Fluminense,Raphael Claus,7,1.33,1.33,1.42,1.00,3,2,5,1,0,1,"59,88,90'5","1,54",5,5,2,0,0,0,1,1,0,0,16,14,6,5,10,9,8,8,52,48,2.59,1.75,1.84,1.43,2.17,67,84,33,0,0,17,84,34,67,16.66,5.00,3.88,3.10,2.15,1.40,2.20,4.20,8.50,1.88,1.83,N/A
1773957600,Mar 19 2026 - 10:00pm,complete,20206,Grêmio,Vitória,N/A,7,2.33,0.50,1.91,0.33,2,0,2,1,1,0,"27,54","",4,5,1,0,3,0,0,1,0,3,14,8,4,1,10,7,14,17,43,57,1.74,0.83,1.45,0.88,4.17,100,100,59,42,42,67,84,59,75,8.17,4.50,1.83,3.30,4.50,1.27,2.02,3.30,6.60,1.83,1.95,Arena do Grêmio
1773961200,Mar 19 2026 - 11:00pm,complete,62075,Flamengo,Remo,Paulo Cesar Zanovelli,7,2.00,0.33,2.10,0.69,3,0,3,1,1,0,"19,48,54","",7,2,2,0,2,0,1,1,1,1,11,7,3,1,8,6,14,10,65,35,1.81,1.38,1.33,0.75,2.50,42,84,17,17,17,17,84,34,84,8.00,5.00,1.08,7.00,17.00,1.11,1.40,2.14,3.45,2.18,1.62,N/A
1773966600,Mar 20 2026 - 12:30am,complete,N/A,Chapecoense,Corinthians,Wilton Pereira Sampaio,7,1.67,1.67,0.92,1.17,0,0,0,0,0,0,"","",6,4,3,0,4,0,2,1,3,1,14,13,4,4,10,9,16,11,36,64,1.35,0.68,1.37,1.45,3.17,84,84,34,34,34,67,100,34,50,6.67,5.34,3.34,3.20,2.20,1.34,2.25,4.00,9.00,1.99,1.85,Arena Condá
1774119600,Mar 21 2026 - 7:00pm,complete,N/A,Bragantino,Botafogo,Lucas Casagrande,8,1.33,0.00,1.67,1.17,1,2,3,2,1,1,"15","71,8",11,6,2,0,3,0,1,1,1,2,18,8,6,3,12,5,10,8,59,41,1.33,0.83,1.98,0.95,3.00,67,67,50,17,17,17,84,50,84,5.67,7.67,1.92,3.45,3.93,1.34,2.05,3.30,6.25,1.84,1.98,N/A
1774128600,Mar 21 2026 - 9:30pm,complete,N/A,Fluminense,Atlético Mineiro,Flavio Rodrigues De Souza,8,3.00,0.00,2.31,1.08,1,0,1,1,1,0,"29","",3,2,5,0,5,0,2,3,2,3,14,14,4,5,10,9,17,14,56,44,1.76,1.16,1.34,1.48,2.50,50,67,50,17,17,17,50,50,84,13.00,5.33,1.53,3.60,5.75,1.34,2.31,3.90,9.00,1.99,1.74,N/A
1774137600,Mar 22 2026 - 12:00am,complete,54210,São Paulo,Palmeiras,Anderson Daronco,8,3.00,1.33,1.80,2.00,0,1,1,1,0,1,"","6",10,1,3,0,5,0,1,2,2,3,3,6,0,2,3,4,13,21,63,37,1.63,1.25,0.72,0.69,3.00,67,100,67,34,0,34,67,84,100,10.66,2.67,2.72,2.90,2.82,1.40,2.04,4.00,8.00,1.85,1.85,Morumbí
1774206000,Mar 22 2026 - 7:00pm,complete,N/A,Atlético PR,Coritiba,Raphael Claus,8,2.00,2.50,2.25,1.33,2,0,2,1,1,0,"22,56","",7,4,0,0,2,1,0,0,1,2,6,4,4,1,2,3,10,9,53,47,1.41,1.11,0.96,0.48,2.67,59,71,59,13,13,59,88,13,84,10.42,3.75,1.94,3.25,4.00,1.41,2.23,4.00,9.00,1.89,1.75,N/A
1774206000,Mar 22 2026 - 7:00pm,complete,43252,Cruzeiro,Santos,Ramon Abatti,8,0.67,0.33,1.69,0.70,0,0,0,0,0,0,"","",6,0,0,0,2,0,0,0,1,1,8,5,3,1,5,4,19,14,60,40,1.58,1.71,1.03,0.54,4.00,100,100,84,50,33,50,100,50,100,15.00,5.34,1.73,3.75,5.00,1.30,1.95,3.18,6.50,1.79,1.88,Estádio Governador Magalhães Pinto
1774206000,Mar 22 2026 - 7:00pm,complete,N/A,Remo,Bahia,João Vitor Gobi,8,0.67,3.00,1.27,1.58,4,1,5,2,1,1,"45'9,83,58,49","32",5,9,2,0,0,0,1,1,0,0,16,11,10,3,6,8,13,10,38,62,1.41,0.95,1.91,1.25,2.17,50,67,33,17,0,50,100,17,34,9.34,6.67,3.30,3.15,2.20,1.22,1.85,3.35,6.00,1.65,2.11,Estádio Estadual Jornalista Edgar Augusto Proença
1774206000,Mar 22 2026 - 7:00pm,complete,20650,Vasco da Gama,Grêmio,Davi de Oliveira Lacerda,8,1.75,0.33,1.42,0.33,2,1,3,3,2,1,"34,7","38",0,2,3,0,1,0,1,2,0,1,10,9,5,3,5,6,9,3,37,63,2.40,1.04,1.35,1.14,2.54,71,88,42,13,13,17,71,54,71,13.67,5.25,1.94,3.39,4.00,1.30,1.91,3.25,5.75,1.72,2.00,Estádio Club de Regatas Vasco da Gama
1774215000,Mar 22 2026 - 9:30pm,complete,N/A,Vitória,Mirassol,Wagner do Nascimento Magalhaes,8,2.00,0.50,2.08,0.55,1,0,1,1,1,0,"28","",4,5,3,0,3,0,1,2,1,2,13,14,6,3,7,11,15,8,40,60,1.42,1.20,1.53,1.58,2.42,42,75,42,25,0,42,84,42,75,9.00,4.83,2.60,3.10,2.79,1.42,2.07,4.33,8.50,1.95,1.82,Estádio Manoel Barradas
1774215000,Mar 22 2026 - 9:30pm,complete,16783,Internacional,Chapecoense,Bruno Arleu de Araujo,8,0.00,0.50,1.08,0.27,2,0,2,1,1,0,"28,51","",4,4,2,0,2,1,0,2,0,3,14,10,7,0,7,10,15,6,48,52,2.00,0.63,1.69,0.94,2.00,42,67,17,17,0,17,50,67,67,15.00,2.83,1.39,5.00,5.80,1.20,1.62,2.57,4.33,1.85,1.85,N/A
1774222200,Mar 22 2026 - 11:30pm,complete,N/A,Corinthians,Flamengo,Rodrigo José Pereira de Lima,8,1.00,2.00,1.50,1.85,1,1,2,2,1,1,"19","3",6,2,2,0,3,1,0,2,2,2,13,10,2,2,11,8,21,13,54,46,1.36,1.46,1.04,0.80,2.67,50,100,67,0,0,50,67,33,84,9.00,5.67,3.25,3.12,2.36,1.48,2.35,4.75,9.30,1.97,1.70,Arena Corinthians
1774823400,Mar 29 2026 - 10:30pm,complete,22625,Atlético PR,Botafogo,Paulo Cesar Zanovelli,5,2.25,0.75,2.25,1.17,4,1,5,3,2,1,"4,45'3,49,81","43",1,8,2,0,3,0,1,1,1,2,11,12,8,3,3,9,13,11,46,54,1.30,0.86,1.44,1.17,3.00,63,75,63,13,13,50,88,25,88,9.00,5.00,2.00,3.40,3.84,1.31,2.10,3.80,7.50,1.85,1.83,N/A
1775082600,Apr 01 2026 - 10:30pm,complete,6781,Botafogo,Mirassol,Wilton Pereira Sampaio,9,1.50,0.33,1.60,0.55,3,2,5,3,2,1,"11,43,66","21,90'2",2,8,3,0,3,0,0,3,2,1,11,19,5,4,6,15,14,14,35,65,0.95,1.32,1.21,1.95,2.75,17,67,67,42,0,42,75,42,67,6.83,5.17,2.18,3.40,3.10,1.34,2.08,3.44,8.50,1.90,1.91,Estádio Nilton Santos
1775082600,Apr 01 2026 - 10:30pm,complete,14780,Internacional,São Paulo,Lucas Casagrande,9,0.75,1.75,1.08,0.69,1,1,2,1,1,0,"23","87",2,11,1,0,1,0,0,1,0,1,6,15,4,3,2,12,18,15,34,66,1.93,0.95,0.86,1.60,1.88,38,50,25,13,0,13,75,25,75,14.00,4.50,2.10,3.00,3.20,1.37,2.11,3.65,6.95,1.80,1.94,N/A
1775084400,Apr 01 2026 - 11:00pm,complete,23907,Cruzeiro,Vitória,Yuri Elino Ferreira da Cruz,9,0.75,0.33,1.69,0.33,3,0,3,3,3,0,"39,33,36","",5,6,1,0,3,0,0,1,1,2,11,4,6,1,5,3,15,12,59,41,1.44,0.85,1.53,0.66,3.04,71,88,42,29,29,46,88,29,71,11.00,4.67,1.45,3.70,5.70,1.36,2.02,3.38,6.65,2.00,1.68,Estádio Governador Magalhães Pinto
1775084400,Apr 01 2026 - 11:00pm,complete,29316,Bahia,Atlético PR,Jonathan Benkenstein Pinheiro,9,1.67,1.33,1.50,1.27,3,0,3,2,2,0,"3,90'3,35","",3,1,2,0,2,0,2,0,1,1,7,12,5,4,2,8,15,19,52,48,1.76,1.04,1.00,1.39,2.34,67,84,17,17,17,50,100,17,50,9.67,4.67,1.90,3.20,3.85,1.35,2.07,3.73,7.61,1.97,1.81,Arena Fonte Nova
1775086200,Apr 01 2026 - 11:30pm,complete,27224,Coritiba,Vasco da Gama,N/A,9,1.00,0.33,1.50,0.45,1,1,2,1,0,1,"90","24",3,4,2,0,1,0,0,2,0,1,18,11,4,2,14,9,11,11,65,35,1.07,1.43,1.74,1.05,2.50,50,50,50,17,17,34,67,17,84,6.34,5.33,2.73,3.05,2.88,1.41,2.40,4.35,9.00,1.88,1.71,Estádio Major Antônio Couto Pereira
1775089800,Apr 02 2026 - 12:30am,complete,24701,Fluminense,Corinthians,Davi de Oliveira Lacerda,9,3.00,1.50,2.31,1.17,3,1,4,2,2,0,"20,45'3,83","89",8,10,1,0,5,1,0,1,1,5,20,12,10,4,10,8,10,13,61,39,1.65,0.87,2.31,1.27,1.88,50,50,25,13,13,25,63,25,50,7.50,6.50,1.77,3.40,4.92,1.40,2.20,4.20,8.50,2.08,1.67,N/A
1775167200,Apr 02 2026 - 10:00pm,complete,N/A,Chapecoense,Atlético Mineiro,João Vitor Gobi,9,1.50,0.00,0.92,1.08,0,4,4,3,0,3,"","30,35,23,90'5",7,3,1,0,0,0,1,0,0,0,19,20,4,8,15,12,19,5,45,55,1.36,1.24,1.78,2.06,2.63,50,63,38,25,25,38,75,38,50,11.00,5.75,3.10,3.20,2.17,1.33,2.20,3.85,7.90,1.84,1.92,Arena Condá
1775167200,Apr 02 2026 - 10:00pm,complete,N/A,Santos,Remo,Savio Pereira Sampaio,9,1.25,0.25,1.46,0.69,2,0,2,1,1,0,"82,40","",7,4,4,0,2,0,1,3,1,1,7,11,3,4,4,7,17,14,58,42,1.16,1.22,1.04,1.25,2.75,63,88,50,13,13,38,75,50,75,8.25,6.50,1.65,3.90,5.25,1.32,1.97,3.12,7.18,1.87,1.80,Estádio Urbano Caldeira
1775176200,Apr 03 2026 - 12:30am,complete,N/A,Bragantino,Flamengo,Fernando Antonio Mendes de Salles Nascimento Fillho,9,1.00,1.75,1.67,1.85,3,0,3,2,2,0,"17,55,39","",7,5,4,0,1,1,0,4,0,2,18,7,6,1,12,6,12,12,56,44,1.49,1.29,1.78,0.68,2.50,75,88,63,0,0,50,88,25,75,9.75,6.75,3.70,3.10,2.20,1.33,2.24,3.70,7.30,1.85,1.83,N/A
1775176200,Apr 03 2026 - 12:30am,complete,N/A,Palmeiras,Grêmio,Bruno Arleu de Araujo,9,3.00,0.25,2.25,0.33,2,1,3,1,1,0,"44,72","54",8,2,0,0,3,0,0,0,1,2,16,10,4,5,12,5,12,15,60,40,1.66,1.06,1.77,1.17,2.88,75,88,63,13,13,50,88,38,50,8.75,4.25,1.44,4.75,6.50,1.22,1.65,2.48,4.35,1.80,1.88,Allianz Parque
1775338200,Apr 04 2026 - 9:30pm,complete,36553,São Paulo,Cruzeiro,Rodrigo José Pereira de Lima,10,2.25,0.25,1.80,1.55,4,1,5,2,2,0,"12,16,62,90'1","47",6,4,2,0,0,0,0,2,0,0,11,14,5,7,6,7,21,14,36,64,1.40,1.26,1.25,1.70,2.63,38,88,50,25,0,25,63,50,88,11.50,3.75,2.07,3.20,3.15,1.41,2.50,4.32,9.50,2.02,1.71,Morumbí
1775345400,Apr 04 2026 - 11:30pm,complete,N/A,Coritiba,Fluminense,Rafael Rodrigo Klein,10,1.00,1.00,1.50,1.00,1,1,2,0,0,0,"74","81",3,10,1,0,0,0,0,1,0,0,10,15,4,4,6,11,8,14,33,67,1.24,1.67,1.17,1.62,2.13,50,63,25,13,13,13,75,13,75,8.75,4.75,3.11,2.92,2.55,1.53,2.65,5.10,11.50,2.05,1.67,Estádio Major Antônio Couto Pereira
1775347200,Apr 05 2026 - 12:00am,complete,20072,Vasco da Gama,Botafogo,Wagner do Nascimento Magalhaes,10,2.00,0.60,1.42,1.17,1,2,3,0,0,0,"61","66,79",3,2,0,0,3,0,0,0,0,3,17,18,5,9,12,9,11,16,63,37,2.19,0.92,1.95,2.02,3.40,80,80,70,30,30,40,80,60,80,10.60,5.80,2.00,3.25,3.60,1.30,2.07,3.38,6.40,1.82,1.87,Estádio Club de Regatas Vasco da Gama
1775415600,Apr 05 2026 - 7:00pm,complete,9484,Chapecoense,Vitória,Jonathan Benkenstein Pinheiro,10,1.20,0.25,0.92,0.33,1,1,2,0,0,0,"87","90'3",9,1,1,0,3,1,0,1,2,2,25,15,6,9,19,6,16,14,58,42,1.44,0.80,2.35,1.78,3.43,55,90,55,43,33,78,90,33,55,9.30,5.15,2.40,2.95,2.90,1.35,2.14,3.62,7.60,1.80,1.85,Arena Condá
1775421000,Apr 05 2026 - 8:30pm,complete,29356,Atlético Mineiro,Atlético PR,Matheus Delgado Candançan,10,2.00,1.00,1.90,1.27,2,1,3,1,1,0,"6,80","88",2,8,0,0,1,0,0,0,1,0,15,11,5,3,10,8,9,13,49,51,1.34,1.12,1.59,1.24,2.88,50,63,50,38,25,50,88,38,75,6.75,4.00,1.70,3.30,4.60,1.36,2.08,3.84,7.50,1.95,1.83,N/A
1775421000,Apr 05 2026 - 8:30pm,complete,68615,Flamengo,Santos,Anderson Daronco,10,2.33,0.50,2.10,0.70,3,1,4,0,0,0,"64,71,89","48",2,7,0,0,2,0,0,0,0,2,19,17,4,2,15,15,2,12,63,37,1.65,1.42,1.85,1.48,2.79,54,88,54,25,13,25,88,42,88,10.75,4.50,1.40,4.75,7.75,1.27,1.87,2.99,5.85,2.10,1.67,N/A
1775428200,Apr 05 2026 - 10:30pm,complete,32213,Corinthians,Internacional,Felipe Fernandes de Lima,10,1.00,1.25,1.50,1.00,0,1,1,0,0,0,"","78",7,4,2,0,3,0,0,2,1,2,11,8,2,3,9,5,16,19,65,35,1.28,1.69,1.17,0.96,2.13,63,88,25,0,0,38,75,25,50,14.50,4.75,2.16,3.05,3.88,1.38,2.40,3.90,9.10,2.00,1.81,Arena Corinthians
1775428200,Apr 05 2026 - 10:30pm,complete,41387,Bahia,Palmeiras,N/A,10,2.00,1.75,1.50,2.00,1,2,3,1,0,1,"58","42,88",7,5,2,0,4,0,1,1,0,4,19,8,6,5,13,3,18,17,59,41,1.57,1.11,2.08,1.10,2.63,63,88,50,25,0,63,100,38,63,10.00,4.50,2.63,3.10,2.95,1.28,1.97,3.25,6.00,1.73,2.12,Arena Fonte Nova
1775430000,Apr 05 2026 - 11:00pm,complete,3597,Mirassol,Bragantino,Flavio Rodrigues De Souza,10,1.25,1.00,1.50,1.36,0,1,1,0,0,0,"","51",12,6,1,0,2,0,0,1,0,2,15,16,2,5,13,11,7,10,54,46,2.06,1.91,1.39,1.61,2.38,50,75,38,25,0,38,63,38,88,12.00,6.75,2.05,3.15,3.40,1.27,2.08,3.38,6.75,1.80,1.92,Estádio José Maria de Campos Maia
1775431800,Apr 05 2026 - 11:30pm,complete,23543,Grêmio,Remo,Edina Alves Batista,10,2.50,0.20,1.91,0.69,0,0,0,0,0,0,"","",8,3,2,0,2,1,2,0,2,1,20,11,3,4,17,7,8,9,63,37,1.67,1.23,1.92,1.25,3.28,48,90,45,23,23,23,78,55,90,8.10,4.35,1.68,3.75,4.65,1.25,1.79,2.83,5.60,1.73,1.97,Arena do Grêmio
1775935800,Apr 11 2026 - 7:30pm,complete,17891,Vitória,São Paulo,Anderson Daronco,11,2.25,1.60,2.08,0.69,2,0,2,1,1,0,"35,83","",1,6,2,0,3,1,0,2,1,3,15,16,6,5,9,11,11,11,41,59,1.44,1.08,1.55,1.82,1.90,43,68,23,0,0,13,68,23,88,10.15,4.50,3.16,3.10,2.31,1.42,2.49,4.45,9.50,2.00,1.73,Estádio Manoel Barradas
1775935800,Apr 11 2026 - 7:30pm,complete,N/A,Remo,Vasco da Gama,Rodrigo José Pereira de Lima,11,1.25,0.50,1.27,0.45,1,1,2,0,0,0,"84","54",3,6,0,0,2,0,0,0,1,1,12,19,2,3,10,16,12,10,43,57,1.53,1.33,1.12,1.84,3.38,88,100,63,38,25,63,100,38,88,9.25,4.75,2.80,3.40,2.45,1.28,2.04,3.24,6.50,1.73,2.00,Estádio Estadual Jornalista Edgar Augusto Proença
1775943000,Apr 11 2026 - 9:30pm,complete,4276,Mirassol,Bahia,N/A,11,1.00,2.25,1.50,1.58,1,2,3,1,1,0,"14","65,89",8,4,5,1,1,0,1,5,0,1,16,14,6,8,10,6,20,14,42,58,1.93,1.02,1.68,1.84,2.55,55,55,55,33,13,45,80,33,63,12.80,5.35,2.10,3.10,3.00,1.25,1.94,3.12,6.15,1.70,2.05,Estádio José Maria de Campos Maia
1775948400,Apr 11 2026 - 11:00pm,complete,12175,Santos,Atlético Mineiro,Rafael Rodrigo Klein,11,1.60,0.60,1.46,1.08,1,0,1,0,0,0,"63","",5,7,3,0,1,0,3,0,1,0,18,11,2,3,16,8,8,17,45,55,1.13,1.41,1.66,1.26,2.30,50,80,40,10,0,30,80,20,70,11.20,6.20,2.25,3.30,3.15,1.32,2.14,3.44,6.65,1.83,1.88,Estádio Urbano Caldeira
1775950200,Apr 11 2026 - 11:30pm,complete,39135,Internacional,Grêmio,Bruno Arleu de Araujo,11,0.80,0.20,1.08,0.33,0,0,0,0,0,0,"","",8,2,4,0,3,1,1,3,1,3,11,4,3,1,8,3,19,20,54,46,1.71,1.09,1.31,0.58,2.30,60,80,40,10,0,30,90,30,60,12.00,4.60,1.80,3.64,4.50,1.28,1.97,3.30,7.00,1.85,1.85,N/A
1776002400,Apr 12 2026 - 2:00pm,complete,24146,Atlético PR,Chapecoense,André Luis Skettino Policarpo Bento,11,2.40,0.33,2.25,0.27,2,0,2,0,0,0,"81,57","",5,0,2,0,4,0,1,1,1,3,14,8,6,1,8,7,15,17,58,42,1.33,0.73,1.67,0.83,2.40,47,90,30,10,10,30,67,44,90,8.93,2.93,1.35,4.15,6.60,1.23,1.88,3.05,5.75,1.95,1.76,N/A
1776020400,Apr 12 2026 - 7:00pm,complete,14695,Botafogo,Coritiba,Davi de Oliveira Lacerda,11,2.00,2.00,1.60,1.33,2,2,4,1,0,1,"55,77","33,79",7,4,2,0,4,0,0,2,0,4,21,14,8,5,13,9,14,7,61,39,1.03,0.98,2.46,1.47,3.40,37,90,70,44,27,54,74,44,100,6.13,4.87,1.80,3.56,4.33,1.31,2.10,3.75,8.00,1.95,1.76,Estádio Nilton Santos
1776027600,Apr 12 2026 - 9:00pm,complete,44833,Fluminense,Flamengo,Raphael Claus,11,3.00,1.40,2.31,1.85,1,2,3,1,0,1,"76","7,51",8,2,2,0,2,1,1,1,0,3,19,17,6,9,13,8,14,11,60,40,1.78,1.17,2.03,1.95,2.80,60,80,70,20,10,60,70,40,80,8.80,6.20,3.00,3.05,2.45,1.41,2.45,4.33,8.80,1.95,1.74,N/A
1776029400,Apr 12 2026 - 9:30pm,complete,46466,Corinthians,Palmeiras,Flavio Rodrigues De Souza,11,0.80,2.00,1.50,2.00,0,0,0,0,0,0,"","",2,7,2,2,1,0,2,2,0,1,6,16,4,4,2,12,17,16,32,68,1.26,1.10,0.88,1.69,2.50,60,80,50,20,0,40,80,50,70,10.00,5.40,2.80,2.82,2.70,1.53,2.40,5.37,11.00,2.06,1.68,Arena Corinthians
1776029400,Apr 12 2026 - 9:30pm,complete,38674,Cruzeiro,Bragantino,Ramon Abatti,11,1.20,1.40,1.69,1.36,2,1,3,2,1,1,"18,49","6",2,7,0,0,2,0,0,0,0,2,16,16,7,4,9,12,16,21,49,51,1.46,1.85,1.70,1.50,2.20,40,70,30,10,10,30,60,20,70,12.00,5.20,1.85,3.54,4.35,1.36,2.07,3.60,7.00,1.85,1.85,Estádio Governador Magalhães Pinto
1776547800,Apr 18 2026 - 9:30pm,complete,20067,Vasco da Gama,São Paulo,Savio Pereira Sampaio,12,1.67,1.33,1.42,0.69,2,1,3,1,0,1,"72,88","10",6,5,1,0,2,0,0,1,0,2,20,10,5,4,15,6,14,20,62,38,2.15,1.20,2.07,1.20,2.33,67,75,42,9,9,9,67,42,84,12.00,4.50,2.26,3.30,3.40,1.32,2.14,3.75,8.00,1.84,1.91,Estádio Club de Regatas Vasco da Gama
1776547800,Apr 18 2026 - 9:30pm,complete,N/A,Chapecoense,Botafogo,Matheus Delgado Candançan,12,1.17,1.00,0.92,1.17,1,4,5,4,1,3,"45'3","14,10,20,80",4,4,0,0,0,0,0,0,0,0,9,13,3,8,6,5,6,7,49,51,1.59,1.10,1.11,1.65,3.58,75,83,67,42,33,59,67,59,84,8.67,5.50,3.10,3.40,2.23,1.30,2.00,3.40,7.21,1.73,1.92,Arena Condá
1776553200,Apr 18 2026 - 11:00pm,complete,21709,Vitória,Corinthians,Alex Gomes Stefano,12,2.40,1.20,2.08,1.17,0,0,0,0,0,0,"","",4,2,1,0,2,0,0,1,1,1,13,7,1,0,12,7,13,14,54,46,1.47,0.95,1.07,0.72,1.90,40,70,20,10,0,30,80,20,60,8.60,6.00,2.37,3.00,3.00,1.53,2.70,4.95,8.70,2.10,1.70,Estádio Manoel Barradas
1776555000,Apr 18 2026 - 11:30pm,complete,N/A,Cruzeiro,Grêmio,Raphael Claus,12,1.50,0.33,1.69,0.33,2,0,2,0,0,0,"51,66","",4,1,4,0,3,0,3,1,0,3,18,9,6,1,12,8,16,13,41,59,1.50,1.00,1.88,0.88,2.50,67,83,59,9,9,42,75,25,59,9.16,4.50,1.67,3.80,5.20,1.34,2.04,3.30,7.00,1.95,1.80,Estádio Governador Magalhães Pinto
1776607200,Apr 19 2026 - 2:00pm,complete,30052,Internacional,Mirassol,Davi de Oliveira Lacerda,12,0.83,0.25,1.08,0.55,1,2,3,2,0,2,"90'3","45,22",11,2,0,0,4,0,0,0,1,3,25,10,8,4,17,6,6,15,72,28,1.65,1.48,2.93,1.03,2.21,42,50,34,34,13,34,92,34,50,13.58,5.08,1.75,3.60,4.62,1.32,2.14,3.80,8.00,1.91,1.83,N/A
1776625200,Apr 19 2026 - 7:00pm,complete,28305,Coritiba,Atlético Mineiro,Fernando Antonio Mendes de Salles Nascimento Fillho,12,1.00,0.50,1.50,1.08,2,0,2,1,1,0,"7,58","",2,8,2,2,1,1,1,3,0,2,2,23,2,7,0,16,18,10,23,77,1.22,1.38,0.39,2.41,1.70,29,45,17,9,0,9,54,19,74,8.97,4.57,2.45,3.20,2.93,1.42,2.20,4.33,8.20,1.95,1.80,Estádio Major Antônio Couto Pereira
1776625200,Apr 19 2026 - 7:00pm,complete,14179,Santos,Fluminense,Wilton Pereira Sampaio,12,1.83,1.00,1.46,1.00,2,3,5,2,1,1,"57,9","60,86,24",6,4,5,0,3,0,3,2,2,1,7,10,4,3,3,7,13,14,47,53,1.22,1.66,1.00,1.19,2.49,74,92,37,10,10,27,74,29,82,11.97,5.27,2.51,3.30,2.77,1.38,2.21,3.82,7.90,1.97,1.81,Estádio Urbano Caldeira
1776634200,Apr 19 2026 - 9:30pm,complete,39714,Palmeiras,Atlético PR,Felipe Fernandes de Lima,12,3.00,0.80,2.25,1.27,1,0,1,1,1,0,"15","",9,3,3,1,4,0,1,3,2,2,10,9,2,3,8,6,9,22,50,50,1.68,1.15,1.04,1.15,3.00,70,80,70,20,20,40,100,50,70,9.00,3.60,1.55,3.60,5.70,1.30,2.05,3.80,7.95,2.00,1.65,Allianz Parque
1776634200,Apr 19 2026 - 9:30pm,complete,4163,Bragantino,Remo,N/A,12,1.40,0.33,1.67,0.69,4,2,6,4,2,2,"19,37,47,51","28,39",1,1,1,0,1,0,1,0,0,1,16,7,7,3,9,4,11,12,51,49,1.55,1.23,1.80,0.92,2.37,39,74,47,9,9,29,84,35,74,9.90,6.27,1.55,4.20,5.75,1.25,1.80,3.16,5.80,1.91,1.83,N/A
1776637800,Apr 19 2026 - 10:30pm,complete,64565,Flamengo,Bahia,Flavio Rodrigues De Souza,12,2.50,2.40,2.10,1.58,2,0,2,1,1,0,"17,80","",6,1,2,0,0,0,2,0,0,0,20,13,8,5,12,8,12,8,52,48,1.70,1.18,2.39,1.55,2.68,55,80,55,23,10,20,88,45,70,9.05,3.90,1.47,4.33,6.00,1.21,1.75,2.80,5.50,1.98,1.85,N/A
1777152600,Apr 25 2026 - 9:30pm,complete,16332,Botafogo,Internacional,Fernando Antonio Mendes de Salles Nascimento Fillho,13,1.75,1.60,1.60,1.00,2,2,4,0,0,0,"65,54","59,74",3,5,2,0,3,0,1,1,1,2,16,8,7,4,9,4,16,14,53,47,1.39,1.54,2.10,1.34,2.90,55,80,60,38,13,35,68,48,80,11.70,4.70,2.46,3.00,2.84,1.34,2.10,3.90,6.35,1.77,2.00,N/A
1777152600,Apr 25 2026 - 9:30pm,complete,33894,Bahia,Santos,Ramon Abatti,13,1.60,0.40,1.50,0.70,2,2,4,2,0,2,"76,83","22,45'4",5,3,3,0,4,0,1,2,0,4,18,11,5,5,13,6,16,17,64,36,1.67,1.43,1.82,1.25,2.90,70,90,60,30,10,50,80,40,70,12.00,4.40,1.70,3.80,4.80,1.31,1.89,3.25,6.05,1.83,1.91,Arena Fonte Nova
1777152600,Apr 25 2026 - 9:30pm,complete,12993,Remo,Cruzeiro,Wilton Pereira Sampaio,13,1.20,0.20,1.27,1.55,0,1,1,1,0,1,"","34",4,1,1,0,3,0,1,0,1,2,14,6,1,6,13,0,15,22,47,53,1.45,1.35,1.48,1.27,3.30,70,100,60,50,20,60,80,60,90,9.80,4.00,3.21,3.20,2.23,1.30,2.04,3.40,6.35,1.75,1.95,Estádio Estadual Jornalista Edgar Augusto Proença
1777161600,Apr 26 2026 - 12:00am,complete,15706,São Paulo,Mirassol,Raphael Claus,13,2.40,0.80,1.80,0.55,1,0,1,0,0,0,"76","",12,4,1,0,2,0,1,0,2,0,17,10,1,1,16,9,11,14,53,47,1.37,1.39,1.55,0.96,2.70,50,70,50,30,20,40,80,50,70,11.00,4.60,1.91,3.05,4.05,1.32,2.05,3.62,7.96,1.82,1.88,Estádio Brinco de Ouro da Princesa
1777230000,Apr 26 2026 - 7:00pm,complete,41977,Corinthians,Vasco da Gama,Davi de Oliveira Lacerda,13,0.83,0.60,1.50,0.45,1,0,1,1,1,0,"38","",5,7,3,1,4,0,3,1,3,1,13,21,5,7,8,14,12,17,40,60,1.19,1.43,1.44,2.24,2.44,67,84,39,10,10,37,65,29,75,9.20,5.00,2.09,3.25,3.50,1.42,2.30,4.40,9.00,2.00,1.76,Arena Corinthians
1777230000,Apr 26 2026 - 7:00pm,complete,35443,Grêmio,Coritiba,Felipe Fernandes de Lima,13,2.20,1.83,1.91,1.33,1,0,1,1,1,0,"43","",5,2,2,0,1,3,2,0,2,2,22,15,6,4,16,11,20,11,56,44,1.72,1.07,2.22,1.55,3.00,55,82,45,27,19,27,72,37,90,9.03,4.30,1.95,3.10,3.90,1.40,2.20,3.80,7.30,1.95,1.77,Arena do Grêmio
1777239000,Apr 26 2026 - 9:30pm,complete,N/A,Atlético PR,Vitória,Bruno Arleu de Araujo,13,2.50,0.40,2.25,0.33,3,1,4,2,1,1,"34,90'2,90'8","22",4,4,6,0,4,0,2,4,2,2,23,7,11,2,12,5,16,15,61,39,1.38,1.00,2.62,0.79,2.84,55,92,45,19,19,55,82,37,72,9.30,4.87,1.57,3.55,6.00,1.33,2.25,4.00,8.10,2.15,1.62,N/A
1777239000,Apr 26 2026 - 9:30pm,complete,6166,Bragantino,Palmeiras,João Vitor Gobi,13,1.67,1.83,1.67,2.00,0,1,1,1,0,1,"","21",9,4,1,0,2,0,1,0,0,2,19,6,4,3,15,3,12,17,61,39,1.59,1.20,2.09,0.88,2.75,67,75,67,25,9,42,92,50,75,10.33,5.67,2.94,3.10,2.62,1.35,2.25,3.88,8.50,1.85,1.90,N/A
1777246200,Apr 26 2026 - 11:30pm,complete,13885,Fluminense,Chapecoense,Savio Pereira Sampaio,13,2.50,0.25,2.31,0.27,2,1,3,0,0,0,"56,86","78",7,1,1,0,4,1,0,1,0,5,30,8,12,3,18,5,6,16,71,29,1.83,0.76,3.40,0.93,2.42,46,84,34,17,9,17,46,71,92,8.00,4.83,1.23,5.75,10.44,1.22,1.60,2.48,4.75,2.05,1.65,N/A
1777246200,Apr 26 2026 - 11:30pm,complete,28148,Atlético Mineiro,Flamengo,Rafael Rodrigo Klein,13,2.20,1.67,1.90,1.85,0,4,4,3,0,3,"","31,8,45'1,84",8,1,1,0,2,0,0,1,2,0,18,9,6,6,12,3,10,13,51,49,1.39,1.30,1.94,1.32,2.92,64,80,72,20,10,54,82,47,82,7.30,4.53,3.80,3.25,2.00,1.33,2.16,3.75,7.50,1.85,1.85,N/A
1777748400,May 02 2026 - 7:00pm,complete,22116,Botafogo,Remo,Rodrigo José Pereira de Lima,14,1.60,0.29,1.60,0.69,1,2,3,1,1,0,"13","70,90'3",9,6,2,0,2,0,1,1,1,1,16,18,5,9,11,9,14,10,58,42,1.53,1.19,1.72,2.11,3.43,45,86,72,55,25,35,66,69,86,6.54,4.83,1.53,4.05,5.30,1.22,1.75,3.10,5.00,1.85,1.85,Estádio Nilton Santos
1777757400,May 02 2026 - 9:30pm,complete,17848,Vitória,Coritiba,Rafael Rodrigo Klein,14,2.17,1.57,2.08,1.33,4,1,5,3,2,1,"15,28,61,55","45'3",2,4,3,0,1,1,1,2,2,0,11,5,7,1,4,4,13,11,61,39,1.40,1.13,1.46,0.58,2.19,30,69,30,15,7,23,77,23,77,7.57,5.17,2.15,3.20,3.35,1.37,2.25,4.31,9.00,1.91,1.80,Estádio Manoel Barradas
1777757400,May 02 2026 - 9:30pm,complete,41282,Palmeiras,Santos,Raphael Claus,14,3.00,0.50,2.25,0.70,1,1,2,1,0,1,"64","26",9,4,1,0,1,0,0,1,1,0,22,14,3,4,19,10,9,5,54,46,1.58,1.40,1.93,1.59,3.17,75,75,75,42,17,42,84,59,67,11.50,4.50,1.55,4.00,5.40,1.37,1.95,3.70,7.00,1.95,1.80,Allianz Parque
1777764600,May 02 2026 - 11:30pm,complete,N/A,Atlético PR,Grêmio,Savio Pereira Sampaio,14,2.57,0.29,2.25,0.33,0,0,0,0,0,0,"","",7,3,2,1,1,1,2,1,0,2,11,8,5,0,6,8,11,13,45,55,1.56,0.98,1.27,0.82,2.50,57,86,50,15,7,43,72,43,72,8.29,5.29,1.73,3.50,4.92,1.33,2.07,3.70,8.00,1.91,1.73,N/A
1777766400,May 03 2026 - 12:00am,complete,53921,Cruzeiro,Atlético Mineiro,Flavio Rodrigues De Souza,14,1.71,0.43,1.69,1.08,1,3,4,2,0,2,"86","32,12,72",5,1,3,2,6,1,0,5,2,5,14,6,2,4,12,2,15,17,69,31,1.56,1.53,1.50,0.83,2.36,36,72,43,14,7,29,71,22,71,12.00,4.15,1.85,3.40,4.40,1.36,2.23,4.00,7.80,1.93,1.75,Estádio Governador Magalhães Pinto
1777834800,May 03 2026 - 7:00pm,complete,61872,Flamengo,Vasco da Gama,Wilton Pereira Sampaio,14,2.60,0.50,2.10,0.45,2,2,4,1,1,0,"8,60","84,90'7",5,6,3,0,3,0,2,1,1,2,12,20,5,6,7,14,15,12,49,51,1.84,1.57,1.35,1.93,2.72,62,92,45,19,9,17,82,37,92,9.27,3.93,1.55,4.00,6.00,1.31,1.90,3.10,6.00,1.85,1.85,N/A
1777834800,May 03 2026 - 7:00pm,complete,9390,São Paulo,Bahia,Davi de Oliveira Lacerda,14,2.50,2.00,1.80,1.58,2,2,4,1,1,0,"17,73","90'7,62",14,10,4,0,3,0,1,3,1,2,18,19,8,8,10,11,12,12,39,61,1.40,1.25,2.00,2.24,2.42,42,67,42,17,17,25,75,42,67,11.50,3.50,2.05,3.30,3.50,1.32,2.00,3.30,6.50,1.79,1.91,Morumbí
1777843800,May 03 2026 - 9:30pm,complete,8065,Chapecoense,Bragantino,Paulo Cesar Zanovelli,14,1.00,1.17,0.92,1.36,1,2,3,2,1,1,"23","41,73",5,2,2,0,2,0,1,1,1,1,19,7,3,2,16,5,8,10,55,45,1.53,1.79,1.76,0.76,2.70,52,77,37,29,22,52,61,30,77,10.96,5.03,4.00,3.50,1.90,1.32,2.03,3.65,6.50,1.83,1.91,Arena Condá
1777843800,May 03 2026 - 9:30pm,complete,16173,Internacional,Fluminense,Felipe Fernandes de Lima,14,0.71,1.33,1.08,1.00,2,0,2,1,1,0,"39,49","",3,3,4,0,3,0,4,0,2,1,18,11,9,6,9,5,25,18,33,67,1.83,1.58,2.14,1.42,2.52,63,79,40,24,17,31,85,32,70,15.04,3.83,2.19,3.15,3.40,1.42,2.25,4.00,8.50,1.85,1.80,N/A
1777851000,May 03 2026 - 11:30pm,complete,9943,Mirassol,Corinthians,Matheus Delgado Candançan,14,0.83,1.17,1.50,1.17,2,1,3,2,2,0,"23,33","80",1,5,5,0,2,0,1,4,1,1,7,11,5,3,2,8,19,13,39,61,1.89,0.91,1.04,1.20,2.09,59,59,42,25,0,33,67,34,67,12.00,6.66,2.50,2.90,3.10,1.44,2.50,4.75,10.50,2.00,1.75,Estádio José Maria de Campos Maia
1778353200,May 09 2026 - 7:00pm,complete,N/A,Coritiba,Internacional,Wagner do Nascimento Magalhaes,15,1.33,1.50,1.50,1.00,2,2,4,1,1,0,"28,84","69,90'6",3,8,1,0,3,0,1,0,2,1,8,22,3,4,5,18,11,10,36,64,1.08,1.51,0.93,2.27,1.84,50,59,17,9,0,9,50,25,75,10.34,5.33,2.72,3.13,2.63,1.42,2.20,3.86,8.50,1.85,1.85,Estádio Major Antônio Couto Pereira
1778360400,May 09 2026 - 9:00pm,complete,N/A,Fluminense,Vitória,Braulio da Silva Machado,15,2.57,0.33,2.31,0.33,2,2,4,1,1,0,"36,90","63,67",6,3,4,0,2,0,0,4,0,2,12,10,5,3,7,7,15,7,58,42,2.05,0.96,1.53,1.10,3.02,69,86,61,31,16,48,70,61,77,9.54,5.90,1.43,4.40,7.00,1.27,1.95,3.40,6.20,2.14,1.70,N/A
1778371200,May 10 2026 - 12:00am,complete,30309,Bahia,Cruzeiro,Rodrigo José Pereira de Lima,15,1.50,0.67,1.50,1.55,1,2,3,2,1,1,"27","86,41",6,8,3,0,4,0,3,0,1,3,8,20,3,7,5,13,14,16,46,54,1.69,1.34,1.00,2.12,2.92,59,92,59,34,9,59,92,42,75,10.00,4.17,2.15,3.25,3.40,1.28,2.05,3.44,6.95,1.76,1.89,Arena Fonte Nova
1778439600,May 10 2026 - 7:00pm,complete,33043,Atlético Mineiro,Botafogo,Ramon Abatti,15,1.83,1.29,1.90,1.17,1,1,2,1,1,0,"23","90",6,4,0,0,2,0,0,0,1,1,17,18,7,5,10,13,9,12,43,57,1.48,1.18,1.81,1.82,3.59,68,77,77,47,30,54,77,54,92,7.79,4.03,2.20,3.30,3.45,1.30,1.95,3.30,6.50,1.75,1.96,N/A
1778445600,May 10 2026 - 8:40pm,complete,N/A,Remo,Palmeiras,Rafael Rodrigo Klein,15,1.00,2.00,1.27,2.00,1,1,2,2,1,1,"2","24",5,17,1,1,2,0,0,2,2,0,15,18,4,5,11,13,6,6,34,66,1.46,1.15,1.44,1.97,2.48,62,70,45,31,9,40,85,54,62,9.54,4.43,3.90,3.46,1.96,1.30,2.00,3.24,6.15,1.77,1.95,Estádio Estadual Jornalista Edgar Augusto Proença
1778448600,May 10 2026 - 9:30pm,complete,2343,Mirassol,Chapecoense,N/A,15,1.14,0.20,1.50,0.27,1,1,2,0,0,0,"71","81",8,1,1,0,5,0,0,1,3,2,23,11,4,4,19,7,10,20,59,41,1.76,0.79,2.08,1.17,2.46,56,86,46,15,0,22,46,62,100,9.06,6.17,1.48,4.15,5.80,1.27,1.86,2.88,6.18,1.85,1.88,Estádio José Maria de Campos Maia
1778448600,May 10 2026 - 9:30pm,complete,37366,Corinthians,São Paulo,N/A,15,1.14,1.14,1.50,0.69,3,2,5,2,1,1,"17,52,57","41,89",7,7,4,0,4,0,2,2,2,2,15,7,6,4,9,3,12,13,49,51,1.23,1.20,1.77,1.02,1.79,43,64,22,0,0,15,64,22,72,10.43,5.72,2.03,3.10,3.66,1.48,2.40,5.20,10.00,2.05,1.70,Arena Corinthians
1778448600,May 10 2026 - 9:30pm,complete,6291,Santos,Bragantino,Alex Gomes Stefano,15,1.57,1.43,1.46,1.36,2,0,2,1,1,0,"45'5,76","",7,3,1,0,4,0,0,1,3,1,9,10,3,3,6,7,13,18,53,47,1.19,1.65,1.08,1.15,2.29,57,79,36,7,7,43,64,22,86,10.43,6.86,2.02,3.40,3.45,1.27,1.95,3.38,6.75,1.81,1.90,Estádio Urbano Caldeira
1778452200,May 10 2026 - 10:30pm,complete,30891,Grêmio,Flamengo,Davi de Oliveira Lacerda,15,2.33,1.86,1.91,1.85,0,1,1,0,0,0,"","68",0,6,1,0,3,0,1,0,2,1,6,20,3,5,3,15,10,10,32,68,1.80,1.30,0.81,2.21,2.84,54,84,60,16,9,44,77,31,77,8.31,4.97,3.40,3.31,1.93,1.33,2.17,3.54,7.50,1.83,1.91,Arena do Grêmio
1778455800,May 10 2026 - 11:30pm,complete,N/A,Vasco da Gama,Atlético PR,Raphael Claus,15,1.86,0.67,1.42,1.27,1,0,1,1,1,0,"37","",4,3,4,0,1,0,1,3,1,0,16,9,6,3,10,6,6,9,53,47,2.14,1.15,1.80,1.03,2.68,68,77,61,16,16,24,86,52,69,9.93,4.36,1.83,3.40,4.60,1.36,2.25,4.00,7.40,2.02,1.73,Estádio Club de Regatas Vasco da Gama
1778967000,May 16 2026 - 9:30pm,complete,21411,Internacional,Vasco da Gama,Ramon Abatti,16,1.00,0.57,1.08,0.45,4,1,5,2,2,0,"24,21,62,71","85",3,4,2,0,2,1,2,0,2,1,12,14,7,3,5,11,17,11,40,60,1.87,1.62,1.46,1.44,2.44,62,75,41,21,7,27,87,28,75,12.86,4.68,1.98,3.28,3.90,1.32,2.14,3.80,7.50,1.83,1.91,N/A
1778967000,May 16 2026 - 9:30pm,complete,20027,Atlético Mineiro,Mirassol,Lucas Casagrande,16,1.71,0.67,1.90,0.55,3,1,4,2,1,1,"17,61,82","40",5,6,0,0,1,0,0,0,0,1,14,7,5,3,9,4,6,14,49,51,1.53,1.32,1.54,0.99,2.75,54,61,54,38,16,47,85,38,77,9.21,3.83,2.05,3.32,3.76,1.38,2.08,3.90,8.50,1.91,1.83,N/A
1778968800,May 16 2026 - 10:00pm,complete,28218,Fluminense,São Paulo,Wilton Pereira Sampaio,16,2.38,1.00,2.31,0.69,2,1,3,2,2,0,"19,44","79",3,5,3,0,4,0,0,3,1,3,10,14,3,7,7,7,13,10,50,50,1.99,1.18,1.10,1.70,2.69,69,75,57,26,13,19,69,57,94,11.38,5.38,1.76,3.60,4.50,1.26,1.94,3.40,6.50,1.87,1.91,N/A
1778976000,May 17 2026 - 12:00am,complete,27657,Palmeiras,Cruzeiro,Savio Pereira Sampaio,16,2.71,1.00,2.25,1.55,1,1,2,2,1,1,"20","11",6,5,2,0,4,0,0,2,2,2,16,11,2,4,14,7,19,14,47,53,1.63,1.45,1.42,1.17,2.93,64,79,64,29,14,43,93,43,72,11.14,4.00,1.85,3.35,4.33,1.30,2.10,3.75,7.40,1.91,1.80,Allianz Parque
1779026400,May 17 2026 - 2:00pm,complete,45360,Santos,Coritiba,Paulo Cesar Zanovelli,16,1.75,1.38,1.46,1.33,0,3,3,3,0,3,"","39,5,20",3,3,4,1,2,0,1,4,1,1,13,9,3,5,10,4,13,15,63,37,1.18,1.07,1.37,1.10,2.75,57,82,44,26,19,38,82,32,88,9.13,6.50,1.96,3.45,4.17,1.36,2.20,4.00,8.50,1.95,1.75,Arena Corinthians
1779044400,May 17 2026 - 7:00pm,complete,17556,Botafogo,Corinthians,Felipe Fernandes de Lima,16,1.33,1.00,1.60,1.17,3,1,4,3,2,1,"7,32,70","11",3,2,6,0,1,0,2,4,1,0,13,19,5,1,8,18,22,8,35,65,1.56,0.95,1.39,1.60,2.77,62,79,65,41,9,38,69,49,72,8.62,5.47,2.35,3.25,3.15,1.40,2.23,4.10,8.00,1.85,1.85,Estádio Nilton Santos
1779044400,May 17 2026 - 7:00pm,complete,26800,Bahia,Grêmio,Fernando Antonio Mendes de Salles Nascimento Fillho,16,1.29,0.38,1.50,0.33,1,1,2,0,0,0,"72","62",7,3,4,0,5,0,0,4,1,4,17,3,6,1,11,2,18,14,59,41,1.60,0.96,1.93,0.43,2.30,61,88,48,7,0,48,75,34,61,8.86,5.17,1.75,3.80,4.60,1.22,1.82,2.83,5.75,1.70,1.95,Arena Fonte Nova
1779053400,May 17 2026 - 9:30pm,complete,9202,Chapecoense,Remo,N/A,16,0.88,0.63,0.92,0.69,2,3,5,2,1,1,"24,47","16,50,87",3,9,2,0,1,0,0,2,0,1,18,11,8,4,10,7,10,6,52,48,1.55,1.30,1.96,1.31,3.19,57,82,57,38,32,50,75,51,75,8.75,4.26,2.45,3.32,2.90,1.36,2.00,3.82,8.00,1.72,2.00,Arena Condá
1779053400,May 17 2026 - 9:30pm,complete,1793,Bragantino,Vitória,Wagner do Nascimento Magalhaes,16,1.43,0.43,1.67,0.33,2,0,2,1,1,0,"41,90'10","",7,6,4,0,2,0,2,2,1,1,23,8,5,2,18,6,21,11,49,51,1.66,0.98,2.31,0.89,3.00,64,86,57,29,14,50,93,43,71,9.71,6.00,1.67,3.70,5.25,1.30,2.00,3.30,7.50,1.95,1.74,N/A
1779057000,May 17 2026 - 10:30pm,complete,N/A,Atlético PR,Flamengo,Rafael Rodrigo Klein,16,2.38,2.00,2.25,1.85,1,1,2,1,1,0,"11","84",9,7,2,0,2,1,1,1,1,2,18,12,5,3,13,9,9,12,36,64,1.52,1.42,1.67,1.28,2.63,50,82,63,19,7,57,75,32,82,9.00,5.63,3.03,3.20,2.17,1.42,2.29,4.20,9.00,1.90,1.85,N/A
1779566400,May 23 2026 - 8:00pm,complete,25111,Vitória,Internacional,Felipe Fernandes de Lima,17,2.29,1.43,2.08,1.00,2,0,2,1,1,0,"29,90'7","",4,6,2,0,2,1,1,1,2,1,7,20,3,2,4,18,15,18,44,56,1.41,1.62,0.84,1.91,2.29,50,71,36,22,7,22,64,36,71,11.42,4.72,2.90,3.20,2.45,1.33,2.17,4.08,9.00,1.83,1.91,Estádio Manoel Barradas
1779566400,May 23 2026 - 8:00pm,complete,25317,São Paulo,Botafogo,Lucas Casagrande,17,2.29,1.25,1.80,1.17,1,1,2,1,1,0,"4","90",4,3,4,0,4,0,1,3,1,3,14,14,4,6,10,8,20,19,54,46,1.49,1.26,1.48,1.61,3.16,66,80,59,34,26,32,66,54,93,11.67,4.61,1.77,3.80,4.40,1.25,1.80,3.20,5.25,1.73,1.95,Morumbí
1779573600,May 23 2026 - 10:00pm,complete,7085,Mirassol,Fluminense,Savio Pereira Sampaio,17,1.13,1.14,1.50,1.00,1,0,1,1,1,0,"36","",4,5,2,0,3,0,2,0,2,1,13,10,8,1,5,9,12,14,33,67,1.80,1.56,1.62,0.99,2.82,73,88,53,27,15,34,75,47,93,12.86,5.25,2.62,3.10,2.68,1.44,2.35,4.40,9.50,1.95,1.77,Estádio José Maria de Campos Maia
1779573600,May 23 2026 - 10:00pm,complete,37385,Grêmio,Santos,Bruno Arleu de Araujo,17,2.00,0.57,1.91,0.70,3,2,5,2,1,1,"40,63,59","32,55",8,5,1,0,2,1,1,0,2,1,14,13,5,3,9,10,12,13,50,50,1.66,1.43,1.57,1.35,2.86,65,72,50,36,14,29,64,43,79,9.72,4.14,2.11,3.30,2.98,1.33,2.05,3.75,7.50,1.85,1.85,Arena do Grêmio
1779580800,May 24 2026 - 12:00am,complete,71205,Flamengo,Palmeiras,Davi de Oliveira Lacerda,17,2.33,1.88,2.10,2.00,0,3,3,1,0,1,"","38,57,90'5",8,4,5,1,6,0,2,4,2,4,22,12,3,6,19,6,9,19,48,52,1.75,1.26,2.20,1.38,2.54,57,82,50,29,0,19,86,50,75,10.92,4.21,1.82,3.32,3.65,1.30,2.09,3.38,7.00,1.91,1.80,N/A
1779649200,May 24 2026 - 7:00pm,complete,44625,Cruzeiro,Chapecoense,Flavio Rodrigues De Souza,17,1.50,0.33,1.69,0.27,2,1,3,1,1,0,"27,73","79",9,2,1,0,3,0,0,1,1,2,18,8,7,4,11,4,13,15,66,34,1.55,0.85,2.09,1.00,2.53,57,94,40,13,7,25,46,61,88,7.50,5.38,1.30,5.75,10.50,1.17,1.57,2.32,4.20,1.94,1.75,Estádio Governador Magalhães Pinto
1779649200,May 24 2026 - 7:00pm,complete,25290,Remo,Atlético PR,Rodrigo José Pereira de Lima,17,1.00,0.57,1.27,1.27,1,2,3,2,1,1,"14","45,53",3,10,1,1,4,0,2,0,1,3,3,16,2,9,1,7,9,14,44,56,1.45,1.13,0.53,1.99,2.43,57,72,36,22,14,43,93,36,57,8.29,4.43,2.38,3.15,3.00,1.30,2.11,3.44,6.85,1.78,2.00,Estádio Estadual Jornalista Edgar Augusto Proença
1779658200,May 24 2026 - 9:30pm,complete,42508,Corinthians,Atlético Mineiro,Rafael Rodrigo Klein,17,1.38,0.75,1.50,1.08,1,0,1,0,0,0,"88","",3,0,1,0,2,0,0,1,1,1,10,11,4,1,6,10,15,14,58,42,1.30,1.44,1.30,0.96,2.13,32,63,32,19,7,32,69,25,63,11.00,6.26,1.85,3.35,4.35,1.40,2.48,5.00,8.90,2.10,1.65,Arena Corinthians
1779665400,May 24 2026 - 11:30pm,complete,13805,Vasco da Gama,Bragantino,Fernando Antonio Mendes de Salles Nascimento Fillho,17,2.00,1.25,1.42,1.36,0,3,3,1,0,1,"","45'1,60,77",6,6,1,0,3,0,0,1,1,2,14,21,6,9,8,12,13,14,60,40,2.10,1.59,1.59,2.28,2.32,57,75,44,7,7,26,69,38,76,11.01,5.26,1.93,3.23,3.35,1.30,2.02,3.65,7.00,1.83,1.91,Estádio Club de Regatas Vasco da Gama
1779750000,May 25 2026 - 11:00pm,complete,20680,Coritiba,Bahia,N/A,17,1.29,1.86,1.50,1.58,3,2,5,1,0,1,"56,65,68","26,90'1",3,6,0,0,3,0,0,0,1,2,13,14,7,1,6,13,11,17,44,56,1.06,1.39,1.60,1.29,2.29,50,64,36,22,7,15,79,36,72,7.71,4.85,2.55,3.20,2.68,1.30,2.00,3.60,6.35,1.75,1.95,Estádio Major Antônio Couto Pereira
1780167600,May 30 2026 - 7:00pm,complete,51270,Flamengo,Coritiba,N/A,18,2.00,1.56,2.10,1.33,3,0,3,1,1,0,"11,70,60","",6,4,3,0,0,1,1,2,1,0,21,10,9,2,12,8,10,2,62,38,1.82,1.07,2.47,1.03,2.93,44,89,57,31,11,22,88,45,89,8.70,5.46,1.44,4.50,6.50,1.22,1.73,2.90,5.50,1.94,1.75,N/A
1780167600,May 30 2026 - 7:00pm,complete,N/A,Atlético PR,Mirassol,N/A,18,2.22,0.57,2.25,0.55,1,0,1,0,0,0,"88","",6,4,2,0,3,0,0,2,1,2,13,10,2,2,11,8,11,11,50,50,1.54,1.27,1.28,1.03,2.58,57,68,51,33,13,51,82,38,75,10.60,5.01,1.89,3.30,4.32,1.40,2.50,4.50,9.00,2.10,1.67,N/A
1780173000,May 30 2026 - 8:30pm,complete,42359,Grêmio,Corinthians,N/A,18,2.13,0.88,1.91,1.17,1,3,4,2,1,1,"7","65,45'2,67",4,8,3,1,2,0,1,3,1,1,10,24,3,9,7,15,23,20,41,59,1.65,1.03,1.01,2.44,2.38,57,63,38,25,13,38,69,26,63,8.88,4.51,3.07,3.15,2.55,1.40,2.29,4.60,9.30,2.00,1.76,Arena do Grêmio
1780173000,May 30 2026 - 8:30pm,complete,25140,Bahia,Botafogo,N/A,18,1.25,1.22,1.50,1.17,2,1,3,1,0,1,"57,90'2","7",10,4,2,0,3,1,0,2,3,1,24,13,9,6,15,7,14,16,62,38,1.64,1.30,2.83,1.38,3.10,82,95,59,23,17,54,83,41,88,9.33,5.39,1.98,3.70,3.50,1.22,1.60,2.70,4.00,1.60,2.20,Arena Fonte Nova
1780182000,May 30 2026 - 11:00pm,complete,11172,Santos,Vitória,N/A,18,1.56,0.38,1.46,0.33,3,1,4,1,1,0,"56,54,19","74",1,5,3,1,4,0,1,3,2,2,5,22,4,9,1,13,17,8,44,56,1.20,0.97,0.81,2.36,2.85,60,95,47,25,12,47,83,36,77,9.22,6.78,1.75,3.60,4.88,1.30,2.08,3.60,6.85,1.88,1.85,Estádio Urbano Caldeira
1780236000,May 31 2026 - 2:00pm,complete,5474,Bragantino,Internacional,N/A,18,1.63,1.25,1.67,1.00,3,1,4,2,2,0,"45'7,18,52","79",6,1,2,0,4,0,1,1,3,1,18,8,7,2,11,6,19,17,52,48,1.74,1.66,2.07,0.97,2.51,57,75,44,19,7,26,82,32,75,13.63,5.50,2.01,3.30,3.30,1.30,2.00,3.55,5.30,1.75,1.95,N/A
1780254000,May 31 2026 - 7:00pm,complete,36543,Palmeiras,Chapecoense,N/A,18,2.50,0.29,2.25,0.27,1,0,1,0,0,0,"65","",3,2,1,1,1,0,2,0,0,1,13,15,4,3,9,12,9,9,49,51,1.60,0.87,1.42,1.52,2.46,66,88,40,7,7,19,65,62,75,8.38,4.75,1.35,5.25,8.00,1.25,1.60,2.54,4.50,1.91,1.83,Allianz Parque
1780254000,May 31 2026 - 7:00pm,complete,20133,Vasco da Gama,Atlético Mineiro,N/A,18,1.78,0.67,1.42,1.08,0,1,1,1,0,1,"","32",3,4,1,0,1,0,1,0,0,1,26,10,8,4,18,6,20,17,60,40,2.04,1.39,2.59,1.13,2.39,45,67,50,17,6,17,73,45,73,11.22,4.78,1.91,3.50,3.90,1.30,2.00,3.50,7.00,1.80,1.91,Estádio Club de Regatas Vasco da Gama
1780270200,May 31 2026 - 11:30pm,complete,29662,Cruzeiro,Fluminense,N/A,18,1.67,1.00,1.69,1.00,1,1,2,1,0,1,"75","43",5,4,2,0,2,0,1,1,0,2,19,10,3,5,16,5,12,15,61,39,1.61,1.49,2.10,1.21,2.82,65,89,53,24,18,35,83,41,77,11.64,4.35,1.84,3.40,4.00,1.36,2.15,3.75,8.50,1.95,1.80,Estádio Governador Magalhães Pinto
1780270200,May 31 2026 - 11:30pm,complete,25649,Remo,São Paulo,N/A,18,0.88,0.89,1.27,0.69,1,0,1,0,0,0,"90'4","",6,7,1,0,2,0,0,1,2,0,9,9,2,4,7,5,7,14,39,61,1.34,1.24,0.96,1.18,2.54,71,83,41,18,12,43,83,36,82,10.19,5.03,2.76,3.15,2.45,1.33,2.13,3.60,7.83,1.80,1.93,Estádio Estadual Jornalista Edgar Augusto Proença
1784241000,Jul 16 2026 - 10:30pm,complete,N/A,Botafogo,Santos,N/A,19,1.57,0.50,1.60,0.70,2,1,3,1,1,0,"41,90'5","57",5,6,4,0,2,0,2,2,2,0,17,22,6,9,11,13,10,13,48,52,1.54,1.42,1.84,2.30,3.68,80,94,88,67,20,47,73,67,94,9.39,5.36,2.15,3.38,3.38,1.25,1.90,3.25,6.00,1.67,2.02,Estádio Nilton Santos
1784241000,Jul 16 2026 - 10:30pm,complete,20112,Vitória,Vasco da Gama,N/A,19,2.38,0.50,2.08,0.45,1,0,1,0,0,0,"69","",3,2,0,0,0,0,0,0,0,0,14,13,5,3,9,10,12,15,49,51,1.34,1.60,1.53,1.34,2.69,57,82,44,26,19,32,82,38,82,8.50,4.88,2.26,3.27,2.66,1.30,2.00,3.60,7.50,1.78,1.95,Estádio Manoel Barradas
1784327400,Jul 17 2026 - 10:30pm,complete,N/A,Bahia,Chapecoense,N/A,4,1.44,0.25,1.50,0.27,2,0,2,2,2,0,"12,34","",10,6,2,0,0,0,0,2,0,0,17,10,6,2,11,8,17,17,65,35,1.77,0.96,1.93,0.96,2.40,64,94,41,6,0,28,57,60,89,8.44,5.19,1.43,4.80,7.00,1.20,1.58,2.39,4.40,1.78,1.90,Arena Fonte Nova
1784329200,Jul 17 2026 - 11:00pm,complete,4593,Mirassol,Grêmio,N/A,19,1.33,0.44,1.50,0.33,2,1,3,2,2,0,"16,40","77",5,4,1,0,3,0,1,0,1,2,14,9,3,4,11,5,14,9,45,55,1.78,0.90,1.52,1.13,2.17,62,73,45,11,0,28,56,44,73,9.67,6.22,1.90,3.21,3.45,1.36,2.13,3.80,7.30,1.90,1.83,Estádio José Maria de Campos Maia
1784329200,Jul 17 2026 - 11:00pm,complete,22389,Fluminense,Bragantino,N/A,19,2.44,1.44,2.31,1.36,1,1,2,1,0,1,"90'14","27",11,4,2,1,4,2,0,3,0,6,24,6,4,2,20,4,6,9,67,33,1.89,1.66,2.51,0.76,2.56,56,78,56,17,6,33,67,45,89,10.44,5.89,1.78,3.48,4.40,1.33,2.05,3.50,6.85,1.85,1.90,N/A
1784673000,Jul 21 2026 - 10:30pm,complete,31018,Atlético Mineiro,Bahia,N/A,19,1.88,1.63,1.90,1.58,1,1,2,1,1,0,"45'1","57",6,4,0,0,2,0,0,0,0,2,16,21,4,4,12,17,4,12,50,50,1.53,1.37,1.72,1.92,3.07,63,75,63,44,19,38,94,50,76,9.88,3.13,2.03,3.40,3.08,1.29,1.91,3.40,6.50,1.69,2.05,N/A
1784759400,Jul 22 2026 - 10:30pm,complete,27273,Coritiba,Palmeiras,N/A,19,1.50,2.00,1.50,2.00,1,3,4,2,0,2,"68","9,19,67",8,4,1,0,3,0,1,0,2,1,17,14,6,6,11,8,10,16,52,48,1.13,1.27,1.95,1.58,2.29,53,65,41,24,7,17,76,47,72,8.75,5.16,4.00,3.05,2.11,1.35,2.38,4.10,9.50,1.98,1.72,Estádio Major Antônio Couto Pereira
1784766600,Jul 23 2026 - 12:30am,complete,12266,Internacional,Cruzeiro,N/A,19,1.22,1.00,1.08,1.55,1,2,3,1,0,1,"83","11,64",5,7,1,1,6,0,1,1,4,2,21,13,3,6,18,7,18,14,47,53,1.82,1.41,1.89,1.58,2.61,54,78,48,30,12,48,89,30,71,12.19,4.72,2.30,3.30,3.10,1.28,2.04,3.30,6.50,1.74,2.00,N/A
1784766600,Jul 23 2026 - 12:30am,complete,6487,São Paulo,Atlético PR,N/A,19,2.13,0.88,1.80,1.27,1,2,3,1,1,0,"19","46,51",7,3,0,0,1,0,0,0,1,0,18,11,3,3,15,8,7,15,70,30,1.49,1.24,1.93,1.13,2.44,50,69,44,19,13,26,82,38,76,12.00,4.63,2.03,3.20,4.00,1.43,2.20,3.96,7.90,1.95,1.76,Morumbí
1784766600,Jul 23 2026 - 12:30am,complete,13769,Chapecoense,Flamengo,N/A,19,0.78,1.89,0.92,1.85,0,4,4,2,0,2,"","26,38,48,86",5,3,1,0,0,0,0,1,0,0,13,10,3,6,10,4,9,8,37,63,1.60,1.40,1.30,1.38,3.17,67,89,67,34,22,67,78,33,84,8.89,5.00,8.95,4.60,1.43,1.20,1.80,3.00,5.50,1.95,1.70,Arena Condá
1784845800,Jul 23 2026 - 10:30pm,complete,43623,Corinthians,Remo,N/A,19,1.56,0.89,1.50,0.69,3,0,3,3,3,0,"26,40,45'2","",3,4,1,0,1,0,0,1,0,1,15,3,7,0,8,3,13,9,56,44,1.30,1.30,1.74,0.42,2.50,39,67,39,22,22,33,67,45,67,9.11,5.33,1.52,4.10,6.48,1.30,1.91,3.40,7.00,2.02,1.75,Arena Corinthians
1784845800,Jul 23 2026 - 10:30pm,complete,16772,Botafogo,Vitória,N/A,4,1.75,0.33,1.60,0.33,0,0,0,0,0,0,"","",9,3,1,0,1,0,0,1,1,0,19,5,6,1,13,4,16,14,57,43,1.58,1.13,2.07,0.58,3.49,71,100,78,54,12,41,82,66,89,8.36,6.11,1.80,3.65,4.85,1.25,1.77,2.80,5.30,1.73,2.02,Estádio Nilton Santos
1785015000,Jul 25 2026 - 9:30pm,complete,12121,Santos,Chapecoense,N/A,20,1.70,0.22,1.46,0.27,2,2,4,1,1,0,"36,89","51,62",12,1,3,0,4,0,0,3,0,4,21,5,7,3,14,2,11,13,64,36,1.16,0.96,2.46,0.70,2.41,52,90,36,10,5,26,57,49,85,7.24,6.24,1.33,5.25,8.50,1.14,1.64,2.55,4.35,1.85,1.85,Estádio Urbano Caldeira
1785015000,Jul 25 2026 - 9:30pm,complete,27034,Atlético PR,Internacional,N/A,20,2.30,1.11,2.25,1.00,2,0,2,1,1,0,"45'1,60","",3,7,0,0,0,0,0,0,0,0,14,13,3,3,11,10,13,8,46,54,1.51,1.58,1.28,1.30,2.43,59,74,42,27,5,31,69,37,79,12.68,5.07,2.00,3.08,3.90,1.36,2.35,3.80,8.00,1.97,1.70,N/A
1785022200,Jul 25 2026 - 11:30pm,complete,10649,Vasco da Gama,Mirassol,N/A,20,1.60,0.50,1.42,0.55,1,1,2,1,0,1,"80","30",9,5,1,0,1,0,0,1,0,1,20,10,4,3,16,7,12,7,58,42,2.10,1.24,2.09,1.14,2.50,55,60,55,24,12,30,78,49,68,10.43,4.53,2.09,3.35,3.65,1.28,2.05,3.90,8.00,1.84,1.86,Estádio Club de Regatas Vasco da Gama
1785092400,Jul 26 2026 - 7:00pm,complete,44576,Bahia,Corinthians,N/A,20,1.60,1.11,1.50,1.17,1,1,2,2,1,1,"45'4","8",7,2,2,0,5,0,2,0,2,3,13,5,2,2,11,3,17,18,60,40,1.79,1.19,1.37,0.59,2.41,69,84,47,22,0,58,84,31,63,11.24,5.18,2.20,3.30,3.00,1.26,1.94,3.24,7.50,1.70,2.15,Arena Fonte Nova
1785092400,Jul 26 2026 - 7:00pm,complete,39294,Cruzeiro,Botafogo,N/A,20,1.60,1.10,1.69,1.17,0,1,1,1,0,1,"","41",9,1,4,0,5,0,1,3,3,2,16,8,6,4,10,4,14,18,62,38,1.66,1.31,1.80,1.01,3.15,80,90,65,25,20,40,80,45,90,9.20,5.30,1.75,3.45,4.40,1.21,1.81,3.25,5.75,1.70,2.05,Estádio Governador Magalhães Pinto
1785101400,Jul 26 2026 - 9:30pm,complete,23728,Grêmio,Fluminense,N/A,20,1.89,1.00,1.91,1.00,1,1,2,0,0,0,"89","65",9,2,2,0,4,0,0,2,2,2,12,7,5,3,7,4,12,9,51,49,1.58,1.46,1.43,0.92,2.78,62,78,39,28,22,28,78,39,78,10.34,4.11,2.80,3.20,2.35,1.34,1.99,3.30,8.00,1.74,1.97,Arena do Grêmio
1785101400,Jul 26 2026 - 9:30pm,complete,N/A,Bragantino,Coritiba,N/A,20,1.78,1.40,1.67,1.33,0,0,0,0,0,0,"","",8,1,3,0,1,0,1,2,0,1,20,5,3,3,17,2,16,3,56,44,1.78,1.07,1.75,0.73,2.89,48,79,58,26,16,42,95,37,79,9.71,5.69,1.62,3.80,4.60,1.32,1.95,3.30,7.05,1.89,1.85,N/A
1785101400,Jul 26 2026 - 9:30pm,complete,70791,Flamengo,São Paulo,N/A,20,2.13,0.80,2.10,0.69,1,1,2,0,0,0,"57","70",5,2,1,0,3,0,0,1,0,3,18,4,6,1,12,3,15,19,54,46,1.90,1.23,1.88,0.60,2.59,49,85,52,18,5,10,79,47,100,10.95,5.33,1.47,4.35,7.20,1.26,1.87,2.89,5.75,1.93,1.76,N/A
1785105000,Jul 26 2026 - 10:30pm,complete,13541,Remo,Vitória,N/A,20,1.11,0.40,1.27,0.33,2,0,2,1,1,0,"39,54","",4,9,3,0,1,0,2,1,1,0,15,14,9,6,6,8,16,8,35,65,1.30,1.07,1.85,1.75,2.67,64,84,42,31,11,48,79,42,69,8.78,5.01,2.20,3.30,3.25,1.28,2.00,3.44,8.00,1.77,1.95,Estádio Estadual Jornalista Edgar Augusto Proença
1785105000,Jul 26 2026 - 10:30pm,complete,N/A,Palmeiras,Atlético Mineiro,N/A,20,2.56,0.90,2.25,1.08,1,2,3,0,0,0,"75","54,77",10,5,0,0,3,0,0,0,1,2,21,9,6,4,15,5,7,11,69,31,1.58,1.36,2.39,1.02,2.22,44,59,37,16,6,27,80,27,63,11.00,4.49,1.60,3.75,5.75,1.29,1.90,3.45,6.50,1.87,1.75,Allianz Parque
1785283200,Jul 29 2026 - 12:00am,suspended,N/A,Atlético Mineiro,Bragantino,N/A,21,1.78,1.40,1.90,1.36,0,0,0,0,0,0,"","",-1,-1,-1,-1,-1,-1,-1,-1,-1,-1,-1,-1,-1,-1,-1,-1,-1,-1,-1,-1,1.55,1.57,0.00,0.00,2.55,54,79,43,22,6,37,80,32,90,9.79,4.38,2.10,3.40,3.42,1.33,2.10,3.85,8.50,1.85,1.91,N/A
1785283200,Jul 29 2026 - 12:00am,suspended,N/A,São Paulo,Santos,N/A,21,1.89,0.44,1.80,0.70,0,0,0,0,0,0,"","",-1,-1,-1,-1,-1,-1,-1,-1,-1,-1,-1,-1,-1,-1,-1,-1,-1,-1,-1,-1,1.54,1.52,0.00,0.00,3.00,73,84,61,39,17,28,73,62,89,13.00,4.33,2.05,3.30,3.75,1.33,2.18,3.62,7.10,1.85,1.91,Morumbí
1785283200,Jul 29 2026 - 12:00am,suspended,N/A,Botafogo,Grêmio,N/A,21,1.67,0.40,1.60,0.33,0,0,0,0,0,0,"","",-1,-1,-1,-1,-1,-1,-1,-1,-1,-1,-1,-1,-1,-1,-1,-1,-1,-1,-1,-1,1.63,0.93,0.00,0.00,2.67,64,85,65,28,6,32,59,54,75,7.88,5.88,1.75,3.50,5.00,1.33,2.00,3.05,6.50,1.85,1.85,Estádio Nilton Santos
1785283200,Jul 29 2026 - 12:00am,suspended,N/A,Chapecoense,Vasco da Gama,N/A,21,0.70,0.44,0.92,0.45,0,0,0,0,0,0,"","",-1,-1,-1,-1,-1,-1,-1,-1,-1,-1,-1,-1,-1,-1,-1,-1,-1,-1,-1,-1,1.57,1.57,0.00,0.00,3.35,74,84,63,47,31,57,79,47,85,9.44,4.13,3.10,3.14,2.40,1.28,2.00,3.80,7.50,1.83,2.00,Arena Condá
1785364200,Jul 29 2026 - 10:30pm,complete,18359,Internacional,Flamengo,N/A,21,1.10,2.00,1.08,1.85,1,1,2,1,1,0,"27","79",2,3,1,0,3,0,0,1,0,3,16,14,5,5,11,9,11,14,27,73,1.83,1.40,1.56,1.71,2.55,50,80,55,20,5,45,85,30,80,11.00,5.10,3.60,3.40,1.96,1.26,1.94,3.24,6.50,1.75,1.95,N/A
1785364200,Jul 29 2026 - 10:30pm,complete,4519,Mirassol,Remo,N/A,21,1.50,0.80,1.50,0.69,2,1,3,2,1,1,"30,54","45'1",6,3,2,0,2,0,2,0,0,2,8,13,4,2,4,11,15,5,54,46,1.76,1.21,1.20,1.29,2.80,55,75,60,25,15,40,75,50,80,10.60,5.00,1.72,3.80,4.80,1.24,1.87,2.99,6.50,1.75,1.90,Estádio José Maria de Campos Maia
1785371400,Jul 30 2026 - 12:30am,complete,N/A,Fluminense,Bahia,N/A,21,2.30,1.56,2.31,1.58,0,0,0,0,0,0,"","",8,1,1,0,1,0,1,0,0,1,25,10,11,0,14,10,7,9,59,41,1.95,1.44,2.84,0.92,2.90,74,79,63,32,16,26,85,52,79,11.00,5.12,1.72,3.55,5.30,1.22,1.88,2.99,5.80,1.78,1.95,N/A
1785371400,Jul 30 2026 - 12:30am,complete,14660,Vitória,Palmeiras,N/A,21,2.44,2.10,2.08,2.00,0,4,4,2,0,2,"","45'1,45'6,70,84",6,1,3,2,2,0,3,2,2,0,10,16,3,5,7,11,10,15,32,68,1.36,1.30,1.05,1.82,2.25,41,69,41,21,6,31,79,41,69,9.47,4.80,3.80,3.18,2.05,1.35,2.41,3.90,7.80,2.00,1.73,Estádio Manoel Barradas
1785450600,Jul 30 2026 - 10:30pm,complete,N/A,Corinthians,Atlético PR,N/A,21,1.70,1.11,1.50,1.27,0,0,0,0,0,0,"","",6,2,3,0,4,0,0,3,2,2,7,4,4,1,3,3,16,16,52,48,1.34,1.23,0.89,0.57,2.22,43,64,43,11,11,37,80,27,59,8.91,5.23,1.96,3.07,3.48,1.53,2.70,5.45,10.50,2.18,1.60,Arena Corinthians
1785457800,Jul 31 2026 - 12:30am,complete,N/A,Coritiba,Cruzeiro,N/A,21,1.33,1.22,1.50,1.55,0,1,1,0,0,0,"","66",4,2,1,0,1,0,1,0,0,1,19,20,2,4,17,16,13,18,50,50,1.22,1.43,1.62,1.84,2.72,62,78,50,33,11,34,78,44,84,8.33,5.11,3.20,3.20,2.12,1.42,2.25,4.10,8.10,1.93,1.80,Estádio Major Antônio Couto Pereira
1786215600,Aug 08 2026 - 7:00pm,complete,34525,Grêmio,São Paulo,N/A,22,1.80,0.82,1.91,0.69,2,1,3,1,0,1,"48,86","45'2",7,7,4,0,3,0,1,3,0,3,12,19,5,4,7,15,12,19,48,52,1.56,1.18,1.41,1.76,2.54,62,72,38,20,15,24,62,43,90,10.56,4.73,2.28,3.15,3.11,1.36,2.18,4.33,9.00,1.87,1.83,Arena do Grêmio
1786224600,Aug 08 2026 - 9:30pm,complete,11963,Remo,Atlético Mineiro,N/A,22,1.30,1.09,1.27,1.08,2,2,4,3,1,2,"3,74","34,38",5,2,2,0,2,0,0,2,0,2,12,10,4,2,8,8,13,13,42,58,1.35,1.33,1.31,1.01,2.25,44,68,33,19,5,34,72,29,72,9.70,4.84,3.02,3.15,2.40,1.39,2.12,3.80,7.60,1.80,1.85,Estádio Estadual Jornalista Edgar Augusto Proença
1786231800,Aug 08 2026 - 11:30pm,complete,N/A,Coritiba,Chapecoense,N/A,22,1.20,0.30,1.50,0.27,2,1,3,1,1,0,"31,82","90'5",5,6,1,0,1,0,1,0,0,1,15,12,4,3,11,9,14,11,36,64,1.26,0.93,1.43,1.22,2.30,50,75,30,20,5,10,50,55,90,5.70,4.70,1.68,3.68,5.30,1.28,2.00,3.60,7.50,1.88,1.77,Estádio Major Antônio Couto Pereira
1786233600,Aug 09 2026 - 12:00am,complete,N/A,Botafogo,Fluminense,N/A,22,1.67,1.00,1.60,1.00,1,1,2,1,1,0,"44","58",7,7,3,1,3,0,0,4,0,3,22,14,7,4,15,10,16,18,41,59,1.63,1.40,2.24,1.58,2.97,69,90,60,38,16,27,74,54,85,9.98,5.08,2.30,3.13,3.15,1.33,1.98,3.45,7.00,1.72,2.00,Estádio Nilton Santos
1786284000,Aug 09 2026 - 2:00pm,complete,57851,Cruzeiro,Mirassol,N/A,22,1.45,0.56,1.69,0.55,3,1,4,2,1,1,"12,76,84","27",4,1,3,0,2,0,1,2,0,2,11,13,3,4,8,9,14,18,50,50,1.67,1.23,1.27,1.35,2.54,60,69,50,26,10,40,80,35,76,10.76,4.80,1.73,3.70,4.80,1.28,1.90,3.12,7.00,1.85,1.85,Estádio Governador Magalhães Pinto
1786302000,Aug 09 2026 - 7:00pm,complete,38778,Palmeiras,Internacional,N/A,22,2.30,1.00,2.25,1.00,0,0,0,0,0,0,"","",5,2,1,0,3,0,1,0,0,3,22,9,3,2,19,7,12,16,63,37,1.66,1.55,2.08,0.91,2.50,65,75,45,20,5,25,75,40,70,13.20,4.10,1.59,3.95,5.97,1.27,1.91,3.45,6.60,1.95,1.73,Allianz Parque
1786302000,Aug 09 2026 - 7:00pm,complete,39834,Bahia,Vasco da Gama,N/A,22,1.55,0.44,1.50,0.45,0,0,0,0,0,0,"","",4,6,1,0,2,0,0,1,2,0,11,14,2,3,9,11,13,10,52,48,1.75,1.57,1.11,1.48,2.78,76,89,51,21,11,49,85,40,77,11.26,4.69,2.00,3.30,3.10,1.25,1.92,2.99,7.00,1.70,2.05,Arena Fonte Nova
1786311000,Aug 09 2026 - 9:30pm,complete,6808,Bragantino,Corinthians,N/A,22,1.70,1.10,1.67,1.17,0,2,2,0,0,0,"","59,87",3,2,1,0,3,0,1,0,1,2,10,9,2,4,8,5,12,14,48,52,1.78,1.13,1.09,1.12,2.35,60,70,45,25,5,50,85,25,60,10.50,5.90,2.20,3.15,3.50,1.41,2.33,4.40,9.50,1.99,1.80,N/A
1786311000,Aug 09 2026 - 9:30pm,complete,7026,Santos,Atlético PR,N/A,22,1.64,1.10,1.46,1.27,0,2,2,2,0,2,"","14,26",10,2,1,0,1,0,1,0,1,0,22,8,2,4,20,4,12,11,62,38,1.28,1.16,1.95,1.01,2.51,57,76,53,19,10,33,86,33,71,9.35,6.23,2.05,3.25,3.60,1.31,2.10,3.80,7.50,1.83,1.85,Estádio Urbano Caldeira
1786314600,Aug 09 2026 - 10:30pm,complete,58226,Flamengo,Vitória,N/A,22,2.00,0.36,2.10,0.33,2,0,2,1,1,0,"14,80","",8,1,1,0,1,0,0,1,1,0,20,7,6,1,14,6,13,8,63,37,1.90,1.13,2.15,0.65,2.80,50,96,51,29,5,18,80,56,87,9.67,5.17,1.27,6.00,10.50,1.17,1.70,2.63,4.90,2.10,1.67,N/A
1786822200,Aug 15 2026 - 7:30pm,complete,20265,Fluminense,Palmeiras,N/A,23,2.18,2.18,2.31,2.00,3,2,5,2,1,1,"42,85,90'2","10,82",5,5,4,0,3,0,0,4,1,2,17,15,6,6,11,9,16,17,60,40,2.03,1.35,1.95,1.71,2.64,64,73,64,32,5,36,78,60,73,11.54,5.46,2.90,3.05,2.55,1.40,2.15,3.92,9.00,1.87,1.81,N/A
1786829400,Aug 15 2026 - 9:30pm,complete,30473,Atlético PR,Bragantino,N/A,23,2.36,1.40,2.25,1.36,1,1,2,0,0,0,"75","67",8,5,0,0,1,0,0,0,0,1,20,16,7,5,13,11,7,8,50,50,1.49,1.57,2.17,1.74,2.19,43,77,33,9,5,33,72,24,86,10.54,5.78,2.12,3.32,3.73,1.36,2.19,4.10,8.00,1.91,1.79,N/A
1786838400,Aug 16 2026 - 12:00am,complete,44491,São Paulo,Coritiba,N/A,23,1.89,1.36,1.80,1.33,1,1,2,1,1,0,"43","57",6,3,2,0,1,0,1,1,1,0,19,8,6,1,13,7,15,10,66,34,1.54,1.04,2.27,0.74,2.65,46,76,50,25,15,24,75,46,81,11.03,4.53,1.75,3.60,4.80,1.38,2.19,3.62,7.98,1.85,1.80,Morumbí
1786888800,Aug 16 2026 - 2:00pm,complete,6087,Chapecoense,Bahia,N/A,23,0.70,1.50,0.92,1.58,3,3,6,3,1,2,"19,48,71","13,42,65",3,5,1,0,2,0,0,1,0,2,12,18,3,4,9,14,16,9,34,66,1.57,1.38,1.21,1.85,3.15,65,80,60,45,30,50,85,45,70,9.60,3.90,3.40,3.50,2.03,1.28,1.82,3.20,5.70,1.67,2.05,Arena Condá
1786906800,Aug 16 2026 - 7:00pm,complete,20430,Vasco da Gama,Santos,N/A,23,1.55,0.44,1.42,0.70,0,3,3,0,0,0,"","68,77,81",4,2,2,0,0,0,1,1,0,0,19,11,3,5,16,6,14,11,57,43,2.09,1.52,1.85,1.26,2.95,77,81,67,33,16,27,80,61,77,11.42,4.26,1.95,3.28,3.28,1.30,2.02,3.50,6.05,1.87,1.85,Estádio Club de Regatas Vasco da Gama
1786906800,Aug 16 2026 - 7:00pm,complete,30126,Atlético Mineiro,Grêmio,N/A,23,1.78,0.40,1.90,0.33,3,0,3,1,1,0,"19,62,66","",8,6,3,0,3,0,2,1,1,2,15,9,5,1,10,8,14,11,51,49,1.55,0.93,1.66,0.93,2.50,64,79,48,22,6,37,70,42,75,7.99,3.88,1.83,3.45,3.83,1.28,1.94,3.55,8.00,1.85,1.91,N/A
1786915800,Aug 16 2026 - 9:30pm,complete,9914,Mirassol,Flamengo,N/A,23,1.64,1.91,1.50,1.85,1,5,6,1,0,1,"77","22,53,56,66,74",4,3,3,0,0,0,1,2,0,0,16,15,5,8,11,7,12,4,44,56,1.71,1.43,1.74,1.80,2.64,64,82,64,18,0,50,78,32,91,10.18,5.64,3.90,3.60,1.89,1.32,2.06,3.40,6.93,1.73,2.00,Estádio José Maria de Campos Maia
1786915800,Aug 16 2026 - 9:30pm,complete,19917,Vitória,Botafogo,N/A,23,2.20,1.27,2.08,1.17,1,0,1,1,1,0,"27","",8,4,2,0,3,1,1,1,2,2,22,17,4,3,18,14,19,18,46,54,1.33,1.28,2.03,1.54,2.74,51,76,47,24,19,33,76,38,86,7.08,5.77,2.31,3.30,3.20,1.30,2.04,3.18,7.00,1.73,2.00,Estádio Manoel Barradas
1786919400,Aug 16 2026 - 10:30pm,complete,37894,Corinthians,Cruzeiro,N/A,23,1.64,1.40,1.50,1.55,1,2,3,1,0,1,"58","36,82",3,8,1,0,4,0,0,1,0,4,20,15,6,6,14,9,16,14,53,47,1.30,1.47,2.00,1.58,2.31,44,68,44,20,10,43,68,29,63,9.61,5.61,2.30,3.00,3.20,1.54,2.48,5.26,10.00,2.08,1.75,Arena Corinthians
1787007600,Aug 17 2026 - 11:00pm,complete,29614,Internacional,Remo,N/A,23,1.09,0.73,1.08,0.69,1,1,2,1,1,0,"3","90'5",4,5,1,0,4,0,0,1,0,4,11,12,3,3,8,9,13,12,39,61,1.80,1.22,1.28,1.28,2.68,50,78,50,23,18,36,87,41,73,10.73,4.27,1.50,4.26,6.60,1.26,1.81,2.80,5.15,1.85,1.83,N/A
1787425200,Aug 22 2026 - 7:00pm,complete,N/A,Fluminense,Remo,N/A,24,2.25,0.75,2.31,0.69,2,1,3,1,0,1,"66,83","31",11,2,1,0,1,0,1,0,0,1,20,7,9,1,11,6,10,10,73,27,2.02,1.23,2.45,0.65,2.92,63,79,63,29,21,38,75,54,79,10.16,5.08,1.50,4.20,6.50,1.33,1.94,3.38,5.50,2.10,1.67,N/A
1787434200,Aug 22 2026 - 9:30pm,complete,N/A,Internacional,Atlético Mineiro,N/A,24,1.08,1.08,1.08,1.08,0,0,0,0,0,0,"","",6,5,5,0,3,0,0,5,0,3,23,11,3,5,20,6,18,15,52,48,1.76,1.30,2.03,1.21,2.25,46,67,38,21,4,25,80,25,75,11.25,4.66,2.01,3.20,3.90,1.30,2.07,3.59,6.10,1.80,1.88,N/A
1787441400,Aug 22 2026 - 11:30pm,complete,N/A,Cruzeiro,Flamengo,N/A,24,1.58,2.00,1.69,1.85,2,1,3,1,0,1,"55,90'5","22",3,3,3,0,1,0,2,1,0,1,24,14,6,3,18,11,13,7,48,52,1.64,1.46,2.34,1.47,2.88,63,88,63,25,8,46,83,38,84,9.59,5.00,3.45,3.40,2.00,1.33,2.00,3.55,7.00,1.73,2.10,Estádio Governador Magalhães Pinto
1787511600,Aug 23 2026 - 7:00pm,complete,36382,Palmeiras,Vasco da Gama,N/A,24,2.18,0.50,2.25,0.45,4,1,5,0,0,0,"47,51,56,89","90'4",5,3,1,0,3,0,1,0,1,2,13,12,5,4,8,8,8,21,57,43,1.70,1.56,1.49,1.26,2.49,67,67,48,20,15,29,72,38,68,10.87,3.94,1.58,4.07,6.22,1.30,1.87,3.35,6.85,1.91,1.81,Allianz Parque
1787511600,Aug 23 2026 - 7:00pm,complete,N/A,Bragantino,Grêmio,N/A,24,1.55,0.36,1.67,0.33,1,0,1,0,0,0,"90'5","",8,5,2,0,3,0,1,1,1,2,27,14,4,1,23,13,9,12,54,46,1.72,0.93,2.57,1.20,2.27,50,78,45,9,5,32,69,41,69,9.36,5.82,1.91,3.58,4.17,1.25,1.85,3.20,6.00,1.80,1.91,N/A
1787511600,Aug 23 2026 - 7:00pm,complete,30370,Vitória,Bahia,N/A,24,2.27,1.45,2.08,1.58,0,2,2,0,0,0,"","67,90'7",7,7,4,0,3,0,1,3,1,2,14,28,2,9,12,19,13,10,47,53,1.39,1.43,1.44,2.68,2.50,41,69,41,27,18,27,82,36,69,8.91,4.54,2.60,3.25,2.75,1.36,2.15,3.62,6.90,1.85,1.85,Estádio Manoel Barradas
1787520600,Aug 23 2026 - 9:30pm,complete,N/A,Santos,Mirassol,N/A,24,1.50,0.50,1.46,0.55,1,1,2,1,0,1,"68","36",10,2,2,0,3,1,1,1,2,2,21,5,7,3,14,2,9,13,64,36,1.33,1.24,2.27,0.66,2.68,59,76,50,33,9,46,82,37,78,10.13,5.90,1.86,3.54,4.33,1.24,1.97,3.30,6.25,1.77,1.92,Estádio Urbano Caldeira
1787520600,Aug 23 2026 - 9:30pm,complete,N/A,Chapecoense,São Paulo,N/A,24,0.73,0.75,0.92,0.69,1,0,1,1,1,0,"26","",7,3,3,0,1,0,0,3,0,1,13,22,4,5,9,17,17,7,23,77,1.54,1.22,1.28,2.38,3.12,70,83,58,36,27,50,75,49,91,10.32,4.48,3.71,3.35,2.05,1.37,2.26,3.90,8.00,1.95,1.74,Arena Condá
1787524200,Aug 23 2026 - 10:30pm,complete,N/A,Coritiba,Corinthians,N/A,24,1.36,1.27,1.50,1.17,2,1,3,1,1,0,"40,75","90'3",4,14,2,0,2,0,1,1,1,1,12,16,3,3,9,13,8,9,35,65,1.28,1.13,1.20,1.71,2.27,60,69,36,27,5,32,69,36,73,7.55,5.00,2.80,2.87,2.62,1.55,2.63,5.50,9.20,2.00,1.80,Estádio Major Antônio Couto Pereira
1787612400,Aug 24 2026 - 11:00pm,incomplete,N/A,Botafogo,Atlético PR,N/A,24,1.60,1.27,1.60,1.27,0,0,0,0,0,0,"","",-1,-1,-1,-1,-1,-1,-1,-1,-1,-1,-1,-1,-1,-1,-1,-1,-1,-1,-1,-1,1.69,1.15,0.00,0.00,2.69,58,77,63,30,10,33,81,44,73,8.73,5.26,2.42,3.18,3.00,1.24,1.91,3.33,6.59,1.67,2.08,Estádio Nilton Santos
1788039000,Aug 29 2026 - 9:30pm,incomplete,N/A,Atlético Mineiro,Vitória,N/A,25,1.90,0.33,1.90,0.33,0,0,0,0,0,0,"","",-1,-1,-1,-1,-1,-1,-1,-1,-1,-1,-1,-1,-1,-1,-1,-1,-1,-1,-1,-1,1.56,1.09,0.00,0.00,2.88,55,86,51,37,9,37,87,46,83,9.37,3.58,0.00,0.00,0.00,0.00,0.00,0.00,0.00,0.00,0.00,N/A
1788044400,Aug 29 2026 - 11:00pm,incomplete,N/A,São Paulo,Bragantino,N/A,25,1.80,1.36,1.80,1.36,0,0,0,0,0,0,"","",-1,-1,-1,-1,-1,-1,-1,-1,-1,-1,-1,-1,-1,-1,-1,-1,-1,-1,-1,-1,1.61,1.59,0.00,0.00,2.30,53,81,34,10,5,19,67,39,91,12.41,5.26,0.00,0.00,0.00,0.00,0.00,0.00,0.00,0.00,0.00,Morumbí
1788049200,Aug 30 2026 - 12:20am,incomplete,N/A,Vasco da Gama,Cruzeiro,N/A,25,1.42,1.55,1.42,1.55,0,0,0,0,0,0,"","",-1,-1,-1,-1,-1,-1,-1,-1,-1,-1,-1,-1,-1,-1,-1,-1,-1,-1,-1,-1,2.07,1.48,0.00,0.00,2.66,61,79,61,18,9,27,79,52,75,10.92,4.65,0.00,0.00,0.00,0.00,0.00,0.00,0.00,0.00,0.00,Estádio Club de Regatas Vasco da Gama
1788098400,Aug 30 2026 - 2:00pm,incomplete,N/A,Atlético PR,Fluminense,N/A,25,2.25,1.00,2.25,1.00,0,0,0,0,0,0,"","",-1,-1,-1,-1,-1,-1,-1,-1,-1,-1,-1,-1,-1,-1,-1,-1,-1,-1,-1,-1,1.55,1.42,0.00,0.00,2.40,62,83,30,18,13,26,75,35,83,11.19,4.36,0.00,0.00,0.00,0.00,0.00,0.00,0.00,0.00,0.00,N/A
1788116400,Aug 30 2026 - 7:00pm,incomplete,N/A,Flamengo,Botafogo,N/A,25,2.10,1.17,2.10,1.17,0,0,0,0,0,0,"","",-1,-1,-1,-1,-1,-1,-1,-1,-1,-1,-1,-1,-1,-1,-1,-1,-1,-1,-1,-1,1.92,1.30,0.00,0.00,2.89,58,88,54,23,13,17,82,51,92,8.75,5.72,0.00,0.00,0.00,0.00,0.00,0.00,0.00,0.00,0.00,N/A
1788116400,Aug 30 2026 - 7:00pm,incomplete,N/A,Corinthians,Santos,N/A,25,1.50,0.70,1.50,0.70,0,0,0,0,0,0,"","",-1,-1,-1,-1,-1,-1,-1,-1,-1,-1,-1,-1,-1,-1,-1,-1,-1,-1,-1,-1,1.36,1.49,0.00,0.00,2.66,57,74,57,29,14,37,64,48,70,9.75,4.95,0.00,0.00,0.00,0.00,0.00,0.00,0.00,0.00,0.00,Arena Corinthians
1788125400,Aug 30 2026 - 9:30pm,incomplete,N/A,Grêmio,Chapecoense,N/A,25,1.91,0.27,1.91,0.27,0,0,0,0,0,0,"","",-1,-1,-1,-1,-1,-1,-1,-1,-1,-1,-1,-1,-1,-1,-1,-1,-1,-1,-1,-1,1.55,0.96,0.00,0.00,2.59,60,82,41,18,9,18,55,64,87,8.00,4.63,0.00,0.00,0.00,0.00,0.00,0.00,0.00,0.00,0.00,Arena do Grêmio
1788125400,Aug 30 2026 - 9:30pm,incomplete,N/A,Mirassol,Palmeiras,N/A,25,1.50,2.00,1.50,2.00,0,0,0,0,0,0,"","",-1,-1,-1,-1,-1,-1,-1,-1,-1,-1,-1,-1,-1,-1,-1,-1,-1,-1,-1,-1,1.71,1.38,0.00,0.00,2.83,67,75,67,34,8,46,84,55,80,11.58,5.58,4.10,3.35,1.96,0.00,2.20,0.00,0.00,0.00,0.00,Estádio José Maria de Campos Maia
1788129000,Aug 30 2026 - 10:30pm,incomplete,N/A,Bahia,Internacional,N/A,25,1.50,1.00,1.50,1.00,0,0,0,0,0,0,"","",-1,-1,-1,-1,-1,-1,-1,-1,-1,-1,-1,-1,-1,-1,-1,-1,-1,-1,-1,-1,1.70,1.49,0.00,0.00,2.30,61,83,39,18,0,38,74,35,66,12.94,4.70,1.93,3.55,4.10,0.00,2.00,0.00,0.00,0.00,0.00,Arena Fonte Nova
1788217200,Aug 31 2026 - 11:00pm,incomplete,N/A,Remo,Coritiba,N/A,25,1.27,1.33,1.27,1.33,0,0,0,0,0,0,"","",-1,-1,-1,-1,-1,-1,-1,-1,-1,-1,-1,-1,-1,-1,-1,-1,-1,-1,-1,-1,1.35,1.01,0.00,0.00,2.61,53,79,43,26,13,44,83,30,74,8.06,4.68,0.00,0.00,0.00,0.00,0.00,0.00,0.00,0.00,0.00,Estádio Estadual Jornalista Edgar Augusto Proença
1788388200,Sep 02 2026 - 10:30pm,suspended,N/A,Flamengo,Mirassol,N/A,4,2.10,0.55,2.10,0.55,0,0,0,0,0,0,"","",-1,-1,-1,-1,-1,-1,-1,-1,-1,-1,-1,-1,-1,-1,-1,-1,-1,-1,-1,-1,1.92,1.19,0.00,0.00,2.63,52,82,48,28,5,23,81,48,91,9.59,4.94,1.40,4.33,8.50,1.25,1.89,3.10,6.75,2.05,1.75,N/A
1788634800,Sep 05 2026 - 7:00pm,incomplete,N/A,Bragantino,Bahia,N/A,26,1.67,1.58,1.67,1.58,0,0,0,0,0,0,"","",-1,-1,-1,-1,-1,-1,-1,-1,-1,-1,-1,-1,-1,-1,-1,-1,-1,-1,-1,-1,1.79,1.53,0.00,0.00,2.58,50,71,46,25,17,29,79,42,71,11.00,4.84,0.00,0.00,0.00,0.00,0.00,0.00,0.00,0.00,0.00,Estádio Nabi Abi Chedid
1788643800,Sep 05 2026 - 9:30pm,incomplete,N/A,Coritiba,Mirassol,N/A,26,1.50,0.55,1.50,0.55,0,0,0,0,0,0,"","",-1,-1,-1,-1,-1,-1,-1,-1,-1,-1,-1,-1,-1,-1,-1,-1,-1,-1,-1,-1,1.27,1.19,0.00,0.00,2.49,61,66,44,31,9,27,75,43,87,7.67,4.64,0.00,0.00,0.00,0.00,0.00,0.00,0.00,0.00,0.00,Estádio Major Antônio Couto Pereira
1788643800,Sep 05 2026 - 9:30pm,incomplete,N/A,São Paulo,Atlético Mineiro,N/A,26,1.80,1.08,1.80,1.08,0,0,0,0,0,0,"","",-1,-1,-1,-1,-1,-1,-1,-1,-1,-1,-1,-1,-1,-1,-1,-1,-1,-1,-1,-1,1.61,1.30,0.00,0.00,2.29,46,67,39,22,5,17,66,37,80,12.27,4.52,0.00,0.00,0.00,0.00,0.00,0.00,0.00,0.00,0.00,Morumbí
1788652800,Sep 06 2026 - 12:00am,incomplete,N/A,Fluminense,Vasco da Gama,N/A,26,2.31,0.45,2.31,0.45,0,0,0,0,0,0,"","",-1,-1,-1,-1,-1,-1,-1,-1,-1,-1,-1,-1,-1,-1,-1,-1,-1,-1,-1,-1,2.06,1.53,0.00,0.00,2.88,75,75,62,34,21,29,67,54,84,10.91,5.05,0.00,0.00,0.00,0.00,0.00,0.00,0.00,0.00,0.00,N/A
1788721200,Sep 06 2026 - 7:00pm,incomplete,N/A,Remo,Flamengo,N/A,26,1.27,1.85,1.27,1.85,0,0,0,0,0,0,"","",-1,-1,-1,-1,-1,-1,-1,-1,-1,-1,-1,-1,-1,-1,-1,-1,-1,-1,-1,-1,1.35,1.46,0.00,0.00,2.78,63,87,53,25,9,51,84,33,83,8.35,4.64,0.00,0.00,0.00,0.00,0.00,0.00,0.00,0.00,0.00,Estádio Estadual Jornalista Edgar Augusto Proença
1788721200,Sep 06 2026 - 7:00pm,incomplete,N/A,Cruzeiro,Atlético PR,N/A,26,1.69,1.27,1.69,1.27,0,0,0,0,0,0,"","",-1,-1,-1,-1,-1,-1,-1,-1,-1,-1,-1,-1,-1,-1,-1,-1,-1,-1,-1,-1,1.69,1.15,0.00,0.00,2.48,57,75,54,16,9,37,88,37,66,9.42,4.82,0.00,0.00,0.00,0.00,0.00,0.00,0.00,0.00,0.00,Estádio Governador Magalhães Pinto
1788721200,Sep 06 2026 - 7:00pm,incomplete,N/A,Internacional,Santos,N/A,26,1.08,0.70,1.08,0.70,0,0,0,0,0,0,"","",-1,-1,-1,-1,-1,-1,-1,-1,-1,-1,-1,-1,-1,-1,-1,-1,-1,-1,-1,-1,1.78,1.49,0.00,0.00,2.74,67,80,56,33,14,32,78,47,80,11.46,4.51,0.00,0.00,0.00,0.00,0.00,0.00,0.00,0.00,0.00,Estádio José Pinheiro Borda
1788730200,Sep 06 2026 - 9:30pm,incomplete,N/A,Botafogo,Palmeiras,N/A,26,1.60,2.00,1.60,2.00,0,0,0,0,0,0,"","",-1,-1,-1,-1,-1,-1,-1,-1,-1,-1,-1,-1,-1,-1,-1,-1,-1,-1,-1,-1,1.69,1.38,0.00,0.00,3.02,64,83,74,46,9,40,81,64,79,10.33,5.65,0.00,0.00,0.00,0.00,0.00,0.00,0.00,0.00,0.00,Estádio Nilton Santos
1788733800,Sep 06 2026 - 10:30pm,incomplete,N/A,Corinthians,Chapecoense,N/A,26,1.50,0.27,1.50,0.27,0,0,0,0,0,0,"","",-1,-1,-1,-1,-1,-1,-1,-1,-1,-1,-1,-1,-1,-1,-1,-1,-1,-1,-1,-1,1.36,0.96,0.00,0.00,2.14,44,75,35,9,4,21,52,49,71,7.39,5.20,0.00,0.00,0.00,0.00,0.00,0.00,0.00,0.00,0.00,Arena Corinthians
1788822000,Sep 07 2026 - 11:00pm,incomplete,N/A,Vitória,Grêmio,N/A,26,2.08,0.33,2.08,0.33,0,0,0,0,0,0,"","",-1,-1,-1,-1,-1,-1,-1,-1,-1,-1,-1,-1,-1,-1,-1,-1,-1,-1,-1,-1,1.40,0.95,0.00,0.00,2.04,34,71,34,9,4,25,59,38,71,8.00,5.66,0.00,0.00,0.00,0.00,0.00,0.00,0.00,0.00,0.00,Estádio Manoel Barradas
1789171200,Sep 12 2026 - 12:00am,incomplete,N/A,Chapecoense,Internacional,N/A,27,0.92,1.00,0.92,1.00,0,0,0,0,0,0,"","",-1,-1,-1,-1,-1,-1,-1,-1,-1,-1,-1,-1,-1,-1,-1,-1,-1,-1,-1,-1,1.52,1.49,0.00,0.00,2.97,61,78,52,43,21,47,74,43,74,11.36,4.28,0.00,0.00,0.00,0.00,0.00,0.00,0.00,0.00,0.00,Arena Condá
1789171200,Sep 12 2026 - 12:00am,incomplete,N/A,Palmeiras,São Paulo,N/A,27,2.25,0.69,2.25,0.69,0,0,0,0,0,0,"","",-1,-1,-1,-1,-1,-1,-1,-1,-1,-1,-1,-1,-1,-1,-1,-1,-1,-1,-1,-1,1.68,1.31,0.00,0.00,2.37,65,68,44,13,13,20,68,40,75,11.48,4.20,0.00,0.00,0.00,0.00,0.00,0.00,0.00,0.00,0.00,Allianz Parque
1789171200,Sep 12 2026 - 12:00am,incomplete,N/A,Bahia,Remo,N/A,27,1.50,0.69,1.50,0.69,0,0,0,0,0,0,"","",-1,-1,-1,-1,-1,-1,-1,-1,-1,-1,-1,-1,-1,-1,-1,-1,-1,-1,-1,-1,1.70,1.18,0.00,0.00,2.67,61,89,52,16,12,48,84,44,68,10.50,4.40,0.00,0.00,0.00,0.00,0.00,0.00,0.00,0.00,0.00,Arena Fonte Nova
1789171200,Sep 12 2026 - 12:00am,incomplete,N/A,Coritiba,Atlético PR,N/A,27,1.50,1.27,1.50,1.27,0,0,0,0,0,0,"","",-1,-1,-1,-1,-1,-1,-1,-1,-1,-1,-1,-1,-1,-1,-1,-1,-1,-1,-1,-1,1.27,1.15,0.00,0.00,2.30,52,66,44,17,9,22,79,39,74,7.31,4.36,0.00,0.00,0.00,0.00,0.00,0.00,0.00,0.00,0.00,Estádio Major Antônio Couto Pereira
1789171200,Sep 12 2026 - 12:00am,incomplete,N/A,Grêmio,Vasco da Gama,N/A,27,1.91,0.45,1.91,0.45,0,0,0,0,0,0,"","",-1,-1,-1,-1,-1,-1,-1,-1,-1,-1,-1,-1,-1,-1,-1,-1,-1,-1,-1,-1,1.55,1.53,0.00,0.00,2.87,69,73,50,32,23,27,64,50,82,9.81,4.54,0.00,0.00,0.00,0.00,0.00,0.00,0.00,0.00,0.00,Arena do Grêmio
1789171200,Sep 12 2026 - 12:00am,incomplete,N/A,Atlético Mineiro,Fluminense,N/A,27,1.90,1.00,1.90,1.00,0,0,0,0,0,0,"","",-1,-1,-1,-1,-1,-1,-1,-1,-1,-1,-1,-1,-1,-1,-1,-1,-1,-1,-1,-1,1.56,1.42,0.00,0.00,2.78,67,86,44,29,14,29,86,43,86,10.56,3.36,0.00,0.00,0.00,0.00,0.00,0.00,0.00,0.00,0.00,N/A
1789171200,Sep 12 2026 - 12:00am,incomplete,N/A,Santos,Cruzeiro,N/A,27,1.46,1.55,1.46,1.55,0,0,0,0,0,0,"","",-1,-1,-1,-1,-1,-1,-1,-1,-1,-1,-1,-1,-1,-1,-1,-1,-1,-1,-1,-1,1.41,1.48,0.00,0.00,2.76,63,87,55,25,9,42,84,38,80,11.15,6.20,0.00,0.00,0.00,0.00,0.00,0.00,0.00,0.00,0.00,Estádio Urbano Caldeira
1789171200,Sep 12 2026 - 12:00am,incomplete,N/A,Botafogo,Bragantino,N/A,27,1.60,1.36,1.60,1.36,0,0,0,0,0,0,"","",-1,-1,-1,-1,-1,-1,-1,-1,-1,-1,-1,-1,-1,-1,-1,-1,-1,-1,-1,-1,1.69,1.59,0.00,0.00,2.65,58,86,54,25,5,29,67,44,91,9.91,6.26,0.00,0.00,0.00,0.00,0.00,0.00,0.00,0.00,0.00,Estádio Nilton Santos
1789171200,Sep 12 2026 - 12:00am,incomplete,N/A,Flamengo,Corinthians,N/A,27,2.10,1.17,2.10,1.17,0,0,0,0,0,0,"","",-1,-1,-1,-1,-1,-1,-1,-1,-1,-1,-1,-1,-1,-1,-1,-1,-1,-1,-1,-1,1.92,1.18,0.00,0.00,2.48,54,88,46,23,0,25,78,47,79,10.33,5.22,0.00,0.00,0.00,0.00,0.00,0.00,0.00,0.00,0.00,N/A
1789171200,Sep 12 2026 - 12:00am,incomplete,N/A,Mirassol,Vitória,N/A,27,1.50,0.33,1.50,0.33,0,0,0,0,0,0,"","",-1,-1,-1,-1,-1,-1,-1,-1,-1,-1,-1,-1,-1,-1,-1,-1,-1,-1,-1,-1,1.71,1.09,0.00,0.00,2.79,63,84,55,29,8,38,79,42,84,10.42,5.41,0.00,0.00,0.00,0.00,0.00,0.00,0.00,0.00,0.00,Estádio José Maria de Campos Maia
1789776000,Sep 19 2026 - 12:00am,incomplete,N/A,Vitória,Cruzeiro,N/A,28,2.08,1.55,2.08,1.55,0,0,0,0,0,0,"","",-1,-1,-1,-1,-1,-1,-1,-1,-1,-1,-1,-1,-1,-1,-1,-1,-1,-1,-1,-1,1.40,1.48,0.00,0.00,2.45,41,75,45,22,9,35,75,39,79,9.50,5.40,0.00,0.00,0.00,0.00,0.00,0.00,0.00,0.00,0.00,Estádio Manoel Barradas
1789776000,Sep 19 2026 - 12:00am,incomplete,N/A,Remo,Santos,N/A,28,1.27,0.70,1.27,0.70,0,0,0,0,0,0,"","",-1,-1,-1,-1,-1,-1,-1,-1,-1,-1,-1,-1,-1,-1,-1,-1,-1,-1,-1,-1,1.35,1.49,0.00,0.00,2.98,72,86,58,39,15,48,76,49,82,9.73,4.38,0.00,0.00,0.00,0.00,0.00,0.00,0.00,0.00,0.00,Estádio Estadual Jornalista Edgar Augusto Proença
1789776000,Sep 19 2026 - 12:00am,incomplete,N/A,Grêmio,Palmeiras,N/A,28,1.91,2.00,1.91,2.00,0,0,0,0,0,0,"","",-1,-1,-1,-1,-1,-1,-1,-1,-1,-1,-1,-1,-1,-1,-1,-1,-1,-1,-1,-1,1.55,1.38,0.00,0.00,2.83,61,74,56,35,13,39,78,61,75,10.69,4.93,0.00,0.00,0.00,0.00,0.00,0.00,0.00,0.00,0.00,Arena do Grêmio
1789776000,Sep 19 2026 - 12:00am,incomplete,N/A,Flamengo,Bragantino,N/A,28,2.10,1.36,2.10,1.36,0,0,0,0,0,0,"","",-1,-1,-1,-1,-1,-1,-1,-1,-1,-1,-1,-1,-1,-1,-1,-1,-1,-1,-1,-1,1.92,1.59,0.00,0.00,2.40,43,91,39,10,0,14,72,44,96,10.41,5.66,0.00,0.00,0.00,0.00,0.00,0.00,0.00,0.00,0.00,N/A
1789776000,Sep 19 2026 - 12:00am,incomplete,N/A,Corinthians,Fluminense,N/A,28,1.50,1.00,1.50,1.00,0,0,0,0,0,0,"","",-1,-1,-1,-1,-1,-1,-1,-1,-1,-1,-1,-1,-1,-1,-1,-1,-1,-1,-1,-1,1.36,1.42,0.00,0.00,2.24,53,75,30,13,13,26,70,31,66,10.11,5.11,0.00,0.00,0.00,0.00,0.00,0.00,0.00,0.00,0.00,Arena Corinthians
1789776000,Sep 19 2026 - 12:00am,incomplete,N/A,Atlético Mineiro,Chapecoense,N/A,28,1.90,0.27,1.90,0.27,0,0,0,0,0,0,"","",-1,-1,-1,-1,-1,-1,-1,-1,-1,-1,-1,-1,-1,-1,-1,-1,-1,-1,-1,-1,1.56,0.96,0.00,0.00,2.68,58,86,48,25,5,25,68,62,91,7.84,3.45,0.00,0.00,0.00,0.00,0.00,0.00,0.00,0.00,0.00,N/A
1789776000,Sep 19 2026 - 12:00am,incomplete,N/A,Mirassol,Botafogo,N/A,28,1.50,1.17,1.50,1.17,0,0,0,0,0,0,"","",-1,-1,-1,-1,-1,-1,-1,-1,-1,-1,-1,-1,-1,-1,-1,-1,-1,-1,-1,-1,1.71,1.30,0.00,0.00,2.96,75,75,63,25,17,38,79,42,88,9.50,6.25,0.00,0.00,0.00,0.00,0.00,0.00,0.00,0.00,0.00,Estádio José Maria de Campos Maia
1789776000,Sep 19 2026 - 12:00am,incomplete,N/A,São Paulo,Internacional,N/A,28,1.80,1.00,1.80,1.00,0,0,0,0,0,0,"","",-1,-1,-1,-1,-1,-1,-1,-1,-1,-1,-1,-1,-1,-1,-1,-1,-1,-1,-1,-1,1.61,1.49,0.00,0.00,2.39,58,77,38,24,5,14,67,43,82,13.86,4.35,0.00,0.00,0.00,0.00,0.00,0.00,0.00,0.00,0.00,Morumbí
1789776000,Sep 19 2026 - 12:00am,incomplete,N/A,Vasco da Gama,Coritiba,N/A,28,1.42,1.33,1.42,1.33,0,0,0,0,0,0,"","",-1,-1,-1,-1,-1,-1,-1,-1,-1,-1,-1,-1,-1,-1,-1,-1,-1,-1,-1,-1,2.07,1.01,0.00,0.00,2.59,50,75,54,17,13,21,79,46,71,9.25,4.33,0.00,0.00,0.00,0.00,0.00,0.00,0.00,0.00,0.00,Estádio Club de Regatas Vasco da Gama
1789776000,Sep 19 2026 - 12:00am,incomplete,N/A,Atlético PR,Bahia,N/A,28,2.25,1.58,2.25,1.58,0,0,0,0,0,0,"","",-1,-1,-1,-1,-1,-1,-1,-1,-1,-1,-1,-1,-1,-1,-1,-1,-1,-1,-1,-1,1.55,1.53,0.00,0.00,2.54,54,75,42,25,17,29,75,42,75,10.66,4.17,0.00,0.00,0.00,0.00,0.00,0.00,0.00,0.00,0.00,N/A
1791331200,Oct 07 2026 - 12:00am,incomplete,N/A,Bragantino,Mirassol,N/A,29,1.67,0.55,1.67,0.55,0,0,0,0,0,0,"","",-1,-1,-1,-1,-1,-1,-1,-1,-1,-1,-1,-1,-1,-1,-1,-1,-1,-1,-1,-1,1.79,1.19,0.00,0.00,2.44,53,66,44,27,9,39,79,35,79,10.26,5.31,0.00,0.00,0.00,0.00,0.00,0.00,0.00,0.00,0.00,Estádio Nabi Abi Chedid
1791331200,Oct 07 2026 - 12:00am,incomplete,N/A,Atlético PR,Atlético Mineiro,N/A,29,2.25,1.08,2.25,1.08,0,0,0,0,0,0,"","",-1,-1,-1,-1,-1,-1,-1,-1,-1,-1,-1,-1,-1,-1,-1,-1,-1,-1,-1,-1,1.55,1.30,0.00,0.00,2.17,41,65,36,20,4,28,65,28,76,10.60,4.62,0.00,0.00,0.00,0.00,0.00,0.00,0.00,0.00,0.00,N/A
1791331200,Oct 07 2026 - 12:00am,incomplete,N/A,Vitória,Chapecoense,N/A,29,2.08,0.27,2.08,0.27,0,0,0,0,0,0,"","",-1,-1,-1,-1,-1,-1,-1,-1,-1,-1,-1,-1,-1,-1,-1,-1,-1,-1,-1,-1,1.40,0.96,0.00,0.00,2.22,36,79,31,13,4,17,56,53,83,7.14,5.03,0.00,0.00,0.00,0.00,0.00,0.00,0.00,0.00,0.00,Estádio Manoel Barradas
1791331200,Oct 07 2026 - 12:00am,incomplete,N/A,Internacional,Corinthians,N/A,29,1.08,1.17,1.08,1.17,0,0,0,0,0,0,"","",-1,-1,-1,-1,-1,-1,-1,-1,-1,-1,-1,-1,-1,-1,-1,-1,-1,-1,-1,-1,1.78,1.18,0.00,0.00,2.17,61,72,37,20,4,37,80,28,64,11.29,5.23,0.00,0.00,0.00,0.00,0.00,0.00,0.00,0.00,0.00,Estádio José Pinheiro Borda
1791331200,Oct 07 2026 - 12:00am,incomplete,N/A,Fluminense,Coritiba,N/A,29,2.31,1.33,2.31,1.33,0,0,0,0,0,0,"","",-1,-1,-1,-1,-1,-1,-1,-1,-1,-1,-1,-1,-1,-1,-1,-1,-1,-1,-1,-1,2.06,1.01,0.00,0.00,2.76,60,76,60,28,16,32,76,48,80,9.79,5.19,0.00,0.00,0.00,0.00,0.00,0.00,0.00,0.00,0.00,N/A
1791331200,Oct 07 2026 - 12:00am,incomplete,N/A,Santos,Flamengo,N/A,29,1.46,1.85,1.46,1.85,0,0,0,0,0,0,"","",-1,-1,-1,-1,-1,-1,-1,-1,-1,-1,-1,-1,-1,-1,-1,-1,-1,-1,-1,-1,1.41,1.46,0.00,0.00,2.85,62,92,58,23,8,42,85,35,85,9.77,5.84,0.00,0.00,0.00,0.00,0.00,0.00,0.00,0.00,0.00,Estádio Urbano Caldeira
1791331200,Oct 07 2026 - 12:00am,incomplete,N/A,Palmeiras,Bahia,N/A,29,2.25,1.58,2.25,1.58,0,0,0,0,0,0,"","",-1,-1,-1,-1,-1,-1,-1,-1,-1,-1,-1,-1,-1,-1,-1,-1,-1,-1,-1,-1,1.68,1.53,0.00,0.00,2.67,63,71,50,25,21,25,75,46,63,11.00,3.75,0.00,0.00,0.00,0.00,0.00,0.00,0.00,0.00,0.00,Allianz Parque
1791331200,Oct 07 2026 - 12:00am,incomplete,N/A,Botafogo,Vasco da Gama,N/A,29,1.60,0.45,1.60,0.45,0,0,0,0,0,0,"","",-1,-1,-1,-1,-1,-1,-1,-1,-1,-1,-1,-1,-1,-1,-1,-1,-1,-1,-1,-1,1.69,1.53,0.00,0.00,3.06,72,82,68,43,19,29,67,53,86,9.45,5.26,0.00,0.00,0.00,0.00,0.00,0.00,0.00,0.00,0.00,Estádio Nilton Santos
1791331200,Oct 07 2026 - 12:00am,incomplete,N/A,Remo,Grêmio,N/A,29,1.27,0.33,1.27,0.33,0,0,0,0,0,0,"","",-1,-1,-1,-1,-1,-1,-1,-1,-1,-1,-1,-1,-1,-1,-1,-1,-1,-1,-1,-1,1.35,0.95,0.00,0.00,2.28,57,79,39,14,5,40,66,35,70,8.23,5.26,0.00,0.00,0.00,0.00,0.00,0.00,0.00,0.00,0.00,Estádio Estadual Jornalista Edgar Augusto Proença
1791331200,Oct 07 2026 - 12:00am,incomplete,N/A,Cruzeiro,São Paulo,N/A,29,1.69,0.69,1.69,0.69,0,0,0,0,0,0,"","",-1,-1,-1,-1,-1,-1,-1,-1,-1,-1,-1,-1,-1,-1,-1,-1,-1,-1,-1,-1,1.69,1.31,0.00,0.00,2.50,66,77,50,16,8,27,77,42,85,11.00,5.08,0.00,0.00,0.00,0.00,0.00,0.00,0.00,0.00,0.00,Estádio Governador Magalhães Pinto
1791590400,Oct 10 2026 - 12:00am,incomplete,N/A,Bahia,Mirassol,N/A,30,1.50,0.55,1.50,0.55,0,0,0,0,0,0,"","",-1,-1,-1,-1,-1,-1,-1,-1,-1,-1,-1,-1,-1,-1,-1,-1,-1,-1,-1,-1,1.70,1.19,0.00,0.00,2.44,66,78,44,22,5,52,83,35,70,10.67,4.89,0.00,0.00,0.00,0.00,0.00,0.00,0.00,0.00,0.00,Arena Fonte Nova
1791590400,Oct 10 2026 - 12:00am,incomplete,N/A,Chapecoense,Atlético PR,N/A,30,0.92,1.27,0.92,1.27,0,0,0,0,0,0,"","",-1,-1,-1,-1,-1,-1,-1,-1,-1,-1,-1,-1,-1,-1,-1,-1,-1,-1,-1,-1,1.52,1.15,0.00,0.00,2.93,56,74,56,34,26,56,87,39,65,8.73,4.19,0.00,0.00,0.00,0.00,0.00,0.00,0.00,0.00,0.00,Arena Condá
1791590400,Oct 10 2026 - 12:00am,incomplete,N/A,Coritiba,Botafogo,N/A,30,1.50,1.17,1.50,1.17,0,0,0,0,0,0,"","",-1,-1,-1,-1,-1,-1,-1,-1,-1,-1,-1,-1,-1,-1,-1,-1,-1,-1,-1,-1,1.27,1.30,0.00,0.00,2.75,67,71,50,25,17,21,75,46,88,6.83,5.42,0.00,0.00,0.00,0.00,0.00,0.00,0.00,0.00,0.00,Estádio Major Antônio Couto Pereira
1791590400,Oct 10 2026 - 12:00am,incomplete,N/A,Grêmio,Internacional,N/A,30,1.91,1.00,1.91,1.00,0,0,0,0,0,0,"","",-1,-1,-1,-1,-1,-1,-1,-1,-1,-1,-1,-1,-1,-1,-1,-1,-1,-1,-1,-1,1.55,1.49,0.00,0.00,2.55,60,73,41,27,9,23,64,46,78,11.72,4.63,0.00,0.00,0.00,0.00,0.00,0.00,0.00,0.00,0.00,Arena do Grêmio
1791590400,Oct 10 2026 - 12:00am,incomplete,N/A,Atlético Mineiro,Santos,N/A,30,1.90,0.70,1.90,0.70,0,0,0,0,0,0,"","",-1,-1,-1,-1,-1,-1,-1,-1,-1,-1,-1,-1,-1,-1,-1,-1,-1,-1,-1,-1,1.56,1.49,0.00,0.00,3.20,70,85,70,45,15,40,80,60,90,10.20,3.20,0.00,0.00,0.00,0.00,0.00,0.00,0.00,0.00,0.00,N/A
1791590400,Oct 10 2026 - 12:00am,incomplete,N/A,Bragantino,Cruzeiro,N/A,30,1.67,1.55,1.67,1.55,0,0,0,0,0,0,"","",-1,-1,-1,-1,-1,-1,-1,-1,-1,-1,-1,-1,-1,-1,-1,-1,-1,-1,-1,-1,1.79,1.48,0.00,0.00,2.58,53,75,53,22,9,39,79,39,79,11.17,5.49,0.00,0.00,0.00,0.00,0.00,0.00,0.00,0.00,0.00,Estádio Nabi Abi Chedid
1791590400,Oct 10 2026 - 12:00am,incomplete,N/A,Palmeiras,Corinthians,N/A,30,2.25,1.17,2.25,1.17,0,0,0,0,0,0,"","",-1,-1,-1,-1,-1,-1,-1,-1,-1,-1,-1,-1,-1,-1,-1,-1,-1,-1,-1,-1,1.68,1.18,0.00,0.00,2.38,67,71,46,21,9,38,71,38,58,11.00,4.50,0.00,0.00,0.00,0.00,0.00,0.00,0.00,0.00,0.00,Allianz Parque
1791590400,Oct 10 2026 - 12:00am,incomplete,N/A,Flamengo,Fluminense,N/A,30,2.10,1.00,2.10,1.00,0,0,0,0,0,0,"","",-1,-1,-1,-1,-1,-1,-1,-1,-1,-1,-1,-1,-1,-1,-1,-1,-1,-1,-1,-1,1.92,1.42,0.00,0.00,2.63,57,96,39,19,9,9,81,48,91,10.86,4.66,0.00,0.00,0.00,0.00,0.00,0.00,0.00,0.00,0.00,N/A
1791590400,Oct 10 2026 - 12:00am,incomplete,N/A,São Paulo,Vitória,N/A,30,1.80,0.33,1.80,0.33,0,0,0,0,0,0,"","",-1,-1,-1,-1,-1,-1,-1,-1,-1,-1,-1,-1,-1,-1,-1,-1,-1,-1,-1,-1,1.61,1.09,0.00,0.00,2.63,55,86,41,27,9,22,77,46,83,11.67,4.48,0.00,0.00,0.00,0.00,0.00,0.00,0.00,0.00,0.00,Morumbí
1791590400,Oct 10 2026 - 12:00am,incomplete,N/A,Vasco da Gama,Remo,N/A,30,1.42,0.69,1.42,0.69,0,0,0,0,0,0,"","",-1,-1,-1,-1,-1,-1,-1,-1,-1,-1,-1,-1,-1,-1,-1,-1,-1,-1,-1,-1,2.07,1.18,0.00,0.00,2.75,56,80,60,16,16,23,80,56,72,9.84,3.98,0.00,0.00,0.00,0.00,0.00,0.00,0.00,0.00,0.00,Estádio Club de Regatas Vasco da Gama
1792195200,Oct 17 2026 - 12:00am,incomplete,N/A,Corinthians,Vitória,N/A,31,1.50,0.33,1.50,0.33,0,0,0,0,0,0,"","",-1,-1,-1,-1,-1,-1,-1,-1,-1,-1,-1,-1,-1,-1,-1,-1,-1,-1,-1,-1,1.36,1.09,0.00,0.00,2.34,42,75,38,21,8,33,71,34,63,8.92,5.33,0.00,0.00,0.00,0.00,0.00,0.00,0.00,0.00,0.00,Arena Corinthians
1792195200,Oct 17 2026 - 12:00am,incomplete,N/A,São Paulo,Vasco da Gama,N/A,31,1.80,0.45,1.80,0.45,0,0,0,0,0,0,"","",-1,-1,-1,-1,-1,-1,-1,-1,-1,-1,-1,-1,-1,-1,-1,-1,-1,-1,-1,-1,1.61,1.53,0.00,0.00,2.71,67,77,48,28,19,19,67,48,86,11.95,4.26,0.00,0.00,0.00,0.00,0.00,0.00,0.00,0.00,0.00,Morumbí
1792195200,Oct 17 2026 - 12:00am,incomplete,N/A,Botafogo,Chapecoense,N/A,31,1.60,0.27,1.60,0.27,0,0,0,0,0,0,"","",-1,-1,-1,-1,-1,-1,-1,-1,-1,-1,-1,-1,-1,-1,-1,-1,-1,-1,-1,-1,1.69,0.96,0.00,0.00,2.78,63,91,58,30,5,20,58,67,91,7.64,5.35,0.00,0.00,0.00,0.00,0.00,0.00,0.00,0.00,0.00,Estádio Nilton Santos
1792195200,Oct 17 2026 - 12:00am,incomplete,N/A,Bahia,Flamengo,N/A,31,1.50,1.85,1.50,1.85,0,0,0,0,0,0,"","",-1,-1,-1,-1,-1,-1,-1,-1,-1,-1,-1,-1,-1,-1,-1,-1,-1,-1,-1,-1,1.70,1.46,0.00,0.00,2.67,65,92,56,16,4,52,84,36,75,10.20,4.71,0.00,0.00,0.00,0.00,0.00,0.00,0.00,0.00,0.00,Arena Fonte Nova
1792195200,Oct 17 2026 - 12:00am,incomplete,N/A,Remo,Bragantino,N/A,31,1.27,1.36,1.27,1.36,0,0,0,0,0,0,"","",-1,-1,-1,-1,-1,-1,-1,-1,-1,-1,-1,-1,-1,-1,-1,-1,-1,-1,-1,-1,1.35,1.59,0.00,0.00,2.32,55,82,32,14,5,41,73,27,82,9.64,5.54,0.00,0.00,0.00,0.00,0.00,0.00,0.00,0.00,0.00,Estádio Estadual Jornalista Edgar Augusto Proença
1792195200,Oct 17 2026 - 12:00am,incomplete,N/A,Grêmio,Cruzeiro,N/A,31,1.91,1.55,1.91,1.55,0,0,0,0,0,0,"","",-1,-1,-1,-1,-1,-1,-1,-1,-1,-1,-1,-1,-1,-1,-1,-1,-1,-1,-1,-1,1.55,1.48,0.00,0.00,2.82,64,78,55,27,14,36,73,50,82,10.36,5.00,0.00,0.00,0.00,0.00,0.00,0.00,0.00,0.00,0.00,Arena do Grêmio
1792195200,Oct 17 2026 - 12:00am,incomplete,N/A,Atlético Mineiro,Coritiba,N/A,31,1.90,1.33,1.90,1.33,0,0,0,0,0,0,"","",-1,-1,-1,-1,-1,-1,-1,-1,-1,-1,-1,-1,-1,-1,-1,-1,-1,-1,-1,-1,1.56,1.01,0.00,0.00,2.84,51,78,55,33,14,37,87,42,83,8.53,3.50,0.00,0.00,0.00,0.00,0.00,0.00,0.00,0.00,0.00,N/A
1792195200,Oct 17 2026 - 12:00am,incomplete,N/A,Mirassol,Internacional,N/A,31,1.50,1.00,1.50,1.00,0,0,0,0,0,0,"","",-1,-1,-1,-1,-1,-1,-1,-1,-1,-1,-1,-1,-1,-1,-1,-1,-1,-1,-1,-1,1.71,1.49,0.00,0.00,2.55,65,74,52,26,4,30,70,39,83,12.61,5.28,0.00,0.00,0.00,0.00,0.00,0.00,0.00,0.00,0.00,Estádio José Maria de Campos Maia
1792195200,Oct 17 2026 - 12:00am,incomplete,N/A,Fluminense,Santos,N/A,31,2.31,0.70,2.31,0.70,0,0,0,0,0,0,"","",-1,-1,-1,-1,-1,-1,-1,-1,-1,-1,-1,-1,-1,-1,-1,-1,-1,-1,-1,-1,2.06,1.49,0.00,0.00,3.13,79,84,75,41,18,36,70,66,88,11.46,4.89,0.00,0.00,0.00,0.00,0.00,0.00,0.00,0.00,0.00,N/A
1792195200,Oct 17 2026 - 12:00am,incomplete,N/A,Atlético PR,Palmeiras,N/A,31,2.25,2.00,2.25,2.00,0,0,0,0,0,0,"","",-1,-1,-1,-1,-1,-1,-1,-1,-1,-1,-1,-1,-1,-1,-1,-1,-1,-1,-1,-1,1.55,1.38,0.00,0.00,2.54,54,75,50,30,8,42,80,50,75,11.16,4.75,0.00,0.00,0.00,0.00,0.00,0.00,0.00,0.00,0.00,N/A
1792800000,Oct 24 2026 - 12:00am,incomplete,N/A,Coritiba,Grêmio,N/A,32,1.50,0.33,1.50,0.33,0,0,0,0,0,0,"","",-1,-1,-1,-1,-1,-1,-1,-1,-1,-1,-1,-1,-1,-1,-1,-1,-1,-1,-1,-1,1.27,0.95,0.00,0.00,2.21,54,71,42,13,4,17,59,46,80,7.08,5.08,0.00,0.00,0.00,0.00,0.00,0.00,0.00,0.00,0.00,Estádio Major Antônio Couto Pereira
1792800000,Oct 24 2026 - 12:00am,incomplete,N/A,Cruzeiro,Remo,N/A,32,1.69,0.69,1.69,0.69,0,0,0,0,0,0,"","",-1,-1,-1,-1,-1,-1,-1,-1,-1,-1,-1,-1,-1,-1,-1,-1,-1,-1,-1,-1,1.69,1.18,0.00,0.00,2.89,62,85,62,23,16,38,85,50,77,9.61,4.61,0.00,0.00,0.00,0.00,0.00,0.00,0.00,0.00,0.00,Estádio Governador Magalhães Pinto
1792800000,Oct 24 2026 - 12:00am,incomplete,N/A,Mirassol,São Paulo,N/A,32,1.50,0.69,1.50,0.69,0,0,0,0,0,0,"","",-1,-1,-1,-1,-1,-1,-1,-1,-1,-1,-1,-1,-1,-1,-1,-1,-1,-1,-1,-1,1.71,1.31,0.00,0.00,2.53,69,72,53,17,8,29,72,40,92,11.56,5.45,0.00,0.00,0.00,0.00,0.00,0.00,0.00,0.00,0.00,Estádio José Maria de Campos Maia
1792800000,Oct 24 2026 - 12:00am,incomplete,N/A,Palmeiras,Bragantino,N/A,32,2.25,1.36,2.25,1.36,0,0,0,0,0,0,"","",-1,-1,-1,-1,-1,-1,-1,-1,-1,-1,-1,-1,-1,-1,-1,-1,-1,-1,-1,-1,1.68,1.59,0.00,0.00,2.30,56,75,39,9,9,26,66,35,75,11.08,4.94,0.00,0.00,0.00,0.00,0.00,0.00,0.00,0.00,0.00,Allianz Parque
1792800000,Oct 24 2026 - 12:00am,incomplete,N/A,Flamengo,Atlético Mineiro,N/A,32,2.10,1.08,2.10,1.08,0,0,0,0,0,0,"","",-1,-1,-1,-1,-1,-1,-1,-1,-1,-1,-1,-1,-1,-1,-1,-1,-1,-1,-1,-1,1.92,1.30,0.00,0.00,2.39,36,77,44,22,0,12,71,42,85,10.27,4.92,0.00,0.00,0.00,0.00,0.00,0.00,0.00,0.00,0.00,N/A
1792800000,Oct 24 2026 - 12:00am,incomplete,N/A,Santos,Bahia,N/A,32,1.46,1.58,1.46,1.58,0,0,0,0,0,0,"","",-1,-1,-1,-1,-1,-1,-1,-1,-1,-1,-1,-1,-1,-1,-1,-1,-1,-1,-1,-1,1.41,1.53,0.00,0.00,2.76,60,84,48,28,17,32,84,41,72,10.98,5.55,0.00,0.00,0.00,0.00,0.00,0.00,0.00,0.00,0.00,Estádio Urbano Caldeira
1792800000,Oct 24 2026 - 12:00am,incomplete,N/A,Chapecoense,Fluminense,N/A,32,0.92,1.00,0.92,1.00,0,0,0,0,0,0,"","",-1,-1,-1,-1,-1,-1,-1,-1,-1,-1,-1,-1,-1,-1,-1,-1,-1,-1,-1,-1,1.52,1.42,0.00,0.00,3.11,70,87,47,38,30,47,83,43,79,10.36,4.19,0.00,0.00,0.00,0.00,0.00,0.00,0.00,0.00,0.00,Arena Condá
1792800000,Oct 24 2026 - 12:00am,incomplete,N/A,Vitória,Atlético PR,N/A,32,2.08,1.27,2.08,1.27,0,0,0,0,0,0,"","",-1,-1,-1,-1,-1,-1,-1,-1,-1,-1,-1,-1,-1,-1,-1,-1,-1,-1,-1,-1,1.40,1.15,0.00,0.00,2.13,31,66,35,13,9,31,79,30,65,8.23,4.94,0.00,0.00,0.00,0.00,0.00,0.00,0.00,0.00,0.00,Estádio Manoel Barradas
1792800000,Oct 24 2026 - 12:00am,incomplete,N/A,Internacional,Botafogo,N/A,32,1.08,1.17,1.08,1.17,0,0,0,0,0,0,"","",-1,-1,-1,-1,-1,-1,-1,-1,-1,-1,-1,-1,-1,-1,-1,-1,-1,-1,-1,-1,1.78,1.30,0.00,0.00,2.58,65,72,45,20,17,28,84,33,76,9.71,5.73,0.00,0.00,0.00,0.00,0.00,0.00,0.00,0.00,0.00,Estádio José Pinheiro Borda
1792800000,Oct 24 2026 - 12:00am,incomplete,N/A,Vasco da Gama,Corinthians,N/A,32,1.42,1.17,1.42,1.17,0,0,0,0,0,0,"","",-1,-1,-1,-1,-1,-1,-1,-1,-1,-1,-1,-1,-1,-1,-1,-1,-1,-1,-1,-1,2.07,1.18,0.00,0.00,2.38,63,75,50,17,4,29,75,46,63,10.75,4.75,0.00,0.00,0.00,0.00,0.00,0.00,0.00,0.00,0.00,Estádio Club de Regatas Vasco da Gama
1793145600,Oct 28 2026 - 12:00am,incomplete,N/A,Bahia,São Paulo,N/A,33,1.50,0.69,1.50,0.69,0,0,0,0,0,0,"","",-1,-1,-1,-1,-1,-1,-1,-1,-1,-1,-1,-1,-1,-1,-1,-1,-1,-1,-1,-1,1.70,1.31,0.00,0.00,2.28,65,81,40,8,4,37,76,36,75,11.89,4.87,0.00,0.00,0.00,0.00,0.00,0.00,0.00,0.00,0.00,Arena Fonte Nova
1793145600,Oct 28 2026 - 12:00am,incomplete,N/A,Bragantino,Chapecoense,N/A,33,1.67,0.27,1.67,0.27,0,0,0,0,0,0,"","",-1,-1,-1,-1,-1,-1,-1,-1,-1,-1,-1,-1,-1,-1,-1,-1,-1,-1,-1,-1,1.79,0.96,0.00,0.00,2.35,49,79,39,13,4,21,60,53,83,8.81,5.12,0.00,0.00,0.00,0.00,0.00,0.00,0.00,0.00,0.00,Estádio Nabi Abi Chedid
1793145600,Oct 28 2026 - 12:00am,incomplete,N/A,Corinthians,Mirassol,N/A,33,1.50,0.55,1.50,0.55,0,0,0,0,0,0,"","",-1,-1,-1,-1,-1,-1,-1,-1,-1,-1,-1,-1,-1,-1,-1,-1,-1,-1,-1,-1,1.36,1.19,0.00,0.00,2.24,49,61,39,22,9,39,70,31,66,8.84,5.39,0.00,0.00,0.00,0.00,0.00,0.00,0.00,0.00,0.00,Arena Corinthians
1793145600,Oct 28 2026 - 12:00am,incomplete,N/A,Coritiba,Vitória,N/A,33,1.50,0.33,1.50,0.33,0,0,0,0,0,0,"","",-1,-1,-1,-1,-1,-1,-1,-1,-1,-1,-1,-1,-1,-1,-1,-1,-1,-1,-1,-1,1.27,1.09,0.00,0.00,2.59,54,80,42,29,8,21,75,46,84,7.75,4.58,0.00,0.00,0.00,0.00,0.00,0.00,0.00,0.00,0.00,Estádio Major Antônio Couto Pereira
1793145600,Oct 28 2026 - 12:00am,incomplete,N/A,Grêmio,Atlético PR,N/A,33,1.91,1.27,1.91,1.27,0,0,0,0,0,0,"","",-1,-1,-1,-1,-1,-1,-1,-1,-1,-1,-1,-1,-1,-1,-1,-1,-1,-1,-1,-1,1.55,1.15,0.00,0.00,2.50,55,69,45,18,14,32,78,41,69,9.09,4.54,0.00,0.00,0.00,0.00,0.00,0.00,0.00,0.00,0.00,Arena do Grêmio
1793145600,Oct 28 2026 - 12:00am,incomplete,N/A,Remo,Botafogo,N/A,33,1.27,1.17,1.27,1.17,0,0,0,0,0,0,"","",-1,-1,-1,-1,-1,-1,-1,-1,-1,-1,-1,-1,-1,-1,-1,-1,-1,-1,-1,-1,1.35,1.30,0.00,0.00,2.82,70,79,47,26,17,44,83,35,78,7.98,5.60,0.00,0.00,0.00,0.00,0.00,0.00,0.00,0.00,0.00,Estádio Estadual Jornalista Edgar Augusto Proença
1793145600,Oct 28 2026 - 12:00am,incomplete,N/A,Atlético Mineiro,Cruzeiro,N/A,33,1.90,1.55,1.90,1.55,0,0,0,0,0,0,"","",-1,-1,-1,-1,-1,-1,-1,-1,-1,-1,-1,-1,-1,-1,-1,-1,-1,-1,-1,-1,1.56,1.48,0.00,0.00,2.91,62,81,62,34,10,43,86,48,86,10.20,3.82,0.00,0.00,0.00,0.00,0.00,0.00,0.00,0.00,0.00,N/A
1793145600,Oct 28 2026 - 12:00am,incomplete,N/A,Santos,Palmeiras,N/A,33,1.46,2.00,1.46,2.00,0,0,0,0,0,0,"","",-1,-1,-1,-1,-1,-1,-1,-1,-1,-1,-1,-1,-1,-1,-1,-1,-1,-1,-1,-1,1.41,1.38,0.00,0.00,2.76,60,84,57,33,8,44,89,49,72,11.48,6.13,0.00,0.00,0.00,0.00,0.00,0.00,0.00,0.00,0.00,Estádio Urbano Caldeira
1793145600,Oct 28 2026 - 12:00am,incomplete,N/A,Fluminense,Internacional,N/A,33,2.31,1.00,2.31,1.00,0,0,0,0,0,0,"","",-1,-1,-1,-1,-1,-1,-1,-1,-1,-1,-1,-1,-1,-1,-1,-1,-1,-1,-1,-1,2.06,1.49,0.00,0.00,2.56,66,75,53,29,8,25,67,49,79,12.82,5.14,0.00,0.00,0.00,0.00,0.00,0.00,0.00,0.00,0.00,N/A
1793145600,Oct 28 2026 - 12:00am,incomplete,N/A,Vasco da Gama,Flamengo,N/A,33,1.42,1.85,1.42,1.85,0,0,0,0,0,0,"","",-1,-1,-1,-1,-1,-1,-1,-1,-1,-1,-1,-1,-1,-1,-1,-1,-1,-1,-1,-1,2.07,1.46,0.00,0.00,2.75,60,84,64,16,8,27,80,48,80,9.54,4.29,0.00,0.00,0.00,0.00,0.00,0.00,0.00,0.00,0.00,Estádio Club de Regatas Vasco da Gama
1793750400,Nov 04 2026 - 12:00am,incomplete,N/A,Bragantino,Santos,N/A,34,1.67,0.70,1.67,0.70,0,0,0,0,0,0,"","",-1,-1,-1,-1,-1,-1,-1,-1,-1,-1,-1,-1,-1,-1,-1,-1,-1,-1,-1,-1,1.79,1.49,0.00,0.00,2.87,61,79,61,34,14,37,73,52,83,11.17,4.87,0.00,0.00,0.00,0.00,0.00,0.00,0.00,0.00,0.00,Estádio Nabi Abi Chedid
1793750400,Nov 04 2026 - 12:00am,incomplete,N/A,São Paulo,Corinthians,N/A,34,1.80,1.17,1.80,1.17,0,0,0,0,0,0,"","",-1,-1,-1,-1,-1,-1,-1,-1,-1,-1,-1,-1,-1,-1,-1,-1,-1,-1,-1,-1,1.61,1.18,0.00,0.00,2.38,64,78,41,23,5,30,73,42,74,12.33,4.82,0.00,0.00,0.00,0.00,0.00,0.00,0.00,0.00,0.00,Morumbí
1793750400,Nov 04 2026 - 12:00am,incomplete,N/A,Internacional,Coritiba,N/A,34,1.08,1.33,1.08,1.33,0,0,0,0,0,0,"","",-1,-1,-1,-1,-1,-1,-1,-1,-1,-1,-1,-1,-1,-1,-1,-1,-1,-1,-1,-1,1.78,1.01,0.00,0.00,2.38,48,72,41,20,13,28,84,28,72,9.79,4.81,0.00,0.00,0.00,0.00,0.00,0.00,0.00,0.00,0.00,Estádio José Pinheiro Borda
1793750400,Nov 04 2026 - 12:00am,incomplete,N/A,Atlético PR,Vasco da Gama,N/A,34,2.25,0.45,2.25,0.45,0,0,0,0,0,0,"","",-1,-1,-1,-1,-1,-1,-1,-1,-1,-1,-1,-1,-1,-1,-1,-1,-1,-1,-1,-1,1.55,1.53,0.00,0.00,2.58,62,74,44,27,18,30,66,39,83,10.28,4.36,0.00,0.00,0.00,0.00,0.00,0.00,0.00,0.00,0.00,N/A
1793750400,Nov 04 2026 - 12:00am,incomplete,N/A,Vitória,Fluminense,N/A,34,2.08,1.00,2.08,1.00,0,0,0,0,0,0,"","",-1,-1,-1,-1,-1,-1,-1,-1,-1,-1,-1,-1,-1,-1,-1,-1,-1,-1,-1,-1,1.40,1.42,0.00,0.00,2.32,45,79,26,18,13,22,75,35,79,9.86,4.94,0.00,0.00,0.00,0.00,0.00,0.00,0.00,0.00,0.00,Estádio Manoel Barradas
1793750400,Nov 04 2026 - 12:00am,incomplete,N/A,Chapecoense,Mirassol,N/A,34,0.92,0.55,0.92,0.55,0,0,0,0,0,0,"","",-1,-1,-1,-1,-1,-1,-1,-1,-1,-1,-1,-1,-1,-1,-1,-1,-1,-1,-1,-1,1.52,1.19,0.00,0.00,3.11,66,74,56,47,26,60,83,43,79,9.09,4.47,0.00,0.00,0.00,0.00,0.00,0.00,0.00,0.00,0.00,Arena Condá
1793750400,Nov 04 2026 - 12:00am,incomplete,N/A,Palmeiras,Remo,N/A,34,2.25,0.69,2.25,0.69,0,0,0,0,0,0,"","",-1,-1,-1,-1,-1,-1,-1,-1,-1,-1,-1,-1,-1,-1,-1,-1,-1,-1,-1,-1,1.68,1.18,0.00,0.00,2.75,61,76,56,20,20,32,76,48,68,10.09,3.73,0.00,0.00,0.00,0.00,0.00,0.00,0.00,0.00,0.00,Allianz Parque
1793750400,Nov 04 2026 - 12:00am,incomplete,N/A,Botafogo,Atlético Mineiro,N/A,34,1.60,1.08,1.60,1.08,0,0,0,0,0,0,"","",-1,-1,-1,-1,-1,-1,-1,-1,-1,-1,-1,-1,-1,-1,-1,-1,-1,-1,-1,-1,1.69,1.30,0.00,0.00,2.64,51,72,59,37,5,27,66,42,80,9.77,5.52,0.00,0.00,0.00,0.00,0.00,0.00,0.00,0.00,0.00,Estádio Nilton Santos
1793750400,Nov 04 2026 - 12:00am,incomplete,N/A,Flamengo,Grêmio,N/A,34,2.10,0.33,2.10,0.33,0,0,0,0,0,0,"","",-1,-1,-1,-1,-1,-1,-1,-1,-1,-1,-1,-1,-1,-1,-1,-1,-1,-1,-1,-1,1.92,0.95,0.00,0.00,2.35,45,88,46,10,0,13,65,51,84,9.00,5.38,0.00,0.00,0.00,0.00,0.00,0.00,0.00,0.00,0.00,N/A
1793750400,Nov 04 2026 - 12:00am,incomplete,N/A,Cruzeiro,Bahia,N/A,34,1.69,1.58,1.69,1.58,0,0,0,0,0,0,"","",-1,-1,-1,-1,-1,-1,-1,-1,-1,-1,-1,-1,-1,-1,-1,-1,-1,-1,-1,-1,1.69,1.53,0.00,0.00,2.80,64,80,56,28,17,32,84,48,72,10.52,4.63,0.00,0.00,0.00,0.00,0.00,0.00,0.00,0.00,0.00,Estádio Governador Magalhães Pinto
1794960000,Nov 18 2026 - 12:00am,incomplete,N/A,Mirassol,Atlético Mineiro,N/A,35,1.50,1.08,1.50,1.08,0,0,0,0,0,0,"","",-1,-1,-1,-1,-1,-1,-1,-1,-1,-1,-1,-1,-1,-1,-1,-1,-1,-1,-1,-1,1.71,1.30,0.00,0.00,2.46,53,65,53,24,4,33,69,33,81,11.02,5.45,0.00,0.00,0.00,0.00,0.00,0.00,0.00,0.00,0.00,Estádio José Maria de Campos Maia
1794960000,Nov 18 2026 - 12:00am,incomplete,N/A,Vitória,Bragantino,N/A,35,2.08,1.36,2.08,1.36,0,0,0,0,0,0,"","",-1,-1,-1,-1,-1,-1,-1,-1,-1,-1,-1,-1,-1,-1,-1,-1,-1,-1,-1,-1,1.40,1.59,0.00,0.00,2.09,31,75,26,9,4,26,66,30,83,9.41,5.94,0.00,0.00,0.00,0.00,0.00,0.00,0.00,0.00,0.00,Estádio Manoel Barradas
1794960000,Nov 18 2026 - 12:00am,incomplete,N/A,Cruzeiro,Palmeiras,N/A,35,1.69,2.00,1.69,2.00,0,0,0,0,0,0,"","",-1,-1,-1,-1,-1,-1,-1,-1,-1,-1,-1,-1,-1,-1,-1,-1,-1,-1,-1,-1,1.69,1.38,0.00,0.00,2.80,64,80,65,33,8,44,89,57,72,11.02,5.21,0.00,0.00,0.00,0.00,0.00,0.00,0.00,0.00,0.00,Estádio Governador Magalhães Pinto
1794960000,Nov 18 2026 - 12:00am,incomplete,N/A,Coritiba,Santos,N/A,35,1.50,0.70,1.50,0.70,0,0,0,0,0,0,"","",-1,-1,-1,-1,-1,-1,-1,-1,-1,-1,-1,-1,-1,-1,-1,-1,-1,-1,-1,-1,1.27,1.49,0.00,0.00,2.91,69,79,61,38,14,24,69,60,91,8.58,4.20,0.00,0.00,0.00,0.00,0.00,0.00,0.00,0.00,0.00,Estádio Major Antônio Couto Pereira
1794960000,Nov 18 2026 - 12:00am,incomplete,N/A,Corinthians,Botafogo,N/A,35,1.50,1.17,1.50,1.17,0,0,0,0,0,0,"","",-1,-1,-1,-1,-1,-1,-1,-1,-1,-1,-1,-1,-1,-1,-1,-1,-1,-1,-1,-1,1.36,1.30,0.00,0.00,2.50,54,67,46,17,17,33,71,34,67,8.00,6.17,0.00,0.00,0.00,0.00,0.00,0.00,0.00,0.00,0.00,Arena Corinthians
1794960000,Nov 18 2026 - 12:00am,incomplete,N/A,Remo,Chapecoense,N/A,35,1.27,0.27,1.27,0.27,0,0,0,0,0,0,"","",-1,-1,-1,-1,-1,-1,-1,-1,-1,-1,-1,-1,-1,-1,-1,-1,-1,-1,-1,-1,1.35,0.96,0.00,0.00,2.46,60,87,36,18,5,32,64,50,82,7.37,4.63,0.00,0.00,0.00,0.00,0.00,0.00,0.00,0.00,0.00,Estádio Estadual Jornalista Edgar Augusto Proença
1794960000,Nov 18 2026 - 12:00am,incomplete,N/A,Grêmio,Bahia,N/A,35,1.91,1.58,1.91,1.58,0,0,0,0,0,0,"","",-1,-1,-1,-1,-1,-1,-1,-1,-1,-1,-1,-1,-1,-1,-1,-1,-1,-1,-1,-1,1.55,1.53,0.00,0.00,2.83,61,74,48,30,22,26,74,53,75,10.19,4.35,0.00,0.00,0.00,0.00,0.00,0.00,0.00,0.00,0.00,Arena do Grêmio
1794960000,Nov 18 2026 - 12:00am,incomplete,N/A,Vasco da Gama,Internacional,N/A,35,1.42,1.00,1.42,1.00,0,0,0,0,0,0,"","",-1,-1,-1,-1,-1,-1,-1,-1,-1,-1,-1,-1,-1,-1,-1,-1,-1,-1,-1,-1,2.07,1.49,0.00,0.00,2.39,57,74,47,18,4,13,70,47,70,12.28,4.28,0.00,0.00,0.00,0.00,0.00,0.00,0.00,0.00,0.00,Estádio Club de Regatas Vasco da Gama
1794960000,Nov 18 2026 - 12:00am,incomplete,N/A,Flamengo,Atlético PR,N/A,35,2.10,1.27,2.10,1.27,0,0,0,0,0,0,"","",-1,-1,-1,-1,-1,-1,-1,-1,-1,-1,-1,-1,-1,-1,-1,-1,-1,-1,-1,-1,1.92,1.15,0.00,0.00,2.44,43,82,48,15,5,18,86,44,78,9.23,4.66,0.00,0.00,0.00,0.00,0.00,0.00,0.00,0.00,0.00,N/A
1794960000,Nov 18 2026 - 12:00am,incomplete,N/A,São Paulo,Fluminense,N/A,35,1.80,1.00,1.80,1.00,0,0,0,0,0,0,"","",-1,-1,-1,-1,-1,-1,-1,-1,-1,-1,-1,-1,-1,-1,-1,-1,-1,-1,-1,-1,1.61,1.42,0.00,0.00,2.53,67,86,34,19,14,14,76,43,86,12.86,4.26,0.00,0.00,0.00,0.00,0.00,0.00,0.00,0.00,0.00,Morumbí
1795219200,Nov 21 2026 - 12:00am,incomplete,N/A,Internacional,Vitória,N/A,36,1.08,0.33,1.08,0.33,0,0,0,0,0,0,"","",-1,-1,-1,-1,-1,-1,-1,-1,-1,-1,-1,-1,-1,-1,-1,-1,-1,-1,-1,-1,1.78,1.09,0.00,0.00,2.42,52,81,37,24,8,28,84,33,72,10.63,4.89,0.00,0.00,0.00,0.00,0.00,0.00,0.00,0.00,0.00,Estádio José Pinheiro Borda
1795219200,Nov 21 2026 - 12:00am,incomplete,N/A,Santos,Grêmio,N/A,36,1.46,0.33,1.46,0.33,0,0,0,0,0,0,"","",-1,-1,-1,-1,-1,-1,-1,-1,-1,-1,-1,-1,-1,-1,-1,-1,-1,-1,-1,-1,1.41,0.95,0.00,0.00,2.35,56,84,44,12,4,32,68,37,72,9.65,6.46,0.00,0.00,0.00,0.00,0.00,0.00,0.00,0.00,0.00,Estádio Urbano Caldeira
1795219200,Nov 21 2026 - 12:00am,incomplete,N/A,Fluminense,Mirassol,N/A,36,2.31,0.55,2.31,0.55,0,0,0,0,0,0,"","",-1,-1,-1,-1,-1,-1,-1,-1,-1,-1,-1,-1,-1,-1,-1,-1,-1,-1,-1,-1,2.06,1.19,0.00,0.00,2.70,71,71,57,34,12,38,76,49,84,10.55,5.33,0.00,0.00,0.00,0.00,0.00,0.00,0.00,0.00,0.00,N/A
1795219200,Nov 21 2026 - 12:00am,incomplete,N/A,Atlético Mineiro,Corinthians,N/A,36,1.90,1.17,1.90,1.17,0,0,0,0,0,0,"","",-1,-1,-1,-1,-1,-1,-1,-1,-1,-1,-1,-1,-1,-1,-1,-1,-1,-1,-1,-1,1.56,1.18,0.00,0.00,2.63,64,78,51,33,5,45,83,42,74,10.03,3.92,0.00,0.00,0.00,0.00,0.00,0.00,0.00,0.00,0.00,N/A
1795219200,Nov 21 2026 - 12:00am,incomplete,N/A,Botafogo,São Paulo,N/A,36,1.60,0.69,1.60,0.69,0,0,0,0,0,0,"","",-1,-1,-1,-1,-1,-1,-1,-1,-1,-1,-1,-1,-1,-1,-1,-1,-1,-1,-1,-1,1.69,1.31,0.00,0.00,2.72,66,80,59,29,9,23,70,49,91,10.31,5.52,0.00,0.00,0.00,0.00,0.00,0.00,0.00,0.00,0.00,Estádio Nilton Santos
1795219200,Nov 21 2026 - 12:00am,incomplete,N/A,Bragantino,Vasco da Gama,N/A,36,1.67,0.45,1.67,0.45,0,0,0,0,0,0,"","",-1,-1,-1,-1,-1,-1,-1,-1,-1,-1,-1,-1,-1,-1,-1,-1,-1,-1,-1,-1,1.79,1.53,0.00,0.00,2.62,58,70,49,27,18,30,70,39,79,10.62,5.03,0.00,0.00,0.00,0.00,0.00,0.00,0.00,0.00,0.00,Estádio Nabi Abi Chedid
1795219200,Nov 21 2026 - 12:00am,incomplete,N/A,Chapecoense,Cruzeiro,N/A,36,0.92,1.55,0.92,1.55,0,0,0,0,0,0,"","",-1,-1,-1,-1,-1,-1,-1,-1,-1,-1,-1,-1,-1,-1,-1,-1,-1,-1,-1,-1,1.52,1.48,0.00,0.00,3.25,66,83,66,43,26,60,83,48,79,10.00,4.65,0.00,0.00,0.00,0.00,0.00,0.00,0.00,0.00,0.00,Arena Condá
1795219200,Nov 21 2026 - 12:00am,incomplete,N/A,Bahia,Coritiba,N/A,36,1.50,1.33,1.50,1.33,0,0,0,0,0,0,"","",-1,-1,-1,-1,-1,-1,-1,-1,-1,-1,-1,-1,-1,-1,-1,-1,-1,-1,-1,-1,1.70,1.01,0.00,0.00,2.50,55,84,46,17,9,46,83,33,67,9.91,4.75,0.00,0.00,0.00,0.00,0.00,0.00,0.00,0.00,0.00,Arena Fonte Nova
1795219200,Nov 21 2026 - 12:00am,incomplete,N/A,Atlético PR,Remo,N/A,36,2.25,0.69,2.25,0.69,0,0,0,0,0,0,"","",-1,-1,-1,-1,-1,-1,-1,-1,-1,-1,-1,-1,-1,-1,-1,-1,-1,-1,-1,-1,1.55,1.18,0.00,0.00,2.63,52,80,48,20,16,36,76,44,80,9.75,4.15,0.00,0.00,0.00,0.00,0.00,0.00,0.00,0.00,0.00,N/A
1795219200,Nov 21 2026 - 12:00am,incomplete,N/A,Palmeiras,Flamengo,N/A,36,2.25,1.85,2.25,1.85,0,0,0,0,0,0,"","",-1,-1,-1,-1,-1,-1,-1,-1,-1,-1,-1,-1,-1,-1,-1,-1,-1,-1,-1,-1,1.68,1.46,0.00,0.00,2.75,65,80,60,20,13,36,76,40,75,9.79,4.04,0.00,0.00,0.00,0.00,0.00,0.00,0.00,0.00,0.00,Allianz Parque
1795824000,Nov 28 2026 - 12:00am,incomplete,N/A,Mirassol,Atlético PR,N/A,37,1.50,1.27,1.50,1.27,0,0,0,0,0,0,"","",-1,-1,-1,-1,-1,-1,-1,-1,-1,-1,-1,-1,-1,-1,-1,-1,-1,-1,-1,-1,1.71,1.15,0.00,0.00,2.51,60,70,56,17,9,39,83,35,74,9.98,5.19,0.00,0.00,0.00,0.00,0.00,0.00,0.00,0.00,0.00,Estádio José Maria de Campos Maia
1795824000,Nov 28 2026 - 12:00am,incomplete,N/A,Internacional,Bragantino,N/A,37,1.08,1.36,1.08,1.36,0,0,0,0,0,0,"","",-1,-1,-1,-1,-1,-1,-1,-1,-1,-1,-1,-1,-1,-1,-1,-1,-1,-1,-1,-1,1.78,1.59,0.00,0.00,2.09,50,76,29,8,4,25,75,25,80,11.37,5.67,0.00,0.00,0.00,0.00,0.00,0.00,0.00,0.00,0.00,Estádio José Pinheiro Borda
1795824000,Nov 28 2026 - 12:00am,incomplete,N/A,Vitória,Santos,N/A,37,2.08,0.70,2.08,0.70,0,0,0,0,0,0,"","",-1,-1,-1,-1,-1,-1,-1,-1,-1,-1,-1,-1,-1,-1,-1,-1,-1,-1,-1,-1,1.40,1.49,0.00,0.00,2.74,49,79,53,34,14,33,69,52,83,9.50,4.78,0.00,0.00,0.00,0.00,0.00,0.00,0.00,0.00,0.00,Estádio Manoel Barradas
1795824000,Nov 28 2026 - 12:00am,incomplete,N/A,Chapecoense,Palmeiras,N/A,37,0.92,2.00,0.92,2.00,0,0,0,0,0,0,"","",-1,-1,-1,-1,-1,-1,-1,-1,-1,-1,-1,-1,-1,-1,-1,-1,-1,-1,-1,-1,1.52,1.38,0.00,0.00,3.25,63,79,67,50,25,63,88,59,71,10.33,4.58,0.00,0.00,0.00,0.00,0.00,0.00,0.00,0.00,0.00,Arena Condá
1795824000,Nov 28 2026 - 12:00am,incomplete,N/A,Coritiba,Flamengo,N/A,37,1.50,1.85,1.50,1.85,0,0,0,0,0,0,"","",-1,-1,-1,-1,-1,-1,-1,-1,-1,-1,-1,-1,-1,-1,-1,-1,-1,-1,-1,-1,1.27,1.46,0.00,0.00,2.71,60,80,56,24,8,27,76,44,92,7.20,4.46,0.00,0.00,0.00,0.00,0.00,0.00,0.00,0.00,0.00,Estádio Major Antônio Couto Pereira
1795824000,Nov 28 2026 - 12:00am,incomplete,N/A,Fluminense,Cruzeiro,N/A,37,2.31,1.55,2.31,1.55,0,0,0,0,0,0,"","",-1,-1,-1,-1,-1,-1,-1,-1,-1,-1,-1,-1,-1,-1,-1,-1,-1,-1,-1,-1,2.06,1.48,0.00,0.00,2.84,71,80,67,29,12,38,76,54,84,11.46,5.51,0.00,0.00,0.00,0.00,0.00,0.00,0.00,0.00,0.00,N/A
1795824000,Nov 28 2026 - 12:00am,incomplete,N/A,Atlético Mineiro,Vasco da Gama,N/A,37,1.90,0.45,1.90,0.45,0,0,0,0,0,0,"","",-1,-1,-1,-1,-1,-1,-1,-1,-1,-1,-1,-1,-1,-1,-1,-1,-1,-1,-1,-1,1.56,1.53,0.00,0.00,2.96,67,77,58,38,19,34,77,48,86,9.65,3.36,0.00,0.00,0.00,0.00,0.00,0.00,0.00,0.00,0.00,N/A
1795824000,Nov 28 2026 - 12:00am,incomplete,N/A,Botafogo,Bahia,N/A,37,1.60,1.58,1.60,1.58,0,0,0,0,0,0,"","",-1,-1,-1,-1,-1,-1,-1,-1,-1,-1,-1,-1,-1,-1,-1,-1,-1,-1,-1,-1,1.69,1.53,0.00,0.00,3.02,64,83,65,42,18,28,77,55,79,9.83,5.07,0.00,0.00,0.00,0.00,0.00,0.00,0.00,0.00,0.00,Estádio Nilton Santos
1795824000,Nov 28 2026 - 12:00am,incomplete,N/A,São Paulo,Remo,N/A,37,1.80,0.69,1.80,0.69,0,0,0,0,0,0,"","",-1,-1,-1,-1,-1,-1,-1,-1,-1,-1,-1,-1,-1,-1,-1,-1,-1,-1,-1,-1,1.61,1.18,0.00,0.00,2.75,57,83,51,22,17,24,78,52,84,11.42,4.05,0.00,0.00,0.00,0.00,0.00,0.00,0.00,0.00,0.00,Morumbí
1795824000,Nov 28 2026 - 12:00am,incomplete,N/A,Corinthians,Grêmio,N/A,37,1.50,0.33,1.50,0.33,0,0,0,0,0,0,"","",-1,-1,-1,-1,-1,-1,-1,-1,-1,-1,-1,-1,-1,-1,-1,-1,-1,-1,-1,-1,1.36,0.95,0.00,0.00,1.96,42,67,38,4,4,29,54,34,59,8.25,5.83,0.00,0.00,0.00,0.00,0.00,0.00,0.00,0.00,0.00,Arena Corinthians
1796169600,Dec 02 2026 - 12:00am,incomplete,N/A,Palmeiras,Coritiba,N/A,38,2.25,1.33,2.25,1.33,0,0,0,0,0,0,"","",-1,-1,-1,-1,-1,-1,-1,-1,-1,-1,-1,-1,-1,-1,-1,-1,-1,-1,-1,-1,1.68,1.01,0.00,0.00,2.59,55,71,50,21,17,29,75,38,67,9.50,4.08,0.00,0.00,0.00,0.00,0.00,0.00,0.00,0.00,0.00,Allianz Parque
1796169600,Dec 02 2026 - 12:00am,incomplete,N/A,Santos,Botafogo,N/A,38,1.46,1.17,1.46,1.17,0,0,0,0,0,0,"","",-1,-1,-1,-1,-1,-1,-1,-1,-1,-1,-1,-1,-1,-1,-1,-1,-1,-1,-1,-1,1.41,1.30,0.00,0.00,2.89,69,84,52,24,17,36,84,37,80,9.40,6.80,0.00,0.00,0.00,0.00,0.00,0.00,0.00,0.00,0.00,Estádio Urbano Caldeira
1796169600,Dec 02 2026 - 12:00am,incomplete,N/A,Bahia,Atlético Mineiro,N/A,38,1.50,1.08,1.50,1.08,0,0,0,0,0,0,"","",-1,-1,-1,-1,-1,-1,-1,-1,-1,-1,-1,-1,-1,-1,-1,-1,-1,-1,-1,-1,1.70,1.30,0.00,0.00,2.21,49,73,40,16,0,41,73,28,64,11.35,4.87,0.00,0.00,0.00,0.00,0.00,0.00,0.00,0.00,0.00,Arena Fonte Nova
1796169600,Dec 02 2026 - 12:00am,incomplete,N/A,Grêmio,Mirassol,N/A,38,1.91,0.55,1.91,0.55,0,0,0,0,0,0,"","",-1,-1,-1,-1,-1,-1,-1,-1,-1,-1,-1,-1,-1,-1,-1,-1,-1,-1,-1,-1,1.55,1.19,0.00,0.00,2.69,64,69,45,32,14,36,73,46,82,9.45,4.82,0.00,0.00,0.00,0.00,0.00,0.00,0.00,0.00,0.00,Arena do Grêmio
1796169600,Dec 02 2026 - 12:00am,incomplete,N/A,Vasco da Gama,Vitória,N/A,38,1.42,0.33,1.42,0.33,0,0,0,0,0,0,"","",-1,-1,-1,-1,-1,-1,-1,-1,-1,-1,-1,-1,-1,-1,-1,-1,-1,-1,-1,-1,2.07,1.09,0.00,0.00,2.63,54,84,50,21,8,21,79,50,71,10.09,4.41,0.00,0.00,0.00,0.00,0.00,0.00,0.00,0.00,0.00,Estádio Club de Regatas Vasco da Gama
1796169600,Dec 02 2026 - 12:00am,incomplete,N/A,Flamengo,Chapecoense,N/A,38,2.10,0.27,2.10,0.27,0,0,0,0,0,0,"","",-1,-1,-1,-1,-1,-1,-1,-1,-1,-1,-1,-1,-1,-1,-1,-1,-1,-1,-1,-1,1.92,0.96,0.00,0.00,2.53,48,96,43,15,0,5,63,67,96,8.14,4.75,0.00,0.00,0.00,0.00,0.00,0.00,0.00,0.00,0.00,N/A
1796169600,Dec 02 2026 - 12:00am,incomplete,N/A,Remo,Corinthians,N/A,38,1.27,1.17,1.27,1.17,0,0,0,0,0,0,"","",-1,-1,-1,-1,-1,-1,-1,-1,-1,-1,-1,-1,-1,-1,-1,-1,-1,-1,-1,-1,1.35,1.18,0.00,0.00,2.40,66,79,39,26,5,53,79,30,66,9.56,5.10,0.00,0.00,0.00,0.00,0.00,0.00,0.00,0.00,0.00,Estádio Estadual Jornalista Edgar Augusto Proença
1796169600,Dec 02 2026 - 12:00am,incomplete,N/A,Cruzeiro,Internacional,N/A,38,1.69,1.00,1.69,1.00,0,0,0,0,0,0,"","",-1,-1,-1,-1,-1,-1,-1,-1,-1,-1,-1,-1,-1,-1,-1,-1,-1,-1,-1,-1,1.69,1.49,0.00,0.00,2.52,62,79,49,25,4,28,75,41,75,12.05,4.91,0.00,0.00,0.00,0.00,0.00,0.00,0.00,0.00,0.00,Estádio Governador Magalhães Pinto
1796169600,Dec 02 2026 - 12:00am,incomplete,N/A,Atlético PR,São Paulo,N/A,38,2.25,0.69,2.25,0.69,0,0,0,0,0,0,"","",-1,-1,-1,-1,-1,-1,-1,-1,-1,-1,-1,-1,-1,-1,-1,-1,-1,-1,-1,-1,1.55,1.31,0.00,0.00,2.24,56,72,36,13,8,24,68,36,88,11.14,4.62,0.00,0.00,0.00,0.00,0.00,0.00,0.00,0.00,0.00,N/A
1796169600,Dec 02 2026 - 12:00am,incomplete,N/A,Bragantino,Fluminense,N/A,38,1.67,1.00,1.67,1.00,0,0,0,0,0,0,"","",-1,-1,-1,-1,-1,-1,-1,-1,-1,-1,-1,-1,-1,-1,-1,-1,-1,-1,-1,-1,1.79,1.42,0.00,0.00,2.44,58,79,35,18,13,26,79,35,79,11.53,5.03,0.00,0.00,0.00,0.00,0.00,0.00,0.00,0.00,0.00,Estádio Nabi Abi Chedid
