full_name,age,birthday,birthday_GMT,league,season,position,Current Club,minutes_played_overall,minutes_played_home,minutes_played_away,nationality,appearances_overall,appearances_home,appearances_away,goals_overall,goals_home,goals_away,assists_overall,assists_home,assists_away,penalty_goals,penalty_misses,clean_sheets_overall,clean_sheets_home,clean_sheets_away,conceded_overall,conceded_home,conceded_away,yellow_cards_overall,red_cards_overall,goals_involved_per_90_overall,assists_per_90_overall,goals_per_90_overall,goals_per_90_home,goals_per_90_away,min_per_goal_overall,conceded_per_90_overall,min_per_conceded_overall,min_per_match,min_per_card_overall,min_per_assist_overall,cards_per_90_overall,rank_in_league_top_attackers,rank_in_league_top_midfielders,rank_in_league_top_defenders,rank_in_club_top_scorer,annual_salary_eur,average_rating_overall,assists_per_game_overall,assists_per90_percentile_overall,passes_per_90_overall,passes_per_game_overall,passes_per90_percentile_overall,passes_total_overall,passes_completed_per_game_overall,passes_completed_total_overall,pass_completion_rate_percentile_overall,passes_completed_per_90_overall,passes_completed_per90_percentile_overall,short_passes_per_game_overall,long_passes_per_game_overall,key_passes_per_game_overall,key_passes_total_overall,through_passes_per_game_overall,crosses_per_game_overall,tackles_per_90_overall,tackles_per_game_overall,tackles_total_overall,tackles_successful_per_game_overall,dispossesed_per_game_overall,possession_regained_per_game_overall,pressures_per_game_overall,saves_per_game_overall,interceptions_per_game_overall,dribbles_successful_per_game_overall,shots_faced_per_game_overall,shots_per_goal_scored_overall,shots_per_90_overall,shots_off_target_per_game_overall,dribbles_per_game_overall,distance_travelled_per_game_overall,shots_on_target_per_game_overall,xg_per_game_overall,chances_created_per_game_overall,aerial_duels_won_per_game_overall,aerial_duels_per_game_overall,possession_regained_per_90_overall,possession_regained_total_overall,possession_regained_per90_percentile_overall,additional_info,shots_total_overall,shots_per_game_overall,shots_per90_percentile_overall,shots_on_target_total_overall,shots_on_target_per_90_overall,shots_on_target_per90_percentile_overall,shots_off_target_total_overall,shots_off_target_per_90_overall,shots_off_target_per90_percentile_overall,games_subbed_out,games_subbed_in,games_started,tackles_per90_percentile_overall,tackles_successful_per_90_overall,tackles_successful_per90_percentile_overall,tackles_successful_total_overall,interceptions_total_overall,interceptions_per_90_overall,interceptions_per90_percentile_overall,crosses_total_overall,cross_completion_rate_percentile_overall,crosses_per_90_overall,crosses_per90_percentile_overall,through_passes_total_overall,through_passes_per_90_overall,through_passes_per90_percentile_overall,long_passes_total_overall,long_passes_per_90_overall,long_passes_per90_percentile_overall,short_passes_total_overall,short_passes_per_90_overall,short_passes_per90_percentile_overall,key_passes_per_90_overall,key_passes_per90_percentile_overall,dribbles_total_overall,dribbles_per_90_overall,dribbles_per90_percentile_overall,dribbles_successful_total_overall,dribbles_successful_per_90_overall,dribbles_successful_percentage_overall,chances_created_total_overall,chances_created_per_90_overall,chances_created_per90_percentile_overall,saves_total_overall,save_percentage_percentile_overall,saves_per_90_overall,saves_per90_percentile_overall,shots_faced_total_overall,shots_per_goal_conceded_overall,conceded_per90_percentile_overall,shots_faced_per_90_overall,shots_faced_per90_percentile_overall,xg_faced_per_90_overall,xg_faced_per90_percentile_overall,xg_faced_per_game_overall,xg_faced_total_overall,save_percentage_overall,pressures_total_overall,pressures_per_90_overall,pressures_per90_percentile_overall,xg_total_overall,market_value,market_value_percentile,pass_completion_rate_overall,shot_accuraccy_percentage_overall,shot_accuraccy_percentage_percentile_overall,dribbled_past_per90_percentile_overall,dribbled_past_per_game_overall,dribbled_past_per_90_overall,dribbled_past_total_overall,dribbles_successful_per90_percentile_overall,dribbles_successful_percentage_percentile_overall,pen_scored_total_overall,pen_missed_total_overall,inside_box_saves_total_overall,blocks_per_game_overall,blocks_per_90_overall,blocks_total_overall,blocks_per90_percentile_overall,ratings_total_overall,clearances_per_game_overall,clearances_per_90_overall,clearances_total_overall,pen_committed_total_overall,pen_save_percentage_overall,pen_committed_per_90_overall,pen_committed_per90_percentile_overall,pen_committed_per_game_overall,pens_saved_total_overall,pens_taken_total_overall,hit_woodwork_total_overall,hit_woodwork_per_game_overall,hit_woodwork_per_90_overall,punches_total_overall,punches_per_game_overall,punches_per_90_overall,offsides_per_90_overall,offsides_per_game_overall,offsides_total_overall,penalties_won_total_overall,shot_conversion_rate_overall,shot_conversion_rate_percentile_overall,minutes_played_percentile_overall,matches_played_percentile_overall,min_per_goal_percentile_overall,min_per_conceded_percentile_overall,xa_total_overall,xa_per90_percentile_overall,xa_per_game_overall,xa_per_90_overall,npxg_total_overall,npxg_per90_percentile_overall,npxg_per_game_overall,npxg_per_90_overall,fouls_drawn_per90_percentile_overall,fouls_drawn_total_overall,fouls_drawn_per_game_overall,fouls_drawn_per_90_overall,fouls_committed_per_90_overall,fouls_committed_per_game_overall,fouls_committed_per90_percentile_overall,fouls_committed_total_overall,xg_per_90_overall,xg_per90_percentile_overall,average_rating_percentile_overall,clearances_per90_percentile_overall,hit_woodwork_per90_percentile_overall,punches_per90_percentile_overall,offsides_per90_percentile_overall,aerial_duels_won_per90_percentile_overall,aerial_duels_total_overall,aerial_duels_per_90_overall,aerial_duels_per90_percentile_overall,aerial_duels_won_total_overall,aerial_duels_won_percentage_overall,aerial_duels_won_per_90_overall,duels_per_90_overall,duels_per_game_overall,duels_total_overall,duels_won_total_overall,duels_won_per90_percentile_overall,duels_per90_percentile_overall,duels_won_per_90_overall,duels_won_per_game_overall,duels_won_percentage_overall,dispossesed_total_overall,dispossesed_per_90_overall,dispossesed_per90_percentile_overall,progressive_passes_total_overall,cross_completion_rate_overall,distance_travelled_total_overall,distance_travelled_per_90_overall,distance_travelled_per90_percentile_overall,accurate_crosses_total_overall,accurate_crosses_per_game_overall,accurate_crosses_per_90_overall,accurate_crosses_per90_percentile_overall,games_started_percentile_overall,games_subbed_in_percentile_overall,games_subbed_out_percentile_overall,hattricks_total_overall,two_goals_in_a_game_total_overall,three_goals_in_a_game_total_overall,two_goals_in_a_game_percentage_overall,three_goals_in_a_game_percentage_overall,goals_involved_per90_percentile_overall,goals_per90_percentile_overall,goals_per90_percentile_away,goals_per90_percentile_home,man_of_the_match_total_overall,annual_salary_eur_percentile,clean_sheets_percentage_percentile_overall,min_per_card_percentile_overall,cards_per90_percentile_overall,booked_over05_overall,booked_over05_percentage_overall,booked_over05_percentage_percentile_overall,shirt_number,annual_salary_gbp,annual_salary_usd
,37,615884400,1989/07/08,Serie A,2026,Midfielder,Vasco da Gama,90,90,0,China,1,1,0,7,5,2,0,0,0,0,0,0,0,0,1,1,0,0,0,7,0,7,5,0,13,1,90,90,0,0,0,-1,-1,-1,1,N/A,N/A,N/A,N/A,N/A,N/A,N/A,N/A,N/A,N/A,N/A,N/A,N/A,N/A,N/A,N/A,N/A,N/A,N/A,N/A,N/A,N/A,N/A,N/A,N/A,N/A,N/A,N/A,N/A,N/A,N/A,N/A,N/A,N/A,N/A,N/A,N/A,N/A,N/A,N/A,N/A,N/A,N/A,N/A,N/A,N/A,N/A,N/A,N/A,N/A,N/A,N/A,N/A,N/A,N/A,N/A,N/A,N/A,N/A,N/A,N/A,N/A,N/A,N/A,N/A,N/A,N/A,N/A,N/A,N/A,N/A,N/A,N/A,N/A,N/A,N/A,N/A,N/A,N/A,N/A,N/A,N/A,N/A,N/A,N/A,N/A,N/A,N/A,N/A,N/A,N/A,N/A,N/A,N/A,N/A,N/A,N/A,N/A,N/A,N/A,N/A,N/A,N/A,N/A,N/A,N/A,N/A,N/A,N/A,N/A,N/A,N/A,N/A,N/A,N/A,N/A,N/A,N/A,N/A,N/A,N/A,N/A,N/A,N/A,N/A,N/A,N/A,N/A,N/A,N/A,N/A,N/A,N/A,N/A,N/A,N/A,N/A,N/A,N/A,N/A,N/A,N/A,N/A,N/A,N/A,N/A,N/A,N/A,N/A,N/A,N/A,N/A,N/A,N/A,N/A,N/A,N/A,N/A,N/A,N/A,N/A,N/A,N/A,N/A,N/A,N/A,N/A,N/A,N/A,N/A,N/A,N/A,N/A,N/A,N/A,N/A,N/A,N/A,N/A,N/A,N/A,N/A,N/A,N/A,N/A,N/A,N/A,N/A,N/A,N/A,N/A,N/A,N/A,N/A,N/A,N/A,N/A,N/A,N/A,N/A,N/A,N/A,N/A,N/A,N/A,N/A,N/A,N/A,N/A,N/A,N/A,N/A,N/A,N/A,N/A,N/A,N/A,N/A,N/A,N/A,N/A,N/A,N/A,N/A
Ademir da Silva Santos Junior,31,792921600,1995/02/16,Serie A,2026,Forward,Bahia,885,506,379,Brazil,22,12,10,1,0,1,1,1,0,0,0,7,4,3,10,4,6,2,0,0.2,0.1,0.1,0,0.24,885,1.02,89,40,443,885,0.2,177,149,-1,11,450000,6.52,0.05,66,22.52,10.32,15,227,8.09,178,24,17.66,17,0.00,0.00,0.64,14,0.00,1.77,1.59,0.73,16,0.00,0.32,0.00,0.00,0.00,0.23,0.73,0.45,25.00,2.48,0.73,1.64,0.00,0.41,0.12,0.00,0.27,0.00,0.00,0,0,,25,1.14,86,9,0.89,86,16,1.59,86,4,13,9,60,0.00,99,0,5,0.50,36,39,43,3.87,85,0,0.00,99,0,0.00,0,0,0.00,0,1.39,78,36,3.57,92,16,1.59,44.44,0,0.00,0,0,0,0.00,0,10,0.00,63,0.99,24,N/A,N/A,N/A,N/A,0.00,0,0.00,0,2.62,0.00,0,78.41,36.00,68,51,0.27,0.60,6,89,46,0,0,0,0.09,0.20,2,48,143.39,0.23,0.50,5,0,0.00,0.00,99,0.00,0,0,1,0.05,0.10,0,0.00,0.00,0.30,0.14,3,2,4.00,48,40,94,87,65,1.42,55,0.06,0.14,2.62,77,0.12,0.26,96,28,1.27,2.78,1.69,0.77,77,17,0.26,76,20,15,89,0,86,33,0,0.00,99,6,0.00,0.60,13.50,6.18,136,66,91,92,6.55,3.00,48.53,7,0.69,45,0,17.95,0,0.00,99,7,0.32,0.69,78,37,99,83,0,0,0,0,0,61,60,82,59,0,47,69,65,50,2,9,36,7,N/A,N/A
Aderbar Melo dos Santos Neto,36,637660800,1990/03/17,Serie A,2026,Goalkeeper,Atlético PR,1980,1080,900,Brazil,22,12,10,0,0,0,0,0,0,0,0,7,5,2,18,7,11,3,0,0,0,0,0,0,0,0.82,110,90,660,0,0.14,347,334,33,29,600000,6.88,0,48,18.59,18.59,9,409,11.73,258,2,11.73,6,0.00,0.00,0.05,1,0.00,0.00,0.00,0.00,0,0.00,0.00,0.00,0.00,2.45,0.00,0.00,3.36,0.00,0.00,0.00,0.00,0.00,0.00,0.00,0.00,0.09,0.00,0.00,0,0,,0,0.00,7,0,0.00,17,0,0.00,7,0,0,22,5,0.00,99,0,0,0.00,10,0,30,0.00,16,0,0.00,99,0,0.00,0,0,0.00,0,0.05,8,0,0.00,9,0,0.00,0.00,0,0.00,0,54,76,2.45,38,74,0.00,86,3.36,94,N/A,N/A,N/A,N/A,72.97,0,0.00,0,0.00,0.00,0,63.08,0.00,17,99,0.00,0.00,0,13,13,0,0,39,0.00,0.00,0,24,151.29,0.55,0.55,12,0,0.00,0.00,99,0.00,0,0,1,0.05,0.05,2,0.09,0.09,0.00,0.00,0,0,0.00,45,98,94,46,86,0.61,4,0.03,0.03,0.00,7,0.00,0.00,5,3,0.14,0.14,0.00,0.00,5,0,0.00,7,66,18,77,4,47,4,0,0.00,99,2,0.00,0.09,0.23,0.23,5,5,2,2,0.23,0.23,100.00,0,0.00,99,0,0.00,0,0.00,99,0,0.00,0.00,30,96,23,12,0,0,0,0,0,28,46,65,59,0,54,69,82,35,3,14,57,23,N/A,N/A
Adonis Uriel Frías,28,890121600,1998/03/17,Serie A,2026,Defender,Santos,766,586,180,Argentina,9,7,2,1,1,0,0,0,0,0,0,1,1,0,13,8,5,2,0,0.12,0,0.12,0.15,0,766,1.53,59,85,383,0,0.23,159,269,156,7,1152000,6.76,0,48,42.06,39.78,63,358,34.78,313,77,36.78,69,0.00,0.00,0.22,2,0.00,0.11,1.41,1.33,12,0.00,0.00,0.00,0.00,0.00,1.11,0.44,1.56,5.00,0.59,0.22,0.56,0.00,0.33,0.12,0.00,2.00,0.00,0.00,0,0,,5,0.56,29,3,0.35,54,2,0.23,15,1,0,9,51,0.00,99,0,10,1.17,75,1,30,0.12,20,0,0.00,99,0,0.00,0,0,0.00,0,0.23,19,5,0.59,32,4,0.47,80.00,0,0.00,0,0,0,0.00,0,14,0.00,17,1.64,77,N/A,N/A,N/A,N/A,0.00,0,0.00,0,1.07,0.00,0,87.43,60.00,98,67,0.44,0.47,4,48,92,0,0,0,0.33,0.35,3,63,60.87,4.00,4.23,36,0,0.00,0.00,99,0.00,0,0,0,0.00,0.00,0,0.00,0.00,0.00,0.00,0,0,20.00,91,32,12,83,19,0.74,32,0.08,0.09,1.07,57,0.12,0.13,29,5,0.56,0.59,0.82,0.78,26,7,0.13,56,50,83,75,0,47,86,0,0.00,99,18,0.00,2.11,6.58,6.22,56,39,53,22,4.58,4.33,69.64,0,0.00,99,0,0.00,0,0.00,99,0,0.00,0.00,30,37,23,35,0,0,0,0,0,44,63,65,68,0,73,23,56,59,2,22,79,98,N/A,N/A
Adson Soares,25,970815600,2000/10/06,Serie A,2026,Forward,Vasco da Gama,667,405,262,Brazil,12,7,5,0,0,0,0,0,0,0,0,2,1,1,9,5,4,0,0,0,0,0,0,0,0,1.21,74,56,0,0,0,292,261,-1,25,800000,6.90,0,48,45.40,28.08,73,337,24.33,292,71,39.34,74,0.00,0.00,1.00,12,0.00,1.17,2.83,1.75,21,0.00,0.42,0.00,0.00,0.00,0.58,1.25,0.75,0.00,2.43,1.08,2.75,0.00,0.42,0.13,0.00,0.25,0.00,0.00,0,0,,18,1.50,85,5,0.67,75,13,1.75,90,1,5,7,94,0.00,99,0,7,0.94,59,14,72,1.89,63,0,0.00,99,0,0.00,0,0,0.00,0,1.62,83,33,4.45,96,15,2.02,45.45,0,0.00,0,0,0,0.00,0,9,0.00,43,1.21,47,N/A,N/A,N/A,N/A,0.00,0,0.00,0,1.54,0.00,0,86.65,27.78,45,44,0.42,0.67,5,95,47,0,0,0,0.00,0.00,0,24,82.83,0.33,0.54,4,0,0.00,0.00,99,0.00,0,0,0,0.00,0.00,0,0.00,0.00,0.00,0.00,0,0,0.00,45,25,24,46,42,1.22,65,0.10,0.16,1.54,71,0.13,0.21,65,10,0.83,1.35,0.67,0.42,19,5,0.21,69,70,18,75,0,47,19,0,0.00,99,3,0.00,0.40,11.59,7.17,86,49,92,81,6.60,4.08,56.98,5,0.67,46,0,28.57,0,0.00,99,4,0.33,0.54,70,28,74,35,0,0,0,0,0,28,46,65,59,0,61,32,15,15,0,0,16,28,N/A,N/A
Agustín Canobbio Graviz,27,907225200,1998/10/01,Serie A,2026,Forward,Fluminense,1234,819,415,Uruguay,17,11,6,4,2,2,3,3,0,0,0,4,3,1,14,9,5,5,1,0.51,0.22,0.29,0.22,0.43,309,1.02,88,73,247,411,0.36,57,51,-1,3,1650000,7.01,0.18,89,37.20,30.00,53,510,25.29,430,55,31.36,54,0.00,0.00,1.18,20,0.00,2.82,1.82,1.47,25,0.00,1.00,0.00,0.00,0.00,0.18,1.35,0.88,7.50,2.19,1.00,2.76,0.00,0.76,0.28,0.00,0.24,0.00,0.00,0,0,,30,1.76,81,13,0.95,88,17,1.24,76,2,2,15,70,0.00,99,0,3,0.22,20,48,46,3.50,82,0,0.00,99,0,0.00,0,0,0.00,0,1.46,80,47,3.43,91,23,1.68,48.94,0,0.00,0,0,0,0.00,0,15,0.00,63,1.09,33,N/A,N/A,N/A,N/A,0.00,0,0.00,0,4.79,0.00,0,84.31,43.33,83,40,0.59,0.73,10,91,51,0,0,0,0.18,0.22,3,50,119.18,0.47,0.58,8,0,0.00,0.00,99,0.00,0,0,2,0.12,0.15,0,0.00,0.00,0.15,0.12,2,0,13.33,77,62,61,58,63,3.34,87,0.20,0.24,4.79,87,0.28,0.35,82,26,1.53,1.90,1.82,1.47,83,25,0.35,85,84,19,94,0,74,12,0,0.00,99,4,0.00,0.29,11.67,9.41,160,78,79,81,5.69,4.59,48.75,17,1.24,20,0,18.75,0,0.00,99,9,0.53,0.66,76,69,46,56,0,0,0,0,0,89,88,95,74,0,86,51,32,83,4,24,82,17,N/A,N/A
Agustín Daniel Rossi,31,808988400,1995/08/21,Serie A,2026,Goalkeeper,Flamengo,2070,900,1170,Argentina,23,10,13,0,0,0,0,0,0,0,0,9,5,4,18,6,12,0,0,0,0,0,0,0,0,0.78,115,90,0,0,0,383,369,24,28,1500000,6.99,0,48,24.65,24.65,19,567,19.70,453,29,19.70,21,0.00,0.00,0.00,0,0.00,0.00,0.00,0.00,0,0.00,0.00,0.00,0.00,2.83,0.00,0.00,3.74,0.00,0.00,0.00,0.00,0.00,0.00,0.00,0.00,0.13,0.00,0.00,0,0,,0,0.00,7,0,0.00,17,0,0.00,7,0,0,23,5,0.00,99,0,0,0.00,10,0,30,0.00,16,0,0.00,99,0,0.00,0,0,0.00,0,0.00,8,0,0.00,9,0,0.00,0.00,0,0.00,0,65,91,2.83,56,86,0.00,88,3.74,95,N/A,N/A,N/A,N/A,75.58,0,0.00,0,0.00,0.00,0,79.89,0.00,17,99,0.00,0.00,0,13,13,0,0,38,0.00,0.00,0,24,160.76,0.61,0.61,14,0,0.00,0.00,99,0.00,1,0,0,0.00,0.00,6,0.26,0.26,0.00,0.00,0,0,0.00,45,99,99,46,88,1.13,10,0.05,0.05,0.00,7,0.00,0.00,2,2,0.09,0.09,0.00,0.00,5,0,0.00,7,82,20,75,19,47,4,0,0.00,99,3,0.00,0.13,0.22,0.22,5,5,2,1,0.22,0.22,100.00,0,0.00,99,0,0.00,0,0.00,99,0,0.00,0.00,30,99,23,12,0,0,0,0,0,28,46,65,59,0,82,87,15,15,0,0,16,1,N/A,N/A
Agustín Giay,22,1074240000,2004/01/16,Serie A,2026,Defender,Palmeiras,1252,623,629,Argentina,19,9,10,0,0,0,0,0,0,0,0,7,3,4,9,4,5,3,0,0,0,0,0,0,0,0.65,139,66,417,0,0.22,308,306,11,25,900000,6.81,0,48,42.56,31.16,66,592,26.05,495,50,35.58,64,0.00,0.00,0.37,7,0.00,1.58,2.30,1.68,32,0.00,0.37,0.00,0.00,0.00,0.58,0.32,0.53,0.00,0.43,0.16,0.63,0.00,0.16,0.03,0.00,0.32,0.00,0.00,0,0,,6,0.32,18,3,0.22,42,3,0.22,14,3,5,14,85,0.00,99,0,11,0.79,51,30,49,2.16,67,0,0.00,99,0,0.00,0,0,0.00,0,0.50,34,12,0.86,43,6,0.43,50.00,0,0.00,0,0,0,0.00,0,10,0.00,95,0.72,5,N/A,N/A,N/A,N/A,0.00,0,0.00,0,0.50,0.00,0,83.61,50.00,92,19,0.74,1.01,14,46,59,0,0,0,0.53,0.72,10,86,129.37,1.68,2.30,32,0,0.00,0.00,99,0.00,0,0,0,0.00,0.00,0,0.00,0.00,0.07,0.05,1,0,0.00,45,63,74,46,95,1.39,36,0.07,0.10,0.50,26,0.03,0.04,83,27,1.42,1.94,1.51,1.11,66,21,0.04,25,56,64,75,0,57,21,0,0.00,99,6,0.00,0.43,9.13,6.68,127,71,69,57,5.10,3.74,55.91,7,0.50,57,0,20.00,0,0.00,99,6,0.32,0.43,64,64,74,72,0,0,0,0,0,28,46,65,59,0,65,81,60,56,3,16,60,4,N/A,N/A
Aitor Cantalapiedra Fernández,30,823939200,1996/02/10,Serie A,2026,Midfielder,Vitória,337,138,199,Spain,8,4,4,0,0,0,0,0,0,0,0,3,3,0,8,0,8,1,0,0,0,0,0,0,0,2.14,42,42,337,0,0.27,364,362,-1,37,380000,5.76,0,48,27.69,13.00,26,104,10.50,84,32,22.37,27,0.00,0.00,0.75,6,0.00,3.50,1.07,0.50,4,0.00,0.75,0.00,0.00,0.00,0.50,0.25,1.00,0.00,0.53,0.12,0.62,0.00,0.12,0.02,0.00,0.38,0.00,0.00,0,0,,2,0.25,25,1,0.27,47,1,0.27,18,2,4,4,36,0.00,99,0,4,1.07,69,28,72,7.46,98,0,0.00,99,0,0.00,0,0,0.00,0,1.60,83,5,1.33,59,2,0.53,40.00,0,0.00,0,0,0,0.00,0,8,0.00,1,2.13,90,N/A,N/A,N/A,N/A,0.00,0,0.00,0,0.18,0.00,0,80.77,50.00,92,35,0.38,0.80,3,53,37,0,0,0,0.12,0.27,1,54,46.10,0.12,0.27,1,0,0.00,0.00,99,0.00,0,0,0,0.00,0.00,0,0.00,0.00,0.53,0.25,2,0,0.00,45,0,8,46,1,0.37,36,0.05,0.10,0.18,31,0.02,0.05,91,9,1.12,2.40,1.33,0.62,54,5,0.05,30,2,5,75,0,92,45,0,0.00,99,3,0.00,0.80,11.72,5.50,44,17,52,82,4.53,2.12,38.64,6,1.60,9,0,28.57,0,0.00,99,8,1.00,2.13,99,8,65,56,0,0,0,0,0,28,46,65,59,0,41,85,48,68,1,12,49,17,N/A,N/A
Alan da Silva Santos,19,1178780400,2007/05/10,Serie A,2026,Left Wing,Flamengo,0,0,0,Brazil,0,0,0,0,0,0,0,0,0,0,0,0,0,0,0,0,0,0,0,0,0,0,0,0,0,0,0,0,0,0,0,-1,-1,-1,-1,N/A,N/A,N/A,N/A,N/A,N/A,N/A,N/A,N/A,N/A,N/A,N/A,N/A,N/A,N/A,N/A,N/A,N/A,N/A,N/A,N/A,N/A,N/A,N/A,N/A,N/A,N/A,N/A,N/A,N/A,N/A,N/A,N/A,N/A,N/A,N/A,N/A,N/A,N/A,N/A,N/A,N/A,N/A,N/A,N/A,N/A,N/A,N/A,N/A,N/A,N/A,N/A,N/A,N/A,N/A,N/A,N/A,N/A,N/A,N/A,N/A,N/A,N/A,N/A,N/A,N/A,N/A,N/A,N/A,N/A,N/A,N/A,N/A,N/A,N/A,N/A,N/A,N/A,N/A,N/A,N/A,N/A,N/A,N/A,N/A,N/A,N/A,N/A,N/A,N/A,N/A,N/A,N/A,N/A,N/A,N/A,N/A,N/A,N/A,N/A,N/A,N/A,N/A,N/A,N/A,N/A,N/A,N/A,N/A,N/A,N/A,N/A,N/A,N/A,N/A,N/A,N/A,N/A,N/A,N/A,N/A,N/A,N/A,N/A,N/A,N/A,N/A,N/A,N/A,N/A,N/A,N/A,N/A,N/A,N/A,N/A,N/A,N/A,N/A,N/A,N/A,N/A,N/A,N/A,N/A,N/A,N/A,N/A,N/A,N/A,N/A,N/A,N/A,N/A,N/A,N/A,N/A,N/A,N/A,N/A,N/A,N/A,N/A,N/A,N/A,N/A,N/A,N/A,N/A,N/A,N/A,N/A,N/A,N/A,N/A,N/A,N/A,N/A,N/A,N/A,N/A,N/A,N/A,N/A,N/A,N/A,N/A,N/A,N/A,N/A,N/A,N/A,N/A,N/A,N/A,N/A,N/A,N/A,N/A,N/A,N/A,N/A,N/A,N/A,N/A,N/A,N/A,N/A,N/A,N/A,N/A,N/A,N/A,N/A,N/A,N/A,N/A,N/A,N/A,N/A,N/A,N/A,N/A,N/A
Alan Gabriel Saldivia Vázquez,24,1018080000,2002/04/06,Serie A,2026,Defender,Vasco da Gama,944,450,494,Uruguay,11,5,6,0,0,0,0,0,0,0,0,1,0,1,15,9,6,2,0,0,0,0,0,0,0,1.43,63,86,472,0,0.19,389,387,136,32,650000,6.72,0,48,47.00,44.82,77,493,37.82,416,55,39.66,74,0.00,0.00,0.55,6,0.00,0.09,1.43,1.36,15,0.00,0.55,0.00,0.00,0.00,1.73,0.45,1.55,0.00,0.86,0.73,0.64,0.00,0.09,0.05,0.00,2.27,0.00,0.00,0,0,,9,0.82,44,1,0.10,23,8,0.76,53,0,1,10,52,0.00,99,0,19,1.81,96,1,30,0.10,20,0,0.00,99,0,0.00,0,0,0.00,0,0.57,37,7,0.67,36,5,0.48,71.43,0,0.00,0,0,0,0.00,0,17,0.00,25,1.62,75,N/A,N/A,N/A,N/A,0.00,0,0.00,0,0.59,0.00,0,84.38,11.11,20,31,0.82,0.86,9,49,86,0,0,0,1.00,1.05,11,96,73.90,4.09,4.29,45,0,0.00,0.00,99,0.00,0,0,0,0.00,0.00,0,0.00,0.00,0.00,0.00,0,0,0.00,45,44,21,46,26,1.23,45,0.11,0.12,0.59,35,0.05,0.06,39,8,0.73,0.76,1.05,1.00,40,11,0.06,34,43,84,75,0,47,90,0,0.00,99,25,0.00,2.38,9.34,8.91,98,53,68,60,5.05,4.82,54.08,6,0.57,52,0,0.00,0,0.00,99,0,0.00,0.00,30,43,36,12,0,0,0,0,0,28,46,65,59,0,55,16,68,48,2,18,67,4,N/A,N/A
Alan Javier Franco,29,845017200,1996/10/11,Serie A,2026,Defender,São Paulo,1077,476,601,Argentina,13,6,7,0,0,0,0,0,0,0,0,3,2,1,10,3,7,3,0,0,0,0,0,0,0,0.84,108,83,359,0,0.25,378,377,37,33,850000,6.73,0,48,52.14,48.00,84,624,41.77,543,73,45.38,83,0.00,0.00,0.15,2,0.00,0.08,0.84,0.77,10,0.00,0.08,0.00,0.00,0.00,0.62,0.31,1.00,0.00,0.33,0.31,0.69,0.00,0.00,0.01,0.00,1.69,0.00,0.00,0,0,,4,0.31,15,0,0.00,17,4,0.33,22,4,0,13,22,0.00,99,0,8,0.67,44,1,30,0.08,19,0,0.00,99,0,0.00,0,0,0.00,0,0.17,14,9,0.75,39,4,0.33,44.44,0,0.00,0,0,0,0.00,0,13,0.00,81,1.09,33,N/A,N/A,N/A,N/A,0.00,0,0.00,0,0.18,0.00,0,87.02,0.00,17,54,0.54,0.58,7,37,46,0,0,0,0.92,1.00,12,95,87.49,4.23,4.60,55,0,0.00,0.00,99,0.00,0,0,0,0.00,0.00,0,0.00,0.00,0.00,0.00,0,0,0.00,45,53,30,46,82,1.02,32,0.08,0.09,0.18,16,0.01,0.02,7,2,0.15,0.17,0.92,0.85,30,11,0.02,15,45,87,75,0,47,80,0,0.00,99,22,0.00,1.84,6.77,6.23,81,38,23,25,3.18,2.92,46.91,1,0.08,85,0,0.00,0,0.00,99,0,0.00,0.00,30,58,23,83,0,0,0,0,0,28,46,65,59,0,63,47,52,64,3,23,80,28,N/A,N/A
Alan Minda,23,1052895600,2003/05/14,Serie A,2026,Forward,Atlético Mineiro,526,233,293,Ecuador,13,5,8,2,1,1,2,0,2,0,0,3,2,1,5,2,3,0,0,0.68,0.34,0.34,0.39,0.31,263,0.86,105,40,0,263,0,44,17,-1,5,1200000,6.82,0.15,96,24.47,11.00,19,143,9.08,118,42,20.19,22,0.00,0.00,1.08,14,0.00,0.85,0.34,0.15,2,0.00,0.69,0.00,0.00,0.00,0.15,1.00,0.38,8.00,2.74,0.62,2.77,0.00,0.62,0.20,0.00,0.23,0.00,0.00,0,0,,16,1.23,91,8,1.37,97,8,1.37,79,4,8,5,11,0.00,99,0,2,0.34,24,11,96,1.88,63,0,0.00,99,0,0.00,0,0,0.00,0,2.40,94,36,6.16,99,13,2.22,36.11,0,0.00,0,0,0,0.00,0,5,0.00,80,0.86,12,N/A,N/A,N/A,N/A,0.00,0,0.00,0,2.55,0.00,0,82.52,50.00,92,79,0.15,0.34,2,96,28,0,0,0,0.00,0.00,0,24,88.60,0.08,0.17,1,0,0.00,0.00,99,0.00,0,0,2,0.15,0.34,0,0.00,0.00,0.17,0.08,1,1,12.50,76,13,30,56,80,1.95,96,0.15,0.33,2.55,94,0.20,0.44,51,6,0.46,1.03,0.34,0.15,10,2,0.44,94,57,2,99,0,78,26,0,0.00,99,3,0.00,0.51,11.46,5.15,67,24,42,80,4.11,1.85,35.82,9,1.54,11,0,63.64,0,0.00,99,7,0.54,1.20,90,14,90,83,0,0,0,0,0,97,90,87,89,0,76,47,15,15,0,0,16,27,N/A,N/A
Alan Patrick,35,674118000,1991/05/13,Serie A,2026,Midfielder,Internacional,1300,800,500,Brazil,19,10,9,3,2,1,0,0,0,0,0,4,3,1,15,7,8,1,0,0.21,0,0.21,0.23,0.18,433,1.04,87,68,1300,0,0.07,97,347,-1,4,2200000,7.16,0,48,38.01,28.89,55,549,24.16,459,50,31.78,54,0.00,0.00,2.74,52,0.00,5.53,0.90,0.68,13,0.00,0.95,0.00,0.00,0.00,0.37,0.63,0.84,8.00,1.66,0.89,1.21,0.00,0.37,0.18,0.00,0.47,0.00,0.00,0,0,,24,1.26,70,7,0.48,66,17,1.18,73,1,4,15,27,0.00,99,0,7,0.48,33,105,72,7.27,98,0,0.00,99,0,0.00,0,0,0.00,0,3.60,99,23,1.59,66,12,0.83,52.17,0,0.00,0,0,0,0.00,0,16,0.00,61,1.11,36,N/A,N/A,N/A,N/A,0.00,0,0.00,0,3.46,0.00,0,83.61,29.17,47,79,0.26,0.35,5,69,60,1,0,0,0.05,0.07,1,27,136.09,0.63,0.83,12,0,0.00,0.00,99,0.00,0,1,0,0.00,0.00,0,0.00,0.00,0.00,0.00,0,0,12.50,76,68,74,68,61,2.58,72,0.14,0.18,2.76,68,0.15,0.19,81,27,1.42,1.87,0.48,0.37,13,7,0.24,73,95,28,75,0,47,35,0,0.00,99,9,0.00,0.62,7.75,5.89,112,61,45,38,4.22,3.21,54.46,18,1.25,20,0,28.57,0,0.00,99,30,1.58,2.08,99,69,65,35,0,0,0,0,0,64,79,76,76,0,91,44,94,22,1,5,22,10,N/A,N/A
Alan Rodríguez,26,948787200,2000/01/25,Serie A,2026,Midfielder,Internacional,227,67,160,Uruguay,7,4,3,0,0,0,0,0,0,0,0,1,1,0,4,2,2,0,0,0,0,0,0,0,0,1.59,57,32,0,0,0,-1,-1,-1,15,950000,5.51,0,48,41.42,14.86,61,104,12.57,88,56,35.04,63,0.00,0.00,0.29,2,0.00,0.43,1.19,0.43,3,0.00,0.57,0.00,0.00,0.00,0.14,0.14,0.57,0.00,1.19,0.43,0.71,0.00,0.00,0.02,0.00,0.29,0.00,0.00,0,0,,3,0.43,55,0,0.00,17,3,1.19,73,1,5,2,43,0.00,99,0,1,0.40,27,3,84,1.19,55,0,0.00,99,0,0.00,0,0,0.00,0,0.80,47,5,1.99,75,1,0.40,20.00,0,0.00,0,0,0,0.00,0,4,0.00,14,1.59,73,N/A,N/A,N/A,N/A,0.00,0,0.00,0,0.13,0.00,0,84.62,0.00,17,11,0.43,1.19,3,42,15,0,0,0,0.00,0.00,0,24,38.54,0.57,1.59,4,0,0.00,0.00,99,0.00,0,0,0,0.00,0.00,0,0.00,0.00,0.00,0.00,0,0,0.00,45,0,6,46,14,0.28,40,0.04,0.11,0.13,31,0.02,0.05,41,2,0.29,0.80,1.99,0.71,89,5,0.05,30,1,54,75,0,47,45,0,0.00,99,2,0.00,0.80,11.55,4.14,29,8,23,80,3.19,1.14,27.59,4,1.59,9,0,33.33,0,0.00,99,1,0.14,0.40,63,1,74,35,0,0,0,0,0,28,46,65,59,0,66,27,15,15,0,0,16,14,N/A,N/A
Alan Steven Franco Palma,28,903682800,1998/08/21,Serie A,2026,Midfielder,Atlético Mineiro,1466,647,819,Ecuador,18,8,10,0,0,0,1,1,0,0,0,4,3,1,22,9,13,4,0,0.06,0.06,0,0,0,0,1.35,67,81,367,1466,0.25,332,198,-1,23,900000,6.72,0.06,55,34.99,31.67,47,570,28.00,504,81,30.94,52,0.00,0.00,0.44,8,0.00,0.28,1.53,1.39,25,0.00,0.22,0.00,0.00,0.00,1.06,0.11,1.28,0.00,0.31,0.17,0.22,0.00,0.11,0.02,0.00,0.72,0.00,0.00,0,0,,5,0.28,13,2,0.12,27,3,0.18,12,2,1,17,56,0.00,99,0,19,1.17,75,5,49,0.31,32,0,0.00,99,0,0.00,0,0,0.00,0,0.49,34,4,0.25,18,2,0.12,50.00,0,0.00,0,0,0,0.00,0,23,0.00,31,1.41,61,N/A,N/A,N/A,N/A,0.00,0,0.00,0,0.39,0.00,0,88.42,40.00,77,81,0.28,0.31,5,19,59,0,0,0,0.61,0.68,11,85,120.88,1.17,1.29,21,0,0.00,0.00,99,0.00,0,0,0,0.00,0.00,0,0.00,0.00,0.12,0.11,2,0,0.00,45,78,68,46,31,2.07,51,0.11,0.13,0.39,16,0.02,0.02,20,7,0.39,0.43,1.66,1.50,75,27,0.02,15,43,45,75,0,68,45,0,0.00,99,13,0.00,0.80,5.77,5.22,94,47,15,14,2.89,2.61,50.00,4,0.25,73,0,20.00,0,0.00,99,1,0.06,0.06,33,80,36,56,0,0,0,0,0,32,46,65,59,0,65,46,54,64,4,22,79,21,N/A,N/A
Aldemir dos Santos Ferreira,28,883555200,1997/12/31,Serie A,2026,Forward,São Paulo,687,248,439,Brazil,18,7,11,4,4,0,0,0,0,0,0,2,1,1,6,1,5,2,0,0.52,0,0.52,1.45,0,172,0.79,115,38,344,0,0.26,12,380,-1,3,0,6.94,0,48,39.30,16.67,59,300,14.28,257,65,33.67,60,0.00,0.00,0.72,13,0.00,1.78,0.92,0.39,7,0.00,0.83,0.00,0.00,0.00,0.06,1.44,0.39,6.50,3.41,0.94,2.44,0.00,0.50,0.24,0.00,0.22,0.00,0.00,0,0,,26,1.44,98,9,1.18,94,17,2.23,97,2,11,7,29,0.00,99,0,1,0.13,15,32,46,4.19,87,0,0.00,99,0,0.00,0,0,0.00,0,1.70,85,44,5.76,99,26,3.41,59.09,0,0.00,0,0,0,0.00,0,7,0.00,87,0.92,16,N/A,N/A,N/A,N/A,0.00,0,0.00,0,4.35,0.00,0,85.67,34.62,63,45,0.28,0.66,5,99,70,0,0,0,0.00,0.00,0,24,124.91,0.44,1.05,8,0,0.00,0.00,99,0.00,0,0,0,0.00,0.00,0,0.00,0.00,0.13,0.06,1,0,15.38,83,28,68,48,88,0.95,45,0.05,0.12,4.35,98,0.24,0.57,91,18,1.00,2.36,0.79,0.33,24,6,0.57,98,77,38,75,0,69,27,0,0.00,99,4,0.00,0.52,13.49,5.72,103,53,94,91,6.94,2.94,51.46,15,1.97,5,0,18.75,0,0.00,99,6,0.33,0.79,82,28,97,56,1,1,1,6,6,90,98,65,99,0,21,23,50,66,2,11,45,11,0,0
Alef Mangueira Severino Pereira,31,786096000,1994/11/29,Serie A,2026,Forward,Remo,1669,800,869,Brazil,24,11,13,5,3,2,3,3,0,0,0,3,2,1,25,8,17,1,0,0.43,0.16,0.27,0.34,0.21,334,1.35,67,70,1669,556,0.05,70,83,-1,2,312000,6.87,0.12,81,22.86,17.67,16,424,13.88,333,25,17.96,18,0.00,0.00,0.92,22,0.00,0.92,1.19,0.92,22,0.00,0.92,0.00,0.00,0.00,0.29,0.67,1.08,8.60,2.32,1.12,1.46,0.00,0.67,0.26,0.00,0.79,0.00,0.00,0,0,,43,1.79,83,16,0.86,84,27,1.46,82,1,5,19,43,0.00,99,0,7,0.38,26,22,68,1.19,55,0,0.00,99,0,0.00,0,0,0.00,0,1.19,68,35,1.89,73,16,0.86,45.71,0,0.00,0,0,0,0.00,0,26,0.00,31,1.40,60,N/A,N/A,N/A,N/A,0.00,0,0.00,0,6.33,0.00,0,78.54,37.21,70,53,0.46,0.59,11,70,48,0,1,0,0.08,0.11,2,33,164.95,0.71,0.92,17,0,0.00,0.00,99,0.00,0,1,0,0.00,0.00,0,0.00,0.00,1.02,0.79,19,0,11.63,71,88,99,61,31,3.26,72,0.14,0.18,5.63,82,0.23,0.30,57,21,0.88,1.13,0.97,0.75,33,18,0.34,84,65,33,75,0,99,56,0,0.00,99,19,0.00,1.02,9.11,7.04,169,78,44,57,4.21,3.25,46.15,22,1.19,21,0,27.27,0,0.00,99,6,0.25,0.32,58,88,74,35,0,0,0,0,0,85,86,79,86,0,37,26,98,17,1,4,18,11,N/A,N/A
Alejo Véliz,22,1063954800,2003/09/19,Serie A,2026,Forward,Bahia,427,159,268,Argentina,5,2,3,2,0,2,0,0,0,0,0,3,1,2,4,1,3,0,0,0.42,0,0.42,0,0.67,214,0.84,107,85,0,0,0,25,229,-1,8,0,6.86,0,48,8.85,8.40,1,42,6.00,30,9,6.32,1,0.00,0.00,0.20,1,0.00,0.00,0.42,0.40,2,0.00,0.80,0.00,0.00,0.00,0.00,0.60,0.80,7.50,3.16,2.60,0.80,0.00,0.40,0.41,0.00,1.60,0.00,0.00,0,0,,15,3.00,97,2,0.42,62,13,2.74,99,3,0,5,12,0.00,99,0,0,0.00,10,0,30,0.00,16,0,0.00,99,0,0.00,0,0,0.00,0,0.21,17,4,0.84,42,3,0.63,75.00,0,0.00,0,0,0,0.00,0,4,0.00,81,0.84,11,N/A,N/A,N/A,N/A,0.00,0,0.00,0,2.07,0.00,0,71.43,13.33,22,73,0.40,0.42,2,59,91,1,0,0,0.00,0.00,0,24,34.30,0.60,0.63,3,0,0.00,0.00,99,0.00,0,1,0,0.00,0.00,0,0.00,0.00,0.84,0.80,4,0,13.33,77,5,1,51,81,0.11,0,0.02,0.02,1.37,81,0.27,0.29,71,7,1.40,1.48,1.48,1.40,64,7,0.44,94,63,21,75,0,97,76,0,0.00,99,8,0.00,1.69,9.70,9.20,46,20,45,65,4.22,4.00,43.48,4,0.84,39,0,0.00,0,0.00,99,0,0.00,0.00,30,14,23,72,0,0,0,0,0,85,95,98,59,0,21,99,15,15,0,0,16,9,0,0
Alerrandro Barra Mansa Realino de Souza,26,947664000,2000/01/12,Serie A,2026,Forward,Internacional,934,396,538,Brazil,21,11,10,3,3,0,3,2,1,0,0,4,3,1,12,2,10,1,0,0.58,0.29,0.29,0.68,0,311,1.16,78,44,934,311,0.1,60,23,-1,3,0,6.04,0.14,95,18.81,9.29,9,195,6.10,128,3,12.35,6,0.00,0.00,0.38,8,0.00,0.14,0.58,0.29,6,0.00,0.67,0.00,0.00,0.00,0.19,0.10,0.67,9.67,2.80,0.90,0.19,0.00,0.48,0.20,0.00,0.76,0.00,0.00,0,0,,29,1.38,92,10,0.96,89,19,1.83,92,7,10,11,16,0.00,99,0,4,0.39,27,3,84,0.29,31,0,0.00,99,0,0.00,0,0,0.00,0,0.77,46,4,0.39,24,2,0.19,50.00,0,0.00,0,0,0,0.00,0,14,0.00,48,1.35,57,N/A,N/A,N/A,N/A,0.00,0,0.00,0,4.13,0.00,0,65.64,34.48,63,75,0.19,0.39,4,25,59,0,0,0,0.05,0.10,1,31,126.75,0.43,0.87,9,0,0.00,0.00,99,0.00,0,0,0,0.00,0.00,0,0.00,0.00,0.48,0.24,5,0,10.34,65,43,90,58,48,2.22,82,0.11,0.21,4.13,91,0.20,0.40,85,21,1.00,2.03,2.12,1.05,91,22,0.40,90,5,30,75,0,92,73,0,0.00,99,16,0.00,1.54,13.31,6.57,138,45,47,91,4.34,2.14,32.61,14,1.35,16,0,33.33,0,0.00,99,1,0.05,0.10,38,48,96,99,0,0,0,0,0,94,88,65,99,0,21,38,90,26,1,5,22,9,0,0
Alesson dos Santos Batista,27,919152000,1999/02/16,Serie A,2026,Forward,Mirassol,1385,776,609,Brazil,21,11,10,0,0,0,4,2,2,0,0,1,1,0,26,14,12,2,0,0.26,0.26,0,0,0,0,1.69,53,66,693,346,0.13,396,37,-1,32,0,6.78,0.19,93,26.14,19.14,22,402,15.33,322,31,20.94,23,0.00,0.00,0.90,19,0.00,2.43,2.34,1.71,36,0.00,1.48,0.00,0.00,0.00,0.10,0.90,1.24,0.00,1.82,0.67,2.05,0.00,0.67,0.10,0.00,0.52,0.00,0.00,0,0,,28,1.33,73,14,0.91,86,14,0.91,60,4,5,16,86,0.00,99,0,2,0.13,15,51,38,3.32,80,0,0.00,99,0,0.00,0,0,0.00,0,1.24,71,43,2.80,86,19,1.24,44.19,0,0.00,0,0,0,0.00,0,26,0.00,10,1.69,80,N/A,N/A,N/A,N/A,0.00,0,0.00,0,2.19,0.00,0,80.10,50.00,92,10,0.90,1.24,19,83,44,0,0,0,0.05,0.07,1,27,142.39,0.38,0.52,8,0,0.00,0.00,99,0.00,0,0,1,0.05,0.07,0,0.00,0.00,0.46,0.33,7,0,0.00,45,73,90,46,10,3.68,87,0.18,0.24,2.19,59,0.10,0.14,76,26,1.24,1.69,1.17,0.86,49,18,0.14,58,52,16,82,0,91,41,0,0.00,99,11,0.00,0.72,13.14,9.62,202,91,84,91,5.92,4.33,45.05,31,2.02,5,0,15.69,0,0.00,99,8,0.38,0.52,69,76,74,83,0,0,0,0,0,70,46,65,59,0,21,7,85,32,2,10,42,77,0,0
Alex Paulo Menezes Santana,31,800348400,1995/05/13,Serie A,2026,Midfielder,Corinthians,9,0,9,Brazil,1,0,1,0,0,0,0,0,0,0,0,0,0,0,0,0,0,0,0,0,0,0,0,0,0,0,0,9,0,0,0,-1,-1,-1,29,0,6.71,0,48,70.00,7.00,98,7,6.00,6,66,60.00,97,0.00,0.00,0.00,0,0.00,0.00,0.00,0.00,0,0.00,0.00,0.00,0.00,0.00,0.00,0.00,0.00,0.00,10.00,1.00,0.00,0.00,0.00,0.05,0.00,2.00,0.00,0.00,0,0,,1,1.00,99,0,0.00,17,1,10.00,99,0,1,0,5,0.00,99,0,0,0.00,10,0,30,0.00,16,0,0.00,99,0,0.00,0,0,0.00,0,0.00,8,0,0.00,9,0,0.00,0.00,0,0.00,0,0,0,0.00,0,0,0.00,99,0.00,0,N/A,N/A,N/A,N/A,0.00,0,0.00,0,0.05,0.00,0,85.71,0.00,17,99,0.00,0.00,0,13,13,0,0,0,0.00,0.00,0,24,6.71,1.00,10.00,1,0,0.00,0.00,99,0.00,0,0,0,0.00,0.00,0,0.00,0.00,0.00,0.00,0,0,0.00,45,0,0,46,0,0.01,36,0.01,0.10,0.05,96,0.05,0.50,1,0,0.00,0.00,0.00,0.00,5,0,0.50,96,41,99,75,0,47,99,0,0.00,99,2,0.00,20.00,20.00,2.00,2,2,99,99,20.00,2.00,100.00,0,0.00,99,0,0.00,0,0.00,99,0,0.00,0.00,30,0,36,12,0,0,0,0,0,28,46,65,59,0,21,5,15,15,0,0,16,80,0,0
Alex Roberto Santana Rafael,36,626688000,1989/11/10,Serie A,2026,Goalkeeper,Mirassol,0,0,0,Brazil,0,0,0,0,0,0,0,0,0,0,0,0,0,0,0,0,0,2,0,0,0,0,0,0,0,0,0,0,0,0,0,-1,-1,-1,-1,N/A,N/A,N/A,N/A,N/A,N/A,N/A,N/A,N/A,N/A,N/A,N/A,N/A,N/A,N/A,N/A,N/A,N/A,N/A,N/A,N/A,N/A,N/A,N/A,N/A,N/A,N/A,N/A,N/A,N/A,N/A,N/A,N/A,N/A,N/A,N/A,N/A,N/A,N/A,N/A,N/A,N/A,N/A,N/A,N/A,N/A,N/A,N/A,N/A,N/A,N/A,N/A,N/A,N/A,N/A,N/A,N/A,N/A,N/A,N/A,N/A,N/A,N/A,N/A,N/A,N/A,N/A,N/A,N/A,N/A,N/A,N/A,N/A,N/A,N/A,N/A,N/A,N/A,N/A,N/A,N/A,N/A,N/A,N/A,N/A,N/A,N/A,N/A,N/A,N/A,N/A,N/A,N/A,N/A,N/A,N/A,N/A,N/A,N/A,N/A,N/A,N/A,N/A,N/A,N/A,N/A,N/A,N/A,N/A,N/A,N/A,N/A,N/A,N/A,N/A,N/A,N/A,N/A,N/A,N/A,N/A,N/A,N/A,N/A,N/A,N/A,N/A,N/A,N/A,N/A,N/A,N/A,N/A,N/A,N/A,N/A,N/A,N/A,N/A,N/A,N/A,N/A,N/A,N/A,N/A,N/A,N/A,N/A,N/A,N/A,N/A,N/A,N/A,N/A,N/A,N/A,N/A,N/A,N/A,N/A,N/A,N/A,N/A,N/A,N/A,N/A,N/A,N/A,N/A,N/A,N/A,N/A,N/A,N/A,N/A,N/A,N/A,N/A,N/A,N/A,N/A,N/A,N/A,N/A,N/A,N/A,N/A,N/A,N/A,N/A,N/A,N/A,N/A,N/A,N/A,N/A,N/A,N/A,N/A,N/A,N/A,N/A,N/A,N/A,N/A,N/A,N/A,N/A,N/A,N/A,N/A,N/A,N/A,N/A,N/A,N/A,N/A,N/A,N/A,N/A,N/A,N/A,N/A,N/A
Alex Sandro,35,664876800,1991/01/26,Serie A,2026,Defender,Flamengo,1245,606,639,Brazil,16,7,9,0,0,0,0,0,0,0,0,6,3,3,12,5,7,4,0,0,0,0,0,0,0,0.87,104,78,311,0,0.29,370,394,38,19,3714285,6.66,0,48,48.29,41.75,78,668,36.25,580,72,41.93,78,0.00,0.00,0.56,9,0.00,1.94,1.73,1.50,24,0.00,0.75,0.00,0.00,0.00,0.69,0.38,0.88,0.00,0.14,0.12,1.00,0.00,0.00,0.01,0.00,0.94,0.00,0.00,0,0,,2,0.12,9,0,0.00,17,2,0.14,10,2,1,15,66,0.00,99,0,11,0.80,52,31,73,2.24,68,0,0.00,99,0,0.00,0,0,0.00,0,0.65,41,16,1.16,54,6,0.43,37.50,0,0.00,0,0,0,0.00,0,14,0.00,79,1.01,26,N/A,N/A,N/A,N/A,0.00,0,0.00,0,0.09,0.00,0,86.83,0.00,17,72,0.38,0.43,6,46,31,0,0,0,0.31,0.36,5,64,106.57,2.75,3.18,44,1,0.00,0.07,6,0.06,0,0,0,0.00,0.00,0,0.00,0.00,0.00,0.00,0,0,0.00,45,62,50,46,80,1.81,51,0.11,0.13,0.09,12,0.01,0.01,55,15,0.94,1.08,1.73,1.50,79,24,0.01,12,35,76,75,0,47,58,0,0.00,99,15,0.00,1.08,9.11,7.88,126,59,46,57,4.27,3.69,46.83,12,0.87,37,0,29.03,0,0.00,99,9,0.56,0.65,76,69,36,56,0,0,0,0,0,28,46,65,59,0,98,85,43,74,4,25,85,26,N/A,N/A
Alex Telles,33,724406400,1992/12/15,Serie A,2026,Defender,Botafogo,1589,723,866,Brazil,20,9,11,3,2,1,3,1,2,0,0,3,2,1,26,9,17,4,0,0.34,0.17,0.17,0.25,0.1,530,1.47,61,79,397,530,0.23,127,77,139,5,3264000,6.85,0.15,82,29.74,26.25,28,525,21.45,429,37,24.30,32,0.00,0.00,1.35,27,0.00,5.75,1.19,1.05,21,0.00,0.15,0.00,0.00,0.00,0.95,0.30,1.35,4.33,0.74,0.50,0.45,0.00,0.15,0.13,0.00,0.70,0.00,0.00,0,0,,13,0.65,38,3,0.17,35,10,0.57,42,1,0,20,43,0.00,99,0,19,1.08,70,115,65,6.51,97,0,0.00,99,0,0.00,0,0,0.00,0,1.53,81,9,0.51,28,6,0.34,66.67,0,0.00,0,0,0,0.00,0,27,0.00,23,1.53,71,N/A,N/A,N/A,N/A,0.00,0,0.00,0,2.61,0.00,0,81.71,23.08,36,27,0.80,0.91,16,37,83,2,0,0,0.20,0.23,4,50,136.99,1.85,2.10,37,1,0.00,0.06,8,0.05,0,2,0,0.00,0.00,0,0.00,0.00,0.00,0.00,0,0,23.08,93,85,82,75,23,3.72,82,0.19,0.21,1.21,39,0.06,0.07,28,10,0.50,0.57,1.42,1.25,60,25,0.15,59,61,61,75,0,47,44,0,0.00,99,14,0.00,0.79,5.95,5.25,105,49,15,15,2.78,2.45,46.67,3,0.17,79,0,26.09,0,0.00,99,30,1.50,1.70,96,91,23,35,0,0,0,0,0,78,71,66,79,0,97,30,58,59,4,20,74,13,N/A,N/A
Alexander Barboza,31,795340800,1995/03/16,Serie A,2026,Defender,Palmeiras,1326,541,785,Argentina,16,7,9,1,0,1,2,0,2,0,0,3,2,1,21,6,15,7,1,0.2,0.14,0.07,0,0.11,1326,1.43,63,83,189,663,0.48,195,108,135,13,1200000,6.77,0.12,76,58.57,53.94,93,863,42.56,681,27,46.22,85,0.00,0.00,0.56,9,0.00,0.38,2.24,2.06,33,0.00,0.31,0.00,0.00,0.00,1.06,0.19,1.38,14.00,0.95,0.44,0.50,0.00,0.44,0.11,0.00,3.19,0.00,0.00,0,0,,14,0.88,48,7,0.48,66,7,0.48,35,4,0,16,83,0.00,99,0,17,1.15,74,6,84,0.41,38,0,0.00,99,0,0.00,0,0,0.00,0,0.61,38,8,0.54,30,3,0.20,37.50,0,0.00,0,0,0,0.00,0,22,0.00,25,1.49,67,N/A,N/A,N/A,N/A,0.00,0,0.00,0,1.77,0.00,0,78.91,50.00,92,38,0.69,0.75,11,25,31,0,0,0,0.50,0.54,8,78,108.34,5.75,6.24,92,0,0.00,0.00,99,0.00,0,0,0,0.00,0.00,0,0.00,0.00,0.00,0.00,0,0,7.14,55,70,50,94,26,2.99,79,0.19,0.20,1.77,54,0.11,0.12,1,1,0.06,0.07,1.97,1.81,89,29,0.12,53,51,96,75,0,47,99,0,0.00,99,51,0.00,3.46,10.86,10.00,160,88,85,74,5.97,5.50,55.00,5,0.34,69,0,33.33,0,0.00,99,2,0.12,0.14,43,76,23,83,0,0,0,0,0,61,54,68,59,0,76,38,23,92,6,38,96,20,N/A,N/A
Alexander Ernesto Aravena Guzmán,23,1031295600,2002/09/06,Serie A,2026,Forward,Grêmio,0,0,0,Chile,0,0,0,0,0,0,0,0,0,0,0,0,0,0,0,0,0,0,0,0,0,0,0,0,0,0,0,0,0,0,0,-1,-1,-1,-1,N/A,N/A,N/A,N/A,N/A,N/A,N/A,N/A,N/A,N/A,N/A,N/A,N/A,N/A,N/A,N/A,N/A,N/A,N/A,N/A,N/A,N/A,N/A,N/A,N/A,N/A,N/A,N/A,N/A,N/A,N/A,N/A,N/A,N/A,N/A,N/A,N/A,N/A,N/A,N/A,N/A,N/A,N/A,N/A,N/A,N/A,N/A,N/A,N/A,N/A,N/A,N/A,N/A,N/A,N/A,N/A,N/A,N/A,N/A,N/A,N/A,N/A,N/A,N/A,N/A,N/A,N/A,N/A,N/A,N/A,N/A,N/A,N/A,N/A,N/A,N/A,N/A,N/A,N/A,N/A,N/A,N/A,N/A,N/A,N/A,N/A,N/A,N/A,N/A,N/A,N/A,N/A,N/A,N/A,N/A,N/A,N/A,N/A,N/A,N/A,N/A,N/A,N/A,N/A,N/A,N/A,N/A,N/A,N/A,N/A,N/A,N/A,N/A,N/A,N/A,N/A,N/A,N/A,N/A,N/A,N/A,N/A,N/A,N/A,N/A,N/A,N/A,N/A,N/A,N/A,N/A,N/A,N/A,N/A,N/A,N/A,N/A,N/A,N/A,N/A,N/A,N/A,N/A,N/A,N/A,N/A,N/A,N/A,N/A,N/A,N/A,N/A,N/A,N/A,N/A,N/A,N/A,N/A,N/A,N/A,N/A,N/A,N/A,N/A,N/A,N/A,N/A,N/A,N/A,N/A,N/A,N/A,N/A,N/A,N/A,N/A,N/A,N/A,N/A,N/A,N/A,N/A,N/A,N/A,N/A,N/A,N/A,N/A,N/A,N/A,N/A,N/A,N/A,N/A,N/A,N/A,N/A,N/A,N/A,N/A,N/A,N/A,N/A,N/A,N/A,N/A,N/A,N/A,N/A,N/A,N/A,N/A,N/A,N/A,N/A,N/A,N/A,N/A,N/A,N/A,N/A,N/A,N/A,N/A
Alexandre Fintelman de Mello Ribeiro da Silva,25,995612400,2001/07/20,Serie A,2026,Goalkeeper,Vitória,0,0,0,Brazil,0,0,0,0,0,0,0,0,0,0,0,0,0,0,0,0,0,0,0,0,0,0,0,0,0,0,0,0,0,0,0,-1,-1,-1,-1,N/A,N/A,N/A,N/A,N/A,N/A,N/A,N/A,N/A,N/A,N/A,N/A,N/A,N/A,N/A,N/A,N/A,N/A,N/A,N/A,N/A,N/A,N/A,N/A,N/A,N/A,N/A,N/A,N/A,N/A,N/A,N/A,N/A,N/A,N/A,N/A,N/A,N/A,N/A,N/A,N/A,N/A,N/A,N/A,N/A,N/A,N/A,N/A,N/A,N/A,N/A,N/A,N/A,N/A,N/A,N/A,N/A,N/A,N/A,N/A,N/A,N/A,N/A,N/A,N/A,N/A,N/A,N/A,N/A,N/A,N/A,N/A,N/A,N/A,N/A,N/A,N/A,N/A,N/A,N/A,N/A,N/A,N/A,N/A,N/A,N/A,N/A,N/A,N/A,N/A,N/A,N/A,N/A,N/A,N/A,N/A,N/A,N/A,N/A,N/A,N/A,N/A,N/A,N/A,N/A,N/A,N/A,N/A,N/A,N/A,N/A,N/A,N/A,N/A,N/A,N/A,N/A,N/A,N/A,N/A,N/A,N/A,N/A,N/A,N/A,N/A,N/A,N/A,N/A,N/A,N/A,N/A,N/A,N/A,N/A,N/A,N/A,N/A,N/A,N/A,N/A,N/A,N/A,N/A,N/A,N/A,N/A,N/A,N/A,N/A,N/A,N/A,N/A,N/A,N/A,N/A,N/A,N/A,N/A,N/A,N/A,N/A,N/A,N/A,N/A,N/A,N/A,N/A,N/A,N/A,N/A,N/A,N/A,N/A,N/A,N/A,N/A,N/A,N/A,N/A,N/A,N/A,N/A,N/A,N/A,N/A,N/A,N/A,N/A,N/A,N/A,N/A,N/A,N/A,N/A,N/A,N/A,N/A,N/A,N/A,N/A,N/A,N/A,N/A,N/A,N/A,N/A,N/A,N/A,N/A,N/A,N/A,N/A,N/A,N/A,N/A,N/A,N/A,N/A,N/A,N/A,N/A,N/A,N/A
Alexandro Ezequiel Bernabei,25,969778800,2000/09/24,Serie A,2026,Defender,Internacional,1823,1014,809,Argentina,21,12,9,4,2,2,1,1,0,0,0,6,4,2,20,10,10,7,1,0.25,0.05,0.2,0.18,0.22,456,0.99,91,87,260,1823,0.35,108,202,55,2,722222,7.15,0.05,51,29.87,28.81,29,605,21.48,451,14,22.27,27,0.00,0.00,1.71,36,0.00,4.57,1.73,1.67,35,0.00,1.29,0.00,0.00,0.00,1.00,1.33,0.95,13.00,2.57,1.76,2.24,0.00,0.71,0.31,0.00,0.76,0.00,0.00,0,0,,52,2.48,88,15,0.74,79,37,1.83,92,1,1,20,66,0.00,99,0,21,1.04,67,96,52,4.74,91,0,0.00,99,0,0.00,0,0,0.00,0,1.78,87,47,2.32,80,28,1.38,59.57,0,0.00,0,0,0,0.00,0,20,0.00,68,0.99,24,N/A,N/A,N/A,N/A,0.00,0,0.00,0,6.41,0.00,0,74.55,28.85,47,23,0.90,0.94,19,85,71,0,0,0,0.33,0.35,7,63,150.25,1.24,1.28,26,1,0.00,0.05,11,0.05,0,0,1,0.05,0.05,0,0.00,0.00,0.44,0.43,9,0,7.69,57,93,90,70,69,2.76,55,0.13,0.14,6.41,85,0.31,0.32,59,24,1.14,1.18,1.97,1.90,89,40,0.32,83,95,44,77,0,90,44,0,0.00,99,16,0.00,0.79,10.76,10.38,218,102,67,73,5.04,4.86,46.79,27,1.33,16,0,21.88,0,0.00,99,21,1.00,1.04,87,91,36,35,0,0,0,0,0,69,78,80,71,0,58,64,34,82,6,29,90,26,N/A,N/A
Alexis David Duarte Pereira,26,952848000,2000/03/12,Serie A,2026,Defender,Santos,90,0,90,Paraguay,1,0,1,0,0,0,0,0,0,0,0,0,0,0,3,0,3,1,0,0,0,0,0,0,0,3,30,90,90,0,1,-1,-1,-1,36,0,6.07,0,48,55.00,55.00,89,55,50.00,50,93,50.00,90,0.00,0.00,0.00,0,0.00,0.00,0.00,0.00,0,0.00,0.00,0.00,0.00,0.00,1.00,1.00,4.00,0.00,0.00,0.00,1.00,0.00,0.00,0.00,0.00,3.00,0.00,0.00,0,0,,0,0.00,7,0,0.00,17,0,0.00,7,0,0,1,5,0.00,99,0,1,1.00,63,0,30,0.00,16,0,0.00,99,0,0.00,0,0,0.00,0,0.00,8,1,1.00,48,1,1.00,100.00,0,0.00,0,0,0,0.00,0,4,0.00,0,4.00,96,N/A,N/A,N/A,N/A,0.00,0,0.00,0,0.00,0.00,0,90.91,0.00,17,20,1.00,1.00,1,76,99,0,0,0,0.00,0.00,0,24,6.07,5.00,5.00,5,0,0.00,0.00,99,0.00,0,0,0,0.00,0.00,0,0.00,0.00,0.00,0.00,0,0,0.00,45,0,0,46,0,0.10,36,0.10,0.10,0.00,7,0.00,0.00,1,0,0.00,0.00,1.00,1.00,35,1,0.00,7,6,88,75,0,47,97,0,0.00,99,3,0.00,3.00,7.00,7.00,7,4,40,28,4.00,4.00,57.14,0,0.00,99,0,0.00,0,0.00,99,0,0.00,0.00,30,0,23,12,0,0,0,0,0,28,46,65,59,0,21,5,15,99,1,100,99,4,0,0
Alexsander Cristhian Gomes da Costa,22,1065596400,2003/10/08,Serie A,2026,Midfielder,Atlético Mineiro,86,55,31,Brazil,5,2,3,0,0,0,0,0,0,0,0,1,0,1,1,1,0,1,0,0,0,0,0,0,0,1.05,86,17,86,0,1.05,-1,-1,-1,27,1330000,3.99,0,48,39.31,7.60,59,38,7.20,36,99,37.24,70,0.00,0.00,0.20,1,0.00,0.40,4.14,0.80,4,0.00,0.00,0.00,0.00,0.00,0.20,0.80,0.40,0.00,2.07,0.40,1.20,0.00,0.00,0.02,0.00,0.00,0.00,0.00,0,0,,2,0.40,76,0,0.00,17,2,2.07,96,0,5,0,99,0.00,99,0,1,1.03,65,2,95,2.07,66,0,0.00,99,0,0.00,0,0,0.00,0,1.03,60,6,6.21,99,4,4.14,66.67,0,0.00,0,0,0,0.00,0,2,0.00,59,2.07,90,N/A,N/A,N/A,N/A,0.00,0,0.00,0,0.10,0.00,0,94.74,0.00,17,17,0.20,1.03,1,99,83,0,0,0,0.00,0.00,0,24,19.93,0.40,2.07,2,0,0.00,0.00,99,0.00,0,0,0,0.00,0.00,0,0.00,0.00,0.00,0.00,0,0,0.00,45,0,1,46,60,0.10,36,0.02,0.10,0.10,50,0.02,0.10,99,4,0.80,4.14,2.07,0.40,90,2,0.10,48,0,60,75,0,47,2,0,0.00,99,0,0.00,0.00,20.69,4.00,20,12,99,99,12.41,2.40,60.00,0,0.00,99,0,50.00,0,0.00,99,1,0.20,1.03,86,0,74,12,0,0,0,0,0,28,46,65,59,0,79,42,15,99,1,20,74,5,N/A,N/A
Alisson Euler de Freitas Castro,33,740991600,1993/06/25,Serie A,2026,Midfielder,Fluminense,254,100,154,Brazil,8,4,4,0,0,0,1,1,0,0,0,2,1,1,8,3,5,3,0,0.35,0.35,0,0,0,0,2.83,32,32,85,254,1.06,-1,-1,-1,18,0,4.77,0.12,97,70.16,24.75,98,198,22.25,178,89,63.07,98,0.00,0.00,0.25,2,0.00,0.12,1.42,0.50,4,0.00,0.12,0.00,0.00,0.00,0.12,0.00,1.00,0.00,0.35,0.00,0.00,0.00,0.12,0.02,0.00,0.38,0.00,0.00,0,0,,1,0.12,16,1,0.35,54,0,0.00,7,4,5,3,51,0.00,99,0,1,0.35,24,1,30,0.35,34,0,0.00,99,0,0.00,0,0,0.00,0,0.71,43,0,0.00,9,0,0.00,0.00,0,0.00,0,0,0,0.00,0,8,0.00,0,2.83,93,N/A,N/A,N/A,N/A,0.00,0,0.00,0,0.13,0.00,0,89.90,100.00,99,2,0.62,1.77,5,13,13,0,0,0,0.38,1.06,3,96,38.20,0.62,1.77,5,1,0.00,0.35,0,0.12,0,0,0,0.00,0.00,0,0.00,0.00,0.00,0.00,0,0,0.00,45,0,8,46,0,1.03,97,0.13,0.36,0.13,31,0.02,0.05,78,5,0.62,1.77,2.13,0.75,91,6,0.05,30,0,56,75,0,47,57,0,0.00,99,3,0.00,1.06,11.34,4.00,32,12,45,78,4.25,1.50,37.50,1,0.35,69,0,0.00,0,0.00,99,0,0.00,0.00,30,3,74,83,0,0,0,0,0,79,46,65,59,0,21,54,15,99,3,38,96,25,0,0
Alisson Rodrigues,18,1217487600,2008/07/31,Serie A,2026,Defender,Internacional,0,0,0,Brazil,0,0,0,0,0,0,0,0,0,0,0,0,0,0,0,0,0,0,0,0,0,0,0,0,0,0,0,0,0,0,0,-1,-1,-1,-1,N/A,N/A,N/A,N/A,N/A,N/A,N/A,N/A,N/A,N/A,N/A,N/A,N/A,N/A,N/A,N/A,N/A,N/A,N/A,N/A,N/A,N/A,N/A,N/A,N/A,N/A,N/A,N/A,N/A,N/A,N/A,N/A,N/A,N/A,N/A,N/A,N/A,N/A,N/A,N/A,N/A,N/A,N/A,N/A,N/A,N/A,N/A,N/A,N/A,N/A,N/A,N/A,N/A,N/A,N/A,N/A,N/A,N/A,N/A,N/A,N/A,N/A,N/A,N/A,N/A,N/A,N/A,N/A,N/A,N/A,N/A,N/A,N/A,N/A,N/A,N/A,N/A,N/A,N/A,N/A,N/A,N/A,N/A,N/A,N/A,N/A,N/A,N/A,N/A,N/A,N/A,N/A,N/A,N/A,N/A,N/A,N/A,N/A,N/A,N/A,N/A,N/A,N/A,N/A,N/A,N/A,N/A,N/A,N/A,N/A,N/A,N/A,N/A,N/A,N/A,N/A,N/A,N/A,N/A,N/A,N/A,N/A,N/A,N/A,N/A,N/A,N/A,N/A,N/A,N/A,N/A,N/A,N/A,N/A,N/A,N/A,N/A,N/A,N/A,N/A,N/A,N/A,N/A,N/A,N/A,N/A,N/A,N/A,N/A,N/A,N/A,N/A,N/A,N/A,N/A,N/A,N/A,N/A,N/A,N/A,N/A,N/A,N/A,N/A,N/A,N/A,N/A,N/A,N/A,N/A,N/A,N/A,N/A,N/A,N/A,N/A,N/A,N/A,N/A,N/A,N/A,N/A,N/A,N/A,N/A,N/A,N/A,N/A,N/A,N/A,N/A,N/A,N/A,N/A,N/A,N/A,N/A,N/A,N/A,N/A,N/A,N/A,N/A,N/A,N/A,N/A,N/A,N/A,N/A,N/A,N/A,N/A,N/A,N/A,N/A,N/A,N/A,N/A,N/A,N/A,N/A,N/A,N/A,N/A
Alix Vinicius de Souza Sampaio,26,941875200,1999/11/06,Serie A,2026,Defender,Bragantino,1426,796,630,Brazil,18,10,8,0,0,0,0,0,0,0,0,7,4,3,15,10,5,7,1,0,0,0,0,0,0,0.95,95,79,204,0,0.44,329,326,47,25,250000,6.87,0,48,44.18,38.89,70,700,32.11,578,43,36.48,68,0.00,0.00,0.22,4,0.00,0.06,1.07,0.94,17,0.00,0.00,0.00,0.00,0.11,1.94,0.33,1.00,0.00,0.50,0.33,0.56,0.00,0.11,0.04,0.00,1.94,0.00,0.00,0,0,,8,0.44,23,2,0.13,27,6,0.38,26,1,2,16,36,0.00,99,0,35,2.21,99,1,30,0.06,17,0,0.00,99,0,0.00,0,0,0.00,0,0.25,20,10,0.63,34,6,0.38,60.00,0,0.00,0,2,9,0.13,6,18,0.00,74,1.14,41,N/A,N/A,N/A,N/A,11.11,0,0.00,0,0.63,0.00,0,82.57,25.00,41,55,0.50,0.57,9,40,72,0,0,0,0.56,0.63,10,83,123.58,5.17,5.87,93,0,0.00,0.00,99,0.00,0,0,0,0.00,0.00,0,0.00,0.00,0.06,0.06,1,0,0.00,45,75,68,46,74,1.34,22,0.07,0.08,0.63,26,0.04,0.04,21,7,0.39,0.44,1.96,1.72,88,31,0.04,25,65,95,75,0,54,87,0,0.00,99,35,0.00,2.21,8.14,7.17,129,65,42,42,4.10,3.61,50.39,0,0.00,99,0,0.00,0,0.00,99,0,0.00,0.00,30,76,46,35,0,0,0,0,0,28,46,65,59,0,34,87,26,89,6,33,94,4,N/A,N/A
Allan,35,663321600,1991/01/08,Serie A,2026,Midfielder,Botafogo,465,228,237,Brazil,10,5,5,0,0,0,0,0,0,0,0,1,1,0,10,4,6,3,0,0,0,0,0,0,0,1.94,47,47,155,0,0.58,240,214,-1,31,1800000,6.63,0,48,48.39,25.00,79,250,21.20,212,57,41.03,77,0.00,0.00,0.20,2,0.00,0.10,2.13,1.10,11,0.00,0.10,0.00,0.00,0.00,0.90,0.20,1.20,0.00,0.39,0.20,0.30,0.00,0.00,0.01,0.00,0.20,0.00,0.00,0,0,,2,0.20,16,0,0.00,17,2,0.39,27,1,4,6,80,0.00,99,0,9,1.74,94,1,99,0.19,25,0,0.00,99,0,0.00,0,0,0.00,0,0.39,28,3,0.58,31,2,0.39,66.67,0,0.00,0,0,0,0.00,0,12,0.00,4,2.32,93,N/A,N/A,N/A,N/A,0.00,0,0.00,0,0.11,0.00,0,84.80,0.00,17,22,0.50,0.97,5,41,83,0,0,0,0.40,0.77,4,89,66.31,0.60,1.16,6,0,0.00,0.00,99,0.00,0,0,0,0.00,0.00,0,0.00,0.00,0.00,0.00,0,0,0.00,45,8,17,46,5,0.52,36,0.05,0.10,0.11,16,0.01,0.02,49,5,0.50,0.97,2.32,1.20,96,12,0.02,15,29,42,75,0,47,17,0,0.00,99,2,0.00,0.39,7.74,4.00,40,20,36,38,3.87,2.00,50.00,1,0.19,77,0,100.00,0,0.00,99,1,0.10,0.19,47,21,65,35,0,0,0,0,0,28,46,65,59,0,88,19,19,96,3,30,91,25,N/A,N/A
Allan,29,857376000,1997/03/03,Serie A,2026,Midfielder,Corinthians,1007,468,539,Brazil,19,7,12,0,0,0,1,0,1,0,0,9,5,4,10,4,6,5,1,0.09,0.09,0,0,0,0,0.89,101,53,201,1007,0.45,250,153,-1,19,1536000,6.76,0.05,63,66.14,38.95,97,740,34.84,662,87,59.17,97,0.00,0.00,0.53,10,0.00,0.58,1.52,0.89,17,0.00,0.37,0.00,0.00,0.00,0.95,0.32,0.53,0.00,0.71,0.26,0.32,0.00,0.16,0.04,0.00,0.32,0.00,0.00,0,0,,8,0.42,36,3,0.27,47,5,0.45,33,2,9,10,56,0.00,99,0,18,1.61,90,11,68,0.98,53,0,0.00,99,0,0.00,0,0,0.00,0,0.89,53,6,0.54,30,6,0.54,100.00,0,0.00,0,0,0,0.00,0,10,0.00,78,0.89,14,N/A,N/A,N/A,N/A,0.00,0,0.00,0,0.72,0.00,0,89.46,37.50,72,69,0.26,0.45,5,53,99,0,0,0,0.05,0.09,1,30,128.49,0.74,1.25,14,0,0.00,0.00,99,0.00,0,0,0,0.00,0.00,0,0.00,0.00,0.00,0.00,0,0,0.00,45,49,74,46,78,2.20,79,0.12,0.20,0.72,35,0.04,0.06,41,9,0.47,0.80,1.79,1.05,82,20,0.06,34,50,43,75,0,47,28,0,0.00,99,6,0.00,0.54,6.61,3.89,74,37,25,22,3.31,1.95,50.00,7,0.63,48,0,27.27,0,0.00,99,3,0.16,0.27,54,43,94,56,0,0,0,0,0,39,46,65,59,0,83,96,26,90,4,21,76,29,N/A,N/A
Allan Andrade Elias,22,1082358000,2004/04/19,Serie A,2026,Forward,Palmeiras,1552,736,816,Brazil,21,10,11,4,3,1,3,1,2,0,0,9,4,5,12,4,8,4,1,0.41,0.17,0.23,0.37,0.11,388,0.7,129,74,310,517,0.29,89,82,-1,5,1200000,6.96,0.14,82,25.21,20.71,20,435,17.67,371,61,21.50,24,0.00,0.00,1.05,22,0.00,0.76,1.74,1.43,30,0.00,1.19,0.00,0.00,0.00,0.48,2.29,0.62,9.00,2.09,1.00,4.05,0.00,0.71,0.26,0.00,0.43,0.00,0.00,0,0,,36,1.71,77,15,0.87,84,21,1.22,74,3,2,19,67,0.00,99,0,10,0.58,41,16,31,0.93,52,0,0.00,99,0,0.00,0,0,0.00,0,1.27,73,85,4.93,98,48,2.78,56.47,0,0.00,0,0,0,0.00,0,13,0.00,93,0.75,6,N/A,N/A,N/A,N/A,0.00,0,0.00,0,5.55,0.00,0,85.29,41.67,79,5,1.14,1.39,24,99,66,0,0,0,0.00,0.00,0,24,146.20,0.57,0.70,12,0,0.00,0.00,99,0.00,0,0,1,0.05,0.06,0,0.00,0.00,0.12,0.10,2,0,11.11,70,82,90,65,93,3.41,79,0.16,0.20,5.55,85,0.26,0.32,87,36,1.71,2.09,1.45,1.19,62,25,0.32,83,79,24,81,0,68,27,0,0.00,99,9,0.00,0.52,13.85,11.38,239,122,95,94,7.07,5.81,51.05,25,1.45,13,0,6.25,0,0.00,99,1,0.05,0.06,33,88,46,72,0,0,0,0,0,83,81,68,88,0,76,93,42,74,3,14,57,40,N/A,N/A
Allex Rodrigues Pereira da Silva,20,1146726000,2006/05/04,Serie A,2026,Midfielder,Internacional,317,142,175,Brazil,10,5,5,0,0,0,0,0,0,0,0,2,2,0,6,3,3,1,0,0,0,0,0,0,0,1.7,53,32,317,0,0.28,343,338,-1,21,120000,5.83,0,48,36.06,13.10,50,131,11.20,112,63,30.83,52,0.00,0.00,0.10,1,0.00,2.30,2.48,0.90,9,0.00,0.50,0.00,0.00,0.00,0.20,0.10,0.80,0.00,0.83,0.20,1.10,0.00,0.10,0.02,0.00,0.00,0.00,0.00,0,0,,3,0.30,43,1,0.28,49,2,0.55,40,1,6,4,89,0.00,99,0,2,0.55,39,23,41,6.33,96,0,0.00,99,0,0.00,0,0,0.00,0,0.28,21,11,3.03,89,1,0.28,9.09,0,0.00,0,0,0,0.00,0,8,0.00,9,2.20,91,N/A,N/A,N/A,N/A,0.00,0,0.00,0,0.24,0.00,0,85.50,33.33,62,15,0.40,1.10,4,31,13,0,0,0,0.00,0.00,0,24,58.28,0.20,0.55,2,0,0.00,0.00,99,0.00,0,0,0,0.00,0.00,0,0.00,0.00,0.00,0.00,0,0,0.00,45,0,17,46,10,0.30,22,0.03,0.08,0.24,39,0.02,0.07,88,8,0.80,2.20,0.83,0.30,26,3,0.07,38,3,18,75,0,47,2,0,0.00,99,0,0.00,0.00,11.56,4.20,42,18,65,80,4.95,1.80,42.86,5,1.38,14,0,17.39,0,0.00,99,4,0.40,1.10,88,8,79,35,0,0,0,0,0,28,46,65,59,0,24,42,44,71,1,10,42,31,N/A,N/A
Altemir Cordeiro Pessôa Neto,32,769071600,1994/05/16,Serie A,2026,Forward,Chapecoense,267,126,141,Brazil,10,4,6,2,2,0,1,1,0,0,0,0,0,0,5,3,2,1,0,1.01,0.34,0.67,1.43,0,134,1.69,53,27,267,267,0.34,-1,-1,-1,5,0,6.15,0.1,96,15.51,4.60,5,46,3.60,36,24,12.13,6,0.00,0.00,0.20,2,0.00,0.30,1.35,0.40,4,0.00,0.10,0.00,0.00,0.00,0.10,0.30,0.70,7.00,4.72,0.90,0.50,0.00,0.50,0.23,0.00,0.30,0.00,0.00,0,0,,14,1.40,99,5,1.69,99,9,3.03,99,2,9,1,48,0.00,99,0,1,0.34,24,3,30,1.01,53,0,0.00,99,0,0.00,0,0,0.00,0,0.67,41,5,1.69,69,3,1.01,60.00,0,0.00,0,0,0,0.00,0,7,0.00,10,2.36,93,N/A,N/A,N/A,N/A,0.00,0,0.00,0,2.28,0.00,0,78.26,35.71,67,79,0.10,0.34,1,76,72,0,0,0,0.00,0.00,0,24,61.46,0.10,0.34,1,0,0.00,0.00,99,0.00,0,0,0,0.00,0.00,0,0.00,0.00,0.00,0.00,0,1,14.29,81,0,17,46,10,0.68,85,0.07,0.23,2.28,99,0.23,0.77,76,5,0.50,1.69,2.02,0.60,90,6,0.77,99,6,6,75,0,47,55,0,0.00,99,3,0.00,1.01,10.45,3.10,31,15,68,70,5.06,1.50,48.39,1,0.34,69,0,0.00,0,0.00,99,0,0.00,0.00,30,0,94,56,0,0,0,0,0,99,99,65,99,0,21,5,35,81,1,10,42,18,0,0
Álvaro Barreal,26,966495600,2000/08/17,Serie A,2026,Forward,Santos,1352,856,496,Argentina,20,12,8,5,3,2,1,1,0,0,0,4,2,2,18,11,7,6,1,0.4,0.07,0.33,0.32,0.36,270,1.2,75,68,193,1352,0.47,46,176,-1,3,1536000,6.97,0.05,59,37.82,28.05,54,561,21.85,437,23,29.46,49,0.00,0.00,1.05,21,0.00,3.15,2.49,1.85,37,0.00,0.70,0.00,0.00,0.00,0.60,1.05,1.10,8.40,2.83,1.45,1.90,0.00,0.65,0.31,0.00,0.20,0.00,0.00,0,0,,42,2.10,92,13,0.88,85,29,1.96,95,5,5,15,90,0.00,99,0,12,0.81,52,63,39,4.25,88,0,0.00,99,0,0.00,0,0,0.00,0,1.42,79,38,2.56,84,21,1.42,55.26,0,0.00,0,0,0,0.00,0,22,0.00,44,1.48,65,N/A,N/A,N/A,N/A,0.00,0,0.00,0,6.11,0.00,0,77.90,30.95,51,3,1.15,1.55,23,86,64,0,0,0,0.35,0.47,7,73,139.35,1.20,1.62,24,1,0.00,0.07,6,0.05,0,0,1,0.05,0.07,0,0.00,0.00,0.20,0.15,3,0,11.90,73,71,82,56,44,2.41,65,0.12,0.16,6.11,92,0.31,0.41,59,17,0.85,1.15,1.48,1.10,64,22,0.41,90,80,55,82,0,80,11,0,0.00,99,4,0.00,0.27,11.19,8.30,166,78,71,77,5.26,3.90,46.99,14,0.94,32,0,15.87,0,0.00,99,10,0.50,0.67,77,69,74,91,0,0,0,0,0,82,90,89,84,0,83,42,24,91,5,25,85,22,N/A,N/A
Álvaro Montoro,19,1176793200,2007/04/17,Serie A,2026,Forward,Botafogo,1271,502,769,Argentina,19,8,11,0,0,0,3,1,2,0,0,3,2,1,20,5,15,4,0,0.21,0.21,0,0,0,0,1.42,64,67,318,424,0.28,297,60,-1,34,200000,6.86,0.16,89,34.27,25.47,44,484,20.42,388,31,27.47,43,0.00,0.00,1.00,19,0.00,0.95,1.13,0.84,16,0.00,0.84,0.00,0.00,0.00,0.47,2.16,1.11,0.00,1.20,0.53,3.47,0.00,0.37,0.08,0.00,0.32,0.00,0.00,0,0,,17,0.89,56,7,0.50,67,10,0.71,49,3,4,15,39,0.00,99,0,9,0.64,43,18,69,1.27,55,0,0.00,99,0,0.00,0,0,0.00,0,1.35,77,66,4.67,97,41,2.90,62.12,0,0.00,0,0,0,0.00,0,21,0.00,26,1.49,67,N/A,N/A,N/A,N/A,0.00,0,0.00,0,1.57,0.00,0,80.17,41.18,78,48,0.47,0.64,9,99,74,0,0,0,0.05,0.07,1,27,130.35,0.47,0.64,9,0,0.00,0.00,99,0.00,0,0,2,0.11,0.14,0,0.00,0.00,0.00,0.00,0,0,0.00,45,65,74,46,27,3.31,85,0.17,0.23,1.57,52,0.08,0.11,84,28,1.47,1.98,1.13,0.84,44,16,0.11,50,63,22,93,0,47,20,0,0.00,99,6,0.00,0.42,11.54,8.58,163,90,90,80,6.37,4.74,55.21,16,1.13,24,0,27.78,0,0.00,99,5,0.26,0.35,60,69,65,72,0,0,0,0,0,64,46,65,59,0,30,31,44,71,4,21,76,10,N/A,N/A
Anderson Santos,23,1033196400,2002/09/28,Serie A,2026,Forward,Vitória,69,44,25,Brazil,4,2,2,0,0,0,0,0,0,0,0,2,2,0,1,0,1,1,0,0,0,0,0,0,0,1.3,69,17,69,0,1.3,-1,-1,-1,16,0,6.48,0,48,20.57,4.00,11,16,3.00,12,15,15.43,12,0.00,0.00,0.50,2,0.00,0.00,6.43,1.25,5,0.00,0.00,0.00,0.00,0.00,0.25,0.00,0.25,0.00,5.14,0.75,1.00,0.00,0.25,0.08,0.00,0.50,0.00,0.00,0,0,,4,1.00,99,1,1.29,96,3,3.86,99,0,4,0,99,0.00,99,0,1,1.29,84,0,30,0.00,16,0,0.00,99,0,0.00,0,0,0.00,0,2.57,96,4,5.14,98,0,0.00,0.00,0,0.00,0,0,0,0.00,0,1,0.00,34,1.29,53,N/A,N/A,N/A,N/A,0.00,0,0.00,0,0.33,0.00,0,75.00,25.00,41,8,0.25,1.29,1,13,13,0,0,0,0.00,0.00,0,24,25.92,0.25,1.29,1,0,0.00,0.00,99,0.00,0,0,0,0.00,0.00,0,0.00,0.00,0.00,0.00,0,0,0.00,45,0,0,46,34,0.10,51,0.03,0.13,0.33,93,0.08,0.42,1,0,0.00,0.00,1.29,0.25,54,1,0.42,91,19,45,75,0,47,94,0,0.00,99,2,0.00,2.57,18.00,3.50,14,7,99,99,9.00,1.75,50.00,0,0.00,99,0,0.00,0,0.00,99,0,0.00,0.00,30,0,65,12,0,0,0,0,0,28,46,65,59,0,21,98,15,99,1,25,85,28,0,0
Anderson Silva Da Paixao,28,889084800,1998/03/05,Serie A,2026,Goalkeeper,Chapecoense,810,360,450,Brazil,9,4,5,0,0,0,0,0,0,0,0,1,1,0,16,8,8,0,0,0,0,0,0,0,0,1.78,51,90,0,0,0,272,234,168,15,0,7.02,0,48,25.56,25.56,21,230,18.44,166,11,18.44,20,0.00,0.00,0.11,1,0.00,0.00,0.00,0.00,0,0.00,0.00,0.00,0.00,3.67,0.00,0.00,5.44,0.00,0.11,0.11,0.00,0.00,0.00,0.01,0.00,0.00,0.00,0.00,0,0,,1,0.11,7,0,0.00,17,1,0.11,8,0,0,9,5,0.00,99,0,0,0.00,10,0,30,0.00,16,0,0.00,99,0,0.00,0,0,0.00,0,0.11,10,0,0.00,9,0,0.00,0.00,0,0.00,0,33,47,3.67,85,49,0.00,8,5.44,99,N/A,N/A,N/A,N/A,67.35,0,0.00,0,0.05,0.00,0,72.17,0.00,17,99,0.00,0.00,0,13,13,0,0,18,0.00,0.00,0,24,63.18,1.33,1.33,12,0,0.00,0.00,99,0.00,0,0,0,0.00,0.00,6,0.67,0.67,0.00,0.00,0,0,0.00,45,34,12,46,8,0.33,6,0.04,0.04,0.05,12,0.01,0.01,15,3,0.33,0.33,0.00,0.00,5,0,0.01,12,85,48,75,85,47,2,0,0.00,99,0,0.00,0.00,0.33,0.33,3,3,4,3,0.33,0.33,100.00,0,0.00,99,0,0.00,0,0.00,99,0,0.00,0.00,30,37,23,12,0,0,0,0,0,28,46,65,59,0,21,23,15,15,0,0,16,98,0,0
Andre Henrique da Silva Martins,24,1008576000,2001/12/17,Serie A,2026,Forward,Grêmio,102,32,70,Brazil,5,2,3,0,0,0,0,0,0,0,0,1,0,1,1,1,0,3,0,0,0,0,0,0,0,0.88,102,20,34,0,2.65,-1,-1,-1,32,450000,6.43,0,48,19.22,4.40,10,22,4.00,20,93,17.48,17,0.00,0.00,0.00,0,0.00,0.00,1.75,0.40,2,0.00,0.60,0.00,0.00,0.00,0.20,0.20,0.20,0.00,4.37,0.60,0.40,0.00,0.40,0.08,0.00,0.40,0.00,0.00,0,0,,5,1.00,99,2,1.75,99,3,2.62,99,0,5,0,67,0.00,99,0,1,0.87,55,0,30,0.00,16,0,0.00,99,0,0.00,0,0,0.00,0,0.00,8,2,1.75,70,1,0.87,50.00,0,0.00,0,0,0,0.00,0,1,0.00,79,0.87,13,N/A,N/A,N/A,N/A,0.00,0,0.00,0,0.40,0.00,0,90.91,40.00,77,29,0.20,0.87,1,70,59,0,0,0,0.00,0.00,0,24,32.17,0.40,1.75,2,0,0.00,0.00,99,0.00,0,0,0,0.00,0.00,0,0.00,0.00,0.00,0.00,0,0,0.00,45,0,1,46,78,0.04,4,0.01,0.03,0.40,87,0.08,0.35,44,1,0.20,0.87,3.50,0.80,99,4,0.35,85,16,56,75,0,47,78,0,0.00,99,2,0.00,1.75,17.48,4.00,20,6,70,99,5.24,1.20,30.00,3,2.62,0,0,0.00,0,0.00,99,0,0.00,0.00,30,0,74,12,0,0,0,0,0,28,46,65,59,0,47,42,15,99,2,40,97,77,N/A,N/A
André Luís Silva de Aguiar,32,763200000,1994/03/09,Serie A,2026,Forward,Mirassol,484,166,318,Brazil,13,7,6,1,0,1,0,0,0,0,0,0,0,0,10,4,6,1,0,0.19,0,0.19,0,0.28,484,1.86,48,37,484,0,0.19,111,239,-1,8,0,6.58,0,48,18.97,7.85,10,102,5.38,70,5,13.02,7,0.00,0.00,0.31,4,0.00,0.08,0.00,0.00,0,0.00,0.46,0.00,0.00,0.00,0.00,0.08,0.77,5.00,0.93,0.23,0.38,0.00,0.15,0.08,0.00,1.00,0.00,0.00,0,0,,5,0.38,46,2,0.37,57,3,0.56,41,1,8,5,5,0.00,99,0,0,0.00,10,1,99,0.19,25,0,0.00,99,0,0.00,0,0,0.00,0,0.74,45,5,0.93,45,1,0.19,20.00,0,0.00,0,0,0,0.00,0,10,0.00,6,1.86,85,N/A,N/A,N/A,N/A,0.00,0,0.00,0,0.99,0.00,0,68.63,40.00,77,39,0.31,0.74,4,25,15,0,0,0,0.08,0.19,1,47,85.48,0.77,1.86,10,0,0.00,0.00,99,0.00,0,0,0,0.00,0.00,0,0.00,0.00,0.19,0.08,1,0,20.00,91,10,30,72,6,0.29,10,0.02,0.05,0.99,66,0.08,0.18,86,11,0.85,2.05,1.30,0.54,54,7,0.18,64,23,57,75,0,79,91,0,0.00,99,13,0.00,2.42,11.34,4.69,61,24,50,78,4.46,1.85,39.34,6,1.12,25,0,100.00,0,0.00,99,1,0.08,0.19,47,14,90,35,0,0,0,0,0,59,75,85,59,0,21,5,69,48,1,8,34,99,0,0
André Luiz Santos Dias,20,1150786800,2006/06/20,Serie A,2026,Midfielder,Corinthians,998,513,485,Brazil,17,9,8,3,0,3,2,1,1,0,0,7,5,2,11,4,7,3,2,0.45,0.18,0.27,0,0.56,333,0.99,91,59,200,499,0.45,67,73,-1,1,150000,6.61,0.12,84,22.07,14.41,13,245,12.29,209,61,18.83,21,0.00,0.00,0.29,5,0.00,0.00,1.80,1.18,20,0.00,1.35,0.00,0.00,0.00,0.65,0.53,0.65,5.00,1.35,0.65,1.24,0.00,0.24,0.16,0.00,0.82,0.00,0.00,0,0,,15,0.88,61,4,0.36,55,11,0.99,64,3,5,12,69,0.00,99,0,11,0.99,62,0,30,0.00,16,0,0.00,99,0,0.00,0,0,0.00,0,0.45,30,21,1.89,73,9,0.81,42.86,0,0.00,0,0,0,0.00,0,11,0.00,68,0.99,24,N/A,N/A,N/A,N/A,0.00,0,0.00,0,2.78,0.00,0,85.31,26.67,42,58,0.35,0.54,6,68,42,0,0,0,0.00,0.00,0,24,112.38,0.24,0.36,4,0,0.00,0.00,99,0.00,0,0,0,0.00,0.00,0,0.00,0.00,0.00,0.00,0,0,20.00,91,48,61,61,69,1.82,65,0.11,0.16,2.78,75,0.16,0.25,68,16,0.94,1.44,1.62,1.06,72,18,0.25,74,26,7,75,0,47,65,0,0.00,99,14,0.00,1.26,11.26,7.35,125,56,68,78,5.05,3.29,44.80,23,2.07,5,0,0.00,0,0.00,99,0,0.00,0.00,30,53,74,72,0,1,0,6,0,86,86,96,59,0,27,90,26,90,1,6,29,49,N/A,N/A
André Martín Carrillo Díaz,35,676882800,1991/06/14,Serie A,2026,Midfielder,Corinthians,977,530,447,Peru,20,11,9,0,0,0,1,1,0,0,0,9,6,3,11,5,6,4,0,0.09,0.09,0,0,0,0,1.01,89,49,244,977,0.37,415,158,-1,28,1152000,6.45,0.05,63,49.84,27.05,80,541,24.75,495,95,45.60,84,0.00,0.00,0.35,7,0.00,0.95,2.49,1.35,27,0.00,0.15,0.00,0.00,0.00,0.30,0.85,0.55,0.00,0.55,0.30,1.20,0.00,0.00,0.02,0.00,0.30,0.00,0.00,0,0,,6,0.30,26,0,0.00,17,6,0.55,40,7,9,11,90,0.00,99,0,6,0.55,39,19,39,1.75,61,0,0.00,99,0,0.00,0,0,0.00,0,0.64,40,24,2.21,78,17,1.57,70.83,0,0.00,0,0,0,0.00,0,11,0.00,65,1.01,26,N/A,N/A,N/A,N/A,0.00,0,0.00,0,0.34,0.00,0,91.50,0.00,17,57,0.30,0.55,6,89,85,0,0,0,0.15,0.28,3,55,128.90,0.70,1.29,14,0,0.00,0.00,99,0.00,0,0,0,0.00,0.00,0,0.00,0.00,0.18,0.10,2,0,0.00,45,46,82,46,65,1.89,69,0.09,0.17,0.34,20,0.02,0.03,38,8,0.40,0.74,2.67,1.45,98,29,0.03,19,18,45,75,0,78,30,0,0.00,99,6,0.00,0.55,9.67,5.25,105,57,71,64,5.25,2.85,54.29,3,0.28,72,0,15.79,0,0.00,99,3,0.15,0.28,55,48,94,99,0,0,0,0,0,39,46,65,59,0,73,95,31,84,4,20,74,19,N/A,N/A
André Oliveira Silva,29,865321200,1997/06/03,Serie A,2026,Forward,São Paulo,349,58,291,Brazil,13,4,9,0,0,0,0,0,0,0,0,1,1,0,4,0,4,4,0,0,0,0,0,0,0,1.03,87,27,87,0,1.03,267,217,-1,15,0,6.52,0,48,20.52,6.38,11,83,4.92,64,21,15.82,12,0.00,0.00,0.15,2,0.00,0.00,0.49,0.15,2,0.00,0.23,0.00,0.00,0.00,0.00,0.15,0.31,0.00,1.24,0.08,0.31,0.00,0.31,0.04,0.00,0.31,0.00,0.00,0,0,,5,0.38,57,4,0.99,91,1,0.25,16,6,9,4,14,0.00,99,0,0,0.00,10,0,30,0.00,16,0,0.00,99,0,0.00,0,0,0.00,0,0.49,34,4,0.99,48,2,0.49,50.00,0,0.00,0,0,0,0.00,0,4,0.00,62,0.99,24,N/A,N/A,N/A,N/A,0.00,0,0.00,0,0.53,0.00,0,77.11,80.00,99,99,0.00,0.00,0,50,59,0,0,0,0.08,0.25,1,52,84.77,0.15,0.49,2,0,0.00,0.00,99,0.00,0,0,0,0.00,0.00,0,0.00,0.00,0.00,0.00,0,0,0.00,45,0,30,46,61,0.25,14,0.02,0.06,0.53,57,0.04,0.13,71,6,0.46,1.48,2.72,0.85,99,11,0.13,56,20,14,75,0,47,55,0,0.00,99,4,0.00,0.99,10.38,3.23,42,13,23,70,3.21,1.00,30.95,3,0.74,43,0,0.00,0,0.00,99,0,0.00,0.00,30,8,94,97,0,0,0,0,0,28,46,65,59,0,21,13,15,99,3,23,80,17,0,0
André Ramalho,34,698227200,1992/02/16,Serie A,2026,Defender,Corinthians,555,180,375,Brazil,7,2,5,0,0,0,0,0,0,0,0,3,1,2,7,1,6,5,0,0,0,0,0,0,0,1.14,79,79,111,0,0.81,416,406,91,27,1632000,7.80,0,48,68.11,60.00,98,420,54.86,384,95,62.27,98,0.00,0.00,0.29,2,0.00,0.29,0.81,0.71,5,0.00,0.00,0.00,0.00,0.00,1.29,0.14,1.00,0.00,0.49,0.43,0.14,0.00,0.00,0.02,0.00,3.29,0.00,0.00,0,0,,3,0.43,23,0,0.00,17,3,0.49,36,0,1,6,21,0.00,99,0,9,1.46,89,2,95,0.32,33,0,0.00,99,0,0.00,0,0,0.00,0,0.32,24,1,0.16,13,1,0.16,100.00,0,0.00,0,0,0,0.00,0,7,0.00,50,1.14,41,N/A,N/A,N/A,N/A,0.00,0,0.00,0,0.16,0.00,0,91.43,0.00,17,80,0.29,0.32,2,22,99,0,0,0,0.57,0.65,4,84,54.57,3.71,4.22,26,0,0.00,0.00,99,0.00,0,0,0,0.00,0.00,0,0.00,0.00,0.00,0.00,0,0,0.00,45,16,6,46,50,0.80,51,0.11,0.13,0.16,20,0.02,0.03,69,9,1.29,1.46,0.81,0.71,25,5,0.03,19,99,83,75,0,47,99,0,0.00,99,23,0.00,3.73,8.27,7.29,51,36,83,43,5.84,5.14,70.59,0,0.00,99,0,50.00,0,0.00,99,1,0.14,0.16,45,21,36,12,0,0,0,0,0,28,46,65,59,0,85,93,15,99,4,57,99,5,N/A,N/A
Andreas Pereira,30,820483200,1996/01/01,Serie A,2026,Midfielder,Palmeiras,1855,868,987,Brazil,23,11,12,1,0,1,11,9,2,0,0,8,3,5,17,8,9,3,0,0.58,0.53,0.05,0,0.09,1855,0.82,109,81,618,169,0.15,219,2,-1,12,2500000,7.28,0.48,99,49.97,44.78,81,1030,39.13,900,77,43.67,80,0.00,0.00,2.22,51,0.00,6.91,1.02,0.91,21,0.00,0.83,0.00,0.00,0.00,0.43,0.43,0.78,29.00,1.41,0.91,0.96,0.00,0.35,0.13,0.00,0.43,0.00,0.00,0,0,,29,1.26,63,8,0.39,60,21,1.02,65,2,0,23,34,0.00,99,0,10,0.49,36,159,65,7.71,98,0,0.00,99,0,0.00,0,0,0.00,0,2.47,95,22,1.07,51,10,0.49,45.45,0,0.00,0,0,0,0.00,0,18,0.00,86,0.87,13,N/A,N/A,N/A,N/A,0.00,0,0.00,0,2.91,0.00,0,87.38,27.59,44,26,0.83,0.92,19,50,47,0,0,0,0.17,0.19,4,47,167.41,1.04,1.16,24,0,0.00,0.00,99,0.00,0,0,0,0.00,0.00,0,0.00,0.00,0.05,0.04,1,0,3.45,47,94,99,99,84,10.30,99,0.45,0.50,2.91,59,0.13,0.14,45,19,0.83,0.92,0.97,0.87,33,20,0.14,58,98,42,75,0,50,25,0,0.00,99,10,0.00,0.49,6.26,5.61,129,56,13,18,2.72,2.43,43.41,19,0.92,34,0,26.42,0,0.00,99,42,1.83,2.04,98,99,23,56,0,0,0,0,0,94,49,66,59,0,94,78,80,37,3,13,52,8,N/A,N/A
Andres Gomez,23,1031814000,2002/09/12,Serie A,2026,Forward,Vasco da Gama,1607,967,640,Colombia,20,11,9,4,2,2,2,1,1,0,0,1,1,0,30,15,15,7,0,0.34,0.11,0.22,0.19,0.28,402,1.68,54,80,230,804,0.39,95,141,-1,2,1000000,6.86,0.1,69,21.80,19.45,13,389,15.25,305,24,17.09,16,0.00,0.00,1.45,29,0.00,4.70,1.57,1.40,28,0.00,1.95,0.00,0.00,0.00,0.50,2.00,1.55,17.25,3.87,2.55,5.35,0.00,0.90,0.34,0.00,0.20,0.00,0.00,0,0,,69,3.45,99,18,1.01,91,51,2.86,99,2,2,18,58,0.00,99,0,10,0.56,40,94,43,5.27,94,0,0.00,99,0,0.00,0,0,0.00,0,1.63,84,107,6.00,99,40,2.24,37.38,0,0.00,0,0,0,0.00,0,31,0.00,10,1.74,83,N/A,N/A,N/A,N/A,0.00,0,0.00,0,6.81,0.00,0,78.41,26.09,41,16,0.95,1.06,19,96,29,0,0,0,0.10,0.11,2,33,137.14,0.45,0.50,9,0,0.00,0.00,99,0.00,0,0,3,0.15,0.17,0,0.00,0.00,0.34,0.30,6,0,5.80,51,86,82,66,11,2.94,65,0.15,0.16,6.81,90,0.34,0.38,78,31,1.55,1.74,1.40,1.25,59,25,0.38,88,63,15,95,0,87,9,0,0.00,99,4,0.00,0.22,15.07,13.45,269,101,79,96,5.66,5.05,37.55,39,2.19,3,0,18.09,0,0.00,99,17,0.85,0.95,84,84,46,56,0,0,0,0,0,78,79,85,72,0,69,7,30,85,7,35,94,11,N/A,N/A
Andrew da Silva Ventura,25,993970800,2001/07/01,Serie A,2026,Goalkeeper,Flamengo,0,0,0,Brazil,0,0,0,0,0,0,0,0,0,0,0,0,0,0,0,0,0,0,0,0,0,0,0,0,0,0,0,0,0,0,0,-1,-1,-1,-1,N/A,N/A,N/A,N/A,N/A,N/A,N/A,N/A,N/A,N/A,N/A,N/A,N/A,N/A,N/A,N/A,N/A,N/A,N/A,N/A,N/A,N/A,N/A,N/A,N/A,N/A,N/A,N/A,N/A,N/A,N/A,N/A,N/A,N/A,N/A,N/A,N/A,N/A,N/A,N/A,N/A,N/A,N/A,N/A,N/A,N/A,N/A,N/A,N/A,N/A,N/A,N/A,N/A,N/A,N/A,N/A,N/A,N/A,N/A,N/A,N/A,N/A,N/A,N/A,N/A,N/A,N/A,N/A,N/A,N/A,N/A,N/A,N/A,N/A,N/A,N/A,N/A,N/A,N/A,N/A,N/A,N/A,N/A,N/A,N/A,N/A,N/A,N/A,N/A,N/A,N/A,N/A,N/A,N/A,N/A,N/A,N/A,N/A,N/A,N/A,N/A,N/A,N/A,N/A,N/A,N/A,N/A,N/A,N/A,N/A,N/A,N/A,N/A,N/A,N/A,N/A,N/A,N/A,N/A,N/A,N/A,N/A,N/A,N/A,N/A,N/A,N/A,N/A,N/A,N/A,N/A,N/A,N/A,N/A,N/A,N/A,N/A,N/A,N/A,N/A,N/A,N/A,N/A,N/A,N/A,N/A,N/A,N/A,N/A,N/A,N/A,N/A,N/A,N/A,N/A,N/A,N/A,N/A,N/A,N/A,N/A,N/A,N/A,N/A,N/A,N/A,N/A,N/A,N/A,N/A,N/A,N/A,N/A,N/A,N/A,N/A,N/A,N/A,N/A,N/A,N/A,N/A,N/A,N/A,N/A,N/A,N/A,N/A,N/A,N/A,N/A,N/A,N/A,N/A,N/A,N/A,N/A,N/A,N/A,N/A,N/A,N/A,N/A,N/A,N/A,N/A,N/A,N/A,N/A,N/A,N/A,N/A,N/A,N/A,N/A,N/A,N/A,N/A,N/A,N/A,N/A,N/A,N/A,N/A
Andrey Fernandes de Oliveira Nunes,18,1202198400,2008/02/05,Serie A,2026,Forward,Vasco da Gama,22,0,22,Brazil,1,0,1,0,0,0,0,0,0,0,0,0,0,0,0,0,0,0,0,0,0,0,0,0,0,0,0,22,0,0,0,-1,-1,-1,28,500000,6.82,0,48,49.09,12.00,79,12,11.00,11,96,45.00,82,0.00,0.00,1.00,1,0.00,2.00,0.00,0.00,0,0.00,1.00,0.00,0.00,0.00,0.00,0.00,0.00,0.00,4.09,0.00,0.00,0.00,1.00,0.14,0.00,0.00,0.00,0.00,0,0,,1,1.00,99,1,4.09,99,0,0.00,7,0,1,0,5,0.00,99,0,0,0.00,10,2,95,8.18,99,0,0.00,99,0,0.00,0,0,0.00,0,4.09,99,0,0.00,9,0,0.00,0.00,0,0.00,0,0,0,0.00,0,0,0.00,99,0.00,0,N/A,N/A,N/A,N/A,0.00,0,0.00,0,0.14,0.00,0,91.67,100.00,99,0,1.00,4.09,1,13,13,0,0,0,0.00,0.00,0,24,6.82,0.00,0.00,0,0,0.00,0.00,99,0.00,0,0,0,0.00,0.00,0,0.00,0.00,0.00,0.00,0,0,0.00,45,0,0,46,0,0.05,79,0.05,0.20,0.14,98,0.14,0.57,99,1,1.00,4.09,0.00,0.00,5,0,0.57,98,57,0,75,0,47,2,0,0.00,99,0,0.00,0.00,12.27,3.00,3,1,41,86,4.09,1.00,33.33,1,4.09,0,0,50.00,0,0.00,99,1,1.00,4.09,99,0,36,12,0,0,0,0,0,28,46,65,59,0,50,5,15,15,0,0,16,74,N/A,N/A
Ángelo Preciado,28,887788800,1998/02/18,Serie A,2026,Defender,Atlético Mineiro,640,255,385,Ecuador,10,4,6,0,0,0,1,0,1,0,0,3,3,0,7,1,6,3,0,0.14,0.14,0,0,0,0,0.98,91,64,213,640,0.42,281,107,53,21,0,6.85,0.1,76,31.50,22.40,36,224,17.40,174,23,24.47,32,0.00,0.00,0.40,4,0.00,1.50,2.39,1.70,17,0.00,0.40,0.00,0.00,0.00,1.20,0.50,0.70,0.00,0.56,0.40,0.90,0.00,0.00,0.02,0.00,1.00,0.00,0.00,0,0,,4,0.40,27,0,0.00,17,4,0.56,41,3,3,7,87,0.00,99,0,12,1.69,93,15,36,2.11,67,0,0.00,99,0,0.00,0,0,0.00,0,0.56,36,9,1.27,58,5,0.70,55.56,0,0.00,0,0,0,0.00,0,7,0.00,69,0.98,22,N/A,N/A,N/A,N/A,0.00,0,0.00,0,0.19,0.00,0,77.68,0.00,17,73,0.30,0.42,3,64,65,0,0,0,0.50,0.70,5,85,68.49,2.80,3.94,28,0,0.00,0.00,99,0.00,0,0,0,0.00,0.00,0,0.00,0.00,0.00,0.00,0,0,0.00,45,23,17,46,69,1.11,65,0.11,0.16,0.19,20,0.02,0.03,90,16,1.60,2.25,2.25,1.60,94,16,0.03,19,61,81,75,0,47,70,0,0.00,99,10,0.00,1.41,11.25,8.00,80,46,91,77,6.47,4.60,57.50,4,0.56,54,0,13.33,0,0.00,99,2,0.20,0.28,55,28,56,72,0,0,0,0,0,49,46,65,59,0,21,65,27,88,3,30,91,23,0,0
Anthoni Spier Souza,24,1011772800,2002/01/23,Serie A,2026,Goalkeeper,Internacional,823,463,360,Brazil,10,6,4,0,0,0,0,0,0,0,0,2,2,0,14,6,8,0,0,0,0,0,0,0,0,1.53,59,82,0,0,0,341,340,154,23,0,6.69,0,48,23.18,21.20,17,212,13.60,136,3,14.87,11,0.00,0.00,0.00,0,0.00,0.00,0.00,0.00,0,0.00,0.00,0.00,0.00,2.60,0.00,0.00,4.10,0.00,0.00,0.00,0.00,0.00,0.00,0.00,0.00,0.30,0.00,0.00,0,0,,0,0.00,7,0,0.00,17,0,0.00,7,0,1,9,5,0.00,99,0,0,0.00,10,0,30,0.00,16,0,0.00,99,0,0.00,0,0,0.00,0,0.00,8,0,0.00,9,0,0.00,0.00,0,0.00,0,26,29,2.84,59,41,0.00,17,4.48,97,N/A,N/A,N/A,N/A,63.41,0,0.00,0,0.00,0.00,0,64.15,0.00,17,87,0.20,0.22,2,13,13,0,0,15,0.00,0.00,0,24,66.88,0.40,0.44,4,0,0.00,0.00,99,0.00,0,0,0,0.00,0.00,3,0.30,0.33,0.00,0.00,0,0,0.00,45,35,17,46,19,0.29,4,0.03,0.03,0.00,7,0.00,0.00,3,1,0.10,0.11,0.00,0.00,5,0,0.00,7,38,12,75,30,47,14,0,0.00,99,3,0.00,0.33,0.66,0.60,6,4,5,5,0.44,0.40,66.67,0,0.00,99,0,0.00,0,0.00,99,0,0.00,0.00,30,37,36,12,0,0,0,0,0,28,46,65,59,0,21,42,15,15,0,0,16,12,0,0
Anthony Wesley Ciriano Oliveira,21,1121151600,2005/07/12,Serie A,2026,Defender,Botafogo,0,0,0,Brazil,0,0,0,0,0,0,0,0,0,0,0,0,0,0,0,0,0,0,0,0,0,0,0,0,0,0,0,0,0,0,0,-1,-1,-1,-1,N/A,N/A,N/A,N/A,N/A,N/A,N/A,N/A,N/A,N/A,N/A,N/A,N/A,N/A,N/A,N/A,N/A,N/A,N/A,N/A,N/A,N/A,N/A,N/A,N/A,N/A,N/A,N/A,N/A,N/A,N/A,N/A,N/A,N/A,N/A,N/A,N/A,N/A,N/A,N/A,N/A,N/A,N/A,N/A,N/A,N/A,N/A,N/A,N/A,N/A,N/A,N/A,N/A,N/A,N/A,N/A,N/A,N/A,N/A,N/A,N/A,N/A,N/A,N/A,N/A,N/A,N/A,N/A,N/A,N/A,N/A,N/A,N/A,N/A,N/A,N/A,N/A,N/A,N/A,N/A,N/A,N/A,N/A,N/A,N/A,N/A,N/A,N/A,N/A,N/A,N/A,N/A,N/A,N/A,N/A,N/A,N/A,N/A,N/A,N/A,N/A,N/A,N/A,N/A,N/A,N/A,N/A,N/A,N/A,N/A,N/A,N/A,N/A,N/A,N/A,N/A,N/A,N/A,N/A,N/A,N/A,N/A,N/A,N/A,N/A,N/A,N/A,N/A,N/A,N/A,N/A,N/A,N/A,N/A,N/A,N/A,N/A,N/A,N/A,N/A,N/A,N/A,N/A,N/A,N/A,N/A,N/A,N/A,N/A,N/A,N/A,N/A,N/A,N/A,N/A,N/A,N/A,N/A,N/A,N/A,N/A,N/A,N/A,N/A,N/A,N/A,N/A,N/A,N/A,N/A,N/A,N/A,N/A,N/A,N/A,N/A,N/A,N/A,N/A,N/A,N/A,N/A,N/A,N/A,N/A,N/A,N/A,N/A,N/A,N/A,N/A,N/A,N/A,N/A,N/A,N/A,N/A,N/A,N/A,N/A,N/A,N/A,N/A,N/A,N/A,N/A,N/A,N/A,N/A,N/A,N/A,N/A,N/A,N/A,N/A,N/A,N/A,N/A,N/A,N/A,N/A,N/A,N/A,N/A
Antonio Feliphe Costa,24,1003388400,2001/10/18,Serie A,2026,Midfielder,Atlético PR,390,262,128,Brazil,8,4,4,0,0,0,0,0,0,0,0,4,3,1,2,1,1,2,0,0,0,0,0,0,0,0.46,195,49,195,0,0.46,251,284,-1,13,250000,5.81,0,48,30.60,17.00,32,136,15.00,120,80,27.00,40,0.00,0.00,0.12,1,0.00,0.00,2.93,1.62,13,0.00,0.50,0.00,0.00,0.00,0.88,0.50,0.25,0.00,0.67,0.38,0.88,0.00,0.00,0.02,0.00,0.38,0.00,0.00,0,0,,3,0.38,34,0,0.00,17,3,0.67,47,2,4,4,94,0.00,99,0,7,1.58,89,0,30,0.00,16,0,0.00,99,0,0.00,0,0,0.00,0,0.23,19,7,1.58,66,4,0.90,57.14,0,0.00,0,0,0,0.00,0,2,0.00,98,0.45,2,N/A,N/A,N/A,N/A,0.00,0,0.00,0,0.15,0.00,0,88.24,0.00,17,69,0.25,0.45,2,72,69,0,0,0,0.25,0.45,2,71,46.46,0.88,1.58,7,0,0.00,0.00,99,0.00,0,0,1,0.12,0.23,0,0.00,0.00,0.00,0.00,0,0,0.00,45,3,8,46,98,0.26,14,0.03,0.06,0.15,20,0.02,0.03,10,1,0.12,0.23,1.80,1.00,82,8,0.03,19,3,54,98,0,47,39,0,0.00,99,3,0.00,0.67,9.45,5.25,42,20,51,61,4.50,2.50,47.62,4,0.90,35,0,0.00,0,0.00,99,0,0.00,0.00,30,8,65,56,0,0,0,0,0,28,46,65,59,0,34,98,25,90,2,25,85,5,N/A,N/A
Antonio Francisco Moura Neto,30,839314800,1996/08/06,Serie A,2026,Midfielder,Mirassol,852,507,345,Brazil,14,7,7,0,0,0,0,0,0,0,0,0,0,0,19,11,8,5,0,0,0,0,0,0,0,2.01,45,61,170,0,0.53,397,396,-1,33,520000,6.80,0,48,58.52,39.57,92,554,35.14,492,83,51.97,93,0.00,0.00,0.43,6,0.00,0.43,1.90,1.29,18,0.00,0.14,0.00,0.00,0.00,0.64,0.07,1.43,0.00,1.27,0.71,0.14,0.00,0.14,0.05,0.00,0.64,0.00,0.00,0,0,,12,0.86,58,2,0.21,41,10,1.06,68,4,4,10,73,0.00,99,0,9,0.95,60,6,84,0.63,45,0,0.00,99,0,0.00,0,0,0.00,0,0.63,40,2,0.21,15,1,0.11,50.00,0,0.00,0,0,0,0.00,0,20,0.00,3,2.11,90,N/A,N/A,N/A,N/A,0.00,0,0.00,0,0.71,0.00,0,88.81,16.67,26,23,0.64,0.95,9,19,59,0,0,0,0.36,0.53,5,77,95.20,0.71,1.06,10,1,0.00,0.11,2,0.07,0,0,0,0.00,0.00,0,0.00,0.00,0.00,0.00,0,0,0.00,45,37,34,46,3,1.46,60,0.10,0.15,0.71,39,0.05,0.07,32,6,0.43,0.63,1.37,0.93,56,13,0.07,38,54,39,75,0,47,52,0,0.00,99,9,0.00,0.95,6.44,4.36,61,34,31,20,3.59,2.43,55.74,2,0.21,75,0,33.33,0,0.00,99,2,0.14,0.21,50,43,65,83,0,0,0,0,0,28,46,65,59,0,50,5,21,94,5,36,95,25,N/A,N/A
Antonio Galeano,26,953712000,2000/03/22,Serie A,2026,Forward,Remo,347,171,176,Paraguay,13,7,6,0,0,0,0,0,0,0,0,0,0,0,7,5,2,1,0,0,0,0,0,0,0,1.82,50,27,347,0,0.26,387,386,-1,28,500000,6.52,0,48,23.21,6.92,17,90,5.69,74,39,19.08,21,0.00,0.00,0.15,2,0.00,0.62,0.52,0.15,2,0.00,0.54,0.00,0.00,0.00,0.15,0.23,0.54,8.00,2.06,0.31,0.77,0.00,0.31,0.10,0.00,0.23,0.00,0.00,0,0,,8,0.62,76,4,1.03,92,4,1.03,65,3,11,2,14,0.00,99,0,2,0.52,37,8,35,2.06,65,0,0.00,99,0,0.00,0,0,0.00,0,0.52,34,10,2.58,84,3,0.77,30.00,0,0.00,0,0,0,0.00,0,7,0.00,7,1.81,84,N/A,N/A,N/A,N/A,0.00,0,0.00,0,1.27,0.00,0,82.22,50.00,92,8,0.38,1.29,5,67,22,0,0,0,0.00,0.00,0,24,84.81,0.00,0.00,0,0,0.00,0.00,99,0.00,0,0,0,0.00,0.00,0,0.00,0.00,0.26,0.08,1,0,12.50,76,0,30,46,7,0.25,14,0.02,0.06,1.27,85,0.10,0.33,90,9,0.69,2.32,0.77,0.23,23,3,0.33,83,20,0,75,0,83,43,0,0.00,99,3,0.00,0.77,10.32,3.08,40,13,25,69,3.35,1.00,32.50,7,1.81,6,0,12.50,0,0.00,99,1,0.08,0.26,53,1,97,72,0,0,0,0,0,28,46,65,59,0,50,5,50,66,1,8,34,27,N/A,N/A
Ariel Agustín Sant'Anna Quintero,28,875343600,1997/09/27,Serie A,2026,Defender,Bragantino,634,355,279,Uruguay,10,4,6,0,0,0,2,1,1,0,0,6,3,3,2,1,1,3,1,0.28,0.28,0,0,0,0,0.28,317,63,159,317,0.57,323,29,1,22,550000,7.08,0.2,95,32.51,22.90,39,229,18.60,186,34,26.40,38,0.00,0.00,2.00,20,0.00,6.50,1.85,1.30,13,0.00,0.20,0.00,0.00,0.00,0.20,0.20,0.20,0.00,1.14,0.60,0.50,0.00,0.20,0.06,0.00,1.40,0.00,0.00,0,0,,8,0.80,53,2,0.28,49,6,0.85,57,2,3,7,71,0.00,99,0,2,0.28,22,65,86,9.23,99,0,0.00,99,0,0.00,0,0,0.00,0,2.84,97,5,0.71,38,2,0.28,40.00,0,0.00,0,0,0,0.00,0,2,0.00,99,0.28,0,N/A,N/A,N/A,N/A,0.00,0,0.00,0,0.57,0.00,0,81.22,25.00,41,21,0.70,0.99,7,31,37,0,0,0,0.40,0.57,4,80,70.77,2.50,3.55,25,0,0.00,0.00,99,0.00,0,0,0,0.00,0.00,0,0.00,0.00,0.43,0.30,3,0,0.00,45,22,17,46,99,2.32,96,0.23,0.33,0.57,41,0.06,0.08,36,5,0.50,0.71,1.14,0.80,46,8,0.08,40,90,78,75,0,90,84,0,0.00,99,14,0.00,1.99,8.52,6.00,60,33,57,47,4.68,3.30,55.00,2,0.28,72,0,35.38,0,0.00,99,23,2.30,3.26,99,28,56,56,0,0,0,0,0,73,46,65,59,0,51,99,20,95,2,20,74,23,N/A,N/A
Arilson Edgardeline Fernandes Camati,27,929516400,1999/06/16,Serie A,2026,Forward,Vasco da Gama,939,475,464,Portugal,19,10,9,1,1,0,1,0,1,0,0,1,1,0,19,9,10,3,0,0.19,0.1,0.1,0.19,0,939,1.82,49,49,313,939,0.29,178,145,-1,10,300000,6.77,0.05,66,38.48,21.11,57,401,17.74,337,53,32.33,56,0.00,0.00,1.74,33,0.00,2.26,0.96,0.53,10,0.00,0.37,0.00,0.00,0.00,0.32,0.47,1.00,22.00,2.11,0.89,1.11,0.00,0.26,0.10,0.00,0.21,0.00,0.00,0,0,,22,1.16,78,5,0.48,66,17,1.63,87,4,7,12,31,0.00,99,0,6,0.58,41,43,87,4.13,87,0,0.00,99,0,0.00,0,0,0.00,0,3.17,99,21,2.01,76,9,0.86,42.86,0,0.00,0,0,0,0.00,0,19,0.00,7,1.82,85,N/A,N/A,N/A,N/A,0.00,0,0.00,0,1.96,0.00,0,84.04,22.73,34,31,0.47,0.86,9,70,42,0,0,0,0.11,0.19,2,47,128.68,0.37,0.67,7,0,0.00,0.00,99,0.00,0,0,0,0.00,0.00,0,0.00,0.00,0.10,0.05,1,0,4.55,49,43,74,88,7,2.45,87,0.13,0.24,1.96,68,0.10,0.19,43,9,0.47,0.86,1.25,0.68,52,13,0.19,66,51,23,75,0,64,16,0,0.00,99,4,0.00,0.38,7.29,4.00,76,31,17,33,2.97,1.63,40.79,7,0.67,46,0,37.21,0,0.00,99,16,0.84,1.54,95,53,85,83,0,0,0,0,0,59,60,65,72,0,37,7,44,74,3,16,60,17,N/A,N/A
Arthur Alves Novaes,17,1221548400,2008/09/16,Serie A,2026,Midfielder,Botafogo,0,0,0,Brazil,0,0,0,0,0,0,0,0,0,0,0,0,0,0,0,0,0,0,0,0,0,0,0,0,0,0,0,0,0,0,0,-1,-1,-1,-1,N/A,N/A,N/A,N/A,N/A,N/A,N/A,N/A,N/A,N/A,N/A,N/A,N/A,N/A,N/A,N/A,N/A,N/A,N/A,N/A,N/A,N/A,N/A,N/A,N/A,N/A,N/A,N/A,N/A,N/A,N/A,N/A,N/A,N/A,N/A,N/A,N/A,N/A,N/A,N/A,N/A,N/A,N/A,N/A,N/A,N/A,N/A,N/A,N/A,N/A,N/A,N/A,N/A,N/A,N/A,N/A,N/A,N/A,N/A,N/A,N/A,N/A,N/A,N/A,N/A,N/A,N/A,N/A,N/A,N/A,N/A,N/A,N/A,N/A,N/A,N/A,N/A,N/A,N/A,N/A,N/A,N/A,N/A,N/A,N/A,N/A,N/A,N/A,N/A,N/A,N/A,N/A,N/A,N/A,N/A,N/A,N/A,N/A,N/A,N/A,N/A,N/A,N/A,N/A,N/A,N/A,N/A,N/A,N/A,N/A,N/A,N/A,N/A,N/A,N/A,N/A,N/A,N/A,N/A,N/A,N/A,N/A,N/A,N/A,N/A,N/A,N/A,N/A,N/A,N/A,N/A,N/A,N/A,N/A,N/A,N/A,N/A,N/A,N/A,N/A,N/A,N/A,N/A,N/A,N/A,N/A,N/A,N/A,N/A,N/A,N/A,N/A,N/A,N/A,N/A,N/A,N/A,N/A,N/A,N/A,N/A,N/A,N/A,N/A,N/A,N/A,N/A,N/A,N/A,N/A,N/A,N/A,N/A,N/A,N/A,N/A,N/A,N/A,N/A,N/A,N/A,N/A,N/A,N/A,N/A,N/A,N/A,N/A,N/A,N/A,N/A,N/A,N/A,N/A,N/A,N/A,N/A,N/A,N/A,N/A,N/A,N/A,N/A,N/A,N/A,N/A,N/A,N/A,N/A,N/A,N/A,N/A,N/A,N/A,N/A,N/A,N/A,N/A,N/A,N/A,N/A,N/A,N/A,N/A
Arthur Cabral,28,893487600,1998/04/25,Serie A,2026,Forward,Botafogo,1559,721,838,Brazil,19,9,10,7,5,2,1,1,0,0,0,3,2,1,26,11,15,3,1,0.46,0.06,0.4,0.62,0.21,223,1.5,60,82,390,1559,0.23,33,186,-1,1,2800000,7.02,0.05,55,15.18,13.84,5,263,9.95,189,10,10.91,5,0.00,0.00,0.79,15,0.00,0.05,0.64,0.58,11,0.00,1.05,0.00,0.00,0.00,0.00,0.58,1.47,6.29,2.54,1.16,1.53,0.00,1.16,0.41,0.00,2.42,0.00,0.00,0,0,,44,2.32,88,22,1.27,96,22,1.27,77,1,0,19,16,0.00,99,0,0,0.00,10,1,99,0.06,17,0,0.00,99,0,0.00,0,0,0.00,0,0.87,51,29,1.67,68,11,0.64,37.93,0,0.00,0,0,0,0.00,0,28,0.00,20,1.62,75,N/A,N/A,N/A,N/A,0.00,0,0.00,0,7.88,0.00,0,71.86,50.00,92,82,0.26,0.29,5,59,32,0,0,0,0.16,0.17,3,43,133.35,1.00,1.10,19,0,0.00,0.00,99,0.00,0,0,0,0.00,0.00,0,0.00,0.00,0.17,0.16,3,0,15.91,83,83,74,53,21,1.56,32,0.08,0.09,7.88,95,0.41,0.45,71,26,1.37,1.50,1.73,1.58,79,30,0.45,94,85,40,75,0,78,95,0,0.00,99,46,0.00,2.66,12.35,11.26,214,94,74,87,5.43,4.95,43.93,20,1.15,23,0,100.00,0,0.00,99,1,0.05,0.06,33,88,23,35,1,1,1,5,5,86,93,79,97,0,96,31,58,59,2,11,45,19,N/A,N/A
Arthur dos Santos Barbosa Dias,19,1176188400,2007/04/10,Serie A,2026,Defender,Atlético PR,1810,954,856,Brazil,21,11,10,0,0,0,0,0,0,0,0,7,4,3,16,7,9,6,0,0,0,0,0,0,0,0.8,113,86,302,0,0.3,344,337,27,19,40000,6.82,0,48,47.29,45.29,77,951,38.57,810,60,40.28,76,0.00,0.00,0.14,3,0.00,0.10,1.44,1.38,29,0.00,0.10,0.00,0.00,0.00,1.19,0.29,0.81,0.00,0.25,0.24,0.33,0.00,0.00,0.01,0.00,0.67,0.00,0.00,0,0,,5,0.24,12,0,0.00,17,5,0.25,16,3,0,21,52,0.00,99,0,25,1.24,81,2,30,0.10,20,0,0.00,99,0,0.00,0,0,0.00,0,0.15,12,7,0.35,21,6,0.30,85.71,0,0.00,0,0,0,0.00,0,17,0.00,87,0.85,11,N/A,N/A,N/A,N/A,0.00,0,0.00,0,0.24,0.00,0,85.17,0.00,17,91,0.14,0.15,3,33,95,0,0,0,0.67,0.70,14,85,143.23,3.29,3.43,69,0,0.00,0.00,99,0.00,0,0,0,0.00,0.00,0,0.00,0.00,0.05,0.05,1,0,0.00,45,93,90,46,87,1.82,32,0.09,0.09,0.24,12,0.01,0.01,35,14,0.67,0.70,0.94,0.90,31,19,0.01,12,57,78,75,0,50,41,0,0.00,99,14,0.00,0.70,4.87,4.67,98,60,17,10,2.98,2.86,61.22,2,0.10,84,0,0.00,0,0.00,99,0,0.00,0.00,30,94,23,72,0,0,0,0,0,28,46,65,59,0,21,75,41,75,6,29,90,4,N/A,N/A
Arthur Gabriel Santana Marcolino,20,1125817200,2005/09/04,Serie A,2026,Defender,Palmeiras,948,618,330,Brazil,16,9,7,0,0,0,0,0,0,0,0,6,3,3,5,3,2,1,0,0,0,0,0,0,0,0.47,190,59,948,0,0.09,310,308,5,17,100000,6.72,0,48,35.51,23.38,49,374,19.31,309,44,29.34,48,0.00,0.00,0.44,7,0.00,2.00,2.47,1.62,26,0.00,0.12,0.00,0.00,0.00,0.75,0.25,0.44,0.00,0.76,0.44,0.56,0.00,0.06,0.03,0.00,0.56,0.00,0.00,0,0,,8,0.50,40,1,0.09,22,7,0.66,46,3,6,10,89,0.00,99,0,12,1.14,73,32,46,3.04,77,0,0.00,99,0,0.00,0,0,0.00,0,0.66,41,9,0.85,43,4,0.38,44.44,0,0.00,0,0,0,0.00,0,7,0.00,97,0.66,4,N/A,N/A,N/A,N/A,0.00,0,0.00,0,0.55,0.00,0,82.62,12.50,22,17,0.69,1.04,11,40,46,0,0,0,0.19,0.28,3,55,107.53,1.44,2.18,23,0,0.00,0.00,99,0.00,0,0,0,0.00,0.00,0,0.00,0.00,0.00,0.00,0,0,0.00,45,44,50,46,97,0.92,32,0.06,0.09,0.55,31,0.03,0.05,52,11,0.69,1.04,1.61,1.06,72,17,0.05,30,43,62,75,0,47,47,0,0.00,99,9,0.00,0.85,8.45,5.56,89,49,56,46,4.65,3.06,55.06,2,0.19,77,0,18.75,0,0.00,99,6,0.38,0.57,71,43,79,72,0,0,0,0,0,28,46,65,59,0,23,85,91,24,1,6,29,56,N/A,N/A
Arthur Izaque,19,1183100400,2007/06/29,Serie A,2026,Forward,Botafogo,0,0,0,Brazil,0,0,0,0,0,0,0,0,0,0,0,0,0,0,0,0,0,0,0,0,0,0,0,0,0,0,0,0,0,0,0,-1,-1,-1,-1,N/A,N/A,N/A,N/A,N/A,N/A,N/A,N/A,N/A,N/A,N/A,N/A,N/A,N/A,N/A,N/A,N/A,N/A,N/A,N/A,N/A,N/A,N/A,N/A,N/A,N/A,N/A,N/A,N/A,N/A,N/A,N/A,N/A,N/A,N/A,N/A,N/A,N/A,N/A,N/A,N/A,N/A,N/A,N/A,N/A,N/A,N/A,N/A,N/A,N/A,N/A,N/A,N/A,N/A,N/A,N/A,N/A,N/A,N/A,N/A,N/A,N/A,N/A,N/A,N/A,N/A,N/A,N/A,N/A,N/A,N/A,N/A,N/A,N/A,N/A,N/A,N/A,N/A,N/A,N/A,N/A,N/A,N/A,N/A,N/A,N/A,N/A,N/A,N/A,N/A,N/A,N/A,N/A,N/A,N/A,N/A,N/A,N/A,N/A,N/A,N/A,N/A,N/A,N/A,N/A,N/A,N/A,N/A,N/A,N/A,N/A,N/A,N/A,N/A,N/A,N/A,N/A,N/A,N/A,N/A,N/A,N/A,N/A,N/A,N/A,N/A,N/A,N/A,N/A,N/A,N/A,N/A,N/A,N/A,N/A,N/A,N/A,N/A,N/A,N/A,N/A,N/A,N/A,N/A,N/A,N/A,N/A,N/A,N/A,N/A,N/A,N/A,N/A,N/A,N/A,N/A,N/A,N/A,N/A,N/A,N/A,N/A,N/A,N/A,N/A,N/A,N/A,N/A,N/A,N/A,N/A,N/A,N/A,N/A,N/A,N/A,N/A,N/A,N/A,N/A,N/A,N/A,N/A,N/A,N/A,N/A,N/A,N/A,N/A,N/A,N/A,N/A,N/A,N/A,N/A,N/A,N/A,N/A,N/A,N/A,N/A,N/A,N/A,N/A,N/A,N/A,N/A,N/A,N/A,N/A,N/A,N/A,N/A,N/A,N/A,N/A,N/A,N/A,N/A,N/A,N/A,N/A,N/A,N/A
Arthur Melo,30,839833200,1996/08/12,Serie A,2026,Midfielder,Grêmio,807,357,450,Brazil,10,5,5,0,0,0,0,0,0,0,0,3,2,1,15,7,8,1,0,0,0,0,0,0,0,1.67,54,81,807,0,0.11,409,415,-1,38,0,6.93,0,48,63.57,57.00,96,570,51.40,514,90,57.32,96,0.00,0.00,0.80,8,0.00,0.40,0.89,0.80,8,0.00,0.70,0.00,0.00,0.00,0.90,0.30,1.50,0.00,0.33,0.30,0.40,0.00,0.00,0.02,0.00,0.60,0.00,0.00,0,0,,3,0.30,15,0,0.00,17,3,0.33,22,1,2,8,26,0.00,99,0,9,1.00,63,4,95,0.45,40,0,0.00,99,0,0.00,0,0,0.00,0,0.89,53,4,0.45,27,3,0.33,75.00,0,0.00,0,0,0,0.00,0,15,0.00,11,1.67,79,N/A,N/A,N/A,N/A,0.00,0,0.00,0,0.16,0.00,0,90.18,0.00,17,20,0.90,1.00,9,37,91,0,0,0,0.10,0.11,1,33,69.28,0.90,1.00,9,0,0.00,0.00,99,0.00,0,0,0,0.00,0.00,0,0.00,0.00,0.11,0.10,1,0,0.00,45,34,17,46,11,1.22,55,0.12,0.14,0.16,16,0.02,0.02,99,31,3.10,3.46,0.89,0.80,29,8,0.02,15,74,37,75,0,65,39,0,0.00,99,6,0.00,0.67,8.59,7.70,77,47,70,48,5.24,4.70,61.04,7,0.78,40,0,50.00,0,0.00,99,2,0.20,0.22,50,32,46,35,0,0,0,0,0,28,46,65,59,0,21,65,88,28,1,10,42,29,0,0
Arthur Monteiro,16,1252566000,2009/09/10,Serie A,2026,Defender,Atlético PR,0,0,0,Brazil,0,0,0,0,0,0,0,0,0,0,0,0,0,0,0,0,0,0,0,0,0,0,0,0,0,0,0,0,0,0,0,-1,-1,-1,-1,N/A,N/A,N/A,N/A,N/A,N/A,N/A,N/A,N/A,N/A,N/A,N/A,N/A,N/A,N/A,N/A,N/A,N/A,N/A,N/A,N/A,N/A,N/A,N/A,N/A,N/A,N/A,N/A,N/A,N/A,N/A,N/A,N/A,N/A,N/A,N/A,N/A,N/A,N/A,N/A,N/A,N/A,N/A,N/A,N/A,N/A,N/A,N/A,N/A,N/A,N/A,N/A,N/A,N/A,N/A,N/A,N/A,N/A,N/A,N/A,N/A,N/A,N/A,N/A,N/A,N/A,N/A,N/A,N/A,N/A,N/A,N/A,N/A,N/A,N/A,N/A,N/A,N/A,N/A,N/A,N/A,N/A,N/A,N/A,N/A,N/A,N/A,N/A,N/A,N/A,N/A,N/A,N/A,N/A,N/A,N/A,N/A,N/A,N/A,N/A,N/A,N/A,N/A,N/A,N/A,N/A,N/A,N/A,N/A,N/A,N/A,N/A,N/A,N/A,N/A,N/A,N/A,N/A,N/A,N/A,N/A,N/A,N/A,N/A,N/A,N/A,N/A,N/A,N/A,N/A,N/A,N/A,N/A,N/A,N/A,N/A,N/A,N/A,N/A,N/A,N/A,N/A,N/A,N/A,N/A,N/A,N/A,N/A,N/A,N/A,N/A,N/A,N/A,N/A,N/A,N/A,N/A,N/A,N/A,N/A,N/A,N/A,N/A,N/A,N/A,N/A,N/A,N/A,N/A,N/A,N/A,N/A,N/A,N/A,N/A,N/A,N/A,N/A,N/A,N/A,N/A,N/A,N/A,N/A,N/A,N/A,N/A,N/A,N/A,N/A,N/A,N/A,N/A,N/A,N/A,N/A,N/A,N/A,N/A,N/A,N/A,N/A,N/A,N/A,N/A,N/A,N/A,N/A,N/A,N/A,N/A,N/A,N/A,N/A,N/A,N/A,N/A,N/A,N/A,N/A,N/A,N/A,N/A,N/A
Artur Victor Guimarães,28,887529600,1998/02/15,Serie A,2026,Forward,São Paulo,1346,504,842,Brazil,18,7,11,3,3,0,1,1,0,0,0,2,2,0,22,4,18,1,0,0.27,0.07,0.2,0.54,0,449,1.47,61,75,1346,1346,0.07,102,179,-1,4,2200000,7.02,0.06,59,31.49,26.17,35,471,21.56,388,41,25.94,37,0.00,0.00,1.44,26,0.00,6.11,1.34,1.11,20,0.00,1.39,0.00,0.00,0.00,0.28,1.00,1.33,11.00,2.21,1.00,2.28,0.00,0.83,0.26,0.00,0.22,0.00,0.00,0,0,,33,1.83,81,15,1.00,91,18,1.20,73,1,4,14,48,0.00,99,0,5,0.33,23,110,39,7.36,98,0,0.00,99,0,0.00,0,0,0.00,0,1.74,86,41,2.74,86,18,1.20,43.90,0,0.00,0,0,0,0.00,0,24,0.00,23,1.60,74,N/A,N/A,N/A,N/A,0.00,0,0.00,0,4.70,0.00,0,82.38,45.45,84,75,0.33,0.40,6,81,43,0,0,0,0.06,0.07,1,27,126.39,0.44,0.53,8,0,0.00,0.00,99,0.00,0,0,1,0.06,0.07,0,0.00,0.00,0.13,0.11,2,1,9.09,62,71,68,69,23,2.50,69,0.14,0.17,4.70,83,0.26,0.31,73,23,1.28,1.54,0.47,0.39,12,7,0.31,81,85,17,82,0,69,11,0,0.00,99,4,0.00,0.27,8.63,7.17,129,65,47,49,4.35,3.61,50.39,25,1.67,8,0,16.36,0,0.00,99,18,1.00,1.20,90,64,65,35,0,0,0,0,0,71,78,65,95,0,91,23,95,22,1,6,29,7,N/A,N/A
Aurélio Buta,29,855561600,1997/02/10,Serie A,2026,Defender,São Paulo,0,0,0,Portugal,0,0,0,0,0,0,0,0,0,0,0,0,0,0,0,0,0,0,0,0,0,0,0,0,0,0,0,0,0,0,0,-1,-1,-1,-1,N/A,N/A,N/A,N/A,N/A,N/A,N/A,N/A,N/A,N/A,N/A,N/A,N/A,N/A,N/A,N/A,N/A,N/A,N/A,N/A,N/A,N/A,N/A,N/A,N/A,N/A,N/A,N/A,N/A,N/A,N/A,N/A,N/A,N/A,N/A,N/A,N/A,N/A,N/A,N/A,N/A,N/A,N/A,N/A,N/A,N/A,N/A,N/A,N/A,N/A,N/A,N/A,N/A,N/A,N/A,N/A,N/A,N/A,N/A,N/A,N/A,N/A,N/A,N/A,N/A,N/A,N/A,N/A,N/A,N/A,N/A,N/A,N/A,N/A,N/A,N/A,N/A,N/A,N/A,N/A,N/A,N/A,N/A,N/A,N/A,N/A,N/A,N/A,N/A,N/A,N/A,N/A,N/A,N/A,N/A,N/A,N/A,N/A,N/A,N/A,N/A,N/A,N/A,N/A,N/A,N/A,N/A,N/A,N/A,N/A,N/A,N/A,N/A,N/A,N/A,N/A,N/A,N/A,N/A,N/A,N/A,N/A,N/A,N/A,N/A,N/A,N/A,N/A,N/A,N/A,N/A,N/A,N/A,N/A,N/A,N/A,N/A,N/A,N/A,N/A,N/A,N/A,N/A,N/A,N/A,N/A,N/A,N/A,N/A,N/A,N/A,N/A,N/A,N/A,N/A,N/A,N/A,N/A,N/A,N/A,N/A,N/A,N/A,N/A,N/A,N/A,N/A,N/A,N/A,N/A,N/A,N/A,N/A,N/A,N/A,N/A,N/A,N/A,N/A,N/A,N/A,N/A,N/A,N/A,N/A,N/A,N/A,N/A,N/A,N/A,N/A,N/A,N/A,N/A,N/A,N/A,N/A,N/A,N/A,N/A,N/A,N/A,N/A,N/A,N/A,N/A,N/A,N/A,N/A,N/A,N/A,N/A,N/A,N/A,N/A,N/A,N/A,N/A,N/A,N/A,N/A,N/A,N/A,N/A
Ayrton Lucas,29,866703600,1997/06/19,Serie A,2026,Defender,Flamengo,738,294,444,Brazil,13,4,9,0,0,0,2,1,1,0,0,7,3,4,5,1,4,0,0,0.24,0.24,0,0,0,0,0.61,148,57,0,369,0,395,42,9,15,1547619,6.28,0.15,91,47.13,29.77,77,387,26.00,338,76,41.16,77,0.00,0.00,0.54,7,0.00,1.31,1.58,1.00,13,0.00,0.38,0.00,0.00,0.00,0.31,0.38,0.46,0.00,1.22,0.54,0.69,0.00,0.23,0.07,0.00,0.69,0.00,0.00,0,0,,10,0.77,56,3,0.37,57,7,0.85,57,3,5,8,59,0.00,99,0,4,0.49,36,17,57,2.07,66,0,0.00,99,0,0.00,0,0,0.00,0,0.85,50,9,1.10,52,5,0.61,55.56,0,0.00,0,0,0,0.00,0,6,0.00,96,0.73,5,N/A,N/A,N/A,N/A,0.00,0,0.00,0,0.85,0.00,0,87.34,30.00,50,64,0.31,0.49,4,58,65,0,0,0,0.31,0.49,4,75,81.61,1.85,2.92,24,0,0.00,0.00,99,0.00,0,0,0,0.00,0.00,0,0.00,0.00,0.00,0.00,0,0,0.00,45,31,30,46,96,2.12,90,0.16,0.26,0.85,50,0.07,0.10,17,3,0.23,0.37,1.46,0.92,63,12,0.10,48,11,73,75,0,47,59,0,0.00,99,9,0.00,1.10,7.31,4.62,60,30,32,34,3.65,2.31,50.00,5,0.61,49,0,23.53,0,0.00,99,4,0.31,0.49,67,32,74,72,0,0,0,0,0,68,46,65,59,0,83,99,15,15,0,0,16,6,N/A,N/A
Bastos,35,670060800,1991/03/27,Serie A,2026,Defender,Botafogo,521,360,161,Angola,6,4,2,0,0,0,0,0,0,0,0,0,0,0,13,7,6,1,0,0,0,0,0,0,0,2.25,40,87,521,0,0.17,236,245,184,30,900000,6.36,0,48,53.38,51.50,86,309,47.17,283,95,48.89,89,0.00,0.00,0.17,1,0.00,0.00,1.73,1.67,10,0.00,0.33,0.00,0.00,0.00,1.00,0.00,2.50,0.00,0.00,0.00,0.17,0.00,0.00,0.00,0.00,0.83,0.00,0.00,0,0,,0,0.00,7,0,0.00,17,0,0.00,7,1,0,6,66,0.00,99,0,6,1.04,67,0,30,0.00,16,0,0.00,99,0,0.00,0,0,0.00,0,0.17,14,1,0.17,14,0,0.00,0.00,0,0.00,0,0,0,0.00,0,15,0.00,1,2.59,93,N/A,N/A,N/A,N/A,0.00,0,0.00,0,0.00,0.00,0,91.59,0.00,17,31,0.83,0.86,5,13,13,0,0,0,0.83,0.86,5,91,38.19,2.00,2.07,12,0,0.00,0.00,99,0.00,0,0,1,0.17,0.17,0,0.00,0.00,0.00,0.00,0,0,0.00,45,13,4,46,1,0.57,36,0.09,0.10,0.00,7,0.00,0.00,16,2,0.33,0.35,1.55,1.50,69,9,0.00,7,13,60,95,0,47,47,0,0.00,99,5,0.00,0.86,6.05,5.83,35,17,16,17,2.94,2.83,48.57,2,0.35,69,0,0.00,0,0.00,99,0,0.00,0.00,30,21,23,35,0,0,0,0,0,28,46,65,59,0,65,5,73,42,1,17,62,15,N/A,N/A
Benjamin Arhin,20,1148886000,2006/05/29,Serie A,2026,Midfielder,Internacional,0,0,0,Ghana,1,1,0,0,0,0,0,0,0,0,0,0,0,0,0,0,0,0,0,0,0,0,0,0,0,0,0,0,0,0,0,-1,-1,-1,-1,0,0.00,0,48,180.00,2.00,99,2,2.00,2,99,180.00,99,0.00,0.00,0.00,0,0.00,0.00,0.00,0.00,0,0.00,0.00,0.00,0.00,0.00,0.00,0.00,0.00,0.00,0.00,0.00,0.00,0.00,0.00,0.00,0.00,0.00,0.00,0.00,0,0,,0,0.00,7,0,0.00,17,0,0.00,7,0,1,0,5,0.00,99,0,0,0.00,10,0,30,0.00,16,0,0.00,99,0,0.00,0,0,0.00,0,0.00,8,0,0.00,9,0,0.00,0.00,0,0.00,0,0,0,0.00,0,0,0.00,99,0.00,0,N/A,N/A,N/A,N/A,0.00,0,0.00,0,0.00,0.00,0,100.00,0.00,17,99,0.00,0.00,0,13,13,0,0,0,0.00,0.00,0,24,0.00,0.00,0.00,0,0,0.00,0.00,99,0.00,0,0,0,0.00,0.00,0,0.00,0.00,0.00,0.00,0,0,0.00,45,0,0,46,0,0.00,0,0.00,0.00,0.00,7,0.00,0.00,1,0,0.00,0.00,90.00,1.00,99,1,0.00,7,0,0,75,0,47,2,0,0.00,99,0,0.00,0.00,90.00,1.00,1,0,0,99,0.00,0.00,0.00,0,0.00,99,0,0.00,0,0.00,99,0,0.00,0.00,30,0,36,12,0,0,0,0,0,28,46,65,59,0,21,5,15,15,0,0,16,33,0,0
Benjamín Rollheiser,26,953884800,2000/03/24,Serie A,2026,Forward,Santos,674,390,284,Argentina,19,10,9,3,0,3,1,0,1,0,0,3,1,2,9,6,3,1,0,0.53,0.13,0.4,0,0.95,225,1.2,75,35,674,674,0.13,32,118,-1,4,1920000,6.90,0.05,74,64.70,25.58,96,486,21.05,400,40,53.25,94,0.00,0.00,1.58,30,0.00,1.95,1.20,0.47,9,0.00,0.47,0.00,0.00,0.00,0.16,0.63,0.58,6.67,2.66,0.68,1.68,0.00,0.37,0.17,0.00,0.16,0.00,0.00,0,0,,20,1.05,90,7,0.93,87,13,1.73,90,1,13,6,43,0.00,99,0,3,0.40,27,37,78,4.93,92,0,0.00,99,0,0.00,0,0,0.00,0,3.99,99,32,4.26,95,12,1.60,37.50,0,0.00,0,0,0,0.00,0,11,0.00,44,1.46,64,N/A,N/A,N/A,N/A,0.00,0,0.00,0,3.29,0.00,0,82.30,35.00,65,35,0.32,0.80,6,90,31,2,0,0,0.11,0.27,2,54,131.07,0.42,1.07,8,0,0.00,0.00,99,0.00,0,2,0,0.00,0.00,0,0.00,0.00,0.13,0.05,1,0,15.00,81,26,74,53,44,2.51,96,0.13,0.33,1.89,75,0.10,0.25,41,6,0.32,0.80,1.46,0.58,63,11,0.44,94,70,39,75,0,69,19,0,0.00,99,3,0.00,0.40,11.45,4.53,86,30,39,79,3.99,1.58,34.88,9,1.20,21,0,32.43,0,0.00,99,12,0.63,1.60,95,21,99,35,0,0,0,0,0,90,93,99,59,0,89,31,83,32,1,5,22,32,N/A,N/A
Bernard Anício Caldeira Duarte,33,715935600,1992/09/08,Serie A,2026,Forward,Atlético Mineiro,1062,463,599,Brazil,20,9,11,2,0,2,3,2,1,0,0,5,2,3,11,8,3,0,0,0.42,0.25,0.17,0,0.3,531,0.93,97,53,0,354,0,133,40,-1,10,1140000,6.81,0.15,92,32.77,19.35,40,387,16.55,331,63,28.02,44,0.00,0.00,1.30,26,0.00,2.70,1.10,0.65,13,0.00,0.95,0.00,0.00,0.00,0.50,0.60,0.60,6.50,1.10,0.50,1.35,0.00,0.15,0.10,0.00,0.05,0.00,0.00,0,0,,13,0.65,52,3,0.25,45,10,0.85,57,1,6,14,37,0.00,99,0,10,0.85,54,54,64,4.57,90,0,0.00,99,0,0.00,0,0,0.00,0,2.20,93,27,2.29,80,12,1.02,44.44,0,0.00,0,0,0,0.00,0,12,0.00,74,1.02,27,N/A,N/A,N/A,N/A,0.00,0,0.00,0,2.05,0.00,0,85.53,23.08,36,6,0.80,1.35,16,77,46,0,0,0,0.05,0.08,1,28,136.24,0.25,0.42,5,0,0.00,0.00,99,0.00,0,0,0,0.00,0.00,0,0.00,0.00,0.17,0.10,2,0,15.38,83,52,82,75,75,3.38,93,0.17,0.29,2.05,64,0.10,0.17,61,15,0.75,1.27,1.19,0.70,50,14,0.17,62,56,10,75,0,78,3,0,0.00,99,1,0.00,0.08,8.97,5.30,106,41,29,54,3.47,2.05,38.68,19,1.61,9,0,25.93,0,0.00,99,14,0.70,1.19,89,64,79,35,0,0,0,0,0,85,71,86,59,0,71,54,15,15,0,0,16,11,N/A,N/A
Bernardo Schons Zortea,19,1174460400,2007/03/21,Serie A,2026,Midfielder,Grêmio,68,46,22,Brazil,3,1,2,0,0,0,0,0,0,0,0,1,1,0,0,0,0,0,0,0,0,0,0,0,0,0,0,23,0,0,0,-1,-1,-1,19,0,6.19,0,48,35.69,11.50,50,23,8.50,17,13,26.38,38,0.00,0.00,0.50,1,0.00,0.00,1.55,0.50,1,0.00,1.00,0.00,0.00,0.00,0.00,0.00,0.00,0.00,1.55,0.50,0.00,0.00,0.00,0.03,0.00,0.00,0.00,0.00,0,0,,1,0.50,67,0,0.00,17,1,1.55,85,1,2,1,57,0.00,99,0,0,0.00,10,0,30,0.00,16,0,0.00,99,0,0.00,0,0,0.00,0,1.55,81,0,0.00,9,0,0.00,0.00,0,0.00,0,0,0,0.00,0,0,0.00,99,0.00,0,N/A,N/A,N/A,N/A,0.00,0,0.00,0,0.05,0.00,0,73.91,0.00,17,0,1.00,3.10,2,13,13,0,0,0,0.00,0.00,0,24,12.37,1.00,3.10,2,1,0.00,1.55,0,0.50,0,0,0,0.00,0.00,0,0.00,0.00,0.00,0.00,0,0,0.00,45,0,0,46,0,0.07,40,0.04,0.11,0.05,41,0.03,0.08,1,0,0.00,0.00,6.21,2.00,99,4,0.08,40,8,74,75,0,47,2,0,0.00,99,0,0.00,0.00,15.52,5.00,10,1,7,97,1.55,0.50,10.00,2,3.10,0,0,0.00,0,0.00,99,0,0.00,0.00,30,0,46,35,0,0,0,0,0,28,46,65,59,0,21,75,15,15,0,0,16,50,0,0
Braian Cufré,29,850636800,1996/12/15,Serie A,2026,Defender,Remo,31,31,0,Argentina,1,1,0,0,0,0,0,0,0,0,0,0,0,0,0,0,0,0,0,0,0,0,0,0,0,0,0,31,0,0,0,-1,-1,-1,24,468000,6.67,0,48,29.03,10.00,27,10,7.00,7,7,20.32,22,0.00,0.00,1.00,1,0.00,2.00,0.00,0.00,0,0.00,0.00,0.00,0.00,0.00,2.00,0.00,0.00,0.00,0.00,0.00,0.00,0.00,0.00,0.00,0.00,0.00,0.00,0.00,0,0,,0,0.00,7,0,0.00,17,0,0.00,7,0,1,0,5,0.00,99,0,2,5.81,99,2,30,5.81,95,0,0.00,99,0,0.00,0,0,0.00,0,2.90,97,0,0.00,9,0,0.00,0.00,0,0.00,0,0,0,0.00,0,0,0.00,99,0.00,0,N/A,N/A,N/A,N/A,0.00,0,0.00,0,0.00,0.00,0,70.00,0.00,17,99,0.00,0.00,0,13,13,0,0,0,0.00,0.00,0,24,6.67,3.00,8.71,3,0,0.00,0.00,99,0.00,0,0,0,0.00,0.00,0,0.00,0.00,0.00,0.00,0,0,0.00,45,0,0,46,0,0.04,45,0.04,0.12,0.00,7,0.00,0.00,1,0,0.00,0.00,2.90,1.00,99,1,0.00,7,36,99,75,0,47,2,0,0.00,99,0,0.00,0.00,2.90,1.00,1,0,0,7,0.00,0.00,0.00,0,0.00,99,0,0.00,0,0.00,99,0,0.00,0.00,30,0,36,12,0,0,0,0,0,28,46,65,59,0,47,5,15,15,0,0,16,24,N/A,N/A
Braian Nahuel Aguirre,26,964767600,2000/07/28,Serie A,2026,Defender,Internacional,619,307,312,Argentina,16,8,8,1,0,1,1,1,0,0,0,4,2,2,7,4,3,2,0,0.29,0.15,0.15,0,0.29,619,1.02,88,39,310,619,0.29,144,101,63,7,600000,6.06,0.06,79,42.39,18.25,64,292,14.44,231,28,33.53,60,0.00,0.00,0.69,11,0.00,2.50,3.05,1.31,21,0.00,0.12,0.00,0.00,0.00,0.44,0.31,0.44,16.00,2.32,0.69,0.44,0.00,0.31,0.12,0.00,0.44,0.00,0.00,0,0,,16,1.00,83,5,0.73,78,11,1.60,86,3,10,6,96,0.00,99,0,7,1.02,64,40,34,5.81,95,0,0.00,99,0,0.00,0,0,0.00,0,1.60,83,7,1.02,48,5,0.73,71.43,0,0.00,0,0,0,0.00,0,7,0.00,63,1.02,27,N/A,N/A,N/A,N/A,0.00,0,0.00,0,1.91,0.00,0,79.11,31.25,52,40,0.31,0.73,5,66,86,0,0,0,0.31,0.73,5,87,96.92,1.31,3.05,21,0,0.00,0.00,99,0.00,0,0,0,0.00,0.00,0,0.00,0.00,0.15,0.06,1,0,6.25,52,21,50,79,63,1.46,82,0.09,0.21,1.91,79,0.12,0.28,28,4,0.25,0.58,1.74,0.75,80,12,0.28,78,6,74,75,0,74,56,0,0.00,99,7,0.00,1.02,9.29,4.00,64,34,65,59,4.94,2.12,53.12,2,0.29,71,0,10.00,0,0.00,99,4,0.25,0.58,72,21,96,72,0,0,0,0,0,75,68,86,59,0,54,54,42,74,2,12,49,35,N/A,N/A
Brayan Felipi Pereira Gravelo,20,1138953600,2006/02/03,Serie A,2026,Forward,Coritiba,0,0,0,Brazil,0,0,0,0,0,0,0,0,0,0,0,0,0,0,0,0,0,0,0,0,0,0,0,0,0,0,0,0,0,0,0,-1,-1,-1,-1,N/A,N/A,N/A,N/A,N/A,N/A,N/A,N/A,N/A,N/A,N/A,N/A,N/A,N/A,N/A,N/A,N/A,N/A,N/A,N/A,N/A,N/A,N/A,N/A,N/A,N/A,N/A,N/A,N/A,N/A,N/A,N/A,N/A,N/A,N/A,N/A,N/A,N/A,N/A,N/A,N/A,N/A,N/A,N/A,N/A,N/A,N/A,N/A,N/A,N/A,N/A,N/A,N/A,N/A,N/A,N/A,N/A,N/A,N/A,N/A,N/A,N/A,N/A,N/A,N/A,N/A,N/A,N/A,N/A,N/A,N/A,N/A,N/A,N/A,N/A,N/A,N/A,N/A,N/A,N/A,N/A,N/A,N/A,N/A,N/A,N/A,N/A,N/A,N/A,N/A,N/A,N/A,N/A,N/A,N/A,N/A,N/A,N/A,N/A,N/A,N/A,N/A,N/A,N/A,N/A,N/A,N/A,N/A,N/A,N/A,N/A,N/A,N/A,N/A,N/A,N/A,N/A,N/A,N/A,N/A,N/A,N/A,N/A,N/A,N/A,N/A,N/A,N/A,N/A,N/A,N/A,N/A,N/A,N/A,N/A,N/A,N/A,N/A,N/A,N/A,N/A,N/A,N/A,N/A,N/A,N/A,N/A,N/A,N/A,N/A,N/A,N/A,N/A,N/A,N/A,N/A,N/A,N/A,N/A,N/A,N/A,N/A,N/A,N/A,N/A,N/A,N/A,N/A,N/A,N/A,N/A,N/A,N/A,N/A,N/A,N/A,N/A,N/A,N/A,N/A,N/A,N/A,N/A,N/A,N/A,N/A,N/A,N/A,N/A,N/A,N/A,N/A,N/A,N/A,N/A,N/A,N/A,N/A,N/A,N/A,N/A,N/A,N/A,N/A,N/A,N/A,N/A,N/A,N/A,N/A,N/A,N/A,N/A,N/A,N/A,N/A,N/A,N/A,N/A,N/A,N/A,N/A,N/A,N/A
Brenner,26,948009600,2000/01/16,Serie A,2026,Forward,Vasco da Gama,630,222,408,Brazil,15,6,9,1,0,1,1,1,0,0,0,2,1,1,13,3,10,1,0,0.29,0.14,0.14,0,0.22,630,1.86,48,42,630,630,0.14,147,102,-1,11,1900000,6.66,0.07,76,21.54,10.07,12,151,8.33,125,45,17.83,18,0.00,0.00,0.87,13,0.00,0.13,1.28,0.60,9,0.00,0.60,0.00,0.00,0.00,0.13,0.13,1.00,17.00,2.42,0.67,0.33,0.00,0.47,0.14,0.00,0.60,0.00,0.00,0,0,,17,1.13,85,7,1.00,91,10,1.43,81,3,9,6,47,0.00,99,0,2,0.29,23,2,99,0.29,31,0,0.00,99,0,0.00,0,0,0.00,0,1.85,88,5,0.71,38,2,0.29,40.00,0,0.00,0,0,0,0.00,0,15,0.00,6,2.14,91,N/A,N/A,N/A,N/A,0.00,0,0.00,0,2.14,0.00,0,82.78,41.18,78,72,0.20,0.43,3,32,37,0,0,0,0.07,0.14,1,40,99.91,0.20,0.43,3,0,0.00,0.00,99,0.00,0,0,2,0.13,0.29,0,0.00,0.00,0.29,0.13,2,0,5.88,51,22,41,80,6,1.32,75,0.09,0.19,2.14,83,0.14,0.31,77,12,0.80,1.71,0.71,0.33,21,5,0.31,81,35,11,99,0,86,66,0,0.00,99,9,0.00,1.28,12.27,5.73,86,31,49,86,4.42,2.07,36.05,9,1.28,19,0,100.00,0,0.00,99,2,0.13,0.29,56,21,94,72,0,0,0,0,0,75,66,80,59,0,89,26,80,35,1,7,31,20,N/A,N/A
Breno de Souza Bidon,21,1108886400,2005/02/20,Serie A,2026,Midfielder,Corinthians,1518,781,737,Brazil,22,11,11,2,2,0,1,1,0,0,0,8,5,3,20,8,12,3,0,0.18,0.06,0.12,0.23,0,759,1.19,76,69,506,1518,0.18,160,196,-1,6,436000,6.79,0.05,55,38.45,29.50,56,649,25.27,556,65,32.94,58,0.00,0.00,0.77,17,0.00,0.64,1.66,1.27,28,0.00,1.14,0.00,0.00,0.00,0.18,0.77,0.91,8.00,0.95,0.59,1.41,0.00,0.14,0.10,0.00,0.41,0.00,0.00,0,0,,16,0.73,48,3,0.18,36,13,0.77,54,2,2,20,62,0.00,99,0,4,0.24,21,14,31,0.83,49,0,0.00,99,0,0.00,0,0,0.00,0,1.01,60,31,1.84,72,17,1.01,54.84,0,0.00,0,0,0,0.00,0,20,0.00,45,1.18,44,N/A,N/A,N/A,N/A,0.00,0,0.00,0,2.22,0.00,0,85.67,18.75,28,19,0.77,1.01,17,76,63,0,0,0,0.23,0.30,5,57,149.37,0.64,0.83,14,0,0.00,0.00,99,0.00,0,0,1,0.05,0.06,0,0.00,0.00,0.12,0.09,2,0,12.50,76,80,94,83,46,2.58,60,0.12,0.15,2.22,57,0.10,0.13,96,51,2.32,3.02,1.60,1.23,72,27,0.13,56,53,28,81,0,68,28,0,0.00,99,9,0.00,0.53,11.91,9.14,201,103,87,85,6.10,4.68,51.24,25,1.48,13,0,7.14,0,0.00,99,1,0.05,0.06,33,91,46,56,0,0,0,0,0,57,63,65,76,0,45,80,72,45,3,14,57,7,N/A,N/A
Breno Lopes,30,822470400,1996/01/24,Serie A,2026,Forward,Coritiba,1490,715,775,Brazil,21,10,11,8,2,6,2,1,1,0,0,6,2,4,17,7,10,3,0,0.6,0.12,0.48,0.25,0.7,186,1.03,88,71,497,745,0.18,20,128,-1,1,1330000,7.02,0.1,71,23.38,18.43,18,387,15.90,334,69,20.17,22,0.00,0.00,1.10,23,0.00,1.95,0.42,0.33,7,0.00,0.67,0.00,0.00,0.00,0.10,0.57,1.00,2.75,1.33,0.43,1.57,0.00,0.62,0.32,0.00,0.33,0.00,0.00,0,0,,22,1.05,60,13,0.79,81,9,0.54,38,1,3,18,12,0.00,99,0,2,0.12,14,41,52,2.48,70,0,0.00,99,0,0.00,0,0,0.00,0,1.39,78,33,1.99,75,12,0.72,36.36,0,0.00,0,0,0,0.00,0,21,0.00,62,1.27,52,N/A,N/A,N/A,N/A,0.00,0,0.00,0,6.63,0.00,0,86.30,59.09,97,35,0.62,0.79,13,65,29,0,0,0,0.14,0.18,3,44,147.34,0.33,0.42,7,0,0.00,0.00,99,0.00,0,0,0,0.00,0.00,0,0.00,0.00,0.60,0.48,10,1,36.36,99,79,90,50,63,2.68,65,0.13,0.16,6.63,91,0.32,0.40,80,30,1.43,1.81,0.48,0.38,13,8,0.40,90,85,10,75,0,94,20,0,0.00,99,7,0.00,0.42,7.37,5.81,122,56,26,34,3.38,2.67,45.90,14,0.85,38,0,21.95,0,0.00,99,9,0.43,0.54,70,84,56,35,0,2,0,10,0,95,96,98,79,0,79,64,71,45,3,14,57,77,N/A,N/A
Breno Souza,18,1214377200,2008/06/25,Serie A,2026,Defender,Bragantino,8,0,8,Brazil,2,0,2,0,0,0,0,0,0,0,0,1,0,1,0,0,0,0,0,0,0,0,0,0,0,0,0,4,0,0,0,-1,-1,-1,18,0,0.00,0,48,45.00,1.00,72,1,1.00,1,99,45.00,82,0.00,0.00,0.00,0,0.00,0.00,0.00,0.00,0,0.00,0.00,0.00,0.00,0.00,1.00,0.00,0.00,0.00,0.00,0.00,0.00,0.00,0.00,0.00,0.00,0.00,0.00,0.00,0,0,,0,0.00,7,0,0.00,17,0,0.00,7,0,2,0,5,0.00,99,0,1,45.00,99,0,30,0.00,16,0,0.00,99,0,0.00,0,0,0.00,0,0.00,8,0,0.00,9,0,0.00,0.00,0,0.00,0,0,0,0.00,0,0,0.00,99,0.00,0,N/A,N/A,N/A,N/A,0.00,0,0.00,0,0.00,0.00,0,100.00,0.00,17,99,0.00,0.00,0,13,13,0,0,0,0.00,0.00,0,24,0.00,0.00,0.00,0,0,0.00,0.00,99,0.00,0,0,0,0.00,0.00,0,0.00,0.00,0.00,0.00,0,0,0.00,45,0,0,46,0,0.00,0,0.00,0.00,0.00,7,0.00,0.00,99,1,1.00,45.00,45.00,1.00,99,1,0.00,7,0,0,75,0,47,2,0,0.00,99,0,0.00,0.00,90.00,2.00,2,1,99,99,45.00,1.00,50.00,0,0.00,99,0,0.00,0,0.00,99,0,0.00,0.00,30,0,46,12,0,0,0,0,0,28,46,65,59,0,21,98,15,15,0,0,16,46,0,0
Brian Ocampo,27,930294000,1999/06/25,Serie A,2026,Forward,Coritiba,35,35,0,Uruguay,3,3,0,0,0,0,0,0,0,0,0,0,0,0,0,0,0,0,0,0,0,0,0,0,0,0,0,12,0,0,0,-1,-1,-1,15,0,6.65,0,48,46.29,6.00,75,18,5.33,16,83,41.14,77,0.00,0.00,0.33,1,0.00,1.33,2.57,0.33,1,0.00,0.00,0.00,0.00,0.00,0.00,0.33,0.33,0.00,5.14,0.67,1.00,0.00,0.00,0.03,0.00,0.67,0.00,0.00,0,0,,2,0.67,99,0,0.00,17,2,5.14,99,3,3,0,92,0.00,99,0,0,0.00,10,4,95,10.29,99,0,0.00,99,0,0.00,0,0,0.00,0,2.57,96,3,7.71,99,1,2.57,33.33,0,0.00,0,0,0,0.00,0,1,0.00,99,2.57,93,N/A,N/A,N/A,N/A,0.00,0,0.00,0,0.09,0.00,0,88.89,0.00,17,99,0.00,0.00,0,98,27,0,0,0,0.00,0.00,0,24,19.95,0.00,0.00,0,0,0.00,0.00,99,0.00,0,0,0,0.00,0.00,0,0.00,0.00,0.00,0.00,0,0,0.00,45,0,0,46,0,0.07,72,0.02,0.18,0.09,74,0.03,0.23,93,1,0.33,2.57,2.57,0.33,98,1,0.23,72,34,0,75,0,47,99,0,0.00,99,2,0.00,5.14,23.14,3.00,9,5,99,99,12.86,1.67,55.56,0,0.00,99,0,50.00,0,0.00,99,2,0.67,5.14,99,0,56,72,0,0,0,0,0,28,46,65,59,0,21,5,15,15,0,0,16,17,0,0
Bruno André Azevedo Ribeiro,19,1167724800,2007/01/02,Serie A,2026,Defender,Vasco da Gama,0,0,0,Brazil,0,0,0,0,0,0,0,0,0,0,0,0,0,0,0,0,0,0,0,0,0,0,0,0,0,0,0,0,0,0,0,-1,-1,-1,-1,N/A,N/A,N/A,N/A,N/A,N/A,N/A,N/A,N/A,N/A,N/A,N/A,N/A,N/A,N/A,N/A,N/A,N/A,N/A,N/A,N/A,N/A,N/A,N/A,N/A,N/A,N/A,N/A,N/A,N/A,N/A,N/A,N/A,N/A,N/A,N/A,N/A,N/A,N/A,N/A,N/A,N/A,N/A,N/A,N/A,N/A,N/A,N/A,N/A,N/A,N/A,N/A,N/A,N/A,N/A,N/A,N/A,N/A,N/A,N/A,N/A,N/A,N/A,N/A,N/A,N/A,N/A,N/A,N/A,N/A,N/A,N/A,N/A,N/A,N/A,N/A,N/A,N/A,N/A,N/A,N/A,N/A,N/A,N/A,N/A,N/A,N/A,N/A,N/A,N/A,N/A,N/A,N/A,N/A,N/A,N/A,N/A,N/A,N/A,N/A,N/A,N/A,N/A,N/A,N/A,N/A,N/A,N/A,N/A,N/A,N/A,N/A,N/A,N/A,N/A,N/A,N/A,N/A,N/A,N/A,N/A,N/A,N/A,N/A,N/A,N/A,N/A,N/A,N/A,N/A,N/A,N/A,N/A,N/A,N/A,N/A,N/A,N/A,N/A,N/A,N/A,N/A,N/A,N/A,N/A,N/A,N/A,N/A,N/A,N/A,N/A,N/A,N/A,N/A,N/A,N/A,N/A,N/A,N/A,N/A,N/A,N/A,N/A,N/A,N/A,N/A,N/A,N/A,N/A,N/A,N/A,N/A,N/A,N/A,N/A,N/A,N/A,N/A,N/A,N/A,N/A,N/A,N/A,N/A,N/A,N/A,N/A,N/A,N/A,N/A,N/A,N/A,N/A,N/A,N/A,N/A,N/A,N/A,N/A,N/A,N/A,N/A,N/A,N/A,N/A,N/A,N/A,N/A,N/A,N/A,N/A,N/A,N/A,N/A,N/A,N/A,N/A,N/A,N/A,N/A,N/A,N/A,N/A,N/A
Bruno Ferreira Alves,21,1123138800,2005/08/04,Serie A,2026,Defender,Cruzeiro,0,0,0,Brazil,0,0,0,0,0,0,0,0,0,0,0,0,0,0,0,0,0,0,0,0,0,0,0,0,0,0,0,0,0,0,0,-1,-1,-1,-1,N/A,N/A,N/A,N/A,N/A,N/A,N/A,N/A,N/A,N/A,N/A,N/A,N/A,N/A,N/A,N/A,N/A,N/A,N/A,N/A,N/A,N/A,N/A,N/A,N/A,N/A,N/A,N/A,N/A,N/A,N/A,N/A,N/A,N/A,N/A,N/A,N/A,N/A,N/A,N/A,N/A,N/A,N/A,N/A,N/A,N/A,N/A,N/A,N/A,N/A,N/A,N/A,N/A,N/A,N/A,N/A,N/A,N/A,N/A,N/A,N/A,N/A,N/A,N/A,N/A,N/A,N/A,N/A,N/A,N/A,N/A,N/A,N/A,N/A,N/A,N/A,N/A,N/A,N/A,N/A,N/A,N/A,N/A,N/A,N/A,N/A,N/A,N/A,N/A,N/A,N/A,N/A,N/A,N/A,N/A,N/A,N/A,N/A,N/A,N/A,N/A,N/A,N/A,N/A,N/A,N/A,N/A,N/A,N/A,N/A,N/A,N/A,N/A,N/A,N/A,N/A,N/A,N/A,N/A,N/A,N/A,N/A,N/A,N/A,N/A,N/A,N/A,N/A,N/A,N/A,N/A,N/A,N/A,N/A,N/A,N/A,N/A,N/A,N/A,N/A,N/A,N/A,N/A,N/A,N/A,N/A,N/A,N/A,N/A,N/A,N/A,N/A,N/A,N/A,N/A,N/A,N/A,N/A,N/A,N/A,N/A,N/A,N/A,N/A,N/A,N/A,N/A,N/A,N/A,N/A,N/A,N/A,N/A,N/A,N/A,N/A,N/A,N/A,N/A,N/A,N/A,N/A,N/A,N/A,N/A,N/A,N/A,N/A,N/A,N/A,N/A,N/A,N/A,N/A,N/A,N/A,N/A,N/A,N/A,N/A,N/A,N/A,N/A,N/A,N/A,N/A,N/A,N/A,N/A,N/A,N/A,N/A,N/A,N/A,N/A,N/A,N/A,N/A,N/A,N/A,N/A,N/A,N/A,N/A
Bruno Ferreira Melo,33,720086400,1992/10/26,Serie A,2026,Defender,Coritiba,1726,819,907,Brazil,22,11,11,1,1,0,1,0,1,0,0,6,2,4,17,6,11,3,1,0.1,0.05,0.05,0.11,0,1726,0.89,102,78,432,1726,0.21,220,204,41,7,332000,6.67,0.05,51,36.14,31.50,51,693,25.55,562,34,29.30,47,0.00,0.00,0.55,12,0.00,0.77,1.25,1.09,24,0.00,0.23,0.00,0.00,0.00,0.55,0.14,0.95,11.00,0.57,0.45,0.32,0.00,0.05,0.05,0.00,1.32,0.00,0.00,0,0,,11,0.50,28,1,0.05,18,10,0.52,37,3,0,22,46,0.00,99,0,12,0.63,43,17,74,0.89,51,0,0.00,99,0,0.00,0,0,0.00,0,0.63,40,7,0.37,22,3,0.16,42.86,0,0.00,0,0,0,0.00,0,21,0.00,78,1.10,35,N/A,N/A,N/A,N/A,0.00,0,0.00,0,1.20,0.00,0,81.10,9.09,19,84,0.23,0.26,5,22,42,0,0,0,0.27,0.31,6,59,146.82,3.55,4.07,78,0,0.00,0.00,99,0.00,0,0,0,0.00,0.00,0,0.00,0.00,0.16,0.14,3,0,9.09,62,90,94,98,78,2.38,45,0.11,0.12,1.20,35,0.05,0.06,34,13,0.59,0.68,0.47,0.41,12,9,0.06,34,36,82,75,0,76,72,0,0.00,99,29,0.00,1.51,5.79,5.05,111,68,30,14,3.55,3.09,61.26,5,0.26,73,0,29.41,0,0.00,99,5,0.23,0.26,53,96,23,72,0,0,0,0,0,41,49,65,63,0,38,58,63,55,2,9,36,26,N/A,N/A
Bruno Fuchs,27,922953600,1999/04/01,Serie A,2026,Defender,Palmeiras,505,309,196,Brazil,7,4,3,0,0,0,0,0,0,0,0,4,3,1,3,1,2,0,0,0,0,0,0,0,0,0.53,168,72,0,0,0,307,305,8,26,1100000,6.89,0,48,45.45,36.43,73,255,32.43,227,84,40.46,76,0.00,0.00,0.14,1,0.00,0.29,1.43,1.14,8,0.00,0.00,0.00,0.00,0.00,0.86,0.00,0.43,0.00,0.00,0.00,0.00,0.00,0.00,0.00,0.00,0.57,0.00,0.00,0,0,,0,0.00,7,0,0.00,17,0,0.00,7,0,2,5,52,0.00,99,0,6,1.07,69,2,95,0.36,35,0,0.00,99,0,0.00,0,0,0.00,0,0.18,15,0,0.00,9,0,0.00,0.00,0,0.00,0,0,0,0.00,0,3,0.00,97,0.53,2,N/A,N/A,N/A,N/A,0.00,0,0.00,0,0.00,0.00,0,89.02,0.00,17,89,0.14,0.18,1,13,13,0,0,0,0.71,0.89,5,92,48.24,4.00,4.99,28,0,0.00,0.00,99,0.00,0,0,0,0.00,0.00,0,0.00,0.00,0.00,0.00,0,0,0.00,45,12,6,46,97,0.60,40,0.09,0.11,0.00,7,0.00,0.00,7,1,0.14,0.18,0.89,0.71,29,5,0.00,7,68,88,75,0,47,41,0,0.00,99,4,0.00,0.71,4.10,3.29,23,13,9,8,2.32,1.86,56.52,0,0.00,99,0,50.00,0,0.00,99,1,0.14,0.18,46,14,46,12,0,0,0,0,0,28,46,65,59,0,71,99,15,15,0,0,16,3,N/A,N/A
Bruno Gomes da Silva Clevelário,25,986367600,2001/04/04,Serie A,2026,Defender,Internacional,1976,1058,918,Brazil,24,13,11,0,0,0,0,0,0,0,0,6,4,2,25,11,14,3,0,0,0,0,0,0,0,1.14,79,82,659,0,0.14,337,346,89,28,371428,6.97,0,48,45.96,42.04,75,1009,34.67,832,42,37.89,71,0.00,0.00,1.12,27,0.00,1.92,2.51,2.29,55,0.00,0.67,0.00,0.00,0.00,0.92,0.62,1.08,0.00,0.77,0.67,1.25,0.00,0.04,0.04,0.00,1.04,0.00,0.00,0,0,,17,0.71,40,1,0.05,18,16,0.73,51,4,1,23,90,0.00,99,0,22,1.00,63,46,69,2.10,66,0,0.00,99,0,0.00,0,0,0.00,0,1.23,70,30,1.37,61,15,0.68,50.00,0,0.00,0,0,0,0.00,0,26,0.00,50,1.18,44,N/A,N/A,N/A,N/A,0.00,0,0.00,0,0.97,0.00,0,82.46,5.88,17,33,0.75,0.82,18,62,59,0,0,0,0.38,0.41,9,67,167.36,2.08,2.28,50,0,0.00,0.00,99,0.00,0,0,1,0.04,0.05,0,0.00,0.00,0.00,0.00,0,0,0.00,45,97,99,46,50,2.71,45,0.11,0.12,0.97,26,0.04,0.04,81,40,1.67,1.82,1.14,1.04,46,25,0.04,25,80,64,77,0,47,61,0,0.00,99,25,0.00,1.14,10.25,9.38,225,135,88,68,6.15,5.62,60.00,16,0.73,44,0,28.26,0,0.00,99,13,0.54,0.59,73,99,36,83,0,0,0,0,0,28,46,65,59,0,40,54,81,35,3,12,49,15,N/A,N/A
Bruno Henrique Corsini,36,624956400,1989/10/21,Serie A,2026,Midfielder,Internacional,1245,698,547,Brazil,21,11,10,0,0,0,1,0,1,0,0,6,4,2,10,2,8,0,0,0.07,0.07,0,0,0,0,0.72,125,59,0,1245,0,336,170,-1,29,1500000,6.74,0.05,59,30.89,20.33,34,427,16.62,349,37,25.25,35,0.00,0.00,0.71,15,0.00,2.52,1.45,0.95,20,0.00,0.33,0.00,0.00,0.00,0.62,0.14,0.48,0.00,1.59,0.81,0.24,0.00,0.24,0.06,0.00,0.43,0.00,0.00,0,0,,22,1.05,68,5,0.36,55,17,1.23,75,4,6,15,53,0.00,99,0,13,0.94,59,53,46,3.83,84,0,0.00,99,0,0.00,0,0,0.00,0,1.09,63,5,0.36,21,3,0.22,60.00,0,0.00,0,0,0,0.00,0,10,0.00,92,0.72,5,N/A,N/A,N/A,N/A,0.00,0,0.00,0,1.30,0.00,0,81.73,22.73,34,23,0.62,0.94,13,26,72,0,0,0,0.29,0.43,6,71,141.45,0.95,1.45,20,0,0.00,0.00,99,0.00,0,0,0,0.00,0.00,0,0.00,0.00,0.07,0.05,1,0,0.00,45,62,90,46,92,1.75,51,0.08,0.13,1.30,46,0.06,0.09,24,7,0.33,0.51,2.10,1.38,91,29,0.09,44,47,50,75,0,57,37,0,0.00,99,9,0.00,0.65,7.38,4.86,102,38,14,35,2.75,1.81,37.25,7,0.51,56,0,18.87,0,0.00,99,10,0.48,0.72,79,69,79,83,0,0,0,0,0,35,46,65,59,0,82,64,15,15,0,0,16,8,N/A,N/A
Bruno Henrique Pinto,35,662544000,1990/12/30,Serie A,2026,Forward,Flamengo,555,345,210,Brazil,17,8,9,1,1,0,3,0,3,0,0,6,3,3,6,4,2,3,0,0.65,0.49,0.16,0.26,0,555,0.97,93,33,185,185,0.49,139,4,-1,11,3714285,6.37,0.18,99,26.48,9.59,23,163,7.88,134,39,21.77,25,0.00,0.00,0.71,12,0.00,0.59,1.62,0.59,10,0.00,0.65,0.00,0.00,0.00,0.18,0.41,0.53,15.00,2.44,0.65,0.94,0.00,0.24,0.10,0.00,0.76,0.00,0.00,0,0,,15,0.88,85,4,0.65,75,11,1.79,91,3,13,4,62,0.00,99,0,3,0.49,36,10,49,1.62,60,0,0.00,99,0,0.00,0,0,0.00,0,1.95,90,16,2.60,85,7,1.14,43.75,0,0.00,0,0,0,0.00,0,9,0.00,71,1.46,64,N/A,N/A,N/A,N/A,0.00,0,0.00,0,1.63,0.00,0,82.21,26.67,42,34,0.29,0.81,5,80,43,0,0,0,0.00,0.00,0,24,108.37,0.82,2.27,14,0,0.00,0.00,99,0.00,0,0,0,0.00,0.00,0,0.00,0.00,0.65,0.24,4,0,6.67,53,16,61,77,71,2.56,99,0.15,0.42,1.63,77,0.10,0.26,79,11,0.65,1.79,2.11,0.76,91,13,0.26,76,14,64,75,0,95,86,0,0.00,99,13,0.00,2.11,14.46,5.24,89,41,92,95,6.66,2.41,46.07,11,1.79,6,0,20.00,0,0.00,99,2,0.12,0.32,58,8,99,72,0,0,0,0,0,97,69,65,80,0,98,78,23,93,3,18,67,27,N/A,N/A
Bruno Leonardo dos Santos Covas,30,833698800,1996/06/02,Serie A,2026,Defender,Chapecoense,1311,720,591,Brazil,15,8,7,0,0,0,0,0,0,0,0,1,1,0,28,16,12,3,0,0,0,0,0,0,0,1.92,47,87,437,0,0.21,423,402,174,31,124800,6.65,0,48,45.38,44.07,73,661,39.47,592,88,40.64,76,0.00,0.00,0.27,4,0.00,0.07,0.89,0.87,13,0.00,0.27,0.00,0.00,0.00,1.20,0.07,2.00,0.00,0.14,0.07,0.20,0.00,0.07,0.01,0.00,2.27,0.00,0.00,0,0,,2,0.13,9,1,0.07,20,1,0.07,8,1,0,15,26,0.00,99,0,18,1.24,81,1,30,0.07,18,0,0.00,99,0,0.00,0,0,0.00,0,0.27,21,3,0.21,15,1,0.07,33.33,0,0.00,0,0,0,0.00,0,30,0.00,5,2.06,90,N/A,N/A,N/A,N/A,0.00,0,0.00,0,0.16,0.00,0,89.56,50.00,92,74,0.40,0.41,6,15,27,0,0,0,0.87,0.89,13,92,99.69,6.47,6.66,97,1,0.00,0.07,6,0.07,0,0,0,0.00,0.00,0,0.00,0.00,0.07,0.07,1,0,0.00,45,69,41,46,5,1.22,22,0.08,0.08,0.16,12,0.01,0.01,35,10,0.67,0.69,1.03,1.00,37,15,0.01,12,34,97,75,0,57,89,0,0.00,99,34,0.00,2.33,6.93,6.73,101,58,39,27,3.98,3.87,57.43,4,0.27,72,0,0.00,0,0.00,99,0,0.00,0.00,30,69,23,35,0,0,0,0,0,28,46,65,59,0,25,12,64,55,3,20,74,33,N/A,N/A
Bruno Lopes Ferreira,19,1185346800,2007/07/25,Serie A,2026,Forward,Vasco da Gama,21,21,0,Brazil,1,1,0,0,0,0,0,0,0,0,0,0,0,0,0,0,0,0,0,0,0,0,0,0,0,0,0,21,0,0,0,-1,-1,-1,17,0,6.48,0,48,8.57,2.00,0,2,1.00,1,0,4.29,0,0.00,0.00,0.00,0,0.00,0.00,0.00,0.00,0,0.00,0.00,0.00,0.00,0.00,0.00,1.00,0.00,0.00,8.57,1.00,1.00,0.00,1.00,0.17,0.00,1.00,0.00,0.00,0,0,,2,2.00,99,1,4.29,99,1,4.29,99,0,1,0,5,0.00,99,0,0,0.00,10,0,30,0.00,16,0,0.00,99,0,0.00,0,0,0.00,0,0.00,8,1,4.29,95,1,4.29,100.00,0,0.00,0,0,0,0.00,0,0,0.00,99,0.00,0,N/A,N/A,N/A,N/A,0.00,0,0.00,0,0.17,0.00,0,50.00,50.00,92,0,1.00,4.29,1,99,99,0,0,0,0.00,0.00,0,24,6.48,0.00,0.00,0,0,0.00,0.00,99,0.00,0,0,0,0.00,0.00,0,0.00,0.00,0.00,0.00,0,0,0.00,45,0,0,46,0,0.00,0,0.00,0.00,0.17,99,0.17,0.73,1,0,0.00,0.00,4.29,1.00,99,1,0.73,99,19,0,75,0,47,99,0,0.00,99,1,0.00,4.29,17.14,4.00,4,2,98,99,8.57,2.00,50.00,0,0.00,99,0,0.00,0,0.00,99,0,0.00,0.00,30,0,36,12,0,0,0,0,0,28,46,65,59,0,21,5,15,15,0,0,16,72,0,0
Bruno Matias dos Santos,27,919843200,1999/02/24,Serie A,2026,Midfielder,Chapecoense,317,93,224,Brazil,6,3,3,0,0,0,0,0,0,0,0,1,1,0,8,3,5,1,0,0,0,0,0,0,0,2.27,40,53,317,0,0.28,271,215,-1,20,0,6.46,0,48,43.85,22.17,69,133,19.83,119,87,39.23,73,0.00,0.00,0.17,1,0.00,0.00,2.31,1.17,7,0.00,0.00,0.00,0.00,0.00,0.00,0.00,1.33,0.00,1.98,1.00,0.17,0.00,0.00,0.06,0.00,0.00,0.00,0.00,0,0,,6,1.00,75,0,0.00,17,6,1.98,95,1,3,3,85,0.00,99,0,0,0.00,10,0,30,0.00,16,0,0.00,99,0,0.00,0,0,0.00,0,0.33,24,1,0.33,20,0,0.00,0.00,0,0.00,0,0,0,0.00,0,8,0.00,0,2.64,93,N/A,N/A,N/A,N/A,0.00,0,0.00,0,0.34,0.00,0,89.47,0.00,17,7,0.67,1.32,4,13,13,0,0,0,0.00,0.00,0,24,38.79,1.17,2.31,7,2,0.00,0.66,0,0.33,0,0,0,0.00,0.00,0,0.00,0.00,0.00,0.00,0,0,0.00,45,0,4,46,1,0.29,36,0.05,0.10,0.34,52,0.06,0.11,49,3,0.50,0.99,1.65,0.83,74,5,0.11,50,18,65,75,0,47,2,0,0.00,99,0,0.00,0.00,6.59,3.33,20,10,25,22,3.30,1.67,50.00,0,0.00,99,0,0.00,0,0.00,99,0,0.00,0.00,30,3,56,35,0,0,0,0,0,28,46,65,59,0,21,32,44,71,1,17,62,16,0,0
Bruno Nunes de Barros,31,794390400,1995/03/05,Serie A,2026,Forward,Chapecoense,90,0,90,Brazil,1,0,1,0,0,0,0,0,0,0,0,0,0,0,2,0,2,1,0,0,0,0,0,0,0,2,45,90,90,0,1,-1,-1,-1,21,0,6.61,0,48,39.00,39.00,58,39,28.00,28,10,28.00,44,0.00,0.00,0.00,0,0.00,4.00,4.00,4.00,4,0.00,0.00,0.00,0.00,0.00,4.00,1.00,2.00,0.00,1.00,0.00,3.00,0.00,1.00,0.13,0.00,2.00,0.00,0.00,0,0,,1,1.00,50,1,1.00,91,0,0.00,7,0,0,1,99,0.00,99,0,4,4.00,99,4,30,4.00,86,0,0.00,99,0,0.00,0,0,0.00,0,0.00,8,3,3.00,89,1,1.00,33.33,0,0.00,0,0,0,0.00,0,2,0.00,3,2.00,88,N/A,N/A,N/A,N/A,0.00,0,0.00,0,0.13,0.00,0,71.79,100.00,99,20,1.00,1.00,1,76,27,0,0,0,0.00,0.00,0,24,6.61,3.00,3.00,3,0,0.00,0.00,99,0.00,0,0,0,0.00,0.00,0,0.00,0.00,0.00,0.00,0,0,0.00,45,0,0,46,3,0.05,10,0.05,0.05,0.13,57,0.13,0.13,1,0,0.00,0.00,2.00,2.00,89,2,0.13,56,26,73,75,0,47,84,0,0.00,99,2,0.00,2.00,12.00,12.00,12,7,94,85,7.00,7.00,58.33,0,0.00,99,0,0.00,0,0.00,99,0,0.00,0.00,30,0,23,12,0,0,0,0,0,28,46,65,59,0,21,5,15,99,1,100,99,20,0,0
Bruno Pacheco,34,692179200,1991/12/08,Serie A,2026,Defender,Chapecoense,1025,508,517,Brazil,15,7,8,1,1,0,3,2,1,0,0,1,1,0,24,13,11,2,0,0.35,0.26,0.09,0.18,0,1025,2.11,43,68,513,342,0.18,184,38,181,11,345600,6.71,0.2,93,34.24,26.00,44,390,21.53,323,45,28.36,45,0.00,0.00,0.73,11,0.00,1.93,1.84,1.40,21,0.00,0.80,0.00,0.00,0.00,0.67,1.00,1.60,4.00,0.35,0.20,1.40,0.00,0.07,0.06,0.00,1.47,0.00,0.00,0,0,,4,0.27,16,1,0.09,22,3,0.26,17,2,4,11,71,0.00,99,0,10,0.88,55,29,85,2.55,71,0,0.00,99,0,0.00,0,0,0.00,0,0.97,58,21,1.84,72,15,1.32,71.43,0,0.00,0,0,0,0.00,0,24,0.00,1,2.11,90,N/A,N/A,N/A,N/A,0.00,0,0.00,0,0.83,0.00,0,82.82,25.00,41,22,0.73,0.97,11,84,86,0,0,0,0.27,0.35,4,63,100.62,1.80,2.37,27,0,0.00,0.00,99,0.00,0,0,0,0.00,0.00,0,0.00,0.00,0.09,0.07,1,0,25.00,96,49,41,89,2,2.81,89,0.19,0.25,0.83,39,0.06,0.07,64,15,1.00,1.32,1.05,0.80,40,12,0.07,38,41,66,75,0,61,82,0,0.00,99,22,0.00,1.93,11.15,8.47,127,72,90,77,6.32,4.80,56.69,12,1.05,27,0,34.48,0,0.00,99,10,0.67,0.88,83,48,65,56,0,0,0,0,0,79,58,65,71,0,38,12,73,45,2,13,52,91,N/A,N/A
Bruno Rafael Rodrigues do Nascimento,29,857721600,1997/03/07,Serie A,2026,Forward,Cruzeiro,504,326,178,Brazil,15,11,4,1,0,1,2,1,1,0,0,5,3,2,7,5,2,0,0,0.54,0.36,0.18,0,0.51,504,1.25,72,34,0,252,0,118,14,-1,8,0,6.69,0.13,97,29.82,11.13,29,167,7.93,119,9,21.25,24,0.00,0.00,0.33,5,0.00,0.67,1.25,0.47,7,0.00,0.33,0.00,0.00,0.00,0.07,0.20,0.47,9.00,1.61,0.40,0.73,0.00,0.20,0.08,0.00,0.80,0.00,0.00,0,0,,9,0.60,69,3,0.54,70,6,1.07,69,1,11,4,46,0.00,99,0,1,0.18,17,10,30,1.79,62,0,0.00,99,0,0.00,0,0,0.00,0,0.89,53,11,1.96,75,3,0.54,27.27,0,0.00,0,0,0,0.00,0,7,0.00,39,1.25,50,N/A,N/A,N/A,N/A,0.00,0,0.00,0,1.26,0.00,0,71.26,33.33,62,58,0.20,0.54,3,53,19,0,0,0,0.00,0.00,0,24,100.29,0.13,0.36,2,0,0.00,0.00,99,0.00,0,0,0,0.00,0.00,0,0.00,0.00,1.07,0.40,6,0,11.11,70,12,41,74,39,1.66,94,0.11,0.30,1.26,74,0.08,0.23,90,13,0.87,2.32,1.43,0.53,61,8,0.23,72,38,7,75,0,99,86,0,0.00,99,12,0.00,2.14,12.14,4.53,68,34,86,86,6.07,2.27,50.00,5,0.89,36,0,0.00,0,0.00,99,0,0.00,0.00,30,8,97,35,0,0,0,0,0,91,74,96,59,0,21,75,15,15,0,0,16,11,0,0
Bruno Ramos,18,1218870000,2008/08/16,Serie A,2026,Forward,Atlético PR,309,223,86,Brazil,9,6,3,0,0,0,0,0,0,0,0,2,2,0,2,1,1,0,0,0,0,0,0,0,0,0.58,155,34,0,0,0,246,292,-1,14,35000,5.83,0,48,25.13,10.75,20,86,8.75,70,35,20.45,23,0.00,0.00,0.50,4,0.00,0.62,1.17,0.50,4,0.00,0.88,0.00,0.00,0.00,0.12,1.38,0.38,0.00,2.63,0.25,3.25,0.00,0.88,0.15,0.00,0.38,0.00,0.00,0,0,,9,1.12,89,7,2.05,99,2,0.58,42,1,6,3,42,0.00,99,0,1,0.29,23,5,49,1.46,58,0,0.00,99,0,0.00,0,0,0.00,0,1.17,67,26,7.60,99,11,3.21,42.31,0,0.00,0,0,0,0.00,0,3,0.00,96,0.88,13,N/A,N/A,N/A,N/A,0.00,0,0.00,0,1.19,0.00,0,81.40,77.78,99,82,0.12,0.29,1,99,39,0,0,0,0.00,0.00,0,24,46.61,0.12,0.29,1,0,0.00,0.00,99,0.00,0,0,0,0.00,0.00,0,0.00,0.00,0.29,0.12,1,0,0.00,45,0,12,46,96,0.28,22,0.04,0.08,1.19,87,0.15,0.35,69,5,0.62,1.46,1.46,0.62,63,5,0.35,85,3,5,75,0,86,48,0,0.00,99,3,0.00,0.88,15.49,6.62,53,23,92,97,6.72,2.88,43.40,7,2.05,5,0,20.00,0,0.00,99,1,0.12,0.29,56,3,79,35,0,0,0,0,0,28,46,65,59,0,21,46,15,15,0,0,16,48,N/A,N/A
Bruno Santos de Oliveira,29,848304000,1996/11/18,Serie A,2026,Forward,Mirassol,492,255,237,Brazil,6,3,3,1,1,0,0,0,0,0,0,0,0,0,9,6,3,0,0,0.18,0,0.18,0.35,0,492,1.65,55,82,0,0,0,125,224,-1,7,0,6.65,0,48,15.91,14.50,6,87,11.00,66,17,12.07,6,0.00,0.00,1.00,6,0.00,1.00,0.55,0.50,3,0.00,2.17,0.00,0.00,0.00,0.17,0.50,1.50,9.00,1.65,1.00,2.17,0.00,0.50,0.21,0.00,1.00,0.00,0.00,0,0,,9,1.50,70,3,0.55,71,6,1.10,70,2,0,6,15,0.00,99,0,1,0.18,17,6,84,1.10,54,0,0.00,99,0,0.00,0,0,0.00,0,1.10,64,13,2.38,82,3,0.55,23.08,0,0.00,0,0,0,0.00,0,9,0.00,11,1.65,78,N/A,N/A,N/A,N/A,0.00,0,0.00,0,1.27,0.00,0,75.86,33.33,62,89,0.17,0.18,1,55,16,0,0,0,0.00,0.00,0,24,39.90,0.50,0.55,3,0,0.00,0.00,99,0.00,0,0,0,0.00,0.00,0,0.00,0.00,0.55,0.50,3,0,11.11,70,10,4,72,12,0.42,22,0.07,0.08,1.27,74,0.21,0.23,44,5,0.83,0.91,1.65,1.50,74,9,0.23,72,34,18,75,0,92,59,0,0.00,99,6,0.00,1.10,10.24,9.33,56,16,16,68,2.93,2.67,28.57,13,2.38,1,0,33.33,0,0.00,99,2,0.33,0.37,62,21,23,56,0,0,0,0,0,57,74,65,87,0,21,5,15,15,0,0,16,30,0,0
Bruno Tabata,29,859708800,1997/03/30,Serie A,2026,Forward,Internacional,173,77,96,Brazil,8,3,5,0,0,0,0,0,0,0,0,0,0,0,3,2,1,0,0,0,0,0,0,0,0,1.56,58,22,0,0,0,-1,-1,-1,27,0,6.74,0,48,51.21,12.38,83,99,10.00,80,32,41.38,77,0.00,0.00,0.38,3,0.00,3.00,2.07,0.50,4,0.00,0.25,0.00,0.00,0.00,0.00,0.38,0.50,0.00,4.14,0.62,0.50,0.00,0.38,0.09,0.00,0.12,0.00,0.00,0,0,,8,1.00,99,3,1.55,98,5,2.59,99,2,7,1,77,0.00,99,0,0,0.00,10,24,35,12.41,99,0,0.00,99,0,0.00,0,0,0.00,0,1.55,81,4,2.07,76,3,1.55,75.00,0,0.00,0,0,0,0.00,0,4,0.00,15,2.07,90,N/A,N/A,N/A,N/A,0.00,0,0.00,0,0.73,0.00,0,80.81,37.50,72,3,0.38,1.55,3,88,91,0,0,0,0.00,0.00,0,24,53.89,0.00,0.00,0,0,0.00,0.00,99,0.00,0,0,0,0.00,0.00,0,0.00,0.00,0.52,0.12,1,0,0.00,45,0,8,46,15,0.30,65,0.04,0.16,0.73,90,0.09,0.38,73,3,0.38,1.55,1.55,0.38,69,3,0.38,88,47,0,75,0,92,27,0,0.00,99,1,0.00,0.52,11.90,2.88,23,11,79,84,5.69,1.38,47.83,2,1.03,28,0,12.50,0,0.00,99,3,0.38,1.55,95,0,85,56,0,0,0,0,0,28,46,65,59,0,21,5,15,15,0,0,16,17,0,0
Bruno Zapelli,24,1021618800,2002/05/17,Serie A,2026,Midfielder,Atlético PR,684,369,315,Argentina,16,9,7,0,0,0,1,0,1,0,0,4,3,1,5,2,3,5,1,0.13,0.13,0,0,0,0,0.66,137,43,114,684,0.79,345,120,-1,31,850000,5.79,0.06,74,38.50,18.31,57,293,14.56,233,29,30.61,51,0.00,0.00,1.06,17,0.00,1.88,1.18,0.56,9,0.00,0.81,0.00,0.00,0.00,0.50,0.44,0.38,0.00,1.31,0.44,1.12,0.00,0.19,0.05,0.00,0.19,0.00,0.00,0,0,,10,0.62,59,3,0.39,60,7,0.92,60,1,8,8,42,0.00,99,0,8,1.05,68,30,84,3.94,86,0,0.00,99,0,0.00,0,0,0.00,0,2.23,93,18,2.36,82,7,0.92,38.89,0,0.00,0,0,0,0.00,0,6,0.00,95,0.79,8,N/A,N/A,N/A,N/A,0.00,0,0.00,0,0.81,0.00,0,79.52,30.00,50,26,0.44,0.92,7,73,34,0,0,0,0.06,0.13,1,37,92.72,0.25,0.53,4,0,0.00,0.00,99,0.00,0,0,0,0.00,0.00,0,0.00,0.00,0.00,0.00,0,0,0.00,45,27,50,46,95,1.71,83,0.11,0.22,0.81,52,0.05,0.11,53,8,0.50,1.05,1.18,0.56,49,9,0.11,50,2,17,75,0,47,17,0,0.00,99,3,0.00,0.39,9.59,4.56,73,26,28,63,3.42,1.62,35.62,13,1.71,7,0,33.33,0,0.00,99,10,0.62,1.31,92,32,90,35,0,0,0,0,0,47,46,65,59,0,63,54,15,99,4,25,85,10,N/A,N/A
Caio Alexandre	 Souza e Silva,27,919843200,1999/02/24,Serie A,2026,Midfielder,Bahia,555,361,194,Brazil,13,7,6,0,0,0,0,0,0,0,0,5,3,2,10,4,6,1,0,0,0,0,0,0,0,1.62,56,43,555,0,0.16,432,432,-1,22,741885,6.69,0,48,71.84,34.08,99,443,31.23,406,96,65.84,99,0.00,0.00,0.62,8,0.00,0.85,1.46,0.69,9,0.00,0.54,0.00,0.00,0.00,0.54,0.23,0.77,0.00,0.49,0.23,0.31,0.00,0.00,0.01,0.00,0.00,0.00,0.00,0,0,,3,0.23,23,0,0.00,17,3,0.49,36,2,6,7,54,0.00,99,0,7,1.14,73,11,86,1.78,62,0,0.00,99,0,0.00,0,0,0.00,0,1.30,74,4,0.65,35,3,0.49,75.00,0,0.00,0,0,0,0.00,0,10,0.00,13,1.62,75,N/A,N/A,N/A,N/A,0.00,0,0.00,0,0.16,0.00,0,91.65,0.00,17,14,0.54,1.14,7,50,91,0,0,0,0.15,0.32,2,60,86.94,0.69,1.46,9,0,0.00,0.00,99,0.00,0,0,0,0.00,0.00,0,0.00,0.00,0.00,0.00,0,0,0.00,45,16,30,46,14,1.03,69,0.08,0.17,0.16,20,0.01,0.03,90,14,1.08,2.27,2.27,1.08,95,14,0.03,19,38,52,75,0,47,2,0,0.00,99,0,0.00,0.00,9.41,4.46,58,26,45,61,4.22,2.00,44.83,7,1.14,23,0,36.36,0,0.00,99,4,0.31,0.65,76,28,79,56,0,0,0,0,0,28,46,65,59,0,58,85,76,40,1,8,34,19,N/A,N/A
Caio Alves Roque Gomes,24,1010563200,2002/01/09,Serie A,2026,Defender,Botafogo,112,68,44,Brazil,3,2,1,0,0,0,1,0,1,0,0,0,0,0,2,1,1,0,0,0.8,0.8,0,0,0,0,1.61,56,37,0,112,0,-1,-1,-1,16,0,6.74,0.33,99,26.52,11.00,23,33,8.33,25,17,20.09,21,0.00,0.00,1.33,4,0.00,3.33,2.41,1.00,3,0.00,0.33,0.00,0.00,0.00,0.67,0.00,1.00,0.00,0.80,0.33,0.33,0.00,0.00,0.02,0.00,0.33,0.00,0.00,0,0,,1,0.33,42,0,0.00,17,1,0.80,55,0,3,0,87,0.00,99,0,2,1.61,90,10,90,8.04,99,0,0.00,99,0,0.00,0,0,0.00,0,3.21,99,1,0.80,41,0,0.00,0.00,0,0.00,0,0,0,0.00,0,3,0.00,14,2.41,93,N/A,N/A,N/A,N/A,0.00,0,0.00,0,0.05,0.00,0,75.76,0.00,17,35,0.33,0.80,1,13,13,0,0,0,0.67,1.61,2,99,20.21,1.00,2.41,3,0,0.00,0.00,99,0.00,0,0,0,0.00,0.00,0,0.00,0.00,0.00,0.00,0,0,0.00,45,0,0,46,14,0.74,99,0.25,0.59,0.05,26,0.02,0.04,74,2,0.67,1.61,0.00,0.00,5,0,0.04,25,47,66,75,0,47,45,0,0.00,99,1,0.00,0.80,9.64,4.00,12,6,62,63,4.82,2.00,50.00,1,0.80,40,0,40.00,0,0.00,99,4,1.33,3.21,99,0,56,12,0,0,0,0,0,99,46,65,59,0,21,5,15,15,0,0,16,27,0,0
Caio Fernando de Oliveira,28,894870000,1998/05/11,Serie A,2026,Defender,Grêmio,464,214,250,Brazil,9,4,5,0,0,0,0,0,0,0,0,2,1,1,9,4,5,0,0,0,0,0,0,0,0,1.75,52,52,0,0,0,411,414,167,34,0,6.58,0,48,44.42,25.44,71,229,22.22,200,76,38.79,73,0.00,0.00,0.44,4,0.00,2.11,1.55,0.89,8,0.00,0.89,0.00,0.00,0.00,1.44,1.11,1.00,0.00,0.78,0.44,1.78,0.00,0.00,0.02,0.00,0.33,0.00,0.00,0,0,,4,0.44,40,0,0.00,17,4,0.78,54,1,5,4,57,0.00,99,0,13,2.52,99,19,39,3.69,83,0,0.00,99,0,0.00,0,0,0.00,0,0.78,47,16,3.10,89,10,1.94,62.50,0,0.00,0,0,0,0.00,0,9,0.00,9,1.75,83,N/A,N/A,N/A,N/A,0.00,0,0.00,0,0.20,0.00,0,87.34,0.00,17,12,0.67,1.16,6,94,76,0,0,0,0.00,0.00,0,24,59.20,2.33,4.07,21,0,0.00,0.00,99,0.00,0,0,0,0.00,0.00,0,0.00,0.00,0.00,0.00,0,0,0.00,45,8,12,46,9,0.57,40,0.06,0.11,0.20,26,0.02,0.04,28,3,0.33,0.58,0.39,0.22,10,2,0.04,25,23,82,75,0,47,32,0,0.00,99,3,0.00,0.58,9.31,5.33,48,24,57,60,4.66,2.67,50.00,8,1.55,11,0,15.79,0,0.00,99,3,0.33,0.58,72,8,74,35,0,0,0,0,0,28,46,65,59,0,21,46,15,15,0,0,16,38,0,0
Caio Joshua Lana de Andrade,19,1180162800,2007/05/26,Serie A,2026,Midfielder,Flamengo,5,5,0,Brazil,1,1,0,0,0,0,0,0,0,0,0,1,1,0,0,0,0,0,0,0,0,0,0,0,0,0,0,5,0,0,0,-1,-1,-1,27,0,6.43,0,48,90.00,5.00,99,5,4.00,4,30,72.00,99,0.00,0.00,0.00,0,0.00,0.00,0.00,0.00,0,0.00,0.00,0.00,0.00,0.00,0.00,0.00,0.00,0.00,0.00,0.00,0.00,0.00,0.00,0.00,0.00,0.00,0.00,0.00,0,0,,0,0.00,7,0,0.00,17,0,0.00,7,0,1,0,5,0.00,99,0,0,0.00,10,0,30,0.00,16,0,0.00,99,0,0.00,0,0,0.00,0,0.00,8,0,0.00,9,0,0.00,0.00,0,0.00,0,0,0,0.00,0,0,0.00,99,0.00,0,N/A,N/A,N/A,N/A,0.00,0,0.00,0,0.00,0.00,0,80.00,0.00,17,99,0.00,0.00,0,13,13,0,0,0,0.00,0.00,0,24,6.43,0.00,0.00,0,0,0.00,0.00,99,0.00,0,0,0,0.00,0.00,0,0.00,0.00,0.00,0.00,0,0,0.00,45,0,0,46,0,0.01,72,0.01,0.18,0.00,7,0.00,0.00,1,0,0.00,0.00,18.00,1.00,99,1,0.00,7,16,0,75,0,47,2,0,0.00,99,0,0.00,0.00,18.00,1.00,1,0,0,99,0.00,0.00,0.00,0,0.00,99,0,0.00,0,0.00,99,0,0.00,0.00,30,0,36,12,0,0,0,0,0,28,46,65,59,0,21,99,15,15,0,0,16,79,0,0
Caio Ribeiro do Valle Silva,18,1192086000,2007/10/11,Serie A,2026,Midfielder,Botafogo,0,0,0,Brazil,0,0,0,0,0,0,0,0,0,0,0,0,0,0,0,0,0,0,0,0,0,0,0,0,0,0,0,0,0,0,0,-1,-1,-1,-1,N/A,N/A,N/A,N/A,N/A,N/A,N/A,N/A,N/A,N/A,N/A,N/A,N/A,N/A,N/A,N/A,N/A,N/A,N/A,N/A,N/A,N/A,N/A,N/A,N/A,N/A,N/A,N/A,N/A,N/A,N/A,N/A,N/A,N/A,N/A,N/A,N/A,N/A,N/A,N/A,N/A,N/A,N/A,N/A,N/A,N/A,N/A,N/A,N/A,N/A,N/A,N/A,N/A,N/A,N/A,N/A,N/A,N/A,N/A,N/A,N/A,N/A,N/A,N/A,N/A,N/A,N/A,N/A,N/A,N/A,N/A,N/A,N/A,N/A,N/A,N/A,N/A,N/A,N/A,N/A,N/A,N/A,N/A,N/A,N/A,N/A,N/A,N/A,N/A,N/A,N/A,N/A,N/A,N/A,N/A,N/A,N/A,N/A,N/A,N/A,N/A,N/A,N/A,N/A,N/A,N/A,N/A,N/A,N/A,N/A,N/A,N/A,N/A,N/A,N/A,N/A,N/A,N/A,N/A,N/A,N/A,N/A,N/A,N/A,N/A,N/A,N/A,N/A,N/A,N/A,N/A,N/A,N/A,N/A,N/A,N/A,N/A,N/A,N/A,N/A,N/A,N/A,N/A,N/A,N/A,N/A,N/A,N/A,N/A,N/A,N/A,N/A,N/A,N/A,N/A,N/A,N/A,N/A,N/A,N/A,N/A,N/A,N/A,N/A,N/A,N/A,N/A,N/A,N/A,N/A,N/A,N/A,N/A,N/A,N/A,N/A,N/A,N/A,N/A,N/A,N/A,N/A,N/A,N/A,N/A,N/A,N/A,N/A,N/A,N/A,N/A,N/A,N/A,N/A,N/A,N/A,N/A,N/A,N/A,N/A,N/A,N/A,N/A,N/A,N/A,N/A,N/A,N/A,N/A,N/A,N/A,N/A,N/A,N/A,N/A,N/A,N/A,N/A,N/A,N/A,N/A,N/A,N/A,N/A
Caio Suassuna Gonçalves Ferreira,19,1174978800,2007/03/27,Serie A,2026,Forward,Bahia,6,6,0,Brazil,1,1,0,0,0,0,0,0,0,0,0,0,0,0,0,0,0,0,0,0,0,0,0,0,0,0,0,6,0,0,0,-1,-1,-1,16,0,7.18,0,48,45.00,3.00,72,3,3.00,3,99,45.00,82,0.00,0.00,2.00,2,0.00,2.00,0.00,0.00,0,0.00,0.00,0.00,0.00,0.00,0.00,2.00,0.00,0.00,0.00,0.00,2.00,0.00,0.00,0.00,0.00,0.00,0.00,0.00,0,0,,0,0.00,7,0,0.00,17,0,0.00,7,0,1,0,5,0.00,99,0,0,0.00,10,2,95,30.00,99,0,0.00,99,0,0.00,0,0,0.00,0,30.00,99,2,30.00,99,2,30.00,100.00,0,0.00,0,0,0,0.00,0,0,0.00,99,0.00,0,N/A,N/A,N/A,N/A,0.00,0,0.00,0,0.00,0.00,0,100.00,0.00,17,99,0.00,0.00,0,99,99,0,0,0,0.00,0.00,0,24,7.18,1.00,15.00,1,0,0.00,0.00,99,0.00,0,0,0,0.00,0.00,0,0.00,0.00,0.00,0.00,0,0,0.00,45,0,0,46,0,0.09,99,0.09,1.35,0.00,7,0.00,0.00,99,1,1.00,15.00,0.00,0.00,5,0,0.00,7,97,99,75,0,47,2,0,0.00,99,0,0.00,0.00,45.00,3.00,3,3,99,99,45.00,3.00,100.00,0,0.00,99,0,50.00,0,0.00,99,1,1.00,15.00,99,0,36,12,0,0,0,0,0,28,46,65,59,0,21,5,15,15,0,0,16,90,0,0
Caique de Jesus Gonçalves,30,813308400,1995/10/10,Serie A,2026,Midfielder,Vitória,1459,568,891,Brazil,19,8,11,0,0,0,0,0,0,0,0,6,5,1,24,7,17,3,0,0,0,0,0,0,0,1.48,61,77,486,0,0.19,362,360,-1,35,150000,6.79,0,48,42.13,35.95,64,683,32.05,609,86,37.57,71,0.00,0.00,0.26,5,0.00,0.05,2.16,1.84,35,0.00,0.32,0.00,0.00,0.00,1.05,0.16,1.42,0.00,0.12,0.05,0.21,0.00,0.05,0.01,0.00,0.84,0.00,0.00,0,0,,2,0.11,8,1,0.06,19,1,0.06,7,6,1,18,81,0.00,99,0,20,1.23,80,1,30,0.06,17,0,0.00,99,0,0.00,0,0,0.00,0,0.31,23,4,0.25,18,3,0.19,75.00,0,0.00,0,0,0,0.00,0,27,0.00,22,1.67,79,N/A,N/A,N/A,N/A,0.00,0,0.00,0,0.21,0.00,0,89.17,50.00,92,64,0.42,0.49,8,25,91,0,0,0,0.47,0.56,9,79,129.06,3.21,3.76,61,1,0.00,0.06,8,0.05,0,0,0,0.00,0.00,0,0.00,0.00,0.00,0.00,0,0,0.00,45,77,74,46,23,1.54,32,0.08,0.09,0.21,12,0.01,0.01,63,21,1.11,1.30,1.11,0.95,44,18,0.01,12,53,79,75,0,47,55,0,0.00,99,16,0.00,0.99,7.28,6.21,118,75,55,32,4.63,3.95,63.56,6,0.37,67,0,0.00,0,0.00,99,0,0.00,0.00,30,84,36,97,0,0,0,0,0,28,46,65,59,0,27,69,70,48,3,16,60,95,N/A,N/A
Calebe Goncalves Ferreira da Silva,26,957078000,2000/04/30,Serie A,2026,Midfielder,Internacional,35,35,0,Brazil,2,2,0,0,0,0,0,0,0,0,0,0,0,0,0,0,0,0,0,0,0,0,0,0,0,0,0,18,0,0,0,-1,-1,-1,17,0,6.58,0,48,28.29,5.50,26,11,3.00,6,0,15.43,12,0.00,0.00,0.50,1,0.00,1.50,0.00,0.00,0,0.00,0.00,0.00,0.00,0.00,0.00,0.00,0.50,0.00,2.57,0.50,0.00,0.00,0.00,0.03,0.00,0.00,0.00,0.00,0,0,,1,0.50,88,0,0.00,17,1,2.57,99,0,2,0,5,0.00,99,0,0,0.00,10,3,30,7.71,98,0,0.00,99,0,0.00,0,0,0.00,0,2.57,96,0,0.00,9,0,0.00,0.00,0,0.00,0,0,0,0.00,0,1,0.00,99,2.57,93,N/A,N/A,N/A,N/A,0.00,0,0.00,0,0.06,0.00,0,54.55,0.00,17,0,0.50,2.57,1,13,13,0,0,0,0.00,0.00,0,24,13.16,0.50,2.57,1,0,0.00,0.00,99,0.00,0,0,0,0.00,0.00,0,0.00,0.00,0.00,0.00,0,0,0.00,45,0,0,46,0,0.04,36,0.02,0.10,0.06,61,0.03,0.15,99,3,1.50,7.71,0.00,0.00,5,0,0.15,59,23,68,75,0,47,2,0,0.00,99,0,0.00,0.00,18.00,3.50,7,3,97,99,7.71,1.50,42.86,0,0.00,99,0,0.00,0,0.00,99,0,0.00,0.00,30,0,46,12,0,0,0,0,0,28,46,65,59,0,21,5,15,15,0,0,16,30,0,0
Camilo Reijers de Olivera,27,919756800,1999/02/23,Serie A,2026,Midfielder,Chapecoense,1692,834,858,Brazil,20,10,10,0,0,0,0,0,0,0,0,2,2,0,34,18,16,6,0,0,0,0,0,0,0,1.81,50,85,282,0,0.32,428,427,-1,39,0,6.86,0,48,42.14,39.45,64,789,33.85,677,66,36.16,66,0.00,0.00,0.80,16,0.00,0.30,2.56,2.40,48,0.00,0.30,0.00,0.00,0.00,1.50,0.55,1.75,0.00,0.85,0.70,0.85,0.00,0.10,0.05,0.00,0.55,0.00,0.00,0,0,,16,0.80,44,2,0.11,24,14,0.75,53,6,0,20,92,0.00,99,0,30,1.60,90,6,95,0.32,33,0,0.00,99,0,0.00,0,0,0.00,0,0.85,50,17,0.91,44,11,0.59,64.71,0,0.00,0,0,0,0.00,0,35,0.00,7,1.87,86,N/A,N/A,N/A,N/A,0.00,0,0.00,0,0.97,0.00,0,85.80,12.50,22,53,0.55,0.59,11,57,78,0,0,0,0.40,0.43,8,71,137.22,1.85,1.98,37,0,0.00,0.00,99,0.00,0,0,0,0.00,0.00,0,0.00,0.00,0.00,0.00,0,0,0.00,45,89,82,46,7,1.79,36,0.09,0.10,0.97,31,0.05,0.05,41,15,0.75,0.80,1.87,1.75,84,35,0.05,30,63,59,75,0,47,32,0,0.00,99,11,0.00,0.59,8.01,7.50,150,84,51,41,4.49,4.20,56.00,6,0.32,71,0,50.00,0,0.00,99,3,0.15,0.16,45,91,23,97,0,0,0,0,0,28,46,65,59,0,21,19,37,79,6,30,91,27,0,0
Carlos Coronel,29,851846400,1996/12/29,Serie A,2026,Goalkeeper,São Paulo,0,0,0,Brazil,0,0,0,0,0,0,0,0,0,0,0,0,0,0,0,0,0,0,0,0,0,0,0,0,0,0,0,0,0,0,0,-1,-1,-1,-1,N/A,N/A,N/A,N/A,N/A,N/A,N/A,N/A,N/A,N/A,N/A,N/A,N/A,N/A,N/A,N/A,N/A,N/A,N/A,N/A,N/A,N/A,N/A,N/A,N/A,N/A,N/A,N/A,N/A,N/A,N/A,N/A,N/A,N/A,N/A,N/A,N/A,N/A,N/A,N/A,N/A,N/A,N/A,N/A,N/A,N/A,N/A,N/A,N/A,N/A,N/A,N/A,N/A,N/A,N/A,N/A,N/A,N/A,N/A,N/A,N/A,N/A,N/A,N/A,N/A,N/A,N/A,N/A,N/A,N/A,N/A,N/A,N/A,N/A,N/A,N/A,N/A,N/A,N/A,N/A,N/A,N/A,N/A,N/A,N/A,N/A,N/A,N/A,N/A,N/A,N/A,N/A,N/A,N/A,N/A,N/A,N/A,N/A,N/A,N/A,N/A,N/A,N/A,N/A,N/A,N/A,N/A,N/A,N/A,N/A,N/A,N/A,N/A,N/A,N/A,N/A,N/A,N/A,N/A,N/A,N/A,N/A,N/A,N/A,N/A,N/A,N/A,N/A,N/A,N/A,N/A,N/A,N/A,N/A,N/A,N/A,N/A,N/A,N/A,N/A,N/A,N/A,N/A,N/A,N/A,N/A,N/A,N/A,N/A,N/A,N/A,N/A,N/A,N/A,N/A,N/A,N/A,N/A,N/A,N/A,N/A,N/A,N/A,N/A,N/A,N/A,N/A,N/A,N/A,N/A,N/A,N/A,N/A,N/A,N/A,N/A,N/A,N/A,N/A,N/A,N/A,N/A,N/A,N/A,N/A,N/A,N/A,N/A,N/A,N/A,N/A,N/A,N/A,N/A,N/A,N/A,N/A,N/A,N/A,N/A,N/A,N/A,N/A,N/A,N/A,N/A,N/A,N/A,N/A,N/A,N/A,N/A,N/A,N/A,N/A,N/A,N/A,N/A,N/A,N/A,N/A,N/A,N/A,N/A
Carlos Cuesta,27,920966400,1999/03/09,Serie A,2026,Defender,Vasco da Gama,1126,630,496,Colombia,13,7,6,0,0,0,1,0,1,0,0,2,1,1,20,7,13,2,1,0.08,0.08,0,0,0,0,1.6,56,87,375,1126,0.24,390,166,160,33,1200000,6.64,0.08,61,52.27,50.31,84,654,47.46,617,99,49.32,89,0.00,0.00,0.15,2,0.00,0.69,0.88,0.85,11,0.00,0.00,0.00,0.00,0.00,1.23,0.31,1.62,0.00,0.32,0.23,0.54,0.00,0.08,0.03,0.00,1.92,0.00,0.00,0,0,,4,0.31,14,1,0.08,21,3,0.24,16,1,0,13,25,0.00,99,0,16,1.28,84,9,84,0.72,47,0,0.00,99,0,0.00,0,0,0.00,0,0.16,13,7,0.56,30,4,0.32,57.14,0,0.00,0,0,0,0.00,0,21,0.00,14,1.68,80,N/A,N/A,N/A,N/A,0.00,0,0.00,0,0.33,0.00,0,94.34,25.00,41,80,0.31,0.32,4,35,69,0,0,0,0.23,0.24,3,51,86.27,3.62,3.76,47,1,0.00,0.08,4,0.08,0,0,1,0.08,0.08,0,0.00,0.00,0.00,0.00,0,0,0.00,45,56,30,46,14,1.98,65,0.15,0.16,0.33,20,0.03,0.03,18,5,0.38,0.40,1.36,1.31,55,17,0.03,19,30,79,85,0,47,84,0,0.00,99,25,0.00,2.00,5.75,5.54,72,45,31,14,3.60,3.46,62.50,0,0.00,99,0,33.33,0,0.00,99,3,0.23,0.24,52,58,23,35,0,0,0,0,0,37,46,65,59,0,76,30,55,61,1,8,34,46,N/A,N/A
Carlos de Menezes Júnior,27,925023600,1999/04/25,Serie A,2026,Defender,Vitória,1523,832,691,Brazil,18,10,8,1,1,0,0,0,0,0,0,8,7,1,13,2,11,6,1,0.06,0,0.06,0.11,0,1523,0.77,117,85,218,0,0.41,205,286,22,8,0,6.73,0,48,35.04,32.94,47,593,28.83,519,77,30.67,51,0.00,0.00,0.11,2,0.00,0.06,0.71,0.67,12,0.00,0.17,0.00,0.00,0.00,0.44,0.06,0.94,8.00,0.47,0.33,0.22,0.00,0.11,0.06,0.00,1.33,0.00,0.00,0,0,,8,0.44,21,2,0.12,27,6,0.35,24,3,0,18,18,0.00,99,0,8,0.47,32,1,30,0.06,17,0,0.00,99,0,0.00,0,0,0.00,0,0.12,11,4,0.24,17,1,0.06,25.00,0,0.00,0,0,0,0.00,0,17,0.00,89,1.00,25,N/A,N/A,N/A,N/A,0.00,0,0.00,0,1.14,0.00,0,87.52,25.00,41,74,0.39,0.41,7,15,18,0,0,0,1.00,1.06,18,96,121.16,6.50,6.91,117,1,0.00,0.06,8,0.06,0,0,0,0.00,0.00,0,0.00,0.00,0.00,0.00,0,0,12.50,76,81,68,95,89,1.29,22,0.07,0.08,1.14,39,0.06,0.07,12,4,0.22,0.24,0.65,0.61,19,11,0.07,38,45,98,75,0,47,70,0,0.00,99,24,0.00,1.42,5.32,5.00,90,41,10,11,2.42,2.28,45.56,3,0.18,78,0,0.00,0,0.00,99,0,0.00,0.00,30,84,23,72,0,0,0,0,0,32,52,65,63,0,21,94,28,87,5,28,88,25,0,0
Carlos Eduardo da Silva Santos,21,1124175600,2005/08/16,Serie A,2026,Defender,Botafogo,0,0,0,Brazil,0,0,0,0,0,0,0,0,0,0,0,0,0,0,0,0,0,0,0,0,0,0,0,0,0,0,0,0,0,0,0,-1,-1,-1,-1,N/A,N/A,N/A,N/A,N/A,N/A,N/A,N/A,N/A,N/A,N/A,N/A,N/A,N/A,N/A,N/A,N/A,N/A,N/A,N/A,N/A,N/A,N/A,N/A,N/A,N/A,N/A,N/A,N/A,N/A,N/A,N/A,N/A,N/A,N/A,N/A,N/A,N/A,N/A,N/A,N/A,N/A,N/A,N/A,N/A,N/A,N/A,N/A,N/A,N/A,N/A,N/A,N/A,N/A,N/A,N/A,N/A,N/A,N/A,N/A,N/A,N/A,N/A,N/A,N/A,N/A,N/A,N/A,N/A,N/A,N/A,N/A,N/A,N/A,N/A,N/A,N/A,N/A,N/A,N/A,N/A,N/A,N/A,N/A,N/A,N/A,N/A,N/A,N/A,N/A,N/A,N/A,N/A,N/A,N/A,N/A,N/A,N/A,N/A,N/A,N/A,N/A,N/A,N/A,N/A,N/A,N/A,N/A,N/A,N/A,N/A,N/A,N/A,N/A,N/A,N/A,N/A,N/A,N/A,N/A,N/A,N/A,N/A,N/A,N/A,N/A,N/A,N/A,N/A,N/A,N/A,N/A,N/A,N/A,N/A,N/A,N/A,N/A,N/A,N/A,N/A,N/A,N/A,N/A,N/A,N/A,N/A,N/A,N/A,N/A,N/A,N/A,N/A,N/A,N/A,N/A,N/A,N/A,N/A,N/A,N/A,N/A,N/A,N/A,N/A,N/A,N/A,N/A,N/A,N/A,N/A,N/A,N/A,N/A,N/A,N/A,N/A,N/A,N/A,N/A,N/A,N/A,N/A,N/A,N/A,N/A,N/A,N/A,N/A,N/A,N/A,N/A,N/A,N/A,N/A,N/A,N/A,N/A,N/A,N/A,N/A,N/A,N/A,N/A,N/A,N/A,N/A,N/A,N/A,N/A,N/A,N/A,N/A,N/A,N/A,N/A,N/A,N/A,N/A,N/A,N/A,N/A,N/A,N/A
Carlos Eduardo de Oliveira Alves,36,624610800,1989/10/17,Serie A,2026,Midfielder,Mirassol,825,399,426,Brazil,16,9,7,3,2,1,0,0,0,0,0,1,1,0,17,8,9,2,1,0.33,0,0.33,0.45,0.21,275,1.85,49,52,275,0,0.33,45,395,-1,2,320000,6.24,0,48,32.63,19.38,39,310,16.38,262,56,27.58,43,0.00,0.00,0.38,6,0.00,0.25,0.74,0.44,7,0.00,0.19,0.00,0.00,0.00,0.44,0.25,1.19,5.67,1.79,0.69,0.69,0.00,0.38,0.19,0.00,0.69,0.00,0.00,0,0,,17,1.06,72,6,0.63,74,11,1.16,72,3,7,9,20,0.00,99,0,7,0.74,48,4,95,0.42,38,0,0.00,99,0,0.00,0,0,0.00,0,0.63,40,11,1.16,54,4,0.42,36.36,0,0.00,0,0,0,0.00,0,19,0.00,7,2.00,88,N/A,N/A,N/A,N/A,0.00,0,0.00,0,3.06,0.00,0,84.52,35.29,66,49,0.38,0.63,6,43,29,0,0,0,0.06,0.11,1,33,99.79,0.25,0.42,4,0,0.00,0.00,99,0.00,0,0,1,0.06,0.11,0,0.00,0.00,0.00,0.00,0,0,17.65,86,35,50,57,7,0.74,22,0.05,0.08,3.06,85,0.19,0.32,46,9,0.56,0.95,1.05,0.62,40,10,0.32,83,10,10,89,0,47,62,0,0.00,99,11,0.00,1.16,7.26,4.31,69,29,20,31,3.05,1.81,42.03,3,0.32,71,0,50.00,0,0.00,99,2,0.12,0.21,50,37,85,72,0,0,0,0,0,77,90,79,92,0,38,9,36,80,1,6,29,33,N/A,N/A
Carlos Eduardo Ferreira de Souza,29,844930800,1996/10/10,Serie A,2026,Forward,Mirassol,588,271,317,Brazil,14,7,7,1,1,0,1,1,0,0,0,1,1,0,8,3,5,0,0,0.31,0.15,0.15,0.33,0,588,1.22,74,42,0,588,0,140,97,-1,13,120000,6.63,0.07,79,15.77,7.36,5,103,5.86,82,29,12.55,7,0.00,0.00,0.36,5,0.00,1.14,0.92,0.43,6,0.00,0.71,0.00,0.00,0.00,0.21,0.79,0.64,13.00,1.99,0.79,1.86,0.00,0.14,0.10,0.00,0.21,0.00,0.00,0,0,,13,0.93,75,2,0.31,52,11,1.68,89,2,7,7,29,0.00,99,0,3,0.46,31,16,46,2.45,70,0,0.00,99,0,0.00,0,0,0.00,0,0.77,46,26,3.98,94,11,1.68,42.31,0,0.00,0,0,0,0.00,0,9,0.00,42,1.38,59,N/A,N/A,N/A,N/A,0.00,0,0.00,0,1.44,0.00,0,79.61,15.38,23,26,0.43,0.92,6,91,39,1,0,0,0.00,0.00,0,24,92.83,0.71,1.53,10,0,0.00,0.00,99,0.00,0,1,0,0.00,0.00,0,0.00,0.00,0.77,0.36,5,1,7.69,57,18,34,78,42,0.94,55,0.07,0.14,0.74,52,0.05,0.11,87,14,1.00,2.14,1.07,0.50,41,7,0.22,70,29,53,75,0,97,24,0,0.00,99,3,0.00,0.46,12.70,5.93,83,33,68,88,5.05,2.36,39.76,10,1.53,11,0,18.75,0,0.00,99,3,0.21,0.46,66,28,85,56,0,0,0,0,0,76,68,65,85,0,24,12,15,15,0,0,16,96,N/A,N/A
Carlos Eduardo Lecciolle Thomazella,36,650962800,1990/08/18,Serie A,2026,Coach,Mirassol,180,90,90,Brazil,2,1,1,0,0,0,0,0,0,0,0,0,0,0,4,1,3,0,0,0,0,0,0,0,0,2,45,90,0,0,0,-1,-1,-1,17,0,6.15,0,48,33.00,33.00,41,66,28.00,56,58,28.00,44,0.00,0.00,0.00,0,0.00,0.00,0.00,0.00,0,0.00,0.00,0.00,0.00,0.50,0.00,0.00,2.50,0.00,0.00,0.00,0.00,0.00,0.00,0.00,0.00,0.00,0.00,0.00,0,0,,0,0.00,7,0,0.00,17,0,0.00,7,0,0,2,5,0.00,99,0,0,0.00,10,0,30,0.00,16,0,0.00,99,0,0.00,0,0,0.00,0,0.00,8,0,0.00,9,0,0.00,0.00,0,0.00,0,1,12,0.50,21,5,0.00,3,2.50,93,N/A,N/A,N/A,N/A,20.00,0,0.00,0,0.00,0.00,0,84.85,0.00,17,99,0.00,0.00,0,13,13,0,0,0,0.00,0.00,0,24,12.30,1.50,1.50,3,0,0.00,0.00,99,0.00,0,0,0,0.00,0.00,1,0.50,0.50,0.00,0.00,0,0,0.00,45,0,0,46,3,0.11,14,0.06,0.06,0.00,7,0.00,0.00,1,0,0.00,0.00,0.00,0.00,5,0,0.00,7,6,52,75,56,47,2,0,0.00,99,0,0.00,0.00,0.00,0.00,0,0,0,0,0.00,0.00,0.00,0,0.00,99,0,0.00,0,0.00,99,0,0.00,0.00,30,1,23,12,0,0,0,0,0,28,46,65,59,0,21,5,15,15,0,0,16,90,0,0
Carlos Miguel dos Santos Pereira,27,907916400,1998/10/09,Serie A,2026,Goalkeeper,Palmeiras,2070,990,1080,Brazil,23,11,12,0,0,0,0,0,0,0,0,8,3,5,18,8,10,3,0,0,0,0,0,0,0,0.78,115,90,690,0,0.13,304,302,25,19,1300000,7.00,0,48,21.91,21.91,13,504,15.48,356,8,15.48,12,0.00,0.00,0.00,0,0.00,0.00,0.00,0.00,0,0.00,0.00,0.00,0.00,3.00,0.00,0.00,3.87,0.00,0.00,0.00,0.00,0.00,0.00,0.00,0.00,0.57,0.00,0.00,0,0,,0,0.00,7,0,0.00,17,0,0.00,7,0,0,23,5,0.00,99,0,0,0.00,10,0,30,0.00,16,0,0.00,99,0,0.00,0,0,0.00,0,0.00,8,0,0.00,9,0,0.00,0.00,0,0.00,0,69,94,3.00,65,89,0.00,88,3.87,96,N/A,N/A,N/A,N/A,77.53,0,0.00,0,0.00,0.00,0,70.63,0.00,17,99,0.00,0.00,0,13,13,0,0,38,0.00,0.00,0,24,160.97,1.39,1.39,32,0,0.00,0.00,99,0.00,0,0,0,0.00,0.00,21,0.91,0.91,0.00,0.00,0,0,0.00,45,99,99,46,88,0.76,4,0.03,0.03,0.00,7,0.00,0.00,23,11,0.48,0.48,0.00,0.00,5,0,0.00,7,84,50,75,96,47,31,0,0.00,99,13,0.00,0.57,0.96,0.96,22,21,7,7,0.91,0.91,95.45,0,0.00,99,0,0.00,0,0.00,99,0,0.00,0.00,30,99,23,12,0,0,0,0,0,28,46,65,59,0,78,78,85,32,3,13,52,1,N/A,N/A
Carlos Moises de Lima,29,855734400,1997/02/12,Serie A,2026,Forward,Remo,0,0,0,Brazil,0,0,0,0,0,0,0,0,0,0,0,0,0,0,0,0,0,1,0,0,0,0,0,0,0,0,0,0,0,0,0,-1,-1,-1,-1,N/A,N/A,N/A,N/A,N/A,N/A,N/A,N/A,N/A,N/A,N/A,N/A,N/A,N/A,N/A,N/A,N/A,N/A,N/A,N/A,N/A,N/A,N/A,N/A,N/A,N/A,N/A,N/A,N/A,N/A,N/A,N/A,N/A,N/A,N/A,N/A,N/A,N/A,N/A,N/A,N/A,N/A,N/A,N/A,N/A,N/A,N/A,N/A,N/A,N/A,N/A,N/A,N/A,N/A,N/A,N/A,N/A,N/A,N/A,N/A,N/A,N/A,N/A,N/A,N/A,N/A,N/A,N/A,N/A,N/A,N/A,N/A,N/A,N/A,N/A,N/A,N/A,N/A,N/A,N/A,N/A,N/A,N/A,N/A,N/A,N/A,N/A,N/A,N/A,N/A,N/A,N/A,N/A,N/A,N/A,N/A,N/A,N/A,N/A,N/A,N/A,N/A,N/A,N/A,N/A,N/A,N/A,N/A,N/A,N/A,N/A,N/A,N/A,N/A,N/A,N/A,N/A,N/A,N/A,N/A,N/A,N/A,N/A,N/A,N/A,N/A,N/A,N/A,N/A,N/A,N/A,N/A,N/A,N/A,N/A,N/A,N/A,N/A,N/A,N/A,N/A,N/A,N/A,N/A,N/A,N/A,N/A,N/A,N/A,N/A,N/A,N/A,N/A,N/A,N/A,N/A,N/A,N/A,N/A,N/A,N/A,N/A,N/A,N/A,N/A,N/A,N/A,N/A,N/A,N/A,N/A,N/A,N/A,N/A,N/A,N/A,N/A,N/A,N/A,N/A,N/A,N/A,N/A,N/A,N/A,N/A,N/A,N/A,N/A,N/A,N/A,N/A,N/A,N/A,N/A,N/A,N/A,N/A,N/A,N/A,N/A,N/A,N/A,N/A,N/A,N/A,N/A,N/A,N/A,N/A,N/A,N/A,N/A,N/A,N/A,N/A,N/A,N/A,N/A,N/A,N/A,N/A,N/A,N/A
Carlos Rene de Sousa Ferreira,22,1065510000,2003/10/07,Serie A,2026,Forward,Vitória,1162,528,634,Brazil,17,8,9,5,2,3,1,1,0,0,0,6,5,1,14,4,10,2,0,0.46,0.08,0.39,0.34,0.43,232,1.08,83,68,581,1162,0.15,35,162,-1,1,0,6.93,0.06,61,11.70,8.88,2,151,6.29,107,8,8.29,2,0.00,0.00,0.35,6,0.00,0.71,0.54,0.41,7,0.00,0.88,0.00,0.00,0.00,0.18,0.88,0.88,7.80,3.02,1.12,1.35,0.00,1.18,0.38,0.00,0.65,0.00,0.00,0,0,,39,2.29,95,20,1.55,98,19,1.47,83,1,4,13,15,0.00,99,0,3,0.23,21,12,32,0.93,52,0,0.00,99,0,0.00,0,0,0.00,0,0.46,31,23,1.78,71,15,1.16,65.22,0,0.00,0,0,0,0.00,0,15,0.00,56,1.16,43,N/A,N/A,N/A,N/A,0.00,0,0.00,0,6.50,0.00,0,70.86,51.28,92,58,0.41,0.54,7,81,78,0,0,0,0.12,0.15,2,41,117.85,0.35,0.46,6,0,0.00,0.00,99,0.00,0,0,1,0.06,0.08,0,0.00,0.00,0.15,0.12,2,0,12.82,76,58,61,54,55,1.03,22,0.06,0.08,6.50,96,0.38,0.50,87,27,1.59,2.09,1.08,0.82,41,14,0.50,96,74,12,85,0,74,47,0,0.00,99,11,0.00,0.85,11.08,8.41,143,60,56,75,4.65,3.53,41.96,15,1.16,22,0,8.33,0,0.00,99,1,0.06,0.08,35,58,65,35,0,0,0,0,0,86,92,95,86,0,21,78,78,37,2,12,49,91,0,0
Carlos Terán,25,969778800,2000/09/24,Serie A,2026,Defender,Atlético PR,982,486,496,Colombia,15,7,8,0,0,0,0,0,0,0,0,5,3,2,9,3,6,0,0,0,0,0,0,0,0,0.82,109,65,0,0,0,346,335,30,30,450000,6.72,0,48,42.62,31.00,66,465,26.00,390,52,35.74,65,0.00,0.00,0.13,2,0.00,0.40,1.28,0.93,14,0.00,0.07,0.00,0.00,0.00,0.93,0.00,0.60,0.00,0.64,0.20,0.07,0.00,0.27,0.04,0.00,0.87,0.00,0.00,0,0,,7,0.47,32,4,0.37,57,3,0.27,18,1,3,12,47,0.00,99,0,14,1.28,84,6,84,0.55,42,0,0.00,99,0,0.00,0,0,0.00,0,0.18,15,1,0.09,11,0,0.00,0.00,0,0.00,0,0,0,0.00,0,9,0.00,86,0.82,9,N/A,N/A,N/A,N/A,0.00,0,0.00,0,0.59,0.00,0,83.87,57.14,96,48,0.47,0.64,7,13,13,0,0,0,0.53,0.73,8,87,100.87,2.87,3.94,43,0,0.00,0.00,99,0.00,0,0,0,0.00,0.00,0,0.00,0.00,0.00,0.00,0,0,0.00,45,47,41,46,84,0.87,22,0.06,0.08,0.59,31,0.04,0.05,42,9,0.60,0.82,1.01,0.73,35,11,0.05,30,43,81,75,0,47,63,0,0.00,99,13,0.00,1.19,6.05,4.40,66,35,23,17,3.21,2.33,53.03,1,0.09,84,0,33.33,0,0.00,99,2,0.13,0.18,46,53,56,35,0,0,0,0,0,28,46,65,59,0,47,75,15,15,0,0,16,13,N/A,N/A
Carlos Vinícius,31,796118400,1995/03/25,Serie A,2026,Forward,Grêmio,1739,923,816,Brazil,22,11,11,10,6,4,1,1,0,0,0,4,3,1,28,12,16,4,0,0.57,0.05,0.52,0.59,0.44,174,1.45,62,79,435,1739,0.21,11,203,-1,1,1800000,6.62,0.05,51,8.23,7.23,0,159,5.50,121,18,6.26,0,0.00,0.00,0.18,4,0.00,0.32,0.16,0.14,3,0.00,0.55,0.00,0.00,0.00,0.09,0.09,1.32,4.10,2.12,0.82,0.36,0.00,1.05,0.44,0.00,1.23,0.00,0.00,0,0,,41,1.86,79,23,1.19,95,18,0.93,60,5,1,21,8,0.00,99,0,2,0.10,13,7,30,0.36,35,0,0.00,99,0,0.00,0,0,0.00,0,0.21,17,8,0.41,25,2,0.10,25.00,0,0.00,0,0,0,0.00,0,29,0.00,24,1.50,68,N/A,N/A,N/A,N/A,0.00,0,0.00,0,9.73,0.00,0,76.10,56.10,95,99,0.00,0.00,0,17,18,1,0,0,0.05,0.05,1,24,145.73,0.36,0.41,8,0,0.00,0.00,99,0.00,0,1,0,0.00,0.00,0,0.00,0.00,1.04,0.91,20,0,24.39,94,91,94,48,24,0.99,10,0.04,0.05,9.03,96,0.41,0.47,63,25,1.14,1.29,1.40,1.23,59,27,0.50,96,27,9,75,0,99,69,0,0.00,99,27,0.00,1.40,6.88,6.05,133,57,17,27,2.95,2.59,42.86,12,0.62,49,0,0.00,0,0.00,99,0,0.00,0.00,30,94,36,91,0,2,0,9,0,94,98,95,96,0,88,35,64,55,4,18,67,95,N/A,N/A
Cássio,39,549961200,1987/06/06,Serie A,2026,Goalkeeper,Cruzeiro,422,180,242,Brazil,5,2,3,0,0,0,0,0,0,0,0,0,0,0,9,3,6,0,0,0,0,0,0,0,0,1.92,47,84,0,0,0,234,222,175,15,1777777,6.70,0,48,18.34,17.20,8,86,13.60,68,27,14.50,10,0.00,0.00,0.00,0,0.00,0.00,0.00,0.00,0,0.00,0.00,0.00,0.00,2.80,0.00,0.00,4.80,0.00,0.00,0.00,0.00,0.00,0.00,0.00,0.00,0.20,0.00,0.00,0,0,,0,0.00,7,0,0.00,17,0,0.00,7,1,0,5,5,0.00,99,0,0,0.00,10,0,30,0.00,16,0,0.00,99,0,0.00,0,0,0.00,0,0.00,8,0,0.00,9,0,0.00,0.00,0,0.00,0,14,24,2.99,62,24,0.00,5,5.12,99,N/A,N/A,N/A,N/A,58.33,0,0.00,0,0.00,0.00,0,79.07,0.00,17,72,0.40,0.43,2,13,13,0,0,12,0.00,0.00,0,24,33.48,0.60,0.64,3,0,0.00,0.00,99,0.00,0,0,0,0.00,0.00,2,0.40,0.43,0.00,0.00,0,0,0.00,45,5,1,46,5,0.13,4,0.03,0.03,0.00,7,0.00,0.00,20,2,0.40,0.43,0.00,0.00,5,0,0.00,7,39,22,75,48,47,8,0,0.00,99,1,0.00,0.21,1.07,1.00,5,3,6,7,0.64,0.60,60.00,0,0.00,99,0,0.00,0,0.00,99,0,0.00,0.00,30,14,23,35,0,0,0,0,0,28,46,65,59,0,86,5,15,15,0,0,16,1,N/A,N/A
Cauã Soares,18,1214809200,2008/06/30,Serie A,2026,Forward,Atlético Mineiro,37,6,31,Brazil,5,1,4,0,0,0,0,0,0,0,0,1,0,1,0,0,0,0,0,0,0,0,0,0,0,0,0,7,0,0,0,-1,-1,-1,17,0,3.97,0,48,26.05,2.20,22,11,1.60,8,11,18.95,21,0.00,0.00,0.00,0,0.00,0.00,4.74,0.40,2,0.00,0.40,0.00,0.00,0.00,0.00,0.20,0.00,0.00,2.37,0.00,0.20,0.00,0.20,0.03,0.00,0.20,0.00,0.00,0,0,,1,0.20,84,1,2.37,99,0,0.00,7,0,5,0,99,0.00,99,0,0,0.00,10,0,30,0.00,16,0,0.00,99,0,0.00,0,0,0.00,0,0.00,8,1,2.37,82,1,2.37,100.00,0,0.00,0,0,0,0.00,0,0,0.00,99,0.00,0,N/A,N/A,N/A,N/A,0.00,0,0.00,0,0.14,0.00,0,72.73,100.00,99,99,0.00,0.00,0,97,99,0,0,0,0.00,0.00,0,24,19.87,0.20,2.37,1,0,0.00,0.00,99,0.00,0,0,0,0.00,0.00,0,0.00,0.00,0.00,0.00,0,0,0.00,45,0,1,46,0,0.02,10,0.00,0.05,0.14,85,0.03,0.33,91,1,0.20,2.37,0.00,0.00,5,0,0.33,83,0,66,75,0,47,90,0,0.00,99,1,0.00,2.37,26.05,2.20,11,5,99,99,11.84,1.00,45.45,2,4.74,0,0,0.00,0,0.00,99,0,0.00,0.00,30,0,74,12,0,0,0,0,0,28,46,65,59,0,21,42,15,15,0,0,16,29,0,0
Cauan de Jesus Farias,19,1159858800,2006/10/03,Serie A,2026,Midfielder,Vitória,0,0,0,Brazil,0,0,0,0,0,0,0,0,0,0,0,0,0,0,0,0,0,0,0,0,0,0,0,0,0,0,0,0,0,0,0,-1,-1,-1,-1,N/A,N/A,N/A,N/A,N/A,N/A,N/A,N/A,N/A,N/A,N/A,N/A,N/A,N/A,N/A,N/A,N/A,N/A,N/A,N/A,N/A,N/A,N/A,N/A,N/A,N/A,N/A,N/A,N/A,N/A,N/A,N/A,N/A,N/A,N/A,N/A,N/A,N/A,N/A,N/A,N/A,N/A,N/A,N/A,N/A,N/A,N/A,N/A,N/A,N/A,N/A,N/A,N/A,N/A,N/A,N/A,N/A,N/A,N/A,N/A,N/A,N/A,N/A,N/A,N/A,N/A,N/A,N/A,N/A,N/A,N/A,N/A,N/A,N/A,N/A,N/A,N/A,N/A,N/A,N/A,N/A,N/A,N/A,N/A,N/A,N/A,N/A,N/A,N/A,N/A,N/A,N/A,N/A,N/A,N/A,N/A,N/A,N/A,N/A,N/A,N/A,N/A,N/A,N/A,N/A,N/A,N/A,N/A,N/A,N/A,N/A,N/A,N/A,N/A,N/A,N/A,N/A,N/A,N/A,N/A,N/A,N/A,N/A,N/A,N/A,N/A,N/A,N/A,N/A,N/A,N/A,N/A,N/A,N/A,N/A,N/A,N/A,N/A,N/A,N/A,N/A,N/A,N/A,N/A,N/A,N/A,N/A,N/A,N/A,N/A,N/A,N/A,N/A,N/A,N/A,N/A,N/A,N/A,N/A,N/A,N/A,N/A,N/A,N/A,N/A,N/A,N/A,N/A,N/A,N/A,N/A,N/A,N/A,N/A,N/A,N/A,N/A,N/A,N/A,N/A,N/A,N/A,N/A,N/A,N/A,N/A,N/A,N/A,N/A,N/A,N/A,N/A,N/A,N/A,N/A,N/A,N/A,N/A,N/A,N/A,N/A,N/A,N/A,N/A,N/A,N/A,N/A,N/A,N/A,N/A,N/A,N/A,N/A,N/A,N/A,N/A,N/A,N/A,N/A,N/A,N/A,N/A,N/A,N/A
Cauan Lucas Barros da Luz,22,1083826800,2004/05/06,Serie A,2026,Midfielder,Vasco da Gama,1293,617,676,Brazil,18,8,10,3,0,3,0,0,0,0,0,1,0,1,22,9,13,5,1,0.21,0,0.21,0,0.4,431,1.53,59,72,216,0,0.42,100,389,-1,4,380000,6.60,0,48,56.24,44.89,90,808,40.17,723,87,50.32,91,0.00,0.00,0.56,10,0.00,0.11,1.88,1.50,27,0.00,0.50,0.00,0.00,0.00,1.39,0.28,1.33,6.00,1.25,0.83,0.61,0.00,0.17,0.16,0.00,1.89,0.00,0.00,0,0,,18,1.00,58,3,0.21,41,15,1.04,66,1,3,15,72,0.00,99,0,25,1.74,94,2,30,0.14,22,0,0.00,99,0,0.00,0,0,0.00,0,0.70,42,11,0.77,40,5,0.35,45.45,0,0.00,0,0,0,0.00,0,24,0.00,17,1.67,79,N/A,N/A,N/A,N/A,0.00,0,0.00,0,2.85,0.00,0,89.48,16.67,26,28,0.72,0.90,13,38,47,0,0,0,0.39,0.49,7,75,118.78,2.28,2.85,41,1,0.00,0.07,6,0.06,0,0,0,0.00,0.00,0,0.00,0.00,0.00,0.00,0,0,16.67,86,67,68,68,19,1.75,45,0.10,0.12,2.85,70,0.16,0.20,97,45,2.50,3.13,2.16,1.72,92,31,0.20,68,24,72,75,0,47,90,0,0.00,99,34,0.00,2.37,13.23,10.56,190,109,97,91,7.59,6.06,57.37,9,0.63,48,0,0.00,0,0.00,99,0,0.00,0.00,30,69,56,35,0,1,0,6,0,64,79,93,59,0,41,9,28,88,4,22,79,88,N/A,N/A
Cauê Nascimento Santos,19,1165996800,2006/12/13,Serie A,2026,Defender,Bragantino,269,5,264,Brazil,4,1,3,0,0,0,0,0,0,0,0,1,1,0,3,0,3,1,0,0,0,0,0,0,0,1,90,67,269,0,0.33,-1,-1,-1,14,55000,6.58,0,48,37.81,28.25,54,113,22.25,89,26,29.78,49,0.00,0.00,0.25,1,0.00,2.00,2.68,2.00,8,0.00,0.00,0.00,0.00,0.00,1.75,0.25,1.00,0.00,0.67,0.50,0.50,0.00,0.00,0.03,0.00,0.50,0.00,0.00,0,0,,2,0.50,34,0,0.00,17,2,0.67,47,1,1,3,93,0.00,99,0,7,2.34,99,8,30,2.68,72,0,0.00,99,0,0.00,0,0,0.00,0,0.33,24,2,0.67,36,1,0.33,50.00,0,0.00,0,0,0,0.00,0,4,0.00,66,1.34,56,N/A,N/A,N/A,N/A,0.00,0,0.00,0,0.11,0.00,0,78.76,0.00,17,2,1.25,1.67,5,37,59,0,0,0,0.00,0.00,0,24,26.34,3.25,4.35,13,0,0.00,0.00,99,0.00,0,0,0,0.00,0.00,0,0.00,0.00,0.33,0.25,1,0,0.00,45,0,0,46,67,0.22,16,0.06,0.07,0.11,26,0.03,0.04,1,0,0.00,0.00,2.01,1.50,89,6,0.04,25,23,84,75,0,87,39,0,0.00,99,2,0.00,0.67,8.36,6.25,25,11,33,45,3.68,2.75,44.00,0,0.00,99,0,0.00,0,0.00,99,0,0.00,0.00,30,3,36,35,0,0,0,0,0,28,46,65,59,0,22,54,35,80,1,25,85,51,N/A,N/A
Cauly Oliveira Souza,30,811148400,1995/09/15,Serie A,2026,Midfielder,São Paulo,660,213,447,Brazil,14,5,9,1,0,1,0,0,0,0,0,3,2,1,7,2,5,0,0,0.14,0,0.14,0,0.2,660,0.95,94,47,0,0,0,149,281,-1,8,1190000,6.84,0,48,47.66,24.93,78,349,20.86,292,51,39.88,75,0.00,0.00,1.07,15,0.00,2.71,1.23,0.64,9,0.00,0.57,0.00,0.00,0.00,0.29,0.64,0.50,11.00,1.50,0.50,0.86,0.00,0.29,0.10,0.00,0.29,0.00,0.00,0,0,,11,0.79,66,4,0.55,71,7,0.96,62,3,6,8,45,0.00,99,0,4,0.55,39,38,84,5.19,93,0,0.00,99,0,0.00,0,0,0.00,0,2.05,91,12,1.64,68,9,1.23,75.00,0,0.00,0,0,0,0.00,0,7,0.00,74,0.96,21,N/A,N/A,N/A,N/A,0.00,0,0.00,0,1.45,0.00,0,83.67,36.36,69,44,0.36,0.68,5,82,91,1,0,0,0.07,0.14,1,40,95.83,0.14,0.27,2,0,0.00,0.00,99,0.00,0,1,0,0.00,0.00,0,0.00,0.00,0.00,0.00,0,0,9.09,62,25,34,81,72,1.07,60,0.08,0.15,0.75,50,0.05,0.10,79,13,0.93,1.78,1.91,1.00,87,14,0.20,68,59,5,75,0,47,30,0,0.00,99,4,0.00,0.55,9.70,5.07,71,35,62,65,4.78,2.50,49.30,8,1.09,26,0,34.21,0,0.00,99,13,0.93,1.78,96,32,79,72,0,0,0,0,0,49,66,78,59,0,73,44,15,15,0,0,16,80,N/A,N/A
Cedric Soares,34,683622000,1991/08/31,Serie A,2026,Defender,São Paulo,262,50,212,Portugal,8,2,6,0,0,0,0,0,0,0,0,0,0,0,5,1,4,1,0,0,0,0,0,0,0,1.72,52,33,262,0,0.34,-1,-1,-1,24,1400000,5.70,0,48,39.70,14.50,59,116,11.00,88,17,30.11,50,0.00,0.00,0.38,3,0.00,1.62,2.05,0.75,6,0.00,0.00,0.00,0.00,0.00,0.38,0.00,0.75,0.00,0.68,0.25,0.12,0.00,0.00,0.01,0.00,0.50,0.00,0.00,0,0,,2,0.25,34,0,0.00,17,2,0.68,47,1,6,2,77,0.00,99,0,3,1.03,65,13,56,4.45,90,0,0.00,99,0,0.00,0,0,0.00,0,1.03,60,1,0.34,20,0,0.00,0.00,0,0.00,0,0,0,0.00,0,6,0.00,9,2.05,89,N/A,N/A,N/A,N/A,0.00,0,0.00,0,0.09,0.00,0,75.86,0.00,17,44,0.25,0.68,2,13,13,0,0,0,0.25,0.68,2,85,45.63,1.00,2.74,8,0,0.00,0.00,99,0.00,0,0,0,0.00,0.00,0,0.00,0.00,0.00,0.00,0,0,0.00,45,0,8,46,9,0.29,36,0.04,0.10,0.09,20,0.01,0.03,1,0,0.00,0.00,0.68,0.25,19,2,0.03,19,2,70,75,0,47,69,0,0.00,99,4,0.00,1.37,5.13,1.88,15,10,28,11,3.42,1.25,66.67,0,0.00,99,0,23.08,0,0.00,99,3,0.38,1.03,86,1,79,35,0,0,0,0,0,28,46,65,59,0,80,5,34,81,1,12,49,21,N/A,N/A
Charles Rigon Matos,30,835167600,1996/06/19,Serie A,2026,Midfielder,Corinthians,195,21,174,Brazil,4,1,3,0,0,0,0,0,0,0,0,2,1,1,3,0,3,0,0,0,0,0,0,0,0,1.38,65,49,0,0,0,-1,-1,-1,23,403200,6.49,0,48,25.38,13.75,21,55,11.00,44,30,20.31,22,0.00,0.00,0.00,0,0.00,0.25,2.77,1.50,6,0.00,0.25,0.00,0.00,0.00,0.50,0.25,0.75,0.00,0.00,0.00,1.00,0.00,0.00,0.00,0.00,1.00,0.00,0.00,0,0,,0,0.00,7,0,0.00,17,0,0.00,7,3,1,3,94,0.00,99,0,2,0.92,58,1,30,0.46,40,0,0.00,99,0,0.00,0,0,0.00,0,0.00,8,4,1.85,72,1,0.46,25.00,0,0.00,0,0,0,0.00,0,3,0.00,28,1.38,59,N/A,N/A,N/A,N/A,0.00,0,0.00,0,0.00,0.00,0,80.00,0.00,17,5,0.75,1.38,3,47,18,0,0,0,0.00,0.00,0,24,25.95,0.75,1.38,3,0,0.00,0.00,99,0.00,0,0,0,0.00,0.00,0,0.00,0.00,0.92,0.50,2,0,0.00,45,0,0,46,28,0.10,10,0.03,0.05,0.00,7,0.00,0.00,22,1,0.25,0.46,2.31,1.25,95,5,0.00,7,19,49,75,0,98,80,0,0.00,99,4,0.00,1.85,12.00,6.50,26,12,78,85,5.54,3.00,46.15,1,0.46,60,0,0.00,0,0.00,99,0,0.00,0.00,30,3,36,72,0,0,0,0,0,28,46,65,59,0,43,98,15,15,0,0,16,35,N/A,N/A
Chris Ramos,29,853574400,1997/01/18,Serie A,2026,Forward,Botafogo,17,14,3,Spain,3,1,2,0,0,0,0,0,0,0,0,0,0,0,1,1,0,1,0,0,0,0,0,0,0,5.29,17,6,17,0,5.29,-1,-1,-1,18,0,4.44,0,48,20.00,1.33,10,4,1.00,3,15,15.00,11,0.00,0.00,0.00,0,0.00,0.00,5.00,0.33,1,0.00,0.00,0.00,0.00,0.00,0.00,0.00,0.33,0.00,15.00,1.00,0.00,0.00,0.00,0.05,0.00,0.67,0.00,0.00,0,0,,3,1.00,99,0,0.00,17,3,15.00,99,0,3,0,99,0.00,99,0,0,0.00,10,0,30,0.00,16,0,0.00,99,0,0.00,0,0,0.00,0,0.00,8,0,0.00,9,0,0.00,0.00,0,0.00,0,0,0,0.00,0,1,0.00,0,5.00,98,N/A,N/A,N/A,N/A,0.00,0,0.00,0,0.14,0.00,0,75.00,0.00,17,0,0.33,5.00,1,13,13,0,0,0,0.00,0.00,0,24,13.33,0.33,5.00,1,0,0.00,0.00,99,0.00,0,0,0,0.00,0.00,0,0.00,0.00,0.00,0.00,0,0,0.00,45,0,0,46,0,0.01,10,0.00,0.05,0.14,99,0.05,0.70,1,0,0.00,0.00,10.00,0.67,99,2,0.70,99,0,88,75,0,47,99,0,0.00,99,2,0.00,10.00,35.00,2.33,7,3,99,99,15.00,1.00,42.86,0,0.00,99,0,0.00,0,0.00,99,0,0.00,0.00,30,0,56,12,0,0,0,0,0,28,46,65,59,0,21,5,15,99,1,33,94,9,0,0
Christian Gabriel Oliva Giménez,30,833612400,1996/06/01,Serie A,2026,Midfielder,Santos,979,546,433,Uruguay,16,9,7,0,0,0,2,1,1,0,0,5,3,2,10,4,6,0,0,0.18,0.18,0,0,0,0,0.92,98,61,0,490,0,260,74,-1,14,0,6.75,0.12,84,41.55,28.25,62,452,22.62,362,30,33.28,58,0.00,0.00,0.56,9,0.00,0.38,2.67,1.81,29,0.00,0.50,0.00,0.00,0.00,0.88,0.38,0.75,0.00,0.64,0.44,0.62,0.00,0.00,0.02,0.00,0.44,0.00,0.00,0,0,,7,0.44,32,0,0.00,17,7,0.64,45,6,5,11,93,0.00,99,0,14,1.29,84,6,84,0.55,42,0,0.00,99,0,0.00,0,0,0.00,0,0.83,48,10,0.92,44,6,0.55,60.00,0,0.00,0,0,0,0.00,0,12,0.00,76,1.10,35,N/A,N/A,N/A,N/A,0.00,0,0.00,0,0.32,0.00,0,80.09,0.00,17,39,0.50,0.74,8,55,72,0,0,0,0.31,0.46,5,73,107.96,0.88,1.29,14,0,0.00,0.00,99,0.00,0,0,0,0.00,0.00,0,0.00,0.00,0.00,0.00,0,0,0.00,45,46,50,46,76,2.24,82,0.14,0.21,0.32,20,0.02,0.03,45,10,0.62,0.92,2.21,1.50,93,24,0.03,19,48,45,75,0,47,36,0,0.00,99,7,0.00,0.64,9.65,6.56,105,52,62,63,4.78,3.25,49.52,8,0.74,43,0,33.33,0,0.00,99,2,0.12,0.18,46,48,74,97,0,0,0,0,0,57,46,65,59,0,21,67,15,15,0,0,16,28,0,0
Christian Roberto Alves Cardoso,25,977212800,2000/12/19,Serie A,2026,Midfielder,Cruzeiro,1258,720,538,Brazil,17,10,7,5,4,1,3,2,1,0,0,4,3,1,20,9,11,1,0,0.57,0.21,0.36,0.5,0.17,252,1.43,63,74,1258,419,0.07,42,57,-1,3,1450000,6.97,0.18,89,26.87,22.06,24,375,18.18,309,41,22.14,26,0.00,0.00,0.82,14,0.00,1.06,2.01,1.65,28,0.00,0.53,0.00,0.00,0.00,0.94,0.35,1.35,4.00,1.43,0.71,1.18,0.00,0.47,0.27,0.00,0.71,0.00,0.00,0,0,,20,1.18,63,8,0.57,71,12,0.86,58,6,2,15,77,0.00,99,0,16,1.15,74,18,35,1.29,56,0,0.00,99,0,0.00,0,0,0.00,0,1.00,59,20,1.43,62,6,0.43,30.00,0,0.00,0,0,0,0.00,0,23,0.00,25,1.65,78,N/A,N/A,N/A,N/A,0.00,0,0.00,0,4.55,0.00,0,82.40,40.00,77,55,0.47,0.57,8,46,22,0,0,0,0.06,0.07,1,27,118.48,0.59,0.72,10,0,0.00,0.00,99,0.00,0,0,0,0.00,0.00,0,0.00,0.00,0.29,0.24,4,0,25.00,96,64,61,56,26,2.91,82,0.17,0.21,4.55,85,0.27,0.33,67,20,1.18,1.43,1.36,1.12,55,19,0.33,83,80,25,75,0,86,47,0,0.00,99,12,0.00,0.86,8.96,7.35,125,66,60,53,4.73,3.88,52.80,9,0.64,47,0,11.11,0,0.00,99,2,0.12,0.14,43,69,46,97,0,0,0,0,0,94,90,75,94,0,81,51,93,22,1,6,29,88,N/A,N/A
Claudio Coelho Salvático,25,969778800,2000/09/24,Serie A,2026,Defender,Vitória,115,0,115,Brazil,2,0,2,0,0,0,0,0,0,0,0,0,0,0,3,0,3,0,0,0,0,0,0,0,0,2.35,38,58,0,0,0,-1,-1,-1,19,0,6.46,0,48,45.39,29.00,73,58,19.50,39,4,30.52,50,0.00,0.00,0.50,1,0.00,1.00,1.57,1.00,2,0.00,1.00,0.00,0.00,0.00,1.00,0.00,2.00,0.00,0.00,-0.50,0.50,0.00,0.50,0.04,0.00,0.00,0.00,0.00,0,0,,0,0.00,7,1,0.78,80,-1,-0.78,0,3,1,1,58,0.00,99,0,2,1.57,89,2,30,1.57,59,0,0.00,99,0,0.00,0,0,0.00,0,0.78,47,1,0.78,40,0,0.00,0.00,0,0.00,0,0,0,0.00,0,4,0.00,0,3.13,93,N/A,N/A,N/A,N/A,0.00,0,0.00,0,0.08,0.00,0,67.24,0.00,17,3,1.00,1.57,2,13,13,0,0,0,1.00,1.57,2,99,12.91,2.00,3.13,4,0,0.00,0.00,99,0.00,0,0,0,0.00,0.00,0,0.00,0.00,0.00,0.00,0,0,0.00,45,0,0,46,0,0.11,32,0.06,0.09,0.08,35,0.04,0.06,40,1,0.50,0.78,0.00,0.00,5,0,0.06,34,18,75,75,0,47,2,0,0.00,99,0,0.00,0.00,6.26,4.00,8,3,9,18,2.35,1.50,37.50,2,1.57,10,0,0.00,0,0.00,99,0,0.00,0.00,30,0,36,72,0,0,0,0,0,28,46,65,59,0,21,5,15,15,0,0,16,2,0,0
Claudio Henrique de Jesus Passos,20,1130310000,2005/10/26,Serie A,2026,Defender,Atlético PR,422,242,180,Brazil,6,3,3,0,0,0,1,0,1,0,0,3,2,1,2,1,1,0,0,0.21,0.21,0,0,0,0,0.43,211,70,0,422,0,253,56,3,10,0,6.90,0.17,89,32.20,25.17,38,151,19.50,117,22,24.95,33,0.00,0.00,0.67,4,0.00,2.17,2.13,1.67,10,0.00,1.00,0.00,0.00,0.00,0.83,0.83,0.33,0.00,1.71,1.17,1.33,0.00,0.17,0.09,0.00,1.50,0.00,0.00,0,0,,8,1.33,71,1,0.21,41,7,1.49,84,2,2,4,80,0.00,99,0,5,1.07,69,13,88,2.77,74,0,0.00,99,0,0.00,0,0,0.00,0,0.85,50,8,1.71,69,5,1.07,62.50,0,0.00,0,0,0,0.00,0,2,0.00,98,0.43,1,N/A,N/A,N/A,N/A,0.00,0,0.00,0,0.54,0.00,0,77.48,12.50,22,16,0.83,1.07,5,78,76,0,0,0,0.00,0.00,0,24,41.40,2.67,3.41,16,0,0.00,0.00,99,0.00,0,0,1,0.17,0.21,0,0.00,0.00,0.00,0.00,0,0,0.00,45,5,4,46,98,0.97,82,0.16,0.21,0.54,54,0.09,0.12,62,6,1.00,1.28,1.71,1.33,77,8,0.12,53,70,77,97,0,47,81,0,0.00,99,9,0.00,1.92,12.37,9.67,58,30,91,87,6.40,5.00,51.72,6,1.28,19,0,38.46,0,0.00,99,5,0.83,1.07,87,8,46,56,0,0,0,0,0,64,46,65,59,0,21,98,15,15,0,0,16,26,0,0
Claudio Spinelli,29,866876400,1997/06/21,Serie A,2026,Forward,Vasco da Gama,720,520,200,Argentina,16,10,6,1,1,0,0,0,0,0,0,2,1,1,8,6,2,0,0,0.13,0,0.13,0.17,0,720,1,90,45,0,0,0,154,273,-1,13,850000,6.20,0,48,10.49,5.25,1,84,4.06,65,21,8.11,2,0.00,0.00,0.19,3,0.00,0.19,1.12,0.56,9,0.00,1.12,0.00,0.00,0.00,0.12,0.19,0.50,36.00,4.49,1.50,0.56,0.00,0.75,0.19,0.00,1.50,0.00,0.00,0,0,,36,2.25,99,12,1.50,98,24,3.00,99,4,9,7,39,0.00,99,0,2,0.25,22,3,84,0.37,36,0,0.00,99,0,0.00,0,0,0.00,0,0.37,27,9,1.12,52,3,0.37,33.33,0,0.00,0,0,0,0.00,0,8,0.00,66,1.00,25,N/A,N/A,N/A,N/A,0.00,0,0.00,0,2.97,0.00,0,77.38,33.33,62,62,0.25,0.50,4,39,27,0,0,0,0.00,0.00,0,24,99.25,0.56,1.12,9,0,0.00,0.00,99,0.00,0,0,1,0.06,0.12,0,0.00,0.00,0.00,0.00,0,0,2.78,46,30,50,82,67,0.24,4,0.01,0.03,2.97,89,0.19,0.37,66,11,0.69,1.37,2.50,1.25,97,20,0.37,87,8,40,91,0,47,97,0,0.00,99,24,0.00,3.00,16.60,8.31,133,47,83,98,5.87,2.94,35.34,18,2.25,2,0,33.33,0,0.00,99,1,0.06,0.12,39,28,94,83,0,0,0,0,0,47,65,65,70,0,63,26,15,15,0,0,16,77,N/A,N/A
Clayton Sampaio Pereira,26,954831600,2000/04/04,Serie A,2026,Defender,Internacional,0,0,0,Brazil,0,0,0,0,0,0,0,0,0,0,0,0,0,0,0,0,0,1,0,0,0,0,0,0,0,0,0,0,0,0,0,-1,-1,-1,-1,N/A,N/A,N/A,N/A,N/A,N/A,N/A,N/A,N/A,N/A,N/A,N/A,N/A,N/A,N/A,N/A,N/A,N/A,N/A,N/A,N/A,N/A,N/A,N/A,N/A,N/A,N/A,N/A,N/A,N/A,N/A,N/A,N/A,N/A,N/A,N/A,N/A,N/A,N/A,N/A,N/A,N/A,N/A,N/A,N/A,N/A,N/A,N/A,N/A,N/A,N/A,N/A,N/A,N/A,N/A,N/A,N/A,N/A,N/A,N/A,N/A,N/A,N/A,N/A,N/A,N/A,N/A,N/A,N/A,N/A,N/A,N/A,N/A,N/A,N/A,N/A,N/A,N/A,N/A,N/A,N/A,N/A,N/A,N/A,N/A,N/A,N/A,N/A,N/A,N/A,N/A,N/A,N/A,N/A,N/A,N/A,N/A,N/A,N/A,N/A,N/A,N/A,N/A,N/A,N/A,N/A,N/A,N/A,N/A,N/A,N/A,N/A,N/A,N/A,N/A,N/A,N/A,N/A,N/A,N/A,N/A,N/A,N/A,N/A,N/A,N/A,N/A,N/A,N/A,N/A,N/A,N/A,N/A,N/A,N/A,N/A,N/A,N/A,N/A,N/A,N/A,N/A,N/A,N/A,N/A,N/A,N/A,N/A,N/A,N/A,N/A,N/A,N/A,N/A,N/A,N/A,N/A,N/A,N/A,N/A,N/A,N/A,N/A,N/A,N/A,N/A,N/A,N/A,N/A,N/A,N/A,N/A,N/A,N/A,N/A,N/A,N/A,N/A,N/A,N/A,N/A,N/A,N/A,N/A,N/A,N/A,N/A,N/A,N/A,N/A,N/A,N/A,N/A,N/A,N/A,N/A,N/A,N/A,N/A,N/A,N/A,N/A,N/A,N/A,N/A,N/A,N/A,N/A,N/A,N/A,N/A,N/A,N/A,N/A,N/A,N/A,N/A,N/A,N/A,N/A,N/A,N/A,N/A,N/A
Cleidson Andrade de Souza Silva,32,749113200,1993/09/27,Serie A,2026,Defender,Vitória,600,360,240,Brazil,8,4,4,0,0,0,0,0,0,0,0,3,3,0,7,2,5,0,0,0,0,0,0,0,0,1.05,86,75,0,0,0,365,364,69,27,120000,6.87,0,48,26.70,22.25,24,178,18.12,145,36,21.75,25,0.00,0.00,0.12,1,0.00,0.00,2.10,1.75,14,0.00,0.12,0.00,0.00,0.00,0.75,0.00,0.88,0.00,0.45,0.25,0.00,0.00,0.12,0.03,0.00,2.00,0.00,0.00,0,0,,3,0.38,20,1,0.15,32,2,0.30,20,1,1,7,78,0.00,99,0,6,0.90,57,0,30,0.00,16,0,0.00,99,0,0.00,0,0,0.00,0,0.15,12,0,0.00,9,0,0.00,0.00,0,0.00,0,0,0,0.00,0,7,0.00,59,1.05,30,N/A,N/A,N/A,N/A,0.00,0,0.00,0,0.25,0.00,0,81.46,33.33,62,91,0.12,0.15,1,13,13,0,0,0,1.00,1.20,8,97,54.93,4.25,5.10,34,0,0.00,0.00,99,0.00,0,0,0,0.00,0.00,0,0.00,0.00,0.00,0.00,0,0,0.00,45,20,8,46,60,0.39,14,0.05,0.06,0.25,26,0.03,0.04,30,4,0.50,0.60,0.45,0.38,12,3,0.04,25,65,89,75,0,47,90,0,0.00,99,16,0.00,2.40,6.00,5.00,40,31,56,16,4.65,3.88,77.50,1,0.15,81,0,0.00,0,0.00,99,0,0.00,0.00,30,28,36,35,0,0,0,0,0,28,46,65,59,0,24,85,15,15,0,0,16,4,N/A,N/A
Cleiton Schwengber,29,871974000,1997/08/19,Serie A,2026,Goalkeeper,Bragantino,630,360,270,Brazil,7,4,3,0,0,0,0,0,0,0,0,2,1,1,8,5,3,1,0,0,0,0,0,0,0,1.14,79,90,630,0,0.14,330,327,90,20,750000,6.93,0,48,30.86,30.86,33,216,25.00,175,33,25.00,34,0.00,0.00,0.14,1,0.00,0.00,0.14,0.14,1,0.00,0.00,0.00,0.00,2.43,0.00,0.00,3.57,0.00,0.00,0.00,0.00,0.00,0.00,0.00,0.00,0.14,0.00,0.00,0,0,,0,0.00,7,0,0.00,17,0,0.00,7,0,0,7,7,0.00,99,0,0,0.00,10,0,30,0.00,16,0,0.00,99,0,0.00,0,0,0.00,0,0.14,11,0,0.00,9,0,0.00,0.00,0,0.00,0,17,53,2.43,35,25,0.00,50,3.57,95,N/A,N/A,N/A,N/A,68.00,0,0.00,0,0.00,0.00,0,81.02,0.00,17,91,0.14,0.14,1,13,13,0,0,13,0.14,0.14,1,40,48.54,1.29,1.29,9,0,0.00,0.00,99,0.00,0,0,0,0.00,0.00,4,0.57,0.57,0.00,0.00,0,0,0.00,45,22,6,46,50,0.38,10,0.05,0.05,0.00,7,0.00,0.00,1,0,0.00,0.00,0.00,0.00,5,0,0.00,7,74,45,75,70,47,5,0,0.00,99,1,0.00,0.14,0.43,0.43,3,2,3,4,0.29,0.29,66.67,0,0.00,99,0,0.00,0,0.00,99,0,0.00,0.00,30,28,23,12,0,0,0,0,0,28,46,65,59,0,59,64,80,35,1,14,57,1,N/A,N/A
Cristian González,30,838105200,1996/07/23,Serie A,2026,Defender,Remo,0,0,0,Uruguay,0,0,0,0,0,0,0,0,0,0,0,0,0,0,0,0,0,0,0,0,0,0,0,0,0,0,0,0,0,0,0,-1,-1,-1,-1,N/A,N/A,N/A,N/A,N/A,N/A,N/A,N/A,N/A,N/A,N/A,N/A,N/A,N/A,N/A,N/A,N/A,N/A,N/A,N/A,N/A,N/A,N/A,N/A,N/A,N/A,N/A,N/A,N/A,N/A,N/A,N/A,N/A,N/A,N/A,N/A,N/A,N/A,N/A,N/A,N/A,N/A,N/A,N/A,N/A,N/A,N/A,N/A,N/A,N/A,N/A,N/A,N/A,N/A,N/A,N/A,N/A,N/A,N/A,N/A,N/A,N/A,N/A,N/A,N/A,N/A,N/A,N/A,N/A,N/A,N/A,N/A,N/A,N/A,N/A,N/A,N/A,N/A,N/A,N/A,N/A,N/A,N/A,N/A,N/A,N/A,N/A,N/A,N/A,N/A,N/A,N/A,N/A,N/A,N/A,N/A,N/A,N/A,N/A,N/A,N/A,N/A,N/A,N/A,N/A,N/A,N/A,N/A,N/A,N/A,N/A,N/A,N/A,N/A,N/A,N/A,N/A,N/A,N/A,N/A,N/A,N/A,N/A,N/A,N/A,N/A,N/A,N/A,N/A,N/A,N/A,N/A,N/A,N/A,N/A,N/A,N/A,N/A,N/A,N/A,N/A,N/A,N/A,N/A,N/A,N/A,N/A,N/A,N/A,N/A,N/A,N/A,N/A,N/A,N/A,N/A,N/A,N/A,N/A,N/A,N/A,N/A,N/A,N/A,N/A,N/A,N/A,N/A,N/A,N/A,N/A,N/A,N/A,N/A,N/A,N/A,N/A,N/A,N/A,N/A,N/A,N/A,N/A,N/A,N/A,N/A,N/A,N/A,N/A,N/A,N/A,N/A,N/A,N/A,N/A,N/A,N/A,N/A,N/A,N/A,N/A,N/A,N/A,N/A,N/A,N/A,N/A,N/A,N/A,N/A,N/A,N/A,N/A,N/A,N/A,N/A,N/A,N/A,N/A,N/A,N/A,N/A,N/A,N/A
Cristian Medina,24,1022914800,2002/06/01,Serie A,2026,Midfielder,Botafogo,1291,753,538,Argentina,16,9,7,1,1,0,0,0,0,0,0,2,1,1,20,11,9,4,1,0.07,0,0.07,0.12,0,1291,1.39,65,81,258,0,0.35,197,246,-1,8,0,6.84,0,48,36.74,32.94,52,527,29.50,472,88,32.90,57,0.00,0.00,0.75,12,0.00,0.31,1.39,1.25,20,0.00,1.00,0.00,0.00,0.00,1.06,0.81,1.25,21.00,1.46,1.12,1.12,0.00,0.19,0.13,0.00,0.50,0.00,0.00,0,0,,21,1.31,64,3,0.21,41,18,1.25,76,4,0,16,49,0.00,99,0,17,1.19,77,5,90,0.35,34,0,0.00,99,0,0.00,0,0,0.00,0,0.84,49,18,1.25,56,13,0.91,72.22,0,0.00,0,0,0,0.00,0,20,0.00,27,1.39,59,N/A,N/A,N/A,N/A,0.00,0,0.00,0,2.01,0.00,0,89.56,14.29,23,49,0.56,0.63,9,73,87,0,0,0,0.38,0.42,6,69,109.48,1.50,1.67,24,0,0.00,0.00,99,0.00,0,0,0,0.00,0.00,0,0.00,0.00,0.07,0.06,1,1,4.76,49,66,50,93,28,1.28,32,0.08,0.09,2.01,59,0.13,0.14,83,28,1.75,1.95,1.25,1.12,52,18,0.14,58,59,56,75,0,57,30,0,0.00,99,8,0.00,0.56,9.06,8.12,130,68,61,55,4.74,4.25,52.31,16,1.12,25,0,40.00,0,0.00,99,2,0.12,0.14,43,76,23,83,0,0,0,0,0,35,54,65,64,0,21,26,34,82,3,19,69,6,0,0
Cristian Olivera,24,1019026800,2002/04/17,Serie A,2026,Forward,Bahia,1052,458,594,Uruguay,17,8,9,1,1,0,1,0,1,0,0,5,2,3,13,6,7,1,0,0.17,0.09,0.09,0.2,0,1052,1.11,81,62,1052,1052,0.09,182,152,-1,9,0,6.94,0.06,63,31.74,21.82,37,371,18.71,318,66,27.21,42,0.00,0.00,1.00,17,0.00,2.35,1.11,0.76,13,0.00,0.53,0.00,0.00,0.00,0.24,1.06,0.76,25.00,2.14,0.59,2.76,0.00,0.88,0.19,0.00,0.18,0.00,0.00,0,0,,25,1.47,79,15,1.28,96,10,0.86,58,3,4,13,38,0.00,99,0,4,0.34,24,40,54,3.42,81,0,0.00,99,0,0.00,0,0,0.00,0,1.45,79,47,4.02,94,18,1.54,38.30,0,0.00,0,0,0,0.00,0,13,0.00,53,1.11,36,N/A,N/A,N/A,N/A,0.00,0,0.00,0,3.15,0.00,0,85.71,60.00,98,36,0.53,0.77,9,88,33,0,0,0,0.06,0.09,1,30,118.05,0.47,0.68,8,0,0.00,0.00,99,0.00,0,0,1,0.06,0.09,0,0.00,0.00,0.60,0.41,7,0,4.00,48,51,61,90,53,2.05,72,0.12,0.18,3.15,78,0.19,0.27,97,37,2.18,3.17,1.03,0.71,37,12,0.27,77,77,23,87,0,94,10,0,0.00,99,3,0.00,0.26,11.72,8.06,137,71,86,82,6.07,4.18,51.82,9,0.77,41,0,22.50,0,0.00,99,9,0.53,0.77,80,58,65,72,0,0,0,0,0,55,58,65,72,0,21,64,92,24,1,6,29,99,0,0
Cristian Pavón,30,822211200,1996/01/21,Serie A,2026,Forward,Grêmio,1584,812,772,Argentina,21,10,11,1,1,0,3,2,1,0,0,5,3,2,19,9,10,5,0,0.23,0.17,0.06,0.11,0,1584,1.08,83,75,317,528,0.28,207,79,-1,10,1450000,7.17,0.14,82,43.30,36.29,68,762,31.33,658,69,37.39,70,0.00,0.00,1.71,36,0.00,6.62,1.88,1.57,33,0.00,0.52,0.00,0.00,0.00,1.33,1.62,0.95,12.00,0.68,0.33,2.43,0.00,0.24,0.07,0.00,0.76,0.00,0.00,0,0,,12,0.57,34,5,0.28,49,7,0.40,28,3,3,18,72,0.00,99,0,28,1.59,90,139,75,7.90,99,0,0.00,99,0,0.00,0,0,0.00,0,2.05,91,51,2.90,88,34,1.93,66.67,0,0.00,0,0,0,0.00,0,20,0.00,56,1.14,41,N/A,N/A,N/A,N/A,0.00,0,0.00,0,1.55,0.00,0,86.35,41.67,79,18,0.86,1.02,18,94,83,0,0,0,0.00,0.00,0,24,150.67,1.95,2.33,41,0,0.00,0.00,99,0.00,0,0,1,0.05,0.06,0,0.00,0.00,0.28,0.24,5,0,8.33,59,85,90,96,55,4.38,89,0.21,0.25,1.55,46,0.07,0.09,21,8,0.38,0.45,0.74,0.62,22,13,0.09,44,96,65,81,0,85,50,0,0.00,99,16,0.00,0.91,9.32,7.81,164,89,68,60,5.06,4.24,54.27,11,0.62,49,0,30.22,0,0.00,99,42,2.00,2.39,99,84,56,72,0,0,0,0,0,66,52,65,63,0,81,51,44,71,5,24,82,7,N/A,N/A
Damián Bobadilla,25,994834800,2001/07/11,Serie A,2026,Midfielder,São Paulo,1161,600,561,Paraguay,16,8,8,0,0,0,2,1,1,0,0,4,3,1,17,6,11,3,0,0.16,0.16,0,0,0,0,1.32,68,73,387,581,0.23,376,88,-1,35,500000,6.88,0.12,81,42.67,34.38,66,550,29.69,475,70,36.85,69,0.00,0.00,1.06,17,0.00,0.88,1.86,1.50,24,0.00,0.31,0.00,0.00,0.00,1.12,0.38,1.12,0.00,1.16,0.56,0.50,0.00,0.38,0.09,0.00,0.12,0.00,0.00,0,0,,15,0.94,54,6,0.47,65,9,0.70,49,6,2,14,71,0.00,99,0,18,1.40,87,14,51,1.09,54,0,0.00,99,0,0.00,0,0,0.00,0,1.32,76,8,0.62,33,6,0.47,75.00,0,0.00,0,0,0,0.00,0,18,0.00,33,1.40,60,N/A,N/A,N/A,N/A,0.00,0,0.00,0,1.38,0.00,0,86.36,40.00,77,10,1.00,1.24,16,48,91,0,0,0,0.06,0.08,1,28,110.02,1.06,1.32,17,0,0.00,0.00,99,0.00,0,0,1,0.06,0.08,0,0.00,0.00,0.16,0.12,2,0,0.00,45,58,50,46,33,2.86,83,0.18,0.22,1.38,52,0.09,0.11,25,7,0.44,0.54,1.55,1.25,69,20,0.11,50,66,48,85,0,76,6,0,0.00,99,2,0.00,0.16,6.67,5.38,86,39,19,23,3.03,2.44,45.35,5,0.39,66,0,21.43,0,0.00,99,3,0.19,0.23,51,64,46,97,0,0,0,0,0,53,46,65,59,0,50,54,57,59,3,19,69,16,N/A,N/A
Daniel de Oliveira Sertanejo,31,783936000,1994/11/04,Serie A,2026,Midfielder,São Paulo,1481,623,858,Brazil,20,8,12,1,1,0,1,0,1,0,0,3,3,0,17,3,14,1,0,0.12,0.06,0.06,0.14,0,1481,1.03,87,74,1481,1481,0.06,209,185,-1,5,350000,6.96,0.05,55,62.41,51.35,95,1027,46.35,927,90,56.33,96,0.00,0.00,0.80,16,0.00,2.55,0.97,0.80,16,0.00,0.70,0.00,0.00,0.00,1.00,0.15,0.90,9.00,0.55,0.35,0.55,0.00,0.10,0.06,0.00,0.80,0.00,0.00,0,0,,9,0.45,26,2,0.12,27,7,0.43,31,1,1,19,32,0.00,99,0,20,1.22,79,51,47,3.10,78,0,0.00,99,0,0.00,0,0,0.00,0,0.97,58,11,0.67,36,3,0.18,27.27,0,0.00,0,0,0,0.00,0,18,0.00,62,1.09,33,N/A,N/A,N/A,N/A,0.00,0,0.00,0,1.20,0.00,0,90.26,22.22,33,64,0.40,0.49,8,24,19,0,0,0,0.10,0.12,2,35,139.26,1.20,1.46,24,0,0.00,0.00,99,0.00,0,0,0,0.00,0.00,0,0.00,0.00,0.00,0.00,0,1,11.11,70,79,82,95,61,2.98,72,0.15,0.18,1.20,39,0.06,0.07,86,34,1.70,2.07,0.97,0.80,33,16,0.07,38,79,52,75,0,47,54,0,0.00,99,16,0.00,0.97,7.54,6.20,124,68,42,37,4.13,3.40,54.84,14,0.85,38,0,19.61,0,0.00,99,10,0.50,0.61,74,88,36,35,0,0,0,0,0,44,52,65,67,0,40,30,97,19,1,5,22,94,N/A,N/A
Daniel dos Santos Sales,20,1151305200,2006/06/26,Serie A,2026,Defender,Flamengo,0,0,0,Brazil,0,0,0,0,0,0,0,0,0,0,0,0,0,0,0,0,0,0,0,0,0,0,0,0,0,0,0,0,0,0,0,-1,-1,-1,-1,N/A,N/A,N/A,N/A,N/A,N/A,N/A,N/A,N/A,N/A,N/A,N/A,N/A,N/A,N/A,N/A,N/A,N/A,N/A,N/A,N/A,N/A,N/A,N/A,N/A,N/A,N/A,N/A,N/A,N/A,N/A,N/A,N/A,N/A,N/A,N/A,N/A,N/A,N/A,N/A,N/A,N/A,N/A,N/A,N/A,N/A,N/A,N/A,N/A,N/A,N/A,N/A,N/A,N/A,N/A,N/A,N/A,N/A,N/A,N/A,N/A,N/A,N/A,N/A,N/A,N/A,N/A,N/A,N/A,N/A,N/A,N/A,N/A,N/A,N/A,N/A,N/A,N/A,N/A,N/A,N/A,N/A,N/A,N/A,N/A,N/A,N/A,N/A,N/A,N/A,N/A,N/A,N/A,N/A,N/A,N/A,N/A,N/A,N/A,N/A,N/A,N/A,N/A,N/A,N/A,N/A,N/A,N/A,N/A,N/A,N/A,N/A,N/A,N/A,N/A,N/A,N/A,N/A,N/A,N/A,N/A,N/A,N/A,N/A,N/A,N/A,N/A,N/A,N/A,N/A,N/A,N/A,N/A,N/A,N/A,N/A,N/A,N/A,N/A,N/A,N/A,N/A,N/A,N/A,N/A,N/A,N/A,N/A,N/A,N/A,N/A,N/A,N/A,N/A,N/A,N/A,N/A,N/A,N/A,N/A,N/A,N/A,N/A,N/A,N/A,N/A,N/A,N/A,N/A,N/A,N/A,N/A,N/A,N/A,N/A,N/A,N/A,N/A,N/A,N/A,N/A,N/A,N/A,N/A,N/A,N/A,N/A,N/A,N/A,N/A,N/A,N/A,N/A,N/A,N/A,N/A,N/A,N/A,N/A,N/A,N/A,N/A,N/A,N/A,N/A,N/A,N/A,N/A,N/A,N/A,N/A,N/A,N/A,N/A,N/A,N/A,N/A,N/A,N/A,N/A,N/A,N/A,N/A,N/A
Daniel Fortunato Borges,33,732873600,1993/03/23,Serie A,2026,Defender,Mirassol,365,185,180,Brazil,5,3,2,0,0,0,0,0,0,0,0,1,1,0,6,2,4,0,0,0,0,0,0,0,0,1.48,61,73,0,0,0,259,274,140,23,0,6.57,0,48,36.74,29.80,52,149,25.40,127,60,31.32,53,0.00,0.00,0.40,2,0.00,3.20,1.97,1.60,8,0.00,0.40,0.00,0.00,0.00,0.00,0.60,1.20,0.00,1.23,0.80,1.40,0.00,0.20,0.06,0.00,1.00,0.00,0.00,0,0,,5,1.00,57,1,0.25,45,4,0.99,64,0,2,3,75,0.00,99,0,0,0.00,10,16,46,3.95,86,0,0.00,99,0,0.00,0,0,0.00,0,0.49,34,7,1.73,70,3,0.74,42.86,0,0.00,0,0,0,0.00,0,6,0.00,22,1.48,65,N/A,N/A,N/A,N/A,0.00,0,0.00,0,0.28,0.00,0,85.23,20.00,31,85,0.20,0.25,1,66,42,0,0,0,0.40,0.49,2,75,32.86,1.60,1.97,8,0,0.00,0.00,99,0.00,0,0,0,0.00,0.00,0,0.00,0.00,0.00,0.00,0,0,0.00,45,1,1,46,23,0.33,22,0.07,0.08,0.28,39,0.06,0.07,77,7,1.40,1.73,0.49,0.40,14,2,0.07,38,22,58,75,0,47,64,0,0.00,99,5,0.00,1.23,8.38,6.80,34,23,79,45,5.67,4.60,67.65,2,0.49,59,0,18.75,0,0.00,99,3,0.60,0.74,80,3,46,12,0,0,0,0,0,28,46,65,59,0,21,42,15,15,0,0,16,20,0,0
Daniel Fuzato,29,867999600,1997/07/04,Serie A,2026,Goalkeeper,Vasco da Gama,0,0,0,Brazil,0,0,0,0,0,0,0,0,0,0,0,0,0,0,0,0,0,0,0,0,0,0,0,0,0,0,0,0,0,0,0,-1,-1,-1,-1,N/A,N/A,N/A,N/A,N/A,N/A,N/A,N/A,N/A,N/A,N/A,N/A,N/A,N/A,N/A,N/A,N/A,N/A,N/A,N/A,N/A,N/A,N/A,N/A,N/A,N/A,N/A,N/A,N/A,N/A,N/A,N/A,N/A,N/A,N/A,N/A,N/A,N/A,N/A,N/A,N/A,N/A,N/A,N/A,N/A,N/A,N/A,N/A,N/A,N/A,N/A,N/A,N/A,N/A,N/A,N/A,N/A,N/A,N/A,N/A,N/A,N/A,N/A,N/A,N/A,N/A,N/A,N/A,N/A,N/A,N/A,N/A,N/A,N/A,N/A,N/A,N/A,N/A,N/A,N/A,N/A,N/A,N/A,N/A,N/A,N/A,N/A,N/A,N/A,N/A,N/A,N/A,N/A,N/A,N/A,N/A,N/A,N/A,N/A,N/A,N/A,N/A,N/A,N/A,N/A,N/A,N/A,N/A,N/A,N/A,N/A,N/A,N/A,N/A,N/A,N/A,N/A,N/A,N/A,N/A,N/A,N/A,N/A,N/A,N/A,N/A,N/A,N/A,N/A,N/A,N/A,N/A,N/A,N/A,N/A,N/A,N/A,N/A,N/A,N/A,N/A,N/A,N/A,N/A,N/A,N/A,N/A,N/A,N/A,N/A,N/A,N/A,N/A,N/A,N/A,N/A,N/A,N/A,N/A,N/A,N/A,N/A,N/A,N/A,N/A,N/A,N/A,N/A,N/A,N/A,N/A,N/A,N/A,N/A,N/A,N/A,N/A,N/A,N/A,N/A,N/A,N/A,N/A,N/A,N/A,N/A,N/A,N/A,N/A,N/A,N/A,N/A,N/A,N/A,N/A,N/A,N/A,N/A,N/A,N/A,N/A,N/A,N/A,N/A,N/A,N/A,N/A,N/A,N/A,N/A,N/A,N/A,N/A,N/A,N/A,N/A,N/A,N/A,N/A,N/A,N/A,N/A,N/A,N/A
Daniel Silva,17,1238482800,2009/03/31,Serie A,2026,Defender,Flamengo,0,0,0,Brazil,0,0,0,0,0,0,0,0,0,0,0,0,0,0,0,0,0,0,0,0,0,0,0,0,0,0,0,0,0,0,0,-1,-1,-1,-1,N/A,N/A,N/A,N/A,N/A,N/A,N/A,N/A,N/A,N/A,N/A,N/A,N/A,N/A,N/A,N/A,N/A,N/A,N/A,N/A,N/A,N/A,N/A,N/A,N/A,N/A,N/A,N/A,N/A,N/A,N/A,N/A,N/A,N/A,N/A,N/A,N/A,N/A,N/A,N/A,N/A,N/A,N/A,N/A,N/A,N/A,N/A,N/A,N/A,N/A,N/A,N/A,N/A,N/A,N/A,N/A,N/A,N/A,N/A,N/A,N/A,N/A,N/A,N/A,N/A,N/A,N/A,N/A,N/A,N/A,N/A,N/A,N/A,N/A,N/A,N/A,N/A,N/A,N/A,N/A,N/A,N/A,N/A,N/A,N/A,N/A,N/A,N/A,N/A,N/A,N/A,N/A,N/A,N/A,N/A,N/A,N/A,N/A,N/A,N/A,N/A,N/A,N/A,N/A,N/A,N/A,N/A,N/A,N/A,N/A,N/A,N/A,N/A,N/A,N/A,N/A,N/A,N/A,N/A,N/A,N/A,N/A,N/A,N/A,N/A,N/A,N/A,N/A,N/A,N/A,N/A,N/A,N/A,N/A,N/A,N/A,N/A,N/A,N/A,N/A,N/A,N/A,N/A,N/A,N/A,N/A,N/A,N/A,N/A,N/A,N/A,N/A,N/A,N/A,N/A,N/A,N/A,N/A,N/A,N/A,N/A,N/A,N/A,N/A,N/A,N/A,N/A,N/A,N/A,N/A,N/A,N/A,N/A,N/A,N/A,N/A,N/A,N/A,N/A,N/A,N/A,N/A,N/A,N/A,N/A,N/A,N/A,N/A,N/A,N/A,N/A,N/A,N/A,N/A,N/A,N/A,N/A,N/A,N/A,N/A,N/A,N/A,N/A,N/A,N/A,N/A,N/A,N/A,N/A,N/A,N/A,N/A,N/A,N/A,N/A,N/A,N/A,N/A,N/A,N/A,N/A,N/A,N/A,N/A
Danilo,27,923468400,1999/04/07,Serie A,2026,Forward,Botafogo,42,5,37,Brazil,2,1,1,0,0,0,0,0,0,0,0,0,0,0,0,0,0,0,0,0,0,0,0,0,0,0,0,21,0,0,0,-1,-1,-1,21,0,6.44,0,48,40.71,9.50,61,19,8.00,16,54,34.29,61,0.00,0.00,0.50,1,0.00,0.00,2.14,0.50,1,0.00,0.50,0.00,0.00,0.00,0.50,0.00,0.00,0.00,4.29,1.00,1.00,0.00,0.00,0.06,0.00,0.50,0.00,0.00,0,0,,2,1.00,99,0,0.00,17,2,4.29,99,0,2,0,80,0.00,99,0,1,2.14,98,0,30,0.00,16,0,0.00,99,0,0.00,0,0,0.00,0,2.14,92,2,4.29,95,0,0.00,0.00,0,0.00,0,0,0,0.00,0,0,0.00,99,0.00,0,N/A,N/A,N/A,N/A,0.00,0,0.00,0,0.11,0.00,0,84.21,0.00,17,0,0.50,2.14,1,13,13,0,0,0,0.00,0.00,0,24,12.88,0.00,0.00,0,0,0.00,0.00,99,0.00,0,0,0,0.00,0.00,0,0.00,0.00,0.00,0.00,0,0,0.00,45,0,0,46,0,0.06,51,0.03,0.13,0.11,75,0.06,0.24,87,1,0.50,2.14,0.00,0.00,5,0,0.24,73,17,0,75,0,47,86,0,0.00,99,1,0.00,2.14,17.14,4.00,8,3,91,99,6.43,1.50,37.50,1,2.14,3,0,0.00,0,0.00,99,0,0.00,0.00,30,0,46,12,0,0,0,0,0,28,46,65,59,0,21,5,15,15,0,0,16,9,0,0
Danilo,35,679561200,1991/07/15,Serie A,2026,Defender,Flamengo,438,0,438,Brazil,8,0,8,0,0,0,0,0,0,0,0,1,0,1,4,0,4,2,1,0,0,0,0,0,0,0.82,110,55,219,0,0.41,270,255,28,23,2682539,6.80,0,48,69.86,42.50,98,340,40.38,323,99,66.37,99,0.00,0.00,0.25,2,0.00,0.25,1.23,0.75,6,0.00,0.12,0.00,0.00,0.00,0.62,0.00,0.62,0.00,0.21,0.12,0.00,0.00,0.00,0.01,0.00,0.38,0.00,0.00,0,0,,1,0.12,10,0,0.00,17,1,0.21,13,0,4,4,45,0.00,99,0,5,1.03,65,2,95,0.41,38,0,0.00,99,0,0.00,0,0,0.00,0,0.41,29,0,0.00,9,0,0.00,0.00,0,0.00,0,0,0,0.00,0,5,0.00,86,1.03,28,N/A,N/A,N/A,N/A,0.00,0,0.00,0,0.05,0.00,0,95.00,0.00,17,74,0.25,0.41,2,13,13,0,0,0,1.12,1.85,9,99,54.40,2.62,4.32,21,0,0.00,0.00,99,0.00,0,0,0,0.00,0.00,0,0.00,0.00,0.00,0.00,0,0,0.00,45,6,8,46,86,0.78,65,0.10,0.16,0.05,12,0.01,0.01,9,1,0.12,0.21,0.82,0.50,26,4,0.01,12,54,84,75,0,47,35,0,0.00,99,3,0.00,0.62,4.32,2.62,21,10,9,8,2.05,1.25,47.62,1,0.21,75,0,50.00,0,0.00,99,1,0.12,0.21,50,8,65,12,0,0,0,0,0,28,46,65,59,0,95,26,29,87,1,12,49,13,N/A,N/A
Danilo Barbosa da Silva,30,825494400,1996/02/28,Serie A,2026,Midfielder,Grêmio,0,0,0,Brazil,1,0,1,0,0,0,0,0,0,0,0,0,0,0,0,0,0,0,0,0,0,0,0,0,0,0,0,0,0,0,0,-1,-1,-1,-1,0,0.00,0,48,0.00,0.00,0,0,0.00,0,0,0.00,0,0.00,0.00,0.00,0,0.00,0.00,0.00,0.00,0,0.00,0.00,0.00,0.00,0.00,0.00,0.00,1.00,0.00,0.00,0.00,0.00,0.00,0.00,0.00,0.00,0.00,0.00,0.00,0,0,,0,0.00,7,0,0.00,17,0,0.00,7,0,1,0,5,0.00,99,0,0,0.00,10,0,30,0.00,16,0,0.00,99,0,0.00,0,0,0.00,0,0.00,8,0,0.00,9,0,0.00,0.00,0,0.00,0,0,0,0.00,0,1,0.00,99,90.00,99,N/A,N/A,N/A,N/A,0.00,0,0.00,0,0.00,0.00,0,0.00,0.00,17,99,0.00,0.00,0,13,13,0,0,0,0.00,0.00,0,24,0.00,0.00,0.00,0,0,0.00,0.00,99,0.00,0,0,0,0.00,0.00,0,0.00,0.00,0.00,0.00,0,0,0.00,45,0,0,46,0,0.00,0,0.00,0.00,0.00,7,0.00,0.00,1,0,0.00,0.00,0.00,0.00,5,0,0.00,7,0,0,75,0,47,2,0,0.00,99,0,0.00,0.00,90.00,1.00,1,0,0,99,0.00,0.00,0.00,0,0.00,99,0,0.00,0,0.00,99,0,0.00,0.00,30,0,36,12,0,0,0,0,0,28,46,65,59,0,21,5,15,15,0,0,16,15,0,0
Danilo das Neves Pinheiro,33,715158000,1992/08/30,Serie A,2026,Midfielder,Vasco da Gama,1111,509,602,Brazil,17,8,9,1,0,1,0,0,0,0,0,2,1,1,20,8,12,2,0,0.08,0,0.08,0,0.15,1111,1.62,56,65,556,0,0.16,191,388,-1,14,150000,6.63,0,48,35.56,25.82,50,439,23.35,397,91,32.16,56,0.00,0.00,0.47,8,0.00,0.65,0.97,0.71,12,0.00,0.94,0.00,0.00,0.00,0.41,0.47,1.24,18.00,1.46,0.88,0.76,0.00,0.18,0.10,0.00,0.18,0.00,0.00,0,0,,18,1.06,64,3,0.24,43,15,1.22,74,2,3,14,32,0.00,99,0,7,0.57,40,11,44,0.89,51,0,0.00,99,0,0.00,0,0,0.00,0,0.65,41,13,1.05,49,8,0.65,61.54,0,0.00,0,0,0,0.00,0,21,0.00,13,1.70,81,N/A,N/A,N/A,N/A,0.00,0,0.00,0,1.74,0.00,0,90.43,16.67,26,85,0.18,0.24,3,60,74,0,0,0,0.18,0.24,3,51,112.64,0.35,0.49,6,0,0.00,0.00,99,0.00,0,0,0,0.00,0.00,0,0.00,0.00,0.08,0.06,1,0,5.56,50,54,61,90,14,1.15,32,0.07,0.09,1.74,59,0.10,0.14,53,13,0.76,1.05,1.05,0.76,40,13,0.14,58,29,14,75,0,60,9,0,0.00,99,3,0.00,0.24,6.56,4.76,81,36,16,21,2.92,2.12,44.44,16,1.30,18,0,18.18,0,0.00,99,2,0.12,0.16,45,64,56,56,0,0,0,0,0,37,56,73,59,0,27,23,76,40,2,12,49,3,N/A,N/A
Danilo Oliveira,25,988527600,2001/04/29,Serie A,2026,Midfielder,Botafogo,1326,555,771,Brazil,16,7,9,7,4,3,2,0,2,0,0,3,2,1,22,9,13,1,0,0.61,0.14,0.48,0.65,0.35,189,1.49,60,83,1326,663,0.07,18,109,-1,2,3500000,7.22,0.12,76,42.56,39.19,66,627,33.25,532,58,36.11,66,0.00,0.00,1.56,25,0.00,1.38,1.49,1.38,22,0.00,1.44,0.00,0.00,0.00,0.62,0.88,1.44,4.43,2.10,1.19,1.94,0.00,0.75,0.41,0.00,0.50,0.00,0.00,0,0,,31,1.94,78,12,0.81,81,19,1.29,77,4,1,15,55,0.00,99,0,10,0.68,45,22,55,1.49,59,0,0.00,99,0,0.00,0,0,0.00,0,1.70,85,31,2.10,77,14,0.95,45.16,0,0.00,0,0,0,0.00,0,23,0.00,21,1.56,72,N/A,N/A,N/A,N/A,0.00,0,0.00,0,6.55,0.00,0,84.85,38.71,73,13,1.06,1.15,17,74,46,0,0,0,0.44,0.48,7,74,115.57,1.00,1.09,16,0,0.00,0.00,99,0.00,0,0,1,0.06,0.07,0,0.00,0.00,0.00,0.00,0,0,22.58,93,70,50,50,21,3.06,82,0.19,0.21,6.55,94,0.41,0.44,30,9,0.56,0.61,0.61,0.56,17,9,0.44,94,97,39,82,0,47,28,0,0.00,99,8,0.00,0.54,8.55,7.88,126,52,30,48,3.53,3.25,41.27,23,1.56,10,0,22.73,0,0.00,99,5,0.31,0.34,60,69,36,83,0,2,0,12,0,95,96,89,98,0,98,38,94,22,1,6,29,8,N/A,N/A
Davi Costa Vidinho,20,1125730800,2005/09/03,Serie A,2026,Defender,Santos,8,8,0,Brazil,1,1,0,0,0,0,0,0,0,0,0,0,0,0,0,0,0,0,0,0,0,0,0,0,0,0,0,8,0,0,0,-1,-1,-1,37,0,6.72,0,48,67.50,6.00,97,6,6.00,6,99,67.50,99,0.00,0.00,1.00,1,0.00,4.00,0.00,0.00,0,0.00,0.00,0.00,0.00,0.00,1.00,0.00,0.00,0.00,0.00,0.00,0.00,0.00,0.00,0.00,0.00,0.00,0.00,0.00,0,0,,0,0.00,7,0,0.00,17,0,0.00,7,0,1,0,5,0.00,99,0,1,11.25,99,4,62,45.00,99,0,0.00,99,0,0.00,0,0,0.00,0,11.25,99,0,0.00,9,0,0.00,0.00,0,0.00,0,0,0,0.00,0,0,0.00,99,0.00,0,N/A,N/A,N/A,N/A,0.00,0,0.00,0,0.00,0.00,0,100.00,0.00,17,99,0.00,0.00,0,13,13,0,0,0,0.00,0.00,0,24,6.72,0.00,0.00,0,0,0.00,0.00,99,0.00,0,0,0,0.00,0.00,0,0.00,0.00,0.00,0.00,0,0,0.00,45,0,0,46,0,0.05,99,0.05,0.56,0.00,7,0.00,0.00,1,0,0.00,0.00,0.00,0.00,5,0,0.00,7,43,0,75,0,47,2,0,0.00,99,0,0.00,0.00,0.00,0.00,0,0,0,0,0.00,0.00,0.00,0,0.00,99,0,25.00,0,0.00,99,1,1.00,11.25,99,0,36,12,0,0,0,0,0,28,46,65,59,0,21,5,15,15,0,0,16,27,0,0
Davi Duarte Schuindt,22,1082962800,2004/04/26,Serie A,2026,Defender,Fluminense,0,0,0,Brazil,0,0,0,0,0,0,0,0,0,0,0,0,0,0,0,0,0,0,0,0,0,0,0,0,0,0,0,0,0,0,0,-1,-1,-1,-1,N/A,N/A,N/A,N/A,N/A,N/A,N/A,N/A,N/A,N/A,N/A,N/A,N/A,N/A,N/A,N/A,N/A,N/A,N/A,N/A,N/A,N/A,N/A,N/A,N/A,N/A,N/A,N/A,N/A,N/A,N/A,N/A,N/A,N/A,N/A,N/A,N/A,N/A,N/A,N/A,N/A,N/A,N/A,N/A,N/A,N/A,N/A,N/A,N/A,N/A,N/A,N/A,N/A,N/A,N/A,N/A,N/A,N/A,N/A,N/A,N/A,N/A,N/A,N/A,N/A,N/A,N/A,N/A,N/A,N/A,N/A,N/A,N/A,N/A,N/A,N/A,N/A,N/A,N/A,N/A,N/A,N/A,N/A,N/A,N/A,N/A,N/A,N/A,N/A,N/A,N/A,N/A,N/A,N/A,N/A,N/A,N/A,N/A,N/A,N/A,N/A,N/A,N/A,N/A,N/A,N/A,N/A,N/A,N/A,N/A,N/A,N/A,N/A,N/A,N/A,N/A,N/A,N/A,N/A,N/A,N/A,N/A,N/A,N/A,N/A,N/A,N/A,N/A,N/A,N/A,N/A,N/A,N/A,N/A,N/A,N/A,N/A,N/A,N/A,N/A,N/A,N/A,N/A,N/A,N/A,N/A,N/A,N/A,N/A,N/A,N/A,N/A,N/A,N/A,N/A,N/A,N/A,N/A,N/A,N/A,N/A,N/A,N/A,N/A,N/A,N/A,N/A,N/A,N/A,N/A,N/A,N/A,N/A,N/A,N/A,N/A,N/A,N/A,N/A,N/A,N/A,N/A,N/A,N/A,N/A,N/A,N/A,N/A,N/A,N/A,N/A,N/A,N/A,N/A,N/A,N/A,N/A,N/A,N/A,N/A,N/A,N/A,N/A,N/A,N/A,N/A,N/A,N/A,N/A,N/A,N/A,N/A,N/A,N/A,N/A,N/A,N/A,N/A,N/A,N/A,N/A,N/A,N/A,N/A
Davi Gomes de Alvarenga,21,1118041200,2005/06/06,Serie A,2026,Forward,Bragantino,23,10,13,Brazil,2,1,1,0,0,0,0,0,0,0,0,0,0,0,0,0,0,0,0,0,0,0,0,0,0,0,0,12,0,0,0,-1,-1,-1,21,180000,6.98,0,48,35.22,4.50,48,9,3.00,6,4,23.48,29,0.00,0.00,0.50,1,0.00,1.50,3.91,0.50,1,0.00,0.00,0.00,0.00,0.00,0.00,1.50,0.00,0.00,19.57,1.50,2.00,0.00,1.00,0.23,0.00,0.00,0.00,0.00,0,0,,5,2.50,99,2,7.83,99,3,11.74,99,0,2,0,99,0.00,99,0,0,0.00,10,3,30,11.74,99,0,0.00,99,0,0.00,0,0,0.00,0,3.91,99,4,15.65,99,3,11.74,75.00,0,0.00,0,0,0,0.00,0,0,0.00,99,0.00,0,N/A,N/A,N/A,N/A,0.00,0,0.00,0,0.45,0.00,0,66.67,40.00,77,99,0.00,0.00,0,99,91,0,0,0,0.00,0.00,0,24,13.97,0.00,0.00,0,0,0.00,0.00,99,0.00,0,0,1,0.50,3.91,0,0.00,0.00,0.00,0.00,0,0,0.00,45,0,0,46,0,0.05,79,0.03,0.20,0.45,99,0.23,1.76,1,0,0.00,0.00,0.00,0.00,5,0,1.76,99,81,0,99,0,47,2,0,0.00,99,0,0.00,0.00,19.57,2.50,5,4,99,99,15.65,2.00,80.00,0,0.00,99,0,0.00,0,0.00,99,0,0.00,0.00,30,0,46,12,0,0,0,0,0,28,46,65,59,0,28,5,15,15,0,0,16,27,N/A,N/A
David Antunes da Silva,21,1124262000,2005/08/17,Serie A,2026,Midfielder,Chapecoense,229,174,55,Brazil,7,5,2,0,0,0,0,0,0,0,0,0,0,0,8,7,1,0,0,0,0,0,0,0,0,3.14,29,33,0,0,0,-1,-1,-1,28,45000,6.40,0,48,39.22,9.75,58,78,8.50,68,74,34.19,61,0.00,0.00,0.12,1,0.00,0.38,4.02,1.00,8,0.00,0.25,0.00,0.00,0.00,0.00,0.12,1.00,0.00,2.01,0.50,0.25,0.00,0.00,0.03,0.00,0.25,0.00,0.00,0,0,,4,0.50,76,0,0.00,17,4,2.01,95,5,4,3,99,0.00,99,0,0,0.00,10,3,84,1.51,59,0,0.00,99,0,0.00,0,0,0.00,0,0.50,34,2,1.01,48,1,0.50,50.00,0,0.00,0,0,0,0.00,0,8,0.00,0,4.02,96,N/A,N/A,N/A,N/A,0.00,0,0.00,0,0.23,0.00,0,87.18,0.00,17,3,0.38,1.51,3,51,59,0,0,0,0.12,0.50,1,76,51.17,0.50,2.01,4,1,0.00,0.50,0,0.12,0,0,0,0.00,0.00,0,0.00,0.00,0.00,0.00,0,0,0.00,45,0,6,46,0,0.16,22,0.02,0.08,0.23,54,0.03,0.12,49,2,0.25,1.01,1.51,0.38,66,3,0.12,53,15,59,75,0,47,55,0,0.00,99,2,0.00,1.01,12.07,3.00,24,13,91,85,6.54,1.62,54.17,2,1.01,29,0,33.33,0,0.00,99,1,0.12,0.50,68,3,65,91,0,0,0,0,0,28,46,65,59,0,21,5,15,15,0,0,16,19,N/A,N/A
David Correa da Fonseca,30,813913200,1995/10/17,Serie A,2026,Forward,Vasco da Gama,969,456,513,Brazil,20,10,10,2,2,0,2,2,0,0,0,1,0,1,17,9,8,0,0,0.37,0.19,0.19,0.39,0,485,1.58,57,48,0,485,0,112,66,-1,5,700000,6.44,0.1,86,22.29,12.00,15,240,9.10,182,17,16.90,15,0.00,0.00,0.65,13,0.00,0.35,0.74,0.40,8,0.00,0.45,0.00,0.00,0.00,0.05,0.45,0.90,8.00,1.49,0.40,0.85,0.00,0.40,0.13,0.00,1.30,0.00,0.00,0,0,,16,0.80,66,8,0.74,79,8,0.74,52,3,8,12,20,0.00,99,0,1,0.09,12,7,30,0.65,46,0,0.00,99,0,0.00,0,0,0.00,0,1.21,69,17,1.58,66,9,0.84,52.94,0,0.00,0,0,0,0.00,0,18,0.00,14,1.67,79,N/A,N/A,N/A,N/A,0.00,0,0.00,0,2.59,0.00,0,75.83,50.00,92,77,0.20,0.37,4,69,61,0,0,0,0.05,0.09,1,30,128.71,0.70,1.30,14,0,0.00,0.00,99,0.00,0,0,0,0.00,0.00,0,0.00,0.00,1.21,0.65,13,0,12.50,76,45,82,72,14,2.03,75,0.10,0.19,2.59,75,0.13,0.24,38,8,0.40,0.74,1.11,0.60,44,12,0.24,73,17,46,75,0,99,90,0,0.00,99,26,0.00,2.41,10.03,5.40,108,51,61,67,4.74,2.55,47.22,9,0.84,39,0,0.00,0,0.00,99,0,0.00,0.00,30,53,90,72,0,0,0,0,0,81,75,65,89,0,57,7,15,15,0,0,16,7,N/A,N/A
David de Duarte Macedo,31,790934400,1995/01/24,Serie A,2026,Defender,Bahia,1527,807,720,Brazil,17,9,8,3,3,0,1,1,0,0,0,4,3,1,21,8,13,3,0,0.24,0.06,0.18,0.33,0,509,1.24,73,90,509,1527,0.18,120,201,110,3,180000,7.13,0.06,55,54.93,54.82,89,932,48.29,821,79,48.39,88,0.00,0.00,0.41,7,0.00,0.00,1.06,1.06,18,0.00,0.06,0.00,0.00,0.00,1.18,0.06,1.24,5.67,1.00,0.53,0.06,0.00,0.47,0.19,0.00,3.76,0.00,0.00,0,0,,17,1.00,50,8,0.47,65,9,0.53,38,1,0,17,35,0.00,99,0,20,1.18,76,0,30,0.00,16,0,0.00,99,0,0.00,0,0,0.00,0,0.41,29,1,0.06,11,1,0.06,100.00,0,0.00,0,0,0,0.00,0,21,0.00,40,1.24,49,N/A,N/A,N/A,N/A,0.00,0,0.00,0,3.26,0.00,0,88.09,47.06,85,89,0.18,0.18,3,15,99,0,0,0,0.82,0.83,14,90,121.17,5.12,5.13,87,0,0.00,0.00,99,0.00,0,0,1,0.06,0.06,0,0.00,0.00,0.12,0.12,2,0,17.65,86,81,61,74,40,2.39,55,0.14,0.14,3.26,68,0.19,0.19,16,6,0.35,0.35,0.71,0.71,21,12,0.19,66,94,89,81,0,68,99,0,0.00,99,64,0.00,3.77,7.13,7.12,121,88,70,29,5.19,5.18,72.73,1,0.06,86,0,0.00,0,0.00,99,0,0.00,0.00,30,80,23,35,0,0,0,0,0,68,74,65,85,0,28,51,72,45,3,18,67,33,N/A,N/A
David França,18,1208674800,2008/04/20,Serie A,2026,Forward,Coritiba,0,0,0,Brazil,1,0,1,0,0,0,0,0,0,0,0,1,0,1,0,0,0,0,0,0,0,0,0,0,0,0,0,0,0,0,0,-1,-1,-1,-1,0,0.00,0,48,90.00,1.00,99,1,0.00,0,0,0.00,0,0.00,0.00,0.00,0,0.00,0.00,0.00,0.00,0,0.00,0.00,0.00,0.00,0.00,0.00,0.00,0.00,0.00,0.00,0.00,0.00,0.00,0.00,0.00,0.00,0.00,0.00,0.00,0,0,,0,0.00,7,0,0.00,17,0,0.00,7,0,1,0,5,0.00,99,0,0,0.00,10,0,30,0.00,16,0,0.00,99,0,0.00,0,0,0.00,0,0.00,8,0,0.00,9,0,0.00,0.00,0,0.00,0,0,0,0.00,0,0,0.00,99,0.00,0,N/A,N/A,N/A,N/A,0.00,0,0.00,0,0.00,0.00,0,0.00,0.00,17,99,0.00,0.00,0,13,13,0,0,0,0.00,0.00,0,24,0.00,0.00,0.00,0,0,0.00,0.00,99,0.00,0,0,0,0.00,0.00,0,0.00,0.00,0.00,0.00,0,0,0.00,45,0,0,46,0,0.00,0,0.00,0.00,0.00,7,0.00,0.00,1,0,0.00,0.00,0.00,0.00,5,0,0.00,7,0,0,75,0,47,2,0,0.00,99,0,0.00,0.00,0.00,0.00,0,0,0,0,0.00,0.00,0.00,0,0.00,99,0,0.00,0,0.00,99,0,0.00,0.00,30,0,36,12,0,0,0,0,0,28,46,65,59,0,21,99,15,15,0,0,16,33,0,0
David Francisco Trindade Braga,24,1008057600,2001/12/11,Serie A,2026,Defender,Remo,311,113,198,Brazil,10,3,7,0,0,0,0,0,0,0,0,2,1,1,4,1,3,2,0,0,0,0,0,0,0,1.16,78,31,156,0,0.58,280,248,93,18,0,6.59,0,48,37.81,13.40,54,134,10.90,109,35,30.75,52,0.00,0.00,0.40,4,0.00,0.60,1.13,0.40,4,0.00,0.20,0.00,0.00,0.00,0.10,0.40,0.40,0.00,0.00,0.00,0.50,0.00,0.00,0.00,0.00,0.70,0.00,0.00,0,0,,0,0.00,7,0,0.00,17,0,0.00,7,5,8,2,39,0.00,99,0,1,0.28,22,6,97,1.69,61,0,0.00,99,0,0.00,0,0,0.00,0,1.13,66,5,1.41,62,4,1.13,80.00,0,0.00,0,0,0,0.00,0,4,0.00,48,1.13,39,N/A,N/A,N/A,N/A,0.00,0,0.00,0,0.00,0.00,0,81.34,0.00,17,5,0.50,1.41,5,80,92,0,0,0,0.00,0.00,0,24,65.89,0.20,0.56,2,0,0.00,0.00,99,0.00,0,0,0,0.00,0.00,0,0.00,0.00,0.00,0.00,0,0,0.00,45,0,17,46,48,0.36,36,0.04,0.10,0.00,7,0.00,0.00,90,8,0.80,2.26,1.13,0.40,44,4,0.00,7,24,19,75,0,47,83,0,0.00,99,7,0.00,1.97,11.29,4.00,40,23,91,78,6.49,2.30,57.50,2,0.56,54,0,66.67,0,0.00,99,4,0.40,1.13,88,1,90,91,0,0,0,0,0,28,46,65,59,0,21,42,20,96,2,20,74,26,0,0
David Martins Almeida de Lira,18,1189839600,2007/09/15,Serie A,2026,Midfielder,Bahia,25,1,24,Brazil,3,1,2,0,0,0,0,0,0,0,0,1,0,1,1,0,1,0,0,0,0,0,0,0,0,3.6,25,8,0,0,0,-1,-1,-1,17,0,6.55,0,48,82.80,7.67,99,23,7.33,22,99,79.20,99,0.00,0.00,0.67,2,0.00,0.00,7.20,0.67,2,0.00,0.33,0.00,0.00,0.00,0.00,0.00,0.33,0.00,0.00,0.00,0.33,0.00,0.00,0.00,0.00,0.00,0.00,0.00,0,0,,0,0.00,7,0,0.00,17,0,0.00,7,0,3,0,99,0.00,99,0,0,0.00,10,0,30,0.00,16,0,0.00,99,0,0.00,0,0,0.00,0,7.20,99,1,3.60,92,0,0.00,0.00,0,0.00,0,0,0,0.00,0,1,0.00,0,3.60,95,N/A,N/A,N/A,N/A,0.00,0,0.00,0,0.00,0.00,0,95.65,0.00,17,99,0.00,0.00,0,13,13,0,0,0,0.00,0.00,0,24,19.66,0.00,0.00,0,0,0.00,0.00,99,0.00,0,0,0,0.00,0.00,0,0.00,0.00,0.00,0.00,0,0,0.00,45,0,0,46,0,0.11,98,0.04,0.40,0.00,7,0.00,0.00,1,0,0.00,0.00,3.60,0.33,99,1,0.00,7,21,0,75,0,47,2,0,0.00,99,0,0.00,0.00,7.20,0.67,2,2,95,31,7.20,0.67,100.00,1,3.60,0,0,0.00,0,0.00,99,0,0.00,0.00,30,0,56,12,0,0,0,0,0,28,46,65,59,0,21,75,15,15,0,0,16,63,0,0
Denilson Alves Borges,25,985334400,2001/03/23,Serie A,2026,Midfielder,Mirassol,863,412,451,Brazil,15,6,9,1,1,0,1,1,0,0,0,1,1,0,11,4,7,3,0,0.21,0.1,0.1,0.22,0,863,1.15,78,58,288,863,0.31,174,144,-1,15,480000,6.75,0.07,66,51.00,32.60,82,489,29.40,441,90,45.99,85,0.00,0.00,0.47,7,0.00,0.33,1.77,1.13,17,0.00,0.47,0.00,0.00,0.00,1.13,0.53,0.73,7.00,0.73,0.33,0.73,0.00,0.13,0.07,0.00,0.40,0.00,0.00,0,0,,7,0.47,37,2,0.21,41,5,0.52,37,1,3,12,68,0.00,99,0,17,1.77,95,5,96,0.52,41,0,0.00,99,0,0.00,0,0,0.00,0,0.73,44,11,1.15,53,8,0.83,72.73,0,0.00,0,0,0,0.00,0,11,0.00,48,1.15,42,N/A,N/A,N/A,N/A,0.00,0,0.00,0,1.07,0.00,0,90.18,28.57,47,13,0.73,1.15,11,69,87,0,0,0,0.00,0.00,0,24,101.24,0.93,1.46,14,1,0.00,0.10,3,0.07,0,0,0,0.00,0.00,0,0.00,0.00,0.00,0.00,0,0,14.29,81,39,41,86,48,1.89,79,0.13,0.20,1.07,52,0.07,0.11,74,15,1.00,1.56,2.82,1.80,99,27,0.11,50,48,52,75,0,47,36,0,0.00,99,6,0.00,0.63,10.32,6.60,99,45,58,69,4.69,3.00,45.45,7,0.73,44,0,60.00,0,0.00,99,3,0.20,0.31,58,53,56,35,0,0,0,0,0,64,60,65,74,0,48,12,38,77,3,20,74,8,N/A,N/A
Diego Caito Barcellos Oliveira dos Santos,22,1086591600,2004/06/07,Serie A,2026,Defender,Grêmio,291,111,180,Brazil,4,2,2,1,1,0,0,0,0,0,0,0,0,0,4,1,3,1,0,0.31,0,0.31,0.81,0,291,1.24,73,73,291,0,0.31,52,437,108,9,0,6.88,0,48,47.32,38.25,77,153,34.75,139,93,42.99,80,0.00,0.00,0.25,1,0.00,1.50,1.55,1.25,5,0.00,0.00,0.00,0.00,0.00,0.75,0.25,1.25,6.00,1.86,1.25,0.50,0.00,0.25,0.24,0.00,0.00,0.00,0.00,0,0,,6,1.50,73,1,0.31,52,5,1.55,85,0,1,3,57,0.00,99,0,3,0.93,59,6,41,1.86,62,0,0.00,99,0,0.00,0,0,0.00,0,0.31,23,2,0.62,33,1,0.31,50.00,0,0.00,0,0,0,0.00,0,5,0.00,40,1.55,72,N/A,N/A,N/A,N/A,0.00,0,0.00,0,0.96,0.00,0,90.85,16.67,26,3,1.25,1.55,5,34,59,0,0,0,0.75,0.93,3,93,27.54,1.50,1.86,6,0,0.00,0.00,99,0.00,0,0,0,0.00,0.00,0,0.00,0.00,0.00,0.00,0,0,16.67,86,0,0,57,40,0.35,40,0.09,0.11,0.96,82,0.24,0.30,87,7,1.75,2.16,1.55,1.25,69,5,0.30,80,66,57,75,0,47,2,0,0.00,99,0,0.00,0.00,7.73,6.25,25,13,40,38,4.02,3.25,52.00,0,0.00,99,0,16.67,0,0.00,99,1,0.25,0.31,58,3,36,12,0,0,0,0,0,76,89,65,99,0,21,5,39,77,1,25,85,27,0,0
Diego da Cruz Lopes,18,1189926000,2007/09/16,Serie A,2026,Forward,Corinthians,214,110,104,Brazil,12,6,6,1,0,1,0,0,0,0,0,2,2,0,4,2,2,0,0,0.42,0,0.42,0,0.87,214,1.68,54,18,0,0,0,-1,-1,-1,13,300000,4.92,0,48,36.42,7.25,51,87,6.25,75,68,31.40,54,0.00,0.00,0.25,3,0.00,1.42,0.00,0.00,0,0.00,0.25,0.00,0.00,0.00,0.08,0.25,0.33,5.00,2.09,0.33,0.50,0.00,0.08,0.07,0.00,0.17,0.00,0.00,0,0,,5,0.42,77,1,0.42,62,4,1.67,88,6,11,1,5,0.00,99,0,1,0.42,29,17,42,7.12,97,0,0.00,99,0,0.00,0,0,0.00,0,1.26,72,6,2.51,83,3,1.26,50.00,0,0.00,0,0,0,0.00,0,4,0.00,10,1.67,79,N/A,N/A,N/A,N/A,0.00,0,0.00,0,0.90,0.00,0,86.21,20.00,31,2,0.33,1.67,4,83,59,0,0,0,0.08,0.42,1,69,59.08,0.08,0.42,1,0,0.00,0.00,99,0.00,0,0,0,0.00,0.00,0,0.00,0.00,0.42,0.08,1,0,20.00,91,0,24,51,11,0.23,36,0.02,0.10,0.90,90,0.07,0.38,76,4,0.33,1.67,0.84,0.17,27,2,0.38,88,0,10,75,0,89,46,0,0.00,99,2,0.00,0.84,10.47,2.08,25,9,35,71,3.77,0.75,36.00,3,1.26,19,0,17.65,0,0.00,99,3,0.25,1.26,91,0,97,97,0,0,0,0,0,85,95,99,59,0,37,32,15,15,0,0,16,61,N/A,N/A
Diego Esser Pereira,21,1113375600,2005/04/13,Serie A,2026,Goalkeeper,Internacional,0,0,0,Brazil,0,0,0,0,0,0,0,0,0,0,0,0,0,0,0,0,0,0,0,0,0,0,0,0,0,0,0,0,0,0,0,-1,-1,-1,-1,N/A,N/A,N/A,N/A,N/A,N/A,N/A,N/A,N/A,N/A,N/A,N/A,N/A,N/A,N/A,N/A,N/A,N/A,N/A,N/A,N/A,N/A,N/A,N/A,N/A,N/A,N/A,N/A,N/A,N/A,N/A,N/A,N/A,N/A,N/A,N/A,N/A,N/A,N/A,N/A,N/A,N/A,N/A,N/A,N/A,N/A,N/A,N/A,N/A,N/A,N/A,N/A,N/A,N/A,N/A,N/A,N/A,N/A,N/A,N/A,N/A,N/A,N/A,N/A,N/A,N/A,N/A,N/A,N/A,N/A,N/A,N/A,N/A,N/A,N/A,N/A,N/A,N/A,N/A,N/A,N/A,N/A,N/A,N/A,N/A,N/A,N/A,N/A,N/A,N/A,N/A,N/A,N/A,N/A,N/A,N/A,N/A,N/A,N/A,N/A,N/A,N/A,N/A,N/A,N/A,N/A,N/A,N/A,N/A,N/A,N/A,N/A,N/A,N/A,N/A,N/A,N/A,N/A,N/A,N/A,N/A,N/A,N/A,N/A,N/A,N/A,N/A,N/A,N/A,N/A,N/A,N/A,N/A,N/A,N/A,N/A,N/A,N/A,N/A,N/A,N/A,N/A,N/A,N/A,N/A,N/A,N/A,N/A,N/A,N/A,N/A,N/A,N/A,N/A,N/A,N/A,N/A,N/A,N/A,N/A,N/A,N/A,N/A,N/A,N/A,N/A,N/A,N/A,N/A,N/A,N/A,N/A,N/A,N/A,N/A,N/A,N/A,N/A,N/A,N/A,N/A,N/A,N/A,N/A,N/A,N/A,N/A,N/A,N/A,N/A,N/A,N/A,N/A,N/A,N/A,N/A,N/A,N/A,N/A,N/A,N/A,N/A,N/A,N/A,N/A,N/A,N/A,N/A,N/A,N/A,N/A,N/A,N/A,N/A,N/A,N/A,N/A,N/A,N/A,N/A,N/A,N/A,N/A,N/A
Diego Manuel Hernández González,26,961657200,2000/06/22,Serie A,2026,Forward,Remo,155,110,45,Uruguay,9,6,3,0,0,0,1,1,0,0,0,1,1,0,2,0,2,1,0,0.58,0.58,0,0,0,0,1.16,78,17,155,155,0.58,-1,-1,-1,26,0,5.17,0.11,99,33.25,6.44,41,58,4.56,41,8,23.50,29,0.00,0.00,0.78,7,0.00,1.44,2.29,0.44,4,0.00,0.44,0.00,0.00,0.00,0.22,0.22,0.33,0.00,3.44,0.33,0.56,0.00,0.33,0.07,0.00,0.00,0.00,0.00,0,0,,6,0.67,98,3,1.72,99,3,1.72,89,5,8,1,84,0.00,99,0,2,1.15,74,13,76,7.45,98,0,0.00,99,0,0.00,0,0,0.00,0,4.01,99,5,2.87,87,2,1.15,40.00,0,0.00,0,0,0,0.00,0,3,0.00,48,1.72,81,N/A,N/A,N/A,N/A,0.00,0,0.00,0,0.60,0.00,0,70.69,50.00,92,2,0.33,1.72,3,80,37,0,0,0,0.00,0.00,0,24,46.53,0.33,1.72,3,0,0.00,0.00,99,0.00,0,0,0,0.00,0.00,0,0.00,0.00,0.00,0.00,0,0,0.00,45,0,12,46,48,0.93,99,0.10,0.53,0.60,86,0.07,0.34,28,1,0.11,0.57,4.01,0.78,99,7,0.34,84,0,56,75,0,47,2,0,0.00,99,0,0.00,0.00,14.33,2.78,25,7,40,95,4.01,0.78,28.00,4,2.29,1,0,30.77,0,0.00,99,4,0.44,2.29,99,0,90,91,0,0,0,0,0,94,46,65,59,0,21,23,19,96,1,11,45,33,0,0
Diego Tarzia,23,1051340400,2003/04/26,Serie A,2026,Forward,Vitória,664,350,314,Argentina,19,9,10,2,2,0,2,1,1,0,0,7,6,1,7,2,5,1,0,0.54,0.27,0.27,0.51,0,332,0.95,95,35,664,332,0.14,68,33,-1,4,0,6.38,0.11,94,22.36,8.68,15,165,7.00,133,32,18.03,19,0.00,0.00,0.63,12,0.00,2.00,2.30,0.89,17,0.00,0.53,0.00,0.00,0.00,0.16,0.58,0.58,10.50,2.85,0.58,1.16,0.00,0.53,0.16,0.00,0.42,0.00,0.00,0,0,,21,1.11,93,10,1.36,96,11,1.49,84,1,14,5,85,0.00,99,0,3,0.41,28,38,57,5.15,93,0,0.00,99,0,0.00,0,0,0.00,0,1.63,84,22,2.98,89,11,1.49,50.00,0,0.00,0,0,0,0.00,0,11,0.00,74,1.49,67,N/A,N/A,N/A,N/A,0.00,0,0.00,0,3.09,0.00,0,80.61,47.62,86,34,0.32,0.81,6,87,59,0,0,0,0.21,0.54,4,78,121.13,0.32,0.81,6,0,0.00,0.00,99,0.00,0,0,0,0.00,0.00,0,0.00,0.00,0.14,0.05,1,0,9.52,63,25,74,60,74,1.87,89,0.10,0.25,3.09,93,0.16,0.42,94,19,1.00,2.58,2.03,0.79,90,15,0.42,91,14,27,75,0,72,58,0,0.00,99,8,0.00,1.08,13.83,5.37,102,53,95,94,7.18,2.79,51.96,10,1.36,15,0,23.68,0,0.00,99,9,0.47,1.22,90,14,99,35,0,0,0,0,0,91,86,65,94,0,21,81,83,35,1,5,22,12,0,0
Diogenes Vinicius da Silva,25,978768000,2001/01/06,Serie A,2026,Goalkeeper,Santos,180,90,90,Brazil,2,1,1,0,0,0,0,0,0,0,0,1,1,0,2,0,2,1,0,0,0,0,0,0,0,1,90,90,180,0,0.5,-1,-1,-1,31,0,6.85,0,48,19.50,19.50,10,39,8.50,17,0,8.50,2,0.00,0.00,0.00,0,0.00,0.00,0.00,0.00,0,0.00,0.00,0.00,0.00,3.00,0.00,0.00,4.00,0.00,0.00,0.00,0.00,0.00,0.00,0.00,0.00,0.00,0.00,0.00,0,0,,0,0.00,7,0,0.00,17,0,0.00,7,0,0,2,5,0.00,99,0,0,0.00,10,0,30,0.00,16,0,0.00,99,0,0.00,0,0,0.00,0,0.00,8,0,0.00,9,0,0.00,0.00,0,0.00,0,6,88,3.00,65,8,0.00,66,4.00,96,N/A,N/A,N/A,N/A,75.00,0,0.00,0,0.00,0.00,0,43.59,0.00,17,99,0.00,0.00,0,13,13,0,0,5,0.00,0.00,0,24,13.70,2.50,2.50,5,0,0.00,0.00,99,0.00,0,0,0,0.00,0.00,4,2.00,2.00,0.00,0.00,0,0,0.00,45,0,0,46,67,0.03,0,0.01,0.01,0.00,7,0.00,0.00,1,0,0.00,0.00,0.00,0.00,5,0,0.00,7,61,66,75,99,47,2,0,0.00,99,0,0.00,0.00,0.00,0.00,0,0,0,0,0.00,0.00,0.00,0,0.00,99,0,0.00,0,0.00,99,0,0.00,0.00,30,1,23,12,0,0,0,0,0,28,46,65,59,0,21,98,22,93,1,50,99,1,0,0
Diogo Riquelme Rivas do Nascimento,21,1114239600,2005/04/23,Serie A,2026,Midfielder,Atlético PR,81,38,43,Brazil,5,2,3,0,0,0,0,0,0,0,0,4,2,2,0,0,0,1,0,0,0,0,0,0,0,0,0,16,81,0,1.11,-1,-1,-1,18,35000,6.64,0,48,36.67,6.60,51,33,4.60,23,7,25.56,36,0.00,0.00,0.20,1,0.00,0.20,4.44,0.80,4,0.00,0.00,0.00,0.00,0.00,0.60,0.00,0.00,0.00,1.11,0.00,0.00,0.00,0.20,0.03,0.00,0.60,0.00,0.00,0,0,,1,0.20,52,1,1.11,94,0,0.00,7,0,5,0,99,0.00,99,0,3,3.33,99,1,30,1.11,54,0,0.00,99,0,0.00,0,0,0.00,0,1.11,65,0,0.00,9,0,0.00,0.00,0,0.00,0,0,0,0.00,0,0,0.00,99,0.00,0,N/A,N/A,N/A,N/A,0.00,0,0.00,0,0.13,0.00,0,69.70,100.00,99,99,0.00,0.00,0,13,13,0,0,0,0.20,1.11,1,96,33.19,0.40,2.22,2,0,0.00,0.00,99,0.00,0,0,0,0.00,0.00,0,0.00,0.00,0.00,0.00,0,0,0.00,45,0,1,46,0,0.09,36,0.02,0.10,0.13,59,0.03,0.14,1,0,0.00,0.00,3.33,0.60,99,3,0.14,58,30,63,75,0,47,98,0,0.00,99,3,0.00,3.33,11.11,2.00,10,7,97,76,7.78,1.40,70.00,0,0.00,99,0,0.00,0,0.00,99,0,0.00,0.00,30,0,74,12,0,0,0,0,0,28,46,65,59,0,21,99,15,99,1,20,74,63,N/A,N/A
Djhordney Ferreira,19,1182063600,2007/06/17,Serie A,2026,Midfielder,São Paulo,61,15,46,Brazil,2,1,1,0,0,0,0,0,0,0,0,1,0,1,0,0,0,1,0,0,0,0,0,0,0,0,0,31,61,0,1.48,-1,-1,-1,13,0,6.18,0,48,36.00,6.00,50,6,4.00,4,4,24.00,30,0.00,0.00,0.00,0,0.00,0.00,6.00,1.00,1,0.00,1.00,0.00,0.00,0.00,0.00,0.00,1.00,0.00,0.00,0.00,1.00,0.00,0.00,0.00,0.00,0.00,0.00,0.00,0,0,,0,0.00,7,0,0.00,17,0,0.00,7,1,1,1,99,0.00,99,0,0,0.00,10,0,30,0.00,16,0,0.00,99,0,0.00,0,0,0.00,0,0.00,8,1,6.00,99,0,0.00,0.00,0,0.00,0,0,0,0.00,0,1,0.00,99,6.00,99,N/A,N/A,N/A,N/A,0.00,0,0.00,0,0.00,0.00,0,66.67,0.00,17,0,1.00,6.00,1,13,13,0,0,0,0.00,0.00,0,24,6.18,0.00,0.00,0,0,0.00,0.00,99,0.00,0,0,0,0.00,0.00,0,0.00,0.00,0.00,0.00,0,0,0.00,45,0,0,46,0,0.01,14,0.01,0.06,0.00,7,0.00,0.00,1,0,0.00,0.00,6.00,1.00,99,1,0.00,7,8,0,75,0,47,2,0,0.00,99,0,0.00,0.00,30.00,5.00,5,1,85,99,6.00,1.00,20.00,1,6.00,0,0,0.00,0,0.00,99,0,0.00,0.00,30,0,36,35,0,0,0,0,0,28,46,65,59,0,21,98,15,99,1,50,99,48,0,0
Domingos Duarte,31,794822400,1995/03/10,Serie A,2026,Defender,São Paulo,180,90,90,Portugal,2,1,1,0,0,0,0,0,0,0,0,0,0,0,2,1,1,0,0,0,0,0,0,0,0,1,90,90,0,0,0,-1,-1,-1,22,0,7.50,0,48,95.00,95.00,99,190,87.00,174,95,87.00,99,0.00,0.00,1.00,2,0.00,0.00,1.00,1.00,2,0.00,0.50,0.00,0.00,0.00,2.50,0.50,1.00,0.00,1.00,0.00,0.50,0.00,1.00,0.15,0.00,2.00,0.00,0.00,0,0,,2,1.00,50,2,1.00,91,0,0.00,7,0,0,2,34,0.00,99,0,5,2.50,99,0,30,0.00,16,0,0.00,99,0,0.00,0,0,0.00,0,1.00,59,1,0.50,28,1,0.50,100.00,0,0.00,0,0,0,0.00,0,2,0.00,66,1.00,25,N/A,N/A,N/A,N/A,0.00,0,0.00,0,0.30,0.00,0,91.58,100.00,99,62,0.50,0.50,1,51,99,0,0,0,1.00,1.00,2,95,15.01,5.50,5.50,11,0,0.00,0.00,99,0.00,0,0,0,0.00,0.00,0,0.00,0.00,0.00,0.00,0,0,0.00,45,0,0,46,67,0.38,75,0.19,0.19,0.30,61,0.15,0.15,49,2,1.00,1.00,0.50,0.50,14,1,0.15,59,99,91,75,0,47,84,0,0.00,99,4,0.00,2.00,7.00,7.00,14,9,51,28,4.50,4.50,64.29,1,0.50,57,0,0.00,0,0.00,99,0,0.00,0.00,30,1,23,12,0,0,0,0,0,28,46,65,59,0,21,5,15,15,0,0,16,22,0,0
Domingos Paulo Andrade,23,1052290800,2003/05/07,Serie A,2026,Midfielder,Botafogo,18,0,18,Angola,1,0,1,0,0,0,0,0,0,0,0,0,0,0,0,0,0,0,0,0,0,0,0,0,0,0,0,18,0,0,0,-1,-1,-1,37,0,6.69,0,48,155.00,31.00,99,31,26.00,26,52,130.00,99,0.00,0.00,1.00,1,0.00,0.00,10.00,2.00,2,0.00,0.00,0.00,0.00,0.00,0.00,0.00,0.00,0.00,0.00,0.00,0.00,0.00,0.00,0.00,0.00,0.00,0.00,0.00,0,0,,0,0.00,7,0,0.00,17,0,0.00,7,0,1,0,99,0.00,99,0,0,0.00,10,0,30,0.00,16,0,0.00,99,0,0.00,0,0,0.00,0,5.00,99,0,0.00,9,0,0.00,0.00,0,0.00,0,0,0,0.00,0,0,0.00,99,0.00,0,N/A,N/A,N/A,N/A,0.00,0,0.00,0,0.00,0.00,0,83.87,0.00,17,99,0.00,0.00,0,13,13,0,0,0,0.00,0.00,0,24,6.69,0.00,0.00,0,0,0.00,0.00,99,0.00,0,0,0,0.00,0.00,0,0.00,0.00,0.00,0.00,0,0,0.00,45,0,0,46,0,0.10,99,0.10,0.50,0.00,7,0.00,0.00,1,0,0.00,0.00,0.00,0.00,5,0,0.00,7,38,0,75,0,47,2,0,0.00,99,0,0.00,0.00,15.00,3.00,3,2,99,96,10.00,2.00,66.67,0,0.00,99,0,0.00,0,0.00,99,0,0.00,0.00,30,0,36,12,0,0,0,0,0,28,46,65,59,0,21,5,15,15,0,0,16,91,0,0
Dória,31,784281600,1994/11/08,Serie A,2026,Defender,São Paulo,226,46,180,Brazil,4,2,2,1,0,1,0,0,0,0,0,1,1,0,6,1,5,0,0,0.4,0,0.4,0,0.5,226,2.39,38,57,0,0,0,-1,-1,-1,10,900000,5.05,0,48,36.64,23.00,51,92,18.50,74,31,29.47,49,0.00,0.00,0.00,0,0.00,0.00,1.59,1.00,4,0.00,0.00,0.00,0.00,0.00,1.25,0.00,1.50,3.00,1.19,0.25,0.00,0.00,0.50,0.23,0.00,1.25,0.00,0.00,0,0,,3,0.75,55,2,0.80,81,1,0.40,28,0,2,2,60,0.00,99,0,5,1.99,97,0,30,0.00,16,0,0.00,99,0,0.00,0,0,0.00,0,0.00,8,0,0.00,9,0,0.00,0.00,0,0.00,0,0,0,0.00,0,6,0.00,0,2.39,93,N/A,N/A,N/A,N/A,0.00,0,0.00,0,0.90,0.00,0,80.43,66.67,99,35,0.50,0.80,2,13,13,0,0,0,0.50,0.80,2,89,20.20,4.25,6.77,17,0,0.00,0.00,99,0.00,0,0,0,0.00,0.00,0,0.00,0.00,0.40,0.25,1,0,33.33,99,0,0,53,0,0.18,16,0.04,0.07,0.90,88,0.23,0.36,41,2,0.50,0.80,1.99,1.25,89,5,0.36,86,0,98,75,0,89,84,0,0.00,99,5,0.00,1.99,7.96,5.00,20,11,48,40,4.38,2.75,55.00,0,0.00,99,0,0.00,0,0.00,99,0,0.00,0.00,30,1,46,12,0,0,0,0,0,82,93,95,59,0,65,54,15,15,0,0,16,4,N/A,N/A
Douglas Moreira Fagundes,30,829724400,1996/04/17,Serie A,2026,Midfielder,Grêmio,279,111,168,Brazil,8,5,3,0,0,0,0,0,0,0,0,1,1,0,6,1,5,2,0,0,0,0,0,0,0,1.94,47,35,140,0,0.65,408,417,-1,40,750000,5.58,0,48,29.89,11.62,29,93,10.88,87,99,27.96,44,0.00,0.00,0.00,0,0.00,0.00,1.29,0.50,4,0.00,0.12,0.00,0.00,0.00,0.25,0.12,0.75,0.00,0.96,0.38,0.62,0.00,0.00,0.02,0.00,0.12,0.00,0.00,0,0,,3,0.38,48,0,0.00,17,3,0.96,62,2,6,2,47,0.00,99,0,2,0.64,43,0,30,0.00,16,0,0.00,99,0,0.00,0,0,0.00,0,0.00,8,5,1.61,67,1,0.32,20.00,0,0.00,0,0,0,0.00,0,6,0.00,4,1.93,86,N/A,N/A,N/A,N/A,0.00,0,0.00,0,0.16,0.00,0,93.55,0.00,17,1,0.75,1.93,6,35,15,0,0,0,0.00,0.00,0,24,44.68,0.50,1.29,4,0,0.00,0.00,99,0.00,0,0,0,0.00,0.00,0,0.00,0.00,0.00,0.00,0,0,0.00,45,0,8,46,5,0.19,14,0.02,0.06,0.16,31,0.02,0.05,15,1,0.12,0.32,2.57,1.00,98,8,0.05,30,1,45,75,0,47,14,0,0.00,99,1,0.00,0.32,9.32,3.62,29,7,9,60,2.25,0.88,24.14,1,0.32,71,0,0.00,0,0.00,99,0,0.00,0.00,30,1,79,56,0,0,0,0,0,28,46,65,59,0,59,26,18,97,2,25,85,17,N/A,N/A
Douglas Telles,19,1180681200,2007/06/01,Serie A,2026,Forward,Flamengo,0,0,0,Brazil,0,0,0,0,0,0,0,0,0,0,0,0,0,0,0,0,0,0,0,0,0,0,0,0,0,0,0,0,0,0,0,-1,-1,-1,-1,N/A,N/A,N/A,N/A,N/A,N/A,N/A,N/A,N/A,N/A,N/A,N/A,N/A,N/A,N/A,N/A,N/A,N/A,N/A,N/A,N/A,N/A,N/A,N/A,N/A,N/A,N/A,N/A,N/A,N/A,N/A,N/A,N/A,N/A,N/A,N/A,N/A,N/A,N/A,N/A,N/A,N/A,N/A,N/A,N/A,N/A,N/A,N/A,N/A,N/A,N/A,N/A,N/A,N/A,N/A,N/A,N/A,N/A,N/A,N/A,N/A,N/A,N/A,N/A,N/A,N/A,N/A,N/A,N/A,N/A,N/A,N/A,N/A,N/A,N/A,N/A,N/A,N/A,N/A,N/A,N/A,N/A,N/A,N/A,N/A,N/A,N/A,N/A,N/A,N/A,N/A,N/A,N/A,N/A,N/A,N/A,N/A,N/A,N/A,N/A,N/A,N/A,N/A,N/A,N/A,N/A,N/A,N/A,N/A,N/A,N/A,N/A,N/A,N/A,N/A,N/A,N/A,N/A,N/A,N/A,N/A,N/A,N/A,N/A,N/A,N/A,N/A,N/A,N/A,N/A,N/A,N/A,N/A,N/A,N/A,N/A,N/A,N/A,N/A,N/A,N/A,N/A,N/A,N/A,N/A,N/A,N/A,N/A,N/A,N/A,N/A,N/A,N/A,N/A,N/A,N/A,N/A,N/A,N/A,N/A,N/A,N/A,N/A,N/A,N/A,N/A,N/A,N/A,N/A,N/A,N/A,N/A,N/A,N/A,N/A,N/A,N/A,N/A,N/A,N/A,N/A,N/A,N/A,N/A,N/A,N/A,N/A,N/A,N/A,N/A,N/A,N/A,N/A,N/A,N/A,N/A,N/A,N/A,N/A,N/A,N/A,N/A,N/A,N/A,N/A,N/A,N/A,N/A,N/A,N/A,N/A,N/A,N/A,N/A,N/A,N/A,N/A,N/A,N/A,N/A,N/A,N/A,N/A,N/A
Dudu,34,694771200,1992/01/07,Serie A,2026,Forward,Atlético Mineiro,363,195,168,Brazil,15,8,7,2,1,1,0,0,0,0,0,5,3,2,6,4,2,0,0,0.5,0,0.5,0.46,0.54,182,1.49,61,24,0,0,0,14,314,-1,7,2380000,6.77,0,48,37.58,10.13,54,152,8.60,129,58,31.90,55,0.00,0.00,0.53,8,0.00,0.67,0.74,0.20,3,0.00,0.33,0.00,0.00,0.00,0.13,0.47,0.47,7.00,3.46,0.47,0.67,0.00,0.47,0.16,0.00,0.07,0.00,0.00,0,0,,14,0.93,98,7,1.73,99,7,1.73,90,4,13,2,20,0.00,99,0,2,0.49,36,10,75,2.47,70,0,0.00,99,0,0.00,0,0,0.00,0,1.98,90,10,2.47,82,7,1.73,70.00,0,0.00,0,0,0,0.00,0,7,0.00,21,1.73,82,N/A,N/A,N/A,N/A,0.00,0,0.00,0,2.46,0.00,0,84.87,50.00,92,39,0.20,0.74,3,92,85,0,0,0,0.13,0.49,2,75,101.61,0.20,0.74,3,0,0.00,0.00,99,0.00,0,0,0,0.00,0.00,0,0.00,0.00,0.25,0.07,1,0,14.29,81,0,41,49,23,0.59,60,0.04,0.15,2.46,99,0.16,0.61,89,9,0.60,2.23,0.99,0.27,35,4,0.61,98,51,26,75,0,83,10,0,0.00,99,1,0.00,0.25,8.41,2.27,34,18,50,46,4.45,1.20,52.94,5,1.24,20,0,30.00,0,0.00,99,3,0.20,0.74,80,1,99,83,0,0,0,0,0,88,97,96,92,0,93,75,15,15,0,0,16,92,N/A,N/A
Duplex Tchamba Bangou,28,900054000,1998/07/10,Serie A,2026,Defender,Remo,1436,630,806,Cameroon,16,7,9,0,0,0,0,0,0,0,0,2,1,1,24,8,16,1,0,0,0,0,0,0,0,1.5,60,90,1436,0,0.06,265,221,145,13,0,6.86,0,48,38.54,38.44,57,615,31.25,500,35,31.34,53,0.00,0.00,0.19,3,0.00,0.50,1.57,1.56,25,0.00,0.19,0.00,0.00,0.00,1.12,0.31,1.50,0.00,0.31,0.25,0.38,0.00,0.06,0.02,0.00,2.62,0.00,0.00,0,0,,5,0.31,13,1,0.06,19,4,0.25,16,2,0,16,58,0.00,99,0,18,1.13,71,8,88,0.50,40,0,0.00,99,0,0.00,0,0,0.00,0,0.19,16,6,0.38,23,5,0.31,83.33,0,0.00,0,0,0,0.00,0,24,0.00,20,1.50,68,N/A,N/A,N/A,N/A,0.00,0,0.00,0,0.39,0.00,0,81.30,20.00,31,77,0.38,0.38,6,34,94,0,0,0,0.81,0.81,13,90,109.83,7.88,7.90,126,0,0.00,0.00,99,0.00,0,0,0,0.00,0.00,0,0.00,0.00,0.06,0.06,1,0,0.00,45,76,50,46,21,0.98,14,0.06,0.06,0.39,16,0.02,0.02,14,5,0.31,0.31,0.50,0.50,14,8,0.02,15,63,99,75,0,54,95,0,0.00,99,42,0.00,2.63,7.02,7.00,112,76,61,28,4.76,4.75,67.86,3,0.19,77,0,37.50,0,0.00,99,3,0.19,0.19,47,76,23,56,0,0,0,0,0,28,46,65,59,0,21,26,96,19,1,6,29,18,0,0
Dylan Borrero,24,1010217600,2002/01/05,Serie A,2026,Forward,Chapecoense,58,58,0,Colombia,1,1,0,0,0,0,0,0,0,0,0,1,1,0,0,0,0,0,0,0,0,0,0,0,0,0,0,58,0,0,0,-1,-1,-1,41,0,6.75,0,48,21.72,14.00,12,14,8.00,8,0,12.41,6,0.00,0.00,0.00,0,0.00,0.00,1.55,1.00,1,0.00,0.00,0.00,0.00,0.00,2.00,0.00,0.00,0.00,0.00,0.00,0.00,0.00,0.00,0.00,0.00,0.00,0.00,0.00,0,0,,0,0.00,7,0,0.00,17,0,0.00,7,1,0,1,57,0.00,99,0,2,3.10,99,0,30,0.00,16,0,0.00,99,0,0.00,0,0,0.00,0,0.00,8,0,0.00,9,0,0.00,0.00,0,0.00,0,0,0,0.00,0,0,0.00,99,0.00,0,N/A,N/A,N/A,N/A,0.00,0,0.00,0,0.00,0.00,0,57.14,0.00,17,99,0.00,0.00,0,13,13,0,0,0,0.00,0.00,0,24,6.75,0.00,0.00,0,0,0.00,0.00,99,0.00,0,0,0,0.00,0.00,0,0.00,0.00,0.00,0.00,0,0,0.00,45,0,0,46,0,0.02,4,0.02,0.03,0.00,7,0.00,0.00,1,0,0.00,0.00,0.00,0.00,5,0,0.00,7,48,0,75,0,47,2,0,0.00,99,0,0.00,0.00,3.10,2.00,2,1,7,7,1.55,1.00,50.00,0,0.00,99,0,0.00,0,0.00,99,0,0.00,0.00,30,0,23,35,0,0,0,0,0,28,46,65,59,0,21,99,15,15,0,0,16,77,0,0
Edenilson,36,629971200,1989/12/18,Serie A,2026,Midfielder,Botafogo,721,280,441,Brazil,15,7,8,4,1,3,2,2,0,0,0,0,0,0,14,5,9,2,0,0.75,0.25,0.5,0.32,0.61,180,1.75,52,48,361,361,0.25,15,41,-1,3,0,6.81,0.13,92,30.08,15.31,30,245,13.06,209,61,25.66,36,0.00,0.00,0.69,11,0.00,0.19,0.74,0.38,6,0.00,0.44,0.00,0.00,0.00,0.38,0.44,0.94,3.75,1.84,0.56,0.62,0.00,0.38,0.23,0.00,0.31,0.00,0.00,0,0,,15,0.94,73,6,0.74,79,9,1.11,70,3,7,8,20,0.00,99,0,6,0.74,48,3,97,0.37,36,0,0.00,99,0,0.00,0,0,0.00,0,1.35,77,10,1.23,55,7,0.86,70.00,0,0.00,0,0,0,0.00,0,15,0.00,9,1.84,85,N/A,N/A,N/A,N/A,0.00,0,0.00,0,3.60,0.00,0,85.31,40.00,77,31,0.44,0.86,7,70,85,0,0,0,0.19,0.37,3,64,108.93,0.38,0.74,6,0,0.00,0.00,99,0.00,0,0,0,0.00,0.00,0,0.00,0.00,0.12,0.06,1,0,26.67,96,30,41,48,9,2.01,89,0.13,0.25,3.60,94,0.23,0.44,38,6,0.38,0.74,1.35,0.69,55,11,0.44,94,56,26,75,0,68,33,0,0.00,99,5,0.00,0.61,6.88,3.50,56,24,17,27,2.95,1.50,42.86,7,0.86,37,0,66.67,0,0.00,99,2,0.12,0.25,52,32,85,72,0,1,0,7,0,98,97,97,84,0,21,5,52,64,2,13,52,8,0,0
Edenilson Santos Nascimento Filho,21,1118991600,2005/06/17,Serie A,2026,Midfielder,Vitória,378,114,264,Brazil,9,3,6,0,0,0,0,0,0,0,0,2,2,0,3,0,3,2,1,0,0,0,0,0,0,0.71,126,42,126,0,0.71,285,256,-1,12,50000,5.68,0,48,33.48,15.67,42,141,13.67,123,75,29.21,47,0.00,0.00,0.00,0,0.00,0.00,3.09,1.44,13,0.00,0.11,0.00,0.00,0.00,0.22,0.00,0.44,0.00,0.24,0.11,0.11,0.00,0.00,0.01,0.00,0.56,0.00,0.00,0,0,,1,0.11,11,0,0.00,17,1,0.24,16,4,5,4,96,0.00,99,0,2,0.47,32,0,30,0.00,16,0,0.00,99,0,0.00,0,0,0.00,0,0.00,8,1,0.24,17,0,0.00,0.00,0,0.00,0,0,0,0.00,0,4,0.00,93,0.95,19,N/A,N/A,N/A,N/A,0.00,0,0.00,0,0.05,0.00,0,87.23,0.00,17,85,0.11,0.24,1,13,13,0,0,0,0.33,0.71,3,86,51.11,2.11,4.51,19,0,0.00,0.00,99,0.00,0,0,0,0.00,0.00,0,0.00,0.00,0.00,0.00,0,0,0.00,45,3,12,46,92,0.25,14,0.03,0.06,0.05,12,0.01,0.01,12,1,0.11,0.24,1.66,0.78,75,7,0.01,12,2,86,75,0,47,63,0,0.00,99,5,0.00,1.19,8.31,3.89,35,19,52,44,4.51,2.11,54.29,1,0.24,74,0,0.00,0,0.00,99,0,0.00,0.00,30,8,74,83,0,0,0,0,0,28,46,65,59,0,22,46,17,98,1,11,45,26,N/A,N/A
Edson Fernando da Silva Gomes,28,893401200,1998/04/24,Serie A,2026,Midfielder,Remo,5,5,0,Brazil,1,1,0,0,0,0,0,0,0,0,0,1,1,0,0,0,0,0,0,0,0,0,0,0,0,0,0,5,0,0,0,-1,-1,-1,21,0,6.46,0,48,18.00,1.00,8,1,1.00,1,99,18.00,18,0.00,0.00,0.00,0,0.00,0.00,0.00,0.00,0,0.00,0.00,0.00,0.00,0.00,0.00,0.00,0.00,0.00,0.00,0.00,0.00,0.00,0.00,0.00,0.00,0.00,0.00,0.00,0,0,,0,0.00,7,0,0.00,17,0,0.00,7,0,1,0,5,0.00,99,0,0,0.00,10,0,30,0.00,16,0,0.00,99,0,0.00,0,0,0.00,0,0.00,8,0,0.00,9,0,0.00,0.00,0,0.00,0,0,0,0.00,0,0,0.00,99,0.00,0,N/A,N/A,N/A,N/A,0.00,0,0.00,0,0.00,0.00,0,100.00,0.00,17,99,0.00,0.00,0,13,13,0,0,0,0.00,0.00,0,24,6.46,2.00,36.00,2,0,0.00,0.00,99,0.00,0,0,0,0.00,0.00,0,0.00,0.00,0.00,0.00,0,0,0.00,45,0,0,46,0,0.00,0,0.00,0.00,0.00,7,0.00,0.00,1,0,0.00,0.00,18.00,1.00,99,1,0.00,7,18,99,75,0,47,2,0,0.00,99,0,0.00,0.00,18.00,1.00,1,0,0,99,0.00,0.00,0.00,0,0.00,99,0,0.00,0,0.00,99,0,0.00,0.00,30,0,36,12,0,0,0,0,0,28,46,65,59,0,21,99,15,15,0,0,16,35,0,0
Edson Gabriel Justino,27,906015600,1998/09/17,Serie A,2026,Defender,Botafogo,676,370,306,Brazil,10,5,5,1,0,1,0,0,0,0,0,2,1,1,5,3,2,2,0,0.13,0,0.13,0,0.29,676,0.67,135,68,338,0,0.27,157,287,14,6,0,6.82,0,48,31.15,23.40,34,234,20.40,204,74,27.16,42,0.00,0.00,0.00,0,0.00,0.00,1.73,1.30,13,0.00,0.00,0.00,0.00,0.00,0.60,0.30,0.70,3.00,0.40,0.10,0.40,0.00,0.20,0.09,0.00,1.30,0.00,0.00,0,0,,3,0.30,17,2,0.27,47,1,0.13,9,1,3,7,66,0.00,99,0,6,0.80,52,0,30,0.00,16,0,0.00,99,0,0.00,0,0,0.00,0,0.00,8,4,0.53,29,3,0.40,75.00,0,0.00,0,0,0,0.00,0,7,0.00,94,0.93,17,N/A,N/A,N/A,N/A,0.00,0,0.00,0,0.89,0.00,0,87.18,66.67,99,44,0.50,0.67,5,42,91,0,0,0,0.60,0.80,6,89,68.18,4.20,5.59,42,0,0.00,0.00,99,0.00,0,0,0,0.00,0.00,0,0.00,0.00,0.00,0.00,0,0,33.33,99,27,17,82,94,0.37,10,0.04,0.05,0.89,54,0.09,0.12,64,10,1.00,1.33,0.40,0.30,11,3,0.12,53,57,92,75,0,47,77,0,0.00,99,13,0.00,1.73,8.39,6.30,63,39,70,45,5.19,3.90,61.90,0,0.00,99,0,0.00,0,0.00,99,0,0.00,0.00,30,28,56,35,0,0,0,0,0,47,65,86,59,0,21,42,49,68,2,20,74,34,0,0
Edson Guilherme Mendes dos Santos,29,867999600,1997/07/04,Serie A,2026,Forward,Mirassol,738,436,302,Brazil,16,8,8,2,2,0,0,0,0,0,0,1,1,0,7,3,4,4,0,0.24,0,0.24,0.41,0,369,0.85,105,46,185,0,0.49,88,251,-1,3,0,6.65,0,48,18.90,9.69,9,155,6.94,111,9,13.54,8,0.00,0.00,0.56,9,0.00,0.81,1.22,0.62,10,0.00,1.19,0.00,0.00,0.00,0.25,1.19,0.62,8.00,1.95,0.75,2.38,0.00,0.25,0.14,0.00,0.56,0.00,0.00,0,0,,16,1.00,75,4,0.49,66,12,1.46,82,3,7,9,44,0.00,99,0,4,0.49,36,13,56,1.59,59,0,0.00,99,0,0.00,0,0,0.00,0,1.10,64,38,4.63,96,19,2.32,50.00,0,0.00,0,0,0,0.00,0,10,0.00,80,1.22,48,N/A,N/A,N/A,N/A,0.00,0,0.00,0,2.26,0.00,0,71.61,25.00,41,15,0.56,1.10,9,97,59,0,0,0,0.06,0.12,1,35,106.38,0.31,0.61,5,0,0.00,0.00,99,0.00,0,0,0,0.00,0.00,0,0.00,0.00,0.24,0.12,2,0,12.50,76,31,50,64,80,0.50,14,0.03,0.06,2.26,79,0.14,0.28,49,8,0.50,0.98,1.95,1.00,88,16,0.28,78,34,20,75,0,82,59,0,0.00,99,9,0.00,1.10,14.76,7.56,121,44,73,96,5.37,2.75,36.36,19,2.32,1,0,23.08,0,0.00,99,3,0.19,0.37,62,37,85,72,0,0,0,0,0,68,82,65,90,0,21,9,23,93,4,25,85,95,0,0
Eduardo Colcenti Antunes,34,698918400,1992/02/24,Serie A,2026,Forward,Bragantino,995,600,395,Brazil,19,11,8,1,0,1,0,0,0,0,0,6,4,2,11,8,3,2,0,0.09,0,0.09,0,0.23,995,0.99,90,52,498,0,0.18,180,324,-1,12,1547000,6.61,0,48,22.25,12.95,14,246,9.68,184,15,16.64,14,0.00,0.00,0.68,13,0.00,0.89,0.00,0.00,0,0.00,0.68,0.00,0.00,0.00,0.26,0.21,0.58,23.00,2.08,0.84,0.53,0.00,0.37,0.13,0.00,0.95,0.00,0.00,0,0,,23,1.21,77,7,0.63,74,16,1.45,82,8,8,11,5,0.00,99,0,5,0.45,30,17,42,1.54,59,0,0.00,99,0,0.00,0,0,0.00,0,1.18,68,10,0.90,44,4,0.36,40.00,0,0.00,0,0,0,0.00,0,11,0.00,68,0.99,24,N/A,N/A,N/A,N/A,0.00,0,0.00,0,2.40,0.00,0,74.80,30.43,50,69,0.26,0.45,5,38,37,0,2,0,0.05,0.09,1,30,125.61,0.42,0.72,8,0,0.00,0.00,99,0.00,0,2,0,0.00,0.00,0,0.00,0.00,0.36,0.21,4,0,4.35,49,48,74,88,67,0.98,32,0.05,0.09,1.00,46,0.05,0.09,59,13,0.68,1.18,0.27,0.16,8,3,0.22,70,26,25,75,0,88,75,0,0.00,99,18,0.00,1.63,6.96,4.05,77,35,22,28,3.17,1.84,45.45,13,1.18,22,0,17.65,0,0.00,99,3,0.16,0.27,54,48,90,99,0,0,0,0,0,39,58,81,59,0,83,69,71,45,2,11,45,8,N/A,N/A
Eduardo Conceição Silva,16,1260172800,2009/12/07,Serie A,2026,Forward,Palmeiras,0,0,0,Brazil,0,0,0,0,0,0,0,0,0,0,0,0,0,0,0,0,0,0,0,0,0,0,0,0,0,0,0,0,0,0,0,-1,-1,-1,-1,N/A,N/A,N/A,N/A,N/A,N/A,N/A,N/A,N/A,N/A,N/A,N/A,N/A,N/A,N/A,N/A,N/A,N/A,N/A,N/A,N/A,N/A,N/A,N/A,N/A,N/A,N/A,N/A,N/A,N/A,N/A,N/A,N/A,N/A,N/A,N/A,N/A,N/A,N/A,N/A,N/A,N/A,N/A,N/A,N/A,N/A,N/A,N/A,N/A,N/A,N/A,N/A,N/A,N/A,N/A,N/A,N/A,N/A,N/A,N/A,N/A,N/A,N/A,N/A,N/A,N/A,N/A,N/A,N/A,N/A,N/A,N/A,N/A,N/A,N/A,N/A,N/A,N/A,N/A,N/A,N/A,N/A,N/A,N/A,N/A,N/A,N/A,N/A,N/A,N/A,N/A,N/A,N/A,N/A,N/A,N/A,N/A,N/A,N/A,N/A,N/A,N/A,N/A,N/A,N/A,N/A,N/A,N/A,N/A,N/A,N/A,N/A,N/A,N/A,N/A,N/A,N/A,N/A,N/A,N/A,N/A,N/A,N/A,N/A,N/A,N/A,N/A,N/A,N/A,N/A,N/A,N/A,N/A,N/A,N/A,N/A,N/A,N/A,N/A,N/A,N/A,N/A,N/A,N/A,N/A,N/A,N/A,N/A,N/A,N/A,N/A,N/A,N/A,N/A,N/A,N/A,N/A,N/A,N/A,N/A,N/A,N/A,N/A,N/A,N/A,N/A,N/A,N/A,N/A,N/A,N/A,N/A,N/A,N/A,N/A,N/A,N/A,N/A,N/A,N/A,N/A,N/A,N/A,N/A,N/A,N/A,N/A,N/A,N/A,N/A,N/A,N/A,N/A,N/A,N/A,N/A,N/A,N/A,N/A,N/A,N/A,N/A,N/A,N/A,N/A,N/A,N/A,N/A,N/A,N/A,N/A,N/A,N/A,N/A,N/A,N/A,N/A,N/A,N/A,N/A,N/A,N/A,N/A,N/A
Eduardo de Queiroz Melo,25,989737200,2001/05/13,Serie A,2026,Forward,Remo,34,0,34,Brazil,1,0,1,0,0,0,0,0,0,0,0,0,0,0,2,0,2,0,0,0,0,0,0,0,0,5.29,17,34,0,0,0,-1,-1,-1,30,48000,6.56,0,48,23.82,9.00,18,9,7.00,7,23,18.53,20,0.00,0.00,1.00,1,0.00,0.00,0.00,0.00,0,0.00,1.00,0.00,0.00,0.00,0.00,0.00,2.00,0.00,0.00,-1.00,0.00,0.00,1.00,0.10,0.00,1.00,0.00,0.00,0,0,,0,0.00,7,1,2.65,99,-1,-2.65,0,0,1,0,5,0.00,99,0,0,0.00,10,0,30,0.00,16,0,0.00,99,0,0.00,0,0,0.00,0,2.65,96,0,0.00,9,0,0.00,0.00,0,0.00,0,0,0,0.00,0,2,0.00,0,5.29,99,N/A,N/A,N/A,N/A,0.00,0,0.00,0,0.10,0.00,0,77.78,0.00,17,99,0.00,0.00,0,13,13,0,0,0,0.00,0.00,0,24,6.56,0.00,0.00,0,0,0.00,0.00,99,0.00,0,0,0,0.00,0.00,0,0.00,0.00,2.65,1.00,1,0,0.00,45,0,0,46,0,0.05,51,0.05,0.13,0.10,77,0.10,0.26,1,0,0.00,0.00,0.00,0.00,5,0,0.26,76,21,0,75,0,99,95,0,0.00,99,1,0.00,2.65,7.94,3.00,3,1,12,39,2.65,1.00,33.33,1,2.65,0,0,0.00,0,0.00,99,0,0.00,0.00,30,0,36,12,0,0,0,0,0,28,46,65,59,0,22,5,15,15,0,0,16,39,N/A,N/A
Eduardo Gonzaga Mendes Santos,28,880704000,1997/11/28,Serie A,2026,Defender,Bragantino,110,9,101,Portugal,3,1,2,0,0,0,0,0,0,0,0,0,0,0,2,0,2,0,0,0,0,0,0,0,0,1.64,55,37,0,0,0,-1,-1,-1,28,320000,6.49,0,48,50.73,20.67,82,62,17.67,53,63,43.36,80,0.00,0.00,0.00,0,0.00,0.00,2.45,1.00,3,0.00,0.33,0.00,0.00,0.00,0.00,0.33,0.67,0.00,0.82,0.33,0.33,0.00,0.00,0.02,0.00,0.33,0.00,0.00,0,0,,1,0.33,43,0,0.00,17,1,0.82,56,0,2,1,88,0.00,99,0,0,0.00,10,0,30,0.00,16,0,0.00,99,0,0.00,0,0,0.00,0,0.00,8,1,0.82,41,1,0.82,100.00,0,0.00,0,0,0,0.00,0,2,0.00,12,1.64,77,N/A,N/A,N/A,N/A,0.00,0,0.00,0,0.05,0.00,0,85.48,0.00,17,2,0.67,1.64,2,68,99,0,0,0,0.00,0.00,0,24,19.48,1.33,3.27,4,0,0.00,0.00,99,0.00,0,0,1,0.33,0.82,0,0.00,0.00,0.00,0.00,0,0,0.00,45,0,0,46,12,0.11,32,0.04,0.09,0.05,26,0.02,0.04,1,0,0.00,0.00,0.82,0.33,26,1,0.04,25,19,77,99,0,47,45,0,0.00,99,1,0.00,0.82,8.18,3.33,10,5,41,42,4.09,1.67,50.00,1,0.82,39,0,0.00,0,0.00,99,0,0.00,0.00,30,0,46,12,0,0,0,0,0,28,46,65,59,0,38,5,15,15,0,0,16,3,N/A,N/A
Eduardo Kogitzki Anastacio,20,1136102400,2006/01/01,Serie A,2026,Midfielder,Atlético PR,674,411,263,Brazil,16,9,7,1,1,0,1,1,0,0,0,6,3,3,6,2,4,0,0,0.27,0.13,0.13,0.22,0,674,0.8,112,42,0,674,0,153,113,-1,6,80000,6.69,0.06,74,22.08,11.29,14,158,8.86,124,25,17.33,17,0.00,0.00,0.57,8,0.00,0.71,1.12,0.57,8,0.00,0.29,0.00,0.00,0.00,0.50,0.36,0.43,6.00,0.84,0.29,0.57,0.00,0.14,0.07,0.00,0.21,0.00,0.00,0,0,,6,0.43,43,2,0.28,49,4,0.56,41,2,9,7,39,0.00,99,0,7,0.98,61,10,34,1.40,57,0,0.00,99,0,0.00,0,0,0.00,0,1.12,66,8,1.12,52,5,0.70,62.50,0,0.00,0,0,0,0.00,0,6,0.00,87,0.84,11,N/A,N/A,N/A,N/A,0.00,0,0.00,0,1.03,0.00,0,78.48,33.33,62,5,0.71,1.40,10,64,76,0,0,0,0.00,0.00,0,24,93.64,0.07,0.14,1,0,0.00,0.00,99,0.00,0,0,0,0.00,0.00,0,0.00,0.00,0.00,0.00,0,0,16.67,86,26,50,81,86,1.16,65,0.08,0.16,1.03,59,0.07,0.14,27,4,0.29,0.56,0.98,0.50,34,7,0.14,58,38,1,75,0,47,20,0,0.00,99,3,0.00,0.42,7.27,3.71,52,19,12,32,2.66,1.36,36.54,4,0.56,54,0,10.00,0,0.00,99,1,0.07,0.14,43,28,94,56,0,0,0,0,0,71,65,65,74,0,22,85,15,15,0,0,16,53,N/A,N/A
Eduardo Marcelo Rodrigues Nunes,27,928566000,1999/06/05,Serie A,2026,Midfielder,Vitória,167,123,44,Brazil,3,2,1,1,0,1,0,0,0,0,0,1,1,0,4,2,2,0,0,0.54,0,0.54,0,2.05,167,2.16,42,56,0,0,0,-1,-1,-1,10,150000,6.96,0,48,40.96,25.33,61,76,20.00,60,27,32.34,56,0.00,0.00,1.00,3,0.00,0.00,2.16,1.33,4,0.00,0.00,0.00,0.00,0.00,0.33,1.00,1.33,1.00,0.54,0.00,2.00,0.00,0.33,0.23,0.00,1.33,0.00,0.00,0,0,,1,0.33,25,1,0.54,70,0,0.00,7,4,2,1,81,0.00,99,0,1,0.54,38,0,30,0.00,16,0,0.00,99,0,0.00,0,0,0.00,0,1.62,83,6,3.23,90,3,1.62,50.00,0,0.00,0,0,0,0.00,0,4,0.00,1,2.16,91,N/A,N/A,N/A,N/A,0.00,0,0.00,0,0.69,0.00,0,78.95,100.00,99,15,0.67,1.08,2,90,59,0,0,0,0.33,0.54,1,78,20.89,0.33,0.54,1,0,0.00,0.00,99,0.00,0,0,0,0.00,0.00,0,0.00,0.00,0.00,0.00,0,0,100.00,99,0,0,48,1,0.27,60,0.09,0.15,0.69,89,0.23,0.37,99,7,2.33,3.77,1.08,0.67,41,2,0.37,87,79,18,75,0,47,87,0,0.00,99,4,0.00,2.16,14.55,9.00,27,18,99,95,9.70,6.00,66.67,0,0.00,99,0,0.00,0,0.00,99,0,0.00,0.00,30,0,46,83,0,0,0,0,0,91,98,99,59,0,27,75,15,15,0,0,16,21,N/A,N/A
Eduardo Vinicius Domachowski,27,904374000,1998/08/29,Serie A,2026,Defender,Chapecoense,1823,974,849,Brazil,21,11,10,1,1,0,0,0,0,0,0,2,2,0,39,22,17,5,1,0.05,0,0.05,0.09,0,1823,1.93,47,87,365,0,0.25,224,429,176,10,124800,6.70,0,48,49.37,47.62,80,1000,40.67,854,63,42.16,79,0.00,0.00,0.33,7,0.00,0.29,0.89,0.86,18,0.00,0.05,0.00,0.00,0.00,1.00,0.29,1.95,12.00,0.59,0.43,0.33,0.00,0.14,0.07,0.00,1.86,0.00,0.00,0,0,,12,0.57,29,3,0.15,32,9,0.44,32,1,0,21,26,0.00,99,0,21,1.04,67,6,84,0.30,31,0,0.00,99,0,0.00,0,0,0.00,0,0.35,26,7,0.35,21,6,0.30,85.71,0,0.00,0,0,0,0.00,0,41,0.00,4,2.02,88,N/A,N/A,N/A,N/A,0.00,0,0.00,0,1.47,0.00,0,85.40,25.00,41,75,0.38,0.39,8,33,95,0,0,0,0.67,0.69,14,85,140.73,5.86,6.07,123,1,0.00,0.05,11,0.05,0,0,0,0.00,0.00,0,0.00,0.00,0.00,0.00,0,0,8.33,59,93,90,99,5,1.81,32,0.09,0.09,1.47,39,0.07,0.07,5,3,0.14,0.15,0.84,0.81,27,17,0.07,38,39,96,75,0,47,82,0,0.00,99,39,0.00,1.93,5.78,5.57,117,66,24,14,3.26,3.14,56.41,1,0.05,87,0,33.33,0,0.00,99,2,0.10,0.10,38,94,23,35,0,0,0,0,0,30,49,65,60,0,25,19,53,64,4,19,69,3,N/A,N/A
Elias Lira Nogueira,27,932108400,1999/07/16,Serie A,2026,Defender,Mirassol,80,0,80,Brazil,1,0,1,0,0,0,0,0,0,0,0,0,0,0,2,0,2,1,0,0,0,0,0,0,0,2.25,40,80,80,0,1.13,-1,-1,-1,21,0,6.21,0,48,23.62,21.00,18,21,14.00,14,4,15.75,12,0.00,0.00,1.00,1,0.00,1.00,2.25,2.00,2,0.00,0.00,0.00,0.00,0.00,1.00,0.00,2.00,0.00,0.00,0.00,1.00,0.00,0.00,0.00,0.00,0.00,0.00,0.00,0,0,,0,0.00,7,0,0.00,17,0,0.00,7,2,0,1,83,0.00,99,0,1,1.12,71,1,30,1.12,54,0,0.00,99,0,0.00,0,0,0.00,0,1.12,66,1,1.12,52,0,0.00,0.00,0,0.00,0,0,0,0.00,0,2,0.00,1,2.25,92,N/A,N/A,N/A,N/A,0.00,0,0.00,0,0.00,0.00,0,66.67,0.00,17,99,0.00,0.00,0,13,13,0,0,0,0.00,0.00,0,24,6.21,0.00,0.00,0,0,0.00,0.00,99,0.00,0,0,0,0.00,0.00,0,0.00,0.00,0.00,0.00,0,0,0.00,45,0,0,46,1,0.07,22,0.07,0.08,0.00,7,0.00,0.00,90,2,2.00,2.25,4.50,4.00,99,4,0.00,7,8,0,75,0,47,2,0,0.00,99,0,0.00,0.00,10.12,9.00,9,4,51,67,4.50,4.00,44.44,0,0.00,99,0,0.00,0,0.00,99,0,0.00,0.00,30,0,23,56,0,0,0,0,0,28,46,65,59,0,21,5,15,99,1,100,99,18,0,0
Emanuel Brítez,34,701596800,1992/03/26,Serie A,2026,Defender,Vitória,359,269,90,Argentina,5,4,1,0,0,0,0,0,0,0,0,2,2,0,7,5,2,1,0,0,0,0,0,0,0,1.75,51,72,359,0,0.25,275,220,166,20,0,6.72,0,48,27.58,22.00,25,110,18.00,90,38,22.56,28,0.00,0.00,0.20,1,0.00,0.20,1.75,1.40,7,0.00,0.20,0.00,0.00,0.00,0.80,0.00,1.40,0.00,0.50,0.40,0.00,0.00,0.00,0.02,0.00,1.40,0.00,0.00,0,0,,2,0.40,23,0,0.00,17,2,0.50,36,1,1,4,67,0.00,99,0,4,1.00,63,1,30,0.25,29,0,0.00,99,0,0.00,0,0,0.00,0,0.25,20,0,0.00,9,0,0.00,0.00,0,0.00,0,0,0,0.00,0,7,0.00,9,1.75,83,N/A,N/A,N/A,N/A,0.00,0,0.00,0,0.09,0.00,0,81.82,0.00,17,62,0.40,0.50,2,13,13,0,0,0,1.20,1.50,6,99,33.60,4.40,5.52,22,0,0.00,0.00,99,0.00,0,0,0,0.00,0.00,0,0.00,0.00,0.00,0.00,0,0,0.00,45,0,1,46,8,0.21,10,0.04,0.05,0.09,16,0.02,0.02,38,3,0.60,0.75,1.25,1.00,52,5,0.02,15,43,91,75,0,47,78,0,0.00,99,7,0.00,1.75,8.52,6.80,34,17,46,47,4.26,3.40,50.00,1,0.25,73,0,0.00,0,0.00,99,0,0.00,0.00,30,8,36,35,0,0,0,0,0,28,46,65,59,0,21,89,52,64,1,20,74,2,0,0
Emerson Royal,27,916300800,1999/01/14,Serie A,2026,Defender,Flamengo,701,372,329,Brazil,11,5,6,0,0,0,1,0,1,0,0,5,3,2,6,2,4,0,0,0.13,0.13,0,0,0,0,0.77,117,64,0,701,0,401,115,23,18,2200000,6.92,0.09,74,48.27,34.18,78,376,29.82,328,75,42.11,79,0.00,0.00,0.82,9,0.00,2.91,2.18,1.55,17,0.00,0.36,0.00,0.00,0.00,0.73,0.27,0.55,0.00,0.39,0.09,0.55,0.00,0.18,0.03,0.00,1.64,0.00,0.00,0,0,,3,0.27,16,2,0.26,46,1,0.13,9,1,3,8,81,0.00,99,0,8,1.03,65,32,46,4.11,86,0,0.00,99,0,0.00,0,0,0.00,0,1.16,67,6,0.77,40,3,0.39,50.00,0,0.00,0,0,0,0.00,0,6,0.00,89,0.77,7,N/A,N/A,N/A,N/A,0.00,0,0.00,0,0.36,0.00,0,87.23,66.67,99,61,0.36,0.51,4,41,59,0,0,0,0.09,0.13,1,37,76.12,3.09,4.37,34,0,0.00,0.00,99,0.00,0,0,1,0.09,0.13,0,0.00,0.00,0.13,0.09,1,0,0.00,45,29,21,46,89,1.55,79,0.14,0.20,0.36,31,0.03,0.05,24,4,0.36,0.51,1.67,1.18,76,13,0.05,30,72,85,92,0,69,89,0,0.00,99,18,0.00,2.31,8.99,6.36,70,41,71,54,5.26,3.73,58.57,4,0.51,56,0,18.75,0,0.00,99,6,0.55,0.77,80,32,56,35,0,0,0,0,0,47,46,65,59,0,91,95,15,15,0,0,16,22,N/A,N/A
Emiliano Martínez,27,934873200,1999/08/17,Serie A,2026,Midfielder,Palmeiras,458,265,193,Uruguay,12,6,6,0,0,0,0,0,0,0,0,7,3,4,2,1,1,1,0,0,0,0,0,0,0,0.39,229,38,458,0,0.2,309,307,-1,21,1000000,6.22,0,48,60.33,25.58,94,307,23.17,278,91,54.63,95,0.00,0.00,0.33,4,0.00,0.25,2.16,0.92,11,0.00,0.17,0.00,0.00,0.00,1.25,0.42,0.33,0.00,0.79,0.17,0.50,0.00,0.17,0.03,0.00,1.08,0.00,0.00,0,0,,4,0.33,41,2,0.39,60,2,0.39,27,4,8,4,81,0.00,99,0,15,2.95,99,3,84,0.59,43,0,0.00,99,0,0.00,0,0,0.00,0,0.79,47,6,1.18,55,5,0.98,83.33,0,0.00,0,0,0,0.00,0,4,0.00,99,0.79,8,N/A,N/A,N/A,N/A,0.00,0,0.00,0,0.35,0.00,0,90.55,50.00,92,5,0.58,1.38,7,75,94,0,0,0,0.17,0.39,2,66,74.60,1.17,2.75,14,0,0.00,0.00,99,0.00,0,0,0,0.00,0.00,0,0.00,0.00,0.00,0.00,0,0,0.00,45,7,24,46,99,0.85,69,0.07,0.17,0.35,39,0.03,0.07,40,4,0.33,0.79,1.38,0.58,56,7,0.07,38,10,71,75,0,47,94,0,0.00,99,13,0.00,2.55,9.63,4.08,49,31,86,63,6.09,2.58,63.27,2,0.39,66,0,33.33,0,0.00,99,1,0.08,0.20,48,8,90,83,0,0,0,0,0,28,46,65,59,0,69,99,66,50,1,8,34,32,N/A,N/A
Enzo Hernán Díaz,30,818323200,1995/12/07,Serie A,2026,Defender,São Paulo,929,267,662,Argentina,13,5,8,0,0,0,1,1,0,0,0,1,1,0,11,2,9,7,0,0.1,0.1,0,0,0,0,1.07,84,71,133,929,0.68,375,147,74,36,750000,6.71,0.08,66,38.95,30.92,58,402,25.69,334,47,32.36,56,0.00,0.00,0.62,8,0.00,3.08,3.00,2.38,31,0.00,0.54,0.00,0.00,0.00,0.62,0.46,1.00,0.00,1.07,0.69,1.23,0.00,0.15,0.05,0.00,0.85,0.00,0.00,0,0,,11,0.85,51,2,0.19,37,9,0.87,58,4,2,11,95,0.00,99,0,8,0.78,50,40,42,3.88,85,0,0.00,99,0,0.00,0,0,0.00,0,0.78,47,16,1.55,64,6,0.58,37.50,0,0.00,0,0,0,0.00,0,13,0.00,57,1.26,51,N/A,N/A,N/A,N/A,0.00,0,0.00,0,0.63,0.00,0,83.08,18.18,27,2,1.31,1.65,17,56,31,0,0,0,0.31,0.39,4,66,87.22,1.62,2.03,21,0,0.00,0.00,99,0.00,0,0,0,0.00,0.00,0,0.00,0.00,0.19,0.15,2,0,0.00,45,42,30,46,57,1.59,60,0.12,0.15,0.63,35,0.05,0.06,73,16,1.23,1.55,2.23,1.77,93,23,0.06,34,41,60,75,0,79,57,0,0.00,99,11,0.00,1.07,12.30,9.77,127,64,89,86,6.20,4.92,50.39,7,0.68,46,0,17.50,0,0.00,99,7,0.54,0.68,77,48,46,83,0,0,0,0,0,41,46,65,59,0,59,13,17,98,7,54,99,13,N/A,N/A
Enzo Vágner Moraes de Souza,20,1154070000,2006/07/28,Serie A,2026,Forward,Coritiba,17,0,17,Brazil,1,0,1,0,0,0,0,0,0,0,0,0,0,0,0,0,0,0,0,0,0,0,0,0,0,0,0,17,0,0,0,-1,-1,-1,12,110000,6.11,0,48,10.59,2.00,1,2,1.00,1,0,5.29,0,0.00,0.00,0.00,0,0.00,0.00,0.00,0.00,0,0.00,1.00,0.00,0.00,0.00,0.00,0.00,1.00,0.00,5.29,1.00,0.00,0.00,0.00,0.04,0.00,0.00,0.00,0.00,0,0,,1,1.00,99,0,0.00,17,1,5.29,99,0,1,0,5,0.00,99,0,0,0.00,10,0,30,0.00,16,0,0.00,99,0,0.00,0,0,0.00,0,0.00,8,0,0.00,9,0,0.00,0.00,0,0.00,0,0,0,0.00,0,1,0.00,99,5.29,99,N/A,N/A,N/A,N/A,0.00,0,0.00,0,0.04,0.00,0,50.00,0.00,17,99,0.00,0.00,0,13,13,0,0,0,0.00,0.00,0,24,6.11,1.00,5.29,1,0,0.00,0.00,99,0.00,0,0,0,0.00,0.00,0,0.00,0.00,0.00,0.00,0,0,0.00,45,0,0,46,0,0.00,0,0.00,0.00,0.04,71,0.04,0.21,1,0,0.00,0.00,5.29,1.00,99,1,0.21,69,6,90,75,0,47,2,0,0.00,99,0,0.00,0.00,21.18,4.00,4,0,0,99,0.00,0.00,0.00,1,5.29,0,0,0.00,0,0.00,99,0,0.00,0.00,30,0,36,12,0,0,0,0,0,28,46,65,59,0,23,5,15,15,0,0,16,14,N/A,N/A
Eric Dos Santos Rodrigues,26,965890800,2000/08/10,Serie A,2026,Midfielder,Bragantino,637,334,303,Brazil,16,7,9,0,0,0,0,0,0,0,0,6,4,2,4,2,2,2,0,0,0,0,0,0,0,0.57,159,40,319,0,0.28,326,321,-1,26,850000,6.65,0,48,36.73,16.25,51,260,14.38,230,81,32.50,56,0.00,0.00,0.38,6,0.00,0.06,1.70,0.75,12,0.00,0.19,0.00,0.00,0.00,0.56,0.06,0.25,0.00,0.42,0.19,0.19,0.00,0.00,0.01,0.00,0.25,0.00,0.00,0,0,,3,0.19,17,0,0.00,17,3,0.42,30,6,10,6,64,0.00,99,0,9,1.27,83,1,30,0.14,22,0,0.00,99,0,0.00,0,0,0.00,0,0.85,50,3,0.42,25,1,0.14,33.33,0,0.00,0,0,0,0.00,0,4,0.00,96,0.57,3,N/A,N/A,N/A,N/A,0.00,0,0.00,0,0.15,0.00,0,88.46,0.00,17,31,0.38,0.85,6,20,27,0,0,0,0.06,0.14,1,40,106.44,0.44,0.99,7,0,0.00,0.00,99,0.00,0,0,0,0.00,0.00,0,0.00,0.00,0.00,0.00,0,1,0.00,45,22,50,46,96,0.82,45,0.05,0.12,0.15,16,0.01,0.02,57,8,0.50,1.13,1.70,0.75,77,12,0.02,15,34,36,75,0,47,31,0,0.00,99,4,0.00,0.57,6.92,3.06,49,24,27,27,3.39,1.50,48.98,3,0.42,63,0,0.00,0,0.00,99,0,0.00,0.00,30,21,96,97,0,0,0,0,0,28,46,65,59,0,63,85,45,71,2,12,49,7,N/A,N/A
Erick,28,879494400,1997/11/14,Serie A,2026,Midfielder,Bahia,1115,621,494,Brazil,18,10,8,2,1,1,0,0,0,0,0,6,3,3,14,6,8,4,0,0.16,0,0.16,0.14,0.18,558,1.13,80,62,279,0,0.32,137,433,-1,7,450000,6.83,0,48,33.55,23.11,42,416,20.61,371,86,29.92,50,0.00,0.00,0.50,9,0.00,0.11,2.26,1.56,28,0.00,0.72,0.00,0.00,0.00,0.72,0.78,0.78,8.50,1.37,0.67,0.94,0.00,0.28,0.14,0.00,0.72,0.00,0.00,0,0,,17,0.94,62,5,0.40,61,12,0.97,63,2,7,11,84,0.00,99,0,13,1.05,68,2,95,0.16,23,0,0.00,99,0,0.00,0,0,0.00,0,0.73,44,17,1.37,61,14,1.13,82.35,0,0.00,0,0,0,0.00,0,14,0.00,51,1.13,39,N/A,N/A,N/A,N/A,0.00,0,0.00,0,2.44,0.00,0,89.18,29.41,48,22,0.67,0.97,12,80,93,0,0,0,0.22,0.32,4,60,123.00,1.06,1.53,19,0,0.00,0.00,99,0.00,0,0,2,0.11,0.16,0,0.00,0.00,0.08,0.06,1,0,11.76,72,55,68,78,52,1.12,32,0.06,0.09,2.44,70,0.14,0.20,72,19,1.06,1.53,1.77,1.22,81,22,0.20,68,58,53,95,0,60,56,0,0.00,99,13,0.00,1.05,11.05,7.61,137,73,84,75,5.89,4.06,53.28,13,1.05,27,0,50.00,0,0.00,99,1,0.06,0.08,35,48,85,56,0,0,0,0,0,53,69,76,67,0,47,75,37,79,4,22,79,14,N/A,N/A
Erick Antonio Pulgar Farfán,32,758620800,1994/01/15,Serie A,2026,Midfielder,Flamengo,1092,523,569,Chile,14,6,8,2,1,1,0,0,0,0,0,6,4,2,8,2,6,6,1,0.16,0,0.16,0.17,0.16,546,0.66,137,78,156,0,0.58,138,384,-1,9,2269841,6.91,0,48,65.69,56.93,97,797,51.86,726,93,59.84,97,0.00,0.00,0.43,6,0.00,0.21,1.81,1.57,22,0.00,0.50,0.00,0.00,0.00,1.00,0.36,0.57,5.00,0.82,0.50,0.43,0.00,0.21,0.14,0.00,1.43,0.00,0.00,0,0,,10,0.71,43,3,0.25,45,7,0.58,42,6,1,13,70,0.00,99,0,14,1.15,74,3,84,0.25,29,0,0.00,99,0,0.00,0,0,0.00,0,0.49,34,6,0.49,28,5,0.41,83.33,0,0.00,0,0,0,0.00,0,8,0.00,95,0.66,4,N/A,N/A,N/A,N/A,0.00,0,0.00,0,1.91,0.00,0,91.09,30.00,50,33,0.71,0.82,10,43,94,0,0,0,0.21,0.25,3,52,96.79,1.21,1.40,17,0,0.00,0.00,99,0.00,0,0,1,0.07,0.08,0,0.00,0.00,0.00,0.00,0,0,20.00,91,53,34,77,95,1.60,51,0.11,0.13,1.91,63,0.14,0.16,38,9,0.64,0.74,1.48,1.29,64,18,0.16,61,71,50,85,0,47,76,0,0.00,99,20,0.00,1.65,8.57,7.43,104,55,52,48,4.53,3.93,52.88,7,0.58,51,0,33.33,0,0.00,99,1,0.07,0.08,35,58,36,97,0,0,0,0,0,53,69,74,70,0,92,93,20,96,5,36,95,5,N/A,N/A
Erick Carlos Noriega Loret de Mola,24,1003734000,2001/10/22,Serie A,2026,Midfielder,Grêmio,1288,643,645,Peru,17,9,8,1,1,0,1,1,0,0,0,3,2,1,19,9,10,3,0,0.14,0.07,0.07,0.14,0,1288,1.33,68,76,429,1288,0.21,202,182,-1,11,850000,6.98,0.06,59,52.41,44.12,85,750,38.47,654,74,45.70,84,0.00,0.00,0.71,12,0.00,0.12,1.61,1.35,23,0.00,0.47,0.00,0.00,0.00,1.00,0.35,1.12,10.00,0.70,0.35,0.41,0.00,0.24,0.08,0.00,1.12,0.00,0.00,0,0,,10,0.59,35,4,0.28,49,6,0.42,30,3,2,15,61,0.00,99,0,17,1.19,77,2,95,0.14,22,0,0.00,99,0,0.00,0,0,0.00,0,0.84,49,7,0.49,28,6,0.42,85.71,0,0.00,0,0,0,0.00,0,19,0.00,32,1.33,56,N/A,N/A,N/A,N/A,0.00,0,0.00,0,1.38,0.00,0,87.20,40.00,77,49,0.53,0.63,9,43,95,0,0,0,0.35,0.42,6,69,118.73,2.29,2.73,39,0,0.00,0.00,99,0.00,0,0,0,0.00,0.00,0,0.00,0.00,0.00,0.00,0,0,10.00,65,66,61,92,33,2.36,65,0.14,0.16,1.38,50,0.08,0.10,66,20,1.18,1.40,1.47,1.24,64,21,0.10,48,81,70,75,0,47,68,0,0.00,99,19,0.00,1.33,7.97,6.71,114,67,57,40,4.68,3.94,58.77,8,0.56,54,0,50.00,0,0.00,99,1,0.06,0.07,34,69,46,72,0,0,0,0,0,49,54,65,67,0,63,35,62,55,3,18,67,19,N/A,N/A
Erick da Costa Farias,25,970470000,2000/10/02,Serie A,2026,Forward,Bahia,1677,800,877,Brazil,23,11,12,0,0,0,2,1,1,0,0,7,3,4,25,9,16,5,0,0.11,0.11,0,0,0,0,1.34,67,73,335,839,0.27,436,139,-1,28,0,6.89,0.09,69,20.38,16.52,11,380,13.61,313,40,16.79,14,0.00,0.00,0.70,16,0.00,2.04,1.07,0.87,20,0.00,1.17,0.00,0.00,0.00,0.39,1.43,1.04,28.00,1.50,0.78,2.30,0.00,0.43,0.13,0.00,0.30,0.00,0.00,0,0,,28,1.22,66,10,0.54,70,18,0.97,63,3,1,22,36,0.00,99,0,9,0.48,33,47,57,2.52,71,0,0.00,99,0,0.00,0,0,0.00,0,0.86,51,53,2.84,87,33,1.77,62.26,0,0.00,0,0,0,0.00,0,24,0.00,31,1.29,53,N/A,N/A,N/A,N/A,0.00,0,0.00,0,3.03,0.00,0,82.37,35.71,67,43,0.57,0.70,13,92,74,0,0,0,0.00,0.00,0,24,158.49,0.35,0.43,8,1,0.00,0.05,11,0.04,0,0,0,0.00,0.00,0,0.00,0.00,0.64,0.52,12,4,3.57,47,89,99,46,31,2.47,51,0.11,0.13,3.03,63,0.13,0.16,95,49,2.13,2.63,1.39,1.13,58,26,0.16,61,68,11,75,0,95,16,0,0.00,99,7,0.00,0.38,11.48,9.30,214,108,82,80,5.79,4.70,50.47,27,1.45,13,0,23.40,0,0.00,99,11,0.48,0.59,73,96,36,72,0,0,0,0,0,42,46,65,59,0,21,65,48,68,5,22,79,16,0,0
Erick de Arruda Serafim,28,881740800,1997/12/10,Serie A,2026,Forward,Vitória,1595,817,778,Brazil,22,11,11,2,2,0,4,4,0,0,0,9,8,1,21,3,18,1,0,0.34,0.23,0.11,0.22,0,798,1.18,76,73,1595,399,0.06,166,49,-1,5,250000,7.00,0.18,90,31.93,25.82,38,568,19.64,432,18,24.28,31,0.00,0.00,1.32,29,0.00,2.91,0.67,0.55,12,0.00,1.05,0.00,0.00,0.00,0.09,1.18,0.95,13.00,1.46,0.77,2.27,0.00,0.41,0.14,0.00,0.14,0.00,0.00,0,0,,26,1.18,64,9,0.51,68,17,0.96,62,3,3,19,17,0.00,99,0,2,0.11,13,64,52,3.60,82,0,0.00,99,0,0.00,0,0,0.00,0,1.63,84,50,2.81,87,26,1.46,52.00,0,0.00,0,0,0,0.00,0,21,0.00,46,1.18,44,N/A,N/A,N/A,N/A,0.00,0,0.00,0,3.02,0.00,0,76.06,34.62,63,28,0.73,0.90,16,86,60,1,0,0,0.00,0.00,0,24,154.02,0.77,0.96,17,0,0.00,0.00,99,0.00,0,1,1,0.05,0.06,0,0.00,0.00,0.11,0.09,2,1,7.69,57,86,94,85,46,4.36,89,0.20,0.25,2.32,57,0.11,0.13,93,45,2.05,2.53,0.45,0.36,12,8,0.17,62,84,35,81,0,65,7,0,0.00,99,3,0.00,0.17,9.11,7.36,162,86,63,57,4.83,3.91,53.09,23,1.29,18,0,21.88,0,0.00,99,14,0.64,0.79,82,88,56,72,0,0,0,0,0,78,61,65,74,0,34,90,98,19,1,5,22,33,N/A,N/A
Erick Machado Belé,19,1169366400,2007/01/21,Serie A,2026,Midfielder,Palmeiras,0,0,0,Brazil,0,0,0,0,0,0,0,0,0,0,0,0,0,0,0,0,0,0,0,0,0,0,0,0,0,0,0,0,0,0,0,-1,-1,-1,-1,N/A,N/A,N/A,N/A,N/A,N/A,N/A,N/A,N/A,N/A,N/A,N/A,N/A,N/A,N/A,N/A,N/A,N/A,N/A,N/A,N/A,N/A,N/A,N/A,N/A,N/A,N/A,N/A,N/A,N/A,N/A,N/A,N/A,N/A,N/A,N/A,N/A,N/A,N/A,N/A,N/A,N/A,N/A,N/A,N/A,N/A,N/A,N/A,N/A,N/A,N/A,N/A,N/A,N/A,N/A,N/A,N/A,N/A,N/A,N/A,N/A,N/A,N/A,N/A,N/A,N/A,N/A,N/A,N/A,N/A,N/A,N/A,N/A,N/A,N/A,N/A,N/A,N/A,N/A,N/A,N/A,N/A,N/A,N/A,N/A,N/A,N/A,N/A,N/A,N/A,N/A,N/A,N/A,N/A,N/A,N/A,N/A,N/A,N/A,N/A,N/A,N/A,N/A,N/A,N/A,N/A,N/A,N/A,N/A,N/A,N/A,N/A,N/A,N/A,N/A,N/A,N/A,N/A,N/A,N/A,N/A,N/A,N/A,N/A,N/A,N/A,N/A,N/A,N/A,N/A,N/A,N/A,N/A,N/A,N/A,N/A,N/A,N/A,N/A,N/A,N/A,N/A,N/A,N/A,N/A,N/A,N/A,N/A,N/A,N/A,N/A,N/A,N/A,N/A,N/A,N/A,N/A,N/A,N/A,N/A,N/A,N/A,N/A,N/A,N/A,N/A,N/A,N/A,N/A,N/A,N/A,N/A,N/A,N/A,N/A,N/A,N/A,N/A,N/A,N/A,N/A,N/A,N/A,N/A,N/A,N/A,N/A,N/A,N/A,N/A,N/A,N/A,N/A,N/A,N/A,N/A,N/A,N/A,N/A,N/A,N/A,N/A,N/A,N/A,N/A,N/A,N/A,N/A,N/A,N/A,N/A,N/A,N/A,N/A,N/A,N/A,N/A,N/A,N/A,N/A,N/A,N/A,N/A,N/A
Everaldo Stum,35,678697200,1991/07/05,Serie A,2026,Forward,Bahia,629,376,253,Brazil,17,10,7,4,2,2,0,0,0,0,0,5,3,2,9,3,6,2,0,0.57,0,0.57,0.48,0.71,157,1.29,70,37,315,0,0.29,7,367,-1,2,0,6.45,0,48,13.10,5.47,3,93,3.76,64,6,9.01,3,0.00,0.00,0.35,6,0.00,0.35,1.55,0.65,11,0.00,0.29,0.00,0.00,0.00,0.24,0.24,0.53,4.50,2.54,0.65,0.71,0.00,0.41,0.22,0.00,1.06,0.00,0.00,0,0,,18,1.06,88,7,0.99,91,11,1.55,85,2,13,4,57,0.00,99,0,4,0.56,40,6,84,0.85,50,0,0.00,99,0,0.00,0,0,0.00,0,0.85,50,12,1.69,69,4,0.56,33.33,0,0.00,0,0,0,0.00,0,9,0.00,35,1.27,52,N/A,N/A,N/A,N/A,0.00,0,0.00,0,3.81,0.00,0,68.82,38.89,73,83,0.12,0.28,2,55,27,0,0,0,0.18,0.42,3,69,109.72,0.65,1.55,11,0,0.00,0.00,99,0.00,0,0,1,0.06,0.14,0,0.00,0.00,0.14,0.06,1,0,22.22,93,21,61,47,35,0.30,6,0.02,0.04,3.81,98,0.22,0.54,90,16,0.94,2.25,1.69,0.71,77,12,0.54,97,18,54,93,0,72,93,0,0.00,99,18,0.00,2.54,11.69,4.88,83,48,93,82,6.76,2.82,57.83,5,0.70,45,0,33.33,0,0.00,99,2,0.12,0.28,55,8,99,56,0,1,0,6,0,94,98,98,93,0,21,64,44,74,2,12,49,9,0,0
Everson,36,648630000,1990/07/22,Serie A,2026,Goalkeeper,Atlético Mineiro,2070,900,1170,Brazil,23,10,13,0,0,0,1,0,1,0,0,6,3,3,25,11,14,0,0,0.04,0.04,0,0,0,0,1.09,83,90,0,2070,0,301,212,79,20,950000,7.00,0.04,48,36.09,36.09,50,830,22.04,507,1,22.04,26,0.00,0.00,0.17,4,0.00,0.00,0.00,0.00,0,0.00,0.00,0.00,0.00,3.09,0.04,0.00,4.26,0.00,0.00,0.00,0.00,0.00,0.00,0.00,0.00,0.48,0.00,0.00,0,0,,0,0.00,7,0,0.00,17,0,0.00,7,0,0,23,5,0.00,99,0,1,0.04,11,0,30,0.00,16,0,0.00,99,0,0.00,0,0,0.00,0,0.17,14,0,0.00,9,0,0.00,0.00,0,0.00,0,71,74,3.09,71,98,0.00,55,4.26,96,N/A,N/A,N/A,N/A,72.45,0,0.00,0,0.00,0.00,0,61.08,0.00,17,99,0.00,0.00,0,13,13,0,0,37,0.00,0.00,0,24,160.91,1.13,1.13,26,0,0.00,0.00,99,0.00,0,0,0,0.00,0.00,13,0.57,0.57,0.00,0.00,0,0,0.00,45,99,99,46,55,1.80,22,0.08,0.08,0.00,7,0.00,0.00,16,8,0.35,0.35,0.04,0.04,5,1,0.00,7,84,40,75,70,47,24,0,0.00,99,11,0.00,0.48,0.78,0.78,18,16,6,6,0.70,0.70,88.89,0,0.00,99,0,0.00,0,0.00,99,0,0.00,0.00,30,99,23,12,0,0,0,0,0,29,46,65,59,0,66,55,15,15,0,0,16,22,N/A,N/A
Everton Galdino Moreira,29,858585600,1997/03/17,Serie A,2026,Forward,Mirassol,225,123,102,Brazil,8,4,4,0,0,0,0,0,0,0,0,0,0,0,3,2,1,0,0,0,0,0,0,0,0,1.2,75,28,0,0,0,-1,-1,-1,30,195000,6.60,0,48,27.16,8.75,25,70,6.75,54,21,20.95,23,0.00,0.00,0.38,3,0.00,1.62,0.39,0.12,1,0.00,0.25,0.00,0.00,0.00,0.00,0.25,0.38,0.00,2.33,0.62,0.75,0.00,0.12,0.05,0.00,0.25,0.00,0.00,0,0,,6,0.75,83,1,0.39,60,5,1.94,95,0,8,0,11,0.00,99,0,0,0.00,10,13,88,5.04,92,0,0.00,99,0,0.00,0,0,0.00,0,1.16,67,6,2.33,81,2,0.78,33.33,0,0.00,0,0,0,0.00,0,3,0.00,44,1.16,43,N/A,N/A,N/A,N/A,0.00,0,0.00,0,0.41,0.00,0,77.14,16.67,26,99,0.00,0.00,0,67,27,0,0,0,0.00,0.00,0,24,52.76,0.00,0.00,0,0,0.00,0.00,99,0.00,0,0,0,0.00,0.00,0,0.00,0.00,0.00,0.00,0,0,0.00,45,0,8,46,44,0.23,32,0.03,0.09,0.41,63,0.05,0.16,73,4,0.50,1.55,0.78,0.25,23,2,0.16,61,24,0,75,0,47,43,0,0.00,99,2,0.00,0.78,7.76,2.50,20,9,29,38,3.49,1.12,45.00,2,0.78,40,0,38.46,0,0.00,99,5,0.62,1.94,98,0,90,12,0,0,0,0,0,28,46,65,59,0,29,5,15,15,0,0,16,17,N/A,N/A
Éverton Ribeiro,37,608194800,1989/04/10,Serie A,2026,Midfielder,Bahia,1032,484,548,Brazil,17,9,8,0,0,0,4,1,3,0,0,4,2,2,12,4,8,1,0,0.35,0.35,0,0,0,0,1.05,86,61,1032,258,0.09,430,15,-1,27,1854714,7.11,0.24,97,53.63,36.18,87,615,28.94,492,30,42.91,80,0.00,0.00,2.12,36,0.00,4.29,2.18,1.47,25,0.00,0.53,0.00,0.00,0.00,0.82,0.82,0.71,0.00,1.48,0.71,1.65,0.00,0.29,0.07,0.00,0.29,0.00,0.00,0,0,,17,1.00,65,5,0.44,63,12,1.05,67,1,6,11,81,0.00,99,0,14,1.22,79,73,79,6.37,96,0,0.00,99,0,0.00,0,0,0.00,0,3.14,98,28,2.44,82,14,1.22,50.00,0,0.00,0,0,0,0.00,0,12,0.00,59,1.05,30,N/A,N/A,N/A,N/A,0.00,0,0.00,0,1.19,0.00,0,80.00,29.41,48,35,0.53,0.78,9,82,59,0,0,0,0.24,0.35,4,63,120.93,0.41,0.61,7,0,0.00,0.00,99,0.00,0,0,0,0.00,0.00,0,0.00,0.00,0.00,0.00,0,0,0.00,45,50,61,46,60,4.69,99,0.28,0.41,1.19,50,0.07,0.10,91,27,1.59,2.35,1.05,0.71,40,12,0.10,48,93,20,75,0,47,22,0,0.00,99,5,0.00,0.44,10.47,7.06,120,70,87,71,6.10,4.12,58.33,9,0.78,40,0,32.88,0,0.00,99,24,1.41,2.09,99,48,79,35,0,0,0,0,0,79,46,65,59,0,88,51,92,24,1,6,29,10,N/A,N/A
Everton Sousa Soares,30,827481600,1996/03/22,Serie A,2026,Forward,Flamengo,375,173,202,Brazil,10,6,4,1,0,1,1,0,1,0,0,4,4,0,4,1,3,2,0,0.48,0.24,0.24,0,0.45,375,0.96,94,38,188,375,0.48,87,44,-1,14,1857142,6.74,0.1,91,29.92,12.50,30,125,10.70,107,64,25.61,36,0.00,0.00,0.90,9,0.00,0.80,1.44,0.60,6,0.00,0.70,0.00,0.00,0.00,0.10,0.90,0.40,12.00,2.87,1.00,2.30,0.00,0.20,0.13,0.00,0.50,0.00,0.00,0,0,,12,1.20,93,2,0.48,66,10,2.39,98,8,6,4,52,0.00,99,0,1,0.24,21,8,95,1.91,63,0,0.00,99,0,0.00,0,0,0.00,0,2.15,92,23,5.51,99,9,2.15,39.13,0,0.00,0,0,0,0.00,0,4,0.00,72,0.96,21,N/A,N/A,N/A,N/A,0.00,0,0.00,0,1.33,0.00,0,85.60,16.67,26,41,0.30,0.72,3,96,34,0,0,0,0.00,0.00,0,24,67.40,0.20,0.48,2,0,0.00,0.00,99,0.00,0,0,0,0.00,0.00,0,0.00,0.00,0.00,0.00,0,0,8.33,59,2,17,64,72,1.17,92,0.12,0.28,1.33,85,0.13,0.32,48,4,0.40,0.96,1.91,0.80,87,8,0.32,83,47,13,75,0,47,64,0,0.00,99,5,0.00,1.20,15.08,6.30,63,24,81,97,5.74,2.40,38.10,7,1.68,7,0,50.00,0,0.00,99,4,0.40,0.96,85,8,79,99,0,0,0,0,0,87,82,95,59,0,88,89,23,92,2,20,74,11,N/A,N/A
Everton Souza da Cruz,31,797497200,1995/04/10,Serie A,2026,Defender,Chapecoense,1233,574,659,Brazil,19,10,9,0,0,0,1,1,0,0,0,2,2,0,27,15,12,5,1,0.07,0.07,0,0,0,0,1.97,46,65,247,1233,0.36,424,175,178,32,100000,6.47,0.05,59,23.24,17.06,17,307,12.06,217,8,16.43,13,0.00,0.00,0.56,10,0.00,2.67,1.14,0.83,15,0.00,0.06,0.00,0.00,0.00,0.50,0.33,1.44,0.00,0.76,0.44,1.11,0.00,0.11,0.04,0.00,1.28,0.00,0.00,0,0,,10,0.56,40,2,0.15,32,8,0.61,44,4,5,14,39,0.00,99,0,9,0.68,45,48,46,3.63,82,0,0.00,99,0,0.00,0,0,0.00,0,0.76,45,20,1.51,64,6,0.45,30.00,0,0.00,0,0,0,0.00,0,26,0.00,3,1.97,87,N/A,N/A,N/A,N/A,0.00,0,0.00,0,0.64,0.00,0,70.68,20.00,31,14,0.83,1.14,15,47,22,0,0,0,0.06,0.08,1,28,116.49,1.72,2.35,31,0,0.00,0.00,99,0.00,0,0,0,0.00,0.00,0,0.00,0.00,0.00,0.00,0,0,0.00,45,61,74,46,4,1.38,36,0.08,0.10,0.64,31,0.04,0.05,65,18,1.00,1.36,0.98,0.72,34,13,0.05,30,19,65,75,0,47,78,0,0.00,99,23,0.00,1.74,8.93,6.56,118,62,58,53,4.69,3.44,52.54,1,0.08,85,0,18.75,0,0.00,99,9,0.50,0.68,77,64,74,83,0,0,0,0,0,35,46,65,59,0,23,23,32,83,4,21,76,26,N/A,N/A
Evertton Gustavo Fernandes Araújo,23,1046419200,2003/02/28,Serie A,2026,Midfielder,Flamengo,981,406,575,Brazil,19,8,11,0,0,0,1,0,1,0,0,7,3,4,8,3,5,5,1,0.09,0.09,0,0,0,0,0.73,123,52,164,981,0.55,385,161,-1,16,600000,6.42,0.05,63,71.19,40.84,99,776,37.79,718,98,65.87,99,0.00,0.00,0.42,8,0.00,0.11,1.01,0.58,11,0.00,0.47,0.00,0.00,0.00,0.58,0.05,0.53,0.00,1.74,1.00,0.16,0.00,0.00,0.06,0.00,0.42,0.00,0.00,0,0,,19,1.00,72,0,0.00,17,19,1.74,90,1,7,12,34,0.00,99,0,11,1.01,64,2,30,0.18,24,0,0.00,99,0,0.00,0,0,0.00,0,0.73,44,3,0.28,19,1,0.09,33.33,0,0.00,0,0,0,0.00,0,10,0.00,91,0.92,16,N/A,N/A,N/A,N/A,0.00,0,0.00,0,1.07,0.00,0,92.53,0.00,17,68,0.26,0.46,5,16,27,0,0,0,0.42,0.73,8,87,121.89,0.68,1.19,13,0,0.00,0.00,99,0.00,0,0,1,0.05,0.09,0,0.00,0.00,0.00,0.00,0,0,0.00,45,46,74,46,91,2.40,83,0.13,0.22,1.07,50,0.06,0.10,13,3,0.16,0.28,1.74,1.00,80,19,0.10,48,16,42,87,0,47,42,0,0.00,99,8,0.00,0.73,5.69,3.26,62,22,8,13,2.02,1.16,35.48,9,0.83,39,0,0.00,0,0.00,99,0,0.00,0.00,30,53,85,35,0,0,0,0,0,39,46,65,59,0,54,81,21,94,4,21,76,52,N/A,N/A
Fabián Balbuena,35,682930800,1991/08/23,Serie A,2026,Defender,Grêmio,586,270,316,Paraguay,7,3,4,0,0,0,0,0,0,0,0,2,1,1,9,4,5,0,0,0,0,0,0,0,0,1.38,65,84,0,0,0,288,267,129,25,1100000,6.64,0,48,55.75,51.86,89,363,44.29,310,63,47.61,87,0.00,0.00,0.00,0,0.00,0.00,1.08,1.00,7,0.00,0.00,0.00,0.00,0.00,1.57,0.14,1.29,0.00,0.15,0.14,0.14,0.00,0.00,0.01,0.00,1.29,0.00,0.00,0,0,,1,0.14,9,0,0.00,17,1,0.15,10,2,0,7,37,0.00,99,0,11,1.69,93,0,30,0.00,16,0,0.00,99,0,0.00,0,0,0.00,0,0.00,8,1,0.15,13,1,0.15,100.00,0,0.00,0,0,0,0.00,0,9,0.00,28,1.38,59,N/A,N/A,N/A,N/A,0.00,0,0.00,0,0.04,0.00,0,85.40,0.00,17,36,0.71,0.77,5,21,99,0,0,0,0.14,0.15,1,41,46.47,4.14,4.45,29,0,0.00,0.00,99,0.00,0,0,0,0.00,0.00,0,0.00,0.00,0.15,0.14,1,0,0.00,45,18,6,46,28,0.71,40,0.10,0.11,0.04,12,0.01,0.01,5,1,0.14,0.15,0.31,0.29,9,2,0.01,12,30,86,75,0,74,69,0,0.00,99,9,0.00,1.38,4.15,3.86,27,18,14,8,2.76,2.57,66.67,0,0.00,99,0,0.00,0,0.00,99,0,0.00,0.00,30,28,23,56,0,0,0,0,0,28,46,65,59,0,71,64,15,15,0,0,16,2,N/A,N/A
Fabiano,26,953020800,2000/03/14,Serie A,2026,Defender,Vitória,186,67,119,Brazil,3,1,2,0,0,0,0,0,0,0,0,0,0,0,4,2,2,1,0,0,0,0,0,0,0,1.94,47,62,186,0,0.48,-1,-1,-1,39,0,6.28,0,48,35.32,24.33,48,73,18.33,55,16,26.61,38,0.00,0.00,0.00,0,0.00,1.00,0.97,0.67,2,0.00,0.67,0.00,0.00,0.00,0.00,0.33,1.33,0.00,0.48,0.33,0.67,0.00,0.00,0.02,0.00,1.00,0.00,0.00,0,0,,1,0.33,22,0,0.00,17,1,0.48,35,2,1,2,32,0.00,99,0,0,0.00,10,3,30,1.45,58,0,0.00,99,0,0.00,0,0,0.00,0,0.00,8,2,0.97,47,1,0.48,50.00,0,0.00,0,0,0,0.00,0,4,0.00,4,1.94,86,N/A,N/A,N/A,N/A,0.00,0,0.00,0,0.05,0.00,0,75.34,0.00,17,99,0.00,0.00,0,49,59,0,0,0,0.33,0.48,1,74,18.83,2.00,2.90,6,0,0.00,0.00,99,0.00,0,0,0,0.00,0.00,0,0.00,0.00,0.00,0.00,0,0,0.00,45,0,0,46,5,0.13,14,0.04,0.06,0.05,16,0.02,0.02,68,3,1.00,1.45,0.97,0.67,33,2,0.02,15,11,72,75,0,47,71,0,0.00,99,3,0.00,1.45,7.26,5.00,15,9,47,31,4.35,3.00,60.00,2,0.97,30,0,0.00,0,0.00,99,0,0.00,0.00,30,1,36,56,0,0,0,0,0,28,46,65,59,0,21,5,23,92,1,33,94,70,0,0
Fabinho,24,1018335600,2002/04/09,Serie A,2026,Midfielder,Bragantino,264,101,163,Brazil,8,3,5,0,0,0,0,0,0,0,0,3,2,1,4,0,4,3,2,0,0,0,0,0,0,1.36,66,33,66,0,1.36,-1,-1,-1,27,600000,6.34,0,48,44.32,16.38,70,131,13.38,107,36,36.20,66,0.00,0.00,0.50,4,0.00,0.12,2.03,0.75,6,0.00,0.12,0.00,0.00,0.00,0.62,0.12,0.50,0.00,0.68,0.25,0.25,0.00,0.00,0.01,0.00,0.25,0.00,0.00,0,0,,2,0.25,34,0,0.00,17,2,0.68,47,1,5,3,77,0.00,99,0,5,1.69,93,1,30,0.34,34,0,0.00,99,0,0.00,0,0,0.00,0,1.35,77,2,0.68,37,1,0.34,50.00,0,0.00,0,0,0,0.00,0,4,0.00,30,1.35,57,N/A,N/A,N/A,N/A,0.00,0,0.00,0,0.11,0.00,0,81.68,0.00,17,99,0.00,0.00,0,37,59,0,0,0,0.12,0.34,1,61,50.71,0.25,0.68,2,0,0.00,0.00,99,0.00,0,0,0,0.00,0.00,0,0.00,0.00,0.00,0.00,0,0,0.00,45,0,8,46,30,0.44,60,0.06,0.15,0.11,26,0.01,0.04,76,5,0.62,1.69,3.05,1.12,99,9,0.04,25,13,23,75,0,47,39,0,0.00,99,2,0.00,0.68,9.14,3.38,27,14,61,57,4.74,1.75,51.85,1,0.34,69,0,0.00,0,0.00,99,0,0.00,0.00,30,3,74,35,0,0,0,0,0,28,46,65,59,0,54,85,15,99,1,12,49,5,N/A,N/A
Fábio,45,339145200,1980/09/30,Serie A,2026,Goalkeeper,Fluminense,2160,1170,990,Brazil,24,13,11,0,0,0,0,0,0,0,0,4,3,1,28,14,14,1,0,0,0,0,0,0,0,1.17,77,90,2160,0,0.04,322,317,94,28,600000,6.91,0,48,17.83,17.83,8,428,14.58,350,38,14.58,10,0.00,0.00,0.00,0,0.00,0.00,0.04,0.04,1,0.00,0.00,0.00,0.00,3.29,0.04,0.00,4.50,0.00,0.00,0.00,0.00,0.00,0.00,0.00,0.00,0.17,0.00,0.00,0,0,,0,0.00,7,0,0.00,17,0,0.00,7,0,0,24,5,0.00,99,0,1,0.04,11,0,30,0.00,16,0,0.00,99,0,0.00,0,0,0.00,0,0.00,8,0,0.00,9,0,0.00,0.00,0,0.00,0,79,79,3.29,79,108,0.00,47,4.50,97,N/A,N/A,N/A,N/A,73.15,0,0.00,0,0.00,0.00,0,81.78,0.00,17,99,0.00,0.00,0,13,13,0,0,39,0.00,0.00,0,24,165.77,0.88,0.88,21,1,0.00,0.04,11,0.04,0,0,0,0.00,0.00,12,0.50,0.50,0.00,0.00,0,0,0.00,45,99,99,46,47,0.81,4,0.03,0.03,0.00,7,0.00,0.00,9,5,0.21,0.21,0.04,0.04,5,1,0.00,7,71,31,75,56,47,7,0,0.00,99,4,0.00,0.17,0.38,0.38,9,8,4,3,0.33,0.33,88.89,0,0.00,99,0,0.00,0,0.00,99,0,0.00,0.00,30,99,23,12,0,0,0,0,0,28,46,65,59,0,54,32,99,16,1,4,18,1,N/A,N/A
Fabio Augusto Luciano da Silva,26,942912000,1999/11/18,Serie A,2026,Forward,Coritiba,105,70,35,Brazil,8,6,2,0,0,0,0,0,0,0,0,2,1,1,0,0,0,1,0,0,0,0,0,0,0,0,0,13,105,0,0.86,-1,-1,-1,28,400000,5.72,0,48,32.26,4.75,39,38,4.12,33,72,28.02,44,0.00,0.00,0.12,1,0.00,0.12,0.85,0.12,1,0.00,0.12,0.00,0.00,0.00,0.25,0.12,0.25,0.00,1.70,0.12,0.50,0.00,0.12,0.03,0.00,0.25,0.00,0.00,0,0,,2,0.25,71,1,0.85,84,1,0.85,57,0,8,0,23,0.00,99,0,2,1.70,93,1,99,0.85,50,0,0.00,99,0,0.00,0,0,0.00,0,0.85,50,4,3.40,90,1,0.85,25.00,0,0.00,0,0,0,0.00,0,2,0.00,99,1.70,81,N/A,N/A,N/A,N/A,0.00,0,0.00,0,0.20,0.00,0,86.84,50.00,92,99,0.00,0.00,0,69,18,0,0,0,0.00,0.00,0,24,45.75,0.25,1.70,2,0,0.00,0.00,99,0.00,0,0,0,0.00,0.00,0,0.00,0.00,0.85,0.12,1,0,0.00,45,0,8,46,0,0.11,32,0.01,0.09,0.20,64,0.03,0.17,43,1,0.12,0.85,3.40,0.50,99,4,0.17,62,2,56,75,0,98,77,0,0.00,99,2,0.00,1.70,10.19,1.50,12,5,45,68,4.25,0.62,41.67,1,0.85,38,0,100.00,0,0.00,99,1,0.12,0.85,83,0,90,12,0,0,0,0,0,28,46,65,59,0,43,54,15,99,1,12,49,28,N/A,N/A
Fabricio Angileri,32,763718400,1994/03/15,Serie A,2026,Defender,Corinthians,495,112,383,Argentina,9,4,5,1,0,1,0,0,0,0,0,3,2,1,6,1,5,3,0,0.18,0,0.18,0,0.23,495,1.09,83,55,165,0,0.55,126,280,78,8,1548000,6.04,0,48,46.91,28.67,76,258,24.44,220,60,40.00,75,0.00,0.00,0.33,3,0.00,3.11,2.55,1.56,14,0.00,0.11,0.00,0.00,0.00,0.33,0.11,0.67,4.00,0.73,0.33,0.78,0.00,0.11,0.10,0.00,0.89,0.00,0.00,0,0,,4,0.44,37,1,0.18,36,3,0.55,40,1,4,5,91,0.00,99,0,3,0.55,39,28,34,5.09,92,0,0.00,99,0,0.00,0,0,0.00,0,0.55,35,7,1.27,58,1,0.18,14.29,0,0.00,0,0,0,0.00,0,6,0.00,55,1.09,33,N/A,N/A,N/A,N/A,0.00,0,0.00,0,0.86,0.00,0,85.27,25.00,41,78,0.22,0.36,2,24,14,0,0,0,0.33,0.55,3,78,54.39,1.56,2.55,14,0,0.00,0.00,99,0.00,0,0,0,0.00,0.00,0,0.00,0.00,0.00,0.00,0,0,25.00,96,11,12,73,55,0.60,40,0.07,0.11,0.86,63,0.10,0.16,56,6,0.67,1.09,1.09,0.67,42,6,0.16,61,5,68,75,0,47,71,0,0.00,99,8,0.00,1.45,8.18,5.00,45,29,71,42,5.27,3.22,64.44,1,0.18,78,0,10.71,0,0.00,99,3,0.33,0.55,70,14,65,35,0,0,0,0,0,57,74,81,59,0,84,75,21,94,3,33,94,26,N/A,N/A
Fabricio Bruno Soares de Faria,30,824112000,1996/02/12,Serie A,2026,Defender,Cruzeiro,1853,1050,803,Brazil,21,12,9,0,0,0,0,0,0,0,0,4,3,1,28,14,14,6,0,0,0,0,0,0,0,1.36,66,88,309,0,0.29,242,277,127,33,2150000,6.88,0,48,59.40,58.24,94,1223,52.43,1101,89,53.48,94,0.00,0.00,0.38,8,0.00,0.33,0.97,0.95,20,0.00,0.00,0.00,0.00,0.00,0.62,0.05,1.43,0.00,0.63,0.48,0.05,0.00,0.14,0.04,0.00,2.38,0.00,0.00,0,0,,13,0.62,31,3,0.15,32,10,0.49,36,4,0,21,32,0.00,99,0,13,0.63,43,7,72,0.34,34,0,0.00,99,0,0.00,0,0,0.00,0,0.39,28,1,0.05,10,1,0.05,100.00,0,0.00,0,0,0,0.00,0,30,0.00,30,1.46,64,N/A,N/A,N/A,N/A,0.00,0,0.00,0,0.76,0.00,0,90.02,23.08,36,82,0.29,0.29,6,14,99,0,0,0,0.52,0.53,11,77,144.45,5.43,5.54,114,1,0.00,0.05,11,0.05,0,0,0,0.00,0.00,0,0.00,0.00,0.00,0.00,0,0,0.00,45,94,90,46,30,2.32,40,0.11,0.11,0.76,26,0.04,0.04,12,5,0.24,0.24,0.53,0.52,16,11,0.04,25,66,92,75,0,47,91,0,0.00,99,50,0.00,2.43,5.25,5.14,108,75,32,11,3.64,3.57,69.44,0,0.00,99,0,28.57,0,0.00,99,2,0.10,0.10,38,94,23,83,0,0,0,0,0,28,46,65,59,0,90,38,42,74,6,29,90,15,N/A,N/A
Fabrício do Rosário dos Santos,25,970988400,2000/10/08,Serie A,2026,Forward,Vitória,205,48,157,Brazil,10,4,6,0,0,0,1,0,1,0,0,3,3,0,4,0,4,0,0,0.44,0.44,0,0,0,0,1.76,51,21,0,205,0,-1,-1,-1,31,200000,6.01,0.1,99,8.78,2.00,0,20,1.10,11,0,4.83,0,0.00,0.00,0.10,1,0.00,0.30,3.51,0.80,8,0.00,0.40,0.00,0.00,0.00,0.00,0.20,0.80,6.00,2.63,0.30,0.60,0.00,0.30,0.11,0.00,0.60,0.00,0.00,0,0,,6,0.60,89,3,1.32,96,3,1.32,78,1,9,1,99,0.00,99,0,0,0.00,10,3,30,1.32,56,0,0.00,99,0,0.00,0,0,0.00,0,0.44,30,6,2.63,85,2,0.88,33.33,0,0.00,0,0,0,0.00,0,8,0.00,8,3.51,94,N/A,N/A,N/A,N/A,0.00,0,0.00,0,1.14,0.00,0,55.00,50.00,92,69,0.10,0.44,1,71,27,0,0,0,0.00,0.00,0,24,60.12,0.60,2.63,6,0,0.00,0.00,99,0.00,0,0,1,0.10,0.44,0,0.00,0.00,0.44,0.10,1,1,16.67,86,0,17,46,8,0.62,92,0.06,0.27,1.14,96,0.11,0.50,88,5,0.50,2.20,1.32,0.30,54,3,0.50,96,4,69,99,0,90,95,0,0.00,99,6,0.00,2.63,21.95,5.00,50,19,98,99,8.34,1.90,38.00,4,1.76,7,0,0.00,0,0.00,99,0,0.00,0.00,30,0,94,35,0,0,0,0,0,85,46,65,59,0,30,65,15,15,0,0,16,23,N/A,N/A
Fabricio Zechmeister do Prado,16,1254121200,2009/09/28,Serie A,2026,Forward,Internacional,0,0,0,Brazil,0,0,0,0,0,0,0,0,0,0,0,0,0,0,0,0,0,0,0,0,0,0,0,0,0,0,0,0,0,0,0,-1,-1,-1,-1,N/A,N/A,N/A,N/A,N/A,N/A,N/A,N/A,N/A,N/A,N/A,N/A,N/A,N/A,N/A,N/A,N/A,N/A,N/A,N/A,N/A,N/A,N/A,N/A,N/A,N/A,N/A,N/A,N/A,N/A,N/A,N/A,N/A,N/A,N/A,N/A,N/A,N/A,N/A,N/A,N/A,N/A,N/A,N/A,N/A,N/A,N/A,N/A,N/A,N/A,N/A,N/A,N/A,N/A,N/A,N/A,N/A,N/A,N/A,N/A,N/A,N/A,N/A,N/A,N/A,N/A,N/A,N/A,N/A,N/A,N/A,N/A,N/A,N/A,N/A,N/A,N/A,N/A,N/A,N/A,N/A,N/A,N/A,N/A,N/A,N/A,N/A,N/A,N/A,N/A,N/A,N/A,N/A,N/A,N/A,N/A,N/A,N/A,N/A,N/A,N/A,N/A,N/A,N/A,N/A,N/A,N/A,N/A,N/A,N/A,N/A,N/A,N/A,N/A,N/A,N/A,N/A,N/A,N/A,N/A,N/A,N/A,N/A,N/A,N/A,N/A,N/A,N/A,N/A,N/A,N/A,N/A,N/A,N/A,N/A,N/A,N/A,N/A,N/A,N/A,N/A,N/A,N/A,N/A,N/A,N/A,N/A,N/A,N/A,N/A,N/A,N/A,N/A,N/A,N/A,N/A,N/A,N/A,N/A,N/A,N/A,N/A,N/A,N/A,N/A,N/A,N/A,N/A,N/A,N/A,N/A,N/A,N/A,N/A,N/A,N/A,N/A,N/A,N/A,N/A,N/A,N/A,N/A,N/A,N/A,N/A,N/A,N/A,N/A,N/A,N/A,N/A,N/A,N/A,N/A,N/A,N/A,N/A,N/A,N/A,N/A,N/A,N/A,N/A,N/A,N/A,N/A,N/A,N/A,N/A,N/A,N/A,N/A,N/A,N/A,N/A,N/A,N/A,N/A,N/A,N/A,N/A,N/A,N/A
Facundo Bernal Cruz,23,1061449200,2003/08/21,Serie A,2026,Midfielder,Fluminense,551,188,363,Uruguay,10,4,6,0,0,0,0,0,0,0,0,1,1,0,9,1,8,2,0,0,0,0,0,0,0,1.47,61,55,276,0,0.33,334,332,-1,31,0,6.64,0,48,59.13,36.20,93,362,31.70,317,78,51.78,92,0.00,0.00,0.10,1,0.00,0.00,2.61,1.60,16,0.00,0.10,0.00,0.00,0.00,0.30,0.20,1.00,0.00,1.47,0.70,0.30,0.00,0.20,0.06,0.00,0.70,0.00,0.00,0,0,,9,0.90,64,2,0.33,52,7,1.14,71,1,3,7,93,0.00,99,0,3,0.49,36,0,30,0.00,16,0,0.00,99,0,0.00,0,0,0.00,0,0.16,13,3,0.49,28,2,0.33,66.67,0,0.00,0,0,0,0.00,0,10,0.00,23,1.63,76,N/A,N/A,N/A,N/A,0.00,0,0.00,0,0.61,0.00,0,87.57,22.22,33,8,0.80,1.31,8,37,83,0,0,0,0.20,0.33,2,60,66.45,1.30,2.12,13,0,0.00,0.00,99,0.00,0,0,0,0.00,0.00,0,0.00,0.00,0.00,0.00,0,0,0.00,45,15,17,46,23,0.69,40,0.07,0.11,0.61,50,0.06,0.10,49,6,0.60,0.98,1.63,1.00,73,10,0.10,48,30,61,75,0,47,61,0,0.00,99,7,0.00,1.14,8.98,5.50,55,31,68,54,5.06,3.10,56.36,1,0.16,80,0,0.00,0,0.00,99,0,0.00,0.00,30,28,56,35,0,0,0,0,0,28,46,65,59,0,21,19,36,80,2,20,74,5,0,0
Facundo Colidio,26,946972800,2000/01/04,Serie A,2026,Forward,Vasco da Gama,90,65,25,Argentina,2,1,1,1,0,1,0,0,0,0,0,0,0,0,1,0,1,0,0,1,0,1,0,3.6,90,1,90,45,0,0,0,-1,-1,-1,15,0,7.38,0,48,26.00,13.00,22,26,10.00,20,20,20.00,21,0.00,0.00,2.00,4,0.00,1.00,1.00,0.50,1,0.00,1.50,0.00,0.00,0.00,0.00,1.00,0.50,7.00,7.00,3.00,2.50,0.00,0.50,0.51,0.00,1.00,0.00,0.00,0,0,,7,3.50,99,1,1.00,91,6,6.00,99,1,1,1,34,0.00,99,0,0,0.00,10,2,95,2.00,64,0,0.00,99,0,0.00,0,0,0.00,0,4.00,99,5,5.00,98,2,2.00,40.00,0,0.00,0,0,0,0.00,0,1,0.00,66,1.00,25,N/A,N/A,N/A,N/A,0.00,0,0.00,0,1.01,0.00,0,76.92,14.29,23,20,0.50,1.00,1,94,37,0,0,0,0.00,0.00,0,24,14.77,0.00,0.00,0,0,0.00,0.00,99,0.00,0,0,0,0.00,0.00,0,0.00,0.00,0.00,0.00,0,0,14.29,81,0,0,46,67,0.20,79,0.10,0.20,1.01,99,0.51,1.01,99,5,2.50,5.00,1.00,0.50,35,1,1.01,99,99,0,75,0,47,84,0,0.00,99,2,0.00,2.00,19.00,9.50,19,10,99,99,10.00,5.00,52.63,3,3.00,0,0,50.00,0,0.00,99,1,0.50,1.00,86,0,36,35,0,0,0,0,0,99,99,99,59,0,21,5,15,15,0,0,16,9,0,0
Fagner,37,613551600,1989/06/11,Serie A,2026,Defender,Cruzeiro,1145,533,612,Brazil,17,10,7,0,0,0,4,2,2,0,0,2,2,0,15,5,10,3,0,0.31,0.31,0,0,0,0,1.18,76,67,382,286,0.24,229,19,97,31,1200000,6.49,0.24,96,35.07,26.29,48,447,21.06,358,30,28.09,45,0.00,0.00,1.41,24,0.00,3.18,1.73,1.29,22,0.00,0.12,0.00,0.00,0.00,0.47,0.41,0.94,0.00,0.71,0.41,0.65,0.00,0.12,0.04,0.00,0.65,0.00,0.00,0,0,,9,0.53,36,2,0.16,33,7,0.55,40,6,4,13,66,0.00,99,0,8,0.63,43,54,58,4.24,88,0,0.00,99,0,0.00,0,0,0.00,0,1.88,89,11,0.86,43,7,0.55,63.64,0,0.00,0,0,0,0.00,0,16,0.00,46,1.26,51,N/A,N/A,N/A,N/A,0.00,0,0.00,0,0.66,0.00,0,80.09,22.22,33,67,0.35,0.47,6,55,77,0,0,0,0.24,0.31,4,59,110.38,1.47,1.96,25,0,0.00,0.00,99,0.00,0,0,0,0.00,0.00,0,0.00,0.00,0.00,0.00,0,0,0.00,45,57,61,46,46,3.98,94,0.23,0.31,0.66,31,0.04,0.05,40,10,0.59,0.78,1.57,1.18,71,20,0.05,30,19,58,75,0,47,47,0,0.00,99,11,0.00,0.86,6.98,5.24,89,50,38,28,3.92,2.94,56.18,2,0.16,80,0,24.07,0,0.00,99,13,0.76,1.02,86,58,65,97,0,0,0,0,0,76,46,65,59,0,76,23,56,61,3,18,67,23,N/A,N/A
Felipe Anderson,33,734857200,1993/04/15,Serie A,2026,Forward,Palmeiras,438,237,201,Brazil,17,10,7,2,2,0,1,1,0,0,0,8,4,4,4,2,2,1,0,0.62,0.21,0.41,0.76,0,219,0.82,110,26,438,438,0.21,29,55,-1,10,2500000,6.41,0.06,89,44.18,12.65,70,215,10.35,176,38,36.16,66,0.00,0.00,0.59,10,0.00,0.94,3.90,1.12,19,0.00,0.18,0.00,0.00,0.00,0.35,0.71,0.35,6.50,2.67,0.59,1.00,0.00,0.18,0.12,0.00,0.18,0.00,0.00,0,0,,13,0.76,90,3,0.62,73,10,2.05,96,4,14,3,99,0.00,99,0,6,1.23,80,16,30,3.29,80,0,0.00,99,0,0.00,0,0,0.00,0,2.05,91,17,3.49,92,12,2.47,70.59,0,0.00,0,0,0,0.00,0,6,0.00,86,1.23,48,N/A,N/A,N/A,N/A,0.00,0,0.00,0,2.04,0.00,0,81.86,23.08,36,1,0.53,1.85,9,98,85,0,0,0,0.00,0.00,0,24,108.97,0.47,1.64,8,0,0.00,0.00,99,0.00,0,0,1,0.06,0.21,0,0.00,0.00,0.00,0.00,0,0,15.38,83,6,61,52,86,1.29,92,0.08,0.27,2.04,93,0.12,0.42,51,5,0.29,1.03,1.85,0.53,83,9,0.42,91,15,55,97,0,47,35,0,0.00,99,3,0.00,0.62,14.18,4.06,69,38,98,95,7.81,2.24,55.07,3,0.62,49,0,0.00,0,0.00,99,0,0.00,0.00,30,3,99,83,0,0,0,0,0,96,94,65,99,0,94,96,64,55,1,6,29,7,N/A,N/A
Felipe Chiqueti Bandeira,21,1107936000,2005/02/09,Serie A,2026,Midfielder,Atlético PR,214,121,93,Brazil,8,5,3,0,0,0,0,0,0,0,0,1,1,0,0,0,0,1,0,0,0,0,0,0,0,0,0,27,214,0,0.42,-1,-1,-1,15,80000,6.52,0,48,29.69,9.00,28,63,6.00,42,4,19.79,21,0.00,0.00,0.43,3,0.00,0.71,1.88,0.57,4,0.00,0.29,0.00,0.00,0.00,0.00,0.57,0.00,0.00,3.30,0.86,1.71,0.00,0.14,0.07,0.00,0.29,0.00,0.00,0,0,,7,1.00,97,1,0.47,65,6,2.83,99,0,8,0,72,0.00,99,0,0,0.00,10,5,49,2.36,69,0,0.00,99,0,0.00,0,0,0.00,0,1.41,78,12,5.65,99,4,1.88,33.33,0,0.00,0,0,0,0.00,0,0,0.00,99,0.00,0,N/A,N/A,N/A,N/A,0.00,0,0.00,0,0.48,0.00,0,66.67,14.29,23,67,0.14,0.47,1,93,27,0,0,0,0.00,0.00,0,24,45.67,0.14,0.47,1,0,0.00,0.00,99,0.00,0,0,0,0.00,0.00,0,0.00,0.00,0.00,0.00,0,0,0.00,45,0,8,46,0,0.23,40,0.03,0.11,0.48,74,0.07,0.23,98,7,1.00,3.30,3.30,1.00,99,7,0.23,72,20,12,75,0,47,51,0,0.00,99,2,0.00,0.94,16.96,5.14,36,17,98,98,8.01,2.43,47.22,2,0.94,32,0,20.00,0,0.00,99,1,0.14,0.47,66,0,90,12,0,0,0,0,0,28,46,65,59,0,22,26,27,88,1,12,49,47,N/A,N/A
Felipe de Morais Barbosa Penna dos Santos,17,1219993200,2008/08/29,Serie A,2026,Midfielder,Cruzeiro,118,0,118,Brazil,2,0,2,0,0,0,0,0,0,0,0,1,0,1,0,0,0,1,0,0,0,0,0,0,0,0,0,59,118,0,0.76,-1,-1,-1,20,0,6.30,0,48,9.92,6.50,1,13,5.50,11,56,8.39,2,0.00,0.00,0.50,1,0.00,1.00,1.53,1.00,2,0.00,2.00,0.00,0.00,0.00,1.00,0.50,0.50,0.00,2.29,1.50,1.00,0.00,0.00,0.07,0.00,0.00,0.00,0.00,0,0,,3,1.50,82,0,0.00,17,3,2.29,97,3,0,2,56,0.00,99,0,2,1.53,89,2,95,1.53,59,0,0.00,99,0,0.00,0,0,0.00,0,0.76,45,2,1.53,64,1,0.76,50.00,0,0.00,0,0,0,0.00,0,1,0.00,99,0.76,7,N/A,N/A,N/A,N/A,0.00,0,0.00,0,0.15,0.00,0,84.62,0.00,17,0,1.50,2.29,3,66,59,0,0,0,0.00,0.00,0,24,12.61,0.50,0.76,1,0,0.00,0.00,99,0.00,0,0,0,0.00,0.00,0,0.00,0.00,0.00,0.00,0,0,0.00,45,0,0,46,0,0.07,10,0.04,0.05,0.15,52,0.07,0.11,72,2,1.00,1.53,4.58,3.00,99,6,0.11,50,12,26,75,0,47,2,0,0.00,99,0,0.00,0.00,16.02,10.50,21,5,36,98,3.81,2.50,23.81,4,3.05,0,0,50.00,0,0.00,99,1,0.50,0.76,80,1,23,72,0,0,0,0,0,28,46,65,59,0,21,98,16,99,1,50,99,38,0,0
Felipe Guimarães da Silva,22,1081407600,2004/04/08,Serie A,2026,Defender,Coritiba,0,0,0,Brazil,0,0,0,0,0,0,0,0,0,0,0,0,0,0,0,0,0,0,0,0,0,0,0,0,0,0,0,0,0,0,0,-1,-1,-1,-1,N/A,N/A,N/A,N/A,N/A,N/A,N/A,N/A,N/A,N/A,N/A,N/A,N/A,N/A,N/A,N/A,N/A,N/A,N/A,N/A,N/A,N/A,N/A,N/A,N/A,N/A,N/A,N/A,N/A,N/A,N/A,N/A,N/A,N/A,N/A,N/A,N/A,N/A,N/A,N/A,N/A,N/A,N/A,N/A,N/A,N/A,N/A,N/A,N/A,N/A,N/A,N/A,N/A,N/A,N/A,N/A,N/A,N/A,N/A,N/A,N/A,N/A,N/A,N/A,N/A,N/A,N/A,N/A,N/A,N/A,N/A,N/A,N/A,N/A,N/A,N/A,N/A,N/A,N/A,N/A,N/A,N/A,N/A,N/A,N/A,N/A,N/A,N/A,N/A,N/A,N/A,N/A,N/A,N/A,N/A,N/A,N/A,N/A,N/A,N/A,N/A,N/A,N/A,N/A,N/A,N/A,N/A,N/A,N/A,N/A,N/A,N/A,N/A,N/A,N/A,N/A,N/A,N/A,N/A,N/A,N/A,N/A,N/A,N/A,N/A,N/A,N/A,N/A,N/A,N/A,N/A,N/A,N/A,N/A,N/A,N/A,N/A,N/A,N/A,N/A,N/A,N/A,N/A,N/A,N/A,N/A,N/A,N/A,N/A,N/A,N/A,N/A,N/A,N/A,N/A,N/A,N/A,N/A,N/A,N/A,N/A,N/A,N/A,N/A,N/A,N/A,N/A,N/A,N/A,N/A,N/A,N/A,N/A,N/A,N/A,N/A,N/A,N/A,N/A,N/A,N/A,N/A,N/A,N/A,N/A,N/A,N/A,N/A,N/A,N/A,N/A,N/A,N/A,N/A,N/A,N/A,N/A,N/A,N/A,N/A,N/A,N/A,N/A,N/A,N/A,N/A,N/A,N/A,N/A,N/A,N/A,N/A,N/A,N/A,N/A,N/A,N/A,N/A,N/A,N/A,N/A,N/A,N/A,N/A
Felipe Jonatan Rocha Andrade,28,887529600,1998/02/15,Serie A,2026,Defender,Coritiba,644,390,254,Brazil,15,8,7,0,0,0,0,0,0,0,0,3,1,2,10,4,6,0,0,0,0,0,0,0,0,1.4,64,43,0,0,0,255,282,132,17,0,6.19,0,48,35.69,17.00,50,255,14.67,220,68,30.79,52,0.00,0.00,0.20,3,0.00,1.47,1.68,0.80,12,0.00,0.07,0.00,0.00,0.00,0.07,0.40,0.73,0.00,1.12,0.33,0.67,0.00,0.20,0.05,0.00,0.53,0.00,0.00,0,0,,8,0.53,53,3,0.42,62,5,0.70,49,2,10,5,63,0.00,99,0,1,0.14,15,22,30,3.08,78,0,0.00,99,0,0.00,0,0,0.00,0,0.42,30,10,1.40,62,6,0.84,60.00,0,0.00,0,0,0,0.00,0,11,0.00,27,1.54,72,N/A,N/A,N/A,N/A,0.00,0,0.00,0,0.73,0.00,0,86.27,37.50,72,83,0.13,0.28,2,69,72,0,0,0,0.13,0.28,2,55,92.81,1.40,2.94,21,0,0.00,0.00,99,0.00,0,0,0,0.00,0.00,0,0.00,0.00,0.14,0.07,1,0,0.00,45,23,41,46,27,0.52,16,0.03,0.07,0.73,50,0.05,0.10,43,6,0.40,0.84,0.56,0.27,16,4,0.10,48,8,73,75,0,72,60,0,0.00,99,8,0.00,1.12,7.70,3.67,55,32,50,38,4.48,2.13,58.18,1,0.14,82,0,4.55,0,0.00,99,1,0.07,0.14,43,14,96,56,0,0,0,0,0,28,46,65,59,0,21,42,15,15,0,0,16,6,0,0
Felipe Longo Fernandes da Silva,21,1110009600,2005/03/05,Serie A,2026,Goalkeeper,Corinthians,0,0,0,Brazil,0,0,0,0,0,0,0,0,0,0,0,0,0,0,0,0,0,0,0,0,0,0,0,0,0,0,0,0,0,0,0,-1,-1,-1,-1,N/A,N/A,N/A,N/A,N/A,N/A,N/A,N/A,N/A,N/A,N/A,N/A,N/A,N/A,N/A,N/A,N/A,N/A,N/A,N/A,N/A,N/A,N/A,N/A,N/A,N/A,N/A,N/A,N/A,N/A,N/A,N/A,N/A,N/A,N/A,N/A,N/A,N/A,N/A,N/A,N/A,N/A,N/A,N/A,N/A,N/A,N/A,N/A,N/A,N/A,N/A,N/A,N/A,N/A,N/A,N/A,N/A,N/A,N/A,N/A,N/A,N/A,N/A,N/A,N/A,N/A,N/A,N/A,N/A,N/A,N/A,N/A,N/A,N/A,N/A,N/A,N/A,N/A,N/A,N/A,N/A,N/A,N/A,N/A,N/A,N/A,N/A,N/A,N/A,N/A,N/A,N/A,N/A,N/A,N/A,N/A,N/A,N/A,N/A,N/A,N/A,N/A,N/A,N/A,N/A,N/A,N/A,N/A,N/A,N/A,N/A,N/A,N/A,N/A,N/A,N/A,N/A,N/A,N/A,N/A,N/A,N/A,N/A,N/A,N/A,N/A,N/A,N/A,N/A,N/A,N/A,N/A,N/A,N/A,N/A,N/A,N/A,N/A,N/A,N/A,N/A,N/A,N/A,N/A,N/A,N/A,N/A,N/A,N/A,N/A,N/A,N/A,N/A,N/A,N/A,N/A,N/A,N/A,N/A,N/A,N/A,N/A,N/A,N/A,N/A,N/A,N/A,N/A,N/A,N/A,N/A,N/A,N/A,N/A,N/A,N/A,N/A,N/A,N/A,N/A,N/A,N/A,N/A,N/A,N/A,N/A,N/A,N/A,N/A,N/A,N/A,N/A,N/A,N/A,N/A,N/A,N/A,N/A,N/A,N/A,N/A,N/A,N/A,N/A,N/A,N/A,N/A,N/A,N/A,N/A,N/A,N/A,N/A,N/A,N/A,N/A,N/A,N/A,N/A,N/A,N/A,N/A,N/A,N/A
Felipe Negrucci Berdague,22,1084518000,2004/05/14,Serie A,2026,Midfielder,São Paulo,10,0,10,Brazil,1,0,1,0,0,0,0,0,0,0,0,0,0,0,1,0,1,0,0,0,0,0,0,0,0,9,10,10,0,0,0,-1,-1,-1,14,200000,6.19,0,48,45.00,5.00,72,5,2.00,2,0,18.00,18,0.00,0.00,0.00,0,0.00,0.00,0.00,0.00,0,0.00,1.00,0.00,0.00,0.00,0.00,0.00,1.00,0.00,0.00,0.00,0.00,0.00,0.00,0.00,0.00,1.00,0.00,0.00,0,0,,0,0.00,7,0,0.00,17,0,0.00,7,0,1,0,5,0.00,99,0,0,0.00,10,0,30,0.00,16,0,0.00,99,0,0.00,0,0,0.00,0,0.00,8,0,0.00,9,0,0.00,0.00,0,0.00,0,0,0,0.00,0,1,0.00,0,9.00,99,N/A,N/A,N/A,N/A,0.00,0,0.00,0,0.00,0.00,0,40.00,0.00,17,99,0.00,0.00,0,13,13,0,0,0,0.00,0.00,0,24,6.19,1.00,9.00,1,0,0.00,0.00,99,0.00,0,0,0,0.00,0.00,0,0.00,0.00,0.00,0.00,0,0,0.00,45,0,0,46,0,0.00,0,0.00,0.00,0.00,7,0.00,0.00,1,0,0.00,0.00,18.00,2.00,99,2,0.00,7,8,99,75,0,47,99,0,0.00,99,1,0.00,9.00,36.00,4.00,4,1,99,99,9.00,1.00,25.00,1,9.00,0,0,0.00,0,0.00,99,0,0.00,0.00,30,0,36,12,0,0,0,0,0,28,46,65,59,0,30,5,15,15,0,0,16,30,N/A,N/A
Felix Eduardo Torres Caicedo,29,852969600,1997/01/11,Serie A,2026,Defender,Internacional,1200,588,612,Ecuador,17,9,8,1,0,1,0,0,0,0,0,4,3,1,16,7,9,3,0,0.08,0,0.08,0,0.15,1200,1.2,75,71,400,0,0.23,192,371,100,6,1300000,6.44,0,48,45.53,35.71,74,607,28.59,486,30,36.45,67,0.00,0.00,0.24,4,0.00,0.12,1.50,1.18,20,0.00,0.12,0.00,0.00,0.00,1.59,0.29,1.00,5.50,0.82,0.47,0.29,0.00,0.18,0.11,0.00,2.00,0.00,0.00,0,0,,11,0.65,43,3,0.23,42,8,0.60,44,4,4,13,55,0.00,99,0,27,2.02,97,2,30,0.15,22,0,0.00,99,0,0.00,0,0,0.00,0,0.30,22,5,0.38,23,5,0.38,100.00,0,0.00,0,0,0,0.00,0,17,0.00,44,1.27,52,N/A,N/A,N/A,N/A,0.00,0,0.00,0,1.94,0.00,0,80.07,27.27,44,77,0.29,0.38,5,40,99,0,0,0,0.41,0.53,7,77,109.53,3.94,5.02,67,0,0.00,0.00,99,0.00,0,0,0,0.00,0.00,0,0.00,0.00,0.08,0.06,1,0,18.18,87,60,61,91,44,1.02,22,0.06,0.08,1.94,61,0.11,0.15,21,6,0.35,0.45,0.98,0.76,34,13,0.15,59,17,88,75,0,60,94,0,0.00,99,34,0.00,2.55,8.32,6.53,111,65,64,45,4.88,3.82,58.56,2,0.15,81,0,0.00,0,0.00,99,0,0.00,0.00,30,58,65,83,0,0,0,0,0,37,56,73,59,0,78,51,59,59,3,18,67,4,N/A,N/A
Fernando,27,920275200,1999/03/01,Serie A,2026,Forward,Bragantino,351,210,141,Brazil,10,5,5,2,1,1,1,1,0,0,0,3,2,1,1,0,1,0,0,0.77,0.26,0.51,0.43,0.64,176,0.26,351,35,0,351,0,13,35,-1,7,450000,6.97,0.1,93,25.64,10.00,21,100,8.60,86,66,22.05,26,0.00,0.00,0.70,7,0.00,0.70,2.05,0.80,8,0.00,0.70,0.00,0.00,0.00,0.40,1.10,0.10,7.00,3.59,0.90,1.80,0.00,0.50,0.23,0.00,0.40,0.00,0.00,0,0,,14,1.40,98,5,1.28,96,9,2.31,97,9,7,3,77,0.00,99,0,4,1.03,65,7,90,1.79,62,0,0.00,99,0,0.00,0,0,0.00,0,1.79,87,18,4.62,96,11,2.82,61.11,0,0.00,0,0,0,0.00,0,1,0.00,99,0.26,0,N/A,N/A,N/A,N/A,0.00,0,0.00,0,2.27,0.00,0,86.00,35.71,67,61,0.20,0.51,2,99,73,0,0,0,0.00,0.00,0,24,69.66,0.00,0.00,0,0,0.00,0.00,99,0.00,0,0,1,0.10,0.26,0,0.00,0.00,0.51,0.20,2,0,14.29,81,0,17,48,99,1.02,90,0.10,0.26,2.27,99,0.23,0.58,90,9,0.90,2.31,1.79,0.70,82,7,0.58,98,80,0,99,0,92,56,0,0.00,99,4,0.00,1.03,14.87,5.80,58,32,98,96,8.21,3.20,55.17,7,1.79,6,0,42.86,0,0.00,99,3,0.30,0.77,80,3,85,99,0,0,0,0,0,98,97,97,91,0,47,65,15,15,0,0,16,11,N/A,N/A
Fernando,26,937292400,1999/09/14,Serie A,2026,Defender,Chapecoense,251,94,157,Brazil,4,2,2,0,0,0,0,0,0,0,0,1,1,0,5,3,2,0,0,0,0,0,0,0,0,1.79,50,63,0,0,0,-1,-1,-1,18,0,6.69,0,48,31.91,22.25,37,89,18.00,72,32,25.82,37,0.00,0.00,0.25,1,0.00,1.50,1.43,1.00,4,0.00,0.25,0.00,0.00,0.00,1.25,1.00,1.25,0.00,0.36,0.25,1.25,0.00,0.00,0.01,0.00,0.50,0.00,0.00,0,0,,1,0.25,16,0,0.00,17,1,0.36,24,1,1,3,52,0.00,99,0,5,1.79,95,6,30,2.15,67,0,0.00,99,0,0.00,0,0,0.00,0,0.36,26,5,1.79,71,4,1.43,80.00,0,0.00,0,0,0,0.00,0,5,0.00,7,1.79,84,N/A,N/A,N/A,N/A,0.00,0,0.00,0,0.05,0.00,0,80.90,0.00,17,78,0.25,0.36,1,86,92,0,0,0,0.75,1.08,3,96,26.76,1.75,2.51,7,0,0.00,0.00,99,0.00,0,0,0,0.00,0.00,0,0.00,0.00,0.00,0.00,0,0,0.00,45,0,0,46,7,0.20,16,0.05,0.07,0.05,16,0.01,0.02,79,5,1.25,1.79,1.43,1.00,61,4,0.02,15,38,66,75,0,47,41,0,0.00,99,2,0.00,0.72,8.61,6.00,24,15,73,48,5.38,3.75,62.50,1,0.36,68,0,0.00,0,0.00,99,0,0.00,0.00,30,3,36,35,0,0,0,0,0,28,46,65,59,0,21,54,15,15,0,0,16,12,0,0
Fernando José Marques Maciel,29,869295600,1997/07/19,Serie A,2026,Forward,Mirassol,199,76,123,Brazil,5,2,3,0,0,0,0,0,0,0,0,0,0,0,8,4,4,0,0,0,0,0,0,0,0,3.62,25,40,0,0,0,-1,-1,-1,20,0,6.69,0,48,21.71,9.60,12,48,7.60,38,28,17.19,16,0.00,0.00,1.00,5,0.00,0.60,3.17,1.40,7,0.00,1.00,0.00,0.00,0.00,0.20,0.80,1.60,0.00,0.90,0.20,1.20,0.00,0.20,0.04,0.00,0.20,0.00,0.00,0,0,,2,0.40,45,1,0.45,63,1,0.45,33,1,3,2,97,0.00,99,0,1,0.45,30,3,84,1.36,56,0,0.00,99,0,0.00,0,0,0.00,0,2.26,93,6,2.71,85,4,1.81,66.67,0,0.00,0,0,0,0.00,0,8,0.00,0,3.62,95,N/A,N/A,N/A,N/A,0.00,0,0.00,0,0.19,0.00,0,79.17,50.00,92,28,0.40,0.90,2,93,83,0,0,0,0.00,0.00,0,24,33.44,0.40,0.90,2,0,0.00,0.00,99,0.00,0,0,0,0.00,0.00,0,0.00,0.00,0.45,0.20,1,0,0.00,45,0,1,46,0,0.27,45,0.05,0.12,0.19,46,0.04,0.09,95,6,1.20,2.71,1.81,0.80,82,4,0.09,44,38,32,75,0,90,23,0,0.00,99,1,0.00,0.45,14.92,6.60,33,18,98,96,8.14,3.60,54.55,5,2.26,1,0,33.33,0,0.00,99,1,0.20,0.45,66,1,56,35,0,0,0,0,0,28,46,65,59,0,21,5,15,15,0,0,16,17,0,0
Fernando Marçal,37,603878400,1989/02/19,Serie A,2026,Defender,Botafogo,235,130,105,Brazil,7,4,3,0,0,0,0,0,0,0,0,3,2,1,2,1,1,3,1,0,0,0,0,0,0,0.77,118,34,78,0,1.15,-1,-1,-1,28,307200,5.07,0,48,38.10,17.25,56,138,14.75,118,63,32.58,56,0.00,0.00,0.50,4,0.00,1.75,2.21,1.00,8,0.00,0.00,0.00,0.00,0.00,0.38,0.00,0.50,0.00,0.83,0.12,0.12,0.00,0.25,0.04,0.00,0.75,0.00,0.00,0,0,,3,0.38,43,2,0.55,71,1,0.28,18,0,4,2,82,0.00,99,0,3,0.83,53,14,90,3.87,85,0,0.00,99,0,0.00,0,0,0.00,0,1.10,64,1,0.28,19,0,0.00,0.00,0,0.00,0,0,0,0.00,0,4,0.00,89,1.10,35,N/A,N/A,N/A,N/A,0.00,0,0.00,0,0.28,0.00,0,85.51,66.67,99,83,0.12,0.28,1,13,13,0,0,0,0.25,0.55,2,78,40.59,1.62,3.59,13,0,0.00,0.00,99,0.00,0,0,0,0.00,0.00,0,0.00,0.00,0.00,0.00,0,0,0.00,45,0,6,46,89,0.35,36,0.04,0.10,0.28,41,0.04,0.08,13,1,0.12,0.28,1.93,0.88,87,7,0.08,40,0,78,75,0,47,76,0,0.00,99,6,0.00,1.66,7.45,3.38,27,15,42,35,4.14,1.88,55.56,0,0.00,99,0,42.86,0,0.00,99,6,0.75,1.66,95,1,65,12,0,0,0,0,0,28,46,65,59,0,37,93,15,99,0,0,16,21,N/A,N/A
Fernando Pereira do Nascimento,31,787651200,1994/12/17,Serie A,2026,Midfielder,Coritiba,123,15,108,Brazil,5,2,3,0,0,0,0,0,0,0,0,0,0,0,1,0,1,0,0,0,0,0,0,0,0,0.73,123,25,0,0,0,-1,-1,-1,24,0,6.48,0,48,28.54,7.80,27,39,5.40,27,6,19.76,21,0.00,0.00,0.00,0,0.00,0.20,2.93,0.80,4,0.00,0.40,0.00,0.00,0.00,0.20,0.00,0.80,0.00,0.00,0.00,0.00,0.00,0.00,0.00,0.00,0.80,0.00,0.00,0,0,,0,0.00,7,0,0.00,17,0,0.00,7,1,4,1,94,0.00,99,0,1,0.73,47,1,30,0.73,47,0,0.00,99,0,0.00,0,0,0.00,0,0.00,8,0,0.00,9,0,0.00,0.00,0,0.00,0,0,0,0.00,0,4,0.00,91,2.93,93,N/A,N/A,N/A,N/A,0.00,0,0.00,0,0.00,0.00,0,69.23,0.00,17,4,0.40,1.46,2,13,13,0,0,0,0.20,0.73,1,87,32.42,0.40,1.46,2,0,0.00,0.00,99,0.00,0,0,0,0.00,0.00,0,0.00,0.00,0.00,0.00,0,0,0.00,45,0,1,46,91,0.05,6,0.01,0.04,0.00,7,0.00,0.00,69,2,0.40,1.46,0.00,0.00,5,0,0.00,7,19,52,75,0,47,97,0,0.00,99,4,0.00,2.93,10.98,3.00,15,9,91,75,6.59,1.80,60.00,2,1.46,13,0,0.00,0,0.00,99,0,0.00,0.00,30,0,65,35,0,0,0,0,0,28,46,65,59,0,21,5,15,15,0,0,16,88,0,0
Fernando Pradella Rocha,18,1215068400,2008/07/03,Serie A,2026,Forward,Santos,13,0,13,Brazil,1,0,1,0,0,0,0,0,0,0,0,0,0,0,1,0,1,0,0,0,0,0,0,0,0,6.92,13,13,0,0,0,-1,-1,-1,23,0,0.00,0,48,0.00,0.00,0,0,0.00,0,0,0.00,0,0.00,0.00,0.00,0,0.00,0.00,0.00,0.00,0,0.00,0.00,0.00,0.00,0.00,0.00,0.00,0.00,0.00,0.00,0.00,0.00,0.00,0.00,0.00,0.00,0.00,0.00,0.00,0,0,,0,0.00,7,0,0.00,17,0,0.00,7,0,1,0,5,0.00,99,0,0,0.00,10,0,30,0.00,16,0,0.00,99,0,0.00,0,0,0.00,0,0.00,8,0,0.00,9,0,0.00,0.00,0,0.00,0,0,0,0.00,0,0,0.00,0,0.00,0,N/A,N/A,N/A,N/A,0.00,0,0.00,0,0.00,0.00,0,0.00,0.00,17,99,0.00,0.00,0,13,13,0,0,0,0.00,0.00,0,24,0.00,0.00,0.00,0,0,0.00,0.00,99,0.00,0,0,0,0.00,0.00,0,0.00,0.00,0.00,0.00,0,0,0.00,45,0,0,46,0,0.00,0,0.00,0.00,0.00,7,0.00,0.00,1,0,0.00,0.00,0.00,0.00,5,0,0.00,7,0,0,75,0,47,2,0,0.00,99,0,0.00,0.00,0.00,0.00,0,0,0,0,0.00,0.00,0.00,0,0.00,99,0,0.00,0,0.00,99,0,0.00,0.00,30,0,36,12,0,0,0,0,0,28,46,65,59,0,21,5,15,15,0,0,16,55,0,0
Filip Krovinović,30,809679600,1995/08/29,Serie A,2026,Midfielder,Grêmio,132,0,132,Croatia,2,0,2,0,0,0,0,0,0,0,0,0,0,0,2,0,2,0,0,0,0,0,0,0,0,1.36,66,66,0,0,0,-1,-1,-1,41,0,6.96,0,48,58.64,43.00,93,86,41.00,82,99,55.91,95,0.00,0.00,1.00,2,0.00,2.00,1.36,1.00,2,0.00,0.00,0.00,0.00,0.00,1.00,0.00,1.00,0.00,2.73,2.00,0.00,0.00,0.00,0.10,0.00,0.00,0.00,0.00,0,0,,4,2.00,91,0,0.00,17,4,2.73,99,2,1,1,49,0.00,99,0,2,1.36,86,4,62,2.73,72,0,0.00,99,0,0.00,0,0,0.00,0,1.36,77,0,0.00,9,0,0.00,0.00,0,0.00,0,0,0,0.00,0,2,0.00,30,1.36,58,N/A,N/A,N/A,N/A,0.00,0,0.00,0,0.21,0.00,0,95.35,0.00,17,99,0.00,0.00,0,13,13,0,0,0,1.00,1.36,2,98,13.91,0.50,0.68,1,0,0.00,0.00,99,0.00,0,0,0,0.00,0.00,0,0.00,0.00,0.00,0.00,0,0,0.00,45,0,0,46,30,0.27,72,0.14,0.18,0.21,59,0.10,0.14,1,0,0.00,0.00,2.05,1.50,90,3,0.14,58,79,23,75,0,47,2,0,0.00,99,0,0.00,0.00,3.41,2.50,5,2,7,7,1.36,1.00,40.00,0,0.00,99,0,25.00,0,0.00,99,1,0.50,0.68,77,0,36,56,0,0,0,0,0,28,46,65,59,0,21,5,15,15,0,0,16,10,0,0
Francis Amuzu,27,935391600,1999/08/23,Serie A,2026,Forward,Grêmio,1366,717,649,Belgium,21,10,11,1,1,0,3,3,0,0,0,4,3,1,23,8,15,0,0,0.26,0.2,0.07,0.13,0,1366,1.52,59,65,0,455,0,201,61,-1,6,2250000,6.84,0.14,87,25.10,18.14,20,381,15.81,332,73,21.87,25,0.00,0.00,0.76,16,0.00,1.48,0.53,0.38,8,0.00,0.52,0.00,0.00,0.00,0.10,0.38,1.10,33.00,2.17,1.14,1.29,0.00,0.43,0.14,0.00,0.29,0.00,0.00,0,0,,33,1.57,80,9,0.59,72,24,1.58,85,2,5,16,14,0.00,99,0,2,0.13,15,31,54,2.04,65,0,0.00,99,0,0.00,0,0,0.00,0,1.05,61,27,1.78,71,8,0.53,29.63,0,0.00,0,0,0,0.00,0,23,0.00,19,1.52,70,N/A,N/A,N/A,N/A,0.00,0,0.00,0,2.97,0.00,0,87.14,27.27,44,92,0.10,0.13,2,53,20,0,0,0,0.00,0.00,0,24,143.62,0.10,0.13,2,0,0.00,0.00,99,0.00,0,0,1,0.05,0.07,0,0.00,0.00,0.00,0.00,0,0,3.03,46,72,90,94,19,3.04,79,0.14,0.20,2.97,70,0.14,0.20,87,32,1.52,2.11,0.79,0.57,24,12,0.20,68,59,1,82,0,47,19,0,0.00,99,6,0.00,0.40,6.72,4.86,102,52,28,24,3.43,2.48,50.98,11,0.72,44,0,22.58,0,0.00,99,7,0.33,0.46,66,76,74,56,0,0,0,0,0,70,54,65,66,0,92,38,15,15,0,0,16,9,N/A,N/A
Francisco da Costa,31,799657200,1995/05/05,Serie A,2026,Forward,Cruzeiro,185,106,79,Brazil,7,3,4,0,0,0,1,1,0,0,0,2,1,1,3,3,0,0,0,0.49,0.49,0,0,0,0,1.46,62,26,0,185,0,-1,-1,-1,25,650000,5.69,0.14,99,17.51,5.14,7,36,3.57,25,6,12.16,6,0.00,0.00,0.43,3,0.00,0.14,1.46,0.43,3,0.00,0.43,0.00,0.00,0.00,0.00,0.00,0.71,0.00,2.92,0.57,0.14,0.00,0.29,0.07,0.00,0.86,0.00,0.00,0,0,,6,0.86,93,2,0.97,89,4,1.95,95,0,6,1,54,0.00,99,0,0,0.00,10,1,30,0.49,40,0,0.00,99,0,0.00,0,0,0.00,0,1.46,80,1,0.49,28,0,0.00,0.00,0,0.00,0,0,0,0.00,0,5,0.00,24,2.43,93,N/A,N/A,N/A,N/A,0.00,0,0.00,0,0.51,0.00,0,69.44,33.33,62,64,0.14,0.49,1,13,13,0,0,0,0.00,0.00,0,24,39.84,0.00,0.00,0,0,0.00,0.00,99,0.00,0,0,0,0.00,0.00,0,0.00,0.00,0.00,0.00,0,0,0.00,45,0,6,46,24,0.72,97,0.10,0.35,0.51,75,0.07,0.25,23,1,0.14,0.49,1.95,0.57,88,4,0.25,74,2,0,75,0,47,97,0,0.00,99,6,0.00,2.92,10.22,3.00,21,10,63,68,4.86,1.43,47.62,3,1.46,13,0,0.00,0,0.00,99,0,0.00,0.00,30,0,79,12,0,0,0,0,0,87,46,65,59,0,55,64,15,15,0,0,16,91,N/A,N/A
Francisco Dyogo Bento Alves,22,1073635200,2004/01/09,Serie A,2026,Goalkeeper,Flamengo,0,0,0,Brazil,0,0,0,0,0,0,0,0,0,0,0,0,0,0,0,0,0,0,0,0,0,0,0,0,0,0,0,0,0,0,0,-1,-1,-1,-1,N/A,N/A,N/A,N/A,N/A,N/A,N/A,N/A,N/A,N/A,N/A,N/A,N/A,N/A,N/A,N/A,N/A,N/A,N/A,N/A,N/A,N/A,N/A,N/A,N/A,N/A,N/A,N/A,N/A,N/A,N/A,N/A,N/A,N/A,N/A,N/A,N/A,N/A,N/A,N/A,N/A,N/A,N/A,N/A,N/A,N/A,N/A,N/A,N/A,N/A,N/A,N/A,N/A,N/A,N/A,N/A,N/A,N/A,N/A,N/A,N/A,N/A,N/A,N/A,N/A,N/A,N/A,N/A,N/A,N/A,N/A,N/A,N/A,N/A,N/A,N/A,N/A,N/A,N/A,N/A,N/A,N/A,N/A,N/A,N/A,N/A,N/A,N/A,N/A,N/A,N/A,N/A,N/A,N/A,N/A,N/A,N/A,N/A,N/A,N/A,N/A,N/A,N/A,N/A,N/A,N/A,N/A,N/A,N/A,N/A,N/A,N/A,N/A,N/A,N/A,N/A,N/A,N/A,N/A,N/A,N/A,N/A,N/A,N/A,N/A,N/A,N/A,N/A,N/A,N/A,N/A,N/A,N/A,N/A,N/A,N/A,N/A,N/A,N/A,N/A,N/A,N/A,N/A,N/A,N/A,N/A,N/A,N/A,N/A,N/A,N/A,N/A,N/A,N/A,N/A,N/A,N/A,N/A,N/A,N/A,N/A,N/A,N/A,N/A,N/A,N/A,N/A,N/A,N/A,N/A,N/A,N/A,N/A,N/A,N/A,N/A,N/A,N/A,N/A,N/A,N/A,N/A,N/A,N/A,N/A,N/A,N/A,N/A,N/A,N/A,N/A,N/A,N/A,N/A,N/A,N/A,N/A,N/A,N/A,N/A,N/A,N/A,N/A,N/A,N/A,N/A,N/A,N/A,N/A,N/A,N/A,N/A,N/A,N/A,N/A,N/A,N/A,N/A,N/A,N/A,N/A,N/A,N/A,N/A
Francisco Hyun Sol Kim,35,674377200,1991/05/16,Serie A,2026,Midfielder,Mirassol,62,45,17,Brazil,5,3,2,0,0,0,0,0,0,0,0,1,1,0,1,0,1,0,0,0,0,0,0,0,0,1.45,62,12,0,0,0,-1,-1,-1,27,144000,6.44,0,48,40.65,5.60,60,28,4.00,20,9,29.03,46,0.00,0.00,0.00,0,0.00,0.00,1.45,0.20,1,0.00,0.00,0.00,0.00,0.00,0.40,0.20,0.20,0.00,0.00,0.00,0.40,0.00,0.00,0.00,0.00,0.20,0.00,0.00,0,0,,0,0.00,7,0,0.00,17,0,0.00,7,0,5,0,53,0.00,99,0,2,2.90,99,0,30,0.00,16,0,0.00,99,0,0.00,0,0,0.00,0,0.00,8,2,2.90,88,1,1.45,50.00,0,0.00,0,0,0,0.00,0,1,0.00,24,1.45,63,N/A,N/A,N/A,N/A,0.00,0,0.00,0,0.00,0.00,0,71.43,0.00,17,0,0.60,4.35,3,86,59,0,0,0,0.00,0.00,0,24,32.22,0.20,1.45,1,0,0.00,0.00,99,0.00,0,0,0,0.00,0.00,0,0.00,0.00,0.00,0.00,0,0,0.00,45,0,1,46,24,0.05,16,0.01,0.07,0.00,7,0.00,0.00,96,2,0.40,2.90,2.90,0.40,99,2,0.00,7,17,50,75,0,47,71,0,0.00,99,1,0.00,1.45,20.32,2.80,14,5,95,99,7.26,1.00,35.71,0,0.00,99,0,0.00,0,0.00,99,0,0.00,0.00,30,0,74,12,0,0,0,0,0,28,46,65,59,0,25,42,15,15,0,0,16,10,N/A,N/A
Franco Andrés Rossi Donazar,24,1014710400,2002/02/26,Serie A,2026,Forward,Chapecoense,88,60,28,Uruguay,3,2,1,0,0,0,0,0,0,0,0,1,1,0,2,1,1,0,0,0,0,0,0,0,0,2.05,44,29,0,0,0,-1,-1,-1,23,0,6.50,0,48,13.30,4.33,3,13,4.00,12,98,12.27,6,0.00,0.00,0.00,0,0.00,0.67,1.02,0.33,1,0.00,0.33,0.00,0.00,0.00,0.33,0.67,0.67,0.00,4.09,1.33,1.67,0.00,0.00,0.07,0.00,0.33,0.00,0.00,0,0,,4,1.33,99,0,0.00,17,4,4.09,99,0,3,0,34,0.00,99,0,1,1.02,64,2,30,2.05,65,0,0.00,99,0,0.00,0,0,0.00,0,0.00,8,5,5.11,98,2,2.05,40.00,0,0.00,0,0,0,0.00,0,2,0.00,2,2.05,89,N/A,N/A,N/A,N/A,0.00,0,0.00,0,0.21,0.00,0,92.31,0.00,17,0,1.00,3.07,3,95,37,0,0,0,0.00,0.00,0,24,19.50,0.33,1.02,1,0,0.00,0.00,99,0.00,0,0,0,0.00,0.00,0,0.00,0.00,0.00,0.00,0,0,0.00,45,0,0,46,2,0.02,0,0.01,0.02,0.21,71,0.07,0.21,99,5,1.67,5.11,2.05,0.67,90,2,0.21,69,19,37,75,0,47,56,0,0.00,99,1,0.00,1.02,20.45,6.67,20,8,98,99,8.18,2.67,40.00,1,1.02,28,0,0.00,0,0.00,99,0,0.00,0.00,30,0,56,12,0,0,0,0,0,28,46,65,59,0,21,75,15,15,0,0,16,29,0,0
Franco Catarozzi Parafita,26,954662400,2000/04/02,Serie A,2026,Midfielder,Remo,22,22,0,Uruguay,1,1,0,0,0,0,0,0,0,0,0,0,0,0,2,2,0,0,0,0,0,0,0,0,0,8.18,11,22,0,0,0,-1,-1,-1,25,156000,6.18,0,48,20.45,5.00,11,5,2.00,2,0,8.18,2,0.00,0.00,0.00,0,0.00,0.00,4.09,1.00,1,0.00,0.00,0.00,0.00,0.00,0.00,0.00,2.00,0.00,0.00,0.00,0.00,0.00,0.00,0.00,0.00,1.00,0.00,0.00,0,0,,0,0.00,7,0,0.00,17,0,0.00,7,0,1,0,99,0.00,99,0,0,0.00,10,0,30,0.00,16,0,0.00,99,0,0.00,0,0,0.00,0,0.00,8,0,0.00,9,0,0.00,0.00,0,0.00,0,0,0,0.00,0,2,0.00,0,8.18,99,N/A,N/A,N/A,N/A,0.00,0,0.00,0,0.00,0.00,0,40.00,0.00,17,99,0.00,0.00,0,13,13,0,0,0,0.00,0.00,0,24,6.18,0.00,0.00,0,0,0.00,0.00,99,0.00,0,0,0,0.00,0.00,0,0.00,0.00,0.00,0.00,0,0,0.00,45,0,0,46,0,0.00,0,0.00,0.00,0.00,7,0.00,0.00,1,0,0.00,0.00,8.18,2.00,99,2,0.00,7,8,0,75,0,47,99,0,0.00,99,1,0.00,4.09,24.55,6.00,6,2,98,99,8.18,2.00,33.33,0,0.00,99,0,0.00,0,0.00,99,0,0.00,0.00,30,0,36,12,0,0,0,0,0,28,46,65,59,0,27,5,15,15,0,0,16,23,N/A,N/A
Franco Sebastián Cristaldo,30,840092400,1996/08/15,Serie A,2026,Midfielder,Grêmio,0,0,0,Argentina,0,0,0,0,0,0,0,0,0,0,0,0,0,0,0,0,0,0,0,0,0,0,0,0,0,0,0,0,0,0,0,-1,-1,-1,-1,N/A,N/A,N/A,N/A,N/A,N/A,N/A,N/A,N/A,N/A,N/A,N/A,N/A,N/A,N/A,N/A,N/A,N/A,N/A,N/A,N/A,N/A,N/A,N/A,N/A,N/A,N/A,N/A,N/A,N/A,N/A,N/A,N/A,N/A,N/A,N/A,N/A,N/A,N/A,N/A,N/A,N/A,N/A,N/A,N/A,N/A,N/A,N/A,N/A,N/A,N/A,N/A,N/A,N/A,N/A,N/A,N/A,N/A,N/A,N/A,N/A,N/A,N/A,N/A,N/A,N/A,N/A,N/A,N/A,N/A,N/A,N/A,N/A,N/A,N/A,N/A,N/A,N/A,N/A,N/A,N/A,N/A,N/A,N/A,N/A,N/A,N/A,N/A,N/A,N/A,N/A,N/A,N/A,N/A,N/A,N/A,N/A,N/A,N/A,N/A,N/A,N/A,N/A,N/A,N/A,N/A,N/A,N/A,N/A,N/A,N/A,N/A,N/A,N/A,N/A,N/A,N/A,N/A,N/A,N/A,N/A,N/A,N/A,N/A,N/A,N/A,N/A,N/A,N/A,N/A,N/A,N/A,N/A,N/A,N/A,N/A,N/A,N/A,N/A,N/A,N/A,N/A,N/A,N/A,N/A,N/A,N/A,N/A,N/A,N/A,N/A,N/A,N/A,N/A,N/A,N/A,N/A,N/A,N/A,N/A,N/A,N/A,N/A,N/A,N/A,N/A,N/A,N/A,N/A,N/A,N/A,N/A,N/A,N/A,N/A,N/A,N/A,N/A,N/A,N/A,N/A,N/A,N/A,N/A,N/A,N/A,N/A,N/A,N/A,N/A,N/A,N/A,N/A,N/A,N/A,N/A,N/A,N/A,N/A,N/A,N/A,N/A,N/A,N/A,N/A,N/A,N/A,N/A,N/A,N/A,N/A,N/A,N/A,N/A,N/A,N/A,N/A,N/A,N/A,N/A,N/A,N/A,N/A,N/A
Fred,33,731318400,1993/03/05,Serie A,2026,Midfielder,Atlético Mineiro,44,0,44,Brazil,1,0,1,0,0,0,0,0,0,0,0,1,0,1,0,0,0,1,0,0,0,0,0,0,0,0,0,44,44,0,2.05,-1,-1,-1,29,0,6.64,0,48,45.00,22.00,72,22,17.00,17,21,34.77,62,0.00,0.00,0.00,0,0.00,1.00,2.05,1.00,1,0.00,2.00,0.00,0.00,0.00,1.00,2.00,0.00,0.00,2.05,1.00,3.00,0.00,0.00,0.05,0.00,2.00,0.00,0.00,0,0,,1,1.00,76,0,0.00,17,1,2.05,96,0,1,0,77,0.00,99,0,1,2.05,97,1,30,2.05,65,0,0.00,99,0,0.00,0,0,0.00,0,0.00,8,3,6.14,99,2,4.09,66.67,0,0.00,0,0,0,0.00,0,0,0.00,99,0.00,0,N/A,N/A,N/A,N/A,0.00,0,0.00,0,0.05,0.00,0,77.27,0.00,17,99,0.00,0.00,0,99,83,0,0,0,1.00,2.05,1,99,6.64,2.00,4.09,2,0,0.00,0.00,99,0.00,0,0,0,0.00,0.00,0,0.00,0.00,0.00,0.00,0,0,0.00,45,0,0,46,0,0.04,22,0.04,0.08,0.05,50,0.05,0.10,99,2,2.00,4.09,6.14,3.00,99,3,0.10,48,30,82,75,0,47,99,0,0.00,99,2,0.00,4.09,26.59,13.00,13,7,99,99,14.32,7.00,53.85,2,4.09,0,0,0.00,0,0.00,99,0,0.00,0.00,30,0,36,12,0,0,0,0,0,28,46,65,59,0,21,99,15,99,1,100,99,7,0,0
Gabriel Appelt Pires,32,748335600,1993/09/18,Serie A,2026,Midfielder,Mirassol,251,148,103,Brazil,7,4,3,0,0,0,1,0,1,0,0,0,0,0,6,5,1,1,0,0.36,0.36,0,0,0,0,2.15,42,36,251,251,0.36,-1,-1,-1,18,0,6.75,0.14,97,60.84,24.14,95,169,20.00,140,45,50.40,91,0.00,0.00,0.29,2,0.00,2.14,1.08,0.43,3,0.00,0.57,0.00,0.00,0.00,0.71,0.57,0.86,0.00,4.32,1.14,0.71,0.00,0.57,0.14,0.00,0.57,0.00,0.00,0,0,,12,1.71,99,4,1.44,97,8,2.88,99,4,5,2,37,0.00,99,0,5,1.80,95,15,49,5.40,94,0,0.00,99,0,0.00,0,0,0.00,0,0.72,43,5,1.80,71,4,1.44,80.00,0,0.00,0,0,0,0.00,0,6,0.00,1,2.16,91,N/A,N/A,N/A,N/A,0.00,0,0.00,0,1.00,0.00,0,82.84,33.33,62,15,0.43,1.08,3,86,92,0,0,0,0.00,0.00,0,24,47.28,0.14,0.36,1,0,0.00,0.00,99,0.00,0,0,1,0.14,0.36,0,0.00,0.00,0.00,0.00,0,0,0.00,45,0,6,46,1,0.95,96,0.14,0.34,1.00,88,0.14,0.36,93,7,1.00,2.52,1.80,0.71,82,5,0.36,86,48,7,99,0,47,71,0,0.00,99,4,0.00,1.44,12.60,5.00,35,18,91,88,6.48,2.57,51.43,4,1.44,13,0,20.00,0,0.00,99,3,0.43,1.08,88,1,74,83,0,0,0,0,0,80,46,65,59,0,21,5,32,83,1,14,57,18,0,0
Gabriel Baralhas,27,908002800,1998/10/10,Serie A,2026,Midfielder,Vitória,1537,792,745,Brazil,18,9,9,2,2,0,3,3,0,0,0,8,7,1,21,5,16,4,0,0.29,0.18,0.12,0.23,0,769,1.23,73,85,384,512,0.23,165,76,-1,7,250000,6.99,0.17,84,31.33,29.72,35,535,25.44,458,64,26.82,39,0.00,0.00,0.94,17,0.00,0.61,1.58,1.50,27,0.00,0.50,0.00,0.00,0.00,1.67,0.67,1.22,11.00,1.29,0.94,1.28,0.00,0.28,0.15,0.00,0.28,0.00,0.00,0,0,,22,1.22,59,5,0.29,49,17,1.00,64,3,0,18,59,0.00,99,0,30,1.76,95,11,91,0.64,45,0,0.00,99,0,0.00,0,0,0.00,0,1.00,59,23,1.35,60,12,0.70,52.17,0,0.00,0,0,0,0.00,0,22,0.00,40,1.29,53,N/A,N/A,N/A,N/A,0.00,0,0.00,0,2.67,0.00,0,85.61,22.73,34,29,0.83,0.88,15,64,60,0,0,0,0.56,0.59,10,81,125.85,1.00,1.05,18,0,0.00,0.00,99,0.00,0,0,0,0.00,0.00,0,0.00,0.00,0.06,0.06,1,0,9.09,62,82,68,83,40,3.34,79,0.19,0.20,2.67,63,0.15,0.16,63,22,1.22,1.29,1.76,1.67,81,30,0.16,61,82,38,75,0,54,12,0,0.00,99,5,0.00,0.29,8.14,7.72,139,64,35,42,3.75,3.56,46.04,9,0.53,55,0,45.45,0,0.00,99,5,0.28,0.29,56,84,23,72,0,0,0,0,0,75,63,65,76,0,34,94,56,59,4,22,79,44,N/A,N/A
Gabriel Barbosa Almeida,29,841388400,1996/08/30,Serie A,2026,Forward,Santos,1137,791,346,Brazil,16,11,5,8,3,5,2,2,0,0,0,3,2,1,18,11,7,6,1,0.79,0.16,0.63,0.34,1.3,142,1.42,63,71,190,569,0.47,6,91,-1,1,0,6.99,0.12,81,27.63,21.81,26,349,19.06,305,77,24.14,30,0.00,0.00,0.94,15,0.00,0.50,0.24,0.19,3,0.00,0.31,0.00,0.00,0.00,0.12,0.25,1.19,4.88,3.09,1.81,0.75,0.00,0.62,0.46,0.00,0.31,0.00,0.00,0,0,,39,2.44,95,10,0.79,81,29,2.30,97,6,3,13,9,0.00,99,0,2,0.16,16,8,35,0.63,45,0,0.00,99,0,0.00,0,0,0.00,0,1.19,68,12,0.95,46,4,0.32,33.33,0,0.00,0,0,0,0.00,0,19,0.00,26,1.50,68,N/A,N/A,N/A,N/A,0.00,0,0.00,0,7.42,0.00,0,87.39,25.64,41,57,0.44,0.55,7,35,27,1,0,0,0.00,0.00,0,24,111.81,0.19,0.24,3,0,0.00,0.00,99,0.00,0,1,0,0.00,0.00,0,0.00,0.00,0.63,0.50,8,1,20.51,91,56,50,47,26,2.41,75,0.15,0.19,6.72,97,0.42,0.53,32,8,0.50,0.63,0.47,0.38,12,6,0.59,98,82,5,75,0,95,19,0,0.00,99,5,0.00,0.40,3.64,2.88,46,18,7,7,1.42,1.12,39.13,5,0.40,65,0,12.50,0,0.00,99,1,0.06,0.08,35,58,56,97,0,1,0,6,0,99,99,99,86,0,21,38,24,91,5,31,91,9,0,0
Gabriel Batista,28,896857200,1998/06/03,Serie A,2026,Goalkeeper,Botafogo,0,0,0,Brazil,0,0,0,0,0,0,0,0,0,0,0,0,0,0,0,0,0,0,0,0,0,0,0,0,0,0,0,0,0,0,0,-1,-1,-1,-1,N/A,N/A,N/A,N/A,N/A,N/A,N/A,N/A,N/A,N/A,N/A,N/A,N/A,N/A,N/A,N/A,N/A,N/A,N/A,N/A,N/A,N/A,N/A,N/A,N/A,N/A,N/A,N/A,N/A,N/A,N/A,N/A,N/A,N/A,N/A,N/A,N/A,N/A,N/A,N/A,N/A,N/A,N/A,N/A,N/A,N/A,N/A,N/A,N/A,N/A,N/A,N/A,N/A,N/A,N/A,N/A,N/A,N/A,N/A,N/A,N/A,N/A,N/A,N/A,N/A,N/A,N/A,N/A,N/A,N/A,N/A,N/A,N/A,N/A,N/A,N/A,N/A,N/A,N/A,N/A,N/A,N/A,N/A,N/A,N/A,N/A,N/A,N/A,N/A,N/A,N/A,N/A,N/A,N/A,N/A,N/A,N/A,N/A,N/A,N/A,N/A,N/A,N/A,N/A,N/A,N/A,N/A,N/A,N/A,N/A,N/A,N/A,N/A,N/A,N/A,N/A,N/A,N/A,N/A,N/A,N/A,N/A,N/A,N/A,N/A,N/A,N/A,N/A,N/A,N/A,N/A,N/A,N/A,N/A,N/A,N/A,N/A,N/A,N/A,N/A,N/A,N/A,N/A,N/A,N/A,N/A,N/A,N/A,N/A,N/A,N/A,N/A,N/A,N/A,N/A,N/A,N/A,N/A,N/A,N/A,N/A,N/A,N/A,N/A,N/A,N/A,N/A,N/A,N/A,N/A,N/A,N/A,N/A,N/A,N/A,N/A,N/A,N/A,N/A,N/A,N/A,N/A,N/A,N/A,N/A,N/A,N/A,N/A,N/A,N/A,N/A,N/A,N/A,N/A,N/A,N/A,N/A,N/A,N/A,N/A,N/A,N/A,N/A,N/A,N/A,N/A,N/A,N/A,N/A,N/A,N/A,N/A,N/A,N/A,N/A,N/A,N/A,N/A,N/A,N/A,N/A,N/A,N/A,N/A
Gabriel Brazão,25,970729200,2000/10/05,Serie A,2026,Goalkeeper,Santos,1890,1080,810,Brazil,21,12,9,0,0,0,0,0,0,0,0,4,2,2,30,16,14,4,0,0,0,0,0,0,0,1.43,63,90,473,0,0.19,386,373,137,32,960000,6.69,0,48,16.52,16.52,6,347,11.52,242,7,11.52,5,0.00,0.00,0.00,0,0.00,0.00,0.00,0.00,0,0.00,0.00,0.00,0.00,2.81,0.05,0.00,4.43,0.00,0.05,0.00,0.00,0.00,0.05,0.01,0.00,0.19,0.00,0.00,0,0,,1,0.05,7,1,0.05,18,0,0.00,7,0,0,21,5,0.00,99,0,1,0.05,11,0,30,0.00,16,0,0.00,99,0,0.00,0,0,0.00,0,0.00,8,0,0.00,9,0,0.00,0.00,0,0.00,0,59,32,2.81,50,93,0.00,25,4.43,97,N/A,N/A,N/A,N/A,63.44,0,0.00,0,0.13,0.00,0,69.74,100.00,99,99,0.00,0.00,0,13,13,0,0,36,0.00,0.00,0,24,140.53,1.48,1.48,31,1,0.00,0.05,11,0.05,0,0,0,0.00,0.00,18,0.86,0.86,0.00,0.00,0,0,0.00,45,96,90,46,26,0.58,4,0.03,0.03,0.13,12,0.01,0.01,5,3,0.14,0.14,0.05,0.05,7,1,0.01,12,38,52,75,93,47,7,0,0.00,99,4,0.00,0.19,0.33,0.33,7,6,3,3,0.29,0.29,85.71,0,0.00,99,0,0.00,0,0.00,99,0,0.00,0.00,30,94,23,12,0,0,0,0,0,28,46,65,59,0,67,38,69,48,4,19,69,77,N/A,N/A
Gabriel Christoni Leite,38,567676800,1987/12/28,Serie A,2026,Goalkeeper,Coritiba,0,0,0,Brazil,0,0,0,0,0,0,0,0,0,0,0,0,0,0,0,0,0,0,0,0,0,0,0,0,0,0,0,0,0,0,0,-1,-1,-1,-1,N/A,N/A,N/A,N/A,N/A,N/A,N/A,N/A,N/A,N/A,N/A,N/A,N/A,N/A,N/A,N/A,N/A,N/A,N/A,N/A,N/A,N/A,N/A,N/A,N/A,N/A,N/A,N/A,N/A,N/A,N/A,N/A,N/A,N/A,N/A,N/A,N/A,N/A,N/A,N/A,N/A,N/A,N/A,N/A,N/A,N/A,N/A,N/A,N/A,N/A,N/A,N/A,N/A,N/A,N/A,N/A,N/A,N/A,N/A,N/A,N/A,N/A,N/A,N/A,N/A,N/A,N/A,N/A,N/A,N/A,N/A,N/A,N/A,N/A,N/A,N/A,N/A,N/A,N/A,N/A,N/A,N/A,N/A,N/A,N/A,N/A,N/A,N/A,N/A,N/A,N/A,N/A,N/A,N/A,N/A,N/A,N/A,N/A,N/A,N/A,N/A,N/A,N/A,N/A,N/A,N/A,N/A,N/A,N/A,N/A,N/A,N/A,N/A,N/A,N/A,N/A,N/A,N/A,N/A,N/A,N/A,N/A,N/A,N/A,N/A,N/A,N/A,N/A,N/A,N/A,N/A,N/A,N/A,N/A,N/A,N/A,N/A,N/A,N/A,N/A,N/A,N/A,N/A,N/A,N/A,N/A,N/A,N/A,N/A,N/A,N/A,N/A,N/A,N/A,N/A,N/A,N/A,N/A,N/A,N/A,N/A,N/A,N/A,N/A,N/A,N/A,N/A,N/A,N/A,N/A,N/A,N/A,N/A,N/A,N/A,N/A,N/A,N/A,N/A,N/A,N/A,N/A,N/A,N/A,N/A,N/A,N/A,N/A,N/A,N/A,N/A,N/A,N/A,N/A,N/A,N/A,N/A,N/A,N/A,N/A,N/A,N/A,N/A,N/A,N/A,N/A,N/A,N/A,N/A,N/A,N/A,N/A,N/A,N/A,N/A,N/A,N/A,N/A,N/A,N/A,N/A,N/A,N/A,N/A
Gabriel da Silva Abdias,20,1150700400,2006/06/19,Serie A,2026,Defender,Botafogo,0,0,0,Brazil,0,0,0,0,0,0,0,0,0,0,0,0,0,0,0,0,0,0,0,0,0,0,0,0,0,0,0,0,0,0,0,-1,-1,-1,-1,N/A,N/A,N/A,N/A,N/A,N/A,N/A,N/A,N/A,N/A,N/A,N/A,N/A,N/A,N/A,N/A,N/A,N/A,N/A,N/A,N/A,N/A,N/A,N/A,N/A,N/A,N/A,N/A,N/A,N/A,N/A,N/A,N/A,N/A,N/A,N/A,N/A,N/A,N/A,N/A,N/A,N/A,N/A,N/A,N/A,N/A,N/A,N/A,N/A,N/A,N/A,N/A,N/A,N/A,N/A,N/A,N/A,N/A,N/A,N/A,N/A,N/A,N/A,N/A,N/A,N/A,N/A,N/A,N/A,N/A,N/A,N/A,N/A,N/A,N/A,N/A,N/A,N/A,N/A,N/A,N/A,N/A,N/A,N/A,N/A,N/A,N/A,N/A,N/A,N/A,N/A,N/A,N/A,N/A,N/A,N/A,N/A,N/A,N/A,N/A,N/A,N/A,N/A,N/A,N/A,N/A,N/A,N/A,N/A,N/A,N/A,N/A,N/A,N/A,N/A,N/A,N/A,N/A,N/A,N/A,N/A,N/A,N/A,N/A,N/A,N/A,N/A,N/A,N/A,N/A,N/A,N/A,N/A,N/A,N/A,N/A,N/A,N/A,N/A,N/A,N/A,N/A,N/A,N/A,N/A,N/A,N/A,N/A,N/A,N/A,N/A,N/A,N/A,N/A,N/A,N/A,N/A,N/A,N/A,N/A,N/A,N/A,N/A,N/A,N/A,N/A,N/A,N/A,N/A,N/A,N/A,N/A,N/A,N/A,N/A,N/A,N/A,N/A,N/A,N/A,N/A,N/A,N/A,N/A,N/A,N/A,N/A,N/A,N/A,N/A,N/A,N/A,N/A,N/A,N/A,N/A,N/A,N/A,N/A,N/A,N/A,N/A,N/A,N/A,N/A,N/A,N/A,N/A,N/A,N/A,N/A,N/A,N/A,N/A,N/A,N/A,N/A,N/A,N/A,N/A,N/A,N/A,N/A,N/A
Gabriel Delfim Ferreira,24,1026284400,2002/07/10,Serie A,2026,Goalkeeper,Atlético Mineiro,0,0,0,Brazil,0,0,0,0,0,0,0,0,0,0,0,0,0,0,0,0,0,0,0,0,0,0,0,0,0,0,0,0,0,0,0,-1,-1,-1,-1,N/A,N/A,N/A,N/A,N/A,N/A,N/A,N/A,N/A,N/A,N/A,N/A,N/A,N/A,N/A,N/A,N/A,N/A,N/A,N/A,N/A,N/A,N/A,N/A,N/A,N/A,N/A,N/A,N/A,N/A,N/A,N/A,N/A,N/A,N/A,N/A,N/A,N/A,N/A,N/A,N/A,N/A,N/A,N/A,N/A,N/A,N/A,N/A,N/A,N/A,N/A,N/A,N/A,N/A,N/A,N/A,N/A,N/A,N/A,N/A,N/A,N/A,N/A,N/A,N/A,N/A,N/A,N/A,N/A,N/A,N/A,N/A,N/A,N/A,N/A,N/A,N/A,N/A,N/A,N/A,N/A,N/A,N/A,N/A,N/A,N/A,N/A,N/A,N/A,N/A,N/A,N/A,N/A,N/A,N/A,N/A,N/A,N/A,N/A,N/A,N/A,N/A,N/A,N/A,N/A,N/A,N/A,N/A,N/A,N/A,N/A,N/A,N/A,N/A,N/A,N/A,N/A,N/A,N/A,N/A,N/A,N/A,N/A,N/A,N/A,N/A,N/A,N/A,N/A,N/A,N/A,N/A,N/A,N/A,N/A,N/A,N/A,N/A,N/A,N/A,N/A,N/A,N/A,N/A,N/A,N/A,N/A,N/A,N/A,N/A,N/A,N/A,N/A,N/A,N/A,N/A,N/A,N/A,N/A,N/A,N/A,N/A,N/A,N/A,N/A,N/A,N/A,N/A,N/A,N/A,N/A,N/A,N/A,N/A,N/A,N/A,N/A,N/A,N/A,N/A,N/A,N/A,N/A,N/A,N/A,N/A,N/A,N/A,N/A,N/A,N/A,N/A,N/A,N/A,N/A,N/A,N/A,N/A,N/A,N/A,N/A,N/A,N/A,N/A,N/A,N/A,N/A,N/A,N/A,N/A,N/A,N/A,N/A,N/A,N/A,N/A,N/A,N/A,N/A,N/A,N/A,N/A,N/A,N/A
Gabriel Ferreira de Carvalho,18,1207897200,2008/04/11,Serie A,2026,Midfielder,Grêmio,713,422,291,Brazil,16,7,9,2,2,0,0,0,0,0,0,5,3,2,10,5,5,3,0,0.25,0,0.25,0.43,0,357,1.26,71,45,238,0,0.38,79,294,-1,3,150000,6.64,0,48,18.93,9.38,10,150,7.12,114,18,14.39,9,0.00,0.00,0.62,10,0.00,0.38,2.15,1.06,17,0.00,0.81,0.00,0.00,0.00,0.50,1.25,0.62,6.50,1.64,0.62,2.88,0.00,0.19,0.13,0.00,0.12,0.00,0.00,0,0,,13,0.81,69,3,0.38,58,10,1.26,77,2,9,7,80,0.00,99,0,8,1.01,64,6,41,0.76,48,0,0.00,99,0,0.00,0,0,0.00,0,1.26,72,46,5.81,99,20,2.52,43.48,0,0.00,0,0,0,0.00,0,10,0.00,38,1.26,51,N/A,N/A,N/A,N/A,0.00,0,0.00,0,2.05,0.00,0,76.00,23.08,36,9,0.62,1.26,10,98,42,0,0,0,0.00,0.00,0,24,106.32,0.25,0.50,4,0,0.00,0.00,99,0.00,0,0,0,0.00,0.00,0,0.00,0.00,0.00,0.00,0,0,15.38,83,29,50,62,37,0.54,16,0.03,0.07,2.05,77,0.13,0.26,91,19,1.19,2.40,1.14,0.56,46,9,0.26,76,30,15,75,0,47,10,0,0.00,99,2,0.00,0.25,15.53,7.69,123,57,95,97,7.19,3.56,46.34,13,1.64,8,0,16.67,0,0.00,99,1,0.06,0.13,40,28,94,56,0,0,0,0,0,69,84,65,91,0,27,67,31,85,3,19,69,37,N/A,N/A
Gabriel Fortes Chaves,25,981878400,2001/02/11,Serie A,2026,Forward,Cruzeiro,62,0,62,Brazil,1,0,1,0,0,0,0,0,0,0,0,0,0,0,0,0,0,0,0,0,0,0,0,0,0,0,0,62,0,0,0,-1,-1,-1,18,0,6.64,0,48,8.71,6.00,0,6,5.00,5,48,7.26,1,0.00,0.00,0.00,0,0.00,0.00,1.45,1.00,1,0.00,0.00,0.00,0.00,0.00,0.00,0.00,0.00,0.00,4.35,1.00,0.00,0.00,2.00,0.27,0.00,1.00,0.00,0.00,0,0,,3,3.00,99,2,2.90,99,1,1.45,82,2,0,1,53,0.00,99,0,0,0.00,10,0,30,0.00,16,0,0.00,99,0,0.00,0,0,0.00,0,0.00,8,0,0.00,9,0,0.00,0.00,0,0.00,0,0,0,0.00,0,0,0.00,99,0.00,0,N/A,N/A,N/A,N/A,0.00,0,0.00,0,0.27,0.00,0,83.33,66.67,99,99,0.00,0.00,0,13,13,0,0,0,0.00,0.00,0,24,6.64,0.00,0.00,0,0,0.00,0.00,99,0.00,0,0,0,0.00,0.00,0,0.00,0.00,1.45,1.00,1,0,0.00,45,0,0,46,0,0.01,0,0.01,0.01,0.27,91,0.27,0.39,96,2,2.00,2.90,1.45,1.00,62,1,0.39,89,30,0,75,0,99,71,0,0.00,99,1,0.00,1.45,10.16,7.00,7,4,82,68,5.81,4.00,57.14,0,0.00,99,0,0.00,0,0.00,99,0,0.00,0.00,30,0,23,56,0,0,0,0,0,28,46,65,59,0,21,5,15,15,0,0,16,77,0,0
Gabriel Girotto Franco,34,710751600,1992/07/10,Serie A,2026,Midfielder,Bragantino,1274,645,629,Brazil,17,8,9,2,1,1,0,0,0,0,0,6,3,3,14,7,7,5,0,0.14,0,0.14,0.14,0.14,637,0.99,91,75,255,0,0.35,150,325,-1,5,420000,6.75,0,48,42.74,35.59,66,605,31.24,531,79,37.51,70,0.00,0.00,0.53,9,0.00,0.59,1.41,1.18,20,0.00,0.35,0.00,0.00,0.00,0.59,0.12,0.82,9.50,1.34,0.65,0.35,0.00,0.47,0.17,0.00,0.53,0.00,0.00,0,0,,19,1.12,61,8,0.57,71,11,0.78,54,2,0,17,51,0.00,99,0,10,0.71,46,10,96,0.71,47,0,0.00,99,0,0.00,0,0,0.00,0,0.64,40,6,0.42,25,2,0.14,33.33,0,0.00,0,0,0,0.00,0,14,0.00,68,0.99,24,N/A,N/A,N/A,N/A,0.00,0,0.00,0,2.89,0.00,0,87.77,42.11,80,55,0.47,0.57,8,20,27,0,0,0,0.06,0.07,1,27,114.81,0.47,0.57,8,1,0.00,0.07,6,0.06,0,0,0,0.00,0.00,0,0.00,0.00,0.07,0.06,1,0,10.53,66,65,61,80,69,1.23,32,0.07,0.09,2.89,70,0.17,0.20,28,8,0.47,0.57,1.20,1.00,50,17,0.20,68,48,19,75,0,57,36,0,0.00,99,9,0.00,0.64,5.72,4.76,81,38,13,13,2.68,2.24,46.91,6,0.42,63,0,60.00,0,0.00,99,6,0.35,0.42,64,80,23,56,0,0,0,0,0,49,66,71,67,0,44,78,33,82,5,29,90,6,N/A,N/A
Gabriel Hamester Grando,26,954316800,2000/03/29,Serie A,2026,Goalkeeper,Grêmio,90,90,0,Brazil,1,1,0,0,0,0,0,0,0,0,0,0,0,0,1,1,0,0,0,0,0,0,0,0,0,1,90,90,0,0,0,-1,-1,-1,36,550000,6.74,0,48,27.00,27.00,24,27,20.00,20,13,20.00,21,0.00,0.00,0.00,0,0.00,0.00,0.00,0.00,0,0.00,0.00,0.00,0.00,2.00,0.00,0.00,3.00,0.00,0.00,0.00,0.00,0.00,0.00,0.00,0.00,0.00,0.00,0.00,0,0,,0,0.00,7,0,0.00,17,0,0.00,7,0,0,1,5,0.00,99,0,0,0.00,10,0,30,0.00,16,0,0.00,99,0,0.00,0,0,0.00,0,0.00,8,0,0.00,9,0,0.00,0.00,0,0.00,0,2,41,2.00,24,3,0.00,66,3.00,93,N/A,N/A,N/A,N/A,66.67,0,0.00,0,0.00,0.00,0,74.07,0.00,17,99,0.00,0.00,0,13,13,0,0,2,0.00,0.00,0,24,6.74,3.00,3.00,3,0,0.00,0.00,99,0.00,0,0,0,0.00,0.00,0,0.00,0.00,0.00,0.00,0,0,0.00,45,0,0,46,67,0.05,10,0.05,0.05,0.00,7,0.00,0.00,1,0,0.00,0.00,0.00,0.00,5,0,0.00,7,47,73,75,0,47,2,0,0.00,99,0,0.00,0.00,0.00,0.00,0,0,0,0,0.00,0.00,0.00,0,0.00,99,0,0.00,0,0.00,99,0,0.00,0.00,30,0,23,12,0,0,0,0,0,28,46,65,59,0,51,5,15,15,0,0,16,12,N/A,N/A
Gabriel Hernán Rojas,29,866962800,1997/06/22,Serie A,2026,Defender,Cruzeiro,253,77,176,Argentina,4,2,2,0,0,0,0,0,0,0,0,1,0,1,2,1,1,0,0,0,0,0,0,0,0,0.71,127,63,0,0,0,-1,-1,-1,22,0,6.94,0,48,36.14,25.50,51,102,20.75,83,35,29.41,48,0.00,0.00,1.25,5,0.00,5.25,2.48,1.75,7,0.00,0.75,0.00,0.00,0.00,1.25,0.25,0.50,0.00,0.35,0.25,0.75,0.00,0.00,0.01,0.00,0.75,0.00,0.00,0,0,,1,0.25,16,0,0.00,17,1,0.35,24,5,1,3,89,0.00,99,0,5,1.77,95,21,46,7.44,98,0,0.00,99,0,0.00,0,0,0.00,0,1.77,87,3,1.06,50,1,0.35,33.33,0,0.00,0,0,0,0.00,0,2,0.00,93,0.71,4,N/A,N/A,N/A,N/A,0.00,0,0.00,0,0.04,0.00,0,81.37,0.00,17,42,0.50,0.71,2,38,27,0,0,0,0.25,0.35,1,63,27.76,2.00,2.83,8,0,0.00,0.00,99,0.00,0,0,0,0.00,0.00,0,0.00,0.00,0.00,0.00,0,0,0.00,45,0,0,46,92,0.34,45,0.09,0.12,0.04,12,0.01,0.01,67,4,1.00,1.42,2.48,1.75,96,7,0.01,12,77,72,75,0,47,57,0,0.00,99,3,0.00,1.06,10.98,7.75,31,15,72,75,5.31,3.75,48.39,3,1.06,26,0,19.05,0,0.00,99,4,1.00,1.42,92,3,36,91,0,0,0,0,0,28,46,65,59,0,21,54,15,15,0,0,16,27,0,0
Gabriel Knesowitsch,22,1066460400,2003/10/18,Serie A,2026,Defender,Mirassol,344,136,208,Brazil,5,2,3,0,0,0,0,0,0,0,0,0,0,0,6,2,4,2,0,0,0,0,0,0,0,1.57,57,69,172,0,0.52,232,225,159,19,0,6.81,0,48,45.26,34.60,72,173,30.60,153,81,40.03,75,0.00,0.00,0.00,0,0.00,0.00,1.57,1.20,6,0.00,0.20,0.00,0.00,0.00,2.00,0.20,1.20,0.00,0.26,0.20,0.40,0.00,0.00,0.01,0.00,2.20,0.00,0.00,0,0,,1,0.20,12,0,0.00,17,1,0.26,17,1,0,5,58,0.00,99,0,10,2.62,99,0,30,0.00,16,0,0.00,99,0,0.00,0,0,0.00,0,0.00,8,2,0.52,28,1,0.26,50.00,0,0.00,0,0,0,0.00,0,6,0.00,14,1.57,73,N/A,N/A,N/A,N/A,0.00,0,0.00,0,0.06,0.00,0,88.44,0.00,17,84,0.20,0.26,1,30,59,0,0,0,0.60,0.78,3,89,34.06,6.80,8.90,34,0,0.00,0.00,99,0.00,0,0,0,0.00,0.00,0,0.00,0.00,0.00,0.00,0,0,0.00,45,0,1,46,14,0.38,36,0.08,0.10,0.06,16,0.01,0.02,1,0,0.00,0.00,0.78,0.60,23,3,0.02,15,56,99,75,0,47,97,0,0.00,99,11,0.00,2.88,7.59,5.80,29,18,59,37,4.71,3.60,62.07,1,0.26,73,0,0.00,0,0.00,99,0,0.00,0.00,30,14,23,35,0,0,0,0,0,28,46,65,59,0,21,5,21,93,2,40,97,44,0,0
Gabriel Lhman Xavier,25,989132400,2001/05/06,Serie A,2026,Defender,Bahia,430,226,204,Brazil,6,3,3,0,0,0,0,0,0,0,0,3,1,2,6,3,3,2,0,0,0,0,0,0,0,1.26,72,72,215,0,0.42,434,434,114,26,450000,7.84,0,48,57.35,45.67,91,274,39.83,239,75,50.02,90,0.00,0.00,0.00,0,0.00,0.00,1.47,1.17,7,0.00,0.00,0.00,0.00,0.00,1.00,0.00,1.00,0.00,0.21,0.17,0.00,0.00,0.00,0.01,0.00,3.17,0.00,0.00,0,0,,1,0.17,10,0,0.00,17,1,0.21,13,2,1,5,54,0.00,99,0,6,1.26,82,0,30,0.00,16,0,0.00,99,0,0.00,0,0,0.00,0,0.00,8,0,0.00,9,0,0.00,0.00,0,0.00,0,0,0,0.00,0,6,0.00,38,1.26,51,N/A,N/A,N/A,N/A,0.00,0,0.00,0,0.05,0.00,0,87.23,0.00,17,49,0.50,0.63,3,13,13,0,0,0,0.50,0.63,3,83,47.03,6.33,7.95,38,0,0.00,0.00,99,0.00,0,0,0,0.00,0.00,0,0.00,0.00,0.00,0.00,0,0,0.00,45,6,4,46,39,0.49,36,0.08,0.10,0.05,12,0.01,0.01,19,2,0.33,0.42,0.42,0.33,11,2,0.01,12,99,99,75,0,47,99,0,0.00,99,19,0.00,3.98,7.95,6.33,38,28,83,40,5.86,4.67,73.68,0,0.00,99,0,0.00,0,0.00,99,0,0.00,0.00,30,14,36,56,0,0,0,0,0,28,46,65,59,0,47,98,27,88,0,0,16,3,N/A,N/A
Gabriel Menegon,17,1223967600,2008/10/14,Serie A,2026,Goalkeeper,Grêmio,11,11,0,Brazil,1,1,0,0,0,0,0,0,0,0,0,0,0,0,0,0,0,0,0,0,0,0,0,0,0,0,0,11,0,0,0,-1,-1,-1,22,0,0.00,0,48,0.00,0.00,0,0,0.00,0,0,0.00,0,0.00,0.00,0.00,0,0.00,0.00,0.00,0.00,0,0.00,0.00,0.00,0.00,0.00,0.00,0.00,0.00,0.00,0.00,0.00,0.00,0.00,0.00,0.00,0.00,0.00,0.00,0.00,0,0,,0,0.00,7,0,0.00,17,0,0.00,7,0,1,0,5,0.00,99,0,0,0.00,10,0,30,0.00,16,0,0.00,99,0,0.00,0,0,0.00,0,0.00,8,0,0.00,9,0,0.00,0.00,0,0.00,0,0,0,0.00,0,0,0.00,99,0.00,0,N/A,N/A,N/A,N/A,0.00,0,0.00,0,0.00,0.00,0,0.00,0.00,17,99,0.00,0.00,0,13,13,0,0,0,0.00,0.00,0,24,0.00,0.00,0.00,0,0,0.00,0.00,99,0.00,0,0,0,0.00,0.00,0,0.00,0.00,0.00,0.00,0,0,0.00,45,0,0,46,0,0.00,0,0.00,0.00,0.00,7,0.00,0.00,1,0,0.00,0.00,0.00,0.00,5,0,0.00,7,0,0,75,0,47,2,0,0.00,99,0,0.00,0.00,0.00,0.00,0,0,0,0,0.00,0.00,0.00,0,0.00,99,0,0.00,0,0.00,99,0,0.00,0.00,30,0,36,12,0,0,0,0,0,28,46,65,59,0,21,5,15,15,0,0,16,31,0,0
Gabriel Mercado,39,543052800,1987/03/18,Serie A,2026,Defender,Internacional,1297,856,441,Argentina,15,10,5,1,1,0,0,0,0,0,0,4,3,1,14,8,6,6,0,0.07,0,0.07,0.11,0,1297,0.97,93,86,216,0,0.42,203,333,52,8,784126,6.76,0,48,39.14,37.60,58,564,31.93,479,59,33.24,58,0.00,0.00,0.33,5,0.00,0.20,1.60,1.53,23,0.00,0.13,0.00,0.00,0.00,1.13,0.00,1.07,7.00,0.49,0.33,0.00,0.00,0.13,0.07,0.00,1.27,0.00,0.00,0,0,,7,0.47,23,2,0.14,29,5,0.35,24,5,0,15,60,0.00,99,0,17,1.18,76,3,30,0.21,27,0,0.00,99,0,0.00,0,0,0.00,0,0.35,26,0,0.00,9,0,0.00,0.00,0,0.00,0,0,0,0.00,0,16,0.00,71,1.11,36,N/A,N/A,N/A,N/A,0.00,0,0.00,0,1.07,0.00,0,84.93,28.57,47,73,0.40,0.42,6,13,13,0,0,0,0.47,0.49,7,75,101.44,4.93,5.13,74,0,0.00,0.00,99,0.00,0,0,0,0.00,0.00,0,0.00,0.00,0.07,0.07,1,0,14.29,81,68,41,93,71,1.28,32,0.09,0.09,1.07,39,0.07,0.07,31,9,0.60,0.62,1.11,1.07,44,16,0.07,38,50,89,75,0,57,68,0,0.00,99,19,0.00,1.32,6.38,6.13,92,50,29,19,3.47,3.33,54.35,2,0.14,82,0,0.00,0,0.00,99,0,0.00,0.00,30,69,23,91,0,0,0,0,0,35,54,65,63,0,60,58,28,88,6,40,97,25,N/A,N/A
Gabriel Morais Silva Bontempo,21,1105862400,2005/01/16,Serie A,2026,Midfielder,Santos,1325,817,508,Brazil,20,12,8,0,0,0,2,1,1,0,0,3,3,0,24,13,11,2,0,0.14,0.14,0,0,0,0,1.63,55,66,663,663,0.14,373,104,-1,24,0,6.22,0.1,76,43.01,31.30,67,626,26.70,534,61,36.69,69,0.00,0.00,1.35,27,0.00,1.40,1.79,1.30,26,0.00,0.75,0.00,0.00,0.00,0.50,0.65,1.30,0.00,0.82,0.50,1.15,0.00,0.10,0.04,0.00,0.65,0.00,0.00,0,0,,12,0.60,43,2,0.14,29,10,0.69,48,2,5,15,69,0.00,99,0,10,0.69,46,28,43,1.92,64,0,0.00,99,0,0.00,0,0,0.00,0,1.85,88,23,1.58,66,13,0.89,56.52,0,0.00,0,0,0,0.00,0,26,0.00,12,1.79,84,N/A,N/A,N/A,N/A,0.00,0,0.00,0,0.80,0.00,0,85.30,16.67,26,37,0.55,0.76,11,71,66,0,0,0,0.10,0.14,2,40,124.45,0.45,0.62,9,0,0.00,0.00,99,0.00,0,0,0,0.00,0.00,0,0.00,0.00,0.07,0.05,1,1,0.00,45,69,82,46,12,3.42,85,0.17,0.23,0.80,31,0.04,0.05,75,24,1.20,1.65,0.48,0.35,13,7,0.05,30,10,21,75,0,57,49,0,0.00,99,13,0.00,0.89,8.86,6.45,129,76,70,51,5.22,3.80,58.91,15,1.03,28,0,17.86,0,0.00,99,5,0.25,0.34,60,69,74,56,0,0,0,0,0,49,46,65,59,0,21,30,82,35,2,10,42,49,0,0
Gabriel Paulista,35,659606400,1990/11/26,Serie A,2026,Defender,Corinthians,1674,864,810,Brazil,19,10,9,1,1,0,0,0,0,0,0,8,5,3,18,8,10,5,0,0.05,0,0.05,0.1,0,1674,0.97,93,88,335,0,0.27,217,410,50,16,1536000,6.91,0,48,52.53,51.42,85,977,45.84,871,85,46.83,86,0.00,0.00,0.21,4,0.00,0.05,0.81,0.79,15,0.00,0.00,0.00,0.00,0.00,1.05,0.00,0.95,18.00,0.97,0.84,0.00,0.00,0.11,0.09,0.00,2.05,0.00,0.00,0,0,,18,0.95,49,2,0.11,24,16,0.86,58,1,0,19,21,0.00,99,0,20,1.08,70,1,30,0.05,16,0,0.00,99,0,0.00,0,0,0.00,0,0.22,17,0,0.00,9,0,0.00,0.00,0,0.00,0,0,0,0.00,0,18,0.00,71,0.97,21,N/A,N/A,N/A,N/A,0.00,0,0.00,0,1.62,0.00,0,89.15,11.11,20,90,0.16,0.16,3,13,13,0,0,0,0.37,0.38,7,65,131.32,5.58,5.70,106,0,0.00,0.00,99,0.00,0,0,0,0.00,0.00,0,0.00,0.00,0.00,0.00,0,0,5.56,50,89,74,97,71,1.73,32,0.09,0.09,1.62,46,0.09,0.09,25,10,0.53,0.54,0.70,0.68,21,13,0.09,44,71,93,75,0,47,85,0,0.00,99,39,0.00,2.10,4.73,4.63,88,62,25,9,3.33,3.26,70.45,0,0.00,99,0,0.00,0,0.00,99,0,0.00,0.00,30,88,23,35,0,0,0,0,0,30,49,65,61,0,83,91,48,68,5,26,86,3,N/A,N/A
Gabriel Pereira Taliari,29,860914800,1997/04/13,Serie A,2026,Forward,Remo,828,271,557,Brazil,12,4,8,4,3,1,0,0,0,0,0,2,1,1,14,4,10,0,0,0.43,0,0.43,1,0.16,207,1.52,59,69,0,0,0,24,236,-1,3,0,6.81,0,48,15.33,11.75,5,141,8.67,104,13,11.30,5,0.00,0.00,0.17,2,0.00,0.50,0.87,0.67,8,0.00,1.08,0.00,0.00,0.00,0.08,0.08,1.17,5.25,2.28,1.17,0.33,0.00,0.58,0.33,0.00,1.50,0.00,0.00,0,0,,21,1.75,82,7,0.76,80,14,1.52,84,5,3,9,24,0.00,99,0,1,0.11,13,6,30,0.65,46,0,0.00,99,0,0.00,0,0,0.00,0,0.22,17,4,0.43,26,1,0.11,25.00,0,0.00,0,0,0,0.00,0,14,0.00,19,1.52,70,N/A,N/A,N/A,N/A,0.00,0,0.00,0,3.93,0.00,0,73.76,33.33,62,46,0.50,0.65,6,19,18,0,0,0,0.00,0.00,0,24,81.67,0.58,0.76,7,0,0.00,0.00,99,0.00,0,0,0,0.00,0.00,0,0.00,0.00,0.33,0.25,3,0,19.05,88,35,24,51,19,0.32,4,0.03,0.03,3.93,93,0.33,0.43,95,25,2.08,2.72,1.96,1.50,88,18,0.43,92,56,26,75,0,87,83,0,0.00,99,18,0.00,1.96,12.39,9.50,114,51,78,88,5.54,4.25,44.74,13,1.41,14,0,0.00,0,0.00,99,0,0.00,0.00,30,37,56,91,0,1,0,8,0,85,95,74,99,0,21,32,15,15,0,0,16,19,0,0
Gabriel Poveda,28,899794800,1998/07/07,Serie A,2026,Forward,Remo,151,117,34,Brazil,11,6,5,0,0,0,0,0,0,0,0,1,1,0,2,1,1,0,0,0,0,0,0,0,0,1.19,76,14,0,0,0,-1,-1,-1,15,0,5.34,0,48,18.24,2.82,8,31,1.64,18,1,10.59,4,0.00,0.00,0.00,0,0.00,0.09,1.18,0.18,2,0.00,0.27,0.00,0.00,0.00,0.09,0.09,0.18,0.00,1.18,0.09,0.09,0.00,0.09,0.02,0.00,0.55,0.00,0.00,0,0,,2,0.18,55,1,0.59,72,1,0.59,43,2,10,1,42,0.00,99,0,1,0.59,41,1,30,0.59,43,0,0.00,99,0,0.00,0,0,0.00,0,0.00,8,1,0.59,32,1,0.59,100.00,0,0.00,0,0,0,0.00,0,2,0.00,45,1.18,44,N/A,N/A,N/A,N/A,0.00,0,0.00,0,0.20,0.00,0,58.06,50.00,92,11,0.18,1.18,2,57,99,0,0,0,0.00,0.00,0,24,58.75,0.27,1.76,3,0,0.00,0.00,99,0.00,0,0,0,0.00,0.00,0,0.00,0.00,0.00,0.00,0,0,0.00,45,0,21,46,46,0.04,0,0.00,0.02,0.20,54,0.02,0.12,91,4,0.36,2.35,2.35,0.36,96,4,0.12,53,0,56,75,0,47,99,0,0.00,99,6,0.00,3.53,20.00,3.09,34,13,97,99,7.65,1.18,38.24,3,1.76,7,0,0.00,0,0.00,99,0,0.00,0.00,30,0,96,56,0,0,0,0,0,28,46,65,59,0,21,16,15,15,0,0,16,99,0,0
Gabriel Souza da Silva,21,1104912000,2005/01/05,Serie A,2026,Forward,Vasco da Gama,23,13,10,Brazil,2,1,1,0,0,0,0,0,0,0,0,0,0,0,0,0,0,0,0,0,0,0,0,0,0,0,0,12,0,0,0,-1,-1,-1,30,0,6.55,0,48,31.30,4.00,34,8,3.00,6,15,23.48,29,0.00,0.00,0.50,1,0.00,0.00,0.00,0.00,0,0.00,0.00,0.00,0.00,0.00,0.00,0.00,0.00,0.00,0.00,0.00,0.00,0.00,0.00,0.00,0.00,0.50,0.00,0.00,0,0,,0,0.00,7,0,0.00,17,0,0.00,7,0,2,0,5,0.00,99,0,0,0.00,10,0,30,0.00,16,0,0.00,99,0,0.00,0,0,0.00,0,3.91,99,0,0.00,9,0,0.00,0.00,0,0.00,0,0,0,0.00,0,0,0.00,99,0.00,0,N/A,N/A,N/A,N/A,0.00,0,0.00,0,0.00,0.00,0,75.00,0.00,17,99,0.00,0.00,0,13,13,0,0,0,0.00,0.00,0,24,13.10,0.00,0.00,0,0,0.00,0.00,99,0.00,0,0,0,0.00,0.00,0,0.00,0.00,0.00,0.00,0,0,0.00,45,0,0,46,0,0.04,65,0.02,0.16,0.00,7,0.00,0.00,1,0,0.00,0.00,0.00,0.00,5,0,0.00,7,21,0,75,0,47,99,0,0.00,99,1,0.00,3.91,11.74,1.50,3,1,37,83,3.91,0.50,33.33,0,0.00,99,0,0.00,0,0.00,99,0,0.00,0.00,30,0,46,12,0,0,0,0,0,28,46,65,59,0,21,5,15,15,0,0,16,19,0,0
Gabriel Vasconelos Ferreira,33,717577200,1992/09/27,Serie A,2026,Goalkeeper,Vitória,360,180,180,Brazil,4,2,2,0,0,0,0,0,0,0,0,1,1,0,10,2,8,0,0,0,0,0,0,0,0,2.5,36,90,0,0,0,363,361,186,36,120000,6.14,0,48,20.50,20.50,11,82,9.75,39,0,9.75,4,0.00,0.00,0.25,1,0.00,0.00,0.00,0.00,0,0.00,0.00,0.00,0.00,1.00,0.00,0.00,3.50,0.00,0.00,0.00,0.00,0.00,0.00,0.00,0.00,0.25,0.00,0.00,0,0,,0,0.00,7,0,0.00,17,0,0.00,7,0,0,4,5,0.00,99,0,0,0.00,10,0,30,0.00,16,0,0.00,99,0,0.00,0,0,0.00,0,0.25,20,0,0.00,9,0,0.00,0.00,0,0.00,0,4,21,1.00,21,14,0.00,0,3.50,94,N/A,N/A,N/A,N/A,28.57,0,0.00,0,0.00,0.00,0,47.56,0.00,17,99,0.00,0.00,0,13,13,0,0,4,0.00,0.00,0,24,24.58,1.00,1.00,4,0,0.00,0.00,99,0.00,0,0,0,0.00,0.00,2,0.50,0.50,0.00,0.00,0,0,0.00,45,0,0,46,0,0.11,4,0.03,0.03,0.00,7,0.00,0.00,23,2,0.50,0.50,0.00,0.00,5,0,0.00,7,6,37,75,56,47,10,0,0.00,99,1,0.00,0.25,0.75,0.75,3,3,6,6,0.75,0.75,100.00,0,0.00,99,0,0.00,0,0.00,99,0,0.00,0.00,30,8,23,12,0,0,0,0,0,28,46,65,59,0,24,54,15,15,0,0,16,22,N/A,N/A
Gabriel Vinicius,18,1208934000,2008/04/23,Serie A,2026,Midfielder,Internacional,0,0,0,Brazil,0,0,0,0,0,0,0,0,0,0,0,0,0,0,0,0,0,0,0,0,0,0,0,0,0,0,0,0,0,0,0,-1,-1,-1,-1,N/A,N/A,N/A,N/A,N/A,N/A,N/A,N/A,N/A,N/A,N/A,N/A,N/A,N/A,N/A,N/A,N/A,N/A,N/A,N/A,N/A,N/A,N/A,N/A,N/A,N/A,N/A,N/A,N/A,N/A,N/A,N/A,N/A,N/A,N/A,N/A,N/A,N/A,N/A,N/A,N/A,N/A,N/A,N/A,N/A,N/A,N/A,N/A,N/A,N/A,N/A,N/A,N/A,N/A,N/A,N/A,N/A,N/A,N/A,N/A,N/A,N/A,N/A,N/A,N/A,N/A,N/A,N/A,N/A,N/A,N/A,N/A,N/A,N/A,N/A,N/A,N/A,N/A,N/A,N/A,N/A,N/A,N/A,N/A,N/A,N/A,N/A,N/A,N/A,N/A,N/A,N/A,N/A,N/A,N/A,N/A,N/A,N/A,N/A,N/A,N/A,N/A,N/A,N/A,N/A,N/A,N/A,N/A,N/A,N/A,N/A,N/A,N/A,N/A,N/A,N/A,N/A,N/A,N/A,N/A,N/A,N/A,N/A,N/A,N/A,N/A,N/A,N/A,N/A,N/A,N/A,N/A,N/A,N/A,N/A,N/A,N/A,N/A,N/A,N/A,N/A,N/A,N/A,N/A,N/A,N/A,N/A,N/A,N/A,N/A,N/A,N/A,N/A,N/A,N/A,N/A,N/A,N/A,N/A,N/A,N/A,N/A,N/A,N/A,N/A,N/A,N/A,N/A,N/A,N/A,N/A,N/A,N/A,N/A,N/A,N/A,N/A,N/A,N/A,N/A,N/A,N/A,N/A,N/A,N/A,N/A,N/A,N/A,N/A,N/A,N/A,N/A,N/A,N/A,N/A,N/A,N/A,N/A,N/A,N/A,N/A,N/A,N/A,N/A,N/A,N/A,N/A,N/A,N/A,N/A,N/A,N/A,N/A,N/A,N/A,N/A,N/A,N/A,N/A,N/A,N/A,N/A,N/A,N/A
Gabriel Vinicius Menino,25,970210800,2000/09/29,Serie A,2026,Defender,Santos,553,245,308,Brazil,11,6,5,1,0,1,0,0,0,0,0,1,0,1,8,3,5,2,0,0.16,0,0.16,0,0.29,553,1.3,69,50,277,0,0.33,136,372,121,10,1200000,6.85,0,48,46.14,25.82,75,284,21.27,234,41,38.01,72,0.00,0.00,0.73,8,0.00,3.18,1.95,1.09,12,0.00,0.64,0.00,0.00,0.00,1.00,0.55,1.00,15.00,2.44,0.91,1.00,0.00,0.45,0.15,0.00,1.00,0.00,0.00,0,0,,15,1.36,85,5,0.81,81,10,1.62,87,3,6,5,75,0.00,99,0,11,1.79,95,35,49,5.69,95,0,0.00,99,0,0.00,0,0,0.00,0,1.30,74,11,1.79,71,6,0.97,54.55,0,0.00,0,0,0,0.00,0,11,0.00,34,1.79,84,N/A,N/A,N/A,N/A,0.00,0,0.00,0,1.65,0.00,0,82.39,33.33,62,4,0.82,1.46,9,75,63,0,0,0,0.00,0.00,0,24,75.35,0.82,1.46,9,0,0.00,0.00,99,0.00,0,0,0,0.00,0.00,0,0.00,0.00,0.16,0.09,1,0,6.67,53,15,21,77,34,0.82,51,0.07,0.13,1.65,78,0.15,0.27,92,15,1.36,2.44,1.14,0.64,46,7,0.27,77,61,52,75,0,76,79,0,0.00,99,11,0.00,1.79,12.35,6.91,76,42,93,87,6.82,3.82,55.26,7,1.14,23,0,20.00,0,0.00,99,7,0.64,1.14,88,14,79,72,0,0,0,0,0,53,69,86,59,0,76,16,36,80,2,18,67,25,N/A,N/A
Ganso,36,624178800,1989/10/12,Serie A,2026,Midfielder,Fluminense,548,296,252,Brazil,13,8,5,0,0,0,0,0,0,0,0,1,1,0,8,4,4,1,0,0,0,0,0,0,0,1.31,69,42,548,0,0.16,368,403,-1,30,1800000,5.93,0,48,73.96,30.73,99,461,27.80,417,91,66.90,99,0.00,0.00,1.20,18,0.00,1.60,1.93,0.80,12,0.00,0.40,0.00,0.00,0.00,0.13,0.13,0.60,0.00,1.12,0.27,0.40,0.00,0.20,0.04,0.00,0.20,0.00,0.00,0,0,,7,0.47,53,3,0.48,66,4,0.64,45,1,8,5,74,0.00,99,0,2,0.32,23,24,62,3.85,84,0,0.00,99,0,0.00,0,0,0.00,0,2.89,97,6,0.96,46,2,0.32,33.33,0,0.00,0,0,0,0.00,0,9,0.00,34,1.44,62,N/A,N/A,N/A,N/A,0.00,0,0.00,0,0.53,0.00,0,90.46,42.86,83,48,0.27,0.64,4,35,27,0,0,0,0.00,0.00,0,24,88.95,0.13,0.32,2,0,0.00,0.00,99,0.00,0,0,1,0.07,0.16,0,0.00,0.00,0.16,0.07,1,0,0.00,45,14,30,46,34,1.40,83,0.09,0.22,0.53,46,0.04,0.09,62,8,0.53,1.28,1.28,0.53,53,8,0.09,44,3,6,95,0,76,24,0,0.00,99,3,0.00,0.48,7.54,3.13,47,22,30,37,3.53,1.47,46.81,6,0.96,31,0,25.00,0,0.00,99,6,0.40,0.96,85,14,90,35,0,0,0,0,0,28,46,65,59,0,88,13,76,40,1,8,34,10,N/A,N/A
Gastón Américo Benavídez,30,814431600,1995/10/23,Serie A,2026,Defender,Atlético PR,1629,909,720,Argentina,19,11,8,0,0,0,5,4,1,0,0,7,4,3,15,7,8,5,0,0.28,0.28,0,0,0,0,0.83,109,86,326,326,0.28,349,28,35,27,1100000,6.94,0.26,95,42.04,40.05,63,761,33.11,629,44,34.75,62,0.00,0.00,1.05,20,0.00,1.58,0.88,0.84,16,0.00,0.32,0.00,0.00,0.00,0.84,0.32,0.89,0.00,0.44,0.21,0.68,0.00,0.21,0.04,0.00,0.53,0.00,0.00,0,0,,8,0.42,18,4,0.22,42,4,0.22,14,0,1,18,25,0.00,99,0,16,0.88,55,30,41,1.66,60,0,0.00,99,0,0.00,0,0,0.00,0,1.10,64,13,0.72,39,6,0.33,46.15,0,0.00,0,0,0,0.00,0,17,0.00,82,0.94,18,N/A,N/A,N/A,N/A,0.00,0,0.00,0,0.73,0.00,0,82.65,50.00,92,62,0.47,0.50,9,37,49,0,0,0,0.37,0.39,7,66,131.86,2.53,2.65,48,0,0.00,0.00,99,0.00,0,0,0,0.00,0.00,0,0.00,0.00,0.11,0.11,2,0,0.00,45,87,74,46,84,4.97,92,0.26,0.27,0.73,26,0.04,0.04,56,20,1.05,1.10,0.99,0.95,35,18,0.04,25,77,69,75,0,65,30,0,0.00,99,10,0.00,0.55,5.47,5.21,99,50,14,12,2.76,2.63,50.51,6,0.33,69,0,16.67,0,0.00,99,5,0.26,0.28,55,84,36,12,0,0,0,0,0,73,46,65,59,0,71,81,47,71,5,26,86,29,N/A,N/A
Gean de Jesus Soares,19,1181545200,2007/06/11,Serie A,2026,Midfielder,Vitória,0,0,0,Brazil,0,0,0,0,0,0,0,0,0,0,0,0,0,0,0,0,0,0,0,0,0,0,0,0,0,0,0,0,0,0,0,-1,-1,-1,-1,N/A,N/A,N/A,N/A,N/A,N/A,N/A,N/A,N/A,N/A,N/A,N/A,N/A,N/A,N/A,N/A,N/A,N/A,N/A,N/A,N/A,N/A,N/A,N/A,N/A,N/A,N/A,N/A,N/A,N/A,N/A,N/A,N/A,N/A,N/A,N/A,N/A,N/A,N/A,N/A,N/A,N/A,N/A,N/A,N/A,N/A,N/A,N/A,N/A,N/A,N/A,N/A,N/A,N/A,N/A,N/A,N/A,N/A,N/A,N/A,N/A,N/A,N/A,N/A,N/A,N/A,N/A,N/A,N/A,N/A,N/A,N/A,N/A,N/A,N/A,N/A,N/A,N/A,N/A,N/A,N/A,N/A,N/A,N/A,N/A,N/A,N/A,N/A,N/A,N/A,N/A,N/A,N/A,N/A,N/A,N/A,N/A,N/A,N/A,N/A,N/A,N/A,N/A,N/A,N/A,N/A,N/A,N/A,N/A,N/A,N/A,N/A,N/A,N/A,N/A,N/A,N/A,N/A,N/A,N/A,N/A,N/A,N/A,N/A,N/A,N/A,N/A,N/A,N/A,N/A,N/A,N/A,N/A,N/A,N/A,N/A,N/A,N/A,N/A,N/A,N/A,N/A,N/A,N/A,N/A,N/A,N/A,N/A,N/A,N/A,N/A,N/A,N/A,N/A,N/A,N/A,N/A,N/A,N/A,N/A,N/A,N/A,N/A,N/A,N/A,N/A,N/A,N/A,N/A,N/A,N/A,N/A,N/A,N/A,N/A,N/A,N/A,N/A,N/A,N/A,N/A,N/A,N/A,N/A,N/A,N/A,N/A,N/A,N/A,N/A,N/A,N/A,N/A,N/A,N/A,N/A,N/A,N/A,N/A,N/A,N/A,N/A,N/A,N/A,N/A,N/A,N/A,N/A,N/A,N/A,N/A,N/A,N/A,N/A,N/A,N/A,N/A,N/A,N/A,N/A,N/A,N/A,N/A,N/A
Georgemy Gonçalves,31,808470000,1995/08/15,Serie A,2026,Goalkeeper,Mirassol,0,0,0,Brazil,0,0,0,0,0,0,0,0,0,0,0,0,0,0,0,0,0,0,0,0,0,0,0,0,0,0,0,0,0,0,0,-1,-1,-1,-1,N/A,N/A,N/A,N/A,N/A,N/A,N/A,N/A,N/A,N/A,N/A,N/A,N/A,N/A,N/A,N/A,N/A,N/A,N/A,N/A,N/A,N/A,N/A,N/A,N/A,N/A,N/A,N/A,N/A,N/A,N/A,N/A,N/A,N/A,N/A,N/A,N/A,N/A,N/A,N/A,N/A,N/A,N/A,N/A,N/A,N/A,N/A,N/A,N/A,N/A,N/A,N/A,N/A,N/A,N/A,N/A,N/A,N/A,N/A,N/A,N/A,N/A,N/A,N/A,N/A,N/A,N/A,N/A,N/A,N/A,N/A,N/A,N/A,N/A,N/A,N/A,N/A,N/A,N/A,N/A,N/A,N/A,N/A,N/A,N/A,N/A,N/A,N/A,N/A,N/A,N/A,N/A,N/A,N/A,N/A,N/A,N/A,N/A,N/A,N/A,N/A,N/A,N/A,N/A,N/A,N/A,N/A,N/A,N/A,N/A,N/A,N/A,N/A,N/A,N/A,N/A,N/A,N/A,N/A,N/A,N/A,N/A,N/A,N/A,N/A,N/A,N/A,N/A,N/A,N/A,N/A,N/A,N/A,N/A,N/A,N/A,N/A,N/A,N/A,N/A,N/A,N/A,N/A,N/A,N/A,N/A,N/A,N/A,N/A,N/A,N/A,N/A,N/A,N/A,N/A,N/A,N/A,N/A,N/A,N/A,N/A,N/A,N/A,N/A,N/A,N/A,N/A,N/A,N/A,N/A,N/A,N/A,N/A,N/A,N/A,N/A,N/A,N/A,N/A,N/A,N/A,N/A,N/A,N/A,N/A,N/A,N/A,N/A,N/A,N/A,N/A,N/A,N/A,N/A,N/A,N/A,N/A,N/A,N/A,N/A,N/A,N/A,N/A,N/A,N/A,N/A,N/A,N/A,N/A,N/A,N/A,N/A,N/A,N/A,N/A,N/A,N/A,N/A,N/A,N/A,N/A,N/A,N/A,N/A
Germán Cano,38,570787200,1988/02/02,Serie A,2026,Forward,Fluminense,137,65,72,Argentina,9,5,4,1,1,0,0,0,0,0,0,1,1,0,4,2,2,0,0,0.66,0,0.66,1.38,0,137,2.63,34,15,0,0,0,-1,-1,-1,10,0,5.98,0,48,17.74,3.00,7,27,2.44,22,36,14.45,10,0.00,0.00,0.22,2,0.00,0.22,0.00,0.00,0,0.00,0.22,0.00,0.00,0.00,0.00,0.00,0.44,11.00,7.23,0.78,0.00,0.00,0.44,0.16,0.00,0.11,0.00,0.00,0,0,,11,1.22,99,4,2.63,99,7,4.60,99,0,9,0,5,0.00,99,0,0,0.00,10,2,95,1.31,56,0,0.00,99,0,0.00,0,0,0.00,0,1.31,74,0,0.00,9,0,0.00,0.00,0,0.00,0,0,0,0.00,0,4,0.00,0,2.63,93,N/A,N/A,N/A,N/A,0.00,0,0.00,0,1.47,0.00,0,81.48,36.36,69,45,0.11,0.66,1,13,13,0,0,0,0.00,0.00,0,24,53.80,0.00,0.00,0,0,0.00,0.00,99,0.00,0,0,1,0.11,0.66,0,0.00,0.00,0.00,0.00,0,0,9.09,62,0,12,46,0,0.14,32,0.02,0.09,1.47,99,0.16,0.97,1,0,0.00,0.00,0.66,0.11,19,1,0.97,99,4,0,99,0,47,38,0,0.00,99,1,0.00,0.66,4.60,0.78,7,1,6,9,0.66,0.11,14.29,2,1.31,17,0,50.00,0,0.00,99,1,0.11,0.66,76,0,94,12,0,0,0,0,0,97,99,65,99,0,21,23,15,15,0,0,16,14,0,0
Gerson,29,864111600,1997/05/20,Serie A,2026,Midfielder,Cruzeiro,1559,846,713,Brazil,21,11,10,0,0,0,2,1,1,0,0,5,3,2,22,12,10,4,0,0.12,0.12,0,0,0,0,1.27,71,74,390,780,0.23,237,129,-1,34,7777777,7.27,0.1,71,57.61,47.52,91,998,43.14,906,93,52.30,93,0.00,0.00,0.81,17,0.00,0.62,1.56,1.29,27,0.00,0.86,0.00,0.00,0.00,0.43,0.81,1.10,0.00,1.10,0.57,1.33,0.00,0.33,0.08,0.00,0.76,0.00,0.00,0,0,,19,0.90,52,7,0.40,61,12,0.69,48,4,2,19,57,0.00,99,0,9,0.52,37,13,76,0.75,48,0,0.00,99,0,0.00,0,0,0.00,0,0.98,58,28,1.62,67,17,0.98,60.71,0,0.00,0,0,0,0.00,0,23,0.00,36,1.33,56,N/A,N/A,N/A,N/A,0.00,0,0.00,0,1.67,0.00,0,90.78,36.84,69,26,0.76,0.92,16,75,73,0,0,0,0.38,0.46,8,73,152.70,1.14,1.39,24,0,0.00,0.00,99,0.00,0,0,0,0.00,0.00,0,0.00,0.00,0.17,0.14,3,0,0.00,45,83,90,46,37,3.58,82,0.17,0.21,1.67,50,0.08,0.10,92,43,2.05,2.48,1.39,1.14,58,24,0.10,48,98,50,75,0,78,50,0,0.00,99,16,0.00,0.92,10.28,8.48,178,101,82,68,5.83,4.81,56.74,18,1.04,28,0,30.77,0,0.00,99,4,0.19,0.23,51,88,46,83,0,0,0,0,0,44,46,65,59,0,99,51,58,59,3,14,57,11,N/A,N/A
Gianluca Piola Minozzo,25,982051200,2001/02/13,Serie A,2026,Defender,Chapecoense,0,0,0,Brazil,0,0,0,0,0,0,0,0,0,0,0,0,0,0,0,0,0,0,0,0,0,0,0,0,0,0,0,0,0,0,0,-1,-1,-1,-1,N/A,N/A,N/A,N/A,N/A,N/A,N/A,N/A,N/A,N/A,N/A,N/A,N/A,N/A,N/A,N/A,N/A,N/A,N/A,N/A,N/A,N/A,N/A,N/A,N/A,N/A,N/A,N/A,N/A,N/A,N/A,N/A,N/A,N/A,N/A,N/A,N/A,N/A,N/A,N/A,N/A,N/A,N/A,N/A,N/A,N/A,N/A,N/A,N/A,N/A,N/A,N/A,N/A,N/A,N/A,N/A,N/A,N/A,N/A,N/A,N/A,N/A,N/A,N/A,N/A,N/A,N/A,N/A,N/A,N/A,N/A,N/A,N/A,N/A,N/A,N/A,N/A,N/A,N/A,N/A,N/A,N/A,N/A,N/A,N/A,N/A,N/A,N/A,N/A,N/A,N/A,N/A,N/A,N/A,N/A,N/A,N/A,N/A,N/A,N/A,N/A,N/A,N/A,N/A,N/A,N/A,N/A,N/A,N/A,N/A,N/A,N/A,N/A,N/A,N/A,N/A,N/A,N/A,N/A,N/A,N/A,N/A,N/A,N/A,N/A,N/A,N/A,N/A,N/A,N/A,N/A,N/A,N/A,N/A,N/A,N/A,N/A,N/A,N/A,N/A,N/A,N/A,N/A,N/A,N/A,N/A,N/A,N/A,N/A,N/A,N/A,N/A,N/A,N/A,N/A,N/A,N/A,N/A,N/A,N/A,N/A,N/A,N/A,N/A,N/A,N/A,N/A,N/A,N/A,N/A,N/A,N/A,N/A,N/A,N/A,N/A,N/A,N/A,N/A,N/A,N/A,N/A,N/A,N/A,N/A,N/A,N/A,N/A,N/A,N/A,N/A,N/A,N/A,N/A,N/A,N/A,N/A,N/A,N/A,N/A,N/A,N/A,N/A,N/A,N/A,N/A,N/A,N/A,N/A,N/A,N/A,N/A,N/A,N/A,N/A,N/A,N/A,N/A,N/A,N/A,N/A,N/A,N/A,N/A
Gilberto Júnior Leite dos Santos,21,1111910400,2005/03/27,Serie A,2026,Defender,Atlético PR,273,130,143,Brazil,6,3,3,0,0,0,0,0,0,0,0,2,2,0,3,1,2,0,0,0,0,0,0,0,0,0.99,91,46,0,0,0,350,359,57,24,350000,6.68,0,48,34.62,17.50,45,105,13.33,80,18,26.37,38,0.00,0.00,0.17,1,0.00,3.83,3.63,1.83,11,0.00,0.33,0.00,0.00,0.00,0.17,0.33,0.50,0.00,0.33,0.17,0.67,0.00,0.00,0.01,0.00,0.00,0.00,0.00,0,0,,1,0.17,15,0,0.00,17,1,0.33,22,3,3,3,99,0.00,99,0,1,0.33,23,23,30,7.58,98,0,0.00,99,0,0.00,0,0,0.00,0,0.33,24,4,1.32,59,2,0.66,50.00,0,0.00,0,0,0,0.00,0,3,0.00,68,0.99,24,N/A,N/A,N/A,N/A,0.00,0,0.00,0,0.05,0.00,0,76.19,0.00,17,45,0.33,0.66,2,61,59,0,0,0,0.33,0.66,2,84,40.07,0.83,1.65,5,0,0.00,0.00,99,0.00,0,0,0,0.00,0.00,0,0.00,0.00,0.33,0.17,1,0,0.00,45,0,4,46,69,0.24,22,0.04,0.08,0.05,16,0.01,0.02,33,2,0.33,0.66,0.99,0.50,35,3,0.02,15,37,55,75,0,87,2,0,0.00,99,0,0.00,0.00,8.24,4.17,25,15,65,43,4.95,2.50,60.00,2,0.66,46,0,4.35,0,0.00,99,1,0.17,0.33,59,3,56,72,0,0,0,0,0,28,46,65,59,0,40,75,15,15,0,0,16,2,N/A,N/A
Gilberto Moraes Junior,33,731491200,1993/03/07,Serie A,2026,Defender,Atlético PR,893,479,414,Brazil,12,6,6,0,0,0,1,0,1,0,0,3,1,2,7,4,3,0,0,0.1,0.1,0,0,0,0,0.71,128,74,0,893,0,420,143,17,17,380000,6.88,0.08,66,47.97,39.67,78,476,34.17,410,68,41.32,77,0.00,0.00,0.92,11,0.00,2.83,1.71,1.42,17,0.00,0.50,0.00,0.00,0.00,0.92,0.75,0.58,0.00,0.71,0.33,1.67,0.00,0.25,0.05,0.00,0.33,0.00,0.00,0,0,,7,0.58,36,3,0.30,51,4,0.40,28,1,2,10,64,0.00,99,0,11,1.11,70,34,74,3.43,81,0,0.00,99,0,0.00,0,0,0.00,0,1.11,65,20,2.02,76,9,0.91,45.00,0,0.00,0,0,0,0.00,0,7,0.00,93,0.71,4,N/A,N/A,N/A,N/A,0.00,0,0.00,0,0.64,0.00,0,86.13,42.86,83,8,1.08,1.31,13,73,46,0,0,0,0.17,0.20,2,48,82.60,1.83,2.22,22,0,0.00,0.00,99,0.00,0,0,1,0.08,0.10,0,0.00,0.00,0.10,0.08,1,0,0.00,45,40,24,46,93,1.90,75,0.16,0.19,0.64,35,0.05,0.06,14,3,0.25,0.30,0.50,0.42,14,5,0.06,34,66,63,89,0,64,19,0,0.00,99,4,0.00,0.40,7.86,6.50,78,32,24,39,3.23,2.67,41.03,6,0.60,50,0,29.41,0,0.00,99,10,0.83,1.01,86,43,46,35,0,0,0,0,0,41,46,65,59,0,41,54,15,15,0,0,16,2,N/A,N/A
Giorgian Daniel De Arrascaeta Benedetti,32,770454000,1994/06/01,Serie A,2026,Midfielder,Flamengo,1034,507,527,Uruguay,16,7,9,3,2,1,3,1,2,0,0,6,4,2,10,3,7,1,0,0.52,0.26,0.26,0.36,0.17,345,0.87,103,65,1034,345,0.09,73,36,-1,3,4126984,7.15,0.19,93,45.44,32.62,73,522,27.19,435,48,37.86,71,0.00,0.00,2.25,36,0.00,3.56,1.65,1.19,19,0.00,1.12,0.00,0.00,0.00,0.00,0.38,0.62,10.67,2.79,1.31,1.69,0.00,0.69,0.26,0.00,0.38,0.00,0.00,0,0,,32,2.00,91,11,0.96,89,21,1.83,92,5,4,12,62,0.00,99,0,0,0.00,10,57,74,4.96,92,0,0.00,99,0,0.00,0,0,0.00,0,3.13,98,27,2.35,81,6,0.52,22.22,0,0.00,0,0,0,0.00,0,10,0.00,79,0.87,13,N/A,N/A,N/A,N/A,0.00,0,0.00,0,4.12,0.00,0,83.33,34.38,62,60,0.38,0.52,6,51,15,1,0,0,0.06,0.09,1,30,114.48,0.19,0.26,3,0,0.00,0.00,99,0.00,0,1,3,0.19,0.26,0,0.00,0.00,0.09,0.06,1,1,9.38,62,50,50,61,79,3.99,97,0.25,0.35,3.42,82,0.21,0.30,74,18,1.12,1.57,0.52,0.38,15,6,0.36,86,95,5,99,0,61,27,0,0.00,99,6,0.00,0.52,9.31,6.69,107,49,46,60,4.26,3.06,45.79,18,1.57,10,0,29.82,0,0.00,99,17,1.06,1.48,93,53,65,91,0,0,0,0,0,90,85,75,87,0,99,85,92,24,1,6,29,10,N/A,N/A
Giovanni Augusto Oliveira Cardoso,36,620982000,1989/09/05,Serie A,2026,Midfielder,Chapecoense,863,431,432,Brazil,16,8,8,1,1,0,4,3,1,0,0,2,2,0,17,8,9,1,0,0.52,0.42,0.1,0.21,0,863,1.77,51,54,863,216,0.1,173,8,-1,13,187200,7.07,0.25,99,41.55,24.88,62,398,20.75,332,49,34.66,62,0.00,0.00,1.44,23,0.00,3.06,1.57,0.94,15,0.00,1.12,0.00,0.00,0.00,0.31,0.44,1.00,8.00,0.84,0.31,0.69,0.00,0.19,0.08,0.00,0.81,0.00,0.00,0,0,,8,0.50,43,3,0.31,52,5,0.52,37,3,4,12,58,0.00,99,0,5,0.52,37,49,85,5.12,93,0,0.00,99,0,0.00,0,0,0.00,0,2.40,94,11,1.15,53,7,0.73,63.64,0,0.00,0,0,0,0.00,0,16,0.00,8,1.67,79,N/A,N/A,N/A,N/A,0.00,0,0.00,0,1.25,0.00,0,83.42,37.50,72,60,0.31,0.52,5,66,77,0,0,0,0.00,0.00,0,24,113.08,0.44,0.73,7,0,0.00,0.00,99,0.00,0,0,0,0.00,0.00,0,0.00,0.00,0.10,0.06,1,0,12.50,76,39,50,86,8,3.88,99,0.24,0.41,1.25,57,0.08,0.13,88,21,1.31,2.19,1.04,0.62,37,10,0.13,56,89,25,75,0,64,68,0,0.00,99,13,0.00,1.36,10.02,6.00,96,53,77,67,5.53,3.31,55.21,18,1.88,6,0,34.69,0,0.00,99,17,1.06,1.77,96,53,65,72,0,0,0,0,0,90,60,65,73,0,29,26,89,26,1,6,29,10,N/A,N/A
Giovanni Fernando Confreste Pavani,29,848563200,1996/11/21,Serie A,2026,Midfielder,Remo,44,0,44,Brazil,2,1,1,0,0,0,0,0,0,0,0,0,0,0,2,0,2,0,0,0,0,0,0,0,0,4.09,22,22,0,0,0,-1,-1,-1,33,234000,3.35,0,48,88.00,22.00,99,44,20.00,40,93,80.00,99,0.00,0.00,0.50,1,0.00,0.00,2.00,0.50,1,0.00,0.00,0.00,0.00,0.00,0.50,0.00,1.00,0.00,2.00,0.50,0.00,0.00,0.00,0.03,0.00,1.50,0.00,0.00,0,0,,1,0.50,75,0,0.00,17,1,2.00,95,0,2,0,76,0.00,99,0,1,2.00,97,0,30,0.00,16,0,0.00,99,0,0.00,0,0,0.00,0,2.00,90,0,0.00,9,0,0.00,0.00,0,0.00,0,0,0,0.00,0,2,0.00,0,4.00,96,N/A,N/A,N/A,N/A,0.00,0,0.00,0,0.06,0.00,0,90.91,0.00,17,0,1.00,4.00,2,13,13,0,0,0,0.00,0.00,0,24,6.69,0.00,0.00,0,0,0.00,0.00,99,0.00,0,0,0,0.00,0.00,0,0.00,0.00,0.00,0.00,0,0,0.00,45,0,0,46,0,0.13,90,0.07,0.26,0.06,54,0.03,0.12,1,0,0.00,0.00,0.00,0.00,5,0,0.12,53,0,0,75,0,47,99,0,0.00,99,3,0.00,6.00,12.00,3.00,6,4,98,85,8.00,2.00,66.67,0,0.00,99,0,0.00,0,0.00,99,0,0.00,0.00,30,0,46,12,0,0,0,0,0,28,46,65,59,0,31,5,15,15,0,0,16,7,N/A,N/A
Gonzalo Andrés Tapia Dubournais,24,1013846400,2002/02/16,Serie A,2026,Forward,São Paulo,272,79,193,Chile,11,4,7,0,0,0,0,0,0,0,0,2,1,1,3,0,3,1,0,0,0,0,0,0,0,0.99,91,25,272,0,0.33,381,381,-1,30,700000,5.97,0,48,12.49,3.55,2,39,2.45,27,6,8.65,3,0.00,0.00,0.27,3,0.00,1.09,0.96,0.27,3,0.00,0.27,0.00,0.00,0.00,0.09,0.09,0.45,0.00,2.56,0.64,0.27,0.00,0.09,0.05,0.00,0.45,0.00,0.00,0,0,,8,0.73,88,1,0.32,52,7,2.24,97,3,9,2,31,0.00,99,0,1,0.32,23,12,32,3.84,84,0,0.00,99,0,0.00,0,0,0.00,0,0.96,56,3,0.96,46,1,0.32,33.33,0,0.00,0,0,0,0.00,0,5,0.00,68,1.60,74,N/A,N/A,N/A,N/A,0.00,0,0.00,0,0.55,0.00,0,69.23,12.50,22,80,0.09,0.32,1,35,27,0,0,0,0.00,0.00,0,24,65.69,0.09,0.32,1,0,0.00,0.00,99,0.00,0,0,1,0.09,0.32,0,0.00,0.00,0.32,0.09,1,1,0.00,45,0,21,46,69,0.20,14,0.02,0.06,0.55,66,0.05,0.18,89,7,0.64,2.24,1.92,0.55,87,6,0.18,64,4,6,99,0,87,75,0,0.00,99,5,0.00,1.60,10.89,3.09,34,16,69,74,5.12,1.45,47.06,3,0.96,31,0,8.33,0,0.00,99,1,0.09,0.32,58,1,94,72,0,0,0,0,0,28,46,65,59,0,57,35,35,80,1,9,36,14,N/A,N/A
Gonzalo Escobar,29,858499200,1997/03/16,Serie A,2026,Defender,Santos,1498,868,630,Argentina,17,10,7,0,0,0,1,1,0,0,0,5,3,2,21,11,10,5,0,0.06,0.06,0,0,0,0,1.26,71,88,300,1498,0.3,371,187,117,27,0,6.87,0.06,55,45.69,44.71,74,760,37.65,640,54,38.48,72,0.00,0.00,0.59,10,0.00,1.29,2.65,2.59,44,0.00,0.53,0.00,0.00,0.00,1.65,0.59,1.29,0.00,0.54,0.41,0.76,0.00,0.12,0.04,0.00,1.24,0.00,0.00,0,0,,9,0.53,25,2,0.12,27,7,0.42,30,2,0,17,93,0.00,99,0,28,1.68,92,22,55,1.32,56,0,0.00,99,0,0.00,0,0,0.00,0,0.60,38,13,0.78,40,10,0.60,76.92,0,0.00,0,0,0,0.00,0,22,0.00,38,1.32,55,N/A,N/A,N/A,N/A,0.00,0,0.00,0,0.64,0.00,0,84.21,22.22,33,18,1.00,1.02,17,57,91,0,0,0,0.35,0.36,6,64,116.82,3.71,3.79,63,1,0.00,0.06,8,0.06,0,0,1,0.06,0.06,0,0.00,0.00,0.06,0.06,1,0,0.00,45,80,61,46,37,2.19,51,0.13,0.13,0.64,26,0.04,0.04,48,16,0.94,0.96,1.20,1.18,50,20,0.04,25,65,80,81,0,54,65,0,0.00,99,21,0.00,1.26,9.32,9.12,155,91,75,60,5.47,5.35,58.71,9,0.54,55,0,22.73,0,0.00,99,5,0.29,0.30,57,80,23,56,0,0,0,0,0,32,46,65,59,0,21,64,40,75,5,29,90,31,0,0
Gonzalo Plata,25,973065600,2000/11/01,Serie A,2026,Forward,Flamengo,700,222,478,Ecuador,14,5,9,2,0,2,3,2,1,0,0,6,2,4,3,1,2,2,0,0.64,0.39,0.26,0,0.38,350,0.39,233,50,350,233,0.26,72,9,-1,10,1800000,6.51,0.21,98,39.34,21.86,59,306,17.71,248,33,31.89,55,0.00,0.00,1.07,15,0.00,0.36,2.96,1.64,23,0.00,0.64,0.00,0.00,0.00,0.50,1.29,0.43,12.50,3.21,0.93,2.86,0.00,0.86,0.24,0.00,0.21,0.00,0.00,0,0,,25,1.79,97,12,1.54,98,13,1.67,88,5,6,8,95,0.00,99,0,7,0.90,57,5,49,0.64,45,0,0.00,99,0,0.00,0,0,0.00,0,1.93,89,40,5.14,98,18,2.31,45.00,0,0.00,0,0,0,0.00,0,6,0.00,99,0.77,7,N/A,N/A,N/A,N/A,0.00,0,0.00,0,3.39,0.00,0,81.05,48.00,86,1,1.07,1.93,15,97,46,0,0,0,0.07,0.13,1,37,91.18,0.29,0.51,4,0,0.00,0.00,99,0.00,0,0,2,0.14,0.26,0,0.00,0.00,0.00,0.00,0,0,8.00,58,28,34,62,99,2.84,97,0.20,0.37,3.39,94,0.24,0.44,76,13,0.93,1.67,1.16,0.64,48,9,0.44,94,19,15,99,0,47,17,0,0.00,99,3,0.00,0.39,15.94,8.86,124,57,96,98,7.33,4.07,45.97,9,1.16,22,0,20.00,0,0.00,99,1,0.07,0.13,40,32,79,91,0,0,0,0,0,96,85,91,59,0,88,93,51,66,2,14,57,19,N/A,N/A
Guga,27,904374000,1998/08/29,Serie A,2026,Defender,Fluminense,937,477,460,Brazil,14,8,6,0,0,0,2,0,2,0,0,2,2,0,13,5,8,3,0,0.19,0.19,0,0,0,0,1.25,72,67,312,469,0.29,404,63,112,26,500000,6.88,0.14,86,53.25,39.64,86,555,35.57,498,88,47.78,87,0.00,0.00,1.43,20,0.00,2.43,2.01,1.50,21,0.00,0.29,0.00,0.00,0.00,0.50,0.50,1.00,0.00,0.29,0.21,0.71,0.00,0.00,0.01,0.00,0.79,0.00,0.00,0,0,,3,0.21,12,0,0.00,17,3,0.29,19,1,4,10,77,0.00,99,0,7,0.67,44,34,78,3.26,79,0,0.00,99,0,0.00,0,0,0.00,0,1.92,89,10,0.96,46,7,0.67,70.00,0,0.00,0,0,0,0.00,0,14,0.00,39,1.34,56,N/A,N/A,N/A,N/A,0.00,0,0.00,0,0.14,0.00,0,89.73,0.00,17,13,0.86,1.15,12,61,85,0,0,0,0.07,0.10,1,31,96.27,1.79,2.40,25,0,0.00,0.00,99,0.00,0,0,0,0.00,0.00,0,0.00,0.00,0.10,0.07,1,0,0.00,45,43,34,46,39,3.03,93,0.22,0.29,0.14,12,0.01,0.01,48,10,0.71,0.96,0.96,0.71,31,10,0.01,12,66,66,75,0,64,57,0,0.00,99,11,0.00,1.06,7.68,5.71,80,49,59,38,4.70,3.50,61.25,4,0.38,67,0,32.35,0,0.00,99,11,0.79,1.06,87,43,65,35,0,0,0,0,0,59,46,65,59,0,50,27,43,74,3,21,76,23,N/A,N/A
Guido Herrera,34,699350400,1992/02/29,Serie A,2026,Goalkeeper,Bahia,0,0,0,Argentina,0,0,0,0,0,0,0,0,0,0,0,0,0,0,0,0,0,0,0,0,0,0,0,0,0,0,0,0,0,0,0,-1,-1,-1,-1,N/A,N/A,N/A,N/A,N/A,N/A,N/A,N/A,N/A,N/A,N/A,N/A,N/A,N/A,N/A,N/A,N/A,N/A,N/A,N/A,N/A,N/A,N/A,N/A,N/A,N/A,N/A,N/A,N/A,N/A,N/A,N/A,N/A,N/A,N/A,N/A,N/A,N/A,N/A,N/A,N/A,N/A,N/A,N/A,N/A,N/A,N/A,N/A,N/A,N/A,N/A,N/A,N/A,N/A,N/A,N/A,N/A,N/A,N/A,N/A,N/A,N/A,N/A,N/A,N/A,N/A,N/A,N/A,N/A,N/A,N/A,N/A,N/A,N/A,N/A,N/A,N/A,N/A,N/A,N/A,N/A,N/A,N/A,N/A,N/A,N/A,N/A,N/A,N/A,N/A,N/A,N/A,N/A,N/A,N/A,N/A,N/A,N/A,N/A,N/A,N/A,N/A,N/A,N/A,N/A,N/A,N/A,N/A,N/A,N/A,N/A,N/A,N/A,N/A,N/A,N/A,N/A,N/A,N/A,N/A,N/A,N/A,N/A,N/A,N/A,N/A,N/A,N/A,N/A,N/A,N/A,N/A,N/A,N/A,N/A,N/A,N/A,N/A,N/A,N/A,N/A,N/A,N/A,N/A,N/A,N/A,N/A,N/A,N/A,N/A,N/A,N/A,N/A,N/A,N/A,N/A,N/A,N/A,N/A,N/A,N/A,N/A,N/A,N/A,N/A,N/A,N/A,N/A,N/A,N/A,N/A,N/A,N/A,N/A,N/A,N/A,N/A,N/A,N/A,N/A,N/A,N/A,N/A,N/A,N/A,N/A,N/A,N/A,N/A,N/A,N/A,N/A,N/A,N/A,N/A,N/A,N/A,N/A,N/A,N/A,N/A,N/A,N/A,N/A,N/A,N/A,N/A,N/A,N/A,N/A,N/A,N/A,N/A,N/A,N/A,N/A,N/A,N/A,N/A,N/A,N/A,N/A,N/A,N/A
Guilherme Arana,29,861001200,1997/04/14,Serie A,2026,Defender,Fluminense,822,380,442,Brazil,14,6,8,1,1,0,1,1,0,0,0,2,2,0,11,4,7,2,0,0.22,0.11,0.11,0.24,0,822,1.2,75,59,411,822,0.22,170,133,101,11,2200000,6.41,0.07,69,63.18,41.21,96,577,37.86,530,97,58.03,96,0.00,0.00,0.71,10,0.00,2.14,1.42,0.93,13,0.00,0.57,0.00,0.00,0.00,0.29,0.21,0.79,14.00,1.53,0.64,0.36,0.00,0.36,0.12,0.00,0.57,0.00,0.00,0,0,,14,1.00,67,5,0.55,71,9,0.99,64,1,4,10,51,0.00,99,0,4,0.44,29,30,75,3.28,79,0,0.00,99,0,0.00,0,0,0.00,0,1.09,63,5,0.55,30,3,0.33,60.00,0,0.00,0,0,0,0.00,0,11,0.00,44,1.20,45,N/A,N/A,N/A,N/A,0.00,0,0.00,0,1.66,0.00,0,91.85,35.71,67,92,0.07,0.11,1,37,72,0,0,0,0.14,0.22,2,50,89.75,1.71,2.63,24,0,0.00,0.00,99,0.00,0,0,0,0.00,0.00,0,0.00,0.00,0.11,0.07,1,0,7.14,55,35,34,85,44,2.12,85,0.15,0.23,1.66,66,0.12,0.18,26,5,0.36,0.55,0.99,0.64,35,9,0.18,64,15,69,75,0,65,48,0,0.00,99,8,0.00,0.88,6.02,3.93,55,29,23,16,3.18,2.07,52.73,8,0.88,36,0,30.00,0,0.00,99,9,0.64,0.99,86,43,65,35,0,0,0,0,0,65,61,65,78,0,91,27,59,56,2,14,57,13,N/A,N/A
Guilherme Estrella de Paiva,21,1114153200,2005/04/22,Serie A,2026,Midfielder,Vasco da Gama,0,0,0,Brazil,0,0,0,0,0,0,0,0,0,0,0,0,0,0,0,0,0,0,0,0,0,0,0,0,0,0,0,0,0,0,0,-1,-1,-1,-1,N/A,N/A,N/A,N/A,N/A,N/A,N/A,N/A,N/A,N/A,N/A,N/A,N/A,N/A,N/A,N/A,N/A,N/A,N/A,N/A,N/A,N/A,N/A,N/A,N/A,N/A,N/A,N/A,N/A,N/A,N/A,N/A,N/A,N/A,N/A,N/A,N/A,N/A,N/A,N/A,N/A,N/A,N/A,N/A,N/A,N/A,N/A,N/A,N/A,N/A,N/A,N/A,N/A,N/A,N/A,N/A,N/A,N/A,N/A,N/A,N/A,N/A,N/A,N/A,N/A,N/A,N/A,N/A,N/A,N/A,N/A,N/A,N/A,N/A,N/A,N/A,N/A,N/A,N/A,N/A,N/A,N/A,N/A,N/A,N/A,N/A,N/A,N/A,N/A,N/A,N/A,N/A,N/A,N/A,N/A,N/A,N/A,N/A,N/A,N/A,N/A,N/A,N/A,N/A,N/A,N/A,N/A,N/A,N/A,N/A,N/A,N/A,N/A,N/A,N/A,N/A,N/A,N/A,N/A,N/A,N/A,N/A,N/A,N/A,N/A,N/A,N/A,N/A,N/A,N/A,N/A,N/A,N/A,N/A,N/A,N/A,N/A,N/A,N/A,N/A,N/A,N/A,N/A,N/A,N/A,N/A,N/A,N/A,N/A,N/A,N/A,N/A,N/A,N/A,N/A,N/A,N/A,N/A,N/A,N/A,N/A,N/A,N/A,N/A,N/A,N/A,N/A,N/A,N/A,N/A,N/A,N/A,N/A,N/A,N/A,N/A,N/A,N/A,N/A,N/A,N/A,N/A,N/A,N/A,N/A,N/A,N/A,N/A,N/A,N/A,N/A,N/A,N/A,N/A,N/A,N/A,N/A,N/A,N/A,N/A,N/A,N/A,N/A,N/A,N/A,N/A,N/A,N/A,N/A,N/A,N/A,N/A,N/A,N/A,N/A,N/A,N/A,N/A,N/A,N/A,N/A,N/A,N/A,N/A
Guilherme Henrique Bernardineli Gomes,20,1138867200,2006/02/02,Serie A,2026,Midfielder,Flamengo,0,0,0,Brazil,0,0,0,0,0,0,0,0,0,0,0,0,0,0,0,0,0,0,0,0,0,0,0,0,0,0,0,0,0,0,0,-1,-1,-1,-1,N/A,N/A,N/A,N/A,N/A,N/A,N/A,N/A,N/A,N/A,N/A,N/A,N/A,N/A,N/A,N/A,N/A,N/A,N/A,N/A,N/A,N/A,N/A,N/A,N/A,N/A,N/A,N/A,N/A,N/A,N/A,N/A,N/A,N/A,N/A,N/A,N/A,N/A,N/A,N/A,N/A,N/A,N/A,N/A,N/A,N/A,N/A,N/A,N/A,N/A,N/A,N/A,N/A,N/A,N/A,N/A,N/A,N/A,N/A,N/A,N/A,N/A,N/A,N/A,N/A,N/A,N/A,N/A,N/A,N/A,N/A,N/A,N/A,N/A,N/A,N/A,N/A,N/A,N/A,N/A,N/A,N/A,N/A,N/A,N/A,N/A,N/A,N/A,N/A,N/A,N/A,N/A,N/A,N/A,N/A,N/A,N/A,N/A,N/A,N/A,N/A,N/A,N/A,N/A,N/A,N/A,N/A,N/A,N/A,N/A,N/A,N/A,N/A,N/A,N/A,N/A,N/A,N/A,N/A,N/A,N/A,N/A,N/A,N/A,N/A,N/A,N/A,N/A,N/A,N/A,N/A,N/A,N/A,N/A,N/A,N/A,N/A,N/A,N/A,N/A,N/A,N/A,N/A,N/A,N/A,N/A,N/A,N/A,N/A,N/A,N/A,N/A,N/A,N/A,N/A,N/A,N/A,N/A,N/A,N/A,N/A,N/A,N/A,N/A,N/A,N/A,N/A,N/A,N/A,N/A,N/A,N/A,N/A,N/A,N/A,N/A,N/A,N/A,N/A,N/A,N/A,N/A,N/A,N/A,N/A,N/A,N/A,N/A,N/A,N/A,N/A,N/A,N/A,N/A,N/A,N/A,N/A,N/A,N/A,N/A,N/A,N/A,N/A,N/A,N/A,N/A,N/A,N/A,N/A,N/A,N/A,N/A,N/A,N/A,N/A,N/A,N/A,N/A,N/A,N/A,N/A,N/A,N/A,N/A
Guilherme William Silva Inácio,19,1170748800,2007/02/06,Serie A,2026,Forward,Corinthians,149,101,48,Brazil,7,5,2,0,0,0,0,0,0,0,0,2,1,1,4,3,1,0,0,0,0,0,0,0,0,2.42,37,21,0,0,0,-1,-1,-1,22,0,6.63,0,48,13.27,3.29,3,23,3.00,21,94,12.12,6,0.00,0.00,0.71,5,0.00,0.29,4.04,1.00,7,0.00,0.14,0.00,0.00,0.00,0.14,0.00,0.57,0.00,1.15,0.29,0.57,0.00,0.00,0.01,0.00,0.14,0.00,0.00,0,0,,2,0.29,54,0,0.00,17,2,1.15,71,3,6,1,99,0.00,99,0,1,0.58,41,2,95,1.15,54,0,0.00,99,0,0.00,0,0,0.00,0,2.88,97,4,2.31,80,0,0.00,0.00,0,0.00,0,0,0,0.00,0,4,0.00,0,2.31,93,N/A,N/A,N/A,N/A,0.00,0,0.00,0,0.09,0.00,0,91.30,0.00,17,54,0.14,0.58,1,13,13,0,0,0,0.00,0.00,0,24,46.40,0.14,0.58,1,0,0.00,0.00,99,0.00,0,0,0,0.00,0.00,0,0.00,0.00,0.00,0.00,0,0,0.00,45,0,6,46,0,0.27,65,0.04,0.16,0.09,31,0.01,0.05,28,1,0.14,0.58,2.88,0.71,99,5,0.05,30,29,19,75,0,47,32,0,0.00,99,1,0.00,0.58,13.27,3.29,23,9,70,91,5.19,1.29,39.13,1,0.58,51,0,50.00,0,0.00,99,1,0.14,0.58,72,0,79,72,0,0,0,0,0,28,46,65,59,0,21,64,15,15,0,0,16,56,0,0
Guillermo Maripán,32,768207600,1994/05/06,Serie A,2026,Defender,Internacional,518,338,180,Chile,6,4,2,0,0,0,0,0,0,0,0,2,1,1,4,2,2,1,0,0,0,0,0,0,0,0.69,130,86,518,0,0.17,239,226,15,14,0,7.07,0,48,38.05,36.50,56,219,31.50,189,69,32.84,57,0.00,0.00,0.17,1,0.00,0.00,1.22,1.17,7,0.00,0.17,0.00,0.00,0.33,1.33,0.00,1.17,0.00,1.39,1.00,0.00,0.00,0.33,0.09,0.00,2.17,0.00,0.00,0,0,,8,1.33,62,2,0.35,54,6,1.04,66,3,0,6,44,0.00,99,0,8,1.39,87,0,30,0.00,16,0,0.00,99,0,0.00,0,0,0.00,0,0.17,14,0,0.00,9,0,0.00,0.00,0,0.00,0,2,21,0.35,15,7,0.00,93,1.22,48,N/A,N/A,N/A,N/A,28.57,0,0.00,0,0.54,0.00,0,86.30,25.00,41,60,0.50,0.52,3,13,13,0,0,0,1.33,1.39,8,99,42.44,5.33,5.56,32,0,0.00,0.00,99,0.00,0,0,0,0.00,0.00,0,0.00,0.00,0.00,0.00,0,0,0.00,45,13,4,46,93,0.37,14,0.06,0.06,0.54,46,0.09,0.09,24,3,0.50,0.52,1.56,1.50,70,9,0.09,44,89,92,75,0,47,88,0,0.00,99,13,0.00,2.26,6.78,6.50,39,23,40,25,4.00,3.83,58.97,1,0.17,79,0,0.00,0,0.00,99,0,0.00,0.00,30,21,23,72,0,0,0,0,0,28,46,65,59,0,21,75,73,42,1,17,62,3,0,0
Guillermo Varela Olivera,33,732960000,1993/03/24,Serie A,2026,Defender,Flamengo,1428,528,900,Uruguay,18,8,10,0,0,0,3,0,3,0,0,7,4,3,12,4,8,2,0,0.19,0.19,0,0,0,0,0.76,119,79,714,476,0.13,384,64,20,17,1200000,6.92,0.17,86,45.13,39.78,72,716,35.06,631,80,39.77,74,0.00,0.00,0.78,14,0.00,2.50,0.88,0.78,14,0.00,0.44,0.00,0.00,0.00,0.89,0.78,0.83,0.00,0.32,0.28,1.11,0.00,0.00,0.01,0.00,0.89,0.00,0.00,0,0,,5,0.28,14,0,0.00,17,5,0.32,21,0,3,15,25,0.00,99,0,16,1.01,64,45,58,2.84,75,0,0.00,99,0,0.00,0,0,0.00,0,0.88,52,20,1.26,57,14,0.88,70.00,0,0.00,0,0,0,0.00,0,15,0.00,90,0.95,19,N/A,N/A,N/A,N/A,0.00,0,0.00,0,0.22,0.00,0,88.13,0.00,17,55,0.50,0.57,9,71,85,0,0,0,0.50,0.57,9,80,124.53,1.83,2.08,33,0,0.00,0.00,99,0.00,0,0,0,0.00,0.00,0,0.00,0.00,0.06,0.06,1,1,0.00,45,76,68,46,90,3.64,85,0.20,0.23,0.22,12,0.01,0.01,44,14,0.78,0.88,0.50,0.44,14,8,0.01,12,72,61,75,0,54,55,0,0.00,99,16,0.00,1.01,6.37,5.61,101,58,33,19,3.66,3.22,57.43,8,0.50,57,0,24.44,0,0.00,99,11,0.61,0.69,78,69,56,12,0,0,0,0,0,59,46,65,59,0,76,87,86,32,2,11,45,2,N/A,N/A
Gustavo Caballero,24,1001055600,2001/09/21,Serie A,2026,Forward,Santos,190,81,109,Paraguay,5,3,2,0,0,0,0,0,0,0,0,1,0,1,3,2,1,0,0,0,0,0,0,0,0,1.42,63,38,0,0,0,-1,-1,-1,34,0,6.71,0,48,27.00,11.40,24,57,9.00,45,27,21.32,24,0.00,0.00,0.40,2,0.00,1.20,0.95,0.40,2,0.00,0.00,0.00,0.00,0.00,0.00,0.00,0.60,0.00,3.32,1.20,0.00,0.00,0.20,0.08,0.00,0.20,0.00,0.00,0,0,,7,1.40,97,1,0.47,65,6,2.84,99,5,2,3,30,0.00,99,0,0,0.00,10,6,30,2.84,75,0,0.00,99,0,0.00,0,0,0.00,0,0.95,56,0,0.00,9,0,0.00,0.00,0,0.00,0,0,0,0.00,0,3,0.00,26,1.42,61,N/A,N/A,N/A,N/A,0.00,0,0.00,0,0.40,0.00,0,78.95,14.29,23,5,0.60,1.42,3,13,13,0,0,0,0.00,0.00,0,24,33.57,0.60,1.42,3,0,0.00,0.00,99,0.00,0,0,1,0.20,0.47,0,0.00,0.00,0.00,0.00,0,1,0.00,45,0,1,46,26,0.17,22,0.03,0.08,0.40,68,0.08,0.19,91,5,1.00,2.37,0.95,0.40,31,2,0.19,66,41,50,99,0,47,24,0,0.00,99,1,0.00,0.47,9.95,4.20,21,8,35,66,3.79,1.60,38.10,0,0.00,99,0,0.00,0,0.00,99,0,0.00,0.00,30,3,46,91,0,0,0,0,0,28,46,65,59,0,21,42,15,15,0,0,16,17,0,0
Gustavo Cazonatti,30,836377200,1996/07/03,Serie A,2026,Midfielder,Mirassol,218,67,151,Brazil,4,2,2,0,0,0,0,0,0,0,0,0,0,0,5,2,3,1,0,0,0,0,0,0,0,2.06,44,55,218,0,0.41,-1,-1,-1,36,0,6.77,0,48,51.61,31.25,84,125,27.25,109,74,45.00,82,0.00,0.00,0.50,2,0.00,0.00,2.48,1.50,6,0.00,0.25,0.00,0.00,0.00,0.50,0.50,1.25,0.00,0.83,0.25,0.75,0.00,0.25,0.05,0.00,0.50,0.00,0.00,0,0,,2,0.50,43,1,0.41,62,1,0.41,29,2,1,3,89,0.00,99,0,2,0.83,53,0,30,0.00,16,0,0.00,99,0,0.00,0,0,0.00,0,0.83,48,3,1.24,55,2,0.83,66.67,0,0.00,0,0,0,0.00,0,5,0.00,2,2.06,90,N/A,N/A,N/A,N/A,0.00,0,0.00,0,0.20,0.00,0,87.20,50.00,92,74,0.25,0.41,1,69,83,0,0,0,1.00,1.65,4,99,27.07,1.75,2.89,7,0,0.00,0.00,99,0.00,0,0,0,0.00,0.00,0,0.00,0.00,0.00,0.00,0,0,0.00,45,0,0,46,2,0.32,51,0.08,0.13,0.20,41,0.05,0.08,92,6,1.50,2.48,1.24,0.75,51,3,0.08,40,51,72,75,0,47,45,0,0.00,99,2,0.00,0.83,9.91,6.00,24,16,92,66,6.61,4.00,66.67,1,0.41,64,0,0.00,0,0.00,99,0,0.00,0.00,30,3,36,56,0,0,0,0,0,28,46,65,59,0,21,5,28,87,1,25,85,55,0,0
Gustavo Domingos Santana,20,1125644400,2005/09/02,Serie A,2026,Midfielder,São Paulo,60,0,60,Brazil,2,0,2,0,0,0,0,0,0,0,0,0,0,0,0,0,0,0,0,0,0,0,0,0,0,0,0,30,0,0,0,-1,-1,-1,20,0,3.33,0,48,13.50,4.50,3,9,4.00,8,83,12.00,6,0.00,0.00,0.00,0,0.00,0.50,1.50,0.50,1,0.00,0.00,0.00,0.00,0.00,0.00,0.00,0.00,0.00,4.50,0.50,0.00,0.00,1.00,0.18,0.00,0.50,0.00,0.00,0,0,,3,1.50,99,2,3.00,99,1,1.50,84,0,2,0,55,0.00,99,0,0,0.00,10,1,30,1.50,59,0,0.00,99,0,0.00,0,0,0.00,0,0.00,8,0,0.00,9,0,0.00,0.00,0,0.00,0,0,0,0.00,0,0,0.00,99,0.00,0,N/A,N/A,N/A,N/A,0.00,0,0.00,0,0.37,0.00,0,88.89,66.67,99,99,0.00,0.00,0,13,13,0,0,0,0.00,0.00,0,24,6.66,0.00,0.00,0,0,0.00,0.00,99,0.00,0,0,0,0.00,0.00,0,0.00,0.00,0.00,0.00,0,0,0.00,45,0,0,46,0,0.01,0,0.01,0.01,0.37,98,0.18,0.56,71,1,0.50,1.50,3.00,1.00,99,2,0.56,97,0,0,75,0,47,72,0,0.00,99,1,0.00,1.50,13.50,4.50,9,3,51,92,4.50,1.50,33.33,0,0.00,99,0,0.00,0,0.00,99,0,0.00,0.00,30,0,46,12,0,0,0,0,0,28,46,65,59,0,21,5,15,15,0,0,16,43,0,0
Gustavo Gómez,33,736671600,1993/05/06,Serie A,2026,Defender,Palmeiras,1836,800,1036,Paraguay,21,9,12,4,2,2,0,0,0,0,0,7,2,5,17,7,10,1,0,0.2,0,0.2,0.23,0.17,459,0.83,108,87,1836,0,0.05,106,304,34,7,2200000,6.96,0,48,42.40,41.19,65,865,35.52,746,68,36.57,68,0.00,0.00,0.33,7,0.00,0.19,0.93,0.90,19,0.00,0.24,0.00,0.00,0.00,0.76,0.00,0.90,4.50,0.88,0.52,0.00,0.00,0.33,0.18,0.00,2.52,0.00,0.00,0,0,,18,0.86,45,7,0.34,54,11,0.54,38,3,0,21,30,0.00,99,0,16,0.78,50,4,95,0.20,26,0,0.00,99,0,0.00,0,0,0.00,0,0.34,25,0,0.00,9,0,0.00,0.00,0,0.00,0,0,0,0.00,0,19,0.00,82,0.93,17,N/A,N/A,N/A,N/A,0.00,0,0.00,0,3.79,0.00,0,86.24,38.89,73,82,0.29,0.29,6,13,13,0,0,0,0.95,0.98,20,94,146.26,5.00,5.15,105,0,0.00,0.00,99,0.00,0,0,0,0.00,0.00,0,0.00,0.00,0.29,0.29,6,0,22.22,93,93,90,70,82,1.84,32,0.09,0.09,3.79,68,0.18,0.19,5,3,0.14,0.15,1.08,1.05,41,22,0.19,66,79,90,75,0,86,94,0,0.00,99,53,0.00,2.60,6.72,6.52,137,73,30,24,3.58,3.48,53.28,5,0.25,73,0,50.00,0,0.00,99,2,0.10,0.10,38,94,23,72,0,0,0,0,0,61,78,75,76,0,91,75,98,17,1,5,22,15,N/A,N/A
Gustavo Henric da Silva,28,873615600,1997/09/07,Serie A,2026,Forward,Mirassol,127,81,46,Brazil,3,2,1,0,0,0,0,0,0,0,0,0,0,0,2,2,0,0,0,0,0,0,0,0,0,1.42,64,42,0,0,0,-1,-1,-1,22,0,6.36,0,48,21.26,10.00,12,30,8.67,26,71,18.43,19,0.00,0.00,0.00,0,0.00,1.33,0.00,0.00,0,0.00,0.00,0.00,0.00,0.00,0.33,0.33,0.67,0.00,1.42,0.33,1.33,0.00,0.33,0.06,0.00,0.00,0.00,0.00,0,0,,2,0.67,63,1,0.71,77,1,0.71,49,6,1,2,5,0.00,99,0,1,0.71,46,4,30,2.83,75,0,0.00,99,0,0.00,0,0,0.00,0,0.00,8,4,2.83,87,1,0.71,25.00,0,0.00,0,0,0,0.00,0,2,0.00,26,1.42,61,N/A,N/A,N/A,N/A,0.00,0,0.00,0,0.18,0.00,0,86.67,50.00,92,5,0.67,1.42,2,64,18,0,0,0,0.00,0.00,0,24,19.09,0.00,0.00,0,0,0.00,0.00,99,0.00,0,0,0,0.00,0.00,0,0.00,0.00,0.71,0.33,1,0,0.00,45,0,0,46,27,0.06,6,0.02,0.04,0.18,57,0.06,0.13,67,2,0.67,1.42,0.71,0.33,21,1,0.13,56,13,0,75,0,96,2,0,0.00,99,0,0.00,0.00,8.50,4.00,12,3,9,47,2.13,1.00,25.00,0,0.00,99,0,0.00,0,0.00,99,0,0.00,0.00,30,1,36,97,0,0,0,0,0,28,46,65,59,0,21,5,15,15,0,0,16,19,0,0
Gustavo Henrique,33,732960000,1993/03/24,Serie A,2026,Defender,Corinthians,1800,990,810,Brazil,20,11,9,1,1,0,0,0,0,0,0,8,5,3,21,10,11,2,0,0.05,0,0.05,0.09,0,1800,1.05,86,90,900,0,0.1,222,408,71,14,1152000,6.99,0,48,46.45,46.45,76,929,42.40,848,94,42.40,79,0.00,0.00,0.25,5,0.00,0.00,1.15,1.15,23,0.00,0.00,0.00,0.00,0.00,0.90,0.10,1.05,18.00,0.90,0.60,0.25,0.00,0.30,0.10,0.00,2.80,0.00,0.00,0,0,,18,0.90,45,6,0.30,51,12,0.60,44,0,0,20,40,0.00,99,0,18,0.90,57,0,30,0.00,16,0,0.00,99,0,0.00,0,0,0.00,0,0.25,20,5,0.25,18,2,0.10,40.00,0,0.00,0,0,0,0.00,0,21,0.00,59,1.05,30,N/A,N/A,N/A,N/A,0.00,0,0.00,0,2.03,0.00,0,91.28,33.33,62,51,0.60,0.60,12,17,37,0,0,0,0.90,0.90,18,92,139.87,5.40,5.40,108,1,0.00,0.05,11,0.05,0,0,0,0.00,0.00,0,0.00,0.00,0.00,0.00,0,0,5.56,50,92,82,98,60,2.22,40,0.11,0.11,2.03,50,0.10,0.10,26,11,0.55,0.55,0.95,0.95,31,19,0.10,48,82,91,75,0,47,96,0,0.00,99,56,0.00,2.80,7.25,7.25,145,92,54,31,4.60,4.60,63.45,0,0.00,99,0,0.00,0,0.00,99,0,0.00,0.00,30,91,23,12,0,0,0,0,0,30,49,65,60,0,73,89,89,26,2,10,42,13,N/A,N/A
Gustavo Henrique Pereira,21,1112857200,2005/04/07,Serie A,2026,Midfielder,Santos,763,422,341,Brazil,11,6,5,0,0,0,0,0,0,0,0,4,2,2,14,7,7,4,1,0,0,0,0,0,0,1.65,55,69,191,0,0.47,248,289,-1,16,48000,6.74,0,48,36.45,28.09,51,309,24.55,270,77,31.85,55,0.00,0.00,0.64,7,0.00,0.64,3.42,2.64,29,0.00,0.73,0.00,0.00,0.00,1.45,0.18,1.27,0.00,0.47,0.27,0.45,0.00,0.09,0.03,0.00,0.27,0.00,0.00,0,0,,4,0.36,21,1,0.12,27,3,0.35,24,3,1,10,98,0.00,99,0,16,1.89,96,7,72,0.83,49,0,0.00,99,0,0.00,0,0,0.00,0,0.83,48,5,0.59,32,2,0.24,40.00,0,0.00,0,0,0,0.00,0,14,0.00,11,1.65,78,N/A,N/A,N/A,N/A,0.00,0,0.00,0,0.32,0.00,0,87.38,25.00,41,5,1.09,1.42,12,28,37,0,0,0,0.27,0.35,3,63,74.11,0.91,1.18,10,0,0.00,0.00,99,0.00,0,0,0,0.00,0.00,0,0.00,0.00,0.00,0.00,0,0,0.00,45,32,21,46,12,0.97,40,0.09,0.11,0.32,26,0.03,0.04,72,13,1.18,1.53,1.42,1.09,60,12,0.04,25,47,42,75,0,47,15,0,0.00,99,3,0.00,0.35,11.09,8.55,94,47,78,76,5.54,4.27,50.00,8,0.94,32,0,28.57,0,0.00,99,2,0.18,0.24,52,43,36,72,0,0,0,0,0,28,46,65,59,0,22,80,24,91,3,27,87,48,N/A,N/A
Gustavo Marques Alves,24,1002610800,2001/10/09,Serie A,2026,Defender,Bragantino,1653,753,900,Brazil,20,10,10,1,1,0,0,0,0,0,0,8,5,3,15,6,9,2,0,0.05,0,0.05,0.12,0,1653,0.82,110,83,827,0,0.11,215,322,29,10,280000,6.68,0,48,49.98,45.90,81,918,40.60,812,81,44.21,82,0.00,0.00,0.25,5,0.00,0.15,1.25,1.15,23,0.00,0.05,0.00,0.00,0.00,1.00,0.05,0.80,14.00,0.76,0.40,0.05,0.00,0.30,0.09,0.00,1.75,0.00,0.00,0,0,,14,0.70,40,6,0.33,52,8,0.44,32,1,1,19,46,0.00,99,0,20,1.09,70,3,30,0.16,23,0,0.00,99,0,0.00,0,0,0.00,0,0.27,21,1,0.05,10,1,0.05,100.00,0,0.00,0,0,0,0.00,0,16,0.00,86,0.87,13,N/A,N/A,N/A,N/A,0.00,0,0.00,0,1.81,0.00,0,88.45,42.86,83,77,0.35,0.38,7,14,99,0,0,0,0.55,0.60,11,81,133.51,5.85,6.37,117,0,0.00,0.00,99,0.00,0,0,0,0.00,0.00,0,0.00,0.00,0.05,0.05,1,0,7.14,55,88,82,97,86,1.68,32,0.08,0.09,1.81,50,0.09,0.10,42,15,0.75,0.82,0.71,0.65,21,13,0.10,48,37,96,75,0,50,81,0,0.00,99,35,0.00,1.91,6.59,6.05,121,72,38,22,3.92,3.60,59.50,1,0.05,87,0,0.00,0,0.00,99,0,0.00,0.00,30,88,36,35,0,0,0,0,0,30,49,65,64,0,35,89,88,28,2,10,42,16,N/A,N/A
Gustavo Martins de Souza Santos,24,1029049200,2002/08/11,Serie A,2026,Defender,Grêmio,1208,540,668,Brazil,15,6,9,0,0,0,2,0,2,0,0,3,1,2,15,5,10,4,0,0.15,0.15,0,0,0,0,1.12,81,81,302,604,0.3,410,93,84,37,0,6.90,0.13,79,50.51,45.20,82,678,41.00,615,93,45.82,85,0.00,0.00,0.53,8,0.00,0.07,1.42,1.27,19,0.00,0.00,0.00,0.00,0.00,1.20,0.27,1.00,0.00,0.75,0.53,0.40,0.00,0.13,0.04,0.00,2.40,0.00,0.00,0,0,,10,0.67,39,2,0.15,32,8,0.60,44,1,2,13,51,0.00,99,0,18,1.34,86,1,30,0.07,18,0,0.00,99,0,0.00,0,0,0.00,0,0.60,38,6,0.45,27,4,0.30,66.67,0,0.00,0,0,0,0.00,0,15,0.00,53,1.12,38,N/A,N/A,N/A,N/A,0.00,0,0.00,0,0.66,0.00,0,90.71,20.00,31,87,0.20,0.22,3,33,83,0,0,0,0.67,0.75,10,88,103.55,3.93,4.40,59,1,0.00,0.07,6,0.07,0,0,0,0.00,0.00,0,0.00,0.00,0.07,0.07,1,0,0.00,45,61,41,46,53,2.75,79,0.18,0.20,0.66,31,0.04,0.05,17,5,0.33,0.37,1.34,1.20,55,18,0.05,30,70,86,75,0,57,96,0,0.00,99,36,0.00,2.68,7.45,6.67,100,63,58,35,4.69,4.20,63.00,0,0.00,99,0,0.00,0,0.00,99,0,0.00,0.00,30,58,46,35,0,0,0,0,0,51,46,65,59,0,21,42,41,75,4,27,87,53,0,0
Gustavo Prado Alves,21,1118041200,2005/06/06,Serie A,2026,Forward,Internacional,0,0,0,Brazil,0,0,0,0,0,0,0,0,0,0,0,0,0,0,0,0,0,0,0,0,0,0,0,0,0,0,0,0,0,0,0,-1,-1,-1,-1,N/A,N/A,N/A,N/A,N/A,N/A,N/A,N/A,N/A,N/A,N/A,N/A,N/A,N/A,N/A,N/A,N/A,N/A,N/A,N/A,N/A,N/A,N/A,N/A,N/A,N/A,N/A,N/A,N/A,N/A,N/A,N/A,N/A,N/A,N/A,N/A,N/A,N/A,N/A,N/A,N/A,N/A,N/A,N/A,N/A,N/A,N/A,N/A,N/A,N/A,N/A,N/A,N/A,N/A,N/A,N/A,N/A,N/A,N/A,N/A,N/A,N/A,N/A,N/A,N/A,N/A,N/A,N/A,N/A,N/A,N/A,N/A,N/A,N/A,N/A,N/A,N/A,N/A,N/A,N/A,N/A,N/A,N/A,N/A,N/A,N/A,N/A,N/A,N/A,N/A,N/A,N/A,N/A,N/A,N/A,N/A,N/A,N/A,N/A,N/A,N/A,N/A,N/A,N/A,N/A,N/A,N/A,N/A,N/A,N/A,N/A,N/A,N/A,N/A,N/A,N/A,N/A,N/A,N/A,N/A,N/A,N/A,N/A,N/A,N/A,N/A,N/A,N/A,N/A,N/A,N/A,N/A,N/A,N/A,N/A,N/A,N/A,N/A,N/A,N/A,N/A,N/A,N/A,N/A,N/A,N/A,N/A,N/A,N/A,N/A,N/A,N/A,N/A,N/A,N/A,N/A,N/A,N/A,N/A,N/A,N/A,N/A,N/A,N/A,N/A,N/A,N/A,N/A,N/A,N/A,N/A,N/A,N/A,N/A,N/A,N/A,N/A,N/A,N/A,N/A,N/A,N/A,N/A,N/A,N/A,N/A,N/A,N/A,N/A,N/A,N/A,N/A,N/A,N/A,N/A,N/A,N/A,N/A,N/A,N/A,N/A,N/A,N/A,N/A,N/A,N/A,N/A,N/A,N/A,N/A,N/A,N/A,N/A,N/A,N/A,N/A,N/A,N/A,N/A,N/A,N/A,N/A,N/A,N/A
Gustavo Reis Alcantara,21,1118386800,2005/06/10,Serie A,2026,Goalkeeper,Bragantino,0,0,0,Brazil,0,0,0,0,0,0,0,0,0,0,0,0,0,0,0,0,0,0,0,0,0,0,0,0,0,0,0,0,0,0,0,-1,-1,-1,-1,N/A,N/A,N/A,N/A,N/A,N/A,N/A,N/A,N/A,N/A,N/A,N/A,N/A,N/A,N/A,N/A,N/A,N/A,N/A,N/A,N/A,N/A,N/A,N/A,N/A,N/A,N/A,N/A,N/A,N/A,N/A,N/A,N/A,N/A,N/A,N/A,N/A,N/A,N/A,N/A,N/A,N/A,N/A,N/A,N/A,N/A,N/A,N/A,N/A,N/A,N/A,N/A,N/A,N/A,N/A,N/A,N/A,N/A,N/A,N/A,N/A,N/A,N/A,N/A,N/A,N/A,N/A,N/A,N/A,N/A,N/A,N/A,N/A,N/A,N/A,N/A,N/A,N/A,N/A,N/A,N/A,N/A,N/A,N/A,N/A,N/A,N/A,N/A,N/A,N/A,N/A,N/A,N/A,N/A,N/A,N/A,N/A,N/A,N/A,N/A,N/A,N/A,N/A,N/A,N/A,N/A,N/A,N/A,N/A,N/A,N/A,N/A,N/A,N/A,N/A,N/A,N/A,N/A,N/A,N/A,N/A,N/A,N/A,N/A,N/A,N/A,N/A,N/A,N/A,N/A,N/A,N/A,N/A,N/A,N/A,N/A,N/A,N/A,N/A,N/A,N/A,N/A,N/A,N/A,N/A,N/A,N/A,N/A,N/A,N/A,N/A,N/A,N/A,N/A,N/A,N/A,N/A,N/A,N/A,N/A,N/A,N/A,N/A,N/A,N/A,N/A,N/A,N/A,N/A,N/A,N/A,N/A,N/A,N/A,N/A,N/A,N/A,N/A,N/A,N/A,N/A,N/A,N/A,N/A,N/A,N/A,N/A,N/A,N/A,N/A,N/A,N/A,N/A,N/A,N/A,N/A,N/A,N/A,N/A,N/A,N/A,N/A,N/A,N/A,N/A,N/A,N/A,N/A,N/A,N/A,N/A,N/A,N/A,N/A,N/A,N/A,N/A,N/A,N/A,N/A,N/A,N/A,N/A,N/A
Gustavo Ribeiro Neves,22,1082703600,2004/04/23,Serie A,2026,Midfielder,Bragantino,660,382,278,Brazil,16,10,6,1,1,0,2,1,1,0,0,6,4,2,6,4,2,1,0,0.41,0.27,0.14,0.24,0,660,0.82,110,41,660,330,0.14,151,34,-1,11,350000,6.41,0.12,94,31.50,14.44,36,231,10.81,173,15,23.59,30,0.00,0.00,1.19,19,0.00,1.94,3.00,1.38,22,0.00,0.69,0.00,0.00,0.00,0.25,0.69,0.38,9.00,1.23,0.25,1.06,0.00,0.31,0.09,0.00,0.25,0.00,0.00,0,0,,9,0.56,57,5,0.68,76,4,0.55,40,5,9,7,95,0.00,99,0,4,0.55,39,31,86,4.23,87,0,0.00,99,0,0.00,0,0,0.00,0,2.59,96,17,2.32,80,11,1.50,64.71,0,0.00,0,0,0,0.00,0,6,0.00,86,0.82,9,N/A,N/A,N/A,N/A,0.00,0,0.00,0,1.41,0.00,0,74.89,55.56,95,84,0.12,0.27,2,87,78,0,0,0,0.00,0.00,0,24,102.62,0.06,0.14,1,0,0.00,0.00,99,0.00,0,0,0,0.00,0.00,0,0.00,0.00,0.00,0.00,0,0,11.11,70,25,50,81,86,2.25,94,0.14,0.31,1.41,68,0.09,0.19,34,5,0.31,0.68,2.05,0.94,90,15,0.19,66,15,1,75,0,47,30,0,0.00,99,4,0.00,0.55,11.59,5.31,85,42,81,81,5.73,2.62,49.41,11,1.50,12,0,35.48,0,0.00,99,11,0.69,1.50,94,28,94,91,0,0,0,0,0,83,66,65,78,0,40,85,82,35,1,6,29,22,N/A,N/A
Gustavo Scarpa,32,757756800,1994/01/05,Serie A,2026,Midfielder,Atlético Mineiro,319,135,184,Brazil,10,5,5,1,1,0,0,0,0,0,0,2,1,1,6,4,2,0,0,0.28,0,0.28,0.67,0,319,1.69,53,32,0,0,0,63,330,-1,13,2090000,6.71,0,48,45.14,16.00,72,160,12.10,121,17,34.14,61,0.00,0.00,0.40,4,0.00,3.20,0.85,0.30,3,0.00,0.50,0.00,0.00,0.00,0.10,0.20,0.70,14.00,3.95,1.10,0.80,0.00,0.30,0.16,0.00,0.50,0.00,0.00,0,0,,14,1.40,99,3,0.85,84,11,3.10,99,2,7,3,23,0.00,99,0,1,0.28,22,32,52,9.03,99,0,0.00,99,0,0.00,0,0,0.00,0,1.13,66,8,2.26,79,2,0.56,25.00,0,0.00,0,0,0,0.00,0,7,0.00,10,1.97,87,N/A,N/A,N/A,N/A,0.00,0,0.00,0,1.60,0.00,0,75.62,21.43,31,83,0.10,0.28,1,55,18,0,0,0,0.00,0.00,0,24,67.09,0.40,1.13,4,0,0.00,0.00,99,0.00,0,0,1,0.10,0.28,0,0.00,0.00,0.00,0.00,0,0,7.14,55,0,17,59,10,0.45,51,0.04,0.13,1.60,95,0.16,0.45,84,7,0.70,1.97,0.56,0.20,16,2,0.45,94,41,40,99,0,47,70,0,0.00,99,5,0.00,1.41,10.44,3.70,37,17,62,70,4.80,1.70,45.95,5,1.41,14,0,21.88,0,0.00,99,7,0.70,1.97,98,3,85,56,0,0,0,0,0,73,87,65,98,0,90,42,15,15,0,0,16,10,N/A,N/A
Gustavo Silva de Oliveira,23,1031727600,2002/09/11,Serie A,2026,Midfielder,Coritiba,57,15,42,Brazil,4,1,3,0,0,0,0,0,0,0,0,1,0,1,1,0,1,0,0,0,0,0,0,0,0,1.58,57,14,0,0,0,-1,-1,-1,18,221000,4.79,0,48,24.83,4.00,20,16,3.75,15,99,23.28,29,0.00,0.00,0.00,0,0.00,0.50,0.00,0.00,0,0.00,0.25,0.00,0.00,0.00,0.00,0.00,0.50,0.00,3.10,0.50,0.00,0.00,0.00,0.03,0.00,0.00,0.00,0.00,0,0,,2,0.50,95,0,0.00,17,2,3.10,99,0,4,0,5,0.00,99,0,0,0.00,10,2,30,3.10,78,0,0.00,99,0,0.00,0,0,0.00,0,0.00,8,0,0.00,9,0,0.00,0.00,0,0.00,0,0,0,0.00,0,2,0.00,14,3.10,93,N/A,N/A,N/A,N/A,0.00,0,0.00,0,0.10,0.00,0,93.75,0.00,17,3,0.25,1.55,1,13,13,0,0,0,0.00,0.00,0,24,19.14,0.50,3.10,2,0,0.00,0.00,99,0.00,0,0,0,0.00,0.00,0,0.00,0.00,0.00,0.00,0,0,0.00,45,0,0,46,14,0.03,10,0.01,0.05,0.10,63,0.03,0.16,73,1,0.25,1.55,0.00,0.00,5,0,0.16,61,0,74,75,0,47,2,0,0.00,99,0,0.00,0.00,7.76,1.25,5,1,7,38,1.55,0.25,20.00,1,1.55,11,0,0.00,0,0.00,99,0,0.00,0.00,30,0,65,12,0,0,0,0,0,28,46,65,59,0,31,54,15,15,0,0,16,39,N/A,N/A
Guzmán Rodríguez Ferrari,26,949996800,2000/02/08,Serie A,2026,Defender,Bragantino,0,0,0,Uruguay,0,0,0,0,0,0,0,0,0,0,0,0,0,0,0,0,0,1,0,0,0,0,0,0,0,0,0,0,0,0,0,-1,-1,-1,-1,N/A,N/A,N/A,N/A,N/A,N/A,N/A,N/A,N/A,N/A,N/A,N/A,N/A,N/A,N/A,N/A,N/A,N/A,N/A,N/A,N/A,N/A,N/A,N/A,N/A,N/A,N/A,N/A,N/A,N/A,N/A,N/A,N/A,N/A,N/A,N/A,N/A,N/A,N/A,N/A,N/A,N/A,N/A,N/A,N/A,N/A,N/A,N/A,N/A,N/A,N/A,N/A,N/A,N/A,N/A,N/A,N/A,N/A,N/A,N/A,N/A,N/A,N/A,N/A,N/A,N/A,N/A,N/A,N/A,N/A,N/A,N/A,N/A,N/A,N/A,N/A,N/A,N/A,N/A,N/A,N/A,N/A,N/A,N/A,N/A,N/A,N/A,N/A,N/A,N/A,N/A,N/A,N/A,N/A,N/A,N/A,N/A,N/A,N/A,N/A,N/A,N/A,N/A,N/A,N/A,N/A,N/A,N/A,N/A,N/A,N/A,N/A,N/A,N/A,N/A,N/A,N/A,N/A,N/A,N/A,N/A,N/A,N/A,N/A,N/A,N/A,N/A,N/A,N/A,N/A,N/A,N/A,N/A,N/A,N/A,N/A,N/A,N/A,N/A,N/A,N/A,N/A,N/A,N/A,N/A,N/A,N/A,N/A,N/A,N/A,N/A,N/A,N/A,N/A,N/A,N/A,N/A,N/A,N/A,N/A,N/A,N/A,N/A,N/A,N/A,N/A,N/A,N/A,N/A,N/A,N/A,N/A,N/A,N/A,N/A,N/A,N/A,N/A,N/A,N/A,N/A,N/A,N/A,N/A,N/A,N/A,N/A,N/A,N/A,N/A,N/A,N/A,N/A,N/A,N/A,N/A,N/A,N/A,N/A,N/A,N/A,N/A,N/A,N/A,N/A,N/A,N/A,N/A,N/A,N/A,N/A,N/A,N/A,N/A,N/A,N/A,N/A,N/A,N/A,N/A,N/A,N/A,N/A,N/A
Heitor Rodrigues da Fonseca,25,973411200,2000/11/05,Serie A,2026,Defender,Chapecoense,111,111,0,Brazil,2,2,0,0,0,0,0,0,0,0,0,1,1,0,2,2,0,0,0,0,0,0,0,0,0,1.62,56,56,0,0,0,-1,-1,-1,24,0,6.22,0,48,28.38,17.50,26,35,12.00,24,5,19.46,21,0.00,0.00,0.00,0,0.00,1.50,1.62,1.00,2,0.00,0.50,0.00,0.00,0.00,2.50,0.00,1.00,0.00,1.62,1.00,0.50,0.00,0.00,0.05,0.00,1.00,0.00,0.00,0,0,,2,1.00,69,0,0.00,17,2,1.62,87,5,0,2,62,0.00,99,0,5,4.05,99,3,30,2.43,69,0,0.00,99,0,0.00,0,0,0.00,0,0.00,8,1,0.81,41,0,0.00,0.00,0,0.00,0,0,0,0.00,0,2,0.00,13,1.62,75,N/A,N/A,N/A,N/A,0.00,0,0.00,0,0.10,0.00,0,68.57,0.00,17,34,0.50,0.81,1,13,13,0,0,0,0.00,0.00,0,24,12.45,0.50,0.81,1,1,0.00,0.81,0,0.50,0,0,0,0.00,0.00,0,0.00,0.00,0.00,0.00,0,0,0.00,45,0,0,46,14,0.06,10,0.03,0.05,0.10,41,0.05,0.08,1,0,0.00,0.00,0.81,0.50,25,1,0.08,40,10,27,75,0,47,75,0,0.00,99,2,0.00,1.62,7.30,4.50,9,4,24,33,3.24,2.00,44.44,1,0.81,40,0,0.00,0,0.00,99,0,0.00,0.00,30,1,23,91,0,0,0,0,0,28,46,65,59,0,21,98,15,15,0,0,16,5,0,0
Heittor Vinicius da Silva Nunes,18,1190098800,2007/09/18,Serie A,2026,Forward,Palmeiras,25,25,0,Brazil,2,1,1,0,0,0,0,0,0,0,0,0,0,0,1,1,0,0,0,0,0,0,0,0,0,3.6,25,13,0,0,0,-1,-1,-1,29,0,3.20,0,48,10.38,1.50,1,3,1.50,3,99,10.38,4,0.00,0.00,0.00,0,0.00,0.00,3.46,0.50,1,0.00,0.50,0.00,0.00,0.00,0.00,0.00,0.50,0.00,0.00,0.00,0.00,0.00,0.00,0.00,0.00,0.00,0.00,0.00,0,0,,0,0.00,7,0,0.00,17,0,0.00,7,0,2,0,99,0.00,99,0,0,0.00,10,0,30,0.00,16,0,0.00,99,0,0.00,0,0,0.00,0,0.00,8,0,0.00,9,0,0.00,0.00,0,0.00,0,0,0,0.00,0,1,0.00,0,3.46,94,N/A,N/A,N/A,N/A,0.00,0,0.00,0,0.00,0.00,0,100.00,0.00,17,0,0.50,3.46,1,13,13,0,0,0,0.00,0.00,0,24,6.40,0.00,0.00,0,0,0.00,0.00,99,0.00,0,0,0,0.00,0.00,0,0.00,0.00,3.46,0.50,1,0,0.00,45,0,0,46,0,0.01,4,0.01,0.03,0.00,7,0.00,0.00,1,0,0.00,0.00,3.46,0.50,99,1,0.00,7,0,0,75,0,99,2,0,0.00,99,0,0.00,0.00,24.23,3.50,7,1,28,99,3.46,0.50,14.29,1,3.46,0,0,0.00,0,0.00,99,0,0.00,0.00,30,0,46,12,0,0,0,0,0,28,46,65,59,0,21,5,15,15,0,0,16,39,0,0
Hendel dos Santos Nascimento,18,1207206000,2008/04/03,Serie A,2026,Midfielder,Atlético Mineiro,0,0,0,Brazil,0,0,0,0,0,0,0,0,0,0,0,0,0,0,0,0,0,0,0,0,0,0,0,0,0,0,0,0,0,0,0,-1,-1,-1,-1,N/A,N/A,N/A,N/A,N/A,N/A,N/A,N/A,N/A,N/A,N/A,N/A,N/A,N/A,N/A,N/A,N/A,N/A,N/A,N/A,N/A,N/A,N/A,N/A,N/A,N/A,N/A,N/A,N/A,N/A,N/A,N/A,N/A,N/A,N/A,N/A,N/A,N/A,N/A,N/A,N/A,N/A,N/A,N/A,N/A,N/A,N/A,N/A,N/A,N/A,N/A,N/A,N/A,N/A,N/A,N/A,N/A,N/A,N/A,N/A,N/A,N/A,N/A,N/A,N/A,N/A,N/A,N/A,N/A,N/A,N/A,N/A,N/A,N/A,N/A,N/A,N/A,N/A,N/A,N/A,N/A,N/A,N/A,N/A,N/A,N/A,N/A,N/A,N/A,N/A,N/A,N/A,N/A,N/A,N/A,N/A,N/A,N/A,N/A,N/A,N/A,N/A,N/A,N/A,N/A,N/A,N/A,N/A,N/A,N/A,N/A,N/A,N/A,N/A,N/A,N/A,N/A,N/A,N/A,N/A,N/A,N/A,N/A,N/A,N/A,N/A,N/A,N/A,N/A,N/A,N/A,N/A,N/A,N/A,N/A,N/A,N/A,N/A,N/A,N/A,N/A,N/A,N/A,N/A,N/A,N/A,N/A,N/A,N/A,N/A,N/A,N/A,N/A,N/A,N/A,N/A,N/A,N/A,N/A,N/A,N/A,N/A,N/A,N/A,N/A,N/A,N/A,N/A,N/A,N/A,N/A,N/A,N/A,N/A,N/A,N/A,N/A,N/A,N/A,N/A,N/A,N/A,N/A,N/A,N/A,N/A,N/A,N/A,N/A,N/A,N/A,N/A,N/A,N/A,N/A,N/A,N/A,N/A,N/A,N/A,N/A,N/A,N/A,N/A,N/A,N/A,N/A,N/A,N/A,N/A,N/A,N/A,N/A,N/A,N/A,N/A,N/A,N/A,N/A,N/A,N/A,N/A,N/A,N/A
Henery David Mosquera Sánchez,24,1005811200,2001/11/15,Serie A,2026,Forward,Bragantino,1189,634,555,Colombia,18,10,8,0,0,0,3,2,1,0,0,8,5,3,9,5,4,4,0,0.23,0.23,0,0,0,0,0.68,132,66,297,396,0.3,328,46,-1,30,400000,7.08,0.17,90,22.39,16.44,15,296,13.61,245,45,18.53,20,0.00,0.00,1.89,34,0.00,2.06,1.06,0.78,14,0.00,1.50,0.00,0.00,0.00,0.28,3.89,0.56,0.00,2.65,1.22,5.67,0.00,0.72,0.16,0.00,0.28,0.00,0.00,0,0,,35,1.94,89,13,0.98,89,22,1.66,88,3,4,14,35,0.00,99,0,5,0.38,26,37,85,2.80,75,0,0.00,99,0,0.00,0,0,0.00,0,2.57,96,102,7.71,99,70,5.29,68.63,0,0.00,0,0,0,0.00,0,10,0.00,94,0.76,7,N/A,N/A,N/A,N/A,0.00,0,0.00,0,2.81,0.00,0,82.77,37.14,70,77,0.28,0.38,5,99,83,0,0,0,0.11,0.15,2,41,127.37,0.06,0.08,1,0,0.00,0.00,99,0.00,0,0,0,0.00,0.00,0,0.00,0.00,0.45,0.33,6,0,0.00,45,59,68,46,94,3.61,92,0.20,0.27,2.81,71,0.16,0.21,54,14,0.78,1.06,1.51,1.11,66,20,0.21,69,90,0,75,0,90,16,0,0.00,99,5,0.00,0.38,14.14,10.39,187,103,98,95,7.79,5.72,55.08,27,2.04,5,0,35.14,0,0.00,99,13,0.72,0.98,86,64,65,72,0,0,0,0,0,66,46,65,59,0,43,94,40,75,4,22,79,30,N/A,N/A
Hércules,25,972025200,2000/10/20,Serie A,2026,Midfielder,Fluminense,1276,759,517,Brazil,22,12,10,3,2,1,0,0,0,0,0,4,3,1,13,9,4,3,0,0.21,0,0.21,0.24,0.17,425,0.92,98,58,425,0,0.21,98,288,-1,6,1500000,6.57,0,48,53.77,34.68,87,763,32.27,710,99,50.04,91,0.00,0.00,0.59,13,0.00,0.36,2.26,1.45,32,0.00,0.32,0.00,0.00,0.00,0.32,0.27,0.64,10.00,2.11,0.82,0.64,0.00,0.55,0.20,0.00,0.45,0.00,0.00,0,0,,30,1.36,78,12,0.85,84,18,1.27,77,5,8,14,84,0.00,99,0,7,0.49,36,8,30,0.56,42,0,0.00,99,0,0.00,0,0,0.00,0,0.92,55,14,0.99,48,6,0.42,42.86,0,0.00,0,0,0,0.00,0,14,0.00,76,0.99,24,N/A,N/A,N/A,N/A,0.00,0,0.00,0,4.38,0.00,0,93.05,40.00,77,31,0.55,0.85,12,43,42,0,0,0,0.09,0.14,2,40,144.52,0.27,0.42,6,0,0.00,0.00,99,0.00,0,0,0,0.00,0.00,0,0.00,0.00,0.14,0.09,2,0,10.00,65,65,94,67,76,2.06,60,0.09,0.15,4.38,83,0.20,0.31,27,8,0.36,0.56,2.26,1.45,94,32,0.31,81,22,10,75,0,72,41,0,0.00,99,10,0.00,0.70,8.53,5.50,121,55,37,47,3.88,2.50,45.45,7,0.49,59,0,0.00,0,0.00,99,0,0.00,0.00,30,64,90,91,0,0,0,0,0,64,79,75,78,0,82,35,62,55,3,14,57,35,N/A,N/A
Higor Matheus Meritão,32,772354800,1994/06/23,Serie A,2026,Midfielder,Chapecoense,616,318,298,Brazil,11,6,5,1,1,0,0,0,0,0,0,1,1,0,13,7,6,1,0,0.15,0,0.15,0.28,0,616,1.9,47,56,616,0,0.15,141,421,-1,12,249600,6.81,0,48,34.92,21.73,47,239,19.09,210,79,30.68,52,0.00,0.00,0.73,8,0.00,0.00,3.21,2.00,22,0.00,0.27,0.00,0.00,0.00,0.36,0.55,1.27,11.00,1.61,0.55,0.82,0.00,0.45,0.14,0.00,0.64,0.00,0.00,0,0,,11,1.00,69,5,0.73,78,6,0.88,59,3,6,5,97,0.00,99,0,4,0.58,41,0,30,0.00,16,0,0.00,99,0,0.00,0,0,0.00,0,1.17,67,9,1.31,59,6,0.88,66.67,0,0.00,0,0,0,0.00,0,14,0.00,5,2.05,89,N/A,N/A,N/A,N/A,0.00,0,0.00,0,1.59,0.00,0,87.87,45.45,84,29,0.55,0.88,6,71,83,0,0,0,0.00,0.00,0,24,74.91,0.91,1.46,10,0,0.00,0.00,99,0.00,0,0,0,0.00,0.00,0,0.00,0.00,0.00,0.00,0,0,9.09,62,20,21,79,5,0.79,45,0.07,0.12,1.59,74,0.14,0.23,28,4,0.36,0.58,2.48,1.55,96,17,0.23,72,56,52,75,0,47,56,0,0.00,99,7,0.00,1.02,10.81,6.73,74,39,80,74,5.70,3.55,52.70,3,0.44,61,0,0.00,0,0.00,99,0,0.00,0.00,30,14,79,72,0,0,0,0,0,51,68,65,81,0,32,16,79,37,1,9,36,22,N/A,N/A
Hueglo dos Santos Neris,34,708764400,1992/06/17,Serie A,2026,Defender,Vitória,178,15,163,Brazil,4,1,3,0,0,0,0,0,0,0,0,0,0,0,8,0,8,0,0,0,0,0,0,0,0,4.04,22,45,0,0,0,-1,-1,-1,26,100000,4.72,0,48,38.93,19.25,58,77,16.50,66,66,33.37,58,0.00,0.00,0.50,2,0.00,0.00,1.52,0.75,3,0.00,0.00,0.00,0.00,0.00,0.25,0.25,2.25,0.00,0.00,0.00,0.25,0.00,0.00,0.00,0.00,0.75,0.00,0.00,0,0,,0,0.00,7,0,0.00,17,0,0.00,7,3,2,2,56,0.00,99,0,1,0.51,36,0,30,0.00,16,0,0.00,99,0,0.00,0,0,0.00,0,1.01,60,1,0.51,28,1,0.51,100.00,0,0.00,0,0,0,0.00,0,9,0.00,0,4.55,97,N/A,N/A,N/A,N/A,0.00,0,0.00,0,0.00,0.00,0,85.71,0.00,17,61,0.25,0.51,1,51,99,0,0,0,0.25,0.51,1,76,18.87,3.75,7.58,15,0,0.00,0.00,99,0.00,0,0,0,0.00,0.00,0,0.00,0.00,0.00,0.00,0,0,0.00,45,0,0,46,0,0.22,40,0.06,0.11,0.00,7,0.00,0.00,24,1,0.25,0.51,1.01,0.50,35,2,0.00,7,0,99,75,0,47,73,0,0.00,99,3,0.00,1.52,6.57,3.25,13,7,30,21,3.54,1.75,53.85,0,0.00,99,0,0.00,0,0.00,99,0,0.00,0.00,30,1,46,72,0,0,0,0,0,28,46,65,59,0,23,5,15,15,0,0,16,77,N/A,N/A
Hugo de Souza Nogueira,27,917769600,1999/01/31,Serie A,2026,Goalkeeper,Corinthians,1890,990,900,Brazil,21,11,10,0,0,0,0,0,0,0,0,9,5,4,19,10,9,2,0,0,0,0,0,0,0,0.9,99,90,945,0,0.1,414,404,43,20,960000,6.74,0,48,26.10,26.10,22,548,17.71,372,5,17.71,18,0.00,0.00,0.00,0,0.00,0.00,0.05,0.05,1,0.00,0.00,0.00,0.00,2.33,0.00,0.00,3.24,0.00,0.00,0.00,0.00,0.00,0.00,0.00,0.00,0.00,0.00,0.00,0,0,,0,0.00,7,0,0.00,17,0,0.00,7,0,0,21,6,0.00,99,0,0,0.00,10,0,30,0.00,16,0,0.00,99,0,0.00,0,0,0.00,0,0.00,8,0,0.00,9,0,0.00,0.00,0,0.00,0,49,71,2.33,32,68,0.00,77,3.24,94,N/A,N/A,N/A,N/A,72.06,0,0.00,0,0.00,0.00,0,67.88,0.00,17,99,0.00,0.00,0,13,13,0,0,22,0.00,0.00,0,24,141.47,1.00,1.00,21,1,0.00,0.05,11,0.05,2,0,0,0.00,0.00,7,0.33,0.33,0.00,0.00,0,0,0.00,45,96,90,46,76,0.78,6,0.04,0.04,0.00,7,0.00,0.00,1,1,0.05,0.05,0.05,0.05,7,1,0.00,7,47,37,75,30,47,2,0,0.00,99,0,0.00,0.00,0.14,0.14,3,2,0,0,0.10,0.10,66.67,0,0.00,99,0,0.00,0,0.00,99,0,0.00,0.00,30,94,23,12,0,0,0,0,0,28,46,65,59,0,67,93,90,26,2,10,42,1,N/A,N/A
Hugo Ferreira de Farias,28,872838000,1997/08/29,Serie A,2026,Defender,Corinthians,0,0,0,Brazil,0,0,0,0,0,0,0,0,0,0,0,0,0,0,0,0,0,0,0,0,0,0,0,0,0,0,0,0,0,0,0,-1,-1,-1,-1,N/A,N/A,N/A,N/A,N/A,N/A,N/A,N/A,N/A,N/A,N/A,N/A,N/A,N/A,N/A,N/A,N/A,N/A,N/A,N/A,N/A,N/A,N/A,N/A,N/A,N/A,N/A,N/A,N/A,N/A,N/A,N/A,N/A,N/A,N/A,N/A,N/A,N/A,N/A,N/A,N/A,N/A,N/A,N/A,N/A,N/A,N/A,N/A,N/A,N/A,N/A,N/A,N/A,N/A,N/A,N/A,N/A,N/A,N/A,N/A,N/A,N/A,N/A,N/A,N/A,N/A,N/A,N/A,N/A,N/A,N/A,N/A,N/A,N/A,N/A,N/A,N/A,N/A,N/A,N/A,N/A,N/A,N/A,N/A,N/A,N/A,N/A,N/A,N/A,N/A,N/A,N/A,N/A,N/A,N/A,N/A,N/A,N/A,N/A,N/A,N/A,N/A,N/A,N/A,N/A,N/A,N/A,N/A,N/A,N/A,N/A,N/A,N/A,N/A,N/A,N/A,N/A,N/A,N/A,N/A,N/A,N/A,N/A,N/A,N/A,N/A,N/A,N/A,N/A,N/A,N/A,N/A,N/A,N/A,N/A,N/A,N/A,N/A,N/A,N/A,N/A,N/A,N/A,N/A,N/A,N/A,N/A,N/A,N/A,N/A,N/A,N/A,N/A,N/A,N/A,N/A,N/A,N/A,N/A,N/A,N/A,N/A,N/A,N/A,N/A,N/A,N/A,N/A,N/A,N/A,N/A,N/A,N/A,N/A,N/A,N/A,N/A,N/A,N/A,N/A,N/A,N/A,N/A,N/A,N/A,N/A,N/A,N/A,N/A,N/A,N/A,N/A,N/A,N/A,N/A,N/A,N/A,N/A,N/A,N/A,N/A,N/A,N/A,N/A,N/A,N/A,N/A,N/A,N/A,N/A,N/A,N/A,N/A,N/A,N/A,N/A,N/A,N/A,N/A,N/A,N/A,N/A,N/A,N/A
Hugo Leonardo Nunes Fernandes Santos,22,1074499200,2004/01/19,Serie A,2026,Midfielder,São Paulo,18,0,18,Brazil,1,0,1,0,0,0,0,0,0,0,0,0,0,0,0,0,0,0,0,0,0,0,0,0,0,0,0,18,0,0,0,-1,-1,-1,19,0,6.34,0,48,40.00,8.00,59,8,6.00,6,15,30.00,50,0.00,0.00,0.00,0,0.00,0.00,0.00,0.00,0,0.00,0.00,0.00,0.00,0.00,0.00,1.00,1.00,0.00,0.00,0.00,1.00,0.00,0.00,0.00,0.00,0.00,0.00,0.00,0,0,,0,0.00,7,0,0.00,17,0,0.00,7,0,1,0,5,0.00,99,0,0,0.00,10,0,30,0.00,16,0,0.00,99,0,0.00,0,0,0.00,0,0.00,8,1,5.00,98,1,5.00,100.00,0,0.00,0,0,0,0.00,0,1,0.00,99,5.00,98,N/A,N/A,N/A,N/A,0.00,0,0.00,0,0.00,0.00,0,75.00,0.00,17,99,0.00,0.00,0,99,99,0,0,0,0.00,0.00,0,24,6.34,1.00,5.00,1,0,0.00,0.00,99,0.00,0,0,0,0.00,0.00,0,0.00,0.00,0.00,0.00,0,0,0.00,45,0,0,46,0,0.01,10,0.01,0.05,0.00,7,0.00,0.00,1,0,0.00,0.00,0.00,0.00,5,0,0.00,7,13,88,75,0,47,2,0,0.00,99,0,0.00,0.00,5.00,1.00,1,1,66,10,5.00,1.00,100.00,0,0.00,99,0,0.00,0,0.00,99,0,0.00,0.00,30,0,36,12,0,0,0,0,0,28,46,65,59,0,21,5,15,15,0,0,16,38,0,0
Hugo Moura,28,883814400,1998/01/03,Serie A,2026,Midfielder,Vasco da Gama,582,338,244,Brazil,11,7,4,1,0,1,0,0,0,0,0,1,1,0,10,4,6,0,0,0.15,0,0.15,0,0.37,582,1.55,58,53,0,0,0,142,297,-1,9,800000,6.65,0,48,57.68,33.91,92,373,30.91,340,94,52.58,93,0.00,0.00,0.27,3,0.00,0.00,0.93,0.55,6,0.00,0.09,0.00,0.00,0.00,0.55,0.00,1.00,3.00,0.46,0.18,0.09,0.00,0.09,0.08,0.00,0.64,0.00,0.00,0,0,,3,0.27,21,1,0.15,32,2,0.31,21,2,4,7,30,0.00,99,0,6,0.93,59,0,30,0.00,16,0,0.00,99,0,0.00,0,0,0.00,0,0.46,31,1,0.15,13,0,0.00,0.00,0,0.00,0,0,0,0.00,0,11,0.00,15,1.70,81,N/A,N/A,N/A,N/A,0.00,0,0.00,0,0.84,0.00,0,91.15,33.33,62,24,0.55,0.93,6,13,13,0,0,0,0.64,1.08,7,96,73.20,1.18,2.01,13,0,0.00,0.00,99,0.00,0,0,0,0.00,0.00,0,0.00,0.00,0.00,0.00,0,0,33.33,99,17,21,78,15,0.85,51,0.08,0.13,0.84,57,0.08,0.13,61,8,0.73,1.24,1.39,0.82,58,9,0.13,56,34,59,75,0,47,58,0,0.00,99,7,0.00,1.08,7.27,4.27,47,20,20,32,3.09,1.82,42.55,1,0.15,81,0,0.00,0,0.00,99,0,0.00,0.00,30,28,65,56,0,0,0,0,0,51,68,90,59,0,61,16,15,15,0,0,16,25,N/A,N/A
Hulk,40,522658800,1986/07/25,Serie A,2026,Forward,Fluminense,1302,736,566,Brazil,18,9,9,4,3,1,3,2,1,0,0,4,3,1,14,6,8,1,0,0.48,0.21,0.28,0.37,0.16,326,0.97,93,72,1302,434,0.07,61,52,-1,2,3430000,7.04,0.17,89,22.67,18.22,16,328,13.83,249,17,17.21,16,0.00,0.00,1.50,27,0.00,4.33,0.48,0.39,7,0.00,1.89,0.00,0.00,0.00,0.00,0.72,0.78,12.50,3.46,1.89,2.11,0.00,0.89,0.32,0.00,0.50,0.00,0.00,0,0,,50,2.78,98,16,1.11,94,34,2.35,97,5,2,16,13,0.00,99,0,0,0.00,10,78,64,5.39,94,0,0.00,99,0,0.00,0,0,0.00,0,1.87,88,38,2.63,85,13,0.90,34.21,0,0.00,0,0,0,0.00,0,14,0.00,71,0.97,21,N/A,N/A,N/A,N/A,0.00,0,0.00,0,5.76,0.00,0,75.91,32.00,53,79,0.28,0.35,5,72,27,1,0,0,0.06,0.07,1,27,126.67,0.17,0.21,3,0,0.00,0.00,99,0.00,0,1,0,0.00,0.00,0,0.00,0.00,0.41,0.33,6,0,8.00,58,68,68,59,71,3.29,85,0.18,0.23,5.06,87,0.28,0.35,96,41,2.28,2.83,0.62,0.50,18,9,0.40,90,87,3,75,0,89,35,0,0.00,99,9,0.00,0.62,11.27,9.06,163,70,63,78,4.84,3.89,42.94,34,2.35,1,0,25.64,0,0.00,99,20,1.11,1.38,92,76,46,91,0,0,0,0,0,87,87,74,88,0,97,46,94,22,1,6,29,7,N/A,N/A
Iago Borduchi,29,859104000,1997/03/23,Serie A,2026,Defender,São Paulo,237,47,190,Brazil,6,3,3,0,0,0,0,0,0,0,0,1,1,0,5,1,4,0,0,0,0,0,0,0,0,1.9,47,40,0,0,0,-1,-1,-1,16,0,6.73,0,48,58.86,25.83,93,155,23.17,139,88,52.78,94,0.00,0.00,1.00,6,0.00,3.00,1.52,0.67,4,0.00,0.67,0.00,0.00,0.00,0.33,0.33,0.83,0.00,1.14,0.33,0.83,0.00,0.17,0.04,0.00,0.00,0.00,0.00,0,0,,3,0.50,53,1,0.38,58,2,0.76,53,0,4,2,56,0.00,99,0,2,0.76,49,18,69,6.84,97,0,0.00,99,0,0.00,0,0,0.00,0,2.28,93,5,1.90,73,2,0.76,40.00,0,0.00,0,0,0,0.00,0,5,0.00,5,1.90,86,N/A,N/A,N/A,N/A,0.00,0,0.00,0,0.26,0.00,0,89.68,33.33,62,99,0.00,0.00,0,66,37,0,0,0,0.33,0.76,2,88,40.37,0.50,1.14,3,0,0.00,0.00,99,0.00,0,0,1,0.17,0.38,0,0.00,0.00,0.00,0.00,0,0,0.00,45,0,4,46,5,0.53,79,0.09,0.20,0.26,50,0.04,0.10,39,2,0.33,0.76,1.14,0.50,46,3,0.10,48,45,41,99,0,47,2,0,0.00,99,0,0.00,0.00,7.59,3.33,20,8,19,37,3.04,1.33,40.00,4,1.52,11,0,27.78,0,0.00,99,5,0.83,1.90,97,1,65,12,0,0,0,0,0,28,46,65,59,0,21,32,15,15,0,0,16,25,0,0
Iago Machado,17,1234857600,2009/02/17,Serie A,2026,Defender,Corinthians,0,0,0,Brazil,0,0,0,0,0,0,0,0,0,0,0,0,0,0,0,0,0,0,0,0,0,0,0,0,0,0,0,0,0,0,0,-1,-1,-1,-1,N/A,N/A,N/A,N/A,N/A,N/A,N/A,N/A,N/A,N/A,N/A,N/A,N/A,N/A,N/A,N/A,N/A,N/A,N/A,N/A,N/A,N/A,N/A,N/A,N/A,N/A,N/A,N/A,N/A,N/A,N/A,N/A,N/A,N/A,N/A,N/A,N/A,N/A,N/A,N/A,N/A,N/A,N/A,N/A,N/A,N/A,N/A,N/A,N/A,N/A,N/A,N/A,N/A,N/A,N/A,N/A,N/A,N/A,N/A,N/A,N/A,N/A,N/A,N/A,N/A,N/A,N/A,N/A,N/A,N/A,N/A,N/A,N/A,N/A,N/A,N/A,N/A,N/A,N/A,N/A,N/A,N/A,N/A,N/A,N/A,N/A,N/A,N/A,N/A,N/A,N/A,N/A,N/A,N/A,N/A,N/A,N/A,N/A,N/A,N/A,N/A,N/A,N/A,N/A,N/A,N/A,N/A,N/A,N/A,N/A,N/A,N/A,N/A,N/A,N/A,N/A,N/A,N/A,N/A,N/A,N/A,N/A,N/A,N/A,N/A,N/A,N/A,N/A,N/A,N/A,N/A,N/A,N/A,N/A,N/A,N/A,N/A,N/A,N/A,N/A,N/A,N/A,N/A,N/A,N/A,N/A,N/A,N/A,N/A,N/A,N/A,N/A,N/A,N/A,N/A,N/A,N/A,N/A,N/A,N/A,N/A,N/A,N/A,N/A,N/A,N/A,N/A,N/A,N/A,N/A,N/A,N/A,N/A,N/A,N/A,N/A,N/A,N/A,N/A,N/A,N/A,N/A,N/A,N/A,N/A,N/A,N/A,N/A,N/A,N/A,N/A,N/A,N/A,N/A,N/A,N/A,N/A,N/A,N/A,N/A,N/A,N/A,N/A,N/A,N/A,N/A,N/A,N/A,N/A,N/A,N/A,N/A,N/A,N/A,N/A,N/A,N/A,N/A,N/A,N/A,N/A,N/A,N/A,N/A
Ignácio,29,849427200,1996/12/01,Serie A,2026,Defender,Fluminense,858,494,364,Brazil,12,7,5,2,1,1,1,0,1,0,0,1,1,0,13,6,7,4,0,0.31,0.1,0.21,0.18,0.25,429,1.36,66,72,215,858,0.42,101,150,125,9,840000,5.90,0.08,66,59.30,47.17,93,566,43.17,518,95,54.27,95,0.00,0.00,0.33,4,0.00,0.25,1.47,1.17,14,0.00,0.17,0.00,0.00,0.00,0.83,0.08,1.17,6.00,1.26,0.83,0.25,0.00,0.17,0.16,0.00,2.08,0.00,0.00,0,0,,12,1.00,58,2,0.21,41,10,1.05,67,0,3,9,54,0.00,99,0,10,1.05,68,3,30,0.31,32,0,0.00,99,0,0.00,0,0,0.00,0,0.42,30,3,0.31,19,1,0.10,33.33,0,0.00,0,0,0,0.00,0,14,0.00,30,1.47,65,N/A,N/A,N/A,N/A,0.00,0,0.00,0,1.90,0.00,0,91.52,16.67,26,93,0.08,0.10,1,17,27,0,0,0,0.58,0.73,7,87,70.83,4.33,5.45,52,0,0.00,0.00,99,0.00,0,0,1,0.08,0.10,0,0.00,0.00,0.00,0.00,0,0,16.67,86,38,24,68,30,1.69,72,0.14,0.18,1.90,70,0.16,0.20,46,9,0.75,0.94,1.05,0.83,40,10,0.20,68,3,91,89,0,47,94,0,0.00,99,25,0.00,2.62,7.86,6.25,75,48,66,39,5.03,4.00,64.00,2,0.21,75,0,0.00,0,0.00,99,0,0.00,0.00,30,37,56,12,0,0,0,0,0,76,79,83,71,0,61,13,27,88,4,33,94,4,N/A,N/A
Ignacio Sosa Ospital,22,1062313200,2003/08/31,Serie A,2026,Midfielder,Bragantino,411,110,301,Uruguay,15,7,8,0,0,0,0,0,0,0,0,5,3,2,7,1,6,5,0,0,0,0,0,0,0,1.53,59,27,82,0,1.09,324,319,-1,24,0,6.22,0,48,42.48,12.93,65,194,10.27,154,29,33.72,60,0.00,0.00,0.53,8,0.00,1.20,3.72,1.13,17,0.00,0.20,0.00,0.00,0.00,0.20,0.67,0.47,0.00,1.09,0.27,0.93,0.00,0.07,0.02,0.00,0.20,0.00,0.00,0,0,,5,0.33,51,1,0.22,42,4,0.88,59,1,11,4,99,0.00,99,0,3,0.66,44,18,84,3.94,86,0,0.00,99,0,0.00,0,0,0.00,0,1.75,87,14,3.07,89,10,2.19,71.43,0,0.00,0,0,0,0.00,0,7,0.00,17,1.53,71,N/A,N/A,N/A,N/A,0.00,0,0.00,0,0.27,0.00,0,79.38,20.00,31,8,0.40,1.31,6,96,86,0,0,0,0.00,0.00,0,24,93.25,0.27,0.88,4,0,0.00,0.00,99,0.00,0,0,0,0.00,0.00,0,0.00,0.00,0.00,0.00,0,0,0.00,45,4,41,46,19,0.54,45,0.04,0.12,0.27,35,0.02,0.06,99,19,1.27,4.16,3.28,1.00,99,15,0.06,34,10,31,75,0,47,38,0,0.00,99,3,0.00,0.66,18.18,5.53,83,49,99,99,10.73,3.27,59.04,3,0.66,46,0,33.33,0,0.00,99,6,0.40,1.31,92,8,97,35,0,0,0,0,0,28,46,65,59,0,21,75,15,99,5,33,94,15,0,0
Igor Aquino da Silva,33,736239600,1993/05/01,Serie A,2026,Defender,Mirassol,35,35,0,Brazil,1,1,0,0,0,0,0,0,0,0,0,0,0,0,1,1,0,0,0,0,0,0,0,0,0,2.57,35,35,0,0,0,-1,-1,-1,26,180000,6.26,0,48,23.14,9.00,17,9,6.00,6,4,15.43,12,0.00,0.00,1.00,1,0.00,1.00,2.57,1.00,1,0.00,0.00,0.00,0.00,0.00,0.00,0.00,1.00,0.00,0.00,0.00,0.00,0.00,0.00,0.00,0.00,2.00,0.00,0.00,0,0,,0,0.00,7,0,0.00,17,0,0.00,7,0,1,0,92,0.00,99,0,0,0.00,10,1,30,2.57,72,0,0.00,99,0,0.00,0,0,0.00,0,2.57,96,0,0.00,9,0,0.00,0.00,0,0.00,0,0,0,0.00,0,1,0.00,0,2.57,93,N/A,N/A,N/A,N/A,0.00,0,0.00,0,0.00,0.00,0,66.67,0.00,17,99,0.00,0.00,0,13,13,0,0,0,0.00,0.00,0,24,6.26,1.00,2.57,1,1,0.00,2.57,0,1.00,0,0,0,0.00,0.00,0,0.00,0.00,0.00,0.00,0,0,0.00,45,0,0,46,0,0.04,36,0.04,0.10,0.00,7,0.00,0.00,93,1,1.00,2.57,2.57,1.00,98,1,0.00,7,11,68,75,0,47,99,0,0.00,99,2,0.00,5.14,12.86,5.00,5,4,99,89,10.29,4.00,80.00,0,0.00,99,0,0.00,0,0.00,99,0,0.00,0.00,30,0,36,12,0,0,0,0,0,28,46,65,59,0,28,5,15,15,0,0,16,14,N/A,N/A
Igor Gomes,27,921657600,1999/03/17,Serie A,2026,Midfielder,Atlético Mineiro,304,135,169,Brazil,8,3,5,1,0,1,1,1,0,0,0,2,1,1,6,3,3,1,0,0.59,0.3,0.3,0,0.53,304,1.78,51,38,304,304,0.3,53,21,-1,14,1100000,6.72,0.12,96,49.44,20.88,80,167,18.75,150,88,44.41,82,0.00,0.00,0.75,6,0.00,0.75,0.89,0.38,3,0.00,0.12,0.00,0.00,0.00,0.50,0.25,0.88,2.00,0.59,0.12,0.62,0.00,0.12,0.10,0.00,0.00,0.00,0.00,0,0,,2,0.25,29,1,0.30,51,1,0.30,20,4,5,3,26,0.00,99,0,4,1.18,76,6,97,1.78,62,0,0.00,99,0,0.00,0,0,0.00,0,1.78,87,5,1.48,63,2,0.59,40.00,0,0.00,0,0,0,0.00,0,7,0.00,8,2.07,90,N/A,N/A,N/A,N/A,0.00,0,0.00,0,0.79,0.00,0,89.82,50.00,92,28,0.38,0.89,3,57,37,0,0,0,0.00,0.00,0,24,53.79,0.25,0.59,2,0,0.00,0.00,99,0.00,0,0,0,0.00,0.00,0,0.00,0.00,0.00,0.00,0,0,50.00,99,0,8,58,8,1.14,96,0.14,0.34,0.79,74,0.10,0.23,71,5,0.62,1.48,1.78,0.75,81,6,0.23,72,43,19,75,0,47,2,0,0.00,99,0,0.00,0.00,6.81,2.88,23,10,17,25,2.96,1.25,43.48,1,0.30,71,0,66.67,0,0.00,99,4,0.50,1.18,89,3,74,83,0,0,0,0,0,95,88,96,59,0,71,54,41,75,1,12,49,17,N/A,N/A
Igor Marques Paciencia Cardoso,27,915782400,1999/01/08,Serie A,2026,Defender,Mirassol,1571,904,667,Brazil,20,11,9,4,1,3,1,1,0,0,0,0,0,0,25,16,9,2,0,0.29,0.06,0.23,0.1,0.4,393,1.43,63,79,786,1571,0.11,92,188,134,1,180000,6.93,0.05,55,34.89,30.45,46,609,23.95,479,26,27.44,43,0.00,0.00,0.95,19,0.00,2.60,3.04,2.65,53,0.00,0.80,0.00,0.00,0.00,1.70,1.25,1.30,4.00,0.92,0.50,2.20,0.00,0.30,0.18,0.00,1.70,0.00,0.00,0,0,,16,0.80,46,6,0.34,54,10,0.57,42,1,2,18,96,0.00,99,0,34,1.95,97,52,62,2.98,76,0,0.00,99,0,0.00,0,0,0.00,0,1.09,63,44,2.52,84,25,1.43,56.82,0,0.00,0,0,0,0.00,0,26,0.00,25,1.49,67,N/A,N/A,N/A,N/A,0.00,0,0.00,0,3.52,0.00,0,78.65,37.50,72,2,1.40,1.60,28,86,66,0,0,0,0.40,0.46,8,73,138.57,3.00,3.44,60,0,0.00,0.00,99,0.00,0,0,0,0.00,0.00,0,0.00,0.00,0.00,0.00,0,0,25.00,96,84,82,66,26,2.35,51,0.12,0.13,3.52,70,0.18,0.20,22,8,0.40,0.46,1.78,1.55,81,31,0.20,68,74,78,75,0,47,82,0,0.00,99,34,0.00,1.95,12.95,11.30,226,119,93,89,6.82,5.95,52.65,16,0.92,34,0,25.00,0,0.00,99,13,0.65,0.74,80,84,46,35,0,0,0,0,0,75,81,93,61,0,28,5,88,28,2,10,42,32,N/A,N/A
Igor Rabello da Costa,31,799052400,1995/04/28,Serie A,2026,Defender,Fluminense,82,82,0,Brazil,2,2,0,0,0,0,0,0,0,0,0,1,1,0,1,1,0,0,0,0,0,0,0,0,0,1.1,82,41,0,0,0,-1,-1,-1,27,960000,7.02,0,48,55.98,25.50,90,51,24.50,49,99,53.78,94,0.00,0.00,0.00,0,0.00,0.00,5.49,2.50,5,0.00,0.00,0.00,0.00,0.00,1.00,0.00,0.50,0.00,1.10,0.50,0.50,0.00,0.00,0.03,0.00,2.00,0.00,0.00,0,0,,1,0.50,52,0,0.00,17,1,1.10,70,1,1,1,99,0.00,99,0,2,2.20,98,0,30,0.00,16,0,0.00,99,0,0.00,0,0,0.00,0,0.00,8,1,1.10,52,0,0.00,0.00,0,0.00,0,0,0,0.00,0,1,0.00,54,1.10,35,N/A,N/A,N/A,N/A,0.00,0,0.00,0,0.05,0.00,0,96.08,0.00,17,99,0.00,0.00,0,13,13,0,0,0,1.00,2.20,2,99,14.04,2.00,4.39,4,0,0.00,0.00,99,0.00,0,0,0,0.00,0.00,0,0.00,0.00,0.00,0.00,0,0,0.00,45,0,0,46,54,0.10,40,0.05,0.11,0.05,31,0.03,0.05,1,0,0.00,0.00,0.00,0.00,5,0,0.05,30,85,85,75,0,47,99,0,0.00,99,4,0.00,4.39,14.27,6.50,13,9,99,95,9.88,4.50,69.23,0,0.00,99,0,0.00,0,0.00,99,0,0.00,0.00,30,0,36,35,0,0,0,0,0,28,46,65,59,0,67,98,15,15,0,0,16,21,N/A,N/A
Igor Teixeira Felisberto,19,1173254400,2007/03/07,Serie A,2026,Defender,São Paulo,0,0,0,Brazil,0,0,0,0,0,0,0,0,0,0,0,0,0,0,0,0,0,0,0,0,0,0,0,0,0,0,0,0,0,0,0,-1,-1,-1,-1,N/A,N/A,N/A,N/A,N/A,N/A,N/A,N/A,N/A,N/A,N/A,N/A,N/A,N/A,N/A,N/A,N/A,N/A,N/A,N/A,N/A,N/A,N/A,N/A,N/A,N/A,N/A,N/A,N/A,N/A,N/A,N/A,N/A,N/A,N/A,N/A,N/A,N/A,N/A,N/A,N/A,N/A,N/A,N/A,N/A,N/A,N/A,N/A,N/A,N/A,N/A,N/A,N/A,N/A,N/A,N/A,N/A,N/A,N/A,N/A,N/A,N/A,N/A,N/A,N/A,N/A,N/A,N/A,N/A,N/A,N/A,N/A,N/A,N/A,N/A,N/A,N/A,N/A,N/A,N/A,N/A,N/A,N/A,N/A,N/A,N/A,N/A,N/A,N/A,N/A,N/A,N/A,N/A,N/A,N/A,N/A,N/A,N/A,N/A,N/A,N/A,N/A,N/A,N/A,N/A,N/A,N/A,N/A,N/A,N/A,N/A,N/A,N/A,N/A,N/A,N/A,N/A,N/A,N/A,N/A,N/A,N/A,N/A,N/A,N/A,N/A,N/A,N/A,N/A,N/A,N/A,N/A,N/A,N/A,N/A,N/A,N/A,N/A,N/A,N/A,N/A,N/A,N/A,N/A,N/A,N/A,N/A,N/A,N/A,N/A,N/A,N/A,N/A,N/A,N/A,N/A,N/A,N/A,N/A,N/A,N/A,N/A,N/A,N/A,N/A,N/A,N/A,N/A,N/A,N/A,N/A,N/A,N/A,N/A,N/A,N/A,N/A,N/A,N/A,N/A,N/A,N/A,N/A,N/A,N/A,N/A,N/A,N/A,N/A,N/A,N/A,N/A,N/A,N/A,N/A,N/A,N/A,N/A,N/A,N/A,N/A,N/A,N/A,N/A,N/A,N/A,N/A,N/A,N/A,N/A,N/A,N/A,N/A,N/A,N/A,N/A,N/A,N/A,N/A,N/A,N/A,N/A,N/A,N/A
Igor Vinicius de Souza,29,859881600,1997/04/01,Serie A,2026,Defender,Santos,1476,775,701,Brazil,17,9,8,0,0,0,1,0,1,0,0,5,3,2,20,9,11,4,0,0.06,0.06,0,0,0,0,1.22,74,87,369,1476,0.24,437,192,107,33,960000,6.71,0.06,55,40.37,38.94,60,662,32.65,555,52,33.84,60,0.00,0.00,0.88,15,0.00,2.35,2.56,2.47,42,0.00,0.82,0.00,0.00,0.00,1.12,0.71,1.35,0.00,0.24,0.12,1.88,0.00,0.12,0.02,0.00,0.53,0.00,0.00,0,0,,4,0.24,11,2,0.12,27,2,0.12,8,2,0,17,92,0.00,99,0,19,1.16,74,40,79,2.44,69,0,0.00,99,0,0.00,0,0,0.00,0,0.91,54,32,1.95,74,12,0.73,37.50,0,0.00,0,0,0,0.00,0,23,0.00,42,1.40,60,N/A,N/A,N/A,N/A,0.00,0,0.00,0,0.41,0.00,0,83.84,50.00,92,40,0.71,0.73,12,66,31,0,0,0,0.18,0.18,3,44,114.08,1.88,1.95,32,0,0.00,0.00,99,0.00,0,0,0,0.00,0.00,0,0.00,0.00,0.00,0.00,0,0,0.00,45,78,61,46,42,2.45,60,0.14,0.15,0.41,20,0.02,0.03,52,17,1.00,1.04,1.10,1.06,42,18,0.03,19,41,58,75,0,47,30,0,0.00,99,9,0.00,0.55,9.70,9.35,159,80,64,65,4.88,4.71,50.31,14,0.85,38,0,32.50,0,0.00,99,13,0.76,0.79,82,80,23,56,0,0,0,0,0,32,46,65,59,0,67,64,54,61,4,24,82,18,N/A,N/A
Isaac Rodrigues de Lima,22,1082790000,2004/04/24,Serie A,2026,Forward,Atlético PR,40,9,31,Brazil,3,1,2,0,0,0,0,0,0,0,0,1,1,0,0,0,0,0,0,0,0,0,0,0,0,0,0,13,0,0,0,-1,-1,-1,12,0,6.47,0,48,13.50,2.00,3,6,1.33,4,4,9.00,3,0.00,0.00,0.00,0,0.00,0.33,2.25,0.33,1,0.00,0.00,0.00,0.00,0.00,0.00,0.33,0.00,0.00,0.00,0.00,1.00,0.00,0.00,0.00,0.00,0.33,0.00,0.00,0,0,,0,0.00,7,0,0.00,17,0,0.00,7,0,3,0,83,0.00,99,0,0,0.00,10,1,99,2.25,68,0,0.00,99,0,0.00,0,0,0.00,0,0.00,8,3,6.75,99,1,2.25,33.33,0,0.00,0,0,0,0.00,0,0,0.00,99,0.00,0,N/A,N/A,N/A,N/A,0.00,0,0.00,0,0.00,0.00,0,66.67,0.00,17,0,0.33,2.25,1,96,27,0,0,0,0.00,0.00,0,24,19.42,0.00,0.00,0,0,0.00,0.00,99,0.00,0,0,0,0.00,0.00,0,0.00,0.00,0.00,0.00,0,0,0.00,45,0,0,46,0,0.01,0,0.00,0.02,0.00,7,0.00,0.00,1,0,0.00,0.00,2.25,0.33,94,1,0.00,7,19,0,75,0,47,88,0,0.00,99,1,0.00,2.25,20.25,3.00,9,3,92,99,6.75,1.00,33.33,0,0.00,99,0,100.00,0,0.00,99,1,0.33,2.25,99,0,56,12,0,0,0,0,0,28,46,65,59,0,21,75,15,15,0,0,16,11,0,0
Isac Silvestre da Silva,20,1143964800,2006/04/02,Serie A,2026,Defender,São Paulo,0,0,0,Brazil,0,0,0,0,0,0,0,0,0,0,0,0,0,0,0,0,0,0,0,0,0,0,0,0,0,0,0,0,0,0,0,-1,-1,-1,-1,N/A,N/A,N/A,N/A,N/A,N/A,N/A,N/A,N/A,N/A,N/A,N/A,N/A,N/A,N/A,N/A,N/A,N/A,N/A,N/A,N/A,N/A,N/A,N/A,N/A,N/A,N/A,N/A,N/A,N/A,N/A,N/A,N/A,N/A,N/A,N/A,N/A,N/A,N/A,N/A,N/A,N/A,N/A,N/A,N/A,N/A,N/A,N/A,N/A,N/A,N/A,N/A,N/A,N/A,N/A,N/A,N/A,N/A,N/A,N/A,N/A,N/A,N/A,N/A,N/A,N/A,N/A,N/A,N/A,N/A,N/A,N/A,N/A,N/A,N/A,N/A,N/A,N/A,N/A,N/A,N/A,N/A,N/A,N/A,N/A,N/A,N/A,N/A,N/A,N/A,N/A,N/A,N/A,N/A,N/A,N/A,N/A,N/A,N/A,N/A,N/A,N/A,N/A,N/A,N/A,N/A,N/A,N/A,N/A,N/A,N/A,N/A,N/A,N/A,N/A,N/A,N/A,N/A,N/A,N/A,N/A,N/A,N/A,N/A,N/A,N/A,N/A,N/A,N/A,N/A,N/A,N/A,N/A,N/A,N/A,N/A,N/A,N/A,N/A,N/A,N/A,N/A,N/A,N/A,N/A,N/A,N/A,N/A,N/A,N/A,N/A,N/A,N/A,N/A,N/A,N/A,N/A,N/A,N/A,N/A,N/A,N/A,N/A,N/A,N/A,N/A,N/A,N/A,N/A,N/A,N/A,N/A,N/A,N/A,N/A,N/A,N/A,N/A,N/A,N/A,N/A,N/A,N/A,N/A,N/A,N/A,N/A,N/A,N/A,N/A,N/A,N/A,N/A,N/A,N/A,N/A,N/A,N/A,N/A,N/A,N/A,N/A,N/A,N/A,N/A,N/A,N/A,N/A,N/A,N/A,N/A,N/A,N/A,N/A,N/A,N/A,N/A,N/A,N/A,N/A,N/A,N/A,N/A,N/A
Isidro Miguel Pitta Saldívar,27,934614000,1999/08/14,Serie A,2026,Forward,Bragantino,1439,722,717,Paraguay,21,12,9,5,3,2,2,0,2,0,0,7,5,2,16,6,10,2,0,0.44,0.13,0.31,0.37,0.25,288,1,90,69,720,720,0.13,51,116,-1,1,624000,6.92,0.1,74,14.82,11.29,4,237,8.48,178,16,11.13,5,0.00,0.00,0.76,16,0.00,0.33,0.25,0.19,4,0.00,0.43,0.00,0.00,0.00,0.14,0.24,0.76,7.50,2.81,1.43,0.48,0.00,0.71,0.34,0.00,1.10,0.00,0.00,0,0,,45,2.14,92,15,0.94,87,30,1.88,93,7,5,16,9,0.00,99,0,3,0.19,18,7,90,0.44,39,0,0.00,99,0,0.00,0,0,0.00,0,1.00,59,10,0.63,34,5,0.31,50.00,0,0.00,0,0,0,0.00,0,16,0.00,66,1.00,25,N/A,N/A,N/A,N/A,0.00,0,0.00,0,7.06,0.00,0,75.11,33.33,62,92,0.10,0.13,2,34,59,0,1,0,0.00,0.00,0,24,145.23,0.71,0.94,15,0,0.00,0.00,99,0.00,0,1,1,0.05,0.06,0,0.00,0.00,0.63,0.48,10,1,13.33,77,76,90,57,67,2.15,51,0.10,0.13,6.36,91,0.30,0.40,44,14,0.67,0.88,1.44,1.10,62,23,0.44,94,72,34,81,0,95,71,0,0.00,99,23,0.00,1.44,6.75,5.14,108,44,14,24,2.75,2.10,40.74,9,0.56,54,0,42.86,0,0.00,99,3,0.14,0.19,47,76,74,99,0,1,0,5,0,85,89,83,88,0,54,75,86,32,2,10,42,9,N/A,N/A
Italo de Vargas da Rosa,23,1034492400,2002/10/13,Serie A,2026,Forward,Chapecoense,715,421,294,Brazil,15,9,6,0,0,0,0,0,0,0,0,1,1,0,16,10,6,1,0,0,0,0,0,0,0,2.01,45,48,715,0,0.13,427,426,-1,38,150000,6.62,0,48,19.73,10.47,10,157,8.53,128,36,16.09,13,0.00,0.00,0.40,6,0.00,1.33,0.75,0.40,6,0.00,0.33,0.00,0.00,0.00,0.33,0.53,1.07,0.00,2.01,0.87,1.07,0.00,0.20,0.08,0.00,0.47,0.00,0.00,0,0,,16,1.07,76,3,0.38,58,13,1.63,87,5,7,8,20,0.00,99,0,5,0.63,43,20,34,2.51,71,0,0.00,99,0,0.00,0,0,0.00,0,0.75,45,16,2.01,76,8,1.01,50.00,0,0.00,0,0,0,0.00,0,16,0.00,3,2.01,88,N/A,N/A,N/A,N/A,0.00,0,0.00,0,1.19,0.00,0,81.53,18.75,28,77,0.20,0.38,3,76,59,0,0,0,0.07,0.13,1,37,99.28,0.60,1.13,9,0,0.00,0.00,99,0.00,0,0,0,0.00,0.00,0,0.00,0.00,0.63,0.33,5,1,0.00,45,29,41,46,3,0.50,14,0.03,0.06,1.19,61,0.08,0.15,61,10,0.67,1.26,0.75,0.40,23,6,0.15,59,27,40,75,0,95,48,0,0.00,99,7,0.00,0.88,8.17,4.33,65,30,35,42,3.77,2.00,46.15,5,0.63,48,0,10.00,0,0.00,99,2,0.13,0.25,52,32,85,91,0,0,0,0,0,28,46,65,59,0,27,12,86,32,1,7,31,77,N/A,N/A
Iuri Jean Carlo Neres dos Santos,19,1171180800,2007/02/11,Serie A,2026,Goalkeeper,Bahia,0,0,0,Brazil,0,0,0,0,0,0,0,0,0,0,0,0,0,0,0,0,0,0,0,0,0,0,0,0,0,0,0,0,0,0,0,-1,-1,-1,-1,N/A,N/A,N/A,N/A,N/A,N/A,N/A,N/A,N/A,N/A,N/A,N/A,N/A,N/A,N/A,N/A,N/A,N/A,N/A,N/A,N/A,N/A,N/A,N/A,N/A,N/A,N/A,N/A,N/A,N/A,N/A,N/A,N/A,N/A,N/A,N/A,N/A,N/A,N/A,N/A,N/A,N/A,N/A,N/A,N/A,N/A,N/A,N/A,N/A,N/A,N/A,N/A,N/A,N/A,N/A,N/A,N/A,N/A,N/A,N/A,N/A,N/A,N/A,N/A,N/A,N/A,N/A,N/A,N/A,N/A,N/A,N/A,N/A,N/A,N/A,N/A,N/A,N/A,N/A,N/A,N/A,N/A,N/A,N/A,N/A,N/A,N/A,N/A,N/A,N/A,N/A,N/A,N/A,N/A,N/A,N/A,N/A,N/A,N/A,N/A,N/A,N/A,N/A,N/A,N/A,N/A,N/A,N/A,N/A,N/A,N/A,N/A,N/A,N/A,N/A,N/A,N/A,N/A,N/A,N/A,N/A,N/A,N/A,N/A,N/A,N/A,N/A,N/A,N/A,N/A,N/A,N/A,N/A,N/A,N/A,N/A,N/A,N/A,N/A,N/A,N/A,N/A,N/A,N/A,N/A,N/A,N/A,N/A,N/A,N/A,N/A,N/A,N/A,N/A,N/A,N/A,N/A,N/A,N/A,N/A,N/A,N/A,N/A,N/A,N/A,N/A,N/A,N/A,N/A,N/A,N/A,N/A,N/A,N/A,N/A,N/A,N/A,N/A,N/A,N/A,N/A,N/A,N/A,N/A,N/A,N/A,N/A,N/A,N/A,N/A,N/A,N/A,N/A,N/A,N/A,N/A,N/A,N/A,N/A,N/A,N/A,N/A,N/A,N/A,N/A,N/A,N/A,N/A,N/A,N/A,N/A,N/A,N/A,N/A,N/A,N/A,N/A,N/A,N/A,N/A,N/A,N/A,N/A,N/A
Ivan Quaresma da Silva,29,855302400,1997/02/07,Serie A,2026,Goalkeeper,Remo,90,90,0,Brazil,1,1,0,0,0,0,0,0,0,0,0,1,1,0,0,0,0,0,0,0,0,0,0,0,0,0,0,90,0,0,0,-1,-1,-1,12,468000,7.60,0,48,8.00,8.00,0,8,7.00,7,77,7.00,1,0.00,0.00,0.00,0,0.00,0.00,0.00,0.00,0,0.00,0.00,0.00,0.00,4.00,0.00,0.00,4.00,0.00,0.00,0.00,0.00,0.00,0.00,0.00,0.00,1.00,0.00,0.00,0,0,,0,0.00,7,0,0.00,17,0,0.00,7,0,0,1,5,0.00,99,0,0,0.00,10,0,30,0.00,16,0,0.00,99,0,0.00,0,0,0.00,0,0.00,8,0,0.00,9,0,0.00,0.00,0,0.00,0,4,99,4.00,91,4,0.00,99,4.00,96,N/A,N/A,N/A,N/A,100.00,0,0.00,0,0.00,0.00,0,87.50,0.00,17,99,0.00,0.00,0,13,13,0,0,2,0.00,0.00,0,24,7.60,2.00,2.00,2,0,0.00,0.00,99,0.00,0,0,0,0.00,0.00,2,2.00,2.00,0.00,0.00,0,0,0.00,45,0,0,46,0,0.02,0,0.02,0.02,0.00,7,0.00,0.00,1,0,0.00,0.00,0.00,0.00,5,0,0.00,7,99,59,75,99,47,55,0,0.00,99,1,0.00,1.00,1.00,1.00,1,1,7,7,1.00,1.00,100.00,0,0.00,99,0,0.00,0,0.00,99,0,0.00,0.00,30,0,23,12,0,0,0,0,0,28,46,65,59,0,47,99,15,15,0,0,16,97,N/A,N/A
Iván Román,20,1152687600,2006/07/12,Serie A,2026,Defender,Atlético Mineiro,443,248,195,Chile,6,3,3,1,1,0,0,0,0,0,0,3,2,1,2,0,2,3,0,0.2,0,0.2,0.36,0,443,0.41,222,74,148,0,0.61,103,252,2,12,350000,6.71,0,48,28.44,23.33,27,140,17.17,103,13,20.93,23,0.00,0.00,0.00,0,0.00,0.17,2.03,1.67,10,0.00,0.33,0.00,0.00,0.00,1.17,0.33,0.33,3.00,0.61,0.33,0.50,0.00,0.17,0.14,0.00,1.67,0.00,0.00,0,0,,3,0.50,30,1,0.20,38,2,0.41,29,2,0,6,77,0.00,99,0,7,1.42,88,1,99,0.20,26,0,0.00,99,0,0.00,0,0,0.00,0,0.00,8,3,0.61,32,2,0.41,66.67,0,0.00,0,0,0,0.00,0,2,0.00,99,0.41,1,N/A,N/A,N/A,N/A,0.00,0,0.00,0,0.83,0.00,0,73.57,33.33,62,11,1.00,1.22,6,43,83,0,0,0,0.00,0.00,0,24,40.28,4.00,4.88,24,0,0.00,0.00,99,0.00,0,0,0,0.00,0.00,0,0.00,0.00,0.00,0.00,0,0,33.33,99,7,4,69,99,0.24,10,0.04,0.05,0.83,64,0.14,0.17,19,2,0.33,0.41,2.44,2.00,96,12,0.17,62,41,87,75,0,47,84,0,0.00,99,10,0.00,2.03,10.77,8.83,53,24,64,74,4.88,4.00,45.28,2,0.41,64,0,100.00,0,0.00,99,1,0.17,0.20,48,21,23,56,0,0,0,0,0,61,78,65,87,0,40,98,19,97,3,50,99,3,N/A,N/A
Jacy Maranhão Oliveira,29,868604400,1997/07/11,Serie A,2026,Defender,Coritiba,1602,851,751,Brazil,21,11,10,1,0,1,0,0,0,0,0,4,1,3,18,8,10,4,2,0.06,0,0.06,0,0.12,1602,1.01,89,76,320,0,0.28,214,328,62,8,332000,6.96,0,48,32.70,27.71,40,582,23.57,495,59,27.81,44,0.00,0.00,0.29,6,0.00,0.00,2.30,1.95,41,0.00,0.24,0.00,0.00,0.00,1.05,0.10,1.10,14.00,0.79,0.62,0.10,0.00,0.05,0.06,0.00,2.24,0.00,0.00,0,0,,14,0.67,41,1,0.06,19,13,0.73,51,1,3,18,85,0.00,99,0,22,1.24,81,0,30,0.00,16,0,0.00,99,0,0.00,0,0,0.00,0,0.34,25,2,0.11,12,2,0.11,100.00,0,0.00,0,0,0,0.00,0,23,0.00,65,1.29,53,N/A,N/A,N/A,N/A,0.00,0,0.00,0,1.31,0.00,0,85.05,7.14,18,69,0.38,0.45,8,19,99,0,0,0,0.95,1.12,20,97,146.06,6.52,7.70,137,0,0.00,0.00,99,0.00,0,0,0,0.00,0.00,0,0.00,0.00,0.06,0.05,1,0,7.14,55,86,90,96,65,1.38,22,0.07,0.08,1.31,39,0.06,0.07,63,23,1.10,1.29,0.84,0.71,27,15,0.07,38,79,99,75,0,54,95,0,0.00,99,47,0.00,2.64,9.21,7.81,164,108,86,58,6.07,5.14,65.85,5,0.28,72,0,0.00,0,0.00,99,0,0.00,0.00,30,84,56,35,0,0,0,0,0,32,52,69,59,0,38,38,45,71,2,10,42,55,N/A,N/A
Jaderson Flores dos Reis,26,966063600,2000/08/12,Serie A,2026,Forward,Remo,206,72,134,Brazil,11,4,7,0,0,0,0,0,0,0,0,1,0,1,4,0,4,0,0,0,0,0,0,0,0,1.75,52,19,0,0,0,-1,-1,-1,38,195000,4.76,0,48,37.32,7.73,53,85,6.27,69,34,30.29,50,0.00,0.00,0.09,1,0.00,0.36,3.51,0.73,8,0.00,0.09,0.00,0.00,0.00,0.00,0.18,0.36,0.00,1.32,0.27,0.45,0.00,0.00,0.01,0.00,0.09,0.00,0.00,0,0,,3,0.27,59,0,0.00,17,3,1.32,78,4,9,2,99,0.00,99,0,0,0.00,10,4,62,1.76,61,0,0.00,99,0,0.00,0,0,0.00,0,0.44,30,5,2.20,78,2,0.88,40.00,0,0.00,0,0,0,0.00,0,4,0.00,9,1.76,83,N/A,N/A,N/A,N/A,0.00,0,0.00,0,0.16,0.00,0,81.18,0.00,17,29,0.18,0.88,2,71,37,0,0,0,0.00,0.00,0,24,52.39,0.64,3.07,7,0,0.00,0.00,99,0.00,0,0,0,0.00,0.00,0,0.00,0.00,0.00,0.00,0,0,0.00,45,0,21,46,9,0.18,22,0.02,0.08,0.16,39,0.01,0.07,96,7,0.64,3.07,1.32,0.27,54,3,0.07,38,0,74,75,0,47,22,0,0.00,99,1,0.00,0.44,14.49,3.00,33,18,98,95,7.90,1.64,54.55,1,0.44,61,0,25.00,0,0.00,99,1,0.09,0.44,65,1,94,83,0,0,0,0,0,28,46,65,59,0,29,16,15,15,0,0,16,10,N/A,N/A
Jádson Alves dos Santos,32,746694000,1993/08/30,Serie A,2026,Midfielder,Atlético PR,1124,560,564,Brazil,17,8,9,0,0,0,1,0,1,0,0,6,3,3,9,3,6,5,0,0.08,0.08,0,0,0,0,0.72,125,66,225,1124,0.4,360,167,-1,22,300000,6.32,0.06,61,34.99,25.71,47,437,22.41,381,74,30.51,50,0.00,0.00,0.41,7,0.00,0.47,2.96,2.18,37,0.00,0.41,0.00,0.00,0.00,0.76,0.24,0.59,0.00,0.24,0.12,0.53,0.00,0.06,0.02,0.00,0.29,0.00,0.00,0,0,,3,0.18,11,1,0.08,21,2,0.16,10,4,4,13,95,0.00,99,0,13,1.04,67,8,62,0.64,45,0,0.00,99,0,0.00,0,0,0.00,0,0.56,36,9,0.72,39,4,0.32,44.44,0,0.00,0,0,0,0.00,0,10,0.00,92,0.80,8,N/A,N/A,N/A,N/A,0.00,0,0.00,0,0.27,0.00,0,87.19,33.33,62,3,1.12,1.52,19,35,46,0,0,0,0.18,0.24,3,51,107.50,0.53,0.72,9,0,0.00,0.00,99,0.00,0,0,0,0.00,0.00,0,0.00,0.00,0.00,0.00,0,0,0.00,45,55,61,46,92,1.74,55,0.10,0.14,0.27,16,0.02,0.02,68,18,1.06,1.44,1.60,1.18,72,20,0.02,15,13,25,75,0,47,19,0,0.00,99,5,0.00,0.40,9.29,6.82,116,62,66,59,4.96,3.65,53.45,7,0.56,54,0,25.00,0,0.00,99,2,0.12,0.16,45,58,65,83,0,0,0,0,0,37,46,65,59,0,37,78,29,86,5,29,90,16,N/A,N/A
Jair Rodrigues Júnior,31,777884400,1994/08/26,Serie A,2026,Midfielder,Vasco da Gama,120,34,86,Brazil,3,2,1,0,0,0,0,0,0,0,0,1,0,1,0,0,0,0,0,0,0,0,0,0,0,0,0,40,0,0,0,-1,-1,-1,22,0,6.79,0,48,57.00,25.33,91,76,24.67,74,99,55.50,95,0.00,0.00,0.00,0,0.00,0.33,3.00,1.33,4,0.00,0.00,0.00,0.00,0.00,1.33,0.00,0.00,0.00,2.25,1.00,0.00,0.00,0.00,0.04,0.00,0.33,0.00,0.00,0,0,,3,1.00,81,0,0.00,17,3,2.25,97,2,1,2,95,0.00,99,0,4,3.00,99,1,30,0.75,48,0,0.00,99,0,0.00,0,0,0.00,0,0.00,8,0,0.00,9,0,0.00,0.00,0,0.00,0,0,0,0.00,0,0,0.00,99,0.00,0,N/A,N/A,N/A,N/A,0.00,0,0.00,0,0.12,0.00,0,97.37,0.00,17,0,1.00,2.25,3,13,13,0,0,0,0.33,0.75,1,88,20.36,0.67,1.50,2,0,0.00,0.00,99,0.00,0,0,0,0.00,0.00,0,0.00,0.00,0.00,0.00,0,0,0.00,45,0,0,46,0,0.16,45,0.05,0.12,0.12,46,0.04,0.09,71,2,0.67,1.50,1.50,0.67,65,2,0.09,44,53,52,75,0,47,42,0,0.00,99,1,0.00,0.75,10.50,4.67,14,7,71,71,5.25,2.33,50.00,0,0.00,99,0,0.00,0,0.00,99,0,0.00,0.00,30,1,36,56,0,0,0,0,0,28,46,65,59,0,21,75,15,15,0,0,16,8,0,0
Jamerson Santos de Jesus,27,905324400,1998/09/09,Serie A,2026,Defender,Vitória,684,263,421,Brazil,12,6,6,0,0,0,0,0,0,0,0,6,5,1,10,2,8,1,0,0,0,0,0,0,0,1.32,68,57,684,0,0.13,352,358,122,25,0,6.16,0,48,34.42,21.83,44,262,18.42,221,55,29.04,47,0.00,0.00,0.25,3,0.00,1.58,2.63,1.67,20,0.00,0.25,0.00,0.00,0.00,0.50,1.33,0.92,0.00,0.66,0.42,2.17,0.00,0.00,0.02,0.00,1.00,0.00,0.00,0,0,,5,0.42,33,0,0.00,17,5,0.66,46,1,5,7,93,0.00,99,0,6,0.79,51,19,34,2.50,71,0,0.00,99,0,0.00,0,0,0.00,0,0.39,28,26,3.42,91,16,2.10,61.54,0,0.00,0,0,0,0.00,0,11,0.00,33,1.45,63,N/A,N/A,N/A,N/A,0.00,0,0.00,0,0.24,0.00,0,84.35,0.00,17,17,0.67,1.05,8,95,74,0,0,0,0.17,0.26,2,53,73.95,2.42,3.81,29,0,0.00,0.00,99,0.00,0,0,0,0.00,0.00,0,0.00,0.00,0.00,0.00,0,0,0.00,45,27,24,46,33,0.60,22,0.05,0.08,0.24,20,0.02,0.03,64,10,0.83,1.31,0.39,0.25,10,3,0.03,19,7,80,75,0,47,74,0,0.00,99,12,0.00,1.58,11.82,7.50,90,58,97,84,7.62,4.83,64.44,3,0.39,66,0,10.53,0,0.00,99,2,0.17,0.26,53,28,74,35,0,0,0,0,0,28,46,65,59,0,21,98,84,32,1,8,34,83,0,0
Jandir Breno Souza Silva,27,910857600,1998/11/12,Serie A,2026,Forward,Remo,1288,533,755,Brazil,20,9,11,7,4,3,1,0,1,0,0,2,1,1,23,6,17,3,1,0.56,0.07,0.49,0.68,0.36,184,1.61,56,64,322,1288,0.28,17,183,-1,1,312000,6.73,0.05,59,17.47,12.50,7,250,9.55,191,19,13.35,7,0.00,0.00,0.65,13,0.00,1.50,1.82,1.30,26,0.00,0.90,0.00,0.00,0.00,0.30,0.75,1.20,5.00,2.45,0.90,1.95,0.00,0.85,0.36,0.00,0.10,0.00,0.00,0,0,,35,1.75,86,17,1.19,95,18,1.26,77,4,5,15,70,0.00,99,0,6,0.42,29,30,36,2.10,66,0,0.00,99,0,0.00,0,0,0.00,0,0.91,54,39,2.73,86,15,1.05,38.46,0,0.00,0,0,0,0.00,0,24,0.00,14,1.68,80,N/A,N/A,N/A,N/A,0.00,0,0.00,0,7.20,0.00,0,76.40,48.57,86,7,0.95,1.33,19,78,33,0,0,0,0.00,0.00,0,24,134.54,0.25,0.35,5,0,0.00,0.00,99,0.00,0,0,0,0.00,0.00,0,0.00,0.00,0.28,0.20,4,0,20.00,91,66,82,49,14,1.53,40,0.08,0.11,7.20,96,0.36,0.50,69,21,1.05,1.47,1.05,0.75,40,15,0.50,96,45,7,75,0,85,5,0,0.00,99,2,0.00,0.14,10.97,7.85,157,63,48,75,4.40,3.15,40.13,18,1.26,19,0,13.33,0,0.00,99,4,0.20,0.28,55,69,74,83,0,0,0,0,0,93,97,89,99,0,37,19,46,71,2,10,42,37,N/A,N/A
Jean Carlos Vicente,34,698140800,1992/02/15,Serie A,2026,Midfielder,Chapecoense,650,391,259,Brazil,17,9,8,2,1,1,2,2,0,0,0,1,1,0,13,9,4,1,0,0.55,0.28,0.28,0.23,0.35,325,1.8,50,38,650,325,0.14,64,27,-1,4,374400,6.84,0.12,95,34.06,14.47,43,246,10.53,179,11,24.78,33,0.00,0.00,1.24,21,0.00,3.59,0.83,0.35,6,0.00,0.41,0.00,0.00,0.00,0.29,0.59,0.82,9.00,2.49,0.71,1.06,0.00,0.35,0.15,0.00,0.35,0.00,0.00,0,0,,18,1.06,87,6,0.83,83,12,1.66,88,3,13,4,22,0.00,99,0,5,0.69,46,61,74,8.45,99,0,0.00,99,0,0.00,0,0,0.00,0,2.91,97,18,2.49,83,10,1.38,55.56,0,0.00,0,0,0,0.00,0,14,0.00,7,1.94,86,N/A,N/A,N/A,N/A,0.00,0,0.00,0,2.49,0.00,0,72.76,33.33,62,33,0.35,0.83,6,85,65,0,0,0,0.12,0.28,2,55,116.35,0.29,0.69,5,0,0.00,0.00,99,0.00,0,0,0,0.00,0.00,0,0.00,0.00,0.28,0.12,2,0,11.11,70,24,61,59,7,2.38,96,0.14,0.33,2.49,86,0.15,0.34,42,6,0.35,0.83,0.69,0.29,20,5,0.34,84,59,24,75,0,85,45,0,0.00,99,6,0.00,0.83,8.86,3.76,64,28,37,51,3.88,1.65,43.75,7,0.97,30,0,29.51,0,0.00,99,18,1.06,2.49,99,8,99,72,0,0,0,0,0,92,87,89,76,0,41,9,81,35,1,6,29,20,N/A,N/A
Jean Gabriel Silveira,23,1045296000,2003/02/15,Serie A,2026,Midfielder,Coritiba,0,0,0,Brazil,0,0,0,0,0,0,0,0,0,0,0,0,0,0,0,0,0,0,0,0,0,0,0,0,0,0,0,0,0,0,0,-1,-1,-1,-1,N/A,N/A,N/A,N/A,N/A,N/A,N/A,N/A,N/A,N/A,N/A,N/A,N/A,N/A,N/A,N/A,N/A,N/A,N/A,N/A,N/A,N/A,N/A,N/A,N/A,N/A,N/A,N/A,N/A,N/A,N/A,N/A,N/A,N/A,N/A,N/A,N/A,N/A,N/A,N/A,N/A,N/A,N/A,N/A,N/A,N/A,N/A,N/A,N/A,N/A,N/A,N/A,N/A,N/A,N/A,N/A,N/A,N/A,N/A,N/A,N/A,N/A,N/A,N/A,N/A,N/A,N/A,N/A,N/A,N/A,N/A,N/A,N/A,N/A,N/A,N/A,N/A,N/A,N/A,N/A,N/A,N/A,N/A,N/A,N/A,N/A,N/A,N/A,N/A,N/A,N/A,N/A,N/A,N/A,N/A,N/A,N/A,N/A,N/A,N/A,N/A,N/A,N/A,N/A,N/A,N/A,N/A,N/A,N/A,N/A,N/A,N/A,N/A,N/A,N/A,N/A,N/A,N/A,N/A,N/A,N/A,N/A,N/A,N/A,N/A,N/A,N/A,N/A,N/A,N/A,N/A,N/A,N/A,N/A,N/A,N/A,N/A,N/A,N/A,N/A,N/A,N/A,N/A,N/A,N/A,N/A,N/A,N/A,N/A,N/A,N/A,N/A,N/A,N/A,N/A,N/A,N/A,N/A,N/A,N/A,N/A,N/A,N/A,N/A,N/A,N/A,N/A,N/A,N/A,N/A,N/A,N/A,N/A,N/A,N/A,N/A,N/A,N/A,N/A,N/A,N/A,N/A,N/A,N/A,N/A,N/A,N/A,N/A,N/A,N/A,N/A,N/A,N/A,N/A,N/A,N/A,N/A,N/A,N/A,N/A,N/A,N/A,N/A,N/A,N/A,N/A,N/A,N/A,N/A,N/A,N/A,N/A,N/A,N/A,N/A,N/A,N/A,N/A,N/A,N/A,N/A,N/A,N/A,N/A
Jean Lucas,28,898498800,1998/06/22,Serie A,2026,Midfielder,Bahia,1512,726,786,Brazil,21,10,11,3,1,2,3,2,1,0,0,8,4,4,22,8,14,3,0,0.36,0.18,0.18,0.12,0.23,504,1.31,69,72,504,504,0.18,123,71,-1,4,2400000,6.83,0.14,84,31.21,24.95,34,524,22.05,463,81,27.58,43,0.00,0.00,0.76,16,0.00,0.57,1.97,1.57,33,0.00,0.86,0.00,0.00,0.00,0.67,0.71,1.05,8.00,1.43,0.86,1.43,0.00,0.29,0.16,0.00,0.24,0.00,0.00,0,0,,24,1.14,63,6,0.36,55,18,1.07,69,1,2,19,75,0.00,99,0,14,0.83,53,12,32,0.71,47,0,0.00,99,0,0.00,0,0,0.00,0,0.95,56,30,1.79,71,15,0.89,50.00,0,0.00,0,0,0,0.00,0,22,0.00,34,1.31,55,N/A,N/A,N/A,N/A,0.00,0,0.00,0,3.35,0.00,0,88.36,25.00,41,19,0.81,1.01,17,71,59,0,0,0,0.33,0.42,7,69,143.53,0.38,0.48,8,0,0.00,0.00,99,0.00,0,0,2,0.10,0.12,0,0.00,0.00,0.06,0.05,1,0,12.50,76,80,90,74,34,3.37,79,0.16,0.20,3.35,70,0.16,0.20,49,17,0.81,1.01,1.97,1.57,89,33,0.20,68,58,13,91,0,54,13,0,0.00,99,5,0.00,0.30,9.77,7.81,164,70,43,66,4.17,3.33,42.68,18,1.07,26,0,8.33,0,0.00,99,1,0.05,0.06,33,88,46,35,0,0,0,0,0,80,74,81,64,0,94,85,72,45,3,14,57,6,N/A,N/A
Jéferson Forneck,19,1166083200,2006/12/14,Serie A,2026,Midfielder,Grêmio,4,4,0,Brazil,1,1,0,0,0,0,0,0,0,0,0,0,0,0,0,0,0,0,0,0,0,0,0,0,0,0,0,4,0,0,0,-1,-1,-1,12,0,0.00,0,48,0.00,0.00,0,0,0.00,0,0,0.00,0,0.00,0.00,0.00,0,0.00,0.00,0.00,0.00,0,0.00,0.00,0.00,0.00,0.00,0.00,0.00,0.00,0.00,0.00,0.00,0.00,0.00,0.00,0.00,0.00,0.00,0.00,0.00,0,0,,0,0.00,7,0,0.00,17,0,0.00,7,0,1,0,5,0.00,99,0,0,0.00,10,0,30,0.00,16,0,0.00,99,0,0.00,0,0,0.00,0,0.00,8,0,0.00,9,0,0.00,0.00,0,0.00,0,0,0,0.00,0,0,0.00,99,0.00,0,N/A,N/A,N/A,N/A,0.00,0,0.00,0,0.00,0.00,0,0.00,0.00,17,99,0.00,0.00,0,13,13,0,0,0,0.00,0.00,0,24,0.00,0.00,0.00,0,0,0.00,0.00,99,0.00,0,0,0,0.00,0.00,0,0.00,0.00,0.00,0.00,0,0,0.00,45,0,0,46,0,0.00,0,0.00,0.00,0.00,7,0.00,0.00,1,0,0.00,0.00,0.00,0.00,5,0,0.00,7,0,0,75,0,47,2,0,0.00,99,0,0.00,0.00,0.00,0.00,0,0,0,0,0.00,0.00,0.00,0,0.00,99,0,0.00,0,0.00,99,0,0.00,0.00,30,0,36,12,0,0,0,0,0,28,46,65,59,0,21,5,15,15,0,0,16,40,0,0
Jefferson Savarino,29,847699200,1996/11/11,Serie A,2026,Midfielder,Fluminense,1122,634,488,Venezuela,18,10,8,3,2,1,2,2,0,0,0,3,2,1,14,7,7,2,0,0.4,0.16,0.24,0.28,0.18,374,1.12,80,62,561,561,0.16,85,86,-1,7,1800000,7.17,0.11,81,45.36,31.39,72,565,27.78,500,82,40.14,75,0.00,0.00,1.89,34,0.00,3.50,0.72,0.50,9,0.00,1.11,0.00,0.00,0.00,0.06,0.83,0.78,13.00,3.13,1.39,1.56,0.00,0.78,0.27,0.00,0.06,0.00,0.00,0,0,,39,2.17,96,14,1.12,94,25,2.01,95,3,6,12,19,0.00,99,0,1,0.08,12,63,88,5.06,92,0,0.00,99,0,0.00,0,0,0.00,0,2.73,97,28,2.25,79,15,1.20,53.57,0,0.00,0,0,0,0.00,0,14,0.00,53,1.12,38,N/A,N/A,N/A,N/A,0.00,0,0.00,0,4.89,0.00,0,88.50,35.90,68,48,0.44,0.64,8,81,62,1,0,0,0.00,0.00,0,24,129.03,0.33,0.48,6,0,0.00,0.00,99,0.00,0,1,3,0.17,0.24,0,0.00,0.00,0.48,0.33,6,0,7.69,57,55,68,64,52,3.72,94,0.21,0.30,4.19,86,0.23,0.34,60,15,0.83,1.20,0.48,0.33,13,6,0.39,89,96,13,99,0,92,3,0,0.00,99,1,0.00,0.08,7.23,5.00,90,40,23,31,3.21,2.22,44.44,20,1.61,9,0,38.10,0,0.00,99,24,1.33,1.93,98,53,79,72,0,0,0,0,0,82,82,76,81,0,88,32,77,40,2,11,45,11,N/A,N/A
Jefte Vital da Silva Dias,22,1071993600,2003/12/21,Serie A,2026,Defender,Palmeiras,242,94,148,Brazil,7,3,4,0,0,0,1,0,1,0,0,2,1,1,4,1,3,1,0,0.37,0.37,0,0,0,0,1.49,61,35,242,242,0.37,-1,-1,-1,24,800000,5.67,0.14,97,39.42,15.14,59,106,13.14,92,72,34.21,61,0.00,0.00,0.29,2,0.00,0.71,2.60,1.00,7,0.00,0.00,0.00,0.00,0.00,0.43,0.29,0.57,0.00,0.37,0.14,0.57,0.00,0.00,0.01,0.00,0.29,0.00,0.00,0,0,,1,0.14,16,0,0.00,17,1,0.37,25,4,4,3,92,0.00,99,0,3,1.12,71,5,30,1.86,62,0,0.00,99,0,0.00,0,0,0.00,0,0.74,45,4,1.49,63,2,0.74,50.00,0,0.00,0,0,0,0.00,0,4,0.00,21,1.49,67,N/A,N/A,N/A,N/A,0.00,0,0.00,0,0.05,0.00,0,86.79,0.00,17,77,0.14,0.37,1,66,59,0,0,0,0.14,0.37,1,64,39.69,2.29,5.95,16,0,0.00,0.00,99,0.00,0,0,0,0.00,0.00,0,0.00,0.00,0.74,0.29,2,0,0.00,45,0,6,46,23,0.85,95,0.12,0.32,0.05,16,0.01,0.02,17,1,0.14,0.37,1.86,0.71,83,5,0.02,15,2,95,75,0,96,42,0,0.00,99,2,0.00,0.74,8.55,3.29,23,12,50,48,4.46,1.71,52.17,0,0.00,99,0,0.00,0,0.00,99,0,0.00,0.00,30,3,65,83,0,0,0,0,0,81,46,65,59,0,61,64,31,84,1,14,57,6,N/A,N/A
Jemmes Bruno Ribeiro da Silva,26,955263600,2000/04/09,Serie A,2026,Defender,Fluminense,1352,676,676,Brazil,17,9,8,0,0,0,1,0,1,0,0,3,2,1,17,8,9,3,0,0.07,0.07,0,0,0,0,1.13,80,80,451,1352,0.2,320,177,87,19,0,6.38,0.06,59,54.81,48.47,88,824,43.06,732,83,48.69,89,0.00,0.00,0.24,4,0.00,0.00,1.46,1.29,22,0.00,0.12,0.00,0.00,0.00,1.12,0.24,1.06,0.00,0.27,0.24,0.53,0.00,0.00,0.01,0.00,2.18,0.00,0.00,0,0,,4,0.24,12,0,0.00,17,4,0.27,18,1,1,16,54,0.00,99,0,19,1.26,82,0,30,0.00,16,0,0.00,99,0,0.00,0,0,0.00,0,0.27,21,9,0.60,32,4,0.27,44.44,0,0.00,0,0,0,0.00,0,18,0.00,51,1.20,45,N/A,N/A,N/A,N/A,0.00,0,0.00,0,0.18,0.00,0,88.83,0.00,17,59,0.47,0.53,8,30,46,0,0,0,0.59,0.67,10,84,108.40,4.76,5.39,81,0,0.00,0.00,99,0.00,0,0,0,0.00,0.00,0,0.00,0.00,0.07,0.06,1,0,0.00,45,71,61,46,52,2.19,60,0.13,0.15,0.18,12,0.01,0.01,30,9,0.53,0.60,0.86,0.76,27,13,0.01,12,14,90,75,0,57,92,0,0.00,99,37,0.00,2.46,8.31,7.35,125,71,59,44,4.72,4.18,56.80,2,0.13,83,0,0.00,0,0.00,99,0,0.00,0.00,30,76,36,35,0,0,0,0,0,35,46,65,59,0,21,35,66,50,3,18,67,3,0,0
Jesse Lingard,33,724406400,1992/12/15,Serie A,2026,Midfielder,Corinthians,581,394,187,England,14,8,6,0,0,0,1,0,1,0,0,7,5,2,8,3,5,2,0,0.15,0.15,0,0,0,0,1.24,73,42,291,581,0.31,287,98,-1,17,0,6.58,0.07,79,32.22,14.86,39,208,12.50,175,54,27.11,42,0.00,0.00,0.36,5,0.00,1.29,0.93,0.43,6,0.00,0.36,0.00,0.00,0.00,0.07,0.07,0.57,0.00,1.24,0.36,0.29,0.00,0.21,0.05,0.00,0.07,0.00,0.00,0,0,,8,0.57,57,3,0.46,64,5,0.77,54,4,8,6,30,0.00,99,0,1,0.15,16,18,54,2.79,74,0,0.00,99,0,0.00,0,0,0.00,0,0.77,46,4,0.62,33,1,0.15,25.00,0,0.00,0,0,0,0.00,0,8,0.00,40,1.24,49,N/A,N/A,N/A,N/A,0.00,0,0.00,0,0.69,0.00,0,84.13,37.50,72,50,0.29,0.62,4,21,18,0,0,0,0.36,0.77,5,89,92.16,0.43,0.93,6,0,0.00,0.00,99,0.00,0,0,0,0.00,0.00,0,0.00,0.00,0.15,0.07,1,0,0.00,45,17,34,46,40,1.13,72,0.08,0.18,0.69,52,0.05,0.11,55,7,0.50,1.08,2.32,1.07,96,15,0.11,50,23,33,75,0,74,5,0,0.00,99,1,0.00,0.15,6.51,3.00,42,15,9,20,2.32,1.07,35.71,5,0.77,41,0,22.22,0,0.00,99,4,0.29,0.62,75,21,90,83,0,0,0,0,0,51,46,65,59,0,21,98,39,77,2,14,57,77,0,0
Jhoan Hernández Mejia,20,1140422400,2006/02/20,Serie A,2026,Defender,Botafogo,49,49,0,Colombia,1,1,0,0,0,0,0,0,0,0,0,0,0,0,1,1,0,0,0,0,0,0,0,0,0,1.84,49,49,0,0,0,-1,-1,-1,22,0,6.12,0,48,29.39,16.00,27,16,14.00,14,77,25.71,37,0.00,0.00,0.00,0,0.00,1.00,0.00,0.00,0,0.00,1.00,0.00,0.00,0.00,0.00,0.00,1.00,0.00,0.00,0.00,0.00,0.00,0.00,0.00,0.00,1.00,0.00,0.00,0,0,,0,0.00,7,0,0.00,17,0,0.00,7,1,0,1,5,0.00,99,0,0,0.00,10,1,30,1.84,62,0,0.00,99,0,0.00,0,0,0.00,0,0.00,8,0,0.00,9,0,0.00,0.00,0,0.00,0,0,0,0.00,0,1,0.00,7,1.84,85,N/A,N/A,N/A,N/A,0.00,0,0.00,0,0.00,0.00,0,87.50,0.00,17,99,0.00,0.00,0,13,13,0,0,0,0.00,0.00,0,24,6.12,1.00,1.84,1,0,0.00,0.00,99,0.00,0,0,0,0.00,0.00,0,0.00,0.00,0.00,0.00,0,0,0.00,45,0,0,46,7,0.03,14,0.03,0.06,0.00,7,0.00,0.00,1,0,0.00,0.00,0.00,0.00,5,0,0.00,7,6,57,75,0,47,80,0,0.00,99,1,0.00,1.84,3.67,2.00,2,1,8,7,1.84,1.00,50.00,1,1.84,6,0,0.00,0,0.00,99,0,0.00,0.00,30,0,23,35,0,0,0,0,0,28,46,65,59,0,21,5,15,15,0,0,16,67,0,0
Jhon Arias,28,874825200,1997/09/21,Serie A,2026,Forward,Palmeiras,1443,733,710,Colombia,19,10,9,4,1,3,2,1,1,0,0,7,3,4,12,6,6,4,0,0.37,0.12,0.25,0.12,0.38,361,0.75,120,76,361,722,0.25,82,127,-1,4,2600000,7.11,0.11,71,38.26,32.26,56,613,29.00,551,89,34.39,61,0.00,0.00,1.16,22,0.00,1.74,2.06,1.74,33,0.00,1.89,0.00,0.00,0.00,0.58,1.32,0.68,9.50,2.37,1.37,2.58,0.00,0.63,0.27,0.00,0.53,0.00,0.00,0,0,,38,2.00,84,12,0.75,79,26,1.62,87,3,2,17,77,0.00,99,0,11,0.69,46,33,51,2.06,65,0,0.00,99,0,0.00,0,0,0.00,0,1.37,77,49,3.06,89,25,1.56,51.02,0,0.00,0,0,0,0.00,0,13,0.00,90,0.81,9,N/A,N/A,N/A,N/A,0.00,0,0.00,0,5.20,0.00,0,89.89,31.58,52,20,0.84,1.00,16,88,59,0,0,0,0.26,0.31,5,59,135.16,0.37,0.44,7,0,0.00,0.00,99,0.00,0,0,1,0.05,0.06,0,0.00,0.00,0.25,0.21,4,0,10.53,66,77,74,63,90,3.80,87,0.20,0.24,5.20,85,0.27,0.32,80,29,1.53,1.81,1.56,1.32,70,25,0.32,83,93,12,81,0,83,35,0,0.00,99,10,0.00,0.62,12.79,10.79,205,96,85,89,5.99,5.05,46.83,36,2.25,2,0,21.21,0,0.00,99,7,0.37,0.44,65,80,46,72,0,0,0,0,0,81,84,91,64,0,94,81,52,64,4,21,76,11,N/A,N/A
Jhuan Nunes Coelho,19,1180854000,2007/06/03,Serie A,2026,Forward,Bragantino,6,0,6,Brazil,1,0,1,0,0,0,0,0,0,0,0,0,0,0,0,0,0,0,0,0,0,0,0,0,0,0,0,6,0,0,0,-1,-1,-1,16,0,6.51,0,48,15.00,1.00,4,1,0.00,0,0,0.00,0,0.00,0.00,0.00,0,0.00,0.00,15.00,1.00,1,0.00,0.00,0.00,0.00,0.00,0.00,0.00,0.00,0.00,0.00,0.00,1.00,0.00,0.00,0.00,0.00,1.00,0.00,0.00,0,0,,0,0.00,7,0,0.00,17,0,0.00,7,0,1,0,99,0.00,99,0,0,0.00,10,0,30,0.00,16,0,0.00,99,0,0.00,0,0,0.00,0,0.00,8,1,15.00,99,0,0.00,0.00,0,0.00,0,0,0,0.00,0,0,0.00,99,0.00,0,N/A,N/A,N/A,N/A,0.00,0,0.00,0,0.00,0.00,0,0.00,0.00,17,99,0.00,0.00,0,13,13,0,0,0,0.00,0.00,0,24,6.51,0.00,0.00,0,0,0.00,0.00,99,0.00,0,0,0,0.00,0.00,0,0.00,0.00,0.00,0.00,0,0,0.00,45,0,0,46,0,0.00,0,0.00,0.00,0.00,7,0.00,0.00,1,0,0.00,0.00,0.00,0.00,5,0,0.00,7,19,0,75,0,47,99,0,0.00,99,1,0.00,15.00,60.00,4.00,4,2,99,99,30.00,2.00,50.00,0,0.00,99,0,0.00,0,0.00,99,0,0.00,0.00,30,0,36,12,0,0,0,0,0,28,46,65,59,0,21,5,15,15,0,0,16,67,0,0
João Alencar Santos Paes da Costa,19,1182754800,2007/06/25,Serie A,2026,Defender,Santos,0,0,0,Brazil,0,0,0,0,0,0,0,0,0,0,0,0,0,0,0,0,0,0,0,0,0,0,0,0,0,0,0,0,0,0,0,-1,-1,-1,-1,N/A,N/A,N/A,N/A,N/A,N/A,N/A,N/A,N/A,N/A,N/A,N/A,N/A,N/A,N/A,N/A,N/A,N/A,N/A,N/A,N/A,N/A,N/A,N/A,N/A,N/A,N/A,N/A,N/A,N/A,N/A,N/A,N/A,N/A,N/A,N/A,N/A,N/A,N/A,N/A,N/A,N/A,N/A,N/A,N/A,N/A,N/A,N/A,N/A,N/A,N/A,N/A,N/A,N/A,N/A,N/A,N/A,N/A,N/A,N/A,N/A,N/A,N/A,N/A,N/A,N/A,N/A,N/A,N/A,N/A,N/A,N/A,N/A,N/A,N/A,N/A,N/A,N/A,N/A,N/A,N/A,N/A,N/A,N/A,N/A,N/A,N/A,N/A,N/A,N/A,N/A,N/A,N/A,N/A,N/A,N/A,N/A,N/A,N/A,N/A,N/A,N/A,N/A,N/A,N/A,N/A,N/A,N/A,N/A,N/A,N/A,N/A,N/A,N/A,N/A,N/A,N/A,N/A,N/A,N/A,N/A,N/A,N/A,N/A,N/A,N/A,N/A,N/A,N/A,N/A,N/A,N/A,N/A,N/A,N/A,N/A,N/A,N/A,N/A,N/A,N/A,N/A,N/A,N/A,N/A,N/A,N/A,N/A,N/A,N/A,N/A,N/A,N/A,N/A,N/A,N/A,N/A,N/A,N/A,N/A,N/A,N/A,N/A,N/A,N/A,N/A,N/A,N/A,N/A,N/A,N/A,N/A,N/A,N/A,N/A,N/A,N/A,N/A,N/A,N/A,N/A,N/A,N/A,N/A,N/A,N/A,N/A,N/A,N/A,N/A,N/A,N/A,N/A,N/A,N/A,N/A,N/A,N/A,N/A,N/A,N/A,N/A,N/A,N/A,N/A,N/A,N/A,N/A,N/A,N/A,N/A,N/A,N/A,N/A,N/A,N/A,N/A,N/A,N/A,N/A,N/A,N/A,N/A,N/A
João Bezerra,17,1246258800,2009/06/29,Serie A,2026,Central Midfield,Internacional,8,0,8,Brazil,2,0,2,0,0,0,0,0,0,0,0,1,0,1,0,0,0,0,0,0,0,0,0,0,0,0,0,4,0,0,0,-1,-1,-1,20,0,3.32,0,48,33.75,1.50,42,3,1.00,2,4,22.50,27,0.00,0.00,0.00,0,0.00,0.00,0.00,0.00,0,0.00,0.00,0.00,0.00,0.00,0.00,0.50,0.00,0.00,11.25,0.00,1.00,0.00,0.50,0.06,0.00,0.50,0.00,0.00,0,0,,1,0.50,99,1,11.25,99,0,0.00,7,0,2,0,5,0.00,99,0,0,0.00,10,0,30,0.00,16,0,0.00,99,0,0.00,0,0,0.00,0,0.00,8,2,22.50,99,1,11.25,50.00,0,0.00,0,0,0,0.00,0,0,0.00,99,0.00,0,N/A,N/A,N/A,N/A,0.00,0,0.00,0,0.12,0.00,0,66.67,100.00,99,0,0.50,11.25,1,99,59,0,0,0,0.00,0.00,0,24,6.64,0.50,11.25,1,0,0.00,0.00,99,0.00,0,0,0,0.00,0.00,0,0.00,0.00,0.00,0.00,0,0,0.00,45,0,0,46,0,0.00,0,0.00,0.00,0.12,99,0.06,1.35,1,0,0.00,0.00,0.00,0.00,5,0,1.35,99,0,99,75,0,47,99,0,0.00,99,1,0.00,11.25,45.00,2.00,4,2,99,99,22.50,1.00,50.00,0,0.00,99,0,0.00,0,0.00,99,0,0.00,0.00,30,0,46,12,0,0,0,0,0,28,46,65,59,0,21,98,15,15,0,0,16,49,0,0
João Felipe Schmidt Urbano,33,737794800,1993/05/19,Serie A,2026,Midfielder,Santos,851,333,518,Brazil,13,6,7,0,0,0,0,0,0,0,0,4,2,2,12,4,8,3,0,0,0,0,0,0,0,1.27,71,65,284,0,0.32,403,401,-1,35,405000,6.28,0,48,51.55,37.54,84,488,32.15,418,65,44.15,82,0.00,0.00,0.69,9,0.00,0.08,2.11,1.54,20,0.00,0.54,0.00,0.00,0.15,1.23,0.15,1.23,0.00,0.74,0.54,0.31,0.00,0.00,0.02,0.00,1.54,0.00,0.00,0,0,,7,0.54,38,0,0.00,17,7,0.74,52,4,3,10,79,0.00,99,0,16,1.69,93,1,30,0.11,20,0,0.00,99,0,0.00,0,0,0.00,0,0.95,56,4,0.42,25,2,0.21,50.00,0,0.00,0,2,12,0.21,12,16,0.00,36,1.69,80,N/A,N/A,N/A,N/A,12.50,0,0.00,0,0.31,0.00,0,85.66,0.00,17,39,0.54,0.74,7,25,59,0,0,0,0.23,0.32,3,60,81.59,1.46,2.01,19,0,0.00,0.00,99,0.00,0,0,0,0.00,0.00,0,0.00,0.00,0.00,0.00,0,0,0.00,45,37,30,46,37,1.25,51,0.10,0.13,0.31,20,0.02,0.03,25,5,0.38,0.53,1.90,1.38,85,18,0.03,19,11,59,75,0,47,86,0,0.00,99,20,0.00,2.11,9.40,6.85,89,44,56,61,4.65,3.38,49.44,7,0.74,43,0,0.00,0,0.00,99,0,0.00,0.00,30,43,56,83,0,0,0,0,0,28,46,65,59,0,44,67,38,79,3,23,80,5,N/A,N/A
João Gabriel e Costa Cesco,21,1111996800,2005/03/28,Serie A,2026,Forward,Cruzeiro,156,77,79,Brazil,3,2,1,0,0,0,0,0,0,0,0,0,0,0,2,1,1,0,0,0,0,0,0,0,0,1.15,78,52,0,0,0,-1,-1,-1,21,0,6.53,0,48,27.12,15.67,25,47,13.00,39,46,22.50,27,0.00,0.00,0.33,1,0.00,0.67,1.15,0.67,2,0.00,1.33,0.00,0.00,0.00,0.00,0.67,0.67,0.00,2.31,0.67,2.33,0.00,0.67,0.13,0.00,0.67,0.00,0.00,0,0,,4,1.33,82,2,1.15,94,2,1.15,71,2,1,2,40,0.00,99,0,0,0.00,10,2,30,1.15,54,0,0.00,99,0,0.00,0,0,0.00,0,0.58,37,7,4.04,94,2,1.15,28.57,0,0.00,0,0,0,0.00,0,2,0.00,48,1.15,42,N/A,N/A,N/A,N/A,0.00,0,0.00,0,0.39,0.00,0,82.98,50.00,92,54,0.33,0.58,1,80,20,0,0,0,0.33,0.58,1,80,19.58,1.33,2.31,4,0,0.00,0.00,99,0.00,0,0,0,0.00,0.00,0,0.00,0.00,0.58,0.33,1,0,0.00,45,0,0,46,48,0.12,16,0.04,0.07,0.39,74,0.13,0.23,28,1,0.33,0.58,1.73,1.00,79,3,0.23,72,20,65,75,0,93,61,0,0.00,99,2,0.00,1.15,12.12,7.00,21,7,41,85,4.04,2.33,33.33,4,2.31,1,0,0.00,0,0.00,99,0,0.00,0.00,30,1,36,56,0,0,0,0,0,28,46,65,59,0,21,5,15,15,0,0,16,67,0,0
João Kempes,17,1240642800,2009/04/25,Serie A,2026,Midfielder,Internacional,0,0,0,Brazil,0,0,0,0,0,0,0,0,0,0,0,0,0,0,0,0,0,0,0,0,0,0,0,0,0,0,0,0,0,0,0,-1,-1,-1,-1,N/A,N/A,N/A,N/A,N/A,N/A,N/A,N/A,N/A,N/A,N/A,N/A,N/A,N/A,N/A,N/A,N/A,N/A,N/A,N/A,N/A,N/A,N/A,N/A,N/A,N/A,N/A,N/A,N/A,N/A,N/A,N/A,N/A,N/A,N/A,N/A,N/A,N/A,N/A,N/A,N/A,N/A,N/A,N/A,N/A,N/A,N/A,N/A,N/A,N/A,N/A,N/A,N/A,N/A,N/A,N/A,N/A,N/A,N/A,N/A,N/A,N/A,N/A,N/A,N/A,N/A,N/A,N/A,N/A,N/A,N/A,N/A,N/A,N/A,N/A,N/A,N/A,N/A,N/A,N/A,N/A,N/A,N/A,N/A,N/A,N/A,N/A,N/A,N/A,N/A,N/A,N/A,N/A,N/A,N/A,N/A,N/A,N/A,N/A,N/A,N/A,N/A,N/A,N/A,N/A,N/A,N/A,N/A,N/A,N/A,N/A,N/A,N/A,N/A,N/A,N/A,N/A,N/A,N/A,N/A,N/A,N/A,N/A,N/A,N/A,N/A,N/A,N/A,N/A,N/A,N/A,N/A,N/A,N/A,N/A,N/A,N/A,N/A,N/A,N/A,N/A,N/A,N/A,N/A,N/A,N/A,N/A,N/A,N/A,N/A,N/A,N/A,N/A,N/A,N/A,N/A,N/A,N/A,N/A,N/A,N/A,N/A,N/A,N/A,N/A,N/A,N/A,N/A,N/A,N/A,N/A,N/A,N/A,N/A,N/A,N/A,N/A,N/A,N/A,N/A,N/A,N/A,N/A,N/A,N/A,N/A,N/A,N/A,N/A,N/A,N/A,N/A,N/A,N/A,N/A,N/A,N/A,N/A,N/A,N/A,N/A,N/A,N/A,N/A,N/A,N/A,N/A,N/A,N/A,N/A,N/A,N/A,N/A,N/A,N/A,N/A,N/A,N/A,N/A,N/A,N/A,N/A,N/A,N/A
João Lucas de Almeida Carvalho,28,889430400,1998/03/09,Serie A,2026,Defender,Remo,483,270,213,Brazil,6,3,3,0,0,0,0,0,0,0,0,0,0,0,10,5,5,3,0,0,0,0,0,0,0,1.86,48,81,161,0,0.56,358,351,171,23,390000,6.62,0,48,31.68,28.33,36,170,21.33,128,16,23.85,30,0.00,0.00,0.50,3,0.00,2.67,3.54,3.17,19,0.00,0.50,0.00,0.00,0.00,1.17,0.50,1.83,0.00,0.56,0.33,1.17,0.00,0.17,0.03,0.00,0.83,0.00,0.00,0,0,,3,0.50,27,1,0.19,37,2,0.37,25,3,0,6,99,0.00,99,0,7,1.30,85,16,35,2.98,76,0,0.00,99,0,0.00,0,0,0.00,0,0.56,36,7,1.30,58,3,0.56,42.86,0,0.00,0,0,0,0.00,0,11,0.00,6,2.05,89,N/A,N/A,N/A,N/A,0.00,0,0.00,0,0.21,0.00,0,75.29,33.33,62,8,1.17,1.30,7,55,42,0,0,0,0.33,0.37,2,64,39.70,3.33,3.73,20,0,0.00,0.00,99,0.00,0,0,0,0.00,0.00,0,0.00,0.00,0.00,0.00,0,0,0.00,45,10,4,46,6,0.33,14,0.06,0.06,0.21,26,0.03,0.04,57,6,1.00,1.12,1.49,1.33,65,8,0.04,25,27,79,75,0,47,51,0,0.00,99,5,0.00,0.93,10.62,9.50,57,33,88,72,6.15,5.50,57.89,3,0.56,54,0,12.50,0,0.00,99,2,0.33,0.37,62,21,23,72,0,0,0,0,0,28,46,65,59,0,42,5,21,94,3,50,99,2,N/A,N/A
João Lucrécio,18,1207378800,2008/04/05,Serie A,2026,Midfielder,Atlético Mineiro,0,0,0,Brazil,0,0,0,0,0,0,0,0,0,0,0,0,0,0,0,0,0,0,0,0,0,0,0,0,0,0,0,0,0,0,0,-1,-1,-1,-1,N/A,N/A,N/A,N/A,N/A,N/A,N/A,N/A,N/A,N/A,N/A,N/A,N/A,N/A,N/A,N/A,N/A,N/A,N/A,N/A,N/A,N/A,N/A,N/A,N/A,N/A,N/A,N/A,N/A,N/A,N/A,N/A,N/A,N/A,N/A,N/A,N/A,N/A,N/A,N/A,N/A,N/A,N/A,N/A,N/A,N/A,N/A,N/A,N/A,N/A,N/A,N/A,N/A,N/A,N/A,N/A,N/A,N/A,N/A,N/A,N/A,N/A,N/A,N/A,N/A,N/A,N/A,N/A,N/A,N/A,N/A,N/A,N/A,N/A,N/A,N/A,N/A,N/A,N/A,N/A,N/A,N/A,N/A,N/A,N/A,N/A,N/A,N/A,N/A,N/A,N/A,N/A,N/A,N/A,N/A,N/A,N/A,N/A,N/A,N/A,N/A,N/A,N/A,N/A,N/A,N/A,N/A,N/A,N/A,N/A,N/A,N/A,N/A,N/A,N/A,N/A,N/A,N/A,N/A,N/A,N/A,N/A,N/A,N/A,N/A,N/A,N/A,N/A,N/A,N/A,N/A,N/A,N/A,N/A,N/A,N/A,N/A,N/A,N/A,N/A,N/A,N/A,N/A,N/A,N/A,N/A,N/A,N/A,N/A,N/A,N/A,N/A,N/A,N/A,N/A,N/A,N/A,N/A,N/A,N/A,N/A,N/A,N/A,N/A,N/A,N/A,N/A,N/A,N/A,N/A,N/A,N/A,N/A,N/A,N/A,N/A,N/A,N/A,N/A,N/A,N/A,N/A,N/A,N/A,N/A,N/A,N/A,N/A,N/A,N/A,N/A,N/A,N/A,N/A,N/A,N/A,N/A,N/A,N/A,N/A,N/A,N/A,N/A,N/A,N/A,N/A,N/A,N/A,N/A,N/A,N/A,N/A,N/A,N/A,N/A,N/A,N/A,N/A,N/A,N/A,N/A,N/A,N/A,N/A
João Marcelo,26,960879600,2000/06/13,Serie A,2026,Defender,Cruzeiro,594,312,282,Brazil,9,5,4,1,1,0,0,0,0,0,0,1,0,1,8,4,4,1,0,0.15,0,0.15,0.29,0,594,1.21,74,66,594,0,0.15,145,262,103,9,850000,6.85,0,48,55.61,40.78,89,367,37.67,339,98,51.36,92,0.00,0.00,0.00,0,0.00,0.00,1.06,0.78,7,0.00,0.00,0.00,0.00,0.00,0.44,0.11,1.00,3.00,0.45,0.22,0.33,0.00,0.11,0.09,0.00,2.00,0.00,0.00,0,0,,3,0.33,20,1,0.15,32,2,0.30,20,0,3,6,35,0.00,99,0,4,0.61,42,0,30,0.00,16,0,0.00,99,0,0.00,0,0,0.00,0,0.00,8,3,0.45,27,1,0.15,33.33,0,0.00,0,0,0,0.00,0,9,0.00,43,1.36,58,N/A,N/A,N/A,N/A,0.00,0,0.00,0,0.81,0.00,0,92.37,33.33,62,91,0.11,0.15,1,21,27,0,0,0,1.00,1.36,9,98,61.62,4.78,6.52,43,0,0.00,0.00,99,0.00,0,0,0,0.00,0.00,0,0.00,0.00,0.00,0.00,0,0,33.33,99,19,12,79,42,0.64,36,0.07,0.10,0.81,54,0.09,0.12,30,4,0.44,0.61,1.52,1.11,67,10,0.12,53,61,97,75,0,47,96,0,0.00,99,18,0.00,2.73,7.58,5.56,50,30,52,37,4.55,3.33,60.00,0,0.00,99,0,0.00,0,0.00,99,0,0.00,0.00,30,21,56,12,0,0,0,0,0,51,68,65,82,0,63,23,79,37,1,11,45,43,N/A,N/A
João Moreira Souza,22,1085122800,2004/05/21,Serie A,2026,Defender,São Paulo,0,0,0,Portugal,0,0,0,0,0,0,0,0,0,0,0,0,0,0,0,0,0,0,0,0,0,0,0,0,0,0,0,0,0,0,0,-1,-1,-1,-1,N/A,N/A,N/A,N/A,N/A,N/A,N/A,N/A,N/A,N/A,N/A,N/A,N/A,N/A,N/A,N/A,N/A,N/A,N/A,N/A,N/A,N/A,N/A,N/A,N/A,N/A,N/A,N/A,N/A,N/A,N/A,N/A,N/A,N/A,N/A,N/A,N/A,N/A,N/A,N/A,N/A,N/A,N/A,N/A,N/A,N/A,N/A,N/A,N/A,N/A,N/A,N/A,N/A,N/A,N/A,N/A,N/A,N/A,N/A,N/A,N/A,N/A,N/A,N/A,N/A,N/A,N/A,N/A,N/A,N/A,N/A,N/A,N/A,N/A,N/A,N/A,N/A,N/A,N/A,N/A,N/A,N/A,N/A,N/A,N/A,N/A,N/A,N/A,N/A,N/A,N/A,N/A,N/A,N/A,N/A,N/A,N/A,N/A,N/A,N/A,N/A,N/A,N/A,N/A,N/A,N/A,N/A,N/A,N/A,N/A,N/A,N/A,N/A,N/A,N/A,N/A,N/A,N/A,N/A,N/A,N/A,N/A,N/A,N/A,N/A,N/A,N/A,N/A,N/A,N/A,N/A,N/A,N/A,N/A,N/A,N/A,N/A,N/A,N/A,N/A,N/A,N/A,N/A,N/A,N/A,N/A,N/A,N/A,N/A,N/A,N/A,N/A,N/A,N/A,N/A,N/A,N/A,N/A,N/A,N/A,N/A,N/A,N/A,N/A,N/A,N/A,N/A,N/A,N/A,N/A,N/A,N/A,N/A,N/A,N/A,N/A,N/A,N/A,N/A,N/A,N/A,N/A,N/A,N/A,N/A,N/A,N/A,N/A,N/A,N/A,N/A,N/A,N/A,N/A,N/A,N/A,N/A,N/A,N/A,N/A,N/A,N/A,N/A,N/A,N/A,N/A,N/A,N/A,N/A,N/A,N/A,N/A,N/A,N/A,N/A,N/A,N/A,N/A,N/A,N/A,N/A,N/A,N/A,N/A
João Othávio Basso,29,853142400,1997/01/13,Serie A,2026,Defender,Santos,46,44,2,Brazil,2,1,1,0,0,0,0,0,0,0,0,0,0,0,1,1,0,0,0,0,0,0,0,0,0,1.96,46,23,0,0,0,-1,-1,-1,28,768000,3.29,0,48,52.00,13.00,84,26,11.50,23,81,46.00,85,0.00,0.00,0.00,0,0.00,0.00,6.00,1.50,3,0.00,0.00,0.00,0.00,0.00,0.50,0.00,1.00,0.00,2.00,0.50,0.00,0.00,0.00,0.03,0.00,0.00,0.00,0.00,0,0,,1,0.50,75,0,0.00,17,1,2.00,95,0,2,0,99,0.00,99,0,1,2.00,97,0,30,0.00,16,0,0.00,99,0,0.00,0,0,0.00,0,0.00,8,0,0.00,9,0,0.00,0.00,0,0.00,0,0,0,0.00,0,2,0.00,4,4.00,96,N/A,N/A,N/A,N/A,0.00,0,0.00,0,0.06,0.00,0,88.46,0.00,17,99,0.00,0.00,0,13,13,0,0,0,0.00,0.00,0,24,6.58,1.00,4.00,2,0,0.00,0.00,99,0.00,0,0,0,0.00,0.00,0,0.00,0.00,0.00,0.00,0,0,0.00,45,0,0,46,4,0.04,22,0.02,0.08,0.06,54,0.03,0.12,1,0,0.00,0.00,0.00,0.00,5,0,0.12,53,0,81,75,0,47,2,0,0.00,99,0,0.00,0.00,16.00,4.00,8,3,85,98,6.00,1.50,37.50,0,0.00,99,0,0.00,0,0.00,99,0,0.00,0.00,30,0,46,12,0,0,0,0,0,28,46,65,59,0,59,5,15,15,0,0,16,13,N/A,N/A
João Paulo Ananias Bento,19,1171267200,2007/02/12,Serie A,2026,Defender,Santos,335,244,91,Brazil,6,4,2,0,0,0,0,0,0,0,0,1,0,1,7,5,2,1,0,0,0,0,0,0,0,1.88,48,56,335,0,0.27,247,290,173,17,96000,5.70,0,48,40.84,25.33,61,152,21.83,131,68,35.19,63,0.00,0.00,0.33,2,0.00,0.00,3.76,2.33,14,0.00,0.00,0.00,0.00,0.00,0.33,0.00,1.17,0.00,0.27,0.17,0.00,0.00,0.00,0.01,0.00,0.50,0.00,0.00,0,0,,1,0.17,12,0,0.00,17,1,0.27,18,0,3,3,99,0.00,99,0,2,0.54,38,0,30,0.00,16,0,0.00,99,0,0.00,0,0,0.00,0,0.54,35,0,0.00,9,0,0.00,0.00,0,0.00,0,0,0,0.00,0,7,0.00,5,1.88,86,N/A,N/A,N/A,N/A,0.00,0,0.00,0,0.05,0.00,0,86.18,0.00,17,99,0.00,0.00,0,13,13,0,0,0,0.33,0.54,2,78,34.18,4.50,7.25,27,0,0.00,0.00,99,0.00,0,0,0,0.00,0.00,0,0.00,0.00,0.00,0.00,0,0,0.00,45,0,4,46,6,0.37,36,0.06,0.10,0.05,12,0.01,0.01,41,3,0.50,0.81,1.61,1.00,72,6,0.01,12,2,99,75,0,47,45,0,0.00,99,3,0.00,0.81,8.33,5.17,31,19,69,45,5.10,3.17,61.29,0,0.00,99,0,0.00,0,0.00,99,0,0.00,0.00,30,3,56,12,0,0,0,0,0,28,46,65,59,0,22,32,48,68,1,17,62,26,N/A,N/A
João Paulo Silva Martins,31,804409200,1995/06/29,Serie A,2026,Goalkeeper,Santos,90,0,90,Brazil,2,0,2,0,0,0,0,0,0,0,0,0,0,0,6,0,6,1,0,0,0,0,0,0,0,6,15,45,90,0,1,-1,-1,-1,22,350000,9.47,0,48,24.00,12.00,18,24,9.50,19,28,19.00,21,0.00,0.00,0.00,0,0.00,0.00,0.00,0.00,0,0.00,0.00,0.00,0.00,3.00,0.00,0.00,6.50,0.00,0.00,0.00,0.00,0.00,0.00,0.00,0.00,0.00,0.00,0.00,0,0,,0,0.00,7,0,0.00,17,0,0.00,7,0,2,0,5,0.00,99,0,0,0.00,10,0,30,0.00,16,0,0.00,99,0,0.00,0,0,0.00,0,0.00,8,0,0.00,9,0,0.00,0.00,0,0.00,0,6,21,6.00,99,13,0.00,0,13.00,99,N/A,N/A,N/A,N/A,46.15,0,0.00,0,0.00,0.00,0,79.17,0.00,17,99,0.00,0.00,0,13,13,0,0,3,0.00,0.00,0,24,18.94,1.00,2.00,2,0,0.00,0.00,99,0.00,0,0,0,0.00,0.00,2,1.00,2.00,0.00,0.00,0,0,0.00,45,0,0,46,0,0.05,10,0.03,0.05,0.00,7,0.00,0.00,49,1,0.50,1.00,0.00,0.00,5,0,0.00,7,99,59,75,99,47,2,0,0.00,99,0,0.00,0.00,1.00,0.50,1,1,7,7,1.00,0.50,100.00,0,0.00,99,0,0.00,0,0.00,99,0,0.00,0.00,30,0,46,12,0,0,0,0,0,28,46,65,59,0,40,5,15,99,0,0,16,34,N/A,N/A
João Paulo Silveira dos Santos,29,867999600,1997/07/04,Serie A,2026,Defender,Chapecoense,506,236,270,Brazil,6,3,3,1,0,1,1,1,0,0,0,0,0,0,11,7,4,2,0,0.36,0.18,0.18,0,0.33,506,1.96,46,84,253,506,0.36,122,72,177,14,0,6.81,0.17,84,53.25,51.00,86,255,45.40,227,84,47.40,87,0.00,0.00,0.20,1,0.00,0.20,0.42,0.40,2,0.00,0.00,0.00,0.00,0.00,0.60,0.00,1.80,3.00,0.63,0.40,0.20,0.00,0.20,0.17,0.00,2.40,0.00,0.00,0,0,,3,0.60,31,1,0.21,41,2,0.42,30,1,1,5,12,0.00,99,0,3,0.63,43,1,30,0.21,27,0,0.00,99,0,0.00,0,0,0.00,0,0.21,17,1,0.21,15,0,0.00,0.00,0,0.00,0,0,0,0.00,0,9,0.00,4,1.88,86,N/A,N/A,N/A,N/A,0.00,0,0.00,0,0.83,0.00,0,89.02,33.33,62,87,0.20,0.21,1,13,13,0,0,0,0.80,0.84,4,90,34.07,7.40,7.73,37,0,0.00,0.00,99,0.00,0,0,0,0.00,0.00,0,0.00,0.00,0.00,0.00,0,0,33.33,99,12,4,74,4,0.44,32,0.09,0.09,0.83,64,0.17,0.17,19,2,0.40,0.42,2.30,2.20,95,11,0.17,62,56,99,75,0,47,92,0,0.00,99,12,0.00,2.51,6.26,6.00,30,16,25,18,3.34,3.20,53.33,0,0.00,99,0,0.00,0,0.00,99,0,0.00,0.00,30,14,36,35,0,0,0,0,0,80,74,88,59,0,21,5,33,83,2,33,94,4,0,0
João Pedro Chermont Crema,20,1137571200,2006/01/18,Serie A,2026,Defender,Coritiba,836,392,444,Brazil,14,7,7,0,0,0,2,2,0,0,0,3,1,2,6,2,4,0,0,0.22,0.22,0,0,0,0,0.65,139,60,0,418,0,372,50,12,23,0,6.65,0.14,89,26.48,17.57,23,246,13.50,189,20,20.35,22,0.00,0.00,0.64,9,0.00,2.00,1.61,1.07,15,0.00,0.21,0.00,0.00,0.00,0.36,0.29,0.43,0.00,0.65,0.29,0.71,0.00,0.14,0.03,0.00,0.21,0.00,0.00,0,0,,6,0.43,33,2,0.22,42,4,0.43,31,4,6,8,61,0.00,99,0,5,0.54,38,28,72,3.01,76,0,0.00,99,0,0.00,0,0,0.00,0,0.97,58,10,1.08,51,4,0.43,40.00,0,0.00,0,0,0,0.00,0,6,0.00,95,0.65,3,N/A,N/A,N/A,N/A,0.00,0,0.00,0,0.39,0.00,0,76.83,33.33,62,58,0.36,0.54,5,46,37,0,0,0,0.07,0.11,1,33,93.13,3.07,4.63,43,0,0.00,0.00,99,0.00,0,0,0,0.00,0.00,0,0.00,0.00,0.00,0.00,0,0,0.00,45,36,34,46,95,1.88,79,0.13,0.20,0.39,26,0.03,0.04,33,6,0.43,0.65,0.75,0.50,23,7,0.04,25,34,87,75,0,47,14,0,0.00,99,3,0.00,0.32,5.81,3.86,54,28,18,15,3.01,2.00,51.85,3,0.32,71,0,28.57,0,0.00,99,8,0.57,0.86,83,32,79,83,0,0,0,0,0,65,46,65,59,0,21,44,15,15,0,0,16,44,0,0
João Pedro de Sousa Rodrigues,22,1072857600,2003/12/31,Serie A,2026,Defender,Corinthians,216,36,180,Brazil,3,1,2,1,0,1,0,0,0,0,0,1,0,1,2,1,1,1,0,0.42,0,0.42,0,0.5,216,0.83,108,72,216,0,0.42,-1,-1,-1,12,0,7.40,0,48,52.08,41.67,84,125,38.67,116,98,48.33,88,0.00,0.00,0.00,0,0.00,0.00,2.08,1.67,5,0.00,0.00,0.00,0.00,0.00,0.33,0.33,0.67,3.00,1.25,0.33,0.33,0.00,0.67,0.30,0.00,2.33,0.00,0.00,0,0,,3,1.00,58,2,0.83,83,1,0.42,30,0,1,2,78,0.00,99,0,1,0.42,29,0,30,0.00,16,0,0.00,99,0,0.00,0,0,0.00,0,0.00,8,1,0.42,25,1,0.42,100.00,0,0.00,0,0,0,0.00,0,2,0.00,82,0.83,10,N/A,N/A,N/A,N/A,0.00,0,0.00,0,0.90,0.00,0,92.80,66.67,99,73,0.33,0.42,1,43,99,0,0,0,1.67,2.08,5,99,22.19,3.67,4.58,11,0,0.00,0.00,99,0.00,0,0,0,0.00,0.00,0,0.00,0.00,0.00,0.00,0,0,33.33,99,0,0,52,82,0.26,40,0.09,0.11,0.90,90,0.30,0.38,19,1,0.33,0.42,1.25,1.00,52,3,0.38,88,99,86,75,0,47,97,0,0.00,99,7,0.00,2.92,7.92,6.33,19,14,82,39,5.83,4.67,73.68,0,0.00,99,0,0.00,0,0.00,99,0,0.00,0.00,30,1,36,12,0,0,0,0,0,85,95,95,59,0,21,75,28,88,1,33,94,4,0,0
João Pedro Lucio da Silva,18,1205823600,2008/03/18,Serie A,2026,Goalkeeper,Santos,0,0,0,Brazil,0,0,0,0,0,0,0,0,0,0,0,0,0,0,0,0,0,0,0,0,0,0,0,0,0,0,0,0,0,0,0,-1,-1,-1,-1,N/A,N/A,N/A,N/A,N/A,N/A,N/A,N/A,N/A,N/A,N/A,N/A,N/A,N/A,N/A,N/A,N/A,N/A,N/A,N/A,N/A,N/A,N/A,N/A,N/A,N/A,N/A,N/A,N/A,N/A,N/A,N/A,N/A,N/A,N/A,N/A,N/A,N/A,N/A,N/A,N/A,N/A,N/A,N/A,N/A,N/A,N/A,N/A,N/A,N/A,N/A,N/A,N/A,N/A,N/A,N/A,N/A,N/A,N/A,N/A,N/A,N/A,N/A,N/A,N/A,N/A,N/A,N/A,N/A,N/A,N/A,N/A,N/A,N/A,N/A,N/A,N/A,N/A,N/A,N/A,N/A,N/A,N/A,N/A,N/A,N/A,N/A,N/A,N/A,N/A,N/A,N/A,N/A,N/A,N/A,N/A,N/A,N/A,N/A,N/A,N/A,N/A,N/A,N/A,N/A,N/A,N/A,N/A,N/A,N/A,N/A,N/A,N/A,N/A,N/A,N/A,N/A,N/A,N/A,N/A,N/A,N/A,N/A,N/A,N/A,N/A,N/A,N/A,N/A,N/A,N/A,N/A,N/A,N/A,N/A,N/A,N/A,N/A,N/A,N/A,N/A,N/A,N/A,N/A,N/A,N/A,N/A,N/A,N/A,N/A,N/A,N/A,N/A,N/A,N/A,N/A,N/A,N/A,N/A,N/A,N/A,N/A,N/A,N/A,N/A,N/A,N/A,N/A,N/A,N/A,N/A,N/A,N/A,N/A,N/A,N/A,N/A,N/A,N/A,N/A,N/A,N/A,N/A,N/A,N/A,N/A,N/A,N/A,N/A,N/A,N/A,N/A,N/A,N/A,N/A,N/A,N/A,N/A,N/A,N/A,N/A,N/A,N/A,N/A,N/A,N/A,N/A,N/A,N/A,N/A,N/A,N/A,N/A,N/A,N/A,N/A,N/A,N/A,N/A,N/A,N/A,N/A,N/A,N/A
João Pedro Maturano dos Santos,29,848044800,1996/11/15,Serie A,2026,Defender,Grêmio,258,144,114,Brazil,5,3,2,0,0,0,0,0,0,0,0,0,0,0,7,5,2,0,0,0,0,0,0,0,0,2.44,37,52,0,0,0,-1,-1,-1,39,850000,6.30,0,48,36.98,21.20,52,106,18.80,94,82,32.79,57,0.00,0.00,0.00,0,0.00,0.80,1.05,0.60,3,0.00,0.00,0.00,0.00,0.00,0.20,0.60,1.60,0.00,0.35,0.20,1.00,0.00,0.00,0.01,0.00,0.20,0.00,0.00,0,0,,1,0.20,16,0,0.00,17,1,0.35,24,2,2,3,35,0.00,99,0,1,0.35,24,4,95,1.40,57,0,0.00,99,0,0.00,0,0,0.00,0,0.00,8,5,1.74,70,3,1.05,60.00,0,0.00,0,0,0,0.00,0,8,0.00,0,2.79,93,N/A,N/A,N/A,N/A,0.00,0,0.00,0,0.05,0.00,0,88.68,0.00,17,79,0.20,0.35,1,78,72,0,0,0,0.20,0.35,1,63,31.48,1.00,1.74,5,0,0.00,0.00,99,0.00,0,0,0,0.00,0.00,0,0.00,0.00,0.35,0.20,1,0,0.00,45,0,1,46,0,0.22,22,0.04,0.08,0.05,16,0.01,0.02,35,2,0.40,0.70,2.09,1.20,90,6,0.02,15,12,56,75,0,87,15,0,0.00,99,1,0.00,0.35,6.98,4.00,20,9,21,28,3.14,1.80,45.00,0,0.00,99,0,50.00,0,0.00,99,2,0.40,0.70,78,3,46,56,0,0,0,0,0,28,46,65,59,0,63,5,15,15,0,0,16,18,N/A,N/A
João Pedro Murilo de Paula Morais,21,1113894000,2005/04/19,Serie A,2026,Midfielder,Vasco da Gama,33,0,33,Brazil,2,0,2,0,0,0,0,0,0,0,0,0,0,0,1,0,1,0,0,0,0,0,0,0,0,2.73,33,17,0,0,0,-1,-1,-1,27,0,6.43,0,48,38.18,7.00,56,14,4.00,8,0,21.82,25,0.00,0.00,0.50,1,0.00,0.00,2.73,0.50,1,0.00,0.50,0.00,0.00,0.00,0.00,0.50,1.00,0.00,2.73,0.50,0.50,0.00,0.00,0.03,0.00,0.50,0.00,0.00,0,0,,1,0.50,91,0,0.00,17,1,2.73,99,0,2,0,93,0.00,99,0,0,0.00,10,0,30,0.00,16,0,0.00,99,0,0.00,0,0,0.00,0,2.73,97,1,2.73,86,1,2.73,100.00,0,0.00,0,0,0,0.00,0,2,0.00,0,5.45,99,N/A,N/A,N/A,N/A,0.00,0,0.00,0,0.05,0.00,0,57.14,0.00,17,99,0.00,0.00,0,98,99,0,0,0,0.00,0.00,0,24,12.86,0.00,0.00,0,0,0.00,0.00,99,0.00,0,0,0,0.00,0.00,0,0.00,0.00,0.00,0.00,0,0,0.00,45,0,0,46,0,0.05,55,0.03,0.14,0.05,59,0.03,0.14,95,1,0.50,2.73,8.18,1.50,99,3,0.14,58,16,0,75,0,47,96,0,0.00,99,1,0.00,2.73,27.27,5.00,10,4,99,99,10.91,2.00,40.00,1,2.73,0,0,0.00,0,0.00,99,0,0.00,0.00,30,0,46,12,0,0,0,0,0,28,46,65,59,0,21,5,15,15,0,0,16,98,0,0
João Pedro Sousa Silva,29,847872000,1996/11/13,Serie A,2026,Forward,Remo,302,185,117,Portugal,6,4,2,1,1,0,0,0,0,0,0,0,0,0,3,2,1,2,0,0.3,0,0.3,0.49,0,302,0.89,101,50,151,0,0.6,54,355,-1,9,195000,6.57,0,48,14.30,8.00,4,48,5.17,31,3,9.24,3,0.00,0.00,0.67,4,0.00,0.00,0.00,0.00,0,0.00,1.00,0.00,0.00,0.00,0.00,0.00,0.50,7.00,2.09,0.83,0.00,0.00,0.33,0.18,0.00,1.50,0.00,0.00,0,0,,7,1.17,77,2,0.60,72,5,1.49,84,3,1,5,5,0.00,99,0,0,0.00,10,0,30,0.00,16,0,0.00,99,0,0.00,0,0,0.00,0,1.19,68,0,0.00,9,0,0.00,0.00,0,0.00,0,0,0,0.00,0,3,0.00,78,0.89,14,N/A,N/A,N/A,N/A,0.00,0,0.00,0,1.07,0.00,0,64.58,28.57,47,99,0.00,0.00,0,13,13,0,0,0,0.00,0.00,0,24,39.43,1.33,2.38,8,0,0.00,0.00,99,0.00,0,0,0,0.00,0.00,0,0.00,0.00,0.30,0.17,1,0,14.29,81,0,4,58,78,0.24,16,0.04,0.07,1.07,85,0.18,0.32,60,4,0.67,1.19,3.58,2.00,99,12,0.32,83,22,66,75,0,86,96,0,0.00,99,9,0.00,2.68,12.22,6.83,41,13,36,86,3.87,2.17,31.71,6,1.79,6,0,0.00,0,0.00,99,0,0.00,0.00,30,14,36,72,0,0,0,0,0,75,88,65,93,0,29,5,19,96,2,33,94,45,N/A,N/A
João Silva,17,1226476800,2008/11/12,Serie A,2026,Defender,Vasco da Gama,96,75,21,Brazil,3,1,2,0,0,0,0,0,0,0,0,0,0,0,2,2,0,0,0,0,0,0,0,0,0,1.88,48,32,0,0,0,-1,-1,-1,24,0,6.82,0,48,28.80,24.00,27,24,18.00,18,15,21.60,24,0.00,0.00,2.00,2,0.00,6.00,6.00,5.00,5,0.00,1.00,0.00,0.00,0.00,2.00,1.00,2.00,0.00,0.00,0.00,2.00,0.00,0.00,0.00,0.00,2.00,0.00,0.00,0,0,,0,0.00,7,0,0.00,17,0,0.00,7,1,2,1,99,0.00,99,0,2,2.40,99,6,84,7.20,97,0,0.00,99,0,0.00,0,0,0.00,0,2.40,94,2,2.40,82,1,1.20,50.00,0,0.00,0,0,0,0.00,0,2,0.00,5,2.40,93,N/A,N/A,N/A,N/A,0.00,0,0.00,0,0.00,0.00,0,75.00,0.00,17,0,2.00,2.40,2,81,59,0,0,0,0.00,0.00,0,24,6.82,4.00,4.80,4,0,0.00,0.00,99,0.00,0,0,0,0.00,0.00,0,0.00,0.00,0.00,0.00,0,0,0.00,45,0,0,46,6,0.09,40,0.09,0.11,0.00,7,0.00,0.00,1,0,0.00,0.00,0.00,0.00,5,0,0.00,7,57,87,75,0,47,90,0,0.00,99,2,0.00,2.40,15.60,13.00,13,8,99,98,9.60,8.00,61.54,1,1.20,21,0,33.33,0,0.00,99,2,2.00,2.40,99,0,46,35,0,0,0,0,0,28,46,65,59,0,21,5,15,15,0,0,16,60,0,0
João Victor,28,900658800,1998/07/17,Serie A,2026,Defender,Vasco da Gama,11,11,0,Brazil,1,1,0,0,0,0,0,0,0,0,0,0,0,0,0,0,0,0,0,0,0,0,0,0,0,0,0,11,0,0,0,-1,-1,-1,23,0,0.00,0,48,0.00,0.00,0,0,0.00,0,0,0.00,0,0.00,0.00,0.00,0,0.00,0.00,0.00,0.00,0,0.00,0.00,0.00,0.00,0.00,0.00,0.00,0.00,0.00,0.00,0.00,0.00,0.00,0.00,0.00,0.00,0.00,0.00,0.00,0,0,,0,0.00,7,0,0.00,17,0,0.00,7,0,1,0,5,0.00,99,0,0,0.00,10,0,30,0.00,16,0,0.00,99,0,0.00,0,0,0.00,0,0.00,8,0,0.00,9,0,0.00,0.00,0,0.00,0,0,0,0.00,0,0,0.00,99,0.00,0,N/A,N/A,N/A,N/A,0.00,0,0.00,0,0.00,0.00,0,0.00,0.00,17,99,0.00,0.00,0,13,13,0,0,0,0.00,0.00,0,24,0.00,0.00,0.00,0,0,0.00,0.00,99,0.00,0,0,0,0.00,0.00,0,0.00,0.00,0.00,0.00,0,0,0.00,45,0,0,46,0,0.00,0,0.00,0.00,0.00,7,0.00,0.00,1,0,0.00,0.00,0.00,0.00,5,0,0.00,7,0,0,75,0,47,2,0,0.00,99,0,0.00,0.00,0.00,0.00,0,0,0,0,0.00,0.00,0.00,0,0.00,99,0,0.00,0,0.00,99,0,0.00,0.00,30,0,36,12,0,0,0,0,0,28,46,65,59,0,21,5,15,15,0,0,16,60,0,0
João Victor Alves de Morais Francisco,19,1185519600,2007/07/27,Serie A,2026,Forward,Internacional,0,0,0,Brazil,0,0,0,0,0,0,0,0,0,0,0,0,0,0,0,0,0,0,0,0,0,0,0,0,0,0,0,0,0,0,0,-1,-1,-1,-1,N/A,N/A,N/A,N/A,N/A,N/A,N/A,N/A,N/A,N/A,N/A,N/A,N/A,N/A,N/A,N/A,N/A,N/A,N/A,N/A,N/A,N/A,N/A,N/A,N/A,N/A,N/A,N/A,N/A,N/A,N/A,N/A,N/A,N/A,N/A,N/A,N/A,N/A,N/A,N/A,N/A,N/A,N/A,N/A,N/A,N/A,N/A,N/A,N/A,N/A,N/A,N/A,N/A,N/A,N/A,N/A,N/A,N/A,N/A,N/A,N/A,N/A,N/A,N/A,N/A,N/A,N/A,N/A,N/A,N/A,N/A,N/A,N/A,N/A,N/A,N/A,N/A,N/A,N/A,N/A,N/A,N/A,N/A,N/A,N/A,N/A,N/A,N/A,N/A,N/A,N/A,N/A,N/A,N/A,N/A,N/A,N/A,N/A,N/A,N/A,N/A,N/A,N/A,N/A,N/A,N/A,N/A,N/A,N/A,N/A,N/A,N/A,N/A,N/A,N/A,N/A,N/A,N/A,N/A,N/A,N/A,N/A,N/A,N/A,N/A,N/A,N/A,N/A,N/A,N/A,N/A,N/A,N/A,N/A,N/A,N/A,N/A,N/A,N/A,N/A,N/A,N/A,N/A,N/A,N/A,N/A,N/A,N/A,N/A,N/A,N/A,N/A,N/A,N/A,N/A,N/A,N/A,N/A,N/A,N/A,N/A,N/A,N/A,N/A,N/A,N/A,N/A,N/A,N/A,N/A,N/A,N/A,N/A,N/A,N/A,N/A,N/A,N/A,N/A,N/A,N/A,N/A,N/A,N/A,N/A,N/A,N/A,N/A,N/A,N/A,N/A,N/A,N/A,N/A,N/A,N/A,N/A,N/A,N/A,N/A,N/A,N/A,N/A,N/A,N/A,N/A,N/A,N/A,N/A,N/A,N/A,N/A,N/A,N/A,N/A,N/A,N/A,N/A,N/A,N/A,N/A,N/A,N/A,N/A
João Victor Carroll Santana,28,873183600,1997/09/02,Serie A,2026,Defender,Mirassol,2070,1080,990,Brazil,23,12,11,2,2,0,1,0,1,0,0,1,1,0,35,18,17,1,0,0.13,0.04,0.09,0.17,0,1035,1.52,59,90,2070,2070,0.04,179,213,149,5,450000,6.94,0.04,48,49.00,49.00,79,1127,43.70,1005,86,43.70,80,0.00,0.00,0.26,6,0.00,0.09,0.52,0.52,12,0.00,0.17,0.00,0.00,0.00,0.91,0.22,1.57,6.50,0.57,0.43,0.22,0.00,0.13,0.09,0.00,3.00,0.00,0.00,0,0,,13,0.57,28,3,0.13,27,10,0.43,31,0,0,23,14,0.00,99,0,21,0.91,58,2,30,0.09,19,0,0.00,99,0,0.00,0,0,0.00,0,0.26,20,5,0.22,15,5,0.22,100.00,0,0.00,0,0,0,0.00,0,36,0.00,19,1.57,73,N/A,N/A,N/A,N/A,0.00,0,0.00,0,2.05,0.00,0,89.17,23.08,36,90,0.17,0.17,4,26,99,0,0,0,1.43,1.43,33,99,159.59,5.65,5.65,130,0,0.00,0.00,99,0.00,0,0,0,0.00,0.00,0,0.00,0.00,0.04,0.04,1,0,15.38,83,99,99,89,19,2.86,45,0.12,0.12,2.05,46,0.09,0.09,14,7,0.30,0.30,0.57,0.57,17,13,0.09,44,77,93,75,0,48,97,0,0.00,99,69,0.00,3.00,6.09,6.09,140,92,40,17,4.00,4.00,65.71,4,0.17,79,0,0.00,0,0.00,99,0,0.00,0.00,30,99,23,12,0,0,0,0,0,47,58,65,70,0,47,5,99,16,1,4,18,34,N/A,N/A
João Victor de Souza Cunha,19,1167638400,2007/01/01,Serie A,2026,Defender,Flamengo,71,71,0,Brazil,1,1,0,0,0,0,0,0,0,0,0,1,1,0,0,0,0,0,0,0,0,0,0,0,0,0,0,71,0,0,0,-1,-1,-1,26,0,6.83,0,48,79.86,63.00,99,63,61.00,61,99,77.32,99,0.00,0.00,0.00,0,0.00,0.00,0.00,0.00,0,0.00,0.00,0.00,0.00,0.00,0.00,0.00,0.00,0.00,0.00,0.00,0.00,0.00,0.00,0.00,0.00,1.00,0.00,0.00,0,0,,0,0.00,7,0,0.00,17,0,0.00,7,0,1,0,5,0.00,99,0,0,0.00,10,0,30,0.00,16,0,0.00,99,0,0.00,0,0,0.00,0,0.00,8,0,0.00,9,0,0.00,0.00,0,0.00,0,0,0,0.00,0,0,0.00,99,0.00,0,N/A,N/A,N/A,N/A,0.00,0,0.00,0,0.00,0.00,0,96.83,0.00,17,99,0.00,0.00,0,13,13,0,0,0,0.00,0.00,0,24,6.83,1.00,1.27,1,0,0.00,0.00,99,0.00,0,0,0,0.00,0.00,0,0.00,0.00,0.00,0.00,0,0,0.00,45,0,0,46,0,0.12,60,0.12,0.15,0.00,7,0.00,0.00,1,0,0.00,0.00,0.00,0.00,5,0,0.00,7,58,44,75,0,47,65,0,0.00,99,1,0.00,1.27,1.27,1.00,1,0,0,7,0.00,0.00,0.00,0,0.00,99,0,0.00,0,0.00,99,0,0.00,0.00,30,0,36,12,0,0,0,0,0,28,46,65,59,0,21,99,15,15,0,0,16,61,0,0
João Victor Machado Cruz,20,1147417200,2006/05/12,Serie A,2026,Midfielder,Atlético PR,656,297,359,Brazil,17,9,8,0,0,0,4,2,2,0,0,6,4,2,6,3,3,2,0,0.55,0.55,0,0,0,0,0.82,109,39,328,164,0.27,366,1,-1,20,200000,6.92,0.24,99,37.45,16.06,53,273,13.06,222,35,30.46,50,0.00,0.00,1.35,23,0.00,2.82,1.78,0.76,13,0.00,0.59,0.00,0.00,0.00,0.35,0.53,0.41,0.00,2.61,0.76,0.82,0.00,0.35,0.09,0.00,0.12,0.00,0.00,0,0,,19,1.12,88,6,0.82,82,13,1.78,91,3,11,6,68,0.00,99,0,6,0.82,53,48,77,6.59,97,0,0.00,99,0,0.00,0,0,0.00,0,3.16,99,14,1.92,74,9,1.23,64.29,0,0.00,0,0,0,0.00,0,7,0.00,86,0.96,21,N/A,N/A,N/A,N/A,0.00,0,0.00,0,1.60,0.00,0,81.32,31.58,52,11,0.53,1.23,9,82,77,0,0,0,0.06,0.14,1,40,117.60,0.29,0.69,5,0,0.00,0.00,99,0.00,0,0,0,0.00,0.00,0,0.00,0.00,0.27,0.12,2,0,0.00,45,24,61,46,84,3.62,99,0.21,0.50,1.60,72,0.09,0.22,56,8,0.47,1.10,1.51,0.65,66,11,0.22,70,72,24,75,0,83,11,0,0.00,99,2,0.00,0.27,10.15,4.35,74,32,48,68,4.39,1.88,43.24,10,1.37,15,0,31.25,0,0.00,99,15,0.88,2.06,98,21,97,72,0,0,0,0,0,92,46,65,59,0,30,78,48,68,2,12,49,8,N/A,N/A
João Victor Santos Sa,32,764755200,1994/03/27,Serie A,2026,Forward,São Paulo,103,78,25,Brazil,4,2,2,0,0,0,1,1,0,0,0,0,0,0,1,1,0,0,0,0.87,0.87,0,0,0,0,0.87,103,26,0,103,0,-1,-1,-1,21,0,5.10,0.25,99,36.70,10.50,51,42,8.00,32,18,27.96,44,0.00,0.00,1.00,4,0.00,0.25,2.62,0.75,3,0.00,0.50,0.00,0.00,0.00,0.75,0.25,0.25,0.00,1.75,0.25,1.00,0.00,0.25,0.04,0.00,1.50,0.00,0.00,0,0,,2,0.50,72,1,0.87,84,1,0.87,58,5,3,1,93,0.00,99,0,3,2.62,99,1,99,0.87,50,0,0.00,99,0,0.00,0,0,0.00,0,3.50,99,4,3.50,92,1,0.87,25.00,0,0.00,0,0,0,0.00,0,1,0.00,79,0.87,13,N/A,N/A,N/A,N/A,0.00,0,0.00,0,0.18,0.00,0,76.19,50.00,92,29,0.25,0.87,1,70,18,0,0,0,0.00,0.00,0,24,20.41,0.50,1.75,2,0,0.00,0.00,99,0.00,0,0,0,0.00,0.00,0,0.00,0.00,0.00,0.00,0,0,0.00,45,0,0,46,79,0.80,99,0.20,0.70,0.18,63,0.04,0.16,78,2,0.50,1.75,2.62,0.75,98,3,0.16,61,0,56,75,0,47,99,0,0.00,99,6,0.00,5.24,20.10,5.75,23,12,99,99,10.49,3.00,52.17,2,1.75,7,0,100.00,0,0.00,99,1,0.25,0.87,83,0,56,91,0,0,0,0,0,99,46,65,59,0,21,5,15,15,0,0,16,27,0,0
João Victor Silva Benassi,22,1071648000,2003/12/17,Serie A,2026,Goalkeeper,Coritiba,0,0,0,Brazil,0,0,0,0,0,0,0,0,0,0,0,0,0,0,0,0,0,0,0,0,0,0,0,0,0,0,0,0,0,0,0,-1,-1,-1,-1,N/A,N/A,N/A,N/A,N/A,N/A,N/A,N/A,N/A,N/A,N/A,N/A,N/A,N/A,N/A,N/A,N/A,N/A,N/A,N/A,N/A,N/A,N/A,N/A,N/A,N/A,N/A,N/A,N/A,N/A,N/A,N/A,N/A,N/A,N/A,N/A,N/A,N/A,N/A,N/A,N/A,N/A,N/A,N/A,N/A,N/A,N/A,N/A,N/A,N/A,N/A,N/A,N/A,N/A,N/A,N/A,N/A,N/A,N/A,N/A,N/A,N/A,N/A,N/A,N/A,N/A,N/A,N/A,N/A,N/A,N/A,N/A,N/A,N/A,N/A,N/A,N/A,N/A,N/A,N/A,N/A,N/A,N/A,N/A,N/A,N/A,N/A,N/A,N/A,N/A,N/A,N/A,N/A,N/A,N/A,N/A,N/A,N/A,N/A,N/A,N/A,N/A,N/A,N/A,N/A,N/A,N/A,N/A,N/A,N/A,N/A,N/A,N/A,N/A,N/A,N/A,N/A,N/A,N/A,N/A,N/A,N/A,N/A,N/A,N/A,N/A,N/A,N/A,N/A,N/A,N/A,N/A,N/A,N/A,N/A,N/A,N/A,N/A,N/A,N/A,N/A,N/A,N/A,N/A,N/A,N/A,N/A,N/A,N/A,N/A,N/A,N/A,N/A,N/A,N/A,N/A,N/A,N/A,N/A,N/A,N/A,N/A,N/A,N/A,N/A,N/A,N/A,N/A,N/A,N/A,N/A,N/A,N/A,N/A,N/A,N/A,N/A,N/A,N/A,N/A,N/A,N/A,N/A,N/A,N/A,N/A,N/A,N/A,N/A,N/A,N/A,N/A,N/A,N/A,N/A,N/A,N/A,N/A,N/A,N/A,N/A,N/A,N/A,N/A,N/A,N/A,N/A,N/A,N/A,N/A,N/A,N/A,N/A,N/A,N/A,N/A,N/A,N/A,N/A,N/A,N/A,N/A,N/A,N/A
João Vitor da Silva Almeida,20,1137398400,2006/01/16,Serie A,2026,Defender,Coritiba,0,0,0,Brazil,0,0,0,0,0,0,0,0,0,0,0,0,0,0,0,0,0,0,0,0,0,0,0,0,0,0,0,0,0,0,0,-1,-1,-1,-1,N/A,N/A,N/A,N/A,N/A,N/A,N/A,N/A,N/A,N/A,N/A,N/A,N/A,N/A,N/A,N/A,N/A,N/A,N/A,N/A,N/A,N/A,N/A,N/A,N/A,N/A,N/A,N/A,N/A,N/A,N/A,N/A,N/A,N/A,N/A,N/A,N/A,N/A,N/A,N/A,N/A,N/A,N/A,N/A,N/A,N/A,N/A,N/A,N/A,N/A,N/A,N/A,N/A,N/A,N/A,N/A,N/A,N/A,N/A,N/A,N/A,N/A,N/A,N/A,N/A,N/A,N/A,N/A,N/A,N/A,N/A,N/A,N/A,N/A,N/A,N/A,N/A,N/A,N/A,N/A,N/A,N/A,N/A,N/A,N/A,N/A,N/A,N/A,N/A,N/A,N/A,N/A,N/A,N/A,N/A,N/A,N/A,N/A,N/A,N/A,N/A,N/A,N/A,N/A,N/A,N/A,N/A,N/A,N/A,N/A,N/A,N/A,N/A,N/A,N/A,N/A,N/A,N/A,N/A,N/A,N/A,N/A,N/A,N/A,N/A,N/A,N/A,N/A,N/A,N/A,N/A,N/A,N/A,N/A,N/A,N/A,N/A,N/A,N/A,N/A,N/A,N/A,N/A,N/A,N/A,N/A,N/A,N/A,N/A,N/A,N/A,N/A,N/A,N/A,N/A,N/A,N/A,N/A,N/A,N/A,N/A,N/A,N/A,N/A,N/A,N/A,N/A,N/A,N/A,N/A,N/A,N/A,N/A,N/A,N/A,N/A,N/A,N/A,N/A,N/A,N/A,N/A,N/A,N/A,N/A,N/A,N/A,N/A,N/A,N/A,N/A,N/A,N/A,N/A,N/A,N/A,N/A,N/A,N/A,N/A,N/A,N/A,N/A,N/A,N/A,N/A,N/A,N/A,N/A,N/A,N/A,N/A,N/A,N/A,N/A,N/A,N/A,N/A,N/A,N/A,N/A,N/A,N/A,N/A
João Vitor de Souza Martins,28,891331200,1998/03/31,Serie A,2026,Midfielder,Chapecoense,598,408,190,Brazil,11,7,4,0,0,0,0,0,0,0,0,1,1,0,9,7,2,1,0,0,0,0,0,0,0,1.35,66,54,598,0,0.15,425,423,-1,36,0,6.77,0,48,40.64,24.55,60,270,19.18,211,23,31.76,54,0.00,0.00,1.09,12,0.00,1.73,1.35,0.82,9,0.00,0.91,0.00,0.00,0.00,0.09,0.55,0.82,0.00,2.86,1.45,0.64,0.00,0.27,0.13,0.00,0.27,0.00,0.00,0,0,,19,1.73,93,3,0.45,63,16,2.41,98,3,4,7,48,0.00,99,0,1,0.15,16,19,90,2.86,75,0,0.00,99,0,0.00,0,0,0.00,0,1.81,88,7,1.05,49,6,0.90,85.71,0,0.00,0,0,0,0.00,0,9,0.00,31,1.35,57,N/A,N/A,N/A,N/A,0.00,0,0.00,0,1.39,0.00,0,78.15,15.79,24,6,0.82,1.35,9,72,95,0,0,0,0.27,0.45,3,71,74.50,0.55,0.90,6,0,0.00,0.00,99,0.00,0,0,0,0.00,0.00,0,0.00,0.00,0.00,0.00,0,0,0.00,45,19,21,46,30,0.79,45,0.07,0.12,1.39,71,0.13,0.21,53,7,0.64,1.05,1.66,1.00,75,11,0.21,69,51,32,75,0,47,23,0,0.00,99,3,0.00,0.45,8.73,5.27,58,25,35,49,3.76,2.27,43.10,10,1.51,12,0,42.11,0,0.00,99,8,0.73,1.20,90,28,65,72,0,0,0,0,0,28,46,65,59,0,21,16,79,37,1,9,36,5,0,0
João Vitor Jacaré,19,1167811200,2007/01/03,Serie A,2026,Defender,Corinthians,0,0,0,Brazil,0,0,0,0,0,0,0,0,0,0,0,0,0,0,0,0,0,0,0,0,0,0,0,0,0,0,0,0,0,0,0,-1,-1,-1,-1,N/A,N/A,N/A,N/A,N/A,N/A,N/A,N/A,N/A,N/A,N/A,N/A,N/A,N/A,N/A,N/A,N/A,N/A,N/A,N/A,N/A,N/A,N/A,N/A,N/A,N/A,N/A,N/A,N/A,N/A,N/A,N/A,N/A,N/A,N/A,N/A,N/A,N/A,N/A,N/A,N/A,N/A,N/A,N/A,N/A,N/A,N/A,N/A,N/A,N/A,N/A,N/A,N/A,N/A,N/A,N/A,N/A,N/A,N/A,N/A,N/A,N/A,N/A,N/A,N/A,N/A,N/A,N/A,N/A,N/A,N/A,N/A,N/A,N/A,N/A,N/A,N/A,N/A,N/A,N/A,N/A,N/A,N/A,N/A,N/A,N/A,N/A,N/A,N/A,N/A,N/A,N/A,N/A,N/A,N/A,N/A,N/A,N/A,N/A,N/A,N/A,N/A,N/A,N/A,N/A,N/A,N/A,N/A,N/A,N/A,N/A,N/A,N/A,N/A,N/A,N/A,N/A,N/A,N/A,N/A,N/A,N/A,N/A,N/A,N/A,N/A,N/A,N/A,N/A,N/A,N/A,N/A,N/A,N/A,N/A,N/A,N/A,N/A,N/A,N/A,N/A,N/A,N/A,N/A,N/A,N/A,N/A,N/A,N/A,N/A,N/A,N/A,N/A,N/A,N/A,N/A,N/A,N/A,N/A,N/A,N/A,N/A,N/A,N/A,N/A,N/A,N/A,N/A,N/A,N/A,N/A,N/A,N/A,N/A,N/A,N/A,N/A,N/A,N/A,N/A,N/A,N/A,N/A,N/A,N/A,N/A,N/A,N/A,N/A,N/A,N/A,N/A,N/A,N/A,N/A,N/A,N/A,N/A,N/A,N/A,N/A,N/A,N/A,N/A,N/A,N/A,N/A,N/A,N/A,N/A,N/A,N/A,N/A,N/A,N/A,N/A,N/A,N/A,N/A,N/A,N/A,N/A,N/A,N/A
João Vitor Silva Dantas de Oliveira,22,1090738800,2004/07/25,Serie A,2026,Defender,Atlético PR,29,0,29,Brazil,1,0,1,0,0,0,0,0,0,0,0,1,0,1,0,0,0,0,0,0,0,0,0,0,0,0,0,29,0,0,0,-1,-1,-1,32,0,6.62,0,48,37.24,12.00,53,12,10.00,10,48,31.03,53,0.00,0.00,0.00,0,0.00,0.00,0.00,0.00,0,0.00,0.00,0.00,0.00,0.00,1.00,0.00,0.00,0.00,0.00,0.00,0.00,0.00,0.00,0.00,0.00,0.00,0.00,0.00,0,0,,0,0.00,7,0,0.00,17,0,0.00,7,0,1,0,5,0.00,99,0,1,3.10,99,0,30,0.00,16,0,0.00,99,0,0.00,0,0,0.00,0,0.00,8,0,0.00,9,0,0.00,0.00,0,0.00,0,0,0,0.00,0,0,0.00,99,0.00,0,N/A,N/A,N/A,N/A,0.00,0,0.00,0,0.00,0.00,0,83.33,0.00,17,99,0.00,0.00,0,13,13,0,0,0,0.00,0.00,0,24,6.62,2.00,6.21,2,0,0.00,0.00,99,0.00,0,0,0,0.00,0.00,0,0.00,0.00,0.00,0.00,0,0,0.00,45,0,0,46,0,0.02,14,0.02,0.06,0.00,7,0.00,0.00,1,0,0.00,0.00,0.00,0.00,5,0,0.00,7,27,96,75,0,47,2,0,0.00,99,0,0.00,0.00,0.00,0.00,0,0,0,0,0.00,0.00,0.00,0,0.00,99,0,0.00,0,0.00,99,0,0.00,0.00,30,0,36,12,0,0,0,0,0,28,46,65,59,0,21,99,15,15,0,0,16,25,0,0
João Wellington Gadelha Melo de Oliveira,22,1073030400,2004/01/02,Serie A,2026,Midfielder,Mirassol,353,197,156,Brazil,8,4,4,1,1,0,0,0,0,0,0,0,0,0,7,4,3,0,0,0.25,0,0.25,0.46,0,353,1.78,50,44,0,0,0,78,253,-1,11,150000,6.67,0,48,29.01,14.62,27,117,12.25,98,51,24.30,32,0.00,0.00,0.12,1,0.00,0.38,2.48,1.25,10,0.00,1.12,0.00,0.00,0.00,0.38,0.62,1.00,12.00,2.98,1.00,1.25,0.00,0.50,0.18,0.00,0.50,0.00,0.00,0,0,,12,1.50,94,4,0.99,91,8,1.98,95,1,4,4,89,0.00,99,0,3,0.74,48,3,84,0.74,48,0,0.00,99,0,0.00,0,0,0.00,0,0.25,20,10,2.48,83,5,1.24,50.00,0,0.00,0,0,0,0.00,0,8,0.00,8,1.98,87,N/A,N/A,N/A,N/A,0.00,0,0.00,0,1.44,0.00,0,83.76,33.33,62,21,0.50,0.99,4,83,59,0,0,0,0.50,0.99,4,95,53.37,1.25,2.48,10,0,0.00,0.00,99,0.00,0,0,0,0.00,0.00,0,0.00,0.00,0.00,0.00,0,0,8.33,59,0,8,62,7,0.28,16,0.04,0.07,1.44,88,0.18,0.36,89,9,1.12,2.23,0.99,0.50,35,4,0.36,86,36,66,75,0,47,55,0,0.00,99,4,0.00,0.99,12.89,6.50,52,28,94,89,6.94,3.50,53.85,9,2.23,2,0,33.33,0,0.00,99,1,0.12,0.25,52,8,65,35,0,0,0,0,0,69,84,65,92,0,27,5,15,15,0,0,16,77,N/A,N/A
Joaquin Correa,32,776761200,1994/08/13,Serie A,2026,Forward,Botafogo,178,33,145,Argentina,6,2,4,0,0,0,1,0,1,0,0,0,0,0,2,1,1,3,0,0.51,0.51,0,0,0,0,1.01,89,30,59,178,1.52,-1,-1,-1,14,0,6.68,0.17,99,35.90,11.83,50,71,9.33,56,26,28.31,45,0.00,0.00,0.33,2,0.00,0.33,1.01,0.33,2,0.00,0.33,0.00,0.00,0.00,0.00,0.17,0.50,0.00,2.02,0.33,0.33,0.00,0.33,0.05,0.00,0.50,0.00,0.00,0,0,,4,0.67,76,2,1.01,91,2,1.01,65,0,5,1,34,0.00,99,0,0,0.00,10,2,99,1.01,53,0,0.00,99,0,0.00,0,0,0.00,0,1.01,60,2,1.01,48,1,0.51,50.00,0,0.00,0,0,0,0.00,0,3,0.00,65,1.52,70,N/A,N/A,N/A,N/A,0.00,0,0.00,0,0.30,0.00,0,78.87,50.00,92,99,0.00,0.00,0,51,59,0,0,0,0.00,0.00,0,24,40.08,0.00,0.00,0,0,0.00,0.00,99,0.00,0,0,0,0.00,0.00,0,0.00,0.00,0.00,0.00,0,1,0.00,45,0,4,46,65,0.75,98,0.12,0.38,0.30,61,0.05,0.15,84,4,0.67,2.02,1.01,0.33,35,2,0.15,59,37,0,75,0,47,73,0,0.00,99,3,0.00,1.52,9.10,3.00,18,10,68,56,5.06,1.67,55.56,2,1.01,29,0,100.00,0,0.00,99,2,0.33,1.01,86,0,74,12,0,0,0,0,0,89,46,65,59,0,21,5,15,99,3,50,99,30,0,0
Joaquín Lavega Colzada,21,1107417600,2005/02/03,Serie A,2026,Forward,Coritiba,1170,565,605,Uruguay,22,10,12,5,2,3,2,2,0,0,0,6,2,4,14,4,10,3,0,0.54,0.15,0.38,0.32,0.45,234,1.08,84,53,390,585,0.23,37,92,-1,3,0,6.76,0.09,79,22.63,13.36,16,294,9.95,219,14,16.86,15,0.00,0.00,0.41,9,0.00,0.86,1.31,0.77,17,0.00,0.32,0.00,0.00,0.00,0.14,0.27,0.68,4.60,1.77,0.68,0.50,0.00,0.36,0.21,0.00,0.27,0.00,0.00,0,0,,23,1.05,72,8,0.62,73,15,1.15,71,1,8,14,47,0.00,99,0,3,0.23,21,19,65,1.46,58,0,0.00,99,0,0.00,0,0,0.00,0,0.69,42,11,0.85,43,6,0.46,54.55,0,0.00,0,0,0,0.00,0,15,0.00,56,1.15,42,N/A,N/A,N/A,N/A,0.00,0,0.00,0,4.67,0.00,0,74.49,34.78,64,26,0.55,0.92,12,47,63,0,0,0,0.05,0.08,1,28,148.72,0.50,0.85,11,0,0.00,0.00,99,0.00,0,0,0,0.00,0.00,0,0.00,0.00,0.23,0.14,3,0,21.74,92,59,94,54,57,1.95,60,0.09,0.15,4.67,88,0.21,0.36,39,10,0.45,0.77,1.08,0.64,41,14,0.36,86,50,29,75,0,81,24,0,0.00,99,6,0.00,0.46,7.08,4.18,92,39,18,29,3.00,1.77,42.39,7,0.54,55,0,26.32,0,0.00,99,5,0.23,0.38,62,64,90,35,0,0,0,0,0,91,92,95,84,0,21,58,58,59,3,14,57,7,0,0
Joaquín Piquerez Moreira,28,903942000,1998/08/24,Serie A,2026,Defender,Palmeiras,856,368,488,Uruguay,11,5,6,0,0,0,4,1,3,0,0,4,2,2,9,4,5,1,0,0.42,0.42,0,0,0,0,0.95,95,78,856,214,0.11,306,7,48,27,1800000,6.92,0.36,99,40.69,35.18,61,387,30.36,334,69,35.12,63,0.00,0.00,1.09,12,0.00,1.82,2.00,1.73,19,0.00,0.36,0.00,0.00,0.00,0.64,0.45,0.82,0.00,0.74,0.45,1.09,0.00,0.18,0.05,0.00,0.27,0.00,0.00,0,0,,7,0.64,38,2,0.21,41,5,0.53,38,2,1,10,76,0.00,99,0,7,0.74,48,20,62,2.10,66,0,0.00,99,0,0.00,0,0,0.00,0,1.26,72,12,1.26,57,5,0.53,41.67,0,0.00,0,0,0,0.00,0,9,0.00,74,0.95,19,N/A,N/A,N/A,N/A,0.00,0,0.00,0,0.53,0.00,0,86.30,28.57,47,9,1.09,1.26,12,53,38,0,0,0,0.18,0.21,2,49,76.08,2.00,2.31,22,0,0.00,0.00,99,0.00,0,0,1,0.09,0.11,0,0.00,0.00,0.11,0.09,1,0,0.00,45,38,21,46,74,3.38,97,0.31,0.36,0.53,35,0.05,0.06,53,10,0.91,1.05,0.63,0.55,18,6,0.06,34,72,65,89,0,65,14,0,0.00,99,3,0.00,0.32,7.46,6.45,71,35,33,35,3.68,3.18,49.30,4,0.42,63,0,25.00,0,0.00,99,5,0.45,0.53,69,43,36,56,0,0,0,0,0,85,46,65,59,0,88,80,88,28,1,9,36,22,N/A,N/A
Johan Rojas Echavarría,23,1032505200,2002/09/20,Serie A,2026,Midfielder,Vasco da Gama,842,447,395,Colombia,17,11,6,0,0,0,1,1,0,0,0,1,1,0,11,5,6,3,0,0.11,0.11,0,0,0,0,1.18,77,50,281,842,0.32,391,136,-1,34,0,6.57,0.06,69,54.51,30.00,88,510,25.82,439,68,46.92,86,0.00,0.00,1.94,33,0.00,2.35,0.86,0.47,8,0.00,0.41,0.00,0.00,0.00,0.12,1.12,0.71,0.00,3.63,1.41,1.88,0.00,0.59,0.16,0.00,0.24,0.00,0.00,0,0,,34,2.00,98,10,1.07,93,24,2.57,99,3,7,10,24,0.00,99,0,2,0.21,19,40,79,4.28,89,0,0.00,99,0,0.00,0,0,0.00,0,3.53,99,32,3.42,91,19,2.03,59.38,0,0.00,0,0,0,0.00,0,12,0.00,46,1.28,52,N/A,N/A,N/A,N/A,0.00,0,0.00,0,2.69,0.00,0,86.08,29.41,48,38,0.41,0.75,7,95,70,0,0,0,0.00,0.00,0,24,111.70,0.47,0.86,8,0,0.00,0.00,99,0.00,0,0,1,0.06,0.11,0,0.00,0.00,0.43,0.24,4,0,0.00,45,36,61,46,47,2.47,90,0.15,0.26,2.69,81,0.16,0.29,15,3,0.18,0.32,1.50,0.82,65,14,0.29,79,22,30,89,0,90,21,0,0.00,99,4,0.00,0.43,9.30,5.12,87,34,32,59,3.63,2.00,39.08,7,0.75,42,0,32.50,0,0.00,99,13,0.76,1.39,92,43,85,72,0,0,0,0,0,42,46,65,59,0,21,9,37,79,2,12,49,29,0,0
Johan Stiven Carbonero Balanta,27,932454000,1999/07/20,Serie A,2026,Forward,Internacional,1636,904,732,Colombia,23,13,10,6,4,2,3,2,1,0,0,6,4,2,19,8,11,3,0,0.5,0.17,0.33,0.4,0.25,273,1.05,86,71,545,545,0.17,47,80,-1,1,1100000,6.98,0.13,82,26.65,21.09,24,485,17.61,405,50,22.25,26,0.00,0.00,1.04,24,0.00,1.52,0.55,0.43,10,0.00,1.65,0.00,0.00,0.00,0.09,0.96,0.83,9.00,2.97,1.52,2.35,0.00,0.83,0.34,0.00,0.39,0.00,0.00,0,0,,54,2.35,94,19,1.04,92,35,1.92,94,1,4,19,15,0.00,99,0,2,0.11,13,35,41,1.92,64,0,0.00,99,0,0.00,0,0,0.00,0,1.32,76,54,2.97,88,22,1.21,40.74,0,0.00,0,0,0,0.00,0,19,0.00,59,1.04,29,N/A,N/A,N/A,N/A,0.00,0,0.00,0,7.76,0.00,0,83.51,35.19,65,42,0.57,0.71,13,82,37,0,0,0,0.00,0.00,0,24,160.65,0.26,0.33,6,0,0.00,0.00,99,0.00,0,0,0,0.00,0.00,0,0.00,0.00,0.77,0.61,14,0,11.11,70,87,99,57,60,3.51,75,0.15,0.19,7.76,93,0.34,0.43,93,46,2.00,2.53,1.37,1.09,56,25,0.43,92,81,6,75,0,97,25,0,0.00,99,9,0.00,0.49,11.76,9.30,214,87,62,83,4.78,3.78,40.65,38,2.09,4,0,17.14,0,0.00,99,6,0.26,0.33,59,88,65,35,0,1,0,4,0,88,90,83,90,0,71,55,75,42,3,13,52,7,N/A,N/A
John Kennedy,24,1021705200,2002/05/18,Serie A,2026,Forward,Fluminense,1129,588,541,Brazil,18,9,9,9,4,5,1,1,0,0,0,2,1,1,11,6,5,1,1,0.8,0.08,0.72,0.61,0.83,125,0.88,103,63,565,1129,0.16,2,163,-1,1,800000,7.00,0.06,61,17.57,12.22,7,220,9.94,179,35,14.29,9,0.00,0.00,0.67,12,0.00,0.06,0.88,0.61,11,0.00,1.28,0.00,0.00,0.00,0.00,1.39,0.61,4.22,3.03,0.67,2.61,0.00,1.44,0.51,0.00,0.78,0.00,0.00,0,0,,38,2.11,95,26,2.08,99,12,0.96,62,5,5,13,25,0.00,99,0,0,0.00,10,1,30,0.08,19,0,0.00,99,0,0.00,0,0,0.00,0,0.96,56,47,3.75,93,25,2.00,53.19,0,0.00,0,0,0,0.00,0,11,0.00,79,0.88,13,N/A,N/A,N/A,N/A,0.00,0,0.00,0,9.25,0.00,0,81.36,68.42,99,48,0.44,0.64,8,94,61,0,0,0,0.00,0.00,0,24,126.06,0.44,0.64,8,0,0.00,0.00,99,0.00,0,0,1,0.06,0.08,0,0.00,0.00,0.16,0.11,2,0,23.68,94,56,68,46,79,1.36,40,0.08,0.11,9.25,99,0.51,0.74,36,9,0.50,0.72,1.52,1.06,67,19,0.74,99,84,22,85,0,76,60,0,0.00,99,14,0.00,1.12,11.74,8.17,147,56,50,83,4.47,3.11,38.10,23,1.84,6,0,0.00,0,0.00,99,0,0.00,0.00,30,58,74,91,0,0,0,0,0,99,99,99,97,0,61,23,77,40,0,0,16,99,N/A,N/A
John Stiven Mendoza Valencia,34,709628400,1992/06/27,Serie A,2026,Forward,Atlético PR,1870,1018,852,Colombia,23,12,11,5,3,2,0,0,0,0,0,8,5,3,17,7,10,0,0,0.24,0,0.24,0.27,0.21,374,0.82,110,81,0,0,0,84,336,-1,2,1000000,6.93,0,48,31.71,28.83,37,663,24.61,566,62,27.07,41,0.00,0.00,0.83,19,0.00,1.70,0.86,0.78,18,0.00,0.83,0.00,0.00,0.00,0.43,0.65,0.83,6.20,1.48,0.87,1.39,0.00,0.48,0.23,0.00,0.17,0.00,0.00,0,0,,31,1.35,65,11,0.53,69,20,0.96,62,3,0,23,24,0.00,99,0,10,0.48,33,39,49,1.87,63,0,0.00,99,0,0.00,0,0,0.00,0,0.91,54,32,1.53,64,15,0.72,46.88,0,0.00,0,0,0,0.00,0,19,0.00,86,0.91,15,N/A,N/A,N/A,N/A,0.00,0,0.00,0,5.35,0.00,0,85.37,35.48,66,88,0.17,0.19,4,65,49,0,0,0,0.00,0.00,0,24,159.45,0.70,0.77,16,0,0.00,0.00,99,0.00,0,0,3,0.13,0.14,0,0.00,0.00,0.14,0.13,3,0,16.13,84,95,99,64,86,1.72,22,0.07,0.08,5.35,77,0.23,0.26,39,16,0.70,0.77,0.72,0.65,22,15,0.26,76,74,27,93,0,72,7,0,0.00,99,4,0.00,0.19,5.55,5.04,116,53,11,13,2.53,2.30,45.69,19,0.91,35,0,20.51,0,0.00,99,8,0.35,0.38,62,99,23,72,0,0,0,0,0,68,82,79,81,0,69,78,15,15,0,0,16,7,N/A,N/A
Johnny Monteiro Góes,19,1174978800,2007/03/27,Serie A,2026,Defender,Flamengo,21,0,21,Brazil,1,0,1,0,0,0,0,0,0,0,0,0,0,0,1,0,1,0,0,0,0,0,0,0,0,4.29,21,21,0,0,0,-1,-1,-1,25,0,6.38,0,48,47.14,11.00,77,11,11.00,11,99,47.14,86,0.00,0.00,0.00,0,0.00,0.00,0.00,0.00,0,0.00,0.00,0.00,0.00,0.00,0.00,1.00,1.00,0.00,0.00,0.00,1.00,0.00,0.00,0.00,0.00,0.00,0.00,0.00,0,0,,0,0.00,7,0,0.00,17,0,0.00,7,0,1,0,5,0.00,99,0,0,0.00,10,0,30,0.00,16,0,0.00,99,0,0.00,0,0,0.00,0,0.00,8,1,4.29,95,1,4.29,100.00,0,0.00,0,0,0,0.00,0,1,0.00,0,4.29,96,N/A,N/A,N/A,N/A,0.00,0,0.00,0,0.00,0.00,0,100.00,0.00,17,99,0.00,0.00,0,99,99,0,0,0,0.00,0.00,0,24,6.38,2.00,8.57,2,0,0.00,0.00,99,0.00,0,0,0,0.00,0.00,0,0.00,0.00,0.00,0.00,0,0,0.00,45,0,0,46,0,0.03,51,0.03,0.13,0.00,7,0.00,0.00,1,0,0.00,0.00,0.00,0.00,5,0,0.00,7,14,99,75,0,47,2,0,0.00,99,0,0.00,0.00,4.29,1.00,1,1,46,8,4.29,1.00,100.00,0,0.00,99,0,0.00,0,0.00,99,0,0.00,0.00,30,0,36,12,0,0,0,0,0,28,46,65,59,0,21,5,15,15,0,0,16,77,0,0
Jonathan Calleri,32,748767600,1993/09/23,Serie A,2026,Forward,São Paulo,1704,860,844,Argentina,21,10,11,7,3,4,1,1,0,0,0,4,3,1,19,7,12,4,0,0.42,0.05,0.37,0.31,0.43,243,1,90,81,426,1704,0.21,41,208,-1,1,1570000,6.82,0.05,51,15.00,13.52,4,284,9.52,200,7,10.56,4,0.00,0.00,0.86,18,0.00,1.00,0.58,0.52,11,0.00,1.24,0.00,0.00,0.00,0.19,0.10,1.00,6.43,2.38,1.33,0.95,0.00,0.81,0.37,0.00,2.81,0.00,0.00,0,0,,45,2.14,84,17,0.90,86,28,1.48,83,7,1,20,16,0.00,99,0,4,0.21,19,21,46,1.11,54,0,0.00,99,0,0.00,0,0,0.00,0,0.95,56,20,1.06,50,2,0.11,10.00,0,0.00,0,0,0,0.00,0,21,0.00,66,1.11,36,N/A,N/A,N/A,N/A,0.00,0,0.00,0,7.68,0.00,0,70.42,37.78,72,54,0.52,0.58,11,19,14,1,0,0,0.14,0.16,3,42,143.27,0.90,1.00,19,1,0.00,0.05,11,0.05,0,1,0,0.00,0.00,0,0.00,0.00,0.37,0.33,7,0,15.56,83,90,90,55,67,1.77,32,0.08,0.09,6.98,89,0.33,0.37,86,39,1.86,2.06,1.90,1.71,85,36,0.41,90,57,37,75,0,88,98,0,0.00,99,59,0.00,3.12,14.10,12.71,267,107,79,94,5.65,5.10,40.07,26,1.37,15,0,19.05,0,0.00,99,4,0.19,0.21,50,91,36,99,0,0,0,0,0,85,91,95,83,0,84,38,62,55,4,19,69,9,N/A,N/A
Jonathan de Jesus Alves,22,1085641200,2004/05/27,Serie A,2026,Defender,Cruzeiro,1249,624,625,Brazil,15,7,8,0,0,0,0,0,0,0,0,3,1,2,14,8,6,3,0,0,0,0,0,0,0,1.01,89,83,416,0,0.22,244,283,61,30,480000,7.10,0,48,49.72,46.00,80,690,43.67,655,99,47.20,86,0.00,0.00,0.07,1,0.00,0.00,1.59,1.47,22,0.00,0.07,0.00,0.00,0.00,2.20,0.60,1.00,0.00,0.72,0.60,0.67,0.00,0.07,0.04,0.00,1.47,0.00,0.00,0,0,,10,0.67,36,1,0.07,20,9,0.65,45,3,1,14,60,0.00,99,0,33,2.38,99,0,30,0.00,16,0,0.00,99,0,0.00,0,0,0.00,0,0.07,8,10,0.72,39,9,0.65,90.00,0,0.00,0,0,0,0.00,0,15,0.00,65,1.08,32,N/A,N/A,N/A,N/A,0.00,0,0.00,0,0.63,0.00,0,94.93,10.00,19,78,0.33,0.36,5,60,95,0,0,0,0.80,0.86,12,91,106.47,5.27,5.69,79,0,0.00,0.00,99,0.00,0,0,0,0.00,0.00,0,0.00,0.00,0.07,0.07,1,0,0.00,45,63,41,46,65,1.60,45,0.11,0.12,0.63,31,0.04,0.05,16,5,0.33,0.36,1.15,1.07,47,16,0.05,30,92,93,75,0,57,75,0,0.00,99,22,0.00,1.59,6.49,6.00,90,58,43,20,4.18,3.87,64.44,1,0.07,86,0,0.00,0,0.00,99,0,0.00,0.00,30,64,36,72,0,0,0,0,0,28,46,65,59,0,48,42,60,56,3,20,74,34,N/A,N/A
Jordán Andrés Barrera Herrera,20,1144738800,2006/04/11,Serie A,2026,Midfielder,Botafogo,395,176,219,Colombia,12,5,7,1,0,1,0,0,0,0,0,1,1,0,9,4,5,0,0,0.23,0,0.23,0,0.41,395,2.05,44,33,0,0,0,90,244,-1,13,180000,6.06,0,48,27.34,10.00,25,120,8.33,100,48,22.78,28,0.00,0.00,0.33,4,0.00,0.33,0.91,0.33,4,0.00,0.33,0.00,0.00,0.00,0.50,0.42,0.83,11.00,2.51,0.42,0.75,0.00,0.50,0.14,0.00,0.33,0.00,0.00,0,0,,11,0.92,87,6,1.37,97,5,1.14,71,2,9,3,27,0.00,99,0,6,1.37,86,4,62,0.91,51,0,0.00,99,0,0.00,0,0,0.00,0,0.91,54,9,2.05,76,5,1.14,55.56,0,0.00,0,0,0,0.00,0,10,0.00,2,2.28,92,N/A,N/A,N/A,N/A,0.00,0,0.00,0,1.71,0.00,0,83.33,54.55,94,14,0.42,1.14,5,80,65,0,0,0,0.00,0.00,0,24,72.72,0.33,0.91,4,0,0.00,0.00,99,0.00,0,0,1,0.08,0.23,0,0.00,0.00,0.00,0.00,0,0,9.09,62,4,24,66,2,0.40,32,0.03,0.09,1.71,91,0.14,0.39,58,5,0.42,1.14,2.28,0.83,95,10,0.39,89,6,32,98,0,47,50,0,0.00,99,4,0.00,0.91,8.89,3.25,39,18,42,52,4.10,1.50,46.15,4,0.91,35,0,25.00,0,0.00,99,1,0.08,0.23,51,3,94,56,0,0,0,0,0,66,81,93,59,0,28,13,15,15,0,0,16,14,N/A,N/A
Jorge,30,828000000,1996/03/28,Serie A,2026,Defender,Remo,0,0,0,Brazil,0,0,0,0,0,0,0,0,0,0,0,0,0,0,0,0,0,0,0,0,0,0,0,0,0,0,0,0,0,0,0,-1,-1,-1,-1,N/A,N/A,N/A,N/A,N/A,N/A,N/A,N/A,N/A,N/A,N/A,N/A,N/A,N/A,N/A,N/A,N/A,N/A,N/A,N/A,N/A,N/A,N/A,N/A,N/A,N/A,N/A,N/A,N/A,N/A,N/A,N/A,N/A,N/A,N/A,N/A,N/A,N/A,N/A,N/A,N/A,N/A,N/A,N/A,N/A,N/A,N/A,N/A,N/A,N/A,N/A,N/A,N/A,N/A,N/A,N/A,N/A,N/A,N/A,N/A,N/A,N/A,N/A,N/A,N/A,N/A,N/A,N/A,N/A,N/A,N/A,N/A,N/A,N/A,N/A,N/A,N/A,N/A,N/A,N/A,N/A,N/A,N/A,N/A,N/A,N/A,N/A,N/A,N/A,N/A,N/A,N/A,N/A,N/A,N/A,N/A,N/A,N/A,N/A,N/A,N/A,N/A,N/A,N/A,N/A,N/A,N/A,N/A,N/A,N/A,N/A,N/A,N/A,N/A,N/A,N/A,N/A,N/A,N/A,N/A,N/A,N/A,N/A,N/A,N/A,N/A,N/A,N/A,N/A,N/A,N/A,N/A,N/A,N/A,N/A,N/A,N/A,N/A,N/A,N/A,N/A,N/A,N/A,N/A,N/A,N/A,N/A,N/A,N/A,N/A,N/A,N/A,N/A,N/A,N/A,N/A,N/A,N/A,N/A,N/A,N/A,N/A,N/A,N/A,N/A,N/A,N/A,N/A,N/A,N/A,N/A,N/A,N/A,N/A,N/A,N/A,N/A,N/A,N/A,N/A,N/A,N/A,N/A,N/A,N/A,N/A,N/A,N/A,N/A,N/A,N/A,N/A,N/A,N/A,N/A,N/A,N/A,N/A,N/A,N/A,N/A,N/A,N/A,N/A,N/A,N/A,N/A,N/A,N/A,N/A,N/A,N/A,N/A,N/A,N/A,N/A,N/A,N/A,N/A,N/A,N/A,N/A,N/A,N/A
Jorge Andrés Carrascal Guardo,28,896079600,1998/05/25,Serie A,2026,Midfielder,Flamengo,945,254,691,Colombia,17,6,11,3,1,2,4,2,2,0,0,5,3,2,8,1,7,3,2,0.67,0.38,0.29,0.35,0.26,315,0.76,118,56,189,236,0.48,59,11,-1,5,2400000,7.05,0.24,98,41.77,25.82,63,439,21.53,366,48,34.82,62,0.00,0.00,1.82,31,0.00,2.88,1.90,1.18,20,0.00,1.12,0.00,0.00,0.00,0.41,1.18,0.53,9.33,2.66,1.00,2.00,0.00,0.65,0.24,0.00,0.35,0.00,0.00,0,0,,28,1.65,90,11,1.05,93,17,1.62,87,2,7,10,73,0.00,99,0,7,0.67,44,49,79,4.66,91,0,0.00,99,0,0.00,0,0,0.00,0,2.95,98,34,3.23,90,20,1.90,58.82,0,0.00,0,0,0,0.00,0,9,0.00,90,0.86,12,N/A,N/A,N/A,N/A,0.00,0,0.00,0,4.10,0.00,0,83.37,39.29,74,77,0.24,0.38,4,93,69,0,0,0,0.12,0.19,2,47,119.81,0.18,0.29,3,0,0.00,0.00,99,0.00,0,0,2,0.12,0.19,0,0.00,0.00,0.10,0.06,1,0,10.71,66,44,61,59,89,4.26,99,0.25,0.41,4.10,91,0.24,0.39,77,18,1.06,1.71,0.95,0.59,31,10,0.39,89,88,5,97,0,64,31,0,0.00,99,6,0.00,0.57,10.94,6.76,115,63,85,74,5.99,3.71,54.78,19,1.81,6,0,32.65,0,0.00,99,16,0.94,1.52,94,43,85,56,0,0,0,0,0,97,88,84,87,0,94,64,23,92,1,6,29,15,N/A,N/A
Jorge Luis Rivaldo Pinto,22,1064732400,2003/09/28,Serie A,2026,Forward,Atlético PR,8,0,8,Colombia,2,1,1,0,0,0,0,0,0,0,0,1,0,1,0,0,0,0,0,0,0,0,0,0,0,0,0,4,0,0,0,-1,-1,-1,16,0,3.25,0,48,20.00,1.00,10,2,0.50,1,0,10.00,4,0.00,0.00,0.00,0,0.00,0.00,0.00,0.00,0,0.00,0.00,0.00,0.00,0.00,0.00,0.00,0.00,0.00,0.00,0.00,0.00,0.00,0.00,0.00,0.00,0.50,0.00,0.00,0,0,,0,0.00,7,0,0.00,17,0,0.00,7,0,2,0,5,0.00,99,0,0,0.00,10,0,30,0.00,16,0,0.00,99,0,0.00,0,0,0.00,0,0.00,8,0,0.00,9,0,0.00,0.00,0,0.00,0,0,0,0.00,0,0,0.00,99,0.00,0,N/A,N/A,N/A,N/A,0.00,0,0.00,0,0.00,0.00,0,50.00,0.00,17,99,0.00,0.00,0,13,13,0,0,0,0.00,0.00,0,24,6.49,0.00,0.00,0,0,0.00,0.00,99,0.00,0,0,0,0.00,0.00,0,0.00,0.00,0.00,0.00,0,0,0.00,45,0,0,46,0,0.00,0,0.00,0.00,0.00,7,0.00,0.00,1,0,0.00,0.00,10.00,0.50,99,1,0.00,7,0,0,75,0,47,99,0,0.00,99,1,0.00,10.00,20.00,1.00,2,1,99,99,10.00,0.50,50.00,0,0.00,99,0,0.00,0,0.00,99,0,0.00,0.00,30,0,46,12,0,0,0,0,0,28,46,65,59,0,21,98,15,15,0,0,16,19,0,0
Jorginho,34,693216000,1991/12/20,Serie A,2026,Midfielder,Flamengo,1260,590,670,Italy,17,7,10,2,2,0,1,1,0,0,0,7,3,4,12,4,8,4,1,0.21,0.07,0.14,0.31,0,630,0.86,105,74,252,1260,0.36,148,178,-1,6,5984127,7.04,0.06,59,84.36,69.47,99,1181,64.06,1089,98,77.79,99,0.00,0.00,0.88,15,0.00,0.41,1.36,1.12,19,0.00,0.29,0.00,0.00,0.00,0.94,0.35,0.76,3.50,0.50,0.29,0.53,0.00,0.12,0.10,0.00,0.35,0.00,0.00,0,0,,7,0.41,23,2,0.14,29,5,0.36,24,2,3,14,49,0.00,99,0,16,1.14,73,7,72,0.50,40,0,0.00,99,0,0.00,0,0,0.00,0,1.07,62,9,0.64,35,6,0.43,66.67,0,0.00,0,0,0,0.00,0,13,0.00,80,0.93,17,N/A,N/A,N/A,N/A,0.00,0,0.00,0,1.68,0.00,0,92.21,28.57,47,20,0.82,1.00,14,46,83,2,0,0,0.18,0.21,3,49,119.62,0.88,1.07,15,0,0.00,0.00,99,0.00,0,2,0,0.00,0.00,0,0.00,0.00,0.00,0.00,0,0,28.57,97,64,61,80,80,3.33,87,0.20,0.24,0.28,16,0.02,0.02,79,25,1.47,1.79,1.07,0.88,41,15,0.12,53,87,39,75,0,47,21,0,0.00,99,6,0.00,0.43,7.14,5.88,100,54,36,30,3.86,3.18,54.00,5,0.36,68,0,28.57,0,0.00,99,2,0.12,0.14,43,64,56,56,0,0,0,0,0,64,66,65,83,0,99,90,32,83,3,18,67,21,N/A,N/A
José Aldo Soares de Oliveira Filho,28,901350000,1998/07/25,Serie A,2026,Midfielder,Mirassol,1208,727,481,Brazil,17,9,8,0,0,0,1,0,1,0,0,1,1,0,14,9,5,7,0,0.07,0.07,0,0,0,0,1.04,86,71,173,1208,0.52,394,181,-1,29,240000,6.86,0.06,59,57.44,45.35,91,771,38.82,660,64,49.17,89,0.00,0.00,1.35,23,0.00,0.47,1.79,1.41,24,0.00,0.88,0.00,0.00,0.00,1.00,0.47,0.88,0.00,1.04,0.53,1.06,0.00,0.29,0.06,0.00,1.29,0.00,0.00,0,0,,14,0.82,50,5,0.37,57,9,0.67,47,2,3,14,69,0.00,99,0,17,1.27,83,8,62,0.60,44,0,0.00,99,0,0.00,0,0,0.00,0,1.71,86,18,1.34,60,8,0.60,44.44,0,0.00,0,0,0,0.00,0,15,0.00,61,1.12,38,N/A,N/A,N/A,N/A,0.00,0,0.00,0,0.95,0.00,0,85.60,35.71,67,15,0.88,1.12,15,57,46,0,0,0,0.18,0.22,3,50,116.54,1.29,1.64,22,0,0.00,0.00,99,0.00,0,0,0,0.00,0.00,0,0.00,0.00,0.07,0.06,1,0,0.00,45,61,61,46,60,3.14,85,0.18,0.23,0.95,39,0.06,0.07,42,11,0.65,0.82,1.86,1.47,83,25,0.07,38,63,55,75,0,57,76,0,0.00,99,22,0.00,1.64,10.36,8.18,139,64,62,70,4.77,3.76,46.04,15,1.12,25,0,25.00,0,0.00,99,2,0.12,0.15,43,64,56,56,0,0,0,0,0,35,46,65,59,0,31,9,22,93,7,41,97,21,N/A,N/A
José Andrés Hurtado Cheme,24,1009094400,2001/12/23,Serie A,2026,Defender,Bragantino,1129,705,424,Ecuador,15,9,6,1,0,1,0,0,0,0,0,4,3,1,17,10,7,2,0,0.08,0,0.08,0,0.21,1129,1.36,66,75,565,0,0.16,189,315,124,13,500000,6.74,0,48,37.07,31.00,52,465,25.60,384,43,30.61,51,0.00,0.00,0.73,11,0.00,2.27,1.20,1.00,15,0.00,0.20,0.00,0.00,0.00,0.87,0.60,1.20,15.00,1.20,0.80,0.87,0.00,0.20,0.10,0.00,1.07,0.00,0.00,0,0,,15,1.00,56,3,0.24,43,12,0.96,62,3,2,13,43,0.00,99,0,13,1.04,67,34,74,2.71,72,0,0.00,99,0,0.00,0,0,0.00,0,0.88,52,13,1.04,49,9,0.72,69.23,0,0.00,0,0,0,0.00,0,18,0.00,30,1.43,61,N/A,N/A,N/A,N/A,0.00,0,0.00,0,1.50,0.00,0,82.58,20.00,31,56,0.47,0.56,7,65,84,0,0,0,0.07,0.08,1,28,101.12,2.53,3.03,38,0,0.00,0.00,99,0.00,0,0,0,0.00,0.00,0,0.00,0.00,0.00,0.00,0,0,6.67,53,56,41,91,30,1.08,32,0.07,0.09,1.50,54,0.10,0.12,18,5,0.33,0.40,0.72,0.60,22,9,0.12,53,47,74,75,0,47,66,0,0.00,99,16,0.00,1.28,6.94,5.80,87,45,31,27,3.59,3.00,51.72,3,0.24,74,0,29.41,0,0.00,99,10,0.67,0.80,82,58,46,72,0,0,0,0,0,37,56,79,59,0,50,58,77,40,2,13,52,34,N/A,N/A
José Antonio dos Santos Junior,31,781858800,1994/10/11,Serie A,2026,Forward,Botafogo,473,168,305,Brazil,10,4,6,1,1,0,0,0,0,0,0,0,0,0,5,1,4,1,0,0.19,0,0.19,0.54,0,473,0.95,95,47,473,0,0.19,113,242,-1,9,0,6.61,0,48,11.42,6.00,2,60,4.00,40,4,7.61,1,0.00,0.00,0.20,2,0.00,0.50,0.19,0.10,1,0.00,0.80,0.00,0.00,0.00,0.10,1.30,0.70,10.00,1.90,0.50,2.20,0.00,0.50,0.14,0.00,0.70,0.00,0.00,0,0,,10,1.00,74,5,0.95,88,5,0.95,61,5,4,6,9,0.00,99,0,1,0.19,18,5,30,0.95,52,0,0.00,99,0,0.00,0,0,0.00,0,0.38,27,22,4.19,95,13,2.47,59.09,0,0.00,0,0,0,0.00,0,7,0.00,74,1.33,56,N/A,N/A,N/A,N/A,0.00,0,0.00,0,1.43,0.00,0,66.67,50.00,92,77,0.20,0.38,2,98,70,0,0,0,0.00,0.00,0,24,66.07,0.30,0.57,3,0,0.00,0.00,99,0.00,0,0,1,0.10,0.19,0,0.00,0.00,0.57,0.30,3,0,10.00,65,9,17,71,74,0.14,4,0.01,0.03,1.43,78,0.14,0.27,77,9,0.90,1.71,1.52,0.80,67,8,0.27,77,26,19,97,0,93,68,0,0.00,99,7,0.00,1.33,13.70,7.20,72,30,80,92,5.71,3.00,41.67,8,1.52,11,0,0.00,0,0.00,99,0,0.00,0.00,30,21,65,91,0,0,0,0,0,59,75,65,95,0,21,5,69,48,1,10,42,17,0,0
José Breno Silva Costa,22,1086505200,2004/06/06,Serie A,2026,Midfielder,Vitória,27,19,8,Brazil,2,1,1,0,0,0,0,0,0,0,0,1,1,0,0,0,0,0,0,0,0,0,0,0,0,0,0,14,0,0,0,-1,-1,-1,28,0,6.46,0,48,36.67,5.50,51,11,5.00,10,93,33.33,58,0.00,0.00,0.00,0,0.00,0.00,0.00,0.00,0,0.00,0.00,0.00,0.00,0.00,0.50,0.00,0.50,0.00,0.00,0.00,0.00,0.00,0.00,0.00,0.00,0.50,0.00,0.00,0,0,,0,0.00,7,0,0.00,17,0,0.00,7,0,2,0,5,0.00,99,0,1,3.33,99,0,30,0.00,16,0,0.00,99,0,0.00,0,0,0.00,0,0.00,8,0,0.00,9,0,0.00,0.00,0,0.00,0,0,0,0.00,0,1,0.00,99,3.33,94,N/A,N/A,N/A,N/A,0.00,0,0.00,0,0.00,0.00,0,90.91,0.00,17,99,0.00,0.00,0,13,13,0,0,0,0.00,0.00,0,24,12.91,0.50,3.33,1,0,0.00,0.00,99,0.00,0,0,0,0.00,0.00,0,0.00,0.00,0.00,0.00,0,0,0.00,45,0,0,46,0,0.02,16,0.01,0.07,0.00,7,0.00,0.00,1,0,0.00,0.00,3.33,0.50,99,1,0.00,7,18,77,75,0,47,98,0,0.00,99,1,0.00,3.33,6.67,1.00,2,1,25,23,3.33,0.50,50.00,0,0.00,99,0,0.00,0,0.00,99,0,0.00,0.00,30,0,46,12,0,0,0,0,0,28,46,65,59,0,21,98,15,15,0,0,16,55,0,0
José David Enamorado Gómez,27,916214400,1999/01/13,Serie A,2026,Forward,Grêmio,866,468,398,Colombia,18,9,9,0,0,0,2,2,0,0,0,5,3,2,10,6,4,3,0,0.21,0.21,0,0,0,0,1.04,87,48,289,433,0.31,413,58,-1,30,900000,6.61,0.11,89,20.06,10.72,11,193,7.72,139,11,14.45,10,0.00,0.00,0.50,9,0.00,2.56,2.49,1.33,24,0.00,1.17,0.00,0.00,0.00,0.22,0.83,0.56,0.00,1.35,0.56,2.61,0.00,0.17,0.05,0.00,0.11,0.00,0.00,0,0,,13,0.72,61,3,0.31,52,10,1.04,66,5,8,10,90,0.00,99,0,4,0.42,29,46,35,4.78,91,0,0.00,99,0,0.00,0,0,0.00,0,0.94,55,47,4.88,98,15,1.56,31.91,0,0.00,0,0,0,0.00,0,10,0.00,61,1.04,29,N/A,N/A,N/A,N/A,0.00,0,0.00,0,0.92,0.00,0,72.02,23.08,36,10,0.67,1.25,12,88,23,0,0,0,0.11,0.21,2,49,118.94,0.06,0.10,1,0,0.00,0.00,99,0.00,0,0,1,0.06,0.10,0,0.00,0.00,0.21,0.11,2,0,0.00,45,39,68,46,61,1.79,75,0.10,0.19,0.92,50,0.05,0.10,94,25,1.39,2.60,1.56,0.83,70,15,0.10,48,26,1,89,0,80,8,0,0.00,99,2,0.00,0.21,15.59,8.33,150,66,94,98,6.86,3.67,44.00,21,2.18,3,0,10.87,0,0.00,99,5,0.28,0.52,69,43,90,91,0,0,0,0,0,64,46,65,59,0,65,64,39,77,3,17,62,99,N/A,N/A
José Guilherme de Lima Costa,21,1110960000,2005/03/16,Serie A,2026,Defender,Bahia,371,268,103,Brazil,6,4,2,0,0,0,0,0,0,0,0,2,2,0,4,2,2,3,0,0,0,0,0,0,0,0.97,93,62,124,0,0.73,276,218,51,15,0,6.77,0,48,39.06,26.83,58,161,24.17,145,89,35.18,63,0.00,0.00,0.67,4,0.00,3.33,3.40,2.33,14,0.00,0.33,0.00,0.00,0.00,1.50,1.17,0.67,0.00,0.97,0.50,2.83,0.00,0.17,0.04,0.00,0.67,0.00,0.00,0,0,,4,0.67,49,1,0.24,43,3,0.73,51,4,2,4,98,0.00,99,0,9,2.18,98,20,37,4.85,91,0,0.00,99,0,0.00,0,0,0.00,0,0.97,58,17,4.12,95,7,1.70,41.18,0,0.00,0,0,0,0.00,0,4,0.00,71,0.97,21,N/A,N/A,N/A,N/A,0.00,0,0.00,0,0.26,0.00,0,90.06,25.00,41,4,1.00,1.46,6,92,38,0,0,0,0.00,0.00,0,24,40.63,2.17,3.15,13,0,0.00,0.00,99,0.00,0,0,0,0.00,0.00,0,0.00,0.00,0.00,0.00,0,0,0.00,45,2,4,46,71,0.41,36,0.07,0.10,0.26,35,0.04,0.06,69,6,1.00,1.46,1.21,0.83,51,5,0.06,34,51,75,75,0,47,54,0,0.00,99,4,0.00,0.97,13.83,9.50,57,31,96,94,7.52,5.17,54.39,2,0.49,59,0,15.00,0,0.00,99,3,0.50,0.73,79,8,46,83,0,0,0,0,0,28,46,65,59,0,21,75,16,98,3,50,99,66,0,0
José Janderson da Silva Marques,20,1125471600,2005/08/31,Serie A,2026,Defender,Cruzeiro,0,0,0,Brazil,0,0,0,0,0,0,0,0,0,0,0,0,0,0,0,0,0,0,0,0,0,0,0,0,0,0,0,0,0,0,0,-1,-1,-1,-1,N/A,N/A,N/A,N/A,N/A,N/A,N/A,N/A,N/A,N/A,N/A,N/A,N/A,N/A,N/A,N/A,N/A,N/A,N/A,N/A,N/A,N/A,N/A,N/A,N/A,N/A,N/A,N/A,N/A,N/A,N/A,N/A,N/A,N/A,N/A,N/A,N/A,N/A,N/A,N/A,N/A,N/A,N/A,N/A,N/A,N/A,N/A,N/A,N/A,N/A,N/A,N/A,N/A,N/A,N/A,N/A,N/A,N/A,N/A,N/A,N/A,N/A,N/A,N/A,N/A,N/A,N/A,N/A,N/A,N/A,N/A,N/A,N/A,N/A,N/A,N/A,N/A,N/A,N/A,N/A,N/A,N/A,N/A,N/A,N/A,N/A,N/A,N/A,N/A,N/A,N/A,N/A,N/A,N/A,N/A,N/A,N/A,N/A,N/A,N/A,N/A,N/A,N/A,N/A,N/A,N/A,N/A,N/A,N/A,N/A,N/A,N/A,N/A,N/A,N/A,N/A,N/A,N/A,N/A,N/A,N/A,N/A,N/A,N/A,N/A,N/A,N/A,N/A,N/A,N/A,N/A,N/A,N/A,N/A,N/A,N/A,N/A,N/A,N/A,N/A,N/A,N/A,N/A,N/A,N/A,N/A,N/A,N/A,N/A,N/A,N/A,N/A,N/A,N/A,N/A,N/A,N/A,N/A,N/A,N/A,N/A,N/A,N/A,N/A,N/A,N/A,N/A,N/A,N/A,N/A,N/A,N/A,N/A,N/A,N/A,N/A,N/A,N/A,N/A,N/A,N/A,N/A,N/A,N/A,N/A,N/A,N/A,N/A,N/A,N/A,N/A,N/A,N/A,N/A,N/A,N/A,N/A,N/A,N/A,N/A,N/A,N/A,N/A,N/A,N/A,N/A,N/A,N/A,N/A,N/A,N/A,N/A,N/A,N/A,N/A,N/A,N/A,N/A,N/A,N/A,N/A,N/A,N/A,N/A
José Lucas Gomes da Silva,18,1206255600,2008/03/23,Serie A,2026,Midfielder,Cruzeiro,121,63,58,Brazil,3,2,1,0,0,0,0,0,0,0,0,0,0,0,1,1,0,0,0,0,0,0,0,0,0,0.74,121,40,0,0,0,-1,-1,-1,19,0,4.47,0,48,30.50,13.67,32,41,10.67,32,23,23.80,30,0.00,0.00,0.00,0,0.00,0.00,0.74,0.33,1,0.00,0.33,0.00,0.00,1.00,1.33,0.00,1.67,0.00,0.00,0.00,0.33,0.00,0.00,0.00,0.00,0.67,0.00,0.00,0,0,,0,0.00,7,0,0.00,17,0,0.00,7,3,1,2,20,0.00,99,0,4,2.98,99,0,30,0.00,16,0,0.00,99,0,0.00,0,0,0.00,0,0.00,8,1,0.74,39,0,0.00,0.00,0,0.00,0,3,24,2.23,26,5,0.00,90,3.72,95,N/A,N/A,N/A,N/A,60.00,0,0.00,0,0.00,0.00,0,78.05,0.00,17,3,0.67,1.49,2,13,13,0,0,0,0.67,1.49,2,99,13.42,2.00,4.46,6,0,0.00,0.00,99,0.00,0,0,0,0.00,0.00,0,0.00,0.00,0.00,0.00,0,0,0.00,45,0,0,46,90,0.08,14,0.03,0.06,0.00,7,0.00,0.00,99,5,1.67,3.72,2.23,1.00,93,3,0.00,7,0,86,75,0,47,71,0,0.00,99,2,0.00,1.49,12.64,5.67,17,8,84,88,5.95,2.67,47.06,1,0.74,43,0,0.00,0,0.00,99,0,0.00,0.00,30,1,36,72,0,0,0,0,0,28,46,65,59,0,21,5,15,15,0,0,16,5,0,0
José Luis Rodríguez Bebanz,29,858326400,1997/03/14,Serie A,2026,Defender,Vasco da Gama,1062,674,388,Uruguay,15,10,5,2,2,0,4,2,2,0,0,1,1,0,19,9,10,2,0,0.51,0.34,0.17,0.27,0,531,1.61,56,71,531,266,0.17,130,16,161,6,600000,7.12,0.27,96,37.54,29.53,53,443,24.80,372,53,31.53,54,0.00,0.00,1.60,24,0.00,4.47,1.02,0.80,12,0.00,0.40,0.00,0.00,0.00,0.60,0.40,1.40,14.50,2.46,1.40,0.60,0.00,0.53,0.22,0.00,2.53,0.00,0.00,0,0,,29,1.93,86,8,0.68,76,21,1.78,91,2,5,10,34,0.00,99,0,9,0.76,49,67,63,5.68,95,0,0.00,99,0,0.00,0,0,0.00,0,2.03,90,9,0.76,40,6,0.51,66.67,0,0.00,0,0,0,0.00,0,21,0.00,14,1.78,83,N/A,N/A,N/A,N/A,0.00,0,0.00,0,3.24,0.00,0,83.97,27.59,44,85,0.20,0.25,3,51,83,1,0,0,0.27,0.34,4,61,106.84,3.47,4.41,52,0,0.00,0.00,99,0.00,0,1,1,0.07,0.08,0,0.00,0.00,0.08,0.07,1,0,6.90,53,52,41,75,14,4.01,96,0.27,0.34,2.54,72,0.17,0.22,7,2,0.13,0.17,0.51,0.40,15,6,0.27,77,93,86,85,0,60,98,0,0.00,99,38,0.00,3.22,7.54,5.93,89,58,65,37,4.92,3.87,65.17,6,0.51,56,0,25.37,0,0.00,99,17,1.13,1.44,93,43,74,56,0,0,0,0,0,89,71,65,81,0,54,12,75,42,2,13,52,2,N/A,N/A
José Manuel López,25,976089600,2000/12/06,Serie A,2026,Forward,Palmeiras,1569,731,838,Argentina,21,10,11,8,4,4,4,1,3,0,0,8,3,5,14,6,8,2,0,0.69,0.23,0.46,0.49,0.43,196,0.8,112,75,785,392,0.11,22,47,-1,1,1600000,7.10,0.19,90,20.41,16.95,11,356,11.48,241,4,13.82,8,0.00,0.00,1.19,25,0.00,0.81,1.15,0.95,20,0.00,1.29,0.00,0.00,0.00,0.29,1.33,0.76,5.00,2.29,1.10,3.19,0.00,0.81,0.38,0.00,2.10,0.00,0.00,0,0,,40,1.90,82,17,0.97,89,23,1.32,78,2,2,19,40,0.00,99,0,6,0.34,24,17,86,0.97,52,0,0.00,99,0,0.00,0,0,0.00,0,1.43,79,67,3.84,93,28,1.61,41.79,0,0.00,0,0,0,0.00,0,16,0.00,87,0.92,16,N/A,N/A,N/A,N/A,0.00,0,0.00,0,8.00,0.00,0,67.70,42.50,80,22,0.81,0.97,17,90,39,0,0,0,0.24,0.29,5,56,149.17,1.10,1.32,23,0,0.00,0.00,99,0.00,0,0,0,0.00,0.00,0,0.00,0.00,0.86,0.71,15,0,20.00,91,84,90,51,86,3.78,83,0.18,0.22,8.00,95,0.38,0.46,94,45,2.14,2.58,1.72,1.43,78,30,0.46,95,92,48,75,0,98,93,0,0.00,99,44,0.00,2.52,16.97,14.10,296,135,97,99,7.74,6.43,45.61,27,1.55,11,0,35.29,0,0.00,99,6,0.29,0.34,60,88,46,56,0,1,0,5,0,98,96,95,93,0,85,85,87,28,2,10,42,42,N/A,N/A
José Marcos Alves Luis,28,886320000,1998/02/01,Serie A,2026,Defender,Vitória,159,90,69,Brazil,2,1,1,0,0,0,0,0,0,0,0,1,1,0,4,0,4,1,0,0,0,0,0,0,0,2.26,40,80,159,0,0.57,-1,-1,-1,15,0,6.55,0,48,39.06,34.50,58,69,29.50,59,63,33.40,58,0.00,0.00,0.00,0,0.00,0.00,1.70,1.50,3,0.00,0.00,0.00,0.00,0.00,1.50,0.00,2.00,0.00,0.00,-0.50,0.00,0.00,0.50,0.04,0.00,0.50,0.00,0.00,0,0,,0,0.00,7,1,0.57,71,-1,-0.57,0,1,0,2,64,0.00,99,0,3,1.70,93,0,30,0.00,16,0,0.00,99,0,0.00,0,0,0.00,0,0.00,8,0,0.00,9,0,0.00,0.00,0,0.00,0,0,0,0.00,0,4,0.00,0,2.26,92,N/A,N/A,N/A,N/A,0.00,0,0.00,0,0.09,0.00,0,85.51,0.00,17,14,1.00,1.13,2,13,13,0,0,0,1.00,1.13,2,97,13.10,3.50,3.96,7,0,0.00,0.00,99,0.00,0,0,0,0.00,0.00,0,0.00,0.00,0.00,0.00,0,0,0.00,45,0,0,46,1,0.11,14,0.06,0.06,0.09,31,0.04,0.05,28,1,0.50,0.57,2.83,2.50,99,5,0.05,30,21,81,75,0,47,31,0,0.00,99,1,0.00,0.57,8.49,7.50,15,5,15,47,2.83,2.50,33.33,0,0.00,99,0,0.00,0,0.00,99,0,0.00,0.00,30,1,23,35,0,0,0,0,0,28,46,65,59,0,21,98,20,95,1,50,99,3,0,0
José María Herrera,21,1109059200,2005/02/22,Serie A,2026,Forward,Bragantino,1002,471,531,Argentina,18,9,9,1,1,0,1,0,1,0,0,6,4,2,10,3,7,3,0,0.18,0.09,0.09,0.19,0,1002,0.9,100,56,334,1002,0.27,186,154,-1,8,280800,6.73,0.06,63,22.03,14.22,13,256,9.83,177,6,15.23,12,0.00,0.00,0.83,15,0.00,1.78,1.89,1.22,22,0.00,0.72,0.00,0.00,0.00,0.17,0.67,0.56,25.00,2.15,0.89,1.72,0.00,0.50,0.13,0.00,0.22,0.00,0.00,0,0,,25,1.39,79,9,0.77,80,16,1.38,80,2,4,14,72,0.00,99,0,3,0.26,22,32,52,2.75,73,0,0.00,99,0,0.00,0,0,0.00,0,1.29,74,31,2.67,85,12,1.03,38.71,0,0.00,0,0,0,0.00,0,10,0.00,77,0.86,12,N/A,N/A,N/A,N/A,0.00,0,0.00,0,2.38,0.00,0,69.14,36.00,68,36,0.50,0.77,9,77,34,0,0,0,0.17,0.26,3,53,121.11,0.83,1.29,15,0,0.00,0.00,99,0.00,0,0,0,0.00,0.00,0,0.00,0.00,0.17,0.11,2,0,4.00,48,48,68,89,77,1.48,51,0.08,0.13,2.38,70,0.13,0.20,39,9,0.50,0.77,1.89,1.22,85,22,0.20,68,45,45,75,0,78,15,0,0.00,99,4,0.00,0.34,11.10,7.17,129,47,41,76,4.04,2.61,36.43,13,1.12,25,0,21.88,0,0.00,99,7,0.39,0.60,73,64,65,56,0,0,0,0,0,57,58,65,72,0,35,75,48,68,3,17,62,32,N/A,N/A
José Ricardo Araújo Fernandes,27,918028800,1999/02/03,Serie A,2026,Midfielder,Remo,1366,621,745,Brazil,22,11,11,0,0,0,1,1,0,0,0,2,2,0,20,7,13,6,1,0.07,0.07,0,0,0,0,1.32,68,62,195,1366,0.46,354,173,-1,35,156000,6.44,0.05,59,36.96,25.50,52,561,20.55,452,32,29.78,49,0.00,0.00,0.86,19,0.00,1.00,1.58,1.09,24,0.00,0.91,0.00,0.00,0.00,1.18,0.68,0.95,0.00,0.99,0.41,1.23,0.00,0.27,0.07,0.00,0.91,0.00,0.00,0,0,,15,0.68,49,6,0.40,61,9,0.59,43,5,6,16,59,0.00,99,0,26,1.71,93,22,55,1.45,58,0,0.00,99,0,0.00,0,0,0.00,0,1.25,71,27,1.78,71,15,0.99,55.56,0,0.00,0,0,0,0.00,0,21,0.00,33,1.38,59,N/A,N/A,N/A,N/A,0.00,0,0.00,0,1.43,0.00,0,80.57,40.00,77,41,0.50,0.72,11,76,65,0,0,0,0.09,0.13,2,37,141.70,0.36,0.53,8,0,0.00,0.00,99,0.00,0,0,0,0.00,0.00,0,0.00,0.00,0.20,0.14,3,0,0.00,45,72,94,46,33,2.37,65,0.11,0.16,1.43,46,0.07,0.09,79,27,1.23,1.78,2.17,1.50,92,33,0.09,44,17,17,75,0,80,68,0,0.00,99,20,0.00,1.32,11.46,7.91,174,85,78,80,5.60,3.86,48.85,20,1.32,17,0,22.73,0,0.00,99,5,0.23,0.33,59,76,79,91,0,0,0,0,0,35,46,65,59,0,27,16,25,90,5,23,80,55,N/A,N/A
José Sabino Chagas Monteiro,29,846226800,1996/10/25,Serie A,2026,Defender,São Paulo,1350,630,720,Brazil,17,8,9,1,0,1,1,0,1,0,0,3,3,0,15,3,12,1,0,0.13,0.07,0.07,0,0.13,1350,1,90,79,1350,1350,0.07,198,184,58,9,450000,6.97,0.06,59,51.56,45.76,84,778,38.82,660,58,43.74,80,0.00,0.00,0.24,4,0.00,0.35,1.99,1.76,30,0.00,0.12,0.00,0.00,0.00,1.06,0.24,0.94,7.00,0.46,0.24,0.47,0.00,0.18,0.07,0.00,2.35,0.00,0.00,0,0,,7,0.41,21,3,0.20,38,4,0.27,18,1,1,16,76,0.00,99,0,18,1.19,77,6,84,0.40,37,0,0.00,99,0,0.00,0,0,0.00,0,0.27,21,8,0.53,29,4,0.27,50.00,0,0.00,0,0,0,0.00,0,16,0.00,66,1.06,31,N/A,N/A,N/A,N/A,0.00,0,0.00,0,1.18,0.00,0,84.83,42.86,83,68,0.41,0.46,7,30,59,0,0,0,0.82,0.93,14,93,118.54,5.35,6.03,91,0,0.00,0.00,99,0.00,0,0,0,0.00,0.00,0,0.00,0.00,0.00,0.00,0,0,14.29,81,71,61,94,67,2.13,55,0.13,0.14,1.18,41,0.07,0.08,37,11,0.65,0.73,1.52,1.35,67,23,0.08,40,80,95,75,0,47,95,0,0.00,99,40,0.00,2.65,9.01,8.00,136,82,74,55,5.43,4.82,60.29,2,0.13,83,0,33.33,0,0.00,99,2,0.12,0.13,40,76,36,35,0,0,0,0,0,47,54,71,59,0,47,35,95,22,1,6,29,35,N/A,N/A
José Vitor Silva Neves,26,957250800,2000/05/02,Serie A,2026,Midfielder,Vitória,1095,370,725,Brazil,16,7,9,1,1,0,0,0,0,0,0,5,4,1,17,6,11,4,0,0.08,0,0.08,0.24,0,1095,1.4,64,68,274,0,0.33,190,237,-1,9,0,6.86,0,48,46.27,35.19,75,563,27.81,445,27,36.58,68,0.00,0.00,0.81,13,0.00,0.44,3.29,2.50,40,0.00,1.06,0.00,0.00,0.00,0.50,0.56,1.25,18.00,1.48,0.94,1.12,0.00,0.19,0.12,0.00,4.56,0.00,0.00,0,0,,18,1.12,65,3,0.25,45,15,1.23,75,5,4,12,97,0.00,99,0,8,0.66,44,7,72,0.58,43,0,0.00,99,0,0.00,0,0,0.00,0,1.07,62,18,1.48,63,9,0.74,50.00,0,0.00,0,0,0,0.00,0,20,0.00,27,1.64,77,N/A,N/A,N/A,N/A,0.00,0,0.00,0,1.84,0.00,0,79.04,16.67,26,2,1.38,1.81,22,66,59,0,0,0,0.44,0.58,7,80,109.80,2.00,2.63,32,1,0.00,0.08,4,0.06,0,0,0,0.00,0.00,0,0.00,0.00,0.08,0.06,1,0,5.56,50,54,50,90,27,1.53,51,0.10,0.13,1.84,61,0.12,0.15,86,25,1.56,2.05,2.55,1.94,98,31,0.15,59,63,69,75,0,60,99,0,0.00,99,73,0.00,6.00,22.19,16.88,270,147,99,99,12.08,9.19,54.44,17,1.40,14,0,28.57,0,0.00,99,2,0.12,0.16,45,53,65,91,0,0,0,0,0,37,56,65,78,0,21,67,35,80,4,25,85,88,0,0
José Welison da Silva,31,794908800,1995/03/11,Serie A,2026,Midfielder,Remo,1294,660,634,Brazil,20,10,10,0,0,0,0,0,0,0,0,2,2,0,24,9,15,4,0,0,0,0,0,0,0,1.67,54,65,324,0,0.28,283,270,-1,22,546000,6.47,0,48,44.93,32.30,72,646,26.80,536,46,37.28,70,0.00,0.00,0.45,9,0.00,0.40,2.09,1.50,30,0.00,0.35,0.00,0.00,0.00,1.45,0.25,1.25,0.00,0.97,0.65,0.45,0.00,0.05,0.04,0.00,1.10,0.00,0.00,0,0,,14,0.70,49,1,0.07,20,13,0.90,59,7,6,14,78,0.00,99,0,29,2.02,97,8,62,0.56,42,0,0.00,99,0,0.00,0,0,0.00,0,0.63,40,9,0.63,34,5,0.35,55.56,0,0.00,0,0,0,0.00,0,25,0.00,11,1.74,83,N/A,N/A,N/A,N/A,0.00,0,0.00,0,0.71,0.00,0,82.97,7.14,18,64,0.35,0.49,7,38,65,0,0,0,0.25,0.35,5,63,129.36,2.25,3.13,45,0,0.00,0.00,99,0.00,0,0,0,0.00,0.00,0,0.00,0.00,0.00,0.00,0,0,0.00,45,67,82,46,11,1.27,32,0.06,0.09,0.71,31,0.04,0.05,49,14,0.70,0.97,2.02,1.45,90,29,0.05,30,19,75,75,0,47,73,0,0.00,99,22,0.00,1.53,8.28,5.95,119,71,65,43,4.94,3.55,59.66,7,0.49,59,0,25.00,0,0.00,99,2,0.10,0.14,43,64,79,99,0,0,0,0,0,28,46,65,59,0,51,19,47,71,4,20,74,28,N/A,N/A
Josué Filipe Soares Pesqueira,35,653554800,1990/09/17,Serie A,2026,Midfielder,Coritiba,1665,886,779,Portugal,22,12,10,1,0,1,9,5,4,0,0,6,2,4,22,9,13,3,1,0.54,0.49,0.05,0,0.12,1665,1.19,76,76,416,185,0.22,218,5,-1,10,442000,7.07,0.41,99,54.24,45.64,88,1004,38.55,848,56,45.81,84,0.00,0.00,2.05,45,0.00,5.27,1.08,0.91,20,0.00,0.77,0.00,0.00,0.00,0.18,0.36,1.09,22.00,1.19,0.68,0.82,0.00,0.32,0.10,0.00,0.00,0.00,0.00,0,0,,22,1.00,55,7,0.38,58,15,0.81,56,2,1,21,37,0.00,99,0,4,0.22,20,116,75,6.27,96,0,0.00,99,0,0.00,0,0,0.00,0,2.43,94,18,0.97,47,8,0.43,44.44,0,0.00,0,0,0,0.00,0,24,0.00,45,1.30,54,N/A,N/A,N/A,N/A,0.00,0,0.00,0,2.13,0.00,0,84.46,31.82,53,31,0.73,0.86,16,46,46,1,0,0,0.09,0.11,2,33,155.61,0.27,0.32,6,0,0.00,0.00,99,0.00,0,1,1,0.05,0.05,0,0.00,0.00,0.00,0.00,0,0,4.55,49,88,94,97,46,8.66,99,0.39,0.47,1.43,41,0.07,0.08,79,33,1.50,1.78,1.13,0.95,44,21,0.12,53,89,6,77,0,47,2,0,0.00,99,0,0.00,0.00,7.29,6.14,135,61,25,33,3.30,2.77,45.19,17,0.92,34,0,30.17,0,0.00,99,35,1.59,1.89,97,94,36,56,0,0,0,0,0,91,49,69,59,0,45,58,60,56,2,9,36,10,N/A,N/A
Jovane Cabral,28,897807600,1998/06/14,Serie A,2026,Forward,Grêmio,84,58,26,Cape Verde,3,2,1,0,0,0,1,1,0,0,0,0,0,0,1,1,0,0,0,1.07,1.07,0,0,0,0,1.07,84,28,0,84,0,-1,-1,-1,23,0,6.66,0.33,99,30.00,9.33,30,28,9.00,27,99,28.93,46,0.00,0.00,1.33,4,0.00,2.67,0.00,0.00,0,0.00,0.67,0.00,0.00,0.00,0.67,0.33,0.67,0.00,2.14,0.33,1.00,0.00,0.33,0.07,0.00,0.00,0.00,0.00,0,0,,2,0.67,79,1,1.07,93,1,1.07,69,2,2,1,5,0.00,99,0,2,2.14,98,8,88,8.57,99,0,0.00,99,0,0.00,0,0,0.00,0,4.29,99,3,3.21,90,1,1.07,33.33,0,0.00,0,0,0,0.00,0,2,0.00,57,2.14,91,N/A,N/A,N/A,N/A,0.00,0,0.00,0,0.21,0.00,0,96.43,50.00,92,0,0.67,2.14,2,78,27,0,0,0,0.00,0.00,0,24,19.99,0.00,0.00,0,0,0.00,0.00,99,0.00,0,0,0,0.00,0.00,0,0.00,0.00,0.00,0.00,0,0,0.00,45,0,0,46,57,0.80,99,0.27,0.86,0.21,74,0.07,0.23,87,2,0.67,2.14,2.14,0.67,91,2,0.23,72,35,0,75,0,47,2,0,0.00,99,0,0.00,0.00,11.79,3.67,11,3,23,83,3.21,1.00,27.27,2,2.14,3,0,37.50,0,0.00,99,3,1.00,3.21,99,0,46,56,0,0,0,0,0,99,46,65,59,0,21,5,15,15,0,0,16,77,0,0
Juan Camilo Portilla Orozco,27,905583600,1998/09/12,Serie A,2026,Midfielder,Atlético PR,899,395,504,Colombia,17,9,8,0,0,0,0,0,0,0,0,6,4,2,10,4,6,4,0,0,0,0,0,0,0,1,90,53,225,0,0.4,348,348,-1,28,500000,6.22,0,48,43.45,25.53,69,434,21.47,365,54,36.54,68,0.00,0.00,0.18,3,0.00,0.12,1.40,0.82,14,0.00,0.24,0.00,0.00,0.00,0.71,0.47,0.65,0.00,0.60,0.29,0.82,0.00,0.06,0.02,0.00,0.53,0.00,0.00,0,0,,6,0.35,29,1,0.10,23,5,0.50,36,5,5,12,50,0.00,99,0,12,1.20,77,2,99,0.20,26,0,0.00,99,0,0.00,0,0,0.00,0,0.30,22,14,1.40,62,8,0.80,57.14,0,0.00,0,0,0,0.00,0,11,0.00,66,1.10,35,N/A,N/A,N/A,N/A,0.00,0,0.00,0,0.42,0.00,0,84.10,16.67,26,28,0.53,0.90,9,67,69,0,0,0,0.18,0.30,3,57,105.81,0.59,1.00,10,0,0.00,0.00,99,0.00,0,0,0,0.00,0.00,0,0.00,0.00,0.00,0.00,0,0,0.00,45,41,61,46,67,0.77,22,0.05,0.08,0.42,26,0.02,0.04,60,12,0.71,1.20,2.00,1.18,89,20,0.04,25,10,37,75,0,47,49,0,0.00,99,9,0.00,0.90,8.61,5.06,86,42,44,48,4.20,2.47,48.84,4,0.40,65,0,100.00,0,0.00,99,2,0.12,0.20,48,53,74,91,0,0,0,0,0,28,46,65,59,0,50,78,29,86,4,24,82,27,N/A,N/A
Juan Felipe Aguirre,29,841302000,1996/08/29,Serie A,2026,Defender,Atlético PR,1521,720,801,Colombia,19,8,11,1,1,0,0,0,0,0,0,7,4,3,13,4,9,1,0,0.06,0,0.06,0.13,0,1521,0.77,117,80,1521,0,0.06,208,341,21,7,350000,6.55,0,48,37.96,33.79,55,642,31.11,591,97,34.95,62,0.00,0.00,0.05,1,0.00,0.00,0.95,0.84,16,0.00,0.11,0.00,0.00,0.00,1.26,0.16,0.79,9.00,0.53,0.21,0.21,0.00,0.26,0.07,0.00,2.21,0.00,0.00,0,0,,9,0.47,25,5,0.30,51,4,0.24,16,1,2,17,30,0.00,99,0,24,1.42,88,0,30,0.00,16,0,0.00,99,0,0.00,0,0,0.00,0,0.06,8,4,0.24,17,3,0.18,75.00,0,0.00,0,0,0,0.00,0,15,0.00,89,0.89,14,N/A,N/A,N/A,N/A,0.00,0,0.00,0,1.42,0.00,0,92.06,55.56,95,67,0.42,0.47,8,24,91,0,0,0,0.84,0.95,16,94,124.54,5.37,6.03,102,0,0.00,0.00,99,0.00,0,0,1,0.05,0.06,0,0.00,0.00,0.06,0.05,1,0,11.11,70,81,74,95,89,1.34,22,0.07,0.08,1.42,41,0.07,0.08,14,5,0.26,0.30,1.42,1.26,60,24,0.08,40,21,95,81,0,54,92,0,0.00,99,42,0.00,2.48,6.62,5.89,112,61,31,22,3.61,3.21,54.46,2,0.12,83,0,0.00,0,0.00,99,0,0.00,0.00,30,80,46,35,0,0,0,0,0,32,52,65,66,0,40,81,97,19,1,5,22,33,N/A,N/A
Juan Freytes,26,947577600,2000/01/11,Serie A,2026,Defender,Fluminense,1539,819,720,Argentina,18,10,8,0,0,0,0,0,0,0,0,4,3,1,18,8,10,5,0,0,0,0,0,0,0,1.05,86,86,308,0,0.29,367,366,72,13,700000,6.89,0,48,70.53,67.00,99,1206,59.61,1073,84,62.75,98,0.00,0.00,0.39,7,0.00,0.28,0.99,0.94,17,0.00,0.17,0.00,0.00,0.00,0.78,0.22,1.00,0.00,0.82,0.67,0.28,0.00,0.11,0.04,0.00,1.44,0.00,0.00,0,0,,14,0.78,43,2,0.12,27,12,0.70,49,1,1,17,33,0.00,99,0,14,0.82,53,5,30,0.29,31,0,0.00,99,0,0.00,0,0,0.00,0,0.41,29,5,0.29,19,4,0.23,80.00,0,0.00,0,0,0,0.00,0,18,0.00,59,1.05,30,N/A,N/A,N/A,N/A,0.00,0,0.00,0,0.73,0.00,0,88.97,14.29,23,59,0.50,0.53,9,28,92,0,0,0,0.56,0.58,10,80,124.10,4.89,5.15,88,0,0.00,0.00,99,0.00,0,0,0,0.00,0.00,0,0.00,0.00,0.00,0.00,0,0,0.00,45,82,68,46,60,2.16,51,0.12,0.13,0.73,26,0.04,0.04,32,11,0.61,0.64,0.88,0.83,28,15,0.04,25,68,90,75,0,47,73,0,0.00,99,26,0.00,1.52,6.26,5.94,107,58,27,18,3.39,3.22,54.21,3,0.18,78,0,0.00,0,0.00,99,0,0.00,0.00,30,80,36,35,0,0,0,0,0,28,46,65,59,0,57,46,42,74,5,28,88,22,N/A,N/A
Juan Ignacio Nardoni,24,1026630000,2002/07/14,Serie A,2026,Midfielder,Grêmio,1007,457,550,Argentina,15,7,8,1,0,1,1,0,1,0,0,5,3,2,13,4,9,2,0,0.18,0.09,0.09,0,0.16,1007,1.16,77,67,504,1007,0.18,187,159,-1,4,1600000,6.60,0.07,63,29.97,22.67,30,340,19.27,289,59,25.48,35,0.00,0.00,0.53,8,0.00,0.27,1.41,1.07,16,0.00,0.87,0.00,0.00,0.00,0.93,0.33,0.87,13.00,1.15,0.60,1.00,0.00,0.27,0.10,0.00,0.60,0.00,0.00,0,0,,13,0.87,54,4,0.35,54,9,0.79,55,1,1,14,51,0.00,99,0,14,1.23,80,4,62,0.35,34,0,0.00,99,0,0.00,0,0,0.00,0,0.71,43,15,1.32,59,5,0.44,33.33,0,0.00,0,0,0,0.00,0,13,0.00,48,1.15,42,N/A,N/A,N/A,N/A,0.00,0,0.00,0,1.52,0.00,0,85.00,30.77,51,29,0.67,0.88,10,46,27,0,0,0,0.07,0.09,1,30,99.01,1.00,1.32,15,0,0.00,0.00,99,0.00,0,0,0,0.00,0.00,0,0.00,0.00,0.09,0.07,1,0,7.69,57,49,41,89,47,1.47,51,0.10,0.13,1.52,57,0.10,0.13,71,17,1.13,1.50,1.76,1.33,81,20,0.13,56,24,48,75,0,61,44,0,0.00,99,9,0.00,0.79,10.49,7.93,119,46,41,71,4.05,3.07,38.66,13,1.15,23,0,25.00,0,0.00,99,1,0.07,0.09,36,64,36,35,0,0,0,0,0,57,58,74,59,0,85,75,72,45,2,13,52,5,N/A,N/A
Julián Camilo Millán Díaz,28,890985600,1998/03/27,Serie A,2026,Defender,Fluminense,339,159,180,Colombia,5,3,2,0,0,0,0,0,0,0,0,0,0,0,7,4,3,1,0,0,0,0,0,0,0,1.86,48,68,339,0,0.27,266,219,170,17,0,6.53,0,48,50.44,38.00,82,190,33.20,166,76,44.07,81,0.00,0.00,0.20,1,0.00,0.00,1.06,0.80,4,0.00,0.20,0.00,0.00,0.00,0.40,0.00,1.40,0.00,0.27,0.00,0.00,0.00,0.20,0.03,0.00,2.00,0.00,0.00,0,0,,1,0.20,12,1,0.27,47,0,0.00,7,2,1,4,35,0.00,99,0,2,0.53,38,0,30,0.00,16,0,0.00,99,0,0.00,0,0,0.00,0,0.27,21,0,0.00,9,0,0.00,0.00,0,0.00,0,0,0,0.00,0,7,0.00,6,1.86,85,N/A,N/A,N/A,N/A,0.00,0,0.00,0,0.15,0.00,0,87.37,100.00,99,16,0.80,1.06,4,13,13,0,0,0,0.60,0.80,3,89,32.65,6.20,8.23,31,0,0.00,0.00,99,0.00,0,0,0,0.00,0.00,0,0.00,0.00,0.00,0.00,0,0,0.00,45,0,1,46,6,0.33,32,0.07,0.09,0.15,26,0.03,0.04,1,0,0.00,0.00,1.59,1.20,71,6,0.04,25,20,99,75,0,47,95,0,0.00,99,10,0.00,2.65,7.43,5.60,28,14,34,35,3.72,2.80,50.00,1,0.27,72,0,0.00,0,0.00,99,0,0.00,0.00,30,8,36,56,0,0,0,0,0,28,46,65,59,0,21,5,49,68,1,20,74,29,0,0
Julimar Silva Oliveira Junior,25,980409600,2001/01/25,Serie A,2026,Forward,Atlético PR,726,421,305,Brazil,13,7,6,3,1,2,1,1,0,0,0,4,3,1,9,4,5,2,0,0.5,0.12,0.37,0.21,0.59,242,1.12,81,56,363,726,0.25,40,126,-1,4,250000,6.76,0.08,71,22.22,13.77,14,179,10.23,133,14,16.51,14,0.00,0.00,0.85,11,0.00,1.46,0.99,0.62,8,0.00,0.77,0.00,0.00,0.00,0.31,0.31,0.69,5.00,1.86,0.69,1.23,0.00,0.46,0.23,0.00,1.31,0.00,0.00,0,0,,15,1.15,73,6,0.74,79,9,1.12,70,1,4,9,33,0.00,99,0,4,0.50,36,19,39,2.36,69,0,0.00,99,0,0.00,0,0,0.00,0,1.37,77,16,1.99,75,4,0.50,25.00,0,0.00,0,0,0,0.00,0,9,0.00,53,1.12,38,N/A,N/A,N/A,N/A,0.00,0,0.00,0,2.97,0.00,0,74.30,40.00,77,50,0.38,0.62,5,51,18,1,1,0,0.15,0.25,2,52,87.83,0.31,0.50,4,0,0.00,0.00,99,0.00,0,2,0,0.00,0.00,0,0.00,0.00,0.12,0.08,1,0,20.00,91,30,30,55,53,1.27,65,0.10,0.16,1.57,68,0.12,0.19,23,4,0.31,0.50,1.61,1.00,72,13,0.37,87,50,15,75,0,68,86,0,0.00,99,17,0.00,2.11,11.42,7.08,92,32,39,79,3.97,2.46,34.78,10,1.24,20,0,15.79,0,0.00,99,3,0.23,0.37,62,37,65,35,0,0,0,0,0,88,91,97,73,0,34,67,53,64,2,15,59,20,N/A,N/A
Julio Cesar de Rezende Miranda,31,789033600,1995/01/02,Serie A,2026,Midfielder,Bahia,0,0,0,Brazil,0,0,0,0,0,0,0,0,0,0,0,0,0,0,0,0,0,0,0,0,0,0,0,0,0,0,0,0,0,0,0,-1,-1,-1,-1,N/A,N/A,N/A,N/A,N/A,N/A,N/A,N/A,N/A,N/A,N/A,N/A,N/A,N/A,N/A,N/A,N/A,N/A,N/A,N/A,N/A,N/A,N/A,N/A,N/A,N/A,N/A,N/A,N/A,N/A,N/A,N/A,N/A,N/A,N/A,N/A,N/A,N/A,N/A,N/A,N/A,N/A,N/A,N/A,N/A,N/A,N/A,N/A,N/A,N/A,N/A,N/A,N/A,N/A,N/A,N/A,N/A,N/A,N/A,N/A,N/A,N/A,N/A,N/A,N/A,N/A,N/A,N/A,N/A,N/A,N/A,N/A,N/A,N/A,N/A,N/A,N/A,N/A,N/A,N/A,N/A,N/A,N/A,N/A,N/A,N/A,N/A,N/A,N/A,N/A,N/A,N/A,N/A,N/A,N/A,N/A,N/A,N/A,N/A,N/A,N/A,N/A,N/A,N/A,N/A,N/A,N/A,N/A,N/A,N/A,N/A,N/A,N/A,N/A,N/A,N/A,N/A,N/A,N/A,N/A,N/A,N/A,N/A,N/A,N/A,N/A,N/A,N/A,N/A,N/A,N/A,N/A,N/A,N/A,N/A,N/A,N/A,N/A,N/A,N/A,N/A,N/A,N/A,N/A,N/A,N/A,N/A,N/A,N/A,N/A,N/A,N/A,N/A,N/A,N/A,N/A,N/A,N/A,N/A,N/A,N/A,N/A,N/A,N/A,N/A,N/A,N/A,N/A,N/A,N/A,N/A,N/A,N/A,N/A,N/A,N/A,N/A,N/A,N/A,N/A,N/A,N/A,N/A,N/A,N/A,N/A,N/A,N/A,N/A,N/A,N/A,N/A,N/A,N/A,N/A,N/A,N/A,N/A,N/A,N/A,N/A,N/A,N/A,N/A,N/A,N/A,N/A,N/A,N/A,N/A,N/A,N/A,N/A,N/A,N/A,N/A,N/A,N/A,N/A,N/A,N/A,N/A,N/A,N/A
Julio Cesar Lima Fidelis,19,1162800000,2006/11/06,Serie A,2026,Defender,Fluminense,46,46,0,Brazil,1,1,0,0,0,0,0,0,0,0,0,0,0,0,0,0,0,0,0,0,0,0,0,0,0,0,0,46,0,0,0,-1,-1,-1,16,0,6.92,0,48,68.48,35.00,98,35,33.00,33,99,64.57,98,0.00,0.00,0.00,0,0.00,1.00,1.96,1.00,1,0.00,0.00,0.00,0.00,0.00,0.00,0.00,0.00,0.00,1.96,1.00,0.00,0.00,0.00,0.04,0.00,3.00,0.00,0.00,0,0,,1,1.00,75,0,0.00,17,1,1.96,95,0,1,0,75,0.00,99,0,0,0.00,10,1,30,1.96,64,0,0.00,99,0,0.00,0,0,0.00,0,0.00,8,0,0.00,9,0,0.00,0.00,0,0.00,0,0,0,0.00,0,0,0.00,99,0.00,0,N/A,N/A,N/A,N/A,0.00,0,0.00,0,0.04,0.00,0,94.29,0.00,17,99,0.00,0.00,0,13,13,0,0,0,1.00,1.96,1,99,6.92,0.00,0.00,0,0,0.00,0.00,99,0.00,0,0,0,0.00,0.00,0,0.00,0.00,0.00,0.00,0,0,0.00,45,0,0,46,0,0.06,45,0.06,0.12,0.04,41,0.04,0.08,1,0,0.00,0.00,1.96,1.00,88,1,0.08,40,72,0,75,0,47,99,0,0.00,99,3,0.00,5.87,11.74,6.00,6,4,98,83,7.83,4.00,66.67,0,0.00,99,0,0.00,0,0.00,99,0,0.00,0.00,30,0,36,12,0,0,0,0,0,28,46,65,59,0,21,5,15,15,0,0,16,46,0,0
Juninho,31,791625600,1995/02/01,Serie A,2026,Defender,Internacional,286,112,174,Brazil,7,3,4,0,0,0,0,0,0,0,0,3,1,2,5,2,3,0,0,0,0,0,0,0,0,1.57,57,41,0,0,0,340,342,158,24,0,5.45,0,48,41.66,19.57,63,137,14.00,98,9,29.80,49,0.00,0.00,0.00,0,0.00,0.29,0.91,0.43,3,0.00,0.00,0.00,0.00,0.00,0.43,0.00,0.71,0.00,0.61,0.29,0.00,0.00,0.00,0.02,0.00,1.00,0.00,0.00,0,0,,2,0.29,30,0,0.00,17,2,0.61,44,2,4,3,27,0.00,99,0,3,0.91,58,2,30,0.61,44,0,0.00,99,0,0.00,0,0,0.00,0,0.00,8,0,0.00,9,0,0.00,0.00,0,0.00,0,0,0,0.00,0,5,0.00,14,1.52,70,N/A,N/A,N/A,N/A,0.00,0,0.00,0,0.11,0.00,0,71.53,0.00,17,11,0.57,1.22,4,13,13,0,0,0,0.29,0.61,2,82,38.13,3.29,6.99,23,0,0.00,0.00,99,0.00,0,0,0,0.00,0.00,0,0.00,0.00,0.00,0.00,0,0,0.00,45,0,6,46,14,0.17,10,0.02,0.05,0.11,20,0.02,0.03,1,0,0.00,0.00,0.00,0.00,5,0,0.03,19,1,98,75,0,47,86,0,0.00,99,7,0.00,2.13,6.69,3.14,22,10,19,23,3.04,1.43,45.45,0,0.00,99,0,0.00,0,0.00,99,0,0.00,0.00,30,3,65,56,0,0,0,0,0,28,46,65,59,0,21,93,15,15,0,0,16,18,0,0
Júnior Alonso,33,729244800,1993/02/09,Serie A,2026,Defender,Atlético Mineiro,900,450,450,Paraguay,10,5,5,0,0,0,0,0,0,0,0,1,1,0,11,5,6,2,0,0,0,0,0,0,0,1.1,82,90,450,0,0.2,333,350,80,26,1330000,6.74,0,48,51.20,51.20,83,512,45.60,456,85,45.60,84,0.00,0.00,0.30,3,0.00,0.00,1.60,1.60,16,0.00,0.00,0.00,0.00,0.00,1.00,0.00,1.30,0.00,0.50,0.40,0.00,0.00,0.10,0.03,0.00,1.80,0.00,0.00,0,0,,5,0.50,23,1,0.10,23,4,0.40,28,0,0,10,60,0.00,99,0,10,1.00,63,0,30,0.00,16,0,0.00,99,0,0.00,0,0,0.00,0,0.30,22,0,0.00,9,0,0.00,0.00,0,0.00,0,0,0,0.00,0,13,0.00,54,1.30,54,N/A,N/A,N/A,N/A,0.00,0,0.00,0,0.34,0.00,0,89.06,20.00,31,99,0.00,0.00,0,13,13,0,0,0,0.50,0.50,5,76,67.37,4.40,4.40,44,1,0.00,0.10,3,0.10,0,0,0,0.00,0.00,0,0.00,0.00,0.00,0.00,0,0,0.00,45,41,17,46,54,0.98,36,0.10,0.10,0.34,20,0.03,0.03,23,5,0.50,0.50,0.90,0.90,29,9,0.03,19,47,86,75,0,47,79,0,0.00,99,18,0.00,1.80,7.20,7.20,72,38,36,31,3.80,3.80,52.78,0,0.00,99,0,0.00,0,0.00,99,0,0.00,0.00,30,43,23,12,0,0,0,0,0,28,46,65,59,0,79,19,65,50,2,20,74,6,N/A,N/A
Kadir Barria,19,1184742000,2007/07/18,Serie A,2026,Forward,Botafogo,284,160,124,Panama,11,5,6,1,1,0,1,1,0,0,0,2,1,1,3,3,0,2,0,0.63,0.32,0.32,0.56,0,284,0.95,95,26,142,284,0.63,48,18,-1,11,250000,6.70,0.09,96,14.89,4.27,4,47,2.55,28,1,8.87,3,0.00,0.00,0.45,5,0.00,0.09,1.58,0.45,5,0.00,0.55,0.00,0.00,0.00,0.09,0.36,0.27,13.00,4.12,0.82,0.45,0.00,0.36,0.14,0.00,1.36,0.00,0.00,0,0,,13,1.18,99,4,1.27,96,9,2.85,99,3,8,2,59,0.00,99,0,1,0.32,23,1,30,0.32,33,0,0.00,99,0,0.00,0,0,0.00,0,1.58,81,5,1.58,66,4,1.27,80.00,0,0.00,0,0,0,0.00,0,3,0.00,74,0.95,19,N/A,N/A,N/A,N/A,0.00,0,0.00,0,1.53,0.00,0,59.57,30.77,51,99,0.00,0.00,0,83,92,0,0,0,0.00,0.00,0,24,73.75,0.18,0.63,2,0,0.00,0.00,99,0.00,0,0,0,0.00,0.00,0,0.00,0.00,0.32,0.09,1,0,7.69,57,0,21,57,74,0.84,92,0.08,0.27,1.53,96,0.14,0.48,82,6,0.55,1.90,5.39,1.55,99,17,0.48,95,39,21,75,0,87,99,0,0.00,99,15,0.00,4.75,20.28,5.82,64,30,99,99,9.51,2.73,46.88,6,1.90,5,0,0.00,0,0.00,99,0,0.00,0.00,30,1,90,72,0,0,0,0,0,96,89,65,95,0,34,35,18,97,1,9,36,37,N/A,N/A
Kaiki Bruno da Silva,23,1047110400,2003/03/08,Serie A,2026,Defender,Cruzeiro,1418,788,630,Brazil,16,9,7,0,0,0,2,1,1,0,0,3,2,1,24,12,12,2,1,0.13,0.13,0,0,0,0,1.52,59,89,473,709,0.19,233,121,152,26,0,6.79,0.12,74,32.81,32.31,41,517,26.69,427,43,27.10,41,0.00,0.00,1.19,19,0.00,2.25,2.54,2.50,40,0.00,0.62,0.00,0.00,0.00,1.25,1.50,1.69,0.00,1.08,0.69,2.81,0.00,0.38,0.09,0.00,1.06,0.00,0.00,0,0,,17,1.06,51,6,0.38,58,11,0.70,49,1,0,16,91,0.00,99,0,20,1.27,83,36,69,2.28,68,0,0.00,99,0,0.00,0,0,0.00,0,1.21,69,45,2.86,87,24,1.52,53.33,0,0.00,0,0,0,0.00,0,27,0.00,19,1.71,81,N/A,N/A,N/A,N/A,0.00,0,0.00,0,1.48,0.00,0,82.59,35.29,66,88,0.19,0.19,3,88,62,0,0,0,0.19,0.19,3,47,108.57,2.75,2.79,44,1,0.00,0.06,8,0.06,0,0,0,0.00,0.00,0,0.00,0.00,0.06,0.06,1,0,0.00,45,75,50,46,19,2.65,69,0.17,0.17,1.48,46,0.09,0.09,50,16,1.00,1.02,2.28,2.25,95,36,0.09,44,53,72,75,0,54,58,0,0.00,99,17,0.00,1.08,12.00,11.81,189,97,88,85,6.16,6.06,51.32,10,0.63,48,0,27.78,0,0.00,99,10,0.62,0.63,75,76,23,35,0,0,0,0,0,47,46,65,59,0,21,38,69,48,1,6,29,6,0,0
Kainã Correa Dal Magro,21,1116313200,2005/05/17,Serie A,2026,Goalkeeper,Chapecoense,0,0,0,Brazil,0,0,0,0,0,0,0,0,0,0,0,0,0,0,0,0,0,0,0,0,0,0,0,0,0,0,0,0,0,0,0,-1,-1,-1,-1,N/A,N/A,N/A,N/A,N/A,N/A,N/A,N/A,N/A,N/A,N/A,N/A,N/A,N/A,N/A,N/A,N/A,N/A,N/A,N/A,N/A,N/A,N/A,N/A,N/A,N/A,N/A,N/A,N/A,N/A,N/A,N/A,N/A,N/A,N/A,N/A,N/A,N/A,N/A,N/A,N/A,N/A,N/A,N/A,N/A,N/A,N/A,N/A,N/A,N/A,N/A,N/A,N/A,N/A,N/A,N/A,N/A,N/A,N/A,N/A,N/A,N/A,N/A,N/A,N/A,N/A,N/A,N/A,N/A,N/A,N/A,N/A,N/A,N/A,N/A,N/A,N/A,N/A,N/A,N/A,N/A,N/A,N/A,N/A,N/A,N/A,N/A,N/A,N/A,N/A,N/A,N/A,N/A,N/A,N/A,N/A,N/A,N/A,N/A,N/A,N/A,N/A,N/A,N/A,N/A,N/A,N/A,N/A,N/A,N/A,N/A,N/A,N/A,N/A,N/A,N/A,N/A,N/A,N/A,N/A,N/A,N/A,N/A,N/A,N/A,N/A,N/A,N/A,N/A,N/A,N/A,N/A,N/A,N/A,N/A,N/A,N/A,N/A,N/A,N/A,N/A,N/A,N/A,N/A,N/A,N/A,N/A,N/A,N/A,N/A,N/A,N/A,N/A,N/A,N/A,N/A,N/A,N/A,N/A,N/A,N/A,N/A,N/A,N/A,N/A,N/A,N/A,N/A,N/A,N/A,N/A,N/A,N/A,N/A,N/A,N/A,N/A,N/A,N/A,N/A,N/A,N/A,N/A,N/A,N/A,N/A,N/A,N/A,N/A,N/A,N/A,N/A,N/A,N/A,N/A,N/A,N/A,N/A,N/A,N/A,N/A,N/A,N/A,N/A,N/A,N/A,N/A,N/A,N/A,N/A,N/A,N/A,N/A,N/A,N/A,N/A,N/A,N/A,N/A,N/A,N/A,N/A,N/A,N/A
Kaio César Andrade Lima,22,1076832000,2004/02/15,Serie A,2026,Forward,Corinthians,729,232,497,Brazil,12,4,8,2,1,1,1,0,1,0,0,5,3,2,7,1,6,2,0,0.37,0.12,0.25,0.39,0.18,365,0.86,104,61,365,729,0.25,77,124,-1,5,0,7.06,0.08,71,27.16,18.33,25,220,14.92,179,35,22.10,26,0.00,0.00,0.83,10,0.00,1.33,2.35,1.58,19,0.00,1.00,0.00,0.00,0.00,0.25,2.25,0.58,8.50,2.10,0.75,3.50,0.00,0.67,0.22,0.00,0.42,0.00,0.00,0,0,,17,1.42,78,8,0.99,91,9,1.11,70,5,5,7,86,0.00,99,0,3,0.37,25,16,77,1.98,64,0,0.00,99,0,0.00,0,0,0.00,0,1.23,70,42,5.19,98,27,3.33,64.29,0,0.00,0,0,0,0.00,0,7,0.00,80,0.86,12,N/A,N/A,N/A,N/A,0.00,0,0.00,0,2.62,0.00,0,81.36,47.06,85,21,0.67,0.99,8,99,77,0,0,0,0.08,0.12,1,35,84.76,0.58,0.86,7,0,0.00,0.00,99,0.00,0,0,1,0.08,0.12,0,0.00,0.00,0.12,0.08,1,0,11.76,72,31,24,63,80,1.30,65,0.11,0.16,2.62,85,0.22,0.32,98,27,2.25,3.33,1.11,0.75,44,9,0.32,83,88,30,91,0,68,35,0,0.00,99,5,0.00,0.62,15.80,10.67,128,74,99,98,9.14,6.17,57.81,12,1.48,13,0,31.25,0,0.00,99,5,0.42,0.62,75,28,74,91,0,0,0,0,0,81,84,76,89,0,21,91,53,64,2,17,62,37,0,0
Kaio Jorge,24,1011859200,2002/01/24,Serie A,2026,Forward,Cruzeiro,1335,659,676,Brazil,18,9,9,6,4,2,0,0,0,0,0,4,2,2,18,8,10,1,0,0.4,0,0.4,0.55,0.27,223,1.21,74,74,1335,0,0.07,31,279,-1,1,2650000,6.96,0,48,16.99,14.00,7,252,11.44,206,37,13.89,8,0.00,0.00,0.94,17,0.00,0.56,0.27,0.22,4,0.00,0.72,0.00,0.00,0.00,0.17,0.39,1.11,5.00,2.36,1.22,1.22,0.00,0.72,0.38,0.00,0.56,0.00,0.00,0,0,,35,1.94,84,13,0.88,85,22,1.48,83,2,2,16,10,0.00,99,0,3,0.20,18,10,75,0.67,46,0,0.00,99,0,0.00,0,0,0.00,0,1.15,66,22,1.48,63,7,0.47,31.82,0,0.00,0,0,0,0.00,0,20,0.00,43,1.35,57,N/A,N/A,N/A,N/A,0.00,0,0.00,0,6.83,0.00,0,81.75,37.14,70,93,0.06,0.07,1,48,23,3,0,0,0.00,0.00,0,24,125.20,0.33,0.40,6,0,0.00,0.00,99,0.00,0,3,0,0.00,0.00,0,0.00,0.00,0.40,0.33,6,1,20.00,91,70,68,53,42,1.14,22,0.06,0.08,4.73,85,0.26,0.32,59,17,0.94,1.15,0.27,0.22,8,4,0.46,95,79,8,75,0,89,39,0,0.00,99,10,0.00,0.67,6.40,5.28,95,37,10,19,2.49,2.06,38.95,13,0.88,36,0,30.00,0,0.00,99,3,0.17,0.20,48,76,46,56,0,0,0,0,0,82,93,84,95,0,95,46,95,22,1,6,29,19,N/A,N/A
Kaique Kenji Takamura Correa,20,1138608000,2006/01/30,Serie A,2026,Forward,Cruzeiro,278,176,102,Brazil,10,5,5,1,0,1,0,0,0,0,0,2,1,1,2,1,1,3,0,0.32,0,0.32,0,0.88,278,0.65,139,28,93,0,0.97,50,272,-1,13,180000,5.33,0,48,23.96,7.40,18,74,6.30,63,60,20.40,22,0.00,0.00,0.80,8,0.00,1.50,1.62,0.50,5,0.00,0.30,0.00,0.00,0.00,0.00,0.60,0.30,6.00,1.94,0.30,1.10,0.00,0.30,0.11,0.00,0.10,0.00,0.00,0,0,,6,0.60,74,3,0.97,89,3,0.97,63,1,8,2,62,0.00,99,0,0,0.00,10,15,65,4.86,91,0,0.00,99,0,0.00,0,0,0.00,0,2.59,96,11,3.56,92,6,1.94,54.55,0,0.00,0,0,0,0.00,0,3,0.00,95,0.97,21,N/A,N/A,N/A,N/A,0.00,0,0.00,0,1.11,0.00,0,85.14,50.00,92,1,0.60,1.94,6,94,63,0,0,0,0.00,0.00,0,24,53.30,0.50,1.62,5,0,0.00,0.00,99,0.00,0,0,0,0.00,0.00,0,0.00,0.00,0.00,0.00,0,0,16.67,86,0,17,57,95,0.49,65,0.05,0.16,1.11,88,0.11,0.36,49,3,0.30,0.97,1.29,0.40,54,4,0.36,86,0,55,75,0,47,14,0,0.00,99,1,0.00,0.32,9.71,3.00,30,13,44,65,4.21,1.30,43.33,3,0.97,30,0,26.67,0,0.00,99,4,0.40,1.29,91,1,90,35,0,0,0,0,0,77,89,99,59,0,28,42,15,99,3,30,91,70,N/A,N/A
Kaique Pereira Azarias,23,1050476400,2003/04/16,Serie A,2026,Goalkeeper,Palmeiras,0,0,0,Brazil,0,0,0,0,0,0,0,0,0,0,0,0,0,0,0,0,0,0,0,0,0,0,0,0,0,0,0,0,0,0,0,-1,-1,-1,-1,N/A,N/A,N/A,N/A,N/A,N/A,N/A,N/A,N/A,N/A,N/A,N/A,N/A,N/A,N/A,N/A,N/A,N/A,N/A,N/A,N/A,N/A,N/A,N/A,N/A,N/A,N/A,N/A,N/A,N/A,N/A,N/A,N/A,N/A,N/A,N/A,N/A,N/A,N/A,N/A,N/A,N/A,N/A,N/A,N/A,N/A,N/A,N/A,N/A,N/A,N/A,N/A,N/A,N/A,N/A,N/A,N/A,N/A,N/A,N/A,N/A,N/A,N/A,N/A,N/A,N/A,N/A,N/A,N/A,N/A,N/A,N/A,N/A,N/A,N/A,N/A,N/A,N/A,N/A,N/A,N/A,N/A,N/A,N/A,N/A,N/A,N/A,N/A,N/A,N/A,N/A,N/A,N/A,N/A,N/A,N/A,N/A,N/A,N/A,N/A,N/A,N/A,N/A,N/A,N/A,N/A,N/A,N/A,N/A,N/A,N/A,N/A,N/A,N/A,N/A,N/A,N/A,N/A,N/A,N/A,N/A,N/A,N/A,N/A,N/A,N/A,N/A,N/A,N/A,N/A,N/A,N/A,N/A,N/A,N/A,N/A,N/A,N/A,N/A,N/A,N/A,N/A,N/A,N/A,N/A,N/A,N/A,N/A,N/A,N/A,N/A,N/A,N/A,N/A,N/A,N/A,N/A,N/A,N/A,N/A,N/A,N/A,N/A,N/A,N/A,N/A,N/A,N/A,N/A,N/A,N/A,N/A,N/A,N/A,N/A,N/A,N/A,N/A,N/A,N/A,N/A,N/A,N/A,N/A,N/A,N/A,N/A,N/A,N/A,N/A,N/A,N/A,N/A,N/A,N/A,N/A,N/A,N/A,N/A,N/A,N/A,N/A,N/A,N/A,N/A,N/A,N/A,N/A,N/A,N/A,N/A,N/A,N/A,N/A,N/A,N/A,N/A,N/A,N/A,N/A,N/A,N/A,N/A,N/A
Kássio Jesus,20,1142582400,2006/03/17,Serie A,2026,Forward,Chapecoense,0,0,0,Brazil,0,0,0,0,0,0,0,0,0,0,0,0,0,0,0,0,0,0,0,0,0,0,0,0,0,0,0,0,0,0,0,-1,-1,-1,-1,N/A,N/A,N/A,N/A,N/A,N/A,N/A,N/A,N/A,N/A,N/A,N/A,N/A,N/A,N/A,N/A,N/A,N/A,N/A,N/A,N/A,N/A,N/A,N/A,N/A,N/A,N/A,N/A,N/A,N/A,N/A,N/A,N/A,N/A,N/A,N/A,N/A,N/A,N/A,N/A,N/A,N/A,N/A,N/A,N/A,N/A,N/A,N/A,N/A,N/A,N/A,N/A,N/A,N/A,N/A,N/A,N/A,N/A,N/A,N/A,N/A,N/A,N/A,N/A,N/A,N/A,N/A,N/A,N/A,N/A,N/A,N/A,N/A,N/A,N/A,N/A,N/A,N/A,N/A,N/A,N/A,N/A,N/A,N/A,N/A,N/A,N/A,N/A,N/A,N/A,N/A,N/A,N/A,N/A,N/A,N/A,N/A,N/A,N/A,N/A,N/A,N/A,N/A,N/A,N/A,N/A,N/A,N/A,N/A,N/A,N/A,N/A,N/A,N/A,N/A,N/A,N/A,N/A,N/A,N/A,N/A,N/A,N/A,N/A,N/A,N/A,N/A,N/A,N/A,N/A,N/A,N/A,N/A,N/A,N/A,N/A,N/A,N/A,N/A,N/A,N/A,N/A,N/A,N/A,N/A,N/A,N/A,N/A,N/A,N/A,N/A,N/A,N/A,N/A,N/A,N/A,N/A,N/A,N/A,N/A,N/A,N/A,N/A,N/A,N/A,N/A,N/A,N/A,N/A,N/A,N/A,N/A,N/A,N/A,N/A,N/A,N/A,N/A,N/A,N/A,N/A,N/A,N/A,N/A,N/A,N/A,N/A,N/A,N/A,N/A,N/A,N/A,N/A,N/A,N/A,N/A,N/A,N/A,N/A,N/A,N/A,N/A,N/A,N/A,N/A,N/A,N/A,N/A,N/A,N/A,N/A,N/A,N/A,N/A,N/A,N/A,N/A,N/A,N/A,N/A,N/A,N/A,N/A,N/A
Kauã Moraes Silva,20,1151564400,2006/06/29,Serie A,2026,Defender,Cruzeiro,454,247,207,Brazil,10,6,4,2,1,1,1,1,0,0,0,2,1,1,5,3,2,2,0,0.59,0.2,0.4,0.36,0.43,227,0.99,91,45,227,454,0.4,30,62,56,7,250000,6.68,0.1,87,34.04,17.70,43,177,14.00,140,28,26.92,40,0.00,0.00,0.10,1,0.00,1.60,3.46,1.80,18,0.00,0.70,0.00,0.00,0.00,0.40,0.20,0.60,2.50,0.96,0.10,1.00,0.00,0.40,0.17,0.00,0.20,0.00,0.00,0,0,,5,0.50,48,4,0.77,80,1,0.19,12,4,5,5,99,0.00,99,0,4,0.77,49,16,88,3.08,78,0,0.00,99,0,0.00,0,0,0.00,0,0.19,16,10,1.92,74,2,0.38,20.00,0,0.00,0,0,0,0.00,0,6,0.00,68,1.15,42,N/A,N/A,N/A,N/A,0.00,0,0.00,0,1.75,0.00,0,79.10,80.00,99,1,1.00,1.92,10,40,15,0,0,0,0.40,0.77,4,89,66.78,0.50,0.96,5,0,0.00,0.00,99,0.00,0,0,0,0.00,0.00,0,0.00,0.00,0.00,0.00,0,0,40.00,99,7,17,53,69,0.90,69,0.09,0.17,1.75,86,0.17,0.34,93,13,1.30,2.50,2.69,1.40,98,14,0.34,84,37,35,75,0,47,16,0,0.00,99,2,0.00,0.38,15.38,8.00,80,35,92,97,6.73,3.50,43.75,7,1.35,16,0,37.50,0,0.00,99,6,0.60,1.15,88,14,74,83,0,0,0,0,0,95,93,95,87,0,34,42,30,86,2,20,74,2,N/A,N/A
Kauã Prates de Almeida,18,1218524400,2008/08/12,Serie A,2026,Defender,Cruzeiro,7,7,0,Brazil,1,1,0,0,0,0,0,0,0,0,0,0,0,0,0,0,0,0,0,0,0,0,0,0,0,0,0,7,0,0,0,-1,-1,-1,27,222222,6.38,0,48,64.29,5.00,96,5,4.00,4,30,51.43,92,0.00,0.00,0.00,0,0.00,1.00,0.00,0.00,0,0.00,1.00,0.00,0.00,0.00,0.00,0.00,0.00,0.00,0.00,0.00,0.00,0.00,0.00,0.00,0.00,0.00,0.00,0.00,0,0,,0,0.00,7,0,0.00,17,0,0.00,7,0,1,0,5,0.00,99,0,0,0.00,10,1,30,12.86,99,0,0.00,99,0,0.00,0,0,0.00,0,0.00,8,0,0.00,9,0,0.00,0.00,0,0.00,0,0,0,0.00,0,0,0.00,99,0.00,0,N/A,N/A,N/A,N/A,0.00,0,0.00,0,0.00,0.00,0,80.00,0.00,17,99,0.00,0.00,0,13,13,0,0,0,0.00,0.00,0,24,6.38,0.00,0.00,0,0,0.00,0.00,99,0.00,0,0,0,0.00,0.00,0,0.00,0.00,0.00,0.00,0,0,0.00,45,0,0,46,0,0.01,51,0.01,0.13,0.00,7,0.00,0.00,1,0,0.00,0.00,0.00,0.00,5,0,0.00,7,14,0,75,0,47,2,0,0.00,99,0,0.00,0.00,12.86,1.00,1,0,0,89,0.00,0.00,0.00,1,12.86,0,0,0.00,0,0.00,99,0,0.00,0.00,30,0,36,12,0,0,0,0,0,28,46,65,59,0,31,5,15,15,0,0,16,36,N/A,N/A
Kauã Resende,18,1204704000,2008/03/05,Serie A,2026,Defender,Atlético Mineiro,297,90,207,Brazil,6,1,5,0,0,0,0,0,0,0,0,3,0,3,7,4,3,1,0,0,0,0,0,0,0,2.12,42,50,297,0,0.3,303,300,182,24,0,5.57,0,48,39.70,21.83,59,131,18.33,110,53,33.33,58,0.00,0.00,0.50,3,0.00,1.83,2.73,1.50,9,0.00,0.33,0.00,0.00,0.00,0.50,1.00,1.17,0.00,0.30,0.17,1.17,0.00,0.00,0.01,0.00,0.67,0.00,0.00,0,0,,1,0.17,13,0,0.00,17,1,0.30,20,0,3,3,93,0.00,99,0,3,0.91,58,11,68,3.33,80,0,0.00,99,0,0.00,0,0,0.00,0,0.91,54,7,2.12,77,6,1.82,85.71,0,0.00,0,0,0,0.00,0,7,0.00,1,2.12,90,N/A,N/A,N/A,N/A,0.00,0,0.00,0,0.05,0.00,0,83.97,0.00,17,81,0.17,0.30,1,93,95,0,0,0,0.67,1.21,4,97,33.42,1.33,2.42,8,0,0.00,0.00,99,0.00,0,0,0,0.00,0.00,0,0.00,0.00,0.00,0.00,0,0,0.00,45,0,4,46,1,0.33,36,0.06,0.10,0.05,16,0.01,0.02,14,1,0.17,0.30,0.91,0.50,29,3,0.02,15,1,66,75,0,47,64,0,0.00,99,4,0.00,1.21,8.79,4.83,29,20,85,50,6.06,3.33,68.97,2,0.61,49,0,27.27,0,0.00,99,3,0.50,0.91,83,3,56,12,0,0,0,0,0,28,46,65,59,0,21,98,40,75,1,17,62,36,0,0
Kauan Almeida Toledo,20,1145084400,2006/04/15,Serie A,2026,Forward,Botafogo,341,180,161,Brazil,6,3,3,0,0,0,2,2,0,0,0,1,0,1,4,2,2,0,0,0.53,0.53,0,0,0,0,1.06,85,57,0,171,0,230,3,-1,23,0,6.77,0.33,99,11.61,7.33,2,44,6.17,37,53,9.77,4,0.00,0.00,0.50,3,0.00,0.83,2.64,1.67,10,0.00,1.17,0.00,0.00,0.00,0.33,0.33,0.67,0.00,1.32,0.67,0.83,0.00,0.17,0.05,0.00,0.50,0.00,0.00,0,0,,5,0.83,59,1,0.26,46,4,1.06,68,6,2,4,93,0.00,99,0,2,0.53,38,5,30,1.32,56,0,0.00,99,0,0.00,0,0,0.00,0,0.79,47,5,1.32,59,2,0.53,40.00,0,0.00,0,0,0,0.00,0,4,0.00,57,1.06,31,N/A,N/A,N/A,N/A,0.00,0,0.00,0,0.29,0.00,0,84.09,20.00,31,35,0.50,0.79,3,53,37,0,0,0,0.00,0.00,0,24,40.62,0.83,1.32,5,0,0.00,0.00,99,0.00,0,0,0,0.00,0.00,0,0.00,0.00,0.00,0.00,0,0,0.00,45,0,4,46,57,1.32,97,0.22,0.35,0.29,41,0.05,0.08,87,8,1.33,2.11,2.38,1.50,96,9,0.08,40,51,48,75,0,47,44,0,0.00,99,3,0.00,0.79,13.99,8.83,53,23,86,94,6.07,3.83,43.40,7,1.85,6,0,0.00,0,0.00,99,0,0.00,0.00,30,8,46,97,0,0,0,0,0,90,46,65,59,0,21,32,15,15,0,0,16,59,0,0
Kauan Faria Gomes,23,1049698800,2003/04/07,Serie A,2026,Defender,Chapecoense,270,180,90,Brazil,3,2,1,0,0,0,0,0,0,0,0,1,1,0,5,3,2,0,0,0,0,0,0,0,0,1.67,54,90,0,0,0,-1,-1,-1,33,40000,6.75,0,48,36.33,36.33,51,109,31.33,94,68,31.33,53,0.00,0.00,0.00,0,0.00,0.00,0.00,0.00,0,0.00,0.00,0.00,0.00,0.00,0.00,0.00,1.67,0.00,0.67,0.33,0.00,0.00,0.33,0.05,0.00,2.67,0.00,0.00,0,0,,2,0.67,34,1,0.33,52,1,0.33,22,0,0,3,5,0.00,99,0,0,0.00,10,0,30,0.00,16,0,0.00,99,0,0.00,0,0,0.00,0,0.00,8,0,0.00,9,0,0.00,0.00,0,0.00,0,0,0,0.00,0,5,0.00,11,1.67,79,N/A,N/A,N/A,N/A,0.00,0,0.00,0,0.15,0.00,0,86.24,50.00,92,79,0.33,0.33,1,13,13,0,0,0,2.00,2.00,6,99,20.24,5.67,5.67,17,0,0.00,0.00,99,0.00,0,0,0,0.00,0.00,0,0.00,0.00,0.00,0.00,0,0,0.00,45,0,0,46,11,0.22,16,0.07,0.07,0.15,31,0.05,0.05,1,0,0.00,0.00,1.00,1.00,35,3,0.05,30,48,93,75,0,47,95,0,0.00,99,8,0.00,2.67,5.00,5.00,15,8,12,10,2.67,2.67,53.33,0,0.00,99,0,0.00,0,0.00,99,0,0.00,0.00,30,3,23,12,0,0,0,0,0,28,46,65,59,0,21,75,15,15,0,0,16,21,N/A,N/A
Kauan Jesus Santos Oliveira,23,1051426800,2003/04/27,Serie A,2026,Goalkeeper,Internacional,0,0,0,Brazil,0,0,0,0,0,0,0,0,0,0,0,0,0,0,0,0,0,0,0,0,0,0,0,0,0,0,0,0,0,0,0,-1,-1,-1,-1,N/A,N/A,N/A,N/A,N/A,N/A,N/A,N/A,N/A,N/A,N/A,N/A,N/A,N/A,N/A,N/A,N/A,N/A,N/A,N/A,N/A,N/A,N/A,N/A,N/A,N/A,N/A,N/A,N/A,N/A,N/A,N/A,N/A,N/A,N/A,N/A,N/A,N/A,N/A,N/A,N/A,N/A,N/A,N/A,N/A,N/A,N/A,N/A,N/A,N/A,N/A,N/A,N/A,N/A,N/A,N/A,N/A,N/A,N/A,N/A,N/A,N/A,N/A,N/A,N/A,N/A,N/A,N/A,N/A,N/A,N/A,N/A,N/A,N/A,N/A,N/A,N/A,N/A,N/A,N/A,N/A,N/A,N/A,N/A,N/A,N/A,N/A,N/A,N/A,N/A,N/A,N/A,N/A,N/A,N/A,N/A,N/A,N/A,N/A,N/A,N/A,N/A,N/A,N/A,N/A,N/A,N/A,N/A,N/A,N/A,N/A,N/A,N/A,N/A,N/A,N/A,N/A,N/A,N/A,N/A,N/A,N/A,N/A,N/A,N/A,N/A,N/A,N/A,N/A,N/A,N/A,N/A,N/A,N/A,N/A,N/A,N/A,N/A,N/A,N/A,N/A,N/A,N/A,N/A,N/A,N/A,N/A,N/A,N/A,N/A,N/A,N/A,N/A,N/A,N/A,N/A,N/A,N/A,N/A,N/A,N/A,N/A,N/A,N/A,N/A,N/A,N/A,N/A,N/A,N/A,N/A,N/A,N/A,N/A,N/A,N/A,N/A,N/A,N/A,N/A,N/A,N/A,N/A,N/A,N/A,N/A,N/A,N/A,N/A,N/A,N/A,N/A,N/A,N/A,N/A,N/A,N/A,N/A,N/A,N/A,N/A,N/A,N/A,N/A,N/A,N/A,N/A,N/A,N/A,N/A,N/A,N/A,N/A,N/A,N/A,N/A,N/A,N/A,N/A,N/A,N/A,N/A,N/A,N/A
Kauan Lima da Cunha,19,1171440000,2007/02/14,Serie A,2026,Goalkeeper,Palmeiras,0,0,0,Brazil,0,0,0,0,0,0,0,0,0,0,0,0,0,0,0,0,0,0,0,0,0,0,0,0,0,0,0,0,0,0,0,-1,-1,-1,-1,N/A,N/A,N/A,N/A,N/A,N/A,N/A,N/A,N/A,N/A,N/A,N/A,N/A,N/A,N/A,N/A,N/A,N/A,N/A,N/A,N/A,N/A,N/A,N/A,N/A,N/A,N/A,N/A,N/A,N/A,N/A,N/A,N/A,N/A,N/A,N/A,N/A,N/A,N/A,N/A,N/A,N/A,N/A,N/A,N/A,N/A,N/A,N/A,N/A,N/A,N/A,N/A,N/A,N/A,N/A,N/A,N/A,N/A,N/A,N/A,N/A,N/A,N/A,N/A,N/A,N/A,N/A,N/A,N/A,N/A,N/A,N/A,N/A,N/A,N/A,N/A,N/A,N/A,N/A,N/A,N/A,N/A,N/A,N/A,N/A,N/A,N/A,N/A,N/A,N/A,N/A,N/A,N/A,N/A,N/A,N/A,N/A,N/A,N/A,N/A,N/A,N/A,N/A,N/A,N/A,N/A,N/A,N/A,N/A,N/A,N/A,N/A,N/A,N/A,N/A,N/A,N/A,N/A,N/A,N/A,N/A,N/A,N/A,N/A,N/A,N/A,N/A,N/A,N/A,N/A,N/A,N/A,N/A,N/A,N/A,N/A,N/A,N/A,N/A,N/A,N/A,N/A,N/A,N/A,N/A,N/A,N/A,N/A,N/A,N/A,N/A,N/A,N/A,N/A,N/A,N/A,N/A,N/A,N/A,N/A,N/A,N/A,N/A,N/A,N/A,N/A,N/A,N/A,N/A,N/A,N/A,N/A,N/A,N/A,N/A,N/A,N/A,N/A,N/A,N/A,N/A,N/A,N/A,N/A,N/A,N/A,N/A,N/A,N/A,N/A,N/A,N/A,N/A,N/A,N/A,N/A,N/A,N/A,N/A,N/A,N/A,N/A,N/A,N/A,N/A,N/A,N/A,N/A,N/A,N/A,N/A,N/A,N/A,N/A,N/A,N/A,N/A,N/A,N/A,N/A,N/A,N/A,N/A,N/A
Kauan Santos Neves Coutinho,19,1173942000,2007/03/15,Serie A,2026,Defender,Vitória,0,0,0,Brazil,0,0,0,0,0,0,0,0,0,0,0,0,0,0,0,0,0,0,0,0,0,0,0,0,0,0,0,0,0,0,0,-1,-1,-1,-1,N/A,N/A,N/A,N/A,N/A,N/A,N/A,N/A,N/A,N/A,N/A,N/A,N/A,N/A,N/A,N/A,N/A,N/A,N/A,N/A,N/A,N/A,N/A,N/A,N/A,N/A,N/A,N/A,N/A,N/A,N/A,N/A,N/A,N/A,N/A,N/A,N/A,N/A,N/A,N/A,N/A,N/A,N/A,N/A,N/A,N/A,N/A,N/A,N/A,N/A,N/A,N/A,N/A,N/A,N/A,N/A,N/A,N/A,N/A,N/A,N/A,N/A,N/A,N/A,N/A,N/A,N/A,N/A,N/A,N/A,N/A,N/A,N/A,N/A,N/A,N/A,N/A,N/A,N/A,N/A,N/A,N/A,N/A,N/A,N/A,N/A,N/A,N/A,N/A,N/A,N/A,N/A,N/A,N/A,N/A,N/A,N/A,N/A,N/A,N/A,N/A,N/A,N/A,N/A,N/A,N/A,N/A,N/A,N/A,N/A,N/A,N/A,N/A,N/A,N/A,N/A,N/A,N/A,N/A,N/A,N/A,N/A,N/A,N/A,N/A,N/A,N/A,N/A,N/A,N/A,N/A,N/A,N/A,N/A,N/A,N/A,N/A,N/A,N/A,N/A,N/A,N/A,N/A,N/A,N/A,N/A,N/A,N/A,N/A,N/A,N/A,N/A,N/A,N/A,N/A,N/A,N/A,N/A,N/A,N/A,N/A,N/A,N/A,N/A,N/A,N/A,N/A,N/A,N/A,N/A,N/A,N/A,N/A,N/A,N/A,N/A,N/A,N/A,N/A,N/A,N/A,N/A,N/A,N/A,N/A,N/A,N/A,N/A,N/A,N/A,N/A,N/A,N/A,N/A,N/A,N/A,N/A,N/A,N/A,N/A,N/A,N/A,N/A,N/A,N/A,N/A,N/A,N/A,N/A,N/A,N/A,N/A,N/A,N/A,N/A,N/A,N/A,N/A,N/A,N/A,N/A,N/A,N/A,N/A
Kauan Vitor Silva Ferreira de Melo,20,1150354800,2006/06/15,Serie A,2026,Forward,Vitória,0,0,0,Brazil,0,0,0,0,0,0,0,0,0,0,0,0,0,0,0,0,0,0,0,0,0,0,0,0,0,0,0,0,0,0,0,-1,-1,-1,-1,N/A,N/A,N/A,N/A,N/A,N/A,N/A,N/A,N/A,N/A,N/A,N/A,N/A,N/A,N/A,N/A,N/A,N/A,N/A,N/A,N/A,N/A,N/A,N/A,N/A,N/A,N/A,N/A,N/A,N/A,N/A,N/A,N/A,N/A,N/A,N/A,N/A,N/A,N/A,N/A,N/A,N/A,N/A,N/A,N/A,N/A,N/A,N/A,N/A,N/A,N/A,N/A,N/A,N/A,N/A,N/A,N/A,N/A,N/A,N/A,N/A,N/A,N/A,N/A,N/A,N/A,N/A,N/A,N/A,N/A,N/A,N/A,N/A,N/A,N/A,N/A,N/A,N/A,N/A,N/A,N/A,N/A,N/A,N/A,N/A,N/A,N/A,N/A,N/A,N/A,N/A,N/A,N/A,N/A,N/A,N/A,N/A,N/A,N/A,N/A,N/A,N/A,N/A,N/A,N/A,N/A,N/A,N/A,N/A,N/A,N/A,N/A,N/A,N/A,N/A,N/A,N/A,N/A,N/A,N/A,N/A,N/A,N/A,N/A,N/A,N/A,N/A,N/A,N/A,N/A,N/A,N/A,N/A,N/A,N/A,N/A,N/A,N/A,N/A,N/A,N/A,N/A,N/A,N/A,N/A,N/A,N/A,N/A,N/A,N/A,N/A,N/A,N/A,N/A,N/A,N/A,N/A,N/A,N/A,N/A,N/A,N/A,N/A,N/A,N/A,N/A,N/A,N/A,N/A,N/A,N/A,N/A,N/A,N/A,N/A,N/A,N/A,N/A,N/A,N/A,N/A,N/A,N/A,N/A,N/A,N/A,N/A,N/A,N/A,N/A,N/A,N/A,N/A,N/A,N/A,N/A,N/A,N/A,N/A,N/A,N/A,N/A,N/A,N/A,N/A,N/A,N/A,N/A,N/A,N/A,N/A,N/A,N/A,N/A,N/A,N/A,N/A,N/A,N/A,N/A,N/A,N/A,N/A,N/A
Kauê Furquim,17,1235721600,2009/02/27,Serie A,2026,Forward,Bahia,176,91,85,Brazil,6,3,3,0,0,0,0,0,0,0,0,3,2,1,2,0,2,0,0,0,0,0,0,0,0,1.02,88,29,0,0,0,-1,-1,-1,29,45000,6.53,0,48,32.73,10.67,40,64,8.67,52,34,26.59,38,0.00,0.00,0.50,3,0.00,1.00,1.53,0.50,3,0.00,0.67,0.00,0.00,0.00,0.17,0.83,0.33,0.00,1.02,0.17,2.17,0.00,0.17,0.03,0.00,0.33,0.00,0.00,0,0,,2,0.33,50,1,0.51,68,1,0.51,36,3,5,1,56,0.00,99,0,1,0.51,36,6,84,3.07,77,0,0.00,99,0,0.00,0,0,0.00,0,1.53,81,13,6.65,99,5,2.56,38.46,0,0.00,0,0,0,0.00,0,2,0.00,63,1.02,27,N/A,N/A,N/A,N/A,0.00,0,0.00,0,0.20,0.00,0,81.25,50.00,92,61,0.17,0.51,1,98,33,0,0,0,0.00,0.00,0,24,39.17,0.00,0.00,0,0,0.00,0.00,99,0.00,0,0,0,0.00,0.00,0,0.00,0.00,0.00,0.00,0,0,0.00,45,0,4,46,63,0.20,36,0.03,0.10,0.20,50,0.03,0.10,99,9,1.50,4.60,1.53,0.50,68,3,0.10,48,20,0,75,0,47,56,0,0.00,99,2,0.00,1.02,19.43,6.33,38,17,98,99,8.69,2.83,44.74,4,2.05,5,0,33.33,0,0.00,99,2,0.33,1.02,86,0,74,72,0,0,0,0,0,28,46,65,59,0,21,98,15,15,0,0,16,57,N/A,N/A
Kauê Vinicius de Souza Camargo,22,1076227200,2004/02/08,Serie A,2026,Goalkeeper,Corinthians,270,90,180,Brazil,3,1,2,0,0,0,0,0,0,0,0,1,1,0,5,0,5,2,0,0,0,0,0,0,0,1.67,54,90,135,0,0.67,-1,-1,-1,18,48000,9.39,0,48,31.67,31.67,36,95,21.00,63,3,21.00,23,0.00,0.00,0.00,0,0.00,0.00,0.00,0.00,0,0.00,0.00,0.00,0.00,5.00,0.00,0.00,6.67,0.00,0.00,0.00,0.00,0.00,0.00,0.00,0.00,0.00,0.00,0.00,0,0,,0,0.00,7,0,0.00,17,0,0.00,7,0,0,3,5,0.00,99,0,0,0.00,10,0,30,0.00,16,0,0.00,99,0,0.00,0,0,0.00,0,0.00,8,0,0.00,9,0,0.00,0.00,0,0.00,0,15,88,5.00,99,20,0.00,11,6.67,99,N/A,N/A,N/A,N/A,75.00,0,0.00,0,0.00,0.00,0,66.32,0.00,17,79,0.33,0.33,1,13,13,0,0,3,0.00,0.00,0,24,28.17,0.67,0.67,2,0,0.00,0.00,99,0.00,0,0,0,0.00,0.00,1,0.33,0.33,0.00,0.00,0,0,0.00,45,0,0,46,11,0.12,6,0.04,0.04,0.00,7,0.00,0.00,15,1,0.33,0.33,0.00,0.00,5,0,0.00,7,99,23,75,30,47,2,0,0.00,99,0,0.00,0.00,0.67,0.67,2,1,4,6,0.33,0.33,50.00,0,0.00,99,0,0.00,0,0.00,99,0,0.00,0.00,30,3,23,12,0,0,0,0,0,28,46,65,59,0,22,75,17,98,1,33,94,51,N/A,N/A
Kayke Ferrari Guimarães,22,1083135600,2004/04/28,Serie A,2026,Forward,Corinthians,231,113,118,Brazil,6,3,3,0,0,0,0,0,0,0,0,4,2,2,0,0,0,0,0,0,0,0,0,0,0,0,0,39,0,0,0,-1,-1,-1,24,192000,5.55,0,48,25.32,10.83,21,65,9.17,55,56,21.43,24,0.00,0.00,0.17,1,0.00,1.00,4.29,1.83,11,0.00,0.50,0.00,0.00,0.00,0.00,0.83,0.00,0.00,0.78,0.17,2.17,0.00,0.17,0.03,0.00,0.17,0.00,0.00,0,0,,2,0.33,40,1,0.39,60,1,0.39,27,5,4,2,99,0.00,99,0,0,0.00,10,6,30,2.34,68,0,0.00,99,0,0.00,0,0,0.00,0,0.39,28,13,5.06,98,5,1.95,38.46,0,0.00,0,0,0,0.00,0,0,0.00,99,0.00,0,N/A,N/A,N/A,N/A,0.00,0,0.00,0,0.18,0.00,0,84.62,50.00,92,99,0.00,0.00,0,94,33,0,0,0,0.00,0.00,0,24,33.31,0.33,0.78,2,0,0.00,0.00,99,0.00,0,0,0,0.00,0.00,0,0.00,0.00,0.00,0.00,0,0,0.00,45,0,4,46,0,0.15,14,0.02,0.06,0.18,39,0.03,0.07,74,4,0.67,1.56,0.39,0.17,10,1,0.07,38,1,27,75,0,47,17,0,0.00,99,1,0.00,0.39,13.25,5.67,34,19,96,91,7.40,3.17,55.88,3,1.17,22,0,0.00,0,0.00,99,0,0.00,0.00,30,1,65,91,0,0,0,0,0,28,46,65,59,0,29,99,15,15,0,0,16,31,N/A,N/A
Kayky da Silva Chagas,23,1055314800,2003/06/11,Serie A,2026,Forward,Internacional,69,25,44,Brazil,6,4,2,0,0,0,0,0,0,0,0,2,2,0,0,0,0,0,0,0,0,0,0,0,0,0,0,12,0,0,0,-1,-1,-1,16,0,5.55,0,48,65.22,8.33,96,50,7.33,44,79,57.39,96,0.00,0.00,0.17,1,0.00,0.50,5.22,0.67,4,0.00,0.17,0.00,0.00,0.00,0.00,0.00,0.00,0.00,5.22,0.17,0.67,0.00,0.50,0.07,0.00,0.00,0.00,0.00,0,0,,4,0.67,99,3,3.91,99,1,1.30,78,0,6,0,99,0.00,99,0,0,0.00,10,3,30,3.91,85,0,0.00,99,0,0.00,0,0,0.00,0,1.30,74,4,5.22,98,0,0.00,0.00,0,0.00,0,0,0,0.00,0,0,0.00,99,0.00,0,N/A,N/A,N/A,N/A,0.00,0,0.00,0,0.42,0.00,0,88.00,75.00,99,99,0.00,0.00,0,13,13,0,0,0,0.00,0.00,0,24,33.28,0.00,0.00,0,0,0.00,0.00,99,0.00,0,0,0,0.00,0.00,0,0.00,0.00,0.00,0.00,0,0,0.00,45,0,4,46,0,0.13,69,0.02,0.17,0.42,98,0.07,0.55,94,2,0.33,2.61,0.00,0.00,5,0,0.55,97,1,0,75,0,47,2,0,0.00,99,0,0.00,0.00,15.65,2.00,12,6,98,98,7.83,1.00,50.00,1,1.30,18,0,0.00,0,0.00,99,0,0.00,0.00,30,0,79,12,0,0,0,0,0,28,46,65,59,0,21,75,15,15,0,0,16,11,0,0
Kayky Henrique Almeida Brandão da Silva,21,1114930800,2005/05/01,Serie A,2026,Defender,Remo,485,171,314,Brazil,7,3,4,0,0,0,0,0,0,0,0,0,0,0,11,4,7,1,0,0,0,0,0,0,0,2.04,44,69,485,0,0.19,355,356,180,36,0,6.62,0,48,37.67,29.00,54,203,22.57,158,23,29.32,48,0.00,0.00,0.14,1,0.00,1.29,1.11,0.86,6,0.00,0.00,0.00,0.00,0.00,1.57,0.29,1.71,0.00,0.93,0.43,0.29,0.00,0.29,0.07,0.00,1.43,0.00,0.00,0,0,,5,0.71,46,2,0.37,57,3,0.56,41,1,2,5,38,0.00,99,0,11,2.04,97,9,30,1.67,61,0,0.00,99,0,0.00,0,0,0.00,0,0.19,16,2,0.37,22,2,0.37,100.00,0,0.00,0,0,0,0.00,0,12,0.00,2,2.23,92,N/A,N/A,N/A,N/A,0.00,0,0.00,0,0.48,0.00,0,77.83,40.00,77,24,0.71,0.93,5,39,99,0,0,0,0.43,0.56,3,79,46.37,3.57,4.64,25,0,0.00,0.00,99,0.00,0,0,0,0.00,0.00,0,0.00,0.00,0.00,0.00,0,0,0.00,45,10,6,46,2,0.41,22,0.06,0.08,0.48,46,0.07,0.09,8,1,0.14,0.19,0.93,0.71,30,5,0.09,44,27,87,75,0,47,80,0,0.00,99,10,0.00,1.86,5.57,4.29,30,19,30,13,3.53,2.71,63.33,0,0.00,99,0,0.00,0,0.00,99,0,0.00,0.00,30,14,46,35,0,0,0,0,0,28,46,65,59,0,21,5,70,48,1,14,57,27,0,0
Keiller,29,846576000,1996/10/29,Serie A,2026,Goalkeeper,Coritiba,0,0,0,Brazil,0,0,0,0,0,0,0,0,0,0,0,0,0,0,0,0,0,0,0,0,0,0,0,0,0,0,0,0,0,0,0,-1,-1,-1,-1,N/A,N/A,N/A,N/A,N/A,N/A,N/A,N/A,N/A,N/A,N/A,N/A,N/A,N/A,N/A,N/A,N/A,N/A,N/A,N/A,N/A,N/A,N/A,N/A,N/A,N/A,N/A,N/A,N/A,N/A,N/A,N/A,N/A,N/A,N/A,N/A,N/A,N/A,N/A,N/A,N/A,N/A,N/A,N/A,N/A,N/A,N/A,N/A,N/A,N/A,N/A,N/A,N/A,N/A,N/A,N/A,N/A,N/A,N/A,N/A,N/A,N/A,N/A,N/A,N/A,N/A,N/A,N/A,N/A,N/A,N/A,N/A,N/A,N/A,N/A,N/A,N/A,N/A,N/A,N/A,N/A,N/A,N/A,N/A,N/A,N/A,N/A,N/A,N/A,N/A,N/A,N/A,N/A,N/A,N/A,N/A,N/A,N/A,N/A,N/A,N/A,N/A,N/A,N/A,N/A,N/A,N/A,N/A,N/A,N/A,N/A,N/A,N/A,N/A,N/A,N/A,N/A,N/A,N/A,N/A,N/A,N/A,N/A,N/A,N/A,N/A,N/A,N/A,N/A,N/A,N/A,N/A,N/A,N/A,N/A,N/A,N/A,N/A,N/A,N/A,N/A,N/A,N/A,N/A,N/A,N/A,N/A,N/A,N/A,N/A,N/A,N/A,N/A,N/A,N/A,N/A,N/A,N/A,N/A,N/A,N/A,N/A,N/A,N/A,N/A,N/A,N/A,N/A,N/A,N/A,N/A,N/A,N/A,N/A,N/A,N/A,N/A,N/A,N/A,N/A,N/A,N/A,N/A,N/A,N/A,N/A,N/A,N/A,N/A,N/A,N/A,N/A,N/A,N/A,N/A,N/A,N/A,N/A,N/A,N/A,N/A,N/A,N/A,N/A,N/A,N/A,N/A,N/A,N/A,N/A,N/A,N/A,N/A,N/A,N/A,N/A,N/A,N/A,N/A,N/A,N/A,N/A,N/A,N/A
Keno,36,621414000,1989/09/10,Serie A,2026,Forward,Coritiba,124,38,86,Brazil,7,2,5,0,0,0,0,0,0,0,0,1,0,1,0,0,0,0,0,0,0,0,0,0,0,0,0,18,0,0,0,-1,-1,-1,19,0,6.49,0,48,21.05,4.14,12,29,2.14,15,0,10.89,4,0.00,0.00,0.14,1,0.00,0.57,2.90,0.57,4,0.00,0.29,0.00,0.00,0.00,0.00,0.29,0.14,0.00,2.18,0.29,1.00,0.00,0.14,0.03,0.00,0.57,0.00,0.00,0,0,,3,0.43,80,1,0.73,78,2,1.45,82,0,7,0,94,0.00,99,0,0,0.00,10,4,30,2.90,75,0,0.00,99,0,0.00,0,0,0.00,0,0.73,44,7,5.08,98,2,1.45,28.57,0,0.00,0,0,0,0.00,0,1,0.00,99,0.73,5,N/A,N/A,N/A,N/A,0.00,0,0.00,0,0.23,0.00,0,51.72,33.33,62,4,0.29,1.45,2,86,20,0,0,0,0.00,0.00,0,24,45.45,0.14,0.73,1,0,0.00,0.00,99,0.00,0,0,0,0.00,0.00,0,0.00,0.00,0.73,0.14,1,0,0.00,45,0,6,46,0,0.08,14,0.01,0.06,0.23,64,0.03,0.17,99,5,0.71,3.63,1.45,0.29,62,2,0.17,62,19,25,75,0,96,97,0,0.00,99,4,0.00,2.90,22.50,4.43,31,14,99,99,10.16,2.00,45.16,2,1.45,13,0,0.00,0,0.00,99,0,0.00,0.00,30,0,85,12,0,0,0,0,0,28,46,65,59,0,21,27,15,15,0,0,16,20,0,0
Keny Alexander Arroyo Alvarado,20,1139904000,2006/02/14,Serie A,2026,Forward,Cruzeiro,1149,689,460,Ecuador,20,12,8,3,1,2,2,1,1,0,0,5,3,2,17,9,8,6,1,0.39,0.16,0.23,0.13,0.39,383,1.33,68,57,192,575,0.47,94,89,-1,4,950000,6.60,0.1,81,30.23,19.30,31,386,16.05,321,47,25.14,34,0.00,0.00,0.90,18,0.00,2.25,1.17,0.75,15,0.00,0.75,0.00,0.00,0.00,0.55,0.95,1.00,10.00,3.13,1.30,1.75,0.00,0.70,0.27,0.00,0.45,0.00,0.00,0,0,,40,2.00,96,14,1.10,93,26,2.04,96,1,6,14,42,0.00,99,0,11,0.86,54,45,32,3.52,82,0,0.00,99,0,0.00,0,0,0.00,0,1.41,78,35,2.74,86,19,1.49,54.29,0,0.00,0,0,0,0.00,0,20,0.00,32,1.57,73,N/A,N/A,N/A,N/A,0.00,0,0.00,0,5.42,0.00,0,83.16,35.00,65,75,0.25,0.39,5,87,62,0,0,0,0.00,0.00,0,24,132.00,0.40,0.63,8,0,0.00,0.00,99,0.00,0,0,0,0.00,0.00,0,0.00,0.00,0.16,0.10,2,0,10.00,65,58,82,65,33,2.60,79,0.13,0.20,5.42,93,0.27,0.42,82,24,1.20,1.88,1.41,0.90,59,18,0.42,91,24,21,75,0,76,41,0,0.00,99,9,0.00,0.70,10.34,6.60,132,67,71,69,5.25,3.35,50.76,15,1.17,22,0,8.89,0,0.00,99,4,0.20,0.31,58,64,79,35,0,0,0,0,0,81,81,92,66,0,66,54,24,91,5,25,85,99,N/A,N/A
Kerwin Vargas,24,1009958400,2002/01/02,Serie A,2026,Forward,Atlético PR,59,29,30,Colombia,2,1,1,1,1,0,0,0,0,0,0,1,0,1,1,1,0,0,0,1.53,0,1.53,3.1,0,59,1.53,59,30,0,0,0,-1,-1,-1,9,0,6.88,0,48,32.03,10.50,38,21,8.00,16,18,24.41,32,0.00,0.00,1.50,3,0.00,0.50,0.00,0.00,0,0.00,1.00,0.00,0.00,0.00,0.00,0.00,0.50,2.00,3.05,0.50,1.00,0.00,0.50,0.39,0.00,0.50,0.00,0.00,0,0,,2,1.00,95,1,1.53,98,1,1.53,84,0,2,0,5,0.00,99,0,0,0.00,10,1,99,1.53,59,0,0.00,99,0,0.00,0,0,0.00,0,4.58,99,2,3.05,89,0,0.00,0.00,0,0.00,0,0,0,0.00,0,1,0.00,17,1.53,71,N/A,N/A,N/A,N/A,0.00,0,0.00,0,0.77,0.00,0,76.19,50.00,92,3,0.50,1.53,1,13,13,0,0,0,0.00,0.00,0,24,13.76,0.00,0.00,0,0,0.00,0.00,99,0.00,0,0,0,0.00,0.00,0,0.00,0.00,0.00,0.00,0,0,50.00,99,0,0,46,19,0.15,85,0.07,0.23,0.77,99,0.39,1.17,72,1,0.50,1.53,0.00,0.00,5,0,1.17,99,66,0,75,0,47,73,0,0.00,99,1,0.00,1.53,10.68,3.50,7,2,20,73,3.05,1.00,28.57,2,3.05,0,0,100.00,0,0.00,99,1,0.50,1.53,94,0,46,12,0,0,0,0,0,99,99,65,99,0,21,98,15,15,0,0,16,18,0,0
Keven Samuel Moreira dos Santos,19,1169798400,2007/01/26,Serie A,2026,Forward,Fluminense,0,0,0,Brazil,0,0,0,0,0,0,0,0,0,0,0,0,0,0,0,0,0,0,0,0,0,0,0,0,0,0,0,0,0,0,0,-1,-1,-1,-1,N/A,N/A,N/A,N/A,N/A,N/A,N/A,N/A,N/A,N/A,N/A,N/A,N/A,N/A,N/A,N/A,N/A,N/A,N/A,N/A,N/A,N/A,N/A,N/A,N/A,N/A,N/A,N/A,N/A,N/A,N/A,N/A,N/A,N/A,N/A,N/A,N/A,N/A,N/A,N/A,N/A,N/A,N/A,N/A,N/A,N/A,N/A,N/A,N/A,N/A,N/A,N/A,N/A,N/A,N/A,N/A,N/A,N/A,N/A,N/A,N/A,N/A,N/A,N/A,N/A,N/A,N/A,N/A,N/A,N/A,N/A,N/A,N/A,N/A,N/A,N/A,N/A,N/A,N/A,N/A,N/A,N/A,N/A,N/A,N/A,N/A,N/A,N/A,N/A,N/A,N/A,N/A,N/A,N/A,N/A,N/A,N/A,N/A,N/A,N/A,N/A,N/A,N/A,N/A,N/A,N/A,N/A,N/A,N/A,N/A,N/A,N/A,N/A,N/A,N/A,N/A,N/A,N/A,N/A,N/A,N/A,N/A,N/A,N/A,N/A,N/A,N/A,N/A,N/A,N/A,N/A,N/A,N/A,N/A,N/A,N/A,N/A,N/A,N/A,N/A,N/A,N/A,N/A,N/A,N/A,N/A,N/A,N/A,N/A,N/A,N/A,N/A,N/A,N/A,N/A,N/A,N/A,N/A,N/A,N/A,N/A,N/A,N/A,N/A,N/A,N/A,N/A,N/A,N/A,N/A,N/A,N/A,N/A,N/A,N/A,N/A,N/A,N/A,N/A,N/A,N/A,N/A,N/A,N/A,N/A,N/A,N/A,N/A,N/A,N/A,N/A,N/A,N/A,N/A,N/A,N/A,N/A,N/A,N/A,N/A,N/A,N/A,N/A,N/A,N/A,N/A,N/A,N/A,N/A,N/A,N/A,N/A,N/A,N/A,N/A,N/A,N/A,N/A,N/A,N/A,N/A,N/A,N/A,N/A
Kevin Duvan Castaño Gil,25,970210800,2000/09/29,Serie A,2026,Midfielder,Atlético Mineiro,73,29,44,Colombia,2,1,1,0,0,0,0,0,0,0,0,2,1,1,0,0,0,1,0,0,0,0,0,0,0,0,0,37,73,0,1.23,-1,-1,-1,15,0,6.94,0,48,78.90,32.00,99,64,29.50,59,97,72.74,99,0.00,0.00,0.50,1,0.00,0.00,2.47,1.00,2,0.00,0.00,0.00,0.00,0.00,0.00,0.00,0.00,0.00,1.23,0.00,0.00,0.00,0.50,0.07,0.00,1.50,0.00,0.00,0,0,,1,0.50,57,1,1.23,95,0,0.00,7,0,2,0,89,0.00,99,0,0,0.00,10,0,30,0.00,16,0,0.00,99,0,0.00,0,0,0.00,0,1.23,70,0,0.00,9,0,0.00,0.00,0,0.00,0,0,0,0.00,0,0,0.00,99,0.00,0,N/A,N/A,N/A,N/A,0.00,0,0.00,0,0.13,0.00,0,92.19,100.00,99,99,0.00,0.00,0,13,13,0,0,0,1.00,2.47,2,99,13.87,1.00,2.47,2,0,0.00,0.00,99,0.00,0,0,0,0.00,0.00,0,0.00,0.00,0.00,0.00,0,0,0.00,45,0,0,46,0,0.18,83,0.09,0.22,0.13,63,0.07,0.16,1,0,0.00,0.00,3.70,1.50,99,3,0.16,61,77,66,75,0,47,99,0,0.00,99,3,0.00,3.70,9.86,4.00,8,5,88,66,6.16,2.50,62.50,0,0.00,99,0,0.00,0,0.00,99,0,0.00,0.00,30,0,46,12,0,0,0,0,0,28,46,65,59,0,21,99,15,99,1,50,99,15,0,0
Kevin Federik Ramírez Dutra,32,765187200,1994/04/01,Serie A,2026,Forward,Chapecoense,201,127,74,Uruguay,5,3,2,0,0,0,1,0,1,0,0,0,0,0,5,3,2,0,0,0.45,0.45,0,0,0,0,2.24,40,40,0,201,0,-1,-1,-1,16,0,6.60,0.2,99,22.84,10.20,16,51,6.80,34,4,15.22,11,0.00,0.00,0.40,2,0.00,0.60,0.90,0.40,2,0.00,0.40,0.00,0.00,0.00,0.20,0.00,1.20,0.00,3.58,1.00,0.20,0.00,0.60,0.11,0.00,1.00,0.00,0.00,0,0,,8,1.60,98,3,1.34,96,5,2.24,97,3,3,2,27,0.00,99,0,1,0.45,30,3,84,1.34,56,0,0.00,99,0,0.00,0,0,0.00,0,0.90,53,1,0.45,27,0,0.00,0.00,0,0.00,0,0,0,0.00,0,6,0.00,1,2.69,93,N/A,N/A,N/A,N/A,0.00,0,0.00,0,0.55,0.00,0,66.67,37.50,72,69,0.20,0.45,1,13,13,0,0,0,0.00,0.00,0,24,33.00,0.40,0.90,2,0,0.00,0.00,99,0.00,0,0,1,0.20,0.45,0,0.00,0.00,0.00,0.00,0,0,0.00,45,0,1,46,1,0.76,96,0.15,0.34,0.55,75,0.11,0.25,79,4,0.80,1.79,0.00,0.00,5,0,0.25,74,24,32,99,0,47,88,0,0.00,99,5,0.00,2.24,8.51,3.80,19,11,65,47,4.93,2.20,57.89,2,0.90,35,0,33.33,0,0.00,99,1,0.20,0.45,66,1,56,72,0,0,0,0,0,86,46,65,59,0,21,5,15,15,0,0,16,94,0,0
Kevin Steven Serna Jaramillo,28,882345600,1997/12/17,Serie A,2026,Forward,Fluminense,1258,551,707,Colombia,23,12,11,3,3,0,2,1,1,0,0,3,2,1,18,7,11,1,0,0.36,0.14,0.21,0.49,0,419,1.29,70,55,1258,629,0.07,99,106,-1,4,1000000,6.54,0.09,76,27.24,16.57,25,381,13.35,307,32,21.95,25,0.00,0.00,0.43,10,0.00,1.70,1.50,0.91,21,0.00,0.61,0.00,0.00,0.00,0.65,0.96,0.83,9.00,1.93,0.65,1.96,0.00,0.52,0.18,0.00,0.96,0.00,0.00,0,0,,27,1.17,74,12,0.86,84,15,1.07,69,1,9,14,55,0.00,99,0,15,1.07,69,39,64,2.79,74,0,0.00,99,0,0.00,0,0,0.00,0,0.71,43,45,3.22,90,22,1.57,48.89,0,0.00,0,0,0,0.00,0,19,0.00,35,1.36,58,N/A,N/A,N/A,N/A,0.00,0,0.00,0,4.12,0.00,0,80.58,44.44,84,48,0.39,0.64,9,89,51,0,0,0,0.09,0.14,2,40,150.41,0.52,0.86,12,0,0.00,0.00,99,0.00,0,0,2,0.09,0.14,0,0.00,0.00,0.43,0.26,6,0,11.11,70,64,99,67,35,2.20,65,0.10,0.16,4.12,81,0.18,0.29,77,24,1.04,1.72,1.43,0.87,61,20,0.29,79,21,30,93,0,90,74,0,0.00,99,22,0.00,1.57,11.65,7.09,163,88,90,81,6.29,3.83,53.99,14,1.00,29,0,25.64,0,0.00,99,10,0.43,0.71,79,64,94,35,0,0,0,0,0,80,79,65,93,0,69,26,93,22,1,4,18,90,N/A,N/A
Kevin Stiven Viveros Rodallega,26,954831600,2000/04/04,Serie A,2026,Forward,Atlético PR,1963,1076,887,Colombia,22,12,10,14,10,4,3,2,1,0,0,8,5,3,17,7,10,4,0,0.78,0.14,0.64,0.84,0.41,140,0.78,115,89,491,654,0.18,4,103,-1,1,1300000,7.03,0.14,76,9.54,9.45,1,208,7.23,159,19,7.29,1,0.00,0.00,0.68,15,0.00,0.59,0.18,0.18,4,0.00,1.41,0.00,0.00,0.00,0.05,0.50,0.86,4.43,2.84,1.23,2.14,0.00,1.59,0.64,0.00,0.50,0.00,0.00,0,0,,62,2.82,92,35,1.61,99,27,1.24,76,2,0,22,8,0.00,99,0,1,0.05,11,13,56,0.60,44,0,0.00,99,0,0.00,0,0,0.00,0,0.69,42,47,2.16,78,11,0.50,23.40,0,0.00,0,0,0,0.00,0,19,0.00,88,0.87,13,N/A,N/A,N/A,N/A,0.00,0,0.00,0,14.04,0.00,0,76.44,56.45,95,80,0.32,0.32,7,51,16,2,0,0,0.09,0.09,2,30,154.58,0.77,0.78,17,0,0.00,0.00,99,0.00,0,2,2,0.09,0.09,0,0.00,0.00,0.87,0.86,19,4,22.58,93,97,94,47,88,2.63,45,0.12,0.12,12.64,99,0.57,0.58,98,70,3.18,3.21,2.25,2.23,94,49,0.64,99,86,27,87,0,98,26,0,0.00,99,11,0.00,0.50,12.06,11.95,263,96,48,85,4.40,4.36,36.50,31,1.42,14,0,23.08,0,0.00,99,3,0.14,0.14,43,96,23,56,0,3,0,14,0,98,99,93,99,0,78,80,70,45,4,18,67,9,N/A,N/A
Khellven,25,983088000,2001/02/25,Serie A,2026,Defender,Palmeiras,808,311,497,Brazil,16,7,9,0,0,0,0,0,0,0,0,4,1,3,8,3,5,3,0,0,0,0,0,0,0,0.89,101,51,269,0,0.33,305,303,40,28,1200000,6.16,0,48,41.44,23.25,62,372,18.81,301,33,33.53,60,0.00,0.00,0.50,8,0.00,1.25,2.45,1.38,22,0.00,0.50,0.00,0.00,0.00,0.50,0.38,0.56,0.00,0.45,0.25,1.25,0.00,0.00,0.01,0.00,0.44,0.00,0.00,0,0,,4,0.25,20,0,0.00,17,4,0.45,33,4,7,9,88,0.00,99,0,8,0.89,56,20,62,2.23,68,0,0.00,99,0,0.00,0,0,0.00,0,0.89,53,20,2.23,79,6,0.67,30.00,0,0.00,0,0,0,0.00,0,9,0.00,78,1.00,25,N/A,N/A,N/A,N/A,0.00,0,0.00,0,0.21,0.00,0,80.91,0.00,17,28,0.50,0.89,8,61,22,0,0,0,0.38,0.67,6,84,98.58,1.81,3.23,29,1,0.00,0.11,2,0.06,0,0,0,0.00,0.00,0,0.00,0.00,0.00,0.00,0,0,0.00,45,34,50,46,78,0.90,36,0.06,0.10,0.21,16,0.01,0.02,40,7,0.44,0.78,1.89,1.06,85,17,0.02,15,7,76,75,0,47,43,0,0.00,99,7,0.00,0.78,10.47,5.88,94,41,53,71,4.57,2.56,43.62,8,0.89,36,0,25.00,0,0.00,99,5,0.31,0.56,71,37,85,83,0,0,0,0,0,28,46,65,59,0,76,54,35,80,3,19,69,12,N/A,N/A
Kone Mohamed,18,1192863600,2007/10/20,Serie A,2026,Defender,Palmeiras,0,0,0,Ivory Coast,0,0,0,0,0,0,0,0,0,0,0,0,0,0,0,0,0,0,0,0,0,0,0,0,0,0,0,0,0,0,0,-1,-1,-1,-1,N/A,N/A,N/A,N/A,N/A,N/A,N/A,N/A,N/A,N/A,N/A,N/A,N/A,N/A,N/A,N/A,N/A,N/A,N/A,N/A,N/A,N/A,N/A,N/A,N/A,N/A,N/A,N/A,N/A,N/A,N/A,N/A,N/A,N/A,N/A,N/A,N/A,N/A,N/A,N/A,N/A,N/A,N/A,N/A,N/A,N/A,N/A,N/A,N/A,N/A,N/A,N/A,N/A,N/A,N/A,N/A,N/A,N/A,N/A,N/A,N/A,N/A,N/A,N/A,N/A,N/A,N/A,N/A,N/A,N/A,N/A,N/A,N/A,N/A,N/A,N/A,N/A,N/A,N/A,N/A,N/A,N/A,N/A,N/A,N/A,N/A,N/A,N/A,N/A,N/A,N/A,N/A,N/A,N/A,N/A,N/A,N/A,N/A,N/A,N/A,N/A,N/A,N/A,N/A,N/A,N/A,N/A,N/A,N/A,N/A,N/A,N/A,N/A,N/A,N/A,N/A,N/A,N/A,N/A,N/A,N/A,N/A,N/A,N/A,N/A,N/A,N/A,N/A,N/A,N/A,N/A,N/A,N/A,N/A,N/A,N/A,N/A,N/A,N/A,N/A,N/A,N/A,N/A,N/A,N/A,N/A,N/A,N/A,N/A,N/A,N/A,N/A,N/A,N/A,N/A,N/A,N/A,N/A,N/A,N/A,N/A,N/A,N/A,N/A,N/A,N/A,N/A,N/A,N/A,N/A,N/A,N/A,N/A,N/A,N/A,N/A,N/A,N/A,N/A,N/A,N/A,N/A,N/A,N/A,N/A,N/A,N/A,N/A,N/A,N/A,N/A,N/A,N/A,N/A,N/A,N/A,N/A,N/A,N/A,N/A,N/A,N/A,N/A,N/A,N/A,N/A,N/A,N/A,N/A,N/A,N/A,N/A,N/A,N/A,N/A,N/A,N/A,N/A,N/A,N/A,N/A,N/A,N/A,N/A
Larson Torna Ferreira dos Santos,21,1120978800,2005/07/10,Serie A,2026,Midfielder,Palmeiras,51,51,0,Brazil,4,4,0,0,0,0,0,0,0,0,0,2,2,0,0,0,0,0,0,0,0,0,0,0,0,0,0,13,0,0,0,-1,-1,-1,15,103174,6.54,0,48,56.47,8.00,90,32,7.00,28,77,49.41,90,0.00,0.00,0.00,0,0.00,0.00,1.76,0.25,1,0.00,0.00,0.00,0.00,0.00,0.00,0.00,0.00,0.00,3.53,0.25,0.25,0.00,0.25,0.04,0.00,0.00,0.00,0.00,0,0,,2,0.50,98,1,1.76,99,1,1.76,90,0,4,0,67,0.00,99,0,0,0.00,10,0,30,0.00,16,0,0.00,99,0,0.00,0,0,0.00,0,0.00,8,1,1.76,70,0,0.00,0.00,0,0.00,0,0,0,0.00,0,0,0.00,99,0.00,0,N/A,N/A,N/A,N/A,0.00,0,0.00,0,0.18,0.00,0,87.50,50.00,92,2,0.25,1.76,1,13,13,0,0,0,0.00,0.00,0,24,26.17,0.25,1.76,1,0,0.00,0.00,99,0.00,0,0,0,0.00,0.00,0,0.00,0.00,0.00,0.00,0,0,0.00,45,0,0,46,0,0.06,40,0.01,0.11,0.18,85,0.04,0.32,78,1,0.25,1.76,3.53,0.50,99,2,0.32,83,21,56,75,0,47,2,0,0.00,99,0,0.00,0.00,14.12,2.00,8,2,30,94,3.53,0.50,25.00,0,0.00,99,0,0.00,0,0.00,99,0,0.00,0.00,30,0,65,12,0,0,0,0,0,28,46,65,59,0,23,98,15,15,0,0,16,48,N/A,N/A
Lautaro Díaz,28,895734000,1998/05/21,Serie A,2026,Forward,Santos,238,36,202,Argentina,8,3,5,1,0,1,0,0,0,0,0,1,1,0,8,1,7,0,0,0.38,0,0.38,0,0.45,238,3.03,30,30,0,0,0,-1,-1,-1,11,0,4.99,0,48,18.53,6.12,8,49,4.25,34,6,12.86,7,0.00,0.00,0.50,4,0.00,0.12,1.51,0.50,4,0.00,0.25,0.00,0.00,0.00,0.12,0.25,1.12,7.00,2.65,0.62,0.75,0.00,0.25,0.14,0.00,0.75,0.00,0.00,0,0,,7,0.88,89,2,0.76,80,5,1.89,93,1,6,2,55,0.00,99,0,1,0.38,26,1,30,0.38,36,0,0.00,99,0,0.00,0,0,0.00,0,1.51,80,6,2.27,80,2,0.76,33.33,0,0.00,0,0,0,0.00,0,9,0.00,0,3.40,94,N/A,N/A,N/A,N/A,0.00,0,0.00,0,1.10,0.00,0,69.39,28.57,47,14,0.38,1.13,3,66,27,0,0,0,0.12,0.38,1,65,39.88,0.12,0.38,1,0,0.00,0.00,99,0.00,0,0,1,0.12,0.38,0,0.00,0.00,0.00,0.00,0,0,14.29,81,0,8,54,0,0.19,16,0.02,0.07,1.10,93,0.14,0.42,17,1,0.12,0.38,0.76,0.25,23,2,0.42,91,0,8,99,0,47,88,0,0.00,99,6,0.00,2.27,13.24,4.38,35,12,52,91,4.54,1.50,34.29,2,0.76,41,0,0.00,0,0.00,99,0,0.00,0.00,30,1,79,35,0,0,0,0,0,81,92,95,59,0,21,26,15,15,0,0,16,19,0,0
Lawan Kennyd Gabriel Santos,21,1117004400,2005/05/25,Serie A,2026,Forward,Vitória,12,0,12,Brazil,1,0,1,0,0,0,0,0,0,0,0,0,0,0,1,0,1,1,0,0,0,0,0,0,0,7.5,12,12,12,0,7.5,-1,-1,-1,23,50000,6.36,0,48,15.00,2.00,4,2,1.00,1,0,7.50,1,0.00,0.00,0.00,0,0.00,0.00,0.00,0.00,0,0.00,0.00,0.00,0.00,0.00,0.00,0.00,1.00,0.00,0.00,0.00,0.00,0.00,0.00,0.00,0.00,1.00,0.00,0.00,0,0,,0,0.00,7,0,0.00,17,0,0.00,7,0,1,0,5,0.00,99,0,0,0.00,10,0,30,0.00,16,0,0.00,99,0,0.00,0,0,0.00,0,0.00,8,0,0.00,9,0,0.00,0.00,0,0.00,0,0,0,0.00,0,1,0.00,0,7.50,99,N/A,N/A,N/A,N/A,0.00,0,0.00,0,0.00,0.00,0,50.00,0.00,17,99,0.00,0.00,0,13,13,0,0,0,0.00,0.00,0,24,6.36,0.00,0.00,0,0,0.00,0.00,99,0.00,0,0,0,0.00,0.00,0,0.00,0.00,0.00,0.00,0,0,0.00,45,0,0,46,0,0.00,0,0.00,0.00,0.00,7,0.00,0.00,1,0,0.00,0.00,7.50,1.00,99,1,0.00,7,13,0,75,0,47,99,0,0.00,99,1,0.00,7.50,30.00,4.00,4,1,96,99,7.50,1.00,25.00,0,0.00,99,0,0.00,0,0.00,99,0,0.00,0.00,30,0,36,12,0,0,0,0,0,28,46,65,59,0,22,5,15,99,1,100,99,63,N/A,N/A
Leandro Emmanuel Martínez,32,770713200,1994/06/04,Serie A,2026,Midfielder,Vitória,1478,785,693,Argentina,20,11,9,0,0,0,0,0,0,0,0,8,7,1,15,2,13,8,0,0,0,0,0,0,0,0.91,99,74,185,0,0.49,291,265,-1,24,220000,6.72,0,48,40.74,33.45,61,669,29.00,580,72,35.32,63,0.00,0.00,0.85,17,0.00,0.30,1.77,1.45,29,0.00,0.40,0.00,0.00,0.00,0.80,0.45,1.00,0.00,0.55,0.35,0.85,0.00,0.10,0.03,0.00,0.25,0.00,0.00,0,0,,9,0.45,26,2,0.12,27,7,0.43,31,6,3,17,68,0.00,99,0,16,0.97,61,6,41,0.37,36,0,0.00,99,0,0.00,0,0,0.00,0,1.04,61,17,1.04,49,9,0.55,52.94,0,0.00,0,0,0,0.00,0,20,0.00,76,1.22,48,N/A,N/A,N/A,N/A,0.00,0,0.00,0,0.65,0.00,0,86.70,22.22,33,4,1.20,1.46,24,55,61,0,0,0,0.45,0.55,9,78,134.37,1.25,1.52,25,0,0.00,0.00,99,0.00,0,0,0,0.00,0.00,0,0.00,0.00,0.06,0.05,1,0,0.00,45,79,82,46,76,1.77,40,0.09,0.11,0.65,26,0.03,0.04,83,32,1.60,1.95,1.95,1.60,88,32,0.04,25,43,53,75,0,54,13,0,0.00,99,5,0.00,0.30,9.56,7.85,157,74,52,62,4.51,3.70,47.13,8,0.49,59,0,16.67,0,0.00,99,1,0.05,0.06,33,80,56,97,0,0,0,0,0,28,46,65,59,0,30,89,23,93,8,40,97,6,N/A,N/A
Léo Andrade,28,892882800,1998/04/18,Serie A,2026,Defender,Remo,294,180,114,Brazil,4,2,2,0,0,0,0,0,0,0,0,0,0,0,6,3,3,1,0,0,0,0,0,0,0,1.84,49,74,294,0,0.31,357,357,169,27,195000,6.47,0,48,35.20,28.75,48,115,22.75,91,28,27.86,44,0.00,0.00,0.00,0,0.00,0.75,2.76,2.25,9,0.00,0.00,0.00,0.00,0.00,1.25,0.00,1.75,0.00,0.00,0.00,0.00,0.00,0.00,0.00,0.00,0.50,0.00,0.00,0,0,,0,0.00,7,0,0.00,17,0,0.00,7,0,1,3,94,0.00,99,0,5,1.53,89,3,30,0.92,51,0,0.00,99,0,0.00,0,0,0.00,0,0.00,8,0,0.00,9,0,0.00,0.00,0,0.00,0,0,0,0.00,0,7,0.00,7,2.14,91,N/A,N/A,N/A,N/A,0.00,0,0.00,0,0.00,0.00,0,79.13,0.00,17,50,0.50,0.61,2,13,13,0,0,0,0.75,0.92,3,93,25.87,2.25,2.76,9,1,0.00,0.31,0,0.25,0,0,0,0.00,0.00,0,0.00,0.00,0.00,0.00,0,0,0.00,45,0,0,46,7,0.17,10,0.04,0.05,0.00,7,0.00,0.00,14,1,0.25,0.31,1.22,1.00,51,4,0.00,7,19,71,75,0,47,33,0,0.00,99,2,0.00,0.61,7.35,6.00,24,12,33,34,3.67,3.00,50.00,0,0.00,99,0,0.00,0,0.00,99,0,0.00,0.00,30,3,36,12,0,0,0,0,0,28,46,65,59,0,29,5,39,77,1,25,85,5,N/A,N/A
Léo Jardim,31,795686400,1995/03/20,Serie A,2026,Goalkeeper,Vasco da Gama,2070,1080,990,Brazil,23,12,11,0,0,0,0,0,0,0,0,2,1,1,35,16,19,1,0,0,0,0,0,0,0,1.52,59,90,2070,0,0.04,393,392,148,29,2000000,6.64,0,48,20.91,20.91,12,481,14.22,327,5,14.22,9,0.00,0.00,0.00,0,0.00,0.00,0.00,0.00,0,0.00,0.00,0.00,0.00,2.83,0.00,0.00,4.48,0.00,0.00,0.00,0.00,0.00,0.00,0.00,0.00,0.17,0.00,0.00,0,0,,0,0.00,7,0,0.00,17,0,0.00,7,0,0,23,5,0.00,99,0,0,0.00,10,0,30,0.00,16,0,0.00,99,0,0.00,0,0,0.00,0,0.00,8,0,0.00,9,0,0.00,0.00,0,0.00,0,65,26,2.83,56,103,0.00,19,4.48,97,N/A,N/A,N/A,N/A,63.11,0,0.00,0,0.00,0.00,0,67.98,0.00,17,94,0.04,0.04,1,13,13,0,0,37,0.00,0.00,0,24,152.70,1.22,1.22,28,0,0.00,0.00,99,0.00,0,0,0,0.00,0.00,13,0.57,0.57,0.00,0.00,0,0,0.00,45,99,99,46,19,0.65,4,0.03,0.03,0.00,7,0.00,0.00,2,2,0.09,0.09,0.04,0.04,5,1,0.00,7,30,43,75,70,47,7,0,0.00,99,4,0.00,0.17,0.35,0.35,8,5,2,3,0.22,0.22,62.50,0,0.00,99,0,0.00,0,0.00,99,0,0.00,0.00,30,99,23,12,0,0,0,0,0,28,46,65,59,0,90,16,99,16,1,4,18,1,N/A,N/A
Leonardo Caetano Silva,27,912844800,1998/12/05,Serie A,2026,Forward,Atlético PR,424,154,270,Brazil,10,3,7,3,1,2,0,0,0,0,0,4,2,2,2,0,2,1,0,0.64,0,0.64,0.58,0.67,141,0.42,212,42,424,0,0.21,5,365,-1,3,200000,6.25,0,48,34.52,16.30,45,163,12.80,128,25,27.11,42,0.00,0.00,1.00,10,0.00,1.30,1.69,0.80,8,0.00,0.20,0.00,0.00,0.00,0.20,0.30,0.20,6.67,4.24,1.60,1.00,0.00,0.40,0.30,0.00,0.40,0.00,0.00,0,0,,20,2.00,99,4,0.85,84,16,3.39,99,1,5,5,63,0.00,99,0,2,0.42,29,13,76,2.75,73,0,0.00,99,0,0.00,0,0,0.00,0,2.12,92,10,2.12,77,3,0.64,30.00,0,0.00,0,0,0,0.00,0,2,0.00,99,0.42,1,N/A,N/A,N/A,N/A,0.00,0,0.00,0,3.04,0.00,0,78.53,20.00,31,16,0.50,1.06,5,59,22,0,0,0,0.00,0.00,0,24,62.47,0.20,0.42,2,0,0.00,0.00,99,0.00,0,0,1,0.10,0.21,0,0.00,0.00,0.00,0.00,0,0,15.00,81,5,17,47,99,0.67,55,0.07,0.14,3.04,99,0.30,0.64,71,7,0.70,1.48,1.27,0.60,53,6,0.64,99,11,10,97,0,47,47,0,0.00,99,4,0.00,0.85,9.74,4.60,46,22,57,65,4.66,2.20,47.83,2,0.42,63,0,30.77,0,0.00,99,4,0.40,0.85,83,14,74,35,0,1,0,10,0,96,99,98,96,0,30,89,61,55,1,10,42,21,N/A,N/A
Leonardo Da Silva Vieira,35,653986800,1990/09/22,Serie A,2026,Goalkeeper,Bahia,1395,810,585,Brazil,16,9,7,0,0,0,0,0,0,0,0,2,2,0,23,13,10,1,0,0,0,0,0,0,0,1.48,61,87,1395,0,0.06,429,422,141,19,100000,7.16,0,48,22.90,22.19,16,355,17.56,281,28,18.13,19,0.00,0.00,0.00,0,0.00,0.00,0.06,0.06,1,0.00,0.00,0.00,0.00,4.25,0.00,0.00,5.69,0.00,0.00,0.00,0.00,0.00,0.00,0.00,0.00,0.19,0.00,0.00,0,0,,0,0.00,7,0,0.00,17,0,0.00,7,1,0,16,6,0.00,99,0,0,0.00,10,0,30,0.00,16,0,0.00,99,0,0.00,0,0,0.00,0,0.00,8,0,0.00,9,0,0.00,0.00,0,0.00,0,68,85,4.39,99,91,0.00,22,5.87,99,N/A,N/A,N/A,N/A,74.73,0,0.00,0,0.00,0.00,0,79.15,0.00,17,94,0.06,0.06,1,13,13,0,0,35,0.00,0.00,0,24,114.52,1.50,1.55,24,0,0.00,0.00,99,0.00,0,0,0,0.00,0.00,7,0.44,0.45,0.00,0.00,0,0,0.00,45,73,50,46,23,0.68,6,0.04,0.04,0.00,7,0.00,0.00,8,3,0.19,0.19,0.00,0.00,5,0,0.00,7,95,54,75,52,47,7,0,0.00,99,3,0.00,0.19,0.45,0.44,7,6,4,4,0.39,0.38,85.71,0,0.00,99,0,0.00,0,0.00,99,0,0.00,0.00,30,76,23,35,0,0,0,0,0,28,46,65,59,0,23,26,96,19,1,6,29,12,N/A,N/A
Leonardo de Aragão Carvalho,24,1019199600,2002/04/19,Serie A,2026,Goalkeeper,Cruzeiro,0,0,0,Brazil,0,0,0,0,0,0,0,0,0,0,0,0,0,0,0,0,0,0,0,0,0,0,0,0,0,0,0,0,0,0,0,-1,-1,-1,-1,N/A,N/A,N/A,N/A,N/A,N/A,N/A,N/A,N/A,N/A,N/A,N/A,N/A,N/A,N/A,N/A,N/A,N/A,N/A,N/A,N/A,N/A,N/A,N/A,N/A,N/A,N/A,N/A,N/A,N/A,N/A,N/A,N/A,N/A,N/A,N/A,N/A,N/A,N/A,N/A,N/A,N/A,N/A,N/A,N/A,N/A,N/A,N/A,N/A,N/A,N/A,N/A,N/A,N/A,N/A,N/A,N/A,N/A,N/A,N/A,N/A,N/A,N/A,N/A,N/A,N/A,N/A,N/A,N/A,N/A,N/A,N/A,N/A,N/A,N/A,N/A,N/A,N/A,N/A,N/A,N/A,N/A,N/A,N/A,N/A,N/A,N/A,N/A,N/A,N/A,N/A,N/A,N/A,N/A,N/A,N/A,N/A,N/A,N/A,N/A,N/A,N/A,N/A,N/A,N/A,N/A,N/A,N/A,N/A,N/A,N/A,N/A,N/A,N/A,N/A,N/A,N/A,N/A,N/A,N/A,N/A,N/A,N/A,N/A,N/A,N/A,N/A,N/A,N/A,N/A,N/A,N/A,N/A,N/A,N/A,N/A,N/A,N/A,N/A,N/A,N/A,N/A,N/A,N/A,N/A,N/A,N/A,N/A,N/A,N/A,N/A,N/A,N/A,N/A,N/A,N/A,N/A,N/A,N/A,N/A,N/A,N/A,N/A,N/A,N/A,N/A,N/A,N/A,N/A,N/A,N/A,N/A,N/A,N/A,N/A,N/A,N/A,N/A,N/A,N/A,N/A,N/A,N/A,N/A,N/A,N/A,N/A,N/A,N/A,N/A,N/A,N/A,N/A,N/A,N/A,N/A,N/A,N/A,N/A,N/A,N/A,N/A,N/A,N/A,N/A,N/A,N/A,N/A,N/A,N/A,N/A,N/A,N/A,N/A,N/A,N/A,N/A,N/A,N/A,N/A,N/A,N/A,N/A,N/A
Leonardo Derik Dias Gonçalves,21,1122188400,2005/07/24,Serie A,2026,Defender,Atlético PR,546,170,376,Brazil,11,5,6,0,0,0,0,0,0,0,0,3,1,2,3,1,2,0,0,0,0,0,0,0,0,0.49,182,50,0,0,0,335,349,6,26,120000,6.06,0,48,35.54,19.64,49,216,16.64,183,57,30.11,50,0.00,0.00,0.27,3,0.00,1.64,2.47,1.36,15,0.00,0.55,0.00,0.00,0.00,0.64,0.91,0.45,0.00,0.49,0.18,1.64,0.00,0.09,0.02,0.00,0.64,0.00,0.00,0,0,,3,0.27,23,1,0.16,33,2,0.33,22,3,7,4,89,0.00,99,0,7,1.15,74,18,54,2.96,76,0,0.00,99,0,0.00,0,0,0.00,0,0.49,34,18,2.96,88,10,1.65,55.56,0,0.00,0,0,0,0.00,0,5,0.00,97,0.82,9,N/A,N/A,N/A,N/A,0.00,0,0.00,0,0.21,0.00,0,84.72,33.33,62,13,0.64,1.15,7,91,65,0,0,0,0.27,0.49,3,75,66.62,1.45,2.63,16,0,0.00,0.00,99,0.00,0,0,0,0.00,0.00,0,0.00,0.00,0.00,0.00,0,0,0.00,45,14,21,46,97,0.54,32,0.05,0.09,0.21,20,0.02,0.03,6,1,0.09,0.16,0.16,0.09,7,1,0.03,19,6,69,75,0,47,61,0,0.00,99,7,0.00,1.15,10.53,5.82,64,33,74,72,5.43,3.00,51.56,6,0.99,30,0,22.22,0,0.00,99,4,0.36,0.66,76,8,85,72,0,0,0,0,0,28,46,65,59,0,24,58,15,15,0,0,16,61,N/A,N/A
Leonardo Matias Baiersdorf Linck,25,983606400,2001/03/03,Serie A,2026,Goalkeeper,Botafogo,90,90,0,Brazil,1,1,0,0,0,0,0,0,0,0,0,0,0,0,1,1,0,0,0,0,0,0,0,0,0,1,90,90,0,0,0,-1,-1,-1,27,800000,7.96,0,48,35.00,35.00,47,35,18.00,18,0,18.00,18,0.00,0.00,0.00,0,0.00,0.00,0.00,0.00,0,0.00,0.00,0.00,0.00,8.00,0.00,0.00,9.00,0.00,0.00,0.00,0.00,0.00,0.00,0.00,0.00,0.00,0.00,0.00,0,0,,0,0.00,7,0,0.00,17,0,0.00,7,0,0,1,5,0.00,99,0,0,0.00,10,0,30,0.00,16,0,0.00,99,0,0.00,0,0,0.00,0,0.00,8,0,0.00,9,0,0.00,0.00,0,0.00,0,8,99,8.00,99,9,0.00,66,9.00,99,N/A,N/A,N/A,N/A,88.89,0,0.00,0,0.00,0.00,0,51.43,0.00,17,99,0.00,0.00,0,13,13,0,0,6,0.00,0.00,0,24,7.96,1.00,1.00,1,0,0.00,0.00,99,0.00,0,0,0,0.00,0.00,1,1.00,1.00,0.00,0.00,0,0,0.00,45,0,0,46,67,0.04,6,0.04,0.04,0.00,7,0.00,0.00,1,0,0.00,0.00,0.00,0.00,5,0,0.00,7,99,37,75,96,47,2,0,0.00,99,0,0.00,0.00,0.00,0.00,0,0,0,0,0.00,0.00,0.00,0,0.00,99,0,0.00,0,0.00,99,0,0.00,0.00,30,0,23,12,0,0,0,0,0,28,46,65,59,0,61,5,15,15,0,0,16,24,N/A,N/A
Leonardo Pereira,30,823075200,1996/01/31,Serie A,2026,Defender,Flamengo,1627,810,817,Brazil,19,9,10,2,1,1,1,1,0,0,0,8,4,4,13,6,7,6,0,0.17,0.06,0.11,0.11,0.11,814,0.72,125,86,271,1627,0.33,169,190,18,8,1400000,7.19,0.05,55,74.46,70.84,99,1346,65.89,1252,98,69.26,99,0.00,0.00,0.37,7,0.00,0.42,1.00,0.95,18,0.00,0.11,0.00,0.00,0.00,1.16,0.00,0.79,9.00,1.00,0.68,0.05,0.00,0.26,0.13,0.00,1.37,0.00,0.00,0,0,,18,0.95,50,5,0.28,49,13,0.72,50,1,0,19,34,0.00,99,0,22,1.22,79,8,62,0.44,39,0,0.00,99,0,0.00,0,0,0.00,0,0.39,28,1,0.06,11,0,0.00,0.00,0,0.00,0,0,0,0.00,0,15,0.00,92,0.83,10,N/A,N/A,N/A,N/A,0.00,0,0.00,0,2.39,0.00,0,93.02,27.78,45,62,0.47,0.50,9,13,13,0,0,0,0.89,0.94,17,93,136.58,4.11,4.31,78,0,0.00,0.00,99,0.00,0,0,0,0.00,0.00,0,0.00,0.00,0.00,0.00,0,0,11.11,70,87,74,85,92,3.38,75,0.18,0.19,2.39,57,0.13,0.13,30,11,0.58,0.61,0.83,0.79,26,15,0.13,56,97,84,75,0,47,71,0,0.00,99,26,0.00,1.44,5.37,5.11,97,54,18,12,2.99,2.84,55.67,2,0.11,83,0,25.00,0,0.00,99,2,0.11,0.11,39,88,23,35,0,0,0,0,0,55,61,68,63,0,80,91,35,80,6,32,91,4,N/A,N/A
Leonardo Pinheiro da Conceição,30,826099200,1996/03/06,Serie A,2026,Defender,Atlético PR,100,0,100,Brazil,2,0,2,0,0,0,0,0,0,0,0,1,0,1,2,0,2,0,0,0,0,0,0,0,0,1.8,50,50,0,0,0,-1,-1,-1,23,450000,6.39,0,48,40.50,22.50,60,45,22.00,44,99,39.60,74,0.00,0.00,0.50,1,0.00,0.50,0.90,0.50,1,0.00,0.50,0.00,0.00,0.00,1.00,0.00,1.50,0.00,0.00,0.00,0.50,0.00,0.00,0.00,0.00,0.00,0.00,0.00,0,0,,0,0.00,7,0,0.00,17,0,0.00,7,0,1,1,27,0.00,99,0,2,1.80,95,1,30,0.90,51,0,0.00,99,0,0.00,0,0,0.00,0,0.90,53,1,0.90,44,0,0.00,0.00,0,0.00,0,0,0,0.00,0,3,0.00,7,2.70,93,N/A,N/A,N/A,N/A,0.00,0,0.00,0,0.00,0.00,0,97.78,0.00,17,28,0.50,0.90,1,13,13,0,0,0,0.50,0.90,1,92,12.78,2.50,4.50,5,0,0.00,0.00,99,0.00,0,0,0,0.00,0.00,0,0.00,0.00,0.00,0.00,0,0,0.00,45,0,0,46,7,0.13,45,0.07,0.12,0.00,7,0.00,0.00,1,0,0.00,0.00,3.60,2.00,99,4,0.00,7,14,86,75,0,47,2,0,0.00,99,0,0.00,0.00,8.10,4.50,9,1,7,41,0.90,0.50,11.11,1,0.90,35,0,0.00,0,0.00,99,0,0.00,0.00,30,0,36,12,0,0,0,0,0,28,46,65,59,0,47,98,15,15,0,0,16,3,N/A,N/A
Leonardo Rech Ortiz,30,820656000,1996/01/03,Serie A,2026,Defender,Flamengo,1532,739,793,Brazil,19,9,10,1,1,0,1,0,1,0,0,8,5,3,14,5,9,0,0,0.12,0.06,0.06,0.12,0,1532,0.82,109,81,0,1532,0,213,191,32,13,1600000,6.99,0.05,55,65.54,59.11,96,1123,53.95,1025,94,59.82,97,0.00,0.00,0.26,5,0.00,0.32,0.70,0.63,12,0.00,0.05,0.00,0.00,0.00,1.05,0.21,0.89,6.00,0.35,0.16,0.37,0.00,0.16,0.06,0.00,1.58,0.00,0.00,0,0,,6,0.32,16,3,0.18,36,3,0.18,12,2,1,18,18,0.00,99,0,20,1.17,75,6,41,0.35,34,0,0.00,99,0,0.00,0,0,0.00,0,0.29,22,7,0.41,25,4,0.23,57.14,0,0.00,0,0,0,0.00,0,17,0.00,86,0.99,24,N/A,N/A,N/A,N/A,0.00,0,0.00,0,1.13,0.00,0,91.27,50.00,92,89,0.16,0.18,3,28,69,0,0,0,0.58,0.64,11,83,132.83,3.84,4.26,73,0,0.00,0.00,99,0.00,0,0,2,0.11,0.12,0,0.00,0.00,0.06,0.05,1,0,16.67,86,81,74,96,84,3.23,75,0.17,0.19,1.13,39,0.06,0.07,10,4,0.21,0.23,0.76,0.68,23,13,0.07,38,82,83,91,0,54,78,0,0.00,99,30,0.00,1.75,4.84,4.37,83,50,16,10,2.92,2.63,60.24,1,0.06,86,0,16.67,0,0.00,99,1,0.05,0.06,33,84,36,56,0,0,0,0,0,44,52,65,64,0,85,91,15,15,0,0,16,3,N/A,N/A
Leonel Picco,26,940575600,1999/10/22,Serie A,2026,Midfielder,Remo,955,364,591,Argentina,21,10,11,2,1,1,1,1,0,0,0,3,2,1,15,4,11,2,0,0.28,0.09,0.19,0.25,0.15,478,1.41,64,45,478,955,0.19,115,157,-1,6,936000,6.16,0.05,63,33.42,16.90,41,355,14.05,295,47,27.77,44,0.00,0.00,0.19,4,0.00,0.10,3.39,1.71,36,0.00,0.19,0.00,0.00,0.00,1.14,0.14,0.71,3.33,0.94,0.29,0.24,0.00,0.19,0.12,0.00,0.52,0.00,0.00,0,0,,10,0.48,47,4,0.38,58,6,0.56,41,6,9,12,98,0.00,99,0,24,2.26,99,2,95,0.19,25,0,0.00,99,0,0.00,0,0,0.00,0,0.38,27,5,0.47,27,3,0.28,60.00,0,0.00,0,0,0,0.00,0,15,0.00,26,1.41,61,N/A,N/A,N/A,N/A,0.00,0,0.00,0,2.58,0.00,0,83.10,40.00,77,14,0.57,1.13,12,31,72,0,0,0,0.29,0.56,6,79,129.37,0.86,1.69,18,0,0.00,0.00,99,0.00,0,0,0,0.00,0.00,0,0.00,0.00,0.09,0.05,1,0,30.00,98,44,90,71,27,1.36,51,0.06,0.13,2.58,75,0.12,0.24,13,3,0.14,0.28,2.07,1.05,90,22,0.24,73,7,56,75,0,61,56,0,0.00,99,11,0.00,1.04,9.23,4.67,98,53,66,58,4.99,2.52,54.08,4,0.38,67,0,50.00,0,0.00,99,1,0.05,0.09,36,53,94,97,0,0,0,0,0,73,75,73,79,0,66,27,69,48,2,10,42,14,N/A,N/A
Leonel Ulises Pérez,22,1092034800,2004/08/09,Serie A,2026,Midfielder,Grêmio,714,381,333,Argentina,12,7,5,0,0,0,0,0,0,0,0,3,2,1,8,5,3,3,0,0,0,0,0,0,0,1.01,89,60,238,0,0.38,263,223,-1,15,0,5.68,0,48,30.92,20.50,34,246,17.00,204,46,25.64,36,0.00,0.00,0.17,2,0.00,0.00,2.51,1.67,20,0.00,0.58,0.00,0.00,0.00,1.17,0.17,0.67,0.00,0.75,0.33,0.25,0.00,0.17,0.04,0.00,1.00,0.00,0.00,0,0,,6,0.50,39,2,0.25,45,4,0.50,36,4,4,8,90,0.00,99,0,14,1.76,95,0,30,0.00,16,0,0.00,99,0,0.00,0,0,0.00,0,0.25,20,3,0.38,23,2,0.25,66.67,0,0.00,0,0,0,0.00,0,8,0.00,65,1.01,26,N/A,N/A,N/A,N/A,0.00,0,0.00,0,0.52,0.00,0,82.93,33.33,62,49,0.42,0.63,5,29,83,0,0,0,0.17,0.25,2,52,68.11,1.83,2.77,22,0,0.00,0.00,99,0.00,0,0,0,0.00,0.00,0,0.00,0.00,0.00,0.00,0,0,0.00,45,29,24,46,65,0.49,14,0.04,0.06,0.52,39,0.04,0.07,71,12,1.00,1.51,2.51,1.67,97,20,0.07,38,2,71,75,0,47,72,0,0.00,99,12,0.00,1.51,10.56,7.00,84,46,82,72,5.78,3.83,54.76,7,0.88,36,0,0.00,0,0.00,99,0,0.00,0.00,30,32,65,83,0,0,0,0,0,28,46,65,59,0,21,54,31,85,3,25,85,33,0,0
Lorran Lucas Pereira de Sousa,20,1151996400,2006/07/04,Serie A,2026,Midfielder,Flamengo,119,62,57,Brazil,3,2,1,1,0,1,0,0,0,0,0,2,1,1,0,0,0,0,0,0.76,0,0.76,0,1.58,119,0,0,40,0,0,0,-1,-1,-1,12,0,4.63,0,48,37.06,16.33,52,49,14.33,43,78,32.52,56,0.00,0.00,1.00,3,0.00,1.67,1.51,0.67,2,0.00,1.33,0.00,0.00,0.00,0.33,0.33,0.00,4.00,3.03,0.00,1.00,0.00,1.33,0.36,0.00,0.00,0.00,0.00,0,0,,4,1.33,95,4,3.03,99,0,0.00,7,4,2,1,55,0.00,99,0,1,0.76,49,5,49,3.78,83,0,0.00,99,0,0.00,0,0,0.00,0,2.27,93,3,2.27,80,1,0.76,33.33,0,0.00,0,0,0,0.00,0,0,0.00,99,0.00,0,N/A,N/A,N/A,N/A,0.00,0,0.00,0,1.09,0.00,0,87.76,100.00,99,99,0.00,0.00,0,66,27,0,0,0,0.00,0.00,0,24,13.90,0.33,0.76,1,0,0.00,0.00,99,0.00,0,0,0,0.00,0.00,0,0.00,0.00,0.00,0.00,0,0,25.00,96,0,0,46,0,0.19,55,0.06,0.14,1.09,99,0.36,0.82,39,1,0.33,0.76,4.54,2.00,99,6,0.82,99,0,26,75,0,47,2,0,0.00,99,0,0.00,0.00,12.86,5.67,17,4,19,89,3.03,1.33,23.53,4,3.03,0,0,20.00,0,0.00,99,1,0.33,0.76,80,0,46,83,0,0,0,0,0,98,99,99,59,0,21,99,15,15,0,0,16,99,0,0
Luan Candido de Almeida,25,981100800,2001/02/02,Serie A,2026,Defender,Vitória,1265,760,505,Brazil,16,9,7,0,0,0,2,2,0,0,0,6,5,1,13,4,9,2,1,0.14,0.14,0,0,0,0,0.92,97,79,422,633,0.21,361,110,44,30,0,6.74,0.12,76,34.79,30.56,46,489,27.25,436,85,31.02,52,0.00,0.00,0.25,4,0.00,0.31,0.92,0.81,13,0.00,0.31,0.00,0.00,0.00,1.06,0.12,1.06,0.00,0.64,0.38,0.31,0.00,0.19,0.04,0.00,1.75,0.00,0.00,0,0,,9,0.56,32,3,0.21,41,6,0.43,31,0,2,14,29,0.00,99,0,17,1.21,78,5,90,0.36,35,0,0.00,99,0,0.00,0,0,0.00,0,0.28,21,5,0.36,21,2,0.14,40.00,0,0.00,0,0,0,0.00,0,17,0.00,76,1.21,47,N/A,N/A,N/A,N/A,0.00,0,0.00,0,0.66,0.00,0,89.16,33.33,62,35,0.69,0.78,11,20,37,0,0,0,0.56,0.64,9,83,107.87,5.06,5.76,81,0,0.00,0.00,99,0.00,0,0,0,0.00,0.00,0,0.00,0.00,0.28,0.25,4,1,0.00,45,65,50,46,75,2.23,65,0.14,0.16,0.66,31,0.04,0.05,36,10,0.62,0.71,0.92,0.81,30,13,0.05,30,47,94,75,0,85,84,0,0.00,99,28,0.00,1.99,7.11,6.25,100,52,34,29,3.70,3.25,52.00,5,0.36,68,0,40.00,0,0.00,99,2,0.12,0.14,43,64,46,12,0,0,0,0,0,49,46,65,59,0,21,85,61,55,1,6,29,36,0,0
Luan Peres,32,774601200,1994/07/19,Serie A,2026,Defender,Santos,1402,697,705,Brazil,18,9,9,1,0,1,0,0,0,0,0,4,2,2,18,7,11,3,1,0.06,0,0.06,0,0.13,1402,1.16,78,78,467,0,0.19,211,370,92,12,1152000,6.32,0,48,44.36,38.39,70,691,32.17,579,52,37.17,70,0.00,0.00,0.00,0,0.00,0.17,1.73,1.50,27,0.00,0.28,0.00,0.00,0.00,0.78,0.06,1.17,5.00,0.32,0.22,0.06,0.00,0.06,0.05,0.00,1.67,0.00,0.00,0,0,,5,0.28,14,1,0.06,19,4,0.26,17,3,2,16,66,0.00,99,0,14,0.90,57,3,97,0.19,25,0,0.00,99,0,0.00,0,0,0.00,0,0.00,8,1,0.06,11,1,0.06,100.00,0,0.00,0,0,0,0.00,0,21,0.00,48,1.35,57,N/A,N/A,N/A,N/A,0.00,0,0.00,0,0.90,0.00,0,83.79,20.00,31,80,0.28,0.32,5,15,99,0,0,0,0.89,1.03,16,95,113.75,4.44,5.14,80,0,0.00,0.00,99,0.00,0,0,0,0.00,0.00,0,0.00,0.00,0.00,0.00,0,0,20.00,91,74,68,94,48,1.06,16,0.06,0.07,0.90,35,0.05,0.06,51,16,0.89,1.03,1.03,0.89,37,16,0.06,34,13,89,75,0,47,82,0,0.00,99,30,0.00,1.93,7.00,6.06,109,73,58,28,4.69,4.06,66.97,5,0.32,71,0,66.67,0,0.00,99,2,0.11,0.13,40,76,46,72,0,0,0,0,0,32,52,71,59,0,73,46,67,48,2,11,45,14,N/A,N/A
Luan Vinicius da Silva Santos,27,926665200,1999/05/14,Serie A,2026,Midfielder,São Paulo,89,33,56,Brazil,7,2,5,0,0,0,0,0,0,0,0,2,1,1,0,0,0,1,0,0,0,0,0,0,0,0,0,13,89,0,1.01,-1,-1,-1,23,500000,5.57,0,48,51.00,7.29,82,51,5.57,39,19,39.00,73,0.00,0.00,0.14,1,0.00,0.14,3.00,0.43,3,0.00,0.00,0.00,0.00,0.00,0.14,0.00,0.14,0.00,1.00,0.14,0.14,0.00,0.00,0.01,0.00,0.14,0.00,0.00,0,0,,1,0.14,50,0,0.00,17,1,1.00,64,0,7,0,95,0.00,99,0,1,1.00,63,1,99,1.00,53,0,0.00,99,0,0.00,0,0,0.00,0,1.00,59,1,1.00,48,0,0.00,0.00,0,0.00,0,0,0,0.00,0,1,0.00,99,1.00,25,N/A,N/A,N/A,N/A,0.00,0,0.00,0,0.05,0.00,0,76.47,0.00,17,0,0.29,2.00,2,13,13,0,0,0,0.00,0.00,0,24,39.01,0.43,3.00,3,0,0.00,0.00,99,0.00,0,0,0,0.00,0.00,0,0.00,0.00,0.00,0.00,0,0,0.00,45,0,6,46,0,0.12,45,0.02,0.12,0.05,31,0.01,0.05,1,0,0.00,0.00,2.00,0.29,89,2,0.05,30,1,73,75,0,47,55,0,0.00,99,1,0.00,1.00,11.00,1.57,11,4,40,75,4.00,0.57,36.36,0,0.00,99,0,100.00,0,0.00,99,1,0.14,1.00,86,0,85,12,0,0,0,0,0,28,46,65,59,0,50,64,15,99,1,14,57,33,N/A,N/A
Lucas Andrés Mugni,34,695203200,1992/01/12,Serie A,2026,Midfielder,Mirassol,0,0,0,Argentina,0,0,0,0,0,0,0,0,0,0,0,0,0,0,0,0,0,0,0,0,0,0,0,0,0,0,0,0,0,0,0,-1,-1,-1,-1,N/A,N/A,N/A,N/A,N/A,N/A,N/A,N/A,N/A,N/A,N/A,N/A,N/A,N/A,N/A,N/A,N/A,N/A,N/A,N/A,N/A,N/A,N/A,N/A,N/A,N/A,N/A,N/A,N/A,N/A,N/A,N/A,N/A,N/A,N/A,N/A,N/A,N/A,N/A,N/A,N/A,N/A,N/A,N/A,N/A,N/A,N/A,N/A,N/A,N/A,N/A,N/A,N/A,N/A,N/A,N/A,N/A,N/A,N/A,N/A,N/A,N/A,N/A,N/A,N/A,N/A,N/A,N/A,N/A,N/A,N/A,N/A,N/A,N/A,N/A,N/A,N/A,N/A,N/A,N/A,N/A,N/A,N/A,N/A,N/A,N/A,N/A,N/A,N/A,N/A,N/A,N/A,N/A,N/A,N/A,N/A,N/A,N/A,N/A,N/A,N/A,N/A,N/A,N/A,N/A,N/A,N/A,N/A,N/A,N/A,N/A,N/A,N/A,N/A,N/A,N/A,N/A,N/A,N/A,N/A,N/A,N/A,N/A,N/A,N/A,N/A,N/A,N/A,N/A,N/A,N/A,N/A,N/A,N/A,N/A,N/A,N/A,N/A,N/A,N/A,N/A,N/A,N/A,N/A,N/A,N/A,N/A,N/A,N/A,N/A,N/A,N/A,N/A,N/A,N/A,N/A,N/A,N/A,N/A,N/A,N/A,N/A,N/A,N/A,N/A,N/A,N/A,N/A,N/A,N/A,N/A,N/A,N/A,N/A,N/A,N/A,N/A,N/A,N/A,N/A,N/A,N/A,N/A,N/A,N/A,N/A,N/A,N/A,N/A,N/A,N/A,N/A,N/A,N/A,N/A,N/A,N/A,N/A,N/A,N/A,N/A,N/A,N/A,N/A,N/A,N/A,N/A,N/A,N/A,N/A,N/A,N/A,N/A,N/A,N/A,N/A,N/A,N/A,N/A,N/A,N/A,N/A,N/A,N/A
Lucas Ángel Esquivel,24,1003042800,2001/10/14,Serie A,2026,Defender,Atlético PR,1301,851,450,Argentina,16,11,5,1,1,0,4,2,2,0,0,5,5,0,12,5,7,2,1,0.35,0.28,0.07,0.11,0,1301,0.83,108,81,434,325,0.21,204,31,36,8,500000,7.18,0.25,95,51.47,46.50,83,744,38.62,618,46,42.75,79,0.00,0.00,1.44,23,0.00,5.56,2.56,2.31,37,0.00,0.38,0.00,0.00,0.00,0.69,1.00,0.81,13.00,0.90,0.62,1.25,0.00,0.19,0.09,0.00,0.88,0.00,0.00,0,0,,13,0.81,45,3,0.21,41,10,0.69,48,4,0,16,92,0.00,99,0,11,0.76,49,89,59,6.16,96,0,0.00,99,0,0.00,0,0,0.00,0,1.59,82,20,1.38,61,16,1.11,80.00,0,0.00,0,0,0,0.00,0,13,0.00,82,0.90,15,N/A,N/A,N/A,N/A,0.00,0,0.00,0,1.49,0.00,0,83.06,23.08,36,37,0.69,0.76,11,79,92,0,0,0,0.38,0.42,6,69,114.96,2.69,2.97,43,0,0.00,0.00,99,0.00,0,0,0,0.00,0.00,0,0.00,0.00,0.07,0.06,1,0,7.69,57,68,50,93,82,4.56,95,0.28,0.32,1.49,50,0.09,0.10,49,14,0.88,0.97,1.87,1.69,84,27,0.10,48,97,73,75,0,57,54,0,0.00,99,14,0.00,0.97,9.13,8.25,132,79,75,57,5.47,4.94,59.85,6,0.42,63,0,24.72,0,0.00,99,22,1.38,1.52,94,76,23,83,0,0,0,0,0,79,54,65,63,0,50,67,64,55,1,6,29,37,N/A,N/A
Lucas da Cruz Oliveira,30,823248000,1996/02/02,Serie A,2026,Defender,Mirassol,535,182,353,Brazil,9,3,6,1,0,1,0,0,0,0,0,1,1,0,8,3,5,3,0,0.17,0,0.17,0,0.25,535,1.35,67,59,178,0,0.5,128,271,123,9,380000,6.76,0,48,36.17,23.89,51,215,20.56,185,67,31.12,53,0.00,0.00,0.22,2,0.00,0.00,1.35,0.89,8,0.00,0.11,0.00,0.00,0.00,0.78,0.44,1.00,4.00,0.67,0.22,0.44,0.00,0.22,0.11,0.00,0.33,0.00,0.00,0,0,,4,0.44,34,2,0.34,54,2,0.34,23,1,4,5,48,0.00,99,0,7,1.18,76,0,30,0.00,16,0,0.00,99,0,0.00,0,0,0.00,0,0.34,25,4,0.67,36,4,0.67,100.00,0,0.00,0,0,0,0.00,0,9,0.00,31,1.51,69,N/A,N/A,N/A,N/A,0.00,0,0.00,0,0.95,0.00,0,86.05,50.00,92,90,0.11,0.17,1,61,99,0,0,0,0.89,1.35,8,98,60.88,3.56,5.38,32,0,0.00,0.00,99,0.00,0,0,0,0.00,0.00,0,0.00,0.00,0.17,0.11,1,0,25.00,96,14,12,76,31,0.53,32,0.06,0.09,0.95,63,0.11,0.16,7,1,0.11,0.17,0.34,0.22,10,2,0.16,61,50,90,75,0,78,26,0,0.00,99,3,0.00,0.50,3.87,2.56,23,16,13,7,2.69,1.78,69.57,1,0.17,79,0,0.00,0,0.00,99,0,0.00,0.00,30,14,65,35,0,0,0,0,0,55,71,83,59,0,41,23,22,93,2,22,79,2,N/A,N/A
Lucas Daniel Romero,32,766652400,1994/04/18,Serie A,2026,Midfielder,Cruzeiro,1265,674,591,Argentina,17,10,7,1,1,0,3,1,2,0,0,4,2,2,16,9,7,3,0,0.28,0.21,0.07,0.13,0,1265,1.14,79,74,422,422,0.21,194,54,-1,12,1100000,6.95,0.18,89,59.72,49.41,94,840,43.12,733,76,52.11,93,0.00,0.00,0.88,15,0.00,0.18,2.20,1.82,31,0.00,0.47,0.00,0.00,0.00,1.18,0.35,0.94,12.00,0.85,0.29,0.88,0.00,0.41,0.11,0.00,0.53,0.00,0.00,0,0,,12,0.71,44,7,0.50,67,5,0.36,24,6,1,16,82,0.00,99,0,20,1.42,88,3,30,0.21,27,0,0.00,99,0,0.00,0,0,0.00,0,1.07,62,15,1.07,51,6,0.43,40.00,0,0.00,0,0,0,0.00,0,16,0.00,50,1.14,41,N/A,N/A,N/A,N/A,0.00,0,0.00,0,1.82,0.00,0,87.26,58.33,96,20,0.82,1.00,14,46,37,0,0,0,0.35,0.43,6,71,118.18,0.94,1.14,16,1,0.00,0.07,6,0.06,0,0,0,0.00,0.00,0,0.00,0.00,0.00,0.00,0,0,8.33,59,65,61,92,50,3.71,90,0.22,0.26,1.82,57,0.11,0.13,74,22,1.29,1.56,1.64,1.35,73,23,0.13,56,77,41,75,0,47,36,0,0.00,99,9,0.00,0.64,9.31,7.71,131,65,55,60,4.62,3.82,49.62,8,0.57,52,0,0.00,0,0.00,99,0,0.00,0.00,30,76,36,97,0,0,0,0,0,73,54,65,66,0,71,51,61,55,3,18,67,29,N/A,N/A
Lucas de Freitas Molarinho Chagas,25,979977600,2001/01/20,Serie A,2026,Defender,Vasco da Gama,2,0,2,Brazil,2,1,1,0,0,0,0,0,0,0,0,1,1,0,0,0,0,0,0,0,0,0,0,0,0,0,0,1,0,0,0,-1,-1,-1,20,400000,3.15,0,48,60.00,1.00,94,2,1.00,2,99,60.00,97,0.00,0.00,0.50,1,0.00,0.00,0.00,0.00,0,0.00,0.00,0.00,0.00,0.00,0.00,0.00,0.50,0.00,0.00,0.00,0.00,0.00,0.00,0.00,0.00,0.00,0.00,0.00,0,0,,0,0.00,7,0,0.00,17,0,0.00,7,0,2,0,5,0.00,99,0,0,0.00,10,0,30,0.00,16,0,0.00,99,0,0.00,0,0,0.00,0,30.00,99,0,0.00,9,0,0.00,0.00,0,0.00,0,0,0,0.00,0,1,0.00,99,30.00,99,N/A,N/A,N/A,N/A,0.00,0,0.00,0,0.00,0.00,0,100.00,0.00,17,99,0.00,0.00,0,13,13,0,0,0,0.00,0.00,0,24,6.29,0.00,0.00,0,0,0.00,0.00,99,0.00,0,0,0,0.00,0.00,0,0.00,0.00,0.00,0.00,0,0,0.00,45,0,0,46,0,0.04,99,0.02,1.20,0.00,7,0.00,0.00,1,0,0.00,0.00,0.00,0.00,5,0,0.00,7,0,0,75,0,47,2,0,0.00,99,0,0.00,0.00,0.00,0.00,0,0,0,0,0.00,0.00,0.00,0,0.00,99,0,0.00,0,0.00,99,0,0.00,0.00,30,0,46,12,0,0,0,0,0,28,46,65,59,0,43,98,15,15,0,0,16,43,N/A,N/A
Lucas Eduardo Ribeiro de Souza,26,961138800,2000/06/16,Serie A,2026,Defender,Vitória,71,0,71,Brazil,1,0,1,0,0,0,0,0,0,0,0,0,0,0,1,0,1,0,0,0,0,0,0,0,0,1.27,71,71,0,0,0,-1,-1,-1,14,0,6.75,0,48,44.37,35.00,70,35,33.00,33,99,41.83,78,0.00,0.00,0.00,0,0.00,0.00,1.27,1.00,1,0.00,0.00,0.00,0.00,0.00,0.00,1.00,1.00,0.00,0.00,0.00,1.00,0.00,0.00,0.00,0.00,0.00,0.00,0.00,0,0,,0,0.00,7,0,0.00,17,0,0.00,7,2,0,1,46,0.00,99,0,0,0.00,10,0,30,0.00,16,0,0.00,99,0,0.00,0,0,0.00,0,0.00,8,1,1.27,58,1,1.27,100.00,0,0.00,0,0,0,0.00,0,1,0.00,36,1.27,52,N/A,N/A,N/A,N/A,0.00,0,0.00,0,0.00,0.00,0,94.29,0.00,17,99,0.00,0.00,0,83,99,0,0,0,0.00,0.00,0,24,6.75,5.00,6.34,5,0,0.00,0.00,99,0.00,0,0,0,0.00,0.00,0,0.00,0.00,0.00,0.00,0,0,0.00,45,0,0,46,37,0.07,32,0.07,0.09,0.00,7,0.00,0.00,1,0,0.00,0.00,0.00,0.00,5,0,0.00,7,48,96,75,0,47,2,0,0.00,99,0,0.00,0.00,2.54,2.00,2,2,11,7,2.54,2.00,100.00,0,0.00,99,0,0.00,0,0.00,99,0,0.00,0.00,30,0,23,56,0,0,0,0,0,28,46,65,59,0,21,5,15,15,0,0,16,43,0,0
Lucas Emanuel Jales do Nascimento,17,1244012400,2009/06/03,Serie A,2026,Forward,Botafogo,5,5,0,Brazil,1,1,0,0,0,0,0,0,0,0,0,0,0,0,0,0,0,0,0,0,0,0,0,0,0,0,0,5,0,0,0,-1,-1,-1,15,0,6.56,0,48,18.00,1.00,8,1,0.00,0,0,0.00,0,0.00,0.00,0.00,0,0.00,0.00,0.00,0.00,0,0.00,1.00,0.00,0.00,0.00,0.00,0.00,0.00,0.00,18.00,0.00,0.00,0.00,1.00,0.14,0.00,0.00,0.00,0.00,0,0,,1,1.00,99,1,18.00,99,0,0.00,7,0,1,0,5,0.00,99,0,0,0.00,10,0,30,0.00,16,0,0.00,99,0,0.00,0,0,0.00,0,0.00,8,0,0.00,9,0,0.00,0.00,0,0.00,0,0,0,0.00,0,0,0.00,99,0.00,0,N/A,N/A,N/A,N/A,0.00,0,0.00,0,0.14,0.00,0,0.00,100.00,99,99,0.00,0.00,0,13,13,0,0,0,0.00,0.00,0,24,6.56,0.00,0.00,0,0,0.00,0.00,99,0.00,0,0,0,0.00,0.00,0,0.00,0.00,0.00,0.00,0,0,0.00,45,0,0,46,0,0.00,0,0.00,0.00,0.14,99,0.14,2.52,99,1,1.00,18.00,18.00,1.00,99,1,2.52,99,21,0,75,0,47,2,0,0.00,99,0,0.00,0.00,72.00,4.00,4,1,99,99,18.00,1.00,25.00,1,18.00,0,0,0.00,0,0.00,99,0,0.00,0.00,30,0,36,12,0,0,0,0,0,28,46,65,59,0,21,5,15,15,0,0,16,79,0,0
Lucas Evangelista Santana de Oliveira,31,792057600,1995/02/06,Serie A,2026,Midfielder,Palmeiras,420,270,150,Brazil,19,9,10,0,0,0,1,0,1,0,0,8,3,5,2,1,1,1,0,0.21,0.21,0,0,0,0,0.43,210,22,420,420,0.21,290,59,-1,16,900000,6.30,0.05,89,53.74,13.26,87,252,11.84,225,87,47.99,88,0.00,0.00,0.37,7,0.00,0.21,2.13,0.53,10,0.00,0.26,0.00,0.00,0.00,0.05,0.11,0.11,0.00,1.49,0.37,0.26,0.00,0.00,0.02,0.00,0.32,0.00,0.00,0,0,,7,0.37,66,0,0.00,17,7,1.49,84,3,17,2,80,0.00,99,0,1,0.21,19,4,95,0.85,50,0,0.00,99,0,0.00,0,0,0.00,0,1.49,80,5,1.07,51,2,0.43,40.00,0,0.00,0,0,0,0.00,0,2,0.00,98,0.43,1,N/A,N/A,N/A,N/A,0.00,0,0.00,0,0.38,0.00,0,89.29,0.00,17,72,0.11,0.43,2,46,37,0,0,0,0.11,0.43,2,71,119.62,0.58,2.35,11,0,0.00,0.00,99,0.00,0,0,0,0.00,0.00,0,0.00,0.00,0.00,0.00,0,0,0.00,45,4,74,46,98,1.28,92,0.07,0.27,0.38,41,0.02,0.08,91,11,0.58,2.35,1.07,0.26,41,5,0.08,40,12,65,75,0,47,66,0,0.00,99,6,0.00,1.28,11.52,2.84,54,29,88,80,6.18,1.53,53.70,5,1.07,26,0,50.00,0,0.00,99,2,0.11,0.43,64,1,99,72,0,0,0,0,0,64,46,65,59,0,65,91,60,55,1,5,22,30,N/A,N/A
Lucas Gabriel Monzón Lemos,24,1001746800,2001/09/29,Serie A,2026,Defender,Botafogo,90,0,90,Uruguay,1,0,1,0,0,0,0,0,0,0,0,0,0,0,1,0,1,1,0,0,0,0,0,0,0,1,90,90,90,0,1,-1,-1,-1,17,0,6.60,0,48,24.00,24.00,18,24,22.00,22,96,22.00,25,0.00,0.00,0.00,0,0.00,0.00,1.00,1.00,1,0.00,0.00,0.00,0.00,0.00,1.00,0.00,1.00,0.00,1.00,0.00,0.00,0.00,1.00,0.14,0.00,3.00,0.00,0.00,0,0,,1,1.00,50,1,1.00,91,0,0.00,7,0,0,1,34,0.00,99,0,1,1.00,63,0,30,0.00,16,0,0.00,99,0,0.00,0,0,0.00,0,0.00,8,0,0.00,9,0,0.00,0.00,0,0.00,0,0,0,0.00,0,1,0.00,66,1.00,25,N/A,N/A,N/A,N/A,0.00,0,0.00,0,0.14,0.00,0,91.67,100.00,99,99,0.00,0.00,0,13,13,0,0,0,1.00,1.00,1,95,6.60,5.00,5.00,5,0,0.00,0.00,99,0.00,0,0,0,0.00,0.00,0,0.00,0.00,0.00,0.00,0,0,0.00,45,0,0,46,67,0.04,6,0.04,0.04,0.14,59,0.14,0.14,1,0,0.00,0.00,2.00,2.00,89,2,0.14,58,24,88,75,0,47,97,0,0.00,99,3,0.00,3.00,7.00,7.00,7,4,40,28,4.00,4.00,57.14,0,0.00,99,0,0.00,0,0.00,99,0,0.00,0.00,30,0,23,12,0,0,0,0,0,28,46,65,59,0,21,5,15,99,1,100,99,33,0,0
Lucas Henrique Barbosa,25,982828800,2001/02/22,Serie A,2026,Forward,Bragantino,1843,1033,810,Brazil,21,12,9,4,3,1,2,1,1,0,0,7,5,2,20,11,9,5,0,0.29,0.1,0.2,0.26,0.11,461,0.98,92,88,369,922,0.24,109,148,-1,2,900000,7.10,0.1,66,24.03,23.43,18,492,17.62,370,16,18.07,19,0.00,0.00,1.29,27,0.00,2.38,1.71,1.67,35,0.00,1.33,0.00,0.00,0.00,0.76,0.90,1.00,13.25,2.59,1.62,2.05,0.00,0.90,0.31,0.00,2.24,0.00,0.00,0,0,,53,2.52,88,19,0.93,87,34,1.66,88,2,0,21,64,0.00,99,0,16,0.78,50,50,43,2.44,69,0,0.00,99,0,0.00,0,0,0.00,0,1.32,76,43,2.10,77,19,0.93,44.19,0,0.00,0,0,0,0.00,0,21,0.00,69,1.03,28,N/A,N/A,N/A,N/A,0.00,0,0.00,0,6.54,0.00,0,75.20,35.85,68,40,0.71,0.73,15,74,44,0,0,0,0.29,0.29,6,56,149.04,1.95,2.00,41,0,0.00,0.00,99,0.00,0,0,0,0.00,0.00,0,0.00,0.00,0.39,0.38,8,0,7.55,55,94,90,70,69,3.01,60,0.14,0.15,6.54,85,0.31,0.32,83,40,1.90,1.95,1.86,1.81,83,38,0.32,83,92,59,75,0,88,89,0,0.00,99,47,0.00,2.30,12.94,12.62,265,138,92,89,6.74,6.57,52.08,28,1.37,15,0,18.00,0,0.00,99,9,0.43,0.44,65,94,23,56,0,0,0,0,0,75,78,68,80,0,65,75,54,61,5,24,82,21,N/A,N/A
Lucas Martín Villalba Jaume,25,989564400,2001/05/11,Serie A,2026,Forward,Botafogo,594,356,238,Uruguay,13,5,8,1,0,1,1,1,0,0,0,2,1,1,7,4,3,2,0,0.3,0.15,0.15,0,0.38,594,1.06,85,46,297,594,0.3,143,94,-1,12,600000,6.15,0.08,79,13.87,6.77,4,88,4.38,57,3,8.98,3,0.00,0.00,0.69,9,0.00,2.08,2.21,1.08,14,0.00,0.54,0.00,0.00,0.00,0.23,0.54,0.54,7.00,1.10,0.31,1.23,0.00,0.23,0.09,0.00,0.62,0.00,0.00,0,0,,7,0.54,52,3,0.47,65,4,0.63,45,1,7,6,82,0.00,99,0,3,0.47,32,27,37,4.26,88,0,0.00,99,0,0.00,0,0,0.00,0,1.42,79,16,2.52,84,7,1.10,43.75,0,0.00,0,0,0,0.00,0,7,0.00,57,1.10,35,N/A,N/A,N/A,N/A,0.00,0,0.00,0,1.19,0.00,0,64.77,42.86,83,3,0.77,1.58,10,79,43,0,0,0,0.08,0.16,1,42,79.91,0.31,0.63,4,0,0.00,0.00,99,0.00,0,0,0,0.00,0.00,0,0.00,0.00,0.00,0.00,0,0,14.29,81,19,30,79,57,1.04,65,0.08,0.16,1.19,68,0.09,0.19,15,2,0.15,0.32,1.26,0.62,52,8,0.19,66,6,21,75,0,47,65,0,0.00,99,8,0.00,1.26,11.82,5.77,75,30,60,84,4.73,2.31,40.00,7,1.10,25,0,14.81,0,0.00,99,4,0.31,0.63,75,21,85,35,0,0,0,0,0,75,68,91,59,0,54,30,40,75,2,15,59,77,N/A,N/A
Lucas Moura,34,713689200,1992/08/13,Serie A,2026,Forward,São Paulo,318,184,134,Brazil,8,4,4,1,1,0,1,0,1,0,0,3,2,1,2,0,2,0,0,0.57,0.28,0.28,0.49,0,318,0.57,159,40,0,318,0,62,30,-1,11,3100000,5.91,0.12,95,30.28,13.38,31,107,10.50,84,25,23.77,30,0.00,0.00,0.62,5,0.00,0.38,0.28,0.12,1,0.00,0.75,0.00,0.00,0.00,0.25,0.50,0.38,5.00,1.42,0.25,1.12,0.00,0.38,0.13,0.00,0.62,0.00,0.00,0,0,,5,0.62,63,3,0.85,84,2,0.57,42,3,5,3,10,0.00,99,0,2,0.57,40,3,97,0.85,50,0,0.00,99,0,0.00,0,0,0.00,0,1.42,79,9,2.55,84,4,1.13,44.44,0,0.00,0,0,0,0.00,0,3,0.00,96,0.85,11,N/A,N/A,N/A,N/A,0.00,0,0.00,0,1.06,0.00,0,78.50,60.00,98,83,0.12,0.28,1,80,46,1,0,0,0.00,0.00,0,24,47.28,0.75,1.70,6,0,0.00,0.00,99,0.00,0,1,0,0.00,0.00,0,0.00,0.00,0.00,0.00,0,0,20.00,91,0,8,59,96,0.95,92,0.12,0.27,0.36,50,0.04,0.10,76,6,0.75,1.70,1.70,0.75,77,6,0.30,80,3,56,75,0,47,70,0,0.00,99,5,0.00,1.42,10.75,4.75,38,16,52,73,4.53,2.00,42.11,6,1.70,7,0,66.67,0,0.00,99,2,0.25,0.57,71,3,74,72,0,0,0,0,0,94,87,65,93,0,96,85,15,15,0,0,16,7,N/A,N/A
Lucas Paquetá,28,872665200,1997/08/27,Serie A,2026,Midfielder,Flamengo,991,383,608,Brazil,15,7,8,3,2,1,0,0,0,0,0,5,4,1,10,3,7,1,0,0.27,0,0.27,0.47,0.15,330,0.91,99,66,991,0,0.09,66,263,-1,4,4126984,7.12,0,48,55.94,41.07,90,616,34.27,514,49,46.68,86,0.00,0.00,0.93,14,0.00,0.40,2.54,1.87,28,0.00,0.73,0.00,0.00,0.00,0.20,0.67,0.67,10.00,2.72,1.40,1.33,0.00,0.60,0.27,0.00,1.07,0.00,0.00,0,0,,30,2.00,91,9,0.82,82,21,1.91,94,3,3,12,91,0.00,99,0,3,0.27,22,6,95,0.54,41,0,0.00,99,0,0.00,0,0,0.00,0,1.27,73,20,1.82,72,10,0.91,50.00,0,0.00,0,0,0,0.00,0,10,0.00,76,0.91,15,N/A,N/A,N/A,N/A,0.00,0,0.00,0,3.99,0.00,0,83.44,30.00,50,58,0.40,0.54,6,73,59,0,0,0,0.13,0.18,2,44,106.80,1.13,1.54,17,0,0.00,0.00,99,0.00,0,0,0,0.00,0.00,0,0.00,0.00,0.18,0.13,2,0,10.00,65,47,41,60,76,1.38,51,0.09,0.13,3.99,88,0.27,0.36,95,29,1.93,2.63,1.82,1.33,83,20,0.36,86,93,54,75,0,78,71,0,0.00,99,16,0.00,1.45,12.44,9.13,137,83,97,88,7.54,5.53,60.58,11,1.00,29,0,50.00,0,0.00,99,3,0.20,0.27,54,53,56,72,0,0,0,0,0,71,86,73,92,0,99,75,91,24,1,7,31,20,N/A,N/A
Lucas Piton Crivellaro,25,971074800,2000/10/09,Serie A,2026,Defender,Vasco da Gama,905,423,482,Brazil,15,8,7,0,0,0,0,0,0,0,0,1,1,0,14,3,11,0,0,0,0,0,0,0,0,1.39,65,60,0,0,0,392,391,131,35,1200000,6.65,0,48,41.57,27.87,63,418,23.07,346,45,34.41,61,0.00,0.00,1.13,17,0.00,4.47,1.59,1.07,16,0.00,0.13,0.00,0.00,0.00,0.40,0.20,1.00,0.00,0.70,0.27,0.80,0.00,0.20,0.04,0.00,0.80,0.00,0.00,0,0,,7,0.47,35,3,0.30,51,4,0.40,28,5,4,11,60,0.00,99,0,6,0.60,41,67,66,6.66,97,0,0.00,99,0,0.00,0,0,0.00,0,1.69,85,12,1.19,55,3,0.30,25.00,0,0.00,0,0,0,0.00,0,15,0.00,27,1.49,67,N/A,N/A,N/A,N/A,0.00,0,0.00,0,0.66,0.00,0,82.78,42.86,83,35,0.53,0.80,8,33,18,0,0,0,0.20,0.30,3,57,99.72,1.53,2.29,23,0,0.00,0.00,99,0.00,0,0,0,0.00,0.00,0,0.00,0.00,0.10,0.07,1,0,0.00,45,41,41,46,28,1.42,55,0.09,0.14,0.66,39,0.04,0.07,14,3,0.20,0.30,0.99,0.67,35,10,0.07,38,34,64,75,0,64,63,0,0.00,99,12,0.00,1.19,6.86,4.60,69,33,24,26,3.28,2.20,47.83,2,0.20,76,0,26.87,0,0.00,99,18,1.20,1.79,96,48,65,91,0,0,0,0,0,28,46,65,59,0,76,12,15,15,0,0,16,6,N/A,N/A
Lucas Ramon Batista Silva,32,763027200,1994/03/07,Serie A,2026,Defender,São Paulo,1395,755,640,Brazil,17,9,8,0,0,0,1,0,1,0,0,3,3,0,14,5,9,3,1,0.06,0.06,0,0,0,0,0.9,100,82,349,1395,0.26,269,195,42,12,0,6.83,0.06,55,35.35,32.24,48,548,26.29,447,36,28.84,46,0.00,0.00,0.82,14,0.00,3.76,1.94,1.76,30,0.00,0.47,0.00,0.00,0.00,1.29,0.71,0.94,0.00,0.71,0.47,1.53,0.00,0.18,0.05,0.00,1.06,0.00,0.00,0,0,,11,0.65,36,3,0.19,37,8,0.52,37,3,0,17,74,0.00,99,0,22,1.42,88,64,77,4.13,87,0,0.00,99,0,0.00,0,0,0.00,0,0.90,53,26,1.68,68,12,0.77,46.15,0,0.00,0,0,0,0.00,0,16,0.00,77,1.03,28,N/A,N/A,N/A,N/A,0.00,0,0.00,0,0.79,0.00,0,81.57,27.27,44,60,0.47,0.52,8,67,49,0,0,0,0.00,0.00,0,24,116.13,2.88,3.16,49,0,0.00,0.00,99,0.00,0,0,2,0.12,0.13,0,0.00,0.00,0.06,0.06,1,0,0.00,45,73,61,46,77,2.16,55,0.13,0.14,0.79,31,0.05,0.05,74,25,1.47,1.61,0.97,0.88,33,15,0.05,30,58,75,92,0,54,62,0,0.00,99,18,0.00,1.16,8.90,8.12,138,85,75,52,5.48,5.00,61.59,8,0.52,56,0,31.25,0,0.00,99,20,1.18,1.29,91,80,23,72,0,0,0,0,0,32,46,65,59,0,21,35,51,66,2,12,49,19,0,0
Lucas Rodrigues da Silva,26,935737200,1999/08/27,Serie A,2026,Forward,Vitória,24,1,23,Brazil,4,1,3,0,0,0,0,0,0,0,0,0,0,0,0,0,0,1,0,0,0,0,0,0,0,0,0,6,24,0,3.75,-1,-1,-1,11,0,4.83,0,48,39.60,2.75,59,11,2.50,10,93,36.00,65,0.00,0.00,0.25,1,0.00,0.75,3.60,0.25,1,0.00,0.25,0.00,0.00,0.00,0.00,0.00,0.25,0.00,0.00,0.00,0.75,0.00,0.00,0.00,0.00,0.25,0.00,0.00,0,0,,0,0.00,7,0,0.00,17,0,0.00,7,0,4,0,99,0.00,99,0,0,0.00,10,3,84,10.80,99,0,0.00,99,0,0.00,0,0,0.00,0,3.60,99,3,10.80,99,0,0.00,0.00,0,0.00,0,0,0,0.00,0,1,0.00,99,3.60,95,N/A,N/A,N/A,N/A,0.00,0,0.00,0,0.00,0.00,0,90.91,0.00,17,99,0.00,0.00,0,13,13,0,0,0,0.00,0.00,0,24,19.32,0.00,0.00,0,0,0.00,0.00,99,0.00,0,0,0,0.00,0.00,0,0.00,0.00,0.00,0.00,0,0,0.00,45,0,0,46,0,0.07,89,0.02,0.25,0.00,7,0.00,0.00,99,1,0.25,3.60,0.00,0.00,5,0,0.00,7,0,0,75,0,47,99,0,0.00,99,1,0.00,3.60,25.20,1.75,7,3,99,99,10.80,0.75,42.86,1,3.60,0,0,33.33,0,0.00,99,1,0.25,3.60,99,0,65,12,0,0,0,0,0,28,46,65,59,0,21,5,15,99,1,25,85,20,0,0
Lucas Ronier Vieira Pires,21,1101456000,2004/11/26,Serie A,2026,Forward,Coritiba,1413,724,689,Brazil,18,9,9,1,0,1,2,0,2,0,0,5,2,3,17,5,12,3,0,0.19,0.13,0.06,0,0.13,1413,1.08,83,79,471,707,0.19,210,123,-1,9,663000,7.03,0.11,74,28.22,24.61,26,443,19.78,356,31,22.68,28,0.00,0.00,1.00,18,0.00,1.61,1.97,1.72,31,0.00,1.11,0.00,0.00,0.00,0.61,1.83,1.06,37.00,2.36,1.50,3.22,0.00,0.56,0.16,0.00,0.72,0.00,0.00,0,0,,37,2.06,84,10,0.64,74,27,1.72,89,4,1,17,75,0.00,99,0,11,0.70,46,29,68,1.85,62,0,0.00,99,0,0.00,0,0,0.00,0,1.15,66,58,3.69,93,33,2.10,56.90,0,0.00,0,0,0,0.00,0,19,0.00,56,1.21,47,N/A,N/A,N/A,N/A,0.00,0,0.00,0,2.96,0.00,0,80.36,27.03,42,2,1.44,1.66,26,95,67,0,0,0,0.11,0.13,2,37,126.54,1.06,1.21,19,0,0.00,0.00,99,0.00,0,0,2,0.11,0.13,0,0.00,0.00,0.06,0.06,1,0,2.70,46,74,68,95,55,2.62,69,0.15,0.17,2.96,68,0.16,0.19,98,50,2.78,3.18,1.15,1.00,47,18,0.19,66,86,43,92,0,54,45,0,0.00,99,13,0.00,0.83,15.35,13.39,241,126,98,97,8.03,7.00,52.28,20,1.27,19,0,27.59,0,0.00,99,8,0.44,0.51,69,80,36,83,0,0,0,0,0,59,52,71,59,0,55,64,68,48,3,17,62,11,N/A,N/A
Lucas Silva Borges,33,729849600,1993/02/16,Serie A,2026,Midfielder,Cruzeiro,612,278,334,Brazil,15,7,8,0,0,0,0,0,0,0,0,2,2,0,10,4,6,5,0,0,0,0,0,0,0,1.47,61,41,122,0,0.74,235,278,-1,32,850000,6.18,0,48,49.20,22.27,80,334,19.80,297,83,43.75,81,0.00,0.00,0.33,5,0.00,0.53,1.62,0.73,11,0.00,0.47,0.00,0.00,0.20,0.73,0.27,0.93,0.00,0.59,0.27,0.47,0.00,0.00,0.01,0.00,0.27,0.00,0.00,0,0,,4,0.27,29,0,0.00,17,4,0.59,43,1,9,6,62,0.00,99,0,11,1.62,91,8,88,1.18,55,0,0.00,99,0,0.00,0,0,0.00,0,0.74,45,7,1.03,48,4,0.59,57.14,0,0.00,0,3,15,0.44,21,14,0.00,23,2.06,90,N/A,N/A,N/A,N/A,21.43,0,0.00,0,0.18,0.00,0,88.92,0.00,17,53,0.27,0.59,4,57,69,0,0,0,0.13,0.29,2,56,92.67,0.47,1.03,7,0,0.00,0.00,99,0.00,0,0,0,0.00,0.00,0,0.00,0.00,0.00,0.00,0,0,0.00,45,20,41,46,23,0.88,51,0.06,0.13,0.18,20,0.01,0.03,21,3,0.20,0.44,1.18,0.53,49,8,0.03,19,8,38,75,0,47,32,0,0.00,99,4,0.00,0.59,7.36,3.33,50,21,20,34,3.09,1.40,42.00,7,1.03,28,0,37.50,0,0.00,99,3,0.20,0.44,65,21,94,35,0,0,0,0,0,28,46,65,59,0,63,26,16,99,5,33,94,16,N/A,N/A
Lucas Taverna,19,1178607600,2007/05/08,Serie A,2026,Defender,Coritiba,122,18,104,Brazil,4,2,2,0,0,0,0,0,0,0,0,1,0,1,2,0,2,1,0,0,0,0,0,0,0,1.48,61,31,122,0,0.74,-1,-1,-1,16,0,6.33,0,48,32.46,11.00,39,44,8.75,35,29,25.82,37,0.00,0.00,0.00,0,0.00,0.75,2.21,0.75,3,0.00,0.25,0.00,0.00,0.00,0.75,0.50,1.00,0.00,0.74,0.25,1.00,0.00,0.00,0.01,0.00,0.25,0.00,0.00,0,0,,1,0.25,38,0,0.00,17,1,0.74,52,3,3,1,82,0.00,99,0,3,2.21,99,3,30,2.21,67,0,0.00,99,0,0.00,0,0,0.00,0,0.00,8,4,2.95,88,2,1.48,50.00,0,0.00,0,0,0,0.00,0,4,0.00,22,2.95,93,N/A,N/A,N/A,N/A,0.00,0,0.00,0,0.04,0.00,0,79.55,0.00,17,3,0.50,1.48,2,86,59,0,0,0,0.25,0.74,1,87,25.32,2.00,5.90,8,0,0.00,0.00,99,0.00,0,0,0,0.00,0.00,0,0.00,0.00,0.00,0.00,0,0,0.00,45,0,0,46,23,0.07,10,0.02,0.05,0.04,20,0.01,0.03,38,1,0.25,0.74,2.95,1.00,99,4,0.03,19,13,95,75,0,47,42,0,0.00,99,1,0.00,0.74,14.02,4.75,19,6,49,94,4.43,1.50,31.58,1,0.74,43,0,0.00,0,0.00,99,0,0.00,0.00,30,0,56,72,0,0,0,0,0,28,46,65,59,0,21,54,16,99,1,25,85,86,0,0
Lucas Verissimo,31,804668400,1995/07/02,Serie A,2026,Defender,Santos,1170,630,540,Brazil,13,7,6,0,0,0,0,0,0,0,0,4,3,1,19,9,10,2,0,0,0,0,0,0,0,1.46,62,90,585,0,0.15,258,240,138,15,0,6.70,0,48,38.38,38.38,56,499,34.08,443,83,34.08,61,0.00,0.00,0.15,2,0.00,0.08,0.85,0.85,11,0.00,0.08,0.00,0.00,0.00,1.77,0.08,1.54,0.00,0.62,0.46,0.15,0.00,0.15,0.05,0.00,2.54,0.00,0.00,0,0,,8,0.62,30,2,0.15,32,6,0.46,34,0,0,13,23,0.00,99,0,23,1.77,95,1,30,0.08,19,0,0.00,99,0,0.00,0,0,0.00,0,0.15,12,2,0.15,13,1,0.08,50.00,0,0.00,0,0,0,0.00,0,20,0.00,24,1.54,72,N/A,N/A,N/A,N/A,0.00,0,0.00,0,0.66,0.00,0,88.78,25.00,41,58,0.54,0.54,7,15,59,0,0,0,0.46,0.46,6,73,87.05,6.92,6.92,90,0,0.00,0.00,99,0.00,0,0,0,0.00,0.00,0,0.00,0.00,0.15,0.15,2,0,0.00,45,59,30,46,24,1.15,32,0.09,0.09,0.66,31,0.05,0.05,25,7,0.54,0.54,1.15,1.15,47,15,0.05,30,39,98,75,0,74,93,0,0.00,99,33,0.00,2.54,6.85,6.85,89,51,38,25,3.92,3.92,57.30,1,0.08,85,0,0.00,0,0.00,99,0,0.00,0.00,30,58,23,12,0,0,0,0,0,28,46,65,59,0,21,67,78,37,2,15,59,4,0,0
Lucas Villalba,32,777279600,1994/08/19,Serie A,2026,Defender,Cruzeiro,926,544,382,Argentina,13,7,6,0,0,0,2,2,0,0,0,3,2,1,13,6,7,2,0,0.19,0.19,0,0,0,0,1.26,71,71,463,463,0.19,294,69,116,24,820000,6.64,0.15,86,59.19,46.85,93,609,40.00,520,62,50.54,91,0.00,0.00,0.46,6,0.00,1.69,0.87,0.69,9,0.00,0.15,0.00,0.00,0.00,1.00,0.23,1.15,0.00,0.58,0.31,0.31,0.00,0.15,0.03,0.00,1.00,0.00,0.00,0,0,,6,0.46,28,2,0.19,37,4,0.39,27,2,3,10,24,0.00,99,0,13,1.26,82,22,55,2.14,67,0,0.00,99,0,0.00,0,0,0.00,0,0.58,37,4,0.39,24,3,0.29,75.00,0,0.00,0,0,0,0.00,0,15,0.00,38,1.46,64,N/A,N/A,N/A,N/A,0.00,0,0.00,0,0.42,0.00,0,85.39,33.33,62,54,0.46,0.58,6,32,91,0,0,0,0.31,0.39,4,66,86.36,3.46,4.37,45,1,0.00,0.10,3,0.08,0,0,0,0.00,0.00,0,0.00,0.00,0.10,0.08,1,0,0.00,45,42,30,46,37,2.46,87,0.19,0.24,0.42,26,0.03,0.04,17,4,0.31,0.39,1.56,1.23,70,16,0.04,25,30,85,75,0,64,65,0,0.00,99,13,0.00,1.26,7.29,5.77,75,29,15,33,2.82,2.23,38.67,2,0.19,77,0,22.73,0,0.00,99,5,0.38,0.49,67,43,56,56,0,0,0,0,0,59,46,65,59,0,61,47,67,48,1,8,34,25,N/A,N/A
Lucas Willians Assis Arcanjo,28,902559600,1998/08/08,Serie A,2026,Goalkeeper,Vitória,1800,900,900,Brazil,20,10,10,0,0,0,0,0,0,0,0,8,7,1,20,6,14,1,0,0,0,0,0,0,0,1,90,90,1800,0,0.05,296,257,60,18,300000,7.04,0,48,29.50,29.50,28,590,16.95,339,1,16.95,15,0.00,0.00,0.00,0,0.00,0.00,0.00,0.00,0,0.00,0.00,0.00,0.00,3.70,0.00,0.00,4.95,0.00,0.00,0.00,0.00,0.00,0.00,0.00,0.00,0.20,0.00,0.00,0,0,,0,0.00,7,0,0.00,17,0,0.00,7,0,0,20,5,0.00,99,0,0,0.00,10,0,30,0.00,16,0,0.00,99,0,0.00,0,0,0.00,0,0.00,8,0,0.00,9,0,0.00,0.00,0,0.00,0,74,88,3.70,91,99,0.00,66,4.95,98,N/A,N/A,N/A,N/A,74.75,0,0.00,0,0.00,0.00,0,57.46,0.00,17,99,0.00,0.00,0,13,13,0,0,43,0.00,0.00,0,24,140.84,0.70,0.70,14,1,0.00,0.05,11,0.05,2,0,0,0.00,0.00,5,0.25,0.25,0.00,0.00,0,0,0.00,45,92,82,46,67,0.81,6,0.04,0.04,0.00,7,0.00,0.00,1,0,0.00,0.00,0.05,0.05,7,1,0.00,7,87,24,75,15,47,8,0,0.00,99,4,0.00,0.20,0.30,0.30,6,4,2,2,0.20,0.20,66.67,0,0.00,99,0,0.00,0,0.00,99,0,0.00,0.00,30,91,23,12,0,0,0,0,0,28,46,65,59,0,37,89,98,17,1,5,22,1,N/A,N/A
Lucca Marques Alencar,19,1181804400,2007/06/14,Serie A,2026,Forward,São Paulo,112,24,88,Brazil,4,1,3,0,0,0,0,0,0,0,0,1,1,0,1,0,1,0,0,0,0,0,0,0,0,0.8,112,28,0,0,0,-1,-1,-1,27,150000,6.61,0,48,25.71,8.00,21,32,7.50,30,99,24.11,30,0.00,0.00,0.75,3,0.00,1.50,0.80,0.25,1,0.00,0.25,0.00,0.00,0.00,0.50,1.00,0.50,0.00,0.80,0.25,2.25,0.00,0.00,0.01,0.00,0.00,0.00,0.00,0,0,,1,0.25,42,0,0.00,17,1,0.80,55,1,3,1,21,0.00,99,0,2,1.61,90,6,84,4.82,91,0,0.00,99,0,0.00,0,0,0.00,0,2.41,94,9,7.23,99,4,3.21,44.44,0,0.00,0,0,0,0.00,0,2,0.00,87,1.61,74,N/A,N/A,N/A,N/A,0.00,0,0.00,0,0.06,0.00,0,93.75,0.00,17,99,0.00,0.00,0,99,46,0,0,0,0.25,0.80,1,89,26.45,0.25,0.80,1,0,0.00,0.00,99,0.00,0,0,0,0.00,0.00,0,0.00,0.00,0.00,0.00,0,0,0.00,45,0,0,46,86,0.18,55,0.04,0.14,0.06,31,0.01,0.05,1,0,0.00,0.00,1.61,0.50,72,2,0.05,30,26,27,75,0,47,2,0,0.00,99,0,0.00,0.00,12.05,3.75,15,5,40,85,4.02,1.25,33.33,1,0.80,40,0,33.33,0,0.00,99,2,0.50,1.61,95,0,56,35,0,0,0,0,0,28,46,65,59,0,27,54,15,15,0,0,16,45,N/A,N/A
Luciano Acosta,32,770367600,1994/05/31,Serie A,2026,Midfielder,Fluminense,1181,728,453,Argentina,19,11,8,3,2,1,4,1,3,0,0,4,3,1,13,7,6,5,0,0.53,0.3,0.23,0.25,0.2,394,0.99,91,62,236,295,0.38,91,20,-1,8,2796800,7.17,0.21,96,53.35,36.47,86,693,30.00,570,40,43.88,81,0.00,0.00,2.11,40,0.00,1.16,1.15,0.79,15,0.00,0.63,0.00,0.00,0.00,0.37,1.58,0.74,8.67,2.00,0.89,2.53,0.00,0.47,0.20,0.00,0.05,0.00,0.00,0,0,,26,1.37,75,9,0.69,76,17,1.31,78,2,3,16,40,0.00,99,0,7,0.54,38,22,68,1.69,61,0,0.00,99,0,0.00,0,0,0.00,0,3.08,98,48,3.70,93,30,2.31,62.50,0,0.00,0,0,0,0.00,0,14,0.00,68,1.08,32,N/A,N/A,N/A,N/A,0.00,0,0.00,0,3.77,0.00,0,82.25,34.62,63,8,0.89,1.31,17,97,76,0,0,0,0.00,0.00,0,24,136.25,0.37,0.54,7,0,0.00,0.00,99,0.00,0,0,0,0.00,0.00,0,0.00,0.00,0.31,0.21,4,0,11.54,71,59,74,66,69,5.20,98,0.27,0.40,3.77,81,0.20,0.29,69,19,1.00,1.46,1.39,0.95,58,18,0.29,79,96,18,75,0,87,3,0,0.00,99,1,0.00,0.08,10.55,7.21,137,65,66,72,5.00,3.42,47.45,12,0.92,34,0,27.27,0,0.00,99,6,0.32,0.46,66,76,56,56,0,0,0,0,0,90,81,78,79,0,95,44,30,85,5,26,86,32,N/A,N/A
Luciano Batista da Silva Junior,26,935910000,1999/08/29,Serie A,2026,Defender,Bahia,1609,757,852,Brazil,20,10,10,7,4,3,1,1,0,0,0,7,3,4,20,8,12,3,0,0.45,0.06,0.39,0.48,0.32,230,1.12,80,80,536,1609,0.17,34,194,83,1,445131,7.50,0.05,55,44.92,40.15,72,803,34.70,694,70,38.82,73,0.00,0.00,1.70,34,0.00,3.05,1.45,1.30,26,0.00,0.40,0.00,0.00,0.00,1.00,0.30,1.00,3.43,1.34,0.55,1.00,0.00,0.65,0.32,0.00,0.55,0.00,0.00,0,0,,24,1.20,61,13,0.73,78,11,0.62,44,1,1,19,53,0.00,99,0,20,1.12,71,61,85,3.41,81,0,0.00,99,0,0.00,0,0,0.00,0,1.90,89,20,1.12,52,6,0.34,30.00,0,0.00,0,0,0,0.00,0,20,0.00,53,1.12,38,N/A,N/A,N/A,N/A,0.00,0,0.00,0,6.38,0.00,0,86.43,54.17,93,28,0.80,0.89,16,37,22,2,1,0,0.20,0.22,4,50,149.96,3.70,4.14,74,0,0.00,0.00,99,0.00,0,3,1,0.05,0.06,0,0.00,0.00,0.00,0.00,0,0,29.17,97,86,82,54,52,3.57,79,0.18,0.20,4.28,75,0.21,0.24,37,13,0.65,0.73,0.84,0.75,27,15,0.36,86,99,82,81,0,47,35,0,0.00,99,11,0.00,0.62,6.88,6.15,123,56,21,27,3.13,2.80,45.53,8,0.45,60,0,34.43,0,0.00,99,21,1.05,1.17,89,88,36,35,0,0,0,0,0,86,92,87,93,0,45,78,75,42,2,10,42,46,N/A,N/A
Luciano da Rocha Neves,33,737708400,1993/05/18,Serie A,2026,Forward,São Paulo,1420,754,666,Brazil,19,10,9,6,4,2,2,1,1,0,0,3,3,0,18,7,11,5,0,0.51,0.13,0.38,0.48,0.27,237,1.14,79,75,284,710,0.32,38,117,-1,2,1150000,7.07,0.11,74,30.02,24.95,30,474,20.58,391,42,24.76,32,0.00,0.00,1.11,21,0.00,0.74,1.39,1.16,22,0.00,0.79,0.00,0.00,0.00,0.16,0.05,0.95,7.17,2.72,1.58,0.58,0.00,0.68,0.35,0.00,0.79,0.00,0.00,0,0,,43,2.26,91,13,0.82,82,30,1.90,93,4,2,17,49,0.00,99,0,3,0.19,18,14,30,0.89,51,0,0.00,99,0,0.00,0,0,0.00,0,1.33,76,11,0.70,37,1,0.06,9.09,0,0.00,0,0,0,0.00,0,18,0.00,50,1.14,41,N/A,N/A,N/A,N/A,0.00,0,0.00,0,6.71,0.00,0,82.49,30.23,50,80,0.26,0.32,5,15,13,0,1,0,0.05,0.06,1,25,134.38,0.68,0.82,13,0,0.00,0.00,99,0.00,0,1,1,0.05,0.06,0,0.00,0.00,0.44,0.37,7,1,13.95,78,75,74,54,50,2.87,72,0.15,0.18,6.01,90,0.32,0.38,85,32,1.68,2.03,1.39,1.16,58,22,0.42,91,89,28,81,0,90,52,0,0.00,99,15,0.00,0.95,8.68,7.21,137,68,46,49,4.31,3.58,49.64,15,0.95,31,0,0.00,0,0.00,99,0,0.00,0.00,30,80,46,83,0,0,0,0,0,89,92,84,93,0,72,31,38,79,5,26,86,10,N/A,N/A
Luciano Rodríguez,23,1058338800,2003/07/16,Serie A,2026,Forward,Cruzeiro,20,0,20,Uruguay,1,0,1,0,0,0,1,0,1,0,0,0,0,0,0,0,0,1,0,4.5,4.5,0,0,0,0,0,0,20,20,20,4.5,-1,-1,-1,35,0,6.69,1,99,13.50,3.00,3,3,2.00,2,4,9.00,3,0.00,0.00,1.00,1,0.00,1.00,0.00,0.00,0,0.00,1.00,0.00,0.00,0.00,0.00,0.00,0.00,0.00,4.50,1.00,2.00,0.00,0.00,0.05,0.00,0.00,0.00,0.00,0,0,,1,1.00,99,0,0.00,17,1,4.50,99,0,1,0,5,0.00,99,0,0,0.00,10,1,99,4.50,90,0,0.00,99,0,0.00,0,0,0.00,0,4.50,99,2,9.00,99,0,0.00,0.00,0,0.00,0,0,0,0.00,0,0,0.00,99,0.00,0,N/A,N/A,N/A,N/A,0.00,0,0.00,0,0.05,0.00,0,66.67,0.00,17,99,0.00,0.00,0,13,13,0,0,0,0.00,0.00,0,24,6.69,0.00,0.00,0,0,0.00,0.00,99,0.00,0,0,1,1.00,4.50,0,0.00,0.00,0.00,0.00,0,0,0.00,45,0,0,46,0,0.57,99,0.57,2.56,0.05,74,0.05,0.23,1,0,0.00,0.00,0.00,0.00,5,0,0.23,72,38,0,99,0,47,2,0,0.00,99,0,0.00,0.00,18.00,4.00,4,0,0,99,0.00,0.00,0.00,1,4.50,0,0,100.00,0,0.00,99,1,1.00,4.50,99,0,36,12,0,0,0,0,0,99,46,65,59,0,21,5,15,99,1,100,99,97,0,0
Luighi Hanri Sousa Santos,20,1146380400,2006/04/30,Serie A,2026,Forward,Palmeiras,159,62,97,Brazil,7,2,5,0,0,0,0,0,0,0,0,2,1,1,1,0,1,2,0,0,0,0,0,0,0,0.57,159,23,80,0,1.13,-1,-1,-1,22,300000,6.60,0,48,10.75,2.71,1,19,2.14,15,27,8.49,2,0.00,0.00,0.14,1,0.00,0.14,3.40,0.86,6,0.00,0.00,0.00,0.00,0.00,0.00,0.14,0.14,0.00,3.40,0.71,0.29,0.00,0.14,0.05,0.00,0.57,0.00,0.00,0,0,,6,0.86,97,1,0.57,71,5,2.83,99,1,6,1,98,0.00,99,0,0,0.00,10,1,99,0.57,42,0,0.00,99,0,0.00,0,0,0.00,0,0.57,37,2,1.13,52,1,0.57,50.00,0,0.00,0,0,0,0.00,0,1,0.00,96,0.57,3,N/A,N/A,N/A,N/A,0.00,0,0.00,0,0.38,0.00,0,78.95,16.67,26,55,0.14,0.57,1,55,59,0,0,0,0.14,0.57,1,80,46.22,0.00,0.00,0,0,0.00,0.00,99,0.00,0,0,0,0.00,0.00,0,0.00,0.00,0.00,0.00,0,0,0.00,45,0,6,46,96,0.07,6,0.01,0.04,0.38,72,0.05,0.22,98,6,0.86,3.40,3.96,1.00,99,7,0.22,70,24,0,75,0,47,88,0,0.00,99,4,0.00,2.26,19.25,4.86,34,17,99,99,9.62,2.43,50.00,0,0.00,99,0,100.00,0,0.00,99,1,0.14,0.57,71,0,79,35,0,0,0,0,0,28,46,65,59,0,37,64,15,99,2,29,90,31,N/A,N/A
Luis Antonio da Rocha Junior,29,868172400,1997/07/06,Serie A,2026,Defender,Bragantino,1789,1069,720,Brazil,20,12,8,3,2,1,2,1,1,0,0,8,5,3,19,11,8,9,0,0.25,0.1,0.15,0.17,0.13,596,0.96,94,89,199,895,0.45,146,151,49,3,1215500,7.17,0.1,66,44.37,44.10,70,882,35.85,717,34,36.07,66,0.00,0.00,1.45,29,0.00,3.65,2.26,2.25,45,0.00,0.70,0.00,0.00,0.00,1.35,0.40,0.95,9.00,1.36,1.05,1.05,0.00,0.30,0.18,0.00,2.10,0.00,0.00,0,0,,27,1.35,62,6,0.30,51,21,1.06,68,1,0,20,84,0.00,99,0,27,1.36,86,73,39,3.67,83,0,0.00,99,0,0.00,0,0,0.00,0,1.46,80,21,1.06,50,8,0.40,38.10,0,0.00,0,0,0,0.00,0,19,0.00,72,0.96,21,N/A,N/A,N/A,N/A,0.00,0,0.00,0,3.53,0.00,0,81.29,22.22,33,46,0.65,0.65,13,42,32,0,0,0,0.20,0.20,4,48,143.36,2.70,2.72,54,0,0.00,0.00,99,0.00,0,0,2,0.10,0.10,0,0.00,0.00,0.05,0.05,1,0,11.11,70,91,82,79,72,4.06,79,0.20,0.20,3.53,66,0.18,0.18,61,25,1.25,1.26,1.91,1.90,87,38,0.18,64,96,70,89,0,50,86,0,0.00,99,42,0.00,2.11,11.12,11.05,221,119,85,76,5.99,5.95,53.85,14,0.70,45,0,16.44,0,0.00,99,12,0.60,0.60,73,91,23,35,0,0,0,0,0,69,68,71,70,0,77,89,25,90,9,45,98,29,N/A,N/A
Luis Eduardo Guedes de Souza,18,1201334400,2008/01/26,Serie A,2026,Defender,Grêmio,180,90,90,Brazil,2,1,1,0,0,0,0,0,0,0,0,0,0,0,3,2,1,0,0,0,0,0,0,0,0,1.5,60,90,0,0,0,-1,-1,-1,20,0,6.79,0,48,44.00,44.00,69,88,38.00,76,70,38.00,71,0.00,0.00,0.00,0,0.00,0.00,2.00,2.00,4,0.00,0.00,0.00,0.00,0.00,1.00,0.00,1.50,0.00,0.00,-0.50,0.00,0.00,0.50,0.04,0.00,1.00,0.00,0.00,0,0,,0,0.00,7,1,0.50,67,-1,-0.50,0,0,0,2,76,0.00,99,0,2,1.00,63,0,30,0.00,16,0,0.00,99,0,0.00,0,0,0.00,0,0.00,8,0,0.00,9,0,0.00,0.00,0,0.00,0,0,0,0.00,0,3,0.00,20,1.50,68,N/A,N/A,N/A,N/A,0.00,0,0.00,0,0.07,0.00,0,86.36,0.00,17,62,0.50,0.50,1,13,13,0,0,0,1.50,1.50,3,99,13.59,4.50,4.50,9,0,0.00,0.00,99,0.00,0,0,0,0.00,0.00,0,0.00,0.00,0.00,0.00,0,0,0.00,45,0,0,46,21,0.18,32,0.09,0.09,0.07,26,0.04,0.04,1,0,0.00,0.00,1.00,1.00,35,2,0.04,25,53,86,75,0,47,55,0,0.00,99,2,0.00,1.00,6.00,6.00,12,6,18,16,3.00,3.00,50.00,0,0.00,99,0,0.00,0,0.00,99,0,0.00,0.00,30,1,23,12,0,0,0,0,0,28,46,65,59,0,21,5,15,15,0,0,16,43,0,0
Luis Eduardo Soares da Silva,23,1045382400,2003/02/16,Serie A,2026,Defender,Vasco da Gama,1079,595,484,Brazil,15,8,7,2,2,0,3,2,1,0,0,1,0,1,18,10,8,3,0,0.42,0.25,0.17,0.3,0,540,1.5,60,72,360,360,0.25,132,39,146,7,100000,7.13,0.2,92,38.62,30.87,58,463,23.53,353,18,29.44,48,0.00,0.00,1.27,19,0.00,5.13,4.09,3.27,49,0.00,0.73,0.00,0.00,0.00,1.67,1.00,1.27,11.50,1.92,0.87,2.07,0.00,0.67,0.21,0.00,1.73,0.00,0.00,0,0,,23,1.53,74,10,0.83,83,13,1.08,69,4,3,12,99,0.00,99,0,25,2.09,98,77,57,6.42,97,0,0.00,99,0,0.00,0,0,0.00,0,1.58,81,31,2.59,84,15,1.25,48.39,0,0.00,0,0,0,0.00,0,19,0.00,20,1.58,73,N/A,N/A,N/A,N/A,0.00,0,0.00,0,3.13,0.00,0,76.24,43.48,83,11,0.93,1.17,14,83,50,0,0,0,0.20,0.25,3,52,106.93,2.73,3.42,41,0,0.00,0.00,99,0.00,0,0,0,0.00,0.00,0,0.00,0.00,0.00,0.00,0,0,8.70,60,53,41,76,21,3.22,92,0.21,0.27,3.13,77,0.21,0.26,64,16,1.07,1.33,1.67,1.33,76,20,0.26,76,94,77,75,0,47,87,0,0.00,99,26,0.00,2.17,14.43,11.53,173,104,98,95,8.67,6.93,60.12,11,0.92,34,0,23.38,0,0.00,99,18,1.20,1.50,94,53,56,83,0,0,0,0,0,85,71,65,82,0,23,12,52,64,3,20,74,66,N/A,N/A
Luis Felipe Pacheco da Costa,18,1201939200,2008/02/02,Serie A,2026,Midfielder,Palmeiras,67,67,0,Brazil,3,3,0,0,0,0,0,0,0,0,0,1,1,0,0,0,0,2,0,0,0,0,0,0,0,0,0,22,34,0,2.69,-1,-1,-1,18,200000,6.41,0,48,55.07,13.67,89,41,12.67,38,98,51.04,92,0.00,0.00,0.00,0,0.00,0.33,0.00,0.00,0,0.00,0.33,0.00,0.00,0.00,0.00,0.00,0.00,0.00,1.34,0.33,0.67,0.00,0.00,0.02,0.00,0.33,0.00,0.00,0,0,,1,0.33,61,0,0.00,17,1,1.34,79,1,2,1,5,0.00,99,0,0,0.00,10,1,30,1.34,56,0,0.00,99,0,0.00,0,0,0.00,0,0.00,8,2,2.69,85,0,0.00,0.00,0,0.00,0,0,0,0.00,0,0,0.00,99,0.00,0,N/A,N/A,N/A,N/A,0.00,0,0.00,0,0.05,0.00,0,92.68,0.00,17,6,0.33,1.34,1,13,13,0,0,0,0.00,0.00,0,24,19.23,0.33,1.34,1,0,0.00,0.00,99,0.00,0,0,0,0.00,0.00,0,0.00,0.00,0.00,0.00,0,0,0.00,45,0,0,46,0,0.08,40,0.03,0.11,0.05,39,0.02,0.07,1,0,0.00,0.00,1.34,0.33,55,1,0.07,38,15,48,75,0,47,68,0,0.00,99,1,0.00,1.34,8.06,2.00,6,1,7,41,1.34,0.33,16.67,1,1.34,16,0,0.00,0,0.00,99,0,0.00,0.00,30,0,46,35,0,0,0,0,0,28,46,65,59,0,30,75,15,99,2,67,99,50,N/A,N/A
Luis Gustavo Roncholeta Benedetti,20,1149663600,2006/06/07,Serie A,2026,Defender,Palmeiras,21,21,0,Brazil,2,2,0,0,0,0,0,0,0,0,0,2,2,0,0,0,0,1,0,0,0,0,0,0,0,0,0,11,21,0,4.29,-1,-1,-1,14,0,6.46,0,48,8.57,1.00,0,2,1.00,2,99,8.57,3,0.00,0.00,0.00,0,0.00,0.00,0.00,0.00,0,0.00,0.00,0.00,0.00,0.00,0.00,0.00,0.00,0.00,0.00,0.00,0.00,0.00,0.00,0.00,0.00,0.00,0.00,0.00,0,0,,0,0.00,7,0,0.00,17,0,0.00,7,0,2,0,5,0.00,99,0,0,0.00,10,0,30,0.00,16,0,0.00,99,0,0.00,0,0,0.00,0,0.00,8,0,0.00,9,0,0.00,0.00,0,0.00,0,0,0,0.00,0,0,0.00,99,0.00,0,N/A,N/A,N/A,N/A,0.00,0,0.00,0,0.00,0.00,0,100.00,0.00,17,99,0.00,0.00,0,13,13,0,0,0,0.00,0.00,0,24,12.91,0.50,4.29,1,0,0.00,0.00,99,0.00,0,0,0,0.00,0.00,0,0.00,0.00,0.00,0.00,0,0,0.00,45,0,0,46,0,0.00,0,0.00,0.00,0.00,7,0.00,0.00,99,1,0.50,4.29,4.29,0.50,99,1,0.00,7,18,84,75,0,47,2,0,0.00,99,0,0.00,0.00,8.57,1.00,2,1,46,48,4.29,0.50,50.00,0,0.00,99,0,0.00,0,0.00,99,0,0.00,0.00,30,0,46,12,0,0,0,0,0,28,46,65,59,0,21,99,15,99,1,50,99,43,0,0
Luis Miguel Borges de Paula,21,1107504000,2005/02/04,Serie A,2026,Forward,Vitória,0,0,0,Brazil,0,0,0,0,0,0,0,0,0,0,0,0,0,0,0,0,0,0,0,0,0,0,0,0,0,0,0,0,0,0,0,-1,-1,-1,-1,N/A,N/A,N/A,N/A,N/A,N/A,N/A,N/A,N/A,N/A,N/A,N/A,N/A,N/A,N/A,N/A,N/A,N/A,N/A,N/A,N/A,N/A,N/A,N/A,N/A,N/A,N/A,N/A,N/A,N/A,N/A,N/A,N/A,N/A,N/A,N/A,N/A,N/A,N/A,N/A,N/A,N/A,N/A,N/A,N/A,N/A,N/A,N/A,N/A,N/A,N/A,N/A,N/A,N/A,N/A,N/A,N/A,N/A,N/A,N/A,N/A,N/A,N/A,N/A,N/A,N/A,N/A,N/A,N/A,N/A,N/A,N/A,N/A,N/A,N/A,N/A,N/A,N/A,N/A,N/A,N/A,N/A,N/A,N/A,N/A,N/A,N/A,N/A,N/A,N/A,N/A,N/A,N/A,N/A,N/A,N/A,N/A,N/A,N/A,N/A,N/A,N/A,N/A,N/A,N/A,N/A,N/A,N/A,N/A,N/A,N/A,N/A,N/A,N/A,N/A,N/A,N/A,N/A,N/A,N/A,N/A,N/A,N/A,N/A,N/A,N/A,N/A,N/A,N/A,N/A,N/A,N/A,N/A,N/A,N/A,N/A,N/A,N/A,N/A,N/A,N/A,N/A,N/A,N/A,N/A,N/A,N/A,N/A,N/A,N/A,N/A,N/A,N/A,N/A,N/A,N/A,N/A,N/A,N/A,N/A,N/A,N/A,N/A,N/A,N/A,N/A,N/A,N/A,N/A,N/A,N/A,N/A,N/A,N/A,N/A,N/A,N/A,N/A,N/A,N/A,N/A,N/A,N/A,N/A,N/A,N/A,N/A,N/A,N/A,N/A,N/A,N/A,N/A,N/A,N/A,N/A,N/A,N/A,N/A,N/A,N/A,N/A,N/A,N/A,N/A,N/A,N/A,N/A,N/A,N/A,N/A,N/A,N/A,N/A,N/A,N/A,N/A,N/A,N/A,N/A,N/A,N/A,N/A,N/A
Luis Osorio Messias de Oliveira,19,1157526000,2006/09/06,Serie A,2026,Defender,São Paulo,383,113,270,Brazil,5,2,3,0,0,0,1,0,1,0,0,0,0,0,5,2,3,1,0,0.23,0.23,0,0,0,0,1.17,77,77,383,383,0.23,279,48,95,18,0,6.59,0.2,90,53.81,45.80,87,229,40.80,204,85,47.94,88,0.00,0.00,0.20,1,0.00,0.20,1.17,1.00,5,0.00,0.40,0.00,0.00,0.00,0.40,0.20,1.40,0.00,0.23,0.20,0.20,0.00,0.00,0.01,0.00,1.00,0.00,0.00,0,0,,1,0.20,10,0,0.00,17,1,0.23,15,0,2,3,42,0.00,99,0,2,0.47,32,1,99,0.23,28,0,0.00,99,0,0.00,0,0,0.00,0,0.23,19,1,0.23,16,1,0.23,100.00,0,0.00,0,0,0,0.00,0,7,0.00,47,1.64,77,N/A,N/A,N/A,N/A,0.00,0,0.00,0,0.05,0.00,0,89.08,0.00,17,86,0.20,0.23,1,28,99,0,0,0,0.40,0.47,2,73,32.96,2.40,2.82,12,0,0.00,0.00,99,0.00,0,0,0,0.00,0.00,0,0.00,0.00,0.00,0.00,0,0,0.00,45,3,1,46,47,1.05,89,0.21,0.25,0.05,12,0.01,0.01,22,2,0.40,0.47,1.88,1.60,84,8,0.01,12,24,72,75,0,47,62,0,0.00,99,5,0.00,1.17,6.81,5.80,29,13,20,25,3.05,2.60,44.83,2,0.47,60,0,100.00,0,0.00,99,1,0.20,0.23,51,3,46,12,0,0,0,0,0,66,46,65,59,0,21,5,56,59,1,20,74,54,0,0
Luis Sinisterra,27,929602800,1999/06/17,Serie A,2026,Forward,Cruzeiro,347,150,197,Colombia,8,3,5,1,1,0,0,0,0,0,0,1,0,1,2,0,2,0,0,0.26,0,0.26,0.6,0,347,0.52,174,43,0,0,0,71,295,-1,11,0,5.02,0,48,21.01,10.12,12,81,8.88,71,78,18.41,19,0.00,0.00,0.25,2,0.00,0.25,0.52,0.25,2,0.00,0.25,0.00,0.00,0.00,0.38,0.75,0.25,12.00,3.11,1.12,2.25,0.00,0.38,0.19,0.00,0.38,0.00,0.00,0,0,,12,1.50,95,3,0.78,80,9,2.33,97,2,4,4,14,0.00,99,0,3,0.78,50,2,99,0.52,41,0,0.00,99,0,0.00,0,0,0.00,0,0.52,34,18,4.67,97,6,1.56,33.33,0,0.00,0,0,0,0.00,0,2,0.00,97,0.52,2,N/A,N/A,N/A,N/A,0.00,0,0.00,0,1.49,0.00,0,87.65,25.00,41,17,0.50,1.04,4,88,27,0,0,0,0.00,0.00,0,24,40.13,0.25,0.52,2,0,0.00,0.00,99,0.00,0,0,0,0.00,0.00,0,0.00,0.00,0.00,0.00,0,0,8.33,59,0,8,62,97,0.21,10,0.03,0.05,1.49,91,0.19,0.39,12,1,0.12,0.26,1.82,0.88,83,7,0.39,89,0,16,75,0,47,43,0,0.00,99,3,0.00,0.78,11.67,5.62,45,12,20,81,3.11,1.50,26.67,2,0.52,56,0,100.00,0,0.00,99,2,0.25,0.52,69,8,65,56,0,0,0,0,0,70,85,65,96,0,21,26,15,15,0,0,16,17,0,0
Luiz Araújo,30,833698800,1996/06/02,Serie A,2026,Forward,Flamengo,430,258,172,Brazil,13,6,7,2,1,1,1,1,0,0,0,7,4,3,2,0,2,1,0,0.63,0.21,0.42,0.35,0.52,215,0.42,215,33,430,430,0.21,26,53,-1,7,0,6.44,0.08,89,46.26,17.00,75,221,15.08,196,82,41.02,77,0.00,0.00,0.85,11,0.00,1.62,3.98,1.46,19,0.00,0.62,0.00,0.00,0.00,0.15,0.54,0.23,5.50,2.30,0.54,0.92,0.00,0.31,0.16,0.00,0.08,0.00,0.00,0,0,,11,0.85,82,4,0.84,83,7,1.47,83,1,8,5,99,0.00,99,0,2,0.42,29,21,72,4.40,90,0,0.00,99,0,0.00,0,0,0.00,0,2.30,93,12,2.51,83,7,1.47,58.33,0,0.00,0,0,0,0.00,0,3,0.00,99,0.63,3,N/A,N/A,N/A,N/A,0.00,0,0.00,0,2.03,0.00,0,88.69,36.36,69,31,0.31,0.84,4,86,69,0,0,0,0.00,0.00,0,24,83.76,0.46,1.26,6,0,0.00,0.00,99,0.00,0,0,0,0.00,0.00,0,0.00,0.00,0.21,0.08,1,0,18.18,87,6,30,52,99,1.44,94,0.11,0.30,2.03,93,0.16,0.42,76,8,0.62,1.67,1.67,0.62,76,8,0.42,91,17,44,75,0,80,8,0,0.00,99,1,0.00,0.21,13.81,5.08,66,35,96,93,7.33,2.69,53.03,8,1.67,8,0,28.57,0,0.00,99,6,0.46,1.26,91,14,90,35,0,0,0,0,0,96,95,96,87,0,21,99,63,55,1,8,34,7,0,0
Luiz Felipe de Morais Francisco,20,1148022000,2006/05/19,Serie A,2026,Defender,Internacional,50,50,0,Brazil,2,2,0,0,0,0,0,0,0,0,0,0,0,0,1,1,0,0,0,0,0,0,0,0,0,1.8,50,25,0,0,0,-1,-1,-1,11,0,3.20,0,48,14.40,4.00,4,8,1.50,3,0,5.40,0,0.00,0.00,0.50,1,0.00,2.00,1.80,0.50,1,0.00,0.00,0.00,0.00,0.00,0.50,0.00,0.50,0.00,0.00,0.00,1.00,0.00,0.00,0.00,0.00,0.50,0.00,0.00,0,0,,0,0.00,7,0,0.00,17,0,0.00,7,2,1,1,69,0.00,99,0,1,1.80,95,4,62,7.20,97,0,0.00,99,0,0.00,0,0,0.00,0,1.80,87,2,3.60,92,0,0.00,0.00,0,0.00,0,0,0,0.00,0,1,0.00,7,1.80,84,N/A,N/A,N/A,N/A,0.00,0,0.00,0,0.00,0.00,0,37.50,0.00,17,99,0.00,0.00,0,13,13,0,0,0,0.00,0.00,0,24,6.40,1.00,3.60,2,0,0.00,0.00,99,0.00,0,0,0,0.00,0.00,0,0.00,0.00,1.80,0.50,1,0,0.00,45,0,0,46,7,0.04,16,0.02,0.07,0.00,7,0.00,0.00,1,0,0.00,0.00,0.00,0.00,5,0,0.00,7,0,78,75,0,99,79,0,0.00,99,1,0.00,1.80,7.20,2.00,4,2,31,31,3.60,1.00,50.00,0,0.00,99,0,25.00,0,0.00,99,1,0.50,1.80,96,0,36,56,0,0,0,0,0,28,46,65,59,0,21,5,15,15,0,0,16,53,0,0
Luiz Felipe Mariano dos Santos,18,1202457600,2008/02/08,Serie A,2026,Midfielder,Flamengo,0,0,0,Brazil,0,0,0,0,0,0,0,0,0,0,0,0,0,0,0,0,0,0,0,0,0,0,0,0,0,0,0,0,0,0,0,-1,-1,-1,-1,N/A,N/A,N/A,N/A,N/A,N/A,N/A,N/A,N/A,N/A,N/A,N/A,N/A,N/A,N/A,N/A,N/A,N/A,N/A,N/A,N/A,N/A,N/A,N/A,N/A,N/A,N/A,N/A,N/A,N/A,N/A,N/A,N/A,N/A,N/A,N/A,N/A,N/A,N/A,N/A,N/A,N/A,N/A,N/A,N/A,N/A,N/A,N/A,N/A,N/A,N/A,N/A,N/A,N/A,N/A,N/A,N/A,N/A,N/A,N/A,N/A,N/A,N/A,N/A,N/A,N/A,N/A,N/A,N/A,N/A,N/A,N/A,N/A,N/A,N/A,N/A,N/A,N/A,N/A,N/A,N/A,N/A,N/A,N/A,N/A,N/A,N/A,N/A,N/A,N/A,N/A,N/A,N/A,N/A,N/A,N/A,N/A,N/A,N/A,N/A,N/A,N/A,N/A,N/A,N/A,N/A,N/A,N/A,N/A,N/A,N/A,N/A,N/A,N/A,N/A,N/A,N/A,N/A,N/A,N/A,N/A,N/A,N/A,N/A,N/A,N/A,N/A,N/A,N/A,N/A,N/A,N/A,N/A,N/A,N/A,N/A,N/A,N/A,N/A,N/A,N/A,N/A,N/A,N/A,N/A,N/A,N/A,N/A,N/A,N/A,N/A,N/A,N/A,N/A,N/A,N/A,N/A,N/A,N/A,N/A,N/A,N/A,N/A,N/A,N/A,N/A,N/A,N/A,N/A,N/A,N/A,N/A,N/A,N/A,N/A,N/A,N/A,N/A,N/A,N/A,N/A,N/A,N/A,N/A,N/A,N/A,N/A,N/A,N/A,N/A,N/A,N/A,N/A,N/A,N/A,N/A,N/A,N/A,N/A,N/A,N/A,N/A,N/A,N/A,N/A,N/A,N/A,N/A,N/A,N/A,N/A,N/A,N/A,N/A,N/A,N/A,N/A,N/A,N/A,N/A,N/A,N/A,N/A,N/A
Luiz Fernando Moraes dos Santos,29,845449200,1996/10/16,Serie A,2026,Forward,Atlético PR,9,0,9,Brazil,1,0,1,0,0,0,0,0,0,0,0,1,0,1,0,0,0,0,0,0,0,0,0,0,0,0,0,9,0,0,0,-1,-1,-1,21,0,6.52,0,48,60.00,6.00,94,6,4.00,4,4,40.00,75,0.00,0.00,0.00,0,0.00,0.00,10.00,1.00,1,0.00,0.00,0.00,0.00,0.00,0.00,0.00,0.00,0.00,0.00,0.00,0.00,0.00,0.00,0.00,0.00,0.00,0.00,0.00,0,0,,0,0.00,7,0,0.00,17,0,0.00,7,0,1,0,99,0.00,99,0,0,0.00,10,0,30,0.00,16,0,0.00,99,0,0.00,0,0,0.00,0,0.00,8,0,0.00,9,0,0.00,0.00,0,0.00,0,0,0,0.00,0,0,0.00,99,0.00,0,N/A,N/A,N/A,N/A,0.00,0,0.00,0,0.00,0.00,0,66.67,0.00,17,0,1.00,10.00,1,13,13,0,0,0,0.00,0.00,0,24,6.52,1.00,10.00,1,0,0.00,0.00,99,0.00,0,0,0,0.00,0.00,0,0.00,0.00,0.00,0.00,0,0,0.00,45,0,0,46,0,0.01,36,0.01,0.10,0.00,7,0.00,0.00,1,0,0.00,0.00,10.00,1.00,99,1,0.00,7,20,99,75,0,47,2,0,0.00,99,0,0.00,0.00,40.00,4.00,4,1,99,99,10.00,1.00,25.00,0,0.00,99,0,0.00,0,0.00,99,0,0.00,0.00,30,0,36,12,0,0,0,0,0,28,46,65,59,0,21,99,15,15,0,0,16,19,0,0
Luiz Gustavo Dias,39,554022000,1987/07/23,Serie A,2026,Midfielder,Atlético PR,1341,723,618,Brazil,17,9,8,2,1,1,0,0,0,0,0,4,3,1,15,5,10,3,0,0.13,0,0.13,0.12,0.15,671,1.01,89,79,447,0,0.2,156,293,-1,5,600000,6.90,0,48,41.28,36.18,61,615,33.18,564,97,37.85,71,0.00,0.00,0.47,8,0.00,0.12,1.28,1.12,19,0.00,0.71,0.00,0.00,0.00,0.94,0.47,0.94,10.00,1.34,0.71,0.94,0.00,0.47,0.16,0.00,0.29,0.00,0.00,0,0,,20,1.18,61,8,0.54,70,12,0.81,56,2,1,16,47,0.00,99,0,16,1.07,69,2,30,0.13,21,0,0.00,99,0,0.00,0,0,0.00,0,0.54,35,16,1.07,51,8,0.54,50.00,0,0.00,0,0,0,0.00,0,16,0.00,65,1.07,31,N/A,N/A,N/A,N/A,0.00,0,0.00,0,2.67,0.00,0,91.71,40.00,77,75,0.35,0.40,6,53,59,0,0,0,0.47,0.54,8,78,117.36,1.24,1.41,21,0,0.00,0.00,99,0.00,0,0,1,0.06,0.07,0,0.00,0.00,0.00,0.00,0,0,10.00,65,70,61,81,65,1.71,40,0.10,0.11,2.67,66,0.16,0.18,73,23,1.35,1.54,1.41,1.24,59,21,0.18,64,70,50,82,0,47,15,0,0.00,99,5,0.00,0.34,7.38,6.47,110,55,33,35,3.69,3.24,50.00,12,0.81,40,0,0.00,0,0.00,99,0,0.00,0.00,30,76,36,56,0,0,0,0,0,47,65,73,64,0,54,51,65,50,3,18,67,14,N/A,N/A
Luiz Gustavo Lemos Carvalho,20,1136188800,2006/01/02,Serie A,2026,Midfielder,Corinthians,0,0,0,Brazil,0,0,0,0,0,0,0,0,0,0,0,0,0,0,0,0,0,0,0,0,0,0,0,0,0,0,0,0,0,0,0,-1,-1,-1,-1,N/A,N/A,N/A,N/A,N/A,N/A,N/A,N/A,N/A,N/A,N/A,N/A,N/A,N/A,N/A,N/A,N/A,N/A,N/A,N/A,N/A,N/A,N/A,N/A,N/A,N/A,N/A,N/A,N/A,N/A,N/A,N/A,N/A,N/A,N/A,N/A,N/A,N/A,N/A,N/A,N/A,N/A,N/A,N/A,N/A,N/A,N/A,N/A,N/A,N/A,N/A,N/A,N/A,N/A,N/A,N/A,N/A,N/A,N/A,N/A,N/A,N/A,N/A,N/A,N/A,N/A,N/A,N/A,N/A,N/A,N/A,N/A,N/A,N/A,N/A,N/A,N/A,N/A,N/A,N/A,N/A,N/A,N/A,N/A,N/A,N/A,N/A,N/A,N/A,N/A,N/A,N/A,N/A,N/A,N/A,N/A,N/A,N/A,N/A,N/A,N/A,N/A,N/A,N/A,N/A,N/A,N/A,N/A,N/A,N/A,N/A,N/A,N/A,N/A,N/A,N/A,N/A,N/A,N/A,N/A,N/A,N/A,N/A,N/A,N/A,N/A,N/A,N/A,N/A,N/A,N/A,N/A,N/A,N/A,N/A,N/A,N/A,N/A,N/A,N/A,N/A,N/A,N/A,N/A,N/A,N/A,N/A,N/A,N/A,N/A,N/A,N/A,N/A,N/A,N/A,N/A,N/A,N/A,N/A,N/A,N/A,N/A,N/A,N/A,N/A,N/A,N/A,N/A,N/A,N/A,N/A,N/A,N/A,N/A,N/A,N/A,N/A,N/A,N/A,N/A,N/A,N/A,N/A,N/A,N/A,N/A,N/A,N/A,N/A,N/A,N/A,N/A,N/A,N/A,N/A,N/A,N/A,N/A,N/A,N/A,N/A,N/A,N/A,N/A,N/A,N/A,N/A,N/A,N/A,N/A,N/A,N/A,N/A,N/A,N/A,N/A,N/A,N/A,N/A,N/A,N/A,N/A,N/A,N/A
Luiz Gustavo Marinho Ribeiro dos Santos,20,1144825200,2006/04/12,Serie A,2026,Defender,Bahia,0,0,0,Brazil,0,0,0,0,0,0,0,0,0,0,0,0,0,0,0,0,0,0,0,0,0,0,0,0,0,0,0,0,0,0,0,-1,-1,-1,-1,N/A,N/A,N/A,N/A,N/A,N/A,N/A,N/A,N/A,N/A,N/A,N/A,N/A,N/A,N/A,N/A,N/A,N/A,N/A,N/A,N/A,N/A,N/A,N/A,N/A,N/A,N/A,N/A,N/A,N/A,N/A,N/A,N/A,N/A,N/A,N/A,N/A,N/A,N/A,N/A,N/A,N/A,N/A,N/A,N/A,N/A,N/A,N/A,N/A,N/A,N/A,N/A,N/A,N/A,N/A,N/A,N/A,N/A,N/A,N/A,N/A,N/A,N/A,N/A,N/A,N/A,N/A,N/A,N/A,N/A,N/A,N/A,N/A,N/A,N/A,N/A,N/A,N/A,N/A,N/A,N/A,N/A,N/A,N/A,N/A,N/A,N/A,N/A,N/A,N/A,N/A,N/A,N/A,N/A,N/A,N/A,N/A,N/A,N/A,N/A,N/A,N/A,N/A,N/A,N/A,N/A,N/A,N/A,N/A,N/A,N/A,N/A,N/A,N/A,N/A,N/A,N/A,N/A,N/A,N/A,N/A,N/A,N/A,N/A,N/A,N/A,N/A,N/A,N/A,N/A,N/A,N/A,N/A,N/A,N/A,N/A,N/A,N/A,N/A,N/A,N/A,N/A,N/A,N/A,N/A,N/A,N/A,N/A,N/A,N/A,N/A,N/A,N/A,N/A,N/A,N/A,N/A,N/A,N/A,N/A,N/A,N/A,N/A,N/A,N/A,N/A,N/A,N/A,N/A,N/A,N/A,N/A,N/A,N/A,N/A,N/A,N/A,N/A,N/A,N/A,N/A,N/A,N/A,N/A,N/A,N/A,N/A,N/A,N/A,N/A,N/A,N/A,N/A,N/A,N/A,N/A,N/A,N/A,N/A,N/A,N/A,N/A,N/A,N/A,N/A,N/A,N/A,N/A,N/A,N/A,N/A,N/A,N/A,N/A,N/A,N/A,N/A,N/A,N/A,N/A,N/A,N/A,N/A,N/A
Luiz Henrique Soares Firmino,26,944208000,1999/12/03,Serie A,2026,Forward,Mirassol,782,439,343,Brazil,9,5,4,2,2,0,0,0,0,0,0,0,0,0,13,6,7,4,0,0.23,0,0.23,0.41,0,391,1.5,60,87,196,0,0.46,93,398,-1,4,300000,7.18,0,48,34.18,33.00,43,297,28.89,260,78,29.92,50,0.00,0.00,1.89,17,0.00,7.33,1.04,1.00,9,0.00,1.00,0.00,0.00,0.00,1.11,1.56,1.44,9.00,2.07,1.33,3.00,0.00,0.67,0.28,0.00,0.56,0.00,0.00,0,0,,18,2.00,76,6,0.69,76,12,1.38,80,2,0,9,35,0.00,99,0,10,1.15,74,66,68,7.60,98,0,0.00,99,0,0.00,0,0,0.00,0,1.96,90,27,3.11,90,14,1.61,51.85,0,0.00,0,0,0,0.00,0,13,0.00,20,1.50,68,N/A,N/A,N/A,N/A,0.00,0,0.00,0,2.55,0.00,0,87.54,33.33,62,9,1.22,1.27,11,90,60,0,0,0,0.11,0.12,1,35,64.64,0.33,0.35,3,0,0.00,0.00,99,0.00,0,0,0,0.00,0.00,0,0.00,0.00,0.00,0.00,0,0,11.11,70,33,12,65,21,1.26,60,0.14,0.15,2.55,81,0.28,0.29,88,19,2.11,2.19,0.58,0.56,17,5,0.29,79,97,7,75,0,47,32,0,0.00,99,5,0.00,0.58,10.13,9.78,88,45,69,67,5.18,5.00,51.14,9,1.04,28,0,27.27,0,0.00,99,18,2.00,2.07,98,37,23,56,0,0,0,0,0,66,81,65,90,0,37,5,25,90,4,44,97,11,N/A,N/A
Luiz Otavio da Silva Santos,33,718614000,1992/10/09,Serie A,2026,Defender,Mirassol,5,5,0,Brazil,1,1,0,0,0,0,0,0,0,0,0,0,0,0,0,0,0,0,0,0,0,0,0,0,0,0,0,5,0,0,0,-1,-1,-1,31,0,6.74,0,48,90.00,5.00,99,5,5.00,5,99,90.00,99,0.00,0.00,0.00,0,0.00,0.00,18.00,1.00,1,0.00,0.00,0.00,0.00,0.00,0.00,0.00,0.00,0.00,0.00,0.00,0.00,0.00,0.00,0.00,0.00,1.00,0.00,0.00,0,0,,0,0.00,7,0,0.00,17,0,0.00,7,0,1,0,99,0.00,99,0,0,0.00,10,0,30,0.00,16,0,0.00,99,0,0.00,0,0,0.00,0,0.00,8,0,0.00,9,0,0.00,0.00,0,0.00,0,0,0,0.00,0,0,0.00,99,0.00,0,N/A,N/A,N/A,N/A,0.00,0,0.00,0,0.00,0.00,0,100.00,0.00,17,99,0.00,0.00,0,13,13,0,0,0,1.00,18.00,1,99,6.74,1.00,18.00,1,0,0.00,0.00,99,0.00,0,0,0,0.00,0.00,0,0.00,0.00,0.00,0.00,0,0,0.00,45,0,0,46,0,0.01,72,0.01,0.18,0.00,7,0.00,0.00,1,0,0.00,0.00,0.00,0.00,5,0,0.00,7,47,99,75,0,47,99,0,0.00,99,1,0.00,18.00,36.00,2.00,2,1,99,99,18.00,1.00,50.00,0,0.00,99,0,0.00,0,0.00,99,0,0.00,0.00,30,0,36,12,0,0,0,0,0,28,46,65,59,0,21,5,15,15,0,0,16,4,0,0
Lukas Rocha Zuccarello,19,1165046400,2006/12/02,Serie A,2026,Midfielder,Vasco da Gama,10,10,0,Brazil,1,1,0,0,0,0,0,0,0,0,0,0,0,0,0,0,0,0,0,0,0,0,0,0,0,0,0,10,0,0,0,-1,-1,-1,21,0,6.72,0,48,81.00,9.00,99,9,8.00,8,83,72.00,99,0.00,0.00,0.00,0,0.00,0.00,0.00,0.00,0,0.00,1.00,0.00,0.00,0.00,1.00,1.00,0.00,0.00,9.00,1.00,1.00,0.00,0.00,0.05,0.00,0.00,0.00,0.00,0,0,,1,1.00,99,0,0.00,17,1,9.00,99,0,1,0,5,0.00,99,0,1,9.00,99,0,30,0.00,16,0,0.00,99,0,0.00,0,0,0.00,0,0.00,8,1,9.00,99,1,9.00,100.00,0,0.00,0,0,0,0.00,0,0,0.00,99,0.00,0,N/A,N/A,N/A,N/A,0.00,0,0.00,0,0.05,0.00,0,88.89,0.00,17,99,0.00,0.00,0,99,99,0,0,0,0.00,0.00,0,24,6.72,0.00,0.00,0,0,0.00,0.00,99,0.00,0,0,0,0.00,0.00,0,0.00,0.00,0.00,0.00,0,0,0.00,45,0,0,46,0,0.01,32,0.01,0.09,0.05,95,0.05,0.45,99,1,1.00,9.00,0.00,0.00,5,0,0.45,94,43,0,75,0,47,2,0,0.00,99,0,0.00,0.00,27.00,3.00,3,2,99,99,18.00,2.00,66.67,1,9.00,0,0,0.00,0,0.00,99,0,0.00,0.00,30,0,36,12,0,0,0,0,0,28,46,65,59,0,21,5,15,15,0,0,16,86,0,0
Lyanco,29,854784000,1997/02/01,Serie A,2026,Defender,Atlético Mineiro,633,104,529,Brazil,9,3,6,0,0,0,0,0,0,0,0,3,1,2,5,1,4,4,1,0,0,0,0,0,0,0.71,127,70,158,0,0.57,262,227,16,18,0,6.16,0,48,49.12,38.44,79,346,35.11,316,94,44.86,82,0.00,0.00,0.11,1,0.00,0.22,0.99,0.78,7,0.00,0.33,0.00,0.00,0.00,0.89,0.33,0.56,0.00,0.71,0.56,0.33,0.00,0.00,0.03,0.00,1.33,0.00,0.00,0,0,,5,0.56,36,0,0.00,17,5,0.71,49,0,2,7,33,0.00,99,0,8,1.14,73,2,30,0.28,30,0,0.00,99,0,0.00,0,0,0.00,0,0.14,11,3,0.43,26,3,0.43,100.00,0,0.00,0,0,0,0.00,0,5,0.00,93,0.71,4,N/A,N/A,N/A,N/A,0.00,0,0.00,0,0.28,0.00,0,91.33,0.00,17,72,0.33,0.43,3,46,99,0,0,0,0.78,0.99,7,95,55.47,4.44,5.68,40,0,0.00,0.00,99,0.00,0,0,0,0.00,0.00,0,0.00,0.00,0.00,0.00,0,0,0.00,45,22,12,46,92,0.63,32,0.07,0.09,0.28,26,0.03,0.04,43,6,0.67,0.85,1.42,1.11,60,10,0.04,25,7,93,75,0,47,77,0,0.00,99,12,0.00,1.70,7.52,5.89,53,28,39,36,3.97,3.11,52.83,3,0.43,61,0,0.00,0,0.00,99,0,0.00,0.00,30,28,46,12,0,0,0,0,0,28,46,65,59,0,21,75,20,95,3,33,94,13,0,0
Maicon Pereira Roque,37,590223600,1988/09/14,Serie A,2026,Defender,Coritiba,1029,456,573,Brazil,14,6,8,0,0,0,0,0,0,0,0,4,2,2,12,2,10,1,1,0,0,0,0,0,0,1.05,86,74,515,0,0.17,313,310,70,25,221000,6.66,0,48,26.56,21.71,23,304,18.21,255,53,22.28,27,0.00,0.00,0.07,1,0.00,0.07,0.79,0.64,9,0.00,0.00,0.00,0.00,0.00,0.43,0.07,1.00,0.00,0.09,0.07,0.14,0.00,0.00,0.00,0.00,1.14,0.00,0.00,0,0,,1,0.07,7,0,0.00,17,1,0.09,8,2,2,12,21,0.00,99,0,6,0.52,37,1,99,0.09,19,0,0.00,99,0,0.00,0,0,0.00,0,0.09,9,2,0.17,14,1,0.09,50.00,0,0.00,0,0,0,0.00,0,14,0.00,59,1.22,48,N/A,N/A,N/A,N/A,0.00,0,0.00,0,0.05,0.00,0,83.88,0.00,17,50,0.50,0.61,7,16,59,0,0,0,1.36,1.66,19,99,93.20,4.50,5.50,63,1,0.00,0.09,3,0.07,0,0,0,0.00,0.00,0,0.00,0.00,0.00,0.00,0,0,0.00,45,49,34,46,60,0.67,14,0.05,0.06,0.05,7,0.00,0.00,16,4,0.29,0.35,0.52,0.43,15,6,0.00,7,35,91,75,0,47,69,0,0.00,99,16,0.00,1.40,4.72,3.86,54,29,11,9,2.53,2.07,53.70,0,0.00,99,0,100.00,0,0.00,99,1,0.07,0.09,36,53,46,56,0,0,0,0,0,28,46,65,59,0,31,64,73,42,0,0,16,3,N/A,N/A
Maik Gomes Viegas,21,1104739200,2005/01/03,Serie A,2026,Defender,São Paulo,370,80,290,Brazil,5,1,4,0,0,0,0,0,0,0,0,1,0,1,5,1,4,0,0,0,0,0,0,0,0,1.22,74,74,0,0,0,379,378,104,32,400000,6.58,0,48,34.78,28.60,46,143,21.00,105,12,25.54,36,0.00,0.00,0.20,1,0.00,1.00,2.43,2.00,10,0.00,0.40,0.00,0.00,0.00,0.60,0.60,1.00,0.00,0.24,0.20,0.80,0.00,0.00,0.01,0.00,0.40,0.00,0.00,0,0,,1,0.20,11,0,0.00,17,1,0.24,16,2,1,4,88,0.00,99,0,3,0.73,47,5,30,1.22,55,0,0.00,99,0,0.00,0,0,0.00,0,0.24,19,4,0.97,47,3,0.73,75.00,0,0.00,0,0,0,0.00,0,5,0.00,42,1.22,48,N/A,N/A,N/A,N/A,0.00,0,0.00,0,0.05,0.00,0,73.43,0.00,17,40,0.60,0.73,3,66,91,0,0,0,0.20,0.24,1,51,32.90,2.60,3.16,13,0,0.00,0.00,99,0.00,0,0,0,0.00,0.00,0,0.00,0.00,0.00,0.00,0,0,0.00,45,1,1,46,42,0.22,10,0.04,0.05,0.05,12,0.01,0.01,12,1,0.20,0.24,0.97,0.80,33,4,0.01,12,23,75,75,0,47,25,0,0.00,99,2,0.00,0.49,6.32,5.20,26,16,37,18,3.89,3.20,61.54,2,0.49,59,0,0.00,0,0.00,99,0,0.00,0.00,30,8,36,56,0,0,0,0,0,28,46,65,59,0,43,42,15,15,0,0,16,42,N/A,N/A
Mailson Bezerra Silva,23,1052636400,2003/05/11,Serie A,2026,Forward,Chapecoense,0,0,0,Brazil,0,0,0,0,0,0,0,0,0,0,0,0,0,0,0,0,0,0,0,0,0,0,0,0,0,0,0,0,0,0,0,-1,-1,-1,-1,N/A,N/A,N/A,N/A,N/A,N/A,N/A,N/A,N/A,N/A,N/A,N/A,N/A,N/A,N/A,N/A,N/A,N/A,N/A,N/A,N/A,N/A,N/A,N/A,N/A,N/A,N/A,N/A,N/A,N/A,N/A,N/A,N/A,N/A,N/A,N/A,N/A,N/A,N/A,N/A,N/A,N/A,N/A,N/A,N/A,N/A,N/A,N/A,N/A,N/A,N/A,N/A,N/A,N/A,N/A,N/A,N/A,N/A,N/A,N/A,N/A,N/A,N/A,N/A,N/A,N/A,N/A,N/A,N/A,N/A,N/A,N/A,N/A,N/A,N/A,N/A,N/A,N/A,N/A,N/A,N/A,N/A,N/A,N/A,N/A,N/A,N/A,N/A,N/A,N/A,N/A,N/A,N/A,N/A,N/A,N/A,N/A,N/A,N/A,N/A,N/A,N/A,N/A,N/A,N/A,N/A,N/A,N/A,N/A,N/A,N/A,N/A,N/A,N/A,N/A,N/A,N/A,N/A,N/A,N/A,N/A,N/A,N/A,N/A,N/A,N/A,N/A,N/A,N/A,N/A,N/A,N/A,N/A,N/A,N/A,N/A,N/A,N/A,N/A,N/A,N/A,N/A,N/A,N/A,N/A,N/A,N/A,N/A,N/A,N/A,N/A,N/A,N/A,N/A,N/A,N/A,N/A,N/A,N/A,N/A,N/A,N/A,N/A,N/A,N/A,N/A,N/A,N/A,N/A,N/A,N/A,N/A,N/A,N/A,N/A,N/A,N/A,N/A,N/A,N/A,N/A,N/A,N/A,N/A,N/A,N/A,N/A,N/A,N/A,N/A,N/A,N/A,N/A,N/A,N/A,N/A,N/A,N/A,N/A,N/A,N/A,N/A,N/A,N/A,N/A,N/A,N/A,N/A,N/A,N/A,N/A,N/A,N/A,N/A,N/A,N/A,N/A,N/A,N/A,N/A,N/A,N/A,N/A,N/A
Mamady Cissé,19,1167638400,2007/01/01,Serie A,2026,Midfielder,Atlético Mineiro,460,143,317,Guinea,13,5,8,1,1,0,0,0,0,0,0,3,1,2,7,1,6,1,0,0.2,0,0.2,0.63,0,460,1.37,66,35,460,0,0.2,107,301,-1,11,0,6.06,0,48,44.02,17.31,69,225,15.15,197,78,38.54,72,0.00,0.00,0.31,4,0.00,0.23,0.98,0.38,5,0.00,0.54,0.00,0.00,0.00,0.23,0.15,0.62,8.00,1.57,0.46,0.62,0.00,0.15,0.09,0.00,0.54,0.00,0.00,0,0,,8,0.62,68,2,0.39,60,6,1.17,73,3,10,3,32,0.00,99,0,3,0.59,41,3,97,0.59,43,0,0.00,99,0,0.00,0,0,0.00,0,0.78,47,8,1.57,65,2,0.39,25.00,0,0.00,0,0,0,0.00,0,8,0.00,29,1.57,73,N/A,N/A,N/A,N/A,0.00,0,0.00,0,1.16,0.00,0,87.56,25.00,41,6,0.54,1.37,7,41,18,0,0,0,0.23,0.59,3,81,78.75,0.77,1.96,10,0,0.00,0.00,99,0.00,0,0,0,0.00,0.00,0,0.00,0.00,0.20,0.08,1,0,12.50,76,7,30,70,30,0.56,40,0.04,0.11,1.16,74,0.09,0.23,95,14,1.08,2.74,1.76,0.69,81,9,0.23,72,6,58,75,0,80,69,0,0.00,99,7,0.00,1.37,12.33,4.85,63,28,75,87,5.48,2.15,44.44,7,1.37,15,0,66.67,0,0.00,99,2,0.15,0.39,63,3,96,72,0,0,0,0,0,61,78,65,97,0,21,47,67,50,1,8,34,39,0,0
Marcelo Braz da Silva,22,1092639600,2004/08/16,Serie A,2026,Midfielder,Bragantino,213,114,99,Brazil,5,3,2,0,0,0,1,0,1,0,0,2,0,2,4,4,0,0,0,0.42,0.42,0,0,0,0,1.69,53,43,0,213,0,-1,-1,-1,19,120000,6.46,0.2,99,16.90,8.00,6,40,6.60,33,42,13.94,8,0.00,0.00,0.40,2,0.00,1.60,1.27,0.60,3,0.00,0.60,0.00,0.00,0.00,0.00,0.00,0.80,0.00,2.11,0.80,0.60,0.00,0.20,0.07,0.00,0.20,0.00,0.00,0,0,,5,1.00,78,1,0.42,62,4,1.69,89,1,4,1,46,0.00,99,0,0,0.00,10,8,62,3.38,80,0,0.00,99,0,0.00,0,0,0.00,0,0.85,50,3,1.27,58,0,0.00,0.00,0,0.00,0,0,0,0.00,0,4,0.00,10,1.69,80,N/A,N/A,N/A,N/A,0.00,0,0.00,0,0.36,0.00,0,82.50,20.00,31,99,0.00,0.00,0,13,13,0,0,0,0.00,0.00,0,24,32.29,0.40,0.85,2,0,0.00,0.00,99,0.00,0,0,0,0.00,0.00,0,0.00,0.00,0.85,0.40,2,0,0.00,45,0,1,46,10,0.77,96,0.15,0.33,0.36,61,0.07,0.15,61,3,0.60,1.27,2.11,1.00,91,5,0.15,59,18,29,75,0,98,20,0,0.00,99,1,0.00,0.42,10.14,4.80,24,7,17,67,2.96,1.40,29.17,3,1.27,19,0,25.00,0,0.00,99,2,0.40,0.85,83,0,65,35,0,0,0,0,0,85,46,65,59,0,24,89,15,15,0,0,16,57,N/A,N/A
Marcelo de Araújo Pitaluga Filho,23,1040371200,2002/12/20,Serie A,2026,Goalkeeper,Fluminense,0,0,0,Brazil,0,0,0,0,0,0,0,0,0,0,0,0,0,0,0,0,0,0,0,0,0,0,0,0,0,0,0,0,0,0,0,-1,-1,-1,-1,N/A,N/A,N/A,N/A,N/A,N/A,N/A,N/A,N/A,N/A,N/A,N/A,N/A,N/A,N/A,N/A,N/A,N/A,N/A,N/A,N/A,N/A,N/A,N/A,N/A,N/A,N/A,N/A,N/A,N/A,N/A,N/A,N/A,N/A,N/A,N/A,N/A,N/A,N/A,N/A,N/A,N/A,N/A,N/A,N/A,N/A,N/A,N/A,N/A,N/A,N/A,N/A,N/A,N/A,N/A,N/A,N/A,N/A,N/A,N/A,N/A,N/A,N/A,N/A,N/A,N/A,N/A,N/A,N/A,N/A,N/A,N/A,N/A,N/A,N/A,N/A,N/A,N/A,N/A,N/A,N/A,N/A,N/A,N/A,N/A,N/A,N/A,N/A,N/A,N/A,N/A,N/A,N/A,N/A,N/A,N/A,N/A,N/A,N/A,N/A,N/A,N/A,N/A,N/A,N/A,N/A,N/A,N/A,N/A,N/A,N/A,N/A,N/A,N/A,N/A,N/A,N/A,N/A,N/A,N/A,N/A,N/A,N/A,N/A,N/A,N/A,N/A,N/A,N/A,N/A,N/A,N/A,N/A,N/A,N/A,N/A,N/A,N/A,N/A,N/A,N/A,N/A,N/A,N/A,N/A,N/A,N/A,N/A,N/A,N/A,N/A,N/A,N/A,N/A,N/A,N/A,N/A,N/A,N/A,N/A,N/A,N/A,N/A,N/A,N/A,N/A,N/A,N/A,N/A,N/A,N/A,N/A,N/A,N/A,N/A,N/A,N/A,N/A,N/A,N/A,N/A,N/A,N/A,N/A,N/A,N/A,N/A,N/A,N/A,N/A,N/A,N/A,N/A,N/A,N/A,N/A,N/A,N/A,N/A,N/A,N/A,N/A,N/A,N/A,N/A,N/A,N/A,N/A,N/A,N/A,N/A,N/A,N/A,N/A,N/A,N/A,N/A,N/A,N/A,N/A,N/A,N/A,N/A,N/A
Marcelo Eráclito de Souza Filho,20,1139731200,2006/02/12,Serie A,2026,Goalkeeper,Cruzeiro,0,0,0,Brazil,0,0,0,0,0,0,0,0,0,0,0,0,0,0,0,0,0,0,0,0,0,0,0,0,0,0,0,0,0,0,0,-1,-1,-1,-1,N/A,N/A,N/A,N/A,N/A,N/A,N/A,N/A,N/A,N/A,N/A,N/A,N/A,N/A,N/A,N/A,N/A,N/A,N/A,N/A,N/A,N/A,N/A,N/A,N/A,N/A,N/A,N/A,N/A,N/A,N/A,N/A,N/A,N/A,N/A,N/A,N/A,N/A,N/A,N/A,N/A,N/A,N/A,N/A,N/A,N/A,N/A,N/A,N/A,N/A,N/A,N/A,N/A,N/A,N/A,N/A,N/A,N/A,N/A,N/A,N/A,N/A,N/A,N/A,N/A,N/A,N/A,N/A,N/A,N/A,N/A,N/A,N/A,N/A,N/A,N/A,N/A,N/A,N/A,N/A,N/A,N/A,N/A,N/A,N/A,N/A,N/A,N/A,N/A,N/A,N/A,N/A,N/A,N/A,N/A,N/A,N/A,N/A,N/A,N/A,N/A,N/A,N/A,N/A,N/A,N/A,N/A,N/A,N/A,N/A,N/A,N/A,N/A,N/A,N/A,N/A,N/A,N/A,N/A,N/A,N/A,N/A,N/A,N/A,N/A,N/A,N/A,N/A,N/A,N/A,N/A,N/A,N/A,N/A,N/A,N/A,N/A,N/A,N/A,N/A,N/A,N/A,N/A,N/A,N/A,N/A,N/A,N/A,N/A,N/A,N/A,N/A,N/A,N/A,N/A,N/A,N/A,N/A,N/A,N/A,N/A,N/A,N/A,N/A,N/A,N/A,N/A,N/A,N/A,N/A,N/A,N/A,N/A,N/A,N/A,N/A,N/A,N/A,N/A,N/A,N/A,N/A,N/A,N/A,N/A,N/A,N/A,N/A,N/A,N/A,N/A,N/A,N/A,N/A,N/A,N/A,N/A,N/A,N/A,N/A,N/A,N/A,N/A,N/A,N/A,N/A,N/A,N/A,N/A,N/A,N/A,N/A,N/A,N/A,N/A,N/A,N/A,N/A,N/A,N/A,N/A,N/A,N/A,N/A
Marcelo Lomba do Nascimento,39,535276800,1986/12/18,Serie A,2026,Goalkeeper,Palmeiras,90,90,0,Brazil,1,1,0,0,0,0,0,0,0,0,0,1,1,0,0,0,0,0,0,0,0,0,0,0,0,0,0,90,0,0,0,-1,-1,-1,23,400000,7.42,0,48,27.00,27.00,24,27,17.00,17,2,17.00,15,0.00,0.00,0.00,0,0.00,0.00,0.00,0.00,0,0.00,0.00,0.00,0.00,3.00,0.00,0.00,3.00,0.00,0.00,0.00,0.00,0.00,0.00,0.00,0.00,1.00,0.00,0.00,0,0,,0,0.00,7,0,0.00,17,0,0.00,7,0,0,1,5,0.00,99,0,0,0.00,10,0,30,0.00,16,0,0.00,99,0,0.00,0,0,0.00,0,0.00,8,0,0.00,9,0,0.00,0.00,0,0.00,0,3,99,3.00,65,3,0.00,99,3.00,93,N/A,N/A,N/A,N/A,100.00,0,0.00,0,0.00,0.00,0,62.96,0.00,17,99,0.00,0.00,0,13,13,0,0,2,0.00,0.00,0,24,7.42,1.00,1.00,1,0,0.00,0.00,99,0.00,0,0,0,0.00,0.00,0,0.00,0.00,0.00,0.00,0,0,0.00,45,0,0,46,0,0.04,6,0.04,0.04,0.00,7,0.00,0.00,1,0,0.00,0.00,0.00,0.00,5,0,0.00,7,99,37,75,0,47,55,0,0.00,99,1,0.00,1.00,1.00,1.00,1,1,7,7,1.00,1.00,100.00,0,0.00,99,0,0.00,0,0.00,99,0,0.00,0.00,30,0,23,12,0,0,0,0,0,28,46,65,59,0,43,99,15,15,0,0,16,14,N/A,N/A
Marcelo Rangel Rosa,38,579855600,1988/05/17,Serie A,2026,Goalkeeper,Remo,2070,900,1170,Brazil,23,10,13,0,0,0,0,0,0,0,0,2,1,1,38,13,25,1,0,0,0,0,0,0,0,1.65,54,90,2070,0,0.04,353,354,164,34,78000,7.02,0,48,21.52,21.52,12,495,13.48,310,2,13.48,8,0.00,0.00,0.00,0,0.00,0.00,0.04,0.04,1,0.00,0.00,0.00,0.00,3.70,0.04,0.09,5.39,0.00,0.00,0.00,0.09,0.00,0.00,0.00,0.00,0.09,0.00,0.00,0,0,,0,0.00,7,0,0.00,17,0,0.00,7,0,0,23,5,0.00,99,0,1,0.04,11,0,30,0.00,16,0,0.00,99,0,0.00,0,0,0.00,0,0.00,8,2,0.09,11,2,0.09,100.00,0,0.00,0,85,56,3.70,91,124,0.00,11,5.39,99,N/A,N/A,N/A,N/A,68.55,0,0.00,0,0.00,0.00,0,62.63,0.00,17,94,0.04,0.04,1,16,99,0,0,52,0.00,0.00,0,24,161.43,1.39,1.39,32,0,0.00,0.00,99,0.00,1,0,0,0.00,0.00,19,0.83,0.83,0.00,0.00,0,0,0.00,45,99,99,46,11,0.73,4,0.03,0.03,0.00,7,0.00,0.00,7,4,0.17,0.17,0.00,0.00,5,0,0.00,7,85,50,75,89,47,4,0,0.00,99,2,0.00,0.09,0.43,0.43,10,8,4,4,0.35,0.35,80.00,0,0.00,99,0,0.00,0,0.00,99,0,0.00,0.00,30,99,23,12,0,0,0,0,0,28,46,65,59,0,22,16,99,16,1,4,18,88,N/A,N/A
Marcelo Rodrigues Souza,28,900918000,1998/07/20,Serie A,2026,Defender,Remo,1561,676,885,Brazil,20,8,12,2,1,1,2,1,1,0,0,3,2,1,27,7,20,2,0,0.23,0.12,0.12,0.13,0.1,781,1.56,58,78,781,781,0.12,161,130,157,7,234000,6.74,0.1,71,29.23,25.35,27,507,19.35,387,19,22.31,27,0.00,0.00,0.85,17,0.00,3.85,1.15,1.00,20,0.00,0.40,0.00,0.00,0.00,0.90,0.35,1.35,10.00,1.15,0.65,1.15,0.00,0.35,0.13,0.00,1.40,0.00,0.00,0,0,,20,1.00,54,7,0.40,61,13,0.75,53,6,2,18,40,0.00,99,0,18,1.04,67,77,36,4.44,90,0,0.00,99,0,0.00,0,0,0.00,0,0.98,58,23,1.33,59,7,0.40,30.43,0,0.00,0,0,0,0.00,0,27,0.00,15,1.56,72,N/A,N/A,N/A,N/A,0.00,0,0.00,0,2.68,0.00,0,76.33,35.00,65,26,0.80,0.92,16,42,22,0,0,0,0.15,0.17,3,43,134.73,2.25,2.59,45,0,0.00,0.00,99,0.00,0,0,1,0.05,0.06,0,0.00,0.00,0.12,0.10,2,0,10.00,65,84,82,84,15,2.70,65,0.14,0.16,2.68,61,0.13,0.15,74,27,1.35,1.56,0.40,0.35,11,7,0.15,59,47,68,81,0,68,75,0,0.00,99,28,0.00,1.61,8.88,7.70,154,82,60,51,4.73,4.10,53.25,8,0.46,60,0,12.99,0,0.00,99,10,0.50,0.58,72,84,46,97,0,0,0,0,0,66,63,66,66,0,31,30,87,28,2,10,42,79,N/A,N/A
Marcio Antonio de Sousa Junior,31,802594800,1995/06/08,Serie A,2026,Forward,Chapecoense,1242,716,526,Brazil,22,11,11,3,2,1,1,0,1,0,0,2,2,0,27,18,9,1,0,0.29,0.07,0.22,0.25,0.17,414,1.96,46,56,1242,1242,0.07,96,169,-1,1,250000,6.67,0.05,59,23.57,14.77,18,325,11.59,255,24,18.49,20,0.00,0.00,0.82,18,0.00,1.55,1.23,0.77,17,0.00,1.00,0.00,0.00,0.00,0.14,0.82,1.27,8.00,1.74,0.73,1.77,0.00,0.36,0.16,0.00,0.41,0.00,0.00,0,0,,24,1.09,72,8,0.58,72,16,1.16,72,2,6,16,45,0.00,99,0,3,0.22,20,34,49,2.47,70,0,0.00,99,0,0.00,0,0,0.00,0,1.31,74,39,2.83,87,18,1.31,46.15,0,0.00,0,0,0,0.00,0,28,0.00,4,2.03,88,N/A,N/A,N/A,N/A,0.00,0,0.00,0,3.59,0.00,0,78.46,33.33,62,15,0.68,1.09,15,84,49,0,0,0,0.00,0.00,0,24,146.66,0.59,0.94,13,0,0.00,0.00,99,0.00,0,0,0,0.00,0.00,0,0.00,0.00,0.29,0.18,4,0,12.50,76,62,94,67,4,1.87,55,0.09,0.14,3.59,77,0.16,0.26,50,14,0.64,1.02,1.16,0.73,48,16,0.26,76,36,34,75,0,86,37,0,0.00,99,9,0.00,0.65,11.89,7.45,164,58,44,84,4.21,2.64,35.37,22,1.60,9,0,20.59,0,0.00,99,7,0.32,0.51,69,76,79,56,0,0,0,0,0,75,79,75,79,0,34,16,93,22,1,5,22,7,N/A,N/A
Marco Moreno Ojeda,25,982656000,2001/02/20,Serie A,2026,Defender,Bahia,0,0,0,Spain,0,0,0,0,0,0,0,0,0,0,0,0,0,0,0,0,0,0,0,0,0,0,0,0,0,0,0,0,0,0,0,-1,-1,-1,-1,N/A,N/A,N/A,N/A,N/A,N/A,N/A,N/A,N/A,N/A,N/A,N/A,N/A,N/A,N/A,N/A,N/A,N/A,N/A,N/A,N/A,N/A,N/A,N/A,N/A,N/A,N/A,N/A,N/A,N/A,N/A,N/A,N/A,N/A,N/A,N/A,N/A,N/A,N/A,N/A,N/A,N/A,N/A,N/A,N/A,N/A,N/A,N/A,N/A,N/A,N/A,N/A,N/A,N/A,N/A,N/A,N/A,N/A,N/A,N/A,N/A,N/A,N/A,N/A,N/A,N/A,N/A,N/A,N/A,N/A,N/A,N/A,N/A,N/A,N/A,N/A,N/A,N/A,N/A,N/A,N/A,N/A,N/A,N/A,N/A,N/A,N/A,N/A,N/A,N/A,N/A,N/A,N/A,N/A,N/A,N/A,N/A,N/A,N/A,N/A,N/A,N/A,N/A,N/A,N/A,N/A,N/A,N/A,N/A,N/A,N/A,N/A,N/A,N/A,N/A,N/A,N/A,N/A,N/A,N/A,N/A,N/A,N/A,N/A,N/A,N/A,N/A,N/A,N/A,N/A,N/A,N/A,N/A,N/A,N/A,N/A,N/A,N/A,N/A,N/A,N/A,N/A,N/A,N/A,N/A,N/A,N/A,N/A,N/A,N/A,N/A,N/A,N/A,N/A,N/A,N/A,N/A,N/A,N/A,N/A,N/A,N/A,N/A,N/A,N/A,N/A,N/A,N/A,N/A,N/A,N/A,N/A,N/A,N/A,N/A,N/A,N/A,N/A,N/A,N/A,N/A,N/A,N/A,N/A,N/A,N/A,N/A,N/A,N/A,N/A,N/A,N/A,N/A,N/A,N/A,N/A,N/A,N/A,N/A,N/A,N/A,N/A,N/A,N/A,N/A,N/A,N/A,N/A,N/A,N/A,N/A,N/A,N/A,N/A,N/A,N/A,N/A,N/A,N/A,N/A,N/A,N/A,N/A,N/A
Marcos Antonio,26,960879600,2000/06/13,Serie A,2026,Midfielder,São Paulo,1291,625,666,Brazil,17,7,10,1,0,1,2,2,0,0,0,3,2,1,14,6,8,1,0,0.21,0.14,0.07,0,0.14,1291,0.98,92,76,1291,646,0.07,199,111,-1,6,0,7.03,0.12,76,67.76,57.18,98,972,51.82,881,92,61.42,97,0.00,0.00,1.41,24,0.00,1.24,1.39,1.18,20,0.00,0.76,0.00,0.00,0.00,0.18,0.59,0.88,15.00,1.05,0.76,1.24,0.00,0.12,0.08,0.00,0.24,0.00,0.00,0,0,,15,0.88,51,2,0.14,29,13,0.91,60,5,4,13,49,0.00,99,0,3,0.21,19,21,37,1.46,58,0,0.00,99,0,0.00,0,0,0.00,0,1.67,85,21,1.46,63,10,0.70,47.62,0,0.00,0,0,0,0.00,0,15,0.00,69,1.05,30,N/A,N/A,N/A,N/A,0.00,0,0.00,0,1.41,0.00,0,90.64,13.33,22,27,0.76,0.91,13,64,49,0,0,0,0.12,0.14,2,40,119.51,0.47,0.56,8,0,0.00,0.00,99,0.00,0,0,0,0.00,0.00,0,0.00,0.00,0.14,0.12,2,0,6.67,53,66,61,93,69,4.00,92,0.24,0.28,1.41,50,0.08,0.10,53,15,0.88,1.05,1.05,0.88,40,15,0.10,48,86,19,75,0,72,11,0,0.00,99,4,0.00,0.28,7.18,6.06,103,49,28,30,3.42,2.88,47.57,13,0.91,35,0,14.29,0,0.00,99,3,0.18,0.21,50,58,65,91,0,0,0,0,0,64,54,71,59,0,21,35,93,22,1,6,29,8,0,0
Marcos Rocha,37,597830400,1988/12/11,Serie A,2026,Defender,Grêmio,154,46,108,Brazil,5,2,3,0,0,0,0,0,0,0,0,0,0,0,2,1,1,0,0,0,0,0,0,0,0,1.17,77,31,0,0,0,-1,-1,-1,35,1250000,3.85,0,48,52.26,18.00,84,90,13.20,66,12,38.32,72,0.00,0.00,0.40,2,0.00,0.60,0.58,0.20,1,0.00,0.00,0.00,0.00,0.00,0.40,0.20,0.40,0.00,0.58,0.20,0.80,0.00,0.00,0.01,0.00,0.20,0.00,0.00,0,0,,1,0.20,28,0,0.00,17,1,0.58,42,1,3,2,16,0.00,99,0,2,1.16,74,3,84,1.74,61,0,0.00,99,0,0.00,0,0,0.00,0,1.16,67,4,2.32,80,1,0.58,25.00,0,0.00,0,0,0,0.00,0,2,0.00,47,1.16,43,N/A,N/A,N/A,N/A,0.00,0,0.00,0,0.04,0.00,0,73.33,0.00,17,54,0.20,0.58,1,56,18,0,0,0,0.00,0.00,0,24,19.24,1.00,2.90,5,0,0.00,0.00,99,0.00,0,0,0,0.00,0.00,0,0.00,0.00,0.00,0.00,0,0,0.00,45,0,1,46,47,0.19,40,0.04,0.11,0.04,16,0.01,0.02,28,1,0.20,0.58,0.58,0.20,17,1,0.02,15,0,72,75,0,47,32,0,0.00,99,1,0.00,0.58,6.39,2.20,11,4,9,19,2.32,0.80,36.36,0,0.00,99,0,33.33,0,0.00,99,1,0.20,0.58,72,1,56,35,0,0,0,0,0,28,46,65,59,0,77,5,15,15,0,0,16,14,N/A,N/A
Marcos Souza,19,1171526400,2007/02/15,Serie A,2026,Midfielder,Botafogo,8,0,8,Brazil,1,0,1,0,0,0,0,0,0,0,0,0,0,0,0,0,0,0,0,0,0,0,0,0,0,0,0,8,0,0,0,-1,-1,-1,26,0,6.59,0,48,123.75,11.00,99,11,11.00,11,99,123.75,99,0.00,0.00,0.00,0,0.00,0.00,11.25,1.00,1,0.00,0.00,0.00,0.00,0.00,0.00,0.00,0.00,0.00,0.00,0.00,0.00,0.00,0.00,0.00,0.00,0.00,0.00,0.00,0,0,,0,0.00,7,0,0.00,17,0,0.00,7,0,1,0,99,0.00,99,0,0,0.00,10,0,30,0.00,16,0,0.00,99,0,0.00,0,0,0.00,0,0.00,8,0,0.00,9,0,0.00,0.00,0,0.00,0,0,0,0.00,0,0,0.00,99,0.00,0,N/A,N/A,N/A,N/A,0.00,0,0.00,0,0.00,0.00,0,100.00,0.00,17,99,0.00,0.00,0,13,13,0,0,0,0.00,0.00,0,24,6.59,0.00,0.00,0,0,0.00,0.00,99,0.00,0,0,0,0.00,0.00,0,0.00,0.00,0.00,0.00,0,0,0.00,45,0,0,46,0,0.03,96,0.03,0.34,0.00,7,0.00,0.00,1,0,0.00,0.00,0.00,0.00,5,0,0.00,7,24,0,75,0,47,2,0,0.00,99,0,0.00,0.00,11.25,1.00,1,1,99,77,11.25,1.00,100.00,0,0.00,99,0,0.00,0,0.00,99,0,0.00,0.00,30,0,36,12,0,0,0,0,0,28,46,65,59,0,21,5,15,15,0,0,16,64,0,0
Marcos Victor Ferreira da Silva,24,1009353600,2001/12/26,Serie A,2026,Defender,Bahia,137,3,134,Brazil,4,2,2,0,0,0,0,0,0,0,0,2,1,1,0,0,0,0,0,0,0,0,0,0,0,0,0,34,0,0,0,-1,-1,-1,18,0,3.63,0,48,52.17,20.00,84,80,17.25,69,68,45.00,82,0.00,0.00,0.00,0,0.00,0.00,1.30,0.50,2,0.00,0.00,0.00,0.00,0.00,0.50,0.00,0.00,0.00,0.00,0.00,0.00,0.00,0.00,0.00,0.00,0.50,0.00,0.00,0,0,,0,0.00,7,0,0.00,17,0,0.00,7,0,3,1,47,0.00,99,0,2,1.30,85,0,30,0.00,16,0,0.00,99,0,0.00,0,0,0.00,0,0.00,8,0,0.00,9,0,0.00,0.00,0,0.00,0,0,0,0.00,0,0,0.00,99,0.00,0,N/A,N/A,N/A,N/A,0.00,0,0.00,0,0.00,0.00,0,86.25,0.00,17,46,0.25,0.65,1,13,13,0,0,0,0.75,1.96,3,99,14.52,3.00,7.83,12,0,0.00,0.00,99,0.00,0,0,0,0.00,0.00,0,0.00,0.00,0.00,0.00,0,0,0.00,45,0,0,46,0,0.14,32,0.04,0.09,0.00,7,0.00,0.00,1,0,0.00,0.00,0.00,0.00,5,0,0.00,7,0,99,75,0,47,67,0,0.00,99,2,0.00,1.30,3.26,1.25,5,3,8,7,1.96,0.75,60.00,0,0.00,99,0,0.00,0,0.00,99,0,0.00,0.00,30,0,56,12,0,0,0,0,0,28,46,65,59,0,21,98,15,15,0,0,16,44,0,0
Marcos Vinicius da Silva Carvalho,22,1074153600,2004/01/15,Serie A,2026,Midfielder,Bragantino,0,0,0,Brazil,0,0,0,0,0,0,0,0,0,0,0,0,0,0,0,0,0,0,0,0,0,0,0,0,0,0,0,0,0,0,0,-1,-1,-1,-1,N/A,N/A,N/A,N/A,N/A,N/A,N/A,N/A,N/A,N/A,N/A,N/A,N/A,N/A,N/A,N/A,N/A,N/A,N/A,N/A,N/A,N/A,N/A,N/A,N/A,N/A,N/A,N/A,N/A,N/A,N/A,N/A,N/A,N/A,N/A,N/A,N/A,N/A,N/A,N/A,N/A,N/A,N/A,N/A,N/A,N/A,N/A,N/A,N/A,N/A,N/A,N/A,N/A,N/A,N/A,N/A,N/A,N/A,N/A,N/A,N/A,N/A,N/A,N/A,N/A,N/A,N/A,N/A,N/A,N/A,N/A,N/A,N/A,N/A,N/A,N/A,N/A,N/A,N/A,N/A,N/A,N/A,N/A,N/A,N/A,N/A,N/A,N/A,N/A,N/A,N/A,N/A,N/A,N/A,N/A,N/A,N/A,N/A,N/A,N/A,N/A,N/A,N/A,N/A,N/A,N/A,N/A,N/A,N/A,N/A,N/A,N/A,N/A,N/A,N/A,N/A,N/A,N/A,N/A,N/A,N/A,N/A,N/A,N/A,N/A,N/A,N/A,N/A,N/A,N/A,N/A,N/A,N/A,N/A,N/A,N/A,N/A,N/A,N/A,N/A,N/A,N/A,N/A,N/A,N/A,N/A,N/A,N/A,N/A,N/A,N/A,N/A,N/A,N/A,N/A,N/A,N/A,N/A,N/A,N/A,N/A,N/A,N/A,N/A,N/A,N/A,N/A,N/A,N/A,N/A,N/A,N/A,N/A,N/A,N/A,N/A,N/A,N/A,N/A,N/A,N/A,N/A,N/A,N/A,N/A,N/A,N/A,N/A,N/A,N/A,N/A,N/A,N/A,N/A,N/A,N/A,N/A,N/A,N/A,N/A,N/A,N/A,N/A,N/A,N/A,N/A,N/A,N/A,N/A,N/A,N/A,N/A,N/A,N/A,N/A,N/A,N/A,N/A,N/A,N/A,N/A,N/A,N/A,N/A
Marcos Vinicius da Silva Santos,29,859363200,1997/03/26,Serie A,2026,Defender,Chapecoense,579,368,211,Brazil,10,6,4,0,0,0,1,1,0,0,0,0,0,0,12,7,5,2,0,0.16,0.16,0,0,0,0,1.87,48,58,290,579,0.31,431,84,172,27,124800,6.47,0.1,81,31.71,20.40,37,204,15.30,153,15,23.78,30,0.00,0.00,0.70,7,0.00,2.50,0.78,0.50,5,0.00,0.00,0.00,0.00,0.00,0.60,0.30,1.40,0.00,0.47,0.30,0.70,0.00,0.00,0.01,0.00,0.60,0.00,0.00,0,0,,3,0.30,21,0,0.00,17,3,0.47,34,5,4,6,21,0.00,99,0,6,0.93,59,25,58,3.89,85,0,0.00,99,0,0.00,0,0,0.00,0,1.09,63,7,1.09,51,3,0.47,42.86,0,0.00,0,0,0,0.00,0,14,0.00,6,2.18,91,N/A,N/A,N/A,N/A,0.00,0,0.00,0,0.15,0.00,0,75.00,0.00,17,50,0.40,0.62,4,48,42,0,0,0,0.20,0.31,2,59,64.69,2.20,3.42,22,0,0.00,0.00,99,0.00,0,0,1,0.10,0.16,0,0.00,0.00,0.16,0.10,1,0,0.00,45,17,17,46,6,1.14,72,0.11,0.18,0.15,16,0.01,0.02,22,3,0.30,0.47,1.55,1.00,69,10,0.02,15,19,77,95,0,76,51,0,0.00,99,6,0.00,0.93,7.15,4.60,46,17,12,30,2.64,1.70,36.96,0,0.00,99,0,24.00,0,0.00,99,6,0.60,0.93,84,21,65,91,0,0,0,0,0,53,46,65,59,0,25,5,39,77,2,20,74,2,N/A,N/A
Marino Hinestroza Angulo,24,1026111600,2002/07/08,Serie A,2026,Forward,Vasco da Gama,325,113,212,Colombia,12,5,7,0,0,0,0,0,0,0,0,1,0,1,6,4,2,0,0,0,0,0,0,0,0,1.66,54,27,0,0,0,243,264,-1,26,1100000,6.61,0,48,27.06,8.17,25,98,6.92,83,57,22.91,28,0.00,0.00,0.42,5,0.00,1.17,2.21,0.67,8,0.00,0.33,0.00,0.00,0.00,0.17,0.75,0.58,0.00,1.38,0.42,2.08,0.00,0.00,0.02,0.00,0.08,0.00,0.00,0,0,,5,0.42,62,0,0.00,17,5,1.38,80,2,11,1,82,0.00,99,0,2,0.55,39,14,86,3.87,85,0,0.00,99,0,0.00,0,0,0.00,0,1.38,77,25,6.90,99,9,2.48,36.00,0,0.00,0,0,0,0.00,0,7,0.00,11,1.93,86,N/A,N/A,N/A,N/A,0.00,0,0.00,0,0.25,0.00,0,84.69,0.00,17,83,0.08,0.28,1,98,28,0,0,0,0.00,0.00,0,24,79.36,0.17,0.55,2,0,0.00,0.00,99,0.00,0,0,1,0.08,0.28,0,0.00,0.00,0.00,0.00,0,0,0.00,45,0,24,46,11,0.34,32,0.03,0.09,0.25,39,0.02,0.07,98,12,1.00,3.31,1.66,0.50,75,6,0.07,38,26,18,99,0,47,11,0,0.00,99,1,0.00,0.28,16.56,5.00,60,30,98,98,8.28,2.50,50.00,4,1.10,25,0,35.71,0,0.00,99,5,0.42,1.38,92,0,97,56,0,0,0,0,0,28,46,65,59,0,71,13,15,15,0,0,16,18,N/A,N/A
Mário Sérgio Santos Costa,36,643964400,1990/05/29,Serie A,2026,Forward,Vitória,247,112,135,Brazil,11,7,4,0,0,0,0,0,0,0,0,4,4,0,3,1,2,1,0,0,0,0,0,0,0,1.09,82,22,247,0,0.36,-1,-1,-1,22,180000,6.61,0,48,26.96,6.73,24,74,5.91,65,79,23.68,30,0.00,0.00,0.27,3,0.00,0.36,3.28,0.82,9,0.00,0.45,0.00,0.00,0.00,0.18,0.00,0.55,0.00,3.28,0.73,0.36,0.00,0.09,0.04,0.00,0.36,0.00,0.00,0,0,,9,0.82,97,1,0.36,55,8,2.91,99,5,9,2,97,0.00,99,0,2,0.73,47,4,62,1.46,58,0,0.00,99,0,0.00,0,0,0.00,0,1.09,63,4,1.46,63,0,0.00,0.00,0,0.00,0,0,0,0.00,0,6,0.00,55,2.19,91,N/A,N/A,N/A,N/A,0.00,0,0.00,0,0.48,0.00,0,87.84,11.11,20,78,0.09,0.36,1,13,13,0,0,0,0.00,0.00,0,24,72.67,0.18,0.73,2,0,0.00,0.00,99,0.00,0,0,0,0.00,0.00,0,0.00,0.00,0.73,0.18,2,0,0.00,45,0,21,46,54,0.27,36,0.02,0.10,0.48,64,0.04,0.17,99,14,1.27,5.10,2.55,0.64,98,7,0.17,62,26,25,75,0,96,71,0,0.00,99,4,0.00,1.46,17.13,4.27,47,26,99,99,9.47,2.36,55.32,5,1.82,6,0,25.00,0,0.00,99,1,0.09,0.36,61,1,94,91,0,0,0,0,0,28,46,65,59,0,28,80,32,83,1,9,36,7,N/A,N/A
Marllon Gonçalves Jerônimo Borges,34,703407600,1992/04/16,Serie A,2026,Defender,Remo,1979,900,1079,Brazil,22,10,12,1,1,0,1,1,0,0,0,2,1,1,37,13,24,3,0,0.09,0.05,0.05,0.1,0,1979,1.68,53,90,660,1979,0.14,216,209,165,8,273000,6.65,0.05,51,31.52,31.50,36,693,27.00,594,66,27.01,41,0.00,0.00,0.18,4,0.00,0.05,0.86,0.86,19,0.00,0.09,0.00,0.00,0.00,1.05,0.00,1.73,7.00,0.32,0.27,0.05,0.00,0.05,0.05,0.00,1.14,0.00,0.00,0,0,,7,0.32,14,1,0.05,18,6,0.27,18,4,0,22,24,0.00,99,0,23,1.05,68,1,30,0.05,16,0,0.00,99,0,0.00,0,0,0.00,0,0.18,15,1,0.05,10,0,0.00,0.00,0,0.00,0,0,0,0.00,0,38,0.00,10,1.73,82,N/A,N/A,N/A,N/A,0.00,0,0.00,0,1.01,0.00,0,85.71,14.29,23,69,0.45,0.45,10,13,13,0,0,0,0.91,0.91,20,93,146.33,5.73,5.73,126,0,0.00,0.00,99,0.00,0,0,0,0.00,0.00,0,0.00,0.00,0.00,0.00,0,0,14.29,81,97,94,99,10,1.95,32,0.09,0.09,1.01,31,0.05,0.05,32,14,0.64,0.64,0.59,0.59,17,13,0.05,30,34,94,75,0,47,61,0,0.00,99,25,0.00,1.14,4.78,4.77,105,57,11,10,2.59,2.59,54.29,2,0.09,84,0,0.00,0,0.00,99,0,0.00,0.00,30,96,23,83,0,0,0,0,0,39,49,65,61,0,35,16,82,35,3,14,57,13,N/A,N/A
Marlon Matheus Lopes do Nascimento,32,761126400,1994/02/13,Serie A,2026,Defender,Remo,173,0,173,Brazil,2,0,2,0,0,0,0,0,0,0,0,0,0,0,3,0,3,1,0,0,0,0,0,0,0,1.56,58,87,173,0,0.52,-1,-1,-1,39,0,6.38,0,48,37.50,37.50,53,75,29.50,59,26,29.50,49,0.00,0.00,0.00,0,0.00,1.00,1.50,1.50,3,0.00,0.00,0.00,0.00,0.00,1.50,1.00,1.50,0.00,0.50,0.50,1.50,0.00,0.00,0.03,0.00,1.50,0.00,0.00,0,0,,1,0.50,23,0,0.00,17,1,0.50,36,1,0,2,55,0.00,99,0,3,1.50,89,2,30,1.00,53,0,0.00,99,0,0.00,0,0,0.00,0,0.00,8,3,1.50,63,2,1.00,66.67,0,0.00,0,0,0,0.00,0,3,0.00,15,1.50,68,N/A,N/A,N/A,N/A,0.00,0,0.00,0,0.05,0.00,0,78.67,0.00,17,3,1.50,1.50,3,76,83,0,0,0,0.00,0.00,0,24,12.75,1.50,1.50,3,0,0.00,0.00,99,0.00,0,0,0,0.00,0.00,0,0.00,0.00,0.00,0.00,0,0,0.00,45,0,0,46,15,0.14,16,0.07,0.07,0.05,20,0.03,0.03,1,0,0.00,0.00,1.50,1.50,65,3,0.03,19,14,52,75,0,47,72,0,0.00,99,3,0.00,1.50,7.50,7.50,15,8,40,36,4.00,4.00,53.33,0,0.00,99,0,0.00,0,0.00,99,0,0.00,0.00,30,1,23,35,0,0,0,0,0,28,46,65,59,0,21,5,22,93,1,50,99,6,0,0
Marlon Rodrigues Freitas,31,796291200,1995/03/27,Serie A,2026,Midfielder,Palmeiras,1964,962,1002,Brazil,23,11,12,2,2,0,1,0,1,0,0,8,3,5,18,8,10,5,0,0.14,0.05,0.09,0.19,0,982,0.82,109,85,393,1964,0.23,181,207,-1,8,1300000,7.07,0.04,51,61.96,58.78,95,1352,53.26,1225,92,56.14,96,0.00,0.00,1.43,33,0.00,0.26,0.96,0.91,21,0.00,0.13,0.00,0.00,0.00,0.91,0.13,0.83,7.50,0.69,0.52,0.30,0.00,0.13,0.09,0.00,0.57,0.00,0.00,0,0,,15,0.65,34,3,0.14,29,12,0.55,40,5,0,23,31,0.00,99,0,21,0.96,61,6,41,0.27,30,0,0.00,99,0,0.00,0,0,0.00,0,1.51,80,7,0.32,20,3,0.14,42.86,0,0.00,0,0,0,0.00,0,19,0.00,86,0.87,13,N/A,N/A,N/A,N/A,0.00,0,0.00,0,2.16,0.00,0,90.61,20.00,31,44,0.65,0.69,15,20,42,0,0,0,0.39,0.41,9,67,162.64,2.09,2.20,48,0,0.00,0.00,99,0.00,0,0,0,0.00,0.00,0,0.00,0.00,0.05,0.04,1,0,13.33,77,97,99,88,84,4.50,82,0.20,0.21,2.16,50,0.09,0.10,2,2,0.09,0.09,1.15,1.09,47,25,0.10,48,89,63,75,0,50,33,0,0.00,99,13,0.00,0.60,4.54,4.30,99,37,7,9,1.70,1.61,37.37,3,0.14,82,0,16.67,0,0.00,99,1,0.04,0.05,31,99,23,91,0,1,0,4,0,49,58,65,72,0,78,78,58,59,5,22,79,27,N/A,N/A
Marlon Rodrigues Xavier,29,864111600,1997/05/20,Serie A,2026,Defender,Grêmio,786,516,270,Brazil,9,6,3,1,1,0,1,1,0,0,0,1,1,0,11,7,4,2,0,0.23,0.11,0.11,0.17,0,786,1.26,71,87,393,786,0.23,168,134,115,8,1000000,7.10,0.11,69,40.42,39.22,60,353,32.11,289,38,33.09,58,0.00,0.00,1.44,13,0.00,4.22,3.32,3.22,29,0.00,0.56,0.00,0.00,0.00,1.22,0.22,1.33,5.00,0.57,0.22,0.56,0.00,0.33,0.12,0.00,0.44,0.00,0.00,0,0,,5,0.56,28,3,0.34,54,2,0.23,15,3,0,9,98,0.00,99,0,11,1.26,82,38,65,4.35,89,0,0.00,99,0,0.00,0,0,0.00,0,1.49,80,5,0.57,31,2,0.23,40.00,0,0.00,0,0,0,0.00,0,12,0.00,38,1.37,58,N/A,N/A,N/A,N/A,0.00,0,0.00,0,1.07,0.00,0,81.87,60.00,98,13,1.11,1.15,10,28,37,0,0,0,0.33,0.34,3,61,63.89,2.67,2.75,24,0,0.00,0.00,99,0.00,0,0,0,0.00,0.00,0,0.00,0.00,0.11,0.11,1,0,20.00,91,33,12,85,37,1.77,79,0.20,0.20,1.07,54,0.12,0.12,66,12,1.33,1.37,1.26,1.22,52,11,0.12,53,92,71,75,0,65,24,0,0.00,99,4,0.00,0.46,9.05,8.78,79,47,73,55,5.38,5.22,59.49,5,0.57,52,0,26.32,0,0.00,99,10,1.11,1.15,88,37,23,72,0,0,0,0,0,66,61,65,70,0,69,23,58,59,2,22,79,23,N/A,N/A
Marquinhos,23,1049698800,2003/04/07,Serie A,2026,Forward,Cruzeiro,80,60,20,Brazil,2,1,1,0,0,0,0,0,0,0,0,1,0,1,1,1,0,0,0,0,0,0,0,0,0,1.13,80,40,0,0,0,-1,-1,-1,17,0,6.61,0,48,30.38,13.50,31,27,10.50,21,23,23.62,30,0.00,0.00,0.50,1,0.00,0.50,1.12,0.50,1,0.00,0.50,0.00,0.00,0.00,0.50,0.00,0.50,0.00,0.00,0.00,0.00,0.00,0.00,0.00,0.00,1.00,0.00,0.00,0,0,,0,0.00,7,0,0.00,17,0,0.00,7,4,1,1,39,0.00,99,0,1,1.12,71,1,30,1.12,54,0,0.00,99,0,0.00,0,0,0.00,0,1.12,66,0,0.00,9,0,0.00,0.00,0,0.00,0,0,0,0.00,0,1,0.00,51,1.12,38,N/A,N/A,N/A,N/A,0.00,0,0.00,0,0.00,0.00,0,77.78,0.00,17,15,0.50,1.12,1,13,13,0,0,0,0.00,0.00,0,24,13.21,1.00,2.25,2,0,0.00,0.00,99,0.00,0,0,0,0.00,0.00,0,0.00,0.00,0.00,0.00,0,0,0.00,45,0,0,46,52,0.09,36,0.04,0.10,0.00,7,0.00,0.00,98,3,1.50,3.38,2.25,1.00,94,2,0.00,7,26,63,75,0,47,88,0,0.00,99,2,0.00,2.25,13.50,6.00,12,6,92,92,6.75,3.00,50.00,1,1.12,25,0,0.00,0,0.00,99,0,0.00,0.00,30,0,36,83,0,0,0,0,0,28,46,65,59,0,21,98,15,15,0,0,16,11,0,0
Martin Braithwaite,35,676105200,1991/06/05,Serie A,2026,Forward,Grêmio,499,226,273,Denmark,15,7,8,0,0,0,0,0,0,0,0,4,2,2,4,3,1,0,0,0,0,0,0,0,0,0.72,125,33,0,0,0,252,238,-1,18,0,6.52,0,48,18.58,6.87,8,103,5.40,81,26,14.61,11,0.00,0.00,0.13,2,0.00,0.07,1.08,0.40,6,0.00,0.20,0.00,0.00,0.00,0.00,0.00,0.33,0.00,0.54,0.07,0.33,0.00,0.13,0.02,0.00,0.73,0.00,0.00,0,0,,3,0.20,25,2,0.36,55,1,0.18,12,4,11,4,37,0.00,99,0,0,0.00,10,1,30,0.18,24,0,0.00,99,0,0.00,0,0,0.00,0,0.36,26,5,0.90,44,0,0.00,0.00,0,0.00,0,0,0,0.00,0,5,0.00,92,0.90,15,N/A,N/A,N/A,N/A,0.00,0,0.00,0,0.34,0.00,0,78.64,66.67,99,89,0.07,0.18,1,13,13,0,0,0,0.00,0.00,0,24,97.73,0.33,0.90,5,0,0.00,0.00,99,0.00,0,0,0,0.00,0.00,0,0.00,0.00,0.72,0.27,4,0,0.00,45,11,41,46,92,0.29,10,0.02,0.05,0.34,35,0.02,0.06,55,6,0.40,1.08,1.44,0.53,62,8,0.06,34,20,32,75,0,96,83,0,0.00,99,11,0.00,1.98,8.84,3.27,49,23,43,50,4.15,1.53,46.94,3,0.54,55,0,0.00,0,0.00,99,0,0.00,0.00,30,8,97,83,0,0,0,0,0,28,46,65,59,0,21,58,15,15,0,0,16,22,0,0
Mateo Cassierra,29,860914800,1997/04/13,Serie A,2026,Forward,Atlético Mineiro,965,594,371,Colombia,18,8,10,2,1,1,1,0,1,0,0,4,3,1,11,7,4,1,0,0.28,0.09,0.19,0.15,0.24,483,1.03,88,54,965,965,0.09,114,160,-1,4,2800000,6.37,0.06,63,16.34,9.72,6,175,8.72,157,88,14.66,11,0.00,0.00,0.61,11,0.00,0.00,0.47,0.28,5,0.00,0.33,0.00,0.00,0.00,0.00,0.17,0.67,12.50,2.33,0.94,0.39,0.00,0.44,0.17,0.00,1.06,0.00,0.00,0,0,,25,1.39,83,8,0.75,79,17,1.59,86,6,8,10,13,0.00,99,0,0,0.00,10,0,30,0.00,16,0,0.00,99,0,0.00,0,0,0.00,0,1.03,60,7,0.65,35,3,0.28,42.86,0,0.00,0,0,0,0.00,0,12,0.00,62,1.12,38,N/A,N/A,N/A,N/A,0.00,0,0.00,0,3.04,0.00,0,89.71,32.00,53,67,0.28,0.47,5,31,42,0,0,0,0.11,0.19,2,47,114.63,0.22,0.37,4,0,0.00,0.00,99,0.00,0,0,2,0.11,0.19,0,0.00,0.00,0.37,0.22,4,0,8.00,58,45,68,72,63,1.34,51,0.07,0.13,3.04,79,0.17,0.28,43,9,0.50,0.84,1.03,0.61,37,11,0.28,78,14,8,97,0,88,78,0,0.00,99,19,0.00,1.77,9.06,5.39,97,36,26,55,3.36,2.00,37.11,6,0.56,54,0,0.00,0,0.00,99,0,0.00,0.00,30,43,90,97,0,0,0,0,0,73,75,82,68,0,96,46,91,24,1,6,29,9,N/A,N/A
Mateo Ponte Costa,23,1053759600,2003/05/24,Serie A,2026,Defender,Botafogo,595,263,332,Uruguay,10,6,4,0,0,0,1,1,0,0,0,2,2,0,10,3,7,4,0,0.15,0.15,0,0,0,0,1.51,60,60,149,595,0.61,299,95,147,35,600000,5.98,0.1,79,32.82,21.70,41,217,17.90,179,42,27.08,41,0.00,0.00,0.60,6,0.00,0.70,1.36,0.90,9,0.00,0.50,0.00,0.00,0.00,0.80,1.20,1.10,0.00,0.30,0.20,1.50,0.00,0.00,0.01,0.00,0.80,0.00,0.00,0,0,,2,0.20,13,0,0.00,17,2,0.30,20,6,3,6,49,0.00,99,0,8,1.21,78,7,96,1.06,54,0,0.00,99,0,0.00,0,0,0.00,0,0.91,54,15,2.27,80,12,1.82,80.00,0,0.00,0,0,0,0.00,0,11,0.00,19,1.66,78,N/A,N/A,N/A,N/A,0.00,0,0.00,0,0.08,0.00,0,82.49,0.00,17,27,0.60,0.91,6,93,92,0,0,0,0.40,0.61,4,82,59.79,1.50,2.27,15,0,0.00,0.00,99,0.00,0,0,1,0.10,0.15,0,0.00,0.00,0.15,0.10,1,0,0.00,45,19,17,46,21,1.22,72,0.12,0.18,0.08,12,0.01,0.01,54,7,0.70,1.06,1.06,0.70,40,7,0.01,12,4,64,94,0,74,64,0,0.00,99,8,0.00,1.21,8.92,5.90,59,35,72,52,5.29,3.50,59.32,5,0.76,41,0,57.14,0,0.00,99,4,0.40,0.61,74,21,56,97,0,0,0,0,0,51,46,65,59,0,54,42,19,97,4,40,97,4,N/A,N/A
Mateo Sanabria,22,1080720000,2004/03/31,Serie A,2026,Forward,Bahia,326,163,163,Argentina,14,8,6,2,1,1,1,1,0,0,0,3,2,1,5,2,3,2,0,0.83,0.28,0.55,0.55,0.55,163,1.38,65,23,163,326,0.55,9,25,-1,6,250000,5.32,0.07,95,20.71,5.36,11,75,4.57,64,61,17.67,17,0.00,0.00,0.43,6,0.00,1.36,1.38,0.36,5,0.00,0.36,0.00,0.00,0.00,0.00,0.86,0.36,7.50,4.14,0.79,1.79,0.00,0.29,0.16,0.00,0.07,0.00,0.00,0,0,,15,1.07,99,4,1.10,93,11,3.04,99,3,12,2,49,0.00,99,0,0,0.00,10,19,39,5.25,94,0,0.00,99,0,0.00,0,0,0.00,0,1.66,84,25,6.90,99,12,3.31,48.00,0,0.00,0,0,0,0.00,0,5,0.00,28,1.38,59,N/A,N/A,N/A,N/A,0.00,0,0.00,0,2.22,0.00,0,85.33,26.67,42,15,0.29,1.10,4,99,50,0,0,0,0.07,0.28,1,55,74.49,0.14,0.55,2,0,0.00,0.00,99,0.00,0,0,0,0.00,0.00,0,0.00,0.00,0.55,0.14,2,0,13.33,77,0,34,48,28,0.94,90,0.07,0.26,2.22,99,0.16,0.61,96,11,0.79,3.04,2.48,0.64,96,9,0.61,98,0,18,75,0,92,11,0,0.00,99,1,0.00,0.28,17.12,4.43,62,29,98,99,8.01,2.07,46.77,5,1.38,14,0,15.79,0,0.00,99,3,0.21,0.83,82,1,97,72,0,0,0,0,0,99,98,96,95,0,34,44,21,94,2,14,57,23,N/A,N/A
Mateus José Iseppe,20,1146553200,2006/05/02,Serie A,2026,Midfielder,Atlético Mineiro,0,0,0,Brazil,0,0,0,0,0,0,0,0,0,0,0,0,0,0,0,0,0,0,0,0,0,0,0,0,0,0,0,0,0,0,0,-1,-1,-1,-1,N/A,N/A,N/A,N/A,N/A,N/A,N/A,N/A,N/A,N/A,N/A,N/A,N/A,N/A,N/A,N/A,N/A,N/A,N/A,N/A,N/A,N/A,N/A,N/A,N/A,N/A,N/A,N/A,N/A,N/A,N/A,N/A,N/A,N/A,N/A,N/A,N/A,N/A,N/A,N/A,N/A,N/A,N/A,N/A,N/A,N/A,N/A,N/A,N/A,N/A,N/A,N/A,N/A,N/A,N/A,N/A,N/A,N/A,N/A,N/A,N/A,N/A,N/A,N/A,N/A,N/A,N/A,N/A,N/A,N/A,N/A,N/A,N/A,N/A,N/A,N/A,N/A,N/A,N/A,N/A,N/A,N/A,N/A,N/A,N/A,N/A,N/A,N/A,N/A,N/A,N/A,N/A,N/A,N/A,N/A,N/A,N/A,N/A,N/A,N/A,N/A,N/A,N/A,N/A,N/A,N/A,N/A,N/A,N/A,N/A,N/A,N/A,N/A,N/A,N/A,N/A,N/A,N/A,N/A,N/A,N/A,N/A,N/A,N/A,N/A,N/A,N/A,N/A,N/A,N/A,N/A,N/A,N/A,N/A,N/A,N/A,N/A,N/A,N/A,N/A,N/A,N/A,N/A,N/A,N/A,N/A,N/A,N/A,N/A,N/A,N/A,N/A,N/A,N/A,N/A,N/A,N/A,N/A,N/A,N/A,N/A,N/A,N/A,N/A,N/A,N/A,N/A,N/A,N/A,N/A,N/A,N/A,N/A,N/A,N/A,N/A,N/A,N/A,N/A,N/A,N/A,N/A,N/A,N/A,N/A,N/A,N/A,N/A,N/A,N/A,N/A,N/A,N/A,N/A,N/A,N/A,N/A,N/A,N/A,N/A,N/A,N/A,N/A,N/A,N/A,N/A,N/A,N/A,N/A,N/A,N/A,N/A,N/A,N/A,N/A,N/A,N/A,N/A,N/A,N/A,N/A,N/A,N/A,N/A
Mateus Xavier de Sousa,19,1183100400,2007/06/29,Serie A,2026,Forward,Santos,4,0,4,Brazil,1,0,1,0,0,0,0,0,0,0,0,0,0,0,0,0,0,0,0,0,0,0,0,0,0,0,0,4,0,0,0,-1,-1,-1,25,60000,0.00,0,48,45.00,2.00,72,2,1.00,1,0,22.50,27,0.00,0.00,0.00,0,0.00,0.00,22.50,1.00,1,0.00,0.00,0.00,0.00,0.00,0.00,0.00,0.00,0.00,0.00,0.00,0.00,0.00,0.00,0.00,0.00,0.00,0.00,0.00,0,0,,0,0.00,7,0,0.00,17,0,0.00,7,0,1,0,99,0.00,99,0,0,0.00,10,0,30,0.00,16,0,0.00,99,0,0.00,0,0,0.00,0,0.00,8,0,0.00,9,0,0.00,0.00,0,0.00,0,0,0,0.00,0,0,0.00,99,0.00,0,N/A,N/A,N/A,N/A,0.00,0,0.00,0,0.00,0.00,0,50.00,0.00,17,99,0.00,0.00,0,13,13,0,0,0,0.00,0.00,0,24,0.00,0.00,0.00,0,0,0.00,0.00,99,0.00,0,0,0,0.00,0.00,0,0.00,0.00,0.00,0.00,0,0,0.00,45,0,0,46,0,0.00,0,0.00,0.00,0.00,7,0.00,0.00,1,0,0.00,0.00,22.50,1.00,99,1,0.00,7,0,0,75,0,47,2,0,0.00,99,0,0.00,0.00,67.50,3.00,3,1,99,99,22.50,1.00,33.33,0,0.00,99,0,0.00,0,0.00,99,0,0.00,0.00,30,0,36,12,0,0,0,0,0,28,46,65,59,0,22,5,15,15,0,0,16,47,N/A,N/A
Matheus Alexandre Anastácio de Souza,27,923468400,1999/04/07,Serie A,2026,Defender,Remo,255,127,128,Brazil,11,5,6,0,0,0,0,0,0,0,0,3,2,1,7,3,4,1,0,0,0,0,0,0,0,2.47,36,23,255,0,0.35,-1,-1,-1,17,0,5.86,0,48,34.80,9.00,46,99,7.82,86,72,30.23,50,0.00,0.00,0.00,0,0.00,0.45,2.46,0.64,7,0.00,0.36,0.00,0.00,0.00,0.82,0.18,0.64,0.00,0.35,0.09,0.45,0.00,0.00,0.01,0.00,0.64,0.00,0.00,0,0,,1,0.09,16,0,0.00,17,1,0.35,24,2,9,2,88,0.00,99,0,9,3.16,99,5,30,1.76,61,0,0.00,99,0,0.00,0,0,0.00,0,0.00,8,5,1.76,70,2,0.70,40.00,0,0.00,0,0,0,0.00,0,7,0.00,0,2.46,93,N/A,N/A,N/A,N/A,0.00,0,0.00,0,0.06,0.00,0,86.87,0.00,17,17,0.27,1.05,3,64,37,0,0,0,0.09,0.35,1,63,64.41,1.27,4.92,14,0,0.00,0.00,99,0.00,0,0,0,0.00,0.00,0,0.00,0.00,0.00,0.00,0,0,0.00,45,0,21,46,0,0.19,16,0.02,0.07,0.06,16,0.01,0.02,1,0,0.00,0.00,1.41,0.36,59,4,0.02,15,3,87,75,0,47,92,0,0.00,99,7,0.00,2.46,12.30,3.18,35,16,78,86,5.62,1.45,45.71,4,1.41,14,0,0.00,0,0.00,99,0,0.00,0.00,30,1,94,56,0,0,0,0,0,28,46,65,59,0,21,58,33,82,1,9,36,2,0,0
Matheus Aurelio Palhares Guimaraes,27,930121200,1999/06/23,Serie A,2026,Goalkeeper,Chapecoense,270,90,180,Brazil,3,1,2,0,0,0,0,0,0,0,0,0,0,0,8,4,4,1,0,0,0,0,0,0,0,2.67,34,90,270,0,0.33,-1,-1,-1,19,0,6.67,0,48,24.00,24.00,18,72,16.00,48,4,16.00,12,0.00,0.00,0.00,0,0.00,0.00,0.00,0.00,0,0.00,0.00,0.00,0.00,4.00,0.00,0.00,6.67,0.00,0.00,0.00,0.00,0.00,0.00,0.00,0.00,0.33,0.00,0.00,0,0,,0,0.00,7,0,0.00,17,0,0.00,7,0,0,3,5,0.00,99,0,0,0.00,10,0,30,0.00,16,0,0.00,99,0,0.00,0,0,0.00,0,0.00,8,0,0.00,9,0,0.00,0.00,0,0.00,0,12,24,4.00,91,20,0.00,0,6.67,99,N/A,N/A,N/A,N/A,60.00,0,0.00,0,0.00,0.00,0,66.67,0.00,17,99,0.00,0.00,0,13,13,0,0,4,0.00,0.00,0,24,20.01,2.00,2.00,6,0,0.00,0.00,99,0.00,0,0,0,0.00,0.00,2,0.67,0.67,0.00,0.00,0,0,0.00,45,0,0,46,0,0.11,6,0.04,0.04,0.00,7,0.00,0.00,1,0,0.00,0.00,0.00,0.00,5,0,0.00,7,36,59,75,85,47,14,0,0.00,99,1,0.00,0.33,0.33,0.33,1,1,4,3,0.33,0.33,100.00,0,0.00,99,0,0.00,0,0.00,99,0,0.00,0.00,30,3,23,12,0,0,0,0,0,28,46,65,59,0,21,5,35,80,1,33,94,30,0,0
Matheus Bahia Santos,27,934354800,1999/08/11,Serie A,2026,Defender,Internacional,1040,518,522,Brazil,15,7,8,0,0,0,2,2,0,0,0,4,2,2,12,4,8,3,0,0.17,0.17,0,0,0,0,1.04,87,69,347,520,0.26,254,78,66,13,550000,6.77,0.13,82,24.23,18.67,19,280,13.40,201,10,17.39,17,0.00,0.00,0.87,13,0.00,2.13,2.25,1.73,26,0.00,0.27,0.00,0.00,0.00,0.87,0.27,0.87,0.00,0.52,0.27,0.73,0.00,0.13,0.03,0.00,0.40,0.00,0.00,0,0,,6,0.40,24,2,0.17,35,4,0.35,24,2,2,13,83,0.00,99,0,13,1.12,71,32,69,2.77,74,0,0.00,99,0,0.00,0,0,0.00,0,1.12,66,11,0.95,46,4,0.35,36.36,0,0.00,0,0,0,0.00,0,13,0.00,61,1.12,38,N/A,N/A,N/A,N/A,0.00,0,0.00,0,0.50,0.00,0,71.79,33.33,62,44,0.53,0.69,8,38,29,0,0,0,0.27,0.35,4,63,101.59,1.93,2.51,29,0,0.00,0.00,99,0.00,0,0,0,0.00,0.00,0,0.00,0.00,0.26,0.20,3,0,0.00,45,50,41,46,61,2.07,72,0.14,0.18,0.50,26,0.03,0.04,69,17,1.13,1.47,1.56,1.20,70,18,0.04,25,51,66,75,0,83,27,0,0.00,99,6,0.00,0.52,8.48,6.53,98,53,54,46,4.59,3.53,54.08,4,0.35,69,0,28.12,0,0.00,99,9,0.60,0.78,81,58,46,56,0,0,0,0,0,55,46,65,59,0,51,58,50,66,3,20,74,6,N/A,N/A
Matheus Bidu,27,925801200,1999/05/04,Serie A,2026,Defender,Corinthians,1554,878,676,Brazil,18,10,8,2,2,0,1,1,0,0,0,8,5,3,18,9,9,5,0,0.17,0.06,0.12,0.21,0,777,1.04,86,86,311,1554,0.29,163,199,67,4,180000,6.94,0.06,55,43.20,41.44,68,746,34.22,616,43,35.68,65,0.00,0.00,1.17,21,0.00,2.67,1.74,1.67,30,0.00,0.89,0.00,0.00,0.00,1.17,0.78,1.00,8.50,0.98,0.78,1.56,0.00,0.17,0.13,0.00,0.89,0.00,0.00,0,0,,17,0.94,49,3,0.17,35,14,0.81,56,2,0,18,67,0.00,99,0,21,1.22,79,48,56,2.78,74,0,0.00,99,0,0.00,0,0,0.00,0,1.22,70,28,1.62,67,14,0.81,50.00,0,0.00,0,0,0,0.00,0,18,0.00,61,1.04,29,N/A,N/A,N/A,N/A,0.00,0,0.00,0,2.26,0.00,0,82.57,17.65,27,38,0.72,0.75,13,68,59,0,0,0,0.17,0.17,3,43,124.85,2.17,2.26,39,2,0.00,0.12,1,0.11,0,0,0,0.00,0.00,0,0.00,0.00,0.23,0.22,4,0,11.76,72,83,68,84,60,2.86,69,0.16,0.17,2.26,57,0.13,0.13,96,48,2.67,2.78,1.39,1.33,58,24,0.13,56,77,63,75,0,81,51,0,0.00,99,16,0.00,0.93,10.31,9.89,178,99,81,69,5.73,5.50,55.62,16,0.93,32,0,22.92,0,0.00,99,11,0.61,0.64,75,84,23,56,0,0,0,0,0,55,63,65,73,0,28,94,43,74,5,28,88,21,N/A,N/A
Matheus Cunha Queiroz,25,990687600,2001/05/24,Serie A,2026,Goalkeeper,Internacional,1095,707,388,Brazil,13,8,5,0,0,0,1,1,0,0,0,6,4,2,10,5,5,2,0,0.08,0.08,0,0,0,0,0.82,110,84,548,1095,0.16,264,168,31,12,0,6.65,0.08,61,25.81,24.15,21,314,15.38,200,2,16.44,13,0.00,0.00,0.08,1,0.00,0.00,0.00,0.00,0,0.00,0.00,0.00,0.00,1.92,0.00,0.00,3.00,0.00,0.00,0.00,0.00,0.00,0.00,0.00,0.00,0.38,0.00,0.00,0,0,,0,0.00,7,0,0.00,17,0,0.00,7,1,1,12,5,0.00,99,0,0,0.00,10,0,30,0.00,16,0,0.00,99,0,0.00,0,0,0.00,0,0.08,9,0,0.00,9,0,0.00,0.00,0,0.00,0,25,35,2.05,26,39,0.00,86,3.21,94,N/A,N/A,N/A,N/A,64.10,0,0.00,0,0.00,0.00,0,63.69,0.00,17,93,0.08,0.08,1,13,13,0,0,15,0.00,0.00,0,24,86.48,0.77,0.82,10,0,0.00,0.00,99,0.00,0,0,0,0.00,0.00,8,0.62,0.66,0.00,0.00,0,0,0.00,45,54,30,46,86,1.04,32,0.08,0.09,0.00,7,0.00,0.00,12,3,0.23,0.25,0.00,0.00,5,0,0.00,7,34,28,75,78,47,20,0,0.00,99,5,0.00,0.41,0.66,0.62,8,6,5,5,0.49,0.46,75.00,0,0.00,99,0,0.00,0,0.00,99,0,0.00,0.00,30,53,36,35,0,0,0,0,0,37,46,65,59,0,21,95,76,40,2,15,59,31,0,0
Matheus dos Reis Francisco,19,1175497200,2007/04/02,Serie A,2026,Forward,Fluminense,0,0,0,Brazil,0,0,0,0,0,0,0,0,0,0,0,0,0,0,0,0,0,0,0,0,0,0,0,0,0,0,0,0,0,0,0,-1,-1,-1,-1,N/A,N/A,N/A,N/A,N/A,N/A,N/A,N/A,N/A,N/A,N/A,N/A,N/A,N/A,N/A,N/A,N/A,N/A,N/A,N/A,N/A,N/A,N/A,N/A,N/A,N/A,N/A,N/A,N/A,N/A,N/A,N/A,N/A,N/A,N/A,N/A,N/A,N/A,N/A,N/A,N/A,N/A,N/A,N/A,N/A,N/A,N/A,N/A,N/A,N/A,N/A,N/A,N/A,N/A,N/A,N/A,N/A,N/A,N/A,N/A,N/A,N/A,N/A,N/A,N/A,N/A,N/A,N/A,N/A,N/A,N/A,N/A,N/A,N/A,N/A,N/A,N/A,N/A,N/A,N/A,N/A,N/A,N/A,N/A,N/A,N/A,N/A,N/A,N/A,N/A,N/A,N/A,N/A,N/A,N/A,N/A,N/A,N/A,N/A,N/A,N/A,N/A,N/A,N/A,N/A,N/A,N/A,N/A,N/A,N/A,N/A,N/A,N/A,N/A,N/A,N/A,N/A,N/A,N/A,N/A,N/A,N/A,N/A,N/A,N/A,N/A,N/A,N/A,N/A,N/A,N/A,N/A,N/A,N/A,N/A,N/A,N/A,N/A,N/A,N/A,N/A,N/A,N/A,N/A,N/A,N/A,N/A,N/A,N/A,N/A,N/A,N/A,N/A,N/A,N/A,N/A,N/A,N/A,N/A,N/A,N/A,N/A,N/A,N/A,N/A,N/A,N/A,N/A,N/A,N/A,N/A,N/A,N/A,N/A,N/A,N/A,N/A,N/A,N/A,N/A,N/A,N/A,N/A,N/A,N/A,N/A,N/A,N/A,N/A,N/A,N/A,N/A,N/A,N/A,N/A,N/A,N/A,N/A,N/A,N/A,N/A,N/A,N/A,N/A,N/A,N/A,N/A,N/A,N/A,N/A,N/A,N/A,N/A,N/A,N/A,N/A,N/A,N/A,N/A,N/A,N/A,N/A,N/A,N/A
Matheus Felipe,27,910598400,1998/11/09,Serie A,2026,Defender,Remo,180,180,0,Brazil,2,2,0,0,0,0,0,0,0,0,0,1,1,0,2,2,0,2,0,0,0,0,0,0,0,1,90,90,90,0,1,-1,-1,-1,20,0,6.54,0,48,37.50,37.50,53,75,33.00,66,79,33.00,58,0.00,0.00,0.50,1,0.00,0.00,1.00,1.00,2,0.00,0.00,0.00,0.00,0.00,0.50,0.50,1.00,0.00,0.00,0.00,0.50,0.00,0.00,0.00,0.00,1.00,0.00,0.00,0,0,,0,0.00,7,0,0.00,17,0,0.00,7,0,0,2,34,0.00,99,0,1,0.50,36,0,30,0.00,16,0,0.00,99,0,0.00,0,0,0.00,0,0.50,34,1,0.50,28,1,0.50,100.00,0,0.00,0,0,0,0.00,0,2,0.00,66,1.00,25,N/A,N/A,N/A,N/A,0.00,0,0.00,0,0.00,0.00,0,88.00,0.00,17,20,1.00,1.00,2,51,99,0,0,0,0.00,0.00,0,24,13.07,6.50,6.50,13,0,0.00,0.00,99,0.00,0,0,0,0.00,0.00,0,0.00,0.00,0.00,0.00,0,0,0.00,45,0,0,46,67,0.17,32,0.09,0.09,0.00,7,0.00,0.00,1,0,0.00,0.00,1.00,1.00,35,2,0.00,7,21,97,75,0,47,55,0,0.00,99,2,0.00,1.00,6.50,6.50,13,5,10,20,2.50,2.50,38.46,0,0.00,99,0,0.00,0,0.00,99,0,0.00,0.00,30,1,23,12,0,0,0,0,0,28,46,65,59,0,21,98,15,99,2,100,99,4,0,0
Matheus Fellipe Costa Pereira,30,831279600,1996/05/05,Serie A,2026,Midfielder,Cruzeiro,1774,1023,751,Brazil,21,12,9,6,4,2,2,2,0,0,0,4,3,1,26,14,12,8,0,0.41,0.1,0.3,0.35,0.24,296,1.32,68,84,222,887,0.41,56,142,-1,2,4200000,7.43,0.1,66,42.87,40.24,67,845,33.62,706,50,35.82,65,0.00,0.00,3.19,67,0.00,5.62,0.66,0.62,13,0.00,1.24,0.00,0.00,0.00,0.33,0.62,1.43,8.67,2.64,1.71,1.24,0.00,0.76,0.34,0.00,0.38,0.00,0.00,0,0,,52,2.48,89,16,0.81,81,36,1.83,92,2,1,20,17,0.00,99,0,7,0.36,25,118,78,5.99,96,0,0.00,99,0,0.00,0,0,0.00,0,3.40,99,26,1.32,59,13,0.66,50.00,0,0.00,0,0,0,0.00,0,30,0.00,33,1.52,70,N/A,N/A,N/A,N/A,0.00,0,0.00,0,7.22,0.00,0,83.55,30.77,51,45,0.62,0.66,13,61,59,0,0,0,0.05,0.05,1,24,156.13,0.14,0.15,3,0,0.00,0.00,99,0.00,0,0,0,0.00,0.00,0,0.00,0.00,0.25,0.24,5,2,11.54,71,91,90,58,33,5.11,90,0.24,0.26,7.22,89,0.34,0.37,99,79,3.76,4.01,1.72,1.62,78,34,0.37,87,99,2,75,0,83,20,0,0.00,99,8,0.00,0.41,10.65,10.00,210,113,81,73,5.73,5.38,53.81,26,1.32,17,0,32.20,0,0.00,99,38,1.81,1.93,98,91,36,56,0,0,0,0,0,83,88,82,87,0,99,38,29,87,8,38,96,10,N/A,N/A
Matheus Fernandes Siqueira,28,899190000,1998/06/30,Serie A,2026,Midfielder,Bragantino,761,422,339,Brazil,14,8,6,0,0,0,1,1,0,0,0,4,2,2,10,7,3,2,0,0.12,0.12,0,0,0,0,1.18,76,54,381,761,0.24,327,131,-1,29,972400,6.71,0.07,71,34.77,21.00,46,294,17.36,243,44,28.74,46,0.00,0.00,0.50,7,0.00,0.36,2.13,1.29,18,0.00,0.21,0.00,0.00,0.00,0.93,0.36,0.79,0.00,1.54,0.86,0.57,0.00,0.07,0.05,0.00,0.64,0.00,0.00,0,0,,13,0.93,67,1,0.12,27,12,1.42,80,1,5,9,80,0.00,99,0,13,1.54,89,5,49,0.59,43,0,0.00,99,0,0.00,0,0,0.00,0,0.83,48,8,0.95,46,5,0.59,62.50,0,0.00,0,0,0,0.00,0,11,0.00,46,1.30,54,N/A,N/A,N/A,N/A,0.00,0,0.00,0,0.72,0.00,0,82.65,7.69,18,42,0.43,0.71,6,57,76,0,0,0,0.07,0.12,1,35,93.89,0.57,0.95,8,0,0.00,0.00,99,0.00,0,0,0,0.00,0.00,0,0.00,0.00,0.00,0.00,0,0,0.00,45,31,34,46,46,1.41,69,0.10,0.17,0.72,46,0.05,0.09,29,5,0.36,0.59,1.66,1.00,75,14,0.09,44,41,34,75,0,47,57,0,0.00,99,9,0.00,1.06,7.81,4.71,66,37,48,39,4.38,2.64,56.06,3,0.35,69,0,20.00,0,0.00,99,1,0.07,0.12,39,37,74,35,0,0,0,0,0,44,46,65,59,0,68,64,55,61,2,14,57,35,N/A,N/A
Matheus França de Oliveira,22,1080806400,2004/04/01,Serie A,2026,Forward,Vasco da Gama,62,22,40,Brazil,3,1,2,0,0,0,0,0,0,0,0,0,0,0,0,0,0,0,0,0,0,0,0,0,0,0,0,21,0,0,0,-1,-1,-1,31,0,6.53,0,48,29.03,6.67,27,20,4.67,14,7,20.32,22,0.00,0.00,0.00,0,0.00,0.33,0.00,0.00,0,0.00,0.00,0.00,0.00,0.00,0.33,0.33,0.33,0.00,1.45,0.33,0.67,0.00,0.00,0.02,0.00,1.33,0.00,0.00,0,0,,1,0.33,63,0,0.00,17,1,1.45,82,0,3,0,5,0.00,99,0,1,1.45,89,1,30,1.45,58,0,0.00,99,0,0.00,0,0,0.00,0,0.00,8,2,2.90,88,1,1.45,50.00,0,0.00,0,0,0,0.00,0,1,0.00,99,1.45,63,N/A,N/A,N/A,N/A,0.00,0,0.00,0,0.05,0.00,0,70.00,0.00,17,0,0.67,2.90,2,86,59,0,0,0,0.33,1.45,1,99,19.58,0.67,2.90,2,0,0.00,0.00,99,0.00,0,0,0,0.00,0.00,0,0.00,0.00,0.00,0.00,0,0,0.00,45,0,0,46,0,0.03,6,0.01,0.04,0.05,39,0.02,0.07,1,0,0.00,0.00,2.90,0.67,99,2,0.07,38,20,72,75,0,47,99,0,0.00,99,4,0.00,5.81,21.77,5.00,15,5,95,99,7.26,1.67,33.33,0,0.00,99,0,0.00,0,0.00,99,0,0.00,0.00,30,0,56,12,0,0,0,0,0,28,46,65,59,0,21,5,15,15,0,0,16,9,0,0
Matheus França Silva,25,968396400,2000/09/08,Serie A,2026,Defender,Corinthians,1612,969,643,Brazil,19,11,8,1,1,0,2,1,1,0,0,8,5,3,19,10,9,5,1,0.17,0.11,0.06,0.09,0,1612,1.06,85,85,322,806,0.28,212,140,73,9,960000,6.98,0.11,69,43.16,40.68,68,773,34.16,649,53,36.23,67,0.00,0.00,1.58,30,0.00,3.68,1.95,1.84,35,0.00,0.16,0.00,0.00,0.00,1.37,0.47,1.00,13.00,0.73,0.42,1.11,0.00,0.26,0.09,0.00,0.58,0.00,0.00,0,0,,13,0.68,37,5,0.28,49,8,0.45,33,1,1,18,75,0.00,99,0,26,1.45,89,70,87,3.91,85,0,0.00,99,0,0.00,0,0,0.00,0,1.67,85,21,1.17,54,9,0.50,42.86,0,0.00,0,0,0,0.00,0,19,0.00,57,1.06,31,N/A,N/A,N/A,N/A,0.00,0,0.00,0,1.72,0.00,0,83.96,38.46,73,62,0.47,0.50,9,51,42,0,0,0,0.26,0.28,5,55,132.61,2.63,2.79,50,0,0.00,0.00,99,0.00,0,0,0,0.00,0.00,0,0.00,0.00,0.22,0.21,4,0,7.69,57,87,74,97,57,3.58,79,0.19,0.20,1.72,50,0.09,0.10,37,13,0.68,0.73,1.17,1.11,49,21,0.10,48,81,72,75,0,81,33,0,0.00,99,11,0.00,0.61,6.87,6.47,123,68,36,26,3.80,3.58,55.28,3,0.17,79,0,37.14,0,0.00,99,26,1.37,1.45,93,84,36,35,0,0,0,0,0,55,52,65,60,0,67,91,46,71,4,21,76,2,N/A,N/A
Matheus Henrique,28,882518400,1997/12/19,Serie A,2026,Midfielder,Cruzeiro,1048,594,454,Brazil,21,12,9,0,0,0,1,1,0,0,0,5,3,2,15,6,9,3,0,0.09,0.09,0,0,0,0,1.29,70,50,349,1048,0.26,273,156,-1,29,1650000,6.34,0.05,63,50.24,27.86,81,585,25.10,527,90,45.26,83,0.00,0.00,0.52,11,0.00,0.24,1.89,1.05,22,0.00,0.33,0.00,0.00,0.00,0.57,0.14,0.81,0.00,0.94,0.48,0.48,0.00,0.05,0.03,0.00,0.38,0.00,0.00,0,0,,11,0.52,47,1,0.09,22,10,0.86,58,2,11,10,72,0.00,99,0,12,1.03,65,5,49,0.43,39,0,0.00,99,0,0.00,0,0,0.00,0,0.94,55,10,0.86,43,3,0.26,30.00,0,0.00,0,0,0,0.00,0,17,0.00,35,1.46,64,N/A,N/A,N/A,N/A,0.00,0,0.00,0,0.57,0.00,0,90.09,9.09,19,8,0.71,1.29,15,30,22,0,0,0,0.43,0.77,9,89,133.15,0.67,1.20,14,1,0.00,0.09,3,0.05,0,0,0,0.00,0.00,0,0.00,0.00,0.00,0.00,0,0,0.00,45,51,90,46,35,2.07,72,0.10,0.18,0.57,31,0.03,0.05,84,23,1.10,1.98,1.46,0.81,63,17,0.05,30,13,43,75,0,47,40,0,0.00,99,8,0.00,0.69,8.85,4.90,103,53,52,51,4.55,2.52,51.46,7,0.60,50,0,20.00,0,0.00,99,1,0.05,0.09,36,43,97,56,0,0,0,0,0,39,46,65,59,0,86,51,51,66,3,14,57,8,N/A,N/A
Matheus Martinelli,25,989478000,2001/05/10,Serie A,2026,Midfielder,Fluminense,1371,843,528,Brazil,17,10,7,0,0,0,2,2,0,0,0,4,3,1,14,9,5,4,0,0.13,0.13,0,0,0,0,0.92,98,81,343,686,0.26,318,112,-1,29,1600000,7.05,0.12,74,69.37,62.12,98,1056,57.12,971,97,63.79,98,0.00,0.00,0.94,16,0.00,0.00,1.18,1.06,18,0.00,0.35,0.00,0.00,0.00,0.88,0.82,0.82,0.00,1.12,0.65,1.12,0.00,0.35,0.08,0.00,0.41,0.00,0.00,0,0,,17,1.00,53,6,0.39,60,11,0.72,50,1,0,17,42,0.00,99,0,15,0.99,62,0,30,0.00,16,0,0.00,99,0,0.00,0,0,0.00,0,1.05,61,19,1.25,56,14,0.92,73.68,0,0.00,0,0,0,0.00,0,14,0.00,76,0.92,16,N/A,N/A,N/A,N/A,0.00,0,0.00,0,1.38,0.00,0,91.95,35.29,66,53,0.53,0.59,9,73,87,0,0,0,0.29,0.33,5,60,119.86,1.35,1.51,23,0,0.00,0.00,99,0.00,0,0,0,0.00,0.00,0,0.00,0.00,0.00,0.00,0,0,0.00,45,73,61,46,76,3.64,87,0.21,0.24,1.38,46,0.08,0.09,29,9,0.53,0.59,1.58,1.41,71,24,0.09,44,88,53,75,0,47,24,0,0.00,99,7,0.00,0.46,6.57,5.88,100,48,21,21,3.15,2.82,48.00,6,0.39,66,0,0.00,0,0.00,99,0,0.00,0.00,30,80,23,35,0,0,0,0,0,47,46,65,59,0,85,51,49,66,4,24,82,8,N/A,N/A
Matheus Martins Fogaça de Paula,28,877158000,1997/10/18,Serie A,2026,Midfielder,Vitória,1368,748,620,Brazil,22,11,11,3,2,1,1,0,1,0,0,8,7,1,19,6,13,4,0,0.26,0.07,0.2,0.24,0.15,456,1.25,72,62,342,1368,0.26,104,180,-1,3,350000,6.87,0.05,59,27.04,18.68,25,411,15.77,347,55,22.83,28,0.00,0.00,0.91,20,0.00,2.23,0.72,0.50,11,0.00,1.23,0.00,0.00,0.00,0.50,0.82,0.86,10.33,2.04,0.73,1.36,0.00,0.68,0.21,0.00,0.45,0.00,0.00,0,0,,31,1.41,76,15,0.99,91,16,1.05,67,2,3,19,19,0.00,99,0,11,0.72,47,49,59,3.22,79,0,0.00,99,0,0.00,0,0,0.00,0,1.32,76,30,1.97,75,18,1.18,60.00,0,0.00,0,0,0,0.00,0,19,0.00,39,1.25,50,N/A,N/A,N/A,N/A,0.00,0,0.00,0,4.62,0.00,0,84.43,48.39,86,59,0.36,0.53,8,81,72,2,0,0,0.00,0.00,0,24,151.24,0.32,0.46,7,0,0.00,0.00,99,0.00,0,2,0,0.00,0.00,0,0.00,0.00,0.07,0.05,1,1,9.68,63,72,94,70,39,2.04,51,0.09,0.13,3.22,71,0.15,0.21,89,34,1.55,2.24,0.72,0.50,22,11,0.30,80,65,12,75,0,57,38,0,0.00,99,10,0.00,0.66,9.08,6.27,138,72,61,56,4.74,3.27,52.17,27,1.78,7,0,24.49,0,0.00,99,12,0.55,0.79,82,88,56,56,0,0,0,0,0,70,78,73,78,0,40,80,49,66,4,18,67,10,N/A,N/A
Matheus Martins Silva dos Santos,23,1058338800,2003/07/16,Serie A,2026,Forward,Botafogo,1125,436,689,Brazil,20,9,11,4,1,3,0,0,0,0,0,3,2,1,17,6,11,2,0,0.32,0,0.32,0.21,0.39,281,1.36,66,56,563,0,0.16,49,243,-1,4,0,6.86,0,48,30.88,19.30,33,386,16.05,321,47,25.68,37,0.00,0.00,0.75,15,0.00,0.90,1.76,1.10,22,0.00,1.05,0.00,0.00,0.00,0.25,0.95,1.00,9.25,2.96,0.90,2.60,0.00,0.95,0.29,0.00,0.20,0.00,0.00,0,0,,37,1.85,94,19,1.52,98,18,1.44,81,6,7,13,67,0.00,99,0,5,0.40,27,18,54,1.44,58,0,0.00,99,0,0.00,0,0,0.00,0,1.20,69,52,4.16,95,19,1.52,36.54,0,0.00,0,0,0,0.00,0,20,0.00,30,1.60,74,N/A,N/A,N/A,N/A,0.00,0,0.00,0,5.87,0.00,0,83.16,51.35,92,64,0.30,0.48,6,88,29,0,0,0,0.10,0.16,2,42,137.20,0.55,0.88,11,0,0.00,0.00,99,0.00,0,0,1,0.05,0.08,0,0.00,0.00,0.00,0.00,0,0,10.81,67,55,82,57,30,1.12,32,0.06,0.09,5.87,96,0.29,0.47,82,24,1.20,1.92,0.80,0.50,24,10,0.47,95,63,31,85,0,47,14,0,0.00,99,4,0.00,0.32,11.84,7.40,148,69,76,84,5.52,3.45,46.62,21,1.68,7,0,22.22,0,0.00,99,4,0.20,0.32,58,58,85,97,0,1,0,5,0,77,89,92,73,0,21,30,77,40,2,10,42,11,0,0
Matheus Nascimento de Paula,22,1078300800,2004/03/03,Serie A,2026,Forward,Grêmio,0,0,0,Brazil,0,0,0,0,0,0,0,0,0,0,0,0,0,0,0,0,0,0,0,0,0,0,0,0,0,0,0,0,0,0,0,-1,-1,-1,-1,N/A,N/A,N/A,N/A,N/A,N/A,N/A,N/A,N/A,N/A,N/A,N/A,N/A,N/A,N/A,N/A,N/A,N/A,N/A,N/A,N/A,N/A,N/A,N/A,N/A,N/A,N/A,N/A,N/A,N/A,N/A,N/A,N/A,N/A,N/A,N/A,N/A,N/A,N/A,N/A,N/A,N/A,N/A,N/A,N/A,N/A,N/A,N/A,N/A,N/A,N/A,N/A,N/A,N/A,N/A,N/A,N/A,N/A,N/A,N/A,N/A,N/A,N/A,N/A,N/A,N/A,N/A,N/A,N/A,N/A,N/A,N/A,N/A,N/A,N/A,N/A,N/A,N/A,N/A,N/A,N/A,N/A,N/A,N/A,N/A,N/A,N/A,N/A,N/A,N/A,N/A,N/A,N/A,N/A,N/A,N/A,N/A,N/A,N/A,N/A,N/A,N/A,N/A,N/A,N/A,N/A,N/A,N/A,N/A,N/A,N/A,N/A,N/A,N/A,N/A,N/A,N/A,N/A,N/A,N/A,N/A,N/A,N/A,N/A,N/A,N/A,N/A,N/A,N/A,N/A,N/A,N/A,N/A,N/A,N/A,N/A,N/A,N/A,N/A,N/A,N/A,N/A,N/A,N/A,N/A,N/A,N/A,N/A,N/A,N/A,N/A,N/A,N/A,N/A,N/A,N/A,N/A,N/A,N/A,N/A,N/A,N/A,N/A,N/A,N/A,N/A,N/A,N/A,N/A,N/A,N/A,N/A,N/A,N/A,N/A,N/A,N/A,N/A,N/A,N/A,N/A,N/A,N/A,N/A,N/A,N/A,N/A,N/A,N/A,N/A,N/A,N/A,N/A,N/A,N/A,N/A,N/A,N/A,N/A,N/A,N/A,N/A,N/A,N/A,N/A,N/A,N/A,N/A,N/A,N/A,N/A,N/A,N/A,N/A,N/A,N/A,N/A,N/A,N/A,N/A,N/A,N/A,N/A,N/A
Matheus Pereira da Silva,28,888393600,1998/02/25,Serie A,2026,Midfielder,Corinthians,605,252,353,Brazil,16,8,8,0,0,0,0,0,0,0,0,7,4,3,5,1,4,2,0,0,0,0,0,0,0,0.74,121,38,303,0,0.3,419,420,-1,25,0,5.84,0,48,62.33,26.19,95,419,22.12,354,56,52.66,94,0.00,0.00,0.44,7,0.00,0.75,1.79,0.75,12,0.00,0.25,0.00,0.00,0.00,0.19,0.00,0.31,0.00,1.19,0.44,0.19,0.00,0.06,0.03,0.00,0.19,0.00,0.00,0,0,,8,0.50,55,1,0.15,32,7,1.04,66,1,10,6,69,0.00,99,0,3,0.45,30,12,41,1.79,62,0,0.00,99,0,0.00,0,0,0.00,0,1.04,61,3,0.45,27,0,0.00,0.00,0,0.00,0,0,0,0.00,0,5,0.00,90,0.74,6,N/A,N/A,N/A,N/A,0.00,0,0.00,0,0.44,0.00,0,84.49,12.50,22,69,0.19,0.45,3,13,13,0,0,0,0.12,0.30,2,57,93.39,0.75,1.79,12,0,0.00,0.00,99,0.00,0,0,0,0.00,0.00,0,0.00,0.00,0.00,0.00,0,0,0.00,45,20,50,46,90,1.00,60,0.06,0.15,0.44,39,0.03,0.07,21,3,0.19,0.45,1.93,0.81,87,13,0.07,38,3,56,75,0,47,23,0,0.00,99,3,0.00,0.45,6.40,2.69,43,17,11,19,2.53,1.06,39.53,4,0.60,50,0,16.67,0,0.00,99,2,0.12,0.30,57,21,96,35,0,0,0,0,0,28,46,65,59,0,21,94,41,75,2,12,49,23,0,0
Matheus Silva Duarte,27,907743600,1998/10/07,Serie A,2026,Defender,Vitória,150,103,47,Brazil,4,2,2,0,0,0,0,0,0,0,0,2,1,1,2,0,2,0,0,0,0,0,0,0,0,1.2,75,38,0,0,0,-1,-1,-1,34,180000,4.99,0,48,30.00,12.50,30,50,9.00,36,11,21.60,24,0.00,0.00,0.25,1,0.00,1.25,2.40,1.00,4,0.00,0.00,0.00,0.00,0.00,0.50,0.25,0.75,0.00,1.20,0.50,0.75,0.00,0.00,0.03,0.00,0.50,0.00,0.00,0,0,,2,0.50,56,0,0.00,17,2,1.20,73,0,3,1,87,0.00,99,0,2,1.20,77,5,49,3.00,76,0,0.00,99,0,0.00,0,0,0.00,0,0.60,38,3,1.80,71,1,0.60,33.33,0,0.00,0,0,0,0.00,0,3,0.00,44,1.80,84,N/A,N/A,N/A,N/A,0.00,0,0.00,0,0.10,0.00,0,72.00,0.00,17,99,0.00,0.00,0,57,27,0,0,0,0.00,0.00,0,24,19.96,1.50,3.60,6,0,0.00,0.00,99,0.00,0,0,0,0.00,0.00,0,0.00,0.00,0.00,0.00,0,0,0.00,45,0,0,46,44,0.12,16,0.03,0.07,0.10,35,0.03,0.06,99,6,1.50,3.60,1.20,0.50,50,2,0.06,34,0,78,75,0,47,64,0,0.00,99,2,0.00,1.20,10.80,4.50,18,11,92,74,6.60,2.75,61.11,0,0.00,99,0,20.00,0,0.00,99,1,0.25,0.60,73,0,56,12,0,0,0,0,0,28,46,65,59,0,28,98,15,15,0,0,16,98,N/A,N/A
Matheus Soares Rocha,21,1105344000,2005/01/10,Serie A,2026,Goalkeeper,Atlético PR,0,0,0,Brazil,0,0,0,0,0,0,0,0,0,0,0,0,0,0,0,0,0,0,0,0,0,0,0,0,0,0,0,0,0,0,0,-1,-1,-1,-1,N/A,N/A,N/A,N/A,N/A,N/A,N/A,N/A,N/A,N/A,N/A,N/A,N/A,N/A,N/A,N/A,N/A,N/A,N/A,N/A,N/A,N/A,N/A,N/A,N/A,N/A,N/A,N/A,N/A,N/A,N/A,N/A,N/A,N/A,N/A,N/A,N/A,N/A,N/A,N/A,N/A,N/A,N/A,N/A,N/A,N/A,N/A,N/A,N/A,N/A,N/A,N/A,N/A,N/A,N/A,N/A,N/A,N/A,N/A,N/A,N/A,N/A,N/A,N/A,N/A,N/A,N/A,N/A,N/A,N/A,N/A,N/A,N/A,N/A,N/A,N/A,N/A,N/A,N/A,N/A,N/A,N/A,N/A,N/A,N/A,N/A,N/A,N/A,N/A,N/A,N/A,N/A,N/A,N/A,N/A,N/A,N/A,N/A,N/A,N/A,N/A,N/A,N/A,N/A,N/A,N/A,N/A,N/A,N/A,N/A,N/A,N/A,N/A,N/A,N/A,N/A,N/A,N/A,N/A,N/A,N/A,N/A,N/A,N/A,N/A,N/A,N/A,N/A,N/A,N/A,N/A,N/A,N/A,N/A,N/A,N/A,N/A,N/A,N/A,N/A,N/A,N/A,N/A,N/A,N/A,N/A,N/A,N/A,N/A,N/A,N/A,N/A,N/A,N/A,N/A,N/A,N/A,N/A,N/A,N/A,N/A,N/A,N/A,N/A,N/A,N/A,N/A,N/A,N/A,N/A,N/A,N/A,N/A,N/A,N/A,N/A,N/A,N/A,N/A,N/A,N/A,N/A,N/A,N/A,N/A,N/A,N/A,N/A,N/A,N/A,N/A,N/A,N/A,N/A,N/A,N/A,N/A,N/A,N/A,N/A,N/A,N/A,N/A,N/A,N/A,N/A,N/A,N/A,N/A,N/A,N/A,N/A,N/A,N/A,N/A,N/A,N/A,N/A,N/A,N/A,N/A,N/A,N/A,N/A
Mathías Adalberto Villasanti Rolón,29,854092800,1997/01/24,Serie A,2026,Midfielder,Grêmio,316,180,136,Paraguay,4,2,2,0,0,0,0,0,0,0,0,0,0,0,4,2,2,1,0,0,0,0,0,0,0,1.14,79,79,316,0,0.28,278,231,-1,21,0,6.75,0,48,47.56,41.75,77,167,37.75,151,90,43.01,80,0.00,0.00,0.00,0,0.00,0.25,1.71,1.50,6,0.00,0.75,0.00,0.00,0.00,1.00,0.50,1.25,0.00,0.85,0.25,0.75,0.00,0.50,0.09,0.00,0.50,0.00,0.00,0,0,,3,0.75,44,2,0.57,71,1,0.28,18,1,0,4,64,0.00,99,0,4,1.14,73,1,30,0.28,30,0,0.00,99,0,0.00,0,0,0.00,0,0.00,8,3,0.85,43,2,0.57,66.67,0,0.00,0,0,0,0.00,0,5,0.00,50,1.42,61,N/A,N/A,N/A,N/A,0.00,0,0.00,0,0.34,0.00,0,90.42,66.67,99,2,1.50,1.71,6,55,83,0,0,0,0.50,0.57,2,80,27.00,0.50,0.57,2,0,0.00,0.00,99,0.00,0,0,1,0.25,0.28,0,0.00,0.00,0.00,0.00,0,0,0.00,45,0,0,46,50,0.33,32,0.08,0.09,0.34,50,0.09,0.10,67,5,1.25,1.42,0.57,0.50,17,2,0.10,48,48,19,99,0,47,31,0,0.00,99,2,0.00,0.57,7.69,6.75,27,15,46,38,4.27,3.75,55.56,3,0.85,38,0,0.00,0,0.00,99,0,0.00,0.00,30,8,23,35,0,0,0,0,0,28,46,65,59,0,21,5,44,71,1,25,85,20,0,0
Mauricio,25,993193200,2001/06/22,Serie A,2026,Midfielder,Palmeiras,1311,770,541,Brazil,21,10,11,6,2,4,1,1,0,0,0,7,2,5,13,7,6,2,0,0.48,0.07,0.41,0.23,0.67,219,0.89,101,62,656,1311,0.14,28,171,-1,2,1500000,6.96,0.05,59,33.64,23.33,42,490,19.86,417,59,28.63,45,0.00,0.00,0.62,13,0.00,0.57,0.96,0.67,14,0.00,0.38,0.00,0.00,0.00,0.52,0.24,0.71,5.29,2.54,1.00,0.48,0.00,0.76,0.34,0.00,0.48,0.00,0.00,0,0,,37,1.76,88,16,1.10,93,21,1.44,81,5,5,16,31,0.00,99,0,11,0.76,49,12,32,0.82,49,0,0.00,99,0,0.00,0,0,0.00,0,0.89,53,10,0.69,37,5,0.34,50.00,0,0.00,0,0,0,0.00,0,15,0.00,78,1.03,28,N/A,N/A,N/A,N/A,0.00,0,0.00,0,7.16,0.00,0,85.10,43.24,83,64,0.33,0.48,7,37,59,0,0,0,0.05,0.07,1,27,146.18,0.52,0.76,11,0,0.00,0.00,99,0.00,0,0,0,0.00,0.00,0,0.00,0.00,0.14,0.10,2,0,18.92,88,69,90,52,78,2.12,60,0.10,0.15,7.16,96,0.34,0.49,63,19,0.90,1.30,1.03,0.71,37,15,0.49,96,79,26,75,0,72,40,0,0.00,99,10,0.00,0.69,6.18,4.29,90,46,22,17,3.16,2.19,51.11,8,0.55,54,0,8.33,0,0.00,99,1,0.05,0.07,34,76,74,91,0,1,0,5,0,87,94,98,76,0,82,75,81,35,2,10,42,18,N/A,N/A
Mauricio Garcez,29,858499200,1997/03/16,Serie A,2026,Forward,Chapecoense,463,182,281,Brazil,9,4,5,0,0,0,0,0,0,0,0,1,1,0,11,5,6,0,0,0,0,0,0,0,0,2.14,42,51,0,0,0,293,260,-1,30,249600,6.72,0,48,15.55,8.89,5,80,6.00,54,4,10.50,4,0.00,0.00,1.00,9,0.00,0.22,1.17,0.67,6,0.00,0.22,0.00,0.00,0.00,0.00,0.56,1.22,0.00,1.56,0.67,1.33,0.00,0.22,0.05,0.00,1.33,0.00,0.00,0,0,,8,0.89,67,2,0.39,60,6,1.17,73,0,6,3,42,0.00,99,0,0,0.00,10,2,99,0.39,37,0,0.00,99,0,0.00,0,0,0.00,0,1.75,87,12,2.33,81,5,0.97,41.67,0,0.00,0,0,0,0.00,0,11,0.00,1,2.14,91,N/A,N/A,N/A,N/A,0.00,0,0.00,0,0.48,0.00,0,67.50,25.00,41,88,0.11,0.19,1,75,38,0,0,0,0.00,0.00,0,24,60.46,0.56,0.97,5,0,0.00,0.00,99,0.00,0,0,0,0.00,0.00,0,0.00,0.00,0.19,0.11,1,0,0.00,45,8,12,46,1,0.40,22,0.04,0.08,0.48,46,0.05,0.09,78,9,1.00,1.75,1.17,0.67,49,6,0.09,44,43,36,75,0,79,89,0,0.00,99,12,0.00,2.33,12.25,7.00,63,32,89,86,6.22,3.56,50.79,2,0.39,66,0,100.00,0,0.00,99,2,0.22,0.39,63,3,79,12,0,0,0,0,0,28,46,65,59,0,32,23,15,15,0,0,16,31,N/A,N/A
Max Alves da Silva,25,989650800,2001/05/12,Serie A,2026,Midfielder,Chapecoense,128,0,128,Brazil,2,0,2,0,0,0,0,0,0,0,0,0,0,0,3,0,3,0,0,0,0,0,0,0,0,2.11,43,64,0,0,0,-1,-1,-1,22,0,6.50,0,48,27.42,19.50,25,39,17.50,35,88,24.61,32,0.00,0.00,0.00,0,0.00,1.00,0.70,0.50,1,0.00,0.50,0.00,0.00,0.00,1.00,0.00,1.50,0.00,0.00,0.00,0.50,0.00,0.00,0.00,0.00,0.00,0.00,0.00,0,0,,0,0.00,7,0,0.00,17,0,0.00,7,1,0,2,18,0.00,99,0,2,1.41,87,2,30,1.41,57,0,0.00,99,0,0.00,0,0,0.00,0,0.00,8,1,0.70,37,0,0.00,0.00,0,0.00,0,0,0,0.00,0,3,0.00,1,2.11,90,N/A,N/A,N/A,N/A,0.00,0,0.00,0,0.00,0.00,0,89.74,0.00,17,43,0.50,0.70,1,13,13,0,0,0,0.50,0.70,1,85,13.00,1.00,1.41,2,0,0.00,0.00,99,0.00,0,0,0,0.00,0.00,0,0.00,0.00,0.00,0.00,0,0,0.00,45,0,0,46,2,0.07,10,0.04,0.05,0.00,7,0.00,0.00,35,1,0.50,0.70,1.41,1.00,59,2,0.00,7,19,50,75,0,47,2,0,0.00,99,0,0.00,0.00,4.92,3.50,7,2,7,10,1.41,1.00,28.57,1,0.70,45,0,0.00,0,0.00,99,0,0.00,0.00,30,1,23,35,0,0,0,0,0,28,46,65,59,0,21,5,15,15,0,0,16,22,0,0
Maycon,29,868950000,1997/07/15,Serie A,2026,Midfielder,Atlético Mineiro,1064,530,534,Brazil,14,7,7,2,1,1,0,0,0,0,0,1,1,0,17,9,8,0,0,0.17,0,0.17,0.17,0.17,532,1.44,63,76,0,0,0,134,331,-1,9,1900000,6.79,0,48,43.39,36.64,68,513,32.79,459,87,38.83,73,0.00,0.00,1.14,16,0.00,1.71,0.93,0.79,11,0.00,0.71,0.00,0.00,0.00,1.00,0.14,1.36,5.00,0.85,0.50,0.21,0.00,0.21,0.13,0.00,0.21,0.00,0.00,0,0,,10,0.71,44,3,0.25,45,7,0.59,43,5,1,13,30,0.00,99,0,14,1.18,76,24,73,2.03,65,0,0.00,99,0,0.00,0,0,0.00,0,1.35,77,3,0.25,18,2,0.17,66.67,0,0.00,0,0,0,0.00,0,19,0.00,24,1.61,74,N/A,N/A,N/A,N/A,0.00,0,0.00,0,1.88,0.00,0,89.47,30.00,50,53,0.50,0.59,7,23,83,2,0,0,0.14,0.17,2,43,95.11,2.14,2.54,30,0,0.00,0.00,99,0.00,0,2,0,0.00,0.00,0,0.00,0.00,0.00,0.00,0,0,20.00,91,53,34,76,26,1.79,60,0.13,0.15,0.48,26,0.03,0.04,24,6,0.43,0.51,0.85,0.71,27,10,0.16,61,53,67,75,0,47,10,0,0.00,99,3,0.00,0.25,4.40,3.71,52,22,8,8,1.86,1.57,42.31,10,0.85,38,0,29.17,0,0.00,99,7,0.50,0.59,73,58,36,91,0,0,0,0,0,55,71,75,70,0,89,12,15,15,0,0,16,8,N/A,N/A
Mayke,33,721382400,1992/11/10,Serie A,2026,Defender,Santos,220,130,90,Brazil,3,2,1,0,0,0,0,0,0,0,0,0,0,0,6,4,2,1,0,0,0,0,0,0,0,2.45,37,73,220,0,0.41,-1,-1,-1,20,1344000,6.39,0,48,38.45,31.33,56,94,26.67,80,59,32.73,57,0.00,0.00,0.00,0,0.00,1.33,0.82,0.67,2,0.00,0.33,0.00,0.00,0.00,0.33,1.00,2.00,0.00,0.41,0.00,1.00,0.00,0.33,0.05,0.00,0.67,0.00,0.00,0,0,,1,0.33,17,1,0.41,62,0,0.00,7,2,0,3,22,0.00,99,0,1,0.41,28,4,62,1.64,60,0,0.00,99,0,0.00,0,0,0.00,0,0.00,8,3,1.23,55,3,1.23,100.00,0,0.00,0,0,0,0.00,0,6,0.00,0,2.45,93,N/A,N/A,N/A,N/A,0.00,0,0.00,0,0.15,0.00,0,85.11,100.00,99,33,0.67,0.82,2,82,99,0,0,0,0.00,0.00,0,24,19.17,2.67,3.27,8,0,0.00,0.00,99,0.00,0,0,0,0.00,0.00,0,0.00,0.00,0.00,0.00,0,0,0.00,45,0,0,46,0,0.14,14,0.05,0.06,0.15,35,0.05,0.06,75,4,1.33,1.64,1.64,1.33,73,4,0.06,34,14,77,75,0,47,45,0,0.00,99,2,0.00,0.82,9.00,7.33,22,10,41,54,4.09,3.33,45.45,1,0.41,64,0,25.00,0,0.00,99,1,0.33,0.41,63,3,23,56,0,0,0,0,0,28,46,65,59,0,80,5,29,87,1,33,94,12,N/A,N/A
Mayksilvan da Silva Ferreira,26,936082800,1999/08/31,Serie A,2026,Defender,Remo,1247,623,624,Brazil,14,7,7,0,0,0,1,1,0,0,0,3,2,1,21,7,14,0,0,0.07,0.07,0,0,0,0,1.52,59,89,0,1247,0,282,172,151,14,0,6.61,0.07,59,35.36,35.00,48,490,26.14,366,14,26.42,38,0.00,0.00,0.71,10,0.00,3.21,0.87,0.86,12,0.00,0.14,0.00,0.00,0.00,1.29,0.21,1.50,0.00,0.22,0.14,0.71,0.00,0.07,0.01,0.00,1.14,0.00,0.00,0,0,,3,0.21,10,1,0.07,20,2,0.14,10,5,0,14,24,0.00,99,0,18,1.30,85,45,58,3.25,79,0,0.00,99,0,0.00,0,0,0.00,0,0.72,43,10,0.72,39,3,0.22,30.00,0,0.00,0,0,0,0.00,0,21,0.00,19,1.52,70,N/A,N/A,N/A,N/A,0.00,0,0.00,0,0.21,0.00,0,74.69,33.33,62,46,0.64,0.65,9,26,22,0,0,0,0.29,0.29,4,56,92.52,2.57,2.60,36,0,0.00,0.00,99,0.00,0,0,0,0.00,0.00,0,0.00,0.00,0.00,0.00,0,0,0.00,45,63,34,46,19,1.78,51,0.13,0.13,0.21,16,0.01,0.02,24,7,0.50,0.51,0.29,0.29,8,4,0.02,15,26,68,75,0,47,61,0,0.00,99,16,0.00,1.15,5.34,5.29,74,38,13,11,2.74,2.71,51.35,2,0.14,82,0,24.44,0,0.00,99,11,0.79,0.79,82,64,23,91,0,0,0,0,0,35,46,65,59,0,21,44,15,15,0,0,16,98,0,0
Memphis Depay,32,761126400,1994/02/13,Serie A,2026,Forward,Corinthians,509,281,228,Netherlands,9,5,4,1,0,1,0,0,0,0,0,3,2,1,7,5,2,0,0,0.18,0,0.18,0,0.39,509,1.24,73,57,0,0,0,121,409,-1,15,5568000,6.71,0,48,32.89,20.67,41,186,16.89,152,37,26.88,39,0.00,0.00,1.00,9,0.00,2.33,0.00,0.00,0,0.00,1.67,0.00,0.00,0.00,0.00,0.56,0.78,8.00,1.41,0.56,1.33,0.00,0.33,0.14,0.00,0.22,0.00,0.00,0,0,,8,0.89,63,3,0.53,69,5,0.88,59,2,3,6,5,0.00,99,0,0,0.00,10,21,72,3.71,83,0,0.00,99,0,0.00,0,0,0.00,0,1.59,82,12,2.12,77,5,0.88,41.67,0,0.00,0,0,0,0.00,0,7,0.00,40,1.24,49,N/A,N/A,N/A,N/A,0.00,0,0.00,0,1.25,0.00,0,81.72,37.50,72,99,0.00,0.00,0,71,38,0,0,0,0.00,0.00,0,24,60.43,0.11,0.18,1,0,0.00,0.00,99,0.00,0,0,0,0.00,0.00,0,0.00,0.00,0.35,0.22,2,0,12.50,76,12,12,74,40,0.66,45,0.07,0.12,1.25,72,0.14,0.22,67,8,0.89,1.41,0.88,0.56,28,5,0.22,70,41,2,75,0,87,15,0,0.00,99,2,0.00,0.35,8.13,5.11,46,15,12,41,2.65,1.67,32.61,15,2.65,0,0,28.57,0,0.00,99,6,0.67,1.06,87,21,56,56,0,0,0,0,0,57,74,92,59,0,99,75,15,15,0,0,16,10,N/A,N/A
Michael Nicolás Ferreira Berrondo,24,1013068800,2002/02/07,Serie A,2026,Forward,Remo,20,20,0,Uruguay,1,1,0,0,0,0,0,0,0,0,0,0,0,0,0,0,0,0,0,0,0,0,0,0,0,0,0,20,0,0,0,-1,-1,-1,16,234000,6.69,0,48,22.50,5.00,15,5,4.00,4,30,18.00,18,0.00,0.00,0.00,0,0.00,2.00,0.00,0.00,0,0.00,0.00,0.00,0.00,0.00,0.00,1.00,0.00,0.00,4.50,1.00,1.00,0.00,0.00,0.04,0.00,1.00,0.00,0.00,0,0,,1,1.00,99,0,0.00,17,1,4.50,99,0,1,0,5,0.00,99,0,0,0.00,10,2,30,9.00,99,0,0.00,99,0,0.00,0,0,0.00,0,0.00,8,1,4.50,96,1,4.50,100.00,0,0.00,0,0,0,0.00,0,0,0.00,99,0.00,0,N/A,N/A,N/A,N/A,0.00,0,0.00,0,0.04,0.00,0,80.00,0.00,17,99,0.00,0.00,0,99,99,0,0,0,0.00,0.00,0,24,6.69,0.00,0.00,0,0,0.00,0.00,99,0.00,0,0,0,0.00,0.00,0,0.00,0.00,0.00,0.00,0,0,0.00,45,0,0,46,0,0.01,6,0.01,0.04,0.04,66,0.04,0.18,1,0,0.00,0.00,9.00,2.00,99,2,0.18,64,38,0,75,0,47,99,0,0.00,99,1,0.00,4.50,13.50,3.00,3,2,99,92,9.00,2.00,66.67,0,0.00,99,0,0.00,0,0.00,99,0,0.00,0.00,30,0,36,12,0,0,0,0,0,28,46,65,59,0,31,5,15,15,0,0,16,25,N/A,N/A
Michel Daryl Araújo Villar,29,843894000,1996/09/28,Serie A,2026,Forward,Bahia,303,154,149,Uruguay,16,7,9,0,0,0,1,0,1,0,0,6,3,3,6,4,2,2,1,0.3,0.3,0,0,0,0,1.78,51,19,152,303,0.59,433,22,-1,23,400000,6.50,0.06,96,48.00,10.00,78,160,8.25,132,42,39.60,74,0.00,0.00,0.25,4,0.00,0.31,3.90,0.81,13,0.00,0.38,0.00,0.00,0.00,0.12,0.44,0.38,0.00,2.10,0.31,1.12,0.00,0.12,0.03,0.00,0.44,0.00,0.00,0,0,,7,0.44,78,2,0.60,72,5,1.50,84,2,15,1,99,0.00,99,0,2,0.60,41,5,49,1.50,59,0,0.00,99,0,0.00,0,0,0.00,0,1.20,69,18,5.40,98,7,2.10,38.89,0,0.00,0,0,0,0.00,0,6,0.00,8,1.80,84,N/A,N/A,N/A,N/A,0.00,0,0.00,0,0.45,0.00,0,82.50,28.57,47,28,0.19,0.90,3,95,34,0,0,0,0.06,0.30,1,57,104.00,0.44,2.10,7,0,0.00,0.00,99,0.00,0,0,0,0.00,0.00,0,0.00,0.00,0.90,0.19,3,0,0.00,45,0,50,46,8,1.01,94,0.06,0.30,0.45,59,0.03,0.14,80,6,0.38,1.80,3.30,0.69,99,11,0.14,58,19,61,75,0,98,85,0,0.00,99,7,0.00,2.10,21.00,4.38,70,33,99,99,9.90,2.06,47.14,6,1.80,6,0,20.00,0,0.00,99,1,0.06,0.30,57,0,99,56,0,0,0,0,0,75,46,65,59,0,43,85,19,96,1,6,29,15,N/A,N/A
Miguel Ángel Terceros,22,1082876400,2004/04/25,Serie A,2026,Midfielder,Santos,493,138,355,Bolivia,9,4,5,1,1,0,2,1,1,0,0,1,1,0,11,1,10,1,0,0.55,0.37,0.18,0.65,0,493,2.01,45,55,493,247,0.18,119,12,-1,9,480000,6.15,0.22,97,35.85,20.67,50,186,17.89,161,71,31.03,53,0.00,0.00,1.44,13,0.00,2.56,3.28,1.89,17,0.00,1.22,0.00,0.00,0.00,0.56,0.78,1.22,11.00,2.12,0.89,2.00,0.00,0.33,0.15,0.00,0.33,0.00,0.00,0,0,,11,1.22,79,3,0.58,72,8,1.54,85,3,3,6,97,0.00,99,0,5,0.96,61,23,51,4.43,90,0,0.00,99,0,0.00,0,0,0.00,0,2.51,95,18,3.47,91,7,1.35,38.89,0,0.00,0,0,0,0.00,0,11,0.00,3,2.12,90,N/A,N/A,N/A,N/A,0.00,0,0.00,0,1.34,0.00,0,86.56,27.27,44,22,0.56,0.96,5,85,34,0,0,0,0.11,0.19,1,47,55.38,0.11,0.19,1,0,0.00,0.00,99,0.00,0,0,1,0.11,0.19,0,0.00,0.00,0.00,0.00,0,0,9.09,62,11,12,73,3,1.99,98,0.22,0.38,1.34,77,0.15,0.26,65,7,0.78,1.35,1.73,1.00,79,9,0.26,76,6,3,97,0,47,32,0,0.00,99,3,0.00,0.58,14.07,8.11,73,31,85,94,5.97,3.44,42.47,11,2.12,4,0,21.74,0,0.00,99,5,0.56,0.96,85,21,56,72,0,0,0,0,0,92,74,65,98,0,48,23,70,45,1,11,45,30,N/A,N/A
Miguel Carvallho Vianna,21,1110355200,2005/03/09,Serie A,2026,Midfielder,Chapecoense,0,0,0,Brazil,0,0,0,0,0,0,0,0,0,0,0,0,0,0,0,0,0,0,0,0,0,0,0,0,0,0,0,0,0,0,0,-1,-1,-1,-1,N/A,N/A,N/A,N/A,N/A,N/A,N/A,N/A,N/A,N/A,N/A,N/A,N/A,N/A,N/A,N/A,N/A,N/A,N/A,N/A,N/A,N/A,N/A,N/A,N/A,N/A,N/A,N/A,N/A,N/A,N/A,N/A,N/A,N/A,N/A,N/A,N/A,N/A,N/A,N/A,N/A,N/A,N/A,N/A,N/A,N/A,N/A,N/A,N/A,N/A,N/A,N/A,N/A,N/A,N/A,N/A,N/A,N/A,N/A,N/A,N/A,N/A,N/A,N/A,N/A,N/A,N/A,N/A,N/A,N/A,N/A,N/A,N/A,N/A,N/A,N/A,N/A,N/A,N/A,N/A,N/A,N/A,N/A,N/A,N/A,N/A,N/A,N/A,N/A,N/A,N/A,N/A,N/A,N/A,N/A,N/A,N/A,N/A,N/A,N/A,N/A,N/A,N/A,N/A,N/A,N/A,N/A,N/A,N/A,N/A,N/A,N/A,N/A,N/A,N/A,N/A,N/A,N/A,N/A,N/A,N/A,N/A,N/A,N/A,N/A,N/A,N/A,N/A,N/A,N/A,N/A,N/A,N/A,N/A,N/A,N/A,N/A,N/A,N/A,N/A,N/A,N/A,N/A,N/A,N/A,N/A,N/A,N/A,N/A,N/A,N/A,N/A,N/A,N/A,N/A,N/A,N/A,N/A,N/A,N/A,N/A,N/A,N/A,N/A,N/A,N/A,N/A,N/A,N/A,N/A,N/A,N/A,N/A,N/A,N/A,N/A,N/A,N/A,N/A,N/A,N/A,N/A,N/A,N/A,N/A,N/A,N/A,N/A,N/A,N/A,N/A,N/A,N/A,N/A,N/A,N/A,N/A,N/A,N/A,N/A,N/A,N/A,N/A,N/A,N/A,N/A,N/A,N/A,N/A,N/A,N/A,N/A,N/A,N/A,N/A,N/A,N/A,N/A,N/A,N/A,N/A,N/A,N/A,N/A
Miguel Cinoncelli Bilong,18,1200816000,2008/01/20,Serie A,2026,Forward,Palmeiras,0,0,0,Cameroon,0,0,0,0,0,0,0,0,0,0,0,0,0,0,0,0,0,0,0,0,0,0,0,0,0,0,0,0,0,0,0,-1,-1,-1,-1,N/A,N/A,N/A,N/A,N/A,N/A,N/A,N/A,N/A,N/A,N/A,N/A,N/A,N/A,N/A,N/A,N/A,N/A,N/A,N/A,N/A,N/A,N/A,N/A,N/A,N/A,N/A,N/A,N/A,N/A,N/A,N/A,N/A,N/A,N/A,N/A,N/A,N/A,N/A,N/A,N/A,N/A,N/A,N/A,N/A,N/A,N/A,N/A,N/A,N/A,N/A,N/A,N/A,N/A,N/A,N/A,N/A,N/A,N/A,N/A,N/A,N/A,N/A,N/A,N/A,N/A,N/A,N/A,N/A,N/A,N/A,N/A,N/A,N/A,N/A,N/A,N/A,N/A,N/A,N/A,N/A,N/A,N/A,N/A,N/A,N/A,N/A,N/A,N/A,N/A,N/A,N/A,N/A,N/A,N/A,N/A,N/A,N/A,N/A,N/A,N/A,N/A,N/A,N/A,N/A,N/A,N/A,N/A,N/A,N/A,N/A,N/A,N/A,N/A,N/A,N/A,N/A,N/A,N/A,N/A,N/A,N/A,N/A,N/A,N/A,N/A,N/A,N/A,N/A,N/A,N/A,N/A,N/A,N/A,N/A,N/A,N/A,N/A,N/A,N/A,N/A,N/A,N/A,N/A,N/A,N/A,N/A,N/A,N/A,N/A,N/A,N/A,N/A,N/A,N/A,N/A,N/A,N/A,N/A,N/A,N/A,N/A,N/A,N/A,N/A,N/A,N/A,N/A,N/A,N/A,N/A,N/A,N/A,N/A,N/A,N/A,N/A,N/A,N/A,N/A,N/A,N/A,N/A,N/A,N/A,N/A,N/A,N/A,N/A,N/A,N/A,N/A,N/A,N/A,N/A,N/A,N/A,N/A,N/A,N/A,N/A,N/A,N/A,N/A,N/A,N/A,N/A,N/A,N/A,N/A,N/A,N/A,N/A,N/A,N/A,N/A,N/A,N/A,N/A,N/A,N/A,N/A,N/A,N/A
Miguel Monsalve,22,1077868800,2004/02/27,Serie A,2026,Midfielder,Grêmio,325,185,140,Colombia,7,4,3,0,0,0,0,0,0,0,0,2,2,0,5,2,3,1,0,0,0,0,0,0,0,1.38,65,46,325,0,0.28,289,266,-1,28,700000,6.46,0,48,35.72,18.43,50,129,17.57,123,99,34.06,60,0.00,0.00,0.29,2,0.00,0.14,0.55,0.29,2,0.00,0.71,0.00,0.00,0.00,0.14,0.43,0.71,0.00,0.55,0.29,1.29,0.00,0.00,0.01,0.00,0.00,0.00,0.00,0,0,,2,0.29,26,0,0.00,17,2,0.55,40,3,2,5,15,0.00,99,0,1,0.28,22,1,30,0.28,30,0,0.00,99,0,0.00,0,0,0.00,0,0.55,35,9,2.49,83,3,0.83,33.33,0,0.00,0,0,0,0.00,0,5,0.00,28,1.38,59,N/A,N/A,N/A,N/A,0.00,0,0.00,0,0.09,0.00,0,95.35,0.00,17,2,0.86,1.66,6,69,27,0,0,0,0.00,0.00,0,24,45.19,0.00,0.00,0,0,0.00,0.00,99,0.00,0,0,0,0.00,0.00,0,0.00,0.00,0.00,0.00,0,0,0.00,45,0,6,46,28,0.31,32,0.04,0.09,0.09,16,0.01,0.02,92,9,1.29,2.49,1.94,1.00,87,7,0.02,15,18,0,75,0,47,2,0,0.00,99,0,0.00,0.00,11.08,5.71,40,14,37,75,3.88,2.00,35.00,5,1.38,14,0,0.00,0,0.00,99,0,0.00,0.00,30,14,46,72,0,0,0,0,0,28,46,65,59,0,57,64,47,71,1,14,57,11,N/A,N/A
Moises Vieira da Veiga,29,841647600,1996/09/02,Serie A,2026,Forward,Santos,371,264,107,Brazil,13,7,6,2,2,0,1,1,0,0,0,4,3,1,7,5,2,0,0,0.73,0.24,0.49,0.68,0,186,1.7,53,29,0,371,0,16,43,-1,6,1152000,5.62,0.08,91,26.68,8.46,24,110,6.38,83,17,20.13,22,0.00,0.00,0.23,3,0.00,0.23,0.49,0.15,2,0.00,0.23,0.00,0.00,0.00,0.15,0.54,0.69,4.50,2.18,0.23,1.54,0.00,0.46,0.16,0.00,0.62,0.00,0.00,0,0,,9,0.69,80,6,1.46,97,3,0.73,51,4,9,4,14,0.00,99,0,2,0.49,36,3,30,0.73,47,0,0.00,99,0,0.00,0,0,0.00,0,0.73,44,20,4.85,97,7,1.70,35.00,0,0.00,0,0,0,0.00,0,9,0.00,9,2.18,91,N/A,N/A,N/A,N/A,0.00,0,0.00,0,2.11,0.00,0,75.45,66.67,99,4,0.46,1.46,6,92,27,0,0,0,0.00,0.00,0,24,73.12,0.31,0.97,4,0,0.00,0.00,99,0.00,0,0,0,0.00,0.00,0,0.00,0.00,0.00,0.00,0,1,22.22,93,2,30,50,10,0.86,82,0.07,0.21,2.11,97,0.16,0.51,69,6,0.46,1.46,1.21,0.38,51,5,0.51,97,2,36,75,0,47,82,0,0.00,99,8,0.00,1.94,13.10,4.15,54,22,72,90,5.34,1.69,40.74,3,0.73,44,0,0.00,0,0.00,99,0,0.00,0.00,30,8,94,83,0,0,0,0,0,98,97,65,99,0,73,67,15,15,0,0,16,21,N/A,N/A
Murilo,29,859449600,1997/03/27,Serie A,2026,Defender,Palmeiras,1801,901,900,Brazil,21,11,10,1,1,0,1,1,0,0,0,7,3,4,16,8,8,4,1,0.1,0.05,0.05,0.1,0,1801,0.8,113,86,450,1801,0.2,221,210,26,11,1400000,6.94,0.05,51,51.27,48.86,83,1026,43.10,905,80,45.22,82,0.00,0.00,0.52,11,0.00,0.24,1.15,1.10,23,0.00,0.24,0.00,0.00,0.00,0.95,0.29,0.86,14.00,0.70,0.38,0.43,0.00,0.29,0.08,0.00,2.33,0.00,0.00,0,0,,14,0.67,35,6,0.30,51,8,0.40,28,0,1,20,40,0.00,99,0,20,1.00,63,5,49,0.25,29,0,0.00,99,0,0.00,0,0,0.00,0,0.55,35,9,0.45,27,6,0.30,66.67,0,0.00,0,0,0,0.00,0,18,0.00,87,0.90,15,N/A,N/A,N/A,N/A,0.00,0,0.00,0,1.73,0.00,0,88.21,42.86,83,81,0.29,0.30,6,33,83,0,0,0,0.81,0.85,17,91,145.75,4.19,4.40,88,0,0.00,0.00,99,0.00,0,0,0,0.00,0.00,0,0.00,0.00,0.00,0.00,0,0,7.14,55,92,90,99,87,2.98,60,0.14,0.15,1.73,46,0.08,0.09,8,4,0.19,0.20,1.45,1.38,62,29,0.09,44,77,86,75,0,47,91,0,0.00,99,49,0.00,2.45,7.85,7.48,157,82,42,39,4.10,3.90,52.23,5,0.25,73,0,20.00,0,0.00,99,1,0.05,0.05,31,91,36,12,0,0,0,0,0,41,49,65,61,0,80,75,65,50,3,14,57,26,N/A,N/A
Murilo Rhikman Alves Pimentel,20,1142236800,2006/03/13,Serie A,2026,Midfielder,Cruzeiro,2,0,2,Brazil,1,0,1,0,0,0,0,0,0,0,0,0,0,0,0,0,0,0,0,0,0,0,0,0,0,0,0,2,0,0,0,-1,-1,-1,14,0,6.70,0,48,126.00,7.00,99,7,7.00,7,99,126.00,99,0.00,0.00,0.00,0,0.00,0.00,18.00,1.00,1,0.00,0.00,0.00,0.00,0.00,0.00,0.00,0.00,0.00,0.00,0.00,0.00,0.00,0.00,0.00,0.00,0.00,0.00,0.00,0,0,,0,0.00,7,0,0.00,17,0,0.00,7,0,1,0,99,0.00,99,0,0,0.00,10,0,30,0.00,16,0,0.00,99,0,0.00,0,0,0.00,0,0.00,8,0,0.00,9,0,0.00,0.00,0,0.00,0,0,0,0.00,0,0,0.00,99,0.00,0,N/A,N/A,N/A,N/A,0.00,0,0.00,0,0.00,0.00,0,100.00,0.00,17,99,0.00,0.00,0,13,13,0,0,0,0.00,0.00,0,24,6.70,0.00,0.00,0,0,0.00,0.00,99,0.00,0,0,0,0.00,0.00,0,0.00,0.00,0.00,0.00,0,0,0.00,45,0,0,46,0,0.02,97,0.02,0.36,0.00,7,0.00,0.00,99,1,1.00,18.00,0.00,0.00,5,0,0.00,7,39,0,75,0,47,2,0,0.00,99,0,0.00,0.00,36.00,2.00,2,2,99,99,36.00,2.00,100.00,0,0.00,99,0,0.00,0,0.00,99,0,0.00,0.00,30,0,36,12,0,0,0,0,0,28,46,65,59,0,21,5,15,15,0,0,16,35,0,0
Mycael Pontes Moreira,22,1079078400,2004/03/12,Serie A,2026,Goalkeeper,Atlético PR,90,0,90,Brazil,1,0,1,0,0,0,0,0,0,0,0,1,0,1,0,0,0,1,0,0,0,0,0,0,0,0,0,90,90,0,1,-1,-1,-1,25,500000,7.05,0,48,25.00,25.00,20,25,11.00,11,0,11.00,5,0.00,0.00,0.00,0,0.00,0.00,0.00,0.00,0,0.00,0.00,0.00,0.00,2.00,0.00,0.00,2.00,0.00,0.00,0.00,0.00,0.00,0.00,0.00,0.00,0.00,0.00,0.00,0,0,,0,0.00,7,0,0.00,17,0,0.00,7,0,0,1,5,0.00,99,0,0,0.00,10,0,30,0.00,16,0,0.00,99,0,0.00,0,0,0.00,0,0.00,8,0,0.00,9,0,0.00,0.00,0,0.00,0,2,99,2.00,24,2,0.00,99,2.00,88,N/A,N/A,N/A,N/A,100.00,0,0.00,0,0.00,0.00,0,44.00,0.00,17,99,0.00,0.00,0,13,13,0,0,2,0.00,0.00,0,24,7.05,0.00,0.00,0,0,0.00,0.00,99,0.00,0,0,0,0.00,0.00,0,0.00,0.00,0.00,0.00,0,0,0.00,45,0,0,46,0,0.02,0,0.02,0.02,0.00,7,0.00,0.00,1,0,0.00,0.00,0.00,0.00,5,0,0.00,7,88,0,75,0,47,2,0,0.00,99,0,0.00,0.00,0.00,0.00,0,0,0,0,0.00,0.00,0.00,0,0.00,99,0,0.00,0,0.00,99,0,0.00,0.00,30,0,23,12,0,0,0,0,0,28,46,65,59,0,50,99,15,99,0,0,16,1,N/A,N/A
Nadson Juan Maia da Silva de Souza,17,1232784000,2009/01/24,Serie A,2026,Midfielder,Santos,0,0,0,Brazil,0,0,0,0,0,0,0,0,0,0,0,0,0,0,0,0,0,0,0,0,0,0,0,0,0,0,0,0,0,0,0,-1,-1,-1,-1,N/A,N/A,N/A,N/A,N/A,N/A,N/A,N/A,N/A,N/A,N/A,N/A,N/A,N/A,N/A,N/A,N/A,N/A,N/A,N/A,N/A,N/A,N/A,N/A,N/A,N/A,N/A,N/A,N/A,N/A,N/A,N/A,N/A,N/A,N/A,N/A,N/A,N/A,N/A,N/A,N/A,N/A,N/A,N/A,N/A,N/A,N/A,N/A,N/A,N/A,N/A,N/A,N/A,N/A,N/A,N/A,N/A,N/A,N/A,N/A,N/A,N/A,N/A,N/A,N/A,N/A,N/A,N/A,N/A,N/A,N/A,N/A,N/A,N/A,N/A,N/A,N/A,N/A,N/A,N/A,N/A,N/A,N/A,N/A,N/A,N/A,N/A,N/A,N/A,N/A,N/A,N/A,N/A,N/A,N/A,N/A,N/A,N/A,N/A,N/A,N/A,N/A,N/A,N/A,N/A,N/A,N/A,N/A,N/A,N/A,N/A,N/A,N/A,N/A,N/A,N/A,N/A,N/A,N/A,N/A,N/A,N/A,N/A,N/A,N/A,N/A,N/A,N/A,N/A,N/A,N/A,N/A,N/A,N/A,N/A,N/A,N/A,N/A,N/A,N/A,N/A,N/A,N/A,N/A,N/A,N/A,N/A,N/A,N/A,N/A,N/A,N/A,N/A,N/A,N/A,N/A,N/A,N/A,N/A,N/A,N/A,N/A,N/A,N/A,N/A,N/A,N/A,N/A,N/A,N/A,N/A,N/A,N/A,N/A,N/A,N/A,N/A,N/A,N/A,N/A,N/A,N/A,N/A,N/A,N/A,N/A,N/A,N/A,N/A,N/A,N/A,N/A,N/A,N/A,N/A,N/A,N/A,N/A,N/A,N/A,N/A,N/A,N/A,N/A,N/A,N/A,N/A,N/A,N/A,N/A,N/A,N/A,N/A,N/A,N/A,N/A,N/A,N/A,N/A,N/A,N/A,N/A,N/A,N/A
Nahuel Ferraresi Hernández,27,911462400,1998/11/19,Serie A,2026,Defender,Botafogo,1297,526,771,Venezuela,18,8,10,1,1,0,0,0,0,0,0,2,1,1,16,7,9,5,0,0.07,0,0.07,0.17,0,1297,1.11,81,72,259,0,0.35,200,383,81,10,0,6.93,0,48,49.00,39.50,79,711,33.50,603,58,41.55,78,0.00,0.00,0.28,5,0.00,0.22,2.27,1.83,33,0.00,0.06,0.00,0.00,0.00,1.06,0.17,1.06,4.00,0.28,0.17,0.22,0.00,0.06,0.05,0.00,2.11,0.00,0.00,0,0,,4,0.22,12,1,0.07,20,3,0.21,13,2,4,14,84,0.00,99,0,19,1.31,85,4,98,0.28,30,0,0.00,99,0,0.00,0,0,0.00,0,0.34,25,4,0.28,19,3,0.21,75.00,0,0.00,0,0,0,0.00,0,19,0.00,53,1.31,55,N/A,N/A,N/A,N/A,0.00,0,0.00,0,0.84,0.00,0,84.81,25.00,41,44,0.56,0.69,10,25,91,0,0,0,0.72,0.90,13,92,124.78,6.28,7.79,113,0,0.00,0.00,99,0.00,0,0,0,0.00,0.00,0,0.00,0.00,0.07,0.06,1,0,25.00,96,68,68,93,53,1.28,32,0.07,0.09,0.84,35,0.05,0.06,35,10,0.56,0.69,1.31,1.06,54,19,0.06,34,74,99,75,0,57,94,0,0.00,99,38,0.00,2.62,8.55,6.89,124,82,79,48,5.65,4.56,66.13,1,0.07,86,0,75.00,0,0.00,99,3,0.17,0.21,50,64,65,56,0,0,0,0,0,35,54,65,70,0,21,23,34,82,5,28,88,32,0,0
Natanael Moreira Milouski,24,1010217600,2002/01/05,Serie A,2026,Defender,Atlético Mineiro,1144,450,694,Brazil,14,5,9,0,0,0,2,1,1,0,0,3,0,3,13,7,6,1,1,0.16,0.16,0,0,0,0,1.02,88,82,572,572,0.16,302,90,64,28,0,6.61,0.14,81,35.48,32.21,49,451,26.71,374,46,29.42,48,0.00,0.00,0.43,6,0.00,1.50,1.49,1.36,19,0.00,0.43,0.00,0.00,0.00,0.79,0.93,1.00,0.00,0.63,0.43,2.14,0.00,0.14,0.04,0.00,0.79,0.00,0.00,0,0,,8,0.57,31,2,0.16,33,6,0.47,34,4,0,14,55,0.00,99,0,11,0.87,55,21,32,1.65,60,0,0.00,99,0,0.00,0,0,0.00,0,0.47,32,30,2.36,82,13,1.02,43.33,0,0.00,0,0,0,0.00,0,14,0.00,63,1.10,35,N/A,N/A,N/A,N/A,0.00,0,0.00,0,0.60,0.00,0,82.93,25.00,41,42,0.64,0.71,9,77,42,0,0,0,0.57,0.63,8,83,92.53,3.57,3.93,50,0,0.00,0.00,99,0.00,0,0,0,0.00,0.00,0,0.00,0.00,0.31,0.29,4,0,0.00,45,57,34,46,63,2.16,69,0.15,0.17,0.60,31,0.04,0.05,86,26,1.86,2.05,1.10,1.00,42,14,0.05,30,26,80,75,0,87,48,0,0.00,99,11,0.00,0.87,9.60,8.71,122,69,74,63,5.43,4.93,56.56,6,0.47,60,0,9.52,0,0.00,99,2,0.14,0.16,45,64,23,83,0,0,0,0,0,53,46,65,59,0,21,44,78,40,0,0,16,2,0,0
Nathan Gabriel de Souza Mendes,24,1029740400,2002/08/19,Serie A,2026,Defender,Vitória,1063,630,433,Brazil,13,7,6,0,0,0,1,1,0,0,0,5,5,0,14,3,11,3,0,0.08,0.08,0,0,0,0,1.19,76,82,354,1063,0.25,359,165,99,29,0,6.70,0.08,61,32.77,29.77,40,387,24.54,319,41,27.01,41,0.00,0.00,0.15,2,0.00,0.62,2.29,2.08,27,0.00,0.54,0.00,0.00,0.00,1.31,0.15,1.08,0.00,0.17,0.15,0.77,0.00,0.00,0.01,0.00,1.08,0.00,0.00,0,0,,2,0.15,9,0,0.00,17,2,0.17,11,1,1,12,84,0.00,99,0,17,1.44,88,8,62,0.68,46,0,0.00,99,0,0.00,0,0,0.00,0,0.17,14,10,0.85,43,2,0.17,20.00,0,0.00,0,0,0,0.00,0,14,0.00,45,1.19,45,N/A,N/A,N/A,N/A,0.00,0,0.00,0,0.11,0.00,0,82.43,0.00,17,61,0.46,0.51,6,23,15,0,0,0,0.31,0.34,4,61,87.08,3.15,3.47,41,0,0.00,0.00,99,0.00,0,0,0,0.00,0.00,0,0.00,0.00,0.00,0.00,0,1,0.00,45,52,30,46,46,1.30,40,0.10,0.11,0.11,12,0.01,0.01,45,11,0.85,0.93,1.27,1.15,53,15,0.01,12,39,78,75,0,47,63,0,0.00,99,14,0.00,1.19,8.30,7.54,98,54,53,44,4.57,4.15,55.10,7,0.59,50,0,25.00,0,0.00,99,2,0.15,0.17,45,53,36,35,0,0,0,0,0,37,46,65,59,0,21,85,51,64,3,23,80,45,0,0
Nathan Otávio Ribeiro,36,644310000,1990/06/02,Serie A,2026,Forward,Mirassol,347,298,49,Brazil,10,7,3,2,1,1,0,0,0,0,0,1,1,0,4,4,0,2,0,0.52,0,0.52,0.3,1.84,174,1.04,87,35,174,0,0.52,10,393,-1,6,180000,7.30,0,48,20.75,8.90,12,89,6.90,69,22,16.09,13,0.00,0.00,0.30,3,0.00,0.70,0.47,0.20,2,0.00,0.70,0.00,0.00,0.00,0.00,0.20,0.80,8.50,3.96,0.80,0.60,0.00,0.90,0.27,0.00,0.40,0.00,0.00,0,0,,17,1.70,99,9,2.10,99,8,1.87,93,1,8,2,13,0.00,99,0,0,0.00,10,7,30,1.63,60,0,0.00,99,0,0.00,0,0,0.00,0,0.70,42,6,1.40,62,2,0.47,33.33,0,0.00,0,0,0,0.00,0,8,0.00,61,1.87,86,N/A,N/A,N/A,N/A,0.00,0,0.00,0,2.65,0.00,0,77.53,52.94,93,67,0.20,0.47,2,48,27,0,0,0,0.00,0.00,0,24,73.02,0.10,0.23,1,0,0.00,0.00,99,0.00,0,0,1,0.10,0.23,0,0.00,0.00,0.93,0.40,4,0,11.76,72,0,17,48,61,0.25,14,0.03,0.06,2.65,99,0.27,0.62,66,6,0.60,1.40,2.80,1.20,99,12,0.62,98,98,4,98,0,99,51,0,0.00,99,4,0.00,0.93,13.06,5.60,56,14,24,90,3.26,1.40,25.00,7,1.63,8,0,0.00,0,0.00,99,0,0.00,0.00,30,1,90,35,0,0,0,0,0,90,98,99,82,0,28,19,22,93,1,10,42,9,N/A,N/A
Nathan Ribeiro Fernandes,21,1108540800,2005/02/16,Serie A,2026,Forward,Botafogo,77,9,68,Brazil,4,1,3,0,0,0,1,1,0,0,0,1,1,0,2,0,2,0,0,1.17,1.17,0,0,0,0,2.34,39,19,0,77,0,-1,-1,-1,29,300000,6.74,0.25,99,36.23,7.75,51,31,6.25,25,32,29.22,47,0.00,0.00,0.25,1,0.00,0.25,1.17,0.25,1,0.00,0.00,0.00,0.00,0.00,0.25,0.00,0.50,0.00,1.17,0.00,0.00,0.00,0.25,0.03,0.00,0.25,0.00,0.00,0,0,,1,0.25,55,1,1.17,94,0,0.00,7,0,4,0,42,0.00,99,0,1,1.17,75,1,30,1.17,54,0,0.00,99,0,0.00,0,0,0.00,0,1.17,67,0,0.00,9,0,0.00,0.00,0,0.00,0,0,0,0.00,0,2,0.00,0,2.34,93,N/A,N/A,N/A,N/A,0.00,0,0.00,0,0.13,0.00,0,80.65,100.00,99,99,0.00,0.00,0,13,13,0,0,0,0.00,0.00,0,24,26.95,0.50,2.34,2,0,0.00,0.00,99,0.00,0,0,0,0.00,0.00,0,0.00,0.00,0.00,0.00,0,0,0.00,45,0,0,46,0,0.68,99,0.17,0.79,0.13,61,0.03,0.15,99,3,0.75,3.51,2.34,0.50,96,2,0.15,59,47,65,75,0,47,62,0,0.00,99,1,0.00,1.17,8.18,1.75,7,5,83,42,5.84,1.25,71.43,0,0.00,99,0,0.00,0,0.00,99,0,0.00,0.00,30,0,65,12,0,0,0,0,0,99,46,65,59,0,37,54,15,15,0,0,16,16,N/A,N/A
Newton Araújo da Costa Júnior,26,952848000,2000/03/12,Serie A,2026,Midfielder,São Paulo,495,197,298,Brazil,9,3,6,0,0,0,0,0,0,0,0,1,1,0,9,2,7,1,0,0,0,0,0,0,0,1.64,55,55,495,0,0.18,231,235,-1,25,700000,5.94,0,48,50.36,30.78,82,277,27.67,249,89,45.27,83,0.00,0.00,0.22,2,0.00,0.56,1.82,1.11,10,0.00,0.00,0.00,0.00,0.00,0.78,0.33,1.11,0.00,0.91,0.44,0.44,0.00,0.11,0.04,0.00,0.33,0.00,0.00,0,0,,5,0.56,45,1,0.18,36,4,0.73,51,2,4,5,70,0.00,99,0,7,1.27,83,5,90,0.91,51,0,0.00,99,0,0.00,0,0,0.00,0,0.36,26,4,0.73,39,3,0.55,75.00,0,0.00,0,0,0,0.00,0,10,0.00,12,1.82,85,N/A,N/A,N/A,N/A,0.00,0,0.00,0,0.33,0.00,0,89.89,20.00,31,89,0.11,0.18,1,55,91,0,0,0,0.00,0.00,0,24,53.44,1.78,2.91,16,0,0.00,0.00,99,0.00,0,0,0,0.00,0.00,0,0.00,0.00,0.00,0.00,0,0,0.00,45,11,12,46,12,0.65,45,0.07,0.12,0.33,35,0.04,0.06,56,6,0.67,1.09,0.91,0.56,29,5,0.06,34,4,73,75,0,47,30,0,0.00,99,3,0.00,0.55,6.00,3.67,33,22,40,16,4.00,2.44,66.67,0,0.00,99,0,40.00,0,0.00,99,2,0.22,0.36,61,14,65,56,0,0,0,0,0,28,46,65,59,0,57,23,71,45,1,11,45,28,N/A,N/A
Neymar,34,697276800,1992/02/05,Serie A,2026,Midfielder,Santos,956,866,90,Brazil,11,10,1,6,6,0,3,3,0,0,0,4,3,1,12,12,0,7,0,0.85,0.28,0.56,0.62,0,159,1.13,80,87,137,319,0.66,8,26,-1,2,7948800,7.51,0.27,95,44.58,43.00,71,473,32.27,355,15,33.46,59,0.00,0.00,2.27,25,0.00,5.00,0.66,0.64,7,0.00,2.09,0.00,0.00,0.00,0.00,1.27,1.09,7.00,3.96,2.27,4.45,0.00,1.55,0.63,0.00,0.64,0.00,0.00,0,0,,42,3.82,99,17,1.60,99,25,2.36,98,1,0,11,17,0.00,99,0,0,0.00,10,55,44,5.18,93,0,0.00,99,0,0.00,0,0,0.00,0,2.36,93,49,4.62,96,14,1.32,28.57,0,0.00,0,0,0,0.00,0,12,0.00,51,1.13,39,N/A,N/A,N/A,N/A,0.00,0,0.00,0,6.92,0.00,0,75.05,40.48,77,55,0.55,0.57,6,84,20,2,0,0,0.00,0.00,0,24,82.63,0.18,0.19,2,0,0.00,0.00,99,0.00,0,2,1,0.09,0.09,0,0.00,0.00,0.66,0.64,7,0,14.29,81,45,21,48,52,3.47,96,0.32,0.33,5.52,97,0.50,0.52,99,46,4.18,4.34,1.60,1.55,72,17,0.65,99,99,3,87,0,96,38,0,0.00,99,7,0.00,0.66,14.98,14.45,159,74,94,96,6.97,6.73,46.54,23,2.17,3,0,18.18,0,0.00,99,10,0.91,0.94,84,48,23,35,0,1,0,9,0,99,98,65,97,0,99,80,18,98,7,64,99,10,N/A,N/A
Neyser Villareal,21,1114326000,2005/04/24,Serie A,2026,Forward,Cruzeiro,558,348,210,Colombia,13,8,5,3,2,1,1,0,1,0,0,2,2,0,8,4,4,0,0,0.65,0.16,0.48,0.52,0.43,186,1.29,70,43,0,558,0,19,85,-1,5,666667,5.54,0.08,81,9.61,4.69,1,61,3.46,45,13,7.09,1,0.00,0.00,0.69,9,0.00,0.15,1.26,0.62,8,0.00,0.23,0.00,0.00,0.00,0.08,0.08,0.69,6.67,3.15,0.92,0.31,0.00,0.62,0.26,0.00,0.38,0.00,0.00,0,0,,20,1.54,96,8,1.26,95,12,1.89,93,1,7,6,46,0.00,99,0,1,0.16,16,2,30,0.32,33,0,0.00,99,0,0.00,0,0,0.00,0,1.42,79,4,0.63,34,1,0.16,25.00,0,0.00,0,0,0,0.00,0,9,0.00,35,1.42,61,N/A,N/A,N/A,N/A,0.00,0,0.00,0,3.44,0.00,0,73.77,40.00,77,67,0.23,0.47,3,22,18,0,0,0,0.00,0.00,0,24,72.07,0.08,0.16,1,0,0.00,0.00,99,0.00,0,0,1,0.08,0.16,0,0.00,0.00,0.16,0.08,1,0,15.00,81,16,30,50,35,1.01,65,0.08,0.16,3.44,98,0.26,0.54,93,16,1.23,2.52,1.42,0.69,60,9,0.54,97,1,2,95,0,76,44,0,0.00,99,5,0.00,0.79,9.93,4.85,63,30,60,66,4.73,2.31,47.62,3,0.47,60,0,0.00,0,0.00,99,0,0.00,0.00,30,21,85,35,0,0,0,0,0,97,96,95,94,0,56,30,15,15,0,0,16,22,N/A,N/A
Niclas Eliasson,30,818323200,1995/12/07,Serie A,2026,Midfielder,Internacional,12,12,0,Sweden,1,1,0,0,0,0,0,0,0,0,0,1,1,0,0,0,0,0,0,0,0,0,0,0,0,0,0,12,0,0,0,-1,-1,-1,30,0,6.11,0,48,30.00,4.00,30,4,3.00,3,15,22.50,27,0.00,0.00,1.00,1,0.00,1.00,0.00,0.00,0,0.00,5.00,0.00,0.00,0.00,0.00,0.00,0.00,0.00,7.50,1.00,1.00,0.00,0.00,0.06,0.00,0.00,0.00,0.00,0,0,,1,1.00,99,0,0.00,17,1,7.50,99,0,1,0,5,0.00,99,0,0,0.00,10,1,30,7.50,98,0,0.00,99,0,0.00,0,0,0.00,0,7.50,99,1,7.50,99,0,0.00,0.00,0,0.00,0,0,0,0.00,0,0,0.00,99,0.00,0,N/A,N/A,N/A,N/A,0.00,0,0.00,0,0.06,0.00,0,75.00,0.00,17,99,0.00,0.00,0,13,13,0,0,0,0.00,0.00,0,24,6.11,0.00,0.00,0,0,0.00,0.00,99,0.00,0,0,0,0.00,0.00,0,0.00,0.00,0.00,0.00,0,0,0.00,45,0,0,46,0,0.04,94,0.04,0.30,0.06,95,0.06,0.45,1,0,0.00,0.00,0.00,0.00,5,0,0.45,94,6,0,75,0,47,2,0,0.00,99,0,0.00,0.00,60.00,8.00,8,0,0,99,0.00,0.00,0.00,5,37.50,0,0,0.00,0,0.00,99,0,0.00,0.00,30,0,36,12,0,0,0,0,0,28,46,65,59,0,21,99,15,15,0,0,16,17,0,0
Nicolas Bosshardt,19,1176015600,2007/04/08,Serie A,2026,Defender,São Paulo,0,0,0,Brazil,1,1,0,0,0,0,0,0,0,0,0,1,1,0,0,0,0,0,0,0,0,0,0,0,0,0,0,0,0,0,0,-1,-1,-1,-1,0,0.00,0,48,180.00,2.00,99,2,1.00,1,0,90.00,99,0.00,0.00,0.00,0,0.00,0.00,0.00,0.00,0,0.00,0.00,0.00,0.00,0.00,0.00,0.00,0.00,0.00,0.00,0.00,0.00,0.00,0.00,0.00,0.00,0.00,0.00,0.00,0,0,,0,0.00,7,0,0.00,17,0,0.00,7,0,1,0,5,0.00,99,0,0,0.00,10,0,30,0.00,16,0,0.00,99,0,0.00,0,0,0.00,0,0.00,8,0,0.00,9,0,0.00,0.00,0,0.00,0,0,0,0.00,0,0,0.00,99,0.00,0,N/A,N/A,N/A,N/A,0.00,0,0.00,0,0.00,0.00,0,50.00,0.00,17,99,0.00,0.00,0,13,13,0,0,0,0.00,0.00,0,24,0.00,1.00,90.00,1,0,0.00,0.00,99,0.00,0,0,0,0.00,0.00,0,0.00,0.00,0.00,0.00,0,0,0.00,45,0,0,46,0,0.00,0,0.00,0.00,0.00,7,0.00,0.00,1,0,0.00,0.00,0.00,0.00,5,0,0.00,7,0,99,75,0,47,2,0,0.00,99,0,0.00,0.00,0.00,0.00,0,0,0,0,0.00,0.00,0.00,0,0.00,99,0,0.00,0,0.00,99,0,0.00,0.00,30,0,36,12,0,0,0,0,0,28,46,65,59,0,21,99,15,15,0,0,16,56,0,0
Nicolás Brian Acevedo Tabárez,27,924073200,1999/04/14,Serie A,2026,Midfielder,Bahia,1932,962,970,Uruguay,22,11,11,1,0,1,0,0,0,0,0,8,4,4,23,10,13,6,0,0.05,0,0.05,0,0.09,1932,1.07,84,88,322,0,0.28,226,435,-1,13,500000,7.00,0,48,66.06,64.45,97,1418,54.64,1202,57,55.99,95,0.00,0.00,0.55,12,0.00,0.55,2.61,2.55,56,0.00,0.77,0.00,0.00,0.00,1.59,0.59,1.05,26.00,1.21,0.73,1.23,0.00,0.45,0.12,0.00,1.55,0.00,0.00,0,0,,26,1.18,56,10,0.47,65,16,0.75,53,2,0,22,93,0.00,99,0,35,1.63,91,12,90,0.56,42,0,0.00,99,0,0.00,0,0,0.00,0,0.56,36,27,1.26,57,13,0.61,48.15,0,0.00,0,0,0,0.00,0,23,0.00,57,1.07,31,N/A,N/A,N/A,N/A,0.00,0,0.00,0,2.57,0.00,0,84.77,38.46,73,16,1.05,1.07,23,58,50,0,0,0,0.27,0.28,6,55,154.06,2.50,2.56,55,0,0.00,0.00,99,0.00,0,0,2,0.09,0.09,0,0.00,0.00,0.00,0.00,0,0,3.85,47,96,94,99,57,2.94,55,0.13,0.14,2.57,54,0.12,0.12,66,30,1.36,1.40,2.24,2.18,93,48,0.12,53,84,68,87,0,47,74,0,0.00,99,34,0.00,1.58,11.74,11.45,252,132,88,83,6.15,6.00,52.38,17,0.79,40,0,41.67,0,0.00,99,5,0.23,0.23,51,96,23,56,0,0,0,0,0,30,49,66,59,0,50,80,46,71,6,27,87,26,N/A,N/A
Nicolás De La Cruz,29,865148400,1997/06/01,Serie A,2026,Midfielder,Flamengo,230,118,112,Uruguay,11,5,6,0,0,0,0,0,0,0,0,2,1,1,3,2,1,2,0,0,0,0,0,0,0,1.17,77,21,115,0,0.78,-1,-1,-1,21,2888888,6.03,0,48,58.30,13.55,92,149,11.36,125,53,48.91,89,0.00,0.00,0.45,5,0.00,1.00,2.74,0.64,7,0.00,0.09,0.00,0.00,0.00,0.36,0.09,0.45,0.00,1.57,0.36,0.18,0.00,0.00,0.02,0.00,0.09,0.00,0.00,0,0,,4,0.36,68,0,0.00,17,4,1.57,85,2,10,1,93,0.00,99,0,4,1.57,89,11,91,4.30,89,0,0.00,99,0,0.00,0,0,0.00,0,1.96,90,2,0.78,40,1,0.39,50.00,0,0.00,0,0,0,0.00,0,5,0.00,47,1.96,86,N/A,N/A,N/A,N/A,0.00,0,0.00,0,0.19,0.00,0,83.89,0.00,17,11,0.27,1.17,3,41,59,0,0,0,0.09,0.39,1,66,66.32,0.55,2.35,6,0,0.00,0.00,99,0.00,0,0,0,0.00,0.00,0,0.00,0.00,0.00,0.00,0,0,0.00,45,0,21,46,47,0.46,72,0.04,0.18,0.19,39,0.02,0.07,99,13,1.18,5.09,3.52,0.82,99,9,0.07,38,4,65,75,0,47,17,0,0.00,99,1,0.00,0.39,14.87,3.45,38,21,98,96,8.22,1.91,55.26,1,0.39,66,0,45.45,0,0.00,99,5,0.45,1.96,98,0,96,56,0,0,0,0,0,28,46,65,59,0,96,35,15,99,2,18,67,18,N/A,N/A
Nícollas Vitor Pascoal Melo,18,1213340400,2008/06/13,Serie A,2026,Forward,Corinthians,0,0,0,Brazil,0,0,0,0,0,0,0,0,0,0,0,0,0,0,0,0,0,0,0,0,0,0,0,0,0,0,0,0,0,0,0,-1,-1,-1,-1,N/A,N/A,N/A,N/A,N/A,N/A,N/A,N/A,N/A,N/A,N/A,N/A,N/A,N/A,N/A,N/A,N/A,N/A,N/A,N/A,N/A,N/A,N/A,N/A,N/A,N/A,N/A,N/A,N/A,N/A,N/A,N/A,N/A,N/A,N/A,N/A,N/A,N/A,N/A,N/A,N/A,N/A,N/A,N/A,N/A,N/A,N/A,N/A,N/A,N/A,N/A,N/A,N/A,N/A,N/A,N/A,N/A,N/A,N/A,N/A,N/A,N/A,N/A,N/A,N/A,N/A,N/A,N/A,N/A,N/A,N/A,N/A,N/A,N/A,N/A,N/A,N/A,N/A,N/A,N/A,N/A,N/A,N/A,N/A,N/A,N/A,N/A,N/A,N/A,N/A,N/A,N/A,N/A,N/A,N/A,N/A,N/A,N/A,N/A,N/A,N/A,N/A,N/A,N/A,N/A,N/A,N/A,N/A,N/A,N/A,N/A,N/A,N/A,N/A,N/A,N/A,N/A,N/A,N/A,N/A,N/A,N/A,N/A,N/A,N/A,N/A,N/A,N/A,N/A,N/A,N/A,N/A,N/A,N/A,N/A,N/A,N/A,N/A,N/A,N/A,N/A,N/A,N/A,N/A,N/A,N/A,N/A,N/A,N/A,N/A,N/A,N/A,N/A,N/A,N/A,N/A,N/A,N/A,N/A,N/A,N/A,N/A,N/A,N/A,N/A,N/A,N/A,N/A,N/A,N/A,N/A,N/A,N/A,N/A,N/A,N/A,N/A,N/A,N/A,N/A,N/A,N/A,N/A,N/A,N/A,N/A,N/A,N/A,N/A,N/A,N/A,N/A,N/A,N/A,N/A,N/A,N/A,N/A,N/A,N/A,N/A,N/A,N/A,N/A,N/A,N/A,N/A,N/A,N/A,N/A,N/A,N/A,N/A,N/A,N/A,N/A,N/A,N/A,N/A,N/A,N/A,N/A,N/A,N/A
Nonato,28,888912000,1998/03/03,Serie A,2026,Midfielder,Fluminense,621,380,241,Brazil,11,6,5,1,1,0,1,0,1,0,0,1,1,0,8,5,3,4,0,0.29,0.14,0.14,0.24,0,621,1.16,78,56,155,621,0.58,152,105,-1,12,500000,6.96,0.09,76,55.94,35.09,90,386,31.82,350,92,50.72,92,0.00,0.00,1.00,11,0.00,0.27,2.32,1.45,16,0.00,0.27,0.00,0.00,0.00,1.09,0.18,0.73,4.00,0.58,0.18,0.36,0.00,0.18,0.08,0.00,0.64,0.00,0.00,0,0,,4,0.36,28,2,0.29,49,2,0.29,19,2,4,7,86,0.00,99,0,12,1.74,94,3,30,0.43,39,0,0.00,99,0,0.00,0,0,0.00,0,1.59,82,4,0.58,31,2,0.29,50.00,0,0.00,0,0,0,0.00,0,8,0.00,48,1.16,43,N/A,N/A,N/A,N/A,0.00,0,0.00,0,0.93,0.00,0,90.67,50.00,92,54,0.36,0.58,4,32,59,0,0,0,0.27,0.43,3,71,76.55,0.82,1.30,9,0,0.00,0.00,99,0.00,0,0,0,0.00,0.00,0,0.00,0.00,0.00,0.00,0,0,25.00,96,21,21,80,48,1.85,92,0.17,0.27,0.93,57,0.08,0.13,44,6,0.55,0.87,1.88,1.18,84,13,0.13,56,79,46,75,0,47,55,0,0.00,99,7,0.00,1.01,8.26,5.18,57,31,51,43,4.49,2.82,54.39,3,0.43,61,0,0.00,0,0.00,99,0,0.00,0.00,30,28,65,56,0,0,0,0,0,75,66,65,78,0,50,16,19,96,4,36,95,16,N/A,N/A
Norberto Neto,37,616834800,1989/07/19,Serie A,2026,Goalkeeper,Botafogo,855,360,495,Brazil,10,4,6,0,0,0,0,0,0,0,0,1,1,0,13,4,9,1,1,0,0,0,0,0,0,1.37,66,86,428,0,0.21,228,241,128,33,1344000,6.68,0,48,26.21,24.90,22,249,17.70,177,9,18.63,21,0.00,0.00,0.00,0,0.00,0.00,0.00,0.00,0,0.00,0.00,0.00,0.00,3.30,0.00,0.00,4.70,0.00,0.00,0.00,0.00,0.00,0.00,0.00,0.00,0.00,0.00,0.00,0,0,,0,0.00,7,0,0.00,17,0,0.00,7,0,0,10,5,0.00,99,0,0,0.00,10,0,30,0.00,16,0,0.00,99,0,0.00,0,0,0.00,0,0.00,8,0,0.00,9,0,0.00,0.00,0,0.00,0,33,65,3.47,82,47,0.00,29,4.95,98,N/A,N/A,N/A,N/A,70.21,0,0.00,0,0.00,0.00,0,71.08,0.00,17,92,0.10,0.11,1,13,13,0,0,18,0.00,0.00,0,24,66.81,0.80,0.84,8,0,0.00,0.00,99,0.00,0,0,0,0.00,0.00,2,0.20,0.21,0.00,0.00,0,0,0.00,45,37,17,46,30,0.41,6,0.04,0.04,0.00,7,0.00,0.00,3,1,0.10,0.11,0.00,0.00,5,0,0.00,7,37,29,75,11,47,2,0,0.00,99,0,0.00,0.00,0.21,0.20,2,1,1,1,0.11,0.10,50.00,0,0.00,99,0,0.00,0,0.00,99,0,0.00,0.00,30,43,23,12,0,0,0,0,0,28,46,65,59,0,80,19,62,55,0,0,16,22,N/A,N/A
Osvaldo Lourenço Filho,39,545122800,1987/04/11,Serie A,2026,Forward,Vitória,11,9,2,Brazil,2,1,1,0,0,0,0,0,0,0,0,1,1,0,0,0,0,0,0,0,0,0,0,0,0,0,0,6,0,0,0,-1,-1,-1,32,120000,3.44,0,48,73.64,4.50,99,9,3.50,7,23,57.27,96,0.00,0.00,0.50,1,0.00,1.00,8.18,0.50,1,0.00,0.00,0.00,0.00,0.00,0.00,0.00,0.00,0.00,8.18,0.50,0.00,0.00,0.00,0.03,0.00,0.00,0.00,0.00,0,0,,1,0.50,99,0,0.00,17,1,8.18,99,0,2,0,99,0.00,99,0,0,0.00,10,2,95,16.36,99,0,0.00,99,0,0.00,0,0,0.00,0,8.18,99,0,0.00,9,0,0.00,0.00,0,0.00,0,0,0,0.00,0,0,0.00,99,0.00,0,N/A,N/A,N/A,N/A,0.00,0,0.00,0,0.05,0.00,0,77.78,0.00,17,99,0.00,0.00,0,13,13,0,0,0,0.00,0.00,0,24,6.87,0.00,0.00,0,0,0.00,0.00,99,0.00,0,0,0,0.00,0.00,0,0.00,0.00,0.00,0.00,0,0,0.00,45,0,0,46,0,0.05,99,0.03,0.41,0.05,92,0.03,0.41,1,0,0.00,0.00,0.00,0.00,5,0,0.41,90,0,0,75,0,47,2,0,0.00,99,0,0.00,0.00,8.18,0.50,1,1,98,42,8.18,0.50,100.00,0,0.00,99,0,50.00,0,0.00,99,1,0.50,8.18,99,0,46,12,0,0,0,0,0,28,46,65,59,0,24,98,15,15,0,0,16,11,N/A,N/A
Otávio Eleodoro Rezende Costa,20,1135670400,2005/12/27,Serie A,2026,Goalkeeper,Cruzeiro,990,540,450,Brazil,11,6,5,0,0,0,0,0,0,0,0,1,0,1,12,8,4,2,0,0,0,0,0,0,0,1.09,83,90,495,0,0.18,277,254,77,23,0,6.64,0,48,23.18,23.18,17,255,15.64,172,4,15.64,12,0.00,0.00,0.00,0,0.00,0.00,0.00,0.00,0,0.00,0.00,0.00,0.00,2.27,0.00,0.00,3.36,0.00,0.00,0.00,0.00,0.00,0.00,0.00,0.00,0.00,0.00,0.00,0,0,,0,0.00,7,0,0.00,17,0,0.00,7,0,0,11,5,0.00,99,0,0,0.00,10,0,30,0.00,16,0,0.00,99,0,0.00,0,0,0.00,0,0.00,8,0,0.00,9,0,0.00,0.00,0,0.00,0,25,50,2.27,29,37,0.00,55,3.36,94,N/A,N/A,N/A,N/A,67.57,0,0.00,0,0.00,0.00,0,67.45,0.00,17,99,0.00,0.00,0,13,13,0,0,16,0.00,0.00,0,24,73.00,0.55,0.55,6,0,0.00,0.00,99,0.00,0,0,0,0.00,0.00,2,0.18,0.18,0.00,0.00,0,0,0.00,45,47,21,46,55,0.34,4,0.03,0.03,0.00,7,0.00,0.00,7,2,0.18,0.18,0.00,0.00,5,0,0.00,7,30,18,75,7,47,2,0,0.00,99,0,0.00,0.00,0.18,0.18,2,2,1,1,0.18,0.18,100.00,0,0.00,99,0,0.00,0,0.00,99,0,0.00,0.00,30,48,23,12,0,0,0,0,0,28,46,65,59,0,21,16,71,45,2,18,67,81,0,0
Otávio Henrique Passos Santos,32,768034800,1994/05/04,Serie A,2026,Midfielder,Fluminense,255,0,255,Brazil,6,0,6,0,0,0,0,0,0,0,0,1,0,1,4,0,4,1,0,0,0,0,0,0,0,1.41,64,43,255,0,0.35,-1,-1,-1,22,900000,6.64,0,48,75.18,35.50,99,213,32.83,197,98,69.53,99,0.00,0.00,0.17,1,0.00,0.17,1.41,0.67,4,0.00,0.17,0.00,0.00,0.00,0.33,0.17,0.83,0.00,1.06,0.33,0.17,0.00,0.17,0.04,0.00,0.50,0.00,0.00,0,0,,3,0.50,51,1,0.35,54,2,0.71,49,0,5,1,51,0.00,99,0,2,0.71,46,1,30,0.35,34,0,0.00,99,0,0.00,0,0,0.00,0,0.35,26,1,0.35,21,1,0.35,100.00,0,0.00,0,0,0,0.00,0,5,0.00,26,1.76,83,N/A,N/A,N/A,N/A,0.00,0,0.00,0,0.23,0.00,0,92.49,33.33,62,42,0.33,0.71,2,38,99,0,0,0,0.17,0.35,1,63,39.81,1.17,2.47,7,0,0.00,0.00,99,0.00,0,0,0,0.00,0.00,0,0.00,0.00,0.35,0.17,1,0,0.00,45,0,4,46,27,0.42,60,0.07,0.15,0.23,41,0.04,0.08,36,2,0.33,0.71,1.76,0.83,81,5,0.08,40,30,66,75,0,87,57,0,0.00,99,3,0.00,1.06,6.35,3.00,18,10,30,18,3.53,1.67,55.56,1,0.35,69,0,0.00,0,0.00,99,0,0.00,0.00,30,0,74,12,0,0,0,0,0,28,46,65,59,0,65,32,33,82,1,17,62,94,N/A,N/A
Pablo de Paula Cardoso,23,1044950400,2003/02/11,Serie A,2026,Goalkeeper,Vasco da Gama,0,0,0,Brazil,0,0,0,0,0,0,0,0,0,0,0,0,0,0,0,0,0,0,0,0,0,0,0,0,0,0,0,0,0,0,0,-1,-1,-1,-1,N/A,N/A,N/A,N/A,N/A,N/A,N/A,N/A,N/A,N/A,N/A,N/A,N/A,N/A,N/A,N/A,N/A,N/A,N/A,N/A,N/A,N/A,N/A,N/A,N/A,N/A,N/A,N/A,N/A,N/A,N/A,N/A,N/A,N/A,N/A,N/A,N/A,N/A,N/A,N/A,N/A,N/A,N/A,N/A,N/A,N/A,N/A,N/A,N/A,N/A,N/A,N/A,N/A,N/A,N/A,N/A,N/A,N/A,N/A,N/A,N/A,N/A,N/A,N/A,N/A,N/A,N/A,N/A,N/A,N/A,N/A,N/A,N/A,N/A,N/A,N/A,N/A,N/A,N/A,N/A,N/A,N/A,N/A,N/A,N/A,N/A,N/A,N/A,N/A,N/A,N/A,N/A,N/A,N/A,N/A,N/A,N/A,N/A,N/A,N/A,N/A,N/A,N/A,N/A,N/A,N/A,N/A,N/A,N/A,N/A,N/A,N/A,N/A,N/A,N/A,N/A,N/A,N/A,N/A,N/A,N/A,N/A,N/A,N/A,N/A,N/A,N/A,N/A,N/A,N/A,N/A,N/A,N/A,N/A,N/A,N/A,N/A,N/A,N/A,N/A,N/A,N/A,N/A,N/A,N/A,N/A,N/A,N/A,N/A,N/A,N/A,N/A,N/A,N/A,N/A,N/A,N/A,N/A,N/A,N/A,N/A,N/A,N/A,N/A,N/A,N/A,N/A,N/A,N/A,N/A,N/A,N/A,N/A,N/A,N/A,N/A,N/A,N/A,N/A,N/A,N/A,N/A,N/A,N/A,N/A,N/A,N/A,N/A,N/A,N/A,N/A,N/A,N/A,N/A,N/A,N/A,N/A,N/A,N/A,N/A,N/A,N/A,N/A,N/A,N/A,N/A,N/A,N/A,N/A,N/A,N/A,N/A,N/A,N/A,N/A,N/A,N/A,N/A,N/A,N/A,N/A,N/A,N/A,N/A
Pablo Gonçalves Maia Fortunato,24,1010649600,2002/01/10,Serie A,2026,Midfielder,São Paulo,912,328,584,Brazil,15,7,8,1,1,0,0,0,0,0,0,3,2,1,9,3,6,2,0,0.1,0,0.1,0.27,0,912,0.89,101,61,456,0,0.2,171,382,-1,7,0,6.32,0,48,60.69,41.00,95,615,37.60,564,97,55.66,95,0.00,0.00,0.33,5,0.00,0.27,1.28,0.87,13,0.00,0.33,0.00,0.00,0.00,0.60,0.33,0.73,17.00,1.68,1.00,0.73,0.00,0.13,0.10,0.00,0.47,0.00,0.00,0,0,,17,1.13,71,2,0.20,38,15,1.48,83,5,5,10,47,0.00,99,0,9,0.89,56,4,30,0.39,37,0,0.00,99,0,0.00,0,0,0.00,0,0.49,34,11,1.09,51,5,0.49,45.45,0,0.00,0,0,0,0.00,0,11,0.00,78,1.09,33,N/A,N/A,N/A,N/A,0.00,0,0.00,0,1.50,0.00,0,91.71,11.76,20,53,0.40,0.59,6,50,47,0,0,0,0.40,0.59,6,81,94.85,0.93,1.38,14,0,0.00,0.00,99,0.00,0,0,0,0.00,0.00,0,0.00,0.00,0.00,0.00,0,0,5.88,51,42,41,87,78,1.61,65,0.11,0.16,1.50,61,0.10,0.15,56,11,0.73,1.09,2.17,1.47,92,22,0.15,59,13,49,75,0,47,40,0,0.00,99,7,0.00,0.69,8.19,5.53,83,35,28,43,3.45,2.33,42.17,5,0.49,59,0,0.00,0,0.00,99,0,0.00,0.00,30,43,74,91,0,0,0,0,0,41,60,65,81,0,21,42,66,50,2,13,52,29,0,0
Pablo Lucio,19,1175410800,2007/04/01,Serie A,2026,Midfielder,Flamengo,0,0,0,Brazil,0,0,0,0,0,0,0,0,0,0,0,0,0,0,0,0,0,0,0,0,0,0,0,0,0,0,0,0,0,0,0,-1,-1,-1,-1,N/A,N/A,N/A,N/A,N/A,N/A,N/A,N/A,N/A,N/A,N/A,N/A,N/A,N/A,N/A,N/A,N/A,N/A,N/A,N/A,N/A,N/A,N/A,N/A,N/A,N/A,N/A,N/A,N/A,N/A,N/A,N/A,N/A,N/A,N/A,N/A,N/A,N/A,N/A,N/A,N/A,N/A,N/A,N/A,N/A,N/A,N/A,N/A,N/A,N/A,N/A,N/A,N/A,N/A,N/A,N/A,N/A,N/A,N/A,N/A,N/A,N/A,N/A,N/A,N/A,N/A,N/A,N/A,N/A,N/A,N/A,N/A,N/A,N/A,N/A,N/A,N/A,N/A,N/A,N/A,N/A,N/A,N/A,N/A,N/A,N/A,N/A,N/A,N/A,N/A,N/A,N/A,N/A,N/A,N/A,N/A,N/A,N/A,N/A,N/A,N/A,N/A,N/A,N/A,N/A,N/A,N/A,N/A,N/A,N/A,N/A,N/A,N/A,N/A,N/A,N/A,N/A,N/A,N/A,N/A,N/A,N/A,N/A,N/A,N/A,N/A,N/A,N/A,N/A,N/A,N/A,N/A,N/A,N/A,N/A,N/A,N/A,N/A,N/A,N/A,N/A,N/A,N/A,N/A,N/A,N/A,N/A,N/A,N/A,N/A,N/A,N/A,N/A,N/A,N/A,N/A,N/A,N/A,N/A,N/A,N/A,N/A,N/A,N/A,N/A,N/A,N/A,N/A,N/A,N/A,N/A,N/A,N/A,N/A,N/A,N/A,N/A,N/A,N/A,N/A,N/A,N/A,N/A,N/A,N/A,N/A,N/A,N/A,N/A,N/A,N/A,N/A,N/A,N/A,N/A,N/A,N/A,N/A,N/A,N/A,N/A,N/A,N/A,N/A,N/A,N/A,N/A,N/A,N/A,N/A,N/A,N/A,N/A,N/A,N/A,N/A,N/A,N/A,N/A,N/A,N/A,N/A,N/A,N/A
Pablo Santos de Alcantara,23,1059894000,2003/08/03,Serie A,2026,Midfielder,Vitória,0,0,0,Brazil,0,0,0,0,0,0,0,0,0,0,0,0,0,0,0,0,0,0,0,0,0,0,0,0,0,0,0,0,0,0,0,-1,-1,-1,-1,N/A,N/A,N/A,N/A,N/A,N/A,N/A,N/A,N/A,N/A,N/A,N/A,N/A,N/A,N/A,N/A,N/A,N/A,N/A,N/A,N/A,N/A,N/A,N/A,N/A,N/A,N/A,N/A,N/A,N/A,N/A,N/A,N/A,N/A,N/A,N/A,N/A,N/A,N/A,N/A,N/A,N/A,N/A,N/A,N/A,N/A,N/A,N/A,N/A,N/A,N/A,N/A,N/A,N/A,N/A,N/A,N/A,N/A,N/A,N/A,N/A,N/A,N/A,N/A,N/A,N/A,N/A,N/A,N/A,N/A,N/A,N/A,N/A,N/A,N/A,N/A,N/A,N/A,N/A,N/A,N/A,N/A,N/A,N/A,N/A,N/A,N/A,N/A,N/A,N/A,N/A,N/A,N/A,N/A,N/A,N/A,N/A,N/A,N/A,N/A,N/A,N/A,N/A,N/A,N/A,N/A,N/A,N/A,N/A,N/A,N/A,N/A,N/A,N/A,N/A,N/A,N/A,N/A,N/A,N/A,N/A,N/A,N/A,N/A,N/A,N/A,N/A,N/A,N/A,N/A,N/A,N/A,N/A,N/A,N/A,N/A,N/A,N/A,N/A,N/A,N/A,N/A,N/A,N/A,N/A,N/A,N/A,N/A,N/A,N/A,N/A,N/A,N/A,N/A,N/A,N/A,N/A,N/A,N/A,N/A,N/A,N/A,N/A,N/A,N/A,N/A,N/A,N/A,N/A,N/A,N/A,N/A,N/A,N/A,N/A,N/A,N/A,N/A,N/A,N/A,N/A,N/A,N/A,N/A,N/A,N/A,N/A,N/A,N/A,N/A,N/A,N/A,N/A,N/A,N/A,N/A,N/A,N/A,N/A,N/A,N/A,N/A,N/A,N/A,N/A,N/A,N/A,N/A,N/A,N/A,N/A,N/A,N/A,N/A,N/A,N/A,N/A,N/A,N/A,N/A,N/A,N/A,N/A,N/A
Patrick,34,712393200,1992/07/29,Serie A,2026,Midfielder,Remo,1252,577,675,Brazil,21,10,11,0,0,0,0,0,0,0,0,3,2,1,24,9,15,0,0,0,0,0,0,0,0,1.73,52,60,0,0,0,351,353,-1,32,546000,6.48,0,48,39.25,26.00,59,546,22.19,466,62,33.50,59,0.00,0.00,0.67,14,0.00,1.57,3.09,2.05,43,0.00,0.86,0.00,0.00,0.00,0.38,0.71,1.14,0.00,1.15,0.67,1.00,0.00,0.10,0.05,0.00,0.86,0.00,0.00,0,0,,16,0.76,54,2,0.14,29,14,1.01,65,4,8,13,96,0.00,99,0,8,0.58,41,33,51,2.37,69,0,0.00,99,0,0.00,0,0,0.00,0,1.01,60,21,1.51,64,15,1.08,71.43,0,0.00,0,0,0,0.00,0,24,0.00,9,1.73,82,N/A,N/A,N/A,N/A,0.00,0,0.00,0,1.13,0.00,0,85.35,12.50,22,8,0.86,1.29,18,78,86,0,0,0,0.29,0.43,6,71,136.03,1.10,1.65,23,1,0.00,0.07,6,0.05,0,0,3,0.14,0.22,0,0.00,0.00,0.07,0.05,1,0,0.00,45,63,90,46,9,1.36,36,0.06,0.10,1.13,41,0.05,0.08,74,22,1.05,1.58,0.93,0.62,30,13,0.08,40,19,55,98,0,57,67,0,0.00,99,18,0.00,1.29,11.36,7.52,158,95,93,79,6.83,4.52,60.13,18,1.29,18,0,21.21,0,0.00,99,7,0.33,0.50,68,58,90,83,0,0,0,0,0,28,46,65,59,0,51,27,15,15,0,0,16,8,N/A,N/A
Patrick de Paula Carreiro,26,936774000,1999/09/08,Serie A,2026,Midfielder,Remo,472,259,213,Brazil,6,3,3,0,0,0,2,0,2,0,0,0,0,0,11,5,6,4,0,0.38,0.38,0,0,0,0,2.1,43,79,118,236,0.76,356,10,-1,37,858000,7.10,0.33,98,35.28,30.83,48,185,25.83,155,51,29.56,49,0.00,0.00,1.50,9,0.00,1.17,1.53,1.33,8,0.00,0.83,0.00,0.00,0.00,0.83,1.00,2.00,0.00,3.24,2.17,1.50,0.00,0.67,0.20,0.00,0.67,0.00,0.00,0,0,,17,2.83,97,4,0.76,80,13,2.48,98,2,0,6,56,0.00,99,0,5,0.95,60,7,72,1.33,56,0,0.00,99,0,0.00,0,0,0.00,0,1.72,86,9,1.72,69,6,1.14,66.67,0,0.00,0,0,0,0.00,0,12,0.00,2,2.29,92,N/A,N/A,N/A,N/A,0.00,0,0.00,0,1.20,0.00,0,83.78,23.53,36,14,1.00,1.14,6,80,83,0,0,0,0.17,0.19,1,47,42.59,1.50,1.72,9,0,0.00,0.00,99,0.00,0,0,0,0.00,0.00,0,0.00,0.00,0.00,0.00,0,0,0.00,45,9,4,46,2,1.83,97,0.30,0.35,1.20,74,0.20,0.23,92,13,2.17,2.48,1.53,1.33,68,8,0.23,72,92,56,75,0,47,43,0,0.00,99,4,0.00,0.76,10.30,9.00,54,30,80,69,5.72,5.00,55.56,5,0.95,31,0,28.57,0,0.00,99,2,0.33,0.38,62,21,23,56,0,0,0,0,0,81,46,65,59,0,63,5,16,99,4,67,99,12,N/A,N/A
Patrick Roberto da Silva Campos,22,1079683200,2004/03/19,Serie A,2026,Midfielder,Atlético Mineiro,0,0,0,Brazil,0,0,0,0,0,0,0,0,0,0,0,0,0,0,0,0,0,0,0,0,0,0,0,0,0,0,0,0,0,0,0,-1,-1,-1,-1,N/A,N/A,N/A,N/A,N/A,N/A,N/A,N/A,N/A,N/A,N/A,N/A,N/A,N/A,N/A,N/A,N/A,N/A,N/A,N/A,N/A,N/A,N/A,N/A,N/A,N/A,N/A,N/A,N/A,N/A,N/A,N/A,N/A,N/A,N/A,N/A,N/A,N/A,N/A,N/A,N/A,N/A,N/A,N/A,N/A,N/A,N/A,N/A,N/A,N/A,N/A,N/A,N/A,N/A,N/A,N/A,N/A,N/A,N/A,N/A,N/A,N/A,N/A,N/A,N/A,N/A,N/A,N/A,N/A,N/A,N/A,N/A,N/A,N/A,N/A,N/A,N/A,N/A,N/A,N/A,N/A,N/A,N/A,N/A,N/A,N/A,N/A,N/A,N/A,N/A,N/A,N/A,N/A,N/A,N/A,N/A,N/A,N/A,N/A,N/A,N/A,N/A,N/A,N/A,N/A,N/A,N/A,N/A,N/A,N/A,N/A,N/A,N/A,N/A,N/A,N/A,N/A,N/A,N/A,N/A,N/A,N/A,N/A,N/A,N/A,N/A,N/A,N/A,N/A,N/A,N/A,N/A,N/A,N/A,N/A,N/A,N/A,N/A,N/A,N/A,N/A,N/A,N/A,N/A,N/A,N/A,N/A,N/A,N/A,N/A,N/A,N/A,N/A,N/A,N/A,N/A,N/A,N/A,N/A,N/A,N/A,N/A,N/A,N/A,N/A,N/A,N/A,N/A,N/A,N/A,N/A,N/A,N/A,N/A,N/A,N/A,N/A,N/A,N/A,N/A,N/A,N/A,N/A,N/A,N/A,N/A,N/A,N/A,N/A,N/A,N/A,N/A,N/A,N/A,N/A,N/A,N/A,N/A,N/A,N/A,N/A,N/A,N/A,N/A,N/A,N/A,N/A,N/A,N/A,N/A,N/A,N/A,N/A,N/A,N/A,N/A,N/A,N/A,N/A,N/A,N/A,N/A,N/A,N/A
Paulinho,26,963644400,2000/07/15,Serie A,2026,Forward,Palmeiras,144,127,17,Brazil,6,4,2,2,1,1,0,0,0,0,0,2,1,1,1,1,0,1,0,1.25,0,1.25,0.71,5.29,72,0.63,144,24,144,0,0.63,-1,-1,-1,9,0,6.86,0,48,48.12,12.83,78,77,11.83,71,98,44.38,82,0.00,0.00,0.17,1,0.00,0.67,0.00,0.00,0,0.00,0.17,0.00,0.00,0.00,0.00,0.67,0.17,3.00,3.75,0.67,1.17,0.00,0.33,0.27,0.00,0.00,0.00,0.00,0,0,,6,1.00,98,2,1.25,95,4,2.50,98,1,5,1,5,0.00,99,0,0,0.00,10,4,30,2.50,71,0,0.00,99,0,0.00,0,0,0.00,0,0.62,38,7,4.38,95,4,2.50,57.14,0,0.00,0,0,0,0.00,0,1,0.00,95,0.62,3,N/A,N/A,N/A,N/A,0.00,0,0.00,0,1.59,0.00,0,92.21,33.33,62,50,0.17,0.62,1,98,69,0,0,0,0.00,0.00,0,24,41.15,0.00,0.00,0,0,0.00,0.00,99,0.00,0,0,0,0.00,0.00,0,0.00,0.00,0.00,0.00,0,0,33.33,99,0,4,46,95,0.16,36,0.03,0.10,1.59,99,0.27,0.99,93,4,0.67,2.50,0.62,0.17,18,1,0.99,99,63,0,75,0,47,2,0,0.00,99,0,0.00,0.00,10.00,2.67,16,8,66,66,5.00,1.33,50.00,1,0.62,49,0,0.00,0,0.00,99,0,0.00,0.00,30,0,74,35,0,0,0,0,0,99,99,99,99,0,21,75,18,97,1,17,62,10,0,0
Paulinho,31,789120000,1995/01/03,Serie A,2026,Defender,Botafogo,20,20,0,Brazil,1,1,0,0,0,0,0,0,0,0,0,0,0,0,0,0,0,0,0,0,0,0,0,0,0,0,0,20,0,0,0,-1,-1,-1,20,0,6.88,0,48,58.50,13.00,92,13,13.00,13,99,58.50,96,0.00,0.00,2.00,2,0.00,5.00,0.00,0.00,0,0.00,0.00,0.00,0.00,0.00,0.00,0.00,0.00,0.00,0.00,0.00,0.00,0.00,0.00,0.00,0.00,0.00,0.00,0.00,0,0,,0,0.00,7,0,0.00,17,0,0.00,7,0,1,0,5,0.00,99,0,0,0.00,10,5,90,22.50,99,0,0.00,99,0,0.00,0,0,0.00,0,9.00,99,0,0.00,9,0,0.00,0.00,0,0.00,0,0,0,0.00,0,0,0.00,99,0.00,0,N/A,N/A,N/A,N/A,0.00,0,0.00,0,0.00,0.00,0,100.00,0.00,17,99,0.00,0.00,0,13,13,0,0,0,0.00,0.00,0,24,6.88,1.00,4.50,1,0,0.00,0.00,99,0.00,0,0,0,0.00,0.00,0,0.00,0.00,0.00,0.00,0,0,0.00,45,0,0,46,0,0.10,99,0.10,0.45,0.00,7,0.00,0.00,1,0,0.00,0.00,4.50,1.00,99,1,0.00,7,66,86,75,0,47,2,0,0.00,99,0,0.00,0.00,4.50,1.00,1,0,0,9,0.00,0.00,0.00,0,0.00,99,0,40.00,0,0.00,99,2,2.00,9.00,99,0,36,12,0,0,0,0,0,28,46,65,59,0,21,5,15,15,0,0,16,29,0,0
Paulo Henrique de Oliveira Alves,30,838278000,1996/07/25,Serie A,2026,Defender,Vasco da Gama,1050,367,683,Brazil,15,7,8,0,0,0,2,1,1,0,0,1,0,1,19,7,12,4,0,0.17,0.17,0,0,0,0,1.63,55,70,263,525,0.34,257,81,162,16,900000,6.77,0.13,82,34.29,26.67,44,400,22.27,334,49,28.63,45,0.00,0.00,1.20,18,0.00,2.87,2.40,1.87,28,0.00,0.53,0.00,0.00,0.00,0.87,1.53,1.40,0.00,0.43,0.27,3.07,0.00,0.07,0.02,0.00,0.87,0.00,0.00,0,0,,5,0.33,18,1,0.09,22,4,0.34,23,3,2,13,87,0.00,99,0,13,1.11,70,43,63,3.69,83,0,0.00,99,0,0.00,0,0,0.00,0,1.54,81,46,3.94,94,23,1.97,50.00,0,0.00,0,0,0,0.00,0,21,0.00,12,1.80,84,N/A,N/A,N/A,N/A,0.00,0,0.00,0,0.30,0.00,0,83.50,20.00,31,51,0.47,0.60,7,94,59,0,0,0,0.20,0.26,3,53,101.50,2.47,3.17,37,1,0.00,0.09,3,0.07,0,0,0,0.00,0.00,0,0.00,0.00,0.00,0.00,0,0,0.00,45,51,41,46,12,2.59,83,0.17,0.22,0.30,20,0.02,0.03,80,21,1.40,1.80,1.46,1.13,63,17,0.03,19,51,76,75,0,47,59,0,0.00,99,13,0.00,1.11,12.69,9.87,148,84,95,88,7.20,5.60,56.76,8,0.69,45,0,25.58,0,0.00,99,11,0.73,0.94,84,58,46,72,0,0,0,0,0,55,46,65,59,0,65,12,34,81,4,27,87,96,N/A,N/A
Paulo Lucas de Paula,29,852710400,1997/01/08,Serie A,2026,Midfielder,Internacional,858,401,457,Brazil,18,11,7,0,0,0,0,0,0,0,0,5,3,2,10,6,4,6,0,0,0,0,0,0,0,1.05,86,48,143,0,0.63,342,339,-1,22,0,6.30,0,48,45.73,24.22,74,436,21.22,382,78,40.07,75,0.00,0.00,0.44,8,0.00,0.56,2.52,1.33,24,0.00,0.83,0.00,0.00,0.00,0.44,0.33,0.61,0.00,1.26,0.39,0.83,0.00,0.28,0.05,0.00,0.44,0.00,0.00,0,0,,12,0.67,58,5,0.52,68,7,0.73,51,3,9,9,91,0.00,99,0,8,0.84,54,10,34,1.05,53,0,0.00,99,0,0.00,0,0,0.00,0,0.84,49,15,1.57,65,6,0.63,40.00,0,0.00,0,0,0,0.00,0,11,0.00,59,1.15,42,N/A,N/A,N/A,N/A,0.00,0,0.00,0,0.96,0.00,0,87.61,41.67,79,3,0.83,1.57,15,59,37,0,0,0,0.39,0.73,7,87,113.47,0.50,0.94,9,0,0.00,0.00,99,0.00,0,0,0,0.00,0.00,0,0.00,0.00,0.10,0.06,1,0,0.00,45,38,68,46,60,1.11,45,0.06,0.12,0.96,50,0.05,0.10,82,18,1.00,1.89,2.62,1.39,98,25,0.10,48,12,34,75,0,64,46,0,0.00,99,8,0.00,0.84,13.53,7.17,129,56,83,92,5.87,3.11,43.41,15,1.57,10,0,10.00,0,0.00,99,1,0.06,0.10,38,37,94,72,0,0,0,0,0,28,46,65,59,0,21,64,18,97,6,33,94,27,0,0
Paulo Ricardo Alves Ibelli,22,1088492400,2004/06/29,Serie A,2026,Defender,Vasco da Gama,0,0,0,Brazil,0,0,0,0,0,0,0,0,0,0,0,0,0,0,0,0,0,0,0,0,0,0,0,0,0,0,0,0,0,0,0,-1,-1,-1,-1,N/A,N/A,N/A,N/A,N/A,N/A,N/A,N/A,N/A,N/A,N/A,N/A,N/A,N/A,N/A,N/A,N/A,N/A,N/A,N/A,N/A,N/A,N/A,N/A,N/A,N/A,N/A,N/A,N/A,N/A,N/A,N/A,N/A,N/A,N/A,N/A,N/A,N/A,N/A,N/A,N/A,N/A,N/A,N/A,N/A,N/A,N/A,N/A,N/A,N/A,N/A,N/A,N/A,N/A,N/A,N/A,N/A,N/A,N/A,N/A,N/A,N/A,N/A,N/A,N/A,N/A,N/A,N/A,N/A,N/A,N/A,N/A,N/A,N/A,N/A,N/A,N/A,N/A,N/A,N/A,N/A,N/A,N/A,N/A,N/A,N/A,N/A,N/A,N/A,N/A,N/A,N/A,N/A,N/A,N/A,N/A,N/A,N/A,N/A,N/A,N/A,N/A,N/A,N/A,N/A,N/A,N/A,N/A,N/A,N/A,N/A,N/A,N/A,N/A,N/A,N/A,N/A,N/A,N/A,N/A,N/A,N/A,N/A,N/A,N/A,N/A,N/A,N/A,N/A,N/A,N/A,N/A,N/A,N/A,N/A,N/A,N/A,N/A,N/A,N/A,N/A,N/A,N/A,N/A,N/A,N/A,N/A,N/A,N/A,N/A,N/A,N/A,N/A,N/A,N/A,N/A,N/A,N/A,N/A,N/A,N/A,N/A,N/A,N/A,N/A,N/A,N/A,N/A,N/A,N/A,N/A,N/A,N/A,N/A,N/A,N/A,N/A,N/A,N/A,N/A,N/A,N/A,N/A,N/A,N/A,N/A,N/A,N/A,N/A,N/A,N/A,N/A,N/A,N/A,N/A,N/A,N/A,N/A,N/A,N/A,N/A,N/A,N/A,N/A,N/A,N/A,N/A,N/A,N/A,N/A,N/A,N/A,N/A,N/A,N/A,N/A,N/A,N/A,N/A,N/A,N/A,N/A,N/A,N/A
Paulo Roberto da Silva Souza,21,1116572400,2005/05/20,Serie A,2026,Midfielder,Coritiba,44,28,16,Brazil,2,1,1,1,1,0,0,0,0,0,0,0,0,0,0,0,0,0,0,2.05,0,2.05,3.21,0,44,0,0,22,0,0,0,-1,-1,-1,5,0,6.68,0,48,12.20,2.67,2,8,1.67,5,1,7.63,1,0.00,0.00,0.33,1,0.00,0.00,3.05,0.67,2,0.00,0.67,0.00,0.00,0.00,0.67,0.00,0.33,1.00,1.53,0.00,0.00,0.00,0.33,0.25,0.00,0.33,0.00,0.00,0,0,,1,0.33,67,1,1.53,98,0,0.00,7,0,2,0,96,0.00,99,0,2,3.05,99,0,30,0.00,16,0,0.00,99,0,0.00,0,0,0.00,0,1.53,81,0,0.00,9,0,0.00,0.00,0,0.00,0,0,0,0.00,0,1,0.00,99,1.53,71,N/A,N/A,N/A,N/A,0.00,0,0.00,0,0.75,0.00,0,62.50,100.00,99,3,0.33,1.53,1,13,13,0,0,0,0.00,0.00,0,24,20.04,1.00,4.58,3,0,0.00,0.00,99,0.00,0,0,0,0.00,0.00,0,0.00,0.00,0.00,0.00,0,0,100.00,99,0,0,46,0,0.05,22,0.02,0.08,0.75,99,0.25,1.14,72,1,0.33,1.53,3.05,0.67,99,2,1.14,99,37,86,75,0,47,73,0,0.00,99,1,0.00,1.53,19.83,4.33,13,3,53,99,4.58,1.00,23.08,2,3.05,0,0,0.00,0,0.00,99,0,0.00,0.00,30,0,46,12,0,0,0,0,0,99,99,65,99,0,21,5,15,15,0,0,16,18,0,0
Paulo Sérgio da Costa Evangelista Junior,19,1158822000,2006/09/21,Serie A,2026,Midfielder,Remo,1,0,1,Brazil,1,0,1,0,0,0,0,0,0,0,0,0,0,0,0,0,0,0,0,0,0,0,0,0,0,0,0,1,0,0,0,-1,-1,-1,19,0,0.00,0,48,0.00,0.00,0,0,0.00,0,0,0.00,0,0.00,0.00,0.00,0,0.00,0.00,0.00,0.00,0,0.00,0.00,0.00,0.00,0.00,0.00,1.00,0.00,0.00,0.00,0.00,1.00,0.00,0.00,0.00,0.00,0.00,0.00,0.00,0,0,,0,0.00,7,0,0.00,17,0,0.00,7,0,1,0,5,0.00,99,0,0,0.00,10,0,30,0.00,16,0,0.00,99,0,0.00,0,0,0.00,0,0.00,8,1,90.00,99,1,90.00,100.00,0,0.00,0,0,0,0.00,0,0,0.00,99,0.00,0,N/A,N/A,N/A,N/A,0.00,0,0.00,0,0.00,0.00,0,0.00,0.00,17,99,0.00,0.00,0,99,99,0,0,0,0.00,0.00,0,24,0.00,0.00,0.00,0,0,0.00,0.00,99,0.00,0,0,0,0.00,0.00,0,0.00,0.00,0.00,0.00,0,0,0.00,45,0,0,46,0,0.00,0,0.00,0.00,0.00,7,0.00,0.00,99,1,1.00,90.00,0.00,0.00,5,0,0.00,7,0,0,75,0,47,2,0,0.00,99,0,0.00,0.00,180.00,2.00,2,2,99,99,180.00,2.00,100.00,0,0.00,99,0,0.00,0,0.00,99,0,0.00,0.00,30,0,36,12,0,0,0,0,0,28,46,65,59,0,21,5,15,15,0,0,16,61,0,0
Pedro Cobra Rodrigues,20,1147762800,2006/05/16,Serie A,2026,Goalkeeper,Atlético Mineiro,0,0,0,Brazil,0,0,0,0,0,0,0,0,0,0,0,0,0,0,0,0,0,0,0,0,0,0,0,0,0,0,0,0,0,0,0,-1,-1,-1,-1,N/A,N/A,N/A,N/A,N/A,N/A,N/A,N/A,N/A,N/A,N/A,N/A,N/A,N/A,N/A,N/A,N/A,N/A,N/A,N/A,N/A,N/A,N/A,N/A,N/A,N/A,N/A,N/A,N/A,N/A,N/A,N/A,N/A,N/A,N/A,N/A,N/A,N/A,N/A,N/A,N/A,N/A,N/A,N/A,N/A,N/A,N/A,N/A,N/A,N/A,N/A,N/A,N/A,N/A,N/A,N/A,N/A,N/A,N/A,N/A,N/A,N/A,N/A,N/A,N/A,N/A,N/A,N/A,N/A,N/A,N/A,N/A,N/A,N/A,N/A,N/A,N/A,N/A,N/A,N/A,N/A,N/A,N/A,N/A,N/A,N/A,N/A,N/A,N/A,N/A,N/A,N/A,N/A,N/A,N/A,N/A,N/A,N/A,N/A,N/A,N/A,N/A,N/A,N/A,N/A,N/A,N/A,N/A,N/A,N/A,N/A,N/A,N/A,N/A,N/A,N/A,N/A,N/A,N/A,N/A,N/A,N/A,N/A,N/A,N/A,N/A,N/A,N/A,N/A,N/A,N/A,N/A,N/A,N/A,N/A,N/A,N/A,N/A,N/A,N/A,N/A,N/A,N/A,N/A,N/A,N/A,N/A,N/A,N/A,N/A,N/A,N/A,N/A,N/A,N/A,N/A,N/A,N/A,N/A,N/A,N/A,N/A,N/A,N/A,N/A,N/A,N/A,N/A,N/A,N/A,N/A,N/A,N/A,N/A,N/A,N/A,N/A,N/A,N/A,N/A,N/A,N/A,N/A,N/A,N/A,N/A,N/A,N/A,N/A,N/A,N/A,N/A,N/A,N/A,N/A,N/A,N/A,N/A,N/A,N/A,N/A,N/A,N/A,N/A,N/A,N/A,N/A,N/A,N/A,N/A,N/A,N/A,N/A,N/A,N/A,N/A,N/A,N/A,N/A,N/A,N/A,N/A,N/A,N/A
Pedro Felipe De Faria Rangel,26,962262000,2000/06/29,Serie A,2026,Goalkeeper,Coritiba,1474,664,810,Brazil,17,8,9,0,0,0,0,0,0,0,0,6,2,4,20,8,12,1,0,0,0,0,0,0,0,1.22,74,87,1474,0,0.06,295,258,105,21,265000,6.89,0,48,29.86,28.76,29,489,16.29,277,0,16.91,15,0.00,0.00,0.00,0,0.00,0.00,0.18,0.18,3,0.00,0.00,0.00,0.00,3.12,0.06,0.00,4.41,0.00,0.00,0.00,0.00,0.00,0.00,0.00,0.00,0.41,0.00,0.00,0,0,,0,0.00,7,0,0.00,17,0,0.00,7,0,1,16,8,0.00,99,0,1,0.06,12,0,30,0.00,16,0,0.00,99,0,0.00,0,0,0.00,0,0.00,8,0,0.00,9,0,0.00,0.00,0,0.00,0,53,68,3.24,76,75,0.00,42,4.58,98,N/A,N/A,N/A,N/A,70.67,0,0.00,0,0.00,0.00,0,56.65,0.00,17,99,0.00,0.00,0,13,13,0,0,25,0.00,0.00,0,24,117.08,0.94,0.98,16,0,0.00,0.00,99,0.00,0,0,0,0.00,0.00,11,0.65,0.67,0.00,0.00,0,0,0.00,45,78,61,46,42,0.50,4,0.03,0.03,0.00,7,0.00,0.00,12,4,0.24,0.24,0.00,0.00,5,0,0.00,7,68,36,75,85,47,21,0,0.00,99,7,0.00,0.43,0.85,0.82,14,13,6,6,0.79,0.76,92.86,0,0.00,99,0,0.00,0,0.00,99,0,0.00,0.00,30,76,36,12,0,0,0,0,0,28,46,65,59,0,34,78,97,19,1,6,29,12,N/A,N/A
Pedro Gabriel Crisostomo Pinheiro,19,1181113200,2007/06/06,Serie A,2026,Defender,Grêmio,837,277,560,Brazil,12,5,7,0,0,0,1,0,1,0,0,4,2,2,11,3,8,4,0,0.11,0.11,0,0,0,0,1.18,76,70,209,837,0.43,245,137,96,16,0,6.57,0.08,69,30.43,23.58,31,283,19.67,236,49,25.38,35,0.00,0.00,0.67,8,0.00,3.00,2.37,1.83,22,0.00,0.42,0.00,0.00,0.00,0.67,0.25,0.92,0.00,0.65,0.25,0.92,0.00,0.25,0.04,0.00,0.75,0.00,0.00,0,0,,6,0.50,33,3,0.32,52,3,0.32,21,2,2,10,86,0.00,99,0,8,0.86,54,36,69,3.87,85,0,0.00,99,0,0.00,0,0,0.00,0,0.86,51,11,1.18,55,3,0.32,27.27,0,0.00,0,0,0,0.00,0,11,0.00,46,1.18,44,N/A,N/A,N/A,N/A,0.00,0,0.00,0,0.50,0.00,0,83.39,50.00,92,0,1.58,2.04,19,35,19,0,0,0,0.25,0.32,3,60,78.82,1.67,2.15,20,0,0.00,0.00,99,0.00,0,0,0,0.00,0.00,0,0.00,0.00,0.00,0.00,0,0,0.00,45,36,24,46,46,1.42,60,0.12,0.15,0.50,31,0.04,0.05,9,2,0.17,0.22,1.72,1.33,78,16,0.05,30,22,62,75,0,47,54,0,0.00,99,9,0.00,0.97,10.65,8.25,99,34,33,73,3.66,2.83,34.34,5,0.54,55,0,27.78,0,0.00,99,10,0.83,1.08,88,43,46,56,0,0,0,0,0,42,46,65,59,0,21,75,27,89,4,33,94,54,0,0
Pedro Guilherme Abreu dos Santos,29,866790000,1997/06/20,Serie A,2026,Forward,Flamengo,1863,813,1050,Brazil,23,10,13,15,4,11,4,2,2,0,0,9,5,4,15,5,10,1,0,0.92,0.19,0.72,0.44,0.94,124,0.72,124,81,1863,466,0.05,3,65,-1,1,2269841,7.37,0.17,86,18.70,16.83,9,387,12.96,298,21,14.40,9,0.00,0.00,1.00,23,0.00,0.13,0.92,0.83,19,0.00,1.00,0.00,0.00,0.00,0.30,1.13,0.65,3.40,2.46,0.96,1.57,0.00,1.26,0.60,0.00,0.43,0.00,0.00,0,0,,51,2.22,86,29,1.40,97,22,1.06,68,2,1,22,29,0.00,99,0,7,0.34,24,3,30,0.14,22,0,0.00,99,0,0.00,0,0,0.00,0,1.11,65,36,1.74,70,26,1.26,72.22,0,0.00,0,0,0,0.00,0,15,0.00,92,0.72,5,N/A,N/A,N/A,N/A,0.00,0,0.00,0,13.76,0.00,0,77.00,56.86,96,72,0.39,0.43,9,83,87,0,0,0,0.00,0.00,0,24,169.44,0.39,0.43,9,0,0.00,0.00,99,0.00,0,0,1,0.04,0.05,0,0.00,0.00,0.14,0.13,3,1,29.41,97,95,99,46,91,3.79,72,0.16,0.18,13.76,99,0.60,0.66,54,22,0.96,1.06,0.77,0.70,23,16,0.66,99,99,11,77,0,72,24,0,0.00,99,10,0.00,0.48,7.20,6.48,149,75,31,31,3.62,3.26,50.34,23,1.11,25,0,0.00,0,0.00,99,0,0.00,0.00,30,96,36,56,0,4,0,17,0,99,99,99,91,0,92,87,99,17,1,4,18,9,N/A,N/A
Pedro Henrique,30,812617200,1995/10/02,Serie A,2026,Defender,Bragantino,1138,620,518,Brazil,16,8,8,1,0,1,0,0,0,0,0,6,4,2,13,6,7,3,0,0.08,0,0.08,0,0.17,1138,1.03,88,71,379,0,0.24,188,320,65,9,700000,6.93,0,48,46.98,37.12,76,594,31.12,498,52,39.38,74,0.00,0.00,0.06,1,0.00,0.38,0.95,0.75,12,0.00,0.00,0.00,0.00,0.00,0.75,0.12,0.88,7.00,0.55,0.31,0.19,0.00,0.12,0.07,0.00,2.69,0.00,0.00,0,0,,7,0.44,26,2,0.16,33,5,0.40,28,0,5,11,30,0.00,99,0,12,0.95,60,6,30,0.47,40,0,0.00,99,0,0.00,0,0,0.00,0,0.08,9,3,0.24,17,2,0.16,66.67,0,0.00,0,0,0,0.00,0,14,0.00,62,1.11,36,N/A,N/A,N/A,N/A,0.00,0,0.00,0,1.09,0.00,0,83.84,28.57,47,67,0.38,0.47,6,22,83,0,0,0,0.81,1.03,13,95,110.90,4.44,5.62,71,0,0.00,0.00,99,0.00,0,0,0,0.00,0.00,0,0.00,0.00,0.08,0.06,1,0,14.29,81,57,50,91,63,1.14,32,0.07,0.09,1.09,46,0.07,0.09,46,12,0.75,0.95,0.55,0.44,16,7,0.09,44,74,92,75,0,60,98,0,0.00,99,43,0.00,3.40,7.51,5.94,95,65,69,36,5.14,4.06,68.42,0,0.00,99,0,0.00,0,0.00,99,0,0.00,0.00,30,48,74,12,0,0,0,0,0,37,56,75,59,0,57,85,55,61,3,19,69,14,N/A,N/A
Pedro Henrique da Silva Ferreira,22,1070956800,2003/12/09,Serie A,2026,Midfielder,São Paulo,64,50,14,Brazil,3,2,1,0,0,0,0,0,0,0,0,1,1,0,0,0,0,0,0,0,0,0,0,0,0,0,0,21,0,0,0,-1,-1,-1,26,80000,6.46,0,48,39.38,9.33,59,28,8.33,25,87,35.16,63,0.00,0.00,0.00,0,0.00,0.00,1.41,0.33,1,0.00,0.67,0.00,0.00,0.00,0.00,0.33,0.33,0.00,1.41,0.00,0.67,0.00,0.33,0.04,0.00,0.00,0.00,0.00,0,0,,1,0.33,63,1,1.41,97,0,0.00,7,2,3,0,51,0.00,99,0,0,0.00,10,0,30,0.00,16,0,0.00,99,0,0.00,0,0,0.00,0,0.00,8,2,2.81,87,1,1.41,50.00,0,0.00,0,0,0,0.00,0,1,0.00,99,1.41,61,N/A,N/A,N/A,N/A,0.00,0,0.00,0,0.13,0.00,0,89.29,100.00,99,5,0.33,1.41,1,85,59,0,0,0,0.00,0.00,0,24,19.38,0.00,0.00,0,0,0.00,0.00,99,0.00,0,0,0,0.00,0.00,0,0.00,0.00,0.00,0.00,0,0,0.00,45,0,0,46,0,0.06,22,0.02,0.08,0.13,66,0.04,0.18,99,4,1.33,5.62,2.81,0.67,99,2,0.18,64,18,0,75,0,47,2,0,0.00,99,0,0.00,0.00,21.09,5.00,15,6,98,99,8.44,2.00,40.00,2,2.81,0,0,0.00,0,0.00,99,0,0.00,0.00,30,0,56,56,0,0,0,0,0,28,46,65,59,0,22,75,15,15,0,0,16,46,N/A,N/A
Pedro Henrique Perotti,28,880185600,1997/11/22,Serie A,2026,Forward,Chapecoense,18,18,0,Brazil,2,2,0,0,0,0,0,0,0,0,0,1,1,0,0,0,0,0,0,0,0,0,0,0,0,0,0,9,0,0,0,-1,-1,-1,34,192000,6.64,0,48,35.00,3.50,47,7,2.00,4,0,20.00,21,0.00,0.00,0.50,1,0.00,0.00,10.00,1.00,2,0.00,0.00,0.00,0.00,0.00,0.00,0.00,0.00,0.00,0.00,0.00,0.00,0.00,0.00,0.00,0.00,1.00,0.00,0.00,0,0,,0,0.00,7,0,0.00,17,0,0.00,7,0,2,0,99,0.00,99,0,0,0.00,10,0,30,0.00,16,0,0.00,99,0,0.00,0,0,0.00,0,5.00,99,0,0.00,9,0,0.00,0.00,0,0.00,0,0,0,0.00,0,0,0.00,99,0.00,0,N/A,N/A,N/A,N/A,0.00,0,0.00,0,0.00,0.00,0,57.14,0.00,17,0,0.50,5.00,1,13,13,0,0,0,0.00,0.00,0,24,13.29,0.00,0.00,0,0,0.00,0.00,99,0.00,0,0,0,0.00,0.00,0,0.00,0.00,0.00,0.00,0,0,0.00,45,0,0,46,0,0.05,89,0.03,0.25,0.00,7,0.00,0.00,99,2,1.00,10.00,10.00,1.00,99,2,0.00,7,30,0,75,0,47,99,0,0.00,99,2,0.00,10.00,55.00,5.50,11,6,99,99,30.00,3.00,54.55,0,0.00,99,0,0.00,0,0.00,99,0,0.00,0.00,30,0,46,12,0,0,0,0,0,28,46,65,59,0,29,98,15,15,0,0,16,9,N/A,N/A
Pedro Kauã Rodrigues Machado,20,1143619200,2006/03/29,Serie A,2026,Defender,Internacional,0,0,0,Brazil,0,0,0,0,0,0,0,0,0,0,0,0,0,0,0,0,0,0,0,0,0,0,0,0,0,0,0,0,0,0,0,-1,-1,-1,-1,N/A,N/A,N/A,N/A,N/A,N/A,N/A,N/A,N/A,N/A,N/A,N/A,N/A,N/A,N/A,N/A,N/A,N/A,N/A,N/A,N/A,N/A,N/A,N/A,N/A,N/A,N/A,N/A,N/A,N/A,N/A,N/A,N/A,N/A,N/A,N/A,N/A,N/A,N/A,N/A,N/A,N/A,N/A,N/A,N/A,N/A,N/A,N/A,N/A,N/A,N/A,N/A,N/A,N/A,N/A,N/A,N/A,N/A,N/A,N/A,N/A,N/A,N/A,N/A,N/A,N/A,N/A,N/A,N/A,N/A,N/A,N/A,N/A,N/A,N/A,N/A,N/A,N/A,N/A,N/A,N/A,N/A,N/A,N/A,N/A,N/A,N/A,N/A,N/A,N/A,N/A,N/A,N/A,N/A,N/A,N/A,N/A,N/A,N/A,N/A,N/A,N/A,N/A,N/A,N/A,N/A,N/A,N/A,N/A,N/A,N/A,N/A,N/A,N/A,N/A,N/A,N/A,N/A,N/A,N/A,N/A,N/A,N/A,N/A,N/A,N/A,N/A,N/A,N/A,N/A,N/A,N/A,N/A,N/A,N/A,N/A,N/A,N/A,N/A,N/A,N/A,N/A,N/A,N/A,N/A,N/A,N/A,N/A,N/A,N/A,N/A,N/A,N/A,N/A,N/A,N/A,N/A,N/A,N/A,N/A,N/A,N/A,N/A,N/A,N/A,N/A,N/A,N/A,N/A,N/A,N/A,N/A,N/A,N/A,N/A,N/A,N/A,N/A,N/A,N/A,N/A,N/A,N/A,N/A,N/A,N/A,N/A,N/A,N/A,N/A,N/A,N/A,N/A,N/A,N/A,N/A,N/A,N/A,N/A,N/A,N/A,N/A,N/A,N/A,N/A,N/A,N/A,N/A,N/A,N/A,N/A,N/A,N/A,N/A,N/A,N/A,N/A,N/A,N/A,N/A,N/A,N/A,N/A,N/A
Pedro Luccas Morisco da Silva,22,1073721600,2004/01/10,Serie A,2026,Goalkeeper,Coritiba,686,416,270,Brazil,8,5,3,0,0,0,0,0,0,0,0,0,0,0,5,1,4,1,0,0,0,0,0,0,0,0.66,137,86,686,0,0.13,311,309,13,30,553000,7.09,0,48,31.36,29.88,35,239,17.38,139,1,18.24,19,0.00,0.00,0.00,0,0.00,0.00,0.00,0.00,0,0.00,0.00,0.00,0.00,4.12,0.12,0.00,5.25,0.00,0.00,0.00,0.00,0.00,0.00,0.00,0.00,0.00,0.00,0.00,0,0,,0,0.00,7,0,0.00,17,0,0.00,7,1,0,8,5,0.00,99,0,1,0.13,15,0,30,0.00,16,0,0.00,99,0,0.00,0,0,0.00,0,0.00,8,0,0.00,9,0,0.00,0.00,0,0.00,0,33,97,4.33,97,42,0.00,95,5.51,99,N/A,N/A,N/A,N/A,78.57,0,0.00,0,0.00,0.00,0,58.16,0.00,17,99,0.00,0.00,0,13,13,0,0,18,0.12,0.13,1,37,56.76,1.25,1.31,10,1,0.00,0.13,1,0.12,0,0,0,0.00,0.00,5,0.62,0.66,0.00,0.00,0,0,0.00,45,28,8,46,95,0.33,6,0.04,0.04,0.00,7,0.00,0.00,12,2,0.25,0.26,0.13,0.12,7,1,0.00,7,90,47,75,78,47,2,0,0.00,99,0,0.00,0.00,0.39,0.38,3,2,3,3,0.26,0.25,66.67,0,0.00,99,0,0.00,0,0.00,99,0,0.00,0.00,30,32,23,35,0,0,0,0,0,28,46,65,59,0,52,5,84,32,1,12,49,1,N/A,N/A
Pedro Milans Carámbula,24,1016956800,2002/03/24,Serie A,2026,Defender,Corinthians,388,90,298,Uruguay,6,1,5,0,0,0,0,0,0,0,0,3,1,2,2,0,2,0,0,0,0,0,0,0,0,0.46,194,65,0,0,0,418,412,4,21,800000,6.72,0,48,30.62,22.00,32,132,18.00,108,38,25.05,34,0.00,0.00,0.33,2,0.00,1.00,1.62,1.17,7,0.00,0.17,0.00,0.00,0.00,1.33,0.17,0.33,0.00,0.46,0.33,0.83,0.00,0.00,0.02,0.00,1.17,0.00,0.00,0,0,,2,0.33,21,0,0.00,17,2,0.46,34,6,1,5,62,0.00,99,0,8,1.86,96,6,30,1.39,57,0,0.00,99,0,0.00,0,0,0.00,0,0.46,31,5,1.16,54,1,0.23,20.00,0,0.00,0,0,0,0.00,0,2,0.00,98,0.46,2,N/A,N/A,N/A,N/A,0.00,0,0.00,0,0.10,0.00,0,81.82,0.00,17,86,0.17,0.23,1,28,15,0,0,0,0.33,0.46,2,73,40.31,2.33,3.25,14,0,0.00,0.00,99,0.00,0,0,0,0.00,0.00,0,0.00,0.00,0.23,0.17,1,0,0.00,45,3,4,46,98,0.34,22,0.06,0.08,0.10,16,0.02,0.02,59,5,0.83,1.16,1.39,1.00,58,6,0.02,15,43,77,75,0,81,75,0,0.00,99,7,0.00,1.62,9.28,6.67,40,20,55,58,4.64,3.33,50.00,1,0.23,75,0,0.00,0,0.00,99,0,0.00,0.00,30,14,36,97,0,0,0,0,0,28,46,65,59,0,61,98,15,15,0,0,16,20,N/A,N/A
Pedro Raul Garay da Silva,29,847180800,1996/11/05,Serie A,2026,Forward,Corinthians,367,124,243,Brazil,11,5,6,1,0,1,0,0,0,0,0,1,0,1,4,2,2,1,0,0.25,0,0.25,0,0.37,367,0.98,92,33,367,0,0.25,80,419,-1,10,1344000,6.62,0,48,12.65,4.82,3,53,3.27,36,5,8.59,3,0.00,0.00,0.18,2,0.00,0.09,0.72,0.27,3,0.00,0.27,0.00,0.00,0.00,0.00,0.18,0.36,7.00,1.67,0.36,0.36,0.00,0.27,0.11,0.00,1.09,0.00,0.00,0,0,,7,0.64,70,3,0.72,77,4,0.95,61,3,7,4,19,0.00,99,0,0,0.00,10,1,30,0.24,28,0,0.00,99,0,0.00,0,0,0.00,0,0.48,32,4,0.95,46,2,0.48,50.00,0,0.00,0,0,0,0.00,0,4,0.00,69,0.95,19,N/A,N/A,N/A,N/A,0.00,0,0.00,0,1.17,0.00,0,67.92,42.86,83,41,0.27,0.72,3,49,59,0,0,0,0.00,0.00,0,24,72.79,0.45,1.19,5,0,0.00,0.00,99,0.00,0,0,0,0.00,0.00,0,0.00,0.00,0.72,0.27,3,0,14.29,81,1,21,63,69,0.16,6,0.01,0.04,1.17,79,0.11,0.28,76,7,0.64,1.67,2.15,0.82,92,9,0.28,78,27,42,75,0,96,97,0,0.00,99,12,0.00,2.86,11.70,4.45,49,23,75,82,5.49,2.09,46.94,3,0.72,44,0,0.00,0,0.00,99,0,0.00,0.00,30,8,85,72,0,0,0,0,0,69,84,90,59,0,80,16,54,64,1,9,36,18,N/A,N/A
Pedro Rocha Neves,32,757411200,1994/01/01,Serie A,2026,Forward,Coritiba,1802,891,911,Brazil,23,11,12,6,4,2,1,0,1,0,0,6,2,4,19,5,14,2,1,0.35,0.05,0.3,0.4,0.2,300,0.95,95,78,601,1802,0.15,55,206,-1,2,995000,6.75,0.04,51,12.33,10.70,2,246,7.43,171,7,8.57,3,0.00,0.00,0.39,9,0.00,0.26,0.30,0.26,6,0.00,0.74,0.00,0.00,0.00,0.22,0.96,0.87,7.17,2.16,1.13,2.04,0.00,0.74,0.31,0.00,0.74,0.00,0.00,0,0,,43,1.87,80,17,0.85,84,26,1.30,78,1,0,23,10,0.00,99,0,5,0.25,22,6,41,0.30,31,0,0.00,99,0,0.00,0,0,0.00,0,0.45,30,47,2.36,82,22,1.10,46.81,0,0.00,0,0,0,0.00,0,20,0.00,74,1.00,25,N/A,N/A,N/A,N/A,0.00,0,0.00,0,7.05,0.00,0,69.51,39.53,74,46,0.57,0.65,13,79,49,0,0,0,0.09,0.10,2,31,155.29,1.13,1.30,26,0,0.00,0.00,99,0.00,0,0,0,0.00,0.00,0,0.00,0.00,0.60,0.52,12,0,13.95,78,92,99,58,74,1.29,14,0.06,0.06,7.05,87,0.31,0.35,59,23,1.00,1.15,1.05,0.91,40,21,0.35,85,48,46,75,0,94,47,0,0.00,99,17,0.00,0.85,8.77,7.61,175,67,26,50,3.36,2.91,38.29,17,0.85,38,0,16.67,0,0.00,99,1,0.04,0.05,31,99,23,35,0,0,0,0,0,79,88,78,90,0,68,55,79,37,1,4,18,32,N/A,N/A
Perivan dos Santos,19,1176534000,2007/04/14,Serie A,2026,Forward,São Paulo,83,0,83,Brazil,3,0,3,0,0,0,0,0,0,0,0,0,0,0,3,0,3,1,0,0,0,0,0,0,0,3.25,28,28,83,0,1.08,-1,-1,-1,17,0,6.25,0,48,14.10,4.33,4,13,3.67,11,56,11.93,6,0.00,0.00,0.00,0,0.00,0.67,1.08,0.33,1,0.00,0.33,0.00,0.00,0.00,0.00,0.00,1.33,0.00,0.00,0.00,1.00,0.00,0.00,0.00,0.00,0.00,0.00,0.00,0,0,,0,0.00,7,0,0.00,17,0,0.00,7,0,3,0,37,0.00,99,0,0,0.00,10,2,95,2.17,67,0,0.00,99,0,0.00,0,0,0.00,0,0.00,8,3,3.25,90,0,0.00,0.00,0,0.00,0,0,0,0.00,0,4,0.00,0,4.34,96,N/A,N/A,N/A,N/A,0.00,0,0.00,0,0.00,0.00,0,84.62,0.00,17,0,1.33,4.34,4,13,13,0,0,0,0.00,0.00,0,24,18.76,0.00,0.00,0,0,0.00,0.00,99,0.00,0,0,0,0.00,0.00,0,0.00,0.00,0.00,0.00,0,0,0.00,45,0,0,46,0,0.02,0,0.01,0.02,0.00,7,0.00,0.00,1,0,0.00,0.00,2.17,0.67,92,2,0.00,7,11,0,75,0,47,2,0,0.00,99,0,0.00,0.00,11.93,3.67,11,1,7,85,1.08,0.33,9.09,1,1.08,26,0,50.00,0,0.00,99,1,0.33,1.08,88,0,56,12,0,0,0,0,0,28,46,65,59,0,21,5,15,99,1,33,94,34,0,0
Philippe Coutinho,34,708332400,1992/06/12,Serie A,2026,Midfielder,Vasco da Gama,260,170,90,Brazil,3,2,1,1,0,1,0,0,0,0,0,0,0,0,3,1,2,0,0,0.35,0,0.35,0,1,260,1.04,87,87,0,0,0,-1,-1,-1,8,3777777,7.62,0,48,33.01,31.67,41,95,27.33,82,69,28.49,45,0.00,0.00,3.67,11,0.00,5.00,0.69,0.67,2,0.00,0.67,0.00,0.00,0.00,0.33,0.67,1.00,17.00,5.91,3.33,1.33,0.00,2.33,0.68,0.00,0.33,0.00,0.00,0,0,,17,5.67,99,7,2.43,99,10,3.47,99,2,0,3,17,0.00,99,0,1,0.35,24,15,49,5.21,93,0,0.00,99,0,0.00,0,0,0.00,0,3.82,99,4,1.39,61,2,0.69,50.00,0,0.00,0,0,0,0.00,0,3,0.00,61,1.04,29,N/A,N/A,N/A,N/A,0.00,0,0.00,0,2.05,0.00,0,86.32,41.18,78,44,0.67,0.69,2,63,59,0,0,0,0.00,0.00,0,24,22.87,0.00,0.00,0,0,0.00,0.00,99,0.00,0,0,1,0.33,0.35,0,0.00,0.00,0.00,0.00,0,0,5.88,51,0,0,56,61,0.53,72,0.18,0.18,2.05,99,0.68,0.71,35,2,0.67,0.69,0.00,0.00,5,0,0.71,99,99,0,99,0,47,15,0,0.00,99,1,0.00,0.35,5.56,5.33,16,7,10,13,2.43,2.33,43.75,2,0.69,45,0,20.00,0,0.00,99,3,1.00,1.04,87,3,23,56,0,0,0,0,0,79,90,99,59,0,98,5,15,15,0,0,16,10,N/A,N/A
Rafael Barbosa Coutinho,20,1143187200,2006/03/24,Serie A,2026,Midfielder,Palmeiras,0,0,0,Brazil,0,0,0,0,0,0,0,0,0,0,0,0,0,0,0,0,0,0,0,0,0,0,0,0,0,0,0,0,0,0,0,-1,-1,-1,-1,N/A,N/A,N/A,N/A,N/A,N/A,N/A,N/A,N/A,N/A,N/A,N/A,N/A,N/A,N/A,N/A,N/A,N/A,N/A,N/A,N/A,N/A,N/A,N/A,N/A,N/A,N/A,N/A,N/A,N/A,N/A,N/A,N/A,N/A,N/A,N/A,N/A,N/A,N/A,N/A,N/A,N/A,N/A,N/A,N/A,N/A,N/A,N/A,N/A,N/A,N/A,N/A,N/A,N/A,N/A,N/A,N/A,N/A,N/A,N/A,N/A,N/A,N/A,N/A,N/A,N/A,N/A,N/A,N/A,N/A,N/A,N/A,N/A,N/A,N/A,N/A,N/A,N/A,N/A,N/A,N/A,N/A,N/A,N/A,N/A,N/A,N/A,N/A,N/A,N/A,N/A,N/A,N/A,N/A,N/A,N/A,N/A,N/A,N/A,N/A,N/A,N/A,N/A,N/A,N/A,N/A,N/A,N/A,N/A,N/A,N/A,N/A,N/A,N/A,N/A,N/A,N/A,N/A,N/A,N/A,N/A,N/A,N/A,N/A,N/A,N/A,N/A,N/A,N/A,N/A,N/A,N/A,N/A,N/A,N/A,N/A,N/A,N/A,N/A,N/A,N/A,N/A,N/A,N/A,N/A,N/A,N/A,N/A,N/A,N/A,N/A,N/A,N/A,N/A,N/A,N/A,N/A,N/A,N/A,N/A,N/A,N/A,N/A,N/A,N/A,N/A,N/A,N/A,N/A,N/A,N/A,N/A,N/A,N/A,N/A,N/A,N/A,N/A,N/A,N/A,N/A,N/A,N/A,N/A,N/A,N/A,N/A,N/A,N/A,N/A,N/A,N/A,N/A,N/A,N/A,N/A,N/A,N/A,N/A,N/A,N/A,N/A,N/A,N/A,N/A,N/A,N/A,N/A,N/A,N/A,N/A,N/A,N/A,N/A,N/A,N/A,N/A,N/A,N/A,N/A,N/A,N/A,N/A,N/A
Rafael de Andrade Gonzaga,18,1202371200,2008/02/07,Serie A,2026,Defender,Santos,44,44,0,Brazil,1,1,0,0,0,0,0,0,0,0,0,0,0,0,2,2,0,0,0,0,0,0,0,0,0,4.09,22,44,0,0,0,-1,-1,-1,18,0,6.64,0,48,40.91,20.00,61,20,16.00,16,30,32.73,57,0.00,0.00,2.00,2,0.00,3.00,6.14,3.00,3,0.00,0.00,0.00,0.00,0.00,1.00,0.00,2.00,0.00,0.00,0.00,0.00,0.00,0.00,0.00,0.00,0.00,0.00,0.00,0,0,,0,0.00,7,0,0.00,17,0,0.00,7,0,1,0,99,0.00,99,0,1,2.05,97,3,97,6.14,96,0,0.00,99,0,0.00,0,0,0.00,0,4.09,99,0,0.00,9,0,0.00,0.00,0,0.00,0,0,0,0.00,0,2,0.00,0,4.09,96,N/A,N/A,N/A,N/A,0.00,0,0.00,0,0.00,0.00,0,80.00,0.00,17,99,0.00,0.00,0,13,13,0,0,0,0.00,0.00,0,24,6.64,2.00,4.09,2,0,0.00,0.00,99,0.00,0,0,0,0.00,0.00,0,0.00,0.00,0.00,0.00,0,0,0.00,45,0,0,46,0,0.10,79,0.10,0.20,0.00,7,0.00,0.00,1,0,0.00,0.00,4.09,2.00,99,2,0.00,7,30,82,75,0,47,2,0,0.00,99,0,0.00,0.00,10.23,5.00,5,3,87,68,6.14,3.00,60.00,0,0.00,99,0,66.67,0,0.00,99,2,2.00,4.09,99,0,36,12,0,0,0,0,0,28,46,65,59,0,21,5,15,15,0,0,16,38,0,0
Rafael de Carvalho Santos,37,605865600,1989/03/14,Serie A,2026,Goalkeeper,Chapecoense,360,270,90,Brazil,4,3,1,0,0,0,0,0,0,0,0,0,0,0,9,7,2,0,0,0,0,0,0,0,0,2.25,40,90,0,0,0,426,424,185,37,60000,6.71,0,48,23.00,23.00,16,92,19.00,76,43,19.00,21,0.00,0.00,0.00,0,0.00,0.00,0.00,0.00,0,0.00,0.00,0.00,0.00,5.00,0.00,0.00,7.75,0.00,0.00,0.00,0.00,0.00,0.00,0.00,0.00,0.25,0.00,0.00,0,0,,0,0.00,7,0,0.00,17,0,0.00,7,0,0,4,5,0.00,99,0,0,0.00,10,0,30,0.00,16,0,0.00,99,0,0.00,0,0,0.00,0,0.00,8,0,0.00,9,0,0.00,0.00,0,0.00,0,20,35,5.00,99,31,0.00,1,7.75,99,N/A,N/A,N/A,N/A,64.52,0,0.00,0,0.00,0.00,0,82.61,0.00,17,99,0.00,0.00,0,13,13,0,0,11,0.00,0.00,0,24,26.86,1.50,1.50,6,0,0.00,0.00,99,0.00,0,0,0,0.00,0.00,4,1.00,1.00,0.00,0.00,0,0,0.00,45,0,0,46,1,0.16,6,0.04,0.04,0.00,7,0.00,0.00,1,0,0.00,0.00,0.00,0.00,5,0,0.00,7,41,52,75,96,47,10,0,0.00,99,1,0.00,0.25,0.25,0.25,1,1,2,2,0.25,0.25,100.00,0,0.00,99,0,0.00,0,0.00,99,0,0.00,0.00,30,8,23,12,0,0,0,0,0,28,46,65,59,0,22,5,15,15,0,0,16,1,N/A,N/A
Rafael dos Santos Cavalheira Natividade,27,927702000,1999/05/26,Serie A,2026,Midfielder,Chapecoense,907,447,460,Brazil,14,6,8,2,2,0,0,0,0,0,0,1,1,0,23,12,11,2,0,0.2,0,0.2,0.4,0,454,2.28,39,65,454,0,0.2,105,425,-1,6,187200,6.67,0,48,26.62,18.93,23,265,17.36,243,96,24.41,32,0.00,0.00,0.36,5,0.00,0.43,1.21,0.86,12,0.00,0.29,0.00,0.00,0.00,0.64,0.00,1.64,7.00,1.41,0.71,0.07,0.00,0.29,0.16,0.00,0.21,0.00,0.00,0,0,,14,1.00,63,4,0.40,61,10,1.00,64,4,3,11,44,0.00,99,0,9,0.90,57,6,95,0.60,44,0,0.00,99,0,0.00,0,0,0.00,0,0.50,34,1,0.10,11,0,0.00,0.00,0,0.00,0,0,0,0.00,0,23,0.00,0,2.31,93,N/A,N/A,N/A,N/A,0.00,0,0.00,0,2.20,0.00,0,91.70,28.57,47,43,0.50,0.70,7,13,13,0,0,0,0.29,0.40,4,66,93.38,0.93,1.31,13,1,0.00,0.10,3,0.07,0,0,0,0.00,0.00,0,0.00,0.00,0.10,0.07,1,0,14.29,81,41,34,69,0,0.83,22,0.06,0.08,2.20,72,0.16,0.22,18,4,0.29,0.40,1.91,1.36,87,19,0.22,70,36,47,75,0,64,13,0,0.00,99,3,0.00,0.30,5.12,3.64,51,18,8,11,1.81,1.29,35.29,4,0.40,65,0,50.00,0,0.00,99,3,0.21,0.30,57,48,56,83,0,0,0,0,0,61,78,65,90,0,29,12,66,50,2,14,57,99,N/A,N/A
Rafael Monti Azpiazú,26,944640000,1999/12/08,Serie A,2026,Forward,Remo,20,20,0,Argentina,1,1,0,0,0,0,0,0,0,0,0,0,0,0,0,0,0,0,0,0,0,0,0,0,0,0,0,20,0,0,0,-1,-1,-1,10,700000,6.49,0,48,0.00,0.00,0,0,0.00,0,0,0.00,0,0.00,0.00,0.00,0,0.00,0.00,0.00,0.00,0,0.00,0.00,0.00,0.00,0.00,0.00,0.00,0.00,0.00,4.50,1.00,0.00,0.00,0.00,0.06,0.00,0.00,0.00,0.00,0,0,,1,1.00,99,0,0.00,17,1,4.50,99,0,1,0,5,0.00,99,0,0,0.00,10,0,30,0.00,16,0,0.00,99,0,0.00,0,0,0.00,0,0.00,8,0,0.00,9,0,0.00,0.00,0,0.00,0,0,0,0.00,0,0,0.00,99,0.00,0,N/A,N/A,N/A,N/A,0.00,0,0.00,0,0.06,0.00,0,0.00,0.00,17,99,0.00,0.00,0,13,13,0,0,0,0.00,0.00,0,24,6.49,0.00,0.00,0,0,0.00,0.00,99,0.00,0,0,0,0.00,0.00,0,0.00,0.00,0.00,0.00,0,0,0.00,45,0,0,46,0,0.00,0,0.00,0.00,0.06,78,0.06,0.27,1,0,0.00,0.00,0.00,0.00,5,0,0.27,77,19,0,75,0,47,2,0,0.00,99,0,0.00,0.00,4.50,1.00,1,0,0,9,0.00,0.00,0.00,0,0.00,99,0,0.00,0,0.00,99,0,0.00,0.00,30,0,36,12,0,0,0,0,0,28,46,65,59,0,57,5,15,15,0,0,16,71,N/A,N/A
Rafael Pires Monteiro,37,614588400,1989/06/23,Serie A,2026,Goalkeeper,São Paulo,2070,900,1170,Brazil,23,10,13,0,0,0,0,0,0,0,0,4,3,1,24,7,17,1,0,0,0,0,0,0,0,1.04,86,90,2070,0,0.04,377,376,68,34,750000,6.74,0,48,24.74,24.74,20,569,17.17,395,6,17.17,16,0.00,0.00,0.00,0,0.00,0.00,0.09,0.09,2,0.00,0.04,0.00,0.00,2.61,0.04,0.00,3.78,0.00,0.00,0.00,0.00,0.00,0.00,0.00,0.00,0.17,0.00,0.00,0,0,,0,0.00,7,0,0.00,17,0,0.00,7,0,0,23,7,0.00,99,0,1,0.04,11,0,30,0.00,16,0,0.00,99,0,0.00,0,0,0.00,0,0.00,8,0,0.00,9,0,0.00,0.00,0,0.00,0,60,62,2.61,41,87,0.00,61,3.78,96,N/A,N/A,N/A,N/A,68.97,0,0.00,0,0.00,0.00,0,69.42,0.00,17,94,0.04,0.04,1,13,13,0,0,37,0.00,0.00,0,24,155.09,0.87,0.87,20,0,0.00,0.00,99,0.00,0,0,0,0.00,0.00,9,0.39,0.39,0.00,0.00,0,0,0.00,45,99,99,46,60,0.76,4,0.03,0.03,0.00,7,0.00,0.00,4,3,0.13,0.13,0.00,0.00,5,0,0.00,7,47,30,75,44,47,7,0,0.00,99,4,0.00,0.17,0.52,0.52,12,9,4,5,0.39,0.39,75.00,1,0.04,87,0,0.00,0,0.00,99,0,0.00,0.00,30,99,23,12,0,0,0,0,0,28,46,65,59,0,59,32,99,16,1,4,18,23,N/A,N/A
Rafael Santos Borré,30,811148400,1995/09/15,Serie A,2026,Forward,Internacional,1058,553,505,Colombia,18,9,9,2,0,2,1,1,0,0,0,4,3,1,15,9,6,2,0,0.26,0.09,0.17,0,0.36,529,1.28,71,59,529,1058,0.17,131,155,-1,5,0,6.73,0.06,63,18.92,12.33,10,222,9.56,172,22,14.66,11,0.00,0.00,0.72,13,0.00,0.56,1.11,0.72,13,0.00,0.56,0.00,0.00,0.00,0.28,0.44,0.83,14.00,2.39,0.89,1.17,0.00,0.67,0.19,0.00,1.17,0.00,0.00,0,0,,28,1.56,84,12,1.02,92,16,1.36,79,8,7,11,38,0.00,99,0,5,0.43,29,10,90,0.85,50,0,0.00,99,0,0.00,0,0,0.00,0,1.11,65,21,1.79,71,8,0.68,38.10,0,0.00,0,0,0,0.00,0,15,0.00,36,1.28,52,N/A,N/A,N/A,N/A,0.00,0,0.00,0,3.36,0.00,0,77.48,42.86,83,72,0.28,0.43,5,62,32,0,0,0,0.00,0.00,0,24,121.21,0.33,0.51,6,0,0.00,0.00,99,0.00,0,0,0,0.00,0.00,0,0.00,0.00,0.85,0.56,10,1,7.14,55,52,68,75,37,1.44,45,0.08,0.12,3.36,81,0.19,0.29,62,15,0.83,1.28,2.13,1.39,91,25,0.29,79,45,15,75,0,98,79,0,0.00,99,21,0.00,1.79,11.76,7.67,138,56,62,83,4.77,3.11,40.58,10,0.85,38,0,40.00,0,0.00,99,4,0.22,0.34,60,48,85,99,0,0,0,0,0,70,71,89,59,0,21,46,74,42,2,11,45,19,0,0
Rafael Thyere De Albuquerque Marques,33,737622000,1993/05/17,Serie A,2026,Defender,Chapecoense,286,109,177,Brazil,4,2,2,0,0,0,0,0,0,0,0,0,0,0,8,4,4,0,0,0,0,0,0,0,0,2.52,36,72,0,0,0,268,216,187,29,0,6.51,0,48,31.15,24.75,34,99,21.75,87,79,27.38,42,0.00,0.00,0.00,0,0.00,0.00,0.63,0.50,2,0.00,0.25,0.00,0.00,0.00,1.00,0.00,2.00,0.00,0.31,0.25,0.00,0.00,0.00,0.01,0.00,1.50,0.00,0.00,0,0,,1,0.25,13,0,0.00,17,1,0.31,21,1,0,4,16,0.00,99,0,4,1.26,82,0,30,0.00,16,0,0.00,99,0,0.00,0,0,0.00,0,0.00,8,0,0.00,9,0,0.00,0.00,0,0.00,0,0,0,0.00,0,8,0.00,0,2.52,93,N/A,N/A,N/A,N/A,0.00,0,0.00,0,0.06,0.00,0,87.88,0.00,17,81,0.25,0.31,1,13,13,0,0,0,1.00,1.26,4,98,26.04,6.25,7.87,25,0,0.00,0.00,99,0.00,0,0,0,0.00,0.00,0,0.00,0.00,0.31,0.25,1,0,0.00,45,0,0,46,0,0.17,10,0.04,0.05,0.06,16,0.01,0.02,14,1,0.25,0.31,0.31,0.25,9,1,0.02,15,19,99,75,0,87,80,0,0.00,99,6,0.00,1.89,4.41,3.50,14,9,15,8,2.83,2.25,64.29,1,0.31,71,0,0.00,0,0.00,99,0,0.00,0.00,30,8,23,35,0,0,0,0,0,28,46,65,59,0,21,5,15,15,0,0,16,15,0,0
Rafael Tolói,35,655542000,1990/10/10,Serie A,2026,Defender,São Paulo,473,203,270,Brazil,6,3,3,0,0,0,0,0,0,0,0,2,1,1,4,1,3,3,0,0,0,0,0,0,0,0.76,118,79,158,0,0.57,380,379,19,31,1200000,7.04,0,48,56.32,49.33,90,296,43.67,262,82,49.85,90,0.00,0.00,0.00,0,0.00,0.17,2.47,2.17,13,0.00,0.00,0.00,0.00,0.00,1.00,0.00,0.67,0.00,0.76,0.50,0.33,0.00,0.17,0.05,0.00,2.00,0.00,0.00,0,0,,4,0.67,40,1,0.19,37,3,0.57,42,1,0,6,89,0.00,99,0,6,1.14,73,1,30,0.19,25,0,0.00,99,0,0.00,0,0,0.00,0,0.00,8,2,0.38,23,0,0.00,0.00,0,0.00,0,0,0,0.00,0,4,0.00,90,0.76,7,N/A,N/A,N/A,N/A,0.00,0,0.00,0,0.27,0.00,0,88.51,25.00,41,37,0.67,0.76,4,13,13,0,0,0,0.67,0.76,4,88,42.23,5.17,5.90,31,0,0.00,0.00,99,0.00,0,0,0,0.00,0.00,0,0.00,0.00,0.00,0.00,0,0,0.00,45,9,4,46,89,0.54,36,0.09,0.10,0.27,31,0.05,0.05,28,3,0.50,0.57,1.14,1.00,46,6,0.05,30,87,95,75,0,47,88,0,0.00,99,12,0.00,2.28,7.99,7.00,42,28,72,40,5.33,4.67,66.67,0,0.00,99,0,0.00,0,0.00,99,0,0.00,0.00,30,21,23,35,0,0,0,0,0,28,46,65,59,0,76,75,20,95,3,50,99,2,N/A,N/A
Ramon Ramos Lima,25,984470400,2001/03/13,Serie A,2026,Defender,Vitória,1708,898,810,Brazil,20,11,9,2,1,1,0,0,0,0,0,8,7,1,24,8,16,6,0,0.11,0,0.11,0.1,0.11,854,1.26,71,85,285,0,0.32,167,363,119,6,0,6.66,0,48,34.09,32.35,43,647,24.95,499,21,26.29,37,0.00,0.00,1.25,25,0.00,4.05,1.79,1.70,34,0.00,0.55,0.00,0.00,0.00,1.15,0.50,1.40,6.00,0.63,0.35,1.35,0.00,0.25,0.11,0.00,0.75,0.00,0.00,0,0,,12,0.60,31,5,0.26,46,7,0.37,25,2,0,20,69,0.00,99,0,23,1.21,78,81,66,4.27,88,0,0.00,99,0,0.00,0,0,0.00,0,1.32,76,27,1.42,62,10,0.53,37.04,0,0.00,0,0,0,0.00,0,28,0.00,38,1.48,65,N/A,N/A,N/A,N/A,0.00,0,0.00,0,2.14,0.00,0,77.13,41.67,79,12,1.10,1.16,22,53,29,0,0,0,0.20,0.21,4,49,133.26,2.55,2.69,51,0,0.00,0.00,99,0.00,0,0,0,0.00,0.00,0,0.00,0.00,0.00,0.00,0,0,16.67,86,90,82,86,37,1.67,32,0.08,0.09,2.14,52,0.11,0.11,35,13,0.65,0.69,1.53,1.45,68,29,0.11,50,35,70,75,0,47,44,0,0.00,99,15,0.00,0.79,8.80,8.35,167,71,34,50,3.74,3.55,42.51,11,0.58,51,0,27.16,0,0.00,99,22,1.10,1.16,89,91,23,56,0,0,0,0,0,42,61,68,61,0,21,89,38,79,6,30,91,13,0,0
Ramon Rique Santos de Souza Barros,18,1191308400,2007/10/02,Serie A,2026,Midfielder,Vasco da Gama,134,70,64,Brazil,5,2,3,0,0,0,1,0,1,0,0,2,1,1,2,1,1,0,0,0.67,0.67,0,0,0,0,1.34,67,27,0,134,0,-1,-1,-1,19,0,6.67,0.2,99,45.00,16.75,72,67,12.50,50,14,33.58,60,0.00,0.00,1.00,4,0.00,0.25,2.01,0.75,3,0.00,0.25,0.00,0.00,0.00,0.00,0.50,0.50,0.00,1.34,0.25,0.25,0.00,0.25,0.05,0.00,0.00,0.00,0.00,0,0,,2,0.50,61,1,0.67,75,1,0.67,47,3,4,1,77,0.00,99,0,0,0.00,10,1,30,0.67,46,0,0.00,99,0,0.00,0,0,0.00,0,2.69,96,1,0.67,36,2,1.34,200.00,0,0.00,0,0,0,0.00,0,2,0.00,31,1.34,56,N/A,N/A,N/A,N/A,0.00,0,0.00,0,0.21,0.00,0,74.63,50.00,92,6,0.50,1.34,2,85,99,0,0,0,0.25,0.67,1,84,26.67,0.25,0.67,1,0,0.00,0.00,99,0.00,0,0,0,0.00,0.00,0,0.00,0.00,0.00,0.00,0,0,0.00,45,0,1,46,31,0.85,99,0.21,0.57,0.21,59,0.05,0.14,1,0,0.00,0.00,3.36,1.25,99,5,0.14,58,36,23,75,0,47,2,0,0.00,99,0,0.00,0.00,7.39,2.75,11,4,13,35,2.69,1.00,36.36,1,0.67,46,0,0.00,0,0.00,99,0,0.00,0.00,30,0,65,72,0,0,0,0,0,97,46,65,59,0,21,89,15,15,0,0,16,83,0,0
Ramón Sosa Acosta,26,936082800,1999/08/31,Serie A,2026,Forward,Palmeiras,958,263,695,Paraguay,19,8,11,4,1,3,2,0,2,0,0,6,2,4,7,1,6,3,0,0.56,0.19,0.38,0.34,0.39,240,0.66,137,50,319,479,0.28,36,67,-1,6,1600000,6.84,0.11,86,23.13,12.95,17,246,9.89,188,19,17.68,18,0.00,0.00,0.68,13,0.00,1.74,0.38,0.21,4,0.00,0.74,0.00,0.00,0.00,0.21,0.89,0.42,5.50,2.07,0.79,1.84,0.00,0.37,0.21,0.00,1.21,0.00,0.00,0,0,,22,1.16,76,7,0.66,75,15,1.41,80,2,9,10,11,0.00,99,0,4,0.38,26,33,32,3.10,78,0,0.00,99,0,0.00,0,0,0.00,0,1.22,70,35,3.29,90,17,1.60,48.57,0,0.00,0,0,0,0.00,0,8,0.00,95,0.75,6,N/A,N/A,N/A,N/A,0.00,0,0.00,0,3.97,0.00,0,76.42,31.82,53,83,0.16,0.28,3,90,51,0,0,0,0.11,0.19,2,47,130.03,0.58,1.03,11,0,0.00,0.00,99,0.00,0,0,1,0.05,0.09,0,0.00,0.00,0.85,0.47,9,0,18.18,87,45,74,55,95,2.05,75,0.11,0.19,3.97,89,0.21,0.37,86,22,1.16,2.07,1.69,0.95,77,18,0.37,87,59,38,87,0,98,87,0,0.00,99,23,0.00,2.16,13.07,7.32,139,66,89,90,6.21,3.47,47.48,14,1.32,17,0,9.09,0,0.00,99,3,0.16,0.28,55,43,94,56,0,0,0,0,0,93,92,92,86,0,85,69,45,71,3,16,60,19,N/A,N/A
Raniele Almeida Melo,29,852019200,1996/12/31,Serie A,2026,Midfielder,Corinthians,1554,774,780,Brazil,20,9,11,2,1,1,0,0,0,0,0,9,5,4,16,6,10,5,0,0.12,0,0.12,0.12,0.12,777,0.93,97,78,311,0,0.29,164,407,-1,7,672000,6.94,0,48,34.58,29.85,45,597,25.00,500,51,28.96,46,0.00,0.00,0.30,6,0.00,0.35,2.08,1.80,36,0.00,0.55,0.00,0.00,0.00,1.85,0.50,0.80,9.00,1.04,0.75,0.85,0.00,0.15,0.11,0.00,1.30,0.00,0.00,0,0,,18,0.90,50,3,0.17,35,15,0.87,58,3,1,19,78,0.00,99,0,37,2.14,98,7,30,0.41,38,0,0.00,99,0,0.00,0,0,0.00,0,0.35,26,17,0.98,47,10,0.58,58.82,0,0.00,0,0,0,0.00,0,16,0.00,74,0.93,17,N/A,N/A,N/A,N/A,0.00,0,0.00,0,2.26,0.00,0,83.75,16.67,26,48,0.55,0.64,11,56,69,0,0,0,0.35,0.41,7,67,138.74,2.20,2.55,44,0,0.00,0.00,99,0.00,0,0,1,0.05,0.06,0,0.00,0.00,0.06,0.05,1,0,11.11,70,83,82,84,75,1.28,16,0.06,0.07,2.26,57,0.11,0.13,80,31,1.55,1.80,1.74,1.50,80,30,0.13,56,77,68,81,0,54,72,0,0.00,99,26,0.00,1.51,11.24,9.70,194,103,85,77,5.97,5.15,53.09,11,0.64,47,0,0.00,0,0.00,99,0,0.00,0.00,30,88,36,72,0,0,0,0,0,44,63,69,64,0,56,95,43,74,5,25,85,14,N/A,N/A
Raphael Cavalcante Veiga,31,803545200,1995/06/19,Serie A,2026,Midfielder,Palmeiras,0,0,0,Brazil,0,0,0,0,0,0,0,0,0,0,0,0,0,0,0,0,0,0,0,0,0,0,0,0,0,0,0,0,0,0,0,-1,-1,-1,-1,N/A,N/A,N/A,N/A,N/A,N/A,N/A,N/A,N/A,N/A,N/A,N/A,N/A,N/A,N/A,N/A,N/A,N/A,N/A,N/A,N/A,N/A,N/A,N/A,N/A,N/A,N/A,N/A,N/A,N/A,N/A,N/A,N/A,N/A,N/A,N/A,N/A,N/A,N/A,N/A,N/A,N/A,N/A,N/A,N/A,N/A,N/A,N/A,N/A,N/A,N/A,N/A,N/A,N/A,N/A,N/A,N/A,N/A,N/A,N/A,N/A,N/A,N/A,N/A,N/A,N/A,N/A,N/A,N/A,N/A,N/A,N/A,N/A,N/A,N/A,N/A,N/A,N/A,N/A,N/A,N/A,N/A,N/A,N/A,N/A,N/A,N/A,N/A,N/A,N/A,N/A,N/A,N/A,N/A,N/A,N/A,N/A,N/A,N/A,N/A,N/A,N/A,N/A,N/A,N/A,N/A,N/A,N/A,N/A,N/A,N/A,N/A,N/A,N/A,N/A,N/A,N/A,N/A,N/A,N/A,N/A,N/A,N/A,N/A,N/A,N/A,N/A,N/A,N/A,N/A,N/A,N/A,N/A,N/A,N/A,N/A,N/A,N/A,N/A,N/A,N/A,N/A,N/A,N/A,N/A,N/A,N/A,N/A,N/A,N/A,N/A,N/A,N/A,N/A,N/A,N/A,N/A,N/A,N/A,N/A,N/A,N/A,N/A,N/A,N/A,N/A,N/A,N/A,N/A,N/A,N/A,N/A,N/A,N/A,N/A,N/A,N/A,N/A,N/A,N/A,N/A,N/A,N/A,N/A,N/A,N/A,N/A,N/A,N/A,N/A,N/A,N/A,N/A,N/A,N/A,N/A,N/A,N/A,N/A,N/A,N/A,N/A,N/A,N/A,N/A,N/A,N/A,N/A,N/A,N/A,N/A,N/A,N/A,N/A,N/A,N/A,N/A,N/A,N/A,N/A,N/A,N/A,N/A,N/A
Raphael Guimaraes de Paula,31,778748400,1994/09/05,Serie A,2026,Forward,Remo,23,0,23,Brazil,1,0,1,0,0,0,0,0,0,0,0,0,0,0,1,0,1,1,0,0,0,0,0,0,0,3.91,23,23,23,0,3.91,-1,-1,-1,31,0,6.50,0,48,62.61,16.00,95,16,14.00,14,77,54.78,95,0.00,0.00,1.00,1,0.00,0.00,0.00,0.00,0,0.00,0.00,0.00,0.00,0.00,1.00,0.00,1.00,0.00,0.00,0.00,0.00,0.00,0.00,0.00,0.00,1.00,0.00,0.00,0,0,,0,0.00,7,0,0.00,17,0,0.00,7,0,1,0,5,0.00,99,0,1,3.91,99,0,30,0.00,16,0,0.00,99,0,0.00,0,0,0.00,0,3.91,99,0,0.00,9,0,0.00,0.00,0,0.00,0,0,0,0.00,0,1,0.00,0,3.91,96,N/A,N/A,N/A,N/A,0.00,0,0.00,0,0.00,0.00,0,87.50,0.00,17,0,1.00,3.91,1,13,13,0,0,0,0.00,0.00,0,24,6.50,1.00,3.91,1,0,0.00,0.00,99,0.00,0,0,0,0.00,0.00,0,0.00,0.00,0.00,0.00,0,0,0.00,45,0,0,46,0,0.06,85,0.06,0.23,0.00,7,0.00,0.00,99,1,1.00,3.91,3.91,1.00,99,1,0.00,7,19,80,75,0,47,99,0,0.00,99,1,0.00,3.91,11.74,3.00,3,1,37,83,3.91,1.00,33.33,0,0.00,99,0,0.00,0,0.00,99,0,0.00,0.00,30,0,36,12,0,0,0,0,0,28,46,65,59,0,21,5,15,99,1,100,99,31,0,0
Raul Jonas Steffens,29,870073200,1997/07/28,Serie A,2026,Goalkeeper,Botafogo,675,270,405,Brazil,8,3,5,0,0,0,0,0,0,0,0,0,0,0,15,6,9,1,0,0,0,0,0,0,0,2,45,84,675,0,0.13,261,247,179,24,0,6.89,0,48,31.73,29.75,37,238,21.12,169,8,22.53,28,0.00,0.00,0.00,0,0.00,0.12,0.00,0.00,0,0.00,0.00,0.00,0.00,4.00,0.00,0.00,6.12,0.00,0.00,0.00,0.00,0.00,0.00,0.00,0.00,0.62,0.00,0.00,0,0,,0,0.00,7,0,0.00,17,0,0.00,7,0,1,7,5,0.00,99,0,0,0.00,10,1,30,0.13,21,0,0.00,99,0,0.00,0,0,0.00,0,0.00,8,0,0.00,9,0,0.00,0.00,0,0.00,0,32,38,4.27,94,49,0.00,3,6.53,99,N/A,N/A,N/A,N/A,65.31,0,0.00,0,0.00,0.00,0,71.01,0.00,17,99,0.00,0.00,0,13,13,0,0,24,0.00,0.00,0,24,55.09,1.25,1.33,10,0,0.00,0.00,99,0.00,0,0,0,0.00,0.00,8,1.00,1.07,0.00,0.00,0,0,0.00,45,26,8,46,3,0.37,10,0.05,0.05,0.00,7,0.00,0.00,13,2,0.25,0.27,0.00,0.00,5,0,0.00,7,68,48,75,99,47,39,0,0.00,99,5,0.00,0.67,0.67,0.62,5,5,6,6,0.67,0.62,100.00,0,0.00,99,0,0.00,0,0.00,99,0,0.00,0.00,30,28,36,12,0,0,0,0,0,28,46,65,59,0,21,5,84,32,1,12,49,1,0,0
Raul Lo Goncalves,30,837068400,1996/07/11,Serie A,2026,Midfielder,Atlético PR,0,0,0,Brazil,0,0,0,0,0,0,0,0,0,0,0,0,0,0,0,0,0,0,0,0,0,0,0,0,0,0,0,0,0,0,0,-1,-1,-1,-1,N/A,N/A,N/A,N/A,N/A,N/A,N/A,N/A,N/A,N/A,N/A,N/A,N/A,N/A,N/A,N/A,N/A,N/A,N/A,N/A,N/A,N/A,N/A,N/A,N/A,N/A,N/A,N/A,N/A,N/A,N/A,N/A,N/A,N/A,N/A,N/A,N/A,N/A,N/A,N/A,N/A,N/A,N/A,N/A,N/A,N/A,N/A,N/A,N/A,N/A,N/A,N/A,N/A,N/A,N/A,N/A,N/A,N/A,N/A,N/A,N/A,N/A,N/A,N/A,N/A,N/A,N/A,N/A,N/A,N/A,N/A,N/A,N/A,N/A,N/A,N/A,N/A,N/A,N/A,N/A,N/A,N/A,N/A,N/A,N/A,N/A,N/A,N/A,N/A,N/A,N/A,N/A,N/A,N/A,N/A,N/A,N/A,N/A,N/A,N/A,N/A,N/A,N/A,N/A,N/A,N/A,N/A,N/A,N/A,N/A,N/A,N/A,N/A,N/A,N/A,N/A,N/A,N/A,N/A,N/A,N/A,N/A,N/A,N/A,N/A,N/A,N/A,N/A,N/A,N/A,N/A,N/A,N/A,N/A,N/A,N/A,N/A,N/A,N/A,N/A,N/A,N/A,N/A,N/A,N/A,N/A,N/A,N/A,N/A,N/A,N/A,N/A,N/A,N/A,N/A,N/A,N/A,N/A,N/A,N/A,N/A,N/A,N/A,N/A,N/A,N/A,N/A,N/A,N/A,N/A,N/A,N/A,N/A,N/A,N/A,N/A,N/A,N/A,N/A,N/A,N/A,N/A,N/A,N/A,N/A,N/A,N/A,N/A,N/A,N/A,N/A,N/A,N/A,N/A,N/A,N/A,N/A,N/A,N/A,N/A,N/A,N/A,N/A,N/A,N/A,N/A,N/A,N/A,N/A,N/A,N/A,N/A,N/A,N/A,N/A,N/A,N/A,N/A,N/A,N/A,N/A,N/A,N/A,N/A
Rayan Lelis,19,1169193600,2007/01/19,Serie A,2026,Forward,Cruzeiro,0,0,0,Brazil,0,0,0,0,0,0,0,0,0,0,0,0,0,0,0,0,0,0,0,0,0,0,0,0,0,0,0,0,0,0,0,-1,-1,-1,-1,N/A,N/A,N/A,N/A,N/A,N/A,N/A,N/A,N/A,N/A,N/A,N/A,N/A,N/A,N/A,N/A,N/A,N/A,N/A,N/A,N/A,N/A,N/A,N/A,N/A,N/A,N/A,N/A,N/A,N/A,N/A,N/A,N/A,N/A,N/A,N/A,N/A,N/A,N/A,N/A,N/A,N/A,N/A,N/A,N/A,N/A,N/A,N/A,N/A,N/A,N/A,N/A,N/A,N/A,N/A,N/A,N/A,N/A,N/A,N/A,N/A,N/A,N/A,N/A,N/A,N/A,N/A,N/A,N/A,N/A,N/A,N/A,N/A,N/A,N/A,N/A,N/A,N/A,N/A,N/A,N/A,N/A,N/A,N/A,N/A,N/A,N/A,N/A,N/A,N/A,N/A,N/A,N/A,N/A,N/A,N/A,N/A,N/A,N/A,N/A,N/A,N/A,N/A,N/A,N/A,N/A,N/A,N/A,N/A,N/A,N/A,N/A,N/A,N/A,N/A,N/A,N/A,N/A,N/A,N/A,N/A,N/A,N/A,N/A,N/A,N/A,N/A,N/A,N/A,N/A,N/A,N/A,N/A,N/A,N/A,N/A,N/A,N/A,N/A,N/A,N/A,N/A,N/A,N/A,N/A,N/A,N/A,N/A,N/A,N/A,N/A,N/A,N/A,N/A,N/A,N/A,N/A,N/A,N/A,N/A,N/A,N/A,N/A,N/A,N/A,N/A,N/A,N/A,N/A,N/A,N/A,N/A,N/A,N/A,N/A,N/A,N/A,N/A,N/A,N/A,N/A,N/A,N/A,N/A,N/A,N/A,N/A,N/A,N/A,N/A,N/A,N/A,N/A,N/A,N/A,N/A,N/A,N/A,N/A,N/A,N/A,N/A,N/A,N/A,N/A,N/A,N/A,N/A,N/A,N/A,N/A,N/A,N/A,N/A,N/A,N/A,N/A,N/A,N/A,N/A,N/A,N/A,N/A,N/A
Raykkonen Pereira Soares,18,1215932400,2008/07/13,Serie A,2026,Forward,Internacional,0,0,0,Brazil,1,1,0,0,0,0,0,0,0,0,0,0,0,0,0,0,0,0,0,0,0,0,0,0,0,0,0,0,0,0,0,-1,-1,-1,-1,0,6.57,0,48,11.25,1.00,2,1,1.00,1,99,11.25,5,0.00,0.00,0.00,0,0.00,0.00,0.00,0.00,0,0.00,0.00,0.00,0.00,0.00,0.00,0.00,0.00,0.00,0.00,0.00,0.00,0.00,0.00,0.00,0.00,0.00,0.00,0.00,0,0,,0,0.00,7,0,0.00,17,0,0.00,7,0,1,0,5,0.00,99,0,0,0.00,10,0,30,0.00,16,0,0.00,99,0,0.00,0,0,0.00,0,0.00,8,0,0.00,9,0,0.00,0.00,0,0.00,0,0,0,0.00,0,0,0.00,99,0.00,0,N/A,N/A,N/A,N/A,0.00,0,0.00,0,0.00,0.00,0,100.00,0.00,17,99,0.00,0.00,0,13,13,0,0,0,0.00,0.00,0,24,6.57,0.00,0.00,0,0,0.00,0.00,99,0.00,0,0,0,0.00,0.00,0,0.00,0.00,0.00,0.00,0,0,0.00,45,0,0,46,0,0.00,0,0.00,0.00,0.00,7,0.00,0.00,99,1,1.00,11.25,0.00,0.00,5,0,0.00,7,22,0,75,0,47,2,0,0.00,99,0,0.00,0.00,11.25,1.00,1,1,99,77,11.25,1.00,100.00,0,0.00,99,0,0.00,0,0.00,99,0,0.00,0.00,30,0,36,12,0,0,0,0,0,28,46,65,59,0,21,5,15,15,0,0,16,48,0,0
Reinaldo Manoel da Silva,36,622969200,1989/09/28,Serie A,2026,Defender,Mirassol,1691,844,847,Brazil,20,10,10,1,0,1,5,3,2,0,0,1,1,0,28,14,14,4,0,0.32,0.27,0.05,0,0.11,1691,1.49,60,85,423,338,0.21,223,32,143,10,660000,6.90,0.25,94,35.55,33.40,49,668,25.15,503,16,26.77,39,0.00,0.00,2.55,51,0.00,7.80,1.12,1.05,21,0.00,0.70,0.00,0.00,0.00,0.50,0.65,1.40,25.00,1.33,1.10,1.70,0.00,0.15,0.10,0.00,0.50,0.00,0.00,0,0,,25,1.25,60,3,0.16,33,22,1.17,73,2,0,20,39,0.00,99,0,10,0.53,38,156,66,8.30,99,0,0.00,99,0,0.00,0,0,0.00,0,2.71,96,34,1.81,72,13,0.69,38.24,0,0.00,0,0,0,0.00,0,28,0.00,21,1.49,67,N/A,N/A,N/A,N/A,0.00,0,0.00,0,1.90,0.00,0,75.30,12.00,20,53,0.55,0.59,11,63,33,1,0,0,0.35,0.37,7,64,137.92,2.00,2.13,40,0,0.00,0.00,99,0.00,0,1,0,0.00,0.00,0,0.00,0.00,0.00,0.00,0,0,4.00,48,89,82,98,21,5.33,92,0.27,0.28,1.20,35,0.06,0.06,35,13,0.65,0.69,0.64,0.60,18,12,0.10,48,70,61,75,0,47,28,0,0.00,99,10,0.00,0.53,6.71,6.30,126,57,19,24,3.03,2.85,45.24,14,0.75,42,0,26.92,0,0.00,99,42,2.10,2.24,99,91,23,56,0,0,0,0,0,77,49,68,59,0,55,7,61,55,4,20,74,6,N/A,N/A
Reinier Jesus,24,1011427200,2002/01/19,Serie A,2026,Midfielder,Atlético Mineiro,692,165,527,Brazil,16,6,10,2,0,2,1,0,1,0,0,3,1,2,8,1,7,1,0,0.39,0.13,0.26,0,0.34,346,1.04,87,43,692,692,0.13,75,119,-1,8,900000,6.44,0.06,74,37.91,18.38,55,294,15.81,253,67,32.62,57,0.00,0.00,1.06,17,0.00,0.00,0.90,0.44,7,0.00,0.69,0.00,0.00,0.00,0.19,0.88,0.56,9.00,2.32,0.50,1.44,0.00,0.62,0.19,0.00,0.38,0.00,0.00,0,0,,18,1.12,83,10,1.29,96,8,1.03,65,7,8,8,27,0.00,99,0,3,0.39,27,0,30,0.00,16,0,0.00,99,0,0.00,0,0,0.00,0,2.19,92,23,2.97,88,14,1.81,60.87,0,0.00,0,0,0,0.00,0,9,0.00,61,1.16,43,N/A,N/A,N/A,N/A,0.00,0,0.00,0,3.02,0.00,0,86.05,55.56,95,92,0.06,0.13,1,93,73,0,0,0,0.06,0.13,1,37,103.04,0.25,0.52,4,0,0.00,0.00,99,0.00,0,0,1,0.06,0.13,0,0.00,0.00,0.00,0.00,0,0,11.11,70,28,50,62,61,1.84,87,0.12,0.24,3.02,91,0.19,0.39,51,8,0.50,1.03,1.03,0.50,37,8,0.39,89,17,16,92,0,47,43,0,0.00,99,6,0.00,0.77,9.67,4.69,75,34,48,64,4.38,2.12,45.33,11,1.42,14,0,0.00,0,0.00,99,0,0.00,0.00,30,32,90,99,0,0,0,0,0,81,85,88,59,0,65,38,85,32,1,6,29,19,N/A,N/A
Renan Lodi,28,892018800,1998/04/08,Serie A,2026,Defender,Atlético Mineiro,1850,810,1040,Brazil,21,9,12,0,0,0,3,2,1,0,0,6,3,3,19,7,12,5,1,0.15,0.15,0,0,0,0,0.92,97,88,308,617,0.29,316,99,45,25,3200000,6.99,0.14,79,40.67,39.81,60,836,34.71,729,74,35.46,64,0.00,0.00,1.14,24,0.00,3.10,1.17,1.14,24,0.00,0.48,0.00,0.00,0.00,0.76,0.43,1.00,0.00,1.61,1.19,1.14,0.00,0.38,0.09,0.00,0.95,0.00,0.00,0,0,,33,1.57,69,8,0.39,60,25,1.22,74,5,0,21,42,0.00,99,0,16,0.78,50,65,68,3.16,78,0,0.00,99,0,0.00,0,0,0.00,0,1.17,67,24,1.17,54,9,0.44,37.50,0,0.00,0,0,0,0.00,0,21,0.00,76,1.02,27,N/A,N/A,N/A,N/A,0.00,0,0.00,0,1.94,0.00,0,87.20,24.24,36,58,0.52,0.54,11,46,31,0,0,0,0.29,0.29,6,56,146.87,2.10,2.14,44,0,0.00,0.00,99,0.00,0,0,1,0.05,0.05,0,0.00,0.00,0.29,0.29,6,1,0.00,45,94,90,46,75,4.13,79,0.20,0.20,1.94,46,0.09,0.09,88,45,2.14,2.19,1.65,1.62,74,34,0.09,44,82,62,77,0,86,54,0,0.00,99,20,0.00,0.97,8.71,8.52,179,95,55,49,4.62,4.52,53.07,10,0.49,59,0,27.69,0,0.00,99,18,0.86,0.88,83,94,23,91,0,0,0,0,0,51,46,65,59,0,97,64,42,74,4,19,69,16,N/A,N/A
Renan Peixoto Nepomuceno,26,951120000,2000/02/21,Serie A,2026,Forward,Atlético PR,92,4,88,Brazil,8,4,4,0,0,0,0,0,0,0,0,1,1,0,1,0,1,0,0,0,0,0,0,0,0,0.98,92,12,0,0,0,-1,-1,-1,11,0,3.32,0,48,15.43,2.25,5,18,1.50,12,4,10.29,4,0.00,0.00,0.25,2,0.00,0.00,0.86,0.12,1,0.00,0.25,0.00,0.00,0.00,0.00,0.12,0.12,0.00,2.57,0.38,0.38,0.00,0.00,0.02,0.00,0.50,0.00,0.00,0,0,,3,0.38,88,0,0.00,17,3,2.57,99,1,7,1,24,0.00,99,0,0,0.00,10,0,30,0.00,16,0,0.00,99,0,0.00,0,0,0.00,0,1.71,86,3,2.57,84,1,0.86,33.33,0,0.00,0,0,0,0.00,0,1,0.00,69,0.86,12,N/A,N/A,N/A,N/A,0.00,0,0.00,0,0.14,0.00,0,66.67,0.00,17,99,0.00,0.00,0,70,27,0,0,0,0.00,0.00,0,24,26.59,0.38,2.57,3,0,0.00,0.00,99,0.00,0,0,1,0.12,0.86,0,0.00,0.00,1.71,0.25,2,0,0.00,45,0,8,46,69,0.09,22,0.01,0.08,0.14,54,0.02,0.12,99,5,0.62,4.29,3.43,0.50,99,4,0.12,53,0,68,99,0,99,98,0,0.00,99,4,0.00,3.43,21.43,3.12,25,11,99,99,9.43,1.38,44.00,2,1.71,7,0,0.00,0,0.00,99,0,0.00,0.00,30,0,85,35,0,0,0,0,0,28,46,65,59,0,21,26,15,15,0,0,16,70,0,0
Renato Kayzer de Souza,30,824544000,1996/02/17,Serie A,2026,Forward,Vitória,792,443,349,Brazil,17,10,7,4,3,1,1,0,1,0,0,9,8,1,6,2,4,3,0,0.57,0.11,0.45,0.61,0.26,198,0.68,132,47,264,792,0.34,23,132,-1,2,250000,6.74,0.06,69,13.07,6.76,3,115,4.12,70,1,7.95,2,0.00,0.00,0.59,10,0.00,0.53,0.34,0.18,3,0.00,0.29,0.00,0.00,0.00,0.47,0.24,0.41,4.75,2.16,0.65,0.35,0.00,0.47,0.23,0.00,0.59,0.00,0.00,0,0,,19,1.12,80,8,0.91,86,11,1.25,76,2,7,10,11,0.00,99,0,8,0.91,58,9,91,1.02,53,0,0.00,99,0,0.00,0,0,0.00,0,1.14,66,6,0.68,37,4,0.45,66.67,0,0.00,0,0,0,0.00,0,7,0.00,94,0.80,8,N/A,N/A,N/A,N/A,0.00,0,0.00,0,3.91,0.00,0,60.87,42.11,80,69,0.24,0.45,4,47,83,1,1,0,0.06,0.11,1,33,114.55,0.59,1.14,10,0,0.00,0.00,99,0.00,0,2,0,0.00,0.00,0,0.00,0.00,1.36,0.71,12,0,21.05,92,34,61,51,94,1.09,45,0.06,0.12,2.51,81,0.15,0.29,71,13,0.76,1.48,1.93,1.00,87,17,0.44,94,47,41,75,0,99,61,0,0.00,99,10,0.00,1.14,11.70,6.06,103,28,23,82,3.18,1.65,27.18,5,0.57,52,0,44.44,0,0.00,99,4,0.24,0.45,66,43,85,56,0,0,0,0,0,94,95,84,97,0,34,98,35,81,3,18,67,79,N/A,N/A
Renato Marques de Oliveira Junior,22,1070956800,2003/12/09,Serie A,2026,Forward,Coritiba,211,166,45,Brazil,7,4,3,0,0,0,0,0,0,0,0,2,1,1,4,4,0,2,2,0,0,0,0,0,0,1.71,53,30,53,0,1.71,-1,-1,-1,20,0,6.33,0,48,19.25,5.71,10,40,3.57,25,1,12.03,6,0.00,0.00,0.29,2,0.00,0.00,0.48,0.14,1,0.00,0.29,0.00,0.00,0.00,0.00,0.14,0.57,0.00,2.41,0.57,0.43,0.00,0.14,0.05,0.00,1.14,0.00,0.00,0,0,,5,0.71,84,1,0.48,66,4,1.93,95,1,5,2,13,0.00,99,0,0,0.00,10,0,30,0.00,16,0,0.00,99,0,0.00,0,0,0.00,0,0.96,56,3,1.44,62,1,0.48,33.33,0,0.00,0,0,0,0.00,0,4,0.00,9,1.93,86,N/A,N/A,N/A,N/A,0.00,0,0.00,0,0.38,0.00,0,62.50,20.00,31,22,0.29,0.96,2,49,27,0,0,0,0.00,0.00,0,24,44.33,0.29,0.96,2,0,0.00,0.00,99,0.00,0,0,1,0.14,0.48,0,0.00,0.00,0.00,0.00,0,0,0.00,45,0,6,46,10,0.14,16,0.02,0.07,0.38,66,0.05,0.18,82,4,0.57,1.93,1.93,0.57,87,4,0.18,64,13,35,99,0,47,99,0,0.00,99,8,0.00,3.85,18.77,5.57,39,14,92,99,6.74,2.00,35.90,2,0.96,31,0,0.00,0,0.00,99,0,0.00,0.00,30,1,74,35,0,0,0,0,0,28,46,65,59,0,21,64,15,99,0,0,16,78,0,0
Renê,33,716454000,1992/09/14,Serie A,2026,Defender,Fluminense,1357,806,551,Brazil,17,9,8,0,0,0,2,1,1,0,0,3,2,1,17,10,7,1,0,0.13,0.13,0,0,0,0,1.13,80,80,1357,679,0.07,319,114,85,20,1000000,6.65,0.12,74,57.83,51.29,92,872,43.94,747,65,49.54,90,0.00,0.00,0.88,15,0.00,1.35,2.39,2.12,36,0.00,0.24,0.00,0.00,0.00,1.47,0.47,1.06,0.00,0.80,0.47,0.71,0.00,0.24,0.05,0.00,1.41,0.00,0.00,0,0,,12,0.71,42,4,0.27,47,8,0.53,38,2,3,14,87,0.00,99,0,25,1.66,91,23,65,1.53,59,0,0.00,99,0,0.00,0,0,0.00,0,0.99,58,12,0.80,41,8,0.53,66.67,0,0.00,0,0,0,0.00,0,18,0.00,51,1.19,45,N/A,N/A,N/A,N/A,0.00,0,0.00,0,0.78,0.00,0,85.67,33.33,62,24,0.82,0.93,14,53,83,0,0,0,0.35,0.40,6,66,113.04,2.24,2.52,38,0,0.00,0.00,99,0.00,0,0,0,0.00,0.00,0,0.00,0.00,0.00,0.00,0,0,0.00,45,72,61,46,52,3.36,83,0.20,0.22,0.78,31,0.05,0.05,54,16,0.94,1.06,0.86,0.76,27,13,0.05,30,34,67,75,0,47,75,0,0.00,99,24,0.00,1.59,8.82,7.82,133,83,76,50,5.50,4.88,62.41,4,0.27,72,0,26.09,0,0.00,99,6,0.35,0.40,63,64,56,56,0,0,0,0,0,47,46,65,59,0,69,35,95,22,1,6,29,6,N/A,N/A
Renzo López Patrón,32,766479600,1994/04/16,Serie A,2026,Forward,Vitória,130,55,75,Uruguay,6,2,4,0,0,0,0,0,0,0,0,2,2,0,3,0,3,0,0,0,0,0,0,0,0,2.08,43,22,0,0,0,-1,-1,-1,17,0,6.55,0,48,21.46,5.17,12,31,3.33,20,3,13.85,8,0.00,0.00,0.33,2,0.00,0.00,0.69,0.17,1,0.00,0.17,0.00,0.00,0.00,0.00,0.17,0.83,0.00,0.69,0.17,0.33,0.00,0.00,0.01,0.00,1.67,0.00,0.00,0,0,,1,0.17,34,0,0.00,17,1,0.69,48,2,5,1,17,0.00,99,0,0,0.00,10,0,30,0.00,16,0,0.00,99,0,0.00,0,0,0.00,0,1.38,77,2,1.38,61,1,0.69,50.00,0,0.00,0,0,0,0.00,0,5,0.00,2,3.46,94,N/A,N/A,N/A,N/A,0.00,0,0.00,0,0.05,0.00,0,64.52,0.00,17,99,0.00,0.00,0,63,59,0,0,0,0.00,0.00,0,24,39.29,0.50,2.08,3,0,0.00,0.00,99,0.00,0,0,0,0.00,0.00,0,0.00,0.00,0.00,0.00,0,0,0.00,45,0,4,46,2,0.13,32,0.02,0.09,0.05,20,0.01,0.03,95,4,0.67,2.77,6.92,1.67,99,10,0.03,19,21,61,75,0,47,99,0,0.00,99,10,0.00,6.92,31.85,7.67,46,16,99,99,11.08,2.67,34.78,1,0.69,45,0,0.00,0,0.00,99,0,0.00,0.00,30,0,74,56,0,0,0,0,0,28,46,65,59,0,21,75,15,15,0,0,16,31,0,0
Rhuan Gabriel Rodrigues de Souza Silva,20,1139212800,2006/02/06,Serie A,2026,Midfielder,Cruzeiro,12,0,12,Brazil,1,0,1,0,0,0,0,0,0,0,0,0,0,0,0,0,0,0,0,0,0,0,0,0,0,0,0,12,0,0,0,-1,-1,-1,16,0,6.61,0,48,19.29,3.00,10,3,2.00,2,4,12.86,7,0.00,0.00,0.00,0,0.00,0.00,0.00,0.00,0,0.00,0.00,0.00,0.00,0.00,0.00,0.00,0.00,0.00,0.00,0.00,0.00,0.00,0.00,0.00,0.00,0.00,0.00,0.00,0,0,,0,0.00,7,0,0.00,17,0,0.00,7,0,1,0,5,0.00,99,0,0,0.00,10,0,30,0.00,16,0,0.00,99,0,0.00,0,0,0.00,0,0.00,8,0,0.00,9,0,0.00,0.00,0,0.00,0,0,0,0.00,0,0,0.00,99,0.00,0,N/A,N/A,N/A,N/A,0.00,0,0.00,0,0.00,0.00,0,66.67,0.00,17,99,0.00,0.00,0,13,13,0,0,0,0.00,0.00,0,24,6.61,0.00,0.00,0,0,0.00,0.00,99,0.00,0,0,0,0.00,0.00,0,0.00,0.00,0.00,0.00,0,0,0.00,45,0,0,46,0,0.00,0,0.00,0.00,0.00,7,0.00,0.00,99,3,3.00,19.29,6.43,1.00,99,1,0.00,7,26,0,75,0,47,2,0,0.00,99,0,0.00,0.00,25.71,4.00,4,3,99,99,19.29,3.00,75.00,0,0.00,99,0,0.00,0,0.00,99,0,0.00,0.00,30,0,36,12,0,0,0,0,0,28,46,65,59,0,21,5,15,15,0,0,16,40,0,0
Riccieli,27,906015600,1998/09/17,Serie A,2026,Defender,Vitória,92,46,46,Brazil,2,1,1,0,0,0,0,0,0,0,0,1,1,0,3,0,3,0,0,0,0,0,0,0,0,2.93,31,46,0,0,0,-1,-1,-1,38,0,6.41,0,48,31.30,16.00,34,32,12.50,25,23,24.46,32,0.00,0.00,0.00,0,0.00,0.00,0.98,0.50,1,0.00,0.00,0.00,0.00,0.00,1.50,0.00,1.50,0.00,0.98,0.50,0.50,0.00,0.00,0.03,0.00,1.50,0.00,0.00,0,0,,1,0.50,49,0,0.00,17,1,0.98,63,5,0,2,32,0.00,99,0,3,2.93,99,0,30,0.00,16,0,0.00,99,0,0.00,0,0,0.00,0,0.00,8,1,0.98,47,0,0.00,0.00,0,0.00,0,0,0,0.00,0,3,0.00,0,2.93,93,N/A,N/A,N/A,N/A,0.00,0,0.00,0,0.06,0.00,0,78.12,0.00,17,99,0.00,0.00,0,13,13,0,0,0,0.00,0.00,0,24,12.82,1.00,1.96,2,0,0.00,0.00,99,0.00,0,0,0,0.00,0.00,0,0.00,0.00,0.00,0.00,0,0,0.00,45,0,0,46,0,0.06,14,0.03,0.06,0.06,35,0.03,0.06,49,1,0.50,0.98,0.98,0.50,34,1,0.06,34,15,58,75,0,47,97,0,0.00,99,3,0.00,2.93,5.87,3.00,6,4,37,15,3.91,2.00,66.67,0,0.00,99,0,0.00,0,0.00,99,0,0.00,0.00,30,1,23,91,0,0,0,0,0,28,46,65,59,0,21,98,15,15,0,0,16,5,0,0
Riquelme Avellar da Silva Fortes,20,1141804800,2006/03/08,Serie A,2026,Defender,Vasco da Gama,37,0,37,Brazil,2,0,2,0,0,0,1,0,1,0,0,0,0,0,1,0,1,0,0,2.43,2.43,0,0,0,0,2.43,37,19,0,37,0,-1,-1,-1,18,0,6.42,0.5,99,36.49,7.50,51,15,5.00,10,4,24.32,32,0.00,0.00,0.00,0,0.00,1.50,4.86,1.00,2,0.00,0.00,0.00,0.00,0.00,0.50,0.00,1.00,0.00,4.86,0.50,0.50,0.00,0.50,0.10,0.00,0.00,0.00,0.00,0,0,,2,1.00,99,1,2.43,99,1,2.43,98,0,2,0,99,0.00,99,0,1,2.43,99,3,30,7.30,98,0,0.00,99,0,0.00,0,0,0.00,0,0.00,8,1,2.43,82,0,0.00,0.00,0,0.00,0,0,0,0.00,0,2,0.00,0,4.86,98,N/A,N/A,N/A,N/A,0.00,0,0.00,0,0.19,0.00,0,66.67,50.00,92,0,1.00,4.86,2,13,13,0,0,0,0.00,0.00,0,24,12.84,0.00,0.00,0,0,0.00,0.00,99,0.00,0,0,0,0.00,0.00,0,0.00,0.00,0.00,0.00,0,0,0.00,45,0,0,46,0,0.53,99,0.27,1.29,0.19,95,0.10,0.46,1,0,0.00,0.00,2.43,0.50,96,1,0.46,95,16,0,75,0,47,2,0,0.00,99,0,0.00,0.00,14.59,3.00,6,2,63,95,4.86,1.00,33.33,0,0.00,99,0,0.00,0,0.00,99,0,0.00,0.00,30,0,46,12,0,0,0,0,0,99,46,65,59,0,21,5,15,15,0,0,16,82,0,0
Riquelme Felipe Silva de Almeida,19,1173769200,2007/03/13,Serie A,2026,Forward,Fluminense,46,14,32,Brazil,4,2,2,0,0,0,1,1,0,0,0,0,0,0,0,0,0,1,0,1.96,1.96,0,0,0,0,0,0,12,46,46,1.96,-1,-1,-1,14,0,6.60,0.25,99,56.74,7.25,91,29,5.50,22,17,43.04,80,0.00,0.00,0.25,1,0.00,1.50,5.87,0.75,3,0.00,0.25,0.00,0.00,0.00,0.00,0.50,0.00,0.00,0.00,0.00,1.50,0.00,0.00,0.00,0.00,0.25,0.00,0.00,0,0,,0,0.00,7,0,0.00,17,0,0.00,7,0,4,0,99,0.00,99,0,0,0.00,10,6,84,11.74,99,0,0.00,99,0,0.00,0,0,0.00,0,1.96,90,6,11.74,99,2,3.91,33.33,0,0.00,0,0,0,0.00,0,0,0.00,99,0.00,0,N/A,N/A,N/A,N/A,0.00,0,0.00,0,0.00,0.00,0,75.86,0.00,17,0,0.25,1.96,1,99,27,0,0,0,0.00,0.00,0,24,26.42,0.25,1.96,1,0,0.00,0.00,99,0.00,0,0,0,0.00,0.00,0,0.00,0.00,0.00,0.00,0,0,0.00,45,0,0,46,0,0.64,99,0.16,1.25,0.00,7,0.00,0.00,99,2,0.50,3.91,5.87,0.75,99,3,0.00,7,24,58,75,0,47,83,0,0.00,99,1,0.00,1.96,33.26,4.25,17,8,99,99,15.65,2.00,47.06,1,1.96,5,0,33.33,0,0.00,99,2,0.50,3.91,99,0,65,12,0,0,0,0,0,99,46,65,59,0,21,5,15,99,1,25,85,28,0,0
Riquelme Fillipi Marinho de Souza,19,1158303600,2006/09/15,Serie A,2026,Forward,Palmeiras,61,44,17,Brazil,3,1,2,0,0,0,0,0,0,0,0,1,1,0,0,0,0,0,0,0,0,0,0,0,0,0,0,20,0,0,0,-1,-1,-1,20,100000,6.70,0,48,39.84,9.00,59,27,6.33,19,7,28.03,44,0.00,0.00,0.00,0,0.00,0.33,4.43,1.00,3,0.00,0.00,0.00,0.00,0.00,0.33,1.33,0.00,0.00,1.48,0.00,1.67,0.00,0.33,0.04,0.00,0.33,0.00,0.00,0,0,,1,0.33,65,1,1.48,97,0,0.00,7,0,3,0,99,0.00,99,0,1,1.48,89,1,30,1.48,58,0,0.00,99,0,0.00,0,0,0.00,0,0.00,8,5,7.38,99,4,5.90,80.00,0,0.00,0,0,0,0.00,0,0,0.00,99,0.00,0,N/A,N/A,N/A,N/A,0.00,0,0.00,0,0.12,0.00,0,70.37,100.00,99,3,0.33,1.48,1,99,92,0,0,0,0.00,0.00,0,24,20.11,0.00,0.00,0,0,0.00,0.00,99,0.00,0,0,0,0.00,0.00,0,0.00,0.00,0.00,0.00,0,0,0.00,45,0,0,46,0,0.05,16,0.02,0.07,0.12,66,0.04,0.18,71,1,0.33,1.48,2.95,0.67,99,2,0.18,64,39,0,75,0,47,71,0,0.00,99,1,0.00,1.48,22.13,5.00,15,9,99,99,13.28,3.00,60.00,0,0.00,99,0,0.00,0,0.00,99,0,0.00,0.00,30,0,56,12,0,0,0,0,0,28,46,65,59,0,23,75,15,15,0,0,16,37,N/A,N/A
Riquelme Freitas dos Santos,20,1155452400,2006/08/13,Serie A,2026,Midfielder,Grêmio,55,1,54,Brazil,3,1,2,0,0,0,0,0,0,0,0,2,1,1,0,0,0,2,1,0,0,0,0,0,0,0,0,18,28,0,3.27,-1,-1,-1,13,350000,4.17,0,48,80.82,14.67,99,44,12.33,37,53,67.96,99,0.00,0.00,0.00,0,0.00,0.00,3.67,0.67,2,0.00,0.00,0.00,0.00,0.00,0.00,0.67,0.00,0.00,0.00,0.00,1.00,0.00,0.00,0.00,0.00,0.33,0.00,0.00,0,0,,0,0.00,7,0,0.00,17,0,0.00,7,0,3,0,99,0.00,99,0,0,0.00,10,0,30,0.00,16,0,0.00,99,0,0.00,0,0,0.00,0,0.00,8,3,5.51,99,2,3.67,66.67,0,0.00,0,0,0,0.00,0,0,0.00,99,0.00,0,N/A,N/A,N/A,N/A,0.00,0,0.00,0,0.00,0.00,0,84.09,0.00,17,99,0.00,0.00,0,99,83,0,0,0,0.00,0.00,0,24,12.50,0.67,3.67,2,0,0.00,0.00,99,0.00,0,0,0,0.00,0.00,0,0.00,0.00,0.00,0.00,0,0,0.00,45,0,0,46,0,0.08,60,0.03,0.15,0.00,7,0.00,0.00,99,2,0.67,3.67,5.51,1.00,99,3,0.00,7,0,79,75,0,47,80,0,0.00,99,1,0.00,1.84,22.04,4.00,12,7,99,99,12.86,2.33,58.33,0,0.00,99,0,0.00,0,0.00,99,0,0.00,0.00,30,0,56,12,0,0,0,0,0,28,46,65,59,0,40,99,15,99,1,33,94,65,N/A,N/A
Robert Abel Arboleda Escobar,34,688114800,1991/10/22,Serie A,2026,Defender,São Paulo,674,314,360,Ecuador,10,5,5,0,0,0,0,0,0,0,0,2,1,1,8,4,4,1,0,0,0,0,0,0,0,1.07,84,67,674,0,0.13,374,375,75,28,1100000,6.28,0,48,56.53,42.90,91,429,38.20,382,84,50.34,91,0.00,0.00,0.10,1,0.00,0.10,3.03,2.30,23,0.00,0.00,0.00,0.00,0.30,0.60,0.50,1.10,0.00,0.53,0.20,0.50,0.00,0.20,0.04,0.00,1.70,0.00,0.00,0,0,,4,0.40,25,2,0.26,46,2,0.26,17,0,3,7,95,0.00,99,0,6,0.79,51,1,30,0.13,21,0,0.00,99,0,0.00,0,0,0.00,0,0.13,11,5,0.66,36,5,0.66,100.00,0,0.00,0,3,18,0.40,18,11,0.00,57,1.45,63,N/A,N/A,N/A,N/A,27.27,0,0.00,0,0.41,0.00,0,89.04,50.00,92,75,0.30,0.40,3,61,99,0,0,0,0.50,0.66,5,84,62.75,4.80,6.33,48,0,0.00,0.00,99,0.00,0,0,0,0.00,0.00,0,0.00,0.00,0.26,0.20,2,0,0.00,45,26,17,46,57,0.72,32,0.07,0.09,0.41,31,0.04,0.05,12,2,0.20,0.26,0.92,0.70,30,7,0.05,30,11,96,75,0,83,88,0,0.00,99,17,0.00,2.24,8.96,6.80,68,47,88,53,6.19,4.70,69.12,0,0.00,99,0,0.00,0,0.00,99,0,0.00,0.00,30,28,56,12,0,0,0,0,0,28,46,65,59,0,71,42,83,32,1,10,42,5,N/A,N/A
Robert dos Santos Conceição,23,1058684400,2003/07/20,Serie A,2026,Midfielder,Chapecoense,15,15,0,Brazil,1,1,0,0,0,0,0,0,0,0,0,0,0,0,0,0,0,0,0,0,0,0,0,0,0,0,0,15,0,0,0,-1,-1,-1,35,0,6.77,0,48,30.00,5.00,30,5,4.00,4,30,24.00,30,0.00,0.00,1.00,1,0.00,0.00,6.00,1.00,1,0.00,0.00,0.00,0.00,0.00,0.00,0.00,0.00,0.00,0.00,0.00,0.00,0.00,0.00,0.00,0.00,0.00,0.00,0.00,0,0,,0,0.00,7,0,0.00,17,0,0.00,7,0,1,0,99,0.00,99,0,0,0.00,10,0,30,0.00,16,0,0.00,99,0,0.00,0,0,0.00,0,6.00,99,0,0.00,9,0,0.00,0.00,0,0.00,0,0,0,0.00,0,0,0.00,99,0.00,0,N/A,N/A,N/A,N/A,0.00,0,0.00,0,0.00,0.00,0,80.00,0.00,17,99,0.00,0.00,0,13,13,0,0,0,0.00,0.00,0,24,6.77,2.00,12.00,2,0,0.00,0.00,99,0.00,0,0,0,0.00,0.00,0,0.00,0.00,0.00,0.00,0,0,0.00,45,0,0,46,0,0.05,94,0.05,0.30,0.00,7,0.00,0.00,1,0,0.00,0.00,0.00,0.00,5,0,0.00,7,51,99,75,0,47,2,0,0.00,99,0,0.00,0.00,6.00,1.00,1,1,85,16,6.00,1.00,100.00,0,0.00,99,0,0.00,0,0.00,99,0,0.00,0.00,30,0,36,12,0,0,0,0,0,28,46,65,59,0,21,5,15,15,0,0,16,8,0,0
Robert Pinto Alves Assunção,21,1107417600,2005/02/03,Serie A,2026,Goalkeeper,Atlético Mineiro,0,0,0,Brazil,0,0,0,0,0,0,0,0,0,0,0,0,0,0,0,0,0,0,0,0,0,0,0,0,0,0,0,0,0,0,0,-1,-1,-1,-1,N/A,N/A,N/A,N/A,N/A,N/A,N/A,N/A,N/A,N/A,N/A,N/A,N/A,N/A,N/A,N/A,N/A,N/A,N/A,N/A,N/A,N/A,N/A,N/A,N/A,N/A,N/A,N/A,N/A,N/A,N/A,N/A,N/A,N/A,N/A,N/A,N/A,N/A,N/A,N/A,N/A,N/A,N/A,N/A,N/A,N/A,N/A,N/A,N/A,N/A,N/A,N/A,N/A,N/A,N/A,N/A,N/A,N/A,N/A,N/A,N/A,N/A,N/A,N/A,N/A,N/A,N/A,N/A,N/A,N/A,N/A,N/A,N/A,N/A,N/A,N/A,N/A,N/A,N/A,N/A,N/A,N/A,N/A,N/A,N/A,N/A,N/A,N/A,N/A,N/A,N/A,N/A,N/A,N/A,N/A,N/A,N/A,N/A,N/A,N/A,N/A,N/A,N/A,N/A,N/A,N/A,N/A,N/A,N/A,N/A,N/A,N/A,N/A,N/A,N/A,N/A,N/A,N/A,N/A,N/A,N/A,N/A,N/A,N/A,N/A,N/A,N/A,N/A,N/A,N/A,N/A,N/A,N/A,N/A,N/A,N/A,N/A,N/A,N/A,N/A,N/A,N/A,N/A,N/A,N/A,N/A,N/A,N/A,N/A,N/A,N/A,N/A,N/A,N/A,N/A,N/A,N/A,N/A,N/A,N/A,N/A,N/A,N/A,N/A,N/A,N/A,N/A,N/A,N/A,N/A,N/A,N/A,N/A,N/A,N/A,N/A,N/A,N/A,N/A,N/A,N/A,N/A,N/A,N/A,N/A,N/A,N/A,N/A,N/A,N/A,N/A,N/A,N/A,N/A,N/A,N/A,N/A,N/A,N/A,N/A,N/A,N/A,N/A,N/A,N/A,N/A,N/A,N/A,N/A,N/A,N/A,N/A,N/A,N/A,N/A,N/A,N/A,N/A,N/A,N/A,N/A,N/A,N/A,N/A
Robert Renan Alves Barbosa,22,1065855600,2003/10/11,Serie A,2026,Defender,Vasco da Gama,2070,1080,990,Brazil,23,12,11,1,0,1,0,0,0,0,0,2,1,1,35,16,19,3,0,0.04,0,0.04,0,0.09,2070,1.52,59,90,690,0,0.13,227,390,150,12,1500000,6.89,0,48,54.83,54.83,89,1261,47.35,1089,70,47.35,87,0.00,0.00,0.70,16,0.00,0.39,1.70,1.70,39,0.00,0.17,0.00,0.00,0.00,1.61,0.26,1.65,10.00,0.43,0.30,0.39,0.00,0.13,0.06,0.00,1.91,0.00,0.00,0,0,,10,0.43,18,3,0.13,27,7,0.30,20,0,0,23,64,0.00,99,0,37,1.61,90,9,54,0.39,37,0,0.00,99,0,0.00,0,0,0.00,0,0.70,42,9,0.39,24,6,0.26,66.67,0,0.00,0,0,0,0.00,0,38,0.00,19,1.65,78,N/A,N/A,N/A,N/A,0.00,0,0.00,0,1.31,0.00,0,86.36,30.00,50,84,0.26,0.26,6,30,83,0,0,0,0.52,0.52,12,76,158.55,4.96,4.96,114,0,0.00,0.00,99,0.00,0,0,0,0.00,0.00,0,0.00,0.00,0.00,0.00,0,0,10.00,65,99,99,99,19,2.78,45,0.12,0.12,1.31,35,0.06,0.06,9,5,0.22,0.22,1.09,1.09,42,25,0.06,34,68,88,75,0,47,81,0,0.00,99,44,0.00,1.91,6.65,6.65,153,93,41,23,4.04,4.04,60.78,4,0.17,79,0,22.22,0,0.00,99,2,0.09,0.09,36,99,23,12,0,0,0,0,0,29,46,66,59,0,82,16,85,32,3,13,52,30,N/A,N/A
Robson de Souza Júnior,18,1197878400,2007/12/17,Serie A,2026,Forward,Santos,45,25,20,Brazil,4,2,2,0,0,0,0,0,0,0,0,1,1,0,1,0,1,0,0,0,0,0,0,0,0,2,45,11,0,0,0,-1,-1,-1,30,288000,4.80,0,48,35.22,4.50,48,18,2.75,11,1,21.52,24,0.00,0.00,0.00,0,0.00,0.25,3.91,0.50,2,0.00,0.00,0.00,0.00,0.00,0.25,0.00,0.50,0.00,1.96,0.25,0.75,0.00,0.00,0.01,0.00,0.00,0.00,0.00,0,0,,1,0.25,75,0,0.00,17,1,1.96,95,0,4,0,99,0.00,99,0,1,1.96,97,1,30,1.96,64,0,0.00,99,0,0.00,0,0,0.00,0,0.00,8,3,5.87,99,0,0.00,0.00,0,0.00,0,0,0,0.00,0,2,0.00,3,3.91,96,N/A,N/A,N/A,N/A,0.00,0,0.00,0,0.06,0.00,0,61.11,0.00,17,99,0.00,0.00,0,13,13,0,0,0,0.00,0.00,0,24,19.19,0.00,0.00,0,0,0.00,0.00,99,0.00,0,0,0,0.00,0.00,0,0.00,0.00,0.00,0.00,0,0,0.00,45,0,0,46,3,0.03,14,0.01,0.06,0.06,54,0.01,0.12,84,1,0.25,1.96,1.96,0.25,88,1,0.12,53,0,0,75,0,47,2,0,0.00,99,0,0.00,0.00,13.70,1.75,7,3,83,92,5.87,0.75,42.86,0,0.00,99,0,0.00,0,0.00,99,0,0.00,0.00,30,0,65,12,0,0,0,0,0,28,46,65,59,0,35,54,15,15,0,0,16,7,N/A,N/A
Rodrigo Antonio Rodrigues,26,956300400,2000/04/21,Serie A,2026,Forward,Mirassol,0,0,0,Brazil,0,0,0,0,0,0,0,0,0,0,0,0,0,0,0,0,0,0,0,0,0,0,0,0,0,0,0,0,0,0,0,-1,-1,-1,-1,N/A,N/A,N/A,N/A,N/A,N/A,N/A,N/A,N/A,N/A,N/A,N/A,N/A,N/A,N/A,N/A,N/A,N/A,N/A,N/A,N/A,N/A,N/A,N/A,N/A,N/A,N/A,N/A,N/A,N/A,N/A,N/A,N/A,N/A,N/A,N/A,N/A,N/A,N/A,N/A,N/A,N/A,N/A,N/A,N/A,N/A,N/A,N/A,N/A,N/A,N/A,N/A,N/A,N/A,N/A,N/A,N/A,N/A,N/A,N/A,N/A,N/A,N/A,N/A,N/A,N/A,N/A,N/A,N/A,N/A,N/A,N/A,N/A,N/A,N/A,N/A,N/A,N/A,N/A,N/A,N/A,N/A,N/A,N/A,N/A,N/A,N/A,N/A,N/A,N/A,N/A,N/A,N/A,N/A,N/A,N/A,N/A,N/A,N/A,N/A,N/A,N/A,N/A,N/A,N/A,N/A,N/A,N/A,N/A,N/A,N/A,N/A,N/A,N/A,N/A,N/A,N/A,N/A,N/A,N/A,N/A,N/A,N/A,N/A,N/A,N/A,N/A,N/A,N/A,N/A,N/A,N/A,N/A,N/A,N/A,N/A,N/A,N/A,N/A,N/A,N/A,N/A,N/A,N/A,N/A,N/A,N/A,N/A,N/A,N/A,N/A,N/A,N/A,N/A,N/A,N/A,N/A,N/A,N/A,N/A,N/A,N/A,N/A,N/A,N/A,N/A,N/A,N/A,N/A,N/A,N/A,N/A,N/A,N/A,N/A,N/A,N/A,N/A,N/A,N/A,N/A,N/A,N/A,N/A,N/A,N/A,N/A,N/A,N/A,N/A,N/A,N/A,N/A,N/A,N/A,N/A,N/A,N/A,N/A,N/A,N/A,N/A,N/A,N/A,N/A,N/A,N/A,N/A,N/A,N/A,N/A,N/A,N/A,N/A,N/A,N/A,N/A,N/A,N/A,N/A,N/A,N/A,N/A,N/A
Rodrigo Castillo,27,920016000,1999/02/26,Serie A,2026,Forward,Fluminense,588,280,308,Argentina,13,7,6,3,2,1,1,0,1,0,0,2,1,1,9,4,5,1,0,0.61,0.15,0.46,0.64,0.29,196,1.38,65,45,588,588,0.15,21,100,-1,5,0,6.88,0.08,79,29.29,14.77,27,192,10.62,138,11,21.05,23,0.00,0.00,0.54,7,0.00,0.00,0.92,0.46,6,0.00,0.62,0.00,0.00,0.00,0.23,0.08,0.77,6.33,2.90,0.85,0.77,0.00,0.62,0.26,0.00,1.92,0.00,0.00,0,0,,19,1.46,93,8,1.22,95,11,1.68,89,4,8,5,29,0.00,99,0,3,0.46,31,0,30,0.00,16,0,0.00,99,0,0.00,0,0,0.00,0,1.07,62,10,1.53,64,1,0.15,10.00,0,0.00,0,0,0,0.00,0,10,0.00,28,1.53,71,N/A,N/A,N/A,N/A,0.00,0,0.00,0,3.37,0.00,0,71.88,42.11,80,26,0.46,0.92,6,21,14,0,0,0,0.15,0.31,2,59,89.50,0.69,1.37,9,0,0.00,0.00,99,0.00,0,0,0,0.00,0.00,0,0.00,0.00,0.46,0.23,3,0,15.79,83,18,30,51,28,1.13,69,0.09,0.17,3.37,97,0.26,0.51,92,16,1.23,2.44,3.36,1.69,99,22,0.51,97,66,48,75,0,91,99,0,0.00,99,25,0.00,3.81,17.54,8.85,115,48,96,99,7.32,3.69,41.74,8,1.22,21,0,0.00,0,0.00,99,0,0.00,0.00,30,14,90,83,0,0,0,0,0,95,96,86,98,0,21,30,78,37,1,8,34,19,0,0
Rodrigo Endrio Azevedo Tiago,19,1183446000,2007/07/03,Serie A,2026,Forward,Chapecoense,0,0,0,Brazil,0,0,0,0,0,0,0,0,0,0,0,0,0,0,0,0,0,0,0,0,0,0,0,0,0,0,0,0,0,0,0,-1,-1,-1,-1,N/A,N/A,N/A,N/A,N/A,N/A,N/A,N/A,N/A,N/A,N/A,N/A,N/A,N/A,N/A,N/A,N/A,N/A,N/A,N/A,N/A,N/A,N/A,N/A,N/A,N/A,N/A,N/A,N/A,N/A,N/A,N/A,N/A,N/A,N/A,N/A,N/A,N/A,N/A,N/A,N/A,N/A,N/A,N/A,N/A,N/A,N/A,N/A,N/A,N/A,N/A,N/A,N/A,N/A,N/A,N/A,N/A,N/A,N/A,N/A,N/A,N/A,N/A,N/A,N/A,N/A,N/A,N/A,N/A,N/A,N/A,N/A,N/A,N/A,N/A,N/A,N/A,N/A,N/A,N/A,N/A,N/A,N/A,N/A,N/A,N/A,N/A,N/A,N/A,N/A,N/A,N/A,N/A,N/A,N/A,N/A,N/A,N/A,N/A,N/A,N/A,N/A,N/A,N/A,N/A,N/A,N/A,N/A,N/A,N/A,N/A,N/A,N/A,N/A,N/A,N/A,N/A,N/A,N/A,N/A,N/A,N/A,N/A,N/A,N/A,N/A,N/A,N/A,N/A,N/A,N/A,N/A,N/A,N/A,N/A,N/A,N/A,N/A,N/A,N/A,N/A,N/A,N/A,N/A,N/A,N/A,N/A,N/A,N/A,N/A,N/A,N/A,N/A,N/A,N/A,N/A,N/A,N/A,N/A,N/A,N/A,N/A,N/A,N/A,N/A,N/A,N/A,N/A,N/A,N/A,N/A,N/A,N/A,N/A,N/A,N/A,N/A,N/A,N/A,N/A,N/A,N/A,N/A,N/A,N/A,N/A,N/A,N/A,N/A,N/A,N/A,N/A,N/A,N/A,N/A,N/A,N/A,N/A,N/A,N/A,N/A,N/A,N/A,N/A,N/A,N/A,N/A,N/A,N/A,N/A,N/A,N/A,N/A,N/A,N/A,N/A,N/A,N/A,N/A,N/A,N/A,N/A,N/A,N/A
Rodrigo Garro,28,883900800,1998/01/04,Serie A,2026,Midfielder,Corinthians,1512,736,776,Argentina,22,11,11,3,0,3,6,5,1,0,0,9,5,4,17,8,9,6,0,0.54,0.36,0.18,0,0.35,504,1.01,89,69,252,252,0.36,124,13,-1,2,1920000,7.23,0.27,97,43.51,33.23,69,731,26.18,576,26,34.29,61,0.00,0.00,1.91,42,0.00,4.27,0.83,0.64,14,0.00,0.77,0.00,0.00,0.00,0.36,0.64,0.77,11.67,2.08,0.91,1.23,0.00,0.68,0.22,0.00,0.05,0.00,0.00,0,0,,35,1.59,77,15,0.89,86,20,1.19,73,3,5,17,22,0.00,99,0,8,0.48,33,94,84,5.60,94,0,0.00,99,0,0.00,0,0,0.00,0,2.50,95,27,1.61,67,14,0.83,51.85,0,0.00,0,0,0,0.00,0,17,0.00,65,1.01,26,N/A,N/A,N/A,N/A,0.00,0,0.00,0,4.81,0.00,0,78.80,42.86,83,42,0.55,0.71,12,69,60,0,0,0,0.00,0.00,0,24,159.15,0.18,0.24,4,0,0.00,0.00,99,0.00,0,0,2,0.09,0.12,0,0.00,0.00,0.12,0.09,2,0,8.57,60,80,94,74,65,6.30,98,0.29,0.38,4.81,81,0.22,0.29,99,65,2.95,3.87,1.25,0.95,52,21,0.29,79,98,5,91,0,68,2,0,0.00,99,1,0.00,0.06,9.46,7.23,159,93,78,62,5.54,4.23,58.49,17,1.01,29,0,34.04,0,0.00,99,32,1.45,1.90,97,80,74,72,0,0,0,0,0,91,74,89,59,0,89,90,32,83,6,27,87,8,N/A,N/A
Rodrigo Huendra Almeida Mendonça,22,1079424000,2004/03/16,Serie A,2026,Midfielder,Bragantino,653,372,281,Brazil,13,7,6,2,0,2,0,0,0,0,0,4,3,1,6,3,3,3,0,0.28,0,0.28,0,0.64,327,0.83,109,50,218,0,0.41,65,259,-1,6,1100000,6.85,0,48,30.18,16.85,31,219,14.69,191,75,26.32,38,0.00,0.00,0.92,12,0.00,2.15,2.21,1.23,16,0.00,0.38,0.00,0.00,0.00,0.23,0.62,0.46,9.50,2.62,1.15,1.08,0.00,0.31,0.19,0.00,0.23,0.00,0.00,0,0,,19,1.46,89,4,0.55,71,15,2.07,96,5,6,7,82,0.00,99,0,3,0.41,28,28,78,3.86,84,0,0.00,99,0,0.00,0,0,0.00,0,1.65,84,14,1.93,74,8,1.10,57.14,0,0.00,0,0,0,0.00,0,6,0.00,82,0.83,10,N/A,N/A,N/A,N/A,0.00,0,0.00,0,2.50,0.00,0,87.21,21.05,31,33,0.46,0.83,6,79,69,0,0,0,0.08,0.14,1,40,89.09,0.23,0.41,3,0,0.00,0.00,99,0.00,0,0,1,0.08,0.14,0,0.00,0.00,0.28,0.15,2,1,10.53,66,24,30,60,84,1.00,55,0.08,0.14,2.50,86,0.19,0.34,48,7,0.54,0.96,2.21,1.23,93,16,0.34,84,61,9,93,0,85,20,0,0.00,99,3,0.00,0.41,9.37,5.23,68,32,49,61,4.41,2.46,47.06,5,0.69,45,0,32.14,0,0.00,99,9,0.69,1.24,91,28,79,91,0,0,0,0,0,73,87,97,59,0,71,67,28,87,3,23,80,20,N/A,N/A
Rodrigo Moledo,38,562320000,1987/10/27,Serie A,2026,Defender,Coritiba,158,68,90,Brazil,3,2,1,1,1,0,0,0,0,0,0,1,0,1,1,1,0,0,0,0.57,0,0.57,1.32,0,158,0.57,158,53,0,0,0,-1,-1,-1,6,221000,7.01,0,48,17.09,10.00,7,30,8.00,24,30,13.67,8,0.00,0.00,0.00,0,0.00,0.00,1.14,0.67,2,0.00,0.00,0.00,0.00,0.00,0.33,0.33,1.00,1.00,0.57,0.00,0.33,0.00,0.33,0.24,0.00,2.00,0.00,0.00,0,0,,1,0.33,28,1,0.57,71,0,0.00,7,0,2,1,39,0.00,99,0,1,0.57,40,0,30,0.00,16,0,0.00,99,0,0.00,0,0,0.00,0,0.00,8,1,0.57,31,1,0.57,100.00,0,0.00,0,0,0,0.00,0,3,0.00,96,1.71,81,N/A,N/A,N/A,N/A,0.00,0,0.00,0,0.73,0.00,0,80.00,100.00,99,99,0.00,0.00,0,55,99,0,0,0,1.00,1.71,3,99,21.04,6.33,10.82,19,0,0.00,0.00,99,0.00,0,0,0,0.00,0.00,0,0.00,0.00,0.00,0.00,0,0,100.00,99,0,0,47,96,0.04,0,0.01,0.02,0.73,93,0.24,0.42,58,2,0.67,1.14,0.57,0.33,17,1,0.42,91,84,99,75,0,47,98,0,0.00,99,6,0.00,3.42,8.54,5.00,15,11,90,47,6.27,3.67,73.33,0,0.00,99,0,0.00,0,0.00,99,0,0.00,0.00,30,0,46,12,0,0,0,0,0,94,98,65,99,0,31,75,15,15,0,0,16,4,N/A,N/A
Rodrigo Nestor Bertalia,26,965804400,2000/08/09,Serie A,2026,Midfielder,Bahia,972,516,456,Brazil,17,8,9,1,1,0,2,1,1,0,0,6,3,3,9,4,5,3,0,0.28,0.19,0.09,0.17,0,972,0.83,108,57,324,486,0.28,185,70,-1,10,550000,7.08,0.12,86,42.50,27.00,65,459,23.06,392,63,36.30,67,0.00,0.00,1.53,26,0.00,5.00,1.94,1.24,21,0.00,0.71,0.00,0.00,0.00,0.76,0.82,0.53,35.00,3.24,1.71,1.35,0.00,0.35,0.15,0.00,0.18,0.00,0.00,0,0,,35,2.06,97,6,0.56,71,29,2.69,99,2,7,10,74,0.00,99,0,13,1.20,77,85,50,7.87,99,0,0.00,99,0,0.00,0,0,0.00,0,2.41,94,23,2.13,78,14,1.30,60.87,0,0.00,0,0,0,0.00,0,9,0.00,82,0.83,10,N/A,N/A,N/A,N/A,0.00,0,0.00,0,2.60,0.00,0,85.40,17.14,26,33,0.53,0.83,9,84,73,1,0,0,0.29,0.46,5,73,120.37,0.59,0.93,10,0,0.00,0.00,99,0.00,0,1,0,0.00,0.00,0,0.00,0.00,0.09,0.06,1,0,2.86,46,46,61,88,82,2.88,92,0.17,0.27,1.90,66,0.11,0.18,42,9,0.53,0.83,1.67,1.06,76,18,0.24,73,90,33,75,0,61,11,0,0.00,99,3,0.00,0.28,9.07,5.76,98,47,47,56,4.35,2.76,47.96,12,1.11,25,0,21.18,0,0.00,99,18,1.06,1.67,95,43,85,56,0,0,0,0,0,73,58,65,70,0,51,78,47,71,3,18,67,11,N/A,N/A
Rodrigo Plazezwski Falcão,21,1111564800,2005/03/23,Serie A,2026,Goalkeeper,Santos,0,0,0,Brazil,0,0,0,0,0,0,0,0,0,0,0,0,0,0,0,0,0,0,0,0,0,0,0,0,0,0,0,0,0,0,0,-1,-1,-1,-1,N/A,N/A,N/A,N/A,N/A,N/A,N/A,N/A,N/A,N/A,N/A,N/A,N/A,N/A,N/A,N/A,N/A,N/A,N/A,N/A,N/A,N/A,N/A,N/A,N/A,N/A,N/A,N/A,N/A,N/A,N/A,N/A,N/A,N/A,N/A,N/A,N/A,N/A,N/A,N/A,N/A,N/A,N/A,N/A,N/A,N/A,N/A,N/A,N/A,N/A,N/A,N/A,N/A,N/A,N/A,N/A,N/A,N/A,N/A,N/A,N/A,N/A,N/A,N/A,N/A,N/A,N/A,N/A,N/A,N/A,N/A,N/A,N/A,N/A,N/A,N/A,N/A,N/A,N/A,N/A,N/A,N/A,N/A,N/A,N/A,N/A,N/A,N/A,N/A,N/A,N/A,N/A,N/A,N/A,N/A,N/A,N/A,N/A,N/A,N/A,N/A,N/A,N/A,N/A,N/A,N/A,N/A,N/A,N/A,N/A,N/A,N/A,N/A,N/A,N/A,N/A,N/A,N/A,N/A,N/A,N/A,N/A,N/A,N/A,N/A,N/A,N/A,N/A,N/A,N/A,N/A,N/A,N/A,N/A,N/A,N/A,N/A,N/A,N/A,N/A,N/A,N/A,N/A,N/A,N/A,N/A,N/A,N/A,N/A,N/A,N/A,N/A,N/A,N/A,N/A,N/A,N/A,N/A,N/A,N/A,N/A,N/A,N/A,N/A,N/A,N/A,N/A,N/A,N/A,N/A,N/A,N/A,N/A,N/A,N/A,N/A,N/A,N/A,N/A,N/A,N/A,N/A,N/A,N/A,N/A,N/A,N/A,N/A,N/A,N/A,N/A,N/A,N/A,N/A,N/A,N/A,N/A,N/A,N/A,N/A,N/A,N/A,N/A,N/A,N/A,N/A,N/A,N/A,N/A,N/A,N/A,N/A,N/A,N/A,N/A,N/A,N/A,N/A,N/A,N/A,N/A,N/A,N/A,N/A
Rodrigo Rodrigues Silva,30,835081200,1996/06/18,Serie A,2026,Forward,Coritiba,25,25,0,Brazil,1,1,0,0,0,0,0,0,0,0,0,0,0,0,1,1,0,0,0,0,0,0,0,0,0,3.6,25,25,0,0,0,-1,-1,-1,13,0,6.45,0,48,18.00,5.00,8,5,3.00,3,1,10.80,4,0.00,0.00,0.00,0,0.00,0.00,0.00,0.00,0,0.00,0.00,0.00,0.00,0.00,0.00,0.00,1.00,0.00,0.00,0.00,0.00,0.00,0.00,0.00,0.00,2.00,0.00,0.00,0,0,,0,0.00,7,0,0.00,17,0,0.00,7,0,1,0,5,0.00,99,0,0,0.00,10,0,30,0.00,16,0,0.00,99,0,0.00,0,0,0.00,0,0.00,8,0,0.00,9,0,0.00,0.00,0,0.00,0,0,0,0.00,0,1,0.00,0,3.60,95,N/A,N/A,N/A,N/A,0.00,0,0.00,0,0.00,0.00,0,60.00,0.00,17,99,0.00,0.00,0,13,13,0,0,0,0.00,0.00,0,24,6.45,1.00,3.60,1,0,0.00,0.00,99,0.00,0,0,0,0.00,0.00,0,0.00,0.00,0.00,0.00,0,0,0.00,45,0,0,46,0,0.01,6,0.01,0.04,0.00,7,0.00,0.00,1,0,0.00,0.00,10.80,3.00,99,3,0.00,7,18,78,75,0,47,99,0,0.00,99,2,0.00,7.20,18.00,5.00,5,2,95,99,7.20,2.00,40.00,0,0.00,99,0,0.00,0,0.00,99,0,0.00,0.00,30,0,36,12,0,0,0,0,0,28,46,65,59,0,21,5,15,15,0,0,16,99,0,0
Rodrigo Román Villagra,25,982137600,2001/02/14,Serie A,2026,Midfielder,Internacional,1487,895,592,Argentina,18,11,7,0,0,0,0,0,0,0,0,5,4,1,18,7,11,2,0,0,0,0,0,0,0,1.09,83,83,744,0,0.12,339,343,-1,25,0,6.79,0,48,44.58,40.89,71,736,35.56,640,73,38.76,72,0.00,0.00,0.72,13,0.00,0.22,1.64,1.50,27,0.00,0.67,0.00,0.00,0.00,0.83,0.44,1.11,0.00,0.55,0.39,0.72,0.00,0.11,0.04,0.00,0.83,0.00,0.00,0,0,,9,0.50,26,2,0.12,27,7,0.42,30,4,1,17,62,0.00,99,0,15,0.91,58,4,62,0.24,28,0,0.00,99,0,0.00,0,0,0.00,0,0.79,47,13,0.79,41,8,0.48,61.54,0,0.00,0,0,0,0.00,0,20,0.00,55,1.21,47,N/A,N/A,N/A,N/A,0.00,0,0.00,0,0.72,0.00,0,86.96,22.22,33,57,0.50,0.55,9,49,74,0,0,0,0.11,0.12,2,35,122.22,1.28,1.39,23,0,0.00,0.00,99,0.00,0,0,0,0.00,0.00,0,0.00,0.00,0.00,0.00,0,0,0.00,45,79,68,46,55,1.70,36,0.09,0.10,0.72,26,0.04,0.04,49,16,0.89,0.97,1.64,1.50,73,27,0.04,25,53,50,75,0,47,50,0,0.00,99,15,0.00,0.91,7.51,6.89,124,65,38,36,3.94,3.61,52.42,12,0.73,44,0,25.00,0,0.00,99,1,0.06,0.06,33,80,36,83,0,0,0,0,0,28,46,65,59,0,21,64,87,28,2,11,45,5,0,0
Rodrigues,28,876466800,1997/10/10,Serie A,2026,Defender,Mirassol,49,3,46,Brazil,2,1,1,0,0,0,0,0,0,0,0,0,0,0,2,0,2,0,0,0,0,0,0,0,0,3.67,25,25,0,0,0,-1,-1,-1,24,320000,3.15,0,48,42.24,11.50,64,23,8.50,17,13,31.22,53,0.00,0.00,0.00,0,0.00,0.50,1.84,0.50,1,0.00,0.00,0.00,0.00,0.00,0.50,0.50,1.00,0.00,0.00,0.00,0.50,0.00,0.00,0.00,0.00,0.00,0.00,0.00,0,0,,0,0.00,7,0,0.00,17,0,0.00,7,2,1,1,71,0.00,99,0,1,1.84,96,1,99,1.84,62,0,0.00,99,0,0.00,0,0,0.00,0,0.00,8,1,1.84,72,1,1.84,100.00,0,0.00,0,0,0,0.00,0,2,0.00,0,3.67,95,N/A,N/A,N/A,N/A,0.00,0,0.00,0,0.00,0.00,0,73.91,0.00,17,99,0.00,0.00,0,93,99,0,0,0,0.00,0.00,0,24,6.31,1.00,3.67,2,0,0.00,0.00,99,0.00,0,0,0,0.00,0.00,0,0.00,0.00,0.00,0.00,0,0,0.00,45,0,0,46,0,0.04,16,0.02,0.07,0.00,7,0.00,0.00,81,1,0.50,1.84,0.00,0.00,5,0,0.00,7,0,79,75,0,47,2,0,0.00,99,0,0.00,0.00,11.02,3.00,6,3,76,75,5.51,1.50,50.00,0,0.00,99,0,100.00,0,0.00,99,1,0.50,1.84,97,0,36,56,0,0,0,0,0,28,46,65,59,0,38,5,15,15,0,0,16,97,N/A,N/A
Roger Dias Fernandes,18,1209452400,2008/04/29,Serie A,2026,Forward,Grêmio,31,31,0,Brazil,2,2,0,0,0,0,0,0,0,0,0,0,0,0,0,0,0,0,0,0,0,0,0,0,0,0,0,16,0,0,0,-1,-1,-1,27,120000,6.63,0,48,26.13,4.50,22,9,4.00,8,83,23.23,28,0.00,0.00,0.50,1,0.00,1.50,2.90,0.50,1,0.00,0.00,0.00,0.00,0.00,0.00,0.00,0.00,0.00,2.90,0.00,0.50,0.00,0.50,0.07,0.00,0.00,0.00,0.00,0,0,,1,0.50,93,1,2.90,99,0,0.00,7,0,2,0,94,0.00,99,0,0,0.00,10,3,84,8.71,99,0,0.00,99,0,0.00,0,0,0.00,0,2.90,97,1,2.90,88,0,0.00,0.00,0,0.00,0,0,0,0.00,0,0,0.00,99,0.00,0,N/A,N/A,N/A,N/A,0.00,0,0.00,0,0.15,0.00,0,88.89,100.00,99,99,0.00,0.00,0,13,13,0,0,0,0.00,0.00,0,24,13.26,0.00,0.00,0,0,0.00,0.00,99,0.00,0,0,0,0.00,0.00,0,0.00,0.00,0.00,0.00,0,0,0.00,45,0,0,46,0,0.06,69,0.03,0.17,0.15,94,0.07,0.44,1,0,0.00,0.00,2.90,0.50,99,1,0.44,94,29,0,75,0,47,2,0,0.00,99,0,0.00,0.00,8.71,1.50,3,1,15,49,2.90,0.50,33.33,0,0.00,99,0,33.33,0,0.00,99,1,0.50,2.90,99,0,46,12,0,0,0,0,0,28,46,65,59,0,24,5,15,15,0,0,16,47,N/A,N/A
Román Gómez,22,1089788400,2004/07/14,Serie A,2026,Defender,Bahia,876,270,606,Argentina,10,3,7,1,1,0,0,0,0,0,0,5,2,3,11,1,10,1,0,0.1,0,0.1,0.33,0,876,1.13,80,88,876,0,0.1,175,431,88,12,350000,7.12,0,48,42.12,41.00,64,410,35.00,350,62,35.96,65,0.00,0.00,0.40,4,0.00,1.00,2.47,2.40,24,0.00,0.40,0.00,0.00,0.00,1.70,1.30,1.10,13.00,1.34,1.20,2.20,0.00,0.10,0.13,0.00,1.80,0.00,0.00,0,0,,13,1.30,61,1,0.10,23,12,1.23,75,1,0,10,89,0.00,99,0,17,1.75,94,10,34,1.03,53,0,0.00,99,0,0.00,0,0,0.00,0,0.41,29,22,2.26,79,13,1.34,59.09,0,0.00,0,0,0,0.00,0,11,0.00,51,1.13,39,N/A,N/A,N/A,N/A,0.00,0,0.00,0,1.26,0.00,0,85.37,7.69,18,50,0.60,0.62,6,85,70,0,0,0,0.60,0.62,6,82,71.22,3.90,4.01,39,0,0.00,0.00,99,0.00,0,0,0,0.00,0.00,0,0.00,0.00,0.00,0.00,0,0,7.69,57,39,17,86,52,0.83,32,0.08,0.09,1.26,57,0.13,0.13,45,9,0.90,0.92,1.34,1.30,55,13,0.13,56,93,81,75,0,47,80,0,0.00,99,18,0.00,1.85,11.10,10.80,108,64,91,76,6.58,6.40,59.26,4,0.41,64,0,10.00,0,0.00,99,1,0.10,0.10,38,43,23,35,0,0,0,0,0,41,60,65,85,0,40,98,89,26,1,10,42,31,N/A,N/A
Ronald dos Santos Lopes,29,866617200,1997/06/18,Serie A,2026,Midfielder,Vitória,135,43,92,Brazil,7,4,3,0,0,0,0,0,0,0,0,3,3,0,0,0,0,0,0,0,0,0,0,0,0,0,0,19,0,0,0,-1,-1,-1,33,180000,3.71,0,48,38.38,8.29,56,58,7.71,54,99,35.74,65,0.00,0.00,0.29,2,0.00,0.43,1.99,0.43,3,0.00,0.43,0.00,0.00,0.00,0.00,0.14,0.43,0.00,2.65,0.57,0.71,0.00,0.00,0.03,0.00,0.00,0.00,0.00,0,0,,4,0.57,89,0,0.00,17,4,2.65,99,2,6,1,76,0.00,99,0,0,0.00,10,3,99,1.99,64,0,0.00,99,0,0.00,0,0,0.00,0,1.32,76,5,3.31,90,1,0.66,20.00,0,0.00,0,0,0,0.00,0,3,0.00,99,1.99,87,N/A,N/A,N/A,N/A,0.00,0,0.00,0,0.20,0.00,0,93.10,0.00,17,7,0.29,1.32,2,61,15,0,0,0,0.00,0.00,0,24,25.94,0.14,0.66,1,0,0.00,0.00,99,0.00,0,0,0,0.00,0.00,0,0.00,0.00,0.00,0.00,0,0,0.00,45,0,6,46,0,0.22,60,0.03,0.15,0.20,57,0.03,0.13,33,1,0.14,0.66,3.31,0.71,99,5,0.13,56,0,22,75,0,47,2,0,0.00,99,0,0.00,0.00,12.57,2.71,19,5,25,88,3.31,0.71,26.32,3,1.99,5,0,100.00,0,0.00,99,3,0.43,1.99,98,0,79,56,0,0,0,0,0,28,46,65,59,0,28,93,15,15,0,0,16,8,N/A,N/A
Ronaldo da Silva Souza,29,846054000,1996/10/23,Serie A,2026,Midfielder,Internacional,349,255,94,Brazil,9,5,4,1,1,0,0,0,0,0,0,1,0,1,6,6,0,0,0,0.26,0,0.26,0.35,0,349,1.55,58,39,0,0,0,74,345,-1,9,400000,6.67,0,48,46.80,20.22,76,182,18.00,162,84,41.66,78,0.00,0.00,0.33,3,0.00,0.22,3.86,1.67,15,0.00,0.56,0.00,0.00,0.00,0.11,0.22,0.67,6.00,1.54,0.56,0.56,0.00,0.11,0.11,0.00,0.67,0.00,0.00,0,0,,6,0.67,67,1,0.26,46,5,1.29,77,5,5,4,99,0.00,99,0,1,0.26,22,2,95,0.51,40,0,0.00,99,0,0.00,0,0,0.00,0,0.77,46,5,1.29,58,2,0.51,40.00,0,0.00,0,0,0,0.00,0,6,0.00,15,1.54,72,N/A,N/A,N/A,N/A,0.00,0,0.00,0,0.95,0.00,0,89.01,16.67,26,36,0.33,0.77,3,51,37,0,0,0,0.22,0.51,2,76,60.03,1.11,2.57,10,0,0.00,0.00,99,0.00,0,0,0,0.00,0.00,0,0.00,0.00,0.00,0.00,0,0,16.67,86,0,12,62,15,0.50,51,0.06,0.13,0.95,75,0.11,0.24,39,3,0.33,0.77,2.57,1.11,98,10,0.24,73,36,68,75,0,47,73,0,0.00,99,6,0.00,1.54,12.09,5.22,47,24,88,85,6.17,2.67,51.06,5,1.29,18,0,50.00,0,0.00,99,1,0.11,0.26,53,8,74,91,0,0,0,0,0,70,85,65,87,0,43,23,15,15,0,0,16,16,N/A,N/A
Ronaldo de Oliveira Strada,30,840697200,1996/08/22,Serie A,2026,Goalkeeper,Bahia,1305,630,675,Brazil,15,7,8,0,0,0,0,0,0,0,0,7,3,4,9,4,5,1,0,0,0,0,0,0,0,0.62,145,87,1305,0,0.07,405,430,10,24,300000,7.10,0,48,30.62,29.60,32,444,22.73,341,20,23.52,29,0.00,0.00,0.00,0,0.00,0.00,0.07,0.07,1,0.00,0.00,0.00,0.00,2.93,0.00,0.00,3.60,0.00,0.00,0.00,0.00,0.00,0.00,0.00,0.00,0.33,0.00,0.00,0,0,,0,0.00,7,0,0.00,17,0,0.00,7,1,0,15,7,0.00,99,0,0,0.00,10,0,30,0.00,16,0,0.00,99,0,0.00,0,0,0.00,0,0.00,8,0,0.00,9,0,0.00,0.00,0,0.00,0,44,99,3.03,68,54,0.00,96,3.72,95,N/A,N/A,N/A,N/A,81.48,0,0.00,0,0.00,0.00,0,76.80,0.00,17,99,0.00,0.00,0,13,13,0,0,29,0.00,0.00,0,24,106.53,1.27,1.31,19,0,0.00,0.00,99,0.00,0,0,0,0.00,0.00,5,0.33,0.34,0.00,0.00,0,0,0.00,45,69,41,46,96,0.68,10,0.05,0.05,0.00,7,0.00,0.00,5,2,0.13,0.14,0.00,0.00,5,0,0.00,7,92,47,75,33,47,15,0,0.00,99,5,0.00,0.34,0.48,0.47,7,7,5,4,0.48,0.47,100.00,0,0.00,99,0,0.00,0,0.00,99,0,0.00,0.00,30,69,23,35,0,0,0,0,0,28,46,65,59,0,37,96,94,22,1,7,31,1,N/A,N/A
Ronielson Da Silva Barbosa,31,800175600,1995/05/11,Serie A,2026,Forward,Santos,1019,526,493,Brazil,19,11,8,0,0,0,0,0,0,0,0,5,3,2,11,4,7,3,0,0,0,0,0,0,0,0.97,93,54,340,0,0.26,284,249,-1,21,2304000,6.73,0,48,23.65,14.11,18,268,10.32,196,12,17.29,16,0.00,0.00,0.74,14,0.00,1.53,1.68,1.00,19,0.00,0.79,0.00,0.00,0.00,0.47,0.32,0.68,0.00,1.68,0.74,0.84,0.00,0.26,0.07,0.00,0.89,0.00,0.00,0,0,,19,1.00,71,5,0.44,63,14,1.24,76,5,8,11,63,0.00,99,0,9,0.79,51,29,76,2.56,72,0,0.00,99,0,0.00,0,0,0.00,0,1.24,71,16,1.41,62,6,0.53,37.50,0,0.00,0,0,0,0.00,0,13,0.00,71,1.15,42,N/A,N/A,N/A,N/A,0.00,0,0.00,0,1.35,0.00,0,73.13,26.32,42,42,0.42,0.71,8,53,31,0,0,0,0.11,0.18,2,44,127.95,1.21,2.03,23,0,0.00,0.00,99,0.00,0,0,1,0.05,0.09,0,0.00,0.00,0.62,0.37,7,0,0.00,45,49,74,46,71,1.01,32,0.05,0.09,1.35,54,0.07,0.12,95,30,1.58,2.65,1.76,1.05,81,20,0.12,53,45,60,87,0,94,72,0,0.00,99,17,0.00,1.50,13.68,8.16,155,71,90,92,6.26,3.74,45.81,15,1.32,17,0,31.03,0,0.00,99,9,0.47,0.79,82,48,90,91,0,0,0,0,0,28,46,65,59,0,93,55,49,66,3,16,60,11,N/A,N/A
Ruan Pablo Barbosa Sousa,18,1216796400,2008/07/23,Serie A,2026,Forward,Bahia,25,0,25,Brazil,2,0,2,0,0,0,0,0,0,0,0,1,0,1,0,0,0,0,0,0,0,0,0,0,0,0,0,13,0,0,0,-1,-1,-1,14,0,6.58,0,48,10.80,1.50,1,3,1.50,3,99,10.80,4,0.00,0.00,0.50,1,0.00,0.00,0.00,0.00,0,0.00,0.00,0.00,0.00,0.00,0.00,0.50,0.00,0.00,3.60,0.50,1.00,0.00,0.00,0.03,0.00,0.00,0.00,0.00,0,0,,1,0.50,98,0,0.00,17,1,3.60,99,0,2,0,5,0.00,99,0,0,0.00,10,0,30,0.00,16,0,0.00,99,0,0.00,0,0,0.00,0,3.60,99,2,7.20,99,1,3.60,50.00,0,0.00,0,0,0,0.00,0,0,0.00,99,0.00,0,N/A,N/A,N/A,N/A,0.00,0,0.00,0,0.05,0.00,0,100.00,0.00,17,99,0.00,0.00,0,99,59,0,0,0,0.00,0.00,0,24,13.15,0.00,0.00,0,0,0.00,0.00,99,0.00,0,0,0,0.00,0.00,0,0.00,0.00,0.00,0.00,0,0,0.00,45,0,0,46,0,0.05,72,0.03,0.18,0.05,66,0.03,0.18,1,0,0.00,0.00,0.00,0.00,5,0,0.18,64,23,0,75,0,47,2,0,0.00,99,0,0.00,0.00,10.80,1.50,3,1,31,74,3.60,0.50,33.33,0,0.00,99,0,0.00,0,0.00,99,0,0.00,0.00,30,0,46,12,0,0,0,0,0,28,46,65,59,0,21,98,15,15,0,0,16,77,0,0
Ruan Tressoldi,27,928738800,1999/06/07,Serie A,2026,Defender,Atlético Mineiro,1753,700,1053,Brazil,20,8,12,2,2,0,0,0,0,0,0,4,2,2,25,11,14,6,0,0.1,0,0.1,0.26,0,877,1.28,70,88,292,0,0.31,172,352,120,3,0,6.94,0,48,45.95,44.75,74,895,40.65,813,93,41.74,78,0.00,0.00,0.15,3,0.00,0.00,1.33,1.30,26,0.00,0.15,0.00,0.00,0.10,1.00,0.25,1.40,5.50,0.56,0.30,0.30,0.00,0.25,0.11,0.00,2.05,0.00,0.00,0,0,,11,0.55,27,5,0.26,46,6,0.31,21,8,0,20,47,0.00,99,0,20,1.03,65,0,30,0.00,16,0,0.00,99,0,0.00,0,0,0.00,0,0.15,12,6,0.31,19,5,0.26,83.33,0,0.00,0,2,3,0.10,3,28,0.00,36,1.44,62,N/A,N/A,N/A,N/A,7.14,0,0.00,0,2.13,0.00,0,90.84,45.45,84,74,0.40,0.41,8,30,94,0,0,0,1.15,1.18,23,97,138.72,5.65,5.80,113,0,0.00,0.00,99,0.00,0,0,0,0.00,0.00,0,0.00,0.00,0.05,0.05,1,0,18.18,87,91,82,87,35,1.71,32,0.09,0.09,2.13,52,0.11,0.11,36,14,0.70,0.72,0.87,0.85,28,17,0.11,50,77,94,75,0,50,85,0,0.00,99,41,0.00,2.10,7.29,7.10,142,86,49,33,4.42,4.30,60.56,3,0.15,81,0,0.00,0,0.00,99,0,0.00,0.00,30,91,23,99,0,0,0,0,0,41,60,65,80,0,21,42,39,77,6,30,91,4,0,0
Rubens Tadeu Hartmann Ricoldi,23,1048838400,2003/03/28,Serie A,2026,Forward,Chapecoense,248,65,183,Brazil,10,4,6,1,1,0,0,0,0,0,0,1,1,0,4,2,2,2,0,0.36,0,0.36,1.38,0,248,1.45,62,25,124,0,0.73,-1,-1,-1,7,60000,6.59,0,48,26.13,7.20,22,72,5.60,56,23,20.32,22,0.00,0.00,0.60,6,0.00,1.60,1.45,0.40,4,0.00,0.20,0.00,0.00,0.00,0.10,0.60,0.40,4.00,1.45,0.20,1.40,0.00,0.20,0.10,0.00,0.00,0.00,0.00,0,0,,4,0.40,63,2,0.73,78,2,0.73,51,1,9,1,53,0.00,99,0,1,0.36,25,16,88,5.81,95,0,0.00,99,0,0.00,0,0,0.00,0,2.18,92,14,5.08,98,6,2.18,42.86,0,0.00,0,0,0,0.00,0,4,0.00,24,1.45,63,N/A,N/A,N/A,N/A,0.00,0,0.00,0,0.95,0.00,0,77.78,50.00,92,4,0.40,1.45,4,96,42,0,0,0,0.00,0.00,0,24,65.95,0.00,0.00,0,0,0.00,0.00,99,0.00,0,0,0,0.00,0.00,0,0.00,0.00,0.00,0.00,0,0,25.00,96,0,17,55,24,0.38,55,0.04,0.14,0.95,86,0.10,0.34,68,4,0.40,1.45,2.54,0.70,97,7,0.34,84,24,0,75,0,47,2,0,0.00,99,0,0.00,0.00,14.52,4.00,40,14,68,95,5.08,1.40,35.00,2,0.73,44,0,37.50,0,0.00,99,6,0.60,2.18,99,0,94,35,0,0,0,0,0,80,90,65,99,0,22,19,16,98,2,20,74,70,N/A,N/A
Ryan da Silva,18,1188889200,2007/09/04,Serie A,2026,Defender,Bragantino,231,24,207,Brazil,5,2,3,0,0,0,0,0,0,0,0,1,0,1,2,0,2,0,0,0,0,0,0,0,0,0.78,116,46,0,0,0,-1,-1,-1,17,0,7.11,0,48,23.38,12.00,18,60,9.20,46,20,17.92,18,0.00,0.00,2.60,13,0.00,4.80,3.90,2.00,10,0.00,0.20,0.00,0.00,0.00,0.00,1.40,0.40,0.00,1.95,0.80,2.20,0.00,0.20,0.06,0.00,0.60,0.00,0.00,0,0,,5,1.00,75,1,0.39,60,4,1.56,85,0,3,2,99,0.00,99,0,0,0.00,10,24,91,9.35,99,0,0.00,99,0,0.00,0,0,0.00,0,5.06,99,11,4.29,95,7,2.73,63.64,0,0.00,0,0,0,0.00,0,2,0.00,88,0.78,7,N/A,N/A,N/A,N/A,0.00,0,0.00,0,0.31,0.00,0,76.67,20.00,31,35,0.40,0.78,2,98,77,0,0,0,0.00,0.00,0,24,35.56,1.20,2.34,6,0,0.00,0.00,99,0.00,0,0,0,0.00,0.00,0,0.00,0.00,0.39,0.20,1,0,0.00,45,0,1,46,88,0.53,82,0.11,0.21,0.31,54,0.06,0.12,74,4,0.80,1.56,1.17,0.60,49,3,0.12,53,93,65,75,0,88,62,0,0.00,99,3,0.00,1.17,15.19,7.80,39,24,99,97,9.35,4.80,61.54,1,0.39,66,0,45.83,0,0.00,99,11,2.20,4.29,99,1,56,12,0,0,0,0,0,28,46,65,59,0,21,42,15,15,0,0,16,52,0,0
Ryan Francisco Rodrigues dos Santos Silva,19,1164096000,2006/11/21,Serie A,2026,Forward,São Paulo,12,12,0,Brazil,1,1,0,0,0,0,0,0,0,0,0,0,0,0,0,0,0,0,0,0,0,0,0,0,0,0,0,12,0,0,0,-1,-1,-1,37,0,6.35,0,48,22.50,3.00,15,3,2.00,2,4,15.00,11,0.00,0.00,0.00,0,0.00,0.00,0.00,0.00,0,0.00,2.00,0.00,0.00,0.00,0.00,0.00,0.00,0.00,7.50,1.00,0.00,0.00,0.00,0.06,0.00,0.00,0.00,0.00,0,0,,1,1.00,99,0,0.00,17,1,7.50,99,0,1,0,5,0.00,99,0,0,0.00,10,0,30,0.00,16,0,0.00,99,0,0.00,0,0,0.00,0,0.00,8,0,0.00,9,0,0.00,0.00,0,0.00,0,0,0,0.00,0,0,0.00,99,0.00,0,N/A,N/A,N/A,N/A,0.00,0,0.00,0,0.06,0.00,0,66.67,0.00,17,99,0.00,0.00,0,13,13,0,0,0,0.00,0.00,0,24,6.35,1.00,7.50,1,0,0.00,0.00,99,0.00,0,0,0,0.00,0.00,0,0.00,0.00,0.00,0.00,0,0,0.00,45,0,0,46,0,0.00,0,0.00,0.00,0.06,95,0.06,0.45,1,0,0.00,0.00,7.50,1.00,99,1,0.45,94,13,99,75,0,47,2,0,0.00,99,0,0.00,0.00,22.50,3.00,3,0,0,99,0.00,0.00,0.00,2,15.00,0,0,0.00,0,0.00,99,0,0.00,0.00,30,0,36,12,0,0,0,0,0,28,46,65,59,0,21,5,15,15,0,0,16,49,0,0
Samuel e Silva,18,1201680000,2008/01/30,Serie A,2026,Defender,Santos,46,44,2,Brazil,2,1,1,0,0,0,0,0,0,0,0,0,0,0,1,1,0,0,0,0,0,0,0,0,0,1.96,46,23,0,0,0,-1,-1,-1,19,0,3.15,0,48,29.35,7.50,27,15,4.00,8,0,15.65,12,0.00,0.00,0.50,1,0.00,0.00,1.96,0.50,1,0.00,0.00,0.00,0.00,0.00,0.00,0.00,0.50,0.00,1.96,0.50,0.50,0.00,0.00,0.03,0.00,0.50,0.00,0.00,0,0,,1,0.50,75,0,0.00,17,1,1.96,95,0,2,0,75,0.00,99,0,0,0.00,10,0,30,0.00,16,0,0.00,99,0,0.00,0,0,0.00,0,1.96,90,1,1.96,75,0,0.00,0.00,0,0.00,0,0,0,0.00,0,1,0.00,4,1.96,86,N/A,N/A,N/A,N/A,0.00,0,0.00,0,0.05,0.00,0,53.33,0.00,17,99,0.00,0.00,0,13,13,0,0,0,0.00,0.00,0,24,6.30,1.50,5.87,3,0,0.00,0.00,99,0.00,0,0,0,0.00,0.00,0,0.00,0.00,0.00,0.00,0,0,0.00,45,0,0,46,4,0.05,36,0.03,0.10,0.05,50,0.03,0.10,1,0,0.00,0.00,3.91,1.00,99,2,0.10,48,0,95,75,0,47,83,0,0.00,99,1,0.00,1.96,13.70,3.50,7,2,37,92,3.91,1.00,28.57,0,0.00,99,0,0.00,0,0.00,99,0,0.00,0.00,30,0,46,12,0,0,0,0,0,28,46,65,59,0,21,5,15,15,0,0,16,81,0,0
Samuel Lino,26,945936000,1999/12/23,Serie A,2026,Forward,Flamengo,1446,624,822,Brazil,23,10,13,6,3,3,7,2,5,0,0,9,5,4,13,4,9,2,0,0.81,0.44,0.37,0.43,0.33,241,0.81,111,63,723,207,0.12,39,6,-1,2,3200000,7.20,0.3,99,42.98,30.00,67,690,25.70,591,64,36.81,69,0.00,0.00,1.48,34,0.00,1.43,1.93,1.35,31,0.00,0.87,0.00,0.00,0.00,0.48,0.48,0.57,7.00,2.62,1.17,1.57,0.00,0.65,0.30,0.00,0.22,0.00,0.00,0,0,,42,1.83,89,15,0.93,87,27,1.68,89,7,5,18,74,0.00,99,0,11,0.69,46,33,68,2.06,65,0,0.00,99,0,0.00,0,0,0.00,0,2.12,92,36,2.24,79,11,0.69,30.56,0,0.00,0,0,0,0.00,0,13,0.00,86,0.81,9,N/A,N/A,N/A,N/A,0.00,0,0.00,0,6.85,0.00,0,85.65,35.71,67,10,0.87,1.25,20,63,23,0,0,0,0.04,0.06,1,25,165.56,0.22,0.31,5,0,0.00,0.00,99,0.00,0,0,1,0.04,0.06,0,0.00,0.00,0.19,0.13,3,0,14.29,81,77,99,55,86,6.63,99,0.29,0.41,6.85,93,0.30,0.43,92,40,1.74,2.49,1.12,0.78,44,18,0.43,92,97,6,81,0,79,13,0,0.00,99,5,0.00,0.31,10.96,7.65,176,87,73,75,5.42,3.78,49.43,20,1.25,20,0,27.27,0,0.00,99,9,0.39,0.56,71,84,74,99,0,1,0,4,0,99,91,88,91,0,97,87,87,28,2,9,36,16,N/A,N/A
Samuel Xavier Brito,36,644655600,1990/06/06,Serie A,2026,Defender,Fluminense,1193,647,546,Brazil,15,8,7,0,0,0,0,0,0,0,0,3,2,1,16,9,7,4,0,0,0,0,0,0,0,1.21,75,80,298,0,0.3,321,316,102,15,660000,6.79,0,48,53.91,47.60,88,714,43.60,654,96,49.38,90,0.00,0.00,0.73,11,0.00,1.27,1.59,1.40,21,0.00,0.33,0.00,0.00,0.00,0.73,0.13,1.07,0.00,0.45,0.27,0.47,0.00,0.13,0.03,0.00,0.67,0.00,0.00,0,0,,6,0.40,20,2,0.15,32,4,0.30,20,2,1,14,60,0.00,99,0,11,0.83,53,19,77,1.43,57,0,0.00,99,0,0.00,0,0,0.00,0,0.83,48,7,0.53,29,2,0.15,28.57,0,0.00,0,0,0,0.00,0,16,0.00,43,1.21,47,N/A,N/A,N/A,N/A,0.00,0,0.00,0,0.44,0.00,0,91.60,33.33,62,33,0.73,0.83,11,21,20,0,0,0,0.33,0.38,5,65,101.92,1.80,2.04,27,0,0.00,0.00,99,0.00,0,0,0,0.00,0.00,0,0.00,0.00,0.15,0.13,2,0,0.00,45,60,41,46,44,1.82,55,0.12,0.14,0.44,20,0.03,0.03,84,26,1.73,1.96,1.28,1.13,53,17,0.03,19,53,60,75,0,74,43,0,0.00,99,10,0.00,0.76,8.08,7.13,107,59,50,41,4.45,3.93,55.14,5,0.38,67,0,31.58,0,0.00,99,6,0.40,0.45,66,64,36,56,0,0,0,0,0,28,46,65,59,0,55,42,40,75,4,27,87,2,N/A,N/A
Santiago Moreno,26,956300400,2000/04/21,Serie A,2026,Forward,Fluminense,18,4,14,Colombia,3,1,2,0,0,0,0,0,0,0,0,0,0,0,0,0,0,0,0,0,0,0,0,0,0,0,0,6,0,0,0,-1,-1,-1,25,600000,4.38,0,48,85.00,5.67,99,17,4.33,13,19,65.00,98,0.00,0.00,0.33,1,0.00,0.67,0.00,0.00,0,0.00,0.00,0.00,0.00,0.00,0.00,0.00,0.00,0.00,0.00,0.00,0.33,0.00,0.00,0.00,0.00,0.67,0.00,0.00,0,0,,0,0.00,7,0,0.00,17,0,0.00,7,0,3,0,5,0.00,99,0,0,0.00,10,2,95,10.00,99,0,0.00,99,0,0.00,0,0,0.00,0,5.00,99,1,5.00,98,0,0.00,0.00,0,0.00,0,0,0,0.00,0,0,0.00,99,0.00,0,N/A,N/A,N/A,N/A,0.00,0,0.00,0,0.00,0.00,0,76.47,0.00,17,99,0.00,0.00,0,13,13,0,0,0,0.00,0.00,0,24,13.15,0.00,0.00,0,0,0.00,0.00,99,0.00,0,0,0,0.00,0.00,0,0.00,0.00,0.00,0.00,0,0,0.00,45,0,0,46,0,0.05,89,0.02,0.25,0.00,7,0.00,0.00,1,0,0.00,0.00,5.00,0.33,99,1,0.00,7,0,0,75,0,47,99,0,0.00,99,2,0.00,10.00,20.00,1.33,4,2,99,99,10.00,0.67,50.00,0,0.00,99,0,50.00,0,0.00,99,1,0.33,5.00,99,0,56,12,0,0,0,0,0,28,46,65,59,0,54,5,15,15,0,0,16,30,N/A,N/A
Santiago Ramos Mingo,24,1006329600,2001/11/21,Serie A,2026,Defender,Bahia,1936,990,946,Argentina,22,11,11,0,0,0,0,0,0,0,0,8,4,4,24,10,14,3,0,0,0,0,0,0,0,1.12,81,88,645,0,0.14,435,436,82,20,1450000,6.87,0,48,51.18,50.05,83,1101,44.68,983,86,45.70,84,0.00,0.00,0.23,5,0.00,0.09,0.60,0.59,13,0.00,0.05,0.00,0.00,0.00,1.27,0.09,1.09,0.00,0.51,0.23,0.18,0.00,0.27,0.04,0.00,1.64,0.00,0.00,0,0,,11,0.50,24,6,0.28,49,5,0.23,15,1,0,22,16,0.00,99,0,28,1.30,85,2,30,0.09,19,0,0.00,99,0,0.00,0,0,0.00,0,0.23,19,4,0.19,14,2,0.09,50.00,0,0.00,0,0,0,0.00,0,24,0.00,53,1.12,38,N/A,N/A,N/A,N/A,0.00,0,0.00,0,0.90,0.00,0,89.28,54.55,94,79,0.32,0.33,7,16,59,0,0,0,1.09,1.12,24,97,151.12,4.27,4.37,94,1,0.00,0.05,11,0.05,0,0,1,0.05,0.05,0,0.00,0.00,0.05,0.05,1,0,0.00,45,96,94,46,53,2.04,32,0.09,0.09,0.90,26,0.04,0.04,35,15,0.68,0.70,0.70,0.68,21,15,0.04,25,65,85,77,0,50,76,0,0.00,99,36,0.00,1.67,4.79,4.68,103,65,19,10,3.02,2.95,63.11,1,0.05,87,0,0.00,0,0.00,99,0,0.00,0.00,30,96,23,35,0,0,0,0,0,28,46,65,59,0,81,80,81,35,3,14,57,21,N/A,N/A
Santiago Rodríguez,26,947318400,2000/01/08,Serie A,2026,Midfielder,Botafogo,556,243,313,Uruguay,14,6,8,0,0,0,0,0,0,0,0,3,2,1,8,2,6,1,0,0,0,0,0,0,0,1.29,70,40,556,0,0.16,241,233,-1,32,900000,6.63,0,48,37.23,16.43,53,230,13.50,189,39,30.59,51,0.00,0.00,0.57,8,0.00,1.36,2.75,1.21,17,0.00,1.00,0.00,0.00,0.00,0.07,0.71,0.64,0.00,0.16,0.07,1.14,0.00,0.00,0.00,0.00,0.57,0.00,0.00,0,0,,1,0.07,9,0,0.00,17,1,0.16,10,2,6,7,94,0.00,99,0,1,0.16,16,19,77,3.08,78,0,0.00,99,0,0.00,0,0,0.00,0,1.29,74,16,2.59,84,10,1.62,62.50,0,0.00,0,0,0,0.00,0,9,0.00,35,1.46,64,N/A,N/A,N/A,N/A,0.00,0,0.00,0,0.05,0.00,0,82.17,0.00,17,1,0.86,1.94,12,90,76,0,0,0,0.07,0.16,1,42,92.77,0.29,0.65,4,0,0.00,0.00,99,0.00,0,0,1,0.07,0.16,0,0.00,0.00,0.00,0.00,0,0,0.00,45,16,34,46,35,0.83,51,0.06,0.13,0.05,12,0.00,0.01,98,21,1.50,3.40,2.27,1.00,95,14,0.01,12,29,22,95,0,47,67,0,0.00,99,8,0.00,1.29,17.16,7.57,106,56,99,99,9.06,4.00,52.83,14,2.27,1,0,31.58,0,0.00,99,6,0.43,0.97,85,28,79,56,0,0,0,0,0,28,46,65,59,0,65,44,76,40,1,7,31,23,N/A,N/A
Santiago Sosa,27,925714800,1999/05/03,Serie A,2026,Midfielder,Vasco da Gama,166,76,90,Argentina,2,1,1,0,0,0,0,0,0,0,0,0,0,0,7,3,4,0,0,0,0,0,0,0,0,3.8,24,83,0,0,0,-1,-1,-1,36,0,6.58,0,48,54.22,50.00,88,100,37.50,75,15,40.66,76,0.00,0.00,0.50,1,0.00,0.50,2.17,2.00,4,0.00,0.50,0.00,0.00,0.00,1.00,0.50,3.50,0.00,0.54,0.50,0.50,0.00,0.00,0.02,0.00,2.50,0.00,0.00,0,0,,1,0.50,25,0,0.00,17,1,0.54,38,0,1,1,81,0.00,99,0,2,1.08,70,1,30,0.54,41,0,0.00,99,0,0.00,0,0,0.00,0,0.54,35,1,0.54,30,1,0.54,100.00,0,0.00,0,0,0,0.00,0,7,0.00,0,3.80,96,N/A,N/A,N/A,N/A,0.00,0,0.00,0,0.04,0.00,0,75.00,0.00,17,99,0.00,0.00,0,53,99,0,0,0,0.00,0.00,0,24,13.17,6.50,7.05,13,0,0.00,0.00,99,0.00,0,0,0,0.00,0.00,0,0.00,0.00,0.00,0.00,0,0,0.00,45,0,0,46,0,0.22,45,0.11,0.12,0.04,16,0.02,0.02,1,0,0.00,0.00,2.71,2.50,98,5,0.02,15,23,99,75,0,47,96,0,0.00,99,5,0.00,2.71,10.30,9.50,19,10,73,69,5.42,5.00,52.63,1,0.54,55,0,0.00,0,0.00,99,0,0.00,0.00,30,0,36,12,0,0,0,0,0,28,46,65,59,0,21,5,15,15,0,0,16,5,0,0
Saúl Ñíguez,31,785404800,1994/11/21,Serie A,2026,Midfielder,Flamengo,112,36,76,Spain,6,4,2,0,0,0,1,1,0,0,0,3,2,1,2,1,1,0,0,0.8,0.8,0,0,0,0,1.61,56,19,0,112,0,-1,-1,-1,24,0,5.50,0.17,99,52.23,10.83,84,65,8.33,50,20,40.18,75,0.00,0.00,0.33,2,0.00,0.33,3.21,0.67,4,0.00,0.33,0.00,0.00,0.00,0.17,0.00,0.67,0.00,1.61,0.33,0.33,0.00,0.00,0.01,0.00,0.33,0.00,0.00,0,0,,2,0.33,69,0,0.00,17,2,1.61,86,5,5,1,97,0.00,99,0,1,0.80,52,2,95,1.61,59,0,0.00,99,0,0.00,0,0,0.00,0,1.61,83,2,1.61,67,0,0.00,0.00,0,0.00,0,0,0,0.00,0,4,0.00,14,3.21,94,N/A,N/A,N/A,N/A,0.00,0,0.00,0,0.08,0.00,0,76.92,0.00,17,0,0.50,2.41,3,13,13,0,0,0,0.50,2.41,3,99,33.01,1.00,4.82,6,0,0.00,0.00,99,0.00,0,0,0,0.00,0.00,0,0.00,0.00,0.00,0.00,0,0,0.00,45,0,4,46,14,0.76,99,0.13,0.61,0.08,35,0.01,0.06,1,0,0.00,0.00,2.41,0.50,96,3,0.06,34,1,87,75,0,47,75,0,0.00,99,2,0.00,1.61,16.07,3.33,20,6,62,98,4.82,1.00,30.00,2,1.61,9,0,50.00,0,0.00,99,1,0.17,0.80,82,0,74,91,0,0,0,0,0,99,46,65,59,0,21,98,15,15,0,0,16,8,0,0
Savio Antonio Alves,31,801471600,1995/05/26,Serie A,2026,Defender,Remo,202,90,112,Brazil,3,1,2,0,0,0,0,0,0,0,0,0,0,0,4,2,2,0,0,0,0,0,0,0,0,1.78,51,67,0,0,0,-1,-1,-1,11,195000,6.44,0,48,36.09,27.00,50,81,22.67,68,53,30.30,50,0.00,0.00,0.33,1,0.00,2.67,1.78,1.33,4,0.00,0.00,0.00,0.00,0.00,0.00,0.00,1.33,0.00,0.45,0.33,0.33,0.00,0.00,0.01,0.00,0.00,0.00,0.00,0,0,,1,0.33,20,0,0.00,17,1,0.45,33,1,0,3,68,0.00,99,0,0,0.00,10,8,30,3.56,82,0,0.00,99,0,0.00,0,0,0.00,0,0.45,30,1,0.45,27,0,0.00,0.00,0,0.00,0,0,0,0.00,0,4,0.00,8,1.78,83,N/A,N/A,N/A,N/A,0.00,0,0.00,0,0.04,0.00,0,83.95,0.00,17,99,0.00,0.00,0,13,13,0,0,0,0.33,0.45,1,71,19.33,2.67,3.56,8,0,0.00,0.00,99,0.00,0,0,0,0.00,0.00,0,0.00,0.00,0.45,0.33,1,0,0.00,45,0,0,46,8,0.19,22,0.06,0.08,0.04,16,0.01,0.02,89,5,1.67,2.23,0.45,0.33,12,1,0.02,15,17,78,75,0,90,2,0,0.00,99,0,0.00,0.00,5.79,4.33,13,9,40,14,4.01,3.00,69.23,0,0.00,99,0,0.00,0,0.00,99,0,0.00,0.00,30,3,23,35,0,0,0,0,0,28,46,65,59,0,29,5,15,15,0,0,16,16,N/A,N/A
Sebastián Gómez,30,833785200,1996/06/03,Serie A,2026,Midfielder,Coritiba,1582,913,669,Colombia,20,11,9,0,0,0,0,0,0,0,0,5,2,3,20,7,13,3,0,0,0,0,0,0,0,1.14,79,79,527,0,0.17,314,311,-1,11,774000,6.71,0,48,25.32,22.25,21,445,19.70,394,82,22.41,27,0.00,0.00,0.55,11,0.00,0.20,1.99,1.75,35,0.00,0.50,0.00,0.00,0.00,1.05,0.15,1.20,0.00,0.80,0.50,0.55,0.00,0.20,0.04,0.00,0.35,0.00,0.00,0,0,,14,0.70,42,4,0.23,42,10,0.57,42,5,0,20,76,0.00,99,0,21,1.19,77,4,95,0.23,28,0,0.00,99,0,0.00,0,0,0.00,0,0.63,40,11,0.63,34,3,0.17,27.27,0,0.00,0,0,0,0.00,0,24,0.00,50,1.37,58,N/A,N/A,N/A,N/A,0.00,0,0.00,0,0.88,0.00,0,88.54,28.57,47,15,0.95,1.08,19,23,19,0,0,0,0.40,0.46,8,73,134.12,1.60,1.82,32,0,0.00,0.00,99,0.00,0,0,0,0.00,0.00,0,0.00,0.00,0.00,0.00,0,0,0.00,45,85,82,46,50,1.16,16,0.06,0.07,0.88,31,0.04,0.05,60,21,1.05,1.19,1.54,1.35,68,27,0.05,30,41,57,75,0,47,19,0,0.00,99,7,0.00,0.40,7.96,7.00,140,66,35,40,3.75,3.30,47.14,10,0.57,52,0,50.00,0,0.00,99,2,0.10,0.11,39,91,23,91,0,0,0,0,0,28,46,65,59,0,59,54,74,42,3,15,59,19,N/A,N/A
Sebastião Ênio Santos de Almeida,25,983606400,2001/03/03,Serie A,2026,Forward,Chapecoense,773,329,444,Brazil,13,5,8,1,0,1,0,0,0,0,0,0,0,0,15,5,10,2,0,0.12,0,0.12,0,0.2,773,1.75,52,59,387,0,0.23,162,230,-1,9,0,6.97,0,48,32.60,21.54,39,280,18.23,237,57,27.59,44,0.00,0.00,1.69,22,0.00,1.77,0.35,0.23,3,0.00,1.00,0.00,0.00,0.00,0.31,0.69,1.31,17.00,1.98,0.92,1.23,0.00,0.38,0.15,0.00,0.23,0.00,0.00,0,0,,17,1.31,75,5,0.58,72,12,1.40,80,3,4,9,11,0.00,99,0,4,0.47,32,23,91,2.68,72,0,0.00,99,0,0.00,0,0,0.00,0,2.56,95,16,1.86,73,9,1.05,56.25,0,0.00,0,0,0,0.00,0,17,0.00,9,1.98,87,N/A,N/A,N/A,N/A,0.00,0,0.00,0,1.94,0.00,0,84.64,29.41,48,79,0.23,0.35,3,78,66,0,0,0,0.00,0.00,0,24,90.66,0.15,0.23,2,0,0.00,0.00,99,0.00,0,0,1,0.08,0.12,0,0.00,0.00,0.47,0.31,4,0,5.88,51,32,30,84,9,1.14,51,0.09,0.13,1.94,74,0.15,0.23,97,27,2.08,3.14,1.05,0.69,40,9,0.23,72,80,4,91,0,91,15,0,0.00,99,3,0.00,0.35,9.20,6.08,79,41,62,57,4.77,3.15,51.90,13,1.51,12,0,43.48,0,0.00,99,10,0.77,1.16,89,37,65,72,0,0,0,0,0,44,63,78,59,0,21,5,57,59,2,15,59,97,0,0
Sergio Rochet Álvarez,33,732873600,1993/03/23,Serie A,2026,Goalkeeper,Internacional,990,450,540,Uruguay,11,5,6,0,0,0,0,0,0,0,0,3,2,1,11,5,6,1,0,0,0,0,0,0,0,1,90,90,990,0,0.09,298,296,59,19,1200000,6.70,0,48,25.73,25.73,21,283,16.55,182,3,16.55,14,0.00,0.00,0.00,0,0.00,0.00,0.09,0.09,1,0.00,0.00,0.00,0.00,2.00,0.00,0.00,3.00,0.00,0.00,0.00,0.00,0.00,0.00,0.00,0.00,0.55,0.00,0.00,0,0,,0,0.00,7,0,0.00,17,0,0.00,7,0,0,11,7,0.00,99,0,0,0.00,10,0,30,0.00,16,0,0.00,99,0,0.00,0,0,0.00,0,0.00,8,0,0.00,9,0,0.00,0.00,0,0.00,0,22,41,2.00,24,33,0.00,66,3.00,93,N/A,N/A,N/A,N/A,66.67,0,0.00,0,0.00,0.00,0,64.31,0.00,17,99,0.00,0.00,0,13,13,0,0,12,0.00,0.00,0,24,73.71,0.82,0.82,9,0,0.00,0.00,99,0.00,0,0,0,0.00,0.00,4,0.36,0.36,0.00,0.00,0,0,0.00,45,47,21,46,67,0.39,6,0.04,0.04,0.00,7,0.00,0.00,2,1,0.09,0.09,0.00,0.00,5,0,0.00,7,39,28,75,37,47,30,0,0.00,99,6,0.00,0.55,0.82,0.82,9,9,7,6,0.82,0.82,100.00,0,0.00,99,0,0.00,0,0.00,99,0,0.00,0.00,30,48,23,12,0,0,0,0,0,28,46,65,59,0,76,58,91,24,1,9,36,1,N/A,N/A
Shaylon Kallyson Cardozo,29,862124400,1997/04/27,Serie A,2026,Midfielder,Mirassol,917,452,465,Brazil,17,9,8,1,0,1,1,1,0,0,0,1,1,0,12,4,8,1,0,0.2,0.1,0.1,0,0.19,917,1.18,76,54,917,917,0.1,176,146,-1,14,400000,6.61,0.06,66,40.29,24.18,59,411,21.00,357,72,35.00,63,0.00,0.00,0.76,13,0.00,0.82,0.69,0.41,7,0.00,0.59,0.00,0.00,0.00,0.24,0.24,0.71,12.00,1.18,0.41,0.76,0.00,0.29,0.09,0.00,0.29,0.00,0.00,0,0,,12,0.71,55,5,0.49,66,7,0.69,48,5,7,10,17,0.00,99,0,4,0.39,27,14,51,1.37,57,0,0.00,99,0,0.00,0,0,0.00,0,1.27,73,13,1.27,58,4,0.39,30.77,0,0.00,0,0,0,0.00,0,12,0.00,46,1.18,44,N/A,N/A,N/A,N/A,0.00,0,0.00,0,1.60,0.00,0,86.86,41.67,79,29,0.53,0.88,9,41,23,0,0,0,0.12,0.20,2,48,112.45,0.24,0.39,4,0,0.00,0.00,99,0.00,0,0,0,0.00,0.00,0,0.00,0.00,0.00,0.00,0,0,8.33,59,42,61,87,46,1.71,69,0.10,0.17,1.60,63,0.09,0.16,8,2,0.12,0.20,1.47,0.88,64,15,0.16,61,26,8,75,0,47,25,0,0.00,99,5,0.00,0.49,6.67,4.00,68,18,8,23,1.76,1.06,26.47,10,0.98,30,0,21.43,0,0.00,99,3,0.18,0.29,56,43,85,91,0,0,0,0,0,61,60,77,59,0,43,9,89,26,1,6,29,7,N/A,N/A
Sidney de Carvalho Duarte,20,1153465200,2006/07/21,Serie A,2026,Midfielder,Bahia,0,0,0,Brazil,0,0,0,0,0,0,0,0,0,0,0,0,0,0,0,0,0,0,0,0,0,0,0,0,0,0,0,0,0,0,0,-1,-1,-1,-1,N/A,N/A,N/A,N/A,N/A,N/A,N/A,N/A,N/A,N/A,N/A,N/A,N/A,N/A,N/A,N/A,N/A,N/A,N/A,N/A,N/A,N/A,N/A,N/A,N/A,N/A,N/A,N/A,N/A,N/A,N/A,N/A,N/A,N/A,N/A,N/A,N/A,N/A,N/A,N/A,N/A,N/A,N/A,N/A,N/A,N/A,N/A,N/A,N/A,N/A,N/A,N/A,N/A,N/A,N/A,N/A,N/A,N/A,N/A,N/A,N/A,N/A,N/A,N/A,N/A,N/A,N/A,N/A,N/A,N/A,N/A,N/A,N/A,N/A,N/A,N/A,N/A,N/A,N/A,N/A,N/A,N/A,N/A,N/A,N/A,N/A,N/A,N/A,N/A,N/A,N/A,N/A,N/A,N/A,N/A,N/A,N/A,N/A,N/A,N/A,N/A,N/A,N/A,N/A,N/A,N/A,N/A,N/A,N/A,N/A,N/A,N/A,N/A,N/A,N/A,N/A,N/A,N/A,N/A,N/A,N/A,N/A,N/A,N/A,N/A,N/A,N/A,N/A,N/A,N/A,N/A,N/A,N/A,N/A,N/A,N/A,N/A,N/A,N/A,N/A,N/A,N/A,N/A,N/A,N/A,N/A,N/A,N/A,N/A,N/A,N/A,N/A,N/A,N/A,N/A,N/A,N/A,N/A,N/A,N/A,N/A,N/A,N/A,N/A,N/A,N/A,N/A,N/A,N/A,N/A,N/A,N/A,N/A,N/A,N/A,N/A,N/A,N/A,N/A,N/A,N/A,N/A,N/A,N/A,N/A,N/A,N/A,N/A,N/A,N/A,N/A,N/A,N/A,N/A,N/A,N/A,N/A,N/A,N/A,N/A,N/A,N/A,N/A,N/A,N/A,N/A,N/A,N/A,N/A,N/A,N/A,N/A,N/A,N/A,N/A,N/A,N/A,N/A,N/A,N/A,N/A,N/A,N/A,N/A
Tetê,26,950601600,2000/02/15,Serie A,2026,Forward,Grêmio,886,302,584,Brazil,18,7,11,2,2,0,0,0,0,0,0,5,3,2,16,4,12,0,0,0.2,0,0.2,0.6,0,443,1.63,55,49,0,0,0,110,416,-1,2,3000000,6.46,0,48,38.60,21.11,57,380,17.39,313,40,31.79,55,0.00,0.00,0.56,10,0.00,1.89,0.91,0.50,9,0.00,1.17,0.00,0.00,0.00,0.28,1.33,0.89,14.50,2.95,1.06,2.44,0.00,0.56,0.19,0.00,0.50,0.00,0.00,0,0,,29,1.61,94,10,1.02,92,19,1.93,95,4,7,11,27,0.00,99,0,5,0.51,36,34,42,3.45,81,0,0.00,99,0,0.00,0,0,0.00,0,1.02,60,44,4.47,96,24,2.44,54.55,0,0.00,0,0,0,0.00,0,16,0.00,12,1.63,76,N/A,N/A,N/A,N/A,0.00,0,0.00,0,3.43,0.00,0,82.37,34.48,63,34,0.44,0.81,8,98,63,0,0,0,0.06,0.10,1,31,116.22,0.28,0.51,5,0,0.00,0.00,99,0.00,0,0,1,0.06,0.10,0,0.00,0.00,0.00,0.00,0,0,6.90,53,40,68,69,12,0.98,36,0.05,0.10,3.43,87,0.19,0.35,75,16,0.89,1.63,0.81,0.44,25,8,0.35,85,18,15,89,0,47,50,0,0.00,99,9,0.00,0.91,13.71,7.50,135,57,82,93,5.79,3.17,42.22,21,2.13,3,0,17.65,0,0.00,99,6,0.33,0.61,74,48,85,83,0,0,0,0,0,61,78,65,96,0,96,64,15,15,0,0,16,21,N/A,N/A
Thaciano Mickael da Silva,31,800262000,1995/05/12,Serie A,2026,Midfielder,Santos,655,211,444,Brazil,16,9,7,2,1,1,0,0,0,0,0,4,2,2,7,1,6,2,0,0.27,0,0.27,0.43,0.2,328,0.96,94,41,328,0,0.27,69,291,-1,5,1344000,5.45,0,48,17.12,7.81,7,125,5.50,88,7,12.05,6,0.00,0.00,0.25,4,0.00,0.44,1.51,0.69,11,0.00,0.19,0.00,0.00,0.00,0.19,0.00,0.50,8.00,2.19,0.81,0.25,0.00,0.19,0.14,0.00,1.12,0.00,0.00,0,0,,16,1.00,81,3,0.41,62,13,1.78,91,2,9,7,55,0.00,99,0,3,0.41,28,7,72,0.96,52,0,0.00,99,0,0.00,0,0,0.00,0,0.55,35,4,0.55,30,0,0.00,0.00,0,0.00,0,0,0,0.00,0,8,0.00,72,1.10,35,N/A,N/A,N/A,N/A,0.00,0,0.00,0,2.19,0.00,0,70.40,18.75,28,84,0.12,0.27,2,13,13,0,0,0,0.12,0.27,2,54,87.27,0.44,0.96,7,0,0.00,0.00,99,0.00,0,0,0,0.00,0.00,0,0.00,0.00,0.55,0.25,4,0,12.50,76,24,50,60,72,0.37,10,0.02,0.05,2.19,82,0.14,0.30,48,7,0.44,0.96,0.55,0.25,16,4,0.30,80,1,35,75,0,92,92,0,0.00,99,18,0.00,2.47,10.41,4.75,76,36,65,70,4.93,2.25,47.37,3,0.41,64,0,28.57,0,0.00,99,2,0.12,0.27,54,28,94,56,0,0,0,0,0,71,86,78,91,0,80,54,48,68,2,12,49,16,N/A,N/A
Thalisson Gabriel Pereira Moreira,24,1011513600,2002/01/20,Serie A,2026,Defender,Remo,0,0,0,Brazil,0,0,0,0,0,0,0,0,0,0,0,0,0,0,0,0,0,0,0,0,0,0,0,0,0,0,0,0,0,0,0,-1,-1,-1,-1,N/A,N/A,N/A,N/A,N/A,N/A,N/A,N/A,N/A,N/A,N/A,N/A,N/A,N/A,N/A,N/A,N/A,N/A,N/A,N/A,N/A,N/A,N/A,N/A,N/A,N/A,N/A,N/A,N/A,N/A,N/A,N/A,N/A,N/A,N/A,N/A,N/A,N/A,N/A,N/A,N/A,N/A,N/A,N/A,N/A,N/A,N/A,N/A,N/A,N/A,N/A,N/A,N/A,N/A,N/A,N/A,N/A,N/A,N/A,N/A,N/A,N/A,N/A,N/A,N/A,N/A,N/A,N/A,N/A,N/A,N/A,N/A,N/A,N/A,N/A,N/A,N/A,N/A,N/A,N/A,N/A,N/A,N/A,N/A,N/A,N/A,N/A,N/A,N/A,N/A,N/A,N/A,N/A,N/A,N/A,N/A,N/A,N/A,N/A,N/A,N/A,N/A,N/A,N/A,N/A,N/A,N/A,N/A,N/A,N/A,N/A,N/A,N/A,N/A,N/A,N/A,N/A,N/A,N/A,N/A,N/A,N/A,N/A,N/A,N/A,N/A,N/A,N/A,N/A,N/A,N/A,N/A,N/A,N/A,N/A,N/A,N/A,N/A,N/A,N/A,N/A,N/A,N/A,N/A,N/A,N/A,N/A,N/A,N/A,N/A,N/A,N/A,N/A,N/A,N/A,N/A,N/A,N/A,N/A,N/A,N/A,N/A,N/A,N/A,N/A,N/A,N/A,N/A,N/A,N/A,N/A,N/A,N/A,N/A,N/A,N/A,N/A,N/A,N/A,N/A,N/A,N/A,N/A,N/A,N/A,N/A,N/A,N/A,N/A,N/A,N/A,N/A,N/A,N/A,N/A,N/A,N/A,N/A,N/A,N/A,N/A,N/A,N/A,N/A,N/A,N/A,N/A,N/A,N/A,N/A,N/A,N/A,N/A,N/A,N/A,N/A,N/A,N/A,N/A,N/A,N/A,N/A,N/A,N/A
Thiago Beltrame Stallbaum,23,1057129200,2003/07/02,Serie A,2026,Goalkeeper,Grêmio,75,75,0,Brazil,1,1,0,0,0,0,0,0,0,0,0,0,0,0,3,3,0,1,1,0,0,0,0,0,0,3.6,25,75,38,0,2.4,-1,-1,-1,14,0,6.56,0,48,20.40,17.00,11,17,13.00,13,19,15.60,12,0.00,0.00,0.00,0,0.00,0.00,0.00,0.00,0,0.00,0.00,0.00,0.00,5.00,0.00,0.00,8.00,0.00,0.00,0.00,0.00,0.00,0.00,0.00,0.00,0.00,0.00,0.00,0,0,,0,0.00,7,0,0.00,17,0,0.00,7,0,0,1,5,0.00,99,0,0,0.00,10,0,30,0.00,16,0,0.00,99,0,0.00,0,0,0.00,0,0.00,8,0,0.00,9,0,0.00,0.00,0,0.00,0,5,24,6.00,99,8,0.00,0,9.60,99,N/A,N/A,N/A,N/A,62.50,0,0.00,0,0.00,0.00,0,76.47,0.00,17,99,0.00,0.00,0,13,13,0,0,1,0.00,0.00,0,24,6.56,2.00,2.40,2,0,0.00,0.00,99,0.00,0,0,0,0.00,0.00,1,1.00,1.20,0.00,0.00,0,0,0.00,45,0,0,46,0,0.03,6,0.03,0.04,0.00,7,0.00,0.00,60,1,1.00,1.20,1.20,1.00,50,1,0.00,7,21,66,75,99,47,2,0,0.00,99,0,0.00,0.00,2.40,2.00,2,1,7,7,1.20,1.00,50.00,0,0.00,99,0,0.00,0,0.00,99,0,0.00,0.00,30,0,23,12,0,0,0,0,0,28,46,65,59,0,21,5,15,99,0,0,16,24,0,0
Thiago dos Santos,36,620982000,1989/09/05,Serie A,2026,Defender,Coritiba,883,401,482,Brazil,17,8,9,0,0,0,0,0,0,0,0,5,2,3,12,4,8,6,0,0,0,0,0,0,0,1.22,74,52,147,0,0.61,325,323,106,29,221000,5.53,0,48,29.49,17.06,28,290,14.76,251,71,25.53,35,0.00,0.00,0.12,2,0.00,0.12,1.73,1.00,17,0.00,0.24,0.00,0.00,0.00,0.59,0.06,0.82,0.00,0.61,0.24,0.24,0.00,0.12,0.03,0.00,1.29,0.00,0.00,0,0,,6,0.35,30,2,0.20,38,4,0.41,29,1,6,11,66,0.00,99,0,10,1.02,64,2,30,0.20,26,0,0.00,99,0,0.00,0,0,0.00,0,0.20,16,4,0.41,25,1,0.10,25.00,0,0.00,0,0,0,0.00,0,14,0.00,42,1.42,61,N/A,N/A,N/A,N/A,0.00,0,0.00,0,0.46,0.00,0,86.55,33.33,62,26,0.53,0.92,9,17,18,0,0,0,0.18,0.31,3,59,93.93,2.35,4.07,40,0,0.00,0.00,99,0.00,0,0,0,0.00,0.00,0,0.00,0.00,0.00,0.00,0,0,0.00,45,40,61,46,42,0.64,16,0.04,0.07,0.46,31,0.03,0.05,72,15,0.88,1.53,1.93,1.12,87,19,0.05,30,1,82,75,0,47,88,0,0.00,99,22,0.00,2.24,10.37,6.00,102,55,78,70,5.59,3.24,53.92,4,0.41,64,0,0.00,0,0.00,99,0,0.00,0.00,30,48,79,35,0,0,0,0,0,28,46,65,59,0,31,64,18,97,6,35,94,21,N/A,N/A
Thiago Maia,29,859104000,1997/03/23,Serie A,2026,Midfielder,Internacional,137,81,56,Brazil,10,5,5,0,0,0,0,0,0,0,0,4,3,1,2,1,1,0,0,0,0,0,0,0,0,1.31,69,14,0,0,0,-1,-1,-1,18,1600000,6.01,0,48,56.74,8.70,91,87,7.40,74,59,48.26,88,0.00,0.00,0.30,3,0.00,0.00,3.91,0.60,6,0.00,0.00,0.00,0.00,0.00,0.50,0.10,0.30,0.00,0.65,0.00,0.10,0.00,0.10,0.01,0.00,0.30,0.00,0.00,0,0,,1,0.10,33,1,0.65,75,0,0.00,7,0,10,0,99,0.00,99,0,5,3.26,99,0,30,0.00,16,0,0.00,99,0,0.00,0,0,0.00,0,1.96,90,1,0.65,35,1,0.65,100.00,0,0.00,0,0,0,0.00,0,3,0.00,34,1.96,86,N/A,N/A,N/A,N/A,0.00,0,0.00,0,0.13,0.00,0,85.06,100.00,99,99,0.00,0.00,0,60,99,0,0,0,0.10,0.65,1,84,60.07,0.80,5.22,8,0,0.00,0.00,99,0.00,0,0,0,0.00,0.00,0,0.00,0.00,0.65,0.10,1,0,0.00,45,0,17,46,34,0.29,75,0.03,0.19,0.13,41,0.01,0.08,63,2,0.20,1.30,0.65,0.10,19,1,0.08,40,4,90,75,0,95,83,0,0.00,99,3,0.00,1.96,11.09,1.70,17,12,98,76,7.83,1.20,70.59,0,0.00,99,0,0.00,0,0.00,99,0,0.00,0.00,30,0,96,12,0,0,0,0,0,28,46,65,59,0,85,89,15,15,0,0,16,29,N/A,N/A
Thiago Mendes,34,700646400,1992/03/15,Serie A,2026,Midfielder,Vasco da Gama,1661,945,716,Brazil,20,11,9,3,3,0,1,0,1,0,0,2,1,1,27,15,12,8,0,0.22,0.05,0.16,0.29,0,554,1.46,62,83,208,1661,0.43,135,205,-1,3,2222222,7.13,0.05,51,58.36,53.85,92,1077,48.80,976,92,52.88,94,0.00,0.00,1.65,33,0.00,0.40,1.19,1.10,22,0.00,1.25,0.00,0.00,0.00,0.70,0.95,1.40,5.67,0.92,0.45,1.45,0.00,0.40,0.16,0.00,0.70,0.00,0.00,0,0,,17,0.85,46,8,0.43,62,9,0.49,36,3,0,20,43,0.00,99,0,14,0.76,49,8,88,0.43,39,0,0.00,99,0,0.00,0,0,0.00,0,1.79,87,29,1.57,65,19,1.03,65.52,0,0.00,0,0,0,0.00,0,28,0.00,24,1.52,70,N/A,N/A,N/A,N/A,0.00,0,0.00,0,3.27,0.00,0,90.62,47.06,85,72,0.40,0.43,8,77,78,0,0,0,0.15,0.16,3,42,142.58,0.70,0.76,14,0,0.00,0.00,99,0.00,0,0,0,0.00,0.00,0,0.00,0.00,0.05,0.05,1,0,17.65,86,88,82,77,24,3.72,79,0.19,0.20,3.27,66,0.16,0.18,88,40,2.00,2.17,0.81,0.75,25,15,0.18,64,94,26,75,0,50,43,0,0.00,99,14,0.00,0.76,8.94,8.25,165,93,67,53,5.04,4.65,56.36,25,1.35,16,0,37.50,0,0.00,99,3,0.15,0.16,45,91,23,72,0,0,0,0,0,65,69,65,82,0,92,19,26,89,8,40,97,23,N/A,N/A
Thiago Nicolás Borbas Silva,24,1018166400,2002/04/07,Serie A,2026,Forward,Atlético Mineiro,96,0,96,Uruguay,2,0,2,0,0,0,0,0,0,0,0,1,0,1,0,0,0,0,0,0,0,0,0,0,0,0,0,48,0,0,0,-1,-1,-1,16,0,6.89,0,48,21.56,11.50,12,23,7.00,14,1,13.12,7,0.00,0.00,0.50,1,0.00,0.50,2.81,1.50,3,0.00,1.00,0.00,0.00,0.00,0.00,0.00,0.00,0.00,1.88,1.00,0.00,0.00,0.00,0.05,0.00,2.00,0.00,0.00,0,0,,2,1.00,73,0,0.00,17,2,1.88,93,0,1,1,94,0.00,99,0,0,0.00,10,1,30,0.94,52,0,0.00,99,0,0.00,0,0,0.00,0,0.94,55,0,0.00,9,0,0.00,0.00,0,0.00,0,0,0,0.00,0,0,0.00,99,0.00,0,N/A,N/A,N/A,N/A,0.00,0,0.00,0,0.10,0.00,0,60.87,0.00,17,99,0.00,0.00,0,13,13,0,0,0,0.50,0.94,1,93,13.78,0.00,0.00,0,0,0.00,0.00,99,0.00,0,0,0,0.00,0.00,0,0.00,0.00,0.00,0.00,0,0,0.00,45,0,0,46,0,0.08,22,0.04,0.08,0.10,46,0.05,0.09,99,5,2.50,4.69,3.75,2.00,99,4,0.09,44,68,0,75,0,47,99,0,0.00,99,4,0.00,3.75,22.50,12.00,24,12,99,99,11.25,6.00,50.00,2,1.88,6,0,0.00,0,0.00,99,0,0.00,0.00,30,0,36,12,0,0,0,0,0,28,46,65,59,0,21,98,15,15,0,0,16,18,0,0
Thiago Silva,41,464684400,1984/09/22,Serie A,2026,Defender,Fluminense,200,110,90,Brazil,3,2,1,0,0,0,0,0,0,0,0,1,1,0,2,1,1,1,0,0,0,0,0,0,0,0.9,100,67,200,0,0.45,-1,-1,-1,32,0,6.99,0,48,84.60,62.67,99,188,59.33,178,99,80.10,99,0.00,0.00,0.67,2,0.00,0.00,0.90,0.67,2,0.00,0.00,0.00,0.00,0.00,0.33,0.00,0.67,0.00,1.35,1.00,0.00,0.00,0.00,0.05,0.00,2.00,0.00,0.00,0,0,,3,1.00,61,0,0.00,17,3,1.35,79,2,1,2,27,0.00,99,0,1,0.45,30,0,30,0.00,16,0,0.00,99,0,0.00,0,0,0.00,0,0.90,53,0,0.00,9,0,0.00,0.00,0,0.00,0,0,0,0.00,0,2,0.00,77,0.90,15,N/A,N/A,N/A,N/A,0.00,0,0.00,0,0.16,0.00,0,94.68,0.00,17,99,0.00,0.00,0,13,13,0,0,0,1.33,1.80,4,99,20.98,3.33,4.50,10,0,0.00,0.00,99,0.00,0,0,0,0.00,0.00,0,0.00,0.00,0.00,0.00,0,0,0.00,45,0,0,46,77,0.47,82,0.16,0.21,0.16,39,0.05,0.07,21,1,0.33,0.45,0.90,0.67,29,2,0.07,38,82,86,75,0,47,96,0,0.00,99,6,0.00,2.70,6.30,4.67,14,9,41,18,4.05,3.00,64.29,0,0.00,99,0,0.00,0,0.00,99,0,0.00,0.00,30,1,36,56,0,0,0,0,0,28,46,65,59,0,21,75,26,90,1,33,94,3,0,0
Tiago Augusto Gonçalves,18,1201939200,2008/02/02,Serie A,2026,Midfielder,Grêmio,25,25,0,Brazil,1,1,0,0,0,0,0,0,0,0,0,0,0,0,1,1,0,0,0,0,0,0,0,0,0,3.6,25,25,0,0,0,-1,-1,-1,33,100000,6.60,0,48,93.60,26.00,99,26,24.00,24,98,86.40,99,0.00,0.00,0.00,0,0.00,0.00,0.00,0.00,0,0.00,0.00,0.00,0.00,0.00,0.00,0.00,1.00,0.00,0.00,0.00,0.00,0.00,0.00,0.00,0.00,0.00,0.00,0.00,0,0,,0,0.00,7,0,0.00,17,0,0.00,7,0,1,0,5,0.00,99,0,0,0.00,10,0,30,0.00,16,0,0.00,99,0,0.00,0,0,0.00,0,0.00,8,0,0.00,9,0,0.00,0.00,0,0.00,0,0,0,0.00,0,1,0.00,0,3.60,95,N/A,N/A,N/A,N/A,0.00,0,0.00,0,0.00,0.00,0,92.31,0.00,17,99,0.00,0.00,0,13,13,0,0,0,0.00,0.00,0,24,6.60,0.00,0.00,0,0,0.00,0.00,99,0.00,0,0,0,0.00,0.00,0,0.00,0.00,0.00,0.00,0,0,0.00,45,0,0,46,0,0.05,72,0.05,0.18,0.00,7,0.00,0.00,1,0,0.00,0.00,0.00,0.00,5,0,0.00,7,24,0,75,0,47,2,0,0.00,99,0,0.00,0.00,0.00,0.00,0,0,0,0,0.00,0.00,0.00,0,0.00,99,0,0.00,0,0.00,99,0,0.00,0.00,30,0,36,12,0,0,0,0,0,28,46,65,59,0,23,5,15,15,0,0,16,39,N/A,N/A
Tiago Cóser,22,1074240000,2004/01/16,Serie A,2026,Defender,Coritiba,1449,757,692,Brazil,21,10,11,3,2,1,0,0,0,0,0,6,2,4,16,7,9,3,1,0.19,0,0.19,0.24,0.13,483,0.99,91,69,362,0,0.25,117,312,54,4,176000,6.40,0,48,33.60,25.76,42,541,22.38,470,72,29.19,47,0.00,0.00,0.24,5,0.00,0.00,0.68,0.52,11,0.00,0.14,0.00,0.00,0.00,0.71,0.10,1.00,2.33,0.43,0.14,0.19,0.00,0.19,0.12,0.00,1.86,0.00,0.00,0,0,,7,0.33,18,4,0.25,45,3,0.19,12,2,5,16,17,0.00,99,0,15,0.93,59,0,30,0.00,16,0,0.00,99,0,0.00,0,0,0.00,0,0.31,23,4,0.25,18,2,0.12,50.00,0,0.00,0,0,0,0.00,0,21,0.00,68,1.30,54,N/A,N/A,N/A,N/A,0.00,0,0.00,0,2.51,0.00,0,86.88,57.14,96,62,0.38,0.50,8,19,59,0,0,0,1.10,1.43,23,99,134.47,5.38,7.02,113,0,0.00,0.00,99,0.00,0,0,0,0.00,0.00,0,0.00,0.00,0.00,0.00,0,0,42.86,99,77,90,72,69,1.27,22,0.06,0.08,2.51,63,0.12,0.16,17,6,0.29,0.37,1.43,1.10,61,23,0.16,61,15,99,75,0,47,91,0,0.00,99,39,0.00,2.42,6.71,5.14,108,55,28,24,3.42,2.62,50.93,3,0.19,77,0,0.00,0,0.00,99,0,0.00,0.00,30,76,74,56,0,0,0,0,0,59,75,71,78,0,27,64,53,64,2,10,42,23,N/A,N/A
Tiago Luis Volpi,35,661593600,1990/12/19,Serie A,2026,Goalkeeper,Bragantino,1440,720,720,Brazil,16,8,8,2,2,0,0,0,0,0,0,6,4,2,14,6,8,1,0,0.13,0,0.13,0.25,0,720,0.88,103,90,1440,0,0.06,155,318,39,4,750000,7.11,0,48,34.69,34.69,45,555,24.88,398,10,24.88,33,0.00,0.00,0.31,5,0.00,0.00,0.06,0.06,1,0.00,0.00,0.00,0.00,2.75,0.00,0.06,3.69,1.00,0.12,0.00,0.06,0.00,0.12,0.08,0.00,0.12,0.00,0.00,0,0,,2,0.12,8,2,0.12,27,0,0.00,7,0,0,16,6,0.00,99,0,0,0.00,10,0,30,0.00,16,0,0.00,99,0,0.00,0,0,0.00,0,0.31,23,1,0.06,11,1,0.06,100.00,0,0.00,0,44,82,2.75,44,59,0.00,79,3.69,95,N/A,N/A,N/A,N/A,74.58,0,0.00,0,1.35,0.00,0,71.71,100.00,99,99,0.00,0.00,0,15,99,2,0,32,0.00,0.00,0,24,113.81,0.88,0.88,14,0,0.00,0.00,99,0.00,0,2,0,0.00,0.00,6,0.38,0.38,0.00,0.00,0,0,100.00,99,76,50,82,79,0.98,14,0.06,0.06,-0.05,7,0.00,0.00,1,0,0.00,0.00,0.00,0.00,5,0,0.08,40,93,31,75,41,47,4,0,0.00,99,2,0.00,0.12,0.25,0.25,4,3,1,2,0.19,0.19,75.00,0,0.00,99,0,0.00,0,0.00,99,0,0.00,0.00,30,76,23,12,0,0,0,0,0,47,65,65,79,0,59,85,96,19,1,6,29,18,N/A,N/A
Tinga,32,746866800,1993/09/01,Serie A,2026,Defender,Coritiba,1230,670,560,Brazil,16,9,7,0,0,0,2,1,1,0,0,2,1,1,17,7,10,0,0,0.15,0.15,0,0,0,0,1.24,72,77,0,615,0,312,96,109,26,300000,6.81,0.12,79,31.98,27.31,38,437,19.88,318,12,23.27,29,0.00,0.00,1.06,17,0.00,1.69,1.10,0.94,15,0.00,0.25,0.00,0.00,0.00,1.44,0.44,1.31,0.00,0.51,0.31,0.69,0.00,0.12,0.04,0.00,1.94,0.00,0.00,0,0,,7,0.44,24,2,0.15,32,5,0.37,25,3,1,15,37,0.00,99,0,23,1.68,92,27,64,1.98,64,0,0.00,99,0,0.00,0,0,0.00,0,1.24,71,11,0.80,41,7,0.51,63.64,0,0.00,0,0,0,0.00,0,21,0.00,40,1.54,72,N/A,N/A,N/A,N/A,0.00,0,0.00,0,0.58,0.00,0,72.77,28.57,47,18,0.88,1.02,14,51,77,0,0,0,0.81,0.95,13,94,108.91,3.56,4.17,57,0,0.00,0.00,99,0.00,0,0,0,0.00,0.00,0,0.00,0.00,0.00,0.00,0,0,0.00,45,61,50,46,39,2.40,72,0.15,0.18,0.58,26,0.04,0.04,41,11,0.69,0.80,0.22,0.19,7,3,0.04,25,56,82,75,0,47,88,0,0.00,99,31,0.00,2.27,8.49,7.25,116,64,57,47,4.68,4.00,55.17,4,0.29,71,0,25.93,0,0.00,99,7,0.44,0.51,69,69,36,72,0,0,0,0,0,51,46,65,59,0,37,26,15,15,0,0,16,2,N/A,N/A
Tiquinho Soares,35,664099200,1991/01/17,Serie A,2026,Forward,Mirassol,371,128,243,Brazil,7,2,5,0,0,0,0,0,0,0,0,0,0,0,7,2,5,1,0,0,0,0,0,0,0,1.7,53,53,371,0,0.24,286,268,-1,25,0,6.59,0,48,16.01,9.43,6,66,7.43,52,26,12.61,7,0.00,0.00,0.57,4,0.00,0.14,0.49,0.29,2,0.00,0.29,0.00,0.00,0.00,0.00,0.14,1.00,0.00,3.15,1.29,0.43,0.00,0.57,0.13,0.00,0.86,0.00,0.00,0,0,,13,1.86,96,4,0.97,89,9,2.18,97,2,3,4,14,0.00,99,0,0,0.00,10,1,30,0.24,28,0,0.00,99,0,0.00,0,0,0.00,0,0.97,58,3,0.73,39,1,0.24,33.33,0,0.00,0,0,0,0.00,0,7,0.00,9,1.70,81,N/A,N/A,N/A,N/A,0.00,0,0.00,0,0.94,0.00,0,78.79,30.77,51,64,0.29,0.49,2,28,27,0,0,0,0.00,0.00,0,24,46.10,0.14,0.24,1,0,0.00,0.00,99,0.00,0,0,0,0.00,0.00,0,0.00,0.00,0.49,0.29,2,0,0.00,45,2,6,46,10,0.25,14,0.04,0.06,0.94,74,0.13,0.23,69,6,0.86,1.46,1.21,0.71,51,5,0.23,72,24,5,75,0,92,71,0,0.00,99,6,0.00,1.46,8.49,5.00,35,13,21,47,3.15,1.86,37.14,2,0.49,59,0,0.00,0,0.00,99,0,0.00,0.00,30,8,56,56,0,0,0,0,0,28,46,65,59,0,21,5,55,61,1,14,57,29,0,0
Tomás Esteban Cuello,26,952243200,2000/03/05,Serie A,2026,Forward,Atlético Mineiro,1414,736,678,Argentina,20,10,10,4,3,1,1,0,1,0,0,5,3,2,15,7,8,1,0,0.32,0.06,0.25,0.37,0.13,354,0.95,94,71,1414,1414,0.06,81,193,-1,2,700000,7.07,0.05,55,30.45,23.90,31,478,18.50,370,22,23.57,29,0.00,0.00,1.40,28,0.00,2.15,1.46,1.15,23,0.00,1.25,0.00,0.00,0.00,0.95,1.30,0.75,8.80,2.80,1.50,3.05,0.00,0.70,0.31,0.00,0.35,0.00,0.00,0,0,,44,2.20,92,14,0.89,86,30,1.91,94,3,4,16,54,0.00,99,0,19,1.21,78,43,44,2.74,72,0,0.00,99,0,0.00,0,0,0.00,0,1.78,87,61,3.89,94,26,1.66,42.62,0,0.00,0,0,0,0.00,0,15,0.00,74,0.96,21,N/A,N/A,N/A,N/A,0.00,0,0.00,0,6.15,0.00,0,77.41,31.82,53,33,0.65,0.83,13,91,39,0,0,0,0.10,0.13,2,37,141.32,1.00,1.27,20,0,0.00,0.00,99,0.00,0,0,4,0.20,0.25,0,0.00,0.00,0.89,0.70,14,0,11.36,71,74,82,62,72,2.67,69,0.13,0.17,6.15,91,0.31,0.39,85,32,1.60,2.04,1.02,0.80,35,16,0.39,89,89,44,99,0,98,23,0,0.00,99,7,0.00,0.45,12.04,9.45,189,87,78,85,5.54,4.35,46.03,25,1.59,9,0,18.60,0,0.00,99,8,0.40,0.51,69,76,65,72,0,1,0,5,0,77,84,71,88,0,57,54,96,19,1,5,22,28,N/A,N/A
Tomás Pérez,20,1125039600,2005/08/26,Serie A,2026,Midfielder,Atlético Mineiro,835,373,462,Argentina,13,6,7,0,0,0,0,0,0,0,0,5,2,3,5,2,3,2,0,0,0,0,0,0,0,0.54,167,64,418,0,0.22,256,250,-1,19,150000,6.17,0,48,41.44,29.54,62,384,25.31,329,66,35.50,64,0.00,0.00,0.08,1,0.00,0.15,1.40,1.00,13,0.00,0.31,0.00,0.00,0.00,1.00,0.00,0.46,0.00,0.43,0.15,0.23,0.00,0.15,0.03,0.00,0.85,0.00,0.00,0,0,,4,0.31,18,2,0.22,42,2,0.22,14,1,3,10,50,0.00,99,0,13,1.40,87,2,30,0.22,27,0,0.00,99,0,0.00,0,0,0.00,0,0.11,10,3,0.32,20,0,0.00,0.00,0,0.00,0,0,0,0.00,0,6,0.00,96,0.65,3,N/A,N/A,N/A,N/A,0.00,0,0.00,0,0.36,0.00,0,85.68,50.00,92,72,0.31,0.43,4,13,13,0,0,0,0.69,0.97,9,94,80.27,1.92,2.70,25,0,0.00,0.00,99,0.00,0,0,0,0.00,0.00,0,0.00,0.00,0.00,0.00,0,0,0.00,45,36,30,46,96,0.68,16,0.05,0.07,0.36,26,0.03,0.04,20,4,0.31,0.43,1.29,0.92,54,12,0.04,25,8,70,75,0,47,63,0,0.00,99,11,0.00,1.19,5.94,4.23,55,28,19,15,3.02,2.15,50.91,4,0.43,61,0,0.00,0,0.00,99,0,0.00,0.00,30,43,56,35,0,0,0,0,0,28,46,65,59,0,27,85,60,56,2,15,59,25,N/A,N/A
Tomás Pochettino,30,823161600,1996/02/01,Serie A,2026,Midfielder,Vitória,226,164,62,Argentina,7,4,3,0,0,0,0,0,0,0,0,3,2,1,4,3,1,0,0,0,0,0,0,0,0,1.59,57,32,0,0,0,-1,-1,-1,21,0,6.71,0,48,22.30,8.00,15,56,5.29,37,3,14.73,11,0.00,0.00,1.00,7,0.00,2.86,3.58,1.29,9,0.00,0.57,0.00,0.00,0.00,0.29,0.43,0.71,0.00,3.19,0.71,1.00,0.00,0.43,0.10,0.00,0.14,0.00,0.00,0,0,,8,1.14,97,3,1.19,95,5,1.99,95,0,7,0,99,0.00,99,0,2,0.80,52,20,91,7.96,99,0,0.00,99,0,0.00,0,0,0.00,0,2.79,97,7,2.79,86,3,1.19,42.86,0,0.00,0,0,0,0.00,0,5,0.00,14,1.99,87,N/A,N/A,N/A,N/A,0.00,0,0.00,0,0.68,0.00,0,66.07,37.50,72,11,0.43,1.19,3,81,42,0,0,0,0.00,0.00,0,24,46.97,0.43,1.19,3,0,0.00,0.00,99,0.00,0,0,1,0.14,0.40,0,0.00,0.00,0.00,0.00,0,0,0.00,45,0,6,46,14,0.33,51,0.05,0.13,0.68,78,0.10,0.27,18,1,0.14,0.40,1.19,0.43,50,3,0.27,77,41,42,99,0,47,19,0,0.00,99,1,0.00,0.40,12.35,4.43,31,14,78,87,5.58,2.00,45.16,4,1.59,9,0,45.00,0,0.00,99,9,1.29,3.58,99,0,85,12,0,0,0,0,0,28,46,65,59,0,21,93,15,15,0,0,16,8,0,0
Tomás Rincón,38,569059200,1988/01/13,Serie A,2026,Midfielder,Santos,19,0,19,Venezuela,2,0,2,0,0,0,0,0,0,0,0,1,0,1,1,0,1,0,0,0,0,0,0,0,0,4.74,19,10,0,0,0,-1,-1,-1,29,576000,6.36,0,48,47.37,5.00,77,10,3.00,6,1,28.42,45,0.00,0.00,0.00,0,0.00,0.50,0.00,0.00,0,0.00,0.00,0.00,0.00,0.00,0.00,0.00,0.50,0.00,0.00,0.00,0.00,0.00,0.00,0.00,0.00,0.50,0.00,0.00,0,0,,0,0.00,7,0,0.00,17,0,0.00,7,0,2,0,5,0.00,99,0,0,0.00,10,1,30,4.74,91,0,0.00,99,0,0.00,0,0,0.00,0,0.00,8,0,0.00,9,0,0.00,0.00,0,0.00,0,0,0,0.00,0,1,0.00,0,4.74,98,N/A,N/A,N/A,N/A,0.00,0,0.00,0,0.00,0.00,0,60.00,0.00,17,99,0.00,0.00,0,13,13,0,0,0,0.00,0.00,0,24,12.71,0.00,0.00,0,0,0.00,0.00,99,0.00,0,0,0,0.00,0.00,0,0.00,0.00,0.00,0.00,0,0,0.00,45,0,0,46,0,0.01,10,0.01,0.05,0.00,7,0.00,0.00,99,1,0.50,4.74,14.21,1.50,99,3,0.00,7,13,0,75,0,47,99,0,0.00,99,1,0.00,4.74,23.68,2.50,5,2,99,99,9.47,1.00,40.00,0,0.00,99,0,0.00,0,0.00,99,0,0.00,0.00,30,0,46,12,0,0,0,0,0,28,46,65,59,0,52,98,15,15,0,0,16,8,N/A,N/A
Túlio Eduardo Silva de Oliveira,21,1098860400,2004/10/27,Serie A,2026,Forward,Chapecoense,170,118,52,Brazil,3,2,1,2,1,1,0,0,0,0,0,1,1,0,2,1,1,0,0,1.06,0,1.06,0.76,1.73,85,1.06,85,57,0,0,0,-1,-1,-1,3,0,7.11,0,48,9.53,6.00,1,18,4.67,14,23,7.41,1,0.00,0.00,0.67,2,0.00,0.33,0.53,0.33,1,0.00,1.00,0.00,0.00,0.00,0.00,0.67,0.67,3.50,3.71,1.67,1.00,0.00,0.67,0.57,0.00,0.67,0.00,0.00,0,0,,7,2.33,98,2,1.06,93,5,2.65,99,1,2,1,14,0.00,99,0,0,0.00,10,1,30,0.53,41,0,0.00,99,0,0.00,0,0,0.00,0,1.06,61,3,1.59,66,2,1.06,66.67,0,0.00,0,0,0,0.00,0,2,0.00,57,1.06,31,N/A,N/A,N/A,N/A,0.00,0,0.00,0,1.72,0.00,0,77.78,28.57,47,99,0.00,0.00,0,78,83,0,0,0,0.33,0.53,1,77,21.33,0.33,0.53,1,0,0.00,0.00,99,0.00,0,0,0,0.00,0.00,0,0.00,0.00,1.06,0.67,2,0,28.57,97,0,0,46,57,0.11,14,0.04,0.06,1.72,99,0.57,0.91,74,3,1.00,1.59,2.65,1.67,98,5,0.91,99,93,17,75,0,99,57,0,0.00,99,2,0.00,1.06,14.82,9.33,28,8,45,96,4.24,2.67,28.57,3,1.59,9,0,0.00,0,0.00,99,0,0.00,0.00,30,0,46,35,0,0,0,0,0,99,99,99,99,0,21,75,15,15,0,0,16,9,0,0
Vanderlan,23,1031382000,2002/09/07,Serie A,2026,Defender,Bragantino,6,6,0,Brazil,1,1,0,0,0,0,0,0,0,0,0,0,0,0,0,0,0,0,0,0,0,0,0,0,0,0,0,6,0,0,0,-1,-1,-1,15,0,6.55,0,48,45.00,3.00,72,3,2.00,2,4,30.00,50,0.00,0.00,0.00,0,0.00,0.00,15.00,1.00,1,0.00,0.00,0.00,0.00,0.00,0.00,0.00,0.00,0.00,0.00,0.00,0.00,0.00,0.00,0.00,0.00,0.00,0.00,0.00,0,0,,0,0.00,7,0,0.00,17,0,0.00,7,0,1,0,99,0.00,99,0,0,0.00,10,0,30,0.00,16,0,0.00,99,0,0.00,0,0,0.00,0,0.00,8,0,0.00,9,0,0.00,0.00,0,0.00,0,0,0,0.00,0,0,0.00,99,0.00,0,N/A,N/A,N/A,N/A,0.00,0,0.00,0,0.00,0.00,0,66.67,0.00,17,99,0.00,0.00,0,13,13,0,0,0,0.00,0.00,0,24,6.55,1.00,15.00,1,0,0.00,0.00,99,0.00,0,0,0,0.00,0.00,0,0.00,0.00,0.00,0.00,0,0,0.00,45,0,0,46,0,0.00,0,0.00,0.00,0.00,7,0.00,0.00,1,0,0.00,0.00,0.00,0.00,5,0,0.00,7,21,99,75,0,47,2,0,0.00,99,0,0.00,0.00,15.00,1.00,1,1,99,96,15.00,1.00,100.00,0,0.00,99,0,0.00,0,0.00,99,0,0.00,0.00,30,0,36,12,0,0,0,0,0,28,46,65,59,0,21,5,15,15,0,0,16,12,0,0
Victor Alexander da Silva,27,932713200,1999/07/23,Serie A,2026,Defender,Botafogo,1594,748,846,Brazil,20,10,10,0,0,0,2,1,1,0,0,3,2,1,24,8,16,3,0,0.11,0.11,0,0,0,0,1.36,66,80,531,797,0.17,369,138,126,36,384000,6.84,0.1,69,30.83,27.30,33,546,21.45,429,25,24.22,31,0.00,0.00,1.05,21,0.00,2.70,2.20,1.95,39,0.00,0.20,0.00,0.00,0.00,0.85,0.35,1.30,0.00,0.45,0.40,1.20,0.00,0.00,0.02,0.00,0.65,0.00,0.00,0,0,,8,0.40,20,0,0.00,17,8,0.45,33,2,2,18,82,0.00,99,0,17,0.96,61,54,54,3.05,77,0,0.00,99,0,0.00,0,0,0.00,0,1.19,68,24,1.36,60,7,0.40,29.17,0,0.00,0,0,0,0.00,0,26,0.00,30,1.47,65,N/A,N/A,N/A,N/A,0.00,0,0.00,0,0.36,0.00,0,78.57,0.00,17,56,0.50,0.56,10,42,20,0,0,0,1.10,1.24,22,98,136.81,2.55,2.88,51,0,0.00,0.00,99,0.00,0,0,1,0.05,0.06,0,0.00,0.00,0.06,0.05,1,0,0.00,45,85,82,46,30,2.93,69,0.15,0.17,0.36,16,0.02,0.02,48,17,0.85,0.96,1.19,1.05,50,21,0.02,15,59,72,81,0,54,42,0,0.00,99,13,0.00,0.73,8.07,7.15,143,76,46,41,4.29,3.80,53.15,4,0.23,75,0,22.22,0,0.00,99,12,0.60,0.68,77,84,46,56,0,0,0,0,0,42,46,65,59,0,42,30,75,42,3,15,59,2,N/A,N/A
Víctor Cantillo,34,687510000,1991/10/15,Serie A,2026,Midfielder,Remo,0,0,0,Colombia,0,0,0,0,0,0,0,0,0,0,0,0,0,0,0,0,0,0,0,0,0,0,0,0,0,0,0,0,0,0,0,-1,-1,-1,-1,N/A,N/A,N/A,N/A,N/A,N/A,N/A,N/A,N/A,N/A,N/A,N/A,N/A,N/A,N/A,N/A,N/A,N/A,N/A,N/A,N/A,N/A,N/A,N/A,N/A,N/A,N/A,N/A,N/A,N/A,N/A,N/A,N/A,N/A,N/A,N/A,N/A,N/A,N/A,N/A,N/A,N/A,N/A,N/A,N/A,N/A,N/A,N/A,N/A,N/A,N/A,N/A,N/A,N/A,N/A,N/A,N/A,N/A,N/A,N/A,N/A,N/A,N/A,N/A,N/A,N/A,N/A,N/A,N/A,N/A,N/A,N/A,N/A,N/A,N/A,N/A,N/A,N/A,N/A,N/A,N/A,N/A,N/A,N/A,N/A,N/A,N/A,N/A,N/A,N/A,N/A,N/A,N/A,N/A,N/A,N/A,N/A,N/A,N/A,N/A,N/A,N/A,N/A,N/A,N/A,N/A,N/A,N/A,N/A,N/A,N/A,N/A,N/A,N/A,N/A,N/A,N/A,N/A,N/A,N/A,N/A,N/A,N/A,N/A,N/A,N/A,N/A,N/A,N/A,N/A,N/A,N/A,N/A,N/A,N/A,N/A,N/A,N/A,N/A,N/A,N/A,N/A,N/A,N/A,N/A,N/A,N/A,N/A,N/A,N/A,N/A,N/A,N/A,N/A,N/A,N/A,N/A,N/A,N/A,N/A,N/A,N/A,N/A,N/A,N/A,N/A,N/A,N/A,N/A,N/A,N/A,N/A,N/A,N/A,N/A,N/A,N/A,N/A,N/A,N/A,N/A,N/A,N/A,N/A,N/A,N/A,N/A,N/A,N/A,N/A,N/A,N/A,N/A,N/A,N/A,N/A,N/A,N/A,N/A,N/A,N/A,N/A,N/A,N/A,N/A,N/A,N/A,N/A,N/A,N/A,N/A,N/A,N/A,N/A,N/A,N/A,N/A,N/A,N/A,N/A,N/A,N/A,N/A,N/A
Victor dos Santos Nascimento,20,1146639600,2006/05/03,Serie A,2026,Goalkeeper,Bahia,0,0,0,Brazil,0,0,0,0,0,0,0,0,0,0,0,0,0,0,0,0,0,0,0,0,0,0,0,0,0,0,0,0,0,0,0,-1,-1,-1,-1,N/A,N/A,N/A,N/A,N/A,N/A,N/A,N/A,N/A,N/A,N/A,N/A,N/A,N/A,N/A,N/A,N/A,N/A,N/A,N/A,N/A,N/A,N/A,N/A,N/A,N/A,N/A,N/A,N/A,N/A,N/A,N/A,N/A,N/A,N/A,N/A,N/A,N/A,N/A,N/A,N/A,N/A,N/A,N/A,N/A,N/A,N/A,N/A,N/A,N/A,N/A,N/A,N/A,N/A,N/A,N/A,N/A,N/A,N/A,N/A,N/A,N/A,N/A,N/A,N/A,N/A,N/A,N/A,N/A,N/A,N/A,N/A,N/A,N/A,N/A,N/A,N/A,N/A,N/A,N/A,N/A,N/A,N/A,N/A,N/A,N/A,N/A,N/A,N/A,N/A,N/A,N/A,N/A,N/A,N/A,N/A,N/A,N/A,N/A,N/A,N/A,N/A,N/A,N/A,N/A,N/A,N/A,N/A,N/A,N/A,N/A,N/A,N/A,N/A,N/A,N/A,N/A,N/A,N/A,N/A,N/A,N/A,N/A,N/A,N/A,N/A,N/A,N/A,N/A,N/A,N/A,N/A,N/A,N/A,N/A,N/A,N/A,N/A,N/A,N/A,N/A,N/A,N/A,N/A,N/A,N/A,N/A,N/A,N/A,N/A,N/A,N/A,N/A,N/A,N/A,N/A,N/A,N/A,N/A,N/A,N/A,N/A,N/A,N/A,N/A,N/A,N/A,N/A,N/A,N/A,N/A,N/A,N/A,N/A,N/A,N/A,N/A,N/A,N/A,N/A,N/A,N/A,N/A,N/A,N/A,N/A,N/A,N/A,N/A,N/A,N/A,N/A,N/A,N/A,N/A,N/A,N/A,N/A,N/A,N/A,N/A,N/A,N/A,N/A,N/A,N/A,N/A,N/A,N/A,N/A,N/A,N/A,N/A,N/A,N/A,N/A,N/A,N/A,N/A,N/A,N/A,N/A,N/A,N/A
Victor Gabriel da Conceição Ribeiro,22,1083135600,2004/04/28,Serie A,2026,Defender,Internacional,1219,566,653,Brazil,16,8,8,0,0,0,0,0,0,0,0,3,2,1,17,7,10,8,1,0,0,0,0,0,0,1.26,72,76,135,0,0.66,338,344,118,26,0,6.54,0,48,47.42,39.12,77,626,32.38,518,44,39.24,73,0.00,0.00,0.06,1,0.00,0.31,1.59,1.31,21,0.00,0.06,0.00,0.00,0.00,1.06,0.19,1.06,0.00,0.38,0.31,0.19,0.00,0.00,0.01,0.00,2.56,0.00,0.00,0,0,,5,0.31,16,0,0.00,17,5,0.38,26,1,3,13,60,0.00,99,0,17,1.29,84,5,90,0.38,36,0,0.00,99,0,0.00,0,0,0.00,0,0.08,9,3,0.23,16,3,0.23,100.00,0,0.00,0,0,0,0.00,0,17,0.00,38,1.29,53,N/A,N/A,N/A,N/A,0.00,0,0.00,0,0.23,0.00,0,82.75,0.00,17,81,0.25,0.30,4,28,99,0,0,0,0.50,0.61,8,82,104.69,5.38,6.52,86,1,0.00,0.08,4,0.06,0,0,0,0.00,0.00,0,0.00,0.00,0.00,0.00,0,0,0.00,45,61,50,46,39,1.29,36,0.08,0.10,0.23,16,0.01,0.02,34,9,0.56,0.68,1.82,1.50,83,24,0.02,15,21,97,75,0,47,98,0,0.00,99,41,0.00,3.11,9.55,7.88,126,73,77,62,5.53,4.56,57.94,1,0.08,85,0,40.00,0,0.00,99,2,0.12,0.15,43,58,56,35,0,0,0,0,0,28,46,65,59,0,21,38,17,98,7,44,97,41,0,0
Victor Hugo Custódio de Melo Moura,19,1175842800,2007/04/06,Serie A,2026,Midfielder,Botafogo,543,259,284,Brazil,7,3,4,1,0,1,0,0,0,0,0,2,1,1,5,2,3,4,0,0.17,0,0.17,0,0.32,543,0.83,109,78,136,0,0.66,129,232,-1,7,0,6.79,0,48,30.50,26.29,32,184,21.57,151,39,25.03,34,0.00,0.00,0.57,4,0.00,0.00,2.15,1.86,13,0.00,0.86,0.00,0.00,0.00,1.43,0.57,0.86,11.00,1.82,1.14,1.00,0.00,0.43,0.20,0.00,0.57,0.00,0.00,0,0,,11,1.57,73,3,0.50,67,8,1.33,79,6,0,7,80,0.00,99,0,10,1.66,91,0,30,0.00,16,0,0.00,99,0,0.00,0,0,0.00,0,0.66,41,7,1.16,54,4,0.66,57.14,0,0.00,0,0,0,0.00,0,6,0.00,82,0.99,24,N/A,N/A,N/A,N/A,0.00,0,0.00,0,1.40,0.00,0,82.07,27.27,44,21,0.86,0.99,6,61,69,0,0,0,0.43,0.50,3,76,47.55,1.86,2.15,13,1,0.00,0.17,0,0.14,0,0,0,0.00,0.00,0,0.00,0.00,0.00,0.00,0,0,9.09,62,14,6,76,84,0.55,32,0.08,0.09,1.40,74,0.20,0.23,81,11,1.57,1.82,2.49,2.14,97,15,0.23,72,53,62,75,0,47,38,0,0.00,99,4,0.00,0.66,11.27,9.71,68,32,72,78,5.30,4.57,47.06,6,0.99,30,0,0.00,0,0.00,99,0,0.00,0.00,30,28,23,97,0,0,0,0,0,55,71,87,59,0,21,64,18,98,4,57,99,75,0,0
Victor Hugo Gomes Silva,22,1084258800,2004/05/11,Serie A,2026,Midfielder,Atlético Mineiro,1465,646,819,Brazil,19,8,11,4,2,2,1,1,0,0,0,5,3,2,18,8,10,1,0,0.31,0.06,0.25,0.28,0.22,366,1.11,81,77,1465,1465,0.06,83,200,-1,1,425880,6.94,0.05,55,32.74,28.05,40,533,23.00,437,39,26.85,39,0.00,0.00,0.95,18,0.00,1.47,0.86,0.74,14,0.00,0.89,0.00,0.00,0.00,0.42,1.63,1.00,5.25,1.29,0.58,3.11,0.00,0.53,0.22,0.00,0.84,0.00,0.00,0,0,,21,1.11,59,10,0.61,73,11,0.68,47,2,1,18,24,0.00,99,0,8,0.49,36,28,62,1.72,61,0,0.00,99,0,0.00,0,0,0.00,0,1.11,65,59,3.62,92,31,1.90,52.54,0,0.00,0,0,0,0.00,0,19,0.00,53,1.17,43,N/A,N/A,N/A,N/A,0.00,0,0.00,0,4.16,0.00,0,81.99,47.62,86,72,0.37,0.43,7,93,61,0,0,0,0.16,0.18,3,44,131.94,0.53,0.61,10,0,0.00,0.00,99,0.00,0,0,0,0.00,0.00,0,0.00,0.00,0.00,0.00,0,0,19.05,88,78,74,63,53,2.35,55,0.12,0.14,4.16,77,0.22,0.26,56,18,0.95,1.11,0.31,0.26,9,5,0.26,76,77,20,75,0,47,54,0,0.00,99,16,0.00,0.98,9.58,8.21,156,79,63,62,4.85,4.16,50.64,17,1.04,28,0,25.00,0,0.00,99,7,0.37,0.43,64,84,36,56,0,0,0,0,0,76,84,80,81,0,44,55,97,19,1,5,22,30,N/A,N/A
Victor Hugo Soares dos Santos,29,857721600,1997/03/07,Serie A,2026,Defender,Bahia,238,90,148,Brazil,3,1,2,0,0,0,0,0,0,0,0,1,0,1,4,1,3,2,0,0,0,0,0,0,0,1.51,60,79,119,0,0.76,-1,-1,-1,25,1300000,6.67,0,48,54.45,48.00,88,144,46.00,138,99,52.18,93,0.00,0.00,0.00,0,0.00,0.00,1.13,1.00,3,0.00,0.00,0.00,0.00,0.00,1.00,0.00,1.33,0.00,0.00,0.00,0.00,0.00,0.00,0.00,0.00,1.33,0.00,0.00,0,0,,0,0.00,7,0,0.00,17,0,0.00,7,2,0,3,39,0.00,99,0,3,1.13,71,0,30,0.00,16,0,0.00,99,0,0.00,0,0,0.00,0,0.00,8,0,0.00,9,0,0.00,0.00,0,0.00,0,0,0,0.00,0,4,0.00,19,1.51,69,N/A,N/A,N/A,N/A,0.00,0,0.00,0,0.00,0.00,0,95.83,0.00,17,99,0.00,0.00,0,13,13,0,0,0,0.67,0.76,2,88,20.01,4.00,4.54,12,0,0.00,0.00,99,0.00,0,0,0,0.00,0.00,0,0.00,0.00,0.38,0.33,1,0,0.00,45,0,0,46,21,0.24,32,0.08,0.09,0.00,7,0.00,0.00,17,1,0.33,0.38,1.13,1.00,44,3,0.00,7,36,86,75,0,88,72,0,0.00,99,4,0.00,1.51,4.92,4.33,13,8,19,10,3.03,2.67,61.54,0,0.00,99,0,0.00,0,0.00,99,0,0.00,0.00,30,3,23,56,0,0,0,0,0,28,46,65,59,0,78,75,16,99,2,67,99,4,N/A,N/A
Victor Luis Chuab Zamblauskas,33,740818800,1993/06/23,Serie A,2026,Defender,Mirassol,327,184,143,Brazil,7,4,3,0,0,0,0,0,0,0,0,1,1,0,6,3,3,2,0,0,0,0,0,0,0,1.65,55,47,164,0,0.55,388,368,163,28,0,5.40,0,48,52.02,27.00,84,189,23.29,163,68,44.86,82,0.00,0.00,0.71,5,0.00,1.43,0.83,0.43,3,0.00,0.14,0.00,0.00,0.00,0.57,0.00,1.00,0.00,0.83,0.43,0.29,0.00,0.00,0.02,0.00,0.43,0.00,0.00,0,0,,3,0.43,43,0,0.00,17,3,0.83,56,1,4,3,22,0.00,99,0,4,1.10,70,10,75,2.75,73,0,0.00,99,0,0.00,0,0,0.00,0,1.38,77,2,0.55,30,0,0.00,0.00,0,0.00,0,0,0,0.00,0,7,0.00,11,1.93,86,N/A,N/A,N/A,N/A,0.00,0,0.00,0,0.16,0.00,0,86.24,0.00,17,2,0.86,1.65,6,13,13,0,0,0,0.14,0.28,1,55,37.77,0.57,1.10,4,1,0.00,0.28,0,0.14,0,0,0,0.00,0.00,0,0.00,0.00,0.28,0.14,1,0,0.00,45,0,6,46,12,0.45,45,0.06,0.12,0.16,26,0.02,0.04,26,2,0.29,0.55,2.20,1.14,92,8,0.04,25,0,40,75,0,85,45,0,0.00,99,3,0.00,0.83,8.53,4.43,31,7,8,47,1.93,1.00,22.58,1,0.28,72,0,30.00,0,0.00,99,3,0.43,0.83,82,3,65,35,0,0,0,0,0,28,46,65,59,0,21,27,21,94,2,29,90,12,0,0
Victor Vinicius Coelho Santos,32,750150000,1993/10/09,Serie A,2026,Forward,Corinthians,349,144,205,Brazil,8,5,3,0,0,0,0,0,0,0,0,4,2,2,2,1,1,0,0,0,0,0,0,0,0,0.52,175,44,0,0,0,417,405,-1,26,1548000,5.85,0,48,25.79,12.50,21,100,10.00,80,30,20.63,23,0.00,0.00,0.62,5,0.00,2.88,1.29,0.62,5,0.00,0.62,0.00,0.00,0.00,0.12,0.88,0.25,0.00,2.58,1.00,1.88,0.00,0.25,0.08,0.00,0.75,0.00,0.00,0,0,,10,1.25,88,2,0.52,68,8,2.06,96,4,4,4,47,0.00,99,0,1,0.26,22,23,75,5.93,95,0,0.00,99,0,0.00,0,0,0.00,0,1.29,74,15,3.87,93,7,1.81,46.67,0,0.00,0,0,0,0.00,0,2,0.00,97,0.52,2,N/A,N/A,N/A,N/A,0.00,0,0.00,0,0.61,0.00,0,80.00,20.00,31,84,0.12,0.26,1,93,49,0,0,0,0.00,0.00,0,24,46.82,0.50,1.03,4,0,0.00,0.00,99,0.00,0,0,0,0.00,0.00,0,0.00,0.00,0.00,0.00,0,0,0.00,45,0,8,46,97,0.36,32,0.04,0.09,0.61,63,0.08,0.16,63,5,0.62,1.29,1.55,0.75,69,6,0.16,61,3,38,75,0,47,73,0,0.00,99,6,0.00,1.55,12.64,6.12,49,23,84,88,5.93,2.88,46.94,5,1.29,18,0,30.43,0,0.00,99,7,0.88,1.81,96,8,65,83,0,0,0,0,0,28,46,65,59,0,84,98,15,15,0,0,16,11,N/A,N/A
Victor Vinicius Teodoro Ferraz,19,1176966000,2007/04/19,Serie A,2026,Defender,Atlético PR,0,0,0,Portugal,0,0,0,0,0,0,0,0,0,0,0,0,0,0,0,0,0,0,0,0,0,0,0,0,0,0,0,0,0,0,0,-1,-1,-1,-1,N/A,N/A,N/A,N/A,N/A,N/A,N/A,N/A,N/A,N/A,N/A,N/A,N/A,N/A,N/A,N/A,N/A,N/A,N/A,N/A,N/A,N/A,N/A,N/A,N/A,N/A,N/A,N/A,N/A,N/A,N/A,N/A,N/A,N/A,N/A,N/A,N/A,N/A,N/A,N/A,N/A,N/A,N/A,N/A,N/A,N/A,N/A,N/A,N/A,N/A,N/A,N/A,N/A,N/A,N/A,N/A,N/A,N/A,N/A,N/A,N/A,N/A,N/A,N/A,N/A,N/A,N/A,N/A,N/A,N/A,N/A,N/A,N/A,N/A,N/A,N/A,N/A,N/A,N/A,N/A,N/A,N/A,N/A,N/A,N/A,N/A,N/A,N/A,N/A,N/A,N/A,N/A,N/A,N/A,N/A,N/A,N/A,N/A,N/A,N/A,N/A,N/A,N/A,N/A,N/A,N/A,N/A,N/A,N/A,N/A,N/A,N/A,N/A,N/A,N/A,N/A,N/A,N/A,N/A,N/A,N/A,N/A,N/A,N/A,N/A,N/A,N/A,N/A,N/A,N/A,N/A,N/A,N/A,N/A,N/A,N/A,N/A,N/A,N/A,N/A,N/A,N/A,N/A,N/A,N/A,N/A,N/A,N/A,N/A,N/A,N/A,N/A,N/A,N/A,N/A,N/A,N/A,N/A,N/A,N/A,N/A,N/A,N/A,N/A,N/A,N/A,N/A,N/A,N/A,N/A,N/A,N/A,N/A,N/A,N/A,N/A,N/A,N/A,N/A,N/A,N/A,N/A,N/A,N/A,N/A,N/A,N/A,N/A,N/A,N/A,N/A,N/A,N/A,N/A,N/A,N/A,N/A,N/A,N/A,N/A,N/A,N/A,N/A,N/A,N/A,N/A,N/A,N/A,N/A,N/A,N/A,N/A,N/A,N/A,N/A,N/A,N/A,N/A,N/A,N/A,N/A,N/A,N/A,N/A
Viery Fernandes Santos Lopes,21,1104652800,2005/01/02,Serie A,2026,Defender,Grêmio,1169,720,449,Brazil,13,8,5,1,0,1,0,0,0,0,0,4,3,1,14,8,6,4,1,0.08,0,0.08,0,0.2,1169,1.08,84,90,234,0,0.38,193,413,76,5,450000,6.81,0,48,59.51,59.46,94,773,50.62,658,60,50.66,92,0.00,0.00,0.31,4,0.00,0.31,2.31,2.31,30,0.00,0.23,0.00,0.00,0.00,0.38,0.00,1.08,6.00,0.46,0.31,0.23,0.00,0.15,0.08,0.00,1.85,0.00,0.00,0,0,,6,0.46,21,2,0.15,32,4,0.31,21,0,0,13,85,0.00,99,0,5,0.38,26,4,30,0.31,32,0,0.00,99,0,0.00,0,0,0.00,0,0.31,23,3,0.23,16,0,0.00,0.00,0,0.00,0,0,0,0.00,0,14,0.00,56,1.08,32,N/A,N/A,N/A,N/A,0.00,0,0.00,0,1.04,0.00,0,85.12,33.33,62,68,0.46,0.46,6,13,13,0,0,0,0.85,0.85,11,91,88.49,5.77,5.77,75,1,0.00,0.08,4,0.08,0,0,0,0.00,0.00,0,0.00,0.00,0.08,0.08,1,0,16.67,86,58,30,91,57,1.44,40,0.11,0.11,1.04,41,0.08,0.08,31,8,0.62,0.62,1.54,1.54,68,20,0.08,40,56,94,75,0,60,80,0,0.00,99,24,0.00,1.85,9.01,9.00,117,60,55,55,4.62,4.62,51.28,3,0.23,75,0,0.00,0,0.00,99,0,0.00,0.00,30,58,23,12,0,0,0,0,0,37,56,78,59,0,47,67,30,85,3,23,80,44,N/A,N/A
Vinicius Balieiro Lourenco de Carvalho,27,927874800,1999/05/28,Serie A,2026,Midfielder,Chapecoense,-55,-31,-24,Brazil,0,0,0,0,0,0,0,0,0,0,0,0,0,0,0,0,0,0,0,0,0,0,0,0,0,0,0,0,0,0,0,-1,-1,-1,-1,N/A,N/A,N/A,N/A,N/A,N/A,N/A,N/A,N/A,N/A,N/A,N/A,N/A,N/A,N/A,N/A,N/A,N/A,N/A,N/A,N/A,N/A,N/A,N/A,N/A,N/A,N/A,N/A,N/A,N/A,N/A,N/A,N/A,N/A,N/A,N/A,N/A,N/A,N/A,N/A,N/A,N/A,N/A,N/A,N/A,N/A,N/A,N/A,N/A,N/A,N/A,N/A,N/A,N/A,N/A,N/A,N/A,N/A,N/A,N/A,N/A,N/A,N/A,N/A,N/A,N/A,N/A,N/A,N/A,N/A,N/A,N/A,N/A,N/A,N/A,N/A,N/A,N/A,N/A,N/A,N/A,N/A,N/A,N/A,N/A,N/A,N/A,N/A,N/A,N/A,N/A,N/A,N/A,N/A,N/A,N/A,N/A,N/A,N/A,N/A,N/A,N/A,N/A,N/A,N/A,N/A,N/A,N/A,N/A,N/A,N/A,N/A,N/A,N/A,N/A,N/A,N/A,N/A,N/A,N/A,N/A,N/A,N/A,N/A,N/A,N/A,N/A,N/A,N/A,N/A,N/A,N/A,N/A,N/A,N/A,N/A,N/A,N/A,N/A,N/A,N/A,N/A,N/A,N/A,N/A,N/A,N/A,N/A,N/A,N/A,N/A,N/A,N/A,N/A,N/A,N/A,N/A,N/A,N/A,N/A,N/A,N/A,N/A,N/A,N/A,N/A,N/A,N/A,N/A,N/A,N/A,N/A,N/A,N/A,N/A,N/A,N/A,N/A,N/A,N/A,N/A,N/A,N/A,N/A,N/A,N/A,N/A,N/A,N/A,N/A,N/A,N/A,N/A,N/A,N/A,N/A,N/A,N/A,N/A,N/A,N/A,N/A,N/A,N/A,N/A,N/A,N/A,N/A,N/A,N/A,N/A,N/A,N/A,N/A,N/A,N/A,N/A,N/A,N/A,N/A,N/A,N/A,N/A,N/A
Vinicius Balieiro Lourenco de Carvalho,27,927874800,1999/05/28,Serie A,2026,Midfielder,Chapecoense,180,90,90,Brazil,2,1,1,0,0,0,0,0,0,0,0,0,0,0,6,4,2,0,0,0,0,0,0,0,0,3,30,90,0,0,0,-1,-1,-1,26,0,5.38,0,48,15.79,8.83,5,53,6.83,41,21,12.22,6,0.00,0.00,0.00,0,0.00,0.00,0.89,0.50,3,0.00,0.17,0.00,0.00,0.00,0.50,0.00,1.33,0.00,0.00,0.00,0.00,0.00,0.00,0.00,0.00,0.33,0.00,0.00,0,0,,0,0.00,7,0,0.00,17,0,0.00,7,0,0,2,26,0.00,99,0,3,0.89,56,0,30,0.00,16,0,0.00,99,0,0.00,0,0,0.00,0,0.00,8,0,0.00,9,0,0.00,0.00,0,0.00,0,0,0,0.00,0,8,0.00,0,2.38,93,N/A,N/A,N/A,N/A,0.00,0,0.00,0,0.00,0.00,0,77.36,0.00,17,28,0.50,0.89,3,13,13,0,0,0,0.50,0.89,3,92,32.25,0.67,1.19,4,0,0.00,0.00,99,0.00,0,0,0,0.00,0.00,0,0.00,0.00,0.00,0.00,0,0,0.00,45,0,0,46,0,0.10,4,0.02,0.03,0.00,7,0.00,0.00,60,4,0.67,1.19,0.60,0.33,17,2,0.00,7,0,42,75,0,47,33,0,0.00,99,2,0.00,0.60,4.47,2.50,15,8,9,9,2.38,1.33,53.33,1,0.30,71,0,0.00,0,0.00,99,0,0.00,0.00,30,1,23,12,0,0,0,0,0,28,46,65,59,0,21,5,15,15,0,0,16,17,0,0
Vinicius Eduardo de Almeida Gomes da Silva,21,1108713600,2005/02/18,Serie A,2026,Defender,Chapecoense,61,0,61,Brazil,2,0,2,0,0,0,0,0,0,0,0,0,0,0,1,0,1,1,0,0,0,0,0,0,0,1.48,61,31,61,0,1.48,-1,-1,-1,17,0,6.34,0,48,26.56,9.00,23,18,8.00,16,83,23.61,30,0.00,0.00,0.00,0,0.00,1.00,1.48,0.50,1,0.00,0.00,0.00,0.00,0.00,0.00,0.00,0.50,0.00,0.00,0.00,0.00,0.00,0.00,0.00,0.00,0.50,0.00,0.00,0,0,,0,0.00,7,0,0.00,17,0,0.00,7,1,2,0,54,0.00,99,0,0,0.00,10,2,95,2.95,75,0,0.00,99,0,0.00,0,0,0.00,0,0.00,8,0,0.00,9,0,0.00,0.00,0,0.00,0,0,0,0.00,0,1,0.00,22,1.48,65,N/A,N/A,N/A,N/A,0.00,0,0.00,0,0.00,0.00,0,88.89,0.00,17,0,1.00,2.95,2,13,13,0,0,0,0.00,0.00,0,24,12.68,1.50,4.43,3,0,0.00,0.00,99,0.00,0,0,0,0.00,0.00,0,0.00,0.00,0.00,0.00,0,0,0.00,45,0,0,46,23,0.04,14,0.02,0.06,0.00,7,0.00,0.00,1,0,0.00,0.00,1.48,0.50,64,1,0.00,7,13,86,75,0,47,71,0,0.00,99,1,0.00,1.48,8.85,3.00,6,2,17,51,2.95,1.00,33.33,0,0.00,99,0,50.00,0,0.00,99,1,0.50,1.48,93,0,46,35,0,0,0,0,0,28,46,65,59,0,21,5,15,99,1,50,99,35,0,0
Vinicius Mendonça Pereira,22,1077264000,2004/02/20,Serie A,2026,Forward,Bragantino,510,250,260,Brazil,12,7,5,0,0,0,1,1,0,0,0,4,3,1,9,4,5,0,0,0.18,0.18,0,0,0,0,1.59,57,43,0,510,0,317,75,-1,23,300000,6.22,0.08,84,22.24,10.50,14,126,8.75,105,48,18.53,20,0.00,0.00,0.75,9,0.00,1.58,1.76,0.83,10,0.00,1.00,0.00,0.00,0.00,0.25,1.50,0.75,0.00,1.59,0.50,2.25,0.00,0.25,0.07,0.00,0.42,0.00,0.00,0,0,,9,0.75,68,3,0.53,69,6,1.06,68,6,7,5,67,0.00,99,0,3,0.53,38,19,50,3.35,80,0,0.00,99,0,0.00,0,0,0.00,0,1.59,82,27,4.76,97,18,3.18,66.67,0,0.00,0,0,0,0.00,0,9,0.00,14,1.59,73,N/A,N/A,N/A,N/A,0.00,0,0.00,0,0.81,0.00,0,83.33,33.33,62,59,0.25,0.53,3,99,83,0,0,0,0.00,0.00,0,24,74.61,0.25,0.53,3,0,0.00,0.00,99,0.00,0,0,0,0.00,0.00,0,0.00,0.00,0.00,0.00,0,0,0.00,45,13,24,46,14,1.12,79,0.09,0.20,0.81,59,0.07,0.14,98,18,1.50,3.18,0.53,0.25,16,3,0.14,58,10,17,75,0,47,48,0,0.00,99,5,0.00,0.88,14.65,6.92,83,51,99,96,9.00,4.25,61.45,12,2.12,4,0,21.05,0,0.00,99,4,0.33,0.71,79,14,85,97,0,0,0,0,0,57,46,65,59,0,37,75,15,15,0,0,16,17,N/A,N/A
Vinícius Moreira de Lima,30,834476400,1996/06/11,Serie A,2026,Midfielder,Fluminense,1,0,1,Brazil,1,0,1,0,0,0,0,0,0,0,0,0,0,0,0,0,0,1,0,0,0,0,0,0,0,0,0,1,1,0,90,-1,-1,-1,24,0,6.44,0,48,990.00,11.00,99,11,11.00,11,99,990.00,99,0.00,0.00,0.00,0,0.00,0.00,0.00,0.00,0,0.00,0.00,0.00,0.00,0.00,0.00,0.00,0.00,0.00,0.00,0.00,0.00,0.00,0.00,0.00,0.00,0.00,0.00,0.00,0,0,,0,0.00,7,0,0.00,17,0,0.00,7,0,1,0,5,0.00,99,0,0,0.00,10,0,30,0.00,16,0,0.00,99,0,0.00,0,0,0.00,0,0.00,8,0,0.00,9,0,0.00,0.00,0,0.00,0,0,0,0.00,0,0,0.00,99,0.00,0,N/A,N/A,N/A,N/A,0.00,0,0.00,0,0.00,0.00,0,100.00,0.00,17,99,0.00,0.00,0,13,13,0,0,0,0.00,0.00,0,24,6.44,0.00,0.00,0,0,0.00,0.00,99,0.00,0,0,0,0.00,0.00,0,0.00,0.00,0.00,0.00,0,0,0.00,45,0,0,46,0,0.03,99,0.03,2.70,0.00,7,0.00,0.00,1,0,0.00,0.00,90.00,1.00,99,1,0.00,7,17,0,75,0,47,2,0,0.00,99,0,0.00,0.00,90.00,1.00,1,0,0,99,0.00,0.00,0.00,0,0.00,99,0,0.00,0,0.00,99,0,0.00,0.00,30,0,36,12,0,0,0,0,0,28,46,65,59,0,21,5,15,99,1,100,99,45,0,0
Vinicius Rodrigues Lira,18,1192172400,2007/10/12,Serie A,2026,Defender,Santos,354,109,245,Brazil,5,2,3,0,0,0,0,0,0,0,0,0,0,0,6,1,5,1,0,0,0,0,0,0,0,1.53,59,71,354,0,0.25,421,385,153,26,192000,6.51,0,48,29.24,23.00,27,115,18.60,93,32,23.64,30,0.00,0.00,0.80,4,0.00,2.40,1.78,1.40,7,0.00,0.60,0.00,0.00,0.00,0.80,0.20,1.60,0.00,0.76,0.40,0.80,0.00,0.20,0.05,0.00,1.20,0.00,0.00,0,0,,3,0.60,40,1,0.25,45,2,0.51,36,5,1,4,68,0.00,99,0,4,1.02,64,12,84,3.05,77,0,0.00,99,0,0.00,0,0,0.00,0,1.02,60,4,1.02,48,1,0.25,25.00,0,0.00,0,0,0,0.00,0,8,0.00,17,2.03,88,N/A,N/A,N/A,N/A,0.00,0,0.00,0,0.25,0.00,0,80.87,33.33,62,18,0.80,1.02,4,29,18,0,0,0,0.20,0.25,1,52,32.53,4.00,5.08,20,0,0.00,0.00,99,0.00,0,0,0,0.00,0.00,0,0.00,0.00,0.51,0.40,2,0,0.00,45,0,1,46,19,0.39,36,0.08,0.10,0.25,35,0.05,0.06,1,0,0.00,0.00,1.53,1.20,68,6,0.06,34,19,88,75,0,92,73,0,0.00,99,6,0.00,1.53,8.39,6.60,33,14,30,45,3.56,2.80,42.42,3,0.76,41,0,33.33,0,0.00,99,4,0.80,1.02,86,8,36,91,0,0,0,0,0,28,46,65,59,0,29,5,51,64,1,20,74,3,N/A,N/A
Vinicius Romualdo dos Santos,25,985248000,2001/03/22,Serie A,2026,Midfielder,Coritiba,862,460,402,Brazil,22,10,12,0,0,0,0,0,0,0,0,6,2,4,7,3,4,2,0,0,0,0,0,0,0,0.73,123,39,431,0,0.21,331,329,-1,27,400000,6.09,0,48,25.21,11.00,20,242,9.27,204,54,21.25,24,0.00,0.00,0.27,6,0.00,0.23,3.12,1.36,30,0.00,0.27,0.00,0.00,0.00,0.91,0.27,0.45,0.00,1.15,0.45,0.55,0.00,0.05,0.03,0.00,0.32,0.00,0.00,0,0,,11,0.50,54,1,0.10,23,10,1.04,66,4,15,7,97,0.00,99,0,20,2.08,98,5,49,0.52,41,0,0.00,99,0,0.00,0,0,0.00,0,0.62,38,12,1.25,56,6,0.62,50.00,0,0.00,0,0,0,0.00,0,10,0.00,91,1.04,29,N/A,N/A,N/A,N/A,0.00,0,0.00,0,0.68,0.00,0,84.30,9.09,19,17,0.45,1.04,10,58,59,0,0,0,0.05,0.10,1,31,134.00,0.64,1.46,14,0,0.00,0.00,99,0.00,0,0,1,0.05,0.10,0,0.00,0.00,0.10,0.05,1,0,0.00,45,38,94,46,91,0.67,16,0.03,0.07,0.68,39,0.03,0.07,52,10,0.45,1.04,1.15,0.50,47,11,0.07,38,6,52,89,0,64,42,0,0.00,99,7,0.00,0.73,9.69,4.23,93,53,76,64,5.52,2.41,56.99,6,0.62,49,0,20.00,0,0.00,99,1,0.05,0.10,38,28,99,83,0,0,0,0,0,28,46,65,59,0,43,58,63,55,2,9,36,36,N/A,N/A
Vitão,26,949478400,2000/02/02,Serie A,2026,Defender,Flamengo,569,180,389,Brazil,9,2,7,0,0,0,0,0,0,0,0,4,1,3,6,1,5,2,0,0,0,0,0,0,0,0.95,95,63,285,0,0.32,400,400,46,20,2000000,5.36,0,48,67.26,47.33,97,426,44.11,397,99,62.68,98,0.00,0.00,0.22,2,0.00,0.22,0.16,0.11,1,0.00,0.11,0.00,0.00,0.00,0.22,0.22,0.67,0.00,0.79,0.56,0.22,0.00,0.00,0.03,0.00,1.22,0.00,0.00,0,0,,5,0.56,41,0,0.00,17,5,0.79,55,1,3,6,8,0.00,99,0,2,0.32,23,2,95,0.32,33,0,0.00,99,0,0.00,0,0,0.00,0,0.32,24,2,0.32,20,2,0.32,100.00,0,0.00,0,0,0,0.00,0,6,0.00,74,0.95,19,N/A,N/A,N/A,N/A,0.00,0,0.00,0,0.27,0.00,0,93.19,0.00,17,90,0.11,0.16,1,35,99,0,0,0,1.00,1.42,9,99,48.20,2.89,4.11,26,0,0.00,0.00,99,0.00,0,0,0,0.00,0.00,0,0.00,0.00,0.00,0.00,0,0,0.00,45,16,12,46,74,0.94,60,0.10,0.15,0.27,26,0.03,0.04,6,1,0.11,0.16,0.79,0.56,24,5,0.04,25,0,82,75,0,47,78,0,0.00,99,11,0.00,1.74,4.42,3.11,28,15,9,9,2.37,1.67,53.57,1,0.16,80,0,50.00,0,0.00,99,1,0.11,0.16,45,21,56,35,0,0,0,0,0,28,46,65,59,0,90,94,38,79,2,22,79,44,N/A,N/A
Vitor Eudes,27,908953200,1998/10/21,Serie A,2026,Goalkeeper,Fluminense,0,0,0,Brazil,0,0,0,0,0,0,0,0,0,0,0,0,0,0,0,0,0,0,0,0,0,0,0,0,0,0,0,0,0,0,0,-1,-1,-1,-1,N/A,N/A,N/A,N/A,N/A,N/A,N/A,N/A,N/A,N/A,N/A,N/A,N/A,N/A,N/A,N/A,N/A,N/A,N/A,N/A,N/A,N/A,N/A,N/A,N/A,N/A,N/A,N/A,N/A,N/A,N/A,N/A,N/A,N/A,N/A,N/A,N/A,N/A,N/A,N/A,N/A,N/A,N/A,N/A,N/A,N/A,N/A,N/A,N/A,N/A,N/A,N/A,N/A,N/A,N/A,N/A,N/A,N/A,N/A,N/A,N/A,N/A,N/A,N/A,N/A,N/A,N/A,N/A,N/A,N/A,N/A,N/A,N/A,N/A,N/A,N/A,N/A,N/A,N/A,N/A,N/A,N/A,N/A,N/A,N/A,N/A,N/A,N/A,N/A,N/A,N/A,N/A,N/A,N/A,N/A,N/A,N/A,N/A,N/A,N/A,N/A,N/A,N/A,N/A,N/A,N/A,N/A,N/A,N/A,N/A,N/A,N/A,N/A,N/A,N/A,N/A,N/A,N/A,N/A,N/A,N/A,N/A,N/A,N/A,N/A,N/A,N/A,N/A,N/A,N/A,N/A,N/A,N/A,N/A,N/A,N/A,N/A,N/A,N/A,N/A,N/A,N/A,N/A,N/A,N/A,N/A,N/A,N/A,N/A,N/A,N/A,N/A,N/A,N/A,N/A,N/A,N/A,N/A,N/A,N/A,N/A,N/A,N/A,N/A,N/A,N/A,N/A,N/A,N/A,N/A,N/A,N/A,N/A,N/A,N/A,N/A,N/A,N/A,N/A,N/A,N/A,N/A,N/A,N/A,N/A,N/A,N/A,N/A,N/A,N/A,N/A,N/A,N/A,N/A,N/A,N/A,N/A,N/A,N/A,N/A,N/A,N/A,N/A,N/A,N/A,N/A,N/A,N/A,N/A,N/A,N/A,N/A,N/A,N/A,N/A,N/A,N/A,N/A,N/A,N/A,N/A,N/A,N/A,N/A
Vitor Fernandes Chaves Teixeira,18,1204617600,2008/03/04,Serie A,2026,Defender,Atlético Mineiro,90,0,90,Brazil,1,0,1,0,0,0,0,0,0,0,0,1,0,1,0,0,0,0,0,0,0,0,0,0,0,0,0,90,0,0,0,-1,-1,-1,22,0,6.85,0,48,46.00,46.00,75,46,41.00,41,85,41.00,76,0.00,0.00,0.00,0,0.00,0.00,0.00,0.00,0,0.00,0.00,0.00,0.00,0.00,1.00,0.00,0.00,0.00,0.00,0.00,0.00,0.00,0.00,0.00,0.00,2.00,0.00,0.00,0,0,,0,0.00,7,0,0.00,17,0,0.00,7,0,0,1,5,0.00,99,0,1,1.00,63,0,30,0.00,16,0,0.00,99,0,0.00,0,0,0.00,0,0.00,8,0,0.00,9,0,0.00,0.00,0,0.00,0,0,0,0.00,0,0,0.00,99,0.00,0,N/A,N/A,N/A,N/A,0.00,0,0.00,0,0.00,0.00,0,89.13,0.00,17,99,0.00,0.00,0,13,13,0,0,0,1.00,1.00,1,95,6.85,6.00,6.00,6,0,0.00,0.00,99,0.00,0,0,0,0.00,0.00,0,0.00,0.00,0.00,0.00,0,0,0.00,45,0,0,46,0,0.08,22,0.08,0.08,0.00,7,0.00,0.00,1,0,0.00,0.00,1.00,1.00,35,1,0.00,7,61,95,75,0,47,84,0,0.00,99,2,0.00,2.00,7.00,7.00,7,2,8,28,2.00,2.00,28.57,0,0.00,99,0,0.00,0,0.00,99,0,0.00,0.00,30,0,23,12,0,0,0,0,0,28,46,65,59,0,21,99,15,15,0,0,16,40,0,0
Vitor Frezarin Bueno,31,778748400,1994/09/05,Serie A,2026,Midfielder,Remo,944,476,468,Brazil,17,8,9,3,1,2,3,2,1,0,0,2,2,0,17,6,11,1,0,0.57,0.29,0.29,0.19,0.38,315,1.62,56,56,944,315,0.1,58,24,-1,4,702000,6.95,0.18,95,32.19,19.88,38,338,15.94,271,31,25.81,37,0.00,0.00,1.35,23,0.00,3.24,0.95,0.59,10,0.00,0.65,0.00,0.00,0.00,0.29,0.65,1.00,6.00,1.71,0.47,1.35,0.00,0.59,0.20,0.00,0.41,0.00,0.00,0,0,,18,1.06,71,10,0.95,88,8,0.76,53,6,5,12,30,0.00,99,0,5,0.48,33,55,63,5.24,94,0,0.00,99,0,0.00,0,0,0.00,0,2.19,92,23,2.19,78,11,1.05,47.83,0,0.00,0,0,0,0.00,0,17,0.00,13,1.62,75,N/A,N/A,N/A,N/A,0.00,0,0.00,0,3.47,0.00,0,80.18,55.56,95,82,0.18,0.29,3,78,50,0,0,0,0.00,0.00,0,24,118.19,0.12,0.19,2,0,0.00,0.00,99,0.00,0,0,1,0.06,0.10,0,0.00,0.00,0.00,0.00,0,0,16.67,86,44,61,59,14,3.18,94,0.19,0.30,3.47,85,0.20,0.33,58,12,0.71,1.14,1.14,0.71,46,12,0.33,83,77,3,89,0,47,39,0,0.00,99,7,0.00,0.67,9.81,6.06,103,39,34,66,3.71,2.29,37.86,11,1.05,27,0,25.45,0,0.00,99,14,0.82,1.33,92,53,74,97,0,0,0,0,0,94,88,91,72,0,57,23,90,26,1,6,29,15,N/A,N/A
Vitor Gonçalves Tissi,19,1177225200,2007/04/22,Serie A,2026,Midfielder,Coritiba,116,64,52,Brazil,4,2,2,0,0,0,0,0,0,0,0,1,0,1,1,1,0,1,0,0,0,0,0,0,0,0.78,116,29,116,0,0.78,-1,-1,-1,14,0,6.54,0,48,31.03,10.00,34,40,9.00,36,89,27.93,44,0.00,0.00,0.25,1,0.00,0.25,0.00,0.00,0,0.00,0.25,0.00,0.00,0.00,0.50,0.25,0.50,0.00,1.55,0.50,0.25,0.00,0.00,0.03,0.00,0.00,0.00,0.00,0,0,,2,0.50,67,0,0.00,17,2,1.55,85,0,4,0,5,0.00,99,0,2,1.55,89,1,30,0.78,48,0,0.00,99,0,0.00,0,0,0.00,0,0.78,47,1,0.78,40,1,0.78,100.00,0,0.00,0,0,0,0.00,0,2,0.00,88,1.55,72,N/A,N/A,N/A,N/A,0.00,0,0.00,0,0.10,0.00,0,90.00,0.00,17,3,0.50,1.55,2,67,99,0,0,0,0.25,0.78,1,89,26.17,1.00,3.10,4,0,0.00,0.00,99,0.00,0,0,0,0.00,0.00,0,0.00,0.00,0.00,0.00,0,0,0.00,45,0,0,46,88,0.12,32,0.03,0.09,0.10,41,0.03,0.08,90,3,0.75,2.33,2.33,0.75,96,3,0.08,40,21,74,75,0,47,2,0,0.00,99,0,0.00,0.00,6.98,2.25,9,4,20,28,3.10,1.00,44.44,1,0.78,40,0,0.00,0,0.00,99,0,0.00,0.00,30,0,65,12,0,0,0,0,0,28,46,65,59,0,21,54,15,99,1,25,85,50,0,0
Vitor Gustavo da Silva Becker,25,986972400,2001/04/11,Serie A,2026,Defender,Chapecoense,650,301,349,Brazil,8,4,4,0,0,0,0,0,0,0,0,0,0,0,16,10,6,2,0,0,0,0,0,0,0,2.22,41,81,325,0,0.28,422,428,183,40,0,6.73,0,48,34.75,31.38,45,251,24.00,192,20,26.58,38,0.00,0.00,0.00,0,0.00,0.00,1.52,1.38,11,0.00,0.12,0.00,0.00,0.00,1.12,0.62,2.00,0.00,0.14,0.12,0.75,0.00,0.00,0.01,0.00,1.62,0.00,0.00,0,0,,1,0.12,9,0,0.00,17,1,0.14,10,5,0,8,56,0.00,99,0,9,1.25,81,0,30,0.00,16,0,0.00,99,0,0.00,0,0,0.00,0,0.00,8,6,0.83,42,5,0.69,83.33,0,0.00,0,0,0,0.00,0,16,0.00,1,2.22,92,N/A,N/A,N/A,N/A,0.00,0,0.00,0,0.06,0.00,0,76.49,0.00,17,22,0.88,0.97,7,63,94,0,0,0,1.12,1.25,9,98,53.80,4.50,4.98,36,0,0.00,0.00,99,0.00,0,0,0,0.00,0.00,0,0.00,0.00,0.14,0.12,1,0,0.00,45,24,8,46,1,0.36,10,0.04,0.05,0.06,12,0.01,0.01,5,1,0.12,0.14,1.11,1.00,44,8,0.01,12,45,88,75,0,72,79,0,0.00,99,13,0.00,1.80,7.06,6.38,51,30,43,29,4.15,3.75,58.82,1,0.14,82,0,0.00,0,0.00,99,0,0.00,0.00,30,32,23,91,0,0,0,0,0,28,46,65,59,0,21,5,47,71,2,25,85,25,0,0
Vitor Hugo Franchescoli de Souza,35,674722800,1991/05/20,Serie A,2026,Defender,Atlético Mineiro,683,382,301,Brazil,10,5,5,2,1,1,0,0,0,0,0,4,2,2,9,5,4,1,0,0.26,0,0.26,0.24,0.3,342,1.19,76,68,683,0,0.13,76,299,98,6,600000,6.92,0,48,44.54,33.80,71,338,31.70,317,99,41.77,78,0.00,0.00,0.00,0,0.00,0.00,0.92,0.70,7,0.00,0.00,0.00,0.00,0.00,1.00,0.00,1.00,4.00,1.05,0.50,0.10,0.00,0.30,0.18,0.00,2.20,0.00,0.00,0,0,,8,0.80,51,3,0.40,61,5,0.66,46,7,3,7,29,0.00,99,0,10,1.32,86,0,30,0.00,16,0,0.00,99,0,0.00,0,0,0.00,0,0.00,8,1,0.13,12,0,0.00,0.00,0,0.00,0,0,0,0.00,0,10,0.00,45,1.32,55,N/A,N/A,N/A,N/A,0.00,0,0.00,0,1.82,0.00,0,93.79,37.50,72,84,0.20,0.26,2,13,13,0,0,0,0.60,0.79,6,89,69.23,5.10,6.72,51,0,0.00,0.00,99,0.00,0,0,0,0.00,0.00,0,0.00,0.00,0.00,0.00,0,0,25.00,96,27,17,61,46,0.69,32,0.07,0.09,1.82,75,0.18,0.24,18,3,0.30,0.40,0.66,0.50,19,5,0.24,73,72,98,75,0,47,97,0,0.00,99,22,0.00,2.90,6.46,4.90,49,32,45,20,4.22,3.20,65.31,0,0.00,99,0,0.00,0,0.00,99,0,0.00,0.00,30,28,56,99,0,0,0,0,0,70,85,86,78,0,54,89,84,32,1,10,42,14,N/A,N/A
Vitor Hugo Naum dos Santos,27,922953600,1999/04/01,Serie A,2026,Forward,Internacional,1726,952,774,Brazil,23,12,11,1,1,0,3,1,2,0,0,6,4,2,20,10,10,4,0,0.21,0.16,0.05,0.09,0,1726,1.04,86,75,432,575,0.21,225,87,-1,10,0,6.86,0.13,81,29.46,24.57,28,565,17.91,412,12,21.48,24,0.00,0.00,1.00,23,0.00,2.35,1.83,1.52,35,0.00,0.74,0.00,0.00,0.00,0.83,0.70,0.91,37.00,1.93,1.09,1.43,0.00,0.52,0.15,0.00,1.52,0.00,0.00,0,0,,37,1.61,74,12,0.63,74,25,1.30,78,4,4,19,71,0.00,99,0,19,0.99,62,54,37,2.82,75,0,0.00,99,0,0.00,0,0,0.00,0,1.20,69,33,1.72,69,16,0.83,48.48,0,0.00,0,0,0,0.00,0,21,0.00,61,1.10,35,N/A,N/A,N/A,N/A,0.00,0,0.00,0,3.36,0.00,0,72.92,32.43,54,10,1.04,1.25,24,69,51,0,0,0,0.17,0.21,4,49,157.71,1.22,1.46,28,1,0.00,0.05,11,0.04,0,0,1,0.04,0.05,0,0.00,0.00,0.16,0.13,3,0,2.70,46,90,99,98,60,3.47,72,0.15,0.18,3.36,66,0.15,0.18,81,35,1.52,1.83,1.56,1.30,70,30,0.18,64,63,52,77,0,76,79,0,0.00,99,35,0.00,1.83,13.71,11.43,263,120,90,93,6.26,5.22,45.63,17,0.89,36,0,14.81,0,0.00,99,8,0.35,0.42,64,88,65,83,0,0,0,0,0,64,49,65,60,0,21,55,63,55,4,17,62,28,0,0
Vitor Lamounier Rego,18,1192690800,2007/10/18,Serie A,2026,Goalkeeper,Cruzeiro,0,0,0,Brazil,0,0,0,0,0,0,0,0,0,0,0,0,0,0,0,0,0,0,0,0,0,0,0,0,0,0,0,0,0,0,0,-1,-1,-1,-1,N/A,N/A,N/A,N/A,N/A,N/A,N/A,N/A,N/A,N/A,N/A,N/A,N/A,N/A,N/A,N/A,N/A,N/A,N/A,N/A,N/A,N/A,N/A,N/A,N/A,N/A,N/A,N/A,N/A,N/A,N/A,N/A,N/A,N/A,N/A,N/A,N/A,N/A,N/A,N/A,N/A,N/A,N/A,N/A,N/A,N/A,N/A,N/A,N/A,N/A,N/A,N/A,N/A,N/A,N/A,N/A,N/A,N/A,N/A,N/A,N/A,N/A,N/A,N/A,N/A,N/A,N/A,N/A,N/A,N/A,N/A,N/A,N/A,N/A,N/A,N/A,N/A,N/A,N/A,N/A,N/A,N/A,N/A,N/A,N/A,N/A,N/A,N/A,N/A,N/A,N/A,N/A,N/A,N/A,N/A,N/A,N/A,N/A,N/A,N/A,N/A,N/A,N/A,N/A,N/A,N/A,N/A,N/A,N/A,N/A,N/A,N/A,N/A,N/A,N/A,N/A,N/A,N/A,N/A,N/A,N/A,N/A,N/A,N/A,N/A,N/A,N/A,N/A,N/A,N/A,N/A,N/A,N/A,N/A,N/A,N/A,N/A,N/A,N/A,N/A,N/A,N/A,N/A,N/A,N/A,N/A,N/A,N/A,N/A,N/A,N/A,N/A,N/A,N/A,N/A,N/A,N/A,N/A,N/A,N/A,N/A,N/A,N/A,N/A,N/A,N/A,N/A,N/A,N/A,N/A,N/A,N/A,N/A,N/A,N/A,N/A,N/A,N/A,N/A,N/A,N/A,N/A,N/A,N/A,N/A,N/A,N/A,N/A,N/A,N/A,N/A,N/A,N/A,N/A,N/A,N/A,N/A,N/A,N/A,N/A,N/A,N/A,N/A,N/A,N/A,N/A,N/A,N/A,N/A,N/A,N/A,N/A,N/A,N/A,N/A,N/A,N/A,N/A,N/A,N/A,N/A,N/A,N/A,N/A
Vitor Ramon Ribeiro de Oliveira,18,1200384000,2008/01/15,Serie A,2026,Defender,Grêmio,30,0,30,Brazil,1,0,1,0,0,0,0,0,0,0,0,0,0,0,1,0,1,1,0,0,0,0,0,0,0,3,30,30,30,0,3,-1,-1,-1,24,0,6.33,0,48,18.00,6.00,8,6,5.00,5,48,15.00,11,0.00,0.00,0.00,0,0.00,0.00,9.00,3.00,3,0.00,0.00,0.00,0.00,0.00,0.00,0.00,1.00,0.00,0.00,0.00,1.00,0.00,0.00,0.00,0.00,0.00,0.00,0.00,0,0,,0,0.00,7,0,0.00,17,0,0.00,7,0,1,0,99,0.00,99,0,0,0.00,10,0,30,0.00,16,0,0.00,99,0,0.00,0,0,0.00,0,0.00,8,1,3.00,89,0,0.00,0.00,0,0.00,0,0,0,0.00,0,1,0.00,0,3.00,93,N/A,N/A,N/A,N/A,0.00,0,0.00,0,0.00,0.00,0,83.33,0.00,17,99,0.00,0.00,0,13,13,0,0,0,0.00,0.00,0,24,6.33,3.00,9.00,3,0,0.00,0.00,99,0.00,0,0,0,0.00,0.00,0,0.00,0.00,0.00,0.00,0,0,0.00,45,0,0,46,0,0.01,4,0.01,0.03,0.00,7,0.00,0.00,1,0,0.00,0.00,3.00,1.00,99,1,0.00,7,13,99,75,0,47,2,0,0.00,99,0,0.00,0.00,12.00,4.00,4,3,99,85,9.00,3.00,75.00,0,0.00,99,0,0.00,0,0.00,99,0,0.00,0.00,30,0,36,12,0,0,0,0,0,28,46,65,59,0,21,5,15,99,1,100,99,32,0,0
Vitor Roque,21,1109577600,2005/02/28,Serie A,2026,Forward,Palmeiras,470,313,157,Brazil,12,7,5,4,2,2,1,1,0,0,0,4,2,2,5,3,2,1,0,0.96,0.19,0.77,0.58,1.15,118,0.96,94,39,470,470,0.19,1,68,-1,3,3000000,6.93,0.08,86,11.11,4.83,2,58,3.58,43,13,8.23,2,0.00,0.00,0.25,3,0.00,0.33,2.11,0.92,11,0.00,0.92,0.00,0.00,0.00,0.00,0.42,0.42,5.25,4.02,0.83,1.17,0.00,0.92,0.35,0.00,0.42,0.00,0.00,0,0,,21,1.75,99,11,2.11,99,10,1.91,94,2,7,5,79,0.00,99,0,0,0.00,10,4,98,0.77,48,0,0.00,99,0,0.00,0,0,0.00,0,0.57,37,14,2.68,85,5,0.96,35.71,0,0.00,0,0,0,0.00,0,5,0.00,72,0.96,21,N/A,N/A,N/A,N/A,0.00,0,0.00,0,4.21,0.00,0,74.14,52.38,93,55,0.25,0.57,3,74,28,2,0,0,0.08,0.19,1,47,83.22,0.17,0.38,2,0,0.00,0.00,99,0.00,0,2,1,0.08,0.19,0,0.00,0.00,0.57,0.25,3,1,19.05,88,8,24,46,72,0.82,65,0.07,0.16,2.81,98,0.23,0.54,99,28,2.33,5.36,1.91,0.83,87,10,0.81,99,74,8,97,0,93,52,0,0.00,99,5,0.00,0.96,17.81,7.75,93,47,99,99,9.00,3.92,50.54,11,2.11,4,0,75.00,0,0.00,99,3,0.25,0.57,71,14,85,56,0,0,0,0,0,99,99,99,96,0,96,75,68,48,1,8,34,9,N/A,N/A
Wagner Leonardo,27,932713200,1999/07/23,Serie A,2026,Defender,Grêmio,774,277,497,Brazil,10,4,6,0,0,0,0,0,0,0,0,2,1,1,12,6,6,3,1,0,0,0,0,0,0,1.4,65,77,258,0,0.35,407,418,133,29,1200000,6.59,0,48,53.60,46.10,86,461,41.70,417,91,48.49,88,0.00,0.00,0.20,2,0.00,0.00,1.16,1.00,10,0.00,0.10,0.00,0.00,0.00,0.70,0.00,1.30,0.00,0.35,0.30,0.10,0.00,0.00,0.01,0.00,1.00,0.00,0.00,0,0,,3,0.30,16,0,0.00,17,3,0.35,24,0,1,9,41,0.00,99,0,7,0.81,52,0,30,0.00,16,0,0.00,99,0,0.00,0,0,0.00,0,0.23,19,1,0.12,12,0,0.00,0.00,0,0.00,0,0,0,0.00,0,13,0.00,27,1.51,69,N/A,N/A,N/A,N/A,0.00,0,0.00,0,0.15,0.00,0,90.46,0.00,17,67,0.40,0.47,4,13,13,0,0,0,0.70,0.81,7,90,65.87,5.50,6.40,55,0,0.00,0.00,99,0.00,0,0,0,0.00,0.00,0,0.00,0.00,0.12,0.10,1,0,0.00,45,33,17,46,28,0.85,36,0.08,0.10,0.15,16,0.01,0.02,10,2,0.20,0.23,1.16,1.00,48,10,0.02,15,24,97,75,0,68,62,0,0.00,99,10,0.00,1.16,5.81,5.00,50,22,11,15,2.56,2.20,44.00,1,0.12,83,0,0.00,0,0.00,99,0,0.00,0.00,30,37,36,12,0,0,0,0,0,28,46,65,59,0,76,42,34,82,2,20,74,3,N/A,N/A
Walace,31,796978800,1995/04/04,Serie A,2026,Midfielder,Vitória,174,93,81,Brazil,5,3,2,0,0,0,0,0,0,0,0,1,1,0,2,1,1,0,0,0,0,0,0,0,0,1.03,87,35,0,0,0,-1,-1,-1,13,1850000,6.55,0,48,58.97,22.80,93,114,19.60,98,66,50.69,92,0.00,0.00,0.40,2,0.00,0.20,1.55,0.60,3,0.00,0.20,0.00,0.00,0.00,0.40,0.20,0.40,0.00,1.55,0.60,0.40,0.00,0.00,0.03,0.00,0.20,0.00,0.00,0,0,,3,0.60,67,0,0.00,17,3,1.55,85,4,3,2,57,0.00,99,0,2,1.03,65,1,30,0.52,41,0,0.00,99,0,0.00,0,0,0.00,0,1.03,60,2,1.03,48,1,0.52,50.00,0,0.00,0,0,0,0.00,0,2,0.00,62,1.03,28,N/A,N/A,N/A,N/A,0.00,0,0.00,0,0.14,0.00,0,85.96,0.00,17,0,0.80,2.07,4,51,59,0,0,0,0.20,0.52,1,76,32.76,0.80,2.07,4,0,0.00,0.00,99,0.00,0,0,0,0.00,0.00,0,0.00,0.00,0.00,0.00,0,0,0.00,45,0,1,46,61,0.30,65,0.06,0.16,0.14,39,0.03,0.07,24,1,0.20,0.52,2.07,0.80,90,4,0.07,38,21,60,75,0,47,27,0,0.00,99,1,0.00,0.52,9.31,3.60,18,6,20,60,3.10,1.20,33.33,1,0.52,56,0,0.00,0,0.00,99,0,0.00,0.00,30,1,56,83,0,0,0,0,0,28,46,65,59,0,88,42,15,15,0,0,16,15,N/A,N/A
Walace Fernandes Alves Falcão,21,1110182400,2005/03/07,Serie A,2026,Defender,Vasco da Gama,0,0,0,Brazil,0,0,0,0,0,0,0,0,0,0,0,0,0,0,0,0,0,0,0,0,0,0,0,0,0,0,0,0,0,0,0,-1,-1,-1,-1,N/A,N/A,N/A,N/A,N/A,N/A,N/A,N/A,N/A,N/A,N/A,N/A,N/A,N/A,N/A,N/A,N/A,N/A,N/A,N/A,N/A,N/A,N/A,N/A,N/A,N/A,N/A,N/A,N/A,N/A,N/A,N/A,N/A,N/A,N/A,N/A,N/A,N/A,N/A,N/A,N/A,N/A,N/A,N/A,N/A,N/A,N/A,N/A,N/A,N/A,N/A,N/A,N/A,N/A,N/A,N/A,N/A,N/A,N/A,N/A,N/A,N/A,N/A,N/A,N/A,N/A,N/A,N/A,N/A,N/A,N/A,N/A,N/A,N/A,N/A,N/A,N/A,N/A,N/A,N/A,N/A,N/A,N/A,N/A,N/A,N/A,N/A,N/A,N/A,N/A,N/A,N/A,N/A,N/A,N/A,N/A,N/A,N/A,N/A,N/A,N/A,N/A,N/A,N/A,N/A,N/A,N/A,N/A,N/A,N/A,N/A,N/A,N/A,N/A,N/A,N/A,N/A,N/A,N/A,N/A,N/A,N/A,N/A,N/A,N/A,N/A,N/A,N/A,N/A,N/A,N/A,N/A,N/A,N/A,N/A,N/A,N/A,N/A,N/A,N/A,N/A,N/A,N/A,N/A,N/A,N/A,N/A,N/A,N/A,N/A,N/A,N/A,N/A,N/A,N/A,N/A,N/A,N/A,N/A,N/A,N/A,N/A,N/A,N/A,N/A,N/A,N/A,N/A,N/A,N/A,N/A,N/A,N/A,N/A,N/A,N/A,N/A,N/A,N/A,N/A,N/A,N/A,N/A,N/A,N/A,N/A,N/A,N/A,N/A,N/A,N/A,N/A,N/A,N/A,N/A,N/A,N/A,N/A,N/A,N/A,N/A,N/A,N/A,N/A,N/A,N/A,N/A,N/A,N/A,N/A,N/A,N/A,N/A,N/A,N/A,N/A,N/A,N/A,N/A,N/A,N/A,N/A,N/A,N/A
Wallace Davi Nunes da Silva Dias,19,1178780400,2007/05/10,Serie A,2026,Midfielder,Botafogo,0,0,0,Brazil,0,0,0,0,0,0,0,0,0,0,0,0,0,0,0,0,0,0,0,0,0,0,0,0,0,0,0,0,0,0,0,-1,-1,-1,-1,N/A,N/A,N/A,N/A,N/A,N/A,N/A,N/A,N/A,N/A,N/A,N/A,N/A,N/A,N/A,N/A,N/A,N/A,N/A,N/A,N/A,N/A,N/A,N/A,N/A,N/A,N/A,N/A,N/A,N/A,N/A,N/A,N/A,N/A,N/A,N/A,N/A,N/A,N/A,N/A,N/A,N/A,N/A,N/A,N/A,N/A,N/A,N/A,N/A,N/A,N/A,N/A,N/A,N/A,N/A,N/A,N/A,N/A,N/A,N/A,N/A,N/A,N/A,N/A,N/A,N/A,N/A,N/A,N/A,N/A,N/A,N/A,N/A,N/A,N/A,N/A,N/A,N/A,N/A,N/A,N/A,N/A,N/A,N/A,N/A,N/A,N/A,N/A,N/A,N/A,N/A,N/A,N/A,N/A,N/A,N/A,N/A,N/A,N/A,N/A,N/A,N/A,N/A,N/A,N/A,N/A,N/A,N/A,N/A,N/A,N/A,N/A,N/A,N/A,N/A,N/A,N/A,N/A,N/A,N/A,N/A,N/A,N/A,N/A,N/A,N/A,N/A,N/A,N/A,N/A,N/A,N/A,N/A,N/A,N/A,N/A,N/A,N/A,N/A,N/A,N/A,N/A,N/A,N/A,N/A,N/A,N/A,N/A,N/A,N/A,N/A,N/A,N/A,N/A,N/A,N/A,N/A,N/A,N/A,N/A,N/A,N/A,N/A,N/A,N/A,N/A,N/A,N/A,N/A,N/A,N/A,N/A,N/A,N/A,N/A,N/A,N/A,N/A,N/A,N/A,N/A,N/A,N/A,N/A,N/A,N/A,N/A,N/A,N/A,N/A,N/A,N/A,N/A,N/A,N/A,N/A,N/A,N/A,N/A,N/A,N/A,N/A,N/A,N/A,N/A,N/A,N/A,N/A,N/A,N/A,N/A,N/A,N/A,N/A,N/A,N/A,N/A,N/A,N/A,N/A,N/A,N/A,N/A,N/A
Wallace Gomes da Silva Santos,21,1102320000,2004/12/06,Serie A,2026,Defender,Grêmio,270,90,180,Brazil,3,1,2,1,1,0,0,0,0,0,0,0,0,0,4,1,3,1,0,0.33,0,0.33,1,0,270,1.33,68,90,270,0,0.33,-1,-1,-1,7,0,7.34,0,48,52.00,52.00,84,156,47.67,143,96,47.67,87,0.00,0.00,0.33,1,0.00,0.00,0.67,0.67,2,0.00,0.00,0.00,0.00,0.00,0.67,0.00,1.67,4.00,1.33,1.00,0.00,0.00,0.33,0.29,0.00,2.67,0.00,0.00,0,0,,4,1.33,60,1,0.33,52,3,1.00,64,0,0,3,17,0.00,99,0,2,0.67,44,0,30,0.00,16,0,0.00,99,0,0.00,0,0,0.00,0,0.33,24,0,0.00,9,0,0.00,0.00,0,0.00,0,0,0,0.00,0,5,0.00,32,1.67,79,N/A,N/A,N/A,N/A,0.00,0,0.00,0,0.86,0.00,0,91.67,25.00,41,79,0.33,0.33,1,13,13,0,0,0,2.33,2.33,7,99,22.02,6.00,6.00,18,0,0.00,0.00,99,0.00,0,0,0,0.00,0.00,0,0.00,0.00,0.00,0.00,0,0,25.00,96,0,0,56,33,0.37,45,0.12,0.12,0.86,81,0.29,0.29,64,4,1.33,1.33,1.67,1.67,76,5,0.29,79,98,95,75,0,47,95,0,0.00,99,8,0.00,2.67,8.67,8.67,26,14,57,49,4.67,4.67,53.85,0,0.00,99,0,0.00,0,0.00,99,0,0.00,0.00,30,3,23,12,0,0,0,0,0,77,90,65,99,0,21,5,35,80,1,33,94,82,0,0
Wallace Yan de Souza Barreto,21,1107849600,2005/02/08,Serie A,2026,Forward,Flamengo,45,12,33,Brazil,7,5,2,0,0,0,0,0,0,0,0,2,2,0,0,0,0,1,0,0,0,0,0,0,0,0,0,6,45,0,2,-1,-1,-1,22,700000,4.63,0,48,27.17,2.29,25,16,1.43,10,1,16.98,15,0.00,0.00,0.00,0,0.00,0.00,0.00,0.00,0,0.00,0.29,0.00,0.00,0.00,0.00,0.29,0.14,0.00,1.70,0.14,0.43,0.00,0.00,0.01,0.00,0.29,0.00,0.00,0,0,,1,0.14,71,0,0.00,17,1,1.70,89,0,7,0,5,0.00,99,0,0,0.00,10,0,30,0.00,16,0,0.00,99,0,0.00,0,0,0.00,0,0.00,8,3,5.09,98,2,3.40,66.67,0,0.00,0,0,0,0.00,0,1,0.00,99,1.70,81,N/A,N/A,N/A,N/A,0.00,0,0.00,0,0.04,0.00,0,62.50,0.00,17,99,0.00,0.00,0,99,83,0,0,0,0.00,0.00,0,24,32.39,0.14,1.70,1,0,0.00,0.00,99,0.00,0,0,0,0.00,0.00,0,0.00,0.00,1.70,0.14,1,0,0.00,45,0,6,46,0,0.02,4,0.00,0.03,0.04,39,0.01,0.07,99,5,0.71,8.49,5.09,0.43,99,3,0.07,38,0,56,75,0,99,98,0,0.00,99,2,0.00,3.40,28.87,2.43,17,9,99,99,15.28,1.29,52.94,2,3.40,0,0,0.00,0,0.00,99,0,0.00,0.00,30,0,85,12,0,0,0,0,0,28,46,65,59,0,57,64,15,99,1,14,57,64,N/A,N/A
Wallisson Luiz Alves Maximo,28,874998000,1997/09/23,Serie A,2026,Midfielder,Mirassol,585,233,352,Brazil,15,7,8,0,0,0,0,0,0,0,0,4,1,3,10,4,6,4,1,0,0,0,0,0,0,1.54,59,39,117,0,0.77,315,313,-1,16,398000,5.52,0,48,25.83,10.87,22,163,8.60,129,28,20.44,23,0.00,0.00,0.13,2,0.00,0.07,2.38,1.00,15,0.00,0.40,0.00,0.00,0.00,1.07,0.27,0.87,0.00,0.79,0.33,0.80,0.00,0.00,0.02,0.00,0.40,0.00,0.00,0,0,,5,0.33,41,0,0.00,17,5,0.79,55,2,9,6,87,0.00,99,0,16,2.54,99,1,30,0.16,23,0,0.00,99,0,0.00,0,0,0.00,0,0.32,24,12,1.90,73,4,0.63,33.33,0,0.00,0,0,0,0.00,0,13,0.00,16,2.06,90,N/A,N/A,N/A,N/A,0.00,0,0.00,0,0.24,0.00,0,79.14,0.00,17,23,0.40,0.95,6,59,27,0,0,0,0.20,0.48,3,74,82.84,1.80,4.28,27,0,0.00,0.00,99,0.00,0,0,0,0.00,0.00,0,0.00,0.00,0.00,0.00,0,0,0.00,45,18,41,46,19,0.31,10,0.02,0.05,0.24,26,0.02,0.04,78,11,0.73,1.74,3.49,1.47,99,22,0.04,25,1,83,75,0,47,52,0,0.00,99,6,0.00,0.95,12.99,5.47,82,36,80,90,5.70,2.40,43.90,6,0.95,31,0,0.00,0,0.00,99,0,0.00,0.00,30,21,94,56,0,0,0,0,0,28,46,65,59,0,42,58,16,99,3,20,74,8,N/A,N/A
Walter David Clar Fritz,31,780649200,1994/09/27,Serie A,2026,Defender,Chapecoense,766,494,272,Paraguay,10,6,4,3,3,0,1,1,0,0,0,1,1,0,13,9,4,0,0,0.47,0.12,0.35,0.55,0,255,1.53,59,77,0,766,0,43,125,155,2,187200,6.90,0.1,71,37.60,32.00,54,320,24.50,245,20,28.79,46,0.00,0.00,1.10,11,0.00,1.90,0.82,0.70,7,0.00,0.30,0.00,0.00,0.00,0.70,0.50,1.50,3.33,1.17,0.40,0.80,0.00,0.60,0.27,0.00,1.10,0.00,0.00,0,0,,10,1.00,55,6,0.70,77,4,0.47,34,1,1,9,22,0.00,99,0,7,0.82,53,19,39,2.23,68,0,0.00,99,0,0.00,0,0,0.00,0,1.29,74,8,0.94,45,5,0.59,62.50,0,0.00,0,0,0,0.00,0,15,0.00,17,1.76,83,N/A,N/A,N/A,N/A,0.00,0,0.00,0,2.70,0.00,0,76.56,60.00,98,67,0.40,0.47,4,57,76,2,0,0,0.30,0.35,3,63,69.00,2.70,3.17,27,0,0.00,0.00,99,0.00,0,2,0,0.00,0.00,0,0.00,0.00,0.00,0.00,0,0,30.00,98,32,17,56,19,1.48,69,0.15,0.17,1.30,61,0.13,0.15,3,1,0.10,0.12,0.35,0.30,10,3,0.32,83,70,76,75,0,47,67,0,0.00,99,11,0.00,1.29,5.40,4.60,46,24,15,12,2.82,2.40,52.17,3,0.35,69,0,15.79,0,0.00,99,3,0.30,0.35,60,37,36,35,0,0,0,0,0,87,90,65,95,0,29,19,15,15,0,0,16,37,N/A,N/A
Walter Kannemann,35,668937600,1991/03/14,Serie A,2026,Defender,Grêmio,224,90,134,Argentina,4,2,2,0,0,0,0,0,0,0,0,0,0,0,5,1,4,3,0,0,0,0,0,0,0,2.01,45,56,75,0,1.21,-1,-1,-1,26,1650000,6.42,0,48,66.00,41.25,97,165,37.25,149,90,59.60,97,0.00,0.00,0.00,0,0.00,0.00,2.00,1.25,5,0.00,0.25,0.00,0.00,0.00,0.50,0.25,1.25,0.00,0.80,0.50,0.25,0.00,0.00,0.03,0.00,1.00,0.00,0.00,0,0,,2,0.50,42,0,0.00,17,2,0.80,55,0,2,2,76,0.00,99,0,2,0.80,52,0,30,0.00,16,0,0.00,99,0,0.00,0,0,0.00,0,0.00,8,1,0.40,24,1,0.40,100.00,0,0.00,0,0,0,0.00,0,5,0.00,3,2.00,88,N/A,N/A,N/A,N/A,0.00,0,0.00,0,0.10,0.00,0,90.30,0.00,17,2,1.00,1.60,4,42,99,0,0,0,0.75,1.20,3,97,25.66,3.50,5.60,14,1,0.00,0.40,0,0.25,0,0,0,0.00,0.00,0,0.00,0.00,0.00,0.00,0,0,0.00,45,0,0,46,3,0.31,45,0.08,0.12,0.10,26,0.03,0.04,18,1,0.25,0.40,2.00,1.25,89,5,0.04,25,16,92,75,0,47,75,0,0.00,99,4,0.00,1.60,8.80,5.50,22,11,48,50,4.40,2.75,50.00,1,0.40,65,0,0.00,0,0.00,99,0,0.00,0.00,30,1,46,12,0,0,0,0,0,28,46,65,59,0,86,5,15,99,3,75,99,4,N/A,N/A
Walter Leandro Capeloza Artune,38,564220800,1987/11/18,Serie A,2026,Goalkeeper,Mirassol,1890,990,900,Brazil,21,11,10,0,0,0,0,0,0,0,0,1,1,0,31,17,14,3,0,0,0,0,0,0,0,1.48,61,90,630,0,0.14,398,397,142,34,480000,6.80,0,48,24.38,24.38,19,512,19.90,418,36,19.90,21,0.00,0.00,0.10,2,0.00,0.00,0.00,0.00,0,0.00,0.00,0.00,0.00,3.14,0.00,0.00,4.67,0.00,0.00,0.00,0.00,0.00,0.00,0.00,0.00,0.05,0.00,0.00,0,0,,0,0.00,7,0,0.00,17,0,0.00,7,0,0,21,5,0.00,99,0,0,0.00,10,0,30,0.00,16,0,0.00,99,0,0.00,0,0,0.00,0,0.10,10,0,0.00,9,0,0.00,0.00,0,0.00,0,66,47,3.14,74,98,0.00,22,4.67,98,N/A,N/A,N/A,N/A,67.35,0,0.00,0,0.00,0.00,0,81.64,0.00,17,99,0.00,0.00,0,13,13,0,0,44,0.00,0.00,0,24,142.78,0.52,0.52,11,1,0.00,0.05,11,0.05,0,0,0,0.00,0.00,7,0.33,0.33,0.00,0.00,0,0,0.00,45,96,90,46,23,0.93,6,0.04,0.04,0.00,7,0.00,0.00,3,2,0.10,0.10,0.05,0.05,7,1,0.00,7,54,16,75,30,47,2,0,0.00,99,1,0.00,0.05,0.19,0.19,4,3,1,1,0.14,0.14,75.00,0,0.00,99,0,0.00,0,0.00,99,0,0.00,0.00,30,94,23,12,0,0,0,0,0,28,46,65,59,0,48,7,80,35,3,14,57,22,N/A,N/A
Wanderson,31,781513200,1994/10/07,Serie A,2026,Forward,Cruzeiro,435,203,232,Brazil,17,8,9,2,0,2,0,0,0,0,0,4,3,1,5,3,2,0,0,0.41,0,0.41,0,0.78,218,1.03,87,26,0,0,0,27,275,-1,6,2222222,6.25,0,48,27.87,7.94,26,135,6.71,114,56,23.53,29,0.00,0.00,0.06,1,0.00,1.24,2.06,0.59,10,0.00,0.29,0.00,0.00,0.00,0.00,0.24,0.41,7.50,3.10,0.59,1.00,0.00,0.29,0.13,0.00,0.18,0.00,0.00,0,0,,15,0.88,95,5,1.03,92,10,2.06,96,3,15,2,77,0.00,99,0,0,0.00,10,21,37,4.33,89,0,0.00,99,0,0.00,0,0,0.00,0,0.21,17,17,3.51,92,4,0.83,23.53,0,0.00,0,0,0,0.00,0,7,0.00,62,1.44,62,N/A,N/A,N/A,N/A,0.00,0,0.00,0,2.28,0.00,0,84.44,33.33,62,74,0.12,0.41,2,69,16,0,0,0,0.18,0.62,3,82,106.17,0.53,1.86,9,0,0.00,0.00,99,0.00,0,0,0,0.00,0.00,0,0.00,0.00,0.62,0.18,3,0,13.33,77,6,61,52,61,0.30,14,0.02,0.06,2.28,96,0.13,0.47,31,3,0.18,0.62,1.65,0.47,74,8,0.47,95,11,57,75,0,94,35,0,0.00,99,3,0.00,0.62,9.91,2.82,48,19,38,66,3.92,1.12,39.58,5,1.03,28,0,14.29,0,0.00,99,3,0.18,0.62,75,1,99,72,0,0,0,0,0,83,94,99,59,0,92,51,15,15,0,0,16,94,N/A,N/A
Wanderson Carlos Ferreira dos Santos,21,1107763200,2005/02/07,Serie A,2026,Goalkeeper,Palmeiras,0,0,0,Brazil,0,0,0,0,0,0,0,0,0,0,0,0,0,0,0,0,0,0,0,0,0,0,0,0,0,0,0,0,0,0,0,-1,-1,-1,-1,N/A,N/A,N/A,N/A,N/A,N/A,N/A,N/A,N/A,N/A,N/A,N/A,N/A,N/A,N/A,N/A,N/A,N/A,N/A,N/A,N/A,N/A,N/A,N/A,N/A,N/A,N/A,N/A,N/A,N/A,N/A,N/A,N/A,N/A,N/A,N/A,N/A,N/A,N/A,N/A,N/A,N/A,N/A,N/A,N/A,N/A,N/A,N/A,N/A,N/A,N/A,N/A,N/A,N/A,N/A,N/A,N/A,N/A,N/A,N/A,N/A,N/A,N/A,N/A,N/A,N/A,N/A,N/A,N/A,N/A,N/A,N/A,N/A,N/A,N/A,N/A,N/A,N/A,N/A,N/A,N/A,N/A,N/A,N/A,N/A,N/A,N/A,N/A,N/A,N/A,N/A,N/A,N/A,N/A,N/A,N/A,N/A,N/A,N/A,N/A,N/A,N/A,N/A,N/A,N/A,N/A,N/A,N/A,N/A,N/A,N/A,N/A,N/A,N/A,N/A,N/A,N/A,N/A,N/A,N/A,N/A,N/A,N/A,N/A,N/A,N/A,N/A,N/A,N/A,N/A,N/A,N/A,N/A,N/A,N/A,N/A,N/A,N/A,N/A,N/A,N/A,N/A,N/A,N/A,N/A,N/A,N/A,N/A,N/A,N/A,N/A,N/A,N/A,N/A,N/A,N/A,N/A,N/A,N/A,N/A,N/A,N/A,N/A,N/A,N/A,N/A,N/A,N/A,N/A,N/A,N/A,N/A,N/A,N/A,N/A,N/A,N/A,N/A,N/A,N/A,N/A,N/A,N/A,N/A,N/A,N/A,N/A,N/A,N/A,N/A,N/A,N/A,N/A,N/A,N/A,N/A,N/A,N/A,N/A,N/A,N/A,N/A,N/A,N/A,N/A,N/A,N/A,N/A,N/A,N/A,N/A,N/A,N/A,N/A,N/A,N/A,N/A,N/A,N/A,N/A,N/A,N/A,N/A,N/A
Warleson,29,841474800,1996/08/31,Serie A,2026,Goalkeeper,Botafogo,360,180,180,Brazil,4,2,2,0,0,0,0,0,0,0,0,2,1,1,2,1,1,1,0,0,0,0,0,0,0,0.5,180,90,360,0,0.25,238,228,7,19,0,7.13,0,48,21.00,21.00,12,84,11.50,46,0,11.50,5,0.00,0.00,0.00,0,0.00,0.00,0.00,0.00,0,0.00,0.00,0.00,0.00,3.00,0.00,0.00,3.50,0.00,0.00,0.00,0.00,0.00,0.00,0.00,0.00,0.00,0.00,0.00,0,0,,0,0.00,7,0,0.00,17,0,0.00,7,0,0,4,5,0.00,99,0,0,0.00,10,0,30,0.00,16,0,0.00,99,0,0.00,0,0,0.00,0,0.00,8,0,0.00,9,0,0.00,0.00,0,0.00,0,12,99,3.00,65,14,0.00,97,3.50,94,N/A,N/A,N/A,N/A,85.71,0,0.00,0,0.00,0.00,0,54.76,0.00,17,99,0.00,0.00,0,13,13,0,0,11,0.00,0.00,0,24,28.52,1.50,1.50,6,0,0.00,0.00,99,0.00,0,0,0,0.00,0.00,4,1.00,1.00,0.00,0.00,0,0,0.00,45,0,0,46,97,0.09,0,0.02,0.02,0.00,7,0.00,0.00,49,4,1.00,1.00,0.00,0.00,5,0,0.00,7,94,52,75,96,47,2,0,0.00,99,0,0.00,0.00,1.00,1.00,4,4,7,7,1.00,1.00,100.00,0,0.00,99,0,0.00,0,0.00,99,0,0.00,0.00,30,8,23,12,0,0,0,0,0,28,46,65,59,0,21,98,52,64,1,25,85,17,0,0
Wellington Felipe Pradeiczuk,19,1176534000,2007/04/14,Serie A,2026,Goalkeeper,Chapecoense,0,0,0,Brazil,0,0,0,0,0,0,0,0,0,0,0,0,0,0,0,0,0,0,0,0,0,0,0,0,0,0,0,0,0,0,0,-1,-1,-1,-1,N/A,N/A,N/A,N/A,N/A,N/A,N/A,N/A,N/A,N/A,N/A,N/A,N/A,N/A,N/A,N/A,N/A,N/A,N/A,N/A,N/A,N/A,N/A,N/A,N/A,N/A,N/A,N/A,N/A,N/A,N/A,N/A,N/A,N/A,N/A,N/A,N/A,N/A,N/A,N/A,N/A,N/A,N/A,N/A,N/A,N/A,N/A,N/A,N/A,N/A,N/A,N/A,N/A,N/A,N/A,N/A,N/A,N/A,N/A,N/A,N/A,N/A,N/A,N/A,N/A,N/A,N/A,N/A,N/A,N/A,N/A,N/A,N/A,N/A,N/A,N/A,N/A,N/A,N/A,N/A,N/A,N/A,N/A,N/A,N/A,N/A,N/A,N/A,N/A,N/A,N/A,N/A,N/A,N/A,N/A,N/A,N/A,N/A,N/A,N/A,N/A,N/A,N/A,N/A,N/A,N/A,N/A,N/A,N/A,N/A,N/A,N/A,N/A,N/A,N/A,N/A,N/A,N/A,N/A,N/A,N/A,N/A,N/A,N/A,N/A,N/A,N/A,N/A,N/A,N/A,N/A,N/A,N/A,N/A,N/A,N/A,N/A,N/A,N/A,N/A,N/A,N/A,N/A,N/A,N/A,N/A,N/A,N/A,N/A,N/A,N/A,N/A,N/A,N/A,N/A,N/A,N/A,N/A,N/A,N/A,N/A,N/A,N/A,N/A,N/A,N/A,N/A,N/A,N/A,N/A,N/A,N/A,N/A,N/A,N/A,N/A,N/A,N/A,N/A,N/A,N/A,N/A,N/A,N/A,N/A,N/A,N/A,N/A,N/A,N/A,N/A,N/A,N/A,N/A,N/A,N/A,N/A,N/A,N/A,N/A,N/A,N/A,N/A,N/A,N/A,N/A,N/A,N/A,N/A,N/A,N/A,N/A,N/A,N/A,N/A,N/A,N/A,N/A,N/A,N/A,N/A,N/A,N/A,N/A
Wendel Silva Passos,20,1141113600,2006/02/28,Serie A,2026,Midfielder,Bahia,0,0,0,Brazil,0,0,0,0,0,0,0,0,0,0,0,0,0,0,0,0,0,0,0,0,0,0,0,0,0,0,0,0,0,0,0,-1,-1,-1,-1,N/A,N/A,N/A,N/A,N/A,N/A,N/A,N/A,N/A,N/A,N/A,N/A,N/A,N/A,N/A,N/A,N/A,N/A,N/A,N/A,N/A,N/A,N/A,N/A,N/A,N/A,N/A,N/A,N/A,N/A,N/A,N/A,N/A,N/A,N/A,N/A,N/A,N/A,N/A,N/A,N/A,N/A,N/A,N/A,N/A,N/A,N/A,N/A,N/A,N/A,N/A,N/A,N/A,N/A,N/A,N/A,N/A,N/A,N/A,N/A,N/A,N/A,N/A,N/A,N/A,N/A,N/A,N/A,N/A,N/A,N/A,N/A,N/A,N/A,N/A,N/A,N/A,N/A,N/A,N/A,N/A,N/A,N/A,N/A,N/A,N/A,N/A,N/A,N/A,N/A,N/A,N/A,N/A,N/A,N/A,N/A,N/A,N/A,N/A,N/A,N/A,N/A,N/A,N/A,N/A,N/A,N/A,N/A,N/A,N/A,N/A,N/A,N/A,N/A,N/A,N/A,N/A,N/A,N/A,N/A,N/A,N/A,N/A,N/A,N/A,N/A,N/A,N/A,N/A,N/A,N/A,N/A,N/A,N/A,N/A,N/A,N/A,N/A,N/A,N/A,N/A,N/A,N/A,N/A,N/A,N/A,N/A,N/A,N/A,N/A,N/A,N/A,N/A,N/A,N/A,N/A,N/A,N/A,N/A,N/A,N/A,N/A,N/A,N/A,N/A,N/A,N/A,N/A,N/A,N/A,N/A,N/A,N/A,N/A,N/A,N/A,N/A,N/A,N/A,N/A,N/A,N/A,N/A,N/A,N/A,N/A,N/A,N/A,N/A,N/A,N/A,N/A,N/A,N/A,N/A,N/A,N/A,N/A,N/A,N/A,N/A,N/A,N/A,N/A,N/A,N/A,N/A,N/A,N/A,N/A,N/A,N/A,N/A,N/A,N/A,N/A,N/A,N/A,N/A,N/A,N/A,N/A,N/A,N/A
Wendell dos Santos Sacramento,20,1125471600,2005/08/31,Serie A,2026,Forward,Vitória,0,0,0,Brazil,0,0,0,0,0,0,0,0,0,0,0,0,0,0,0,0,0,0,0,0,0,0,0,0,0,0,0,0,0,0,0,-1,-1,-1,-1,N/A,N/A,N/A,N/A,N/A,N/A,N/A,N/A,N/A,N/A,N/A,N/A,N/A,N/A,N/A,N/A,N/A,N/A,N/A,N/A,N/A,N/A,N/A,N/A,N/A,N/A,N/A,N/A,N/A,N/A,N/A,N/A,N/A,N/A,N/A,N/A,N/A,N/A,N/A,N/A,N/A,N/A,N/A,N/A,N/A,N/A,N/A,N/A,N/A,N/A,N/A,N/A,N/A,N/A,N/A,N/A,N/A,N/A,N/A,N/A,N/A,N/A,N/A,N/A,N/A,N/A,N/A,N/A,N/A,N/A,N/A,N/A,N/A,N/A,N/A,N/A,N/A,N/A,N/A,N/A,N/A,N/A,N/A,N/A,N/A,N/A,N/A,N/A,N/A,N/A,N/A,N/A,N/A,N/A,N/A,N/A,N/A,N/A,N/A,N/A,N/A,N/A,N/A,N/A,N/A,N/A,N/A,N/A,N/A,N/A,N/A,N/A,N/A,N/A,N/A,N/A,N/A,N/A,N/A,N/A,N/A,N/A,N/A,N/A,N/A,N/A,N/A,N/A,N/A,N/A,N/A,N/A,N/A,N/A,N/A,N/A,N/A,N/A,N/A,N/A,N/A,N/A,N/A,N/A,N/A,N/A,N/A,N/A,N/A,N/A,N/A,N/A,N/A,N/A,N/A,N/A,N/A,N/A,N/A,N/A,N/A,N/A,N/A,N/A,N/A,N/A,N/A,N/A,N/A,N/A,N/A,N/A,N/A,N/A,N/A,N/A,N/A,N/A,N/A,N/A,N/A,N/A,N/A,N/A,N/A,N/A,N/A,N/A,N/A,N/A,N/A,N/A,N/A,N/A,N/A,N/A,N/A,N/A,N/A,N/A,N/A,N/A,N/A,N/A,N/A,N/A,N/A,N/A,N/A,N/A,N/A,N/A,N/A,N/A,N/A,N/A,N/A,N/A,N/A,N/A,N/A,N/A,N/A,N/A
Wendell Nascimento Borges,33,743151600,1993/07/20,Serie A,2026,Defender,São Paulo,1114,621,493,Brazil,16,8,8,0,0,0,3,2,1,0,0,3,2,1,14,5,9,4,0,0.24,0.24,0,0,0,0,1.13,80,70,279,371,0.32,382,45,86,29,1300000,6.68,0.19,91,46.86,36.25,76,580,31.31,501,70,40.48,76,0.00,0.00,0.75,12,0.00,2.12,1.70,1.31,21,0.00,0.25,0.00,0.00,0.00,0.69,0.19,0.94,0.00,0.48,0.31,0.50,0.00,0.06,0.02,0.00,0.62,0.00,0.00,0,0,,6,0.38,22,1,0.08,21,5,0.40,28,5,4,12,64,0.00,99,0,11,0.89,56,34,42,2.75,73,0,0.00,99,0,0.00,0,0,0.00,0,0.97,58,8,0.65,35,3,0.24,37.50,0,0.00,0,0,0,0.00,0,15,0.00,51,1.21,47,N/A,N/A,N/A,N/A,0.00,0,0.00,0,0.32,0.00,0,86.38,16.67,26,40,0.56,0.73,9,28,31,0,0,0,0.00,0.00,0,24,106.81,1.50,1.94,24,0,0.00,0.00,99,0.00,0,0,0,0.00,0.00,0,0.00,0.00,0.08,0.06,1,0,0.00,45,54,50,46,52,3.27,90,0.20,0.26,0.32,20,0.02,0.03,53,13,0.81,1.05,2.50,1.94,97,31,0.03,19,37,57,75,0,60,45,0,0.00,99,10,0.00,0.81,8.32,6.44,103,46,34,45,3.72,2.88,44.66,4,0.32,71,0,17.65,0,0.00,99,6,0.38,0.48,67,53,65,91,0,0,0,0,0,68,46,65,59,0,78,38,37,79,4,25,85,18,N/A,N/A
Wendeson Wanderley Santos de Melo,18,1212994800,2008/06/09,Serie A,2026,Forward,Bahia,62,5,57,Brazil,3,1,2,0,0,0,0,0,0,0,0,1,0,1,1,1,0,1,1,0,0,0,0,0,0,1.45,62,21,31,0,2.9,-1,-1,-1,21,120000,4.49,0,48,16.96,3.25,6,13,2.00,8,1,10.43,4,0.00,0.00,0.00,0,0.00,0.00,2.61,0.50,2,0.00,0.75,0.00,0.00,0.00,0.00,0.75,0.25,0.00,2.61,0.25,1.00,0.00,0.25,0.04,0.00,1.00,0.00,0.00,0,0,,2,0.50,88,1,1.30,96,1,1.30,78,0,3,0,93,0.00,99,0,0,0.00,10,0,30,0.00,16,0,0.00,99,0,0.00,0,0,0.00,0,0.00,8,4,5.22,98,3,3.91,75.00,0,0.00,0,0,0,0.00,0,1,0.00,24,1.30,54,N/A,N/A,N/A,N/A,0.00,0,0.00,0,0.17,0.00,0,61.54,50.00,92,8,0.25,1.30,1,99,91,0,0,0,0.00,0.00,0,24,17.96,0.25,1.30,1,0,0.00,0.00,99,0.00,0,0,0,0.00,0.00,0,0.00,0.00,0.00,0.00,0,0,0.00,45,0,0,46,24,0.02,4,0.01,0.03,0.17,72,0.04,0.22,99,3,0.75,3.91,5.22,1.00,99,4,0.22,70,0,46,75,0,47,99,0,0.00,99,4,0.00,5.22,36.52,7.00,28,12,99,99,15.65,3.00,42.86,3,3.91,0,0,0.00,0,0.00,99,0,0.00,0.00,30,0,56,12,0,0,0,0,0,28,46,65,59,0,24,75,15,99,0,0,16,89,N/A,N/A
Wermeson do Carmo Silva,25,982310400,2001/02/16,Serie A,2026,Midfielder,Chapecoense,0,0,0,Brazil,0,0,0,0,0,0,0,0,0,0,0,0,0,0,0,0,0,0,0,0,0,0,0,0,0,0,0,0,0,0,0,-1,-1,-1,-1,N/A,N/A,N/A,N/A,N/A,N/A,N/A,N/A,N/A,N/A,N/A,N/A,N/A,N/A,N/A,N/A,N/A,N/A,N/A,N/A,N/A,N/A,N/A,N/A,N/A,N/A,N/A,N/A,N/A,N/A,N/A,N/A,N/A,N/A,N/A,N/A,N/A,N/A,N/A,N/A,N/A,N/A,N/A,N/A,N/A,N/A,N/A,N/A,N/A,N/A,N/A,N/A,N/A,N/A,N/A,N/A,N/A,N/A,N/A,N/A,N/A,N/A,N/A,N/A,N/A,N/A,N/A,N/A,N/A,N/A,N/A,N/A,N/A,N/A,N/A,N/A,N/A,N/A,N/A,N/A,N/A,N/A,N/A,N/A,N/A,N/A,N/A,N/A,N/A,N/A,N/A,N/A,N/A,N/A,N/A,N/A,N/A,N/A,N/A,N/A,N/A,N/A,N/A,N/A,N/A,N/A,N/A,N/A,N/A,N/A,N/A,N/A,N/A,N/A,N/A,N/A,N/A,N/A,N/A,N/A,N/A,N/A,N/A,N/A,N/A,N/A,N/A,N/A,N/A,N/A,N/A,N/A,N/A,N/A,N/A,N/A,N/A,N/A,N/A,N/A,N/A,N/A,N/A,N/A,N/A,N/A,N/A,N/A,N/A,N/A,N/A,N/A,N/A,N/A,N/A,N/A,N/A,N/A,N/A,N/A,N/A,N/A,N/A,N/A,N/A,N/A,N/A,N/A,N/A,N/A,N/A,N/A,N/A,N/A,N/A,N/A,N/A,N/A,N/A,N/A,N/A,N/A,N/A,N/A,N/A,N/A,N/A,N/A,N/A,N/A,N/A,N/A,N/A,N/A,N/A,N/A,N/A,N/A,N/A,N/A,N/A,N/A,N/A,N/A,N/A,N/A,N/A,N/A,N/A,N/A,N/A,N/A,N/A,N/A,N/A,N/A,N/A,N/A,N/A,N/A,N/A,N/A,N/A,N/A
Wesley Gassova Ribeiro Teixeira,21,1110009600,2005/03/05,Serie A,2026,Forward,Cruzeiro,75,75,0,Brazil,2,2,0,1,1,0,0,0,0,0,0,0,0,0,0,0,0,2,0,1.2,0,1.2,1.2,0,75,0,0,38,38,0,2.4,-1,-1,-1,10,0,7.26,0,48,40.80,17.00,61,34,13.50,27,29,32.40,56,0.00,0.00,0.50,1,0.00,1.00,1.20,0.50,1,0.00,1.00,0.00,0.00,0.00,0.00,2.50,0.00,4.00,4.80,1.00,4.00,0.00,1.00,0.47,0.00,0.00,0.00,0.00,0,0,,4,2.00,99,2,2.40,99,2,2.40,98,0,2,0,43,0.00,99,0,0,0.00,10,2,95,2.40,69,0,0.00,99,0,0.00,0,0,0.00,0,1.20,69,8,9.60,99,5,6.00,62.50,0,0.00,0,0,0,0.00,0,0,0.00,99,0.00,0,N/A,N/A,N/A,N/A,0.00,0,0.00,0,0.93,0.00,0,79.41,50.00,92,99,0.00,0.00,0,99,76,0,0,0,0.00,0.00,0,24,14.51,0.50,1.20,1,0,0.00,0.00,99,0.00,0,0,0,0.00,0.00,0,0.00,0.00,0.00,0.00,0,0,25.00,96,0,0,46,0,0.09,40,0.04,0.11,0.93,99,0.47,1.12,60,1,0.50,1.20,2.40,1.00,96,2,1.12,99,98,43,75,0,47,2,0,0.00,99,0,0.00,0.00,18.00,7.50,15,7,98,99,8.40,3.50,46.67,2,2.40,0,0,50.00,0,0.00,99,1,0.50,1.20,90,0,46,12,0,0,0,0,0,99,99,65,99,0,21,5,15,99,2,100,99,20,0,0
Wesley Natã de Freitas Prado,18,1208502000,2008/04/18,Serie A,2026,Forward,Fluminense,14,0,14,Brazil,1,0,1,0,0,0,0,0,0,0,0,0,0,0,0,0,0,0,0,0,0,0,0,0,0,0,0,14,0,0,0,-1,-1,-1,23,0,6.49,0,48,32.14,5.00,38,5,4.00,4,30,25.71,37,0.00,0.00,0.00,0,0.00,2.00,6.43,1.00,1,0.00,0.00,0.00,0.00,0.00,0.00,0.00,0.00,0.00,0.00,0.00,1.00,0.00,0.00,0.00,0.00,0.00,0.00,0.00,0,0,,0,0.00,7,0,0.00,17,0,0.00,7,0,1,0,99,0.00,99,0,0,0.00,10,2,30,12.86,99,0,0.00,99,0,0.00,0,0,0.00,0,0.00,8,1,6.43,99,0,0.00,0.00,0,0.00,0,0,0,0.00,0,0,0.00,99,0.00,0,N/A,N/A,N/A,N/A,0.00,0,0.00,0,0.00,0.00,0,80.00,0.00,17,99,0.00,0.00,0,13,13,0,0,0,0.00,0.00,0,24,6.49,1.00,6.43,1,0,0.00,0.00,99,0.00,0,0,0,0.00,0.00,0,0.00,0.00,0.00,0.00,0,0,0.00,45,0,0,46,0,0.01,14,0.01,0.06,0.00,7,0.00,0.00,1,0,0.00,0.00,6.43,1.00,99,1,0.00,7,19,97,75,0,47,2,0,0.00,99,0,0.00,0.00,19.29,3.00,3,1,91,99,6.43,1.00,33.33,0,0.00,99,0,0.00,0,0.00,99,0,0.00,0.00,30,0,36,12,0,0,0,0,0,28,46,65,59,0,21,5,15,15,0,0,16,34,0,0
Weverton Pereira da Silva,38,566380800,1987/12/13,Serie A,2026,Goalkeeper,Grêmio,1890,810,1080,Brazil,21,9,12,0,0,0,1,1,0,0,0,5,3,2,26,9,17,2,0,0.05,0.05,0,0,0,0,1.24,73,90,945,1890,0.1,406,211,111,17,650000,6.91,0.05,51,27.62,27.62,26,580,17.38,365,2,17.38,17,0.00,0.00,0.10,2,0.00,0.00,0.05,0.05,1,0.00,0.00,0.00,0.00,2.81,0.00,0.00,4.10,0.00,0.00,0.00,0.00,0.00,0.00,0.00,0.00,0.14,0.00,0.00,0,0,,0,0.00,7,0,0.00,17,0,0.00,7,0,0,21,6,0.00,99,0,0,0.00,10,0,30,0.00,16,0,0.00,99,0,0.00,0,0,0.00,0,0.10,10,0,0.00,9,0,0.00,0.00,0,0.00,0,59,59,2.81,50,86,0.00,40,4.10,96,N/A,N/A,N/A,N/A,68.60,0,0.00,0,0.00,0.00,0,62.93,0.00,17,99,0.00,0.00,0,13,13,0,0,42,0.00,0.00,0,24,145.21,0.90,0.90,19,1,0.00,0.05,11,0.05,2,0,0,0.00,0.00,11,0.52,0.52,0.00,0.00,0,0,0.00,45,96,90,46,40,1.49,16,0.07,0.07,0.00,7,0.00,0.00,12,5,0.24,0.24,0.05,0.05,7,1,0.00,7,71,32,75,59,47,5,0,0.00,99,3,0.00,0.14,0.52,0.52,11,9,5,5,0.43,0.43,81.82,0,0.00,99,0,0.00,0,0.00,99,0,0.00,0.00,30,94,23,12,0,0,0,0,0,30,46,65,59,0,55,51,90,26,2,10,42,1,N/A,N/A
William de Asevedo Furtado,31,796892400,1995/04/03,Serie A,2026,Defender,Cruzeiro,646,407,239,Brazil,11,6,5,0,0,0,0,0,0,0,0,3,2,1,9,5,4,2,1,0,0,0,0,0,0,1.25,72,59,323,0,0.28,274,285,113,28,1300000,6.29,0,48,44.02,28.55,69,314,23.00,253,32,35.47,64,0.00,0.00,1.00,11,0.00,5.18,2.10,1.36,15,0.00,0.27,0.00,0.00,0.00,0.73,0.64,0.82,0.00,0.84,0.36,0.82,0.00,0.18,0.04,0.00,0.82,0.00,0.00,0,0,,6,0.55,43,2,0.28,49,4,0.56,41,5,3,8,78,0.00,99,0,8,1.12,71,57,56,7.99,99,0,0.00,99,0,0.00,0,0,0.00,0,1.54,81,9,1.26,57,7,0.98,77.78,0,0.00,0,0,0,0.00,0,9,0.00,39,1.26,51,N/A,N/A,N/A,N/A,0.00,0,0.00,0,0.49,0.00,0,80.57,33.33,62,15,0.73,1.12,8,75,91,0,0,0,0.27,0.42,3,69,69.21,2.36,3.64,26,0,0.00,0.00,99,0.00,0,0,0,0.00,0.00,0,0.00,0.00,0.14,0.09,1,0,0.00,45,23,21,46,39,1.04,60,0.09,0.15,0.49,39,0.04,0.07,27,4,0.36,0.56,1.40,0.91,59,10,0.07,38,12,79,75,0,72,65,0,0.00,99,9,0.00,1.26,9.67,6.27,69,35,64,64,4.91,3.18,50.72,3,0.42,63,0,22.81,0,0.00,99,13,1.18,1.82,97,32,56,91,0,0,0,0,0,28,46,65,59,0,78,58,46,71,1,9,36,12,N/A,N/A
William Klaus,32,758275200,1994/01/11,Serie A,2026,Defender,Remo,0,0,0,Brazil,0,0,0,0,0,0,0,0,0,0,0,0,0,0,0,0,0,0,0,0,0,0,0,0,0,0,0,0,0,0,0,-1,-1,-1,-1,N/A,N/A,N/A,N/A,N/A,N/A,N/A,N/A,N/A,N/A,N/A,N/A,N/A,N/A,N/A,N/A,N/A,N/A,N/A,N/A,N/A,N/A,N/A,N/A,N/A,N/A,N/A,N/A,N/A,N/A,N/A,N/A,N/A,N/A,N/A,N/A,N/A,N/A,N/A,N/A,N/A,N/A,N/A,N/A,N/A,N/A,N/A,N/A,N/A,N/A,N/A,N/A,N/A,N/A,N/A,N/A,N/A,N/A,N/A,N/A,N/A,N/A,N/A,N/A,N/A,N/A,N/A,N/A,N/A,N/A,N/A,N/A,N/A,N/A,N/A,N/A,N/A,N/A,N/A,N/A,N/A,N/A,N/A,N/A,N/A,N/A,N/A,N/A,N/A,N/A,N/A,N/A,N/A,N/A,N/A,N/A,N/A,N/A,N/A,N/A,N/A,N/A,N/A,N/A,N/A,N/A,N/A,N/A,N/A,N/A,N/A,N/A,N/A,N/A,N/A,N/A,N/A,N/A,N/A,N/A,N/A,N/A,N/A,N/A,N/A,N/A,N/A,N/A,N/A,N/A,N/A,N/A,N/A,N/A,N/A,N/A,N/A,N/A,N/A,N/A,N/A,N/A,N/A,N/A,N/A,N/A,N/A,N/A,N/A,N/A,N/A,N/A,N/A,N/A,N/A,N/A,N/A,N/A,N/A,N/A,N/A,N/A,N/A,N/A,N/A,N/A,N/A,N/A,N/A,N/A,N/A,N/A,N/A,N/A,N/A,N/A,N/A,N/A,N/A,N/A,N/A,N/A,N/A,N/A,N/A,N/A,N/A,N/A,N/A,N/A,N/A,N/A,N/A,N/A,N/A,N/A,N/A,N/A,N/A,N/A,N/A,N/A,N/A,N/A,N/A,N/A,N/A,N/A,N/A,N/A,N/A,N/A,N/A,N/A,N/A,N/A,N/A,N/A,N/A,N/A,N/A,N/A,N/A,N/A
Willian,38,587113200,1988/08/09,Serie A,2026,Forward,Grêmio,372,101,271,Brazil,9,2,7,0,0,0,0,0,0,0,0,2,1,1,2,1,1,0,0,0,0,0,0,0,0,0.48,186,41,0,0,0,412,411,-1,31,1300000,6.65,0,48,50.81,23.33,82,210,20.22,182,71,44.03,81,0.00,0.00,0.22,2,0.00,2.00,0.73,0.33,3,0.00,0.56,0.00,0.00,0.00,0.00,0.33,0.22,0.00,1.69,0.67,0.78,0.00,0.11,0.05,0.00,0.11,0.00,0.00,0,0,,7,0.78,71,1,0.24,43,6,1.45,82,2,7,2,19,0.00,99,0,0,0.00,10,18,84,4.35,89,0,0.00,99,0,0.00,0,0,0.00,0,0.48,32,7,1.69,69,3,0.73,42.86,0,0.00,0,0,0,0.00,0,2,0.00,97,0.48,2,N/A,N/A,N/A,N/A,0.00,0,0.00,0,0.44,0.00,0,86.67,14.29,23,64,0.22,0.48,2,66,42,0,0,0,0.00,0.00,0,24,59.86,0.22,0.48,2,0,0.00,0.00,99,0.00,0,0,0,0.00,0.00,0,0.00,0.00,0.24,0.11,1,0,0.00,45,2,12,46,97,0.44,40,0.05,0.11,0.44,52,0.05,0.11,76,7,0.78,1.69,0.24,0.11,8,1,0.11,50,34,13,75,0,82,9,0,0.00,99,1,0.00,0.24,6.53,3.00,27,14,27,21,3.39,1.56,51.85,5,1.21,21,0,33.33,0,0.00,99,6,0.67,1.45,93,1,85,56,0,0,0,0,0,28,46,65,59,0,78,46,15,15,0,0,16,88,N/A,N/A
Willian Arão,34,700387200,1992/03/12,Serie A,2026,Midfielder,Santos,1047,679,368,Brazil,18,12,6,1,0,1,0,0,0,0,0,4,3,1,18,12,6,1,0,0.09,0,0.09,0,0.24,1047,1.55,58,58,1047,0,0.09,183,276,-1,8,1152000,6.85,0,48,50.33,32.50,81,585,28.33,510,74,43.88,81,0.00,0.00,0.28,5,0.00,0.17,2.24,1.44,26,0.00,0.22,0.00,0.00,0.11,0.67,0.17,1.17,4.00,0.34,0.11,0.22,0.00,0.11,0.05,0.00,1.11,0.00,0.00,0,0,,4,0.22,15,2,0.17,35,2,0.17,11,5,6,12,83,0.00,99,0,12,1.03,65,3,84,0.26,29,0,0.00,99,0,0.00,0,0,0.00,0,0.43,30,4,0.34,20,3,0.26,75.00,0,0.00,0,2,6,0.17,9,21,0.00,15,1.81,84,N/A,N/A,N/A,N/A,9.52,0,0.00,0,0.93,0.00,0,87.18,50.00,92,31,0.56,0.86,10,30,91,0,0,0,0.28,0.43,5,71,123.27,1.94,3.01,35,0,0.00,0.00,99,0.00,0,0,1,0.06,0.09,0,0.00,0.00,0.09,0.06,1,0,25.00,96,51,68,90,15,1.15,36,0.06,0.10,0.93,41,0.05,0.08,20,5,0.28,0.43,0.69,0.44,20,8,0.08,40,61,74,87,0,61,77,0,0.00,99,20,0.00,1.72,7.49,4.83,87,53,53,36,4.56,2.94,60.92,4,0.34,69,0,33.33,0,0.00,99,1,0.06,0.09,36,53,79,91,0,0,0,0,0,39,58,82,59,0,73,46,92,24,1,6,29,15,N/A,N/A
Willian Estefani Machado,29,847872000,1996/11/13,Serie A,2026,Defender,Mirassol,1574,764,810,Brazil,18,9,9,1,0,1,1,1,0,0,0,1,1,0,26,13,13,3,0,0.11,0.06,0.06,0,0.11,1574,1.49,61,87,525,1574,0.17,206,189,144,12,400000,7.05,0.06,55,53.01,51.50,85,927,45.22,814,79,46.54,85,0.00,0.00,0.44,8,0.00,0.22,1.43,1.39,25,0.00,0.06,0.00,0.00,0.00,1.22,0.11,1.50,11.00,0.63,0.28,0.17,0.00,0.33,0.09,0.00,2.67,0.00,0.00,0,0,,11,0.61,31,6,0.34,54,5,0.29,19,0,1,17,52,0.00,99,0,22,1.26,82,4,95,0.23,28,0,0.00,99,0,0.00,0,0,0.00,0,0.46,31,3,0.17,14,2,0.11,66.67,0,0.00,0,0,0,0.00,0,27,0.00,21,1.54,72,N/A,N/A,N/A,N/A,0.00,0,0.00,0,1.64,0.00,0,87.81,54.55,94,49,0.61,0.63,11,19,83,0,0,0,1.06,1.09,19,96,126.98,6.50,6.69,117,0,0.00,0.00,99,0.00,0,0,0,0.00,0.00,0,0.00,0.00,0.00,0.00,0,0,9.09,62,84,68,96,23,2.42,55,0.13,0.14,1.64,46,0.09,0.09,35,12,0.67,0.69,0.69,0.67,20,12,0.09,44,88,98,75,0,47,96,0,0.00,99,48,0.00,2.74,7.49,7.28,131,85,63,36,4.86,4.72,64.89,1,0.06,86,0,50.00,0,0.00,99,2,0.11,0.11,39,80,36,12,0,0,0,0,0,42,52,68,59,0,43,9,74,42,3,17,62,3,N/A,N/A
Willian José,34,690883200,1991/11/23,Serie A,2026,Forward,Bahia,1142,657,485,Brazil,21,12,9,3,1,2,1,1,0,0,0,7,4,3,15,7,8,0,0,0.32,0.08,0.24,0.14,0.37,381,1.18,76,54,0,1142,0,86,164,-1,5,450000,6.42,0.05,61,18.47,11.57,8,243,9.05,190,24,14.44,10,0.00,0.00,1.05,22,0.00,0.05,0.46,0.29,6,0.00,0.52,0.00,0.00,0.00,0.10,0.19,0.71,7.00,1.60,0.62,0.24,0.00,0.38,0.16,0.00,0.90,0.00,0.00,0,0,,21,1.00,68,8,0.61,73,13,0.99,64,2,5,16,12,0.00,99,0,2,0.15,16,1,30,0.08,19,0,0.00,99,0,0.00,0,0,0.00,0,1.67,85,5,0.38,23,4,0.30,80.00,0,0.00,0,0,0,0.00,0,15,0.00,46,1.14,41,N/A,N/A,N/A,N/A,0.00,0,0.00,0,3.40,0.00,0,78.19,38.10,72,81,0.19,0.30,4,33,92,1,1,0,0.05,0.08,1,28,134.75,0.71,1.14,15,0,0.00,0.00,99,0.00,0,2,1,0.05,0.08,0,0.00,0.00,0.08,0.05,1,1,14.29,81,57,90,65,46,1.77,51,0.08,0.13,2.00,61,0.10,0.15,22,6,0.29,0.46,1.14,0.71,46,15,0.26,76,16,41,85,0,60,71,0,0.00,99,19,0.00,1.44,6.54,4.10,86,35,12,21,2.66,1.67,40.70,11,0.84,39,0,0.00,0,0.00,99,0,0.00,0.00,30,76,74,56,0,0,0,0,0,77,82,90,67,0,47,75,15,15,0,0,16,12,N/A,N/A
Willian Osmar de Oliveira Silva,33,737535600,1993/05/16,Serie A,2026,Midfielder,Coritiba,474,183,291,Brazil,10,5,5,0,0,0,0,0,0,0,0,3,1,2,4,1,3,0,0,0,0,0,0,0,0,0.76,119,47,0,0,0,300,298,-1,22,265000,6.63,0,48,31.33,16.50,35,165,14.20,142,67,26.96,40,0.00,0.00,0.30,3,0.00,0.00,1.90,1.00,10,0.00,0.30,0.00,0.00,0.00,1.00,0.00,0.50,0.00,0.95,0.40,0.30,0.00,0.10,0.03,0.00,0.50,0.00,0.00,0,0,,5,0.50,48,1,0.19,37,4,0.76,53,3,5,5,73,0.00,99,0,10,1.90,96,0,30,0.00,16,0,0.00,99,0,0.00,0,0,0.00,0,0.57,37,3,0.57,31,0,0.00,0.00,0,0.00,0,0,0,0.00,0,5,0.00,90,0.95,19,N/A,N/A,N/A,N/A,0.00,0,0.00,0,0.29,0.00,0,86.06,20.00,31,7,0.70,1.33,7,13,13,0,0,0,0.30,0.57,3,80,66.29,1.60,3.04,16,0,0.00,0.00,99,0.00,0,0,0,0.00,0.00,0,0.00,0.00,0.00,0.00,0,0,0.00,45,9,17,46,90,0.46,32,0.05,0.09,0.29,35,0.03,0.06,28,3,0.30,0.57,1.71,0.90,77,9,0.06,34,29,74,75,0,47,52,0,0.00,99,5,0.00,0.95,8.35,4.40,44,16,19,45,3.04,1.60,36.36,3,0.57,52,0,0.00,0,0.00,99,0,0.00,0.00,30,14,74,72,0,0,0,0,0,28,46,65,59,0,34,65,15,15,0,0,16,29,N/A,N/A
Yago Felipe da Costa Rocha,31,791798400,1995/02/03,Serie A,2026,Midfielder,Chapecoense,152,152,0,Brazil,2,2,0,0,0,0,1,1,0,0,0,1,1,0,3,3,0,1,0,0.59,0.59,0,0,0,0,1.78,51,76,152,152,0.59,-1,-1,-1,25,0,6.84,0.5,99,23.09,19.50,16,39,15.50,31,29,18.36,19,0.00,0.00,1.50,3,0.00,2.50,2.96,2.50,5,0.00,0.50,0.00,0.00,0.00,1.50,0.00,1.50,0.00,1.18,0.50,1.00,0.00,0.50,0.10,0.00,1.00,0.00,0.00,0,0,,2,1.00,55,1,0.59,72,1,0.59,43,2,0,2,95,0.00,99,0,3,1.78,95,5,90,2.96,76,0,0.00,99,0,0.00,0,0,0.00,0,1.78,87,2,1.18,55,0,0.00,0.00,0,0.00,0,0,0,0.00,0,3,0.00,8,1.78,83,N/A,N/A,N/A,N/A,0.00,0,0.00,0,0.20,0.00,0,79.49,50.00,92,2,1.50,1.78,3,13,13,0,0,0,0.50,0.59,1,81,13.67,1.50,1.78,3,0,0.00,0.00,99,0.00,0,0,0,0.00,0.00,0,0.00,0.00,0.00,0.00,0,0,0.00,45,0,0,46,8,0.78,99,0.39,0.46,0.20,54,0.10,0.12,59,2,1.00,1.18,4.14,3.50,99,7,0.12,53,59,56,75,0,47,62,0,0.00,99,2,0.00,1.18,13.62,11.50,23,9,72,92,5.33,4.50,39.13,1,0.59,50,0,40.00,0,0.00,99,2,1.00,1.18,89,1,23,56,0,0,0,0,0,95,46,65,59,0,21,98,19,96,1,50,99,88,0,0
Yago Pikachu,34,707727600,1992/06/05,Serie A,2026,Forward,Remo,1405,646,759,Brazil,23,10,13,2,0,2,1,1,0,0,0,3,2,1,24,10,14,4,1,0.19,0.06,0.13,0,0.24,703,1.54,59,61,351,1405,0.26,158,197,-1,5,780000,6.65,0.04,55,29.79,20.22,29,465,16.43,378,34,24.21,31,0.00,0.00,0.87,20,0.00,2.26,0.70,0.48,11,0.00,0.52,0.00,0.00,0.00,0.30,0.26,1.09,10.00,1.28,0.57,0.57,0.00,0.30,0.12,0.00,0.30,0.00,0.00,0,0,,20,0.87,59,7,0.45,63,13,0.83,56,6,7,16,18,0.00,99,0,7,0.45,30,52,50,3.33,80,0,0.00,99,0,0.00,0,0,0.00,0,1.28,73,13,0.83,42,6,0.38,46.15,0,0.00,0,0,0,0.00,0,25,0.00,16,1.60,74,N/A,N/A,N/A,N/A,0.00,0,0.00,0,2.73,0.00,0,81.29,35.00,65,43,0.48,0.70,11,40,49,0,0,0,0.09,0.13,2,37,153.05,0.61,0.90,14,0,0.00,0.00,99,0.00,0,0,0,0.00,0.00,0,0.00,0.00,0.06,0.04,1,1,10.00,65,74,99,82,19,2.08,51,0.09,0.13,2.73,64,0.12,0.17,59,18,0.78,1.15,0.70,0.48,21,11,0.17,62,34,32,75,0,54,23,0,0.00,99,7,0.00,0.45,6.34,4.30,99,41,11,18,2.63,1.78,41.41,12,0.77,41,0,21.15,0,0.00,99,11,0.48,0.70,78,76,85,97,0,0,0,0,0,59,65,82,59,0,59,26,51,66,3,13,52,22,N/A,N/A
Yannick Bolasie Yala,37,611996400,1989/05/24,Serie A,2026,Forward,Chapecoense,1203,589,614,Congo DR,17,9,8,1,1,0,1,1,0,0,0,1,1,0,25,14,11,3,0,0.15,0.07,0.07,0.15,0,1203,1.87,48,71,401,1203,0.22,196,174,-1,8,374400,6.23,0.06,59,13.47,10.41,3,177,7.47,127,10,9.66,4,0.00,0.00,0.59,10,0.00,1.06,0.23,0.18,3,0.00,0.71,0.00,0.00,0.00,0.18,0.47,1.53,30.00,2.28,1.24,1.24,0.00,0.53,0.15,0.00,1.53,0.00,0.00,0,0,,30,1.76,82,9,0.68,76,21,1.60,86,3,2,15,9,0.00,99,0,3,0.23,21,18,54,1.37,57,0,0.00,99,0,0.00,0,0,0.00,0,0.76,45,21,1.60,66,8,0.61,38.10,0,0.00,0,0,0,0.00,0,26,0.00,6,1.98,87,N/A,N/A,N/A,N/A,0.00,0,0.00,0,2.55,0.00,0,71.75,30.00,50,86,0.18,0.23,3,58,32,0,1,0,0.00,0.00,0,24,105.83,0.53,0.68,9,0,0.00,0.00,99,0.00,0,1,1,0.06,0.08,0,0.00,0.00,0.15,0.12,2,1,3.33,47,60,61,92,6,1.23,32,0.07,0.09,1.85,59,0.11,0.14,60,16,0.94,1.22,1.75,1.35,80,23,0.19,66,10,23,85,0,74,83,0,0.00,99,26,0.00,1.98,10.73,8.29,141,53,40,73,4.03,3.12,37.59,12,0.91,35,0,22.22,0,0.00,99,4,0.24,0.30,57,69,46,72,0,0,0,0,0,51,54,65,68,0,41,9,59,56,3,18,67,11,N/A,N/A
Yeferson Julio Soteldo Martínez,29,867654000,1997/06/30,Serie A,2026,Forward,Fluminense,851,415,436,Venezuela,17,9,8,0,0,0,1,1,0,0,0,3,2,1,13,7,6,0,0,0.11,0.11,0,0,0,0,1.37,65,50,0,851,0,249,135,-1,21,2371200,6.01,0.06,69,37.86,21.06,55,358,18.59,316,80,33.42,59,0.00,0.00,1.47,25,0.00,3.12,0.42,0.24,4,0.00,1.24,0.00,0.00,0.00,0.12,1.29,0.76,0.00,1.48,0.53,2.71,0.00,0.29,0.06,0.00,0.06,0.00,0.00,0,0,,14,0.82,65,5,0.53,69,9,0.95,61,1,8,9,12,0.00,99,0,2,0.21,19,53,70,5.61,95,0,0.00,99,0,0.00,0,0,0.00,0,2.64,96,46,4.86,97,22,2.33,47.83,0,0.00,0,0,0,0.00,0,13,0.00,29,1.37,58,N/A,N/A,N/A,N/A,0.00,0,0.00,0,0.96,0.00,0,88.27,35.71,67,23,0.53,0.95,9,97,50,0,0,0,0.00,0.00,0,24,102.09,0.24,0.42,4,0,0.00,0.00,99,0.00,0,0,0,0.00,0.00,0,0.00,0.00,0.11,0.06,1,0,0.00,45,37,61,46,28,2.31,87,0.14,0.24,0.96,50,0.06,0.10,71,14,0.82,1.48,0.32,0.18,9,3,0.10,48,4,10,75,0,65,4,0,0.00,99,1,0.00,0.11,10.47,5.82,99,40,45,71,4.23,2.35,40.40,21,2.22,2,0,28.30,0,0.00,99,15,0.88,1.59,95,37,90,35,0,0,0,0,0,42,46,65,59,0,93,35,15,15,0,0,16,7,N/A,N/A
Ygor Vinhas Oliveira Lima,32,766393200,1994/04/15,Serie A,2026,Goalkeeper,Remo,0,0,0,Brazil,0,0,0,0,0,0,0,0,0,0,0,0,0,0,0,0,0,0,0,0,0,0,0,0,0,0,0,0,0,0,0,-1,-1,-1,-1,N/A,N/A,N/A,N/A,N/A,N/A,N/A,N/A,N/A,N/A,N/A,N/A,N/A,N/A,N/A,N/A,N/A,N/A,N/A,N/A,N/A,N/A,N/A,N/A,N/A,N/A,N/A,N/A,N/A,N/A,N/A,N/A,N/A,N/A,N/A,N/A,N/A,N/A,N/A,N/A,N/A,N/A,N/A,N/A,N/A,N/A,N/A,N/A,N/A,N/A,N/A,N/A,N/A,N/A,N/A,N/A,N/A,N/A,N/A,N/A,N/A,N/A,N/A,N/A,N/A,N/A,N/A,N/A,N/A,N/A,N/A,N/A,N/A,N/A,N/A,N/A,N/A,N/A,N/A,N/A,N/A,N/A,N/A,N/A,N/A,N/A,N/A,N/A,N/A,N/A,N/A,N/A,N/A,N/A,N/A,N/A,N/A,N/A,N/A,N/A,N/A,N/A,N/A,N/A,N/A,N/A,N/A,N/A,N/A,N/A,N/A,N/A,N/A,N/A,N/A,N/A,N/A,N/A,N/A,N/A,N/A,N/A,N/A,N/A,N/A,N/A,N/A,N/A,N/A,N/A,N/A,N/A,N/A,N/A,N/A,N/A,N/A,N/A,N/A,N/A,N/A,N/A,N/A,N/A,N/A,N/A,N/A,N/A,N/A,N/A,N/A,N/A,N/A,N/A,N/A,N/A,N/A,N/A,N/A,N/A,N/A,N/A,N/A,N/A,N/A,N/A,N/A,N/A,N/A,N/A,N/A,N/A,N/A,N/A,N/A,N/A,N/A,N/A,N/A,N/A,N/A,N/A,N/A,N/A,N/A,N/A,N/A,N/A,N/A,N/A,N/A,N/A,N/A,N/A,N/A,N/A,N/A,N/A,N/A,N/A,N/A,N/A,N/A,N/A,N/A,N/A,N/A,N/A,N/A,N/A,N/A,N/A,N/A,N/A,N/A,N/A,N/A,N/A,N/A,N/A,N/A,N/A,N/A,N/A
Young Navarro Moraes,24,1015488000,2002/03/07,Serie A,2026,Goalkeeper,São Paulo,0,0,0,Brazil,0,0,0,0,0,0,0,0,0,0,0,0,0,0,0,0,0,0,0,0,0,0,0,0,0,0,0,0,0,0,0,-1,-1,-1,-1,N/A,N/A,N/A,N/A,N/A,N/A,N/A,N/A,N/A,N/A,N/A,N/A,N/A,N/A,N/A,N/A,N/A,N/A,N/A,N/A,N/A,N/A,N/A,N/A,N/A,N/A,N/A,N/A,N/A,N/A,N/A,N/A,N/A,N/A,N/A,N/A,N/A,N/A,N/A,N/A,N/A,N/A,N/A,N/A,N/A,N/A,N/A,N/A,N/A,N/A,N/A,N/A,N/A,N/A,N/A,N/A,N/A,N/A,N/A,N/A,N/A,N/A,N/A,N/A,N/A,N/A,N/A,N/A,N/A,N/A,N/A,N/A,N/A,N/A,N/A,N/A,N/A,N/A,N/A,N/A,N/A,N/A,N/A,N/A,N/A,N/A,N/A,N/A,N/A,N/A,N/A,N/A,N/A,N/A,N/A,N/A,N/A,N/A,N/A,N/A,N/A,N/A,N/A,N/A,N/A,N/A,N/A,N/A,N/A,N/A,N/A,N/A,N/A,N/A,N/A,N/A,N/A,N/A,N/A,N/A,N/A,N/A,N/A,N/A,N/A,N/A,N/A,N/A,N/A,N/A,N/A,N/A,N/A,N/A,N/A,N/A,N/A,N/A,N/A,N/A,N/A,N/A,N/A,N/A,N/A,N/A,N/A,N/A,N/A,N/A,N/A,N/A,N/A,N/A,N/A,N/A,N/A,N/A,N/A,N/A,N/A,N/A,N/A,N/A,N/A,N/A,N/A,N/A,N/A,N/A,N/A,N/A,N/A,N/A,N/A,N/A,N/A,N/A,N/A,N/A,N/A,N/A,N/A,N/A,N/A,N/A,N/A,N/A,N/A,N/A,N/A,N/A,N/A,N/A,N/A,N/A,N/A,N/A,N/A,N/A,N/A,N/A,N/A,N/A,N/A,N/A,N/A,N/A,N/A,N/A,N/A,N/A,N/A,N/A,N/A,N/A,N/A,N/A,N/A,N/A,N/A,N/A,N/A,N/A
Ythallo Rykelm Rodrigues de Oliveira,22,1090479600,2004/07/22,Serie A,2026,Defender,Botafogo,46,0,46,Brazil,1,0,1,0,0,0,0,0,0,0,0,0,0,0,0,0,0,1,0,0,0,0,0,0,0,0,0,46,46,0,1.96,-1,-1,-1,25,0,0.00,0,48,0.00,0.00,0,0,0.00,0,0,0.00,0,0.00,0.00,0.00,0,0.00,0.00,0.00,0.00,0,0.00,0.00,0.00,0.00,0.00,0.00,0.00,0.00,0.00,0.00,0.00,0.00,0.00,0.00,0.00,0.00,0.00,0.00,0.00,0,0,,0,0.00,7,0,0.00,17,0,0.00,7,1,0,1,5,0.00,99,0,0,0.00,10,0,30,0.00,16,0,0.00,99,0,0.00,0,0,0.00,0,0.00,8,0,0.00,9,0,0.00,0.00,0,0.00,0,0,0,0.00,0,0,0.00,99,0.00,0,N/A,N/A,N/A,N/A,0.00,0,0.00,0,0.00,0.00,0,0.00,0.00,17,99,0.00,0.00,0,13,13,0,0,0,0.00,0.00,0,24,0.00,0.00,0.00,0,0,0.00,0.00,99,0.00,0,0,0,0.00,0.00,0,0.00,0.00,0.00,0.00,0,0,0.00,45,0,0,46,0,0.00,0,0.00,0.00,0.00,7,0.00,0.00,1,0,0.00,0.00,0.00,0.00,5,0,0.00,7,0,0,75,0,47,2,0,0.00,99,0,0.00,0.00,0.00,0.00,0,0,0,0,0.00,0.00,0.00,0,0.00,99,0,0.00,0,0.00,99,0,0.00,0.00,30,0,23,35,0,0,0,0,0,28,46,65,59,0,21,5,15,99,1,0,16,3,0,0
Yuri Alberto Monteiro da Silva,25,984902400,2001/03/18,Serie A,2026,Forward,Corinthians,1423,828,595,Brazil,17,10,7,3,3,0,2,0,2,0,0,8,6,2,14,5,9,2,0,0.32,0.13,0.19,0.33,0,474,0.89,102,84,712,712,0.13,116,122,-1,3,3264000,6.91,0.12,74,15.18,14.12,5,240,9.71,165,6,10.44,4,0.00,0.00,0.94,16,0.00,0.24,0.32,0.29,5,0.00,0.94,0.00,0.00,0.00,0.06,0.65,0.82,12.00,2.28,1.06,1.18,0.00,1.06,0.28,0.00,1.41,0.00,0.00,0,0,,36,2.12,82,18,1.14,94,18,1.14,71,3,1,16,10,0.00,99,0,1,0.06,12,4,62,0.25,29,0,0.00,99,0,0.00,0,0,0.00,0,1.01,60,20,1.26,57,11,0.70,55.00,0,0.00,0,0,0,0.00,0,14,0.00,78,0.89,14,N/A,N/A,N/A,N/A,0.00,0,0.00,0,4.78,0.00,0,68.75,50.00,92,94,0.06,0.06,1,64,63,0,0,0,0.06,0.06,1,25,117.48,0.94,1.01,16,0,0.00,0.00,99,0.00,0,0,0,0.00,0.00,0,0.00,0.00,0.82,0.76,13,0,8.33,59,75,61,71,78,2.11,51,0.12,0.13,4.78,82,0.28,0.30,39,12,0.71,0.76,1.52,1.41,67,24,0.30,80,71,37,75,0,97,73,0,0.00,99,24,0.00,1.52,8.92,8.29,141,50,22,52,3.16,2.94,35.46,16,1.01,29,0,25.00,0,0.00,99,1,0.06,0.06,33,76,36,72,0,1,0,6,0,77,75,65,85,0,97,96,86,32,2,12,49,9,N/A,N/A
Yuri Alves de Aquino,19,1157526000,2006/09/06,Serie A,2026,Midfielder,Bragantino,8,6,2,Brazil,3,2,1,0,0,0,0,0,0,0,0,1,1,0,0,0,0,0,0,0,0,0,0,0,0,0,0,3,0,0,0,-1,-1,-1,31,0,0.00,0,48,67.50,2.00,97,6,1.67,5,48,56.25,96,0.00,0.00,0.00,0,0.00,0.67,11.25,0.33,1,0.00,0.33,0.00,0.00,0.00,0.00,0.00,0.00,0.00,11.25,0.33,0.00,0.00,0.00,0.02,0.00,0.00,0.00,0.00,0,0,,1,0.33,99,0,0.00,17,1,11.25,99,0,3,0,99,0.00,99,0,0,0.00,10,2,30,22.50,99,0,0.00,99,0,0.00,0,0,0.00,0,0.00,8,0,0.00,9,0,0.00,0.00,0,0.00,0,0,0,0.00,0,0,0.00,99,0.00,0,N/A,N/A,N/A,N/A,0.00,0,0.00,0,0.05,0.00,0,83.33,0.00,17,99,0.00,0.00,0,13,13,0,0,0,0.00,0.00,0,24,0.00,0.00,0.00,0,0,0.00,0.00,99,0.00,0,0,0,0.00,0.00,0,0.00,0.00,0.00,0.00,0,0,0.00,45,0,0,46,0,0.01,40,0.00,0.11,0.05,98,0.02,0.56,99,2,0.67,22.50,11.25,0.33,99,1,0.56,97,0,0,75,0,47,2,0,0.00,99,0,0.00,0.00,56.25,1.67,5,3,99,99,33.75,1.00,60.00,1,11.25,0,0,0.00,0,0.00,99,0,0.00,0.00,30,0,56,12,0,0,0,0,0,28,46,65,59,0,21,75,15,15,0,0,16,41,0,0
Yuri Lima Lara,32,766825200,1994/04/20,Serie A,2026,Midfielder,Mirassol,325,196,129,Brazil,6,4,2,0,0,0,0,0,0,0,0,0,0,0,7,4,3,1,1,0,0,0,0,0,0,1.94,46,54,163,0,0.55,399,399,-1,35,300000,6.42,0,48,31.85,19.17,37,115,15.67,94,37,26.03,37,0.00,0.00,0.17,1,0.00,0.50,2.49,1.50,9,0.00,0.50,0.00,0.00,0.00,1.00,0.33,1.17,0.00,0.28,0.00,0.33,0.00,0.17,0.02,0.00,0.83,0.00,0.00,0,0,,1,0.17,12,1,0.28,49,0,0.00,7,4,2,4,90,0.00,99,0,6,1.66,91,3,84,0.83,49,0,0.00,99,0,0.00,0,0,0.00,0,0.28,21,2,0.55,30,2,0.55,100.00,0,0.00,0,0,0,0.00,0,7,0.00,4,1.94,86,N/A,N/A,N/A,N/A,0.00,0,0.00,0,0.14,0.00,0,81.74,100.00,99,15,0.67,1.11,4,55,99,0,0,0,0.33,0.55,2,78,38.54,1.50,2.49,9,0,0.00,0.00,99,0.00,0,0,0,0.00,0.00,0,0.00,0.00,0.00,0.00,0,0,0.00,45,0,4,46,4,0.28,22,0.05,0.08,0.14,26,0.02,0.04,56,4,0.67,1.11,1.11,0.67,44,4,0.04,25,16,66,75,0,47,69,0,0.00,99,5,0.00,1.38,8.58,5.17,31,19,71,48,5.26,3.17,61.29,3,0.83,39,0,33.33,0,0.00,99,1,0.17,0.28,55,8,46,83,0,0,0,0,0,28,46,65,59,0,37,5,21,94,0,0,16,5,N/A,N/A
Yuri Sena dos Reis Batista,25,978508800,2001/01/03,Serie A,2026,Goalkeeper,Vitória,0,0,0,Brazil,0,0,0,0,0,0,0,0,0,0,0,0,0,0,0,0,0,0,0,0,0,0,0,0,0,0,0,0,0,0,0,-1,-1,-1,-1,N/A,N/A,N/A,N/A,N/A,N/A,N/A,N/A,N/A,N/A,N/A,N/A,N/A,N/A,N/A,N/A,N/A,N/A,N/A,N/A,N/A,N/A,N/A,N/A,N/A,N/A,N/A,N/A,N/A,N/A,N/A,N/A,N/A,N/A,N/A,N/A,N/A,N/A,N/A,N/A,N/A,N/A,N/A,N/A,N/A,N/A,N/A,N/A,N/A,N/A,N/A,N/A,N/A,N/A,N/A,N/A,N/A,N/A,N/A,N/A,N/A,N/A,N/A,N/A,N/A,N/A,N/A,N/A,N/A,N/A,N/A,N/A,N/A,N/A,N/A,N/A,N/A,N/A,N/A,N/A,N/A,N/A,N/A,N/A,N/A,N/A,N/A,N/A,N/A,N/A,N/A,N/A,N/A,N/A,N/A,N/A,N/A,N/A,N/A,N/A,N/A,N/A,N/A,N/A,N/A,N/A,N/A,N/A,N/A,N/A,N/A,N/A,N/A,N/A,N/A,N/A,N/A,N/A,N/A,N/A,N/A,N/A,N/A,N/A,N/A,N/A,N/A,N/A,N/A,N/A,N/A,N/A,N/A,N/A,N/A,N/A,N/A,N/A,N/A,N/A,N/A,N/A,N/A,N/A,N/A,N/A,N/A,N/A,N/A,N/A,N/A,N/A,N/A,N/A,N/A,N/A,N/A,N/A,N/A,N/A,N/A,N/A,N/A,N/A,N/A,N/A,N/A,N/A,N/A,N/A,N/A,N/A,N/A,N/A,N/A,N/A,N/A,N/A,N/A,N/A,N/A,N/A,N/A,N/A,N/A,N/A,N/A,N/A,N/A,N/A,N/A,N/A,N/A,N/A,N/A,N/A,N/A,N/A,N/A,N/A,N/A,N/A,N/A,N/A,N/A,N/A,N/A,N/A,N/A,N/A,N/A,N/A,N/A,N/A,N/A,N/A,N/A,N/A,N/A,N/A,N/A,N/A,N/A,N/A
Yuri Silva Leles de Souza,19,1176793200,2007/04/17,Serie A,2026,Forward,Bragantino,0,0,0,Brazil,0,0,0,0,0,0,0,0,0,0,0,0,0,0,0,0,0,0,0,0,0,0,0,0,0,0,0,0,0,0,0,-1,-1,-1,-1,N/A,N/A,N/A,N/A,N/A,N/A,N/A,N/A,N/A,N/A,N/A,N/A,N/A,N/A,N/A,N/A,N/A,N/A,N/A,N/A,N/A,N/A,N/A,N/A,N/A,N/A,N/A,N/A,N/A,N/A,N/A,N/A,N/A,N/A,N/A,N/A,N/A,N/A,N/A,N/A,N/A,N/A,N/A,N/A,N/A,N/A,N/A,N/A,N/A,N/A,N/A,N/A,N/A,N/A,N/A,N/A,N/A,N/A,N/A,N/A,N/A,N/A,N/A,N/A,N/A,N/A,N/A,N/A,N/A,N/A,N/A,N/A,N/A,N/A,N/A,N/A,N/A,N/A,N/A,N/A,N/A,N/A,N/A,N/A,N/A,N/A,N/A,N/A,N/A,N/A,N/A,N/A,N/A,N/A,N/A,N/A,N/A,N/A,N/A,N/A,N/A,N/A,N/A,N/A,N/A,N/A,N/A,N/A,N/A,N/A,N/A,N/A,N/A,N/A,N/A,N/A,N/A,N/A,N/A,N/A,N/A,N/A,N/A,N/A,N/A,N/A,N/A,N/A,N/A,N/A,N/A,N/A,N/A,N/A,N/A,N/A,N/A,N/A,N/A,N/A,N/A,N/A,N/A,N/A,N/A,N/A,N/A,N/A,N/A,N/A,N/A,N/A,N/A,N/A,N/A,N/A,N/A,N/A,N/A,N/A,N/A,N/A,N/A,N/A,N/A,N/A,N/A,N/A,N/A,N/A,N/A,N/A,N/A,N/A,N/A,N/A,N/A,N/A,N/A,N/A,N/A,N/A,N/A,N/A,N/A,N/A,N/A,N/A,N/A,N/A,N/A,N/A,N/A,N/A,N/A,N/A,N/A,N/A,N/A,N/A,N/A,N/A,N/A,N/A,N/A,N/A,N/A,N/A,N/A,N/A,N/A,N/A,N/A,N/A,N/A,N/A,N/A,N/A,N/A,N/A,N/A,N/A,N/A,N/A
Zakaria Labyad,33,731664000,1993/03/09,Serie A,2026,Midfielder,Corinthians,225,160,65,Morocco,11,6,5,1,1,0,2,1,1,0,0,4,3,1,3,2,1,1,0,1.2,0.8,0.4,0.56,0,225,1.2,75,20,225,113,0.4,-1,-1,-1,11,0,6.18,0.18,99,35.60,8.09,50,89,6.18,68,19,27.20,42,0.00,0.00,0.91,10,0.00,1.18,1.20,0.27,3,0.00,0.09,0.00,0.00,0.00,0.00,0.18,0.27,5.00,2.00,0.36,0.27,0.00,0.09,0.08,0.00,0.00,0.00,0.00,0,0,,5,0.45,75,1,0.40,61,4,1.60,86,2,9,2,43,0.00,99,0,0,0.00,10,13,76,5.20,93,0,0.00,99,0,0.00,0,0,0.00,0,4.00,99,3,1.20,55,2,0.80,66.67,0,0.00,0,0,0,0.00,0,3,0.00,44,1.20,45,N/A,N/A,N/A,N/A,0.00,0,0.00,0,0.91,0.00,0,76.40,20.00,31,11,0.27,1.20,3,67,83,0,0,0,0.00,0.00,0,24,67.97,0.09,0.40,1,0,0.00,0.00,99,0.00,0,0,0,0.00,0.00,0,0.00,0.00,0.00,0.00,0,0,20.00,91,0,21,53,44,1.64,99,0.15,0.66,0.91,88,0.08,0.36,74,4,0.36,1.60,2.40,0.55,96,6,0.36,86,8,8,75,0,47,2,0,0.00,99,0,0.00,0.00,8.00,1.82,20,9,31,40,3.60,0.82,45.00,1,0.40,65,0,30.77,0,0.00,99,4,0.36,1.60,95,1,94,56,0,0,0,0,0,99,93,65,95,0,21,80,29,86,1,9,36,52,0,0
Zé Ivaldo,29,856512000,1997/02/21,Serie A,2026,Defender,Remo,718,270,448,Brazil,9,3,6,0,0,0,0,0,0,0,0,1,1,0,11,2,9,3,0,0,0,0,0,0,0,1.38,65,80,239,0,0.38,402,374,130,29,420000,6.69,0,48,41.36,36.67,61,330,29.00,261,27,32.72,57,0.00,0.00,0.00,0,0.00,0.00,1.00,0.89,8,0.00,0.00,0.00,0.00,0.00,1.56,0.00,1.44,6.00,0.75,0.33,0.00,0.00,0.33,0.12,0.00,1.78,0.00,0.00,0,0,,6,0.67,39,3,0.38,58,3,0.38,26,2,1,8,34,0.00,99,0,14,1.75,94,0,30,0.00,16,0,0.00,99,0,0.00,0,0,0.00,0,0.00,8,0,0.00,9,0,0.00,0.00,0,0.00,0,0,0,0.00,0,13,0.00,28,1.63,76,N/A,N/A,N/A,N/A,0.00,0,0.00,0,1.11,0.00,0,79.09,50.00,92,62,0.44,0.50,4,13,13,0,0,0,0.67,0.75,6,88,60.19,4.89,5.52,44,1,0.00,0.13,1,0.11,0,0,0,0.00,0.00,0,0.00,0.00,0.00,0.00,0,0,16.67,86,30,12,46,28,0.62,22,0.07,0.08,1.11,59,0.12,0.14,32,5,0.56,0.63,0.63,0.56,18,5,0.14,58,38,91,75,0,47,84,0,0.00,99,16,0.00,2.01,5.52,4.89,44,28,29,12,3.51,3.11,63.64,0,0.00,99,0,0.00,0,0.00,99,0,0.00,0.00,30,32,36,56,0,0,0,0,0,28,46,65,59,0,44,23,31,85,3,33,94,2,N/A,N/A
Zé Rafael,33,740214000,1993/06/16,Serie A,2026,Midfielder,Santos,164,82,82,Brazil,5,2,3,1,1,0,1,0,1,0,0,0,0,0,3,1,2,1,0,1.1,0.55,0.55,1.1,0,164,1.65,55,33,164,164,0.55,-1,-1,-1,13,1920000,4.32,0.2,99,50.18,18.40,81,92,17.20,86,99,46.91,86,0.00,0.00,0.60,3,0.00,0.20,2.18,0.80,4,0.00,0.60,0.00,0.00,0.00,0.00,0.20,0.60,5.00,2.73,0.80,0.40,0.00,0.20,0.18,0.00,0.60,0.00,0.00,0,0,,5,1.00,91,1,0.55,71,4,2.18,97,1,3,2,81,0.00,99,0,0,0.00,10,1,30,0.55,42,0,0.00,99,0,0.00,0,0,0.00,0,1.64,84,2,1.09,51,1,0.55,50.00,0,0.00,0,0,0,0.00,0,3,0.00,11,1.64,77,N/A,N/A,N/A,N/A,0.00,0,0.00,0,0.90,0.00,0,93.48,20.00,31,2,0.60,1.64,3,55,59,0,0,0,0.20,0.55,1,78,21.62,1.00,2.73,5,0,0.00,0.00,99,0.00,0,0,0,0.00,0.00,0,0.00,0.00,0.00,0.00,0,0,20.00,91,0,1,48,12,0.88,99,0.18,0.48,0.90,96,0.18,0.49,95,5,1.00,2.73,2.73,1.00,99,5,0.49,96,0,70,75,0,47,76,0,0.00,99,3,0.00,1.64,15.27,5.60,28,13,95,97,7.09,2.60,46.43,3,1.64,8,0,0.00,0,0.00,99,0,0.00,0.00,30,1,56,35,0,0,0,0,0,99,98,65,99,0,89,5,21,94,1,20,74,6,N/A,N/A
