timestamp,date_GMT,status,attendance,home_team_name,away_team_name,referee,Game Week,Pre-Match PPG (Home),Pre-Match PPG (Away),home_ppg,away_ppg,home_team_goal_count,away_team_goal_count,total_goal_count,total_goals_at_half_time,home_team_goal_count_half_time,away_team_goal_count_half_time,home_team_goal_timings,away_team_goal_timings,home_team_corner_count,away_team_corner_count,home_team_yellow_cards,home_team_red_cards,away_team_yellow_cards,away_team_red_cards,home_team_first_half_cards,home_team_second_half_cards,away_team_first_half_cards,away_team_second_half_cards,home_team_shots,away_team_shots,home_team_shots_on_target,away_team_shots_on_target,home_team_shots_off_target,away_team_shots_off_target,home_team_fouls,away_team_fouls,home_team_possession,away_team_possession,Home Team Pre-Match xG,Away Team Pre-Match xG,team_a_xg,team_b_xg,average_goals_per_match_pre_match,btts_percentage_pre_match,over_15_percentage_pre_match,over_25_percentage_pre_match,over_35_percentage_pre_match,over_45_percentage_pre_match,over_15_HT_FHG_percentage_pre_match,over_05_HT_FHG_percentage_pre_match,over_15_2HG_percentage_pre_match,over_05_2HG_percentage_pre_match,average_corners_per_match_pre_match,average_cards_per_match_pre_match,odds_ft_home_team_win,odds_ft_draw,odds_ft_away_team_win,odds_ft_over15,odds_ft_over25,odds_ft_over35,odds_ft_over45,odds_btts_yes,odds_btts_no,stadium_name
1743804000,Apr 04 2025 - 10:00pm,complete,4778,Goiás,Amazonas,João Vitor Gobi,1,0.00,0.00,1.79,0.42,1,0,1,1,1,0,"4","",8,2,3,1,3,0,1,3,1,2,14,7,2,2,12,5,16,11,40,60,0.00,0.00,1.36,0.74,0.00,0,0,0,0,0,0,0,0,0,0.00,0.00,1.63,3.65,5.50,1.35,2.00,3.80,8.00,2.10,1.67,Estádio de Hailé Pinheiro
1743811200,Apr 05 2025 - 12:00am,complete,16081,Paysandu,Atlético PR,Jefferson Ferreira de Moraes,1,0.00,0.00,0.68,1.58,1,2,3,2,1,1,"42","33,72",5,0,1,0,4,0,1,0,1,3,12,9,2,3,10,6,14,19,52,48,0.00,0.00,1.23,1.16,0.00,0,0,0,0,0,0,0,0,0,0.00,0.00,2.81,3.13,2.53,1.38,2.10,4.00,8.00,1.83,1.83,Estádio Leônidas Sodré de Castro
1743811200,Apr 05 2025 - 12:00am,complete,N/A,Criciúma,Operário PR,Denis Ribeiro Serafim,1,0.00,0.00,2.00,0.79,1,2,3,2,1,1,"11","36,59",6,6,2,0,4,0,1,1,1,3,17,13,3,5,14,8,14,18,58,42,0.00,0.00,1.65,1.37,0.00,0,0,0,0,0,0,0,0,0,0.00,0.00,1.79,3.34,4.75,1.40,2.09,4.20,8.50,2.00,1.73,Estádio Heriberto Hülse
1743879600,Apr 05 2025 - 7:00pm,complete,25651,Coritiba,Vila Nova,Lucas Canetto Bellote,1,0.00,0.00,1.84,0.79,1,0,1,0,0,0,"90'7","",11,1,2,0,3,0,1,1,0,3,13,6,2,0,11,6,12,21,70,30,0.00,0.00,1.34,0.50,0.00,0,0,0,0,0,0,0,0,0,0.00,0.00,1.61,3.70,5.60,1.35,1.85,3.80,7.50,2.00,1.73,Estádio Major Antônio Couto Pereira
1743879600,Apr 05 2025 - 7:00pm,complete,4904,CRB,Chapecoense,Yuri Elino Ferreira da Cruz,1,0.00,0.00,2.21,1.37,1,0,1,1,1,0,"10","",3,6,3,0,1,0,0,3,0,1,13,23,8,12,5,11,5,4,37,63,0.00,0.00,1.58,2.72,0.00,0,0,0,0,0,0,0,0,0,0.00,0.00,1.76,3.47,4.70,1.42,2.20,4.20,8.50,2.00,1.73,Estádio Universitário da UFAL
1743888600,Apr 05 2025 - 9:30pm,complete,2744,América Mineiro,Botafogo SP,Maguielson Lima Barbosa,1,0.00,0.00,1.53,0.84,1,0,1,0,0,0,"82","",2,8,1,0,2,0,1,0,1,1,17,9,5,1,12,8,7,9,70,30,0.00,0.00,1.87,0.91,0.00,0,0,0,0,0,0,0,0,0,0.00,0.00,1.61,3.77,5.50,1.35,1.98,3.70,7.50,2.00,1.73,N/A
1743976800,Apr 06 2025 - 10:00pm,complete,1526,Ferroviária,Remo,Lucas Casagrande,1,0.00,0.00,1.11,1.42,1,1,2,1,0,1,"90'5","38",11,7,2,0,1,0,0,2,0,1,28,9,8,3,20,6,11,16,61,39,0.00,0.00,2.58,0.98,0.00,0,0,0,0,0,0,0,0,0,0.00,0.00,2.24,3.01,3.45,1.45,2.44,4.50,9.00,2.10,1.67,N/A
1743976800,Apr 06 2025 - 10:00pm,complete,1442,Volta Redonda,Cuiabá,Emerson Ricardo de Almeida Andrade,1,0.00,0.00,1.47,0.84,0,1,1,1,0,1,"","11",4,6,0,0,7,0,0,0,1,6,17,16,2,6,15,10,7,18,68,32,0.00,0.00,1.67,1.71,0.00,0,0,0,0,0,0,0,0,0,0.00,0.00,2.20,3.13,3.39,1.40,1.94,4.00,8.00,1.91,1.80,N/A
1743980400,Apr 06 2025 - 11:00pm,complete,6129,Avaí,Novorizontino,Wagner do Nascimento Magalhaes,1,0.00,0.00,1.89,1.16,1,1,2,2,1,1,"25","13",4,6,4,0,3,0,1,3,2,1,13,15,4,3,9,12,9,21,50,50,0.00,0.00,1.37,1.51,0.00,0,0,0,0,0,0,0,0,0,0.00,0.00,2.42,2.99,3.11,1.45,2.20,4.50,9.00,2.00,1.73,Estádio Aderbal Ramos da Silva
1744063200,Apr 07 2025 - 10:00pm,complete,3697,Atlético GO,Athletic Club,Thaillan Azevedo Gomes,1,0.00,0.00,2.00,1.11,4,2,6,2,1,1,"43,69,79,90'3","9,88",7,4,2,0,3,0,0,2,1,2,14,8,8,2,6,6,16,13,47,53,0.00,0.00,1.82,0.92,0.00,0,0,0,0,0,0,0,0,0,0.00,0.00,1.72,3.66,4.60,1.28,1.89,3.52,7.10,1.83,1.83,N/A
1744322400,Apr 10 2025 - 10:00pm,complete,14612,Atlético PR,Criciúma,Paulo Cesar Zanovelli,2,0.00,0.00,1.84,1.21,2,1,3,1,1,0,"22,84","76",7,2,2,0,2,0,0,2,0,2,15,7,7,2,8,5,15,12,50,50,0.00,0.00,1.60,0.89,0.00,0,0,0,0,0,0,0,0,0,0.00,0.00,1.81,3.25,5.15,1.50,2.50,5.00,10.50,2.25,1.57,N/A
1744331400,Apr 11 2025 - 12:30am,complete,N/A,Cuiabá,Avaí,Jonathan Benkenstein Pinheiro,2,0.00,0.00,2.00,1.05,2,2,4,1,1,0,"7,70","81,66",7,5,1,0,1,0,0,1,0,1,16,9,3,2,13,7,16,18,34,66,0.00,0.00,1.43,1.10,0.00,0,0,0,0,0,0,0,0,0,0.00,0.00,2.19,2.81,4.04,1.42,2.40,5.00,11.50,2.00,1.70,Arena Pantanal
1744484400,Apr 12 2025 - 7:00pm,complete,6866,Chapecoense,Coritiba,Bruno Pereira Vasconcelos,2,0.00,0.00,1.89,1.74,1,2,3,0,0,0,"78","59,48",7,4,3,0,5,1,0,3,0,6,24,14,6,4,18,10,15,8,54,46,0.00,0.00,2.25,1.35,0.00,0,0,0,0,0,0,0,0,0,0.00,0.00,2.50,2.88,2.98,1.50,2.43,4.80,11.00,1.97,1.70,Arena Condá
1744491600,Apr 12 2025 - 9:00pm,complete,10120,Vila Nova,Paysandu,Raphael Claus,2,0.00,0.00,1.68,0.79,1,0,1,1,1,0,"12","",4,5,1,0,2,0,1,0,1,1,13,13,4,3,9,10,17,10,45,55,0.00,0.00,1.39,1.31,0.00,0,0,0,0,0,0,0,0,0,0.00,0.00,2.15,2.80,3.88,1.40,2.55,4.00,11.50,2.10,1.75,N/A
1744495200,Apr 12 2025 - 10:00pm,complete,2512,Amazonas,Ferroviária,Lucas Paulo Torezin,2,0.00,0.00,1.47,1.00,0,0,0,0,0,0,"","",6,2,2,0,1,1,1,1,2,0,16,9,7,1,9,8,15,9,63,37,0.00,0.00,1.89,0.84,0.00,0,0,0,0,0,0,0,0,0,0.00,0.00,2.15,2.85,3.80,1.51,2.55,4.80,11.50,2.10,1.63,N/A
1744495200,Apr 12 2025 - 10:00pm,complete,1609,Novorizontino,Volta Redonda,Leo Simão,2,0.00,0.00,2.00,0.42,1,0,1,0,0,0,"57","",6,1,1,0,5,0,0,1,0,5,20,4,6,0,14,4,16,9,55,45,0.00,0.00,2.02,0.38,0.00,0,0,0,0,0,0,0,0,0,0.00,0.00,1.57,3.60,6.50,1.39,2.15,3.90,8.50,2.20,1.60,Estádio Dr. Jorge Ismael de Biasi
1744498800,Apr 12 2025 - 11:00pm,complete,3962,Operário PR,Goiás,Bruno Mota Correia,2,0.00,0.00,1.74,1.42,1,2,3,0,0,0,"51","86,84",7,7,2,0,2,0,1,1,1,1,12,6,1,3,11,3,17,9,52,48,0.00,0.00,1.10,0.86,0.00,0,0,0,0,0,0,0,0,0,0.00,0.00,2.25,2.60,3.25,1.55,2.50,5.25,12.00,2.11,1.60,Estádio Germano Krüger
1744570800,Apr 13 2025 - 7:00pm,complete,23765,Remo,América Mineiro,Paulo Belence Alves dos Prazeres Filho,2,0.00,0.00,1.84,0.89,2,0,2,1,1,0,"13,48","",2,6,3,0,1,0,1,2,1,0,12,15,3,7,9,8,19,8,26,74,0.00,0.00,1.12,1.91,0.00,0,0,0,0,0,0,0,0,0,0.00,0.00,2.69,3.04,2.71,1.40,2.25,4.20,8.00,1.91,1.85,Estádio Estadual Jornalista Edgar Augusto Proença
1744570800,Apr 13 2025 - 7:00pm,complete,549,Athletic Club,CRB,Fernando Antonio Mendes de Salles Nascimento Fillho,2,0.00,0.00,1.21,0.74,1,2,3,1,1,0,"29","52,90'1",8,8,4,0,2,0,1,3,0,2,17,17,6,3,11,14,13,9,51,49,0.00,0.00,1.96,1.63,0.00,0,0,0,0,0,0,0,0,0,0.00,0.00,2.34,3.04,3.19,1.38,2.25,3.50,7.50,1.75,1.92,N/A
1744581600,Apr 13 2025 - 10:00pm,complete,2220,Botafogo SP,Atlético GO,N/A,2,0.00,0.00,1.37,0.74,1,1,2,1,1,0,"11","90",6,6,4,0,2,0,2,2,1,1,12,18,6,3,6,15,17,9,36,64,0.00,0.00,1.45,1.79,0.00,0,0,0,0,0,0,0,0,0,0.00,0.00,2.50,2.80,3.04,1.57,2.70,5.10,9.30,2.19,1.60,Estádio Santa Cruz
1744754400,Apr 15 2025 - 10:00pm,complete,2202,Cuiabá,Atlético PR,Antonio Dib Moraes de Sousa,3,1.00,3.00,2.00,1.58,2,1,3,1,0,1,"60,72","15",9,8,3,1,2,0,0,4,1,1,13,7,3,4,10,3,11,17,49,51,1.43,1.16,1.34,1.06,3.50,100,100,100,50,0,50,100,50,100,7.00,5.00,2.85,2.80,2.70,1.37,2.38,4.33,8.50,1.95,1.77,Arena Pantanal
1744844400,Apr 16 2025 - 11:00pm,complete,11792,Paysandu,Chapecoense,Wagner do Nascimento Magalhaes,3,0.00,0.00,0.68,1.37,0,2,2,2,0,2,"","35,26",6,5,2,0,2,0,2,0,2,0,14,9,3,5,11,4,11,11,62,38,1.23,2.72,1.24,1.01,2.00,50,50,50,0,0,50,100,0,50,11.00,2.00,1.73,3.50,4.70,1.35,2.10,3.77,6.50,1.95,1.80,Estádio Estadual Jornalista Edgar Augusto Proença
1744844400,Apr 16 2025 - 11:00pm,complete,5766,Avaí,Operário PR,André Luis Skettino Policarpo Bento,3,1.00,3.00,1.89,0.79,1,0,1,1,1,0,"42","",4,6,2,0,3,0,1,1,1,2,11,12,3,4,8,8,14,13,43,57,1.37,1.37,1.06,1.12,2.50,100,100,50,0,0,100,100,0,50,10.00,8.00,2.10,2.75,3.80,1.57,2.91,4.70,11.50,2.20,1.62,Estádio Aderbal Ramos da Silva
1744848000,Apr 17 2025 - 12:00am,complete,N/A,Coritiba,Novorizontino,Thaillan Azevedo Gomes,3,3.00,1.00,1.84,1.16,0,0,0,0,0,0,"","",6,3,2,0,2,2,2,0,2,2,11,5,4,2,7,3,15,17,75,25,1.34,1.51,1.32,0.57,1.50,50,50,0,0,0,50,50,0,50,17.00,5.00,2.62,2.75,3.37,1.64,2.79,6.00,15.00,2.41,1.59,Estádio Major Antônio Couto Pereira
1744927200,Apr 17 2025 - 10:00pm,complete,11383,Goiás,Vila Nova,Rafael Rodrigo Klein,3,3.00,0.00,1.79,0.79,2,2,4,2,1,1,"27,66","41,89",11,1,6,0,2,1,1,5,1,2,18,10,3,4,15,6,16,18,56,44,1.36,0.50,1.68,1.15,1.00,0,0,0,0,0,0,50,0,50,9.00,8.00,1.67,3.44,6.06,1.43,2.60,4.50,9.50,2.25,1.58,Estádio de Hailé Pinheiro
1744930800,Apr 17 2025 - 11:00pm,complete,8043,Criciúma,Athletic Club,Emerson Ricardo de Almeida Andrade,3,0.00,0.00,2.00,1.11,4,0,4,3,3,0,"5,45'3,45'1,87","",5,0,0,0,3,2,0,0,3,2,25,1,9,1,16,0,9,12,63,37,1.65,0.92,2.38,0.21,4.50,100,100,100,50,50,100,100,50,100,10.00,5.00,1.65,3.79,4.50,1.22,1.85,3.00,5.80,1.80,1.91,Estádio Heriberto Hülse
1744930800,Apr 17 2025 - 11:00pm,complete,7585,CRB,Volta Redonda,Alisson Sidnei Furtado,3,3.00,0.00,2.21,0.42,1,0,1,1,1,0,"26","",4,6,5,0,3,0,4,1,0,3,17,15,4,2,13,13,22,11,47,53,1.58,0.38,1.44,1.26,1.00,0,0,0,0,0,0,50,0,50,4.00,8.00,2.15,3.00,3.80,1.35,2.30,4.05,11.00,1.95,1.80,Estádio Universitário da UFAL
1744930800,Apr 17 2025 - 11:00pm,complete,1766,Botafogo SP,Remo,Lucas Guimarães Rechatiko Horn,3,1.00,1.00,1.37,1.42,2,2,4,2,1,1,"10,46","45'3,85",3,13,3,1,2,0,2,2,1,1,7,18,3,3,4,15,16,14,33,67,1.45,0.98,0.75,1.40,2.00,100,100,0,0,0,0,100,0,100,13.00,5.00,2.25,2.87,3.30,1.50,2.40,4.80,10.50,2.10,1.76,Estádio Santa Cruz
1744934400,Apr 18 2025 - 12:00am,complete,N/A,Ferroviária,Atlético GO,Arthur Gomes Rabelo,3,1.00,1.00,1.11,0.74,2,0,2,1,1,0,"45'1,60","",6,6,3,0,2,0,0,3,2,0,13,10,7,2,6,8,14,16,50,50,2.58,1.79,1.53,1.10,2.00,100,100,0,0,0,0,100,0,100,17.00,4.00,2.60,2.95,2.90,1.62,2.80,5.55,11.00,2.20,1.62,N/A
1744936500,Apr 18 2025 - 12:35am,complete,N/A,América Mineiro,Amazonas,N/A,3,3.00,0.00,1.53,0.42,3,1,4,2,1,1,"4,50,63","36",4,7,2,0,2,0,0,2,0,2,15,9,8,4,7,5,10,14,53,47,1.87,0.74,1.76,1.10,1.00,0,0,0,0,0,0,50,0,50,4.00,4.00,1.63,3.45,5.80,1.36,2.05,3.75,8.00,1.87,1.75,Estádio Raimundo Sampaio
1745089200,Apr 19 2025 - 7:00pm,complete,3265,Operário PR,Paysandu,Luciano da Silva Miranda Filho,4,0.00,0.00,1.74,0.79,0,0,0,0,0,0,"","",6,3,2,0,3,0,1,1,0,3,15,7,3,1,12,6,16,17,68,32,1.10,1.31,1.59,0.73,2.00,50,50,50,0,0,0,50,50,50,12.00,4.00,1.90,3.05,4.50,1.47,2.30,4.50,8.75,2.10,1.70,Estádio Germano Krüger
1745175600,Apr 20 2025 - 7:00pm,complete,4506,Vila Nova,Botafogo SP,Gustavo Ervino Bauermann,4,3.00,0.00,1.68,0.84,2,0,2,2,2,0,"15,43","",5,6,1,0,1,0,1,0,1,0,19,5,4,1,15,4,14,15,49,51,1.39,0.91,1.86,0.65,1.00,0,0,0,0,0,0,50,0,50,12.00,3.00,1.88,3.17,4.50,1.55,2.10,5.30,10.00,2.30,1.52,Estádio Onésio Brasileiro Alvarenga
1745182800,Apr 20 2025 - 9:00pm,complete,5431,Chapecoense,Athletic Club,Maguielson Lima Barbosa,4,0.00,0.00,1.89,1.11,1,0,1,0,0,0,"56","",3,8,1,0,2,0,1,0,1,1,8,20,4,4,4,16,10,8,46,54,2.25,0.56,1.14,1.94,4.00,75,100,100,50,25,50,50,75,100,9.00,7.50,1.80,3.20,4.25,1.32,2.10,3.85,6.80,1.83,1.87,Arena Condá
1745186400,Apr 20 2025 - 10:00pm,complete,23320,Atlético PR,CRB,Bruno Arleu de Araujo,4,3.00,3.00,1.84,0.74,2,0,2,1,1,0,"7,82","",4,4,1,0,5,0,1,0,2,3,12,8,4,2,8,6,23,13,39,61,1.60,1.63,1.25,0.85,3.00,100,100,100,0,0,0,100,100,100,15.00,4.00,1.43,4.05,7.50,1.30,2.10,3.65,6.65,2.27,1.60,N/A
1745190000,Apr 20 2025 - 11:00pm,complete,1704,América Mineiro,Goiás,Paulo Henrique Schleinch Vollkopf,4,3.00,3.00,1.53,1.42,1,0,1,1,1,0,"13","",10,9,1,0,1,0,0,1,1,0,16,12,8,2,8,10,13,13,52,48,1.81,0.86,1.67,1.01,2.75,75,75,75,25,0,25,25,75,100,10.00,3.50,2.07,3.00,4.10,1.40,2.31,3.70,6.50,2.00,1.84,N/A
1745269200,Apr 21 2025 - 9:00pm,complete,2695,Amazonas,Avaí,Bruno Pereira Vasconcelos,4,1.00,1.00,1.47,1.05,0,2,2,2,0,2,"","45'4,7",4,1,3,1,2,0,1,3,2,0,17,14,6,6,11,8,11,14,55,45,1.89,1.10,1.83,1.56,2.00,50,50,50,50,0,0,50,50,50,11.00,3.00,2.75,2.80,3.00,1.55,2.81,5.00,12.00,2.21,1.69,N/A
1745272800,Apr 21 2025 - 10:00pm,complete,2047,Novorizontino,Criciúma,Bruno Mota Correia,4,3.00,0.00,2.00,1.21,1,1,2,1,0,1,"55","18",8,4,2,0,2,1,1,1,2,1,24,4,6,3,18,1,12,16,77,23,2.02,0.89,2.73,0.67,2.00,50,50,50,0,0,0,50,50,100,8.00,3.00,1.92,3.14,4.60,1.50,2.45,4.60,9.10,2.20,1.65,Estádio Dr. Jorge Ismael de Biasi
1745281800,Apr 22 2025 - 12:30am,complete,N/A,Remo,Coritiba,Lucas Canetto Bellote,4,3.00,3.00,1.84,1.74,1,0,1,1,1,0,"45'2","",1,12,2,0,2,0,1,1,2,0,7,22,4,5,3,17,10,13,36,64,1.12,1.35,0.86,2.14,2.50,50,100,50,0,0,0,50,50,100,6.00,9.00,2.35,2.84,3.64,1.48,2.63,5.30,10.50,2.05,1.66,Estádio Estadual Jornalista Edgar Augusto Proença
1745361000,Apr 22 2025 - 10:30pm,complete,2764,Atlético GO,Cuiabá,Lucas Casagrande,4,3.00,3.00,2.00,0.84,1,1,2,1,1,0,"3","78",2,8,5,1,1,0,0,6,0,1,13,13,4,2,9,11,15,9,38,62,1.82,1.71,1.25,1.26,3.50,50,50,50,50,50,50,100,50,50,13.00,9.00,1.95,3.10,4.30,1.41,2.25,4.15,9.00,2.05,1.73,N/A
1745362800,Apr 22 2025 - 11:00pm,complete,1093,Volta Redonda,Ferroviária,Marcio Dos Santos Oliveira,4,0.00,1.00,1.47,1.00,0,0,0,0,0,0,"","",6,2,2,0,4,0,0,2,1,3,13,4,2,1,11,3,11,20,60,40,1.67,0.84,1.18,0.39,0.50,0,0,0,0,0,0,50,0,0,6.00,2.00,2.25,3.10,3.50,1.55,2.65,5.75,8.20,2.25,1.62,N/A
1745541300,Apr 25 2025 - 12:35am,complete,817,Novorizontino,Atlético PR,Denis Ribeiro Serafim,5,2.00,1.50,2.00,1.58,2,1,3,1,1,0,"11,74","64",7,6,0,0,2,1,0,0,0,3,19,13,4,6,15,7,11,15,43,57,2.37,1.11,1.75,1.57,2.25,75,75,50,0,0,25,75,25,100,11.00,4.50,2.30,2.75,3.20,1.62,2.80,5.80,15.00,2.30,1.60,Estádio Dr. Jorge Ismael de Biasi
1745618400,Apr 25 2025 - 10:00pm,complete,8332,Criciúma,Remo,Lucas Paulo Torezin,5,1.50,1.00,2.00,1.42,1,1,2,0,0,0,"47","90'2",8,3,3,0,2,0,1,2,2,0,16,11,6,4,10,7,16,12,46,54,2.02,1.19,1.83,1.18,3.25,75,100,75,50,0,75,100,25,100,15.50,2.50,1.73,3.40,4.80,1.33,2.10,3.72,7.00,1.87,1.77,Estádio Heriberto Hülse
1745625600,Apr 26 2025 - 12:00am,complete,N/A,Vila Nova,Chapecoense,João Vitor Gobi,5,3.00,1.50,1.68,1.37,1,0,1,0,0,0,"47","",7,5,1,0,1,0,0,1,0,1,22,14,10,2,12,12,13,12,51,49,1.63,1.87,2.49,1.24,1.50,0,50,0,0,0,50,100,0,0,10.00,2.50,1.90,2.95,4.60,1.53,2.50,5.45,10.50,2.51,1.52,Estádio Onésio Brasileiro Alvarenga
1745694000,Apr 26 2025 - 7:00pm,complete,20921,Coritiba,Operário PR,Gustavo Ervino Bauermann,5,2.00,1.50,1.84,0.79,2,0,2,2,2,0,"19,45'1","",5,4,1,0,4,0,0,1,2,2,7,13,3,7,4,6,18,12,42,58,1.33,1.25,0.91,1.67,1.25,25,25,25,0,0,25,50,0,50,14.50,5.50,2.06,3.05,4.46,1.52,2.55,5.75,11.00,2.25,1.60,Estádio Major Antônio Couto Pereira
1745708400,Apr 26 2025 - 11:00pm,complete,7319,Avaí,América Mineiro,Yuri Elino Ferreira da Cruz,5,2.00,0.00,1.89,0.89,3,0,3,1,1,0,"33,90'1,87","",5,12,2,0,5,0,2,0,3,2,14,17,7,6,7,11,9,17,30,70,1.22,1.91,1.42,1.66,1.75,25,75,0,0,0,25,100,0,50,10.00,4.00,2.10,3.00,3.00,1.37,2.20,4.75,9.00,1.91,1.80,Estádio Aderbal Ramos da Silva
1745780400,Apr 27 2025 - 7:00pm,complete,328,Athletic Club,Volta Redonda,Jefferson Ferreira de Moraes,5,0.00,0.00,1.21,0.42,2,1,3,1,1,0,"3,73","90'6",6,6,3,1,3,0,2,2,1,2,6,16,5,4,1,12,14,19,43,57,1.96,0.82,1.04,1.60,2.00,50,50,50,0,0,0,75,50,75,11.50,8.00,1.90,3.40,4.00,1.30,2.15,3.80,8.00,1.85,1.91,N/A
1745782200,Apr 27 2025 - 7:30pm,complete,1002,Amazonas,Atlético GO,Antonio Dib Moraes de Sousa,5,0.50,0.50,1.47,0.74,1,1,2,1,0,1,"82","45'1",7,5,3,0,5,0,0,3,2,3,14,16,4,6,10,10,20,23,56,44,1.86,1.45,1.35,1.76,1.50,25,75,0,0,0,25,75,0,50,11.00,5.50,2.25,2.90,2.90,1.43,2.40,5.00,8.54,2.05,1.69,N/A
1745784000,Apr 27 2025 - 8:00pm,complete,26870,Paysandu,CRB,Paulo Henrique Schleinch Vollkopf,5,0.00,1.50,0.68,0.74,1,1,2,2,1,1,"44","41",8,6,0,1,3,0,0,1,0,3,22,22,6,6,16,16,14,14,40,60,1.24,1.24,2.14,2.16,2.50,50,100,50,0,0,50,100,25,75,11.50,5.00,1.82,3.59,4.10,1.44,1.94,4.10,10.00,1.95,1.73,Estádio Estadual Jornalista Edgar Augusto Proença
1745791200,Apr 27 2025 - 10:00pm,complete,1897,Cuiabá,Ferroviária,Fabio Augusto de Sá Junior,5,2.00,1.00,2.00,1.00,1,0,1,0,0,0,"73","",8,7,3,0,3,0,1,2,1,2,15,19,4,7,11,12,18,16,47,53,1.38,0.62,1.57,1.99,1.75,50,50,50,25,0,0,50,50,50,10.00,6.00,1.85,3.10,4.60,1.51,2.50,5.00,6.50,2.25,1.57,Arena Pantanal
1745879400,Apr 28 2025 - 10:30pm,complete,1840,Botafogo SP,Goiás,Paulo Belence Alves dos Prazeres Filho,5,1.00,1.50,1.37,1.42,0,1,1,1,0,1,"","45",5,8,3,0,3,0,2,1,2,1,12,7,2,2,10,5,10,16,56,44,1.10,0.94,1.15,0.78,2.50,75,75,50,25,0,25,75,50,75,12.50,5.50,3.30,2.97,2.38,1.57,2.70,6.06,11.00,2.20,1.57,Estádio Santa Cruz
1746232500,May 03 2025 - 12:35am,complete,N/A,Ferroviária,Coritiba,Fernando Antonio Mendes de Salles Nascimento Fillho,6,2.00,1.50,1.11,1.74,2,1,3,1,0,1,"64,81","18",2,6,1,0,4,0,0,1,1,3,14,9,5,2,9,7,9,16,53,47,2.06,1.74,1.50,0.94,2.00,50,75,25,0,0,0,75,25,75,16.50,6.50,2.62,2.83,3.00,1.65,2.90,6.50,15.00,2.25,1.54,N/A
1746298800,May 03 2025 - 7:00pm,complete,31351,Remo,Amazonas,Luciano da Silva Miranda Filho,6,3.00,0.00,1.84,0.42,1,0,1,1,1,0,"20","",3,7,3,0,2,1,1,2,2,1,14,17,3,3,11,14,12,20,62,38,0.99,0.92,1.32,1.51,2.00,25,50,25,25,0,25,100,25,50,6.00,5.00,1.95,3.25,4.00,1.43,2.15,4.40,9.00,2.20,1.67,Estádio Estadual Jornalista Edgar Augusto Proença
1746315000,May 03 2025 - 11:30pm,complete,1556,Volta Redonda,Paysandu,André Luis Skettino Policarpo Bento,6,0.50,0.50,1.47,0.79,1,0,1,0,0,0,"90'5","",8,3,3,0,3,0,1,2,0,3,26,13,6,0,20,13,14,13,61,39,1.43,1.02,2.13,0.84,0.50,0,0,0,0,0,0,50,0,0,9.00,3.50,2.05,3.00,4.29,1.48,2.48,4.75,9.00,2.16,1.72,N/A
1746385200,May 04 2025 - 7:00pm,complete,4839,Atlético GO,Novorizontino,Emerson Ricardo de Almeida Andrade,6,2.00,1.00,2.00,1.16,1,0,1,1,1,0,"31","",6,6,4,1,4,0,1,4,2,2,11,15,5,5,6,10,16,11,29,71,1.54,1.04,1.20,1.65,2.50,75,75,25,25,25,50,75,25,50,9.00,8.50,2.10,3.15,3.61,1.51,2.20,5.25,13.00,2.20,1.58,N/A
1746394200,May 04 2025 - 9:30pm,complete,22352,Atlético PR,Botafogo SP,Bruno Mota Correia,6,3.00,0.00,1.84,0.84,1,4,5,3,1,2,"16","24,60,45'3,68",4,2,3,2,4,0,4,1,3,1,11,11,5,6,6,5,14,16,40,60,1.42,0.78,1.23,1.31,2.00,25,75,25,0,0,25,75,25,75,12.50,3.00,1.40,4.30,8.40,1.31,2.11,3.95,8.10,2.33,1.53,N/A
1746394200,May 04 2025 - 9:30pm,complete,11650,Chapecoense,Criciúma,Jefferson Ferreira de Moraes,6,1.50,0.50,1.89,1.21,2,1,3,2,1,1,"2,53","35",2,6,1,0,2,0,0,1,0,2,16,12,5,3,11,9,13,6,44,56,1.69,0.78,1.56,1.28,2.25,75,75,50,0,0,0,50,50,100,8.00,5.00,2.55,3.05,2.96,1.41,2.50,4.88,9.20,2.00,1.75,Arena Condá
1746401400,May 04 2025 - 11:30pm,complete,2899,Operário PR,América Mineiro,Alisson Sidnei Furtado,6,0.50,0.00,1.74,0.89,1,0,1,1,1,0,"6","",5,4,4,0,4,1,1,3,0,5,16,10,4,3,12,7,17,14,45,55,1.35,1.78,1.42,0.91,2.00,25,75,50,0,0,0,50,50,75,15.50,5.00,2.33,2.87,3.05,1.53,2.71,5.40,11.00,2.00,1.61,Estádio Germano Krüger
1746482400,May 05 2025 - 10:00pm,complete,1810,Goiás,Avaí,Fabio Augusto de Sá Junior,6,2.00,2.00,1.79,1.05,2,1,3,3,2,1,"30,24","21",13,6,2,0,3,1,1,1,2,2,26,14,7,3,19,11,13,11,61,39,1.52,1.33,2.57,1.34,2.75,50,75,50,50,0,50,100,50,50,12.50,7.00,2.00,2.85,3.90,1.45,2.40,5.00,12.00,2.20,1.65,Estádio de Hailé Pinheiro
1746570600,May 06 2025 - 10:30pm,complete,8408,CRB,Cuiabá,Gustavo Ervino Bauermann,6,3.00,2.00,2.21,0.84,1,1,2,2,1,1,"22","13",6,8,1,0,0,0,1,0,0,0,13,16,6,8,7,8,8,7,54,46,1.51,1.49,1.47,1.77,1.25,25,25,0,0,0,0,100,0,25,10.50,8.00,2.16,2.70,3.60,1.55,2.69,5.50,10.50,2.15,1.62,Estádio Universitário da UFAL
1746577800,May 07 2025 - 12:30am,complete,N/A,Athletic Club,Vila Nova,Savio Pereira Sampaio,6,1.50,0.50,1.21,0.79,0,1,1,0,0,0,"","90'3",5,2,1,0,2,0,0,1,1,1,15,10,1,6,14,4,12,13,50,50,1.50,0.82,1.54,1.29,2.75,75,75,75,25,0,25,75,75,100,8.00,7.00,2.28,3.01,3.61,1.43,2.49,4.80,8.40,2.00,1.75,Estádio Raimundo Sampaio
1746750900,May 09 2025 - 12:35am,complete,N/A,Atlético PR,Chapecoense,Luciano da Silva Miranda Filho,7,2.00,1.00,1.84,1.37,1,1,2,0,0,0,"90'11","90",10,1,2,0,2,0,1,1,0,2,23,9,8,5,15,4,10,10,67,33,1.36,1.66,2.34,1.05,2.33,34,67,34,17,17,33,84,34,67,10.33,4.66,1.53,3.50,6.25,1.42,2.30,4.45,9.00,2.30,1.53,N/A
1746903600,May 10 2025 - 7:00pm,complete,8601,Avaí,Atlético GO,Wagner do Nascimento Magalhaes,7,2.33,0.67,1.89,0.74,0,0,0,0,0,0,"","",6,4,3,0,2,0,1,2,1,1,19,11,5,3,14,8,13,8,55,45,1.29,1.55,1.95,1.13,2.00,50,84,17,0,0,17,100,17,67,10.00,5.67,2.20,3.10,3.35,1.38,2.15,3.70,8.00,1.98,1.72,Estádio Aderbal Ramos da Silva
1746912600,May 10 2025 - 9:30pm,complete,8465,Goiás,Coritiba,Jonathan Benkenstein Pinheiro,7,2.33,1.00,1.79,1.74,1,0,1,0,0,0,"68","",5,7,1,0,0,0,1,0,0,0,18,7,4,1,14,6,13,4,45,55,1.87,1.48,1.84,0.73,2.50,67,67,67,17,0,34,84,50,50,18.00,8.33,2.15,2.80,3.50,1.45,2.40,5.00,12.00,2.15,1.65,Estádio de Hailé Pinheiro
1746990000,May 11 2025 - 7:00pm,complete,8749,Criciúma,Volta Redonda,Edina Alves Batista,7,1.33,0.00,2.00,0.42,0,0,0,0,0,0,"","",10,5,4,0,6,0,2,2,2,4,20,16,5,6,15,10,13,15,53,47,1.95,1.08,1.90,1.74,2.34,50,67,50,17,0,34,67,33,84,10.66,5.34,1.62,3.29,5.00,1.44,2.10,4.30,8.50,2.20,1.62,Estádio Heriberto Hülse
1746999000,May 11 2025 - 9:30pm,complete,2219,Cuiabá,Operário PR,Jefferson Ferreira de Moraes,7,2.33,1.00,2.00,0.79,2,3,5,2,0,2,"89,57","90'7,7,10",6,3,2,0,5,0,1,1,1,4,15,8,7,4,8,4,10,17,59,41,1.45,1.39,1.76,0.97,2.34,50,67,50,17,0,34,84,34,67,13.33,6.67,1.99,2.90,4.10,1.50,2.55,4.70,9.30,2.20,1.58,Arena Pantanal
1746999000,May 11 2025 - 9:30pm,complete,1256,Novorizontino,Ferroviária,Lucas Casagrande,7,2.33,0.67,2.00,1.00,2,2,4,2,1,1,"3,48","31,54",8,2,2,0,3,0,0,2,1,2,15,13,3,4,12,9,21,13,50,50,2.17,1.07,1.54,1.32,1.17,34,34,17,0,0,0,34,17,67,10.67,4.00,1.71,3.40,5.60,1.49,2.70,5.65,9.30,2.63,1.44,Estádio Dr. Jorge Ismael de Biasi
1747087200,May 12 2025 - 10:00pm,complete,2466,Botafogo SP,Athletic Club,Fernando Antonio Mendes de Salles Nascimento Fillho,7,0.67,0.00,1.37,1.11,0,3,3,2,0,2,"","79,21,16",7,6,1,0,3,0,1,0,1,2,10,11,2,4,8,7,8,16,66,34,1.12,1.02,1.18,1.14,3.00,50,67,50,50,17,50,84,33,84,8.67,7.34,2.20,2.95,3.35,1.46,2.40,4.60,9.50,2.00,1.83,Estádio Santa Cruz
1747094400,May 13 2025 - 12:00am,complete,N/A,Amazonas,CRB,André Luis Skettino Policarpo Bento,7,0.67,1.33,1.47,0.74,1,1,2,1,1,0,"8","90'3",7,17,3,0,1,0,1,2,1,0,16,15,4,6,12,9,9,14,31,69,1.69,1.55,1.49,1.89,1.83,50,84,17,0,0,33,84,17,50,11.67,6.66,2.30,2.91,3.25,1.50,2.50,4.60,9.00,2.00,1.68,N/A
1747260000,May 14 2025 - 10:00pm,complete,N/A,Remo,Vila Nova,Bruno Pereira Vasconcelos,7,3.00,1.33,1.84,0.79,2,0,2,1,1,0,"34,80","",5,9,2,0,1,0,0,2,0,1,10,18,4,5,6,13,10,12,39,61,1.10,0.98,1.04,1.86,1.67,17,33,17,17,0,17,67,17,67,3.33,5.34,2.43,2.99,3.25,1.55,2.90,5.00,10.00,2.30,1.57,Estádio Estadual Jornalista Edgar Augusto Proença
1747261800,May 14 2025 - 10:30pm,complete,N/A,América Mineiro,Paysandu,N/A,7,3.00,0.33,1.53,0.79,2,2,4,0,0,0,"86,89","58,70",7,5,1,0,4,0,1,0,2,2,14,10,3,4,11,6,13,10,62,38,1.77,0.96,1.37,1.07,1.34,17,17,17,17,0,17,50,17,50,9.00,4.00,1.57,3.75,6.67,1.30,2.11,4.00,6.50,2.05,1.72,N/A
1747355700,May 16 2025 - 12:35am,complete,N/A,Ferroviária,Avaí,Yuri Elino Ferreira da Cruz,8,2.33,1.33,1.11,1.05,1,1,2,2,1,1,"40","6",3,10,0,0,2,0,0,0,0,2,16,12,6,2,10,10,5,11,67,33,1.87,1.34,1.73,1.17,2.67,67,100,50,17,0,34,100,33,67,10.33,4.33,2.30,2.80,3.55,1.53,2.60,5.50,13.00,2.10,1.63,N/A
1747432800,May 16 2025 - 10:00pm,complete,N/A,Chapecoense,Cuiabá,Lucas Casagrande,8,2.00,1.67,1.89,0.84,2,1,3,1,1,0,"77,8","68",4,5,2,0,0,0,0,2,0,0,8,16,4,1,4,15,9,11,37,63,1.65,1.58,1.03,1.41,2.00,67,67,34,0,0,33,67,17,67,11.33,4.34,2.49,2.90,2.83,1.54,2.70,5.75,7.90,2.15,1.68,Arena Condá
1747508400,May 17 2025 - 7:00pm,complete,1473,Operário PR,Botafogo SP,Vinicius Gomes do Amaral,8,1.33,1.00,1.74,0.84,3,0,3,0,0,0,"60,62,55","",6,0,1,0,2,0,1,0,1,1,20,5,7,1,13,4,13,12,64,36,1.37,0.96,2.08,0.55,2.00,33,50,33,17,17,34,50,33,50,11.33,5.00,1.97,3.13,3.41,1.50,2.30,5.25,10.00,2.25,1.60,Estádio Major Antônio Couto Pereira
1747517400,May 17 2025 - 9:30pm,complete,N/A,Vila Nova,Atlético PR,Lucas Canetto Bellote,8,3.00,1.00,1.68,1.58,2,1,3,2,2,0,"12,32","77",5,6,1,0,3,0,0,1,2,1,14,10,7,3,7,7,17,12,37,63,1.92,1.26,1.50,1.18,2.17,50,67,50,0,0,33,84,34,67,10.00,4.00,2.62,2.70,2.85,1.54,2.80,6.25,14.00,2.25,1.62,Estádio Onésio Brasileiro Alvarenga
1747524600,May 17 2025 - 11:30pm,complete,N/A,Athletic Club,Novorizontino,Kleber Ariel Gonçalves da Silva,8,1.00,0.67,1.21,1.16,0,2,2,0,0,0,"","67,55",10,1,3,0,2,0,1,2,0,2,14,10,4,4,10,6,10,20,55,45,1.51,1.24,1.27,0.98,1.67,50,50,34,0,0,17,67,34,50,11.33,7.00,3.20,2.80,2.25,1.53,2.60,5.00,11.50,2.16,1.72,N/A
1747594800,May 18 2025 - 7:00pm,complete,N/A,Atlético GO,Remo,Thaillan Azevedo Gomes,8,2.33,1.00,2.00,1.42,1,1,2,0,0,0,"90'6","52",8,5,1,0,2,0,0,1,1,1,23,7,9,2,14,5,13,11,71,29,1.42,1.19,2.62,0.72,2.84,84,84,33,33,17,33,84,50,84,12.67,6.67,2.02,3.09,3.32,1.48,2.26,4.00,7.80,1.90,1.63,N/A
1747594800,May 18 2025 - 7:00pm,complete,N/A,CRB,Criciúma,Alisson Sidnei Furtado,8,2.33,0.33,2.21,1.21,1,0,1,0,0,0,"57","",1,5,1,0,1,0,0,1,0,1,17,19,2,7,15,12,12,18,50,50,1.49,0.95,1.47,2.07,2.00,67,67,34,0,0,33,100,17,50,8.33,5.67,2.39,2.85,2.85,1.39,2.30,4.68,9.00,1.98,1.77,Estádio Universitário da UFAL
1747603800,May 18 2025 - 9:30pm,complete,N/A,Paysandu,Goiás,Marcio Dos Santos Oliveira,8,0.33,2.00,0.68,1.42,0,0,0,0,0,0,"","",5,4,3,0,4,0,1,2,1,3,19,13,6,3,13,10,11,20,51,49,1.54,0.88,1.95,1.38,2.00,50,67,33,0,0,50,84,17,33,14.33,3.67,2.56,2.85,2.70,1.57,2.65,5.64,11.00,2.10,1.62,Estádio Estadual Jornalista Edgar Augusto Proença
1747692000,May 19 2025 - 10:00pm,complete,N/A,Volta Redonda,Amazonas,Luciano da Silva Miranda Filho,8,1.33,0.00,1.47,0.42,1,1,2,1,0,1,"90'2","25",7,1,1,0,4,1,0,1,1,4,38,4,8,1,30,3,11,17,75,25,1.66,1.12,3.36,0.42,1.34,17,17,17,17,0,17,67,17,33,11.33,4.34,1.94,3.15,4.20,1.54,2.50,4.94,6.00,2.10,1.62,N/A
1747701300,May 20 2025 - 12:35am,complete,N/A,Coritiba,América Mineiro,Alex Gomes Stefano,8,2.33,0.00,1.84,0.89,1,0,1,1,1,0,"23","",9,6,5,0,3,0,1,4,1,2,10,18,6,10,4,8,22,13,41,59,1.19,1.49,1.27,2.14,1.50,0,50,17,0,0,17,67,17,50,14.66,5.34,1.95,2.75,4.20,1.71,2.63,4.70,11.50,2.30,1.55,Estádio Major Antônio Couto Pereira
1748046900,May 24 2025 - 12:35am,complete,N/A,Goiás,Ferroviária,Alisson Sidnei Furtado,9,2.50,0.75,1.79,1.00,2,0,2,1,1,0,"38,84","",4,8,4,0,1,0,1,3,0,1,10,19,5,5,5,14,25,11,43,57,1.86,1.13,1.34,1.81,1.75,38,38,38,25,0,38,50,25,50,12.50,6.50,1.95,2.80,4.20,1.53,2.62,5.75,10.00,2.25,1.57,Estádio de Hailé Pinheiro
1748113200,May 24 2025 - 7:00pm,complete,N/A,Atlético PR,Athletic Club,Lucas Guimarães Rechatiko Horn,9,1.75,0.75,1.84,1.11,1,0,1,0,0,0,"58","",5,1,0,0,2,0,0,0,0,2,13,8,4,2,9,6,22,15,45,55,1.60,1.05,1.32,0.83,3.25,50,88,63,38,25,50,75,50,100,10.75,6.50,1.47,3.73,5.90,1.38,1.92,3.95,8.00,2.25,1.57,N/A
1748120400,May 24 2025 - 9:00pm,complete,N/A,Remo,Volta Redonda,Jefferson Ferreira de Moraes,9,3.00,0.25,1.84,0.42,1,1,2,2,1,1,"35","31",3,6,2,0,3,0,0,2,0,3,14,16,4,6,10,10,14,16,48,52,1.08,1.24,1.46,1.71,1.38,13,38,13,0,0,0,75,13,50,7.25,6.75,2.19,2.70,4.13,1.59,2.94,4.90,13.50,2.25,1.56,Estádio Estadual Jornalista Edgar Augusto Proença
1748122200,May 24 2025 - 9:30pm,complete,N/A,Avaí,Chapecoense,Raphael Claus,9,2.00,1.00,1.89,1.37,2,1,3,0,0,0,"48,84","74",5,9,3,0,2,0,1,2,0,2,21,16,6,2,15,14,8,10,45,55,1.45,1.50,1.99,1.43,1.50,25,50,13,0,0,25,63,25,38,9.00,4.25,1.66,3.45,4.80,1.33,2.28,3.72,7.10,2.05,1.67,Estádio Aderbal Ramos da Silva
1748199600,May 25 2025 - 7:00pm,complete,N/A,Novorizontino,Paysandu,Fabio Augusto de Sá Junior,9,2.00,0.50,2.00,0.79,3,1,4,2,1,1,"27,82,60","13",8,3,1,0,2,0,0,1,2,0,22,10,6,4,16,6,6,8,63,37,2.01,0.99,2.27,1.06,2.00,50,50,38,25,0,13,50,38,75,11.25,4.25,1.49,3.50,6.20,1.45,2.15,3.90,8.80,2.50,1.56,Estádio Dr. Jorge Ismael de Biasi
1748208600,May 25 2025 - 9:30pm,complete,N/A,Amazonas,Operário PR,Marcio Dos Santos Oliveira,9,0.75,1.50,1.47,0.79,2,0,2,0,0,0,"51,84","",4,10,4,0,1,0,1,3,0,1,12,13,5,1,7,12,8,12,42,58,1.64,1.28,1.37,1.11,2.13,50,75,25,13,13,50,88,13,50,10.75,7.25,3.40,2.95,2.34,1.57,2.70,5.25,11.00,2.15,1.67,N/A
1748296800,May 26 2025 - 10:00pm,complete,N/A,Criciúma,Coritiba,Paulo Henrique Schleinch Vollkopf,9,1.25,0.75,2.00,1.74,0,1,1,0,0,0,"","60",9,2,4,0,5,0,1,3,0,5,18,11,6,4,12,7,17,6,48,52,1.94,1.29,1.90,1.24,2.13,50,63,50,13,0,25,50,38,75,14.50,5.25,2.21,3.10,3.60,1.46,2.50,5.00,10.00,2.05,1.62,Estádio Heriberto Hülse
1748300400,May 26 2025 - 11:00pm,complete,N/A,Botafogo SP,CRB,Afro Rocha de Carvalho Filho,9,0.50,1.25,1.37,0.74,2,1,3,1,1,0,"1,46","63",1,8,1,0,3,0,0,1,2,1,15,20,6,6,9,14,5,7,29,71,1.13,1.63,1.47,1.84,2.38,63,88,38,13,0,38,100,25,75,14.00,5.75,2.21,3.00,2.90,1.38,2.30,4.45,9.00,2.00,1.83,Estádio Santa Cruz
1748304000,May 27 2025 - 12:00am,complete,N/A,Cuiabá,Vila Nova,Fernando Antonio Mendes de Salles Nascimento Fillho,9,1.75,1.00,2.00,0.79,1,0,1,1,1,0,"13","",4,1,5,0,2,1,0,5,0,3,13,8,6,2,7,6,17,11,55,45,1.52,1.20,1.58,0.83,2.63,50,63,50,38,13,25,63,50,100,10.75,5.00,2.20,3.02,3.77,1.63,2.79,6.16,15.00,2.20,1.61,Arena Pantanal
1748385000,May 27 2025 - 10:30pm,complete,N/A,América Mineiro,Atlético GO,Lucas Canetto Bellote,9,2.50,0.75,1.53,0.74,2,1,3,3,2,1,"28,24","36",6,4,4,0,1,0,0,4,0,1,11,11,5,3,6,8,17,14,48,52,1.67,1.45,1.26,1.08,2.00,50,63,25,25,0,13,63,25,75,11.00,4.00,1.79,3.50,4.60,1.36,2.25,4.60,7.75,2.06,1.73,N/A
1748565300,May 30 2025 - 12:35am,complete,N/A,Ferroviária,Botafogo SP,Matheus Delgado Candançan,10,2.00,0.75,1.11,0.84,1,1,2,1,1,0,"11","86",2,5,3,0,3,0,1,2,3,0,18,13,2,4,16,9,10,12,49,51,1.84,0.85,1.48,1.51,2.50,50,88,38,13,13,38,75,38,75,9.50,3.75,1.95,3.22,4.27,1.50,2.72,5.50,11.50,2.25,1.57,N/A
1748642400,May 30 2025 - 10:00pm,complete,N/A,Vila Nova,Novorizontino,Paulo Belence Alves dos Prazeres Filho,10,3.00,1.25,1.68,1.16,0,1,1,1,0,1,"","45'1",13,2,2,1,6,1,3,0,2,5,17,8,7,1,10,7,14,19,55,45,1.81,1.18,2.11,0.76,1.50,25,50,13,0,0,38,63,13,38,9.25,4.50,2.20,2.75,2.70,1.67,3.12,5.50,11.00,2.38,1.55,Estádio Onésio Brasileiro Alvarenga
1748718000,May 31 2025 - 7:00pm,complete,N/A,Coritiba,Avaí,Bruno Pereira Vasconcelos,10,2.50,1.25,1.84,1.05,2,1,3,1,1,0,"35,86","78",4,2,2,0,1,0,0,2,1,0,13,8,6,5,7,3,11,9,42,58,1.21,1.29,1.52,1.23,1.88,38,63,25,13,0,50,75,13,25,13.25,4.75,1.84,3.04,4.10,1.50,2.30,5.50,10.00,2.20,1.57,Estádio Major Antônio Couto Pereira
1748727000,May 31 2025 - 9:30pm,complete,N/A,Atlético GO,Goiás,Flavio Rodrigues De Souza,10,2.00,1.75,2.00,1.42,1,2,3,3,1,2,"10","45'7,30",7,3,3,0,4,0,2,1,2,2,16,9,5,5,11,4,11,15,57,43,1.72,1.01,1.70,1.17,2.00,50,50,25,13,13,13,63,38,50,12.75,6.50,2.33,2.99,3.63,1.51,2.40,5.50,11.00,2.15,1.70,N/A
1748734200,May 31 2025 - 11:30pm,complete,N/A,Athletic Club,Cuiabá,Wagner do Nascimento Magalhaes,10,0.75,1.25,1.21,0.84,0,2,2,1,0,1,"","13,87",3,5,3,0,2,0,1,2,0,2,9,15,1,4,8,11,17,13,59,41,1.45,1.54,0.79,1.24,2.13,63,75,38,0,0,13,75,50,75,14.00,5.00,2.40,2.70,3.00,1.53,2.70,5.80,10.00,2.14,1.67,N/A
1748804400,Jun 01 2025 - 7:00pm,complete,N/A,Operário PR,Atlético PR,Yuri Elino Ferreira da Cruz,10,1.75,0.75,1.74,1.58,2,2,4,3,2,1,"26,17","9,62",1,1,2,1,3,0,2,1,2,1,13,9,4,4,9,5,10,9,42,58,1.55,1.24,1.33,1.12,2.38,63,75,75,0,0,25,63,50,75,11.00,5.25,2.47,2.64,2.98,1.55,2.38,5.00,8.40,2.25,1.62,Estádio Germano Krüger
1748811600,Jun 01 2025 - 9:00pm,complete,N/A,CRB,Remo,Arthur Gomes Rabelo,10,2.50,1.00,2.21,1.42,2,0,2,1,1,0,"10,61","",5,5,3,0,0,0,2,1,0,0,15,21,4,11,11,10,11,5,44,56,1.49,1.07,1.54,2.38,1.88,63,63,13,13,0,25,63,38,63,10.50,4.25,2.09,3.05,4.10,1.42,2.63,5.00,12.00,2.10,1.67,N/A
1748820600,Jun 01 2025 - 11:30pm,complete,N/A,Volta Redonda,América Mineiro,Savio Pereira Sampaio,10,1.25,0.00,1.47,0.89,1,0,1,0,0,0,"90'7","",6,4,2,0,3,0,0,2,0,3,12,9,3,2,9,7,11,14,59,41,2.09,1.65,1.06,0.76,1.38,13,38,13,0,0,0,75,13,50,13.25,5.00,2.35,3.10,2.60,1.52,2.25,4.45,11.00,2.00,1.66,N/A
1748901600,Jun 02 2025 - 10:00pm,complete,N/A,Chapecoense,Amazonas,Daiane Caroline Muniz dos Santos,10,2.25,0.25,1.89,0.42,4,0,4,2,2,0,"15,27,57,90'3","",9,1,1,0,1,0,0,1,1,0,18,11,5,2,13,9,15,6,44,56,1.49,0.94,1.69,1.10,2.25,63,63,50,13,0,25,75,38,75,8.25,5.25,1.75,3.25,4.75,1.34,2.24,3.80,7.80,1.99,1.79,Arena Condá
1748908800,Jun 03 2025 - 12:00am,complete,N/A,Paysandu,Criciúma,André Luis Skettino Policarpo Bento,10,0.50,0.25,0.68,1.21,0,1,1,0,0,0,"","52",11,3,2,0,6,0,1,1,1,5,21,6,6,4,15,2,14,21,54,46,1.64,1.23,2.06,0.79,2.00,63,75,38,0,0,50,75,13,63,10.25,4.25,2.02,3.15,3.25,1.45,2.78,4.90,10.50,2.23,1.68,Estádio Leônidas Sodré de Castro
1749157200,Jun 05 2025 - 9:00pm,complete,N/A,Botafogo SP,Coritiba,Luciano da Silva Miranda Filho,11,1.00,1.20,1.37,1.74,0,0,0,0,0,0,"","",3,8,2,0,3,0,0,2,0,3,7,9,3,4,4,5,14,13,40,60,1.20,1.28,0.71,0.96,2.20,50,60,50,10,0,20,70,40,80,10.60,6.00,3.20,2.98,2.38,1.50,2.45,4.30,9.50,2.10,1.65,Estádio Santa Cruz
1749247200,Jun 06 2025 - 10:00pm,complete,N/A,Novorizontino,Chapecoense,Bruno Pereira Vasconcelos,11,2.20,0.80,2.00,1.37,1,0,1,0,0,0,"56","",5,0,3,0,1,0,1,2,0,1,11,11,4,3,7,8,19,9,46,54,2.06,1.49,1.22,1.08,2.30,60,70,40,20,0,30,60,50,80,12.60,2.80,1.63,3.30,5.25,1.48,2.30,4.00,8.50,2.30,1.60,Estádio Dr. Jorge Ismael de Biasi
1749256500,Jun 07 2025 - 12:35am,complete,N/A,Cuiabá,Paysandu,Marcello Rudá Neves Ramos da Costa,11,2.00,0.40,2.00,0.79,1,0,1,0,0,0,"83","",9,3,2,0,3,0,0,2,1,2,21,8,6,3,15,5,15,13,66,34,1.54,1.00,2.12,0.83,2.40,50,50,50,40,10,20,60,50,70,10.60,6.00,1.64,3.25,5.78,1.44,2.40,4.60,9.75,2.33,1.52,Arena Pantanal
1749322800,Jun 07 2025 - 7:00pm,complete,N/A,América Mineiro,Ferroviária,Marcio Dos Santos Oliveira,11,2.60,0.60,1.53,1.00,1,2,3,1,1,0,"33","80,71",9,3,2,0,3,1,1,1,1,3,14,14,4,6,10,8,15,9,51,49,1.59,1.27,1.60,1.59,2.00,40,50,40,30,0,30,50,30,60,10.00,4.40,1.63,3.37,5.20,1.40,2.15,4.00,9.00,2.25,1.62,N/A
1749339000,Jun 07 2025 - 11:30pm,complete,N/A,Avaí,CRB,Jefferson Ferreira de Moraes,11,2.20,1.00,1.89,0.74,1,0,1,0,0,0,"90'1","",6,8,1,0,1,0,0,1,0,1,14,13,6,2,8,11,13,8,47,53,1.56,1.67,1.46,1.07,2.10,60,80,40,0,0,20,80,40,60,13.40,5.60,1.73,3.60,4.50,1.27,1.98,3.50,7.40,1.91,1.76,Estádio Aderbal Ramos da Silva
1749409200,Jun 08 2025 - 7:00pm,complete,N/A,Goiás,Volta Redonda,Maguielson Lima Barbosa,11,2.60,0.40,1.79,0.42,2,0,2,1,1,0,"21,90'4","",2,6,2,0,0,0,2,0,0,0,13,23,6,4,7,19,16,9,41,59,1.76,1.34,1.32,1.79,1.80,40,50,30,10,0,30,70,20,50,13.00,7.60,1.72,3.15,4.50,1.45,2.25,4.80,8.50,2.20,1.62,Estádio de Hailé Pinheiro
1749416400,Jun 08 2025 - 9:00pm,complete,N/A,Atlético PR,Atlético GO,Afro Rocha de Carvalho Filho,11,2.00,0.60,1.84,0.74,0,1,1,1,0,1,"","6",5,2,3,0,3,0,1,2,0,3,18,9,1,4,17,5,13,16,64,36,1.55,1.37,1.52,1.10,2.20,60,80,30,10,10,20,70,30,80,11.00,4.80,1.80,3.20,4.20,1.40,2.25,5.00,11.00,2.25,1.62,N/A
1749420000,Jun 08 2025 - 10:00pm,complete,N/A,Remo,Operário PR,André Luis Skettino Policarpo Bento,11,2.60,1.20,1.84,0.79,2,1,3,0,0,0,"67,90","49",6,0,4,0,3,0,0,4,2,1,16,16,3,5,13,11,14,16,56,44,1.16,1.25,1.44,1.60,2.10,30,70,20,10,10,40,90,20,50,8.60,5.80,2.32,2.91,3.40,1.57,2.60,5.80,10.00,2.16,1.68,N/A
1749506400,Jun 09 2025 - 10:00pm,complete,N/A,Criciúma,Vila Nova,Jonathan Benkenstein Pinheiro,11,1.00,0.80,2.00,0.79,1,0,1,0,0,0,"77","",16,3,3,0,3,0,0,3,1,2,20,12,7,0,13,12,16,14,60,40,1.93,1.12,2.01,0.96,1.90,30,50,30,20,0,30,50,20,80,10.40,5.20,2.20,2.88,3.25,1.66,2.98,6.75,9.10,2.45,1.53,Estádio Heriberto Hülse
1749508200,Jun 09 2025 - 10:30pm,complete,N/A,Amazonas,Athletic Club,Bruno Mota Correia,11,1.20,0.60,1.47,1.11,1,0,1,0,0,0,"63","",2,8,2,0,3,0,1,1,2,1,9,12,5,2,4,10,20,17,47,53,1.58,1.01,1.08,1.13,2.30,30,70,30,20,10,40,60,20,80,9.40,6.60,2.30,2.85,3.40,1.50,2.70,5.15,11.00,2.20,1.62,N/A
1749852000,Jun 13 2025 - 10:00pm,complete,N/A,Vila Nova,América Mineiro,Edina Alves Batista,12,2.40,0.00,1.68,0.89,0,3,3,0,0,0,"","90'4,81,60",4,2,2,1,3,0,2,1,2,1,8,9,1,5,7,4,19,18,43,57,1.87,1.47,0.74,1.20,1.60,10,40,20,0,0,20,80,10,50,13.20,5.00,1.91,3.00,4.25,1.60,2.70,5.15,10.00,2.25,1.59,Estádio Onésio Brasileiro Alvarenga
1749861300,Jun 14 2025 - 12:35am,complete,N/A,Paysandu,Botafogo SP,Alexandre Vargas Tavares de Jesus,12,0.40,0.80,0.68,0.84,1,0,1,0,0,0,"90","",8,5,3,0,4,0,1,2,1,3,16,11,3,6,13,5,17,17,47,53,1.72,0.99,1.55,1.29,2.10,40,70,30,10,10,50,60,20,60,11.20,4.40,2.04,2.95,3.85,1.50,2.61,5.00,8.30,2.10,1.60,Estádio Leônidas Sodré de Castro
1749927600,Jun 14 2025 - 7:00pm,complete,N/A,CRB,Goiás,Fernando Antonio Mendes de Salles Nascimento Fillho,12,2.60,2.00,2.21,1.42,2,0,2,1,1,0,"34,76","",1,8,2,0,2,0,1,1,0,2,17,18,4,6,13,12,17,7,50,50,1.50,1.04,1.57,2.00,1.50,30,40,20,0,0,20,70,10,30,10.00,5.40,2.98,2.88,2.29,1.48,2.56,5.00,12.00,1.95,1.80,N/A
1749936600,Jun 14 2025 - 9:30pm,complete,N/A,Atlético PR,Remo,Savio Pereira Sampaio,12,1.67,0.80,1.84,1.42,2,1,3,1,0,1,"54,90","1",13,3,1,0,2,0,0,1,1,1,27,8,11,3,16,5,7,12,65,35,1.54,1.33,2.97,0.81,2.37,65,84,27,19,9,19,64,55,92,12.43,3.90,1.62,3.60,5.50,1.40,2.24,3.80,9.50,2.00,1.67,N/A
1749943800,Jun 14 2025 - 11:30pm,complete,N/A,Athletic Club,Operário PR,Paulo Henrique Schleinch Vollkopf,12,0.60,1.00,1.21,0.79,2,1,3,2,1,1,"29,90'5","38",5,3,2,0,1,0,0,2,1,0,11,12,5,3,6,9,18,22,57,43,1.32,1.31,1.12,0.98,2.44,45,82,45,9,9,25,64,55,84,11.23,6.33,2.45,2.80,3.10,1.49,2.55,5.00,13.00,2.20,1.62,N/A
1750014000,Jun 15 2025 - 7:00pm,complete,N/A,Atlético GO,Coritiba,Yuri Elino Ferreira da Cruz,12,1.60,1.17,2.00,1.74,0,0,0,0,0,0,"","",4,7,3,0,1,0,1,2,0,1,18,11,4,2,14,9,20,8,46,54,1.72,1.23,1.75,1.00,2.15,57,57,37,10,10,20,57,37,64,12.50,7.13,2.28,2.85,3.02,1.50,2.59,5.80,15.00,2.25,1.60,N/A
1750014000,Jun 15 2025 - 7:00pm,complete,N/A,Novorizontino,Cuiabá,Alisson Sidnei Furtado,12,2.33,1.60,2.00,0.84,3,0,3,1,1,0,"82,90'7,21","",2,4,1,1,1,1,1,1,1,1,14,18,6,9,8,9,10,16,39,61,1.92,1.48,1.45,2.09,2.25,64,74,35,17,0,27,84,35,80,13.40,3.50,1.97,2.59,4.40,1.48,2.55,5.75,11.00,2.30,1.55,Estádio Dr. Jorge Ismael de Biasi
1750030200,Jun 15 2025 - 11:30pm,complete,N/A,Criciúma,Amazonas,José Mendonça da Silva Jr.,12,1.33,0.20,2.00,0.42,3,2,5,2,1,1,"19,47,90'2","30,59",5,3,2,0,2,0,1,1,1,1,20,10,11,3,9,7,10,20,68,32,1.94,0.97,2.06,0.92,2.12,37,55,37,29,0,37,67,29,72,12.60,5.67,1.65,3.58,5.30,1.42,2.20,4.33,11.50,2.14,1.65,Estádio Heriberto Hülse
1750111200,Jun 16 2025 - 10:00pm,complete,N/A,Chapecoense,Ferroviária,André Luis Skettino Policarpo Bento,12,2.40,1.00,1.89,1.00,2,1,3,1,1,0,"29,52","83",1,6,2,0,1,0,1,1,0,1,7,17,3,7,4,10,17,8,37,63,1.53,1.32,0.86,1.79,2.24,47,65,57,19,0,29,55,47,84,9.00,4.60,2.15,2.70,3.78,1.63,2.84,6.42,15.00,2.30,1.55,Arena Condá
1750199400,Jun 17 2025 - 10:30pm,complete,N/A,Volta Redonda,Avaí,Paulo Belence Alves dos Prazeres Filho,12,1.60,1.00,1.47,1.05,1,1,2,1,0,1,"52","28",12,1,4,0,3,0,1,3,1,2,19,8,10,3,9,5,15,17,67,33,1.88,1.28,2.20,0.80,1.90,50,60,30,10,0,30,70,20,50,11.00,3.60,2.31,2.80,2.90,1.50,2.47,4.95,10.00,2.19,1.70,N/A
1750456800,Jun 20 2025 - 10:00pm,complete,1605,Botafogo SP,Chapecoense,N/A,13,1.00,0.67,1.37,1.37,1,0,1,0,0,0,"90'5","",13,4,1,0,4,0,0,1,1,3,21,9,5,1,16,8,6,14,63,37,1.12,1.42,2.08,0.82,1.92,42,59,34,9,0,25,58,33,67,8.50,4.00,2.50,2.89,3.20,1.59,2.60,6.40,12.50,2.20,1.62,Estádio Santa Cruz
1750466100,Jun 21 2025 - 12:35am,complete,N/A,América Mineiro,Criciúma,Bruno Pereira Vasconcelos,13,2.17,0.80,1.53,1.21,1,1,2,2,1,1,"39","25",7,5,2,0,1,0,0,2,0,1,15,10,2,3,13,7,9,12,60,40,1.59,1.14,1.39,1.06,2.34,64,64,54,17,0,27,64,35,84,10.33,4.83,1.85,3.20,4.55,1.36,2.25,3.84,8.00,2.00,1.68,Estádio Raimundo Sampaio
1750532400,Jun 21 2025 - 7:00pm,complete,N/A,Avaí,Atlético PR,João Vitor Gobi,13,2.33,0.80,1.89,1.58,1,2,3,1,0,1,"78","26,76",4,2,2,0,2,0,1,1,1,1,15,8,4,4,11,4,11,18,71,29,1.54,1.22,1.55,1.03,2.44,67,75,67,10,0,39,75,37,75,9.20,5.50,2.32,2.95,2.86,1.57,2.20,4.80,10.50,2.00,1.75,Estádio Aderbal Ramos da Silva
1750541400,Jun 21 2025 - 9:30pm,complete,N/A,Remo,Paysandu,Rafael Rodrigo Klein,13,2.67,0.33,1.84,0.79,0,1,1,0,0,0,"","72",7,9,3,0,4,0,1,2,3,1,16,20,2,8,14,12,6,19,65,35,1.20,0.97,1.36,2.07,1.83,33,50,25,17,0,17,58,25,59,7.00,5.50,2.20,3.15,3.65,1.36,2.10,3.60,8.10,1.72,1.85,N/A
1750548600,Jun 21 2025 - 11:30pm,complete,N/A,Ferroviária,CRB,Luciano da Silva Miranda Filho,13,1.80,0.83,1.11,0.74,1,0,1,1,1,0,"43","",2,9,3,2,6,0,2,3,3,3,10,21,2,5,8,16,10,18,31,69,1.77,1.57,0.81,1.71,2.19,74,92,27,0,0,19,92,27,82,13.30,4.30,1.91,3.12,3.50,1.47,2.50,4.60,9.50,2.15,1.64,N/A
1750618800,Jun 22 2025 - 7:00pm,complete,N/A,Coritiba,Cuiabá,Anderson Daronco,13,2.60,1.33,1.84,0.84,2,0,2,0,0,0,"61,77","",5,7,0,0,1,0,0,0,1,0,11,8,2,2,9,6,7,8,49,51,1.27,1.58,1.13,0.92,1.79,35,62,27,0,0,19,80,27,54,13.00,4.57,1.91,2.82,4.10,1.53,2.85,5.30,8.90,2.27,1.56,Estádio Major Antônio Couto Pereira
1750618800,Jun 22 2025 - 7:00pm,complete,N/A,Atlético GO,Volta Redonda,Daiane Caroline Muniz dos Santos,13,1.50,0.33,2.00,0.42,2,0,2,0,0,0,"88,90'8","",8,1,5,0,1,1,2,3,0,2,21,6,6,0,15,6,13,8,63,37,1.72,1.41,2.39,0.54,1.92,50,59,25,9,9,25,67,25,50,10.67,7.00,1.77,2.94,4.60,1.53,2.46,5.20,8.00,2.10,1.63,N/A
1750626000,Jun 22 2025 - 9:00pm,complete,N/A,Amazonas,Vila Nova,Kleber Ariel Gonçalves da Silva,13,1.50,0.67,1.47,0.79,2,1,3,2,1,1,"32,71","20",8,6,0,0,3,1,0,0,0,4,12,14,2,3,10,11,16,12,53,47,1.50,1.10,1.21,1.37,1.59,25,50,9,9,0,17,50,17,75,7.83,5.84,3.04,2.91,2.60,1.55,2.87,6.25,11.00,2.27,1.62,N/A
1750716000,Jun 23 2025 - 10:00pm,complete,N/A,Operário PR,Novorizontino,Fernando Antonio Mendes de Salles Nascimento Fillho,13,1.60,1.60,1.74,1.16,2,0,2,1,1,0,"62,31","",2,1,2,0,3,0,0,2,2,1,18,12,5,1,13,11,13,7,55,45,1.50,1.09,1.71,1.05,1.70,30,50,30,10,0,20,50,30,40,8.60,6.80,2.95,2.60,2.80,1.75,3.05,6.35,11.50,2.57,1.50,Estádio Germano Krüger
1750723200,Jun 24 2025 - 12:00am,complete,N/A,Goiás,Athletic Club,Alexandre Vargas Tavares de Jesus,13,2.67,0.50,1.79,1.11,1,2,3,1,0,1,"52","40,90'5",4,4,3,0,2,0,1,2,1,1,15,15,4,4,11,11,17,16,46,54,1.69,1.03,1.58,1.41,2.42,25,59,42,25,9,42,67,17,84,11.67,6.50,1.52,3.51,5.70,1.40,2.38,3.80,8.50,2.05,1.73,Estádio de Hailé Pinheiro
1750984500,Jun 27 2025 - 12:35am,complete,N/A,CRB,América Mineiro,Jonathan Benkenstein Pinheiro,14,2.67,0.50,2.21,0.89,1,2,3,2,1,1,"6","25,47",14,1,1,0,3,1,0,1,1,3,27,14,7,5,20,9,15,10,64,36,1.51,1.43,2.62,1.51,1.67,9,50,17,0,0,9,75,17,59,9.00,5.83,2.04,3.00,3.20,1.38,2.35,4.63,9.50,2.00,1.80,N/A
1751067000,Jun 27 2025 - 11:30pm,complete,N/A,Criciúma,Avaí,Bruno Arleu de Araujo,14,1.57,1.00,2.00,1.05,1,2,3,2,1,1,"19","12,88",6,3,0,1,2,0,0,1,1,1,19,10,6,5,13,5,12,12,63,37,1.96,1.20,1.91,1.09,2.48,63,79,47,23,7,47,72,31,68,12.60,4.74,2.20,2.92,3.80,1.65,3.04,6.00,9.20,2.40,1.53,Estádio Heriberto Hülse
1751137200,Jun 28 2025 - 7:00pm,complete,N/A,Vila Nova,Atlético GO,Rodrigo José Pereira de Lima,14,2.00,1.00,1.68,0.74,1,0,1,0,0,0,"84","",5,6,2,0,2,0,1,1,1,1,7,9,1,3,6,6,20,13,49,51,1.68,1.33,0.84,1.03,1.75,34,59,25,0,0,25,75,9,50,10.83,4.33,2.05,2.88,3.51,1.53,2.73,6.30,13.00,2.15,1.65,Estádio Onésio Brasileiro Alvarenga
1751146200,Jun 28 2025 - 9:30pm,complete,N/A,Atlético PR,Coritiba,Raphael Claus,14,1.86,1.14,1.84,1.74,0,1,1,0,0,0,"","64",7,4,1,0,0,0,0,1,0,0,19,11,3,4,16,7,15,10,45,55,1.75,1.19,1.74,1.12,1.86,43,50,36,7,7,7,50,43,72,13.43,5.29,2.18,2.78,3.75,1.67,2.93,6.50,17.00,2.38,1.53,N/A
1751223600,Jun 29 2025 - 7:00pm,complete,N/A,Athletic Club,Remo,Gustavo Ervino Bauermann,14,1.00,0.67,1.21,1.42,1,2,3,0,0,0,"70","78,90'4",10,2,3,0,3,0,1,2,1,2,20,6,9,3,11,3,9,16,56,44,1.29,1.25,2.26,0.72,2.42,67,92,42,9,0,17,67,59,100,12.17,4.33,2.36,3.07,2.69,1.37,2.25,4.70,9.00,2.00,1.77,N/A
1751223600,Jun 29 2025 - 7:00pm,complete,674,Volta Redonda,Operário PR,N/A,14,1.50,0.86,1.47,0.79,1,0,1,0,0,0,"81","",5,4,1,0,5,0,0,1,1,4,16,10,2,1,14,9,18,26,47,53,1.93,1.26,1.44,0.92,1.94,45,60,29,7,7,29,61,22,69,11.74,5.00,2.19,2.90,3.14,1.57,2.30,6.75,13.00,2.20,1.60,N/A
1751234400,Jun 29 2025 - 10:00pm,complete,N/A,Chapecoense,Goiás,Wagner do Nascimento Magalhaes,14,2.50,1.67,1.89,1.42,1,2,3,1,1,0,"15","90'7,89",5,4,3,1,1,0,3,1,1,0,10,19,3,5,7,14,17,6,37,63,1.42,1.20,0.99,2.02,2.25,50,67,58,9,0,25,67,42,67,10.83,4.34,2.25,2.95,3.43,1.46,2.55,5.00,10.00,2.11,1.69,Arena Condá
1751234400,Jun 29 2025 - 10:00pm,complete,N/A,Novorizontino,Amazonas,Savio Pereira Sampaio,14,2.43,0.17,2.00,0.42,1,1,2,2,1,1,"45'2","6",6,4,2,0,3,0,2,0,0,3,15,10,3,3,12,7,13,10,72,28,1.85,0.97,1.67,1.03,2.70,54,69,54,40,9,40,86,54,84,9.79,4.54,1.53,3.68,6.97,1.40,2.47,4.50,9.00,2.50,1.50,Estádio Dr. Jorge Ismael de Biasi
1751320800,Jun 30 2025 - 10:00pm,complete,N/A,Paysandu,Ferroviária,Jefferson Ferreira de Moraes,14,0.83,0.86,0.68,1.00,2,1,3,1,0,1,"65,68","43",5,5,3,0,4,0,1,2,2,2,13,10,5,2,8,8,12,16,51,49,1.70,1.39,1.65,1.03,1.68,38,54,30,7,0,32,54,22,61,11.46,4.88,1.92,3.24,4.25,1.44,2.69,4.20,8.50,2.20,1.62,Estádio Leônidas Sodré de Castro
1751328000,Jul 01 2025 - 12:00am,complete,N/A,Cuiabá,Botafogo SP,Lucas Casagrande,14,2.17,0.67,2.00,0.84,0,1,1,0,0,0,"","73",5,3,2,0,1,0,0,2,0,1,16,12,3,3,13,9,12,16,66,34,1.63,1.04,1.69,1.21,2.42,42,59,42,25,17,25,59,42,83,11.50,5.67,1.62,3.48,5.70,1.48,2.30,4.50,9.00,2.30,1.64,Arena Pantanal
1751589300,Jul 04 2025 - 12:35am,complete,3077,Atlético GO,CRB,N/A,15,1.71,0.71,2.00,0.74,2,1,3,2,1,1,"14,61","6",2,5,3,0,1,0,0,3,0,1,15,20,4,4,11,16,17,10,41,59,1.82,1.59,1.79,2.00,2.15,57,71,29,7,7,22,72,36,64,14.57,6.86,1.75,3.40,4.25,1.35,2.20,3.90,7.75,1.93,1.72,N/A
1751666400,Jul 04 2025 - 10:00pm,complete,N/A,Coritiba,Volta Redonda,Alisson Sidnei Furtado,15,2.67,0.29,1.84,0.42,2,0,2,2,2,0,"18,23","",3,5,6,0,2,0,1,5,0,2,11,17,5,7,6,10,24,21,39,61,1.25,1.29,1.17,1.84,1.54,23,54,16,0,0,16,54,31,54,11.10,5.29,1.65,3.32,5.70,1.55,2.87,5.50,9.30,2.45,1.55,Estádio Major Antônio Couto Pereira
1751742000,Jul 05 2025 - 7:00pm,complete,N/A,Remo,Cuiabá,Fabio Augusto de Sá Junior,15,2.29,1.14,1.84,0.84,0,0,0,0,0,0,"","",7,5,1,0,6,0,1,0,4,2,10,8,4,3,6,5,8,16,62,38,1.23,1.49,1.12,0.89,1.93,36,72,22,0,0,14,79,29,64,10.00,4.71,2.44,2.90,2.90,1.39,2.55,4.00,8.50,1.85,1.80,N/A
1751754600,Jul 05 2025 - 10:30pm,complete,N/A,Avaí,Paysandu,Felipe Fernandes de Lima,15,2.00,0.71,1.89,0.79,0,0,0,0,0,0,"","",2,1,1,0,3,0,0,1,1,2,18,3,5,1,13,2,12,22,70,30,1.54,1.13,2.03,0.40,1.79,36,43,36,15,0,14,43,36,64,9.29,5.43,1.71,3.30,4.98,1.36,2.25,4.05,8.20,2.10,1.61,Estádio Aderbal Ramos da Silva
1751758200,Jul 05 2025 - 11:30pm,complete,N/A,Amazonas,Atlético PR,Matheus Delgado Candançan,15,1.71,1.17,1.47,1.58,0,1,1,1,0,1,"","20",3,5,3,1,1,0,1,3,0,1,9,15,1,4,8,11,14,11,58,42,1.46,1.19,0.85,1.48,2.44,72,86,57,9,0,40,79,32,86,9.26,5.54,3.45,2.75,2.09,1.57,2.60,5.40,9.20,2.25,1.57,N/A
1751828400,Jul 06 2025 - 7:00pm,complete,N/A,Ferroviária,Vila Nova,Alex Gomes Stefano,15,2.00,0.57,1.11,0.79,1,3,4,2,1,1,"12","3,61,90'9",7,8,3,0,1,0,0,3,0,1,16,15,3,9,13,6,14,13,61,39,1.61,1.14,1.67,1.81,1.93,48,63,23,7,0,23,79,16,77,7.62,5.53,2.30,2.80,3.40,1.61,2.55,5.65,13.00,2.21,1.62,N/A
1751837400,Jul 06 2025 - 9:30pm,complete,N/A,Botafogo SP,Novorizontino,Lucas Canetto Bellote,15,1.29,1.33,1.37,1.16,0,0,0,0,0,0,"","",8,2,2,0,2,0,1,1,1,1,18,4,6,2,12,2,13,5,53,47,1.26,1.09,1.79,0.62,1.67,30,54,22,7,0,23,69,23,52,8.60,6.46,3.45,2.78,2.32,1.75,3.50,5.80,19.00,2.45,1.48,Estádio Santa Cruz
1751925600,Jul 07 2025 - 10:00pm,complete,N/A,Operário PR,Chapecoense,Bruno Pereira Vasconcelos,15,1.83,0.57,1.74,1.37,1,2,3,1,1,0,"26","67,90'9",1,2,1,0,4,0,1,0,1,3,19,12,7,6,12,6,12,12,55,45,1.54,1.34,1.94,1.49,1.87,31,55,32,9,0,16,40,31,69,8.79,4.19,1.74,3.00,4.85,1.57,2.88,6.20,12.50,2.70,1.44,Estádio Germano Krüger
1751932800,Jul 08 2025 - 12:00am,complete,N/A,América Mineiro,Athletic Club,Rafael Rodrigo Klein,15,2.00,0.86,1.53,1.11,0,1,1,1,0,1,"","17",8,9,2,0,1,0,0,2,0,1,19,12,1,6,18,6,14,11,55,45,1.56,1.08,1.58,1.53,2.64,50,64,57,29,7,43,64,36,79,10.86,4.86,1.82,3.50,4.85,1.39,2.40,4.40,8.75,1.97,1.67,Estádio Raimundo Sampaio
1752013800,Jul 08 2025 - 10:30pm,complete,N/A,Goiás,Criciúma,Luciano da Silva Miranda Filho,15,2.29,0.83,1.79,1.21,1,1,2,1,0,1,"49","4",8,6,2,1,4,0,0,3,2,2,12,14,3,2,9,12,23,14,51,49,1.67,1.13,1.34,1.18,2.15,55,69,38,7,0,31,77,23,77,10.88,5.96,1.82,3.10,5.00,1.56,2.60,5.50,9.30,2.25,1.60,Estádio de Hailé Pinheiro
1752194100,Jul 11 2025 - 12:35am,complete,N/A,CRB,Coritiba,Paulo Cesar Zanovelli,16,2.29,1.38,2.21,1.74,0,1,1,0,0,0,"","90",10,2,5,0,5,0,2,3,2,3,30,6,10,3,20,3,13,14,66,34,1.67,1.18,3.21,0.79,1.48,27,41,20,0,0,15,56,13,60,11.11,4.92,2.30,2.80,3.40,1.54,2.60,4.75,10.00,2.20,1.62,N/A
1752271200,Jul 11 2025 - 10:00pm,complete,N/A,Vila Nova,Operário PR,João Vitor Gobi,16,2.14,0.75,1.68,0.79,0,0,0,0,0,0,"","",5,0,3,0,3,0,3,0,1,2,10,6,5,3,5,3,19,18,46,54,1.56,1.22,1.35,0.80,2.11,32,59,40,7,7,40,60,26,66,10.64,5.11,1.94,2.87,3.30,1.60,2.88,6.19,12.50,2.30,1.57,Estádio Onésio Brasileiro Alvarenga
1752346800,Jul 12 2025 - 7:00pm,complete,N/A,Novorizontino,América Mineiro,Lucas Casagrande,16,2.25,0.86,2.00,0.89,3,1,4,2,1,1,"45,90'2,71","35",2,3,1,0,3,0,0,1,0,3,19,17,5,7,14,10,15,10,54,46,1.83,1.44,1.85,1.78,2.25,39,66,47,13,0,26,73,40,80,11.25,5.32,2.13,3.05,3.79,1.57,2.80,5.25,13.00,2.20,1.62,Estádio Dr. Jorge Ismael de Biasi
1752355800,Jul 12 2025 - 9:30pm,complete,N/A,Paysandu,Atlético GO,Kleber Ariel Gonçalves da Silva,16,1.14,0.86,0.68,0.74,2,2,4,3,1,2,"41,47","45'11,27",11,6,4,0,4,0,2,2,1,3,12,18,5,8,7,10,18,16,45,55,1.69,1.28,1.40,1.99,1.64,43,57,22,0,0,29,64,7,57,11.57,4.72,2.76,2.78,2.90,1.62,2.75,6.00,13.50,2.05,1.62,Estádio Leônidas Sodré de Castro
1752363000,Jul 12 2025 - 11:30pm,complete,N/A,Atlético PR,Goiás,Flavio Rodrigues De Souza,16,1.63,1.86,1.84,1.42,0,1,1,0,0,0,"","77",8,2,1,0,3,0,1,0,1,2,21,7,2,4,19,3,10,15,69,31,1.75,1.32,1.73,0.94,2.06,47,60,41,7,7,14,67,40,66,13.02,4.56,1.84,3.00,4.80,1.50,2.45,4.75,12.00,2.25,1.57,N/A
1752433200,Jul 13 2025 - 7:00pm,complete,N/A,Criciúma,Ferroviária,Yuri Elino Ferreira da Cruz,16,1.38,0.75,2.00,1.00,2,1,3,2,1,1,"43,77","10",12,2,3,0,4,0,2,1,2,2,16,11,8,3,8,8,20,11,51,49,1.95,1.34,2.04,1.17,2.19,50,63,50,19,7,32,57,38,82,12.51,5.38,1.88,3.05,4.60,1.44,2.55,4.90,11.00,2.20,1.58,Estádio Heriberto Hülse
1752442200,Jul 13 2025 - 9:30pm,complete,N/A,Chapecoense,Remo,Marcio Dos Santos Oliveira,16,2.14,1.00,1.89,1.42,1,1,2,0,0,0,"46","90'5",6,4,3,1,3,0,0,4,0,3,14,10,8,3,6,7,12,11,46,54,1.36,1.17,1.58,1.10,2.72,79,93,65,14,0,22,64,71,100,9.86,3.71,2.15,3.00,3.35,1.37,2.28,4.38,6.84,1.96,1.80,Arena Condá
1752530400,Jul 14 2025 - 10:00pm,complete,N/A,Athletic Club,Avaí,Wagner do Nascimento Magalhaes,16,0.86,1.29,1.21,1.05,4,0,4,2,2,0,"20,9,57,84","",5,7,3,0,2,1,1,2,1,2,9,9,7,0,2,9,11,7,54,46,1.43,1.19,1.40,0.85,2.57,72,93,57,7,0,36,79,43,79,10.71,5.00,2.42,2.88,3.15,1.44,2.25,4.33,9.50,2.00,1.80,N/A
1752539400,Jul 15 2025 - 12:30am,complete,N/A,Botafogo SP,Volta Redonda,Thaillan Azevedo Gomes,16,1.25,0.25,1.37,0.42,0,0,0,0,0,0,"","",6,6,3,0,2,0,2,1,2,0,12,15,2,3,10,12,14,11,54,46,1.32,1.36,1.17,1.39,1.69,32,57,26,7,0,25,63,25,57,10.25,5.38,2.14,2.80,3.50,1.73,3.00,6.00,12.00,2.45,1.50,Estádio Santa Cruz
1752618600,Jul 15 2025 - 10:30pm,complete,2421,Cuiabá,Amazonas,André Luis Skettino Policarpo Bento,16,1.86,0.29,2.00,0.42,3,1,4,3,2,1,"74,29,35","4",1,7,1,0,4,0,0,1,1,3,8,14,4,5,4,9,12,15,42,58,1.64,0.97,1.08,1.37,2.50,50,57,43,36,14,36,79,43,72,10.43,5.72,1.60,3.40,6.50,1.60,2.70,5.75,11.00,2.50,1.50,Arena Pantanal
1752791400,Jul 17 2025 - 10:30pm,complete,3600,Operário PR,CRB,Emerson Ricardo de Almeida Andrade,17,1.57,0.63,1.74,0.74,1,1,2,2,1,1,"18","2",5,5,3,1,3,1,2,2,0,4,18,9,3,2,15,7,11,15,60,40,1.59,1.64,1.68,0.86,2.21,53,73,48,7,0,20,73,34,73,12.13,4.89,2.20,2.97,4.55,1.47,2.50,5.00,9.30,2.15,1.70,Estádio Germano Krüger
1752798900,Jul 18 2025 - 12:35am,complete,32997,Remo,Novorizontino,Afro Rocha de Carvalho Filho,17,2.13,1.29,1.84,1.16,1,1,2,2,1,1,"10","45",5,7,3,0,2,0,1,2,2,0,10,18,2,4,8,14,10,13,52,48,1.21,1.02,0.97,1.69,1.32,20,47,7,0,0,14,60,14,40,7.25,6.36,2.83,2.82,3.06,1.58,2.75,5.75,12.00,2.25,1.52,N/A
1752876000,Jul 18 2025 - 10:00pm,complete,3077,Atlético GO,Criciúma,Paulo Roberto Alves Júnior,17,1.88,0.86,2.00,1.21,0,1,1,0,0,0,"","74",4,2,0,0,2,0,0,0,0,2,8,8,2,2,6,6,4,16,56,44,1.81,1.13,1.02,0.89,2.19,67,73,34,7,7,34,67,26,75,9.93,6.61,1.76,3.06,4.40,1.50,2.15,4.85,9.50,2.29,1.65,N/A
1752885000,Jul 19 2025 - 12:30am,complete,1526,Ferroviária,Athletic Club,Anderson Ribeiro Gonçalves,17,1.71,1.13,1.11,1.11,1,2,3,2,1,1,"10","45'8,58",2,2,4,4,2,0,3,5,1,1,9,7,5,2,4,5,16,15,40,60,1.62,1.14,1.12,0.97,2.40,48,68,40,20,7,34,82,27,80,9.71,5.46,1.79,3.23,3.97,1.50,2.20,4.90,9.00,2.05,1.74,N/A
1752951600,Jul 19 2025 - 7:00pm,complete,8992,Goiás,Cuiabá,Gustavo Ervino Bauermann,17,2.13,1.13,1.79,0.84,3,1,4,1,1,0,"17,78,90'5","50",2,5,4,0,2,1,1,3,2,1,14,7,4,3,10,4,15,9,62,38,1.63,1.41,1.59,0.78,2.07,44,75,32,7,0,19,82,32,69,12.88,5.75,1.85,3.10,3.90,1.47,2.50,4.40,12.00,2.27,1.60,Estádio de Hailé Pinheiro
1752960600,Jul 19 2025 - 9:30pm,complete,22612,Coritiba,Paysandu,Marcelo de Lima Henrique,17,2.71,0.75,1.84,0.79,2,5,7,4,1,3,"26,57","44,28,31,69,87",10,2,4,0,2,0,0,4,1,1,20,12,3,6,17,6,16,12,67,33,1.24,1.04,1.92,1.31,1.54,20,41,20,13,0,21,41,27,53,10.14,5.57,1.59,3.70,6.60,1.48,2.40,4.50,11.00,2.44,1.53,Estádio Major Antônio Couto Pereira
1752960600,Jul 19 2025 - 9:30pm,complete,4590,Avaí,Vila Nova,Maguielson Lima Barbosa,17,1.88,0.88,1.89,0.79,1,1,2,0,0,0,"72","87",10,6,0,0,3,0,0,0,1,2,20,13,6,5,14,8,12,16,47,53,1.60,1.22,2.06,1.42,1.88,38,50,38,13,0,26,57,32,69,8.38,4.88,2.28,2.90,3.60,1.50,3.00,4.70,11.00,2.30,1.57,Estádio Aderbal Ramos da Silva
1752967800,Jul 19 2025 - 11:30pm,complete,1622,Volta Redonda,Atlético PR,Fabiano Monteiro dos Santos,17,1.71,1.43,1.47,1.58,3,2,5,2,0,2,"81,55,67","24,39",3,4,3,0,4,1,0,3,1,4,14,14,6,4,8,10,17,19,43,57,1.86,1.23,1.31,1.28,2.00,58,58,43,7,0,22,72,22,79,10.86,4.43,2.97,3.11,2.17,1.48,2.52,5.55,10.00,2.20,1.62,N/A
1753038000,Jul 20 2025 - 7:00pm,complete,1237,Amazonas,Botafogo SP,Vinicius Gomes do Amaral,17,1.50,1.00,1.47,0.84,3,0,3,1,1,0,"3,52,60","",1,7,2,0,1,0,1,1,0,1,12,9,3,3,9,6,15,12,42,58,1.38,1.06,1.16,1.17,1.89,34,60,21,7,7,27,53,21,75,9.27,5.43,2.31,2.75,3.55,1.55,2.91,6.40,12.00,2.20,1.55,N/A
1753047000,Jul 20 2025 - 9:30pm,complete,1592,América Mineiro,Chapecoense,Fernando Antonio Mendes de Salles Nascimento Fillho,17,1.75,0.88,1.53,1.37,0,1,1,1,0,1,"","5",7,3,1,0,3,0,0,1,0,3,25,11,7,4,18,7,12,12,66,34,1.56,1.36,2.59,1.09,2.07,51,57,38,13,0,26,57,38,63,10.63,4.01,1.74,3.30,4.50,1.45,2.30,5.00,11.50,2.20,1.62,N/A
1753221600,Jul 22 2025 - 10:00pm,complete,3784,Operário PR,Atlético GO,Bruno Mota Correia,18,1.50,0.88,1.74,0.74,3,0,3,0,0,0,"87,90'11,67","",3,2,3,0,6,2,0,3,2,6,11,3,5,3,6,0,14,26,54,46,1.60,1.37,1.24,0.53,2.07,50,69,38,13,0,25,69,19,63,9.01,5.13,2.40,2.90,3.40,1.58,2.85,5.50,12.00,2.20,1.62,Estádio Germano Krüger
1753225200,Jul 22 2025 - 11:00pm,complete,12920,Atlético PR,Ferroviária,Alisson Sidnei Furtado,18,1.44,0.67,1.84,1.00,1,1,2,0,0,0,"63","82",11,1,0,0,4,0,0,0,0,4,27,7,8,2,19,5,13,14,59,41,1.75,1.33,2.47,0.61,2.11,50,62,45,11,6,17,62,44,84,11.11,5.00,1.45,3.60,6.60,1.45,1.95,5.00,9.50,2.30,1.57,N/A
1753230600,Jul 23 2025 - 12:30am,complete,3600,Athletic Club,Coritiba,Bruno Pereira Vasconcelos,18,1.13,1.56,1.21,1.74,1,1,2,2,1,1,"18","37",5,3,2,0,3,0,0,2,1,2,6,5,3,5,3,0,14,18,42,58,1.42,1.14,0.90,0.87,1.93,36,55,43,7,0,13,43,43,84,12.28,5.77,2.13,2.87,3.33,1.48,2.65,5.25,11.50,2.24,1.63,N/A
1753230900,Jul 23 2025 - 12:35am,complete,4647,Vila Nova,CRB,André Luis Skettino Policarpo Bento,18,2.00,0.67,1.68,0.74,2,0,2,1,1,0,"19,47","",5,7,2,0,2,0,1,1,2,0,13,23,6,6,7,17,12,12,28,72,1.54,1.56,1.46,2.52,1.81,40,58,29,0,0,29,70,18,59,13.78,5.00,2.02,2.83,3.69,1.50,2.30,4.95,9.50,2.37,1.66,Estádio Onésio Brasileiro Alvarenga
1753308000,Jul 23 2025 - 10:00pm,complete,7283,Chapecoense,Volta Redonda,João Vitor Gobi,18,2.00,0.33,1.89,0.42,4,2,6,4,3,1,"11,40,36,72","16,80",7,5,2,0,3,0,0,2,1,2,23,18,8,4,15,14,12,15,49,51,1.39,1.36,2.30,1.66,2.10,49,72,43,7,0,24,60,49,72,9.30,5.38,1.92,2.95,3.87,1.48,2.81,5.50,9.30,1.91,1.80,Arena Condá
1753308000,Jul 23 2025 - 10:00pm,complete,3587,Novorizontino,Goiás,Wagner do Nascimento Magalhaes,18,2.33,2.00,2.00,1.42,1,0,1,1,1,0,"21","",3,8,4,0,3,0,2,2,1,2,13,15,3,6,10,9,11,12,47,53,1.83,1.27,1.22,1.76,2.21,53,64,47,17,0,29,71,41,70,11.41,4.17,2.38,2.68,3.45,1.72,3.40,6.25,15.00,2.50,1.50,Estádio Dr. Jorge Ismael de Biasi
1753317000,Jul 24 2025 - 12:30am,complete,2219,Cuiabá,América Mineiro,Yuri Elino Ferreira da Cruz,18,2.00,0.75,2.00,0.89,3,1,4,2,1,1,"85,51,45'6","41",2,10,3,0,2,1,0,3,2,1,8,14,5,6,3,8,10,12,33,67,1.57,1.48,0.98,1.69,2.38,38,57,50,26,7,25,69,38,82,10.88,6.13,2.09,2.79,3.53,1.49,2.37,5.15,8.80,2.20,1.66,Arena Pantanal
1753317000,Jul 24 2025 - 12:30am,complete,1237,Amazonas,Paysandu,N/A,18,1.67,1.00,1.47,0.79,1,1,2,1,0,1,"53","30",13,3,3,0,1,1,1,2,1,1,22,11,4,2,18,9,13,6,68,32,1.36,1.07,2.18,1.03,1.95,33,50,28,17,6,22,50,28,67,8.45,5.78,2.06,2.84,3.53,1.48,2.50,4.90,9.30,2.10,1.70,N/A
1753394400,Jul 24 2025 - 10:00pm,complete,1657,Botafogo SP,Criciúma,Jonathan Benkenstein Pinheiro,18,1.22,1.13,1.37,1.21,0,2,2,1,0,1,"","6,56",6,5,1,0,2,0,1,0,2,0,20,13,4,5,16,8,16,10,57,43,1.31,1.10,1.82,1.32,1.72,48,54,29,6,0,24,60,18,72,9.91,5.08,2.95,2.83,2.84,1.61,3.10,6.05,10.00,2.25,1.58,Estádio Santa Cruz
1753403700,Jul 25 2025 - 12:35am,complete,44952,Remo,Avaí,Emerson Ricardo de Almeida Andrade,18,2.00,1.13,1.84,1.05,2,1,3,3,2,1,"29,45'2","3",7,2,3,0,1,1,1,2,0,2,13,17,7,6,6,11,9,15,50,50,1.19,1.14,1.62,1.91,2.22,54,78,37,13,0,43,84,25,54,8.71,4.94,2.35,2.90,2.87,1.46,2.20,5.50,9.00,2.16,1.66,N/A
1753565400,Jul 26 2025 - 9:30pm,complete,1313,Ferroviária,Operário PR,Afro Rocha de Carvalho Filho,19,1.50,0.78,1.11,0.79,0,0,0,0,0,0,"","",4,16,4,1,2,0,2,3,2,0,7,27,3,6,4,21,9,16,23,77,1.55,1.17,0.75,2.89,2.30,60,78,41,12,6,41,78,29,71,8.38,6.72,2.52,2.89,2.92,1.57,2.55,6.10,12.50,2.10,1.70,N/A
1753572600,Jul 26 2025 - 11:30pm,complete,13270,CRB,Novorizontino,Jefferson Ferreira de Moraes,19,2.00,1.25,2.21,1.16,4,0,4,1,1,0,"37,66,54,51","",3,10,1,0,3,0,1,0,1,2,17,19,6,5,11,14,11,12,50,50,1.86,1.10,1.52,1.58,1.44,25,50,7,0,0,25,69,7,44,9.00,6.26,2.36,2.88,3.25,1.55,3.10,6.50,11.00,2.48,1.54,Estádio Universitário da UFAL
1753642800,Jul 27 2025 - 7:00pm,complete,20708,Coritiba,Amazonas,Maguielson Lima Barbosa,19,2.38,0.25,1.84,0.42,1,1,2,1,1,0,"39","77",8,2,3,0,3,0,3,0,2,1,11,5,4,2,7,3,15,13,53,47,1.32,1.02,1.25,0.62,2.57,44,69,38,32,13,51,82,38,57,10.63,5.75,1.48,3.60,6.00,1.44,2.30,4.70,8.70,2.55,1.50,Estádio Major Antônio Couto Pereira
1753642800,Jul 27 2025 - 7:00pm,complete,1636,Volta Redonda,Vila Nova,Bruno Pereira Vasconcelos,19,1.88,0.89,1.47,0.79,2,1,3,1,1,0,"28,55","81",4,6,1,0,0,0,0,1,0,0,17,12,5,3,12,9,19,16,43,57,1.79,1.24,1.64,1.28,1.87,41,47,23,18,7,23,53,23,82,10.49,4.67,2.24,2.95,3.55,1.50,2.73,5.46,10.00,2.10,1.65,N/A
1753651800,Jul 27 2025 - 9:30pm,complete,1310,América Mineiro,Atlético PR,Marcelo de Lima Henrique,19,1.56,1.25,1.53,1.58,2,2,4,1,0,1,"53,90'7","36,67",4,2,2,0,1,0,1,1,0,1,12,9,3,5,9,4,13,17,54,46,1.68,1.24,1.33,1.14,2.68,72,72,66,24,7,42,89,42,66,10.67,4.66,2.29,3.00,3.10,1.44,2.30,4.75,9.50,1.95,1.70,N/A
1753653600,Jul 27 2025 - 10:00pm,complete,2838,Atlético GO,Chapecoense,Fabio Augusto de Sá Junior,19,1.67,1.11,2.00,1.37,0,0,0,0,0,0,"","",3,3,3,0,1,0,1,2,0,1,13,6,3,1,10,5,17,20,55,45,1.73,1.33,1.44,0.69,1.95,45,56,28,6,6,22,50,33,67,9.22,5.55,2.10,2.93,3.30,1.50,2.30,4.60,9.30,2.14,1.70,N/A
1753740000,Jul 28 2025 - 10:00pm,complete,4369,Avaí,Botafogo SP,Paulo Belence Alves dos Prazeres Filho,19,1.78,0.88,1.89,0.84,5,0,5,4,4,0,"88,39,9,13,45'2","",3,4,1,0,2,0,1,0,1,1,12,14,7,2,5,12,13,10,51,49,1.66,1.08,1.63,1.30,1.96,35,60,36,7,7,18,47,41,72,9.61,4.25,1.67,3.48,6.10,1.50,2.55,5.00,11.00,2.40,1.53,Estádio Aderbal Ramos da Silva
1753749000,Jul 29 2025 - 12:30am,complete,13152,Paysandu,Athletic Club,N/A,19,1.13,1.33,0.68,1.11,1,1,2,2,1,1,"26","24",6,6,4,0,3,0,1,3,1,2,16,15,6,6,10,9,11,18,47,53,1.65,1.12,1.66,1.74,2.28,42,60,47,18,6,47,65,18,76,12.05,5.17,2.30,2.98,3.20,1.44,2.30,4.80,11.00,2.12,1.75,Estádio Leônidas Sodré de Castro
1753831800,Jul 29 2025 - 11:30pm,complete,9114,Criciúma,Cuiabá,Lucas Guimarães Rechatiko Horn,19,1.56,1.00,2.00,0.84,1,0,1,1,1,0,"17","",1,4,5,0,1,0,3,2,1,0,12,6,2,0,10,6,19,19,44,56,1.96,1.34,0.93,0.40,2.28,50,73,45,17,6,34,67,33,78,14.45,5.12,1.95,2.90,3.81,1.48,2.47,5.25,13.00,2.35,1.57,Estádio Heriberto Hülse
1753835700,Jul 30 2025 - 12:35am,complete,11142,Goiás,Remo,Felipe Fernandes de Lima,19,2.22,1.00,1.79,1.42,1,1,2,1,0,1,"90'1","15",11,3,1,0,2,1,1,0,2,1,29,7,9,2,20,5,9,11,65,35,1.63,1.16,3.04,0.75,2.47,72,89,41,18,0,18,70,54,89,11.58,5.21,1.48,3.57,6.00,1.38,2.20,3.84,8.50,2.37,1.62,Estádio de Hailé Pinheiro
1754008500,Aug 01 2025 - 12:35am,complete,8919,Vila Nova,Coritiba,N/A,20,2.11,1.50,1.68,1.74,1,2,3,3,1,2,"25","14,45'2",3,3,4,0,6,1,1,3,4,3,22,13,4,3,18,10,13,9,59,41,1.53,1.11,2.18,1.27,1.43,21,37,21,0,0,16,43,16,58,11.39,4.90,2.42,2.60,3.11,1.57,3.04,6.55,12.00,2.45,1.55,Estádio Onésio Brasileiro Alvarenga
1754085600,Aug 01 2025 - 10:00pm,complete,23013,Remo,Ferroviária,Jefferson Ferreira de Moraes,20,2.10,0.70,1.84,1.00,0,2,2,1,0,1,"","54,45'4",7,5,1,1,1,0,1,1,1,0,16,16,6,7,10,9,17,8,45,55,1.23,1.25,1.88,1.75,1.90,50,65,35,5,0,25,65,30,60,8.40,5.70,1.90,3.40,4.58,1.36,2.15,3.90,6.50,1.80,1.64,N/A
1754094600,Aug 02 2025 - 12:30am,complete,2899,Operário PR,Criciúma,Savio Pereira Sampaio,20,1.67,1.33,1.74,1.21,1,0,1,0,0,0,"90","",8,3,0,0,3,1,0,0,1,3,14,6,3,0,11,6,9,13,65,35,1.56,1.13,1.51,0.56,2.11,50,73,39,6,0,22,62,28,78,8.22,5.23,1.87,3.11,3.78,1.48,2.77,5.55,11.00,2.38,1.53,Estádio Germano Krüger
1754170200,Aug 02 2025 - 9:30pm,complete,1360,Botafogo SP,América Mineiro,Fabio Augusto de Sá Junior,20,1.10,0.67,1.37,0.89,2,1,3,2,1,1,"20,70","35",1,6,3,0,4,0,1,2,0,4,11,13,3,6,8,7,18,19,53,47,1.36,1.51,1.07,1.49,2.02,32,59,43,16,0,27,69,32,69,11.13,5.76,3.00,3.00,2.31,1.50,2.55,4.75,11.00,2.05,1.70,Estádio Santa Cruz
1754177400,Aug 02 2025 - 11:30pm,complete,503,Amazonas,Goiás,Yuri Elino Ferreira da Cruz,20,1.60,1.78,1.47,1.42,2,2,4,3,1,2,"16,73","11,32",1,4,2,0,2,0,1,1,0,2,10,10,3,5,7,5,12,11,55,45,1.44,1.32,0.88,1.00,1.74,37,57,27,0,0,16,69,21,57,11.39,5.46,3.11,2.97,2.17,1.48,2.62,5.20,10.00,2.22,1.75,N/A
1754247600,Aug 03 2025 - 7:00pm,complete,4479,Chapecoense,CRB,Afro Rocha de Carvalho Filho,20,2.11,0.60,1.89,0.74,3,2,5,3,3,0,"6,37,27","67,73",4,6,4,0,1,0,3,1,1,0,12,17,6,4,6,13,8,11,49,51,1.49,1.65,1.40,1.71,2.61,69,85,54,11,6,32,79,49,85,12.59,5.23,1.96,3.35,4.02,1.38,2.21,3.80,9.00,1.96,1.75,Arena Condá
1754247600,Aug 03 2025 - 7:00pm,complete,2564,Novorizontino,Avaí,Fernando Antonio Mendes de Salles Nascimento Fillho,20,2.40,1.00,2.00,1.05,1,1,2,2,1,1,"26","32",7,7,3,0,2,0,2,1,0,2,19,8,7,6,12,2,7,18,60,40,1.77,1.23,2.16,1.27,2.70,69,85,59,26,0,54,90,42,68,9.61,4.34,2.14,3.00,4.00,1.53,2.63,5.56,11.00,2.20,1.55,Estádio Dr. Jorge Ismael de Biasi
1754256600,Aug 03 2025 - 9:30pm,complete,16208,Atlético PR,Paysandu,André Luis Skettino Policarpo Bento,20,1.40,1.00,1.84,0.79,1,1,2,0,0,0,"83","86",6,2,1,0,2,0,0,1,1,1,22,9,5,3,17,6,11,7,63,37,1.82,1.07,2.11,0.92,2.10,45,50,30,20,10,15,45,40,80,11.10,4.70,1.50,3.75,7.20,1.36,2.20,4.20,8.50,2.29,1.55,N/A
1754344800,Aug 04 2025 - 10:00pm,complete,2640,Athletic Club,Atlético GO,Lucas Canetto Bellote,20,1.11,0.78,1.21,0.74,1,1,2,2,1,1,"2","11",4,5,1,0,1,0,0,1,1,0,16,12,6,4,10,8,12,11,50,50,1.36,1.28,1.68,1.34,2.28,50,78,45,11,0,28,67,34,78,10.89,6.22,2.19,2.84,3.21,1.48,2.60,5.50,11.00,2.20,1.57,N/A
1754353800,Aug 05 2025 - 12:30am,complete,2062,Cuiabá,Volta Redonda,Maguielson Lima Barbosa,20,2.11,0.30,2.00,0.42,2,0,2,1,1,0,"20,59","",5,3,3,0,3,0,1,2,2,1,19,7,6,2,13,5,19,11,43,57,1.51,1.39,1.91,0.80,2.29,43,58,38,27,11,32,64,37,70,10.37,5.67,1.78,3.04,4.33,1.53,2.59,5.70,10.50,2.32,1.57,Arena Pantanal
1754690400,Aug 08 2025 - 10:00pm,complete,1885,Ferroviária,Amazonas,Bruno Pereira Vasconcelos,21,1.44,0.33,1.11,0.42,2,1,3,1,1,0,"10,85","46",9,1,2,0,3,0,1,1,1,2,12,9,4,3,8,6,10,14,60,40,1.46,0.98,1.36,0.94,2.45,67,78,39,28,6,45,95,28,67,8.11,6.78,1.97,3.15,3.65,1.53,2.50,4.90,11.50,2.00,1.67,N/A
1754699700,Aug 09 2025 - 12:35am,complete,36914,Coritiba,Chapecoense,Alex Gomes Stefano,21,2.22,1.10,1.84,1.37,0,0,0,0,0,0,"","",4,3,3,0,3,0,3,0,1,2,16,8,5,0,11,8,9,22,54,46,1.31,1.26,1.62,0.61,1.86,32,54,21,6,6,22,54,32,58,10.58,4.88,1.70,3.30,5.00,1.50,2.40,4.75,9.75,2.40,1.62,Estádio Major Antônio Couto Pereira
1754766000,Aug 09 2025 - 7:00pm,complete,4061,América Mineiro,Remo,Wagner do Nascimento Magalhaes,21,1.50,1.00,1.53,1.42,0,1,1,1,0,1,"","5",9,3,0,0,1,0,0,0,0,1,17,7,7,2,10,5,10,13,63,37,1.64,1.12,1.99,0.81,2.42,75,80,42,21,0,21,68,54,75,11.40,3.91,1.63,3.85,4.45,1.33,2.02,3.60,7.50,1.95,1.70,N/A
1754775000,Aug 09 2025 - 9:30pm,complete,9351,Goiás,Operário PR,Marcelo de Lima Henrique,21,2.10,0.80,1.79,0.79,2,1,3,2,1,1,"25,59","38",4,3,1,0,4,0,0,1,1,3,12,15,3,1,9,14,17,15,44,56,1.77,1.34,1.11,1.31,2.20,50,70,40,15,5,30,70,30,70,12.00,6.20,1.87,3.00,4.90,1.60,2.55,5.00,10.00,2.37,1.51,Estádio de Hailé Pinheiro
1754782200,Aug 09 2025 - 11:30pm,complete,1223,Volta Redonda,Novorizontino,José Mendonça da Silva Jr.,21,2.00,1.11,1.47,1.16,0,0,0,0,0,0,"","",11,4,3,0,0,0,2,1,0,0,15,5,6,3,9,2,15,11,53,47,1.78,1.16,1.45,0.57,1.67,33,50,17,11,6,17,62,22,56,10.33,5.45,2.50,2.85,3.16,1.50,2.73,5.20,10.00,2.25,1.55,N/A
1754852400,Aug 10 2025 - 7:00pm,complete,4369,Avaí,Cuiabá,André Luis Skettino Policarpo Bento,21,1.90,0.90,1.89,0.84,2,0,2,2,2,0,"21,35","",1,10,1,0,2,0,1,0,1,1,9,21,5,5,4,16,17,14,35,65,1.65,1.25,1.09,2.07,2.00,40,65,35,10,5,15,65,40,60,10.60,4.30,2.05,3.25,3.55,1.46,2.35,5.00,9.50,2.10,1.68,Estádio Aderbal Ramos da Silva
1754861400,Aug 10 2025 - 9:30pm,complete,3553,Atlético GO,Botafogo SP,Afro Rocha de Carvalho Filho,21,1.60,0.78,2.00,0.84,2,0,2,0,0,0,"64,88","",5,5,1,0,1,0,0,1,1,0,25,6,7,2,18,4,15,10,61,39,1.70,1.10,2.56,0.72,2.28,36,64,37,16,16,32,53,32,75,9.54,5.52,1.65,3.30,5.70,1.50,2.58,4.95,11.00,2.38,1.53,N/A
1754949600,Aug 11 2025 - 10:00pm,complete,9139,Criciúma,Atlético PR,João Vitor Gobi,21,1.70,1.22,2.00,1.58,4,2,6,3,1,2,"45'2,55,82,66","32,30",4,5,3,0,3,0,1,2,1,2,19,7,9,3,10,4,18,15,50,50,1.86,1.22,2.05,0.79,2.76,70,75,70,27,11,47,80,38,85,11.58,5.47,2.50,2.92,2.98,1.55,2.53,4.95,13.00,2.10,1.71,Estádio Heriberto Hülse
1754958600,Aug 12 2025 - 12:30am,complete,13152,Paysandu,Vila Nova,Jonathan Benkenstein Pinheiro,21,1.11,0.80,0.68,0.79,0,1,1,0,0,0,"","71",9,5,1,0,2,0,1,0,1,1,10,6,1,2,9,4,10,20,59,41,1.65,1.25,1.06,0.72,2.10,53,64,37,16,0,43,64,26,73,11.52,5.07,2.22,2.83,3.16,1.50,2.37,6.00,11.00,2.10,1.62,Estádio Leônidas Sodré de Castro
1755037800,Aug 12 2025 - 10:30pm,complete,4904,CRB,Athletic Club,Rafael Rodrigo Klein,21,2.11,1.30,2.21,1.11,1,0,1,0,0,0,"60","",8,4,1,0,2,1,1,0,0,3,20,6,6,3,14,3,13,13,48,52,1.82,1.18,2.07,0.77,2.20,31,58,36,16,5,36,74,16,74,10.02,5.14,2.23,2.95,3.35,1.42,2.48,4.75,11.00,2.10,1.73,Estádio Universitário da UFAL
1755218100,Aug 15 2025 - 12:35am,complete,1418,Novorizontino,Coritiba,Afro Rocha de Carvalho Filho,22,2.27,1.64,2.00,1.74,1,2,3,1,0,1,"77","88,18",4,6,5,0,4,0,0,5,1,3,18,9,3,4,15,5,14,17,59,41,1.81,1.13,1.71,1.06,1.95,50,55,36,14,0,32,59,32,64,10.91,5.27,2.30,2.71,3.80,1.70,3.20,6.84,11.00,2.47,1.50,Estádio Dr. Jorge Ismael de Biasi
1755298800,Aug 15 2025 - 11:00pm,complete,2789,Amazonas,América Mineiro,Jefferson Ferreira de Moraes,22,1.55,0.60,1.47,0.89,2,2,4,1,1,0,"38,55","79,90'9",5,4,5,0,5,0,2,3,1,4,12,16,5,5,7,11,14,13,41,59,1.39,1.50,1.25,1.44,2.25,43,72,44,15,0,34,77,29,77,10.49,6.42,2.73,2.95,2.75,1.50,2.41,4.60,12.00,2.04,1.70,N/A
1755370800,Aug 16 2025 - 7:00pm,complete,32123,Remo,Botafogo SP,Bruno Pereira Vasconcelos,22,1.91,0.70,1.84,0.84,1,1,2,1,1,0,"27","50",3,6,2,0,2,0,1,1,1,1,17,9,5,2,12,7,9,10,57,43,1.29,1.06,1.75,0.99,2.12,28,67,29,10,10,29,62,25,68,9.32,4.65,1.75,3.36,5.00,1.45,2.60,0.00,0.00,2.25,1.57,N/A
1755379800,Aug 16 2025 - 9:30pm,complete,9960,Vila Nova,Goiás,Anderson Daronco,22,1.90,1.70,1.68,1.42,2,0,2,1,1,0,"1,80","",1,2,5,0,3,0,2,3,1,2,9,10,3,3,6,7,28,11,27,73,1.59,1.29,0.92,1.17,1.80,30,50,35,5,0,25,65,15,50,11.30,4.70,2.87,2.70,2.80,1.76,3.40,7.00,17.00,2.38,1.53,Estádio Onésio Brasileiro Alvarenga
1755387000,Aug 16 2025 - 11:30pm,complete,14956,Atlético PR,Cuiabá,Marcelo de Lima Henrique,22,1.36,0.82,1.84,0.84,1,1,2,0,0,0,"90'2","90'4",8,3,1,0,1,0,0,1,0,1,17,9,4,2,13,7,9,17,74,26,1.84,1.32,1.49,0.73,2.05,46,69,27,9,5,14,64,46,73,13.36,4.09,1.73,3.20,4.80,1.40,2.70,5.50,10.00,2.30,1.60,N/A
1755457200,Aug 17 2025 - 7:00pm,complete,11148,Chapecoense,Paysandu,Leo Simão,22,2.20,1.00,1.89,0.79,2,0,2,1,1,0,"20,56","",7,10,4,0,2,0,1,3,0,2,20,21,7,3,13,18,11,7,53,47,1.48,1.05,2.02,1.80,2.70,63,68,54,29,15,29,53,58,87,8.35,5.32,2.03,3.15,4.33,1.53,2.60,5.40,13.00,2.25,1.57,Arena Condá
1755466200,Aug 17 2025 - 9:30pm,complete,4178,Atlético GO,Ferroviária,Lucas Guimarães Rechatiko Horn,22,1.73,0.91,2.00,1.00,1,3,4,1,0,1,"53","21,56,90'9",6,4,6,0,1,0,4,2,1,0,14,14,5,4,9,10,17,17,56,44,1.78,1.30,1.63,1.27,2.05,50,69,36,9,5,23,55,41,73,9.00,6.00,1.77,3.10,4.80,1.50,2.50,4.80,9.50,2.20,1.55,N/A
1755554400,Aug 18 2025 - 10:00pm,complete,1556,Volta Redonda,CRB,Lucas Casagrande,22,1.90,0.55,1.47,0.74,0,1,1,1,0,1,"","16",3,8,1,1,5,0,1,1,1,4,19,15,4,4,15,11,13,18,50,50,1.74,1.66,1.81,1.49,1.98,52,61,28,10,10,23,71,24,72,14.15,4.73,2.37,2.97,3.53,1.47,2.45,4.75,9.50,2.00,1.73,N/A
1755561600,Aug 19 2025 - 12:00am,complete,2021,Athletic Club,Criciúma,Jonathan Benkenstein Pinheiro,22,1.10,1.20,1.21,1.21,1,1,2,1,0,1,"60","4",8,3,3,0,1,1,2,1,2,0,21,9,5,3,16,6,7,9,75,25,1.40,1.07,2.45,0.91,2.15,55,75,35,5,0,30,65,30,85,10.20,5.50,2.30,3.05,3.37,1.53,2.45,5.52,10.00,2.10,1.70,N/A
1755642600,Aug 19 2025 - 10:30pm,complete,4763,Operário PR,Avaí,João Vitor Gobi,22,1.80,1.00,1.74,1.05,0,0,0,0,0,0,"","",7,3,3,0,3,0,1,2,1,2,14,9,4,3,10,6,10,13,66,34,1.56,1.23,1.33,0.88,2.50,60,85,55,15,0,45,75,35,60,8.80,4.70,2.10,3.10,3.50,1.50,2.95,6.10,9.10,2.15,1.71,Estádio Germano Krüger
1755900000,Aug 22 2025 - 10:00pm,complete,1833,Athletic Club,Chapecoense,Marcelo de Lima Henrique,23,1.09,1.09,1.21,1.37,0,4,4,0,0,0,"","80,53,58,68",3,4,2,0,1,0,0,2,1,0,13,15,2,7,11,8,8,7,49,51,1.49,1.20,1.21,1.63,1.91,46,64,32,5,0,23,55,36,69,10.00,4.82,1.95,3.10,3.05,1.44,2.30,4.40,9.25,2.00,1.67,N/A
1755909300,Aug 23 2025 - 12:35am,complete,8383,Criciúma,Novorizontino,Leo Simão,23,1.82,1.10,2.00,1.16,2,0,2,0,0,0,"63,79","",4,1,3,0,4,1,2,1,3,2,15,8,4,0,11,8,9,17,54,46,1.88,1.10,1.47,0.69,2.02,38,57,33,19,9,38,62,24,56,11.65,6.02,2.03,3.00,3.65,1.62,3.02,6.50,11.00,2.30,1.55,Estádio Heriberto Hülse
1755975600,Aug 23 2025 - 7:00pm,complete,14266,Coritiba,Remo,Jefferson Ferreira de Moraes,23,2.10,1.20,1.84,1.42,0,0,0,0,0,0,"","",8,3,3,1,4,0,1,3,1,3,16,9,5,5,11,4,8,17,57,43,1.34,1.09,1.83,1.09,2.15,55,75,25,10,5,20,60,45,70,11.30,4.80,1.69,3.07,4.90,1.48,2.40,4.50,9.10,2.34,1.53,Estádio Major Antônio Couto Pereira
1755982800,Aug 23 2025 - 9:00pm,complete,9931,Goiás,América Mineiro,N/A,23,2.18,0.64,1.79,0.89,1,0,1,0,0,0,"54","",2,1,2,0,2,0,1,1,1,1,10,3,1,1,9,2,21,14,39,61,1.71,1.50,0.97,0.55,2.55,55,78,55,23,0,32,87,36,82,11.82,6.64,1.67,3.50,5.34,1.36,2.09,3.98,7.20,2.00,1.60,Estádio de Hailé Pinheiro
1755991800,Aug 23 2025 - 11:30pm,complete,7742,CRB,Atlético PR,Wagner do Nascimento Magalhaes,23,2.20,1.10,2.21,1.58,0,1,1,0,0,0,"","48",6,1,1,0,1,0,0,1,0,1,13,16,2,4,11,12,11,17,65,35,1.85,1.18,1.04,1.38,2.65,55,70,55,25,10,35,85,35,80,9.40,5.00,2.43,3.10,2.90,1.38,2.30,4.10,8.70,1.90,1.91,Estádio Universitário da UFAL
1756062000,Aug 24 2025 - 7:00pm,complete,11582,Paysandu,Operário PR,Lucas Canetto Bellote,23,1.00,0.73,0.68,0.79,1,2,3,2,1,1,"27","50,40",8,3,1,0,4,0,0,1,1,3,15,6,2,4,13,2,8,16,49,51,1.59,1.34,1.35,0.88,2.00,48,62,38,10,5,48,58,19,62,12.40,5.68,2.47,2.95,3.20,1.53,2.50,5.00,11.00,2.10,1.65,Estádio Leônidas Sodré de Castro
1756071000,Aug 24 2025 - 9:30pm,complete,2185,Ferroviária,Volta Redonda,Luiz Augusto Silveira Tisne,23,1.60,0.27,1.11,0.42,0,0,0,0,0,0,"","",3,6,2,1,2,0,1,2,0,2,10,17,4,8,6,9,18,19,51,49,1.45,1.34,1.10,2.04,2.06,49,72,29,10,5,29,77,29,63,9.35,6.60,2.14,3.15,3.60,1.51,2.50,4.75,10.00,2.15,1.58,N/A
1756078200,Aug 24 2025 - 11:30pm,complete,7913,Cuiabá,Atlético GO,Afro Rocha de Carvalho Filho,23,2.20,0.80,2.00,0.74,2,2,4,2,1,1,"19,47","14,90",4,4,4,0,3,0,2,2,2,1,19,8,15,3,4,5,22,16,44,56,1.55,1.28,2.28,0.76,2.30,50,65,40,25,5,30,70,25,75,10.20,5.90,2.05,2.90,3.80,1.48,2.55,4.75,10.00,2.20,1.62,Arena Pantanal
1756159200,Aug 25 2025 - 10:00pm,complete,1640,Botafogo SP,Vila Nova,Bruno Arleu de Araujo,23,1.27,1.00,1.37,0.79,2,0,2,0,0,0,"87,59","",4,1,2,0,4,1,0,2,2,3,12,6,5,3,7,3,13,16,62,38,1.33,1.20,1.43,0.75,1.91,41,55,36,14,0,27,60,27,78,9.72,4.63,2.58,2.79,2.95,1.69,3.15,7.52,11.00,2.25,1.57,Estádio Santa Cruz
1756168200,Aug 26 2025 - 12:30am,complete,5056,Avaí,Amazonas,Edina Alves Batista,23,2.00,0.30,1.89,0.42,1,2,3,0,0,0,"90'3","55,90'7",8,2,3,0,6,0,1,2,2,4,19,8,4,4,15,4,16,18,62,38,1.60,0.97,1.79,1.02,2.40,53,72,43,25,10,39,78,38,63,8.05,4.82,1.60,3.41,4.90,1.36,2.25,4.33,8.50,2.20,1.60,Estádio Aderbal Ramos da Silva
1756427700,Aug 29 2025 - 12:35am,complete,31351,Remo,Criciúma,André Luis Skettino Policarpo Bento,24,1.83,1.18,1.84,1.21,0,1,1,0,0,0,"","90'11",5,2,0,0,6,0,0,0,3,3,15,6,6,1,9,5,10,27,59,41,1.33,1.06,1.61,0.65,1.79,49,66,18,0,0,22,70,9,71,8.67,5.41,3.00,2.86,3.10,1.66,2.97,6.17,9.30,2.20,1.62,N/A
1756504800,Aug 29 2025 - 10:00pm,complete,5758,Operário PR,Coritiba,Flavio Rodrigues De Souza,24,1.73,1.75,1.74,1.74,1,0,1,1,1,0,"1","",4,7,5,0,6,0,2,3,2,4,17,8,3,1,14,7,22,12,41,59,1.54,1.12,1.43,0.87,1.79,39,53,39,5,0,18,44,31,61,9.97,5.69,2.40,2.65,3.15,1.68,2.88,5.95,15.50,2.39,1.58,Estádio Germano Krüger
1756580400,Aug 30 2025 - 7:00pm,complete,5289,CRB,Paysandu,Edina Alves Batista,24,2.00,0.92,2.21,0.79,2,0,2,0,0,0,"49,90'7","",7,3,0,0,2,0,0,0,0,2,13,18,4,4,9,14,11,10,53,47,1.77,1.11,1.43,1.78,1.91,30,48,22,17,4,18,53,21,74,9.63,4.93,1.69,3.30,4.40,1.38,2.20,3.70,7.10,1.98,1.75,Estádio Universitário da UFAL
1756589400,Aug 30 2025 - 9:30pm,complete,8864,Goiás,Botafogo SP,Wagner do Nascimento Magalhaes,24,2.25,0.73,1.79,0.84,2,3,5,2,1,1,"82,1","71,85,8",10,2,1,0,5,0,1,0,1,4,17,10,5,5,12,5,10,16,68,32,1.65,1.06,1.93,1.13,2.39,43,74,39,18,9,26,69,31,87,10.81,4.92,1.48,3.75,7.30,1.42,2.40,4.35,9.50,2.73,1.49,Estádio de Hailé Pinheiro
1756596600,Aug 30 2025 - 11:30pm,complete,12254,Atlético PR,Novorizontino,N/A,24,1.33,1.00,1.84,1.16,2,1,3,2,1,1,"29,49","36",4,6,0,0,1,0,0,0,0,1,21,13,7,3,14,10,14,12,51,49,1.82,1.06,1.87,1.10,1.77,38,61,17,9,4,13,49,43,64,11.24,5.03,1.92,3.18,4.80,1.47,2.76,5.15,10.00,2.30,1.58,N/A
1756666800,Aug 31 2025 - 7:00pm,complete,3119,Atlético GO,Amazonas,Gustavo Ervino Bauermann,24,1.58,0.55,2.00,0.42,2,0,2,1,1,0,"45,56","",4,1,3,0,2,0,3,0,1,1,11,4,3,0,8,4,19,19,48,52,1.76,0.98,1.18,0.47,2.50,62,75,44,27,9,35,71,44,70,8.53,6.60,1.77,3.30,4.60,1.40,2.25,4.50,10.00,2.19,1.60,N/A
1756675800,Aug 31 2025 - 9:30pm,complete,1612,Volta Redonda,Athletic Club,Luciano da Silva Miranda Filho,24,1.73,1.18,1.47,1.11,0,2,2,0,0,0,"","63,78",7,2,6,0,3,0,3,3,2,1,19,5,8,5,11,0,15,19,59,41,1.75,1.14,2.14,0.97,1.96,36,46,32,14,9,27,60,18,73,11.00,4.82,2.13,3.05,3.25,1.50,2.57,4.96,9.00,2.08,1.67,N/A
1756764000,Sep 01 2025 - 10:00pm,complete,10006,Chapecoense,Vila Nova,Fabio Augusto de Sá Junior,24,2.27,0.92,1.89,0.79,2,2,4,2,1,1,"41,62","45'10,64",10,0,3,1,7,0,1,3,3,4,17,10,3,3,14,7,10,23,66,34,1.53,1.16,1.59,0.95,2.63,58,75,53,22,9,31,62,58,96,9.08,5.31,1.92,3.20,4.27,1.52,2.60,4.75,10.00,2.20,1.58,Arena Condá
1756773000,Sep 02 2025 - 12:30am,complete,1704,Ferroviária,Cuiabá,N/A,24,1.55,0.83,1.11,0.84,2,2,4,2,2,0,"30,43","71,77",1,7,4,0,4,0,1,3,2,2,3,16,1,5,2,11,10,20,50,50,1.42,1.27,0.37,1.79,2.00,53,74,31,9,0,22,79,35,61,10.47,5.80,2.29,2.80,3.08,1.50,2.40,0.00,0.00,0.00,0.00,N/A
1756852200,Sep 02 2025 - 10:30pm,complete,1688,América Mineiro,Avaí,Paulo Belence Alves dos Prazeres Filho,24,1.36,1.00,1.53,1.05,2,0,2,1,1,0,"34,53","",4,3,1,0,1,0,0,1,0,1,12,17,4,4,8,13,9,12,48,52,1.67,1.20,1.23,1.55,2.41,64,73,50,23,0,46,87,32,45,10.91,4.09,2.85,2.91,2.70,1.50,2.50,4.95,9.50,2.05,1.70,N/A
1757102400,Sep 05 2025 - 8:00pm,complete,1558,Amazonas,Remo,Matheus Delgado Candançan,25,1.50,1.18,1.47,1.42,1,3,4,1,0,1,"90","25,67,90'6",7,2,3,0,3,0,3,0,1,2,19,10,3,5,16,5,15,17,61,39,1.38,1.09,1.80,1.16,2.13,62,79,30,13,0,17,65,40,79,9.72,5.18,2.15,3.04,3.50,1.50,2.60,4.75,11.50,1.98,1.70,N/A
1757109600,Sep 05 2025 - 10:00pm,complete,12737,Paysandu,Volta Redonda,Davi de Oliveira Lacerda,25,0.91,0.33,0.68,0.42,1,2,3,1,1,0,"25","90'4,90",6,9,4,0,2,0,2,2,0,2,15,19,6,4,9,15,13,1,41,59,1.57,1.40,1.59,1.82,1.88,40,61,27,9,4,40,61,17,57,12.12,5.28,1.91,3.05,4.20,1.47,2.31,4.40,10.00,2.18,1.69,Estádio Leônidas Sodré de Castro
1757118600,Sep 06 2025 - 12:30am,complete,20708,Coritiba,Ferroviária,N/A,25,2.00,1.08,1.84,1.00,4,0,4,0,0,0,"47,59,73,88","",10,2,3,0,2,0,2,1,1,1,19,9,6,1,13,8,11,10,52,48,1.39,1.30,1.90,0.79,2.04,43,65,34,13,5,22,61,39,64,10.56,5.75,1.50,3.50,5.30,1.44,2.33,4.15,8.10,2.20,1.62,Estádio Major Antônio Couto Pereira
1757185200,Sep 06 2025 - 7:00pm,complete,3862,Botafogo SP,Atlético PR,Yuri Elino Ferreira da Cruz,25,1.42,1.27,1.37,1.58,1,3,4,1,0,1,"66","16,90'1,90'14",4,2,0,0,3,1,0,0,2,2,14,7,4,4,10,3,7,15,54,46,1.34,1.20,1.42,0.92,2.51,58,70,58,22,9,35,75,40,79,8.89,4.80,3.85,2.85,1.96,1.52,2.30,4.70,11.00,2.15,1.65,Estádio Santa Cruz
1757271600,Sep 07 2025 - 7:00pm,complete,15570,Criciúma,Chapecoense,Felipe Fernandes de Lima,25,1.92,1.25,2.00,1.37,2,0,2,2,2,0,"10,14","",6,6,4,0,1,1,1,3,2,0,16,18,5,4,11,14,15,8,60,40,1.84,1.24,1.65,1.72,2.08,38,55,38,17,9,29,46,33,71,10.92,4.91,2.00,3.10,3.70,1.44,2.33,4.40,8.50,2.05,1.63,Estádio Heriberto Hülse
1757280600,Sep 07 2025 - 9:30pm,complete,2764,América Mineiro,Operário PR,Bruno Pereira Vasconcelos,25,1.50,0.92,1.53,0.79,1,1,2,2,1,1,"21","33",5,2,2,0,1,0,1,1,0,1,11,9,4,5,7,4,14,14,57,43,1.64,1.30,1.30,1.10,2.21,50,63,46,17,4,38,71,29,59,11.25,4.83,2.15,2.98,3.55,1.50,2.47,4.75,10.00,2.23,1.67,N/A
1757287800,Sep 07 2025 - 11:30pm,complete,6133,Avaí,Goiás,Fernando Antonio Mendes de Salles Nascimento Fillho,25,1.83,1.55,1.89,1.42,2,1,3,1,1,0,"17,52","62",5,9,3,0,3,0,1,2,1,2,16,18,2,3,14,15,14,16,45,55,1.62,1.28,1.24,1.39,2.00,39,61,39,9,4,22,62,30,57,10.19,4.47,2.25,3.10,3.90,1.50,2.61,4.75,10.00,2.05,1.65,Estádio Aderbal Ramos da Silva
1757370600,Sep 08 2025 - 10:30pm,complete,1896,Novorizontino,Atlético GO,Jonathan Benkenstein Pinheiro,25,2.08,0.82,2.00,0.74,1,1,2,0,0,0,"69","86",10,1,1,0,2,0,0,1,2,0,19,9,4,2,15,7,21,15,64,36,1.80,1.24,1.77,0.83,2.34,61,74,43,22,0,39,78,34,70,10.05,5.43,2.36,2.95,3.20,1.59,2.67,5.45,11.50,2.20,1.58,Estádio Dr. Jorge Ismael de Biasi
1757372400,Sep 08 2025 - 11:00pm,complete,2309,Cuiabá,CRB,Kleber Ariel Gonçalves da Silva,25,2.09,0.75,2.00,0.74,1,0,1,1,1,0,"9","",4,4,2,0,2,0,1,1,1,1,21,12,9,4,12,8,21,8,34,66,1.61,1.64,2.08,1.17,2.49,57,70,44,27,9,35,83,35,79,13.03,5.74,2.09,3.00,3.90,1.50,2.55,5.00,8.80,2.12,1.67,Arena Pantanal
1757377800,Sep 09 2025 - 12:30am,complete,5470,Vila Nova,Athletic Club,Lucas Canetto Bellote,25,2.00,1.33,1.68,1.11,1,1,2,1,1,0,"29","66",5,1,1,0,4,0,0,1,1,3,11,12,3,2,8,10,10,12,44,56,1.53,1.13,1.21,1.17,2.03,26,57,35,9,4,35,61,17,69,9.68,5.28,2.30,2.87,3.48,1.50,2.70,5.00,9.30,2.10,1.65,Estádio Onésio Brasileiro Alvarenga
1757714400,Sep 12 2025 - 10:00pm,complete,1706,Volta Redonda,Criciúma,Leo Simão,26,1.58,1.33,1.47,1.21,0,0,0,0,0,0,"","",6,2,3,0,3,0,0,3,1,2,8,10,2,1,6,9,13,20,47,53,1.78,1.02,0.71,0.86,1.67,42,50,17,4,4,13,54,17,80,10.16,5.50,2.71,2.95,3.00,1.51,2.40,4.60,9.20,2.07,1.70,N/A
1757723400,Sep 13 2025 - 12:30am,complete,14421,Coritiba,Goiás,Alex Gomes Stefano,26,2.08,1.42,1.84,1.42,0,0,0,0,0,0,"","",4,7,2,1,7,0,0,3,1,6,24,5,6,1,18,4,10,14,67,33,1.43,1.29,2.35,0.67,2.00,34,58,34,13,4,21,63,29,54,12.59,5.58,2.00,2.92,4.85,1.58,2.63,5.66,10.00,2.35,1.58,Estádio Major Antônio Couto Pereira
1757790000,Sep 13 2025 - 7:00pm,complete,9589,Paysandu,América Mineiro,Afro Rocha de Carvalho Filho,26,0.83,0.58,0.68,0.89,0,0,0,0,0,0,"","",8,4,1,0,1,0,0,1,0,1,17,13,1,2,16,11,13,7,52,48,1.57,1.42,1.43,1.23,2.29,50,67,50,17,0,42,71,30,75,12.25,6.08,2.41,2.79,2.88,1.40,2.30,4.18,9.50,1.85,1.83,Estádio Leônidas Sodré de Castro
1757799000,Sep 13 2025 - 9:30pm,complete,5709,Vila Nova,Remo,N/A,26,1.92,1.33,1.68,1.42,1,1,2,0,0,0,"57","83",6,3,2,0,1,0,1,1,0,1,20,2,3,1,17,1,19,14,60,40,1.51,1.09,1.92,0.30,2.00,50,71,29,9,0,17,63,33,71,9.59,4.58,2.25,2.80,3.55,1.57,2.30,5.15,9.00,2.21,1.64,Estádio Onésio Brasileiro Alvarenga
1757876400,Sep 14 2025 - 7:00pm,complete,4215,Operário PR,Cuiabá,Marcio Dos Santos Oliveira,26,1.83,0.85,1.74,0.84,1,1,2,1,0,1,"78","19",7,3,3,1,3,0,1,3,1,2,12,12,1,5,11,7,13,22,62,38,1.53,1.31,1.15,1.30,2.04,40,68,37,12,0,20,64,40,60,10.50,4.96,1.98,2.96,3.61,1.57,2.40,5.80,9.20,2.27,1.58,Estádio Germano Krüger
1757885400,Sep 14 2025 - 9:30pm,complete,2157,Athletic Club,Botafogo SP,N/A,26,1.00,0.92,1.21,0.84,2,0,2,0,0,0,"52,80","",3,3,2,0,3,0,0,2,1,2,10,8,3,2,7,6,10,18,53,47,1.47,1.06,1.20,0.90,2.63,46,84,46,21,13,33,63,46,88,10.42,4.91,1.70,3.34,4.80,1.46,2.60,4.50,9.50,2.31,1.60,N/A
1757973600,Sep 15 2025 - 10:00pm,complete,1919,Ferroviária,Novorizontino,Fabiano Monteiro dos Santos,26,1.50,0.92,1.11,1.16,1,2,3,2,1,1,"3","46,44",6,8,1,0,3,1,0,1,0,4,10,22,4,6,6,16,9,14,53,47,1.33,1.06,1.20,2.27,1.88,46,67,30,13,0,29,71,29,55,8.41,6.75,2.95,2.80,2.74,1.56,2.65,5.25,10.00,2.24,1.63,N/A
1757982600,Sep 16 2025 - 12:30am,complete,9101,CRB,Amazonas,N/A,26,2.08,0.50,2.21,0.42,2,0,2,1,1,0,"18,80","",3,2,2,0,1,1,1,1,1,1,13,7,2,0,11,7,12,9,76,24,1.75,0.94,1.25,0.54,2.25,42,67,34,21,4,30,75,30,75,8.84,5.17,1.75,3.28,4.90,1.44,2.29,4.41,9.30,2.25,1.68,Estádio Universitário da UFAL
1758061800,Sep 16 2025 - 10:30pm,complete,3586,Atlético GO,Avaí,Maguielson Lima Barbosa,26,1.69,0.92,2.00,1.05,2,1,3,2,1,1,"33,81","26",7,1,4,0,4,1,1,3,2,3,25,4,9,1,16,3,16,16,69,31,1.72,1.23,2.49,0.38,2.33,57,81,41,16,4,41,73,32,60,9.25,5.64,2.10,3.05,3.80,1.46,2.24,4.30,9.10,2.25,1.81,N/A
1758069300,Sep 17 2025 - 12:35am,complete,4371,Chapecoense,Atlético PR,Wagner do Nascimento Magalhaes,26,2.17,1.42,1.89,1.58,2,3,5,1,0,1,"48,53","42,58,72",5,2,3,0,2,0,3,0,2,0,13,10,5,6,8,4,15,12,58,42,1.53,1.18,1.48,1.19,3.29,79,88,79,38,17,42,84,67,96,8.92,5.58,2.73,3.08,2.52,1.48,2.40,4.65,9.00,2.00,1.75,Arena Condá
1758232800,Sep 18 2025 - 10:00pm,complete,1165,Botafogo SP,Operário PR,Jefferson Ferreira de Moraes,27,1.31,0.92,1.37,0.79,1,1,2,1,0,1,"84","45'2",2,7,4,0,3,0,4,0,2,1,6,17,1,5,5,12,13,15,44,56,1.35,1.29,0.66,1.68,2.04,46,66,42,12,4,39,62,27,66,9.77,5.16,2.75,2.75,2.64,1.62,2.88,6.00,12.00,2.25,1.52,Estádio Santa Cruz
1758319200,Sep 19 2025 - 10:00pm,complete,2376,Novorizontino,Athletic Club,Fernando Antonio Mendes de Salles Nascimento Fillho,27,2.00,1.31,2.00,1.11,1,0,1,0,0,0,"90'2","",9,5,3,0,3,1,1,2,0,4,19,2,4,0,15,2,12,15,58,42,1.80,1.13,1.98,0.35,2.39,54,70,42,19,4,38,70,39,81,10.08,5.07,1.83,3.15,4.75,1.50,2.45,5.07,10.00,2.19,1.60,Estádio Dr. Jorge Ismael de Biasi
1758394800,Sep 20 2025 - 7:00pm,complete,7018,Goiás,Paysandu,Paulo Cesar Zanovelli,27,2.08,0.85,1.79,0.79,1,0,1,0,0,0,"87","",5,3,1,0,2,1,1,0,1,2,19,10,7,5,12,5,13,16,58,42,1.67,1.17,2.07,1.26,2.31,50,66,35,23,8,23,62,35,81,10.46,5.38,1.48,3.59,6.00,1.36,2.25,3.90,7.20,2.05,1.67,Estádio de Hailé Pinheiro
1758403800,Sep 20 2025 - 9:30pm,complete,5637,Avaí,Ferroviária,Bruno Arleu de Araujo,27,1.92,1.00,1.89,1.00,2,2,4,2,1,1,"41,90","10,49",11,3,2,0,1,0,1,1,0,1,31,12,6,6,25,6,13,13,60,40,1.59,1.26,2.80,1.30,2.27,50,73,50,16,4,19,58,50,74,8.62,4.69,1.55,4.01,6.00,1.35,2.15,3.95,8.50,2.00,1.67,Estádio Aderbal Ramos da Silva
1758403800,Sep 20 2025 - 9:30pm,complete,2214,Amazonas,Volta Redonda,Gustavo Ervino Bauermann,27,1.38,0.54,1.47,0.42,1,0,1,1,1,0,"16","",3,8,4,0,4,0,1,3,1,3,13,18,3,3,10,15,16,11,32,68,1.41,1.43,1.21,1.59,2.08,43,70,31,16,4,23,70,31,66,10.23,5.85,2.15,2.90,3.89,1.52,2.50,4.90,10.00,2.05,1.66,N/A
1758411000,Sep 20 2025 - 11:30pm,complete,14032,Remo,Atlético GO,Felipe Fernandes de Lima,27,1.69,0.83,1.84,0.74,0,1,1,1,0,1,"","13",3,5,3,0,4,0,2,1,2,2,12,12,3,2,9,10,15,20,61,39,1.35,1.20,0.00,0.00,1.93,48,69,24,9,0,28,68,17,61,8.94,5.39,2.48,3.00,3.00,1.48,2.39,4.50,9.00,2.15,1.70,Estádio Dr. Jorge Ismael de Biasi
1758481200,Sep 21 2025 - 7:00pm,complete,10315,Criciúma,CRB,Bruno Mota Correia,27,2.00,0.69,2.00,0.74,1,0,1,1,1,0,"22","",5,4,2,0,6,0,0,2,1,5,16,17,2,5,14,12,21,15,46,54,1.83,1.61,1.46,1.67,2.35,50,69,39,16,12,43,77,27,70,14.39,5.77,1.68,3.33,4.50,1.38,2.25,4.33,8.10,2.05,1.77,Estádio Heriberto Hülse
1758481200,Sep 21 2025 - 7:00pm,complete,2012,América Mineiro,Coritiba,Lucas Guimarães Rechatiko Horn,27,1.46,1.62,1.53,1.74,1,0,1,0,0,0,"70","",3,7,1,0,3,0,0,1,0,3,8,21,1,6,7,15,19,11,38,62,1.61,1.10,0.78,1.99,1.89,46,50,35,12,0,23,66,27,50,11.77,5.16,2.23,2.83,3.15,1.48,2.47,5.00,9.00,2.10,1.66,N/A
1758492000,Sep 21 2025 - 10:00pm,complete,19828,Atlético PR,Vila Nova,André Luis Skettino Policarpo Bento,27,1.46,0.92,1.84,0.79,2,0,2,1,1,0,"16,83","",5,1,3,0,5,0,0,3,2,3,16,4,6,0,10,4,16,19,48,52,1.82,1.14,1.67,0.44,2.19,54,66,35,16,4,23,50,50,92,10.85,4.54,1.61,3.40,6.31,1.50,2.60,4.60,10.00,2.39,1.53,N/A
1758497400,Sep 21 2025 - 11:30pm,complete,2748,Cuiabá,Chapecoense,Edina Alves Batista,27,2.17,1.15,2.00,1.37,1,0,1,0,0,0,"87","",12,3,3,0,1,0,1,2,0,1,16,9,3,0,13,9,9,8,58,42,1.65,1.28,1.25,0.59,2.10,37,52,37,25,4,24,57,37,69,9.25,4.90,2.04,3.00,4.59,1.40,2.38,4.33,10.00,2.07,1.70,Arena Pantanal
1758666600,Sep 23 2025 - 10:30pm,complete,6815,Paysandu,Novorizontino,Luciano da Silva Miranda Filho,28,0.85,1.08,0.68,1.16,0,1,1,0,0,0,"","89",4,6,4,0,3,1,2,2,1,3,11,17,1,4,10,13,15,10,54,46,1.56,1.16,0.94,1.58,1.81,43,62,31,8,0,39,62,19,54,11.76,5.69,2.90,3.00,2.50,1.41,2.54,4.75,9.00,2.00,1.74,Estádio Leônidas Sodré de Castro
1758674100,Sep 24 2025 - 12:35am,complete,N/A,Ferroviária,Goiás,Maguielson Lima Barbosa,28,1.38,1.38,1.11,1.42,1,1,2,1,0,1,"90'1","4",5,4,2,0,2,0,0,2,0,2,16,4,5,2,11,2,7,12,61,39,1.32,1.24,1.68,0.64,2.04,54,66,42,12,0,27,77,27,62,10.23,6.30,2.80,3.10,2.40,1.42,2.35,4.50,9.50,2.09,1.75,N/A
1758751200,Sep 24 2025 - 10:00pm,complete,2001,Vila Nova,Cuiabá,Wagner do Nascimento Magalhaes,28,1.85,0.86,1.68,0.84,2,2,4,0,0,0,"54,70","46,78",4,3,3,0,3,0,1,2,0,3,18,18,7,8,11,10,12,14,45,55,1.54,1.31,1.86,1.93,1.96,41,71,26,7,0,22,71,29,63,10.94,4.74,2.60,2.75,3.50,1.77,3.20,7.50,11.00,2.40,1.48,Estádio Onésio Brasileiro Alvarenga
1758751200,Sep 24 2025 - 10:00pm,complete,3506,CRB,Botafogo SP,André Luis Skettino Policarpo Bento,28,2.15,0.85,2.21,0.84,3,2,5,2,2,0,"20,43,75","83,90'3",5,2,0,0,3,1,0,0,1,3,20,13,5,6,15,7,11,12,63,37,1.71,1.05,2.04,1.46,2.20,23,66,27,16,12,23,58,31,85,9.77,4.38,1.50,3.40,6.10,1.34,2.20,3.92,8.50,2.17,1.63,Estádio Universitário da UFAL
1758751200,Sep 24 2025 - 10:00pm,complete,3291,Athletic Club,Atlético PR,Marcio Dos Santos Oliveira,28,1.15,1.54,1.21,1.58,0,3,3,1,0,1,"","45'2,77,90'3",7,6,5,0,2,0,1,4,1,1,8,12,4,6,4,6,12,13,58,42,1.45,1.18,1.21,1.36,3.00,70,89,66,31,12,35,77,58,89,9.15,5.23,3.80,3.21,2.05,1.46,2.58,4.65,10.00,2.19,1.71,N/A
1758754800,Sep 24 2025 - 11:00pm,complete,4414,Operário PR,Amazonas,Thaillan Azevedo Gomes,28,1.77,0.46,1.74,0.42,2,1,3,2,1,1,"29,76","21",2,5,2,0,5,0,0,2,2,3,14,7,6,4,8,3,9,18,60,40,1.50,0.91,1.50,0.81,2.31,50,74,42,20,4,27,73,35,70,7.85,5.84,1.55,3.00,5.40,1.63,3.10,5.30,8.50,2.58,1.45,Estádio Germano Krüger
1758760200,Sep 25 2025 - 12:30am,complete,N/A,Volta Redonda,Remo,Paulo Roberto Alves Junior,28,1.54,1.31,1.47,1.42,2,1,3,1,1,0,"14,90'8","89",7,5,1,0,4,0,1,0,1,3,19,9,8,3,11,6,13,15,54,46,1.70,1.03,2.13,1.00,1.85,54,62,23,12,4,8,50,43,74,10.62,4.53,2.14,2.93,3.70,1.50,2.40,4.20,10.50,2.02,1.76,N/A
1758837600,Sep 25 2025 - 10:00pm,complete,16403,Coritiba,Criciúma,Lucas Canetto Bellote,28,2.00,1.31,1.84,1.21,0,2,2,2,0,2,"","33,36",3,1,2,0,1,0,2,0,1,0,12,10,2,2,10,8,16,14,65,35,1.50,1.01,1.30,1.00,1.74,35,54,19,8,4,19,50,20,66,10.38,6.23,1.75,2.90,4.40,1.53,2.75,5.20,14.00,2.20,1.52,Estádio Major Antônio Couto Pereira
1758846600,Sep 26 2025 - 12:30am,complete,N/A,Atlético GO,América Mineiro,Paulo Belence Alves dos Prazeres Filho,28,1.79,0.62,2.00,0.89,1,0,1,0,0,0,"90'4","",5,6,1,0,4,0,1,0,1,3,16,11,4,4,12,7,14,12,61,39,1.77,1.41,1.71,1.24,2.26,44,67,45,19,4,30,63,37,74,10.06,6.74,1.95,3.28,4.20,1.36,2.26,4.38,8.50,1.98,1.74,N/A
1758846900,Sep 26 2025 - 12:35am,complete,N/A,Chapecoense,Avaí,Paulo Cesar Zanovelli,28,2.00,0.85,1.89,1.05,0,1,1,0,0,0,"","81",10,2,1,0,2,0,0,1,1,1,13,15,6,7,7,8,16,12,46,54,1.53,1.17,1.49,1.75,2.96,73,92,66,27,12,50,85,50,77,9.30,5.39,2.34,3.00,3.25,1.40,2.24,4.10,8.50,1.98,1.74,Arena Condá
1759015800,Sep 27 2025 - 11:30pm,complete,26429,Atlético PR,Operário PR,José Mendonça da Silva Jr.,29,1.57,0.93,1.84,0.79,1,0,1,1,1,0,"9","",1,5,3,0,3,0,0,3,1,2,8,16,3,6,5,10,12,11,36,64,1.81,1.31,0.80,1.44,2.14,57,71,36,7,7,32,57,36,79,11.72,4.71,1.60,3.50,6.00,1.42,2.44,4.40,9.50,2.44,1.50,N/A
1759086000,Sep 28 2025 - 7:00pm,complete,13443,Criciúma,Paysandu,Afro Rocha de Carvalho Filho,29,2.07,0.79,2.00,0.79,2,4,6,4,2,2,"45'4,14","31,44,68,79",5,5,0,1,0,0,0,1,0,0,16,18,5,8,11,10,15,12,57,43,1.80,1.17,1.70,1.87,2.22,40,57,32,21,11,32,50,33,75,10.86,5.65,1.61,3.39,4.90,1.30,2.03,3.99,7.70,2.19,1.60,Estádio Heriberto Hülse
1759086000,Sep 28 2025 - 7:00pm,complete,1978,Novorizontino,Vila Nova,André Luis Skettino Policarpo Bento,29,2.07,0.86,2.00,0.79,1,1,2,1,0,1,"76","18",9,1,4,0,5,0,1,3,2,3,17,3,5,1,12,2,21,16,64,36,1.81,1.09,1.97,0.36,2.29,54,68,40,21,0,33,64,47,86,9.64,5.35,1.57,3.19,6.00,1.55,2.62,5.60,11.50,2.35,1.50,Estádio Dr. Jorge Ismael de Biasi
1759093200,Sep 28 2025 - 9:00pm,complete,14136,Remo,CRB,N/A,29,1.57,0.64,1.84,0.74,4,2,6,3,2,1,"27,35,56,75","24,90'4",2,15,4,0,2,0,2,2,0,2,11,24,7,5,4,19,11,11,28,72,1.35,1.61,1.48,2.30,1.86,43,61,22,4,4,25,82,14,54,11.64,5.43,2.30,2.80,3.10,1.42,2.26,3.95,8.50,1.85,1.75,N/A
1759095000,Sep 28 2025 - 9:30pm,complete,1657,Botafogo SP,Ferroviária,Charly Wendy Straub Deretti,29,1.29,1.00,1.37,1.00,1,2,3,0,0,0,"71","54,60",8,8,1,0,2,0,1,0,1,1,10,11,4,3,6,8,12,18,56,44,1.30,1.26,1.22,1.16,2.22,50,72,47,22,0,21,64,43,79,8.64,4.78,2.40,2.90,3.15,1.49,2.53,4.65,10.50,2.06,1.68,Estádio Santa Cruz
1759102200,Sep 28 2025 - 11:30pm,complete,4540,Cuiabá,Athletic Club,Maguielson Lima Barbosa,29,2.23,1.21,2.00,1.11,2,1,3,2,1,1,"34,69","21",5,2,4,0,1,0,1,3,1,0,15,12,6,6,9,6,18,16,47,53,1.62,1.08,1.40,1.21,2.34,41,56,41,26,8,34,63,30,86,10.14,5.84,1.83,3.10,4.40,1.46,2.35,4.20,8.50,2.08,1.68,Arena Pantanal
1759172400,Sep 29 2025 - 7:00pm,complete,N/A,Amazonas,Chapecoense,Savio Pereira Sampaio,29,1.50,1.07,1.47,1.37,1,3,4,2,1,1,"45'3","7,84,90'1",8,5,2,0,4,0,1,1,0,4,20,20,3,7,17,13,7,15,57,43,1.40,1.23,1.92,1.98,1.89,36,57,29,14,0,18,58,29,64,8.93,5.14,2.63,2.90,2.70,1.50,2.50,4.25,10.50,2.00,1.79,N/A
1759183200,Sep 29 2025 - 10:00pm,complete,1785,América Mineiro,Volta Redonda,Jonathan Benkenstein Pinheiro,29,1.57,0.50,1.53,0.42,2,1,3,1,1,0,"31,81","56",7,3,0,0,0,0,0,0,0,0,10,12,3,5,7,7,14,15,47,53,1.55,1.44,1.10,1.39,1.97,40,57,29,14,4,25,72,29,50,11.28,4.50,1.78,3.35,4.15,1.36,2.26,4.10,8.60,2.04,1.71,N/A
1759185000,Sep 29 2025 - 10:30pm,complete,9400,Avaí,Coritiba,Leo Simão,29,1.86,1.50,1.89,1.74,0,2,2,1,0,1,"","41,80",6,3,4,0,2,0,4,0,1,1,13,12,6,4,7,8,11,17,51,49,1.68,1.17,1.44,1.18,1.90,43,54,40,7,4,22,50,36,61,10.86,5.50,2.20,2.97,3.25,1.46,2.52,4.60,9.00,2.08,1.68,Estádio Aderbal Ramos da Silva
1759278900,Oct 01 2025 - 12:35am,complete,N/A,Goiás,Atlético GO,Lucas Paulo Torezin,29,2.14,1.00,1.79,0.74,0,0,0,0,0,0,"","",4,3,0,0,4,0,0,0,1,3,4,11,0,2,4,9,16,13,59,41,1.70,1.20,0.57,1.06,2.26,56,70,37,18,4,30,74,26,74,10.67,5.72,2.30,2.80,3.40,1.49,2.70,5.25,11.00,2.14,1.64,Estádio de Hailé Pinheiro
1759442400,Oct 02 2025 - 10:00pm,complete,13935,Paysandu,Cuiabá,Emerson Ricardo de Almeida Andrade,30,0.79,0.87,0.68,0.84,1,1,2,1,0,1,"88","32",5,2,3,0,2,0,1,2,0,2,20,14,7,5,13,9,11,25,63,37,1.52,1.35,2.14,1.42,2.07,52,69,35,14,0,32,65,31,66,12.67,4.97,2.78,3.07,2.62,1.42,2.45,4.70,9.50,2.05,1.70,Estádio Leônidas Sodré de Castro
1759451400,Oct 03 2025 - 12:30am,complete,N/A,Vila Nova,Criciúma,Fernando Antonio Mendes de Salles Nascimento Fillho,30,1.79,1.43,1.68,1.21,1,1,2,1,1,0,"6","58",3,5,2,1,2,0,1,2,2,0,17,7,5,1,12,6,15,19,38,62,1.56,1.01,1.80,0.82,1.79,40,61,22,4,0,21,57,14,72,8.64,5.36,2.69,2.70,2.80,1.60,2.69,5.00,12.50,2.17,1.67,Estádio Onésio Brasileiro Alvarenga
1759528800,Oct 03 2025 - 10:00pm,complete,2615,Athletic Club,Amazonas,Paulo Roberto Alves Junior,30,1.07,0.43,1.21,0.42,2,2,4,2,1,1,"11,59","42,46",9,9,1,0,6,0,0,1,2,4,22,23,5,7,17,16,6,14,56,44,1.43,0.90,2.03,2.15,2.64,57,90,50,22,4,36,79,47,83,9.07,6.00,1.70,3.58,4.71,1.42,2.50,4.35,10.00,2.14,1.64,N/A
1759537800,Oct 04 2025 - 12:30am,complete,N/A,Coritiba,Botafogo SP,Jonathan Benkenstein Pinheiro,30,1.86,0.79,1.84,0.84,2,0,2,2,2,0,"15,37","",5,4,1,0,2,1,1,0,2,1,25,3,5,1,20,2,13,14,63,37,1.49,1.08,2.38,0.39,2.33,29,68,32,22,18,33,54,40,68,10.57,5.50,1.42,4.20,8.15,1.42,2.29,4.35,9.00,2.55,1.51,Estádio Major Antônio Couto Pereira
1759538100,Oct 04 2025 - 12:35am,complete,N/A,CRB,Avaí,Afro Rocha de Carvalho Filho,30,2.21,1.00,2.21,1.05,1,0,1,1,1,0,"45","",4,6,1,0,3,0,0,1,2,1,11,15,5,7,6,8,7,10,38,62,1.73,1.21,1.28,1.82,2.22,43,72,36,14,4,39,75,21,68,9.22,4.36,2.01,3.10,3.79,1.40,2.20,4.05,8.50,2.02,1.78,Estádio Universitário da UFAL
1759604400,Oct 04 2025 - 7:00pm,complete,9307,Chapecoense,Novorizontino,Alisson Sidnei Furtado,30,1.86,1.21,1.89,1.16,1,0,1,0,0,0,"60","",2,4,5,0,2,0,3,2,2,0,15,16,7,1,8,15,18,11,48,52,1.53,1.19,1.69,1.42,2.43,50,72,46,22,11,33,64,46,75,10.21,6.07,2.10,2.93,3.30,1.50,2.20,4.50,9.00,1.90,1.80,Arena Condá
1759613400,Oct 04 2025 - 9:30pm,complete,2122,Volta Redonda,Goiás,Luciano da Silva Miranda Filho,30,1.64,1.36,1.47,1.42,0,0,0,0,0,0,"","",6,5,3,1,3,1,3,1,2,2,11,24,2,5,9,19,15,16,55,45,1.73,1.20,1.04,2.35,1.72,40,50,29,7,4,11,61,25,61,12.00,5.15,2.64,2.85,3.20,1.53,2.59,4.90,10.00,2.16,1.63,N/A
1759620600,Oct 04 2025 - 11:30pm,complete,2570,Ferroviária,América Mineiro,Wagner do Nascimento Magalhaes,30,1.36,0.57,1.11,0.89,1,3,4,2,1,1,"16","30,90'1,90'7",8,5,5,0,2,0,2,3,0,2,14,12,2,5,12,7,13,11,55,45,1.35,1.39,1.03,1.10,2.21,54,68,47,18,0,33,75,33,75,9.43,6.72,2.40,2.95,2.80,1.44,2.45,4.85,10.50,1.95,1.75,N/A
1759690800,Oct 05 2025 - 7:00pm,complete,5579,Operário PR,Remo,Luiz Augusto Silveira Tisne,30,1.86,1.21,1.74,1.42,0,1,1,0,0,0,"","90",7,1,2,0,1,0,0,2,0,1,15,7,5,3,10,4,12,17,60,40,1.50,1.03,1.52,0.85,2.15,61,75,40,11,0,14,57,47,75,8.93,4.93,1.67,3.20,5.86,1.49,2.45,4.90,9.50,2.42,1.58,Estádio Germano Krüger
1759707000,Oct 05 2025 - 11:30pm,complete,6468,Atlético GO,Atlético PR,Gustavo Ervino Bauermann,30,1.87,1.64,2.00,1.58,3,0,3,2,2,0,"15,45'4,62","",6,5,1,1,1,1,1,1,2,0,12,15,7,4,5,11,8,10,40,60,1.77,1.19,1.30,1.31,2.78,63,77,60,28,14,32,73,49,83,8.77,5.84,2.92,2.85,2.93,1.65,3.10,6.25,15.00,2.30,1.57,N/A
1759878000,Oct 07 2025 - 11:00pm,complete,2529,Amazonas,Criciúma,Emerson Ricardo de Almeida Andrade,31,1.40,1.40,1.47,1.21,2,1,3,1,0,1,"86,58","45'1",3,2,3,0,6,0,2,1,2,4,16,13,5,3,11,10,14,19,44,56,1.43,1.00,1.59,1.17,2.00,50,67,27,14,0,24,70,20,77,8.87,5.93,2.62,2.98,2.70,1.44,2.45,4.90,10.50,1.95,1.78,N/A
1759883400,Oct 08 2025 - 12:30am,complete,N/A,Goiás,CRB,Matheus Delgado Candançan,31,2.07,0.60,1.79,0.74,1,2,3,2,1,1,"1","28,62",6,7,1,0,2,0,0,1,1,1,11,16,5,6,6,10,18,14,46,54,1.62,1.66,1.66,1.95,2.30,53,67,37,17,10,30,83,27,70,13.80,5.40,1.88,3.21,4.46,1.45,2.28,4.79,8.70,2.08,1.72,Estádio de Hailé Pinheiro
1759883700,Oct 08 2025 - 12:35am,complete,N/A,Botafogo SP,Paysandu,André Luis Skettino Policarpo Bento,31,1.20,0.93,1.37,0.79,1,0,1,0,0,0,"89","",6,2,2,0,1,0,0,2,1,0,20,10,5,2,15,8,17,8,53,47,1.29,1.22,2.06,1.08,2.14,44,60,34,20,7,20,50,37,77,9.13,4.73,2.60,2.96,2.70,1.53,2.70,5.45,13.00,2.10,1.69,Estádio Santa Cruz
1759960800,Oct 08 2025 - 10:00pm,complete,5541,Cuiabá,Novorizontino,Davi de Oliveira Lacerda,31,2.29,1.13,2.00,1.16,0,1,1,0,0,0,"","57",7,3,1,0,4,1,0,1,1,4,18,8,6,3,12,5,17,13,59,41,1.60,1.20,0.00,0.00,2.05,39,55,35,22,4,32,62,28,70,10.26,6.13,2.20,2.91,3.70,1.53,2.88,5.20,11.00,2.15,1.62,Arena Pantanal
1759960800,Oct 08 2025 - 10:00pm,complete,1247,Operário PR,Athletic Club,N/A,31,1.73,1.13,1.74,1.11,1,4,5,5,1,4,"27","15,16,44,45'1",11,2,1,0,1,0,1,0,1,0,27,7,6,5,21,2,11,11,70,30,1.50,1.09,0.00,0.00,2.10,40,60,40,10,4,30,57,24,77,8.86,5.53,1.90,3.05,4.15,1.53,2.60,5.25,12.00,2.20,1.62,Estádio Germano Krüger
1759968000,Oct 09 2025 - 12:00am,complete,3590,Avaí,Volta Redonda,Savio Pereira Sampaio,31,1.73,0.47,1.89,0.42,3,0,3,1,1,0,"1,60,77","",6,2,2,0,1,0,1,1,0,1,15,14,8,2,7,12,15,6,46,54,1.66,1.44,2.17,1.78,2.07,40,67,37,10,7,24,64,40,60,10.40,4.86,1.78,3.45,4.50,1.29,2.14,3.85,8.00,2.05,1.81,Estádio Aderbal Ramos da Silva
1759969800,Oct 09 2025 - 12:30am,complete,N/A,América Mineiro,Vila Nova,Leo Simão,31,1.67,0.87,1.53,0.79,1,1,2,1,0,1,"51","34",7,2,2,0,3,1,1,1,3,1,17,8,4,4,13,4,11,20,65,35,1.52,1.04,1.84,0.99,2.20,50,64,37,20,0,27,70,37,73,9.53,4.74,1.93,3.10,4.11,1.43,2.50,4.50,9.50,2.20,1.67,Estádio Raimundo Sampaio
1760047200,Oct 09 2025 - 10:00pm,complete,1055,Ferroviária,Chapecoense,Maguielson Lima Barbosa,31,1.27,1.20,1.11,1.37,0,1,1,0,0,0,"","71",7,8,3,0,4,0,2,1,1,3,19,14,2,5,17,9,12,8,57,43,1.33,1.28,1.79,1.49,2.03,50,64,37,17,0,30,64,33,67,8.66,5.60,2.15,3.23,3.10,1.36,2.29,3.88,7.50,1.85,1.85,N/A
1760049000,Oct 09 2025 - 10:30pm,complete,14123,Coritiba,Atlético GO,Rafael Rodrigo Klein,31,1.93,1.00,1.84,0.74,2,1,3,0,0,0,"74,89","90'4",2,4,2,0,1,1,0,2,1,1,13,8,6,2,7,6,19,22,54,46,1.55,1.19,1.44,0.77,1.90,35,62,25,14,4,31,59,24,49,10.54,6.08,1.83,3.26,4.33,1.56,2.56,5.00,10.50,2.20,1.62,Estádio Major Antônio Couto Pereira
1760056500,Oct 10 2025 - 12:35am,complete,N/A,Remo,Atlético PR,Afro Rocha de Carvalho Filho,31,1.67,1.53,1.84,1.58,2,1,3,1,1,0,"45'1,73","65",6,13,2,0,4,0,1,1,0,4,17,16,4,6,13,10,13,10,46,54,1.36,1.20,1.66,1.75,2.67,57,74,54,24,14,34,83,37,73,8.07,5.14,3.52,2.95,2.15,1.51,2.45,5.10,8.70,2.02,1.67,N/A
1760209200,Oct 11 2025 - 7:00pm,complete,4565,Athletic Club,Goiás,Paulo Belence Alves dos Prazeres Filho,32,1.07,1.33,1.21,1.42,1,1,2,1,1,0,"22","53",4,9,7,0,2,0,5,2,1,1,7,24,2,6,5,18,13,12,43,57,1.47,1.28,0.77,2.32,2.20,47,73,43,14,0,23,67,40,70,11.67,5.60,2.50,2.88,2.69,1.55,2.52,4.45,8.70,2.02,1.69,N/A
1760295600,Oct 12 2025 - 7:00pm,complete,1437,Novorizontino,Operário PR,André Luis Skettino Policarpo Bento,32,2.00,0.87,2.00,0.79,3,0,3,0,0,0,"64,76,87","",6,3,3,0,3,0,1,2,0,3,12,11,3,2,9,9,14,11,48,52,1.82,1.32,1.29,1.07,2.20,60,70,40,14,4,40,70,34,70,11.07,5.40,1.95,3.10,3.80,1.53,2.60,5.00,12.00,2.20,1.62,Estádio Dr. Jorge Ismael de Biasi
1760304600,Oct 12 2025 - 9:30pm,complete,4707,Vila Nova,Amazonas,Jonathan Benkenstein Pinheiro,32,1.73,0.47,1.68,0.42,1,0,1,0,0,0,"89","",6,1,4,0,2,0,1,3,1,1,11,10,2,2,9,8,20,20,59,41,1.58,0.98,1.18,0.97,2.37,54,77,40,20,4,34,77,30,74,8.60,5.94,1.68,3.35,5.30,1.44,2.40,4.50,10.00,2.15,1.65,Estádio Onésio Brasileiro Alvarenga
1760304600,Oct 12 2025 - 9:30pm,complete,10494,Criciúma,América Mineiro,Bruno Pereira Vasconcelos,32,1.93,0.73,2.00,0.89,2,1,3,0,0,0,"64,76","74",5,2,3,0,0,0,1,2,0,0,13,6,4,3,9,3,21,12,50,50,1.80,1.37,1.36,0.83,2.50,44,64,50,27,10,43,67,37,77,11.73,6.13,2.05,3.05,3.65,1.40,2.29,4.40,9.50,1.95,1.75,Estádio Heriberto Hülse
1760311800,Oct 12 2025 - 11:30pm,complete,6344,Cuiabá,Coritiba,Marcelo de Lima Henrique,32,2.13,1.60,2.00,1.74,1,0,1,1,1,0,"5","",2,2,4,0,3,0,2,2,2,1,19,12,4,1,15,11,18,9,39,61,1.60,1.17,1.58,0.90,1.97,40,47,37,17,4,23,57,27,74,11.27,6.13,2.45,2.80,3.10,1.52,2.80,5.50,9.00,2.20,1.60,Arena Pantanal
1760392800,Oct 13 2025 - 10:00pm,complete,1458,Volta Redonda,Atlético GO,Lucas Guimarães Rechatiko Horn,32,1.60,0.93,1.47,0.74,3,0,3,0,0,0,"76,47,86","",3,2,0,0,2,0,0,0,0,2,12,17,8,5,4,12,8,12,35,65,1.68,1.16,1.46,1.82,1.74,43,54,27,10,4,17,54,27,60,10.53,5.60,2.60,2.90,2.75,1.40,2.38,4.40,9.50,1.97,1.75,N/A
1760401800,Oct 14 2025 - 12:30am,complete,N/A,CRB,Ferroviária,Gustavo Ervino Bauermann,32,2.27,1.13,2.21,1.00,2,2,4,3,2,1,"12,45'4","45,53",8,6,3,0,3,0,0,3,1,2,24,19,8,6,16,13,14,8,55,45,1.70,1.25,2.47,1.91,2.23,40,67,40,20,4,20,64,40,80,9.33,4.33,1.59,3.60,5.30,1.25,1.93,3.20,6.35,1.95,1.76,Estádio Universitário da UFAL
1760481000,Oct 14 2025 - 10:30pm,complete,N/A,Paysandu,Remo,Matheus Delgado Candançan,32,0.80,1.33,0.68,1.42,2,3,5,1,0,1,"63,52","17,49,90'3",5,3,4,0,2,0,1,3,0,2,16,17,6,4,10,13,12,15,54,46,1.56,1.02,1.62,1.49,2.04,63,70,33,10,0,24,57,37,77,11.13,4.73,2.65,2.95,2.75,1.40,2.15,4.05,7.90,1.90,1.83,Estádio Leônidas Sodré de Castro
1760481000,Oct 14 2025 - 10:30pm,complete,10362,Chapecoense,Botafogo SP,Fernando Antonio Mendes de Salles Nascimento Fillho,32,1.93,0.73,1.89,0.84,1,1,2,0,0,0,"90'2","88",7,6,2,0,4,0,2,0,1,3,17,17,6,5,11,12,6,7,56,44,1.54,1.03,1.73,1.55,2.90,50,80,54,30,24,37,64,57,94,9.60,5.47,1.58,3.55,5.20,1.38,2.06,3.50,7.10,2.19,1.68,Arena Condá
1760488200,Oct 15 2025 - 12:30am,complete,N/A,Atlético PR,Avaí,Maguielson Lima Barbosa,32,1.67,0.93,1.84,1.05,1,1,2,1,0,1,"51","22",10,2,0,2,3,1,0,2,1,3,21,12,9,5,12,7,11,6,55,45,1.74,1.25,2.45,1.24,2.20,57,74,37,10,4,33,70,34,70,10.46,4.26,1.50,3.25,6.00,1.40,2.33,4.30,8.70,2.32,1.60,N/A
1760742000,Oct 17 2025 - 11:00pm,complete,N/A,Amazonas,Novorizontino,Afro Rocha de Carvalho Filho,33,1.50,1.25,1.47,1.16,0,0,0,0,0,0,"","",8,4,1,0,2,0,0,1,0,2,17,10,3,5,14,5,18,20,55,45,1.44,1.20,1.48,1.14,1.97,41,63,32,16,0,25,66,29,66,9.51,6.44,2.75,2.80,2.72,1.51,2.43,4.55,9.00,2.05,1.70,N/A
1760814000,Oct 18 2025 - 7:00pm,complete,7167,Atlético GO,Vila Nova,Flavio Rodrigues De Souza,33,1.94,0.88,2.00,0.79,1,0,1,0,0,0,"66","",1,2,4,0,6,0,1,3,1,5,16,10,4,4,12,6,11,20,47,53,1.74,1.04,0.00,0.00,2.19,47,69,35,16,3,28,60,35,85,8.56,6.57,1.79,3.05,4.30,1.55,2.40,5.30,10.00,2.22,1.59,N/A
1760823000,Oct 18 2025 - 9:30pm,complete,2308,América Mineiro,CRB,Emerson Ricardo de Almeida Andrade,33,1.63,0.75,1.53,0.74,1,1,2,1,0,1,"57","19",13,3,1,0,1,0,0,1,1,0,25,8,10,1,15,7,8,14,59,41,1.54,1.68,2.90,0.86,2.29,56,66,38,16,7,32,88,28,60,13.75,4.44,2.20,3.00,3.25,1.32,2.08,3.74,7.20,1.87,1.83,N/A
1760830200,Oct 18 2025 - 11:30pm,complete,14058,Remo,Athletic Club,Savio Pereira Sampaio,33,1.75,1.25,1.84,1.11,3,1,4,2,2,0,"14,19,74","68",3,4,0,0,0,0,0,0,0,0,15,10,7,4,8,6,8,10,43,57,1.38,1.09,1.50,0.96,2.22,44,63,35,13,10,35,69,19,69,8.50,5.25,1.80,3.30,4.00,1.36,2.25,3.72,6.10,2.08,1.65,N/A
1760900400,Oct 19 2025 - 7:00pm,complete,8856,Avaí,Criciúma,Bruno Arleu de Araujo,33,1.81,1.31,1.89,1.21,1,1,2,0,0,0,"74","90'9",4,1,0,0,1,0,0,0,0,1,7,7,2,2,5,5,8,15,48,52,1.69,1.01,0.80,0.88,2.03,47,69,35,7,3,22,63,32,75,8.88,5.26,2.15,3.03,3.08,1.38,2.30,4.05,7.90,2.03,1.76,Estádio Aderbal Ramos da Silva
1760900400,Oct 19 2025 - 7:00pm,complete,3567,Operário PR,Volta Redonda,Fernando Antonio Mendes de Salles Nascimento Fillho,33,1.63,0.44,1.74,0.42,2,1,3,2,2,0,"5,18","77",6,6,4,1,1,0,1,4,0,1,7,16,4,7,3,9,24,9,34,66,1.50,1.46,1.00,1.80,2.04,38,63,38,10,6,22,63,32,60,10.01,5.13,1.79,3.05,4.30,1.40,2.30,4.75,9.50,2.32,1.62,Estádio Germano Krüger
1760909400,Oct 19 2025 - 9:30pm,complete,36393,Coritiba,Atlético PR,Anderson Daronco,33,2.00,1.44,1.84,1.58,0,0,0,0,0,0,"","",2,5,4,1,6,0,3,2,2,4,10,15,2,2,8,13,14,18,41,59,1.54,1.23,0.98,1.52,2.66,50,76,57,26,13,35,72,47,69,10.31,5.56,2.28,2.98,3.25,1.48,2.65,5.00,12.00,2.30,1.64,Estádio Major Antônio Couto Pereira
1760909400,Oct 19 2025 - 9:30pm,complete,2422,Botafogo SP,Cuiabá,Luciano da Silva Miranda Filho,33,1.31,0.88,1.37,0.84,2,2,4,3,1,2,"29,90'1","20,45'4",5,9,2,0,6,0,0,2,0,6,16,14,7,4,9,10,15,11,59,41,1.34,1.36,1.77,1.38,2.10,50,72,35,16,0,19,66,38,72,10.50,4.57,3.25,2.90,2.20,1.46,2.56,5.42,10.50,2.10,1.67,Estádio Santa Cruz
1760916600,Oct 19 2025 - 11:30pm,complete,11053,Goiás,Chapecoense,Marcelo de Lima Henrique,33,1.94,1.31,1.79,1.37,1,3,4,1,0,1,"69","4,52,87",7,3,1,0,1,0,0,1,1,0,26,11,1,6,25,5,10,9,54,46,1.62,1.29,2.19,1.27,2.00,41,57,35,16,3,25,57,28,72,10.38,4.62,1.75,3.25,5.11,1.31,2.05,3.42,8.00,2.08,1.73,Estádio de Hailé Pinheiro
1760999400,Oct 20 2025 - 10:30pm,complete,5126,Ferroviária,Paysandu,Jonathan Benkenstein Pinheiro,33,1.19,0.88,1.11,0.79,2,2,4,3,1,2,"2,66","31,15",7,2,2,0,1,0,2,0,1,0,20,7,10,3,10,4,13,18,53,47,1.36,1.21,2.37,0.87,2.22,54,63,35,22,7,29,60,35,78,8.76,5.88,2.05,3.20,3.65,1.31,2.16,3.91,8.00,1.83,1.87,N/A
1761343200,Oct 24 2025 - 10:00pm,complete,3029,Novorizontino,Botafogo SP,João Vitor Gobi,34,2.06,0.75,2.00,0.84,1,1,2,0,0,0,"69","81",4,3,0,0,1,0,0,0,0,1,30,8,8,6,22,2,8,13,61,39,1.79,1.06,2.92,1.13,2.54,51,78,41,22,13,35,63,50,85,10.50,5.07,1.53,3.70,7.68,1.34,2.10,4.20,8.00,2.25,1.57,Estádio Dr. Jorge Ismael de Biasi
1761352500,Oct 25 2025 - 12:35am,complete,N/A,Cuiabá,Remo,Paulo Cesar Zanovelli,34,2.19,1.44,2.00,1.42,1,3,4,2,0,2,"74","15,43,90'5",10,4,4,0,3,0,1,3,2,1,29,10,3,5,26,5,14,8,72,28,1.60,1.05,2.51,1.03,2.35,60,66,41,25,6,19,63,47,85,9.69,5.00,1.73,3.51,4.40,1.36,2.02,3.34,6.45,1.90,1.63,Arena Pantanal
1761418800,Oct 25 2025 - 7:00pm,complete,4624,Athletic Club,América Mineiro,Matheus Delgado Candançan,34,1.06,0.69,1.21,0.89,0,2,2,0,0,0,"","60,74",7,4,3,0,4,0,2,1,3,1,5,15,2,4,3,11,13,14,52,48,1.43,1.34,0.77,1.47,2.51,50,79,53,22,0,31,66,50,85,10.69,6.01,2.21,2.96,3.04,1.38,2.20,4.20,8.50,1.92,1.72,N/A
1761418800,Oct 25 2025 - 7:00pm,complete,2701,Volta Redonda,Coritiba,Afro Rocha de Carvalho Filho,34,1.69,1.50,1.47,1.74,0,1,1,1,0,1,"","45'1",6,1,4,0,4,1,2,2,2,3,15,11,3,2,12,9,21,13,57,43,1.67,1.15,1.46,1.07,1.53,31,41,25,3,3,10,47,25,60,11.32,5.63,2.96,2.87,2.31,1.50,2.40,4.30,10.50,2.05,1.64,N/A
1761427800,Oct 25 2025 - 9:30pm,complete,4074,Paysandu,Avaí,André Luis Skettino Policarpo Bento,34,0.75,0.94,0.68,1.05,1,2,3,2,0,2,"77","18,26",5,4,1,0,4,0,0,1,0,4,18,13,5,4,13,9,19,17,50,50,1.56,1.25,1.82,1.33,2.19,60,72,41,13,3,44,76,19,63,10.69,5.26,2.75,2.90,2.70,1.42,2.30,3.88,7.80,1.92,1.84,Estádio Leônidas Sodré de Castro
1761435000,Oct 25 2025 - 11:30pm,complete,13938,Criciúma,Goiás,Wagner do Nascimento Magalhaes,34,2.00,1.31,2.00,1.42,1,2,3,2,1,1,"45","9,64",8,3,2,0,0,0,2,0,0,0,22,13,4,6,18,7,13,12,67,33,1.77,1.34,2.07,1.45,2.22,47,63,41,16,10,32,66,29,66,12.50,5.75,1.97,3.00,4.20,1.42,2.42,4.40,9.50,2.20,1.70,Estádio Heriberto Hülse
1761505200,Oct 26 2025 - 7:00pm,complete,4665,CRB,Atlético GO,Fernando Antonio Mendes de Salles Nascimento Fillho,34,2.19,0.88,2.21,0.74,2,1,3,1,0,1,"90,76","45'1",6,1,3,0,2,0,0,3,1,1,25,11,8,4,17,7,14,14,62,38,1.75,1.21,2.51,1.24,2.06,38,63,32,16,3,25,63,25,69,9.56,5.01,1.94,3.20,3.51,1.41,2.27,4.00,8.00,2.08,1.73,Estádio Universitário da UFAL
1761514200,Oct 26 2025 - 9:30pm,complete,3916,Vila Nova,Ferroviária,Marcelo de Lima Henrique,34,1.81,1.13,1.68,1.00,2,2,4,3,2,1,"34,43","45'1,66",5,2,3,0,2,0,0,3,1,1,18,11,8,6,10,5,14,17,60,40,1.55,1.29,2.02,1.28,2.26,51,72,44,19,0,22,60,38,79,9.19,5.12,1.92,3.30,4.15,1.48,2.35,4.20,10.00,2.18,1.69,Estádio Onésio Brasileiro Alvarenga
1761602400,Oct 27 2025 - 10:00pm,complete,12808,Chapecoense,Operário PR,N/A,34,1.88,0.81,1.89,0.79,2,0,2,2,2,0,"7,42","",3,2,1,0,3,0,0,1,0,3,5,15,3,3,2,12,18,19,49,51,1.55,1.31,0.72,1.35,2.57,60,75,54,19,13,38,63,47,82,10.25,5.87,1.98,3.10,3.90,1.51,2.54,4.89,11.00,2.21,1.69,Arena Condá
1761611400,Oct 28 2025 - 12:30am,complete,16759,Atlético PR,Amazonas,Bruno Pereira Vasconcelos,34,1.63,0.44,1.84,0.42,2,0,2,1,1,0,"18,71","",4,3,2,0,2,0,1,1,0,2,19,10,9,3,10,7,19,8,54,46,1.79,0.98,2.08,1.00,2.38,60,75,38,19,6,29,72,41,85,10.19,5.26,1.35,4.45,7.50,1.29,2.10,3.65,6.00,2.43,1.50,N/A
1761948000,Oct 31 2025 - 10:00pm,complete,18746,Coritiba,CRB,Felipe Fernandes de Lima,35,1.94,0.76,1.84,0.74,0,0,0,0,0,0,"","",4,9,2,0,2,0,1,1,1,1,16,19,4,5,12,14,12,14,44,56,1.51,1.63,1.49,1.90,2.09,42,65,30,12,9,32,71,27,53,13.11,5.76,1.68,3.40,5.60,1.36,2.17,4.20,8.10,2.17,1.65,Estádio Major Antônio Couto Pereira
1761948000,Oct 31 2025 - 10:00pm,complete,2890,Atlético GO,Paysandu,Lucas Canetto Bellote,35,2.00,0.88,2.00,0.79,2,1,3,1,0,1,"61,76","45'2",7,5,4,0,4,0,2,2,2,2,20,17,5,3,15,14,17,16,56,44,1.74,1.19,2.08,1.48,2.21,41,59,32,21,9,27,47,32,79,8.76,5.65,1.55,4.07,6.29,1.29,1.92,3.20,7.00,1.95,1.80,N/A
1761957300,Nov 01 2025 - 12:35am,complete,4840,Ferroviária,Criciúma,Leo Simão,35,1.18,1.29,1.11,1.21,0,0,0,0,0,0,"","",6,4,3,0,4,1,2,1,3,2,30,3,7,1,23,2,19,14,64,36,1.42,1.00,2.80,0.41,2.06,62,71,33,12,0,30,71,24,79,8.35,6.29,2.90,2.90,2.55,1.38,2.32,3.95,7.70,1.85,1.88,N/A
1762023600,Nov 01 2025 - 7:00pm,complete,11057,Goiás,Atlético PR,Rodrigo Pereira,35,1.82,1.41,1.79,1.58,0,1,1,0,0,0,"","47",10,5,1,0,0,0,1,0,0,0,15,11,2,5,13,6,8,18,51,49,1.66,1.25,1.45,1.32,2.80,65,77,65,30,12,32,82,44,85,10.53,5.18,2.29,2.93,2.93,1.53,2.47,4.75,9.50,2.15,1.73,Estádio de Hailé Pinheiro
1762032600,Nov 01 2025 - 9:30pm,complete,4246,Avaí,Athletic Club,Paulo Belence Alves dos Prazeres Filho,35,1.76,1.18,1.89,1.11,2,1,3,1,1,0,"48,45'5","81",4,7,4,0,4,0,1,3,3,1,10,17,5,3,5,14,11,12,48,52,1.64,1.08,1.21,1.75,2.41,47,71,47,18,9,36,62,39,77,9.29,4.65,1.85,3.20,4.40,1.36,2.21,3.95,7.30,1.85,1.83,Estádio Aderbal Ramos da Silva
1762110000,Nov 02 2025 - 7:00pm,complete,N/A,Amazonas,Cuiabá,Gustavo Ervino Bauermann,35,1.47,0.88,1.47,0.84,2,0,2,1,1,0,"17,90'6","",7,0,2,0,2,0,0,2,0,2,15,7,4,2,11,5,12,13,54,46,1.44,1.36,1.45,0.78,2.30,56,77,38,24,0,24,76,38,71,10.82,5.53,2.62,2.85,2.58,1.46,2.25,4.75,10.00,1.95,1.75,N/A
1762119000,Nov 02 2025 - 9:30pm,complete,14057,Remo,Chapecoense,Bruno Arleu de Araujo,35,1.82,1.41,1.84,1.37,1,1,2,1,1,0,"31","90'7",3,5,3,0,0,0,1,2,0,0,18,17,4,6,14,11,12,11,49,51,1.39,1.29,1.72,1.78,1.97,38,56,29,15,3,24,59,30,62,8.53,4.53,2.30,3.00,3.00,1.40,2.20,4.20,8.50,1.85,1.83,N/A
1762126200,Nov 02 2025 - 11:30pm,complete,2491,Operário PR,Vila Nova,Afro Rocha de Carvalho Filho,35,1.71,0.82,1.74,0.79,2,2,4,1,0,1,"71,75","26,50",11,4,3,0,1,1,1,2,0,2,27,6,7,2,20,4,20,18,56,44,1.47,1.04,2.71,0.71,2.15,47,65,38,15,3,27,59,30,80,8.42,6.24,2.32,2.70,3.80,1.60,3.10,6.00,11.50,2.30,1.53,Estádio Germano Krüger
1762207200,Nov 03 2025 - 10:00pm,complete,2153,América Mineiro,Novorizontino,Wagner do Nascimento Magalhaes,35,1.59,1.24,1.53,1.16,2,2,4,2,1,1,"45'5,87","29,90'4",5,10,2,0,2,0,0,2,1,1,15,17,2,6,13,11,6,6,51,49,1.62,1.20,1.31,1.86,1.83,42,56,27,12,0,24,65,24,56,10.94,4.82,2.30,2.85,3.30,1.41,2.40,4.75,9.30,1.95,1.75,N/A
1762207200,Nov 03 2025 - 10:00pm,complete,1566,Volta Redonda,Botafogo SP,Paulo Roberto Alves Junior,35,1.59,0.76,1.47,0.84,0,1,1,0,0,0,"","68",3,4,3,0,3,0,0,3,1,2,12,10,2,3,10,7,10,14,61,39,1.66,1.07,1.22,1.08,2.09,35,62,30,15,15,21,50,41,74,10.30,4.94,1.96,3.18,4.20,1.44,2.25,4.10,9.50,1.95,1.65,N/A
1762552800,Nov 07 2025 - 10:00pm,complete,3731,Athletic Club,Ferroviária,Ramon Abatti,36,1.00,1.12,1.21,1.00,2,1,3,2,1,1,"9,90'6","38",1,0,8,0,2,1,1,7,0,3,7,9,4,2,3,7,24,11,53,47,1.39,1.29,0.94,0.96,2.65,59,88,56,27,0,29,65,56,88,10.00,5.41,1.77,3.25,4.40,1.31,2.10,3.42,7.50,1.85,1.85,N/A
1762561800,Nov 08 2025 - 12:30am,complete,N/A,Cuiabá,Goiás,Afro Rocha de Carvalho Filho,36,2.06,1.41,2.00,1.42,0,1,1,1,0,1,"","44",5,1,1,0,0,0,0,1,0,0,22,10,4,3,18,7,18,8,63,37,1.66,1.35,2.13,0.97,2.12,47,56,41,21,3,27,71,27,71,11.53,5.64,2.25,3.20,3.20,1.34,2.19,3.86,8.50,1.85,1.85,Arena Pantanal
1762628400,Nov 08 2025 - 7:00pm,complete,3722,Novorizontino,Remo,N/A,36,2.00,1.53,2.00,1.42,1,1,2,1,1,0,"9","61",2,1,4,1,2,0,2,3,1,1,8,7,3,1,5,6,13,10,29,71,1.85,1.05,0.95,0.92,2.41,71,79,41,21,3,21,62,59,85,10.18,4.48,1.81,3.14,4.00,1.35,2.13,3.75,7.10,2.05,1.70,Estádio Dr. Jorge Ismael de Biasi
1762637400,Nov 08 2025 - 9:30pm,complete,38930,Atlético PR,Volta Redonda,Paulo Belence Alves dos Prazeres Filho,36,1.71,0.41,1.84,0.42,2,0,2,1,1,0,"26,57","",2,8,1,0,2,0,0,1,1,1,15,15,5,3,10,12,13,12,51,49,1.80,1.48,1.61,1.30,2.03,44,68,30,6,6,18,65,38,74,11.53,4.41,1.34,4.40,10.00,1.27,1.95,3.55,7.00,2.44,1.45,N/A
1762644600,Nov 08 2025 - 11:30pm,complete,1627,Vila Nova,Avaí,Paulo Schleich Vollkopf,36,1.76,1.06,1.68,1.05,2,2,4,1,1,0,"7,53","90,62",2,9,5,0,1,1,1,4,0,2,8,14,3,6,5,8,26,12,37,63,1.58,1.25,0.91,1.73,2.18,53,74,38,12,0,39,74,18,65,8.88,5.30,2.23,2.95,3.69,1.42,2.48,4.75,7.90,1.91,1.80,Estádio Onésio Brasileiro Alvarenga
1762718400,Nov 09 2025 - 8:00pm,complete,11809,Criciúma,Atlético GO,Alex Gomes Stefano,36,1.88,0.82,2.00,0.74,1,0,1,0,0,0,"83","",10,3,0,0,2,0,0,0,0,2,21,11,7,0,14,11,14,14,52,48,1.79,1.21,2.14,0.87,2.42,53,71,47,18,9,39,62,35,71,10.64,5.82,1.95,3.20,3.65,1.50,2.47,4.95,11.50,2.05,1.63,Estádio Heriberto Hülse
1762723800,Nov 09 2025 - 9:30pm,complete,7173,CRB,Operário PR,N/A,36,2.24,0.76,2.21,0.79,2,2,4,2,1,1,"45'1,67","20,64",7,4,5,0,3,1,1,4,0,4,25,10,9,3,16,7,17,7,71,29,1.79,1.31,2.62,1.01,2.12,38,65,35,12,6,36,68,24,68,10.06,5.00,1.68,3.70,4.80,1.29,1.94,3.40,6.05,1.90,1.85,Estádio Universitário da UFAL
1762731000,Nov 09 2025 - 11:30pm,complete,1906,Paysandu,Coritiba,Jonathan Benkenstein Pinheiro,36,0.71,1.59,0.68,1.74,1,2,3,2,0,2,"65","6,40",4,3,2,0,2,0,1,1,0,2,11,5,1,2,10,3,14,9,52,48,1.58,1.15,1.00,0.73,1.80,44,50,33,6,3,27,59,18,62,11.70,6.00,6.10,3.70,1.52,1.36,2.15,4.07,7.40,2.39,1.54,Estádio Leônidas Sodré de Castro
1762812000,Nov 10 2025 - 10:00pm,complete,19313,Chapecoense,América Mineiro,Bruno Pereira Vasconcelos,36,1.94,0.82,1.89,0.89,0,1,1,0,0,0,"","51",13,1,2,0,5,0,0,2,1,4,24,9,4,4,20,5,15,11,70,30,1.50,1.35,2.30,1.01,2.65,53,74,56,27,9,32,62,56,88,10.12,5.89,1.75,3.24,4.30,1.37,2.15,3.74,8.00,1.93,1.78,Arena Condá
1762812000,Nov 10 2025 - 10:00pm,complete,8922,Botafogo SP,Amazonas,Wagner do Nascimento Magalhaes,36,1.29,0.41,1.37,0.42,1,0,1,0,0,0,"68","",6,4,1,0,2,0,0,1,1,1,7,19,3,2,4,17,18,7,43,57,1.36,0.98,0.88,1.58,2.36,53,74,44,24,3,33,74,32,79,8.59,5.41,2.17,3.04,3.50,1.49,2.38,4.80,8.80,2.08,1.67,Estádio Santa Cruz
1763161200,Nov 14 2025 - 11:00pm,complete,2220,Paysandu,Amazonas,Alex Gomes Stefano,37,0.67,0.39,0.68,0.42,2,2,4,0,0,0,"71,90'2","78,77",6,3,4,0,4,1,1,3,2,3,26,13,9,3,17,10,17,12,59,41,1.55,1.02,2.59,1.33,2.37,59,73,44,20,6,42,75,25,78,10.05,5.72,3.20,3.10,2.22,1.28,1.95,3.08,6.05,1.69,2.05,Estádio Leônidas Sodré de Castro
1763235000,Nov 15 2025 - 7:30pm,complete,31922,Coritiba,Athletic Club,Bruno Arleu de Araujo,37,1.89,1.11,1.84,1.11,0,0,0,0,0,0,"","",4,4,3,0,6,0,0,3,3,3,9,6,1,0,8,6,13,14,63,37,1.51,1.12,0.89,0.55,2.14,36,62,36,17,9,36,56,28,61,9.89,5.61,1.61,3.50,7.10,1.56,2.88,5.73,9.30,2.31,1.44,Estádio Major Antônio Couto Pereira
1763235000,Nov 15 2025 - 7:30pm,complete,2355,Atlético GO,Operário PR,Ramon Abatti,37,2.06,0.78,2.00,0.79,0,0,0,0,0,0,"","",6,2,2,0,1,0,0,2,0,1,12,7,2,3,10,4,19,22,59,41,1.76,1.29,1.36,0.92,2.20,47,70,42,11,6,39,62,31,70,9.61,6.45,2.04,2.90,4.00,1.51,2.75,4.70,11.50,2.17,1.70,N/A
1763235000,Nov 15 2025 - 7:30pm,complete,6651,Avaí,Remo,Felipe Fernandes de Lima,37,1.83,1.50,1.89,1.42,3,1,4,1,1,0,"37,49,81","71",4,12,2,4,2,2,1,5,1,3,13,21,6,5,7,16,17,12,33,67,1.61,1.04,1.37,2.20,2.39,64,81,45,17,6,17,61,59,81,9.11,4.33,3.05,3.55,1.98,1.27,2.00,3.35,6.05,1.75,2.00,Estádio Aderbal Ramos da Silva
1763235000,Nov 15 2025 - 7:30pm,complete,N/A,CRB,Vila Nova,Yuri Elino Ferreira da Cruz,37,2.17,0.83,2.21,0.79,2,0,2,1,1,0,"39,85","",9,3,1,0,1,0,0,1,1,0,17,5,8,1,9,4,15,9,63,37,1.84,1.02,2.06,0.60,2.22,42,64,33,22,3,25,67,34,86,8.89,5.55,1.69,3.60,4.40,1.25,2.03,3.31,6.50,1.97,1.82,Estádio Universitário da UFAL
1763235000,Nov 15 2025 - 7:30pm,complete,799,Volta Redonda,Chapecoense,Rodrigo Pereira,37,1.50,1.39,1.47,1.37,1,1,2,0,0,0,"52","90'4",3,4,1,0,1,0,1,0,1,0,11,18,2,3,9,15,12,11,41,59,1.63,1.32,1.04,1.85,1.67,31,45,25,12,3,12,44,31,64,10.11,4.50,5.30,3.85,1.41,1.33,2.00,3.50,6.52,2.11,1.68,N/A
1763321400,Nov 16 2025 - 7:30pm,complete,11005,Goiás,Novorizontino,Anderson Daronco,37,1.72,1.22,1.79,1.16,1,0,1,0,0,0,"61","",4,7,3,0,0,0,0,3,0,0,10,10,3,4,7,6,8,10,41,59,1.65,1.24,1.09,1.38,1.97,42,59,33,17,3,28,61,25,70,11.11,5.45,2.11,3.18,3.74,1.41,2.25,4.70,8.50,1.91,1.78,Estádio de Hailé Pinheiro
1763321400,Nov 16 2025 - 7:30pm,complete,19222,Criciúma,Botafogo SP,Davi de Oliveira Lacerda,37,1.94,0.89,2.00,0.84,2,0,2,1,1,0,"11,87","",5,3,0,0,4,0,0,0,1,3,16,13,4,2,12,11,7,8,48,52,1.81,1.07,1.68,1.30,2.59,45,73,42,22,20,42,56,42,84,11.11,5.22,1.44,3.70,7.00,1.29,2.02,3.42,6.70,2.15,1.63,Estádio Heriberto Hülse
1763321400,Nov 16 2025 - 7:30pm,complete,3700,América Mineiro,Cuiabá,Edina Alves Batista,37,1.56,0.83,1.53,0.84,1,1,2,0,0,0,"58","49",3,1,2,0,1,0,2,0,1,0,10,9,2,2,8,7,17,14,58,42,1.60,1.33,1.03,0.83,2.31,59,75,36,22,0,25,81,36,67,11.72,4.11,2.22,3.05,3.55,1.43,2.35,4.40,8.60,2.00,1.73,N/A
1763321400,Nov 16 2025 - 7:30pm,complete,6020,Ferroviária,Atlético PR,Wagner do Nascimento Magalhaes,37,1.17,1.50,1.11,1.58,1,2,3,0,0,0,"73","90'6,85",1,9,2,0,4,0,1,1,3,1,10,21,1,8,9,13,8,12,46,54,1.49,1.25,0.87,2.25,2.64,67,75,61,28,9,36,81,42,81,9.39,6.06,3.55,3.25,1.95,1.32,2.11,3.83,6.75,1.95,1.81,N/A
1763591400,Nov 19 2025 - 10:30pm,complete,2159,Vila Nova,Volta Redonda,Denis Ribeiro Serafim,38,1.72,0.39,1.68,0.42,2,2,4,2,1,1,"39,84","12,73",14,3,3,1,5,1,1,3,2,4,31,8,10,2,21,6,14,11,58,42,1.54,1.47,3.35,0.92,2.06,39,67,33,12,3,22,67,28,67,10.00,5.22,1.90,3.00,4.40,1.28,1.88,3.05,5.95,1.78,1.70,Estádio Onésio Brasileiro Alvarenga
1763850600,Nov 22 2025 - 10:30pm,complete,893,Novorizontino,CRB,José Mendonça da Silva Jr.,38,1.94,0.78,2.00,0.74,3,0,3,2,2,0,"5,33,58","",4,12,1,0,3,0,0,1,2,1,17,16,10,5,7,11,10,9,37,63,1.80,1.64,2.02,1.75,2.28,62,73,36,14,6,31,78,36,72,13.28,5.22,1.68,3.58,4.96,1.29,1.95,3.60,7.00,1.88,1.80,Estádio Dr. Jorge Ismael de Biasi
1763926200,Nov 23 2025 - 7:30pm,complete,40931,Atlético PR,América Mineiro,Matheus Delgado Candançan,38,1.78,0.94,1.84,0.89,1,0,1,1,1,0,"41","",4,4,1,0,4,0,0,1,3,1,14,9,4,2,10,7,5,12,48,52,1.79,1.33,1.43,0.92,2.17,45,67,36,14,3,20,59,42,86,10.83,5.11,1.42,3.70,7.70,1.31,2.00,3.61,7.00,2.25,1.60,N/A
1763926200,Nov 23 2025 - 7:30pm,complete,2038,Cuiabá,Criciúma,Flavio Rodrigues De Souza,38,1.94,1.28,2.00,1.21,1,0,1,0,0,0,"57","",5,6,5,0,3,1,1,4,4,0,20,12,4,4,16,8,14,9,63,37,1.69,0.97,1.91,1.30,2.00,47,56,31,17,3,25,64,25,78,9.22,5.89,3.05,2.78,2.24,1.57,2.70,5.05,10.50,2.10,1.67,Arena Pantanal
1763926200,Nov 23 2025 - 7:30pm,complete,47572,Remo,Goiás,Raphael Claus,38,1.78,1.50,1.84,1.42,3,1,4,2,1,1,"45'4,63,84","7",8,5,2,0,2,0,1,1,1,1,20,12,7,2,13,10,12,9,59,41,1.41,1.33,2.05,1.13,1.95,47,62,31,9,3,23,75,20,59,9.72,4.94,2.36,3.10,3.00,1.29,2.10,3.77,7.50,1.80,1.92,N/A
1763926200,Nov 23 2025 - 7:30pm,complete,19351,Chapecoense,Atlético GO,Marcelo de Lima Henrique,38,1.83,0.78,1.89,0.74,1,0,1,1,1,0,"45","",8,3,3,0,3,3,1,2,1,5,12,12,6,4,6,8,7,10,31,69,1.55,1.19,1.37,1.43,2.45,56,73,48,20,9,28,59,47,81,9.66,5.67,1.40,4.08,8.80,1.40,2.28,4.20,8.00,2.38,1.43,Arena Condá
1763926200,Nov 23 2025 - 7:30pm,complete,2317,Operário PR,Ferroviária,Bruno Arleu de Araujo,38,1.67,1.06,1.74,1.00,2,1,3,1,0,1,"78,90'6","8",10,3,1,0,3,0,0,1,3,0,14,12,5,1,9,11,17,16,61,39,1.54,1.28,1.66,1.08,2.50,59,75,59,25,3,31,64,39,78,9.28,5.33,2.50,2.95,2.95,1.36,2.17,3.88,9.00,1.88,1.85,Estádio Germano Krüger
1763926200,Nov 23 2025 - 7:30pm,complete,1060,Amazonas,Coritiba,Wagner do Nascimento Magalhaes,38,1.56,1.67,1.47,1.74,1,2,3,2,0,2,"50","44,39",9,6,5,0,1,0,1,4,1,0,17,11,4,5,13,6,17,17,70,30,1.44,1.12,1.83,1.23,1.89,42,56,34,11,0,20,67,25,64,10.22,6.22,3.55,2.90,2.10,1.44,2.50,4.90,9.50,2.05,1.70,N/A
1763926200,Nov 23 2025 - 7:30pm,complete,4459,Athletic Club,Paysandu,Anderson Daronco,38,1.11,0.83,1.21,0.79,2,1,3,1,0,1,"77,87","8",8,1,2,0,4,1,1,1,1,4,17,7,9,4,8,3,12,17,66,34,1.36,1.21,2.28,0.84,2.47,50,75,42,23,6,28,56,48,86,9.55,5.67,1.50,3.90,5.75,1.35,2.09,3.80,5.83,2.10,1.67,N/A
1763926200,Nov 23 2025 - 7:30pm,complete,10953,Botafogo SP,Avaí,Rodrigo Pereira,38,1.39,1.06,1.37,1.05,0,0,0,0,0,0,"","",13,9,2,0,2,0,1,1,2,0,23,6,6,3,17,3,14,10,55,45,1.34,1.28,2.34,0.71,2.22,56,72,45,17,0,36,73,25,70,9.33,4.78,1.73,3.50,5.00,1.36,2.06,4.00,8.50,2.03,1.70,Estádio Santa Cruz
