timestamp,date_GMT,status,attendance,home_team_name,away_team_name,referee,Game Week,Pre-Match PPG (Home),Pre-Match PPG (Away),home_ppg,away_ppg,home_team_goal_count,away_team_goal_count,total_goal_count,total_goals_at_half_time,home_team_goal_count_half_time,away_team_goal_count_half_time,home_team_goal_timings,away_team_goal_timings,home_team_corner_count,away_team_corner_count,home_team_yellow_cards,home_team_red_cards,away_team_yellow_cards,away_team_red_cards,home_team_first_half_cards,home_team_second_half_cards,away_team_first_half_cards,away_team_second_half_cards,home_team_shots,away_team_shots,home_team_shots_on_target,away_team_shots_on_target,home_team_shots_off_target,away_team_shots_off_target,home_team_fouls,away_team_fouls,home_team_possession,away_team_possession,Home Team Pre-Match xG,Away Team Pre-Match xG,team_a_xg,team_b_xg,average_goals_per_match_pre_match,btts_percentage_pre_match,over_15_percentage_pre_match,over_25_percentage_pre_match,over_35_percentage_pre_match,over_45_percentage_pre_match,over_15_HT_FHG_percentage_pre_match,over_05_HT_FHG_percentage_pre_match,over_15_2HG_percentage_pre_match,over_05_2HG_percentage_pre_match,average_corners_per_match_pre_match,average_cards_per_match_pre_match,odds_ft_home_team_win,odds_ft_draw,odds_ft_away_team_win,odds_ft_over15,odds_ft_over25,odds_ft_over35,odds_ft_over45,odds_btts_yes,odds_btts_no,stadium_name
1774123200,Mar 21 2026 - 8:00pm,complete,N/A,Vila Nova,CRB,Bruno Pereira Vasconcelos,1,0.00,0.00,2.36,1.75,2,2,4,1,0,1,"48,62","17,90'9",3,5,4,1,4,1,3,2,2,3,8,12,4,9,4,3,2,1,35,65,0.00,0.00,0.97,1.65,0.00,0,0,0,0,0,0,0,0,0,0.00,0.00,2.65,2.90,2.67,1.36,2.25,4.20,8.50,1.88,1.91,Estádio Onésio Brasileiro Alvarenga
1774126800,Mar 21 2026 - 9:00pm,complete,N/A,Ceará,São Bernardo,Lucas Guimarães Rechatiko Horn,1,0.00,0.00,1.38,1.82,1,1,2,1,1,0,"7","55",7,3,2,0,0,0,0,2,0,0,21,4,6,3,15,1,0,2,52,48,0.00,0.00,2.14,0.67,0.00,0,0,0,0,0,0,0,0,0,0.00,0.00,1.61,3.80,5.97,1.31,2.12,3.80,7.50,2.00,1.67,Estádio Governador Plácido Aderaldo Castelo
1774127700,Mar 21 2026 - 9:15pm,complete,N/A,Operário PR,Atlético GO,Lucas Canetto Bellote,1,0.00,0.00,1.69,1.27,1,0,1,1,1,0,"23","",7,7,2,0,2,0,1,1,1,1,17,9,10,0,7,9,1,0,43,57,0.00,0.00,1.98,0.94,0.00,0,0,0,0,0,0,0,0,0,0.00,0.00,2.01,3.15,4.23,1.44,2.38,4.30,8.70,2.05,1.67,Estádio Germano Krüger
1774131300,Mar 21 2026 - 10:15pm,complete,N/A,Botafogo SP,Fortaleza,Felipe Fernandes de Lima,1,0.00,0.00,1.64,1.08,4,0,4,3,3,0,"34,38,45'4,52","",7,5,2,0,5,1,1,1,1,5,15,7,6,0,9,7,7,9,47,53,0.00,0.00,1.66,0.69,0.00,0,0,0,0,0,0,0,0,0,0.00,0.00,3.65,3.10,2.18,1.40,2.25,4.20,9.00,1.85,1.83,Estádio Santa Cruz
1774135800,Mar 21 2026 - 11:30pm,complete,N/A,Cuiabá,Sport Recife,Maguielson Lima Barbosa,1,0.00,0.00,1.46,1.45,0,0,0,0,0,0,"","",0,1,1,0,2,0,0,1,1,1,13,10,4,1,9,9,20,0,42,58,0.00,0.00,1.18,0.79,0.00,0,0,0,0,0,0,0,0,0,0.00,0.00,2.42,3.05,2.92,1.37,2.31,4.25,9.00,1.91,1.80,Arena Pantanal
1774206000,Mar 22 2026 - 7:00pm,complete,7442,Náutico,Criciúma,André Luis Skettino Policarpo Bento,1,0.00,0.00,1.55,1.58,0,1,1,1,0,1,"","6",12,8,3,1,2,0,3,1,1,1,10,9,1,2,9,7,3,2,59,41,0.00,0.00,1.10,1.04,0.00,0,0,0,0,0,0,0,0,0,0.00,0.00,2.45,2.78,3.25,1.50,2.59,4.75,10.00,2.00,1.70,N/A
1774206000,Mar 22 2026 - 7:00pm,complete,N/A,Avaí,Juventude,Kleber Ariel Gonçalves da Silva,1,0.00,0.00,1.50,1.36,2,0,2,1,1,0,"75,37","",3,3,3,0,0,0,2,1,0,0,16,8,5,1,11,7,1,0,41,59,0.00,0.00,1.67,0.93,0.00,0,0,0,0,0,0,0,0,0,0.00,0.00,2.55,3.02,2.55,1.35,2.07,3.50,6.90,1.75,1.95,Estádio Aderbal Ramos da Silva
1774213200,Mar 22 2026 - 9:00pm,complete,N/A,Athletic Club,Ponte Preta,Fernando Antonio Mendes de Salles Nascimento Fillho,1,0.00,0.00,1.58,0.27,2,1,3,3,2,1,"27,45'1","45",3,3,3,0,2,0,0,3,1,1,17,10,8,3,9,7,21,15,43,57,0.00,0.00,1.96,1.15,0.00,0,0,0,0,0,0,0,0,0,0.00,0.00,2.05,3.05,3.40,1.47,2.30,4.45,9.10,2.05,1.67,N/A
1774213200,Mar 22 2026 - 9:00pm,complete,N/A,Goiás,América Mineiro,Marcelo de Lima Henrique,1,0.00,0.00,1.73,0.42,3,1,4,2,2,0,"9,31,86","90'1",3,8,1,1,1,0,2,0,0,1,9,24,3,9,6,15,9,5,33,67,0.00,0.00,0.94,2.57,0.00,0,0,0,0,0,0,0,0,0,0.00,0.00,1.77,3.40,4.00,1.25,2.20,3.14,6.50,1.80,1.85,Estádio de Hailé Pinheiro
1774220400,Mar 22 2026 - 11:00pm,complete,N/A,Novorizontino,Londrina,Jodis Nascimento de Souza,1,0.00,0.00,1.82,0.62,1,3,4,0,0,0,"90'6","57,48,89",9,7,0,0,3,0,0,0,2,1,24,11,9,3,15,8,9,9,56,44,0.00,0.00,2.38,1.05,0.00,0,0,0,0,0,0,0,0,0,0.00,0.00,1.69,3.45,5.04,1.42,2.21,4.17,10.50,1.95,1.75,Estádio Dr. Jorge Ismael de Biasi
1774992600,Mar 31 2026 - 9:30pm,complete,3542,Juventude,Novorizontino,Paulo Schleich Vollkopf,2,0.00,0.00,2.25,1.42,0,0,0,0,0,0,"","",4,8,4,0,3,0,1,3,1,2,13,9,4,0,9,9,13,15,60,40,0.00,0.00,1.40,0.83,0.00,0,0,0,0,0,0,0,0,0,0.00,0.00,2.02,3.15,3.83,1.44,2.27,4.38,8.10,1.95,1.73,N/A
1774994400,Mar 31 2026 - 10:00pm,complete,7679,Fortaleza,Cuiabá,André Luis Skettino Policarpo Bento,2,0.00,0.00,2.36,1.27,0,0,0,0,0,0,"","",4,0,1,0,2,0,0,1,0,2,15,4,2,0,13,4,20,18,59,41,0.00,0.00,1.31,0.32,0.00,0,0,0,0,0,0,0,0,0,0.00,0.00,1.62,3.56,5.55,1.46,2.35,4.25,8.60,2.20,1.60,Estádio Governador Plácido Aderaldo Castelo
1775077200,Apr 01 2026 - 9:00pm,complete,1148,América Mineiro,Botafogo SP,Diego da Costa Cidral,2,0.00,0.00,0.55,1.08,1,2,3,2,1,1,"8","59,32",11,7,2,0,4,0,0,2,1,3,14,13,1,5,13,8,15,17,68,32,0.00,0.00,1.29,1.41,0.00,0,0,0,0,0,0,0,0,0,0.00,0.00,2.05,3.20,3.58,1.39,2.15,3.58,8.50,1.86,1.83,N/A
1775080800,Apr 01 2026 - 10:00pm,complete,N/A,Londrina,Goiás,Pierry Dias dos Santos,2,0.00,0.00,1.18,1.08,2,2,4,2,1,1,"33,59","90'6,38",6,6,4,0,5,0,2,2,3,2,8,14,5,3,3,11,16,17,41,59,0.00,0.00,1.03,1.32,0.00,0,0,0,0,0,0,0,0,0,0.00,0.00,2.45,3.00,3.10,1.40,2.27,4.30,8.50,1.83,1.82,Estádio Municipal Jacy Scaff
1775080800,Apr 01 2026 - 10:00pm,complete,N/A,Sport Recife,Vila Nova,José Mendonça da Silva Jr.,2,0.00,0.00,1.58,1.15,1,1,2,0,0,0,"78","59",6,3,2,1,4,1,2,1,3,2,10,16,7,2,3,14,11,12,39,61,0.00,0.00,1.28,1.48,0.00,0,0,0,0,0,0,0,0,0,0.00,0.00,1.75,3.42,4.05,1.38,2.33,4.30,10.00,2.05,1.67,Estádio Adelmar da Costa Carvalho
1775080800,Apr 01 2026 - 10:00pm,complete,1762,Atlético GO,Náutico,Lucas Guimarães Rechatiko Horn,2,0.00,0.00,1.58,1.08,1,2,3,1,1,0,"41","82,78",7,1,1,0,4,1,0,1,1,4,11,9,2,4,9,5,21,18,49,51,0.00,0.00,1.11,1.12,0.00,0,0,0,0,0,0,0,0,0,0.00,0.00,2.00,3.05,3.90,1.40,2.29,4.50,10.00,2.00,1.72,N/A
1775088000,Apr 02 2026 - 12:00am,complete,N/A,Ponte Preta,Ceará,Kleber Ariel Gonçalves da Silva,2,0.00,0.00,0.54,0.91,1,1,2,0,0,0,"53","81",4,6,2,0,2,1,0,2,2,1,9,14,5,4,4,10,20,13,59,41,0.00,0.00,1.26,1.51,0.00,0,0,0,0,0,0,0,0,0,0.00,0.00,3.70,3.00,2.13,1.47,2.40,4.75,9.50,2.00,1.73,Estádio Moisés Lucarelli
1775089800,Apr 02 2026 - 12:30am,complete,3268,CRB,Avaí,Afro Rocha de Carvalho Filho,2,0.00,0.00,1.36,0.92,0,1,1,0,0,0,"","85",5,5,1,0,6,1,1,0,2,5,27,15,6,3,21,12,10,14,57,43,0.00,0.00,2.55,1.37,0.00,0,0,0,0,0,0,0,0,0,0.00,0.00,1.75,3.50,4.40,1.27,2.04,3.56,7.00,1.80,1.87,Estádio Universitário da UFAL
1775089800,Apr 02 2026 - 12:30am,complete,N/A,Criciúma,Athletic Club,Bruno Pereira Vasconcelos,2,0.00,0.00,2.08,1.36,1,1,2,1,0,1,"61","2",9,2,3,0,5,1,2,1,6,0,32,7,7,2,25,5,10,21,71,29,0.00,0.00,3.00,0.73,0.00,0,0,0,0,0,0,0,0,0,0.00,0.00,1.71,3.45,5.15,1.36,2.25,4.20,8.50,2.27,1.64,Estádio Heriberto Hülse
1775167200,Apr 02 2026 - 10:00pm,complete,N/A,São Bernardo,Operário PR,Leo Simão,2,0.00,0.00,0.92,1.27,1,2,3,2,1,1,"2","41,84",6,8,2,0,3,0,2,0,2,1,16,15,5,7,11,8,7,8,48,52,0.00,0.00,1.67,1.61,0.00,0,0,0,0,0,0,0,0,0,0.00,0.00,2.27,2.97,3.37,1.48,2.55,4.75,10.50,2.00,1.68,Estádio Humberto de Alencar Castelo Branco
1775329200,Apr 04 2026 - 7:00pm,complete,7437,Fortaleza,Juventude,Raphael Claus,3,1.00,0.00,2.36,1.36,2,1,3,2,2,0,"45'1,18","50",5,2,3,0,0,0,1,2,0,0,11,18,4,6,7,12,23,11,37,63,1.31,0.93,1.23,1.89,1.00,0,50,0,0,0,0,50,0,50,7.00,1.00,1.90,3.30,4.10,1.38,2.38,4.50,9.00,2.03,1.70,Estádio Governador Plácido Aderaldo Castelo
1775336400,Apr 04 2026 - 9:00pm,complete,2195,Cuiabá,Ceará,Afro Rocha de Carvalho Filho,3,1.00,1.00,1.46,0.91,0,2,2,0,0,0,"","79,71",1,2,0,0,3,0,0,0,1,2,16,7,6,2,10,5,14,20,65,35,1.18,1.51,1.79,0.75,1.00,50,50,0,0,0,0,0,50,50,6.00,4.00,2.82,2.80,2.84,1.53,2.69,4.80,10.00,2.05,1.67,Arena Pantanal
1775336400,Apr 04 2026 - 9:00pm,complete,N/A,Náutico,Ponte Preta,Paulo Cesar Zanovelli,3,0.00,0.00,1.55,0.27,1,0,1,0,0,0,"78","",17,3,3,0,1,2,1,2,1,2,23,4,6,4,17,0,14,21,69,31,1.10,1.15,2.42,0.73,2.00,50,50,50,0,0,50,100,0,0,15.00,7.00,1.73,3.30,6.19,1.41,2.25,4.20,7.90,2.11,1.65,N/A
1775343600,Apr 04 2026 - 11:00pm,complete,5389,Vila Nova,Atlético GO,Ramon Abatti,3,1.00,0.00,2.36,1.27,2,1,3,1,0,1,"65,88","33",8,3,3,0,2,0,1,2,0,2,17,10,5,4,12,6,16,24,58,42,0.97,0.94,1.75,1.10,2.50,50,50,50,50,0,0,100,50,50,10.00,8.00,2.14,2.80,3.20,1.59,2.88,5.20,8.90,2.25,1.59,Estádio Onésio Brasileiro Alvarenga
1775345400,Apr 04 2026 - 11:30pm,complete,4,Londrina,Sport Recife,Braulio da Silva Machado,3,1.00,1.00,1.18,1.45,1,2,3,1,1,0,"22","67,87",5,7,2,0,0,0,1,1,0,0,13,16,3,4,10,12,13,13,38,62,1.03,0.79,1.35,1.68,2.00,50,50,50,50,0,50,50,50,50,7.00,6.00,2.40,2.91,3.10,1.46,2.35,4.50,9.00,2.00,1.73,Estádio Municipal Jacy Scaff
1775415600,Apr 05 2026 - 7:00pm,complete,4390,Avaí,Operário PR,Denis Ribeiro Serafim,3,3.00,3.00,1.50,1.27,0,0,0,0,0,0,"","",9,4,2,0,6,0,2,0,2,4,13,6,4,3,9,3,19,19,49,51,1.67,1.61,1.49,0.77,2.50,50,100,50,0,0,50,100,0,100,11.00,6.00,2.46,2.95,3.00,1.36,2.23,4.46,7.80,1.85,1.83,Estádio Aderbal Ramos da Silva
1775422800,Apr 05 2026 - 9:00pm,complete,1037,Novorizontino,CRB,Lucas Paulo Torezin,3,0.00,1.00,1.82,1.75,1,1,2,0,0,0,"74","90'4",5,1,2,0,3,0,0,2,1,2,19,11,3,4,16,7,19,12,43,57,2.38,1.65,1.83,1.25,4.00,100,100,100,100,0,0,50,100,100,14.00,6.00,1.91,3.30,3.95,1.31,2.08,3.55,7.00,1.80,1.85,Estádio Dr. Jorge Ismael de Biasi
1775430000,Apr 05 2026 - 11:00pm,complete,2708,Athletic Club,América Mineiro,Davi de Oliveira Lacerda,3,3.00,0.00,1.58,0.42,1,1,2,1,1,0,"37","82",4,7,2,1,1,0,2,1,0,1,10,20,4,7,6,13,18,12,35,65,1.96,2.57,1.04,2.25,3.50,100,100,100,50,0,100,100,50,50,11.00,4.00,2.20,3.00,3.00,1.37,2.24,3.78,7.30,1.85,1.80,N/A
1775431800,Apr 05 2026 - 11:30pm,complete,2543,Botafogo SP,São Bernardo,Marcelo de Lima Henrique,3,3.00,1.00,1.64,1.82,1,2,3,1,1,0,"4","49,90'4",9,8,2,0,2,0,1,1,1,1,16,13,4,6,12,7,12,11,48,52,1.66,0.67,1.65,1.36,3.00,50,100,50,50,0,50,100,0,100,10.00,2.00,2.05,2.90,3.50,1.42,2.29,4.20,7.90,1.92,1.77,Estádio Santa Cruz
1775520000,Apr 07 2026 - 12:00am,complete,5588,Goiás,Criciúma,Alex Gomes Stefano,3,3.00,3.00,1.73,1.58,1,0,1,0,0,0,"58","",6,7,1,0,0,0,1,0,0,0,13,9,3,1,10,8,9,11,54,46,0.94,1.04,1.40,0.86,2.50,50,50,50,50,0,50,100,50,50,11.00,5.00,2.10,2.92,3.55,1.43,2.45,4.85,8.60,2.00,1.66,Estádio de Hailé Pinheiro
1775863800,Apr 10 2026 - 11:30pm,complete,9580,Criciúma,Botafogo SP,Lucas Guimarães Rechatiko Horn,4,1.00,3.00,2.08,1.08,1,0,1,0,0,0,"90'7","",9,6,4,1,2,0,0,5,2,0,12,12,3,1,9,11,15,15,51,49,3.00,1.41,1.33,1.22,2.50,100,100,50,0,0,50,100,0,100,16.00,7.00,1.88,2.90,4.24,1.44,2.20,4.99,8.70,2.05,1.63,Estádio Heriberto Hülse
1775934000,Apr 11 2026 - 7:00pm,complete,4219,Juventude,Goiás,N/A,4,1.00,1.00,2.25,1.08,2,0,2,1,1,0,"39,60","",6,1,0,0,1,2,0,0,1,2,10,5,7,1,3,4,19,16,43,57,1.40,1.32,1.36,0.66,2.00,50,50,50,50,0,50,50,50,50,10.00,9.00,2.25,3.00,3.20,1.40,2.21,3.76,9.00,1.89,1.75,N/A
1775941200,Apr 11 2026 - 9:00pm,complete,10715,Sport Recife,Avaí,Lucas Paulo Torezin,4,1.00,3.00,1.58,0.92,2,2,4,2,1,1,"45'9,89","90'6,19",7,8,3,0,7,0,1,2,4,3,21,16,10,4,11,12,8,16,59,41,1.28,1.37,2.24,1.54,1.50,50,50,0,0,0,0,0,50,100,11.00,12.00,1.78,3.35,4.55,1.28,2.05,3.50,8.00,1.88,1.80,Estádio Adelmar da Costa Carvalho
1775941200,Apr 11 2026 - 9:00pm,complete,4139,Ponte Preta,Vila Nova,Afro Rocha de Carvalho Filho,4,1.00,1.00,0.54,1.15,0,1,1,1,0,1,"","38",9,4,1,0,4,0,0,1,1,3,17,14,5,5,12,9,12,15,50,50,1.26,1.48,1.86,1.55,2.00,100,100,0,0,0,0,0,100,100,7.00,8.00,2.54,2.86,2.70,1.43,2.18,4.29,8.50,1.85,1.80,Estádio Moisés Lucarelli
1775950200,Apr 11 2026 - 11:30pm,complete,14032,Ceará,Náutico,Wilton Pereira Sampaio,4,1.00,3.00,1.38,1.08,1,0,1,0,0,0,"47","",3,4,4,0,4,0,1,3,3,1,10,15,5,3,5,12,12,15,40,60,2.14,1.12,1.24,1.43,2.50,100,100,50,0,0,0,100,50,100,8.00,8.00,1.80,3.20,4.52,1.37,2.25,3.98,8.50,2.02,1.72,Estádio Governador Plácido Aderaldo Castelo
1776027600,Apr 12 2026 - 9:00pm,complete,3512,Operário PR,Cuiabá,Thaillan Azevedo Gomes,4,3.00,1.00,1.69,1.27,0,0,0,0,0,0,"","",2,1,2,0,5,1,1,1,1,5,13,11,3,2,10,9,17,18,59,41,1.98,0.32,1.39,1.02,0.50,0,0,0,0,0,0,50,0,0,7.00,4.00,1.83,3.20,5.09,1.51,2.35,5.02,8.80,2.10,1.60,Estádio Germano Krüger
1776027600,Apr 12 2026 - 9:00pm,complete,961,São Bernardo,Fortaleza,Yuri Elino Ferreira da Cruz,4,0.00,0.00,0.92,1.08,0,1,1,0,0,0,"","87",4,6,1,0,3,0,1,0,0,3,15,17,2,6,13,11,10,17,49,51,1.67,0.69,1.31,1.78,3.50,50,100,100,50,0,100,100,0,100,11.00,9.00,2.91,3.15,2.42,1.37,2.31,4.25,9.00,1.92,1.75,Estádio Humberto de Alencar Castelo Branco
1776027600,Apr 12 2026 - 9:00pm,complete,1332,América Mineiro,Novorizontino,Braulio da Silva Machado,4,0.00,1.00,0.55,1.42,0,3,3,0,0,0,"","71,74,90'2",4,5,1,0,3,0,0,1,0,3,6,15,3,8,3,7,15,11,52,48,1.29,0.83,0.84,1.78,1.50,50,50,50,0,0,50,50,0,50,19.00,5.00,2.14,3.20,3.10,1.33,2.12,3.74,8.50,1.84,1.86,N/A
1776034800,Apr 12 2026 - 11:00pm,complete,2970,CRB,Athletic Club,Alex Gomes Stefano,4,0.00,1.00,1.36,1.36,2,3,5,2,2,0,"21,45'5","49,79,90'11",2,6,2,0,2,0,0,2,0,2,11,12,6,5,5,7,15,21,49,51,2.55,0.73,1.31,1.38,1.50,50,50,0,0,0,0,50,0,100,7.00,8.00,1.69,3.54,5.01,1.28,1.86,2.92,6.35,1.78,1.93,Estádio Universitário da UFAL
1776036600,Apr 12 2026 - 11:30pm,complete,1834,Atlético GO,Londrina,João Vitor Gobi,4,0.00,3.00,1.58,0.62,2,1,3,1,1,0,"21,86","90",8,2,1,0,1,0,0,1,0,1,17,6,5,1,12,5,26,12,51,49,1.11,1.05,1.88,0.60,3.50,100,100,100,50,0,0,50,100,100,14.00,4.00,2.10,3.00,3.78,1.42,2.34,4.10,8.50,1.85,1.80,N/A
1776546000,Apr 18 2026 - 9:00pm,complete,N/A,América Mineiro,Sport Recife,Gustavo Ervino Bauermann,5,0.00,2.00,0.55,1.45,0,0,0,0,0,0,"","",8,3,1,0,4,0,0,1,2,2,17,9,6,0,11,9,14,15,50,50,1.06,1.24,1.85,0.84,2.25,50,75,75,0,0,25,50,50,75,11.50,2.50,2.17,3.12,3.41,1.33,2.16,3.58,8.00,1.80,1.91,N/A
1776546000,Apr 18 2026 - 9:00pm,complete,N/A,Náutico,São Bernardo,Alisson Sidnei Furtado,5,1.50,2.00,1.55,1.82,0,3,3,0,0,0,"","88,64,81",10,2,2,0,6,0,1,1,4,2,18,11,2,5,16,6,15,16,61,39,1.76,1.01,1.69,1.15,1.75,50,50,25,0,0,0,75,25,75,20.00,5.00,1.68,3.45,4.75,1.33,2.16,3.58,8.50,1.99,1.73,N/A
1776547800,Apr 18 2026 - 9:30pm,complete,N/A,Vila Nova,Operário PR,Jodis Nascimento de Souza,5,2.00,2.00,2.36,1.27,2,1,3,2,1,1,"50,19","43",3,6,7,0,2,0,0,7,2,0,10,7,4,3,6,4,22,7,45,55,1.36,1.19,1.16,0.94,2.50,75,75,75,25,0,25,75,50,75,11.50,9.00,2.30,2.90,3.05,1.53,2.60,4.60,8.20,1.95,1.75,Estádio Onésio Brasileiro Alvarenga
1776555000,Apr 18 2026 - 11:30pm,complete,6185,Avaí,Ponte Preta,Marcelo de Lima Henrique,5,2.00,0.00,1.50,0.27,1,2,3,2,1,1,"38","45'2,60",5,4,4,0,2,0,1,3,0,2,12,12,2,8,10,4,16,16,61,39,1.58,0.94,1.28,1.49,1.50,25,50,25,0,0,25,50,0,50,9.00,6.00,1.72,3.50,4.70,1.31,2.12,3.42,8.00,1.85,1.85,Estádio Aderbal Ramos da Silva
1776555900,Apr 18 2026 - 11:45pm,complete,2980,CRB,Juventude,André Luis Skettino Policarpo Bento,5,0.00,0.00,1.36,1.36,0,1,1,1,0,1,"","40",5,2,4,1,2,0,1,4,1,1,15,8,6,2,9,6,15,19,57,43,1.93,1.41,1.75,0.79,2.75,50,75,50,25,25,50,75,25,100,6.00,1.50,2.30,3.00,3.10,1.45,2.35,4.10,8.50,1.95,1.75,Estádio Universitário da UFAL
1776625200,Apr 19 2026 - 7:00pm,complete,3515,Londrina,Ceará,Paulo Schleich Vollkopf,5,0.50,2.00,1.18,0.91,0,0,0,0,0,0,"","",14,4,1,0,0,0,1,0,0,0,18,13,3,6,15,7,18,10,51,49,1.19,1.13,1.80,1.54,2.75,75,100,50,25,0,25,50,100,100,9.50,6.00,2.70,2.90,2.55,1.39,2.17,4.40,8.00,1.84,1.85,Estádio Municipal Jacy Scaff
1776625200,Apr 19 2026 - 7:00pm,complete,2723,Botafogo SP,Atlético GO,Arthur Gomes Rabelo,5,1.50,0.00,1.64,1.27,1,1,2,2,1,1,"4","23",7,5,2,0,3,0,2,0,2,1,12,10,4,3,8,7,14,14,55,45,1.65,1.02,1.45,1.05,2.75,50,75,75,25,0,25,100,50,75,13.00,4.00,2.35,2.75,3.32,1.53,2.63,4.90,10.00,2.10,1.84,Estádio Santa Cruz
1776632400,Apr 19 2026 - 9:00pm,complete,6499,Goiás,Cuiabá,Bruno Mota Correia,5,3.00,1.00,1.73,1.27,0,2,2,0,0,0,"","75,82",4,4,2,0,2,0,1,1,1,1,8,11,0,4,8,7,15,26,66,34,1.17,0.67,0.90,1.19,1.25,25,25,25,25,0,25,25,25,50,5.00,6.50,1.88,3.14,4.50,1.43,2.45,4.30,8.40,2.05,1.65,Estádio de Hailé Pinheiro
1776639600,Apr 19 2026 - 11:00pm,complete,1239,Novorizontino,Athletic Club,Jefferson Ferreira de Moraes,5,0.50,2.00,1.82,1.36,2,1,3,2,1,1,"9,64","21",11,1,1,0,3,2,0,1,1,4,20,7,7,2,13,5,11,15,63,37,2.11,1.05,2.31,0.74,3.25,100,100,50,50,25,25,50,75,100,11.00,5.50,1.65,3.40,5.20,1.47,2.24,3.95,8.50,2.05,1.65,Estádio Dr. Jorge Ismael de Biasi
1776639600,Apr 19 2026 - 11:00pm,complete,7604,Fortaleza,Criciúma,N/A,5,2.00,1.50,2.36,1.58,3,2,5,3,2,1,"8,29,77","13,50",4,3,3,0,2,0,1,2,0,2,14,6,4,3,10,3,18,16,45,55,1.27,0.95,1.36,0.77,1.25,25,25,25,0,0,25,50,0,50,12.00,3.00,1.90,3.24,4.20,1.34,2.20,4.20,9.50,2.05,1.73,Estádio Governador Plácido Aderaldo Castelo
1776904200,Apr 23 2026 - 12:30am,complete,N/A,Cuiabá,Botafogo SP,André Luis Skettino Policarpo Bento,6,0.50,1.50,1.46,1.08,1,1,2,0,0,0,"64","78",6,4,4,0,3,0,1,3,1,2,17,10,5,3,12,7,20,7,57,43,1.48,1.32,1.79,1.14,1.50,25,50,25,0,0,25,25,25,75,7.00,3.50,1.88,3.00,4.20,1.57,2.65,5.40,10.00,2.31,1.62,Arena Pantanal
1777071600,Apr 24 2026 - 11:00pm,complete,4353,Ponte Preta,América Mineiro,Lucas Casagrande,6,0.50,0.50,0.54,0.42,1,0,1,1,1,0,"44","",2,10,4,0,2,0,1,3,1,1,10,11,3,4,7,7,29,13,31,69,1.56,2.41,1.09,1.34,2.25,75,75,25,25,0,25,75,50,75,14.00,2.50,2.50,2.80,2.75,1.44,2.31,4.33,9.50,1.89,1.85,Estádio Moisés Lucarelli
1777159800,Apr 25 2026 - 11:30pm,complete,12749,Sport Recife,Novorizontino,Lucas Guimarães Rechatiko Horn,6,1.00,2.00,1.58,1.42,1,0,1,0,0,0,"52","",3,5,4,0,5,0,0,4,1,4,10,10,5,4,5,6,13,21,56,44,1.76,1.30,1.28,1.29,2.25,50,75,50,25,0,25,25,75,75,13.00,6.50,2.45,3.20,2.90,1.41,2.16,4.00,8.00,1.83,1.85,Estádio Adelmar da Costa Carvalho
1777161600,Apr 26 2026 - 12:00am,complete,3206,Juventude,Londrina,Gustavo Ervino Bauermann,6,2.00,1.50,2.25,0.62,1,0,1,1,1,0,"45","",3,8,1,0,0,0,1,0,0,0,8,13,5,3,3,10,22,16,41,59,1.38,0.82,1.18,1.56,2.25,50,75,50,25,0,0,50,50,75,9.50,4.00,1.86,3.10,4.45,1.37,2.31,3.92,8.50,2.02,1.68,N/A
1777230000,Apr 26 2026 - 7:00pm,complete,813,São Bernardo,Goiás,Bruno Pereira Vasconcelos,6,0.00,0.50,0.92,1.08,1,0,1,0,0,0,"90'3","",4,4,3,0,2,0,3,0,2,0,13,16,5,6,8,10,8,16,45,55,1.49,0.99,1.25,1.53,2.50,50,75,50,25,0,50,75,25,100,8.50,6.50,2.75,3.00,2.45,1.45,2.26,4.50,9.00,2.00,1.75,Estádio Humberto de Alencar Castelo Branco
1777237200,Apr 26 2026 - 9:00pm,complete,10599,Ceará,Vila Nova,Yuri Elino Ferreira da Cruz,6,2.00,2.00,1.38,1.15,3,3,6,4,3,1,"44,45'3,15","13,63,67",3,4,1,0,3,0,1,0,0,3,8,11,5,6,3,5,17,12,46,54,1.69,1.52,1.32,1.44,1.50,50,50,0,0,0,0,50,25,75,8.50,8.00,1.78,3.20,4.60,1.41,2.38,4.60,10.00,2.05,1.61,Estádio Governador Plácido Aderaldo Castelo
1777237200,Apr 26 2026 - 9:00pm,complete,N/A,Operário PR,Fortaleza,Jefferson Ferreira de Moraes,6,2.00,1.50,1.69,1.08,0,0,0,0,0,0,"","",11,7,1,0,3,0,1,0,1,2,21,12,3,2,18,10,9,12,64,36,1.68,1.24,2.10,1.17,1.50,0,25,25,25,0,25,50,0,50,10.00,7.00,2.30,2.80,3.10,1.50,2.60,5.25,8.70,2.03,1.68,Estádio Germano Krüger
1777246200,Apr 26 2026 - 11:30pm,complete,2084,Atlético GO,Avaí,Afro Rocha de Carvalho Filho,6,1.50,2.00,1.58,0.92,2,1,3,1,1,0,"22,74","69",6,1,5,0,4,0,2,3,2,2,16,8,6,4,10,4,22,10,41,59,1.49,1.46,1.79,1.17,2.75,75,75,75,25,0,25,75,75,100,14.00,8.50,1.88,3.20,3.80,1.40,2.24,3.88,7.50,1.98,1.72,N/A
1777246200,Apr 26 2026 - 11:30pm,complete,7012,Criciúma,CRB,Lucas Canetto Bellote,6,2.00,1.00,2.08,1.75,3,1,4,2,2,0,"9,37,75","49",9,5,0,0,1,0,0,0,0,1,17,17,7,5,10,12,13,12,42,58,2.16,1.45,1.90,1.90,2.25,75,75,25,25,0,0,50,50,100,12.00,9.00,1.85,3.10,3.90,1.44,2.30,4.25,9.00,2.05,1.67,Estádio Heriberto Hülse
1777327200,Apr 27 2026 - 10:00pm,complete,2700,Athletic Club,Náutico,Lucas Paulo Torezin,6,2.00,1.50,1.58,1.08,0,1,1,0,0,0,"","81",8,4,3,0,4,0,2,1,2,2,9,15,5,1,4,14,14,15,54,46,1.50,1.27,1.39,1.42,2.25,75,75,50,0,0,25,75,25,75,6.00,8.50,2.70,3.05,2.75,1.37,2.29,4.45,9.00,1.85,1.80,N/A
1777748400,May 02 2026 - 7:00pm,complete,3636,Botafogo SP,Náutico,Ramon Abatti,7,1.33,2.00,1.64,1.08,1,1,2,1,1,0,"42","58",11,2,2,0,2,0,0,2,0,2,10,14,7,3,3,11,18,18,47,53,1.59,1.32,1.39,1.36,2.34,50,67,50,17,0,34,67,33,84,10.67,6.67,2.27,3.00,3.48,1.39,2.35,4.73,9.30,1.98,1.74,Estádio Santa Cruz
1777757400,May 02 2026 - 9:30pm,complete,N/A,Cuiabá,Criciúma,Jonathan Benkenstein Pinheiro,7,0.67,1.00,1.46,1.58,1,1,2,1,1,0,"21","90'2",3,2,1,0,0,0,0,1,0,0,9,9,5,3,4,6,17,10,47,53,1.58,0.89,1.23,0.98,1.83,33,50,17,17,17,17,34,50,67,8.33,3.00,2.21,2.81,3.76,1.58,2.87,5.82,10.00,2.20,1.66,Arena Pantanal
1777764600,May 02 2026 - 11:30pm,complete,19050,Fortaleza,Goiás,André Luis Skettino Policarpo Bento,7,2.33,0.33,2.36,1.08,4,1,5,1,0,1,"54,61,78,90'1","24",3,3,4,0,2,1,2,2,1,2,17,10,9,4,8,6,11,17,44,56,1.30,1.17,1.99,1.16,2.50,50,67,50,33,17,50,67,33,84,8.00,6.33,1.77,3.32,4.83,1.40,2.38,4.30,8.70,2.08,1.67,Estádio Governador Plácido Aderaldo Castelo
1777834800,May 03 2026 - 7:00pm,complete,3084,Operário PR,Londrina,Anderson Daronco,7,1.67,1.00,1.69,0.62,3,0,3,2,2,0,"29,60,5","",5,4,2,0,5,0,2,0,3,2,14,10,5,3,9,7,11,16,56,44,1.82,1.07,1.41,1.19,1.50,34,34,34,17,0,0,50,34,34,12.34,3.00,1.87,3.30,4.40,1.37,2.35,4.15,8.70,2.05,1.67,Estádio Germano Krüger
1777834800,May 03 2026 - 7:00pm,complete,846,São Bernardo,Ponte Preta,Fabiano Monteiro dos Santos,7,1.00,1.00,0.92,0.27,3,0,3,1,1,0,"13,52,79","",2,6,2,0,3,0,1,1,0,3,11,11,6,0,5,11,11,10,49,51,1.41,1.12,1.32,1.12,2.00,50,50,50,0,0,50,50,0,84,8.00,5.00,2.25,2.95,3.60,1.49,2.45,4.40,9.30,2.02,1.73,Estádio Humberto de Alencar Castelo Branco
1777842000,May 03 2026 - 9:00pm,complete,15655,Sport Recife,Ceará,Braulio da Silva Machado,7,1.67,1.67,1.58,0.91,2,0,2,0,0,0,"71,53","",9,11,2,0,4,0,1,1,1,3,16,10,5,1,11,9,13,16,44,56,1.60,1.27,1.53,1.09,1.83,50,67,17,17,0,17,17,67,84,9.33,5.67,2.25,2.95,3.35,1.41,2.27,4.31,9.00,1.91,1.77,Estádio Adelmar da Costa Carvalho
1777843800,May 03 2026 - 9:30pm,complete,2558,Atlético GO,Juventude,José Mendonça da Silva Jr.,7,2.00,1.00,1.58,1.36,0,0,0,0,0,0,"","",5,1,3,1,3,0,0,4,1,2,16,6,6,1,10,5,17,14,48,52,1.59,1.20,1.76,0.61,2.50,67,84,67,0,0,17,100,50,84,9.33,3.00,2.25,2.95,3.40,1.48,2.62,5.50,10.00,2.14,1.67,N/A
1777851000,May 03 2026 - 11:30pm,complete,3937,Avaí,Novorizontino,Wagner do Nascimento Magalhaes,7,1.33,1.33,1.50,1.42,3,3,6,1,1,0,"23,90'15,90","47,74,90'11",5,3,5,1,1,1,3,3,2,0,17,10,4,4,13,6,27,15,52,48,1.48,1.30,1.34,0.91,1.50,17,50,33,0,0,17,34,17,67,11.67,6.67,2.30,2.99,3.10,1.36,2.25,4.20,7.90,1.89,1.83,Estádio Aderbal Ramos da Silva
1777851000,May 03 2026 - 11:30pm,complete,1231,América Mineiro,CRB,Alisson Sidnei Furtado,7,0.33,0.67,0.55,1.75,1,2,3,2,1,1,"10","41,84",3,4,4,0,4,0,2,2,2,2,9,16,4,8,5,8,18,20,44,56,1.33,1.60,1.14,1.85,2.67,67,84,67,34,0,33,50,67,84,11.34,4.66,1.95,3.40,3.60,1.29,2.05,3.42,6.75,1.80,1.87,N/A
1777932000,May 04 2026 - 10:00pm,complete,8717,Vila Nova,Athletic Club,Marcelo de Lima Henrique,7,2.33,1.33,2.36,1.36,1,1,2,0,0,0,"70","87",9,1,2,0,3,1,1,1,1,3,23,2,5,2,18,0,13,14,68,32,1.29,0.95,2.30,0.39,3.33,100,100,84,33,17,50,100,50,100,7.67,10.33,1.95,3.10,3.90,1.35,2.20,4.18,8.50,1.93,1.80,Estádio Onésio Brasileiro Alvarenga
1778353200,May 09 2026 - 7:00pm,complete,10469,Goiás,Vila Nova,Flavio Rodrigues De Souza,8,2.00,1.67,1.73,1.15,1,0,1,0,0,0,"79","",4,5,5,1,2,0,2,4,1,1,12,11,3,1,9,10,15,10,36,64,1.08,1.49,1.12,1.00,2.67,50,67,33,33,17,33,50,67,84,8.00,6.33,2.14,2.90,3.40,1.44,2.45,4.80,8.70,1.95,1.73,Estádio de Hailé Pinheiro
1778360400,May 09 2026 - 9:00pm,complete,3004,Athletic Club,Cuiabá,Yuri Elino Ferreira da Cruz,8,1.33,1.67,1.58,1.27,0,0,0,0,0,0,"","",6,6,3,0,2,0,0,3,1,1,8,7,1,1,7,6,11,18,57,43,1.46,0.84,0.83,0.78,1.34,34,50,17,0,0,17,34,17,50,6.67,7.00,2.47,2.80,3.10,1.60,2.70,5.00,11.50,2.10,1.65,N/A
1778362200,May 09 2026 - 9:30pm,complete,N/A,Ponte Preta,Sport Recife,Paulo Schleich Vollkopf,8,1.33,1.67,0.54,1.45,1,3,4,3,1,2,"23","31,45'5,59",11,2,5,0,3,1,1,4,1,3,16,10,5,4,11,6,17,11,48,52,1.41,1.11,1.72,1.05,1.17,33,33,17,0,0,0,50,33,33,8.67,4.33,2.62,3.00,2.50,1.42,2.30,4.25,10.00,2.00,1.75,Estádio Moisés Lucarelli
1778364000,May 09 2026 - 10:00pm,complete,6268,Ceará,Atlético GO,Fernando Antonio Mendes de Salles Nascimento Fillho,8,1.67,0.33,1.38,1.27,0,1,1,1,0,1,"","29",11,1,2,0,2,1,1,1,1,2,32,5,9,1,23,4,14,15,75,25,1.57,1.03,3.24,0.61,2.50,67,67,33,17,17,33,84,33,67,9.33,4.66,1.91,2.90,3.90,1.44,2.49,4.50,10.00,2.04,1.70,Estádio Governador Plácido Aderaldo Castelo
1778369400,May 09 2026 - 11:30pm,complete,2607,CRB,Operário PR,Leo Simão,8,0.00,1.33,1.36,1.27,3,0,3,2,2,0,"11,27,49","",6,1,2,0,4,0,0,2,3,1,15,8,5,2,10,6,15,14,42,58,1.87,1.11,1.48,0.94,2.17,50,50,50,17,17,50,67,17,67,10.00,6.67,2.04,3.10,3.53,1.42,2.25,4.05,9.00,1.93,1.83,Estádio Universitário da UFAL
1778372100,May 10 2026 - 12:15am,complete,N/A,Juventude,Criciúma,Afro Rocha de Carvalho Filho,8,2.33,1.00,2.25,1.58,0,0,0,0,0,0,"","",7,9,2,0,4,0,1,1,0,4,15,14,5,2,10,12,13,18,55,45,1.31,0.91,1.57,1.42,1.63,25,42,13,13,13,13,71,13,54,9.33,2.67,2.20,3.00,3.40,1.57,2.45,4.75,10.00,2.05,1.67,N/A
1778439600,May 10 2026 - 7:00pm,complete,7450,Náutico,América Mineiro,N/A,8,1.00,0.33,1.55,0.42,4,0,4,2,2,0,"26,45'5,52,73","",3,3,2,0,3,1,1,1,2,2,18,5,6,0,12,5,19,16,58,42,1.74,2.06,2.21,0.66,2.00,34,50,33,17,0,17,67,33,67,21.33,4.66,1.94,3.10,3.50,1.33,2.05,3.80,7.50,1.85,1.85,N/A
1778448600,May 10 2026 - 9:30pm,complete,5270,Avaí,Fortaleza,Paulo Cesar Zanovelli,8,1.25,1.33,1.50,1.08,0,0,0,0,0,0,"","",5,4,3,0,2,2,2,1,1,3,20,9,6,2,14,7,19,17,55,45,1.44,1.21,1.95,0.91,2.21,25,54,42,29,13,29,54,13,71,11.50,8.33,2.45,3.10,2.95,1.40,2.27,4.20,9.00,1.91,1.83,Estádio Aderbal Ramos da Silva
1778452200,May 10 2026 - 10:30pm,complete,353,Novorizontino,Botafogo SP,Lucas Canetto Bellote,8,1.33,1.33,1.82,1.08,1,0,1,0,0,0,"57","",5,1,4,0,2,0,0,4,0,2,9,6,3,1,6,5,17,15,46,54,2.18,1.26,1.07,0.73,2.50,84,84,50,17,0,33,33,50,100,14.00,4.00,1.76,3.25,4.90,1.40,2.38,4.45,9.00,2.05,1.70,Estádio Dr. Jorge Ismael de Biasi
1778625000,May 12 2026 - 10:30pm,complete,2113,Londrina,São Bernardo,Maguielson Lima Barbosa,8,0.67,2.33,1.18,1.82,1,3,4,2,0,2,"85","7,21,59",9,2,3,0,1,0,2,1,0,1,12,8,1,3,11,5,13,6,53,47,1.39,1.06,1.18,0.86,2.50,67,84,67,17,0,17,67,67,84,12.66,5.00,2.20,2.80,3.30,1.42,2.40,4.33,10.00,2.05,1.73,Estádio Municipal Jacy Scaff
1778958000,May 16 2026 - 7:00pm,complete,2527,Operário PR,Náutico,Arthur Gomes Rabelo,9,2.00,1.75,1.69,1.08,2,6,8,3,1,2,"7,67","27,45'1,63,53,68,90'2",7,5,3,1,1,0,1,3,1,0,17,18,7,8,10,10,8,18,46,54,1.72,1.33,1.75,2.20,1.38,25,38,25,0,0,13,50,13,63,9.00,5.75,2.05,3.00,3.30,1.40,2.17,4.40,9.50,1.90,1.75,Estádio Germano Krüger
1778958000,May 16 2026 - 7:00pm,complete,N/A,São Bernardo,América Mineiro,Gustavo Ervino Bauermann,9,1.50,0.25,0.92,0.42,1,1,2,1,0,1,"85","19",6,7,3,0,5,0,2,1,3,2,15,11,4,4,11,7,16,16,49,51,1.39,1.71,1.49,1.25,2.38,38,63,50,25,0,38,75,38,88,11.00,4.25,2.00,3.00,3.50,1.47,2.38,4.50,9.20,2.01,1.73,Estádio Humberto de Alencar Castelo Branco
1778967000,May 16 2026 - 9:30pm,complete,4978,Goiás,Botafogo SP,Denis Ribeiro Serafim,9,2.25,1.00,1.73,1.08,1,0,1,0,0,0,"73","",4,5,4,0,3,0,0,4,2,1,17,7,6,2,11,5,19,11,55,45,1.09,1.13,1.91,0.88,1.88,38,50,25,13,0,25,25,38,100,8.75,5.75,1.93,3.00,4.11,1.40,2.25,4.30,8.50,2.05,1.75,Estádio de Hailé Pinheiro
1778974200,May 16 2026 - 11:30pm,complete,N/A,Cuiabá,Novorizontino,Bruno Pereira Vasconcelos,9,0.75,1.25,1.46,1.42,0,0,0,0,0,0,"","",8,4,3,0,2,0,1,2,1,1,22,10,8,3,14,7,14,13,59,41,1.50,1.20,2.28,1.00,2.00,38,63,25,13,13,0,25,50,75,7.75,4.75,2.35,2.80,3.20,1.57,2.88,5.75,9.00,2.20,1.62,Arena Pantanal
1779044400,May 17 2026 - 7:00pm,complete,2973,Athletic Club,Juventude,João Vitor Gobi,9,1.25,1.00,1.58,1.36,1,1,2,1,1,0,"28","90'3",5,3,2,0,3,0,2,0,3,0,18,10,5,4,13,6,22,16,44,56,1.30,1.06,1.70,1.15,1.50,38,50,25,0,0,25,63,0,50,7.25,4.50,2.50,2.90,2.75,1.53,2.50,5.00,9.10,2.10,1.70,N/A
1779051600,May 17 2026 - 9:00pm,complete,5290,Vila Nova,Avaí,André Luis Skettino Policarpo Bento,9,2.00,1.33,2.36,0.92,2,0,2,2,2,0,"33,45'1","",2,1,3,0,2,0,0,3,2,0,14,7,6,3,8,4,21,16,45,55,1.54,1.36,1.61,0.87,2.84,84,84,71,29,0,29,71,71,100,10.42,10.83,2.10,3.00,3.10,1.36,2.09,3.72,7.50,1.83,1.84,Estádio Onésio Brasileiro Alvarenga
1779053400,May 17 2026 - 9:30pm,complete,20362,Ceará,Fortaleza,Rodrigo José Pereira de Lima,9,1.25,1.25,1.38,1.08,2,1,3,1,0,1,"58,68","28",3,2,3,0,4,0,0,3,2,2,10,17,5,5,5,12,20,21,50,50,1.98,1.14,1.31,1.70,1.88,25,38,25,25,13,25,50,13,63,11.50,6.75,2.30,2.85,3.10,1.53,2.70,5.50,13.00,2.15,1.62,Estádio Governador Plácido Aderaldo Castelo
1779053400,May 17 2026 - 9:30pm,complete,7792,Criciúma,Atlético GO,Leo Simão,9,2.33,1.00,2.08,1.27,1,1,2,0,0,0,"59","61",7,9,3,0,4,0,2,1,2,2,13,18,1,4,12,14,14,16,67,33,2.07,0.93,1.23,1.59,2.04,59,59,29,17,0,29,84,29,63,13.00,5.75,1.87,3.08,4.74,1.55,2.60,4.70,9.20,2.25,1.57,Estádio Heriberto Hülse
1779060600,May 17 2026 - 11:30pm,complete,18444,Sport Recife,CRB,Edina Alves Batista,9,2.00,1.25,1.58,1.75,1,2,3,1,0,1,"78","39,59",3,2,2,0,4,0,0,2,0,4,13,12,3,6,10,6,14,13,56,44,1.58,1.66,1.32,1.40,2.75,75,88,50,38,0,38,50,75,100,10.00,6.75,2.24,2.93,3.31,1.36,2.15,3.70,8.00,1.83,1.91,Estádio Adelmar da Costa Carvalho
1779141600,May 18 2026 - 10:00pm,complete,2843,Ponte Preta,Londrina,Thaillan Azevedo Gomes,9,1.00,0.75,0.54,0.62,1,4,5,1,0,1,"90'4","24,66,90'3,88",11,4,6,0,0,1,1,5,0,1,16,19,5,9,11,10,16,8,55,45,1.48,1.10,1.87,1.97,2.38,50,63,50,25,0,25,75,38,63,11.75,5.25,1.98,2.80,3.15,1.43,2.42,4.75,8.50,2.00,1.71,Estádio Moisés Lucarelli
1779487200,May 22 2026 - 10:00pm,complete,11703,Náutico,Cuiabá,Edina Alves Batista,10,1.50,1.50,1.55,1.27,1,0,1,0,0,0,"71","",6,1,3,0,2,0,1,2,1,1,10,7,2,2,8,5,16,20,67,33,1.86,0.83,1.22,0.69,1.38,0,38,25,13,0,13,25,38,50,13.25,6.25,2.01,2.84,3.90,1.52,2.75,5.50,10.00,2.38,1.58,N/A
1779562800,May 23 2026 - 7:00pm,complete,1117,Novorizontino,Ceará,Jonathan Benkenstein Pinheiro,10,1.75,1.25,1.82,0.91,2,1,3,2,1,1,"7,87","44",5,2,1,0,3,1,0,1,1,3,15,5,6,1,9,4,18,12,49,51,1.90,1.22,1.70,0.55,2.00,50,75,25,13,0,13,13,63,88,13.25,4.25,1.95,3.00,3.60,1.42,2.28,4.55,8.70,1.92,1.75,Estádio Dr. Jorge Ismael de Biasi
1779571800,May 23 2026 - 9:30pm,complete,7666,Fortaleza,Londrina,Braulio da Silva Machado,10,2.50,1.20,2.36,0.62,3,0,3,1,1,0,"53,36,90'9","",5,1,3,0,4,0,2,1,1,3,17,9,4,2,13,7,14,15,52,48,1.47,1.27,1.68,0.88,3.23,68,78,78,45,35,35,78,55,78,9.00,4.95,1.55,3.70,6.00,1.36,2.10,3.90,8.00,2.15,1.65,Estádio Governador Plácido Aderaldo Castelo
1779579000,May 23 2026 - 11:30pm,complete,3328,Juventude,Sport Recife,Lucas Paulo Torezin,10,2.00,2.00,2.25,1.45,0,1,1,0,0,0,"","82",9,2,1,0,4,0,0,1,0,4,16,10,2,2,14,8,19,13,52,48,1.38,1.09,1.54,0.99,1.25,25,38,25,13,0,13,50,13,38,8.25,4.25,2.15,3.00,3.10,1.40,2.15,3.88,8.50,1.95,1.77,N/A
1779649200,May 24 2026 - 7:00pm,complete,2941,Atlético GO,São Bernardo,Paulo Cesar Zanovelli,10,1.75,2.50,1.58,1.82,0,1,1,0,0,0,"","81",8,4,0,0,2,0,0,0,0,2,17,11,4,5,13,6,15,13,49,51,1.63,1.01,1.71,1.28,2.63,75,88,75,13,0,13,75,75,88,10.25,5.25,1.88,3.00,4.40,1.44,2.40,4.80,10.00,2.02,1.62,N/A
1779651000,May 24 2026 - 7:30pm,complete,7101,CRB,Ponte Preta,Wagner do Nascimento Magalhaes,10,0.75,0.75,1.36,0.27,4,2,6,3,1,2,"45'2,57,90'4,80","33,28",12,5,1,0,2,0,1,0,2,0,33,10,11,4,22,6,17,8,58,42,1.77,1.12,3.50,1.21,2.50,38,63,63,13,13,50,75,25,75,8.50,5.75,1.49,4.05,6.62,1.30,1.95,3.58,6.50,2.00,1.75,Estádio Universitário da UFAL
1779658200,May 24 2026 - 9:30pm,complete,1602,América Mineiro,Vila Nova,Matheus Delgado Candançan,10,0.25,1.25,0.55,1.15,1,2,3,1,1,0,"22","67,76",4,4,3,0,3,0,1,2,0,3,17,12,5,4,12,8,15,16,50,50,1.28,1.37,1.70,1.37,2.38,50,63,50,13,13,38,50,38,75,10.50,5.75,2.25,3.05,3.00,1.33,2.43,4.50,10.00,2.00,1.73,N/A
1779660000,May 24 2026 - 10:00pm,complete,3473,Avaí,Goiás,João Vitor Gobi,10,1.20,0.25,1.50,1.08,0,2,2,0,0,0,"","71,78",1,6,1,1,2,0,1,1,0,2,7,12,3,8,4,4,15,18,35,65,1.55,1.17,0.88,1.72,2.60,45,68,45,35,23,23,68,35,80,8.90,7.55,2.25,2.88,3.00,1.40,2.20,3.85,7.70,1.85,1.85,Estádio Aderbal Ramos da Silva
1779665400,May 24 2026 - 11:30pm,complete,1182,Operário PR,Criciúma,Alex Gomes Stefano,10,1.60,1.00,1.69,1.58,1,1,2,0,0,0,"87","76",8,6,2,0,3,0,2,0,2,1,20,13,6,6,14,7,13,18,50,50,1.72,1.01,1.93,1.55,2.10,30,40,30,20,20,30,60,20,50,12.20,3.80,2.22,2.90,3.51,1.53,2.69,5.50,11.00,2.10,1.65,Estádio Germano Krüger
1779746400,May 25 2026 - 10:00pm,complete,2014,Botafogo SP,Athletic Club,Bruno Pereira Vasconcelos,10,1.25,1.25,1.64,1.36,1,2,3,1,0,1,"49","37,69",6,2,4,0,2,0,3,1,0,2,12,8,6,2,6,6,14,14,62,38,1.54,0.81,1.49,0.82,2.88,88,100,50,25,13,50,88,38,88,11.00,7.00,1.94,2.68,3.45,1.44,2.38,5.00,9.80,2.10,1.67,Estádio Santa Cruz
1780099200,May 30 2026 - 12:00am,complete,2821,Juventude,América Mineiro,N/A,11,1.60,0.40,2.25,0.42,3,0,3,1,1,0,"8,67,90'2","",5,5,0,0,2,0,0,0,1,1,16,16,6,8,10,8,16,14,38,62,1.41,1.62,1.67,1.92,1.70,30,50,20,20,0,20,70,20,60,12.80,4.40,1.91,2.90,4.00,1.50,2.55,5.50,9.50,2.20,1.62,N/A
1780167600,May 30 2026 - 7:00pm,complete,3699,Atlético GO,Goiás,N/A,11,1.40,0.80,1.58,1.08,1,1,2,0,0,0,"73","47",9,2,4,0,3,0,0,4,0,3,17,6,6,3,11,3,13,14,55,45,1.65,1.28,1.95,0.88,2.40,50,70,50,20,10,10,60,60,90,10.80,5.80,2.30,2.85,3.20,1.50,2.50,5.00,12.00,2.05,1.65,N/A
1780167600,May 30 2026 - 7:00pm,complete,4585,Avaí,Criciúma,N/A,11,1.00,1.00,1.50,1.58,1,2,3,1,0,1,"49","46,39",3,9,2,0,2,0,0,2,0,2,11,17,3,3,8,14,16,25,57,43,1.43,1.10,1.13,1.63,2.00,42,59,25,17,17,17,50,33,67,10.50,5.50,2.50,2.85,2.90,1.46,2.30,4.50,9.50,1.93,1.75,Estádio Aderbal Ramos da Silva
1780174800,May 30 2026 - 9:00pm,complete,N/A,Athletic Club,Fortaleza,N/A,11,1.20,1.00,1.58,1.08,1,0,1,0,0,0,"55","",8,7,0,0,1,0,0,0,1,0,12,14,2,4,10,10,17,15,46,54,1.38,1.25,1.21,1.45,1.60,40,50,30,10,0,20,50,10,60,10.00,7.40,2.95,2.80,2.60,1.53,2.60,5.00,12.00,2.05,1.70,N/A
1780183800,May 30 2026 - 11:30pm,complete,N/A,Sport Recife,Náutico,N/A,11,1.60,2.00,1.58,1.08,2,0,2,1,1,0,"28,83","",1,8,5,0,3,0,2,3,2,1,8,19,5,6,3,13,18,18,40,60,1.53,1.50,0.99,2.02,2.70,60,70,40,20,10,20,50,60,100,8.80,6.40,2.35,3.10,2.90,1.30,2.00,3.45,6.15,1.70,1.95,Estádio Adelmar da Costa Carvalho
1780236000,May 31 2026 - 2:00pm,complete,3306,Londrina,Vila Nova,N/A,11,0.50,1.60,1.18,1.15,0,1,1,0,0,0,"","65",2,9,4,2,5,1,3,3,3,3,7,18,5,3,2,15,13,14,34,66,1.34,1.37,0.88,1.80,2.68,68,68,58,35,10,35,68,68,78,12.50,6.10,2.50,2.97,2.91,1.40,2.14,4.33,9.00,1.86,1.80,Estádio Municipal Jacy Scaff
1780236000,May 31 2026 - 2:00pm,complete,N/A,São Bernardo,Novorizontino,N/A,11,1.40,1.20,0.92,1.42,1,1,2,2,1,1,"17","6",6,1,3,0,2,0,1,2,0,2,11,10,4,3,7,7,16,12,54,46,1.41,1.16,1.18,1.16,2.00,30,50,40,10,10,10,40,30,80,9.40,5.20,2.70,2.87,2.84,1.48,2.45,5.00,10.50,2.05,1.73,Estádio Humberto de Alencar Castelo Branco
1780254000,May 31 2026 - 7:00pm,complete,4356,Ceará,Operário PR,N/A,11,1.60,1.00,1.38,1.27,1,2,3,1,1,0,"39","59,54",7,2,4,2,4,0,2,4,1,3,20,9,8,2,12,7,18,12,53,47,1.85,1.07,2.32,0.88,2.43,55,68,58,10,10,48,78,20,78,10.15,6.15,1.95,3.20,3.93,1.39,2.29,4.05,9.50,2.00,1.67,Estádio Governador Plácido Aderaldo Castelo
1780270200,May 31 2026 - 11:30pm,complete,N/A,Cuiabá,CRB,N/A,11,0.80,1.60,1.46,1.75,2,0,2,2,2,0,"34,38","",7,3,2,0,0,0,0,2,0,0,14,14,8,4,6,10,13,7,40,60,1.65,1.61,1.63,1.49,2.20,70,80,40,20,0,20,50,60,80,7.00,5.40,2.25,2.85,3.05,1.57,2.81,5.75,11.50,2.10,1.68,Arena Pantanal
1780351200,Jun 01 2026 - 10:00pm,complete,2046,Ponte Preta,Botafogo SP,N/A,11,0.80,0.80,0.54,1.08,0,0,0,0,0,0,"","",5,12,4,2,2,0,2,4,0,2,7,28,1,4,6,24,18,15,32,68,1.56,1.08,0.76,2.56,2.10,50,50,30,20,10,20,50,30,80,12.00,6.40,2.87,2.88,2.25,1.50,2.50,5.00,10.50,2.00,1.70,Estádio Moisés Lucarelli
1780700400,Jun 05 2026 - 11:00pm,complete,N/A,Operário PR,Juventude,N/A,12,1.50,1.00,1.69,1.36,2,1,3,1,1,0,"42,90'5","50",4,4,3,0,4,0,2,1,1,3,13,12,3,6,10,6,17,17,51,49,1.76,1.08,1.24,1.47,1.97,37,55,27,9,9,27,65,17,55,8.87,3.77,2.20,2.85,3.40,1.39,2.41,4.15,9.00,1.97,1.73,Estádio Germano Krüger
1780754400,Jun 06 2026 - 2:00pm,complete,N/A,Criciúma,Londrina,N/A,12,2.00,1.00,2.08,0.62,1,0,1,1,1,0,"5","",8,5,2,0,2,0,0,2,1,1,13,9,4,2,9,7,14,11,60,40,1.86,1.21,1.55,1.00,2.71,63,79,54,29,9,21,67,59,92,12.83,5.50,1.57,3.70,6.25,0.00,2.10,0.00,0.00,0.00,0.00,Estádio Heriberto Hülse
1780858800,Jun 07 2026 - 7:00pm,complete,N/A,CRB,São Bernardo,N/A,12,1.20,2.60,1.36,1.82,2,3,5,2,1,1,"29,55","26,48,74",8,0,3,0,5,0,2,1,2,3,32,10,6,5,26,5,11,16,60,40,2.12,1.06,2.95,1.10,2.90,50,70,60,30,20,40,70,50,90,9.80,4.60,1.74,3.48,4.40,1.29,2.00,3.33,6.50,1.92,1.82,Estádio Universitário da UFAL
1780959600,Jun 08 2026 - 11:00pm,complete,1023,América Mineiro,Atlético GO,N/A,12,0.20,1.00,0.55,1.27,1,2,3,2,1,1,"31","33,73",8,2,0,0,1,0,0,0,0,1,15,17,5,7,10,10,13,11,63,37,1.36,1.06,1.72,1.82,2.10,60,70,50,0,0,30,70,40,60,11.00,5.20,2.37,2.90,2.87,1.43,2.47,4.60,10.00,2.02,1.71,N/A
1780959600,Jun 08 2026 - 11:00pm,complete,7572,Vila Nova,Botafogo SP,N/A,12,2.20,0.83,2.36,1.08,1,0,1,1,1,0,"21","",9,9,1,0,3,0,0,1,1,2,17,7,4,1,13,6,13,16,50,50,1.56,1.32,1.69,0.80,2.07,57,67,39,10,0,29,49,39,82,10.83,6.87,1.98,2.81,3.15,1.38,2.25,4.40,8.70,2.15,1.66,Estádio Onésio Brasileiro Alvarenga
1781042400,Jun 09 2026 - 10:00pm,complete,N/A,Náutico,Fortaleza,N/A,12,1.80,0.83,1.55,1.08,0,1,1,1,0,1,"","44",11,4,3,0,4,1,1,2,2,3,31,4,9,1,22,3,7,16,73,27,1.73,1.28,3.18,0.48,1.75,9,37,37,19,0,19,37,29,74,14.77,6.83,2.30,2.90,3.10,1.50,2.30,4.70,9.26,2.01,1.67,N/A
1781042400,Jun 09 2026 - 10:00pm,complete,2381,Ponte Preta,Cuiabá,N/A,12,0.83,1.20,0.54,1.27,1,2,3,2,1,1,"45'3","36,65",7,3,4,1,1,0,2,3,1,0,12,7,3,5,9,2,18,12,46,54,1.43,0.80,1.38,1.19,1.39,25,35,17,17,9,9,34,27,45,9.40,7.17,3.50,2.90,2.43,1.74,3.10,5.90,10.60,2.27,1.59,Estádio Moisés Lucarelli
1781132400,Jun 10 2026 - 11:00pm,complete,5371,Goiás,Novorizontino,N/A,12,2.40,1.17,1.73,1.42,0,4,4,1,0,1,"","32,56,70,76",9,4,3,0,1,0,1,2,0,1,22,14,6,6,16,8,6,11,71,29,1.26,1.16,2.21,1.50,1.90,27,45,27,19,9,19,27,37,75,8.53,6.03,2.12,2.75,2.93,1.47,2.60,5.14,11.00,2.06,1.68,Estádio de Hailé Pinheiro
1781132400,Jun 10 2026 - 11:00pm,complete,3488,Ceará,Avaí,N/A,12,1.33,1.00,1.38,0.92,2,1,3,2,2,0,"19,45'1","60",8,0,3,0,3,0,2,1,1,2,17,11,4,2,13,9,14,11,42,58,1.93,1.24,1.70,1.13,2.59,59,71,50,21,9,34,79,50,79,9.42,8.25,1.72,3.20,4.40,1.33,2.05,3.70,7.50,1.86,1.84,Estádio Governador Plácido Aderaldo Castelo
1781136000,Jun 11 2026 - 12:00am,complete,13724,Sport Recife,Athletic Club,N/A,12,1.83,1.60,1.58,1.36,1,1,2,0,0,0,"60","66",8,2,1,0,1,0,0,1,0,1,19,8,4,3,15,5,4,13,66,34,1.44,0.81,1.92,0.89,2.67,75,92,47,19,10,29,65,64,100,7.23,7.73,1.84,3.40,4.25,1.36,2.25,4.40,9.00,1.90,1.71,Estádio Adelmar da Costa Carvalho
1781301600,Jun 12 2026 - 10:00pm,complete,1489,Atlético GO,CRB,N/A,13,1.33,1.33,1.58,1.75,3,3,6,3,0,3,"54,61,86","1,7,31",13,3,3,0,4,0,1,2,2,2,20,12,9,7,11,5,12,10,69,31,1.70,1.59,2.42,1.35,2.50,75,84,59,17,0,25,67,67,83,10.50,5.67,2.15,3.00,3.10,1.36,2.17,3.80,7.20,1.87,1.83,N/A
1781445600,Jun 14 2026 - 2:00pm,complete,2821,Juventude,Ponte Preta,N/A,13,1.83,0.60,2.25,0.27,3,0,3,2,2,0,"14,30,53","",7,2,1,0,2,1,0,1,1,2,26,6,9,1,17,5,18,16,62,38,1.45,1.14,2.77,0.59,2.19,30,57,49,10,10,30,65,29,65,9.87,4.13,1.44,3.35,6.00,1.41,2.08,3.74,8.50,2.26,1.57,N/A
1781445600,Jun 14 2026 - 2:00pm,complete,2298,São Bernardo,Sport Recife,N/A,13,1.33,2.20,0.92,1.45,0,0,0,0,0,0,"","",3,11,1,1,3,0,1,1,0,3,9,23,3,6,6,17,16,10,36,64,1.37,1.07,0.83,1.89,1.80,45,54,37,10,0,27,54,19,72,7.67,5.13,2.37,3.00,3.04,1.40,2.19,3.82,8.00,1.85,1.85,Estádio Humberto de Alencar Castelo Branco
1781463600,Jun 14 2026 - 7:00pm,complete,3096,Athletic Club,Goiás,N/A,13,1.50,0.83,1.58,1.08,1,1,2,1,0,1,"67","45'3",5,4,4,1,3,0,2,3,3,0,16,8,2,1,14,7,13,15,56,44,1.35,1.21,1.48,0.92,2.09,50,67,25,17,9,17,50,34,84,9.34,5.83,2.40,3.00,3.07,1.49,2.61,5.00,8.80,2.03,1.70,N/A
1781467200,Jun 14 2026 - 8:00pm,complete,1735,Cuiabá,Vila Nova,N/A,13,1.17,1.83,1.46,1.15,1,0,1,0,0,0,"90'2","",5,2,1,0,1,0,0,1,0,1,7,10,4,3,3,7,12,10,51,49,1.65,1.44,1.00,1.09,1.83,42,59,17,9,9,17,42,42,67,9.00,5.83,2.20,2.75,3.78,1.53,2.75,6.50,10.00,2.25,1.57,Arena Pantanal
1781474400,Jun 14 2026 - 10:00pm,complete,1191,Novorizontino,Náutico,N/A,13,2.00,1.67,1.82,1.08,2,2,4,1,0,1,"67,79","31,76",5,4,3,0,3,0,1,2,2,1,19,12,7,5,12,7,11,21,51,49,1.86,1.59,2.07,1.30,2.72,65,74,47,19,9,29,54,37,100,11.00,4.93,2.17,3.10,3.30,1.34,2.15,4.10,7.00,1.85,1.83,Estádio Dr. Jorge Ismael de Biasi
1781474400,Jun 14 2026 - 10:00pm,complete,718,Botafogo SP,Operário PR,N/A,13,1.00,1.40,1.64,1.27,2,1,3,1,0,1,"65,81","45'6",2,3,4,0,3,0,3,1,2,1,14,9,5,4,9,5,16,15,47,53,1.53,1.03,1.48,1.06,2.60,70,90,70,10,0,50,90,30,80,12.20,6.20,2.31,2.77,3.10,1.53,2.55,5.28,11.00,1.98,1.67,Estádio Santa Cruz
1781568000,Jun 16 2026 - 12:00am,complete,1485,Londrina,Avaí,N/A,13,0.40,0.80,1.18,0.92,3,2,5,2,1,1,"32,46,85","45'4,64",10,6,2,0,2,0,1,1,1,1,18,7,7,4,11,3,18,18,50,50,1.25,1.22,2.04,1.04,2.50,60,70,60,30,0,50,70,50,80,10.20,8.20,2.20,2.98,2.58,1.44,2.23,4.10,9.50,1.93,1.78,Estádio Municipal Jacy Scaff
1781568000,Jun 16 2026 - 12:00am,complete,5870,Criciúma,Ceará,N/A,13,2.20,1.00,2.08,0.91,1,1,2,1,1,0,"24","80",3,3,0,0,0,0,0,0,0,0,16,14,6,7,10,7,15,14,58,42,1.80,1.09,1.83,1.60,1.90,50,70,20,10,0,20,40,50,80,13.40,5.80,1.91,3.00,3.80,1.40,2.21,4.60,9.00,2.05,1.75,Estádio Heriberto Hülse
1781650800,Jun 16 2026 - 11:00pm,complete,12387,Fortaleza,América Mineiro,N/A,13,2.60,0.33,2.36,0.42,0,3,3,2,0,2,"","30,44,90'10",10,0,1,0,2,0,0,1,0,2,26,8,10,7,16,1,11,11,65,35,1.51,1.67,3.03,1.09,2.94,55,82,65,37,20,37,90,55,82,10.87,5.47,1.55,3.80,6.05,1.23,1.91,3.08,6.00,1.90,1.87,Estádio Governador Plácido Aderaldo Castelo
1781827200,Jun 19 2026 - 12:00am,complete,13151,Sport Recife,Atlético GO,N/A,14,1.71,1.33,1.58,1.27,1,1,2,1,1,0,"25","90'5",6,4,2,0,2,0,1,1,0,2,10,13,2,5,8,8,16,18,56,44,1.51,1.19,1.09,1.40,2.15,62,77,31,7,0,24,63,52,75,9.79,5.67,2.00,3.20,3.69,1.30,2.10,3.73,7.55,1.80,1.86,Estádio Adelmar da Costa Carvalho
1781964000,Jun 20 2026 - 2:00pm,complete,1218,Londrina,Athletic Club,N/A,14,0.83,1.50,1.18,1.36,2,0,2,0,0,0,"66,90'7","",2,8,1,0,2,1,1,0,1,2,16,11,2,1,14,10,16,22,50,50,1.38,0.82,1.46,1.13,2.83,84,84,59,34,17,42,67,67,92,10.00,7.00,2.30,2.93,2.75,1.44,2.45,4.10,10.00,1.86,1.82,Estádio Municipal Jacy Scaff
1781992800,Jun 20 2026 - 10:00pm,complete,5092,Ceará,Botafogo SP,N/A,14,1.57,0.71,1.38,1.08,0,1,1,0,0,0,"","77",7,5,2,0,2,0,0,2,1,1,11,14,2,5,9,9,18,17,55,45,1.90,1.25,1.24,1.50,2.00,50,50,36,7,7,22,58,29,79,12.29,5.71,1.85,3.00,4.00,1.40,2.38,4.75,9.00,2.08,1.80,Estádio Governador Plácido Aderaldo Castelo
1781992800,Jun 20 2026 - 10:00pm,complete,6544,Vila Nova,Náutico,N/A,14,2.33,1.57,2.36,1.08,4,3,7,5,4,1,"4,8,18,42","36,65,90'1",2,10,2,0,2,0,1,1,2,0,13,20,6,7,7,13,14,12,32,68,1.58,1.55,1.41,2.32,2.75,62,77,47,23,7,24,77,47,84,9.67,6.96,2.29,3.00,3.10,1.36,2.08,3.72,7.40,1.84,1.86,Estádio Onésio Brasileiro Alvarenga
1782050400,Jun 21 2026 - 2:00pm,complete,4459,Avaí,Cuiabá,N/A,14,0.86,1.50,1.50,1.27,1,0,1,1,1,0,"31","",1,13,2,0,1,0,0,2,0,1,8,18,2,7,6,11,10,6,39,61,1.39,0.87,0.82,2.13,1.65,30,52,30,7,7,16,37,30,61,6.93,6.10,2.60,2.85,2.87,1.53,2.76,5.00,8.90,2.15,1.67,Estádio Aderbal Ramos da Silva
1782068400,Jun 21 2026 - 7:00pm,complete,N/A,CRB,Fortaleza,N/A,14,1.00,1.14,1.36,1.08,1,1,2,1,1,0,"6","81",7,7,1,0,1,0,1,0,0,1,15,22,7,5,8,17,4,11,41,59,2.26,1.17,1.61,2.26,2.47,32,48,48,32,25,41,63,32,70,11.33,6.64,2.28,3.10,2.61,1.36,2.15,4.00,7.80,1.85,1.83,Estádio Universitário da UFAL
1782072000,Jun 21 2026 - 8:00pm,complete,1236,São Bernardo,Juventude,N/A,14,1.29,0.83,0.92,1.36,0,1,1,0,0,0,"","66",1,4,3,0,4,0,1,2,0,4,17,8,5,3,12,5,16,13,58,42,1.29,1.14,1.77,0.94,1.77,47,62,31,0,0,23,70,16,69,6.93,4.29,2.45,2.87,2.80,1.50,2.55,5.41,9.30,2.05,1.69,Estádio Humberto de Alencar Castelo Branco
1782077400,Jun 21 2026 - 9:30pm,complete,4031,Goiás,Operário PR,N/A,14,2.00,1.17,1.73,1.27,0,3,3,3,0,3,"","6,41,45'3",10,0,1,0,2,0,0,1,0,2,17,10,5,3,12,7,13,20,59,41,1.41,1.04,1.88,0.97,2.34,42,67,58,17,0,34,58,42,92,9.00,6.84,2.15,3.05,3.25,1.44,2.45,4.60,10.00,2.05,1.65,Estádio de Hailé Pinheiro
1782169200,Jun 22 2026 - 11:00pm,complete,1483,Ponte Preta,Novorizontino,N/A,14,0.71,1.43,0.54,1.42,0,2,2,1,0,1,"","32,59",4,6,1,1,3,0,2,0,2,1,8,19,0,6,8,13,13,14,26,74,1.42,1.21,0.77,2.02,2.29,43,57,43,29,14,22,57,36,57,11.29,7.00,3.53,3.10,1.87,1.40,2.29,4.00,8.10,2.03,1.73,Estádio Moisés Lucarelli
1782255600,Jun 23 2026 - 11:00pm,complete,1235,América Mineiro,Criciúma,N/A,14,0.17,1.29,0.55,1.58,0,1,1,1,0,1,"","31",1,7,2,0,3,0,1,1,1,2,8,13,1,3,7,10,18,15,51,49,1.42,1.18,0.83,1.36,2.25,62,70,56,7,7,32,62,38,77,12.62,3.69,2.90,2.90,2.57,1.46,2.40,4.75,10.00,2.10,1.73,N/A
1782430200,Jun 25 2026 - 11:30pm,complete,844,Cuiabá,Londrina,N/A,15,1.43,0.86,1.46,0.62,2,2,4,2,0,2,"63,77","3,45'6",9,0,4,1,4,0,4,1,1,3,24,7,6,3,18,4,14,10,67,33,1.56,1.18,2.61,0.87,2.08,36,64,36,15,7,14,58,43,64,8.72,4.14,1.73,2.83,4.80,1.57,2.70,5.40,11.50,2.33,1.50,Arena Pantanal
1782511200,Jun 26 2026 - 10:00pm,complete,N/A,Novorizontino,Vila Nova,N/A,15,1.83,1.57,1.82,1.15,2,1,3,2,1,1,"6,90'4","41",6,4,1,0,3,1,1,0,1,3,18,9,5,3,13,6,16,15,51,49,1.90,1.39,1.81,1.13,2.49,63,63,48,24,7,24,47,47,93,11.10,5.40,2.10,2.98,3.75,1.41,2.25,4.38,9.00,1.95,1.75,Estádio Dr. Jorge Ismael de Biasi
1782568800,Jun 27 2026 - 2:00pm,complete,N/A,Operário PR,América Mineiro,N/A,15,1.71,0.71,1.69,0.42,1,0,1,0,0,0,"64","",7,6,1,0,4,0,1,0,0,4,20,10,7,5,13,5,17,15,44,56,1.69,1.58,1.96,1.32,2.57,43,72,50,22,7,36,79,43,72,12.00,4.86,1.80,3.20,4.20,1.40,2.12,3.92,8.20,2.00,1.70,Estádio Germano Krüger
1782586800,Jun 27 2026 - 7:00pm,complete,9128,Criciúma,São Bernardo,N/A,15,2.00,2.67,2.08,1.82,1,0,1,1,1,0,"26","",7,2,3,0,4,0,2,1,0,4,17,10,4,3,13,7,15,10,51,49,1.80,1.07,1.74,1.06,2.50,67,75,42,25,9,25,67,50,92,10.67,5.00,1.68,3.38,5.50,1.48,2.34,4.55,11.00,2.00,1.60,Estádio Heriberto Hülse
1782673200,Jun 28 2026 - 7:00pm,complete,2640,Athletic Club,Avaí,N/A,15,1.43,0.67,1.58,0.92,1,0,1,0,0,0,"89","",8,3,1,0,1,0,0,1,1,0,28,4,8,1,20,3,12,12,57,43,1.37,1.19,2.86,0.49,2.29,62,70,41,17,9,41,70,25,77,9.07,7.33,1.85,2.97,3.35,1.41,2.26,4.25,8.30,2.00,1.75,N/A
1782673200,Jun 28 2026 - 7:00pm,complete,2206,Juventude,Ceará,N/A,15,2.00,1.00,2.25,0.91,2,0,2,2,2,0,"26,34","",6,4,0,0,1,0,0,0,0,1,10,10,5,2,5,8,17,15,51,49,1.64,1.17,1.38,1.06,1.63,25,63,23,0,0,16,45,32,70,10.53,3.79,1.94,2.90,3.60,1.48,2.35,4.50,10.50,2.05,1.73,N/A
1782673200,Jun 28 2026 - 7:00pm,complete,2364,Atlético GO,Ponte Preta,N/A,15,1.29,0.50,1.58,0.27,2,0,2,2,2,0,"18,20","",3,5,1,0,1,0,1,0,1,0,21,9,10,2,11,7,12,14,54,46,1.80,1.05,2.31,0.92,2.87,61,77,70,16,16,41,70,52,85,11.83,5.54,1.40,3.85,7.25,1.29,1.95,3.40,6.15,2.15,1.63,N/A
1782682200,Jun 28 2026 - 9:30pm,complete,8339,Fortaleza,Sport Recife,N/A,15,2.17,2.00,2.36,1.45,2,1,3,1,1,0,"28,90'5","69",2,6,3,0,2,0,0,3,0,2,12,16,7,5,5,11,20,9,40,60,1.77,1.21,1.54,1.67,2.25,42,58,58,25,17,34,58,34,67,9.50,5.33,1.75,3.35,4.60,1.38,2.15,3.90,8.00,1.95,1.80,Estádio Governador Plácido Aderaldo Castelo
1782682200,Jun 28 2026 - 9:30pm,complete,7265,Náutico,Goiás,N/A,15,1.50,0.86,1.55,1.08,0,1,1,1,0,1,"","26",6,3,1,0,1,0,0,1,0,1,27,16,9,6,18,10,11,11,62,38,1.97,1.17,2.75,1.65,2.20,29,60,31,23,7,16,54,45,84,13.54,6.29,1.83,3.25,3.80,1.28,2.02,3.34,7.00,1.85,1.83,N/A
1782860400,Jun 30 2026 - 11:00pm,complete,1681,Botafogo SP,CRB,N/A,15,1.33,1.29,1.64,1.75,0,1,1,1,0,1,"","17",11,6,1,0,3,0,1,0,0,3,19,8,6,4,13,4,17,16,60,40,1.52,1.56,2.18,0.98,3.13,85,100,69,30,7,45,93,61,85,10.29,5.81,2.15,3.05,3.10,1.40,2.38,3.34,6.70,1.75,2.05,Estádio Santa Cruz
1783033200,Jul 02 2026 - 11:00pm,complete,N/A,Cuiabá,América Mineiro,N/A,16,1.38,0.63,1.46,0.42,1,0,1,0,0,0,"90","",7,2,1,0,1,0,0,1,0,1,18,9,6,1,12,8,10,12,55,45,1.69,1.55,2.12,0.85,2.07,38,69,32,19,0,32,63,38,76,10.63,4.88,1.81,3.10,4.50,1.44,2.43,5.00,8.90,2.16,1.60,Arena Pantanal
1783036800,Jul 03 2026 - 12:00am,complete,8482,Fortaleza,Ponte Preta,N/A,16,2.29,0.43,2.36,0.27,2,0,2,0,0,0,"60,84","",7,4,4,0,3,0,1,3,2,1,16,11,6,3,10,8,18,21,65,35,1.73,1.03,1.86,1.11,3.07,50,86,79,22,22,57,86,43,79,8.71,5.14,1.28,4.40,7.30,1.18,1.70,2.59,4.65,2.15,1.63,Estádio Governador Plácido Aderaldo Castelo
1783191600,Jul 04 2026 - 7:00pm,complete,2562,Londrina,CRB,N/A,16,1.14,1.50,1.18,1.75,5,0,5,2,2,0,"18,32,47,77,84","",2,11,3,0,3,0,2,1,2,1,12,19,8,6,4,13,9,9,33,67,1.39,1.48,1.51,2.08,2.92,66,80,60,41,14,47,73,67,81,10.49,5.99,2.68,3.10,2.56,1.35,2.10,3.80,8.50,1.80,1.91,Estádio Municipal Jacy Scaff
1783191600,Jul 04 2026 - 7:00pm,complete,11047,Criciúma,Sport Recife,N/A,16,2.14,1.71,2.08,1.45,1,0,1,1,1,0,"29","",2,4,4,0,3,0,2,2,2,1,10,14,5,4,5,10,13,17,45,55,1.80,1.27,1.32,1.44,1.72,50,50,29,14,0,14,57,29,64,12.00,5.14,1.85,3.10,3.90,1.36,2.15,3.84,9.00,1.91,1.80,Estádio Heriberto Hülse
1783191600,Jul 04 2026 - 7:00pm,complete,N/A,Novorizontino,Atlético GO,N/A,16,2.00,1.29,1.82,1.27,3,0,3,1,1,0,"34,67,81","",5,6,2,0,1,0,0,2,1,0,14,8,7,0,7,8,12,11,40,60,1.88,1.22,1.66,0.88,2.43,79,79,50,15,0,36,72,36,79,11.00,4.28,1.85,3.08,4.08,1.33,2.08,3.45,6.50,1.86,1.91,Estádio Dr. Jorge Ismael de Biasi
1783206000,Jul 04 2026 - 11:00pm,complete,3455,Goiás,Ceará,N/A,16,1.71,0.86,1.73,0.91,2,0,2,1,1,0,"11,80","",2,14,2,0,1,0,1,1,0,1,5,16,3,0,2,16,16,13,38,62,1.48,1.16,0.68,1.44,2.08,29,72,29,15,0,29,43,43,79,10.28,5.15,2.00,2.90,3.30,1.50,2.61,5.10,9.00,2.00,1.65,Estádio de Hailé Pinheiro
1783294200,Jul 05 2026 - 11:30pm,complete,2701,Náutico,Juventude,N/A,16,1.29,1.14,1.55,1.36,0,0,0,0,0,0,"","",6,2,3,0,2,0,0,3,1,1,16,11,3,5,13,6,25,15,64,36,2.08,1.11,1.59,1.27,1.71,22,43,29,7,0,14,64,22,64,12.00,5.00,2.26,2.95,2.95,1.50,2.40,4.55,10.50,1.95,1.69,N/A
1783375200,Jul 06 2026 - 10:00pm,complete,1449,Botafogo SP,Avaí,N/A,16,1.14,0.57,1.64,0.92,3,1,4,1,1,0,"28,54,79","58",6,2,0,0,2,0,0,0,1,1,9,11,5,4,4,7,19,10,37,63,1.61,1.09,1.32,1.16,2.64,64,79,57,22,7,43,86,43,79,11.00,6.29,1.85,3.20,4.39,1.40,2.25,4.40,8.50,2.05,1.70,Estádio Santa Cruz
1783375200,Jul 06 2026 - 10:00pm,complete,10000,Vila Nova,São Bernardo,N/A,16,2.43,2.29,2.36,1.82,2,1,3,1,1,0,"23,90'2","52",6,6,0,0,3,0,0,0,0,3,17,9,5,6,12,3,10,11,47,53,1.56,1.07,1.79,1.25,2.93,64,79,57,29,14,36,79,57,79,8.14,6.29,1.93,2.83,3.25,1.36,2.21,4.40,8.50,1.95,1.73,Estádio Onésio Brasileiro Alvarenga
1783465200,Jul 07 2026 - 11:00pm,complete,2068,Athletic Club,Operário PR,N/A,16,1.63,1.43,1.58,1.27,0,1,1,0,0,0,"","54",8,6,2,0,2,1,1,1,0,3,18,11,2,4,16,7,16,13,53,47,1.56,1.03,1.66,1.24,2.04,54,68,50,0,0,35,68,15,73,9.31,6.18,2.30,2.95,3.00,1.50,2.63,5.75,10.00,2.11,1.70,N/A
1783551600,Jul 08 2026 - 11:00pm,complete,1363,Ponte Preta,Criciúma,N/A,17,0.63,1.50,0.54,1.58,1,2,3,1,0,1,"62","12,90'4",1,6,3,0,1,0,1,2,0,1,11,17,4,4,7,13,16,11,41,59,1.34,1.20,1.27,1.63,2.07,50,57,32,19,13,19,69,32,63,13.01,6.25,4.60,3.40,1.60,1.35,2.23,4.33,9.00,2.10,1.67,Estádio Moisés Lucarelli
1783720800,Jul 10 2026 - 10:00pm,complete,N/A,Juventude,Vila Nova,N/A,17,2.13,1.38,2.25,1.15,1,0,1,1,1,0,"45","",5,2,4,0,1,0,1,3,0,1,10,8,4,0,6,8,24,16,43,57,1.61,1.36,1.11,0.70,1.88,25,50,32,7,7,25,57,26,69,10.26,4.76,1.83,3.10,4.50,1.44,2.50,4.35,10.50,2.10,1.62,N/A
1783724400,Jul 10 2026 - 11:00pm,complete,N/A,Sport Recife,Botafogo SP,N/A,17,1.63,1.00,1.58,1.08,3,3,6,2,0,2,"47,64,90'6","25,42,76",7,2,2,1,4,0,1,2,2,2,21,12,5,4,16,8,17,22,71,29,1.45,1.28,2.06,1.28,1.75,44,57,19,7,0,13,38,38,88,11.51,5.51,1.87,3.50,4.80,1.45,2.25,4.50,8.00,1.95,1.75,Estádio Adelmar da Costa Carvalho
1783864800,Jul 12 2026 - 2:00pm,complete,3904,Operário PR,Novorizontino,N/A,17,1.88,1.63,1.69,1.42,2,1,3,2,1,1,"23,61","35",10,2,2,0,1,0,0,2,0,1,10,12,4,5,6,7,21,19,56,44,1.72,1.31,1.10,1.34,2.25,32,57,38,19,13,19,50,38,63,10.88,4.76,2.13,2.90,3.02,1.36,2.15,4.00,8.50,1.85,1.83,Estádio Germano Krüger
1783882800,Jul 12 2026 - 7:00pm,complete,4750,Avaí,Náutico,N/A,17,1.13,1.38,1.50,1.08,2,0,2,1,1,0,"7,90'9","",6,5,1,1,1,0,0,2,0,1,15,16,3,1,12,15,17,12,31,69,1.32,1.65,1.42,1.57,2.82,51,69,44,26,19,19,69,44,82,8.75,6.38,2.40,3.00,2.35,1.33,2.25,3.95,8.00,1.77,1.95,Estádio Aderbal Ramos da Silva
1783882800,Jul 12 2026 - 7:00pm,complete,667,São Bernardo,Cuiabá,N/A,17,1.13,1.29,0.92,1.27,2,2,4,4,2,2,"7,45'1","12,29",6,7,2,0,1,0,0,2,0,1,11,9,3,3,8,6,9,15,73,27,1.35,1.05,1.24,1.00,1.32,26,40,20,0,0,20,40,14,59,8.00,4.81,2.60,2.85,3.00,1.63,2.87,6.50,11.00,2.20,1.57,Estádio Primeiro de Maio
1783890000,Jul 12 2026 - 9:00pm,complete,3041,Atlético GO,Fortaleza,N/A,17,1.50,1.13,1.58,1.08,1,0,1,1,1,0,"42","",1,11,1,1,5,0,2,0,1,4,6,15,2,3,4,12,9,16,36,64,1.87,1.31,0.69,1.72,2.00,44,57,38,13,7,19,57,38,69,12.63,6.25,2.40,2.94,3.15,1.36,2.09,4.00,8.00,1.80,1.91,N/A
1783893600,Jul 12 2026 - 10:00pm,complete,2969,CRB,Goiás,N/A,17,1.00,1.13,1.36,1.08,2,2,4,2,0,2,"70,74","39,45",6,1,3,0,0,0,2,1,0,0,21,4,3,2,18,2,12,10,48,52,2.16,1.23,1.80,0.68,2.84,54,73,41,34,28,35,75,47,87,10.06,5.29,1.87,3.30,4.00,1.33,2.05,3.80,7.50,1.80,1.83,Estádio Rei Pelé
1783980000,Jul 13 2026 - 10:00pm,complete,1466,América Mineiro,Londrina,N/A,17,0.14,0.88,0.55,0.62,1,1,2,1,1,0,"45'2","57",7,7,1,0,3,0,0,1,0,3,24,12,6,2,18,10,14,20,62,38,1.34,1.14,2.29,1.08,2.65,54,73,73,19,7,34,80,46,73,9.45,4.49,2.05,3.25,3.90,1.35,2.17,3.60,9.00,1.87,1.91,N/A
1783985400,Jul 13 2026 - 11:30pm,complete,6191,Ceará,Athletic Club,N/A,17,1.38,1.29,1.38,1.36,0,0,0,0,0,0,"","",7,6,0,0,4,0,0,0,1,3,12,13,2,1,10,12,11,12,64,36,1.81,0.87,1.37,1.10,2.61,75,82,47,14,14,27,66,55,94,9.27,6.59,1.90,3.15,4.65,1.45,2.25,4.33,9.80,2.15,1.62,Estádio Presidente Vargas
1784242800,Jul 16 2026 - 11:00pm,complete,N/A,CRB,Náutico,N/A,18,1.00,1.22,1.36,1.08,2,1,3,1,1,0,"34,83","81",4,3,1,0,1,0,0,1,1,0,20,7,8,2,12,5,14,12,44,56,2.12,1.64,2.02,1.01,3.36,60,77,54,42,30,43,83,47,94,11.16,5.27,2.05,3.10,3.80,1.31,2.03,3.40,6.40,1.73,2.10,Estádio Universitário da UFAL
1784325600,Jul 17 2026 - 10:00pm,complete,4214,Juventude,Cuiabá,N/A,18,2.22,1.25,2.25,1.27,2,0,2,1,1,0,"32,71","",3,5,2,0,3,0,0,2,1,2,14,15,4,5,10,10,26,24,43,57,1.55,1.04,1.38,1.45,1.41,13,41,24,7,0,24,53,12,41,10.16,3.69,2.01,2.85,4.50,1.68,3.40,7.50,14.50,2.53,1.45,N/A
1784325600,Jul 17 2026 - 10:00pm,complete,1339,América Mineiro,Ceará,N/A,18,0.25,0.75,0.55,0.91,1,1,2,0,0,0,"67","89",4,5,3,0,3,0,0,3,0,3,12,11,4,3,8,8,12,12,60,40,1.46,1.19,1.46,1.13,2.07,51,82,38,0,0,32,63,32,75,11.50,3.88,2.37,2.90,2.87,1.42,2.35,4.75,9.20,1.96,1.70,N/A
1784325600,Jul 17 2026 - 10:00pm,complete,583,São Bernardo,Avaí,N/A,18,1.11,0.50,0.92,0.92,1,1,2,1,1,0,"35","62",9,2,3,0,2,0,0,3,2,0,11,5,3,2,8,3,16,9,57,43,1.34,1.10,1.26,0.62,2.39,54,66,48,25,7,42,66,31,78,7.47,5.96,1.93,3.30,3.60,1.33,2.16,3.75,8.00,1.95,1.78,Estádio Humberto de Alencar Castelo Branco
1784332800,Jul 18 2026 - 12:00am,complete,10087,Fortaleza,Novorizontino,N/A,18,2.38,1.44,2.36,1.42,1,0,1,1,1,0,"3","",10,6,4,0,1,0,2,2,1,0,17,19,4,4,13,15,17,6,38,62,1.75,1.31,1.52,2.04,2.67,42,78,60,24,18,30,66,48,78,9.22,5.19,2.05,3.10,3.71,1.40,2.15,4.00,8.00,1.87,1.83,Estádio Governador Plácido Aderaldo Castelo
1784332800,Jul 18 2026 - 12:00am,complete,4269,Londrina,Botafogo SP,N/A,18,1.38,1.00,1.18,1.08,0,0,0,0,0,0,"","",8,3,2,0,2,0,0,2,0,2,22,5,5,0,17,5,9,18,57,43,1.41,1.28,2.14,0.55,2.39,42,54,43,31,18,36,48,49,83,11.92,5.66,2.71,2.95,2.69,1.44,2.35,4.40,8.50,1.94,1.76,Estádio Municipal Jacy Scaff
1784401200,Jul 18 2026 - 7:00pm,complete,11741,Criciúma,Vila Nova,N/A,18,2.25,1.22,2.08,1.15,2,0,2,1,1,0,"9,85","",5,2,5,0,3,0,2,3,1,2,9,12,4,2,5,10,19,20,37,63,1.74,1.28,1.11,1.08,1.93,47,47,23,12,6,18,66,29,71,10.86,5.96,1.70,3.25,5.60,1.36,2.25,4.40,8.50,2.10,1.67,Estádio Heriberto Hülse
1784401200,Jul 18 2026 - 7:00pm,complete,1933,Ponte Preta,Goiás,N/A,18,0.56,1.11,0.54,1.08,1,2,3,3,1,2,"45'2","7,45'3",5,2,1,0,2,0,1,0,1,1,14,8,4,2,10,6,20,19,46,54,1.33,1.17,1.49,0.90,2.45,56,73,39,28,11,22,73,45,78,9.33,6.78,4.83,3.40,1.76,1.42,2.32,4.20,8.50,2.06,1.67,Estádio Moisés Lucarelli
1784401200,Jul 18 2026 - 7:00pm,complete,N/A,Sport Recife,Operário PR,N/A,18,1.56,1.63,1.58,1.27,2,2,4,2,1,1,"17,48","6,86",7,1,6,0,2,0,2,4,0,2,23,16,8,6,15,10,24,8,55,45,1.52,1.05,2.32,1.66,2.53,59,82,54,11,6,36,66,46,88,9.31,6.38,1.93,3.20,3.70,1.36,2.11,3.70,7.50,1.87,1.75,Estádio Adelmar da Costa Carvalho
1784408400,Jul 18 2026 - 9:00pm,complete,2776,Atlético GO,Athletic Club,N/A,18,1.67,1.25,1.58,1.36,0,0,0,0,0,0,"","",8,1,3,0,3,0,1,2,2,1,18,8,4,2,14,6,13,11,54,46,1.73,0.90,1.80,0.85,2.36,66,78,41,12,12,24,59,60,78,10.17,6.31,1.95,3.00,3.60,1.39,2.23,4.50,9.00,1.96,1.70,N/A
1784673000,Jul 21 2026 - 10:30pm,complete,5652,Avaí,América Mineiro,N/A,19,1.33,0.56,1.50,0.42,2,1,3,1,0,1,"87,88","39",3,3,0,0,5,0,0,0,1,4,10,8,4,6,6,2,12,19,49,51,1.33,1.47,1.13,1.16,2.22,33,67,39,17,6,22,73,33,78,9.55,5.78,2.01,3.02,2.88,1.40,2.25,4.21,8.30,1.85,1.83,Estádio Aderbal Ramos da Silva
1784673000,Jul 21 2026 - 10:30pm,complete,2007,Novorizontino,Criciúma,N/A,19,2.13,1.67,1.82,1.58,0,1,1,0,0,0,"","82",7,7,3,0,1,0,0,3,1,0,13,10,2,1,11,9,14,10,48,52,1.86,1.25,1.37,1.05,2.44,66,72,54,18,6,25,65,47,84,12.71,3.64,2.05,2.87,3.25,1.42,2.45,5.00,10.50,2.02,1.71,Estádio Dr. Jorge Ismael de Biasi
1784680500,Jul 22 2026 - 12:35am,complete,7629,Vila Nova,Fortaleza,N/A,19,2.50,1.00,2.36,1.08,2,1,3,2,2,0,"14,32","78",4,4,1,0,3,0,0,1,0,3,10,9,4,3,6,6,18,12,52,48,1.58,1.35,1.21,1.20,2.29,49,61,43,18,7,25,72,37,66,11.14,6.89,2.17,3.03,2.60,1.46,2.20,4.20,9.00,1.85,1.78,Estádio Onésio Brasileiro Alvarenga
1784759400,Jul 22 2026 - 10:30pm,complete,N/A,Operário PR,Ponte Preta,N/A,19,2.00,0.38,1.69,0.27,3,2,5,2,1,1,"31,53,90","7,49",6,6,1,0,5,1,0,1,2,4,20,11,4,5,16,6,18,21,62,38,1.65,1.04,1.78,1.31,2.61,41,72,54,12,12,48,66,36,71,10.78,4.74,1.35,4.50,8.00,1.30,1.85,3.25,6.10,2.10,1.64,Estádio Germano Krüger
1784759400,Jul 22 2026 - 10:30pm,complete,11089,Ceará,CRB,N/A,19,1.33,1.33,1.38,1.75,0,1,1,1,0,1,"","45'4",7,1,4,0,3,0,3,1,0,3,20,12,6,3,14,9,18,14,52,48,1.76,1.55,2.03,1.18,2.78,62,73,56,28,17,39,78,50,78,10.66,5.67,2.15,3.10,3.20,1.38,2.19,4.41,9.50,1.89,1.78,Estádio Governador Plácido Aderaldo Castelo
1784763000,Jul 22 2026 - 11:30pm,complete,10572,Goiás,Sport Recife,N/A,19,1.88,1.50,1.73,1.45,1,1,2,1,0,1,"88","22",8,2,3,0,0,0,1,2,0,0,15,6,3,2,12,4,16,11,57,43,1.38,1.30,1.78,0.70,1.88,26,51,38,19,0,19,50,32,69,9.75,5.50,2.05,3.03,3.40,1.39,2.17,4.10,9.00,1.76,1.77,Estádio de Hailé Pinheiro
1784766600,Jul 23 2026 - 12:30am,complete,4113,Náutico,Londrina,N/A,19,1.25,0.89,1.55,0.62,2,1,3,1,1,0,"35,74","82",8,7,4,0,2,0,1,3,0,2,17,12,4,4,13,8,18,21,53,47,2.02,1.13,1.92,1.45,2.20,28,52,46,23,6,18,70,41,64,13.10,5.42,1.80,3.30,4.55,1.27,2.06,3.60,7.48,1.85,1.85,N/A
1784845800,Jul 23 2026 - 10:30pm,complete,N/A,Athletic Club,São Bernardo,N/A,19,1.44,2.00,1.58,1.82,2,1,3,2,1,1,"2,63","26",2,7,1,0,3,0,0,1,0,3,10,21,5,11,5,10,17,7,39,61,1.57,1.09,1.23,2.38,2.10,54,60,37,13,7,18,60,32,83,9.49,5.55,2.05,2.88,3.35,1.41,2.31,4.55,10.50,2.10,1.67,N/A
1784849400,Jul 23 2026 - 11:30pm,complete,N/A,Cuiabá,Atlético GO,N/A,19,1.56,1.13,1.46,1.27,0,1,1,0,0,0,"","61",8,2,3,0,3,0,2,1,2,1,14,6,3,3,11,3,10,17,56,44,1.74,1.17,1.48,0.82,1.85,48,66,25,6,0,24,61,36,65,9.74,4.38,2.10,2.80,3.50,1.57,2.70,5.50,10.00,2.15,1.57,Arena Pantanal
1784853000,Jul 24 2026 - 12:30am,complete,1500,Botafogo SP,Juventude,N/A,19,1.38,1.13,1.64,1.36,4,2,6,2,2,0,"16,32,49,58","55,70",4,9,2,1,1,0,1,2,1,0,13,18,4,3,9,15,22,16,37,63,1.58,1.13,1.31,1.63,2.13,57,69,44,13,0,19,82,32,69,10.01,4.38,2.40,2.90,3.06,1.53,2.60,4.90,8.00,2.15,1.67,Estádio Santa Cruz
1785092400,Jul 26 2026 - 7:00pm,complete,N/A,São Bernardo,Ceará,N/A,20,1.10,0.78,0.92,0.91,3,4,7,1,1,0,"23,59,81","47,62,74,90'1",10,3,1,1,2,0,0,2,1,1,20,17,5,7,15,10,13,20,54,46,1.33,1.19,1.89,1.86,1.90,47,75,21,5,0,26,52,27,74,10.37,4.62,2.25,2.87,3.20,1.49,2.50,4.50,9.50,2.10,1.79,Estádio Humberto de Alencar Castelo Branco
1785092400,Jul 26 2026 - 7:00pm,complete,12034,Criciúma,Náutico,N/A,20,2.33,1.10,2.08,1.08,0,0,0,0,0,0,"","",7,4,0,0,4,0,0,0,2,2,16,12,5,4,11,8,18,18,56,44,1.67,1.58,1.76,1.31,2.54,52,68,31,21,10,16,79,36,84,11.16,5.59,1.62,3.40,5.00,1.38,2.10,3.80,8.00,2.00,1.71,Estádio Heriberto Hülse
1785101400,Jul 26 2026 - 9:30pm,complete,2661,Londrina,Novorizontino,N/A,20,1.33,1.30,1.18,1.42,1,4,5,4,1,3,"16","20,40,45'5,80",5,10,1,0,2,0,0,1,2,0,21,12,3,6,18,6,10,11,55,45,1.49,1.39,1.89,1.58,2.44,37,64,48,32,16,32,58,49,69,10.84,5.08,3.30,3.15,2.06,1.33,2.16,3.80,7.50,1.90,1.85,Estádio Municipal Jacy Scaff
1785101400,Jul 26 2026 - 9:30pm,complete,1053,América Mineiro,Goiás,N/A,20,0.33,1.30,0.55,1.08,1,0,1,0,0,0,"61","",2,10,2,0,1,0,0,2,0,1,5,18,2,7,3,11,11,10,34,66,1.46,1.14,0.63,1.93,2.41,64,79,48,15,5,32,69,42,79,8.76,4.49,2.70,2.85,2.60,1.55,2.60,5.00,8.80,2.14,1.67,N/A
1785191400,Jul 27 2026 - 10:30pm,complete,4348,Atlético GO,Operário PR,N/A,20,1.60,1.56,1.58,1.27,3,1,4,3,2,1,"3,31,83","45'3",3,2,2,0,1,0,1,1,0,1,16,16,8,3,8,13,14,13,47,53,1.74,1.12,1.87,1.53,2.33,53,69,59,11,5,38,69,42,69,10.24,5.82,1.98,3.10,2.98,1.40,2.30,3.96,9.00,1.93,1.77,N/A
1785191400,Jul 27 2026 - 10:30pm,complete,N/A,Sport Recife,Cuiabá,N/A,20,1.50,1.11,1.58,1.27,1,1,2,0,0,0,"53","75",8,11,1,0,1,0,1,0,1,0,17,10,3,3,14,7,11,10,67,33,1.60,1.08,1.55,1.20,2.12,46,67,31,21,5,26,52,41,72,10.14,5.63,2.04,2.95,3.75,1.50,2.59,4.80,10.00,2.02,1.80,Estádio Adelmar da Costa Carvalho
1785191400,Jul 27 2026 - 10:30pm,complete,8533,CRB,Vila Nova,N/A,20,1.22,1.10,1.36,1.15,2,0,2,2,2,0,"13,18","",6,5,0,0,2,0,0,0,1,1,22,11,10,4,12,7,11,14,44,56,2.11,1.26,2.36,1.26,2.72,54,64,49,27,22,38,75,43,85,10.01,5.52,2.00,3.34,3.80,1.36,1.94,3.40,6.55,2.00,1.85,Estádio Universitário da UFAL
1785277800,Jul 28 2026 - 10:30pm,complete,2621,Juventude,Avaí,N/A,20,2.30,0.56,2.25,0.92,1,0,1,0,0,0,"90'3","",3,3,1,0,2,0,0,1,0,2,11,10,6,1,5,9,10,19,55,45,1.54,1.04,1.36,0.89,2.14,34,64,38,17,6,32,74,27,70,8.61,4.94,1.69,3.34,5.70,1.45,2.40,4.50,9.30,2.15,1.56,N/A
1785277800,Jul 28 2026 - 10:30pm,complete,N/A,Ponte Preta,Athletic Club,N/A,20,0.50,1.22,0.54,1.36,1,1,2,1,1,0,"21","67",1,1,4,0,5,0,1,3,1,4,13,12,6,4,7,8,21,18,55,45,1.35,0.89,1.53,1.24,2.26,64,74,42,16,11,26,62,43,69,9.12,7.47,3.12,3.25,2.00,1.44,2.45,4.35,10.00,1.90,1.70,Estádio Moisés Lucarelli
1785285300,Jul 29 2026 - 12:35am,complete,11456,Fortaleza,Botafogo SP,N/A,20,2.44,1.00,2.36,1.08,1,0,1,0,0,0,"57","",10,6,0,0,3,0,0,0,1,2,18,9,5,5,13,4,13,18,54,46,1.72,1.21,1.75,1.16,2.19,37,54,44,16,16,27,54,38,74,10.96,5.59,1.82,3.24,3.50,1.39,2.30,4.60,8.00,2.00,1.73,Estádio Governador Plácido Aderaldo Castelo
1786141800,Aug 07 2026 - 10:30pm,complete,2317,Operário PR,São Bernardo,N/A,21,2.10,1.78,1.69,1.82,1,3,4,1,0,1,"67","30,87,90'2",7,3,2,0,2,0,2,0,1,1,22,15,6,6,16,9,19,15,63,37,1.66,1.23,2.24,1.51,2.69,59,69,59,21,16,37,69,48,80,10.48,4.89,1.95,3.20,3.60,1.40,2.20,4.20,7.50,1.92,1.79,Estádio Germano Krüger
1786145400,Aug 07 2026 - 11:30pm,complete,21838,Ceará,Ponte Preta,N/A,21,1.20,0.33,1.38,0.27,2,0,2,1,1,0,"29,78","",3,2,0,0,4,1,0,0,4,1,20,7,8,1,12,6,12,16,70,30,1.79,1.07,2.03,0.63,2.61,47,70,54,16,16,44,74,37,74,10.52,5.70,1.38,4.20,6.50,1.34,1.97,3.28,7.50,2.11,1.63,Estádio Presidente Vargas
1786215600,Aug 08 2026 - 7:00pm,complete,10000,Vila Nova,Sport Recife,N/A,21,2.56,1.44,2.36,1.45,0,1,1,1,0,1,"","6",15,2,1,0,5,0,0,1,2,3,17,5,1,3,16,2,11,19,62,38,1.54,1.23,1.74,0.73,2.34,61,67,50,17,6,28,73,39,67,9.33,5.22,2.20,3.00,3.10,1.40,2.15,4.16,7.50,1.79,1.83,Estádio Onésio Brasileiro Alvarenga
1786224600,Aug 08 2026 - 9:30pm,complete,2438,Botafogo SP,América Mineiro,N/A,21,1.56,0.50,1.64,0.42,2,1,3,0,0,0,"61,70","55",4,9,1,0,2,0,0,1,0,2,14,9,4,3,10,6,16,21,45,55,1.55,1.44,1.47,1.01,2.76,59,80,59,27,6,32,90,48,84,12.10,5.02,1.85,3.10,4.41,1.40,2.25,4.60,10.00,2.05,1.67,Estádio Santa Cruz
1786284000,Aug 09 2026 - 2:00pm,complete,3037,Athletic Club,Criciúma,N/A,21,1.60,1.80,1.58,1.58,2,0,2,1,1,0,"5,55","",5,6,2,0,2,0,1,1,0,2,8,15,2,2,6,13,14,9,36,64,1.54,1.23,0.90,1.52,1.75,50,50,25,5,5,15,55,20,75,12.10,4.30,2.80,2.80,2.45,1.55,2.55,5.62,12.00,2.10,1.67,N/A
1786302000,Aug 09 2026 - 7:00pm,complete,1583,Novorizontino,Juventude,N/A,21,1.89,1.00,1.82,1.36,0,1,1,0,0,0,"","54",8,6,1,0,5,0,0,1,2,3,15,10,4,1,11,9,19,17,54,46,1.80,1.19,1.62,0.90,2.34,56,67,50,17,6,28,62,33,84,9.77,4.00,2.02,2.90,3.95,1.50,2.41,5.29,11.00,2.05,1.67,Estádio Dr. Jorge Ismael de Biasi
1786302000,Aug 09 2026 - 7:00pm,complete,N/A,Náutico,Atlético GO,N/A,21,1.44,1.33,1.55,1.27,1,1,2,1,1,0,"6","56",5,5,4,0,2,0,1,3,1,1,16,17,5,6,11,11,16,15,42,58,2.01,1.14,1.59,1.81,1.84,34,50,33,6,0,17,67,33,62,13.11,5.33,2.35,3.10,2.75,1.36,2.27,3.90,8.20,1.83,1.90,N/A
1786309200,Aug 09 2026 - 9:00pm,complete,N/A,Cuiabá,Fortaleza,N/A,21,1.40,0.90,1.46,1.08,1,1,2,1,1,0,"9","54",4,3,2,0,2,1,2,0,2,1,17,5,3,1,14,4,11,10,57,43,1.71,1.34,1.67,0.58,1.55,30,45,20,10,0,20,45,20,65,11.10,5.90,2.30,2.90,3.35,1.57,2.75,5.25,13.00,2.07,1.66,Arena Pantanal
1786401000,Aug 10 2026 - 10:30pm,complete,6145,Goiás,Londrina,N/A,21,1.78,0.80,1.73,0.62,1,0,1,1,1,0,"19","",5,8,3,0,3,0,0,3,0,3,14,16,5,4,9,12,9,12,55,45,1.43,1.16,1.57,1.64,2.56,41,74,52,26,5,21,73,47,85,10.06,5.38,1.73,3.20,4.60,1.42,2.25,4.00,8.50,2.05,1.75,Estádio de Hailé Pinheiro
1786487400,Aug 11 2026 - 10:30pm,complete,4022,Avaí,CRB,N/A,21,1.50,1.50,1.50,1.75,0,1,1,1,0,1,"","34",14,2,2,0,2,0,0,2,1,1,23,18,10,3,13,15,20,15,51,49,1.31,1.51,2.49,1.60,2.65,50,75,50,25,15,30,80,50,70,8.20,6.00,2.60,3.00,2.50,1.42,2.13,4.08,7.50,1.84,1.90,Estádio Aderbal Ramos da Silva
1786746600,Aug 14 2026 - 10:30pm,complete,N/A,São Bernardo,Botafogo SP,N/A,22,1.00,0.91,0.92,1.08,0,1,1,0,0,0,"","72",12,11,2,0,1,0,0,2,0,1,15,18,3,3,12,15,8,13,64,36,1.38,1.20,1.48,1.70,1.96,41,46,27,14,9,23,46,18,73,10.63,5.18,2.12,2.88,2.80,1.49,2.38,5.11,9.50,2.00,1.70,Estádio Humberto de Alencar Castelo Branco
1786746600,Aug 14 2026 - 10:30pm,complete,N/A,Ponte Preta,Náutico,N/A,22,0.55,1.09,0.54,1.08,1,1,2,1,1,0,"40","65",6,6,2,0,4,2,0,2,2,4,14,14,6,4,8,10,17,17,37,63,1.36,1.55,1.57,1.51,2.68,60,73,45,23,14,23,78,36,78,10.00,6.64,3.65,3.60,2.00,1.33,1.95,3.60,6.15,1.74,1.89,Estádio Moisés Lucarelli
1786750200,Aug 14 2026 - 11:30pm,complete,N/A,Sport Recife,Londrina,N/A,22,1.45,0.73,1.58,0.62,2,1,3,3,2,1,"11,43","30",1,3,1,0,1,0,0,1,0,1,12,17,4,4,8,13,11,13,51,49,1.60,1.21,1.29,1.65,2.73,64,82,50,27,9,23,73,64,87,10.73,5.73,1.70,3.50,5.55,1.26,1.94,3.57,6.40,1.87,1.83,Estádio Adelmar da Costa Carvalho
1786820400,Aug 15 2026 - 7:00pm,complete,23700,Ceará,Cuiabá,N/A,22,1.36,1.10,1.38,1.27,1,3,4,1,0,1,"70","41,54,90'7",4,5,2,0,1,0,0,2,0,1,7,13,3,5,4,8,17,13,64,36,1.81,1.10,1.04,1.33,1.80,38,53,28,10,5,19,57,24,62,11.10,4.65,2.08,2.75,2.98,1.65,3.10,6.00,15.00,2.31,1.53,Estádio Governador Plácido Aderaldo Castelo
1786820400,Aug 15 2026 - 7:00pm,complete,8783,Atlético GO,Vila Nova,N/A,22,1.73,1.00,1.58,1.15,0,2,2,1,0,1,"","45'4,73",15,3,4,0,2,0,1,3,0,2,11,7,3,3,8,4,11,15,64,36,1.75,1.26,1.34,0.84,2.18,46,60,36,14,9,27,64,36,69,10.45,5.73,1.91,2.98,3.85,1.40,2.25,4.50,7.80,2.01,1.70,N/A
1786820400,Aug 15 2026 - 7:00pm,complete,9148,Criciúma,Goiás,N/A,22,2.20,1.18,2.08,1.08,1,0,1,1,1,0,"5","",9,2,5,0,2,0,1,4,1,1,16,8,4,3,12,5,23,6,41,59,1.68,1.21,1.61,1.06,2.03,48,62,23,19,5,19,67,33,71,10.42,5.05,1.93,3.13,4.26,1.51,2.56,4.80,10.50,2.20,1.60,Estádio Heriberto Hülse
1786829400,Aug 15 2026 - 9:30pm,complete,5017,Juventude,Fortaleza,N/A,22,2.36,0.91,2.25,1.08,0,0,0,0,0,0,"","",5,4,3,0,1,0,1,2,0,1,16,7,4,2,12,5,16,11,51,49,1.52,1.27,1.59,0.88,1.55,18,45,23,5,0,18,64,9,60,10.72,5.27,2.15,2.97,3.68,1.53,2.60,4.85,12.00,2.05,1.62,N/A
1786888800,Aug 16 2026 - 2:00pm,complete,4061,Operário PR,Avaí,N/A,22,1.91,0.50,1.69,0.92,1,2,3,0,0,0,"90'1","90'6,90'8",6,0,1,0,3,0,1,0,2,1,21,9,5,2,16,7,17,14,68,32,1.72,1.03,2.02,0.93,2.67,58,67,53,29,14,38,67,43,82,9.83,5.30,1.76,3.07,3.54,1.32,2.08,4.17,7.90,1.91,1.77,Estádio Germano Krüger
1786915800,Aug 16 2026 - 9:30pm,complete,1569,América Mineiro,Athletic Club,N/A,22,0.60,1.20,0.55,1.36,1,3,4,1,0,1,"86","45,52,66",6,4,1,0,2,0,0,1,0,2,21,14,6,6,15,8,11,11,52,48,1.38,0.93,1.92,1.60,2.10,65,75,40,5,5,25,55,40,80,8.20,5.70,2.45,2.90,3.25,1.55,2.62,5.75,10.00,2.10,1.66,N/A
1786915800,Aug 16 2026 - 9:30pm,complete,15200,CRB,Novorizontino,N/A,22,1.40,1.45,1.36,1.42,0,0,0,0,0,0,"","",6,7,2,0,2,0,2,0,1,1,20,7,4,2,16,5,10,13,67,33,2.13,1.40,1.80,0.91,2.83,48,72,53,34,24,44,77,39,72,11.01,4.27,2.40,3.20,2.84,1.30,2.10,3.45,8.00,1.72,1.91,Estádio Universitário da UFAL
1787092200,Aug 18 2026 - 10:30pm,complete,2188,Londrina,Atlético GO,N/A,23,1.20,1.30,1.18,1.27,0,0,0,0,0,0,"","",7,5,1,0,1,0,0,1,0,1,17,18,4,4,13,14,12,13,45,55,1.53,1.20,1.68,1.84,2.45,55,70,45,25,15,35,70,45,75,10.70,5.00,2.62,2.98,2.50,1.45,2.38,4.15,9.00,1.90,1.83,Estádio Municipal Jacy Scaff
1787099400,Aug 19 2026 - 12:30am,complete,3383,Náutico,Ceará,N/A,23,1.40,1.00,1.55,0.91,1,0,1,1,1,0,"45'9","",9,3,6,0,1,0,1,5,0,1,30,13,14,4,16,9,22,13,51,49,1.97,1.25,3.29,1.42,2.05,35,65,25,10,5,15,55,40,70,13.80,5.20,2.15,2.93,3.74,1.40,2.17,4.33,7.70,1.91,1.75,N/A
1787099700,Aug 19 2026 - 12:35am,complete,4219,Goiás,Juventude,N/A,23,1.90,1.20,1.73,1.36,0,1,1,0,0,0,"","88",4,3,0,0,1,0,0,0,1,0,17,8,5,2,12,6,17,20,53,47,1.44,1.16,1.81,0.91,2.00,30,55,30,15,5,20,60,25,75,9.10,5.20,2.21,2.81,3.76,1.53,2.70,5.50,11.50,2.15,1.65,Estádio de Hailé Pinheiro
1787178600,Aug 19 2026 - 10:30pm,complete,N/A,Fortaleza,São Bernardo,N/A,23,2.50,1.90,2.36,1.82,1,1,2,2,1,1,"32","43",8,6,1,0,0,0,0,1,0,0,25,14,5,5,20,9,9,8,51,49,1.73,1.26,2.28,1.44,2.75,55,75,65,25,15,30,75,55,85,9.70,5.40,1.65,3.50,5.80,1.40,2.02,4.20,7.50,2.05,1.73,Estádio Governador Plácido Aderaldo Castelo
1787178600,Aug 19 2026 - 10:30pm,complete,6151,Avaí,Sport Recife,N/A,23,1.36,1.60,1.50,1.45,2,1,3,0,0,0,"73,90","66",6,3,1,0,1,0,0,1,0,1,19,13,3,4,16,9,18,15,38,62,1.42,1.18,1.85,1.32,1.80,38,52,33,10,5,10,67,28,57,9.00,5.52,2.10,3.25,3.20,1.40,2.15,4.20,9.00,1.85,1.85,Estádio Aderbal Ramos da Silva
1787182200,Aug 19 2026 - 11:30pm,complete,9123,Vila Nova,Ponte Preta,N/A,23,2.30,0.30,2.36,0.27,6,0,6,3,3,0,"9,13,40,64,66,80","",9,4,0,0,3,0,0,0,0,3,24,4,15,1,9,3,14,18,63,37,1.56,1.03,2.90,0.51,2.95,55,85,60,20,15,50,85,45,75,10.10,5.80,1.28,4.35,7.50,1.25,1.88,3.30,6.00,2.00,1.62,Estádio Onésio Brasileiro Alvarenga
1787182200,Aug 19 2026 - 11:30pm,complete,N/A,Cuiabá,Operário PR,N/A,23,1.36,1.40,1.46,1.27,1,0,1,0,0,0,"74","",4,9,3,0,2,0,1,2,1,1,6,21,1,3,5,18,16,12,44,56,1.71,1.16,0.80,1.83,2.13,48,68,45,15,0,39,58,29,77,8.57,5.09,2.16,2.70,3.12,1.53,2.55,5.20,12.00,2.16,1.60,Arena Pantanal
1787185800,Aug 20 2026 - 12:30am,complete,N/A,Botafogo SP,Criciúma,N/A,23,1.70,1.64,1.64,1.58,1,1,2,0,0,0,"90'6","70",11,8,0,0,3,0,0,0,3,0,17,10,3,5,14,5,6,13,57,43,1.54,1.26,1.72,1.23,2.51,63,73,49,20,10,20,77,48,77,13.06,3.92,2.66,3.05,2.66,1.45,2.62,5.00,10.50,2.05,1.66,Estádio Santa Cruz
1787265000,Aug 20 2026 - 10:30pm,complete,3208,Athletic Club,CRB,N/A,23,1.73,1.64,1.58,1.75,0,2,2,1,0,1,"","33,56",2,7,2,0,1,0,0,2,0,1,13,24,2,6,11,18,13,15,50,50,1.48,1.52,1.41,2.24,2.28,50,64,37,18,9,32,73,28,73,9.55,5.45,2.37,3.04,2.98,1.35,2.30,4.40,9.50,1.92,1.84,N/A
1787268600,Aug 20 2026 - 11:30pm,complete,N/A,Novorizontino,América Mineiro,N/A,23,1.70,0.45,1.82,0.42,3,0,3,1,1,0,"23,81,90'1","",13,2,2,0,2,0,0,2,2,0,24,7,8,2,16,5,15,12,50,50,1.78,1.40,2.51,0.73,2.48,53,72,58,19,0,29,62,43,96,12.05,4.53,1.50,3.50,5.30,1.29,2.10,3.45,6.55,2.10,1.67,Estádio Dr. Jorge Ismael de Biasi
1787432400,Aug 22 2026 - 9:00pm,complete,6225,Ceará,Londrina,N/A,24,1.25,0.67,1.38,0.62,2,1,3,2,1,1,"40,62","4",8,1,1,0,2,0,0,1,2,0,13,12,5,4,8,8,18,17,49,51,1.75,1.24,1.53,1.28,2.50,54,67,55,21,8,21,84,42,71,10.50,4.92,1.76,3.00,3.64,1.30,2.04,3.50,6.40,1.90,1.85,Estádio Presidente Vargas
1787434200,Aug 22 2026 - 9:30pm,complete,N/A,Cuiabá,Goiás,N/A,24,1.50,1.08,1.46,1.08,1,1,2,1,0,1,"73","28",9,0,1,0,2,0,1,0,2,0,28,5,7,2,21,3,10,14,55,45,1.63,1.20,2.73,0.59,1.92,42,59,21,17,4,21,50,34,75,8.84,4.59,2.05,2.71,3.13,1.73,3.30,7.54,13.00,2.50,1.67,Arena Pantanal
1787511600,Aug 23 2026 - 7:00pm,complete,N/A,São Bernardo,Náutico,N/A,24,0.92,1.08,0.92,1.08,1,1,2,0,0,0,"54","86",4,3,0,0,1,0,0,0,1,0,15,10,3,2,12,8,13,16,47,53,1.39,1.55,1.51,1.15,2.59,54,67,38,21,13,21,67,30,84,10.42,5.59,2.08,2.98,2.75,1.28,1.95,3.20,7.50,1.76,1.96,Estádio Humberto de Alencar Castelo Branco
1787511600,Aug 23 2026 - 7:00pm,complete,N/A,Ponte Preta,Avaí,N/A,24,0.58,0.73,0.54,0.92,0,2,2,0,0,0,"","46,90",6,4,1,0,4,0,0,1,1,3,12,16,2,4,10,12,18,22,62,38,1.38,1.02,1.26,1.57,2.49,66,74,49,22,9,31,74,35,79,8.32,6.94,3.33,3.00,1.78,1.33,2.18,3.58,7.40,1.90,1.77,Estádio Moisés Lucarelli
1787518800,Aug 23 2026 - 9:00pm,complete,N/A,Operário PR,Vila Nova,N/A,24,1.75,1.17,1.69,1.15,0,0,0,0,0,0,"","",5,7,3,0,2,0,2,1,2,0,9,11,2,3,7,8,19,14,60,40,1.74,1.23,1.06,1.13,2.42,46,63,42,17,13,29,63,38,75,10.59,5.00,2.25,3.10,3.10,1.38,2.12,4.00,7.50,1.81,1.85,Estádio Germano Krüger
1787520600,Aug 23 2026 - 9:30pm,complete,N/A,Criciúma,Fortaleza,N/A,24,2.27,0.92,2.08,1.08,0,2,2,1,0,1,"","42,87",10,4,2,0,1,0,2,0,0,1,21,14,6,6,15,8,14,16,71,29,1.67,1.24,2.27,1.41,1.53,35,44,17,9,0,13,66,13,57,12.15,6.40,1.95,2.90,3.90,1.43,2.55,5.25,9.50,2.05,1.65,Estádio Heriberto Hülse
1787610600,Aug 24 2026 - 10:30pm,incomplete,N/A,Athletic Club,Novorizontino,N/A,24,1.58,1.42,1.58,1.42,0,0,0,0,0,0,"","",-1,-1,-1,-1,-1,-1,-1,-1,-1,-1,-1,-1,-1,-1,-1,-1,-1,-1,-1,-1,1.47,1.36,0.00,0.00,1.96,38,58,30,13,9,21,58,13,71,10.41,4.67,2.92,2.80,2.55,1.46,2.40,4.25,9.50,2.00,1.75,N/A
1787610600,Aug 24 2026 - 10:30pm,incomplete,N/A,Sport Recife,América Mineiro,N/A,24,1.58,0.42,1.58,0.42,0,0,0,0,0,0,"","",-1,-1,-1,-1,-1,-1,-1,-1,-1,-1,-1,-1,-1,-1,-1,-1,-1,-1,-1,-1,1.57,1.35,0.00,0.00,2.63,59,84,50,21,4,29,67,59,92,10.67,5.59,1.61,3.55,5.30,1.28,2.00,3.55,6.45,1.92,1.78,Estádio Adelmar da Costa Carvalho
1787697000,Aug 25 2026 - 10:30pm,incomplete,N/A,Juventude,CRB,N/A,24,2.25,1.75,2.25,1.75,0,0,0,0,0,0,"","",-1,-1,-1,-1,-1,-1,-1,-1,-1,-1,-1,-1,-1,-1,-1,-1,-1,-1,-1,-1,1.52,1.58,0.00,0.00,2.08,25,59,34,17,9,30,75,29,59,9.42,4.41,0.00,0.00,0.00,1.44,2.35,4.25,9.00,2.05,1.67,N/A
1787697000,Aug 25 2026 - 10:30pm,incomplete,N/A,Atlético GO,Botafogo SP,N/A,24,1.58,1.08,1.58,1.08,0,0,0,0,0,0,"","",-1,-1,-1,-1,-1,-1,-1,-1,-1,-1,-1,-1,-1,-1,-1,-1,-1,-1,-1,-1,1.72,1.24,0.00,0.00,1.88,38,46,30,13,8,21,46,30,71,13.09,5.25,2.07,3.10,3.72,1.43,2.40,4.50,10.50,2.10,1.67,N/A
1787956200,Aug 28 2026 - 10:30pm,incomplete,N/A,Goiás,São Bernardo,N/A,25,1.73,1.82,1.73,1.82,0,0,0,0,0,0,"","",-1,-1,-1,-1,-1,-1,-1,-1,-1,-1,-1,-1,-1,-1,-1,-1,-1,-1,-1,-1,1.47,1.28,0.00,0.00,2.41,46,69,46,23,5,27,69,41,82,9.27,5.10,0.00,0.00,0.00,1.36,2.24,4.22,8.50,1.94,1.69,Estádio de Hailé Pinheiro
1787959800,Aug 28 2026 - 11:30pm,incomplete,N/A,Novorizontino,Sport Recife,N/A,25,1.82,1.45,1.82,1.45,0,0,0,0,0,0,"","",-1,-1,-1,-1,-1,-1,-1,-1,-1,-1,-1,-1,-1,-1,-1,-1,-1,-1,-1,-1,1.85,1.19,0.00,0.00,2.10,50,59,50,14,0,18,55,36,78,11.09,4.37,0.00,0.00,0.00,0.00,0.00,0.00,0.00,0.00,0.00,Estádio Dr. Jorge Ismael de Biasi
1787959800,Aug 28 2026 - 11:30pm,incomplete,N/A,Náutico,Athletic Club,N/A,25,1.55,1.36,1.55,1.36,0,0,0,0,0,0,"","",-1,-1,-1,-1,-1,-1,-1,-1,-1,-1,-1,-1,-1,-1,-1,-1,-1,-1,-1,-1,2.09,0.99,0.00,0.00,1.96,46,59,32,14,5,14,60,41,69,11.54,6.91,0.00,0.00,0.00,0.00,0.00,0.00,0.00,0.00,0.00,N/A
1788039000,Aug 29 2026 - 9:30pm,incomplete,N/A,Botafogo SP,Cuiabá,N/A,25,1.64,1.27,1.64,1.27,0,0,0,0,0,0,"","",-1,-1,-1,-1,-1,-1,-1,-1,-1,-1,-1,-1,-1,-1,-1,-1,-1,-1,-1,-1,1.56,1.12,0.00,0.00,2.37,59,73,46,23,5,23,64,46,69,12.18,4.00,0.00,0.00,0.00,0.00,0.00,0.00,0.00,0.00,0.00,Estádio Santa Cruz
1788098400,Aug 30 2026 - 2:00pm,incomplete,N/A,Avaí,Atlético GO,N/A,25,1.50,1.27,1.50,1.27,0,0,0,0,0,0,"","",-1,-1,-1,-1,-1,-1,-1,-1,-1,-1,-1,-1,-1,-1,-1,-1,-1,-1,-1,-1,1.45,1.26,0.00,0.00,2.00,49,66,35,4,4,13,70,35,66,9.53,4.94,0.00,0.00,0.00,0.00,0.00,0.00,0.00,0.00,0.00,Estádio Aderbal Ramos da Silva
1788116400,Aug 30 2026 - 7:00pm,incomplete,N/A,América Mineiro,Ponte Preta,N/A,25,0.55,0.27,0.55,0.27,0,0,0,0,0,0,"","",-1,-1,-1,-1,-1,-1,-1,-1,-1,-1,-1,-1,-1,-1,-1,-1,-1,-1,-1,-1,1.42,0.98,0.00,0.00,2.77,50,82,60,18,14,46,73,41,82,9.27,5.00,0.00,0.00,0.00,0.00,0.00,0.00,0.00,0.00,0.00,Estádio Raimundo Sampaio
1788123600,Aug 30 2026 - 9:00pm,incomplete,N/A,CRB,Criciúma,N/A,25,1.36,1.58,1.36,1.58,0,0,0,0,0,0,"","",-1,-1,-1,-1,-1,-1,-1,-1,-1,-1,-1,-1,-1,-1,-1,-1,-1,-1,-1,-1,2.10,1.25,0.00,0.00,2.42,53,66,40,22,18,32,70,44,74,12.59,3.92,0.00,0.00,0.00,0.00,0.00,0.00,0.00,0.00,0.00,Estádio Rei Pelé
1788125400,Aug 30 2026 - 9:30pm,incomplete,N/A,Vila Nova,Ceará,N/A,25,2.36,0.91,2.36,0.91,0,0,0,0,0,0,"","",-1,-1,-1,-1,-1,-1,-1,-1,-1,-1,-1,-1,-1,-1,-1,-1,-1,-1,-1,-1,1.68,1.27,0.00,0.00,2.73,55,82,41,18,14,32,73,50,73,11.54,4.45,0.00,0.00,0.00,0.00,0.00,0.00,0.00,0.00,0.00,Estádio Onésio Brasileiro Alvarenga
1788215400,Aug 31 2026 - 10:30pm,incomplete,N/A,Fortaleza,Operário PR,N/A,25,2.36,1.27,2.36,1.27,0,0,0,0,0,0,"","",-1,-1,-1,-1,-1,-1,-1,-1,-1,-1,-1,-1,-1,-1,-1,-1,-1,-1,-1,-1,1.78,1.22,0.00,0.00,2.55,50,73,64,18,9,46,73,36,78,10.00,5.36,0.00,0.00,0.00,0.00,0.00,0.00,0.00,0.00,0.00,Estádio Governador Plácido Aderaldo Castelo
1788301800,Sep 01 2026 - 10:30pm,incomplete,N/A,Londrina,Juventude,N/A,25,1.18,1.36,1.18,1.36,0,0,0,0,0,0,"","",-1,-1,-1,-1,-1,-1,-1,-1,-1,-1,-1,-1,-1,-1,-1,-1,-1,-1,-1,-1,1.54,1.14,0.00,0.00,2.23,41,55,41,27,18,32,55,37,73,9.91,4.72,0.00,0.00,0.00,0.00,0.00,0.00,0.00,0.00,0.00,Estádio Municipal Jacy Scaff
1788476400,Sep 03 2026 - 11:00pm,incomplete,N/A,Náutico,Botafogo SP,N/A,26,1.55,1.08,1.55,1.08,0,0,0,0,0,0,"","",-1,-1,-1,-1,-1,-1,-1,-1,-1,-1,-1,-1,-1,-1,-1,-1,-1,-1,-1,-1,2.09,1.24,0.00,0.00,1.57,22,31,22,9,4,13,45,22,65,14.37,5.85,0.00,0.00,0.00,0.00,0.00,0.00,0.00,0.00,0.00,Itaipava Arena Pernambuco
1788561000,Sep 04 2026 - 10:30pm,incomplete,N/A,Criciúma,Cuiabá,N/A,26,2.08,1.27,2.08,1.27,0,0,0,0,0,0,"","",-1,-1,-1,-1,-1,-1,-1,-1,-1,-1,-1,-1,-1,-1,-1,-1,-1,-1,-1,-1,1.72,1.12,0.00,0.00,1.66,35,53,18,13,0,13,60,22,57,12.17,4.84,0.00,0.00,0.00,0.00,0.00,0.00,0.00,0.00,0.00,Estádio Heriberto Hülse
1788564600,Sep 04 2026 - 11:30pm,incomplete,N/A,Athletic Club,Vila Nova,N/A,26,1.58,1.15,1.58,1.15,0,0,0,0,0,0,"","",-1,-1,-1,-1,-1,-1,-1,-1,-1,-1,-1,-1,-1,-1,-1,-1,-1,-1,-1,-1,1.47,1.22,0.00,0.00,1.80,37,56,20,4,4,20,60,12,76,9.48,5.42,0.00,0.00,0.00,0.00,0.00,0.00,0.00,0.00,0.00,N/A
1788568200,Sep 05 2026 - 12:30am,incomplete,N/A,CRB,América Mineiro,N/A,26,1.36,0.42,1.36,0.42,0,0,0,0,0,0,"","",-1,-1,-1,-1,-1,-1,-1,-1,-1,-1,-1,-1,-1,-1,-1,-1,-1,-1,-1,-1,2.10,1.35,0.00,0.00,2.71,49,74,57,27,14,40,79,48,83,11.26,4.67,0.00,0.00,0.00,0.00,0.00,0.00,0.00,0.00,0.00,Estádio Rei Pelé
1788634800,Sep 05 2026 - 7:00pm,incomplete,N/A,Goiás,Fortaleza,N/A,26,1.73,1.08,1.73,1.08,0,0,0,0,0,0,"","",-1,-1,-1,-1,-1,-1,-1,-1,-1,-1,-1,-1,-1,-1,-1,-1,-1,-1,-1,-1,1.47,1.25,0.00,0.00,1.77,25,51,25,13,0,17,59,18,72,10.59,5.93,0.00,0.00,0.00,0.00,0.00,0.00,0.00,0.00,0.00,Estádio de Hailé Pinheiro
1788634800,Sep 05 2026 - 7:00pm,incomplete,N/A,Novorizontino,Avaí,N/A,26,1.82,0.92,1.82,0.92,0,0,0,0,0,0,"","",-1,-1,-1,-1,-1,-1,-1,-1,-1,-1,-1,-1,-1,-1,-1,-1,-1,-1,-1,-1,1.85,1.07,0.00,0.00,2.57,57,74,57,22,4,30,57,48,96,10.10,5.15,0.00,0.00,0.00,0.00,0.00,0.00,0.00,0.00,0.00,Estádio Dr. Jorge Ismael de Biasi
1788642000,Sep 05 2026 - 9:00pm,incomplete,N/A,Juventude,Atlético GO,N/A,26,2.25,1.27,2.25,1.27,0,0,0,0,0,0,"","",-1,-1,-1,-1,-1,-1,-1,-1,-1,-1,-1,-1,-1,-1,-1,-1,-1,-1,-1,-1,1.52,1.26,0.00,0.00,1.58,28,53,22,0,0,18,66,18,57,9.70,3.85,0.00,0.00,0.00,0.00,0.00,0.00,0.00,0.00,0.00,N/A
1788643800,Sep 05 2026 - 9:30pm,incomplete,N/A,Ceará,Sport Recife,N/A,26,1.38,1.45,1.38,1.45,0,0,0,0,0,0,"","",-1,-1,-1,-1,-1,-1,-1,-1,-1,-1,-1,-1,-1,-1,-1,-1,-1,-1,-1,-1,1.73,1.19,0.00,0.00,1.98,50,54,41,12,4,16,66,29,66,9.91,4.86,0.00,0.00,0.00,0.00,0.00,0.00,0.00,0.00,0.00,Estádio Governador Plácido Aderaldo Castelo
1788703200,Sep 06 2026 - 2:00pm,incomplete,N/A,Londrina,Operário PR,N/A,26,1.18,1.27,1.18,1.27,0,0,0,0,0,0,"","",-1,-1,-1,-1,-1,-1,-1,-1,-1,-1,-1,-1,-1,-1,-1,-1,-1,-1,-1,-1,1.54,1.22,0.00,0.00,2.60,50,69,64,32,14,50,64,41,78,10.18,5.36,0.00,0.00,0.00,0.00,0.00,0.00,0.00,0.00,0.00,Estádio Municipal Jacy Scaff
1788730200,Sep 06 2026 - 9:30pm,incomplete,N/A,Ponte Preta,São Bernardo,N/A,26,0.54,1.82,0.54,1.82,0,0,0,0,0,0,"","",-1,-1,-1,-1,-1,-1,-1,-1,-1,-1,-1,-1,-1,-1,-1,-1,-1,-1,-1,-1,1.37,1.28,0.00,0.00,2.57,68,80,51,21,9,30,80,43,76,9.45,6.01,0.00,0.00,0.00,0.00,0.00,0.00,0.00,0.00,0.00,Estádio Moisés Lucarelli
1788910200,Sep 08 2026 - 11:30pm,incomplete,N/A,Cuiabá,Athletic Club,N/A,27,1.46,1.36,1.46,1.36,0,0,0,0,0,0,"","",-1,-1,-1,-1,-1,-1,-1,-1,-1,-1,-1,-1,-1,-1,-1,-1,-1,-1,-1,-1,1.72,0.99,0.00,0.00,1.91,56,68,22,13,5,17,47,39,80,8.55,5.72,0.00,0.00,0.00,0.00,0.00,0.00,0.00,0.00,0.00,Arena Pantanal
1788913800,Sep 09 2026 - 12:30am,incomplete,N/A,Criciúma,Juventude,N/A,27,2.08,1.36,2.08,1.36,0,0,0,0,0,0,"","",-1,-1,-1,-1,-1,-1,-1,-1,-1,-1,-1,-1,-1,-1,-1,-1,-1,-1,-1,-1,1.72,1.14,0.00,0.00,1.70,35,48,18,9,5,13,65,18,66,10.63,5.02,0.00,0.00,0.00,0.00,0.00,0.00,0.00,0.00,0.00,Estádio Heriberto Hülse
1788993000,Sep 09 2026 - 10:30pm,incomplete,N/A,Fortaleza,Avaí,N/A,27,2.36,0.92,2.36,0.92,0,0,0,0,0,0,"","",-1,-1,-1,-1,-1,-1,-1,-1,-1,-1,-1,-1,-1,-1,-1,-1,-1,-1,-1,-1,1.78,1.07,0.00,0.00,2.57,52,74,53,22,13,35,66,48,83,9.10,5.78,0.00,0.00,0.00,0.00,0.00,0.00,0.00,0.00,0.00,Estádio Governador Plácido Aderaldo Castelo
1788993000,Sep 09 2026 - 10:30pm,incomplete,N/A,Botafogo SP,Novorizontino,N/A,27,1.64,1.42,1.64,1.42,0,0,0,0,0,0,"","",-1,-1,-1,-1,-1,-1,-1,-1,-1,-1,-1,-1,-1,-1,-1,-1,-1,-1,-1,-1,1.56,1.36,0.00,0.00,2.63,58,75,53,26,13,26,70,45,70,12.17,4.16,0.00,0.00,0.00,0.00,0.00,0.00,0.00,0.00,0.00,Estádio Santa Cruz
1788996600,Sep 09 2026 - 11:30pm,incomplete,N/A,Operário PR,CRB,N/A,27,1.69,1.75,1.69,1.75,0,0,0,0,0,0,"","",-1,-1,-1,-1,-1,-1,-1,-1,-1,-1,-1,-1,-1,-1,-1,-1,-1,-1,-1,-1,1.69,1.58,0.00,0.00,2.69,52,69,52,28,16,37,73,48,68,10.71,4.83,0.00,0.00,0.00,0.00,0.00,0.00,0.00,0.00,0.00,Estádio Germano Krüger
1788996600,Sep 09 2026 - 11:30pm,incomplete,N/A,América Mineiro,Náutico,N/A,27,0.55,1.08,0.55,1.08,0,0,0,0,0,0,"","",-1,-1,-1,-1,-1,-1,-1,-1,-1,-1,-1,-1,-1,-1,-1,-1,-1,-1,-1,-1,1.42,1.52,0.00,0.00,2.56,63,75,47,16,8,21,67,41,87,9.81,4.82,0.00,0.00,0.00,0.00,0.00,0.00,0.00,0.00,0.00,Estádio Raimundo Sampaio
1789000200,Sep 10 2026 - 12:30am,incomplete,N/A,Atlético GO,Ceará,N/A,27,1.58,0.91,1.58,0.91,0,0,0,0,0,0,"","",-1,-1,-1,-1,-1,-1,-1,-1,-1,-1,-1,-1,-1,-1,-1,-1,-1,-1,-1,-1,1.72,1.27,0.00,0.00,2.26,48,75,30,13,9,22,61,44,70,12.35,4.76,0.00,0.00,0.00,0.00,0.00,0.00,0.00,0.00,0.00,N/A
1789079400,Sep 10 2026 - 10:30pm,incomplete,N/A,São Bernardo,Londrina,N/A,27,0.92,0.62,0.92,0.62,0,0,0,0,0,0,"","",-1,-1,-1,-1,-1,-1,-1,-1,-1,-1,-1,-1,-1,-1,-1,-1,-1,-1,-1,-1,1.40,1.25,0.00,0.00,2.50,58,70,50,19,8,27,73,35,73,10.00,4.69,0.00,0.00,0.00,0.00,0.00,0.00,0.00,0.00,0.00,Estádio Primeiro de Maio
1789079400,Sep 10 2026 - 10:30pm,incomplete,N/A,Vila Nova,Goiás,N/A,27,2.36,1.08,2.36,1.08,0,0,0,0,0,0,"","",-1,-1,-1,-1,-1,-1,-1,-1,-1,-1,-1,-1,-1,-1,-1,-1,-1,-1,-1,-1,1.68,1.15,0.00,0.00,2.75,59,76,48,25,13,34,80,47,75,9.74,4.74,0.00,0.00,0.00,0.00,0.00,0.00,0.00,0.00,0.00,Estádio Onésio Brasileiro Alvarenga
1789086600,Sep 11 2026 - 12:30am,incomplete,N/A,Sport Recife,Ponte Preta,N/A,27,1.58,0.27,1.58,0.27,0,0,0,0,0,0,"","",-1,-1,-1,-1,-1,-1,-1,-1,-1,-1,-1,-1,-1,-1,-1,-1,-1,-1,-1,-1,1.57,0.98,0.00,0.00,3.01,56,92,53,26,18,49,70,56,87,9.50,6.10,0.00,0.00,0.00,0.00,0.00,0.00,0.00,0.00,0.00,Estádio Adelmar da Costa Carvalho
1789326000,Sep 13 2026 - 7:00pm,incomplete,N/A,Atlético GO,Criciúma,N/A,28,1.58,1.58,1.58,1.58,0,0,0,0,0,0,"","",-1,-1,-1,-1,-1,-1,-1,-1,-1,-1,-1,-1,-1,-1,-1,-1,-1,-1,-1,-1,1.72,1.25,0.00,0.00,2.09,50,63,34,13,8,17,63,42,71,13.67,4.59,0.00,0.00,0.00,0.00,0.00,0.00,0.00,0.00,0.00,N/A
1789333200,Sep 13 2026 - 9:00pm,incomplete,N/A,Juventude,Athletic Club,N/A,28,2.25,1.36,2.25,1.36,0,0,0,0,0,0,"","",-1,-1,-1,-1,-1,-1,-1,-1,-1,-1,-1,-1,-1,-1,-1,-1,-1,-1,-1,-1,1.52,0.99,0.00,0.00,1.80,37,62,27,9,5,18,57,32,66,8.34,5.22,0.00,0.00,0.00,0.00,0.00,0.00,0.00,0.00,0.00,N/A
1789335000,Sep 13 2026 - 9:30pm,incomplete,N/A,Fortaleza,Ceará,N/A,28,2.36,0.91,2.36,0.91,0,0,0,0,0,0,"","",-1,-1,-1,-1,-1,-1,-1,-1,-1,-1,-1,-1,-1,-1,-1,-1,-1,-1,-1,-1,1.78,1.27,0.00,0.00,2.41,45,78,37,14,14,27,64,45,73,11.36,4.54,0.00,0.00,0.00,0.00,0.00,0.00,0.00,0.00,0.00,Estádio Governador Plácido Aderaldo Castelo
1789335000,Sep 13 2026 - 9:30pm,incomplete,N/A,Novorizontino,Cuiabá,N/A,28,1.82,1.27,1.82,1.27,0,0,0,0,0,0,"","",-1,-1,-1,-1,-1,-1,-1,-1,-1,-1,-1,-1,-1,-1,-1,-1,-1,-1,-1,-1,1.85,1.12,0.00,0.00,2.14,46,64,46,18,0,23,50,36,78,12.27,3.91,0.00,0.00,0.00,0.00,0.00,0.00,0.00,0.00,0.00,Estádio Dr. Jorge Ismael de Biasi
1789425000,Sep 14 2026 - 10:30pm,incomplete,N/A,Botafogo SP,Goiás,N/A,28,1.64,1.08,1.64,1.08,0,0,0,0,0,0,"","",-1,-1,-1,-1,-1,-1,-1,-1,-1,-1,-1,-1,-1,-1,-1,-1,-1,-1,-1,-1,1.56,1.15,0.00,0.00,2.66,68,80,48,25,9,25,76,51,80,10.47,4.29,0.00,0.00,0.00,0.00,0.00,0.00,0.00,0.00,0.00,Estádio Santa Cruz
1789425000,Sep 14 2026 - 10:30pm,incomplete,N/A,América Mineiro,São Bernardo,N/A,28,0.55,1.82,0.55,1.82,0,0,0,0,0,0,"","",-1,-1,-1,-1,-1,-1,-1,-1,-1,-1,-1,-1,-1,-1,-1,-1,-1,-1,-1,-1,1.42,1.28,0.00,0.00,2.55,69,78,60,18,5,32,73,46,82,9.18,4.37,0.00,0.00,0.00,0.00,0.00,0.00,0.00,0.00,0.00,Estádio Raimundo Sampaio
1789432200,Sep 15 2026 - 12:30am,incomplete,N/A,Avaí,Vila Nova,N/A,28,1.50,1.15,1.50,1.15,0,0,0,0,0,0,"","",-1,-1,-1,-1,-1,-1,-1,-1,-1,-1,-1,-1,-1,-1,-1,-1,-1,-1,-1,-1,1.45,1.22,0.00,0.00,2.05,37,61,33,8,8,16,65,33,68,9.23,5.67,0.00,0.00,0.00,0.00,0.00,0.00,0.00,0.00,0.00,Estádio Aderbal Ramos da Silva
1789511400,Sep 15 2026 - 10:30pm,incomplete,N/A,Náutico,Operário PR,N/A,28,1.55,1.27,1.55,1.27,0,0,0,0,0,0,"","",-1,-1,-1,-1,-1,-1,-1,-1,-1,-1,-1,-1,-1,-1,-1,-1,-1,-1,-1,-1,2.09,1.22,0.00,0.00,2.10,37,55,50,14,0,32,69,27,69,12.27,6.18,0.00,0.00,0.00,0.00,0.00,0.00,0.00,0.00,0.00,Itaipava Arena Pernambuco
1789511400,Sep 15 2026 - 10:30pm,incomplete,N/A,Londrina,Ponte Preta,N/A,28,1.18,0.27,1.18,0.27,0,0,0,0,0,0,"","",-1,-1,-1,-1,-1,-1,-1,-1,-1,-1,-1,-1,-1,-1,-1,-1,-1,-1,-1,-1,1.54,0.98,0.00,0.00,2.96,41,78,60,36,27,55,69,50,78,10.36,5.63,0.00,0.00,0.00,0.00,0.00,0.00,0.00,0.00,0.00,Estádio Municipal Jacy Scaff
1789518600,Sep 16 2026 - 12:30am,incomplete,N/A,CRB,Sport Recife,N/A,28,1.36,1.45,1.36,1.45,0,0,0,0,0,0,"","",-1,-1,-1,-1,-1,-1,-1,-1,-1,-1,-1,-1,-1,-1,-1,-1,-1,-1,-1,-1,2.10,1.19,0.00,0.00,2.28,50,59,46,23,14,32,69,36,64,10.00,4.55,0.00,0.00,0.00,0.00,0.00,0.00,0.00,0.00,0.00,Estádio Rei Pelé
1789770600,Sep 18 2026 - 10:30pm,incomplete,N/A,Vila Nova,América Mineiro,N/A,29,2.36,0.42,2.36,0.42,0,0,0,0,0,0,"","",-1,-1,-1,-1,-1,-1,-1,-1,-1,-1,-1,-1,-1,-1,-1,-1,-1,-1,-1,-1,1.68,1.35,0.00,0.00,2.84,53,79,61,22,9,35,83,53,83,11.53,5.03,0.00,0.00,0.00,0.00,0.00,0.00,0.00,0.00,0.00,Estádio Onésio Brasileiro Alvarenga
1789774200,Sep 18 2026 - 11:30pm,incomplete,N/A,Ceará,Novorizontino,N/A,29,1.38,1.42,1.38,1.42,0,0,0,0,0,0,"","",-1,-1,-1,-1,-1,-1,-1,-1,-1,-1,-1,-1,-1,-1,-1,-1,-1,-1,-1,-1,1.73,1.36,0.00,0.00,2.28,44,60,44,20,13,24,68,28,68,11.08,4.56,0.00,0.00,0.00,0.00,0.00,0.00,0.00,0.00,0.00,Estádio Governador Plácido Aderaldo Castelo
1789776000,Sep 19 2026 - 12:00am,incomplete,N/A,São Bernardo,Atlético GO,N/A,29,0.92,1.27,0.92,1.27,0,0,0,0,0,0,"","",-1,-1,-1,-1,-1,-1,-1,-1,-1,-1,-1,-1,-1,-1,-1,-1,-1,-1,-1,-1,1.40,1.26,0.00,0.00,2.03,55,63,29,8,4,21,64,25,71,10.07,4.50,0.00,0.00,0.00,0.00,0.00,0.00,0.00,0.00,0.00,Estádio Primeiro de Maio
1789844400,Sep 19 2026 - 7:00pm,incomplete,N/A,Sport Recife,Juventude,N/A,29,1.58,1.36,1.58,1.36,0,0,0,0,0,0,"","",-1,-1,-1,-1,-1,-1,-1,-1,-1,-1,-1,-1,-1,-1,-1,-1,-1,-1,-1,-1,1.57,1.14,0.00,0.00,2.29,56,69,35,17,9,26,57,43,83,9.05,5.19,0.00,0.00,0.00,0.00,0.00,0.00,0.00,0.00,0.00,Estádio Adelmar da Costa Carvalho
1789853400,Sep 19 2026 - 9:30pm,incomplete,N/A,Athletic Club,Botafogo SP,N/A,29,1.58,1.08,1.58,1.08,0,0,0,0,0,0,"","",-1,-1,-1,-1,-1,-1,-1,-1,-1,-1,-1,-1,-1,-1,-1,-1,-1,-1,-1,-1,1.47,1.24,0.00,0.00,1.59,34,42,17,4,4,17,42,9,79,11.25,5.00,0.00,0.00,0.00,0.00,0.00,0.00,0.00,0.00,0.00,N/A
1789912800,Sep 20 2026 - 2:00pm,incomplete,N/A,Ponte Preta,CRB,N/A,29,0.54,1.75,0.54,1.75,0,0,0,0,0,0,"","",-1,-1,-1,-1,-1,-1,-1,-1,-1,-1,-1,-1,-1,-1,-1,-1,-1,-1,-1,-1,1.37,1.58,0.00,0.00,2.57,56,76,44,24,13,33,85,41,68,9.71,6.29,0.00,0.00,0.00,0.00,0.00,0.00,0.00,0.00,0.00,Estádio Moisés Lucarelli
1789930800,Sep 20 2026 - 7:00pm,incomplete,N/A,Goiás,Avaí,N/A,29,1.73,0.92,1.73,0.92,0,0,0,0,0,0,"","",-1,-1,-1,-1,-1,-1,-1,-1,-1,-1,-1,-1,-1,-1,-1,-1,-1,-1,-1,-1,1.47,1.07,0.00,0.00,2.29,38,65,39,22,4,26,57,39,87,8.28,5.88,0.00,0.00,0.00,0.00,0.00,0.00,0.00,0.00,0.00,Estádio de Hailé Pinheiro
1789939800,Sep 20 2026 - 9:30pm,incomplete,N/A,Londrina,Fortaleza,N/A,29,1.18,1.08,1.18,1.08,0,0,0,0,0,0,"","",-1,-1,-1,-1,-1,-1,-1,-1,-1,-1,-1,-1,-1,-1,-1,-1,-1,-1,-1,-1,1.54,1.25,0.00,0.00,2.09,38,55,39,27,14,30,59,32,68,11.59,5.83,0.00,0.00,0.00,0.00,0.00,0.00,0.00,0.00,0.00,Estádio Municipal Jacy Scaff
1790029800,Sep 21 2026 - 10:30pm,incomplete,N/A,Criciúma,Operário PR,N/A,29,2.08,1.27,2.08,1.27,0,0,0,0,0,0,"","",-1,-1,-1,-1,-1,-1,-1,-1,-1,-1,-1,-1,-1,-1,-1,-1,-1,-1,-1,-1,1.72,1.22,0.00,0.00,2.07,44,62,41,13,0,32,74,22,70,10.90,5.66,0.00,0.00,0.00,0.00,0.00,0.00,0.00,0.00,0.00,Estádio Heriberto Hülse
1790037000,Sep 22 2026 - 12:30am,incomplete,N/A,Cuiabá,Náutico,N/A,29,1.46,1.08,1.46,1.08,0,0,0,0,0,0,"","",-1,-1,-1,-1,-1,-1,-1,-1,-1,-1,-1,-1,-1,-1,-1,-1,-1,-1,-1,-1,1.72,1.52,0.00,0.00,2.20,50,66,23,16,8,15,54,35,85,10.00,5.08,0.00,0.00,0.00,0.00,0.00,0.00,0.00,0.00,0.00,Arena Pantanal
1790375400,Sep 25 2026 - 10:30pm,incomplete,N/A,Novorizontino,São Bernardo,N/A,30,1.82,1.82,1.82,1.82,0,0,0,0,0,0,"","",-1,-1,-1,-1,-1,-1,-1,-1,-1,-1,-1,-1,-1,-1,-1,-1,-1,-1,-1,-1,1.85,1.28,0.00,0.00,2.69,64,78,64,23,5,32,69,50,91,11.09,4.37,0.00,0.00,0.00,0.00,0.00,0.00,0.00,0.00,0.00,Estádio Dr. Jorge Ismael de Biasi
1790379000,Sep 25 2026 - 11:30pm,incomplete,N/A,Vila Nova,Londrina,N/A,30,2.36,0.62,2.36,0.62,0,0,0,0,0,0,"","",-1,-1,-1,-1,-1,-1,-1,-1,-1,-1,-1,-1,-1,-1,-1,-1,-1,-1,-1,-1,1.68,1.25,0.00,0.00,2.98,63,80,67,25,13,38,92,51,71,10.74,4.82,0.00,0.00,0.00,0.00,0.00,0.00,0.00,0.00,0.00,Estádio Onésio Brasileiro Alvarenga
1790449200,Sep 26 2026 - 7:00pm,incomplete,N/A,Operário PR,Ceará,N/A,30,1.69,0.91,1.69,0.91,0,0,0,0,0,0,"","",-1,-1,-1,-1,-1,-1,-1,-1,-1,-1,-1,-1,-1,-1,-1,-1,-1,-1,-1,-1,1.69,1.27,0.00,0.00,2.41,50,72,36,16,12,25,55,46,71,11.72,4.09,0.00,0.00,0.00,0.00,0.00,0.00,0.00,0.00,0.00,Estádio Germano Krüger
1790451000,Sep 26 2026 - 7:30pm,incomplete,N/A,Náutico,Sport Recife,N/A,30,1.55,1.45,1.55,1.45,0,0,0,0,0,0,"","",-1,-1,-1,-1,-1,-1,-1,-1,-1,-1,-1,-1,-1,-1,-1,-1,-1,-1,-1,-1,2.09,1.19,0.00,0.00,1.64,32,41,32,9,0,9,60,27,55,12.36,5.82,0.00,0.00,0.00,0.00,0.00,0.00,0.00,0.00,0.00,Itaipava Arena Pernambuco
1790458200,Sep 26 2026 - 9:30pm,incomplete,N/A,Goiás,Atlético GO,N/A,30,1.73,1.27,1.73,1.27,0,0,0,0,0,0,"","",-1,-1,-1,-1,-1,-1,-1,-1,-1,-1,-1,-1,-1,-1,-1,-1,-1,-1,-1,-1,1.47,1.26,0.00,0.00,1.91,37,60,27,9,0,18,64,27,73,9.81,4.82,0.00,0.00,0.00,0.00,0.00,0.00,0.00,0.00,0.00,Estádio de Hailé Pinheiro
1790517600,Sep 27 2026 - 2:00pm,incomplete,N/A,Criciúma,Avaí,N/A,30,2.08,0.92,2.08,0.92,0,0,0,0,0,0,"","",-1,-1,-1,-1,-1,-1,-1,-1,-1,-1,-1,-1,-1,-1,-1,-1,-1,-1,-1,-1,1.72,1.07,0.00,0.00,2.08,46,63,29,17,4,21,67,34,75,10.00,6.08,0.00,0.00,0.00,0.00,0.00,0.00,0.00,0.00,0.00,Estádio Heriberto Hülse
1790535600,Sep 27 2026 - 7:00pm,incomplete,N/A,CRB,Cuiabá,N/A,30,1.36,1.27,1.36,1.27,0,0,0,0,0,0,"","",-1,-1,-1,-1,-1,-1,-1,-1,-1,-1,-1,-1,-1,-1,-1,-1,-1,-1,-1,-1,2.10,1.12,0.00,0.00,2.32,46,64,41,27,14,37,64,36,64,11.18,4.09,0.00,0.00,0.00,0.00,0.00,0.00,0.00,0.00,0.00,Estádio Rei Pelé
1790544600,Sep 27 2026 - 9:30pm,incomplete,N/A,Fortaleza,Athletic Club,N/A,30,2.36,1.36,2.36,1.36,0,0,0,0,0,0,"","",-1,-1,-1,-1,-1,-1,-1,-1,-1,-1,-1,-1,-1,-1,-1,-1,-1,-1,-1,-1,1.78,0.99,0.00,0.00,2.41,59,78,46,18,14,27,64,50,78,9.27,6.09,0.00,0.00,0.00,0.00,0.00,0.00,0.00,0.00,0.00,Estádio Governador Plácido Aderaldo Castelo
1790634600,Sep 28 2026 - 10:30pm,incomplete,N/A,América Mineiro,Juventude,N/A,30,0.55,1.36,0.55,1.36,0,0,0,0,0,0,"","",-1,-1,-1,-1,-1,-1,-1,-1,-1,-1,-1,-1,-1,-1,-1,-1,-1,-1,-1,-1,1.42,1.14,0.00,0.00,2.05,50,59,41,9,5,23,60,27,78,8.82,4.09,0.00,0.00,0.00,0.00,0.00,0.00,0.00,0.00,0.00,Estádio Raimundo Sampaio
1790721000,Sep 29 2026 - 10:30pm,incomplete,N/A,Botafogo SP,Ponte Preta,N/A,30,1.64,0.27,1.64,0.27,0,0,0,0,0,0,"","",-1,-1,-1,-1,-1,-1,-1,-1,-1,-1,-1,-1,-1,-1,-1,-1,-1,-1,-1,-1,1.56,0.98,0.00,0.00,3.14,59,91,64,27,18,46,82,55,82,11.09,5.09,0.00,0.00,0.00,0.00,0.00,0.00,0.00,0.00,0.00,Estádio Santa Cruz
1790899200,Oct 02 2026 - 12:00am,incomplete,N/A,Avaí,Ceará,N/A,31,1.50,0.91,1.50,0.91,0,0,0,0,0,0,"","",-1,-1,-1,-1,-1,-1,-1,-1,-1,-1,-1,-1,-1,-1,-1,-1,-1,-1,-1,-1,1.45,1.27,0.00,0.00,2.22,44,75,30,9,9,13,61,44,70,10.26,4.76,0.00,0.00,0.00,0.00,0.00,0.00,0.00,0.00,0.00,Estádio Aderbal Ramos da Silva
1790899200,Oct 02 2026 - 12:00am,incomplete,N/A,Atlético GO,América Mineiro,N/A,31,1.58,0.42,1.58,0.42,0,0,0,0,0,0,"","",-1,-1,-1,-1,-1,-1,-1,-1,-1,-1,-1,-1,-1,-1,-1,-1,-1,-1,-1,-1,1.72,1.35,0.00,0.00,2.38,46,71,50,17,4,25,71,46,80,12.34,5.34,0.00,0.00,0.00,0.00,0.00,0.00,0.00,0.00,0.00,N/A
1790899200,Oct 02 2026 - 12:00am,incomplete,N/A,Londrina,Criciúma,N/A,31,1.18,1.58,1.18,1.58,0,0,0,0,0,0,"","",-1,-1,-1,-1,-1,-1,-1,-1,-1,-1,-1,-1,-1,-1,-1,-1,-1,-1,-1,-1,1.54,1.25,0.00,0.00,2.28,48,61,40,27,18,27,57,49,74,12.86,4.37,0.00,0.00,0.00,0.00,0.00,0.00,0.00,0.00,0.00,Estádio Municipal Jacy Scaff
1790899200,Oct 02 2026 - 12:00am,incomplete,N/A,Cuiabá,Ponte Preta,N/A,31,1.46,0.27,1.46,0.27,0,0,0,0,0,0,"","",-1,-1,-1,-1,-1,-1,-1,-1,-1,-1,-1,-1,-1,-1,-1,-1,-1,-1,-1,-1,1.72,0.98,0.00,0.00,2.41,37,73,36,18,14,40,60,34,80,9.46,5.26,0.00,0.00,0.00,0.00,0.00,0.00,0.00,0.00,0.00,Arena Pantanal
1790899200,Oct 02 2026 - 12:00am,incomplete,N/A,Juventude,Operário PR,N/A,31,2.25,1.27,2.25,1.27,0,0,0,0,0,0,"","",-1,-1,-1,-1,-1,-1,-1,-1,-1,-1,-1,-1,-1,-1,-1,-1,-1,-1,-1,-1,1.52,1.22,0.00,0.00,1.94,28,58,45,9,0,36,66,18,66,9.07,4.49,0.00,0.00,0.00,0.00,0.00,0.00,0.00,0.00,0.00,N/A
1790899200,Oct 02 2026 - 12:00am,incomplete,N/A,Novorizontino,Goiás,N/A,31,1.82,1.08,1.82,1.08,0,0,0,0,0,0,"","",-1,-1,-1,-1,-1,-1,-1,-1,-1,-1,-1,-1,-1,-1,-1,-1,-1,-1,-1,-1,1.85,1.15,0.00,0.00,2.43,55,71,48,21,4,25,62,42,89,10.56,4.20,0.00,0.00,0.00,0.00,0.00,0.00,0.00,0.00,0.00,Estádio Dr. Jorge Ismael de Biasi
1790899200,Oct 02 2026 - 12:00am,incomplete,N/A,Fortaleza,Náutico,N/A,31,2.36,1.08,2.36,1.08,0,0,0,0,0,0,"","",-1,-1,-1,-1,-1,-1,-1,-1,-1,-1,-1,-1,-1,-1,-1,-1,-1,-1,-1,-1,1.78,1.52,0.00,0.00,2.70,54,75,47,21,17,26,71,46,83,10.72,5.45,0.00,0.00,0.00,0.00,0.00,0.00,0.00,0.00,0.00,Estádio Governador Plácido Aderaldo Castelo
1790899200,Oct 02 2026 - 12:00am,incomplete,N/A,São Bernardo,CRB,N/A,31,0.92,1.75,0.92,1.75,0,0,0,0,0,0,"","",-1,-1,-1,-1,-1,-1,-1,-1,-1,-1,-1,-1,-1,-1,-1,-1,-1,-1,-1,-1,1.40,1.58,0.00,0.00,2.53,52,69,41,24,13,33,73,37,72,9.79,5.06,0.00,0.00,0.00,0.00,0.00,0.00,0.00,0.00,0.00,Estádio Primeiro de Maio
1790899200,Oct 02 2026 - 12:00am,incomplete,N/A,Botafogo SP,Vila Nova,N/A,31,1.64,1.15,1.64,1.15,0,0,0,0,0,0,"","",-1,-1,-1,-1,-1,-1,-1,-1,-1,-1,-1,-1,-1,-1,-1,-1,-1,-1,-1,-1,1.56,1.22,0.00,0.00,2.46,57,73,44,18,9,25,72,44,76,11.24,4.91,0.00,0.00,0.00,0.00,0.00,0.00,0.00,0.00,0.00,Estádio Santa Cruz
1790899200,Oct 02 2026 - 12:00am,incomplete,N/A,Athletic Club,Sport Recife,N/A,31,1.58,1.45,1.58,1.45,0,0,0,0,0,0,"","",-1,-1,-1,-1,-1,-1,-1,-1,-1,-1,-1,-1,-1,-1,-1,-1,-1,-1,-1,-1,1.47,1.19,0.00,0.00,1.66,44,52,27,5,0,13,57,14,69,9.24,4.97,0.00,0.00,0.00,0.00,0.00,0.00,0.00,0.00,0.00,N/A
1791244800,Oct 06 2026 - 12:00am,incomplete,N/A,Avaí,Londrina,N/A,32,1.50,0.62,1.50,0.62,0,0,0,0,0,0,"","",-1,-1,-1,-1,-1,-1,-1,-1,-1,-1,-1,-1,-1,-1,-1,-1,-1,-1,-1,-1,1.45,1.25,0.00,0.00,2.47,52,72,56,16,8,20,80,44,68,9.46,5.13,0.00,0.00,0.00,0.00,0.00,0.00,0.00,0.00,0.00,Estádio Aderbal Ramos da Silva
1791244800,Oct 06 2026 - 12:00am,incomplete,N/A,América Mineiro,Fortaleza,N/A,32,0.55,1.08,0.55,1.08,0,0,0,0,0,0,"","",-1,-1,-1,-1,-1,-1,-1,-1,-1,-1,-1,-1,-1,-1,-1,-1,-1,-1,-1,-1,1.42,1.25,0.00,0.00,1.91,48,60,39,9,0,21,63,22,72,10.50,5.20,0.00,0.00,0.00,0.00,0.00,0.00,0.00,0.00,0.00,Estádio Raimundo Sampaio
1791244800,Oct 06 2026 - 12:00am,incomplete,N/A,Ponte Preta,Juventude,N/A,32,0.54,1.36,0.54,1.36,0,0,0,0,0,0,"","",-1,-1,-1,-1,-1,-1,-1,-1,-1,-1,-1,-1,-1,-1,-1,-1,-1,-1,-1,-1,1.37,1.14,0.00,0.00,2.07,49,61,33,12,9,21,66,25,71,9.09,5.73,0.00,0.00,0.00,0.00,0.00,0.00,0.00,0.00,0.00,Estádio Moisés Lucarelli
1791244800,Oct 06 2026 - 12:00am,incomplete,N/A,Vila Nova,Cuiabá,N/A,32,2.36,1.27,2.36,1.27,0,0,0,0,0,0,"","",-1,-1,-1,-1,-1,-1,-1,-1,-1,-1,-1,-1,-1,-1,-1,-1,-1,-1,-1,-1,1.68,1.12,0.00,0.00,2.46,50,69,46,23,9,32,68,41,64,11.45,4.45,0.00,0.00,0.00,0.00,0.00,0.00,0.00,0.00,0.00,Estádio Onésio Brasileiro Alvarenga
1791244800,Oct 06 2026 - 12:00am,incomplete,N/A,Sport Recife,São Bernardo,N/A,32,1.58,1.82,1.58,1.82,0,0,0,0,0,0,"","",-1,-1,-1,-1,-1,-1,-1,-1,-1,-1,-1,-1,-1,-1,-1,-1,-1,-1,-1,-1,1.57,1.28,0.00,0.00,2.79,74,87,53,26,9,35,70,61,87,9.41,5.47,0.00,0.00,0.00,0.00,0.00,0.00,0.00,0.00,0.00,Estádio Adelmar da Costa Carvalho
1791244800,Oct 06 2026 - 12:00am,incomplete,N/A,Ceará,Criciúma,N/A,32,1.38,1.58,1.38,1.58,0,0,0,0,0,0,"","",-1,-1,-1,-1,-1,-1,-1,-1,-1,-1,-1,-1,-1,-1,-1,-1,-1,-1,-1,-1,1.73,1.25,0.00,0.00,2.12,52,60,36,12,8,16,68,37,76,12.50,4.23,0.00,0.00,0.00,0.00,0.00,0.00,0.00,0.00,0.00,Estádio Governador Plácido Aderaldo Castelo
1791244800,Oct 06 2026 - 12:00am,incomplete,N/A,Goiás,Athletic Club,N/A,32,1.73,1.36,1.73,1.36,0,0,0,0,0,0,"","",-1,-1,-1,-1,-1,-1,-1,-1,-1,-1,-1,-1,-1,-1,-1,-1,-1,-1,-1,-1,1.47,0.99,0.00,0.00,2.14,46,69,32,18,5,18,55,41,82,8.45,6.19,0.00,0.00,0.00,0.00,0.00,0.00,0.00,0.00,0.00,Estádio de Hailé Pinheiro
1791244800,Oct 06 2026 - 12:00am,incomplete,N/A,Náutico,Novorizontino,N/A,32,1.55,1.42,1.55,1.42,0,0,0,0,0,0,"","",-1,-1,-1,-1,-1,-1,-1,-1,-1,-1,-1,-1,-1,-1,-1,-1,-1,-1,-1,-1,2.09,1.36,0.00,0.00,1.95,26,47,35,17,9,17,61,26,57,13.53,5.52,0.00,0.00,0.00,0.00,0.00,0.00,0.00,0.00,0.00,Itaipava Arena Pernambuco
1791244800,Oct 06 2026 - 12:00am,incomplete,N/A,CRB,Atlético GO,N/A,32,1.36,1.27,1.36,1.27,0,0,0,0,0,0,"","",-1,-1,-1,-1,-1,-1,-1,-1,-1,-1,-1,-1,-1,-1,-1,-1,-1,-1,-1,-1,2.10,1.26,0.00,0.00,2.37,55,69,41,18,14,37,78,36,69,10.54,4.27,0.00,0.00,0.00,0.00,0.00,0.00,0.00,0.00,0.00,Estádio Rei Pelé
1791244800,Oct 06 2026 - 12:00am,incomplete,N/A,Operário PR,Botafogo SP,N/A,32,1.69,1.08,1.69,1.08,0,0,0,0,0,0,"","",-1,-1,-1,-1,-1,-1,-1,-1,-1,-1,-1,-1,-1,-1,-1,-1,-1,-1,-1,-1,1.69,1.24,0.00,0.00,2.02,40,44,36,16,12,24,40,32,72,12.46,4.58,0.00,0.00,0.00,0.00,0.00,0.00,0.00,0.00,0.00,Estádio Germano Krüger
1791504000,Oct 09 2026 - 12:00am,incomplete,N/A,Operário PR,Goiás,N/A,33,1.69,1.08,1.69,1.08,0,0,0,0,0,0,"","",-1,-1,-1,-1,-1,-1,-1,-1,-1,-1,-1,-1,-1,-1,-1,-1,-1,-1,-1,-1,1.69,1.15,0.00,0.00,2.43,54,66,43,23,12,27,62,42,73,9.92,4.38,0.00,0.00,0.00,0.00,0.00,0.00,0.00,0.00,0.00,Estádio Germano Krüger
1791504000,Oct 09 2026 - 12:00am,incomplete,N/A,Novorizontino,Ponte Preta,N/A,33,1.82,0.27,1.82,0.27,0,0,0,0,0,0,"","",-1,-1,-1,-1,-1,-1,-1,-1,-1,-1,-1,-1,-1,-1,-1,-1,-1,-1,-1,-1,1.85,0.98,0.00,0.00,2.91,46,82,64,23,14,46,69,45,91,11.18,5.00,0.00,0.00,0.00,0.00,0.00,0.00,0.00,0.00,0.00,Estádio Dr. Jorge Ismael de Biasi
1791504000,Oct 09 2026 - 12:00am,incomplete,N/A,Athletic Club,Londrina,N/A,33,1.58,0.62,1.58,0.62,0,0,0,0,0,0,"","",-1,-1,-1,-1,-1,-1,-1,-1,-1,-1,-1,-1,-1,-1,-1,-1,-1,-1,-1,-1,1.47,1.25,0.00,0.00,2.22,52,68,43,12,4,24,75,23,76,9.71,4.88,0.00,0.00,0.00,0.00,0.00,0.00,0.00,0.00,0.00,N/A
1791504000,Oct 09 2026 - 12:00am,incomplete,N/A,Náutico,Vila Nova,N/A,33,1.55,1.15,1.55,1.15,0,0,0,0,0,0,"","",-1,-1,-1,-1,-1,-1,-1,-1,-1,-1,-1,-1,-1,-1,-1,-1,-1,-1,-1,-1,2.09,1.22,0.00,0.00,1.78,25,45,25,9,4,16,63,25,62,12.60,6.27,0.00,0.00,0.00,0.00,0.00,0.00,0.00,0.00,0.00,Itaipava Arena Pernambuco
1791504000,Oct 09 2026 - 12:00am,incomplete,N/A,Cuiabá,Avaí,N/A,33,1.46,0.92,1.46,0.92,0,0,0,0,0,0,"","",-1,-1,-1,-1,-1,-1,-1,-1,-1,-1,-1,-1,-1,-1,-1,-1,-1,-1,-1,-1,1.72,1.07,0.00,0.00,2.06,48,65,29,17,4,24,48,37,85,8.38,5.41,0.00,0.00,0.00,0.00,0.00,0.00,0.00,0.00,0.00,Arena Pantanal
1791504000,Oct 09 2026 - 12:00am,incomplete,N/A,Atlético GO,Sport Recife,N/A,33,1.58,1.45,1.58,1.45,0,0,0,0,0,0,"","",-1,-1,-1,-1,-1,-1,-1,-1,-1,-1,-1,-1,-1,-1,-1,-1,-1,-1,-1,-1,1.72,1.19,0.00,0.00,1.95,48,56,39,13,4,17,61,35,61,11.08,5.22,0.00,0.00,0.00,0.00,0.00,0.00,0.00,0.00,0.00,N/A
1791504000,Oct 09 2026 - 12:00am,incomplete,N/A,Criciúma,América Mineiro,N/A,33,2.08,0.42,2.08,0.42,0,0,0,0,0,0,"","",-1,-1,-1,-1,-1,-1,-1,-1,-1,-1,-1,-1,-1,-1,-1,-1,-1,-1,-1,-1,1.72,1.35,0.00,0.00,2.04,38,63,33,13,0,17,75,34,75,12.25,5.42,0.00,0.00,0.00,0.00,0.00,0.00,0.00,0.00,0.00,Estádio Heriberto Hülse
1791504000,Oct 09 2026 - 12:00am,incomplete,N/A,Juventude,São Bernardo,N/A,33,2.25,1.82,2.25,1.82,0,0,0,0,0,0,"","",-1,-1,-1,-1,-1,-1,-1,-1,-1,-1,-1,-1,-1,-1,-1,-1,-1,-1,-1,-1,1.52,1.28,0.00,0.00,2.08,37,62,41,14,5,27,70,32,66,9.16,4.13,0.00,0.00,0.00,0.00,0.00,0.00,0.00,0.00,0.00,N/A
1791504000,Oct 09 2026 - 12:00am,incomplete,N/A,Botafogo SP,Ceará,N/A,33,1.64,0.91,1.64,0.91,0,0,0,0,0,0,"","",-1,-1,-1,-1,-1,-1,-1,-1,-1,-1,-1,-1,-1,-1,-1,-1,-1,-1,-1,-1,1.56,1.27,0.00,0.00,2.64,64,87,41,18,9,23,69,55,78,12.27,4.00,0.00,0.00,0.00,0.00,0.00,0.00,0.00,0.00,0.00,Estádio Santa Cruz
1791504000,Oct 09 2026 - 12:00am,incomplete,N/A,Fortaleza,CRB,N/A,33,2.36,1.75,2.36,1.75,0,0,0,0,0,0,"","",-1,-1,-1,-1,-1,-1,-1,-1,-1,-1,-1,-1,-1,-1,-1,-1,-1,-1,-1,-1,1.78,1.58,0.00,0.00,2.69,48,74,53,26,18,39,83,48,70,10.35,5.28,0.00,0.00,0.00,0.00,0.00,0.00,0.00,0.00,0.00,Estádio Governador Plácido Aderaldo Castelo
1792108800,Oct 16 2026 - 12:00am,incomplete,N/A,Ceará,Juventude,N/A,34,1.38,1.36,1.38,1.36,0,0,0,0,0,0,"","",-1,-1,-1,-1,-1,-1,-1,-1,-1,-1,-1,-1,-1,-1,-1,-1,-1,-1,-1,-1,1.73,1.14,0.00,0.00,2.07,45,54,37,12,9,21,66,25,75,9.55,4.58,0.00,0.00,0.00,0.00,0.00,0.00,0.00,0.00,0.00,Estádio Governador Plácido Aderaldo Castelo
1792108800,Oct 16 2026 - 12:00am,incomplete,N/A,Avaí,Athletic Club,N/A,34,1.50,1.36,1.50,1.36,0,0,0,0,0,0,"","",-1,-1,-1,-1,-1,-1,-1,-1,-1,-1,-1,-1,-1,-1,-1,-1,-1,-1,-1,-1,1.45,0.99,0.00,0.00,2.22,58,75,39,13,9,13,61,49,75,8.17,6.31,0.00,0.00,0.00,0.00,0.00,0.00,0.00,0.00,0.00,Estádio Aderbal Ramos da Silva
1792108800,Oct 16 2026 - 12:00am,incomplete,N/A,São Bernardo,Criciúma,N/A,34,0.92,1.58,0.92,1.58,0,0,0,0,0,0,"","",-1,-1,-1,-1,-1,-1,-1,-1,-1,-1,-1,-1,-1,-1,-1,-1,-1,-1,-1,-1,1.40,1.25,0.00,0.00,2.08,52,60,28,12,8,16,56,33,76,12.12,4.15,0.00,0.00,0.00,0.00,0.00,0.00,0.00,0.00,0.00,Estádio Primeiro de Maio
1792108800,Oct 16 2026 - 12:00am,incomplete,N/A,CRB,Botafogo SP,N/A,34,1.36,1.08,1.36,1.08,0,0,0,0,0,0,"","",-1,-1,-1,-1,-1,-1,-1,-1,-1,-1,-1,-1,-1,-1,-1,-1,-1,-1,-1,-1,2.10,1.24,0.00,0.00,2.21,40,49,36,22,18,36,54,31,74,12.01,4.58,0.00,0.00,0.00,0.00,0.00,0.00,0.00,0.00,0.00,Estádio Rei Pelé
1792108800,Oct 16 2026 - 12:00am,incomplete,N/A,Ponte Preta,Atlético GO,N/A,34,0.54,1.27,0.54,1.27,0,0,0,0,0,0,"","",-1,-1,-1,-1,-1,-1,-1,-1,-1,-1,-1,-1,-1,-1,-1,-1,-1,-1,-1,-1,1.37,1.26,0.00,0.00,2.07,59,71,33,8,4,21,75,29,67,9.99,5.73,0.00,0.00,0.00,0.00,0.00,0.00,0.00,0.00,0.00,Estádio Moisés Lucarelli
1792108800,Oct 16 2026 - 12:00am,incomplete,N/A,América Mineiro,Operário PR,N/A,34,0.55,1.27,0.55,1.27,0,0,0,0,0,0,"","",-1,-1,-1,-1,-1,-1,-1,-1,-1,-1,-1,-1,-1,-1,-1,-1,-1,-1,-1,-1,1.42,1.22,0.00,0.00,2.41,60,73,64,14,0,41,69,32,82,9.09,4.73,0.00,0.00,0.00,0.00,0.00,0.00,0.00,0.00,0.00,Estádio Raimundo Sampaio
1792108800,Oct 16 2026 - 12:00am,incomplete,N/A,Vila Nova,Novorizontino,N/A,34,2.36,1.42,2.36,1.42,0,0,0,0,0,0,"","",-1,-1,-1,-1,-1,-1,-1,-1,-1,-1,-1,-1,-1,-1,-1,-1,-1,-1,-1,-1,1.68,1.36,0.00,0.00,2.72,49,70,53,26,18,35,75,40,66,11.44,4.61,0.00,0.00,0.00,0.00,0.00,0.00,0.00,0.00,0.00,Estádio Onésio Brasileiro Alvarenga
1792108800,Oct 16 2026 - 12:00am,incomplete,N/A,Londrina,Cuiabá,N/A,34,1.18,1.27,1.18,1.27,0,0,0,0,0,0,"","",-1,-1,-1,-1,-1,-1,-1,-1,-1,-1,-1,-1,-1,-1,-1,-1,-1,-1,-1,-1,1.54,1.12,0.00,0.00,2.19,41,60,41,32,14,32,50,41,64,11.45,4.54,0.00,0.00,0.00,0.00,0.00,0.00,0.00,0.00,0.00,Estádio Municipal Jacy Scaff
1792108800,Oct 16 2026 - 12:00am,incomplete,N/A,Sport Recife,Fortaleza,N/A,34,1.58,1.08,1.58,1.08,0,0,0,0,0,0,"","",-1,-1,-1,-1,-1,-1,-1,-1,-1,-1,-1,-1,-1,-1,-1,-1,-1,-1,-1,-1,1.57,1.25,0.00,0.00,2.15,53,69,33,17,4,24,60,38,77,10.73,6.30,0.00,0.00,0.00,0.00,0.00,0.00,0.00,0.00,0.00,Estádio Adelmar da Costa Carvalho
1792108800,Oct 16 2026 - 12:00am,incomplete,N/A,Goiás,Náutico,N/A,34,1.73,1.08,1.73,1.08,0,0,0,0,0,0,"","",-1,-1,-1,-1,-1,-1,-1,-1,-1,-1,-1,-1,-1,-1,-1,-1,-1,-1,-1,-1,1.47,1.52,0.00,0.00,2.43,40,66,33,21,8,17,62,37,87,9.90,5.55,0.00,0.00,0.00,0.00,0.00,0.00,0.00,0.00,0.00,Estádio de Hailé Pinheiro
1792713600,Oct 23 2026 - 12:00am,incomplete,N/A,Sport Recife,Criciúma,N/A,35,1.58,1.58,1.58,1.58,0,0,0,0,0,0,"","",-1,-1,-1,-1,-1,-1,-1,-1,-1,-1,-1,-1,-1,-1,-1,-1,-1,-1,-1,-1,1.57,1.25,0.00,0.00,2.34,63,75,34,17,8,21,58,55,84,12.00,4.84,0.00,0.00,0.00,0.00,0.00,0.00,0.00,0.00,0.00,Estádio Adelmar da Costa Carvalho
1792713600,Oct 23 2026 - 12:00am,incomplete,N/A,São Bernardo,Vila Nova,N/A,35,0.92,1.15,0.92,1.15,0,0,0,0,0,0,"","",-1,-1,-1,-1,-1,-1,-1,-1,-1,-1,-1,-1,-1,-1,-1,-1,-1,-1,-1,-1,1.40,1.22,0.00,0.00,2.08,43,58,27,12,8,23,58,23,73,9.77,5.23,0.00,0.00,0.00,0.00,0.00,0.00,0.00,0.00,0.00,Estádio Primeiro de Maio
1792713600,Oct 23 2026 - 12:00am,incomplete,N/A,Avaí,Botafogo SP,N/A,35,1.50,1.08,1.50,1.08,0,0,0,0,0,0,"","",-1,-1,-1,-1,-1,-1,-1,-1,-1,-1,-1,-1,-1,-1,-1,-1,-1,-1,-1,-1,1.45,1.24,0.00,0.00,1.84,34,46,30,8,8,13,46,30,71,11.00,5.25,0.00,0.00,0.00,0.00,0.00,0.00,0.00,0.00,0.00,Estádio Aderbal Ramos da Silva
1792713600,Oct 23 2026 - 12:00am,incomplete,N/A,Atlético GO,Novorizontino,N/A,35,1.58,1.42,1.58,1.42,0,0,0,0,0,0,"","",-1,-1,-1,-1,-1,-1,-1,-1,-1,-1,-1,-1,-1,-1,-1,-1,-1,-1,-1,-1,1.72,1.36,0.00,0.00,2.25,42,63,42,21,13,25,63,34,63,12.25,4.92,0.00,0.00,0.00,0.00,0.00,0.00,0.00,0.00,0.00,N/A
1792713600,Oct 23 2026 - 12:00am,incomplete,N/A,América Mineiro,Cuiabá,N/A,35,0.55,1.27,0.55,1.27,0,0,0,0,0,0,"","",-1,-1,-1,-1,-1,-1,-1,-1,-1,-1,-1,-1,-1,-1,-1,-1,-1,-1,-1,-1,1.42,1.12,0.00,0.00,2.00,50,64,41,14,0,23,55,32,69,10.36,3.91,0.00,0.00,0.00,0.00,0.00,0.00,0.00,0.00,0.00,Estádio Raimundo Sampaio
1792713600,Oct 23 2026 - 12:00am,incomplete,N/A,Juventude,Náutico,N/A,35,2.25,1.08,2.25,1.08,0,0,0,0,0,0,"","",-1,-1,-1,-1,-1,-1,-1,-1,-1,-1,-1,-1,-1,-1,-1,-1,-1,-1,-1,-1,1.52,1.52,0.00,0.00,2.09,31,60,28,12,8,16,64,27,71,9.79,4.58,0.00,0.00,0.00,0.00,0.00,0.00,0.00,0.00,0.00,N/A
1792713600,Oct 23 2026 - 12:00am,incomplete,N/A,CRB,Londrina,N/A,35,1.36,0.62,1.36,0.62,0,0,0,0,0,0,"","",-1,-1,-1,-1,-1,-1,-1,-1,-1,-1,-1,-1,-1,-1,-1,-1,-1,-1,-1,-1,2.10,1.25,0.00,0.00,2.84,59,75,62,30,18,43,87,46,71,10.47,4.46,0.00,0.00,0.00,0.00,0.00,0.00,0.00,0.00,0.00,Estádio Rei Pelé
1792713600,Oct 23 2026 - 12:00am,incomplete,N/A,Ponte Preta,Fortaleza,N/A,35,0.54,1.08,0.54,1.08,0,0,0,0,0,0,"","",-1,-1,-1,-1,-1,-1,-1,-1,-1,-1,-1,-1,-1,-1,-1,-1,-1,-1,-1,-1,1.37,1.25,0.00,0.00,1.93,47,62,31,12,4,19,70,20,66,10.77,6.84,0.00,0.00,0.00,0.00,0.00,0.00,0.00,0.00,0.00,Estádio Moisés Lucarelli
1792713600,Oct 23 2026 - 12:00am,incomplete,N/A,Ceará,Goiás,N/A,35,1.38,1.08,1.38,1.08,0,0,0,0,0,0,"","",-1,-1,-1,-1,-1,-1,-1,-1,-1,-1,-1,-1,-1,-1,-1,-1,-1,-1,-1,-1,1.73,1.15,0.00,0.00,2.31,54,66,39,19,8,23,73,35,77,9.38,4.69,0.00,0.00,0.00,0.00,0.00,0.00,0.00,0.00,0.00,Estádio Governador Plácido Aderaldo Castelo
1792713600,Oct 23 2026 - 12:00am,incomplete,N/A,Operário PR,Athletic Club,N/A,35,1.69,1.36,1.69,1.36,0,0,0,0,0,0,"","",-1,-1,-1,-1,-1,-1,-1,-1,-1,-1,-1,-1,-1,-1,-1,-1,-1,-1,-1,-1,1.69,0.99,0.00,0.00,2.41,64,72,45,21,12,25,55,51,76,9.63,5.64,0.00,0.00,0.00,0.00,0.00,0.00,0.00,0.00,0.00,Estádio Germano Krüger
1793318400,Oct 30 2026 - 12:00am,incomplete,N/A,Criciúma,Ponte Preta,N/A,36,2.08,0.27,2.08,0.27,0,0,0,0,0,0,"","",-1,-1,-1,-1,-1,-1,-1,-1,-1,-1,-1,-1,-1,-1,-1,-1,-1,-1,-1,-1,1.72,0.98,0.00,0.00,2.43,35,71,36,18,14,36,79,31,70,11.08,5.93,0.00,0.00,0.00,0.00,0.00,0.00,0.00,0.00,0.00,Estádio Heriberto Hülse
1793318400,Oct 30 2026 - 12:00am,incomplete,N/A,Fortaleza,Atlético GO,N/A,36,2.36,1.27,2.36,1.27,0,0,0,0,0,0,"","",-1,-1,-1,-1,-1,-1,-1,-1,-1,-1,-1,-1,-1,-1,-1,-1,-1,-1,-1,-1,1.78,1.26,0.00,0.00,2.19,50,69,41,9,9,27,73,36,69,10.63,4.72,0.00,0.00,0.00,0.00,0.00,0.00,0.00,0.00,0.00,Estádio Governador Plácido Aderaldo Castelo
1793318400,Oct 30 2026 - 12:00am,incomplete,N/A,Vila Nova,Juventude,N/A,36,2.36,1.36,2.36,1.36,0,0,0,0,0,0,"","",-1,-1,-1,-1,-1,-1,-1,-1,-1,-1,-1,-1,-1,-1,-1,-1,-1,-1,-1,-1,1.68,1.14,0.00,0.00,2.50,50,64,46,18,14,32,73,37,73,9.91,4.63,0.00,0.00,0.00,0.00,0.00,0.00,0.00,0.00,0.00,Estádio Onésio Brasileiro Alvarenga
1793318400,Oct 30 2026 - 12:00am,incomplete,N/A,Goiás,CRB,N/A,36,1.73,1.75,1.73,1.75,0,0,0,0,0,0,"","",-1,-1,-1,-1,-1,-1,-1,-1,-1,-1,-1,-1,-1,-1,-1,-1,-1,-1,-1,-1,1.47,1.58,0.00,0.00,2.42,34,65,39,26,9,30,74,39,75,9.53,5.38,0.00,0.00,0.00,0.00,0.00,0.00,0.00,0.00,0.00,Estádio de Hailé Pinheiro
1793318400,Oct 30 2026 - 12:00am,incomplete,N/A,Cuiabá,São Bernardo,N/A,36,1.46,1.82,1.46,1.82,0,0,0,0,0,0,"","",-1,-1,-1,-1,-1,-1,-1,-1,-1,-1,-1,-1,-1,-1,-1,-1,-1,-1,-1,-1,1.72,1.28,0.00,0.00,2.18,56,68,36,18,5,26,60,39,80,9.37,4.63,0.00,0.00,0.00,0.00,0.00,0.00,0.00,0.00,0.00,Arena Pantanal
1793318400,Oct 30 2026 - 12:00am,incomplete,N/A,Náutico,Avaí,N/A,36,1.55,0.92,1.55,0.92,0,0,0,0,0,0,"","",-1,-1,-1,-1,-1,-1,-1,-1,-1,-1,-1,-1,-1,-1,-1,-1,-1,-1,-1,-1,2.09,1.07,0.00,0.00,2.11,38,56,39,17,4,21,61,39,74,11.37,6.60,0.00,0.00,0.00,0.00,0.00,0.00,0.00,0.00,0.00,Itaipava Arena Pernambuco
1793318400,Oct 30 2026 - 12:00am,incomplete,N/A,Londrina,América Mineiro,N/A,36,1.18,0.42,1.18,0.42,0,0,0,0,0,0,"","",-1,-1,-1,-1,-1,-1,-1,-1,-1,-1,-1,-1,-1,-1,-1,-1,-1,-1,-1,-1,1.54,1.35,0.00,0.00,2.57,44,70,57,31,14,35,65,53,83,11.53,5.12,0.00,0.00,0.00,0.00,0.00,0.00,0.00,0.00,0.00,Estádio Municipal Jacy Scaff
1793318400,Oct 30 2026 - 12:00am,incomplete,N/A,Novorizontino,Operário PR,N/A,36,1.82,1.27,1.82,1.27,0,0,0,0,0,0,"","",-1,-1,-1,-1,-1,-1,-1,-1,-1,-1,-1,-1,-1,-1,-1,-1,-1,-1,-1,-1,1.85,1.22,0.00,0.00,2.55,55,73,69,18,0,41,64,36,91,11.00,4.73,0.00,0.00,0.00,0.00,0.00,0.00,0.00,0.00,0.00,Estádio Dr. Jorge Ismael de Biasi
1793318400,Oct 30 2026 - 12:00am,incomplete,N/A,Athletic Club,Ceará,N/A,36,1.58,0.91,1.58,0.91,0,0,0,0,0,0,"","",-1,-1,-1,-1,-1,-1,-1,-1,-1,-1,-1,-1,-1,-1,-1,-1,-1,-1,-1,-1,1.47,1.27,0.00,0.00,1.97,44,70,18,5,5,18,57,23,78,10.51,4.51,0.00,0.00,0.00,0.00,0.00,0.00,0.00,0.00,0.00,N/A
1793318400,Oct 30 2026 - 12:00am,incomplete,N/A,Botafogo SP,Sport Recife,N/A,36,1.64,1.45,1.64,1.45,0,0,0,0,0,0,"","",-1,-1,-1,-1,-1,-1,-1,-1,-1,-1,-1,-1,-1,-1,-1,-1,-1,-1,-1,-1,1.56,1.19,0.00,0.00,2.32,64,68,50,18,5,18,69,46,69,11.00,4.46,0.00,0.00,0.00,0.00,0.00,0.00,0.00,0.00,0.00,Estádio Santa Cruz
1793923200,Nov 06 2026 - 12:00am,incomplete,N/A,Athletic Club,Atlético GO,N/A,37,1.58,1.27,1.58,1.27,0,0,0,0,0,0,"","",-1,-1,-1,-1,-1,-1,-1,-1,-1,-1,-1,-1,-1,-1,-1,-1,-1,-1,-1,-1,1.47,1.26,0.00,0.00,1.75,49,61,22,0,0,18,66,14,74,9.78,4.69,0.00,0.00,0.00,0.00,0.00,0.00,0.00,0.00,0.00,N/A
1793923200,Nov 06 2026 - 12:00am,incomplete,N/A,Cuiabá,Juventude,N/A,37,1.46,1.36,1.46,1.36,0,0,0,0,0,0,"","",-1,-1,-1,-1,-1,-1,-1,-1,-1,-1,-1,-1,-1,-1,-1,-1,-1,-1,-1,-1,1.72,1.14,0.00,0.00,1.68,37,50,18,9,5,17,47,21,75,9.01,4.35,0.00,0.00,0.00,0.00,0.00,0.00,0.00,0.00,0.00,Arena Pantanal
1793923200,Nov 06 2026 - 12:00am,incomplete,N/A,Vila Nova,Criciúma,N/A,37,2.36,1.58,2.36,1.58,0,0,0,0,0,0,"","",-1,-1,-1,-1,-1,-1,-1,-1,-1,-1,-1,-1,-1,-1,-1,-1,-1,-1,-1,-1,1.68,1.25,0.00,0.00,2.55,57,70,45,18,13,27,75,49,74,12.86,4.28,0.00,0.00,0.00,0.00,0.00,0.00,0.00,0.00,0.00,Estádio Onésio Brasileiro Alvarenga
1793923200,Nov 06 2026 - 12:00am,incomplete,N/A,Novorizontino,Fortaleza,N/A,37,1.82,1.08,1.82,1.08,0,0,0,0,0,0,"","",-1,-1,-1,-1,-1,-1,-1,-1,-1,-1,-1,-1,-1,-1,-1,-1,-1,-1,-1,-1,1.85,1.25,0.00,0.00,2.05,43,60,44,13,0,21,59,27,81,12.41,5.20,0.00,0.00,0.00,0.00,0.00,0.00,0.00,0.00,0.00,Estádio Dr. Jorge Ismael de Biasi
1793923200,Nov 06 2026 - 12:00am,incomplete,N/A,Avaí,São Bernardo,N/A,37,1.50,1.82,1.50,1.82,0,0,0,0,0,0,"","",-1,-1,-1,-1,-1,-1,-1,-1,-1,-1,-1,-1,-1,-1,-1,-1,-1,-1,-1,-1,1.45,1.28,0.00,0.00,2.50,58,75,53,18,9,22,75,49,75,8.99,5.22,0.00,0.00,0.00,0.00,0.00,0.00,0.00,0.00,0.00,Estádio Aderbal Ramos da Silva
1793923200,Nov 06 2026 - 12:00am,incomplete,N/A,Operário PR,Sport Recife,N/A,37,1.69,1.45,1.69,1.45,0,0,0,0,0,0,"","",-1,-1,-1,-1,-1,-1,-1,-1,-1,-1,-1,-1,-1,-1,-1,-1,-1,-1,-1,-1,1.69,1.19,0.00,0.00,2.09,50,54,45,16,8,20,55,37,62,10.45,4.55,0.00,0.00,0.00,0.00,0.00,0.00,0.00,0.00,0.00,Estádio Germano Krüger
1793923200,Nov 06 2026 - 12:00am,incomplete,N/A,Náutico,CRB,N/A,37,1.55,1.75,1.55,1.75,0,0,0,0,0,0,"","",-1,-1,-1,-1,-1,-1,-1,-1,-1,-1,-1,-1,-1,-1,-1,-1,-1,-1,-1,-1,2.09,1.58,0.00,0.00,2.24,34,56,39,21,9,26,78,39,61,12.62,6.10,0.00,0.00,0.00,0.00,0.00,0.00,0.00,0.00,0.00,Itaipava Arena Pernambuco
1793923200,Nov 06 2026 - 12:00am,incomplete,N/A,Goiás,Ponte Preta,N/A,37,1.73,0.27,1.73,0.27,0,0,0,0,0,0,"","",-1,-1,-1,-1,-1,-1,-1,-1,-1,-1,-1,-1,-1,-1,-1,-1,-1,-1,-1,-1,1.47,0.98,0.00,0.00,2.64,27,73,46,23,14,41,69,36,82,9.36,5.73,0.00,0.00,0.00,0.00,0.00,0.00,0.00,0.00,0.00,Estádio de Hailé Pinheiro
1793923200,Nov 06 2026 - 12:00am,incomplete,N/A,Ceará,América Mineiro,N/A,37,1.38,0.42,1.38,0.42,0,0,0,0,0,0,"","",-1,-1,-1,-1,-1,-1,-1,-1,-1,-1,-1,-1,-1,-1,-1,-1,-1,-1,-1,-1,1.73,1.35,0.00,0.00,2.41,48,69,52,16,4,24,76,41,85,11.17,4.98,0.00,0.00,0.00,0.00,0.00,0.00,0.00,0.00,0.00,Estádio Governador Plácido Aderaldo Castelo
1793923200,Nov 06 2026 - 12:00am,incomplete,N/A,Botafogo SP,Londrina,N/A,37,1.64,0.62,1.64,0.62,0,0,0,0,0,0,"","",-1,-1,-1,-1,-1,-1,-1,-1,-1,-1,-1,-1,-1,-1,-1,-1,-1,-1,-1,-1,1.56,1.25,0.00,0.00,2.89,72,84,67,25,9,29,87,55,76,11.47,4.37,0.00,0.00,0.00,0.00,0.00,0.00,0.00,0.00,0.00,Estádio Santa Cruz
1794614400,Nov 14 2026 - 12:00am,incomplete,N/A,Juventude,Botafogo SP,N/A,38,2.25,1.08,2.25,1.08,0,0,0,0,0,0,"","",-1,-1,-1,-1,-1,-1,-1,-1,-1,-1,-1,-1,-1,-1,-1,-1,-1,-1,-1,-1,1.52,1.24,0.00,0.00,1.42,13,34,17,4,4,17,42,13,63,11.17,4.16,0.00,0.00,0.00,0.00,0.00,0.00,0.00,0.00,0.00,N/A
1794614400,Nov 14 2026 - 12:00am,incomplete,N/A,CRB,Ceará,N/A,38,1.36,0.91,1.36,0.91,0,0,0,0,0,0,"","",-1,-1,-1,-1,-1,-1,-1,-1,-1,-1,-1,-1,-1,-1,-1,-1,-1,-1,-1,-1,2.10,1.27,0.00,0.00,2.59,50,78,37,23,18,37,69,45,73,11.27,4.09,0.00,0.00,0.00,0.00,0.00,0.00,0.00,0.00,0.00,Estádio Rei Pelé
1794614400,Nov 14 2026 - 12:00am,incomplete,N/A,Criciúma,Novorizontino,N/A,38,2.08,1.42,2.08,1.42,0,0,0,0,0,0,"","",-1,-1,-1,-1,-1,-1,-1,-1,-1,-1,-1,-1,-1,-1,-1,-1,-1,-1,-1,-1,1.72,1.36,0.00,0.00,1.92,33,54,25,17,9,17,67,21,58,12.16,5.00,0.00,0.00,0.00,0.00,0.00,0.00,0.00,0.00,0.00,Estádio Heriberto Hülse
1794614400,Nov 14 2026 - 12:00am,incomplete,N/A,Fortaleza,Vila Nova,N/A,38,2.36,1.15,2.36,1.15,0,0,0,0,0,0,"","",-1,-1,-1,-1,-1,-1,-1,-1,-1,-1,-1,-1,-1,-1,-1,-1,-1,-1,-1,-1,1.78,1.22,0.00,0.00,2.24,38,64,39,13,13,30,68,34,71,10.33,5.45,0.00,0.00,0.00,0.00,0.00,0.00,0.00,0.00,0.00,Estádio Governador Plácido Aderaldo Castelo
1794614400,Nov 14 2026 - 12:00am,incomplete,N/A,Atlético GO,Cuiabá,N/A,38,1.58,1.27,1.58,1.27,0,0,0,0,0,0,"","",-1,-1,-1,-1,-1,-1,-1,-1,-1,-1,-1,-1,-1,-1,-1,-1,-1,-1,-1,-1,1.72,1.12,0.00,0.00,1.99,43,61,35,18,4,22,56,35,61,12.26,4.76,0.00,0.00,0.00,0.00,0.00,0.00,0.00,0.00,0.00,N/A
1794614400,Nov 14 2026 - 12:00am,incomplete,N/A,Sport Recife,Goiás,N/A,38,1.58,1.08,1.58,1.08,0,0,0,0,0,0,"","",-1,-1,-1,-1,-1,-1,-1,-1,-1,-1,-1,-1,-1,-1,-1,-1,-1,-1,-1,-1,1.57,1.15,0.00,0.00,2.53,65,81,37,24,8,28,64,53,85,8.88,5.30,0.00,0.00,0.00,0.00,0.00,0.00,0.00,0.00,0.00,Estádio Adelmar da Costa Carvalho
1794614400,Nov 14 2026 - 12:00am,incomplete,N/A,São Bernardo,Athletic Club,N/A,38,0.92,1.36,0.92,1.36,0,0,0,0,0,0,"","",-1,-1,-1,-1,-1,-1,-1,-1,-1,-1,-1,-1,-1,-1,-1,-1,-1,-1,-1,-1,1.40,0.99,0.00,0.00,2.25,64,72,34,17,9,21,55,39,80,8.71,5.87,0.00,0.00,0.00,0.00,0.00,0.00,0.00,0.00,0.00,Estádio Primeiro de Maio
1794614400,Nov 14 2026 - 12:00am,incomplete,N/A,América Mineiro,Avaí,N/A,38,0.55,0.92,0.55,0.92,0,0,0,0,0,0,"","",-1,-1,-1,-1,-1,-1,-1,-1,-1,-1,-1,-1,-1,-1,-1,-1,-1,-1,-1,-1,1.42,1.07,0.00,0.00,2.43,61,74,53,17,4,30,61,43,87,8.19,5.15,0.00,0.00,0.00,0.00,0.00,0.00,0.00,0.00,0.00,Estádio Raimundo Sampaio
1794614400,Nov 14 2026 - 12:00am,incomplete,N/A,Londrina,Náutico,N/A,38,1.18,1.08,1.18,1.08,0,0,0,0,0,0,"","",-1,-1,-1,-1,-1,-1,-1,-1,-1,-1,-1,-1,-1,-1,-1,-1,-1,-1,-1,-1,1.54,1.52,0.00,0.00,2.75,54,71,47,34,21,30,62,51,83,10.90,5.45,0.00,0.00,0.00,0.00,0.00,0.00,0.00,0.00,0.00,Estádio Municipal Jacy Scaff
1794614400,Nov 14 2026 - 12:00am,incomplete,N/A,Ponte Preta,Operário PR,N/A,38,0.54,1.27,0.54,1.27,0,0,0,0,0,0,"","",-1,-1,-1,-1,-1,-1,-1,-1,-1,-1,-1,-1,-1,-1,-1,-1,-1,-1,-1,-1,1.37,1.22,0.00,0.00,2.43,59,75,56,17,4,39,75,29,76,9.36,6.37,0.00,0.00,0.00,0.00,0.00,0.00,0.00,0.00,0.00,Estádio Moisés Lucarelli
