full_name,age,birthday,birthday_GMT,league,season,position,Current Club,minutes_played_overall,minutes_played_home,minutes_played_away,nationality,appearances_overall,appearances_home,appearances_away,goals_overall,goals_home,goals_away,assists_overall,assists_home,assists_away,penalty_goals,penalty_misses,clean_sheets_overall,clean_sheets_home,clean_sheets_away,conceded_overall,conceded_home,conceded_away,yellow_cards_overall,red_cards_overall,goals_involved_per_90_overall,assists_per_90_overall,goals_per_90_overall,goals_per_90_home,goals_per_90_away,min_per_goal_overall,conceded_per_90_overall,min_per_conceded_overall,min_per_match,min_per_card_overall,min_per_assist_overall,cards_per_90_overall,rank_in_league_top_attackers,rank_in_league_top_midfielders,rank_in_league_top_defenders,rank_in_club_top_scorer,annual_salary_eur,average_rating_overall,assists_per_game_overall,assists_per90_percentile_overall,passes_per_90_overall,passes_per_game_overall,passes_per90_percentile_overall,passes_total_overall,passes_completed_per_game_overall,passes_completed_total_overall,pass_completion_rate_percentile_overall,passes_completed_per_90_overall,passes_completed_per90_percentile_overall,short_passes_per_game_overall,long_passes_per_game_overall,key_passes_per_game_overall,key_passes_total_overall,through_passes_per_game_overall,crosses_per_game_overall,tackles_per_90_overall,tackles_per_game_overall,tackles_total_overall,tackles_successful_per_game_overall,dispossesed_per_game_overall,possession_regained_per_game_overall,pressures_per_game_overall,saves_per_game_overall,interceptions_per_game_overall,dribbles_successful_per_game_overall,shots_faced_per_game_overall,shots_per_goal_scored_overall,shots_per_90_overall,shots_off_target_per_game_overall,dribbles_per_game_overall,distance_travelled_per_game_overall,shots_on_target_per_game_overall,xg_per_game_overall,chances_created_per_game_overall,aerial_duels_won_per_game_overall,aerial_duels_per_game_overall,possession_regained_per_90_overall,possession_regained_total_overall,possession_regained_per90_percentile_overall,additional_info,shots_total_overall,shots_per_game_overall,shots_per90_percentile_overall,shots_on_target_total_overall,shots_on_target_per_90_overall,shots_on_target_per90_percentile_overall,shots_off_target_total_overall,shots_off_target_per_90_overall,shots_off_target_per90_percentile_overall,games_subbed_out,games_subbed_in,games_started,tackles_per90_percentile_overall,tackles_successful_per_90_overall,tackles_successful_per90_percentile_overall,tackles_successful_total_overall,interceptions_total_overall,interceptions_per_90_overall,interceptions_per90_percentile_overall,crosses_total_overall,cross_completion_rate_percentile_overall,crosses_per_90_overall,crosses_per90_percentile_overall,through_passes_total_overall,through_passes_per_90_overall,through_passes_per90_percentile_overall,long_passes_total_overall,long_passes_per_90_overall,long_passes_per90_percentile_overall,short_passes_total_overall,short_passes_per_90_overall,short_passes_per90_percentile_overall,key_passes_per_90_overall,key_passes_per90_percentile_overall,dribbles_total_overall,dribbles_per_90_overall,dribbles_per90_percentile_overall,dribbles_successful_total_overall,dribbles_successful_per_90_overall,dribbles_successful_percentage_overall,chances_created_total_overall,chances_created_per_90_overall,chances_created_per90_percentile_overall,saves_total_overall,save_percentage_percentile_overall,saves_per_90_overall,saves_per90_percentile_overall,shots_faced_total_overall,shots_per_goal_conceded_overall,conceded_per90_percentile_overall,shots_faced_per_90_overall,shots_faced_per90_percentile_overall,xg_faced_per_90_overall,xg_faced_per90_percentile_overall,xg_faced_per_game_overall,xg_faced_total_overall,save_percentage_overall,pressures_total_overall,pressures_per_90_overall,pressures_per90_percentile_overall,xg_total_overall,market_value,market_value_percentile,pass_completion_rate_overall,shot_accuraccy_percentage_overall,shot_accuraccy_percentage_percentile_overall,dribbled_past_per90_percentile_overall,dribbled_past_per_game_overall,dribbled_past_per_90_overall,dribbled_past_total_overall,dribbles_successful_per90_percentile_overall,dribbles_successful_percentage_percentile_overall,pen_scored_total_overall,pen_missed_total_overall,inside_box_saves_total_overall,blocks_per_game_overall,blocks_per_90_overall,blocks_total_overall,blocks_per90_percentile_overall,ratings_total_overall,clearances_per_game_overall,clearances_per_90_overall,clearances_total_overall,pen_committed_total_overall,pen_save_percentage_overall,pen_committed_per_90_overall,pen_committed_per90_percentile_overall,pen_committed_per_game_overall,pens_saved_total_overall,pens_taken_total_overall,hit_woodwork_total_overall,hit_woodwork_per_game_overall,hit_woodwork_per_90_overall,punches_total_overall,punches_per_game_overall,punches_per_90_overall,offsides_per_90_overall,offsides_per_game_overall,offsides_total_overall,penalties_won_total_overall,shot_conversion_rate_overall,shot_conversion_rate_percentile_overall,minutes_played_percentile_overall,matches_played_percentile_overall,min_per_goal_percentile_overall,min_per_conceded_percentile_overall,xa_total_overall,xa_per90_percentile_overall,xa_per_game_overall,xa_per_90_overall,npxg_total_overall,npxg_per90_percentile_overall,npxg_per_game_overall,npxg_per_90_overall,fouls_drawn_per90_percentile_overall,fouls_drawn_total_overall,fouls_drawn_per_game_overall,fouls_drawn_per_90_overall,fouls_committed_per_90_overall,fouls_committed_per_game_overall,fouls_committed_per90_percentile_overall,fouls_committed_total_overall,xg_per_90_overall,xg_per90_percentile_overall,average_rating_percentile_overall,clearances_per90_percentile_overall,hit_woodwork_per90_percentile_overall,punches_per90_percentile_overall,offsides_per90_percentile_overall,aerial_duels_won_per90_percentile_overall,aerial_duels_total_overall,aerial_duels_per_90_overall,aerial_duels_per90_percentile_overall,aerial_duels_won_total_overall,aerial_duels_won_percentage_overall,aerial_duels_won_per_90_overall,duels_per_90_overall,duels_per_game_overall,duels_total_overall,duels_won_total_overall,duels_won_per90_percentile_overall,duels_per90_percentile_overall,duels_won_per_90_overall,duels_won_per_game_overall,duels_won_percentage_overall,dispossesed_total_overall,dispossesed_per_90_overall,dispossesed_per90_percentile_overall,progressive_passes_total_overall,cross_completion_rate_overall,distance_travelled_total_overall,distance_travelled_per_90_overall,distance_travelled_per90_percentile_overall,accurate_crosses_total_overall,accurate_crosses_per_game_overall,accurate_crosses_per_90_overall,accurate_crosses_per90_percentile_overall,games_started_percentile_overall,games_subbed_in_percentile_overall,games_subbed_out_percentile_overall,hattricks_total_overall,two_goals_in_a_game_total_overall,three_goals_in_a_game_total_overall,two_goals_in_a_game_percentage_overall,three_goals_in_a_game_percentage_overall,goals_involved_per90_percentile_overall,goals_per90_percentile_overall,goals_per90_percentile_away,goals_per90_percentile_home,man_of_the_match_total_overall,annual_salary_eur_percentile,clean_sheets_percentage_percentile_overall,min_per_card_percentile_overall,cards_per90_percentile_overall,booked_over05_overall,booked_over05_percentage_overall,booked_over05_percentage_percentile_overall,shirt_number,annual_salary_gbp,annual_salary_usd
,37,615884400,1989/07/08,Serie B,2026,Midfielder,Botafogo SP,450,180,270,China,5,2,3,0,0,0,0,0,0,0,0,1,1,0,12,1,11,0,0,0,0,0,0,0,0,2.4,38,90,0,0,0,377,367,-1,20,N/A,N/A,N/A,N/A,N/A,N/A,N/A,N/A,N/A,N/A,N/A,N/A,N/A,N/A,N/A,N/A,N/A,N/A,N/A,N/A,N/A,N/A,N/A,N/A,N/A,N/A,N/A,N/A,N/A,N/A,N/A,N/A,N/A,N/A,N/A,N/A,N/A,N/A,N/A,N/A,N/A,N/A,N/A,N/A,N/A,N/A,N/A,N/A,N/A,N/A,N/A,N/A,N/A,N/A,N/A,N/A,N/A,N/A,N/A,N/A,N/A,N/A,N/A,N/A,N/A,N/A,N/A,N/A,N/A,N/A,N/A,N/A,N/A,N/A,N/A,N/A,N/A,N/A,N/A,N/A,N/A,N/A,N/A,N/A,N/A,N/A,N/A,N/A,N/A,N/A,N/A,N/A,N/A,N/A,N/A,N/A,N/A,N/A,N/A,N/A,N/A,N/A,N/A,N/A,N/A,N/A,N/A,N/A,N/A,N/A,N/A,N/A,N/A,N/A,N/A,N/A,N/A,N/A,N/A,N/A,N/A,N/A,N/A,N/A,N/A,N/A,N/A,N/A,N/A,N/A,N/A,N/A,N/A,N/A,N/A,N/A,N/A,N/A,N/A,N/A,N/A,N/A,N/A,N/A,N/A,N/A,N/A,N/A,N/A,N/A,N/A,N/A,N/A,N/A,N/A,N/A,N/A,N/A,N/A,N/A,N/A,N/A,N/A,N/A,N/A,N/A,N/A,N/A,N/A,N/A,N/A,N/A,N/A,N/A,N/A,N/A,N/A,N/A,N/A,N/A,N/A,N/A,N/A,N/A,N/A,N/A,N/A,N/A,N/A,N/A,N/A,N/A,N/A,N/A,N/A,N/A,N/A,N/A,N/A,N/A,N/A,N/A,N/A,N/A,N/A,N/A,N/A,N/A,N/A,N/A,N/A,N/A,N/A,N/A,N/A,N/A,N/A,N/A,N/A,N/A,N/A,N/A,N/A,N/A
Adailson Freire Pereira da Silva,29,855388800,1997/02/08,Serie B,2026,Forward,CRB,1755,888,867,Brazil,21,11,10,5,1,4,5,4,1,0,0,7,3,4,24,11,13,2,0,0.51,0.26,0.26,0.1,0.42,351,1.23,73,84,878,351,0.1,63,30,-1,2,0,7.26,0.24,95,21.54,20.00,18,420,16.67,350,62,17.95,23,0.00,0.00,1.38,29,0.00,3.71,1.59,1.48,31,0.00,1.43,0.00,0.00,0.00,0.62,1.67,1.19,10.60,2.72,1.62,3.14,0.00,0.90,0.35,0.00,0.33,0.00,0.00,0,0,,53,2.52,93,19,0.97,91,34,1.74,92,4,0,21,69,0.00,99,0,13,0.67,47,78,54,4.00,83,0,0.00,99,0,0.00,0,0,0.00,0,1.49,82,66,3.38,95,35,1.79,53.03,0,0.00,0,0,0,0.00,0,25,0.00,28,1.28,64,N/A,N/A,N/A,N/A,0.00,0,0.00,0,7.25,0.00,0,83.33,35.85,69,26,0.71,0.77,15,97,66,0,0,0,0.14,0.15,3,40,152.45,0.29,0.31,6,0,0.00,0.00,99,0.00,0,0,0,0.00,0.00,0,0.00,0.00,0.05,0.05,1,0,9.43,69,90,88,63,28,4.77,92,0.23,0.24,7.25,93,0.35,0.37,94,57,2.71,2.92,0.87,0.81,25,17,0.37,92,96,6,75,0,49,15,0,0.00,99,7,0.00,0.36,12.00,11.14,234,129,90,83,6.62,6.14,55.13,30,1.54,9,0,21.79,0,0.00,99,17,0.81,0.87,81,94,24,84,0,0,0,0,0,94,89,95,68,0,99,64,88,25,2,10,37,97,0,0
Aderlan de Lima Silva,36,650962800,1990/08/18,Serie B,2026,Defender,Juventude,646,314,332,Brazil,11,6,5,0,0,0,1,1,0,0,0,8,5,3,0,0,0,3,0,0.14,0.14,0,0,0,0,0,0,59,215,646,0.42,291,98,3,13,0,7.02,0.09,80,33.58,21.91,51,241,15.55,171,11,23.82,41,0.00,0.00,1.09,12,0.00,3.36,5.15,3.36,37,0.00,0.45,0.00,0.00,0.00,0.36,0.27,0.09,0.00,1.11,0.64,0.45,0.00,0.09,0.05,0.00,0.64,0.00,0.00,0,0,,8,0.73,57,1,0.14,33,7,0.98,65,3,5,6,99,0.00,99,0,4,0.56,39,37,70,5.15,93,0,0.00,99,0,0.00,0,0,0.00,0,1.67,86,5,0.70,40,3,0.42,60.00,0,0.00,0,0,0,0.00,0,1,0.00,99,0.14,0,N/A,N/A,N/A,N/A,0.00,0,0.00,0,0.53,0.00,0,70.95,12.50,24,21,0.55,0.84,6,48,77,0,0,0,0.36,0.56,4,81,77.25,2.27,3.48,25,0,0.00,0.00,99,0.00,0,0,0,0.00,0.00,0,0.00,0.00,0.14,0.09,1,0,0.00,50,27,24,51,0,1.41,86,0.13,0.20,0.53,42,0.05,0.07,36,6,0.55,0.84,2.09,1.36,86,15,0.07,41,86,80,75,0,66,51,0,0.00,99,7,0.00,0.98,11.98,7.82,86,51,94,82,7.11,4.64,59.30,5,0.70,44,0,27.03,0,0.00,99,10,0.91,1.39,93,23,77,71,0,0,0,0,0,56,51,68,64,0,99,97,28,86,3,27,85,13,0,0
Adilson Dos Anjos Oliveira,38,561970800,1987/10/23,Serie B,2026,Midfielder,Goiás,848,382,466,Brazil,18,7,11,1,1,0,1,1,0,0,0,5,3,2,13,5,8,0,0,0.21,0.11,0.11,0.24,0,848,1.38,65,47,0,848,0,164,121,-1,9,0,5.92,0.06,74,30.46,16.00,41,288,13.44,242,65,25.59,46,0.00,0.00,0.33,6,0.00,0.89,1.37,0.72,13,0.00,0.39,0.00,0.00,0.00,0.50,0.06,0.83,8.00,0.85,0.28,0.17,0.00,0.17,0.07,0.00,0.44,0.00,0.00,0,0,,8,0.44,43,3,0.32,55,5,0.53,38,1,8,10,58,0.00,99,0,9,0.95,66,16,46,1.69,62,0,0.00,99,0,0.00,0,0,0.00,0,0.63,43,3,0.32,25,1,0.11,33.33,0,0.00,0,0,0,0.00,0,15,0.00,18,1.59,79,N/A,N/A,N/A,N/A,0.00,0,0.00,0,1.22,0.00,0,84.03,37.50,73,28,0.39,0.74,7,22,31,0,0,0,0.33,0.63,6,84,106.49,0.61,1.16,11,1,0.00,0.11,6,0.06,0,0,2,0.11,0.21,0,0.00,0.00,0.21,0.11,2,1,12.50,80,43,68,87,19,1.35,66,0.08,0.14,1.22,60,0.07,0.13,76,17,0.94,1.80,1.48,0.78,60,14,0.13,59,5,38,98,0,75,43,0,0.00,99,8,0.00,0.85,8.57,4.50,81,39,44,48,4.12,2.17,48.15,7,0.74,39,0,18.75,0,0.00,99,3,0.17,0.32,58,47,90,36,0,0,0,0,0,69,66,68,80,0,99,51,13,13,0,0,13,8,0,0
Adriano Martins da Fonseca,29,859881600,1997/04/01,Serie B,2026,Defender,Atlético GO,1222,560,662,Brazil,16,7,9,0,0,0,0,0,0,0,0,6,3,3,12,5,7,2,0,0,0,0,0,0,0,0.88,102,76,611,0,0.15,322,304,83,35,0,6.94,0,58,48.96,41.75,87,668,38.06,609,98,44.63,90,0.00,0.00,0.19,3,0.00,0.06,0.73,0.62,10,0.00,0.06,0.00,0.00,0.00,1.62,0.12,0.75,0.00,0.51,0.44,0.31,0.00,0.00,0.02,0.00,1.44,0.00,0.00,0,0,,7,0.44,25,0,0.00,20,7,0.51,37,0,3,13,22,0.00,99,0,26,1.91,98,1,30,0.07,17,0,0.00,99,0,0.00,0,0,0.00,0,0.22,17,5,0.37,26,2,0.15,40.00,0,0.00,0,0,0,0.00,0,12,0.00,62,0.88,28,N/A,N/A,N/A,N/A,0.00,0,0.00,0,0.36,0.00,0,91.17,0.00,20,76,0.25,0.29,4,27,38,0,0,0,1.12,1.32,18,99,110.98,5.12,6.01,82,1,0.00,0.07,10,0.06,0,0,0,0.00,0.00,0,0.00,0.00,0.07,0.06,1,0,0.00,50,64,54,51,62,1.40,43,0.09,0.10,0.36,24,0.02,0.03,32,10,0.62,0.73,0.51,0.44,11,7,0.03,24,79,94,75,0,55,73,0,0.00,99,23,0.00,1.69,5.13,4.38,70,43,22,11,3.15,2.69,61.43,1,0.07,84,0,0.00,0,0.00,99,0,0.00,0.00,30,58,62,12,0,0,0,0,0,37,51,68,64,0,99,73,79,37,2,12,46,4,0,0
Adriano Vasconcelos da Silva Junior,20,1142496000,2006/03/16,Serie B,2026,Midfielder,Botafogo SP,0,0,0,Brazil,0,0,0,0,0,0,0,0,0,0,0,0,0,0,0,0,0,0,0,0,0,0,0,0,0,0,0,0,0,0,0,-1,-1,-1,-1,N/A,N/A,N/A,N/A,N/A,N/A,N/A,N/A,N/A,N/A,N/A,N/A,N/A,N/A,N/A,N/A,N/A,N/A,N/A,N/A,N/A,N/A,N/A,N/A,N/A,N/A,N/A,N/A,N/A,N/A,N/A,N/A,N/A,N/A,N/A,N/A,N/A,N/A,N/A,N/A,N/A,N/A,N/A,N/A,N/A,N/A,N/A,N/A,N/A,N/A,N/A,N/A,N/A,N/A,N/A,N/A,N/A,N/A,N/A,N/A,N/A,N/A,N/A,N/A,N/A,N/A,N/A,N/A,N/A,N/A,N/A,N/A,N/A,N/A,N/A,N/A,N/A,N/A,N/A,N/A,N/A,N/A,N/A,N/A,N/A,N/A,N/A,N/A,N/A,N/A,N/A,N/A,N/A,N/A,N/A,N/A,N/A,N/A,N/A,N/A,N/A,N/A,N/A,N/A,N/A,N/A,N/A,N/A,N/A,N/A,N/A,N/A,N/A,N/A,N/A,N/A,N/A,N/A,N/A,N/A,N/A,N/A,N/A,N/A,N/A,N/A,N/A,N/A,N/A,N/A,N/A,N/A,N/A,N/A,N/A,N/A,N/A,N/A,N/A,N/A,N/A,N/A,N/A,N/A,N/A,N/A,N/A,N/A,N/A,N/A,N/A,N/A,N/A,N/A,N/A,N/A,N/A,N/A,N/A,N/A,N/A,N/A,N/A,N/A,N/A,N/A,N/A,N/A,N/A,N/A,N/A,N/A,N/A,N/A,N/A,N/A,N/A,N/A,N/A,N/A,N/A,N/A,N/A,N/A,N/A,N/A,N/A,N/A,N/A,N/A,N/A,N/A,N/A,N/A,N/A,N/A,N/A,N/A,N/A,N/A,N/A,N/A,N/A,N/A,N/A,N/A,N/A,N/A,N/A,N/A,N/A,N/A,N/A,N/A,N/A,N/A,N/A,N/A,N/A,N/A,N/A,N/A,N/A,N/A
Adriel Gomes do Nascimento,20,1152687600,2006/07/12,Serie B,2026,Midfielder,Sport Recife,3,0,3,Brazil,1,0,1,0,0,0,0,0,0,0,0,0,0,0,1,0,1,0,0,0,0,0,0,0,0,30,3,3,0,0,0,-1,-1,-1,25,0,0.00,0,58,30.00,1.00,40,1,0.00,0,0,0.00,0,0.00,0.00,0.00,0,0.00,0.00,0.00,0.00,0,0.00,0.00,0.00,0.00,0.00,0.00,0.00,1.00,0.00,0.00,0.00,1.00,0.00,0.00,0.00,0.00,0.00,0.00,0.00,0,0,,0,0.00,8,0,0.00,20,0,0.00,8,0,1,0,6,0.00,99,0,0,0.00,9,0,30,0.00,15,0,0.00,99,0,0.00,0,0,0.00,0,0.00,7,1,30.00,99,0,0.00,0.00,0,0.00,0,0,0,0.00,0,1,0.00,0,30.00,99,N/A,N/A,N/A,N/A,0.00,0,0.00,0,0.00,0.00,0,0.00,0.00,20,99,0.00,0.00,0,17,17,0,0,0,0.00,0.00,0,22,0.00,1.00,30.00,1,0,0.00,0.00,99,0.00,0,0,0,0.00,0.00,0,0.00,0.00,0.00,0.00,0,0,0.00,50,0,0,51,0,0.00,0,0.00,0.00,0.00,9,0.00,0.00,99,1,1.00,30.00,0.00,0.00,6,0,0.00,8,0,99,75,0,46,2,0,0.00,99,0,0.00,0.00,60.00,2.00,2,1,99,99,30.00,1.00,50.00,0,0.00,99,0,0.00,0,0.00,99,0,0.00,0.00,30,0,41,12,0,0,0,0,0,37,51,68,64,0,99,2,13,13,0,0,13,54,0,0
Airton Moraes Michellon,32,770194800,1994/05/29,Serie B,2026,Goalkeeper,Criciúma,1350,630,720,Brazil,15,7,8,0,0,0,0,0,0,0,0,6,4,2,11,4,7,1,0,0,0,0,0,0,0,0.73,123,90,1350,0,0.07,457,452,46,23,0,7.16,0,58,23.47,23.47,22,352,15.87,238,7,15.87,18,0.00,0.00,0.00,0,0.00,0.00,0.00,0.00,0,0.00,0.00,0.00,0.00,3.20,0.00,0.00,4.00,0.00,0.00,0.00,0.00,0.00,0.00,0.00,0.00,0.33,0.00,0.00,0,0,,0,0.00,8,0,0.00,20,0,0.00,8,0,0,15,6,0.00,99,0,0,0.00,9,0,30,0.00,15,0,0.00,99,0,0.00,0,0,0.00,0,0.00,7,0,0.00,12,0,0.00,0.00,0,0.00,0,48,93,3.20,59,60,0.00,78,4.00,96,N/A,N/A,N/A,N/A,80.00,0,0.00,0,0.00,0.00,0,67.61,0.00,20,99,0.00,0.00,0,17,17,0,0,34,0.07,0.07,1,27,107.45,1.47,1.47,22,0,0.00,0.00,99,0.00,0,0,0,0.00,0.00,8,0.53,0.53,0.00,0.00,0,0,0.00,50,71,46,51,79,0.49,4,0.03,0.03,0.00,9,0.00,0.00,9,4,0.27,0.27,0.00,0.00,6,0,0.00,8,95,47,75,50,46,13,0,0.00,99,5,0.00,0.33,0.53,0.53,8,7,4,4,0.47,0.47,87.50,0,0.00,99,0,0.00,0,0.00,99,0,0.00,0.00,30,68,24,12,0,0,0,0,0,37,51,68,64,0,99,77,94,21,1,7,26,32,0,0
Alan Kardec de Souza Pereira Junior,37,600595200,1989/01/12,Serie B,2026,Forward,Juventude,931,492,439,Brazil,17,9,8,2,1,1,2,1,1,0,0,11,8,3,3,0,3,0,0,0.39,0.19,0.19,0.18,0.21,466,0.29,310,55,0,466,0,100,57,-1,5,0,6.81,0.12,90,13.85,8.35,4,142,4.71,80,1,7.80,2,0.00,0.00,0.76,13,0.00,0.12,0.10,0.06,1,0.00,0.35,0.00,0.00,0.00,0.18,0.06,0.18,8.50,1.66,0.41,0.29,0.00,0.59,0.16,0.00,1.76,0.00,0.00,0,0,,17,1.00,71,10,0.98,92,7,0.68,49,2,8,9,7,0.00,99,0,3,0.29,22,2,96,0.20,28,0,0.00,99,0,0.00,0,0,0.00,0,1.27,73,5,0.49,32,1,0.10,20.00,0,0.00,0,0,0,0.00,0,3,0.00,99,0.29,1,N/A,N/A,N/A,N/A,0.00,0,0.00,0,2.72,0.00,0,56.34,58.82,95,65,0.24,0.39,4,22,20,0,0,0,0.12,0.20,2,46,115.83,0.47,0.78,8,0,0.00,0.00,99,0.00,0,0,2,0.12,0.20,0,0.00,0.00,0.29,0.18,3,0,11.76,78,48,59,71,99,1.84,80,0.11,0.18,2.72,83,0.16,0.27,69,16,0.94,1.56,1.17,0.71,41,12,0.27,82,58,24,97,0,82,95,0,0.00,99,30,0.00,2.93,8.78,5.29,90,48,58,51,4.68,2.82,53.33,6,0.59,52,0,50.00,0,0.00,99,1,0.06,0.10,39,42,90,54,0,0,0,0,0,86,80,83,76,0,99,96,13,13,0,0,13,9,0,0
Alan Pereira Empereur,32,763286400,1994/03/10,Serie B,2026,Defender,Cuiabá,591,321,270,Brazil,7,4,3,0,0,0,0,0,0,0,0,2,2,0,8,3,5,1,0,0,0,0,0,0,0,1.22,74,84,591,0,0.15,297,191,149,18,0,6.56,0,58,47.06,44.14,83,309,37.29,261,69,39.75,83,0.00,0.00,0.29,2,0.00,1.57,0.76,0.71,5,0.00,0.00,0.00,0.00,0.00,0.57,0.00,1.14,0.00,0.00,0.00,0.14,0.00,0.00,0.00,0.00,1.71,0.00,0.00,0,0,,0,0.00,8,0,0.00,20,0,0.00,8,4,0,7,23,0.00,99,0,4,0.61,43,11,44,1.68,61,0,0.00,99,0,0.00,0,0,0.00,0,0.30,21,1,0.15,18,0,0.00,0.00,0,0.00,0,0,0,0.00,0,8,0.00,29,1.22,60,N/A,N/A,N/A,N/A,0.00,0,0.00,0,0.00,0.00,0,84.47,0.00,20,75,0.29,0.30,2,17,17,0,0,0,0.29,0.30,2,62,45.93,2.71,2.89,19,1,0.00,0.15,3,0.14,0,0,0,0.00,0.00,0,0.00,0.00,0.00,0.00,0,0,0.00,50,21,8,51,30,0.60,35,0.09,0.09,0.00,9,0.00,0.00,22,3,0.43,0.46,1.07,1.00,36,7,0.00,8,24,74,75,0,46,78,0,0.00,99,12,0.00,1.83,5.63,5.29,37,20,19,13,3.05,2.86,54.05,0,0.00,99,0,18.18,0,0.00,99,2,0.29,0.30,57,30,24,84,0,0,0,0,0,37,51,68,64,0,99,51,77,37,1,14,55,33,0,0
Alberto Magno Santos de Melo Filho,27,929948400,1999/06/21,Serie B,2026,Defender,Náutico,1107,381,726,Brazil,15,5,10,0,0,0,0,0,0,0,0,4,2,2,14,2,12,3,1,0,0,0,0,0,0,1.14,79,74,277,0,0.33,425,419,136,31,0,6.77,0,58,42.28,34.67,75,520,29.27,439,68,35.69,74,0.00,0.00,0.20,3,0.00,0.13,1.06,0.87,13,0.00,0.00,0.00,0.00,0.00,1.07,0.13,0.93,0.00,0.57,0.47,0.13,0.00,0.00,0.03,0.00,2.13,0.00,0.00,0,0,,7,0.47,29,0,0.00,20,7,0.57,40,1,3,12,40,0.00,99,0,16,1.30,88,2,30,0.16,24,0,0.00,99,0,0.00,0,0,0.00,0,0.24,19,2,0.16,19,2,0.16,100.00,0,0.00,0,0,0,0.00,0,14,0.00,36,1.14,53,N/A,N/A,N/A,N/A,0.00,0,0.00,0,0.39,0.00,0,84.42,0.00,20,72,0.27,0.33,4,27,99,0,0,0,0.33,0.41,5,71,101.53,4.13,5.04,62,0,0.00,0.00,99,0.00,0,0,0,0.00,0.00,0,0.00,0.00,0.00,0.00,0,0,0.00,50,57,46,51,37,1.17,43,0.08,0.10,0.39,24,0.03,0.03,46,13,0.87,1.06,1.14,0.93,39,14,0.03,24,50,89,75,0,46,91,0,0.00,99,32,0.00,2.60,8.29,6.80,102,60,63,45,4.88,4.00,58.82,0,0.00,99,0,0.00,0,0.00,99,0,0.00,0.00,30,55,62,36,0,0,0,0,0,37,51,68,64,0,99,42,42,73,2,13,48,3,0,0
Alex Alves de Lima,39,531820800,1986/11/08,Serie B,2026,Goalkeeper,São Bernardo,2026,1080,946,Brazil,23,12,11,0,0,0,0,0,0,0,0,5,3,2,24,13,11,3,0,0,0,0,0,0,0,1.07,84,88,675,0,0.13,375,365,120,25,0,6.98,0,58,25.94,25.39,31,584,20.00,460,35,20.43,34,0.00,0.00,0.00,0,0.00,0.00,0.00,0.00,0,0.00,0.00,0.00,0.00,2.96,0.00,0.00,4.00,0.00,0.00,0.00,0.00,0.00,0.00,0.00,0.00,0.22,0.00,0.00,0,0,,0,0.00,8,0,0.00,20,0,0.00,8,1,0,23,6,0.00,99,0,0,0.00,9,0,30,0.00,15,0,0.00,99,0,0.00,0,0,0.00,0,0.00,7,0,0.00,12,0,0.00,0.00,0,0.00,0,68,55,3.02,55,92,0.00,43,4.09,97,N/A,N/A,N/A,N/A,73.91,0,0.00,0,0.00,0.00,0,78.77,0.00,20,93,0.04,0.04,1,17,17,0,0,41,0.00,0.00,0,22,160.60,1.39,1.42,32,0,0.00,0.00,99,0.00,0,0,0,0.00,0.00,18,0.78,0.80,0.00,0.00,0,0,0.00,50,98,99,51,44,1.06,11,0.05,0.05,0.00,9,0.00,0.00,7,5,0.22,0.22,0.00,0.00,6,0,0.00,8,83,46,75,83,46,9,0,0.00,99,5,0.00,0.22,0.44,0.43,10,9,3,3,0.40,0.39,90.00,0,0.00,99,0,0.00,0,0.00,99,0,0.00,0.00,30,99,24,36,0,0,0,0,0,37,51,68,64,0,99,30,83,31,3,13,48,1,0,0
Alex da Silva,32,768985200,1994/05/15,Serie B,2026,Defender,América Mineiro,828,543,285,Brazil,11,7,4,0,0,0,0,0,0,0,0,4,2,2,9,7,2,3,0,0,0,0,0,0,0,0.98,92,75,276,0,0.33,304,259,106,28,0,6.81,0,58,37.07,31.00,60,341,24.64,271,37,29.46,57,0.00,0.00,0.82,9,0.00,1.45,1.52,1.27,14,0.00,0.36,0.00,0.00,0.00,0.73,0.27,0.91,0.00,0.65,0.27,0.73,0.00,0.27,0.05,0.00,2.00,0.00,0.00,0,0,,6,0.55,34,3,0.33,57,3,0.33,27,2,1,10,66,0.00,99,0,8,0.87,62,16,36,1.74,62,0,0.00,99,0,0.00,0,0,0.00,0,0.98,62,8,0.87,49,3,0.33,37.50,0,0.00,0,0,0,0.00,0,10,0.00,51,1.09,48,N/A,N/A,N/A,N/A,0.00,0,0.00,0,0.59,0.00,0,79.47,50.00,92,20,0.73,0.87,8,41,33,0,0,0,0.36,0.43,4,73,74.92,3.55,4.24,39,1,0.00,0.11,6,0.09,0,0,0,0.00,0.00,0,0.00,0.00,0.11,0.09,1,0,0.00,50,41,24,51,52,1.07,56,0.10,0.12,0.59,38,0.05,0.06,67,14,1.27,1.52,0.87,0.73,25,8,0.06,37,58,84,75,0,61,89,0,0.00,99,22,0.00,2.39,10.22,8.55,94,51,78,70,5.54,4.64,54.26,4,0.43,63,0,12.50,0,0.00,99,2,0.18,0.22,52,47,41,54,0,0,0,0,0,37,51,68,64,0,99,68,42,73,3,27,85,21,0,0
Alex Haren Marins Ramiro,18,1194336000,2007/11/06,Serie B,2026,Defender,Vila Nova,0,0,0,Brazil,0,0,0,0,0,0,0,0,0,0,0,0,0,0,0,0,0,0,0,0,0,0,0,0,0,0,0,0,0,0,0,-1,-1,-1,-1,N/A,N/A,N/A,N/A,N/A,N/A,N/A,N/A,N/A,N/A,N/A,N/A,N/A,N/A,N/A,N/A,N/A,N/A,N/A,N/A,N/A,N/A,N/A,N/A,N/A,N/A,N/A,N/A,N/A,N/A,N/A,N/A,N/A,N/A,N/A,N/A,N/A,N/A,N/A,N/A,N/A,N/A,N/A,N/A,N/A,N/A,N/A,N/A,N/A,N/A,N/A,N/A,N/A,N/A,N/A,N/A,N/A,N/A,N/A,N/A,N/A,N/A,N/A,N/A,N/A,N/A,N/A,N/A,N/A,N/A,N/A,N/A,N/A,N/A,N/A,N/A,N/A,N/A,N/A,N/A,N/A,N/A,N/A,N/A,N/A,N/A,N/A,N/A,N/A,N/A,N/A,N/A,N/A,N/A,N/A,N/A,N/A,N/A,N/A,N/A,N/A,N/A,N/A,N/A,N/A,N/A,N/A,N/A,N/A,N/A,N/A,N/A,N/A,N/A,N/A,N/A,N/A,N/A,N/A,N/A,N/A,N/A,N/A,N/A,N/A,N/A,N/A,N/A,N/A,N/A,N/A,N/A,N/A,N/A,N/A,N/A,N/A,N/A,N/A,N/A,N/A,N/A,N/A,N/A,N/A,N/A,N/A,N/A,N/A,N/A,N/A,N/A,N/A,N/A,N/A,N/A,N/A,N/A,N/A,N/A,N/A,N/A,N/A,N/A,N/A,N/A,N/A,N/A,N/A,N/A,N/A,N/A,N/A,N/A,N/A,N/A,N/A,N/A,N/A,N/A,N/A,N/A,N/A,N/A,N/A,N/A,N/A,N/A,N/A,N/A,N/A,N/A,N/A,N/A,N/A,N/A,N/A,N/A,N/A,N/A,N/A,N/A,N/A,N/A,N/A,N/A,N/A,N/A,N/A,N/A,N/A,N/A,N/A,N/A,N/A,N/A,N/A,N/A,N/A,N/A,N/A,N/A,N/A,N/A
Alexandre Cesar Santos Ribeiro,21,1108972800,2005/02/21,Serie B,2026,Midfielder,Athletic Club,1,1,0,Brazil,2,2,0,0,0,0,0,0,0,0,0,1,1,0,0,0,0,0,0,0,0,0,0,0,0,0,0,1,0,0,0,-1,-1,-1,27,0,0.00,0,58,0.00,0.00,0,0,0.00,0,0,0.00,0,0.00,0.00,0.00,0,0.00,0.00,0.00,0.00,0,0.00,0.00,0.00,0.00,0.00,0.00,0.00,0.00,0.00,0.00,0.00,0.00,0.00,0.00,0.00,0.00,0.00,0.00,0.00,0,0,,0,0.00,8,0,0.00,20,0,0.00,8,0,2,0,6,0.00,99,0,0,0.00,9,0,30,0.00,15,0,0.00,99,0,0.00,0,0,0.00,0,0.00,7,0,0.00,12,0,0.00,0.00,0,0.00,0,0,0,0.00,0,0,0.00,99,0.00,0,N/A,N/A,N/A,N/A,0.00,0,0.00,0,0.00,0.00,0,0.00,0.00,20,99,0.00,0.00,0,17,17,0,0,0,0.00,0.00,0,22,0.00,0.00,0.00,0,0,0.00,0.00,99,0.00,0,0,0,0.00,0.00,0,0.00,0.00,0.00,0.00,0,0,0.00,50,0,0,51,0,0.00,0,0.00,0.00,0.00,9,0.00,0.00,99,1,0.50,45.00,0.00,0.00,6,0,0.00,8,0,1,75,0,46,2,0,0.00,99,0,0.00,0.00,45.00,0.50,1,1,99,99,45.00,0.50,100.00,0,0.00,99,0,0.00,0,0.00,99,0,0.00,0.00,30,0,50,12,0,0,0,0,0,37,51,68,64,0,99,92,13,13,0,0,13,14,0,0
Alexandre Egea,36,644655600,1990/06/06,Serie B,2026,Midfielder,América Mineiro,609,371,238,Brazil,11,6,5,0,0,0,0,0,0,0,0,2,1,1,14,9,5,1,0,0,0,0,0,0,0,2.07,44,55,609,0,0.15,400,413,-1,34,0,6.68,0,58,57.78,35.55,97,391,31.55,347,92,51.28,98,0.00,0.00,0.36,4,0.00,0.36,2.22,1.36,15,0.00,0.27,0.00,0.00,0.00,0.45,0.27,1.27,0.00,1.03,0.55,0.55,0.00,0.09,0.05,0.00,0.36,0.00,0.00,0,0,,7,0.64,52,1,0.15,34,6,0.89,59,4,5,6,88,0.00,99,0,5,0.74,53,4,65,0.59,42,0,0.00,99,0,0.00,0,0,0.00,0,0.59,42,6,0.89,49,3,0.44,50.00,0,0.00,0,0,0,0.00,0,14,0.00,2,2.07,89,N/A,N/A,N/A,N/A,0.00,0,0.00,0,0.50,0.00,0,88.75,14.29,26,13,0.64,1.03,7,51,63,0,0,0,0.18,0.30,2,62,73.45,0.82,1.33,9,0,0.00,0.00,99,0.00,0,0,0,0.00,0.00,0,0.00,0.00,0.15,0.09,1,0,0.00,50,23,24,51,3,0.82,56,0.07,0.12,0.50,42,0.05,0.07,52,8,0.73,1.18,2.36,1.45,91,16,0.07,41,38,43,75,0,68,30,0,0.00,99,4,0.00,0.59,9.16,5.64,62,30,53,57,4.43,2.73,48.39,3,0.44,62,0,25.00,0,0.00,99,1,0.09,0.15,46,23,77,84,0,0,0,0,0,37,51,68,64,0,99,20,79,37,1,9,33,16,0,0
Alexis Iván Alvariño,25,981014400,2001/02/01,Serie B,2026,Defender,Novorizontino,632,347,285,Argentina,10,5,5,0,0,0,0,0,0,0,0,3,1,2,8,6,2,2,0,0,0,0,0,0,0,1.14,79,63,316,0,0.28,383,224,138,29,0,6.03,0,58,54.40,38.20,95,382,31.30,313,52,44.57,90,0.00,0.00,0.20,2,0.00,0.60,1.71,1.20,12,0.00,0.00,0.00,0.00,0.00,0.90,0.20,0.80,0.00,0.28,0.20,0.50,0.00,0.00,0.01,0.00,1.00,0.00,0.00,0,0,,2,0.20,14,0,0.00,20,2,0.28,22,4,3,7,72,0.00,99,0,9,1.28,87,6,42,0.85,48,0,0.00,99,0,0.00,0,0,0.00,0,0.28,20,5,0.71,41,2,0.28,40.00,0,0.00,0,0,0,0.00,0,8,0.00,36,1.14,53,N/A,N/A,N/A,N/A,0.00,0,0.00,0,0.10,0.00,0,81.94,0.00,20,10,0.80,1.14,8,36,38,0,0,0,0.40,0.57,4,81,60.34,2.70,3.84,27,0,0.00,0.00,99,0.00,0,0,0,0.00,0.00,0,0.00,0.00,0.00,0.00,0,0,0.00,50,26,20,51,37,0.82,56,0.08,0.12,0.10,13,0.01,0.01,27,4,0.40,0.57,1.42,1.00,55,10,0.01,12,6,81,75,0,46,63,0,0.00,99,10,0.00,1.42,7.69,5.40,54,27,36,39,3.84,2.70,50.00,0,0.00,99,0,16.67,0,0.00,99,1,0.10,0.14,44,30,62,84,0,0,0,0,0,37,51,68,64,0,99,54,49,64,2,20,70,22,0,0
Alisson Machado dos Santos,31,802594800,1995/06/08,Serie B,2026,Goalkeeper,Criciúma,180,90,90,Brazil,2,1,1,0,0,0,0,0,0,0,0,1,0,1,1,1,0,0,0,0,0,0,0,0,0,0.5,180,90,0,0,0,-1,-1,-1,20,0,6.57,0,58,8.50,8.50,0,17,7.50,15,91,7.50,1,0.00,0.00,0.00,0,0.00,0.00,0.00,0.00,0,0.00,0.00,0.00,0.00,0.50,0.00,0.00,1.00,0.00,0.00,0.00,0.00,0.00,0.00,0.00,0.00,0.00,0.00,0.00,0,0,,0,0.00,8,0,0.00,20,0,0.00,8,0,0,2,6,0.00,99,0,0,0.00,9,0,30,0.00,15,0,0.00,99,0,0.00,0,0,0.00,0,0.00,7,0,0.00,12,0,0.00,0.00,0,0.00,0,1,0,0.50,0,2,0.00,94,1.00,41,N/A,N/A,N/A,N/A,50.00,0,0.00,0,0.00,0.00,0,88.24,0.00,20,99,0.00,0.00,0,17,17,0,0,1,0.00,0.00,0,22,13.15,0.00,0.00,0,0,0.00,0.00,99,0.00,0,0,0,0.00,0.00,0,0.00,0.00,0.00,0.00,0,0,0.00,50,0,0,51,95,0.04,1,0.02,0.02,0.00,9,0.00,0.00,24,1,0.50,0.50,0.00,0.00,6,0,0.00,8,25,1,75,0,46,2,0,0.00,99,0,0.00,0.00,0.50,0.50,1,1,4,4,0.50,0.50,100.00,0,0.00,99,0,0.00,0,0.00,99,0,0.00,0.00,30,1,24,12,0,0,0,0,0,37,51,68,64,0,99,92,13,13,0,0,13,1,0,0
Alisson Pelegrini Safira,31,795427200,1995/03/17,Serie B,2026,Forward,Juventude,1101,578,523,Brazil,22,12,10,4,3,1,1,0,1,0,0,17,11,6,7,1,6,1,0,0.41,0.08,0.33,0.47,0.17,275,0.57,157,50,1101,1101,0.08,32,143,-1,2,0,6.91,0.05,68,15.16,8.50,7,187,5.68,125,6,10.14,5,0.00,0.00,0.73,16,0.00,0.59,1.22,0.68,15,0.00,0.77,0.00,0.00,0.00,0.09,0.18,0.36,8.25,2.68,0.95,0.36,0.00,0.55,0.22,0.00,1.95,0.00,0.00,0,0,,33,1.50,92,12,0.97,91,21,1.70,91,1,10,12,49,0.00,99,0,2,0.16,13,13,39,1.05,52,0,0.00,99,0,0.00,0,0,0.00,0,1.30,75,8,0.65,39,4,0.32,50.00,0,0.00,0,0,0,0.00,0,8,0.00,91,0.65,9,N/A,N/A,N/A,N/A,0.00,0,0.00,0,4.88,0.00,0,66.84,36.36,70,73,0.18,0.32,4,39,63,0,1,0,0.14,0.24,3,55,152.02,0.55,0.97,12,1,0.00,0.08,9,0.05,0,1,0,0.00,0.00,0,0.00,0.00,0.32,0.18,4,1,12.12,79,57,95,58,91,1.43,56,0.07,0.12,4.18,90,0.19,0.34,99,50,2.27,4.05,3.73,2.09,99,46,0.40,93,75,29,75,0,84,98,0,0.00,99,43,0.00,3.49,18.08,10.14,223,111,99,99,9.00,5.05,49.78,17,1.38,13,0,15.38,0,0.00,99,2,0.09,0.16,47,55,95,36,0,0,0,0,0,88,94,80,95,0,99,99,91,22,1,5,19,25,0,0
Allan Victor Oliveira Mota,26,954831600,2000/04/04,Serie B,2026,Forward,Juventude,267,158,109,Brazil,9,5,4,1,0,1,0,0,0,0,0,7,4,3,2,1,1,1,0,0.34,0,0.34,0,0.83,267,0.67,134,30,267,0,0.34,-1,-1,-1,8,0,5.24,0,58,18.39,6.22,13,56,4.89,44,34,14.45,15,0.00,0.00,0.89,8,0.00,0.89,1.31,0.44,4,0.00,0.67,0.00,0.00,0.00,0.11,0.33,0.22,6.00,1.97,0.33,0.67,0.00,0.33,0.12,0.00,0.00,0.00,0.00,0,0,,6,0.67,79,3,0.99,92,3,0.99,66,2,7,2,54,0.00,99,0,1,0.33,24,8,96,2.63,68,0,0.00,99,0,0.00,0,0,0.00,0,2.63,98,6,1.97,79,3,0.99,50.00,0,0.00,0,0,0,0.00,0,2,0.00,86,0.66,9,N/A,N/A,N/A,N/A,0.00,0,0.00,0,1.11,0.00,0,78.57,50.00,92,35,0.22,0.66,2,82,63,0,0,0,0.11,0.33,1,64,47.19,0.00,0.00,0,0,0.00,0.00,99,0.00,0,0,0,0.00,0.00,0,0.00,0.00,0.33,0.11,1,0,16.67,89,0,15,57,86,0.46,70,0.05,0.15,1.11,92,0.12,0.36,89,7,0.78,2.30,2.63,0.89,95,8,0.36,91,1,1,75,0,84,2,0,0.00,99,0,0.00,0.00,12.15,4.11,37,14,56,84,4.60,1.56,37.84,6,1.97,3,0,50.00,0,0.00,99,4,0.44,1.31,90,1,85,54,0,0,0,0,0,82,94,99,64,0,99,99,39,75,1,11,41,20,0,0
Allyson Aires dos Santos,35,656665200,1990/10/23,Serie B,2026,Defender,Avaí,1525,649,876,Brazil,18,8,10,0,0,0,1,0,1,0,0,5,3,2,18,6,12,4,1,0.06,0.06,0,0,0,0,1.06,85,85,305,1525,0.3,456,164,118,37,0,6.84,0.06,64,38.95,36.67,65,660,31.28,563,76,33.23,68,0.00,0.00,0.22,4,0.00,0.00,0.65,0.61,11,0.00,0.11,0.00,0.00,0.00,1.39,0.11,1.06,0.00,0.24,0.17,0.22,0.00,0.06,0.02,0.00,2.00,0.00,0.00,0,0,,4,0.22,12,1,0.06,21,3,0.18,13,2,0,18,19,0.00,99,0,25,1.48,92,0,30,0.00,15,0,0.00,99,0,0.00,0,0,0.00,0,0.24,19,4,0.24,22,2,0.12,50.00,0,0.00,0,0,0,0.00,0,19,0.00,44,1.12,51,N/A,N/A,N/A,N/A,0.00,0,0.00,0,0.28,0.00,0,85.30,25.00,46,93,0.06,0.06,1,24,63,0,0,0,0.72,0.77,13,90,123.18,7.39,7.85,133,0,0.00,0.00,99,0.00,0,0,0,0.00,0.00,0,0.00,0.00,0.00,0.00,0,0,0.00,50,81,68,51,44,2.04,56,0.11,0.12,0.28,19,0.02,0.02,48,19,1.06,1.12,0.89,0.83,27,15,0.02,18,63,99,75,0,46,84,0,0.00,99,36,0.00,2.12,5.84,5.50,99,67,39,15,3.95,3.72,67.68,2,0.12,83,0,0.00,0,0.00,99,0,0.00,0.00,30,82,24,54,0,0,0,0,0,41,51,68,64,0,99,51,46,68,3,17,62,3,0,0
Aloísio Barbosa de Abreu Neto,18,1191913200,2007/10/09,Serie B,2026,Defender,Ceará,0,0,0,Brazil,0,0,0,0,0,0,0,0,0,0,0,0,0,0,0,0,0,0,0,0,0,0,0,0,0,0,0,0,0,0,0,-1,-1,-1,-1,N/A,N/A,N/A,N/A,N/A,N/A,N/A,N/A,N/A,N/A,N/A,N/A,N/A,N/A,N/A,N/A,N/A,N/A,N/A,N/A,N/A,N/A,N/A,N/A,N/A,N/A,N/A,N/A,N/A,N/A,N/A,N/A,N/A,N/A,N/A,N/A,N/A,N/A,N/A,N/A,N/A,N/A,N/A,N/A,N/A,N/A,N/A,N/A,N/A,N/A,N/A,N/A,N/A,N/A,N/A,N/A,N/A,N/A,N/A,N/A,N/A,N/A,N/A,N/A,N/A,N/A,N/A,N/A,N/A,N/A,N/A,N/A,N/A,N/A,N/A,N/A,N/A,N/A,N/A,N/A,N/A,N/A,N/A,N/A,N/A,N/A,N/A,N/A,N/A,N/A,N/A,N/A,N/A,N/A,N/A,N/A,N/A,N/A,N/A,N/A,N/A,N/A,N/A,N/A,N/A,N/A,N/A,N/A,N/A,N/A,N/A,N/A,N/A,N/A,N/A,N/A,N/A,N/A,N/A,N/A,N/A,N/A,N/A,N/A,N/A,N/A,N/A,N/A,N/A,N/A,N/A,N/A,N/A,N/A,N/A,N/A,N/A,N/A,N/A,N/A,N/A,N/A,N/A,N/A,N/A,N/A,N/A,N/A,N/A,N/A,N/A,N/A,N/A,N/A,N/A,N/A,N/A,N/A,N/A,N/A,N/A,N/A,N/A,N/A,N/A,N/A,N/A,N/A,N/A,N/A,N/A,N/A,N/A,N/A,N/A,N/A,N/A,N/A,N/A,N/A,N/A,N/A,N/A,N/A,N/A,N/A,N/A,N/A,N/A,N/A,N/A,N/A,N/A,N/A,N/A,N/A,N/A,N/A,N/A,N/A,N/A,N/A,N/A,N/A,N/A,N/A,N/A,N/A,N/A,N/A,N/A,N/A,N/A,N/A,N/A,N/A,N/A,N/A,N/A,N/A,N/A,N/A,N/A,N/A
Anderson Ferreira da Silva,31,809161200,1995/08/23,Serie B,2026,Defender,São Bernardo,1864,1076,788,Brazil,22,12,10,2,1,1,0,0,0,0,0,5,3,2,20,11,9,4,0,0.1,0,0.1,0.08,0.11,932,0.97,93,85,466,0,0.19,168,363,105,10,0,6.77,0,58,39.74,37.41,68,823,30.95,681,57,32.88,67,0.00,0.00,0.68,15,0.00,3.36,1.16,1.09,24,0.00,0.23,0.00,0.00,0.00,1.05,0.68,0.95,3.50,0.34,0.14,1.23,0.00,0.18,0.08,0.00,0.64,0.00,0.00,0,0,,7,0.32,19,4,0.19,40,3,0.14,11,3,1,21,47,0.00,99,0,23,1.11,78,74,40,3.57,79,0,0.00,99,0,0.00,0,0,0.00,0,0.72,46,27,1.30,67,15,0.72,55.56,0,0.00,0,0,0,0.00,0,21,0.00,52,1.01,42,N/A,N/A,N/A,N/A,0.00,0,0.00,0,1.86,0.00,0,82.75,57.14,95,41,0.55,0.58,12,71,71,0,0,0,0.09,0.10,2,31,148.84,1.73,1.83,38,2,0.00,0.10,6,0.09,0,0,0,0.00,0.00,0,0.00,0.00,0.10,0.09,2,0,28.57,98,94,95,88,53,2.26,49,0.10,0.11,1.86,50,0.08,0.09,13,7,0.32,0.34,0.92,0.86,29,19,0.09,49,50,57,75,0,58,34,0,0.00,99,14,0.00,0.68,5.99,5.64,124,60,17,16,2.90,2.73,48.39,5,0.24,74,0,16.22,0,0.00,99,12,0.55,0.58,69,94,41,71,0,0,0,0,0,49,64,72,65,0,99,32,68,45,4,18,65,6,0,0
Anderson Jesus,31,794131200,1995/03/02,Serie B,2026,Defender,Vila Nova,830,426,404,Brazil,11,6,5,0,0,0,0,0,0,0,0,2,2,0,6,3,3,3,0,0,0,0,0,0,0,0.65,138,75,277,0,0.33,361,350,32,16,0,6.62,0,58,52.37,43.91,92,483,38.91,428,92,46.41,93,0.00,0.00,0.18,2,0.00,0.00,0.98,0.82,9,0.00,0.18,0.00,0.00,0.00,0.55,0.00,0.64,0.00,0.22,0.09,0.00,0.00,0.09,0.02,0.00,1.73,0.00,0.00,0,0,,2,0.18,11,1,0.11,28,1,0.11,10,7,2,9,35,0.00,99,0,6,0.65,44,0,30,0.00,15,0,0.00,99,0,0.00,0,0,0.00,0,0.22,17,0,0.00,12,0,0.00,0.00,0,0.00,0,0,0,0.00,0,7,0.00,87,0.76,17,N/A,N/A,N/A,N/A,0.00,0,0.00,0,0.18,0.00,0,88.61,50.00,92,89,0.09,0.11,1,17,17,0,0,0,0.27,0.33,3,64,72.78,2.73,3.25,30,0,0.00,0.00,99,0.00,0,0,0,0.00,0.00,0,0.00,0.00,0.00,0.00,0,0,0.00,50,42,24,51,87,0.87,35,0.08,0.09,0.18,19,0.02,0.02,20,4,0.36,0.43,1.41,1.18,54,13,0.02,18,30,77,75,0,46,82,0,0.00,99,19,0.00,2.06,6.29,5.27,58,33,30,21,3.58,3.00,56.90,2,0.22,76,0,0.00,0,0.00,99,0,0.00,0.00,30,42,50,99,0,0,0,0,0,37,51,68,64,0,99,20,42,73,3,27,85,14,0,0
André Cardoso da Silva Junior,23,1053154800,2003/05/17,Serie B,2026,Midfielder,Londrina,133,45,88,Brazil,6,2,4,1,0,1,0,0,0,0,0,1,1,0,4,1,3,0,0,0.68,0,0.68,0,1.02,133,2.71,33,22,0,0,0,-1,-1,-1,10,0,6.51,0,58,40.60,10.00,69,60,8.50,51,73,34.51,70,0.00,0.00,0.33,2,0.00,0.00,2.03,0.50,3,0.00,0.17,0.00,0.00,0.00,0.17,0.00,1.00,2.00,1.35,0.17,0.33,0.00,0.17,0.12,0.00,0.50,0.00,0.00,0,0,,2,0.33,62,1,0.68,81,1,0.68,49,0,6,0,86,0.00,99,0,1,0.68,48,0,30,0.00,15,0,0.00,99,0,0.00,0,0,0.00,0,1.35,76,2,1.35,69,0,0.00,0.00,0,0.00,0,0,0,0.00,0,6,0.00,0,4.06,96,N/A,N/A,N/A,N/A,0.00,0,0.00,0,0.75,0.00,0,85.00,50.00,92,0,1.17,4.74,7,17,17,0,0,0,0.17,0.68,1,85,39.09,0.67,2.71,4,0,0.00,0.00,99,0.00,0,0,1,0.17,0.68,0,0.00,0.00,0.00,0.00,0,0,50.00,99,0,3,52,0,0.18,56,0.03,0.12,0.75,98,0.12,0.51,30,1,0.17,0.68,1.35,0.33,53,2,0.51,97,19,72,99,0,46,82,0,0.00,99,3,0.00,2.03,13.53,3.33,20,7,60,91,4.74,1.17,35.00,1,0.68,45,0,0.00,0,0.00,99,0,0.00,0.00,30,0,81,12,0,0,0,0,0,98,99,99,64,0,99,17,13,13,0,0,13,17,0,0
André da Silva Lima,26,955090800,2000/04/07,Serie B,2026,Midfielder,Ponte Preta,1337,793,544,Brazil,17,10,7,0,0,0,0,0,0,0,0,2,2,0,30,12,18,5,0,0,0,0,0,0,0,2.02,45,79,267,0,0.34,256,242,-1,14,0,6.65,0,58,38.37,33.53,63,570,27.94,475,62,31.97,63,0.00,0.00,0.41,7,0.00,0.29,1.75,1.53,26,0.00,0.71,0.00,0.00,0.00,1.18,0.35,1.88,0.00,0.74,0.59,0.53,0.00,0.06,0.04,0.00,0.47,0.00,0.00,0,0,,11,0.65,40,1,0.07,22,10,0.67,47,6,1,16,74,0.00,99,0,20,1.35,90,5,51,0.34,34,0,0.00,99,0,0.00,0,0,0.00,0,0.47,33,9,0.61,37,6,0.40,66.67,0,0.00,0,0,0,0.00,0,32,0.00,3,2.15,90,N/A,N/A,N/A,N/A,0.00,0,0.00,0,0.68,0.00,0,83.33,9.09,21,28,0.65,0.74,11,46,85,0,0,0,0.24,0.27,4,59,113.12,1.53,1.75,26,0,0.00,0.00,99,0.00,0,0,0,0.00,0.00,0,0.00,0.00,0.07,0.06,1,0,0.00,50,69,59,51,3,1.11,20,0.07,0.07,0.68,34,0.04,0.05,54,18,1.06,1.21,1.62,1.41,67,24,0.05,33,34,56,75,0,55,25,0,0.00,99,8,0.00,0.54,7.61,6.65,113,57,36,37,3.84,3.35,50.44,12,0.81,36,0,20.00,0,0.00,99,1,0.06,0.07,35,74,41,95,0,0,0,0,0,37,51,68,64,0,99,9,39,75,5,29,89,8,0,0
André Dhominique Queiroz Santiago da Silva,22,1065510000,2003/10/07,Serie B,2026,Defender,Londrina,374,114,260,Brazil,7,2,5,0,0,0,0,0,0,0,0,0,0,0,4,2,2,2,1,0,0,0,0,0,0,0.96,94,53,187,0,0.48,232,196,101,16,0,6.52,0,58,36.10,21.43,57,150,17.71,124,57,29.84,58,0.00,0.00,0.29,2,0.00,1.43,0.96,0.57,4,0.00,0.00,0.00,0.00,0.00,0.71,0.57,0.71,0.00,0.00,0.00,0.71,0.00,0.00,0.00,0.00,0.71,0.00,0.00,0,0,,0,0.00,8,0,0.00,20,0,0.00,8,3,2,5,34,0.00,99,0,5,1.20,84,10,33,2.41,67,0,0.00,99,0,0.00,0,0,0.00,0,0.48,35,5,1.20,63,4,0.96,80.00,0,0.00,0,0,0,0.00,0,5,0.00,54,1.20,58,N/A,N/A,N/A,N/A,0.00,0,0.00,0,0.00,0.00,0,82.67,0.00,20,16,0.57,0.96,4,80,91,0,0,0,0.14,0.24,1,55,45.67,1.86,3.13,13,0,0.00,0.00,99,0.00,0,0,0,0.00,0.00,0,0.00,0.00,0.24,0.14,1,0,0.00,50,1,8,51,55,0.33,27,0.05,0.08,0.00,9,0.00,0.00,86,9,1.29,2.17,1.44,0.86,57,6,0.00,8,20,76,75,0,79,58,0,0.00,99,5,0.00,1.20,9.14,5.43,38,22,75,57,5.29,3.14,57.89,0,0.00,99,0,10.00,0,0.00,99,1,0.14,0.24,53,16,50,71,0,0,0,0,0,37,51,68,64,0,99,2,22,92,1,14,55,13,0,0
Andre Felipe de Almeida,29,853142400,1997/01/13,Serie B,2026,Defender,Sport Recife,1920,990,930,Brazil,22,11,11,1,0,1,3,3,0,0,0,7,2,5,17,12,5,5,0,0.19,0.14,0.05,0,0.1,1920,0.8,113,87,384,640,0.23,214,94,68,10,0,7.09,0.14,80,48.11,46.82,85,1030,37.59,827,41,38.62,81,0.00,0.00,1.00,22,0.00,3.36,1.26,1.23,27,0.00,0.23,0.00,0.00,0.00,0.86,0.91,0.91,23.00,1.07,0.77,1.27,0.00,0.27,0.11,0.00,1.50,0.00,0.00,0,0,,23,1.05,54,6,0.28,51,17,0.79,54,5,0,22,51,0.00,99,0,19,0.89,63,74,85,3.46,78,0,0.00,99,0,0.00,0,0,0.00,0,1.03,64,28,1.31,68,20,0.93,71.43,0,0.00,0,0,0,0.00,0,20,0.00,69,0.93,32,N/A,N/A,N/A,N/A,0.00,0,0.00,0,2.32,0.00,0,80.29,26.09,46,76,0.27,0.28,6,80,86,0,0,0,0.36,0.37,8,67,156.02,3.32,3.41,73,0,0.00,0.00,99,0.00,0,0,2,0.09,0.09,0,0.00,0.00,0.14,0.14,3,0,4.35,53,97,95,99,69,4.24,86,0.19,0.20,2.32,56,0.11,0.11,45,22,1.00,1.03,1.21,1.18,44,26,0.11,55,91,79,85,0,66,67,0,0.00,99,33,0.00,1.54,7.43,7.23,159,99,57,35,4.62,4.50,62.26,5,0.23,75,0,33.78,0,0.00,99,25,1.14,1.17,88,97,24,91,0,0,0,0,0,66,53,70,64,0,99,60,58,55,5,23,77,60,0,0
André Henrique Simplício Dantas,27,927702000,1999/05/26,Serie B,2026,Defender,Operário PR,0,0,0,Brazil,0,0,0,0,0,0,0,0,0,0,0,0,0,0,0,0,0,0,0,0,0,0,0,0,0,0,0,0,0,0,0,-1,-1,-1,-1,N/A,N/A,N/A,N/A,N/A,N/A,N/A,N/A,N/A,N/A,N/A,N/A,N/A,N/A,N/A,N/A,N/A,N/A,N/A,N/A,N/A,N/A,N/A,N/A,N/A,N/A,N/A,N/A,N/A,N/A,N/A,N/A,N/A,N/A,N/A,N/A,N/A,N/A,N/A,N/A,N/A,N/A,N/A,N/A,N/A,N/A,N/A,N/A,N/A,N/A,N/A,N/A,N/A,N/A,N/A,N/A,N/A,N/A,N/A,N/A,N/A,N/A,N/A,N/A,N/A,N/A,N/A,N/A,N/A,N/A,N/A,N/A,N/A,N/A,N/A,N/A,N/A,N/A,N/A,N/A,N/A,N/A,N/A,N/A,N/A,N/A,N/A,N/A,N/A,N/A,N/A,N/A,N/A,N/A,N/A,N/A,N/A,N/A,N/A,N/A,N/A,N/A,N/A,N/A,N/A,N/A,N/A,N/A,N/A,N/A,N/A,N/A,N/A,N/A,N/A,N/A,N/A,N/A,N/A,N/A,N/A,N/A,N/A,N/A,N/A,N/A,N/A,N/A,N/A,N/A,N/A,N/A,N/A,N/A,N/A,N/A,N/A,N/A,N/A,N/A,N/A,N/A,N/A,N/A,N/A,N/A,N/A,N/A,N/A,N/A,N/A,N/A,N/A,N/A,N/A,N/A,N/A,N/A,N/A,N/A,N/A,N/A,N/A,N/A,N/A,N/A,N/A,N/A,N/A,N/A,N/A,N/A,N/A,N/A,N/A,N/A,N/A,N/A,N/A,N/A,N/A,N/A,N/A,N/A,N/A,N/A,N/A,N/A,N/A,N/A,N/A,N/A,N/A,N/A,N/A,N/A,N/A,N/A,N/A,N/A,N/A,N/A,N/A,N/A,N/A,N/A,N/A,N/A,N/A,N/A,N/A,N/A,N/A,N/A,N/A,N/A,N/A,N/A,N/A,N/A,N/A,N/A,N/A,N/A
André Luis da Costa Alfredo,29,861606000,1997/04/21,Serie B,2026,Forward,Vila Nova,924,468,456,Brazil,15,8,7,4,3,1,2,2,0,0,0,6,3,3,7,5,2,3,0,0.58,0.19,0.39,0.58,0.2,231,0.68,132,62,308,462,0.29,22,58,-1,3,0,6.55,0.13,90,17.34,11.87,10,178,8.00,120,7,11.69,7,0.00,0.00,0.47,7,0.00,0.53,1.27,0.87,13,0.00,0.47,0.00,0.00,0.00,0.13,0.13,0.47,5.00,1.95,0.80,0.40,0.00,0.53,0.26,0.00,1.27,0.00,0.00,0,0,,20,1.33,79,8,0.78,85,12,1.17,73,4,3,12,52,0.00,99,0,2,0.19,15,8,30,0.78,47,0,0.00,99,0,0.00,0,0,0.00,0,0.68,45,6,0.58,34,2,0.19,33.33,0,0.00,0,0,0,0.00,0,7,0.00,84,0.68,11,N/A,N/A,N/A,N/A,0.00,0,0.00,0,3.96,0.00,0,67.42,40.00,78,85,0.13,0.19,2,29,31,0,0,0,0.13,0.19,2,44,98.29,0.20,0.29,3,0,0.00,0.00,99,0.00,0,0,0,0.00,0.00,0,0.00,0.00,0.78,0.53,8,0,20.00,94,46,46,55,84,1.72,78,0.11,0.17,3.96,94,0.26,0.39,82,21,1.40,2.05,0.88,0.60,26,9,0.39,93,23,6,75,0,97,79,0,0.00,99,19,0.00,1.85,9.06,6.20,93,54,74,56,5.26,3.60,58.06,7,0.68,45,0,0.00,0,0.00,99,0,0.00,0.00,30,55,62,84,0,0,0,0,0,97,96,82,97,0,99,77,47,66,3,20,70,7,0,0
André Luiz Guimarães Siqueira Junior,31,809074800,1995/08/22,Serie B,2026,Midfielder,Londrina,1343,692,651,Brazil,16,8,8,2,1,1,0,0,0,0,0,3,3,0,17,8,9,1,0,0.13,0,0.13,0.13,0.14,672,1.14,79,84,1343,0,0.07,146,185,-1,6,0,7.04,0,58,37.80,35.25,61,564,29.75,476,67,31.90,63,0.00,0.00,0.69,11,0.00,0.06,1.41,1.31,21,0.00,0.12,0.00,0.00,0.00,1.25,0.56,1.25,5.50,0.74,0.44,0.69,0.00,0.25,0.13,0.00,1.31,0.00,0.00,0,0,,11,0.69,40,4,0.27,49,7,0.47,35,1,0,16,60,0.00,99,0,20,1.34,90,1,30,0.07,17,0,0.00,99,0,0.00,0,0,0.00,0,0.74,48,11,0.74,43,9,0.60,81.82,0,0.00,0,0,0,0.00,0,20,0.00,36,1.34,68,N/A,N/A,N/A,N/A,0.00,0,0.00,0,2.02,0.00,0,84.40,36.36,70,88,0.12,0.13,2,63,91,0,0,0,0.69,0.74,11,88,112.58,3.44,3.69,55,0,0.00,0.00,99,0.00,0,0,0,0.00,0.00,0,0.00,0.00,0.00,0.00,0,0,18.18,90,70,54,81,37,1.43,43,0.09,0.10,2.02,63,0.13,0.14,43,15,0.94,1.01,1.41,1.31,54,21,0.14,62,88,81,75,0,46,62,0,0.00,99,21,0.00,1.41,7.04,6.56,105,63,48,30,4.22,3.94,60.00,2,0.13,82,0,0.00,0,0.00,99,0,0.00,0.00,30,74,24,36,0,0,0,0,0,54,70,75,73,0,99,22,94,21,1,6,24,5,0,0
Angel Yesid Torres Quiñones,26,955004400,2000/04/06,Serie B,2026,Forward,Operário PR,127,104,23,Colombia,3,2,1,0,0,0,1,1,0,0,0,1,1,0,1,0,1,0,0,0.71,0.71,0,0,0,0,0.71,127,42,0,127,0,-1,-1,-1,27,0,6.74,0.33,99,41.81,19.67,72,59,16.33,49,58,34.72,71,0.00,0.00,0.67,2,0.00,1.67,1.42,0.67,2,0.00,1.33,0.00,0.00,0.00,0.33,1.33,1.00,0.00,2.13,1.00,2.67,0.00,0.00,0.06,0.00,0.33,0.00,0.00,0,0,,3,1.00,84,0,0.00,20,3,2.13,97,3,2,1,61,0.00,99,0,1,0.71,50,5,51,3.54,79,0,0.00,99,0,0.00,0,0,0.00,0,1.42,79,8,5.67,98,4,2.83,50.00,0,0.00,0,0,0,0.00,0,3,0.00,81,2.13,90,N/A,N/A,N/A,N/A,0.00,0,0.00,0,0.17,0.00,0,83.05,0.00,20,31,0.33,0.71,1,99,63,0,0,0,0.00,0.00,0,22,20.22,0.33,0.71,1,0,0.00,0.00,99,0.00,0,0,0,0.00,0.00,0,0.00,0.00,0.00,0.00,0,0,0.00,50,0,0,51,81,0.79,99,0.26,0.56,0.17,59,0.06,0.12,61,2,0.67,1.42,1.42,0.67,55,2,0.12,58,45,21,75,0,46,36,0,0.00,99,1,0.00,0.71,17.72,8.33,25,8,80,99,5.67,2.67,32.00,4,2.83,0,0,20.00,0,0.00,99,1,0.33,0.71,74,0,50,71,0,0,0,0,0,98,51,68,64,0,99,64,13,13,0,0,13,7,0,0
Anselmo Ramon Alves Erculano,38,583052400,1988/06/23,Serie B,2026,Forward,Goiás,1197,661,536,Brazil,22,11,11,5,2,3,3,2,1,0,0,6,5,1,19,10,9,1,0,0.6,0.23,0.38,0.27,0.5,239,1.43,63,54,1197,399,0.08,23,38,-1,2,0,6.84,0.14,94,18.30,11.05,13,243,8.68,191,35,14.38,15,0.00,0.00,0.59,13,0.00,0.23,0.75,0.45,10,0.00,0.64,0.00,0.00,0.00,0.14,0.36,0.91,4.40,1.66,0.59,0.55,0.00,0.41,0.21,0.00,0.55,0.00,0.00,0,0,,22,1.00,71,9,0.68,81,13,0.98,65,1,10,12,23,0.00,99,0,3,0.23,18,5,51,0.38,35,0,0.00,99,0,0.00,0,0,0.00,0,0.98,62,12,0.90,50,8,0.60,66.67,0,0.00,0,0,0,0.00,0,20,0.00,15,1.51,77,N/A,N/A,N/A,N/A,0.00,0,0.00,0,4.69,0.00,0,78.60,40.91,79,81,0.14,0.23,3,63,85,1,1,0,0.00,0.00,0,22,150.47,0.55,0.90,12,0,0.00,0.00,99,0.00,0,2,0,0.00,0.00,0,0.00,0.00,0.30,0.18,4,0,22.73,95,63,95,56,16,2.63,86,0.12,0.20,3.29,79,0.15,0.25,54,16,0.73,1.21,0.60,0.36,14,8,0.35,90,63,28,75,0,82,47,0,0.00,99,12,0.00,0.90,6.93,4.18,92,46,27,29,3.46,2.09,50.00,14,1.05,24,0,20.00,0,0.00,99,1,0.05,0.08,36,55,95,36,0,0,0,0,0,97,96,96,83,0,99,42,92,22,1,5,19,9,0,0
Antônio Adriano Nascimendo de Sousa,23,1047024000,2003/03/07,Serie B,2026,Goalkeeper,Sport Recife,0,0,0,Brazil,0,0,0,0,0,0,0,0,0,0,0,0,0,0,0,0,0,0,0,0,0,0,0,0,0,0,0,0,0,0,0,-1,-1,-1,-1,N/A,N/A,N/A,N/A,N/A,N/A,N/A,N/A,N/A,N/A,N/A,N/A,N/A,N/A,N/A,N/A,N/A,N/A,N/A,N/A,N/A,N/A,N/A,N/A,N/A,N/A,N/A,N/A,N/A,N/A,N/A,N/A,N/A,N/A,N/A,N/A,N/A,N/A,N/A,N/A,N/A,N/A,N/A,N/A,N/A,N/A,N/A,N/A,N/A,N/A,N/A,N/A,N/A,N/A,N/A,N/A,N/A,N/A,N/A,N/A,N/A,N/A,N/A,N/A,N/A,N/A,N/A,N/A,N/A,N/A,N/A,N/A,N/A,N/A,N/A,N/A,N/A,N/A,N/A,N/A,N/A,N/A,N/A,N/A,N/A,N/A,N/A,N/A,N/A,N/A,N/A,N/A,N/A,N/A,N/A,N/A,N/A,N/A,N/A,N/A,N/A,N/A,N/A,N/A,N/A,N/A,N/A,N/A,N/A,N/A,N/A,N/A,N/A,N/A,N/A,N/A,N/A,N/A,N/A,N/A,N/A,N/A,N/A,N/A,N/A,N/A,N/A,N/A,N/A,N/A,N/A,N/A,N/A,N/A,N/A,N/A,N/A,N/A,N/A,N/A,N/A,N/A,N/A,N/A,N/A,N/A,N/A,N/A,N/A,N/A,N/A,N/A,N/A,N/A,N/A,N/A,N/A,N/A,N/A,N/A,N/A,N/A,N/A,N/A,N/A,N/A,N/A,N/A,N/A,N/A,N/A,N/A,N/A,N/A,N/A,N/A,N/A,N/A,N/A,N/A,N/A,N/A,N/A,N/A,N/A,N/A,N/A,N/A,N/A,N/A,N/A,N/A,N/A,N/A,N/A,N/A,N/A,N/A,N/A,N/A,N/A,N/A,N/A,N/A,N/A,N/A,N/A,N/A,N/A,N/A,N/A,N/A,N/A,N/A,N/A,N/A,N/A,N/A,N/A,N/A,N/A,N/A,N/A,N/A
Antonio Eduardo Furquim de Freitas Batista,33,717404400,1992/09/25,Serie B,2026,Goalkeeper,Athletic Club,0,0,0,Brazil,0,0,0,0,0,0,0,0,0,0,0,0,0,0,0,0,0,0,0,0,0,0,0,0,0,0,0,0,0,0,0,-1,-1,-1,-1,N/A,N/A,N/A,N/A,N/A,N/A,N/A,N/A,N/A,N/A,N/A,N/A,N/A,N/A,N/A,N/A,N/A,N/A,N/A,N/A,N/A,N/A,N/A,N/A,N/A,N/A,N/A,N/A,N/A,N/A,N/A,N/A,N/A,N/A,N/A,N/A,N/A,N/A,N/A,N/A,N/A,N/A,N/A,N/A,N/A,N/A,N/A,N/A,N/A,N/A,N/A,N/A,N/A,N/A,N/A,N/A,N/A,N/A,N/A,N/A,N/A,N/A,N/A,N/A,N/A,N/A,N/A,N/A,N/A,N/A,N/A,N/A,N/A,N/A,N/A,N/A,N/A,N/A,N/A,N/A,N/A,N/A,N/A,N/A,N/A,N/A,N/A,N/A,N/A,N/A,N/A,N/A,N/A,N/A,N/A,N/A,N/A,N/A,N/A,N/A,N/A,N/A,N/A,N/A,N/A,N/A,N/A,N/A,N/A,N/A,N/A,N/A,N/A,N/A,N/A,N/A,N/A,N/A,N/A,N/A,N/A,N/A,N/A,N/A,N/A,N/A,N/A,N/A,N/A,N/A,N/A,N/A,N/A,N/A,N/A,N/A,N/A,N/A,N/A,N/A,N/A,N/A,N/A,N/A,N/A,N/A,N/A,N/A,N/A,N/A,N/A,N/A,N/A,N/A,N/A,N/A,N/A,N/A,N/A,N/A,N/A,N/A,N/A,N/A,N/A,N/A,N/A,N/A,N/A,N/A,N/A,N/A,N/A,N/A,N/A,N/A,N/A,N/A,N/A,N/A,N/A,N/A,N/A,N/A,N/A,N/A,N/A,N/A,N/A,N/A,N/A,N/A,N/A,N/A,N/A,N/A,N/A,N/A,N/A,N/A,N/A,N/A,N/A,N/A,N/A,N/A,N/A,N/A,N/A,N/A,N/A,N/A,N/A,N/A,N/A,N/A,N/A,N/A,N/A,N/A,N/A,N/A,N/A,N/A
Antonio Mikael Rodrigues Brito,26,948700800,2000/01/24,Serie B,2026,Defender,Operário PR,1658,881,777,Brazil,21,11,10,0,0,0,4,2,2,0,0,8,5,3,19,8,11,3,0,0.22,0.22,0,0,0,0,1.03,87,79,553,415,0.16,371,43,114,11,0,7.09,0.19,92,44.62,39.14,80,822,34.29,720,86,39.08,83,0.00,0.00,1.71,36,0.00,3.90,1.95,1.71,36,0.00,0.33,0.00,0.00,0.00,0.43,0.86,0.95,0.00,0.98,0.81,1.62,0.00,0.05,0.04,0.00,0.86,0.00,0.00,0,0,,18,0.86,50,1,0.05,20,17,0.92,60,1,0,21,82,0.00,99,0,9,0.49,35,82,69,4.45,88,0,0.00,99,0,0.00,0,0,0.00,0,1.95,91,34,1.85,77,18,0.98,52.94,0,0.00,0,0,0,0.00,0,20,0.00,46,1.09,48,N/A,N/A,N/A,N/A,0.00,0,0.00,0,0.91,0.00,0,87.59,5.56,20,67,0.33,0.38,7,82,66,0,0,0,0.10,0.11,2,33,148.85,2.00,2.28,42,0,0.00,0.00,99,0.00,0,0,0,0.00,0.00,0,0.00,0.00,0.05,0.05,1,0,0.00,50,87,88,51,46,5.19,95,0.25,0.28,0.91,34,0.04,0.05,79,36,1.71,1.95,1.30,1.14,50,24,0.05,33,91,65,75,0,49,51,0,0.00,99,18,0.00,0.98,9.88,8.67,182,111,84,66,6.03,5.29,60.99,7,0.38,66,0,26.83,0,0.00,99,22,1.05,1.19,88,94,24,36,0,0,0,0,0,70,51,68,64,0,99,73,74,39,3,14,55,2,0,0
Ariel Felipe Gomes da Rosa,28,899535600,1998/07/04,Serie B,2026,Midfielder,Atlético GO,82,26,56,Brazil,4,2,2,0,0,0,0,0,0,0,0,0,0,0,1,1,0,1,0,0,0,0,0,0,0,1.1,82,21,82,0,1.1,-1,-1,-1,27,0,3.89,0,58,45.49,9.20,81,46,6.60,33,13,32.64,67,0.00,0.00,0.20,1,0.00,0.00,1.98,0.40,2,0.00,0.20,0.00,0.00,0.00,0.60,0.00,0.40,0.00,0.00,0.00,0.40,0.00,0.00,0.00,0.00,0.40,0.00,0.00,0,0,,0,0.00,8,0,0.00,20,0,0.00,8,0,4,0,83,0.00,99,0,3,2.97,99,0,30,0.00,15,0,0.00,99,0,0.00,0,0,0.00,0,0.99,62,2,1.98,79,0,0.00,0.00,0,0.00,0,0,0,0.00,0,2,0.00,40,1.98,87,N/A,N/A,N/A,N/A,0.00,0,0.00,0,0.00,0.00,0,71.74,0.00,20,15,0.20,0.99,1,17,17,0,0,0,0.00,0.00,0,22,19.43,0.20,0.99,1,0,0.00,0.00,99,0.00,0,0,0,0.00,0.00,0,0.00,0.00,0.00,0.00,0,0,0.00,50,0,0,51,41,0.10,43,0.02,0.10,0.00,9,0.00,0.00,42,1,0.20,0.99,3.96,0.80,99,4,0.00,8,0,31,75,0,46,81,0,0.00,99,2,0.00,1.98,11.87,2.40,12,5,65,82,4.95,1.00,41.67,1,0.99,26,0,0.00,0,0.00,99,0,0.00,0.00,30,0,69,12,0,0,0,0,0,37,51,68,64,0,99,2,13,99,1,25,81,17,0,0
Arnaldo Francisco da Costa Neto,29,853056000,1997/01/12,Serie B,2026,Forward,São Bernardo,0,0,0,Brazil,0,0,0,0,0,0,0,0,0,0,0,0,0,0,0,0,0,0,0,0,0,0,0,0,0,0,0,0,0,0,0,-1,-1,-1,-1,N/A,N/A,N/A,N/A,N/A,N/A,N/A,N/A,N/A,N/A,N/A,N/A,N/A,N/A,N/A,N/A,N/A,N/A,N/A,N/A,N/A,N/A,N/A,N/A,N/A,N/A,N/A,N/A,N/A,N/A,N/A,N/A,N/A,N/A,N/A,N/A,N/A,N/A,N/A,N/A,N/A,N/A,N/A,N/A,N/A,N/A,N/A,N/A,N/A,N/A,N/A,N/A,N/A,N/A,N/A,N/A,N/A,N/A,N/A,N/A,N/A,N/A,N/A,N/A,N/A,N/A,N/A,N/A,N/A,N/A,N/A,N/A,N/A,N/A,N/A,N/A,N/A,N/A,N/A,N/A,N/A,N/A,N/A,N/A,N/A,N/A,N/A,N/A,N/A,N/A,N/A,N/A,N/A,N/A,N/A,N/A,N/A,N/A,N/A,N/A,N/A,N/A,N/A,N/A,N/A,N/A,N/A,N/A,N/A,N/A,N/A,N/A,N/A,N/A,N/A,N/A,N/A,N/A,N/A,N/A,N/A,N/A,N/A,N/A,N/A,N/A,N/A,N/A,N/A,N/A,N/A,N/A,N/A,N/A,N/A,N/A,N/A,N/A,N/A,N/A,N/A,N/A,N/A,N/A,N/A,N/A,N/A,N/A,N/A,N/A,N/A,N/A,N/A,N/A,N/A,N/A,N/A,N/A,N/A,N/A,N/A,N/A,N/A,N/A,N/A,N/A,N/A,N/A,N/A,N/A,N/A,N/A,N/A,N/A,N/A,N/A,N/A,N/A,N/A,N/A,N/A,N/A,N/A,N/A,N/A,N/A,N/A,N/A,N/A,N/A,N/A,N/A,N/A,N/A,N/A,N/A,N/A,N/A,N/A,N/A,N/A,N/A,N/A,N/A,N/A,N/A,N/A,N/A,N/A,N/A,N/A,N/A,N/A,N/A,N/A,N/A,N/A,N/A,N/A,N/A,N/A,N/A,N/A,N/A
Arnaldo Manoel de Almeida,34,703321200,1992/04/15,Serie B,2026,Defender,Náutico,580,234,346,Brazil,12,4,8,0,0,0,0,0,0,0,0,2,1,1,6,2,4,4,0,0,0,0,0,0,0,0.93,97,48,145,0,0.62,431,423,93,39,0,6.62,0,58,35.22,18.92,54,227,14.42,173,26,26.84,50,0.00,0.00,0.42,5,0.00,0.75,2.48,1.33,16,0.00,0.00,0.00,0.00,0.00,0.75,0.42,0.50,0.00,0.00,0.00,0.50,0.00,0.00,0.00,0.00,0.25,0.00,0.00,0,0,,0,0.00,8,0,0.00,20,0,0.00,8,5,6,6,95,0.00,99,0,9,1.40,91,9,56,1.40,58,0,0.00,99,0,0.00,0,0,0.00,0,0.78,48,6,0.93,51,5,0.78,83.33,0,0.00,0,0,0,0.00,0,6,0.00,57,0.93,32,N/A,N/A,N/A,N/A,0.00,0,0.00,0,0.00,0.00,0,76.21,0.00,20,7,0.67,1.24,8,73,92,0,0,0,0.17,0.31,2,63,79.41,0.75,1.40,9,0,0.00,0.00,99,0.00,0,0,0,0.00,0.00,0,0.00,0.00,0.00,0.00,0,0,0.00,50,20,31,51,58,0.47,20,0.04,0.07,0.00,9,0.00,0.00,60,9,0.75,1.40,2.17,1.17,87,14,0.00,8,30,45,75,0,46,21,0,0.00,99,3,0.00,0.47,9.31,5.00,60,33,70,59,5.12,2.75,55.00,0,0.00,99,0,22.22,0,0.00,99,2,0.17,0.31,58,23,81,91,0,0,0,0,0,37,51,68,64,0,99,17,17,96,4,33,94,2,0,0
Arthur Caíke do Nascimento Cruz,34,708591600,1992/06/15,Serie B,2026,Forward,Botafogo SP,378,198,180,Brazil,11,6,5,1,1,0,0,0,0,0,0,3,0,3,3,2,1,0,0,0.24,0,0.24,0.45,0,378,0.71,126,34,0,0,0,74,193,-1,10,0,6.54,0,58,13.33,5.09,4,56,3.27,36,4,8.57,2,0.00,0.00,0.18,2,0.00,0.09,0.48,0.18,2,0.00,0.55,0.00,0.00,0.00,0.00,0.09,0.27,7.00,1.67,0.45,0.27,0.00,0.18,0.10,0.00,1.36,0.00,0.00,0,0,,7,0.64,71,2,0.48,70,5,1.19,74,2,8,3,13,0.00,99,0,0,0.00,9,1,30,0.24,31,0,0.00,99,0,0.00,0,0,0.00,0,0.48,35,3,0.71,41,1,0.24,33.33,0,0.00,0,0,0,0.00,0,3,0.00,81,0.71,13,N/A,N/A,N/A,N/A,0.00,0,0.00,0,1.10,0.00,0,64.29,28.57,51,79,0.09,0.24,1,32,31,0,0,0,0.00,0.00,0,22,71.95,0.73,1.90,8,0,0.00,0.00,99,0.00,0,0,0,0.00,0.00,0,0.00,0.00,0.00,0.00,0,0,14.29,84,1,24,65,81,0.16,8,0.01,0.04,1.10,81,0.10,0.26,31,3,0.27,0.71,2.62,1.00,95,11,0.26,80,22,58,75,0,46,98,0,0.00,99,15,0.00,3.57,15.71,6.00,66,21,66,96,5.00,1.91,31.82,6,1.43,12,0,0.00,0,0.00,99,0,0.00,0.00,30,3,90,54,0,0,0,0,0,73,86,68,95,0,99,42,13,13,0,0,13,18,0,0
Arthur Maron Cruz,19,1178002800,2007/05/01,Serie B,2026,Forward,Sport Recife,0,0,0,Brazil,0,0,0,0,0,0,0,0,0,0,0,0,0,0,0,0,0,0,0,0,0,0,0,0,0,0,0,0,0,0,0,-1,-1,-1,-1,N/A,N/A,N/A,N/A,N/A,N/A,N/A,N/A,N/A,N/A,N/A,N/A,N/A,N/A,N/A,N/A,N/A,N/A,N/A,N/A,N/A,N/A,N/A,N/A,N/A,N/A,N/A,N/A,N/A,N/A,N/A,N/A,N/A,N/A,N/A,N/A,N/A,N/A,N/A,N/A,N/A,N/A,N/A,N/A,N/A,N/A,N/A,N/A,N/A,N/A,N/A,N/A,N/A,N/A,N/A,N/A,N/A,N/A,N/A,N/A,N/A,N/A,N/A,N/A,N/A,N/A,N/A,N/A,N/A,N/A,N/A,N/A,N/A,N/A,N/A,N/A,N/A,N/A,N/A,N/A,N/A,N/A,N/A,N/A,N/A,N/A,N/A,N/A,N/A,N/A,N/A,N/A,N/A,N/A,N/A,N/A,N/A,N/A,N/A,N/A,N/A,N/A,N/A,N/A,N/A,N/A,N/A,N/A,N/A,N/A,N/A,N/A,N/A,N/A,N/A,N/A,N/A,N/A,N/A,N/A,N/A,N/A,N/A,N/A,N/A,N/A,N/A,N/A,N/A,N/A,N/A,N/A,N/A,N/A,N/A,N/A,N/A,N/A,N/A,N/A,N/A,N/A,N/A,N/A,N/A,N/A,N/A,N/A,N/A,N/A,N/A,N/A,N/A,N/A,N/A,N/A,N/A,N/A,N/A,N/A,N/A,N/A,N/A,N/A,N/A,N/A,N/A,N/A,N/A,N/A,N/A,N/A,N/A,N/A,N/A,N/A,N/A,N/A,N/A,N/A,N/A,N/A,N/A,N/A,N/A,N/A,N/A,N/A,N/A,N/A,N/A,N/A,N/A,N/A,N/A,N/A,N/A,N/A,N/A,N/A,N/A,N/A,N/A,N/A,N/A,N/A,N/A,N/A,N/A,N/A,N/A,N/A,N/A,N/A,N/A,N/A,N/A,N/A,N/A,N/A,N/A,N/A,N/A,N/A
Artur Sergio Batista de Souza,32,776070000,1994/08/05,Serie B,2026,Defender,Londrina,392,161,231,Brazil,8,3,5,0,0,0,0,0,0,0,0,1,1,0,8,3,5,1,0,0,0,0,0,0,0,1.84,49,49,392,0,0.23,386,406,197,19,0,6.62,0,58,39.72,21.62,68,173,17.50,140,46,32.14,64,0.00,0.00,0.50,4,0.00,1.25,2.53,1.38,11,0.00,0.12,0.00,0.00,0.00,0.25,0.00,1.00,0.00,0.92,0.38,0.00,0.00,0.12,0.04,0.00,1.00,0.00,0.00,0,0,,4,0.50,46,1,0.23,46,3,0.69,50,2,4,4,95,0.00,99,0,2,0.46,34,10,51,2.30,66,0,0.00,99,0,0.00,0,0,0.00,0,0.92,58,0,0.00,12,0,0.00,0.00,0,0.00,0,0,0,0.00,0,8,0.00,6,1.84,83,N/A,N/A,N/A,N/A,0.00,0,0.00,0,0.29,0.00,0,80.92,25.00,46,5,0.75,1.38,6,17,17,0,0,0,0.38,0.69,3,86,52.99,2.38,4.36,19,0,0.00,0.00,99,0.00,0,0,0,0.00,0.00,0,0.00,0.00,0.00,0.00,0,0,0.00,50,3,12,51,6,0.44,43,0.06,0.10,0.29,42,0.04,0.07,22,2,0.25,0.46,1.15,0.62,40,5,0.07,41,30,85,75,0,46,78,0,0.00,99,8,0.00,1.84,7.58,4.12,33,21,62,37,4.82,2.62,63.64,1,0.23,75,0,20.00,0,0.00,99,2,0.25,0.46,66,8,69,54,0,0,0,0,0,37,51,68,64,0,99,12,59,55,1,12,46,96,0,0
Audenirton Soares da Silva,26,958374000,2000/05/15,Serie B,2026,Goalkeeper,Fortaleza,0,0,0,Brazil,0,0,0,0,0,0,0,0,0,0,0,0,0,0,0,0,0,0,0,0,0,0,0,0,0,0,0,0,0,0,0,-1,-1,-1,-1,N/A,N/A,N/A,N/A,N/A,N/A,N/A,N/A,N/A,N/A,N/A,N/A,N/A,N/A,N/A,N/A,N/A,N/A,N/A,N/A,N/A,N/A,N/A,N/A,N/A,N/A,N/A,N/A,N/A,N/A,N/A,N/A,N/A,N/A,N/A,N/A,N/A,N/A,N/A,N/A,N/A,N/A,N/A,N/A,N/A,N/A,N/A,N/A,N/A,N/A,N/A,N/A,N/A,N/A,N/A,N/A,N/A,N/A,N/A,N/A,N/A,N/A,N/A,N/A,N/A,N/A,N/A,N/A,N/A,N/A,N/A,N/A,N/A,N/A,N/A,N/A,N/A,N/A,N/A,N/A,N/A,N/A,N/A,N/A,N/A,N/A,N/A,N/A,N/A,N/A,N/A,N/A,N/A,N/A,N/A,N/A,N/A,N/A,N/A,N/A,N/A,N/A,N/A,N/A,N/A,N/A,N/A,N/A,N/A,N/A,N/A,N/A,N/A,N/A,N/A,N/A,N/A,N/A,N/A,N/A,N/A,N/A,N/A,N/A,N/A,N/A,N/A,N/A,N/A,N/A,N/A,N/A,N/A,N/A,N/A,N/A,N/A,N/A,N/A,N/A,N/A,N/A,N/A,N/A,N/A,N/A,N/A,N/A,N/A,N/A,N/A,N/A,N/A,N/A,N/A,N/A,N/A,N/A,N/A,N/A,N/A,N/A,N/A,N/A,N/A,N/A,N/A,N/A,N/A,N/A,N/A,N/A,N/A,N/A,N/A,N/A,N/A,N/A,N/A,N/A,N/A,N/A,N/A,N/A,N/A,N/A,N/A,N/A,N/A,N/A,N/A,N/A,N/A,N/A,N/A,N/A,N/A,N/A,N/A,N/A,N/A,N/A,N/A,N/A,N/A,N/A,N/A,N/A,N/A,N/A,N/A,N/A,N/A,N/A,N/A,N/A,N/A,N/A,N/A,N/A,N/A,N/A,N/A,N/A
Augusto de Freitas,18,1194073200,2007/11/03,Serie B,2026,Defender,Sport Recife,959,479,480,Brazil,18,9,9,1,1,0,1,0,1,0,0,6,2,4,9,6,3,3,0,0.19,0.09,0.09,0.19,0,959,0.84,107,53,320,959,0.28,172,135,76,9,0,6.35,0.06,70,35.16,20.32,54,386,16.58,315,50,28.69,56,0.00,0.00,0.68,13,0.00,1.84,2.00,1.16,22,0.00,0.42,0.00,0.00,0.00,0.47,0.37,0.47,6.00,0.55,0.11,0.63,0.00,0.21,0.06,0.00,0.32,0.00,0.00,0,0,,6,0.32,27,4,0.36,59,2,0.18,13,2,8,10,85,0.00,99,0,9,0.82,59,35,66,3.19,75,0,0.00,99,0,0.00,0,0,0.00,0,1.18,71,12,1.09,59,7,0.64,58.33,0,0.00,0,0,0,0.00,0,9,0.00,65,0.82,22,N/A,N/A,N/A,N/A,0.00,0,0.00,0,1.22,0.00,0,81.61,66.67,98,37,0.37,0.64,7,65,74,0,0,0,0.26,0.46,5,75,120.72,0.95,1.64,18,0,0.00,0.00,99,0.00,0,0,0,0.00,0.00,0,0.00,0.00,0.00,0.00,0,0,16.67,89,48,68,89,65,1.75,74,0.09,0.16,1.22,56,0.06,0.11,26,6,0.32,0.55,0.91,0.53,28,10,0.11,55,14,53,75,0,46,26,0,0.00,99,6,0.00,0.55,7.38,4.26,81,41,33,34,3.73,2.16,50.62,8,0.73,40,0,25.71,0,0.00,99,9,0.47,0.82,79,47,90,54,0,0,0,0,0,66,62,68,77,0,99,64,50,64,3,17,62,68,0,0
Augusto De Souza Silva,29,861174000,1997/04/16,Serie B,2026,Defender,São Bernardo,1620,900,720,Brazil,18,10,8,0,0,0,0,0,0,0,0,5,3,2,17,9,8,5,0,0,0,0,0,0,0,0.94,95,90,324,0,0.28,374,362,95,27,0,6.88,0,58,57.00,57.00,97,1026,50.00,900,87,50.00,96,0.00,0.00,0.39,7,0.00,0.11,0.94,0.94,17,0.00,0.50,0.00,0.00,0.00,1.17,0.56,0.94,0.00,0.39,0.33,0.78,0.00,0.06,0.02,0.00,2.11,0.00,0.00,0,0,,7,0.39,21,1,0.06,21,6,0.33,27,0,0,18,33,0.00,99,0,21,1.17,82,2,96,0.11,20,0,0.00,99,0,0.00,0,0,0.00,0,0.39,27,14,0.78,45,10,0.56,71.43,0,0.00,0,0,0,0.00,0,17,0.00,56,0.94,33,N/A,N/A,N/A,N/A,0.00,0,0.00,0,0.42,0.00,0,87.72,14.29,26,72,0.33,0.33,6,61,86,0,0,0,0.89,0.89,16,94,123.82,4.61,4.61,83,0,0.00,0.00,99,0.00,0,0,0,0.00,0.00,0,0.00,0.00,0.11,0.11,2,0,0.00,50,85,68,51,56,1.87,43,0.10,0.10,0.42,19,0.02,0.02,24,9,0.50,0.50,1.06,1.06,36,19,0.02,18,70,87,75,0,61,84,0,0.00,99,38,0.00,2.11,7.56,7.56,136,73,42,36,4.06,4.06,53.68,9,0.50,56,0,50.00,0,0.00,99,1,0.06,0.06,34,82,24,12,0,0,0,0,0,37,51,68,64,0,99,51,50,64,5,28,86,97,0,0
Auremir Evangelista dos Santos,34,684486000,1991/09/10,Serie B,2026,Midfielder,Náutico,129,107,22,Brazil,5,4,1,0,0,0,0,0,0,0,0,3,2,1,1,1,0,0,0,0,0,0,0,0,0,0.7,129,26,0,0,0,-1,-1,-1,25,0,5.25,0,58,27.91,8.00,36,40,5.80,29,14,20.23,32,0.00,0.00,0.20,1,0.00,0.00,1.40,0.40,2,0.00,0.00,0.00,0.00,0.00,0.20,0.00,0.20,0.00,0.00,0.00,0.00,0.00,0.00,0.00,0.00,0.80,0.00,0.00,0,0,,0,0.00,8,0,0.00,20,0,0.00,8,3,4,1,60,0.00,99,0,1,0.70,50,0,30,0.00,15,0,0.00,99,0,0.00,0,0,0.00,0,0.70,46,0,0.00,12,0,0.00,0.00,0,0.00,0,0,0,0.00,0,1,0.00,82,0.70,12,N/A,N/A,N/A,N/A,0.00,0,0.00,0,0.00,0.00,0,72.50,0.00,20,4,0.40,1.40,2,17,17,0,0,0,0.00,0.00,0,22,26.24,0.20,0.70,1,0,0.00,0.00,99,0.00,0,0,0,0.00,0.00,0,0.00,0.00,0.00,0.00,0,0,0.00,50,0,2,51,83,0.10,20,0.02,0.07,0.00,9,0.00,0.00,83,3,0.60,2.09,2.79,0.80,97,4,0.00,8,1,21,75,0,46,93,0,0.00,99,4,0.00,2.79,11.16,3.20,16,9,87,78,6.28,1.80,56.25,0,0.00,99,0,0.00,0,0.00,99,0,0.00,0.00,30,0,69,71,0,0,0,0,0,37,51,68,64,0,99,95,13,13,0,0,13,5,0,0
Aylon Darwin Tavella,34,702630000,1992/04/07,Serie B,2026,Forward,Operário PR,1302,700,602,Brazil,21,13,8,2,1,1,2,1,1,0,0,8,6,2,17,6,11,3,0,0.28,0.14,0.14,0.13,0.15,651,1.18,77,62,434,651,0.21,132,99,-1,5,0,6.81,0.1,80,24.68,17.00,27,357,13.29,279,33,19.29,30,0.00,0.00,0.86,18,0.00,0.62,1.73,1.19,25,0.00,0.48,0.00,0.00,0.00,0.38,0.29,0.81,10.50,1.45,0.67,0.76,0.00,0.33,0.13,0.00,0.76,0.00,0.00,0,0,,21,1.00,66,7,0.48,70,14,0.97,64,2,2,19,73,0.00,99,0,8,0.55,38,13,88,0.90,50,0,0.00,99,0,0.00,0,0,0.00,0,1.24,72,16,1.11,60,6,0.41,37.50,0,0.00,0,0,0,0.00,0,17,0.00,32,1.18,57,N/A,N/A,N/A,N/A,0.00,0,0.00,0,2.71,0.00,0,78.15,33.33,66,45,0.38,0.55,8,47,33,0,0,0,0.05,0.07,1,27,143.11,0.71,1.04,15,0,0.00,0.00,99,0.00,0,0,1,0.05,0.07,0,0.00,0.00,0.48,0.33,7,0,9.52,70,68,88,80,34,2.47,78,0.12,0.17,2.71,72,0.13,0.19,60,20,0.95,1.38,1.73,1.19,75,25,0.19,70,58,34,82,0,89,56,0,0.00,99,16,0.00,1.11,9.26,6.38,134,67,58,58,4.63,3.19,50.00,10,0.69,44,0,38.46,0,0.00,99,5,0.24,0.35,60,86,50,54,0,0,0,0,0,77,72,77,73,0,99,73,64,49,3,14,55,11,0,0
Benjamín Borasi,28,879235200,1997/11/11,Serie B,2026,Forward,Náutico,403,153,250,Argentina,5,2,3,1,0,1,0,0,0,0,0,2,1,1,3,1,2,2,0,0.22,0,0.22,0,0.36,403,0.67,134,81,202,0,0.45,85,205,-1,7,0,6.87,0,58,22.84,20.20,21,101,14.40,72,12,16.28,20,0.00,0.00,1.20,6,0.00,1.80,2.26,2.00,10,0.00,1.60,0.00,0.00,0.00,0.20,0.60,0.60,5.00,1.13,0.20,1.20,0.00,0.80,0.24,0.00,0.80,0.00,0.00,0,0,,5,1.00,58,4,0.90,89,1,0.23,18,1,1,4,89,0.00,99,0,1,0.23,18,9,56,2.04,65,0,0.00,99,0,0.00,0,0,0.00,0,1.36,77,6,1.36,69,3,0.68,50.00,0,0.00,0,0,0,0.00,0,3,0.00,86,0.68,11,N/A,N/A,N/A,N/A,0.00,0,0.00,0,1.18,0.00,0,71.29,80.00,99,33,0.60,0.68,3,68,63,0,0,0,0.20,0.23,1,52,34.34,0.60,0.68,3,0,0.00,0.00,99,0.00,0,0,0,0.00,0.00,0,0.00,0.00,0.00,0.00,0,0,20.00,94,4,2,67,86,0.37,27,0.07,0.08,1.18,83,0.24,0.27,58,6,1.20,1.36,2.71,2.40,96,12,0.27,82,68,21,75,0,46,47,0,0.00,99,4,0.00,0.90,12.44,11.00,55,23,73,85,5.20,4.60,41.82,8,1.81,5,0,22.22,0,0.00,99,2,0.40,0.45,65,8,41,36,0,0,0,0,0,70,84,92,64,0,99,77,25,90,2,40,98,24,0,0
Brayann Brito Batista,28,877762800,1997/10/25,Serie B,2026,Midfielder,Goiás,177,129,48,Brazil,7,4,3,0,0,0,0,0,0,0,0,1,1,0,6,5,1,0,0,0,0,0,0,0,0,3.05,30,25,0,0,0,-1,-1,-1,14,0,5.68,0,58,58.47,16.43,98,115,13.57,95,56,48.31,95,0.00,0.00,0.71,5,0.00,1.43,4.07,1.14,8,0.00,0.71,0.00,0.00,0.00,0.00,1.00,1.00,0.00,2.54,0.43,2.14,0.00,0.29,0.06,0.00,0.00,0.00,0.00,0,0,,5,0.71,89,2,1.02,92,3,1.53,86,0,7,0,99,0.00,99,0,0,0.00,9,10,78,5.08,92,0,0.00,99,0,0.00,0,0,0.00,0,2.54,97,15,7.63,99,7,3.56,46.67,0,0.00,0,0,0,0.00,0,7,0.00,0,3.56,95,N/A,N/A,N/A,N/A,0.00,0,0.00,0,0.39,0.00,0,82.61,40.00,78,0,0.57,2.03,4,99,49,0,0,0,0.00,0.00,0,22,39.76,0.14,0.51,1,0,0.00,0.00,99,0.00,0,0,0,0.00,0.00,0,0.00,0.00,0.00,0.00,0,0,0.00,50,0,8,51,0,0.38,83,0.05,0.19,0.39,73,0.06,0.20,98,7,1.00,3.56,2.03,0.57,84,4,0.20,71,2,13,75,0,46,2,0,0.00,99,0,0.00,0.00,23.90,6.71,47,22,99,99,11.19,3.14,46.81,5,2.54,0,0,30.00,0,0.00,99,3,0.43,1.53,95,0,85,12,0,0,0,0,0,37,51,68,64,0,99,14,13,13,0,0,13,88,0,0
Brenno das Chagas Gomes,19,1173427200,2007/03/09,Serie B,2026,Forward,Atlético GO,0,0,0,Brazil,0,0,0,0,0,0,0,0,0,0,0,0,0,0,0,0,0,0,0,0,0,0,0,0,0,0,0,0,0,0,0,-1,-1,-1,-1,N/A,N/A,N/A,N/A,N/A,N/A,N/A,N/A,N/A,N/A,N/A,N/A,N/A,N/A,N/A,N/A,N/A,N/A,N/A,N/A,N/A,N/A,N/A,N/A,N/A,N/A,N/A,N/A,N/A,N/A,N/A,N/A,N/A,N/A,N/A,N/A,N/A,N/A,N/A,N/A,N/A,N/A,N/A,N/A,N/A,N/A,N/A,N/A,N/A,N/A,N/A,N/A,N/A,N/A,N/A,N/A,N/A,N/A,N/A,N/A,N/A,N/A,N/A,N/A,N/A,N/A,N/A,N/A,N/A,N/A,N/A,N/A,N/A,N/A,N/A,N/A,N/A,N/A,N/A,N/A,N/A,N/A,N/A,N/A,N/A,N/A,N/A,N/A,N/A,N/A,N/A,N/A,N/A,N/A,N/A,N/A,N/A,N/A,N/A,N/A,N/A,N/A,N/A,N/A,N/A,N/A,N/A,N/A,N/A,N/A,N/A,N/A,N/A,N/A,N/A,N/A,N/A,N/A,N/A,N/A,N/A,N/A,N/A,N/A,N/A,N/A,N/A,N/A,N/A,N/A,N/A,N/A,N/A,N/A,N/A,N/A,N/A,N/A,N/A,N/A,N/A,N/A,N/A,N/A,N/A,N/A,N/A,N/A,N/A,N/A,N/A,N/A,N/A,N/A,N/A,N/A,N/A,N/A,N/A,N/A,N/A,N/A,N/A,N/A,N/A,N/A,N/A,N/A,N/A,N/A,N/A,N/A,N/A,N/A,N/A,N/A,N/A,N/A,N/A,N/A,N/A,N/A,N/A,N/A,N/A,N/A,N/A,N/A,N/A,N/A,N/A,N/A,N/A,N/A,N/A,N/A,N/A,N/A,N/A,N/A,N/A,N/A,N/A,N/A,N/A,N/A,N/A,N/A,N/A,N/A,N/A,N/A,N/A,N/A,N/A,N/A,N/A,N/A,N/A,N/A,N/A,N/A,N/A,N/A
Brenno Faro Klippel,23,1045468800,2003/02/17,Serie B,2026,Goalkeeper,Botafogo SP,0,0,0,Brazil,0,0,0,0,0,0,0,0,0,0,0,0,0,0,0,0,0,0,0,0,0,0,0,0,0,0,0,0,0,0,0,-1,-1,-1,-1,N/A,N/A,N/A,N/A,N/A,N/A,N/A,N/A,N/A,N/A,N/A,N/A,N/A,N/A,N/A,N/A,N/A,N/A,N/A,N/A,N/A,N/A,N/A,N/A,N/A,N/A,N/A,N/A,N/A,N/A,N/A,N/A,N/A,N/A,N/A,N/A,N/A,N/A,N/A,N/A,N/A,N/A,N/A,N/A,N/A,N/A,N/A,N/A,N/A,N/A,N/A,N/A,N/A,N/A,N/A,N/A,N/A,N/A,N/A,N/A,N/A,N/A,N/A,N/A,N/A,N/A,N/A,N/A,N/A,N/A,N/A,N/A,N/A,N/A,N/A,N/A,N/A,N/A,N/A,N/A,N/A,N/A,N/A,N/A,N/A,N/A,N/A,N/A,N/A,N/A,N/A,N/A,N/A,N/A,N/A,N/A,N/A,N/A,N/A,N/A,N/A,N/A,N/A,N/A,N/A,N/A,N/A,N/A,N/A,N/A,N/A,N/A,N/A,N/A,N/A,N/A,N/A,N/A,N/A,N/A,N/A,N/A,N/A,N/A,N/A,N/A,N/A,N/A,N/A,N/A,N/A,N/A,N/A,N/A,N/A,N/A,N/A,N/A,N/A,N/A,N/A,N/A,N/A,N/A,N/A,N/A,N/A,N/A,N/A,N/A,N/A,N/A,N/A,N/A,N/A,N/A,N/A,N/A,N/A,N/A,N/A,N/A,N/A,N/A,N/A,N/A,N/A,N/A,N/A,N/A,N/A,N/A,N/A,N/A,N/A,N/A,N/A,N/A,N/A,N/A,N/A,N/A,N/A,N/A,N/A,N/A,N/A,N/A,N/A,N/A,N/A,N/A,N/A,N/A,N/A,N/A,N/A,N/A,N/A,N/A,N/A,N/A,N/A,N/A,N/A,N/A,N/A,N/A,N/A,N/A,N/A,N/A,N/A,N/A,N/A,N/A,N/A,N/A,N/A,N/A,N/A,N/A,N/A,N/A
Brenno Oliveira Fraga Costa,27,922953600,1999/04/01,Serie B,2026,Goalkeeper,Sport Recife,270,180,90,Brazil,3,2,1,0,0,0,0,0,0,0,0,1,1,0,5,1,4,0,0,0,0,0,0,0,0,1.67,54,90,0,0,0,-1,-1,-1,23,0,6.49,0,58,14.00,14.00,4,42,9.67,29,9,9.67,4,0.00,0.00,0.00,0,0.00,0.00,0.00,0.00,0,0.00,0.00,0.00,0.00,1.67,0.00,0.00,3.33,0.00,0.00,0.00,0.00,0.00,0.00,0.00,0.00,0.33,0.00,0.00,0,0,,0,0.00,8,0,0.00,20,0,0.00,8,0,0,3,6,0.00,99,0,0,0.00,9,0,30,0.00,15,0,0.00,99,0,0.00,0,0,0.00,0,0.00,7,0,0.00,12,0,0.00,0.00,0,0.00,0,5,0,1.67,3,10,0.00,9,3.33,94,N/A,N/A,N/A,N/A,50.00,0,0.00,0,0.00,0.00,0,69.05,0.00,20,99,0.00,0.00,0,17,17,0,0,3,0.00,0.00,0,22,19.46,1.00,1.00,3,0,0.00,0.00,99,0.00,0,0,0,0.00,0.00,1,0.33,0.33,0.00,0.00,0,0,0.00,50,0,0,51,10,0.07,1,0.02,0.02,0.00,9,0.00,0.00,12,1,0.33,0.33,0.00,0.00,6,0,0.00,8,19,32,75,27,46,13,0,0.00,99,1,0.00,0.33,0.33,0.33,1,1,3,2,0.33,0.33,100.00,0,0.00,99,0,0.00,0,0.00,99,0,0.00,0.00,30,3,24,12,0,0,0,0,0,37,51,68,64,0,99,64,13,13,0,0,13,12,0,0
Brenno Pereira Silva,21,1116226800,2005/05/16,Serie B,2026,Midfielder,Operário PR,0,0,0,Brazil,0,0,0,0,0,0,0,0,0,0,0,0,0,0,0,0,0,0,0,0,0,0,0,0,0,0,0,0,0,0,0,-1,-1,-1,-1,N/A,N/A,N/A,N/A,N/A,N/A,N/A,N/A,N/A,N/A,N/A,N/A,N/A,N/A,N/A,N/A,N/A,N/A,N/A,N/A,N/A,N/A,N/A,N/A,N/A,N/A,N/A,N/A,N/A,N/A,N/A,N/A,N/A,N/A,N/A,N/A,N/A,N/A,N/A,N/A,N/A,N/A,N/A,N/A,N/A,N/A,N/A,N/A,N/A,N/A,N/A,N/A,N/A,N/A,N/A,N/A,N/A,N/A,N/A,N/A,N/A,N/A,N/A,N/A,N/A,N/A,N/A,N/A,N/A,N/A,N/A,N/A,N/A,N/A,N/A,N/A,N/A,N/A,N/A,N/A,N/A,N/A,N/A,N/A,N/A,N/A,N/A,N/A,N/A,N/A,N/A,N/A,N/A,N/A,N/A,N/A,N/A,N/A,N/A,N/A,N/A,N/A,N/A,N/A,N/A,N/A,N/A,N/A,N/A,N/A,N/A,N/A,N/A,N/A,N/A,N/A,N/A,N/A,N/A,N/A,N/A,N/A,N/A,N/A,N/A,N/A,N/A,N/A,N/A,N/A,N/A,N/A,N/A,N/A,N/A,N/A,N/A,N/A,N/A,N/A,N/A,N/A,N/A,N/A,N/A,N/A,N/A,N/A,N/A,N/A,N/A,N/A,N/A,N/A,N/A,N/A,N/A,N/A,N/A,N/A,N/A,N/A,N/A,N/A,N/A,N/A,N/A,N/A,N/A,N/A,N/A,N/A,N/A,N/A,N/A,N/A,N/A,N/A,N/A,N/A,N/A,N/A,N/A,N/A,N/A,N/A,N/A,N/A,N/A,N/A,N/A,N/A,N/A,N/A,N/A,N/A,N/A,N/A,N/A,N/A,N/A,N/A,N/A,N/A,N/A,N/A,N/A,N/A,N/A,N/A,N/A,N/A,N/A,N/A,N/A,N/A,N/A,N/A,N/A,N/A,N/A,N/A,N/A,N/A
Bruno Aparecido Reis Ezequiel,33,720432000,1992/10/30,Serie B,2026,Midfielder,Operário PR,444,352,92,Brazil,11,7,4,0,0,0,0,0,0,0,0,6,5,1,7,5,2,3,0,0,0,0,0,0,0,1.42,63,40,148,0,0.61,370,358,-1,20,0,6.55,0,58,46.01,20.64,82,227,18.55,204,95,41.35,86,0.00,0.00,0.18,2,0.00,0.00,1.42,0.64,7,0.00,0.27,0.00,0.00,0.00,0.27,0.18,0.73,0.00,0.61,0.27,0.27,0.00,0.00,0.02,0.00,0.18,0.00,0.00,0,0,,3,0.27,31,0,0.00,20,3,0.61,44,5,5,6,61,0.00,99,0,3,0.61,43,0,30,0.00,15,0,0.00,99,0,0.00,0,0,0.00,0,0.41,28,3,0.61,37,2,0.41,66.67,0,0.00,0,0,0,0.00,0,8,0.00,15,1.62,80,N/A,N/A,N/A,N/A,0.00,0,0.00,0,0.17,0.00,0,89.87,0.00,20,24,0.36,0.81,4,47,85,0,0,0,0.18,0.41,2,71,72.10,0.55,1.22,6,0,0.00,0.00,99,0.00,0,0,0,0.00,0.00,0,0.00,0.00,0.00,0.00,0,0,0.00,50,7,24,51,16,0.48,43,0.04,0.10,0.17,24,0.02,0.03,43,5,0.45,1.01,1.22,0.55,45,6,0.03,24,23,40,75,0,46,17,0,0.00,99,2,0.00,0.41,6.28,2.82,31,16,23,21,3.24,1.45,51.61,3,0.61,50,0,0.00,0,0.00,99,0,0.00,0.00,30,23,77,91,0,0,0,0,0,37,51,68,64,0,99,93,18,96,3,27,85,5,0,0
Bruno Brígido de Oliveira,35,668505600,1991/03/09,Serie B,2026,Goalkeeper,América Mineiro,90,0,90,Brazil,1,0,1,0,0,0,0,0,0,0,0,0,0,0,2,0,2,0,0,0,0,0,0,0,0,2,45,90,0,0,0,-1,-1,-1,21,0,6.98,0,58,40.00,40.00,69,40,32.00,32,39,32.00,63,0.00,0.00,0.00,0,0.00,0.00,0.00,0.00,0,0.00,0.00,0.00,0.00,5.00,0.00,0.00,8.00,0.00,0.00,0.00,0.00,0.00,0.00,0.00,0.00,1.00,0.00,0.00,0,0,,0,0.00,8,0,0.00,20,0,0.00,8,0,0,1,6,0.00,99,0,0,0.00,9,0,30,0.00,15,0,0.00,99,0,0.00,0,0,0.00,0,0.00,7,0,0.00,12,0,0.00,0.00,0,0.00,0,5,7,5.00,99,8,0.00,3,8.00,99,N/A,N/A,N/A,N/A,62.50,0,0.00,0,0.00,0.00,0,80.00,0.00,20,99,0.00,0.00,0,17,17,0,0,2,0.00,0.00,0,22,6.98,1.00,1.00,1,0,0.00,0.00,99,0.00,0,0,0,0.00,0.00,1,1.00,1.00,0.00,0.00,0,0,0.00,50,0,0,51,3,0.06,15,0.06,0.06,0.00,9,0.00,0.00,2,0,0.00,0.00,0.00,0.00,6,0,0.00,8,83,32,75,83,46,52,0,0.00,99,1,0.00,1.00,1.00,1.00,1,1,6,6,1.00,1.00,100.00,0,0.00,99,0,0.00,0,0.00,99,0,0.00,0.00,30,0,24,12,0,0,0,0,0,37,51,68,64,0,99,2,13,13,0,0,13,91,0,0
Bruno César Pereira Silva,21,1118473200,2005/06/11,Serie B,2026,Midfielder,Fortaleza,0,0,0,Brazil,0,0,0,0,0,0,0,0,0,0,0,0,0,0,0,0,0,0,0,0,0,0,0,0,0,0,0,0,0,0,0,-1,-1,-1,-1,N/A,N/A,N/A,N/A,N/A,N/A,N/A,N/A,N/A,N/A,N/A,N/A,N/A,N/A,N/A,N/A,N/A,N/A,N/A,N/A,N/A,N/A,N/A,N/A,N/A,N/A,N/A,N/A,N/A,N/A,N/A,N/A,N/A,N/A,N/A,N/A,N/A,N/A,N/A,N/A,N/A,N/A,N/A,N/A,N/A,N/A,N/A,N/A,N/A,N/A,N/A,N/A,N/A,N/A,N/A,N/A,N/A,N/A,N/A,N/A,N/A,N/A,N/A,N/A,N/A,N/A,N/A,N/A,N/A,N/A,N/A,N/A,N/A,N/A,N/A,N/A,N/A,N/A,N/A,N/A,N/A,N/A,N/A,N/A,N/A,N/A,N/A,N/A,N/A,N/A,N/A,N/A,N/A,N/A,N/A,N/A,N/A,N/A,N/A,N/A,N/A,N/A,N/A,N/A,N/A,N/A,N/A,N/A,N/A,N/A,N/A,N/A,N/A,N/A,N/A,N/A,N/A,N/A,N/A,N/A,N/A,N/A,N/A,N/A,N/A,N/A,N/A,N/A,N/A,N/A,N/A,N/A,N/A,N/A,N/A,N/A,N/A,N/A,N/A,N/A,N/A,N/A,N/A,N/A,N/A,N/A,N/A,N/A,N/A,N/A,N/A,N/A,N/A,N/A,N/A,N/A,N/A,N/A,N/A,N/A,N/A,N/A,N/A,N/A,N/A,N/A,N/A,N/A,N/A,N/A,N/A,N/A,N/A,N/A,N/A,N/A,N/A,N/A,N/A,N/A,N/A,N/A,N/A,N/A,N/A,N/A,N/A,N/A,N/A,N/A,N/A,N/A,N/A,N/A,N/A,N/A,N/A,N/A,N/A,N/A,N/A,N/A,N/A,N/A,N/A,N/A,N/A,N/A,N/A,N/A,N/A,N/A,N/A,N/A,N/A,N/A,N/A,N/A,N/A,N/A,N/A,N/A,N/A,N/A
Bruno Cesar Xavier Sislo,29,849081600,1996/11/27,Serie B,2026,Midfielder,Vila Nova,208,143,65,Brazil,7,3,4,1,1,0,0,0,0,0,0,3,2,1,2,1,1,0,0,0.43,0,0.43,0.63,0,208,0.87,104,30,0,0,0,-1,-1,-1,11,0,5.67,0,58,16.22,5.71,7,40,4.43,31,30,12.57,10,0.00,0.00,0.29,2,0.00,0.86,0.81,0.29,2,0.00,0.86,0.00,0.00,0.00,0.00,0.00,0.43,5.00,2.03,0.57,0.43,0.00,0.14,0.13,0.00,0.14,0.00,0.00,0,0,,5,0.71,81,1,0.41,64,4,1.62,89,2,5,2,26,0.00,99,0,0,0.00,9,6,42,2.43,67,0,0.00,99,0,0.00,0,0,0.00,0,0.81,51,3,1.22,64,0,0.00,0.00,0,0.00,0,0,0,0.00,0,3,0.00,62,1.22,60,N/A,N/A,N/A,N/A,0.00,0,0.00,0,0.90,0.00,0,77.50,20.00,36,62,0.14,0.41,1,17,17,0,0,0,0.00,0.00,0,22,39.67,0.14,0.41,1,0,0.00,0.00,99,0.00,0,0,0,0.00,0.00,0,0.00,0.00,0.00,0.00,0,0,20.00,94,0,8,54,63,0.16,15,0.02,0.06,0.90,92,0.13,0.36,36,2,0.29,0.81,0.00,0.00,6,0,0.36,91,1,10,75,0,46,17,0,0.00,99,1,0.00,0.41,4.46,1.57,11,5,8,9,2.03,0.71,45.45,6,2.43,1,0,16.67,0,0.00,99,1,0.14,0.41,64,1,77,54,0,0,0,0,0,90,97,68,98,0,99,84,13,13,0,0,13,33,0,0
Bruno Fabiano Alves,35,671785200,1991/04/16,Serie B,2026,Defender,Criciúma,986,326,660,Brazil,14,5,9,2,1,1,0,0,0,0,0,5,2,3,8,3,5,5,0,0.18,0,0.18,0.28,0.14,493,0.73,123,70,197,0,0.46,105,455,45,6,0,6.89,0,58,33.32,26.07,50,365,20.36,285,32,26.01,47,0.00,0.00,0.00,0,0.00,0.21,2.01,1.57,22,0.00,0.14,0.00,0.00,0.00,1.36,0.00,0.64,4.00,0.73,0.29,0.00,0.00,0.29,0.13,0.00,2.64,0.00,0.00,0,0,,8,0.57,38,4,0.37,60,4,0.37,29,3,2,12,85,0.00,99,0,19,1.73,96,3,85,0.27,32,0,0.00,99,0,0.00,0,0,0.00,0,0.00,7,0,0.00,12,0,0.00,0.00,0,0.00,0,0,0,0.00,0,9,0.00,78,0.82,22,N/A,N/A,N/A,N/A,0.00,0,0.00,0,1.88,0.00,0,78.08,50.00,92,91,0.07,0.09,1,17,17,0,0,0,0.57,0.73,8,88,96.45,5.14,6.57,72,0,0.00,0.00,99,0.00,0,0,0,0.00,0.00,0,0.00,0.00,0.09,0.07,1,0,25.00,97,50,41,73,79,0.71,15,0.05,0.06,1.88,67,0.13,0.17,26,6,0.43,0.55,1.83,1.43,79,20,0.17,66,72,96,75,0,58,97,0,0.00,99,37,0.00,3.38,9.49,7.43,104,64,83,62,5.84,4.57,61.54,2,0.18,79,0,33.33,0,0.00,99,1,0.07,0.09,37,55,50,71,0,0,0,0,0,64,79,75,83,0,99,68,23,90,5,36,95,34,0,0
Bruno Fernandes Xavier,19,1175756400,2007/04/05,Serie B,2026,Midfielder,Athletic Club,35,35,0,Brazil,1,1,0,0,0,0,0,0,0,0,0,0,0,0,0,0,0,0,0,0,0,0,0,0,0,0,0,35,0,0,0,-1,-1,-1,14,0,0.00,0,58,30.86,12.00,42,12,11.00,11,99,28.29,54,0.00,0.00,1.00,1,0.00,7.00,0.00,0.00,0,0.00,3.00,0.00,0.00,0.00,0.00,0.00,0.00,0.00,5.14,2.00,0.00,0.00,0.00,0.09,0.00,0.00,0.00,0.00,0,0,,2,2.00,99,0,0.00,20,2,5.14,99,0,1,0,6,0.00,99,0,0,0.00,9,7,37,18.00,99,0,0.00,99,0,0.00,0,0,0.00,0,2.57,97,0,0.00,12,0,0.00,0.00,0,0.00,0,0,0,0.00,0,0,0.00,99,0.00,0,N/A,N/A,N/A,N/A,0.00,0,0.00,0,0.09,0.00,0,91.67,0.00,20,99,0.00,0.00,0,17,17,0,0,0,0.00,0.00,0,22,0.00,0.00,0.00,0,0,0.00,0.00,99,0.00,0,0,0,0.00,0.00,0,0.00,0.00,0.00,0.00,0,0,0.00,50,0,0,51,0,0.07,80,0.07,0.18,0.09,77,0.09,0.23,2,0,0.00,0.00,2.57,1.00,94,1,0.23,75,0,1,75,0,46,2,0,0.00,99,0,0.00,0.00,20.57,8.00,8,2,70,99,5.14,2.00,25.00,3,7.71,0,0,14.29,0,0.00,99,1,1.00,2.57,99,0,41,12,0,0,0,0,0,37,51,68,64,0,99,2,13,13,0,0,13,7,0,0
Bruno Ferreira Ventura de Lins,32,763804800,1994/03/16,Serie B,2026,Goalkeeper,Avaí,810,450,360,Brazil,9,5,4,0,0,0,0,0,0,0,0,1,0,1,11,7,4,2,0,0,0,0,0,0,0,1.22,74,90,405,0,0.22,376,366,148,24,0,6.66,0,58,21.33,21.33,18,192,13.78,124,4,13.78,13,0.00,0.00,0.00,0,0.00,0.00,0.00,0.00,0,0.00,0.00,0.00,0.00,2.78,0.00,0.00,4.11,0.00,0.00,0.00,0.00,0.00,0.00,0.00,0.00,0.22,0.00,0.00,0,0,,0,0.00,8,0,0.00,20,0,0.00,8,0,0,9,6,0.00,99,0,0,0.00,9,0,30,0.00,15,0,0.00,99,0,0.00,0,0,0.00,0,0.00,7,0,0.00,12,0,0.00,0.00,0,0.00,0,25,14,2.78,31,37,0.00,29,4.11,97,N/A,N/A,N/A,N/A,67.57,0,0.00,0,0.00,0.00,0,64.58,0.00,20,99,0.00,0.00,0,17,17,0,0,10,0.00,0.00,0,22,59.91,0.44,0.44,4,0,0.00,0.00,99,0.00,0,0,0,0.00,0.00,3,0.33,0.33,0.00,0.00,0,0,0.00,50,39,15,51,30,0.29,4,0.03,0.03,0.00,9,0.00,0.00,2,0,0.00,0.00,0.00,0.00,6,0,0.00,8,35,11,75,27,46,9,0,0.00,99,2,0.00,0.22,0.22,0.22,2,2,1,1,0.22,0.22,100.00,0,0.00,99,0,0.00,0,0.00,99,0,0.00,0.00,30,42,24,12,0,0,0,0,0,37,51,68,64,0,99,8,61,52,2,22,75,94,0,0
Bruno Gonçalves Baldini,19,1174374000,2007/03/20,Serie B,2026,Defender,Avaí,810,540,270,Brazil,9,6,3,0,0,0,0,0,0,0,0,4,3,1,10,6,4,3,0,0,0,0,0,0,0,1.11,81,90,270,0,0.33,454,439,131,35,0,6.64,0,58,40.38,40.38,69,323,34.75,278,80,34.75,71,0.00,0.00,0.00,0,0.00,0.00,1.12,1.12,9,0.00,0.00,0.00,0.00,0.00,1.00,0.25,1.38,0.00,0.75,0.38,0.25,0.00,0.38,0.06,0.00,0.62,0.00,0.00,0,0,,6,0.75,40,3,0.38,61,3,0.38,30,0,0,9,44,0.00,99,0,8,1.00,69,0,30,0.00,15,0,0.00,99,0,0.00,0,0,0.00,0,0.00,7,2,0.25,23,2,0.25,100.00,0,0.00,0,0,0,0.00,0,11,0.00,40,1.38,71,N/A,N/A,N/A,N/A,0.00,0,0.00,0,0.46,0.00,0,86.07,50.00,92,67,0.38,0.38,3,33,99,0,0,0,0.62,0.62,5,84,53.10,3.50,3.50,28,0,0.00,0.00,99,0.00,0,0,0,0.00,0.00,0,0.00,0.00,0.00,0.00,0,0,0.00,50,39,15,51,40,0.62,27,0.08,0.08,0.46,38,0.06,0.06,3,1,0.12,0.12,1.12,1.12,39,9,0.06,37,33,80,75,0,46,31,0,0.00,99,5,0.00,0.62,4.62,4.62,37,17,9,9,2.12,2.12,45.95,0,0.00,99,0,0.00,0,0.00,99,0,0.00,0.00,30,42,24,12,0,0,0,0,0,37,51,68,64,0,99,85,39,73,3,33,94,55,0,0
Bruno Henrique Lopes,31,800866800,1995/05/19,Serie B,2026,Forward,Ponte Preta,41,16,25,Brazil,2,1,1,0,0,0,0,0,0,0,0,0,0,0,2,1,1,0,0,0,0,0,0,0,0,4.39,21,21,0,0,0,-1,-1,-1,19,0,6.36,0,58,15.37,3.50,7,7,2.00,4,1,8.78,2,0.00,0.00,0.50,1,0.00,0.00,2.20,0.50,1,0.00,0.00,0.00,0.00,0.00,0.00,0.00,1.00,0.00,0.00,0.00,0.00,0.00,0.00,0.00,0.00,0.00,0.00,0.00,0,0,,0,0.00,8,0,0.00,20,0,0.00,8,0,2,0,88,0.00,99,0,0,0.00,9,0,30,0.00,15,0,0.00,99,0,0.00,0,0,0.00,0,2.20,95,0,0.00,12,0,0.00,0.00,0,0.00,0,0,0,0.00,0,2,0.00,0,4.39,98,N/A,N/A,N/A,N/A,0.00,0,0.00,0,0.00,0.00,0,57.14,0.00,20,99,0.00,0.00,0,17,17,0,0,0,0.00,0.00,0,22,12.71,0.00,0.00,0,1,0.00,2.20,0,0.50,0,0,0,0.00,0.00,0,0.00,0.00,0.00,0.00,0,0,0.00,50,0,0,51,0,0.05,49,0.03,0.11,0.00,9,0.00,0.00,2,0,0.00,0.00,4.39,1.00,99,2,0.00,8,14,1,75,0,46,2,0,0.00,99,0,0.00,0.00,6.59,1.50,3,1,9,24,2.20,0.50,33.33,0,0.00,99,0,0.00,0,0.00,99,0,0.00,0.00,30,0,50,12,0,0,0,0,0,37,51,68,64,0,99,2,13,13,0,0,13,77,0,0
Bruno José de Souza,28,891331200,1998/03/31,Serie B,2026,Forward,Atlético GO,757,337,420,Brazil,18,8,10,1,0,1,3,2,1,0,0,7,4,3,6,1,5,3,1,0.48,0.36,0.12,0,0.21,757,0.71,126,42,189,252,0.48,154,11,-1,8,0,6.71,0.17,98,25.44,11.89,29,214,8.83,159,20,18.90,29,0.00,0.00,1.00,18,0.00,2.61,0.83,0.39,7,0.00,0.67,0.00,0.00,0.00,0.28,0.50,0.33,14.00,1.66,0.56,1.17,0.00,0.22,0.09,0.00,0.83,0.00,0.00,0,0,,14,0.78,71,4,0.48,70,10,1.19,74,2,11,7,27,0.00,99,0,5,0.59,40,47,59,5.59,94,0,0.00,99,0,0.00,0,0,0.00,0,2.14,94,21,2.50,87,9,1.07,42.86,0,0.00,0,0,0,0.00,0,6,0.00,81,0.71,13,N/A,N/A,N/A,N/A,0.00,0,0.00,0,1.67,0.00,0,74.30,28.57,51,12,0.50,1.07,9,85,41,0,0,0,0.11,0.24,2,55,120.85,0.39,0.83,7,0,0.00,0.00,99,0.00,0,0,0,0.00,0.00,0,0.00,0.00,0.59,0.28,5,1,7.14,61,36,68,84,81,2.79,97,0.15,0.33,1.67,73,0.09,0.20,75,15,0.83,1.78,1.31,0.61,51,11,0.20,71,42,26,75,0,93,76,0,0.00,99,15,0.00,1.78,11.41,5.33,96,45,76,79,5.35,2.50,46.88,12,1.43,12,0,23.40,0,0.00,99,11,0.61,1.31,90,30,97,54,0,0,0,0,0,92,68,83,64,0,99,74,22,92,2,11,41,19,0,0
Bruno Santos de Oliveira,29,848304000,1996/11/18,Serie B,2026,Forward,Londrina,1394,720,674,Brazil,16,8,8,11,7,4,3,1,2,0,0,3,3,0,20,9,11,1,0,0.9,0.19,0.71,0.88,0.53,127,1.29,70,87,1394,465,0.06,6,55,-1,1,0,7.40,0.19,90,17.69,17.12,11,274,12.25,196,13,12.65,11,0.00,0.00,0.94,15,0.00,0.56,0.65,0.62,10,0.00,0.94,0.00,0.00,0.00,0.06,0.69,1.50,3.64,2.58,1.25,1.88,0.00,1.25,0.62,0.00,2.00,0.00,0.00,0,0,,40,2.50,91,20,1.29,97,20,1.29,78,0,1,15,19,0.00,99,0,1,0.06,11,9,35,0.58,42,0,0.00,99,0,0.00,0,0,0.00,0,0.97,61,30,1.94,79,11,0.71,36.67,0,0.00,0,0,0,0.00,0,24,0.00,24,1.55,78,N/A,N/A,N/A,N/A,0.00,0,0.00,0,9.97,0.00,0,71.53,50.00,92,78,0.25,0.26,4,69,32,3,0,0,0.25,0.26,4,58,118.47,1.31,1.36,21,0,0.00,0.00,99,0.00,0,3,1,0.06,0.06,0,0.00,0.00,0.65,0.62,10,0,27.50,97,73,54,52,25,2.68,78,0.17,0.17,7.87,98,0.49,0.51,79,30,1.88,1.94,1.10,1.06,37,17,0.64,99,99,44,80,0,95,83,0,0.00,99,32,0.00,2.07,11.10,10.75,172,83,76,77,5.36,5.19,48.26,15,0.97,27,0,11.11,0,0.00,99,1,0.06,0.06,34,68,41,12,0,0,0,0,0,99,99,96,99,0,99,22,95,18,1,6,24,9,0,0
Bruno Sávio da Silva,32,775724400,1994/08/01,Serie B,2026,Midfielder,Goiás,172,93,79,Brazil,7,3,4,1,0,1,0,0,0,0,0,3,2,1,1,1,0,1,0,0.52,0,0.52,0,1.14,172,0.52,172,25,172,0,0.52,-1,-1,-1,10,0,6.59,0,58,30.33,7.75,41,62,5.75,46,20,22.50,39,0.00,0.00,0.62,5,0.00,1.00,1.96,0.50,4,0.00,0.50,0.00,0.00,0.00,0.12,0.00,0.25,6.00,2.93,0.50,0.50,0.00,0.25,0.13,0.00,0.38,0.00,0.00,0,0,,6,0.75,94,2,0.98,92,4,1.96,96,4,6,1,82,0.00,99,0,1,0.49,35,8,36,3.91,82,0,0.00,99,0,0.00,0,0,0.00,0,2.45,97,4,1.96,79,0,0.00,0.00,0,0.00,0,0,0,0.00,0,2,0.00,94,0.98,39,N/A,N/A,N/A,N/A,0.00,0,0.00,0,1.04,0.00,0,74.19,33.33,66,51,0.12,0.49,1,17,17,0,0,0,0.00,0.00,0,22,52.75,0.00,0.00,0,0,0.00,0.00,99,0.00,0,0,0,0.00,0.00,0,0.00,0.00,1.47,0.38,3,0,16.67,89,0,8,53,94,0.28,66,0.04,0.14,1.04,98,0.13,0.51,42,2,0.25,0.98,1.96,0.50,83,4,0.51,97,26,1,75,0,99,65,0,0.00,99,3,0.00,1.47,13.70,3.50,28,9,53,91,4.40,1.12,32.14,4,1.96,3,0,12.50,0,0.00,99,1,0.12,0.49,66,0,81,84,0,0,0,0,0,95,98,99,64,0,99,84,20,93,0,0,13,11,0,0
Bryan Borges Mascarenhas,30,839055600,1996/08/03,Serie B,2026,Defender,Ceará,1208,611,597,Brazil,14,7,7,1,0,1,0,0,0,0,0,3,3,0,18,6,12,5,0,0.07,0,0.07,0,0.15,1208,1.34,67,86,242,0,0.37,192,399,163,12,0,6.96,0,58,31.51,30.21,44,423,26.57,372,89,27.72,53,0.00,0.00,0.86,12,0.00,2.64,2.46,2.36,33,0.00,1.21,0.00,0.00,0.00,0.64,1.00,1.29,26.00,1.94,1.36,2.21,0.00,0.50,0.18,0.00,0.86,0.00,0.00,0,0,,26,1.86,79,7,0.52,73,19,1.42,84,6,0,14,94,0.00,99,0,9,0.67,47,37,53,2.76,70,0,0.00,99,0,0.00,0,0,0.00,0,0.89,56,31,2.31,84,14,1.04,45.16,0,0.00,0,0,0,0.00,0,18,0.00,20,1.34,68,N/A,N/A,N/A,N/A,0.00,0,0.00,0,2.47,0.00,0,87.94,26.92,48,49,0.50,0.52,7,84,45,0,0,0,0.07,0.07,1,27,97.49,1.57,1.64,22,0,0.00,0.00,99,0.00,0,0,1,0.07,0.07,0,0.00,0.00,0.15,0.14,2,0,3.85,52,63,41,92,21,1.18,35,0.08,0.09,2.47,70,0.18,0.18,85,29,2.07,2.16,1.64,1.57,69,22,0.18,68,81,53,82,0,68,45,0,0.00,99,12,0.00,0.89,12.96,12.43,174,87,88,89,6.48,6.21,50.00,17,1.27,15,0,21.62,0,0.00,99,8,0.57,0.60,70,62,24,95,0,0,0,0,0,43,59,77,64,0,99,27,33,80,5,36,95,31,0,0
Caio César Rodrigues Souza,22,1093244400,2004/08/23,Serie B,2026,Defender,Londrina,211,0,211,Brazil,3,0,3,0,0,0,0,0,0,0,0,0,0,0,3,0,3,1,0,0,0,0,0,0,0,1.28,70,70,211,0,0.43,-1,-1,-1,20,0,6.53,0,58,34.80,29.00,53,87,27.00,81,99,32.40,66,0.00,0.00,0.00,0,0.00,0.00,0.80,0.67,2,0.00,0.00,0.00,0.00,0.00,0.67,0.00,1.67,0.00,0.40,0.33,0.00,0.00,0.00,0.01,0.00,0.33,0.00,0.00,0,0,,1,0.33,22,0,0.00,20,1,0.40,32,1,0,3,25,0.00,99,0,2,0.80,57,0,30,0.00,15,0,0.00,99,0,0.00,0,0,0.00,0,0.00,7,0,0.00,12,0,0.00,0.00,0,0.00,0,0,0,0.00,0,5,0.00,24,2.00,88,N/A,N/A,N/A,N/A,0.00,0,0.00,0,0.04,0.00,0,93.10,0.00,20,25,0.67,0.80,2,17,17,0,0,0,1.67,2.00,5,99,19.60,3.67,4.40,11,0,0.00,0.00,99,0.00,0,0,0,0.00,0.00,0,0.00,0.00,0.00,0.00,0,0,0.00,50,0,0,51,25,0.16,15,0.05,0.06,0.04,19,0.01,0.02,18,1,0.33,0.40,1.20,1.00,42,3,0.02,18,21,85,75,0,46,17,0,0.00,99,1,0.00,0.40,4.00,3.33,10,4,7,8,1.60,1.33,40.00,0,0.00,99,0,0.00,0,0.00,99,0,0.00,0.00,30,3,24,36,0,0,0,0,0,37,51,68,64,0,99,2,27,87,1,33,94,22,0,0
Caio da Silva Maia,21,1112342400,2005/04/01,Serie B,2026,Defender,Londrina,34,13,21,Brazil,3,1,2,0,0,0,0,0,0,0,0,0,0,0,1,1,0,0,0,0,0,0,0,0,0,2.65,34,11,0,0,0,-1,-1,-1,28,0,6.56,0,58,23.08,3.33,21,10,2.33,7,10,16.15,19,0.00,0.00,0.00,0,0.00,1.00,2.31,0.33,1,0.00,0.33,0.00,0.00,0.00,0.67,0.67,0.33,0.00,0.00,0.00,1.00,0.00,0.00,0.00,0.00,0.00,0.00,0.00,0,0,,0,0.00,8,0,0.00,20,0,0.00,8,0,3,0,91,0.00,99,0,2,4.62,99,3,30,6.92,97,0,0.00,99,0,0.00,0,0,0.00,0,0.00,7,3,6.92,99,2,4.62,66.67,0,0.00,0,0,0,0.00,0,1,0.00,0,2.31,92,N/A,N/A,N/A,N/A,0.00,0,0.00,0,0.00,0.00,0,70.00,0.00,20,99,0.00,0.00,0,99,85,0,0,0,0.00,0.00,0,22,19.67,0.00,0.00,0,0,0.00,0.00,99,0.00,0,0,0,0.00,0.00,0,0.00,0.00,0.00,0.00,0,0,0.00,50,0,0,51,0,0.01,1,0.00,0.02,0.00,9,0.00,0.00,2,0,0.00,0.00,0.00,0.00,6,0,0.00,8,24,1,75,0,46,2,0,0.00,99,0,0.00,0.00,13.85,2.00,6,3,92,92,6.92,1.00,50.00,1,2.31,1,0,0.00,0,0.00,99,0,0.00,0.00,30,0,62,12,0,0,0,0,0,37,51,68,64,0,99,2,13,13,0,0,13,28,0,0
Caio de Oliveira Mendonça Soares,21,1122015600,2005/07/22,Serie B,2026,Midfielder,Náutico,19,19,0,Brazil,1,1,0,0,0,0,0,0,0,0,0,1,1,0,0,0,0,1,0,0,0,0,0,0,0,0,0,19,19,0,4.74,-1,-1,-1,40,0,6.66,0,58,37.89,8.00,61,8,7.00,7,86,33.16,68,0.00,0.00,0.00,0,0.00,0.00,9.47,2.00,2,0.00,0.00,0.00,0.00,0.00,0.00,0.00,0.00,0.00,0.00,0.00,0.00,0.00,0.00,0.00,0.00,0.00,0.00,0.00,0,0,,0,0.00,8,0,0.00,20,0,0.00,8,0,1,0,99,0.00,99,0,0,0.00,9,0,30,0.00,15,0,0.00,99,0,0.00,0,0,0.00,0,0.00,7,0,0.00,12,0,0.00,0.00,0,0.00,0,0,0,0.00,0,0,0.00,99,0.00,0,N/A,N/A,N/A,N/A,0.00,0,0.00,0,0.00,0.00,0,87.50,0.00,20,99,0.00,0.00,0,17,17,0,0,0,0.00,0.00,0,22,6.66,0.00,0.00,0,0,0.00,0.00,99,0.00,0,0,0,0.00,0.00,0,0.00,0.00,0.00,0.00,0,0,0.00,50,0,0,51,0,0.01,11,0.01,0.05,0.00,9,0.00,0.00,99,1,1.00,4.74,9.47,2.00,99,2,0.00,8,35,1,75,0,46,2,0,0.00,99,0,0.00,0.00,28.42,6.00,6,3,99,99,14.21,3.00,50.00,0,0.00,99,0,0.00,0,0.00,99,0,0.00,0.00,30,0,41,12,0,0,0,0,0,37,51,68,64,0,99,99,13,99,1,100,99,88,0,0
Caio Henrique da Silva Dantas,33,730108800,1993/02/19,Serie B,2026,Forward,Operário PR,423,173,250,Brazil,19,10,9,1,1,0,0,0,0,0,0,6,4,2,9,1,8,0,0,0.21,0,0.21,0.52,0,423,1.91,47,22,0,0,0,91,246,-1,8,0,5.87,0,58,14.13,3.58,5,68,3.16,60,91,12.47,10,0.00,0.00,0.26,5,0.00,0.11,0.83,0.21,4,0.00,0.47,0.00,0.00,0.00,0.05,0.00,0.53,8.00,1.66,0.26,0.26,0.00,0.16,0.07,0.00,0.11,0.00,0.00,0,0,,8,0.42,71,3,0.62,77,5,1.04,69,3,15,4,27,0.00,99,0,1,0.21,17,2,30,0.42,38,0,0.00,99,0,0.00,0,0,0.00,0,1.04,65,5,1.04,57,0,0.00,0.00,0,0.00,0,0,0,0.00,0,10,0.00,4,2.08,89,N/A,N/A,N/A,N/A,0.00,0,0.00,0,1.26,0.00,0,88.24,37.50,73,62,0.11,0.42,2,17,17,0,0,0,0.05,0.21,1,48,111.57,0.11,0.42,2,0,0.00,0.00,99,0.00,0,0,0,0.00,0.00,0,0.00,0.00,0.21,0.05,1,0,12.50,80,6,74,68,5,0.34,20,0.02,0.07,1.26,81,0.07,0.26,94,14,0.74,2.91,0.42,0.11,10,2,0.26,80,3,10,75,0,75,18,0,0.00,99,2,0.00,0.42,8.94,2.26,43,20,47,54,4.16,1.05,46.51,9,1.87,4,0,0.00,0,0.00,99,0,0.00,0.00,30,8,99,71,0,0,0,0,0,69,83,68,96,0,99,60,13,13,0,0,13,25,0,0
Caio Marcelo Pinheiro da Silva,28,889862400,1998/03/14,Serie B,2026,Defender,Vila Nova,630,246,384,Brazil,10,4,6,0,0,0,0,0,0,0,0,2,0,2,9,4,5,3,0,0,0,0,0,0,0,1.29,70,63,210,0,0.43,355,342,156,26,0,5.92,0,58,50.29,35.20,88,352,30.40,304,81,43.43,88,0.00,0.00,0.00,0,0.00,0.00,2.29,1.60,16,0.00,0.00,0.00,0.00,0.00,0.60,0.20,1.30,0.00,0.29,0.20,0.40,0.00,0.00,0.01,0.00,1.30,0.00,0.00,0,0,,2,0.20,16,0,0.00,20,2,0.29,24,3,3,7,90,0.00,99,0,6,0.86,61,0,30,0.00,15,0,0.00,99,0,0.00,0,0,0.00,0,0.00,7,4,0.57,33,2,0.29,50.00,0,0.00,0,0,0,0.00,0,13,0.00,24,1.86,84,N/A,N/A,N/A,N/A,0.00,0,0.00,0,0.09,0.00,0,86.36,0.00,20,60,0.30,0.43,3,37,63,0,0,0,0.60,0.86,6,93,59.16,3.70,5.29,37,0,0.00,0.00,99,0.00,0,0,0,0.00,0.00,0,0.00,0.00,0.00,0.00,0,0,0.00,50,26,20,51,25,0.53,27,0.05,0.08,0.09,13,0.01,0.01,20,3,0.30,0.43,1.57,1.10,65,11,0.01,12,5,91,75,0,46,79,0,0.00,99,13,0.00,1.86,7.86,5.50,55,34,62,40,4.86,3.40,61.82,0,0.00,99,0,0.00,0,0.00,99,0,0.00,0.00,30,30,62,71,0,0,0,0,0,37,51,68,64,0,99,26,26,87,3,30,90,38,0,0
Caio Rafael Aquino Lima,22,1087196400,2004/06/14,Serie B,2026,Midfielder,Londrina,115,24,91,Brazil,5,2,3,0,0,0,0,0,0,0,0,1,1,0,1,0,1,0,0,0,0,0,0,0,0,0.78,115,23,0,0,0,-1,-1,-1,22,0,6.59,0,58,25.20,5.60,29,28,3.80,19,8,17.10,21,0.00,0.00,0.00,0,0.00,0.40,1.80,0.40,2,0.00,0.00,0.00,0.00,0.00,0.00,0.20,0.40,0.00,0.90,0.20,0.20,0.00,0.00,0.01,0.00,0.40,0.00,0.00,0,0,,1,0.20,44,0,0.00,20,1,0.90,59,0,5,0,77,0.00,99,0,0,0.00,9,2,96,1.80,63,0,0.00,99,0,0.00,0,0,0.00,0,0.00,7,1,0.90,50,1,0.90,100.00,0,0.00,0,0,0,0.00,0,2,0.00,72,1.80,83,N/A,N/A,N/A,N/A,0.00,0,0.00,0,0.05,0.00,0,67.86,0.00,20,99,0.00,0.00,0,78,99,0,0,0,0.00,0.00,0,22,32.95,0.20,0.90,1,0,0.00,0.00,99,0.00,0,0,0,0.00,0.00,0,0.00,0.00,0.90,0.20,1,0,0.00,50,0,2,51,72,0.03,4,0.01,0.03,0.05,29,0.01,0.04,98,4,0.80,3.60,3.60,0.80,99,4,0.04,28,26,28,75,0,98,76,0,0.00,99,2,0.00,1.80,9.90,2.20,11,8,95,66,7.20,1.60,72.73,0,0.00,99,0,50.00,0,0.00,99,1,0.20,0.90,82,0,77,12,0,0,0,0,0,37,51,68,64,0,99,26,13,13,0,0,13,55,0,0
Caio Silva,18,1201161600,2008/01/24,Serie B,2026,Defender,Sport Recife,0,0,0,Brazil,0,0,0,0,0,0,0,0,0,0,0,0,0,0,0,0,0,0,0,0,0,0,0,0,0,0,0,0,0,0,0,-1,-1,-1,-1,N/A,N/A,N/A,N/A,N/A,N/A,N/A,N/A,N/A,N/A,N/A,N/A,N/A,N/A,N/A,N/A,N/A,N/A,N/A,N/A,N/A,N/A,N/A,N/A,N/A,N/A,N/A,N/A,N/A,N/A,N/A,N/A,N/A,N/A,N/A,N/A,N/A,N/A,N/A,N/A,N/A,N/A,N/A,N/A,N/A,N/A,N/A,N/A,N/A,N/A,N/A,N/A,N/A,N/A,N/A,N/A,N/A,N/A,N/A,N/A,N/A,N/A,N/A,N/A,N/A,N/A,N/A,N/A,N/A,N/A,N/A,N/A,N/A,N/A,N/A,N/A,N/A,N/A,N/A,N/A,N/A,N/A,N/A,N/A,N/A,N/A,N/A,N/A,N/A,N/A,N/A,N/A,N/A,N/A,N/A,N/A,N/A,N/A,N/A,N/A,N/A,N/A,N/A,N/A,N/A,N/A,N/A,N/A,N/A,N/A,N/A,N/A,N/A,N/A,N/A,N/A,N/A,N/A,N/A,N/A,N/A,N/A,N/A,N/A,N/A,N/A,N/A,N/A,N/A,N/A,N/A,N/A,N/A,N/A,N/A,N/A,N/A,N/A,N/A,N/A,N/A,N/A,N/A,N/A,N/A,N/A,N/A,N/A,N/A,N/A,N/A,N/A,N/A,N/A,N/A,N/A,N/A,N/A,N/A,N/A,N/A,N/A,N/A,N/A,N/A,N/A,N/A,N/A,N/A,N/A,N/A,N/A,N/A,N/A,N/A,N/A,N/A,N/A,N/A,N/A,N/A,N/A,N/A,N/A,N/A,N/A,N/A,N/A,N/A,N/A,N/A,N/A,N/A,N/A,N/A,N/A,N/A,N/A,N/A,N/A,N/A,N/A,N/A,N/A,N/A,N/A,N/A,N/A,N/A,N/A,N/A,N/A,N/A,N/A,N/A,N/A,N/A,N/A,N/A,N/A,N/A,N/A,N/A,N/A
Caique de Jesus da Silva,26,963903600,2000/07/18,Serie B,2026,Forward,Vila Nova,12,0,12,Brazil,1,0,1,0,0,0,0,0,0,0,0,0,0,0,1,0,1,0,0,0,0,0,0,0,0,7.5,12,12,0,0,0,-1,-1,-1,17,0,6.48,0,58,15.00,2.00,6,2,1.00,1,0,7.50,1,0.00,0.00,0.00,0,0.00,0.00,0.00,0.00,0,0.00,0.00,0.00,0.00,0.00,0.00,0.00,1.00,0.00,0.00,0.00,0.00,0.00,0.00,0.00,0.00,1.00,0.00,0.00,0,0,,0,0.00,8,0,0.00,20,0,0.00,8,0,1,0,6,0.00,99,0,0,0.00,9,0,30,0.00,15,0,0.00,99,0,0.00,0,0,0.00,0,0.00,7,0,0.00,12,0,0.00,0.00,0,0.00,0,0,0,0.00,0,1,0.00,0,7.50,99,N/A,N/A,N/A,N/A,0.00,0,0.00,0,0.00,0.00,0,50.00,0.00,20,99,0.00,0.00,0,17,17,0,0,0,0.00,0.00,0,22,6.48,0.00,0.00,0,0,0.00,0.00,99,0.00,0,0,0,0.00,0.00,0,0.00,0.00,0.00,0.00,0,0,0.00,50,0,0,51,0,0.00,0,0.00,0.00,0.00,9,0.00,0.00,2,0,0.00,0.00,0.00,0.00,6,0,0.00,8,19,1,75,0,46,99,0,0.00,99,1,0.00,7.50,7.50,1.00,1,1,95,35,7.50,1.00,100.00,0,0.00,99,0,0.00,0,0.00,99,0,0.00,0.00,30,0,41,12,0,0,0,0,0,37,51,68,64,0,99,2,13,13,0,0,13,19,0,0
Calebe Oliveira Costa,23,1054969200,2003/06/07,Serie B,2026,Midfielder,Cuiabá,1840,984,856,Brazil,22,11,11,2,1,1,0,0,0,0,0,9,5,4,15,7,8,3,0,0.1,0,0.1,0.09,0.11,920,0.73,123,84,613,0,0.15,165,315,-1,3,0,6.92,0,58,43.29,40.23,78,885,35.77,787,93,38.49,81,0.00,0.00,0.68,15,0.00,0.64,1.22,1.14,25,0.00,0.45,0.00,0.00,0.00,1.05,0.32,0.73,10.50,1.03,0.55,0.64,0.00,0.41,0.14,0.00,1.18,0.00,0.00,0,0,,21,0.95,52,9,0.44,66,12,0.59,41,4,0,22,49,0.00,99,0,23,1.12,79,14,74,0.68,44,0,0.00,99,0,0.00,0,0,0.00,0,0.73,47,14,0.68,39,7,0.34,50.00,0,0.00,0,0,0,0.00,0,16,0.00,78,0.78,18,N/A,N/A,N/A,N/A,0.00,0,0.00,0,3.09,0.00,0,88.93,42.86,83,51,0.45,0.49,10,42,63,0,0,0,0.32,0.34,7,64,152.31,2.18,2.35,48,0,0.00,0.00,99,0.00,0,0,0,0.00,0.00,0,0.00,0.00,0.00,0.00,0,0,9.52,70,93,95,88,79,2.45,56,0.11,0.12,3.09,65,0.14,0.15,45,21,0.95,1.03,1.47,1.36,60,30,0.15,64,77,67,75,0,46,59,0,0.00,99,26,0.00,1.27,7.43,6.91,152,77,34,35,3.77,3.50,50.66,10,0.49,57,0,28.57,0,0.00,99,4,0.18,0.20,51,97,24,84,0,0,0,0,0,49,64,72,66,0,99,79,79,37,3,14,55,5,0,0
Carlos Adalberto De Oliveira Junior,31,803286000,1995/06/16,Serie B,2026,Defender,Novorizontino,663,270,393,Brazil,9,3,6,0,0,0,0,0,0,0,0,5,1,4,4,2,2,1,0,0,0,0,0,0,0,0.54,166,74,663,0,0.14,223,230,20,23,0,6.60,0,58,36.11,29.56,57,266,25.11,226,73,30.68,60,0.00,0.00,0.22,2,0.00,0.00,0.68,0.56,5,0.00,0.11,0.00,0.00,0.00,0.67,0.00,0.67,0.00,0.14,0.11,0.11,0.00,0.00,0.01,0.00,1.78,0.00,0.00,0,0,,1,0.11,9,0,0.00,20,1,0.14,11,2,1,8,20,0.00,99,0,6,0.81,58,0,30,0.00,15,0,0.00,99,0,0.00,0,0,0.00,0,0.27,20,1,0.14,17,0,0.00,0.00,0,0.00,0,0,0,0.00,0,6,0.00,93,0.81,21,N/A,N/A,N/A,N/A,0.00,0,0.00,0,0.05,0.00,0,84.96,0.00,20,33,0.56,0.68,5,17,17,0,0,0,0.22,0.27,2,59,59.38,3.00,3.67,27,0,0.00,0.00,99,0.00,0,0,0,0.00,0.00,0,0.00,0.00,0.14,0.11,1,0,0.00,50,29,15,51,93,0.48,20,0.05,0.07,0.05,13,0.01,0.01,25,4,0.44,0.54,1.22,1.00,45,9,0.01,12,28,80,75,0,66,85,0,0.00,99,16,0.00,2.17,6.79,5.56,50,25,25,27,3.39,2.78,50.00,1,0.14,82,0,0.00,0,0.00,99,0,0.00,0.00,30,37,41,54,0,0,0,0,0,37,51,68,64,0,99,95,82,33,1,11,41,3,0,0
Carlos de Pena,34,700300800,1992/03/11,Serie B,2026,Forward,Sport Recife,565,352,213,Uruguay,13,8,5,1,1,0,2,2,0,0,0,5,3,2,5,3,2,3,0,0.48,0.32,0.16,0.26,0,565,0.8,113,43,188,283,0.48,116,14,-1,5,0,6.55,0.15,97,36.87,17.00,59,238,13.07,183,28,28.35,54,0.00,0.00,1.50,21,0.00,3.71,0.77,0.36,5,0.00,0.21,0.00,0.00,0.00,0.36,0.29,0.50,19.00,2.94,0.86,0.50,0.00,0.50,0.14,0.00,0.64,0.00,0.00,0,0,,19,1.36,94,7,1.08,93,12,1.86,94,1,8,5,24,0.00,99,0,5,0.77,55,52,74,8.06,99,0,0.00,99,0,0.00,0,0,0.00,0,3.25,99,7,1.08,59,4,0.62,57.14,0,0.00,0,0,0,0.00,0,7,0.00,69,1.08,47,N/A,N/A,N/A,N/A,0.00,0,0.00,0,1.95,0.00,0,76.89,36.84,70,56,0.21,0.46,3,65,73,0,0,0,0.00,0.00,0,22,91.75,1.00,2.17,14,0,0.00,0.00,99,0.00,0,0,1,0.07,0.15,0,0.00,0.00,0.00,0.00,0,0,5.26,57,18,35,76,69,2.29,98,0.16,0.35,1.95,87,0.14,0.30,68,10,0.71,1.55,0.93,0.43,30,6,0.30,84,23,63,94,0,46,62,0,0.00,99,9,0.00,1.39,7.13,3.29,46,28,51,31,4.34,2.00,60.87,3,0.46,60,0,28.85,0,0.00,99,15,1.07,2.32,99,16,90,36,0,0,0,0,0,92,76,68,82,0,99,73,22,92,3,23,77,10,0,0
Carlos Eduardo Amaral Pereira de Castro,22,1085382000,2004/05/24,Serie B,2026,Forward,Goiás,1041,424,617,Brazil,18,8,10,2,1,1,1,0,1,0,0,4,3,1,9,3,6,1,0,0.26,0.09,0.17,0.21,0.15,521,0.78,116,58,1041,1041,0.09,114,133,-1,6,0,6.69,0.06,70,16.60,10.67,8,192,9.39,169,89,14.61,16,0.00,0.00,0.22,4,0.00,0.00,1.38,0.89,16,0.00,1.00,0.00,0.00,0.00,0.44,0.33,0.61,11.00,1.90,0.89,0.67,0.00,0.33,0.15,0.00,0.72,0.00,0.00,0,0,,22,1.22,78,6,0.52,73,16,1.38,82,2,7,11,59,0.00,99,0,8,0.69,49,0,30,0.00,15,0,0.00,99,0,0.00,0,0,0.00,0,0.35,25,12,1.04,57,6,0.52,50.00,0,0.00,0,0,0,0.00,0,11,0.00,72,0.95,35,N/A,N/A,N/A,N/A,0.00,0,0.00,0,2.65,0.00,0,88.02,27.27,49,86,0.11,0.17,2,59,63,1,1,0,0.06,0.09,1,29,120.42,0.72,1.12,13,0,0.00,0.00,99,0.00,0,2,0,0.00,0.00,0,0.00,0.00,0.43,0.28,5,0,9.09,68,53,68,74,73,1.07,35,0.06,0.09,1.25,56,0.07,0.11,82,24,1.33,2.07,1.82,1.17,78,21,0.23,75,39,37,75,0,88,57,0,0.00,99,13,0.00,1.12,12.45,8.00,144,57,64,85,4.93,3.17,39.58,18,1.56,8,0,0.00,0,0.00,99,0,0.00,0.00,30,51,85,54,0,0,0,0,0,74,77,77,78,0,99,30,90,23,1,6,24,18,0,0
Carlos Eduardo da Silva Santos,25,984384000,2001/03/12,Serie B,2026,Defender,Botafogo SP,339,180,159,Brazil,4,2,2,0,0,0,0,0,0,0,0,1,1,0,2,1,1,1,0,0,0,0,0,0,0,0.53,170,85,339,0,0.27,313,310,18,30,0,6.59,0,58,31.33,29.50,44,118,23.50,94,38,24.96,44,0.00,0.00,0.00,0,0.00,0.00,0.80,0.75,3,0.00,0.25,0.00,0.00,0.00,0.75,0.00,0.75,0.00,0.00,0.00,0.00,0.00,0.00,0.00,0.00,2.00,0.00,0.00,0,0,,0,0.00,8,0,0.00,20,0,0.00,8,2,0,4,25,0.00,99,0,3,0.80,57,0,30,0.00,15,0,0.00,99,0,0.00,0,0,0.00,0,0.00,7,0,0.00,12,0,0.00,0.00,0,0.00,0,0,0,0.00,0,3,0.00,93,0.80,20,N/A,N/A,N/A,N/A,0.00,0,0.00,0,0.00,0.00,0,79.66,0.00,20,99,0.00,0.00,0,17,17,0,0,0,1.00,1.06,4,96,26.34,5.75,6.11,23,0,0.00,0.00,99,0.00,0,0,0,0.00,0.00,0,0.00,0.00,0.00,0.00,0,0,0.00,50,0,0,51,94,0.18,11,0.04,0.05,0.00,9,0.00,0.00,9,1,0.25,0.27,1.86,1.75,79,7,0.00,8,26,95,75,0,46,84,0,0.00,99,8,0.00,2.12,6.37,6.00,24,12,22,21,3.19,3.00,50.00,1,0.27,73,0,0.00,0,0.00,99,0,0.00,0.00,30,8,24,54,0,0,0,0,0,37,51,68,64,0,99,38,51,62,1,25,81,14,0,0
Carlos Eduardo de Sousa Leopoldino,24,1015142400,2002/03/03,Serie B,2026,Forward,Goiás,960,404,556,Brazil,14,6,8,6,3,3,0,0,0,0,0,6,4,2,6,1,5,3,0,0.56,0,0.56,0.67,0.49,160,0.56,160,69,320,0,0.28,10,383,-1,1,0,7.10,0,58,19.95,15.21,15,213,10.86,152,13,14.24,15,0.00,0.00,0.29,4,0.00,0.71,2.15,1.64,23,0.00,1.29,0.00,0.00,0.00,1.00,0.71,0.43,4.83,2.72,1.29,1.50,0.00,0.79,0.42,0.00,1.71,0.00,0.00,0,0,,29,2.07,93,11,1.03,93,18,1.69,91,2,1,13,88,0.00,99,0,14,1.31,88,10,33,0.94,51,0,0.00,99,0,0.00,0,0,0.00,0,0.37,26,21,1.97,79,10,0.94,47.62,0,0.00,0,0,0,0.00,0,6,0.00,92,0.56,5,N/A,N/A,N/A,N/A,0.00,0,0.00,0,5.82,0.00,0,71.36,37.93,73,21,0.64,0.84,9,80,51,0,0,0,0.14,0.19,2,44,99.35,1.00,1.31,14,0,0.00,0.00,99,0.00,0,0,0,0.00,0.00,0,0.00,0.00,0.28,0.21,3,1,20.69,94,49,41,53,93,0.51,11,0.04,0.05,5.82,98,0.42,0.55,88,24,1.71,2.25,2.53,1.93,94,27,0.55,98,92,42,75,0,81,86,0,0.00,99,24,0.00,2.25,17.14,13.07,183,80,95,98,7.49,5.71,43.72,18,1.69,7,0,10.00,0,0.00,99,1,0.07,0.09,37,58,41,54,0,1,0,7,0,96,98,95,98,0,99,84,50,64,3,21,73,40,0,0
Carlos Eduardo Rodolfo Justino,19,1187593200,2007/08/20,Serie B,2026,Forward,Criciúma,8,0,8,Brazil,1,0,1,0,0,0,0,0,0,0,0,0,0,0,0,0,0,0,0,0,0,0,0,0,0,0,0,8,0,0,0,-1,-1,-1,13,0,0.00,0,58,0.00,0.00,0,0,0.00,0,0,0.00,0,0.00,0.00,0.00,0,0.00,0.00,0.00,0.00,0,0.00,0.00,0.00,0.00,0.00,0.00,0.00,0.00,0.00,0.00,0.00,0.00,0.00,0.00,0.00,0.00,0.00,0.00,0.00,0,0,,0,0.00,8,0,0.00,20,0,0.00,8,0,0,0,6,0.00,99,0,0,0.00,9,0,30,0.00,15,0,0.00,99,0,0.00,0,0,0.00,0,0.00,7,0,0.00,12,0,0.00,0.00,0,0.00,0,0,0,0.00,0,0,0.00,99,0.00,0,N/A,N/A,N/A,N/A,0.00,0,0.00,0,0.00,0.00,0,0.00,0.00,20,99,0.00,0.00,0,17,17,0,0,0,0.00,0.00,0,22,0.00,0.00,0.00,0,0,0.00,0.00,99,0.00,0,0,0,0.00,0.00,0,0.00,0.00,0.00,0.00,0,0,0.00,50,0,0,51,0,0.00,0,0.00,0.00,0.00,9,0.00,0.00,2,0,0.00,0.00,0.00,0.00,6,0,0.00,8,0,1,75,0,46,2,0,0.00,99,0,0.00,0.00,0.00,0.00,0,0,0,0,0.00,0.00,0.00,0,0.00,99,0,0.00,0,0.00,99,0,0.00,0.00,30,0,24,12,0,0,0,0,0,37,51,68,64,0,99,2,13,13,0,0,13,20,0,0
Carlos Henrique de Moura Brito,34,710146800,1992/07/03,Serie B,2026,Forward,Novorizontino,411,298,113,Brazil,21,11,10,4,3,1,1,1,0,0,0,8,3,5,3,3,0,1,0,1.09,0.22,0.88,0.91,0.8,103,0.66,137,20,411,411,0.22,2,44,-1,3,0,6.40,0.05,92,16.92,3.71,10,78,2.81,59,23,12.80,11,0.00,0.00,0.33,7,0.00,0.10,2.39,0.52,11,0.00,0.14,0.00,0.00,0.00,0.05,0.10,0.29,4.25,3.69,0.48,0.24,0.00,0.33,0.18,0.00,0.43,0.00,0.00,0,0,,17,0.81,99,7,1.52,99,10,2.17,97,0,20,1,93,0.00,99,0,1,0.22,17,2,30,0.43,39,0,0.00,99,0,0.00,0,0,0.00,0,1.52,82,5,1.08,59,2,0.43,40.00,0,0.00,0,0,0,0.00,0,6,0.00,86,1.30,66,N/A,N/A,N/A,N/A,0.00,0,0.00,0,3.69,0.00,0,75.64,41.18,80,2,0.33,1.52,7,50,38,0,0,0,0.05,0.22,1,50,134.32,0.24,1.08,5,0,0.00,0.00,99,0.00,0,0,1,0.05,0.22,0,0.00,0.00,0.00,0.00,0,0,23.53,95,4,88,51,86,0.97,88,0.05,0.21,3.69,99,0.18,0.80,95,14,0.67,3.04,1.30,0.29,50,6,0.80,99,16,35,98,0,46,81,0,0.00,99,9,0.00,1.95,18.00,3.95,83,37,98,99,8.02,1.76,44.58,3,0.65,48,0,0.00,0,0.00,99,0,0.00,0.00,30,0,99,12,0,0,0,0,0,99,99,99,99,0,99,73,63,52,1,5,19,9,0,0
Carlos Jhilmar Lora Saavedra,25,972370800,2000/10/24,Serie B,2026,Defender,Novorizontino,52,52,0,Peru,2,2,0,0,0,0,0,0,0,0,0,0,0,0,0,0,0,1,0,0,0,0,0,0,0,0,0,26,52,0,1.73,-1,-1,-1,28,0,6.55,0,58,27.69,8.00,36,16,6.00,12,22,20.77,34,0.00,0.00,0.50,1,0.00,5.00,5.19,1.50,3,0.00,0.50,0.00,0.00,0.00,0.00,0.00,0.50,0.00,0.00,0.00,0.00,0.00,0.00,0.00,0.00,0.50,0.00,0.00,0,0,,0,0.00,8,0,0.00,20,0,0.00,8,0,2,0,99,0.00,99,0,0,0.00,9,10,90,17.31,99,0,0.00,99,0,0.00,0,0,0.00,0,1.73,87,0,0.00,12,0,0.00,0.00,0,0.00,0,0,0,0.00,0,1,0.00,99,1.73,82,N/A,N/A,N/A,N/A,0.00,0,0.00,0,0.00,0.00,0,75.00,0.00,20,99,0.00,0.00,0,17,17,0,0,0,0.00,0.00,0,22,13.11,1.00,3.46,2,0,0.00,0.00,99,0.00,0,0,0,0.00,0.00,0,0.00,0.00,0.00,0.00,0,0,0.00,50,0,0,51,0,0.07,56,0.04,0.12,0.00,9,0.00,0.00,73,1,0.50,1.73,6.92,2.00,99,4,0.00,8,23,79,75,0,46,74,0,0.00,99,1,0.00,1.73,17.31,5.00,10,5,99,98,8.65,2.50,50.00,1,1.73,6,0,40.00,0,0.00,99,4,2.00,6.92,99,0,50,12,0,0,0,0,0,37,51,68,64,0,99,2,13,99,1,50,99,24,0,0
Carlos Moises de Lima,29,855734400,1997/02/12,Serie B,2026,Forward,Athletic Club,295,152,143,Brazil,5,3,2,1,0,1,0,0,0,0,0,1,1,0,3,2,1,0,0,0.31,0,0.31,0,0.63,295,0.92,98,59,0,0,0,37,212,-1,10,0,6.80,0,58,12.51,8.20,2,41,5.60,28,8,8.54,2,0.00,0.00,0.00,0,0.00,0.00,1.22,0.80,4,0.00,0.80,0.00,0.00,0.00,0.00,0.00,0.60,8.00,2.44,1.20,0.40,0.00,0.40,0.22,0.00,2.20,0.00,0.00,0,0,,8,1.60,88,2,0.61,76,6,1.83,93,2,0,5,49,0.00,99,0,0,0.00,9,0,30,0.00,15,0,0.00,99,0,0.00,0,0,0.00,0,0.00,7,2,0.61,37,0,0.00,0.00,0,0.00,0,0,0,0.00,0,3,0.00,58,0.92,31,N/A,N/A,N/A,N/A,0.00,0,0.00,0,1.11,0.00,0,68.29,25.00,46,74,0.20,0.31,1,17,17,0,0,0,0.00,0.00,0,22,34.00,0.00,0.00,0,0,0.00,0.00,99,0.00,0,0,0,0.00,0.00,0,0.00,0.00,1.22,0.80,4,1,12.50,80,0,2,59,59,0.06,1,0.01,0.02,1.11,90,0.22,0.34,39,3,0.60,0.92,2.14,1.40,87,7,0.34,89,55,1,75,0,99,97,0,0.00,99,11,0.00,3.36,13.73,9.00,45,18,77,91,5.49,3.60,40.00,4,1.22,16,0,0.00,0,0.00,99,0,0.00,0.00,30,16,24,54,0,0,0,0,0,80,92,97,64,0,99,26,13,13,0,0,13,9,0,0
Cauê Vinicius dos Santos,23,1037433600,2002/11/16,Serie B,2026,Forward,Criciúma,290,101,189,Brazil,11,4,7,1,0,1,0,0,0,0,0,5,2,3,4,2,2,0,0,0.31,0,0.31,0,0.48,290,1.24,73,26,0,0,0,41,269,-1,12,0,5.49,0,58,28.14,8.27,36,91,6.36,70,29,21.65,36,0.00,0.00,0.55,6,0.00,0.00,0.62,0.18,2,0.00,0.45,0.00,0.00,0.00,0.09,0.18,0.45,9.00,2.78,0.55,0.36,0.00,0.27,0.11,0.00,1.09,0.00,0.00,0,0,,9,0.82,93,3,0.93,90,6,1.86,94,3,9,2,17,0.00,99,0,1,0.31,23,0,30,0.00,15,0,0.00,99,0,0.00,0,0,0.00,0,1.86,90,4,1.24,65,2,0.62,50.00,0,0.00,0,0,0,0.00,0,5,0.00,27,1.55,78,N/A,N/A,N/A,N/A,0.00,0,0.00,0,1.24,0.00,0,76.92,33.33,66,99,0.00,0.00,0,65,63,0,0,0,0.00,0.00,0,22,60.39,0.09,0.31,1,0,0.00,0.00,99,0.00,0,0,1,0.09,0.31,0,0.00,0.00,0.31,0.09,1,0,11.11,77,0,24,59,28,0.40,56,0.04,0.12,1.24,93,0.11,0.38,68,5,0.45,1.55,3.09,0.91,98,10,0.38,92,1,6,99,0,83,99,0,0.00,99,12,0.00,3.71,16.08,4.73,52,21,88,97,6.49,1.91,40.38,5,1.55,8,0,0.00,0,0.00,99,0,0.00,0.00,30,1,92,71,0,0,0,0,0,80,92,95,64,0,99,86,13,13,0,0,13,88,0,0
Cesar Augusto Soares dos Reis,31,792921600,1995/02/16,Serie B,2026,Goalkeeper,Novorizontino,780,360,420,Brazil,9,4,5,0,0,0,0,0,0,0,0,4,1,3,6,4,2,0,0,0,0,0,0,0,0,0.69,130,87,0,0,0,257,228,38,24,0,6.90,0,58,12.81,12.33,3,111,10.67,96,82,11.08,7,0.00,0.00,0.00,0,0.00,0.00,0.00,0.00,0,0.00,0.00,0.00,0.00,2.22,0.00,0.00,3.22,0.00,0.00,0.00,0.00,0.00,0.00,0.00,0.00,0.22,0.00,0.00,0,0,,0,0.00,8,0,0.00,20,0,0.00,8,1,0,9,6,0.00,99,0,0,0.00,9,0,30,0.00,15,0,0.00,99,0,0.00,0,0,0.00,0,0.00,7,0,0.00,12,0,0.00,0.00,0,0.00,0,20,28,2.31,17,29,0.00,84,3.35,94,N/A,N/A,N/A,N/A,68.97,0,0.00,0,0.00,0.00,0,86.49,0.00,20,81,0.22,0.23,2,17,17,0,0,15,0.00,0.00,0,22,62.09,1.00,1.04,9,0,0.00,0.00,99,0.00,0,0,0,0.00,0.00,5,0.56,0.58,0.00,0.00,0,0,0.00,50,37,15,51,84,0.18,1,0.02,0.02,0.00,9,0.00,0.00,2,0,0.00,0.00,0.00,0.00,6,0,0.00,8,73,34,75,53,46,9,0,0.00,99,2,0.00,0.23,0.46,0.44,4,2,1,3,0.23,0.22,50.00,0,0.00,99,0,0.00,0,0.00,99,0,0.00,0.00,30,42,24,36,0,0,0,0,0,37,51,68,64,0,99,85,13,13,0,0,13,31,0,0
César Henrique Martins,33,725529600,1992/12/28,Serie B,2026,Defender,Criciúma,1557,873,684,Brazil,18,10,8,1,0,1,1,0,1,0,0,9,6,3,10,5,5,3,0,0.12,0.06,0.06,0,0.13,1557,0.58,156,87,519,1557,0.17,205,161,26,10,0,7.13,0.06,64,50.58,48.61,89,875,39.28,707,44,40.87,85,0.00,0.00,0.17,3,0.00,0.33,1.27,1.22,22,0.00,0.17,0.00,0.00,0.00,1.89,0.17,0.61,16.00,0.92,0.67,0.28,0.00,0.22,0.10,0.00,2.78,0.00,0.00,0,0,,16,0.89,46,4,0.23,46,12,0.69,50,4,0,18,52,0.00,99,0,34,1.97,99,6,85,0.35,34,0,0.00,99,0,0.00,0,0,0.00,0,0.17,15,5,0.29,24,3,0.17,60.00,0,0.00,0,0,0,0.00,0,11,0.00,90,0.64,8,N/A,N/A,N/A,N/A,0.00,0,0.00,0,1.79,0.00,0,80.80,25.00,46,37,0.61,0.64,11,28,77,0,0,0,0.61,0.64,11,85,128.30,7.94,8.27,143,0,0.00,0.00,99,0.00,0,0,0,0.00,0.00,0,0.00,0.00,0.06,0.06,1,0,6.25,59,81,68,97,91,2.08,56,0.12,0.12,1.79,52,0.10,0.10,14,6,0.33,0.35,0.98,0.94,32,17,0.10,52,94,99,75,0,53,94,0,0.00,99,50,0.00,2.89,7.63,7.33,132,79,55,38,4.57,4.39,59.85,3,0.17,80,0,33.33,0,0.00,99,2,0.11,0.12,41,82,24,84,0,0,0,0,0,53,57,74,64,0,99,92,72,41,3,17,62,37,0,0
Charles Raphael de Almeida,31,797497200,1995/04/10,Serie B,2026,Midfielder,Operário PR,7,0,7,Brazil,1,0,1,0,0,0,0,0,0,0,0,1,0,1,0,0,0,0,0,0,0,0,0,0,0,0,0,7,0,0,0,-1,-1,-1,21,0,0.00,0,58,0.00,0.00,0,0,0.00,0,0,0.00,0,0.00,0.00,0.00,0,0.00,0.00,0.00,0.00,0,0.00,0.00,0.00,0.00,0.00,1.00,0.00,0.00,0.00,0.00,0.00,0.00,0.00,0.00,0.00,0.00,1.00,0.00,0.00,0,0,,0,0.00,8,0,0.00,20,0,0.00,8,0,1,0,6,0.00,99,0,1,12.86,99,0,30,0.00,15,0,0.00,99,0,0.00,0,0,0.00,0,0.00,7,0,0.00,12,0,0.00,0.00,0,0.00,0,0,0,0.00,0,0,0.00,99,0.00,0,N/A,N/A,N/A,N/A,0.00,0,0.00,0,0.00,0.00,0,0.00,0.00,20,99,0.00,0.00,0,17,17,0,0,0,1.00,12.86,1,99,0.00,4.00,51.43,4,0,0.00,0.00,99,0.00,0,0,0,0.00,0.00,0,0.00,0.00,0.00,0.00,0,0,0.00,50,0,0,51,0,0.00,0,0.00,0.00,0.00,9,0.00,0.00,2,0,0.00,0.00,0.00,0.00,6,0,0.00,8,0,99,75,0,46,99,0,0.00,99,1,0.00,12.86,12.86,1.00,1,1,99,88,12.86,1.00,100.00,0,0.00,99,0,0.00,0,0.00,99,0,0.00,0.00,30,0,41,12,0,0,0,0,0,37,51,68,64,0,99,99,13,13,0,0,13,32,0,0
Chrystian Barletta,25,994316400,2001/07/05,Serie B,2026,Forward,Sport Recife,1629,925,704,Brazil,19,11,8,9,6,3,3,0,3,0,0,7,3,4,14,10,4,6,0,0.66,0.17,0.5,0.58,0.38,181,0.77,116,86,272,543,0.33,15,73,-1,1,0,7.31,0.16,86,28.56,27.21,38,517,20.47,389,22,21.49,36,0.00,0.00,1.58,30,0.00,5.21,1.33,1.26,24,0.00,1.58,0.00,0.00,0.00,0.32,1.63,0.84,5.11,2.54,1.53,3.16,0.00,0.89,0.47,0.00,0.26,0.00,0.00,0,0,,46,2.42,89,17,0.94,91,29,1.60,88,5,0,19,56,0.00,99,0,6,0.33,24,99,66,5.47,93,0,0.00,99,0,0.00,0,0,0.00,0,1.66,85,60,3.31,95,31,1.71,51.67,0,0.00,0,0,0,0.00,0,16,0.00,73,0.88,28,N/A,N/A,N/A,N/A,0.00,0,0.00,0,8.86,0.00,0,75.24,36.96,71,45,0.53,0.55,10,96,63,6,0,0,0.05,0.06,1,25,138.89,0.21,0.22,4,0,0.00,0.00,99,0.00,0,6,1,0.05,0.06,0,0.00,0.00,0.11,0.11,2,0,19.57,91,86,74,54,73,3.80,88,0.20,0.21,4.66,81,0.25,0.26,92,49,2.58,2.71,0.88,0.84,26,16,0.49,97,97,3,80,0,61,11,0,0.00,99,5,0.00,0.28,11.60,11.05,210,109,84,80,6.02,5.74,51.90,30,1.66,7,0,25.25,0,0.00,99,25,1.32,1.38,93,86,24,91,0,0,0,0,0,97,97,92,97,0,99,69,41,73,6,32,92,30,0,0
Claudio Coelho Salvático,25,969778800,2000/09/24,Serie B,2026,Defender,Sport Recife,136,82,54,Brazil,4,1,3,0,0,0,0,0,0,0,0,1,0,1,2,1,1,1,0,0,0,0,0,0,0,1.32,68,34,136,0,0.66,-1,-1,-1,12,0,4.86,0,58,37.06,14.00,59,56,12.00,48,78,31.76,62,0.00,0.00,0.50,2,0.00,1.25,4.63,1.75,7,0.00,0.00,0.00,0.00,0.00,0.00,0.25,0.75,0.00,0.00,0.00,0.50,0.00,0.00,0.00,0.00,0.00,0.00,0.00,0,0,,0,0.00,8,0,0.00,20,0,0.00,8,1,3,1,99,0.00,99,0,0,0.00,9,5,90,3.31,76,0,0.00,99,0,0.00,0,0,0.00,0,1.32,76,2,1.32,68,1,0.66,50.00,0,0.00,0,0,0,0.00,0,3,0.00,21,1.99,87,N/A,N/A,N/A,N/A,0.00,0,0.00,0,0.00,0.00,0,85.71,0.00,20,6,0.50,1.32,2,65,63,0,0,0,0.25,0.66,1,85,19.44,0.50,1.32,2,0,0.00,0.00,99,0.00,0,0,0,0.00,0.00,0,0.00,0.00,0.00,0.00,0,0,0.00,50,0,0,51,22,0.20,63,0.05,0.13,0.00,9,0.00,0.00,57,2,0.50,1.32,2.65,1.00,95,4,0.00,8,0,42,75,0,46,2,0,0.00,99,0,0.00,0.00,11.91,4.50,18,10,90,82,6.62,2.50,55.56,0,0.00,99,0,40.00,0,0.00,99,2,0.50,1.32,91,0,62,36,0,0,0,0,0,37,51,68,64,0,99,38,16,97,1,25,81,27,0,0
Clayson Henrique da Silva Vieira,31,795600000,1995/03/19,Serie B,2026,Forward,Sport Recife,879,454,425,Brazil,17,9,8,0,0,0,3,3,0,0,0,6,3,3,7,5,2,2,1,0.31,0.31,0,0,0,0,0.72,126,52,293,293,0.31,434,15,-1,27,0,6.00,0.18,97,28.16,16.18,37,275,13.65,232,67,23.75,41,0.00,0.00,1.35,23,0.00,2.12,0.82,0.47,8,0.00,0.47,0.00,0.00,0.00,0.29,0.65,0.59,0.00,1.43,0.76,1.65,0.00,0.06,0.05,0.00,0.18,0.00,0.00,0,0,,14,0.82,65,1,0.10,26,13,1.33,80,1,5,12,26,0.00,99,0,5,0.51,36,36,72,3.69,80,0,0.00,99,0,0.00,0,0,0.00,0,2.35,96,28,2.87,92,11,1.13,39.29,0,0.00,0,0,0,0.00,0,10,0.00,79,1.02,43,N/A,N/A,N/A,N/A,0.00,0,0.00,0,0.89,0.00,0,84.36,7.14,20,23,0.47,0.82,8,86,35,0,0,0,0.06,0.10,1,31,101.92,0.29,0.51,5,0,0.00,0.00,99,0.00,0,0,0,0.00,0.00,0,0.00,0.00,0.51,0.29,5,0,0.00,50,44,59,51,81,3.08,97,0.18,0.32,0.89,50,0.05,0.09,91,25,1.47,2.56,1.64,0.94,69,16,0.09,49,5,13,75,0,91,13,0,0.00,99,3,0.00,0.31,10.75,6.18,105,46,59,74,4.71,2.71,43.81,8,0.82,34,0,27.78,0,0.00,99,10,0.59,1.02,85,55,77,36,0,0,0,0,0,80,51,68,64,0,99,67,44,69,1,6,24,25,0,0
Cristian Chagas Tarouco,38,574156800,1988/03/12,Serie B,2026,Defender,Juventude,314,134,180,Brazil,5,3,2,0,0,0,0,0,0,0,0,5,3,2,0,0,0,2,0,0,0,0,0,0,0,0,0,63,157,0,0.57,442,416,2,23,0,6.77,0,58,46.72,32.60,83,163,29.20,146,94,41.85,86,0.00,0.00,0.00,0,0.00,0.20,1.43,1.00,5,0.00,0.20,0.00,0.00,0.00,0.60,0.00,0.00,0.00,0.29,0.00,0.20,0.00,0.20,0.03,0.00,0.80,0.00,0.00,0,0,,1,0.20,16,1,0.29,51,0,0.00,8,0,2,3,62,0.00,99,0,3,0.86,61,1,30,0.29,32,0,0.00,99,0,0.00,0,0,0.00,0,0.00,7,1,0.29,24,0,0.00,0.00,0,0.00,0,0,0,0.00,0,0,0.00,99,0.00,0,N/A,N/A,N/A,N/A,0.00,0,0.00,0,0.15,0.00,0,89.57,100.00,99,76,0.20,0.29,1,17,17,0,0,0,0.40,0.57,2,81,33.86,2.20,3.15,11,0,0.00,0.00,99,0.00,0,0,0,0.00,0.00,0,0.00,0.00,0.00,0.00,0,0,0.00,50,0,2,51,0,0.32,35,0.06,0.09,0.15,29,0.03,0.04,37,3,0.60,0.86,1.72,1.20,73,6,0.04,28,50,76,75,0,46,57,0,0.00,99,4,0.00,1.15,6.59,4.60,23,10,16,24,2.87,2.00,43.48,1,0.29,72,0,0.00,0,0.00,99,0,0.00,0.00,30,3,50,12,0,0,0,0,0,37,51,68,64,0,99,99,18,95,2,40,98,3,0,0
Cristian Ortíz,34,714294000,1992/08/20,Serie B,2026,Midfielder,Novorizontino,286,142,144,Argentina,14,6,8,0,0,0,0,0,0,0,0,3,0,3,2,1,1,2,0,0,0,0,0,0,0,0.63,143,20,143,0,0.63,225,202,-1,31,0,6.22,0,58,33.04,7.50,48,105,5.79,81,29,25.49,46,0.00,0.00,0.71,10,0.00,2.36,1.57,0.36,5,0.00,0.14,0.00,0.00,0.00,0.29,0.14,0.14,0.00,2.83,0.57,0.21,0.00,0.07,0.04,0.00,0.14,0.00,0.00,0,0,,9,0.64,93,1,0.31,53,8,2.52,99,3,11,3,68,0.00,99,0,4,1.26,86,33,44,10.38,99,0,0.00,99,0,0.00,0,0,0.00,0,3.15,99,3,0.94,51,2,0.63,66.67,0,0.00,0,0,0,0.00,0,2,0.00,88,0.63,7,N/A,N/A,N/A,N/A,0.00,0,0.00,0,0.52,0.00,0,77.14,11.11,22,38,0.14,0.63,2,65,85,0,0,0,0.00,0.00,0,22,87.11,0.07,0.31,1,0,0.00,0.00,99,0.00,0,0,0,0.00,0.00,0,0.00,0.00,0.63,0.14,2,0,0.00,50,0,41,51,88,0.55,78,0.04,0.17,0.52,66,0.04,0.16,56,4,0.29,1.26,1.57,0.36,65,5,0.16,65,10,6,75,0,94,31,0,0.00,99,2,0.00,0.63,10.38,2.36,33,12,34,71,3.78,0.86,36.36,2,0.63,49,0,18.18,0,0.00,99,6,0.43,1.89,97,3,97,71,0,0,0,0,0,37,51,68,64,0,99,27,17,97,2,14,55,8,0,0
Cristiano Claudinei Nogueira,26,951206400,2000/02/22,Serie B,2026,Midfielder,Atlético GO,1503,814,689,Brazil,21,11,10,0,0,0,0,0,0,0,0,6,4,2,18,9,9,7,0,0,0,0,0,0,0,1.08,84,72,215,0,0.42,320,302,-1,32,0,6.86,0,58,46.23,36.76,82,772,32.57,684,91,40.96,85,0.00,0.00,0.52,11,0.00,0.52,1.38,1.10,23,0.00,0.52,0.00,0.00,0.00,1.43,0.57,0.90,0.00,0.96,0.67,0.81,0.00,0.10,0.05,0.00,0.29,0.00,0.00,0,0,,16,0.76,48,2,0.12,31,14,0.84,57,8,4,17,59,0.00,99,0,30,1.80,97,11,44,0.66,44,0,0.00,99,0,0.00,0,0,0.00,0,0.66,44,17,1.02,56,12,0.72,70.59,0,0.00,0,0,0,0.00,0,19,0.00,43,1.14,53,N/A,N/A,N/A,N/A,0.00,0,0.00,0,1.13,0.00,0,88.60,12.50,24,35,0.52,0.66,11,71,85,0,0,0,0.05,0.06,1,25,143.97,1.05,1.32,22,0,0.00,0.00,99,0.00,0,0,1,0.05,0.06,0,0.00,0.00,0.00,0.00,0,0,0.00,50,79,88,51,44,2.06,56,0.10,0.12,1.13,42,0.05,0.07,69,26,1.24,1.56,1.32,1.05,51,22,0.07,41,66,42,80,0,46,15,0,0.00,99,6,0.00,0.36,7.19,5.71,120,66,39,32,3.95,3.14,55.00,11,0.66,47,0,18.18,0,0.00,99,2,0.10,0.12,41,78,69,99,0,0,0,0,0,37,51,68,64,0,99,51,28,86,7,33,94,8,0,0
Cristiano da Silva,39,537436800,1987/01/12,Serie B,2026,Midfielder,Avaí,83,79,4,Brazil,3,2,1,0,0,0,0,0,0,0,0,1,1,0,2,1,1,0,0,0,0,0,0,0,0,2.17,42,28,0,0,0,-1,-1,-1,30,0,6.46,0,58,28.19,8.67,37,26,6.00,18,9,19.52,30,0.00,0.00,0.33,1,0.00,1.67,0.00,0.00,0,0.00,0.67,0.00,0.00,0.00,0.33,0.00,0.67,0.00,2.17,0.33,0.33,0.00,0.33,0.07,0.00,0.33,0.00,0.00,0,0,,2,0.67,84,1,1.08,93,1,1.08,70,0,3,0,6,0.00,99,0,1,1.08,75,5,90,5.42,93,0,0.00,99,0,0.00,0,0,0.00,0,1.08,67,1,1.08,59,0,0.00,0.00,0,0.00,0,0,0,0.00,0,2,0.00,1,2.17,90,N/A,N/A,N/A,N/A,0.00,0,0.00,0,0.21,0.00,0,69.23,50.00,92,12,0.33,1.08,1,17,17,0,0,0,0.00,0.00,0,22,19.37,0.00,0.00,0,0,0.00,0.00,99,0.00,0,0,0,0.00,0.00,0,0.00,0.00,0.00,0.00,0,0,0.00,50,0,0,51,2,0.08,35,0.03,0.09,0.21,77,0.07,0.23,46,1,0.33,1.08,2.17,0.67,87,2,0.23,75,18,1,75,0,46,55,0,0.00,99,1,0.00,1.08,9.76,3.00,9,2,9,64,2.17,0.67,22.22,2,2.17,1,0,40.00,0,0.00,99,2,0.67,2.17,98,0,62,12,0,0,0,0,0,37,51,68,64,0,99,64,13,13,0,0,13,30,0,0
Crystopher Ribeiro,28,897202800,1998/06/07,Serie B,2026,Midfielder,CRB,1580,756,824,Brazil,19,9,10,1,1,0,3,1,2,0,0,7,3,4,23,10,13,1,0,0.23,0.17,0.06,0.12,0,1580,1.31,69,83,1580,527,0.06,206,68,-1,10,0,6.96,0.16,86,43.23,39.95,78,759,32.84,624,54,35.54,73,0.00,0.00,1.68,32,0.00,0.79,0.91,0.84,16,0.00,0.79,0.00,0.00,0.00,0.53,0.26,1.21,35.00,1.99,1.26,0.58,0.00,0.58,0.18,0.00,0.42,0.00,0.00,0,0,,35,1.84,80,11,0.63,78,24,1.37,81,3,0,19,32,0.00,99,0,10,0.57,40,15,51,0.85,48,0,0.00,99,0,0.00,0,0,0.00,0,1.82,89,11,0.63,37,5,0.28,45.45,0,0.00,0,0,0,0.00,0,23,0.00,22,1.31,66,N/A,N/A,N/A,N/A,0.00,0,0.00,0,3.44,0.00,0,82.21,31.43,56,28,0.68,0.74,13,36,47,0,0,0,0.11,0.11,2,33,132.22,0.89,0.97,17,0,0.00,0.00,99,0.00,0,0,0,0.00,0.00,0,0.00,0.00,0.06,0.05,1,0,2.86,51,82,74,97,23,4.06,90,0.21,0.23,3.44,73,0.18,0.20,37,15,0.79,0.85,0.85,0.79,24,15,0.20,71,81,29,75,0,53,20,0,0.00,99,8,0.00,0.46,5.81,5.37,102,43,11,15,2.45,2.26,42.16,15,0.85,32,0,20.00,0,0.00,99,3,0.16,0.17,48,86,24,71,0,0,0,0,0,71,57,68,72,0,99,69,97,18,1,5,19,8,0,0
Dalberson,29,853142400,1997/01/13,Serie B,2026,Goalkeeper,Vila Nova,93,3,90,Brazil,2,1,1,0,0,0,0,0,0,0,0,1,1,0,0,0,0,1,0,0,0,0,0,0,0,0,0,47,93,0,0.97,-1,-1,-1,27,0,9.79,0,58,25.23,15.00,29,30,6.00,12,0,10.09,5,0.00,0.00,0.00,0,0.00,0.00,0.00,0.00,0,0.00,0.00,0.00,0.00,1.50,0.00,0.00,2.00,0.00,0.00,0.00,0.00,0.00,0.00,0.00,0.00,0.00,0.00,0.00,0,0,,0,0.00,8,0,0.00,20,0,0.00,8,0,1,1,6,0.00,99,0,0,0.00,9,0,30,0.00,15,0,0.00,99,0,0.00,0,0,0.00,0,0.00,7,0,0.00,12,0,0.00,0.00,0,0.00,0,3,69,2.52,24,4,0.00,99,3.36,94,N/A,N/A,N/A,N/A,75.00,0,0.00,0,0.00,0.00,0,40.00,0.00,20,99,0.00,0.00,0,17,17,0,0,2,0.00,0.00,0,22,19.58,0.00,0.00,0,0,0.00,0.00,99,0.00,0,0,0,0.00,0.00,0,0.00,0.00,0.00,0.00,0,0,0.00,50,0,0,51,0,0.03,4,0.01,0.03,0.00,9,0.00,0.00,2,0,0.00,0.00,0.00,0.00,6,0,0.00,8,99,1,75,0,46,2,0,0.00,99,0,0.00,0.00,0.00,0.00,0,0,0,0,0.00,0.00,0.00,0,0.00,99,0,0.00,0,0.00,99,0,0.00,0.00,30,0,41,12,0,0,0,0,0,37,51,68,64,0,99,92,13,99,0,0,13,29,0,0
Dalbert Henrique,32,747471600,1993/09/08,Serie B,2026,Defender,América Mineiro,1288,682,606,Brazil,17,8,9,0,0,0,1,1,0,0,0,3,2,1,18,9,9,2,0,0.07,0.07,0,0,0,0,1.26,72,76,644,1288,0.14,281,151,155,25,0,6.59,0.06,67,39.55,33.29,67,566,26.65,453,39,31.65,62,0.00,0.00,0.53,9,0.00,3.71,1.33,1.12,19,0.00,0.71,0.00,0.00,0.00,1.06,0.29,1.18,0.00,0.42,0.29,0.59,0.00,0.06,0.02,0.00,1.88,0.00,0.00,0,0,,6,0.35,23,1,0.07,22,5,0.35,28,1,2,15,56,0.00,99,0,18,1.26,86,63,40,4.40,87,0,0.00,99,0,0.00,0,0,0.00,0,0.63,43,10,0.70,40,5,0.35,50.00,0,0.00,0,0,0,0.00,0,20,0.00,25,1.40,71,N/A,N/A,N/A,N/A,0.00,0,0.00,0,0.39,0.00,0,80.04,16.67,30,38,0.53,0.63,9,42,63,0,0,0,0.18,0.21,3,48,112.09,2.82,3.35,48,1,0.00,0.07,10,0.06,0,0,0,0.00,0.00,0,0.00,0.00,0.28,0.24,4,0,0.00,50,67,59,51,27,1.90,63,0.11,0.13,0.39,24,0.02,0.03,42,14,0.82,0.98,1.82,1.53,78,26,0.03,24,26,79,75,0,81,86,0,0.00,99,32,0.00,2.24,9.01,7.59,129,70,63,55,4.89,4.12,54.26,12,0.84,33,0,15.87,0,0.00,99,10,0.59,0.70,74,68,50,36,0,0,0,0,0,43,51,68,64,0,99,20,81,33,2,12,46,29,0,0
Daniel Alves de Lima,21,1102320000,2004/12/06,Serie B,2026,Forward,Atlético GO,0,0,0,Brazil,0,0,0,0,0,0,0,0,0,0,0,0,0,0,0,0,0,0,0,0,0,0,0,0,0,0,0,0,0,0,0,-1,-1,-1,-1,N/A,N/A,N/A,N/A,N/A,N/A,N/A,N/A,N/A,N/A,N/A,N/A,N/A,N/A,N/A,N/A,N/A,N/A,N/A,N/A,N/A,N/A,N/A,N/A,N/A,N/A,N/A,N/A,N/A,N/A,N/A,N/A,N/A,N/A,N/A,N/A,N/A,N/A,N/A,N/A,N/A,N/A,N/A,N/A,N/A,N/A,N/A,N/A,N/A,N/A,N/A,N/A,N/A,N/A,N/A,N/A,N/A,N/A,N/A,N/A,N/A,N/A,N/A,N/A,N/A,N/A,N/A,N/A,N/A,N/A,N/A,N/A,N/A,N/A,N/A,N/A,N/A,N/A,N/A,N/A,N/A,N/A,N/A,N/A,N/A,N/A,N/A,N/A,N/A,N/A,N/A,N/A,N/A,N/A,N/A,N/A,N/A,N/A,N/A,N/A,N/A,N/A,N/A,N/A,N/A,N/A,N/A,N/A,N/A,N/A,N/A,N/A,N/A,N/A,N/A,N/A,N/A,N/A,N/A,N/A,N/A,N/A,N/A,N/A,N/A,N/A,N/A,N/A,N/A,N/A,N/A,N/A,N/A,N/A,N/A,N/A,N/A,N/A,N/A,N/A,N/A,N/A,N/A,N/A,N/A,N/A,N/A,N/A,N/A,N/A,N/A,N/A,N/A,N/A,N/A,N/A,N/A,N/A,N/A,N/A,N/A,N/A,N/A,N/A,N/A,N/A,N/A,N/A,N/A,N/A,N/A,N/A,N/A,N/A,N/A,N/A,N/A,N/A,N/A,N/A,N/A,N/A,N/A,N/A,N/A,N/A,N/A,N/A,N/A,N/A,N/A,N/A,N/A,N/A,N/A,N/A,N/A,N/A,N/A,N/A,N/A,N/A,N/A,N/A,N/A,N/A,N/A,N/A,N/A,N/A,N/A,N/A,N/A,N/A,N/A,N/A,N/A,N/A,N/A,N/A,N/A,N/A,N/A,N/A
Daniel Amorim Dias da Silva,36,621846000,1989/09/15,Serie B,2026,Forward,São Bernardo,737,463,274,Brazil,18,9,9,2,0,2,1,1,0,0,0,5,3,2,5,5,0,0,0,0.37,0.12,0.24,0,0.66,369,0.61,147,41,0,737,0,75,110,-1,7,0,5.87,0.06,76,13.94,6.33,4,114,4.44,80,10,9.78,5,0.00,0.00,0.28,5,0.00,0.06,0.61,0.28,5,0.00,0.67,0.00,0.00,0.00,0.11,0.22,0.33,4.00,0.98,0.22,0.22,0.00,0.22,0.10,0.00,0.67,0.00,0.00,0,0,,8,0.44,50,4,0.49,70,4,0.49,36,8,10,8,17,0.00,99,0,2,0.24,19,1,30,0.12,20,0,0.00,99,0,0.00,0,0,0.00,0,0.61,42,4,0.49,32,4,0.49,100.00,0,0.00,0,0,0,0.00,0,6,0.00,88,0.73,15,N/A,N/A,N/A,N/A,0.00,0,0.00,0,1.87,0.00,0,70.18,50.00,92,51,0.22,0.49,4,57,99,0,0,0,0.00,0.00,0,22,105.58,0.50,1.10,9,0,0.00,0.00,99,0.00,0,0,0,0.00,0.00,0,0.00,0.00,0.37,0.17,3,0,25.00,97,34,68,65,89,0.93,49,0.05,0.11,1.87,77,0.10,0.23,65,12,0.67,1.47,1.10,0.50,37,9,0.23,75,3,36,75,0,86,65,0,0.00,99,12,0.00,1.47,10.27,4.67,84,32,38,71,3.91,1.78,38.10,12,1.47,10,0,0.00,0,0.00,99,0,0.00,0.00,30,37,95,99,0,0,0,0,0,84,86,98,64,0,99,51,13,13,0,0,13,89,0,0
Daniel Davi Simão Roque,21,1118818800,2005/06/15,Serie B,2026,Forward,São Bernardo,283,128,155,Brazil,12,6,6,1,1,0,0,0,0,0,0,1,0,1,2,1,1,3,0,0.32,0,0.32,0.7,0,283,0.64,142,24,94,0,0.95,35,232,-1,12,0,6.12,0,58,20.93,5.38,17,70,4.69,61,84,18.24,25,0.00,0.00,0.23,3,0.00,0.23,1.79,0.46,6,0.00,0.46,0.00,0.00,0.00,0.15,0.85,0.23,15.00,4.49,0.69,2.00,0.00,0.46,0.14,0.00,0.00,0.00,0.00,0,0,,15,1.15,99,6,1.79,99,9,2.69,99,2,11,1,77,0.00,99,0,2,0.60,41,3,30,0.90,50,0,0.00,99,0,0.00,0,0,0.00,0,0.90,56,26,7.77,99,11,3.29,42.31,0,0.00,0,0,0,0.00,0,3,0.00,87,0.90,30,N/A,N/A,N/A,N/A,0.00,0,0.00,0,1.86,0.00,0,87.14,40.00,78,2,0.38,1.50,5,99,40,0,0,0,0.08,0.30,1,62,79.53,0.08,0.30,1,0,0.00,0.00,99,0.00,0,0,0,0.00,0.00,0,0.00,0.00,0.00,0.00,0,0,6.67,61,0,31,58,88,0.23,20,0.02,0.07,1.86,98,0.14,0.56,90,8,0.62,2.39,1.50,0.38,61,5,0.56,98,9,6,75,0,46,2,0,0.00,99,0,0.00,0.00,20.03,5.15,67,26,97,99,7.77,2.00,38.81,6,1.79,6,0,0.00,0,0.00,99,0,0.00,0.00,30,0,97,54,0,0,0,0,0,81,93,68,99,0,99,4,13,99,3,25,81,37,0,0
Daniel dos Santos Penha,27,908607600,1998/10/17,Serie B,2026,Midfielder,Avaí,1188,581,607,Brazil,16,7,9,3,2,1,1,1,0,0,0,4,3,1,15,4,11,3,1,0.3,0.08,0.23,0.31,0.15,396,1.14,79,74,297,1188,0.3,79,138,-1,3,0,7.03,0.06,68,32.88,27.12,48,434,20.69,331,26,25.08,45,0.00,0.00,1.38,22,0.00,2.25,1.59,1.31,21,0.00,0.75,0.00,0.00,0.00,0.50,0.88,1.06,11.33,2.58,1.38,1.69,0.00,0.75,0.27,0.00,0.25,0.00,0.00,0,0,,34,2.12,91,12,0.91,90,22,1.67,90,2,1,15,69,0.00,99,0,8,0.61,43,36,65,2.73,69,0,0.00,99,0,0.00,0,0,0.00,0,1.67,86,27,2.05,80,14,1.06,51.85,0,0.00,0,0,0,0.00,0,17,0.00,36,1.29,65,N/A,N/A,N/A,N/A,0.00,0,0.00,0,4.36,0.00,0,76.27,35.29,68,91,0.06,0.08,1,85,64,1,0,0,0.12,0.15,2,40,112.54,0.25,0.30,4,0,0.00,0.00,99,0.00,0,1,1,0.06,0.08,0,0.00,0.00,0.53,0.44,7,0,8.82,67,62,54,66,37,2.13,74,0.13,0.16,3.66,84,0.23,0.28,57,17,1.06,1.29,1.21,1.00,44,16,0.33,89,87,6,84,0,92,12,0,0.00,99,4,0.00,0.30,8.41,6.94,111,54,43,46,4.09,3.38,48.65,12,0.91,30,0,25.00,0,0.00,99,9,0.56,0.68,73,68,41,54,0,0,0,0,0,80,86,77,86,0,99,38,45,68,2,12,46,14,0,0
Daniel Goncalves Batista,27,933836400,1999/08/05,Serie B,2026,Forward,Ponte Preta,638,431,207,Brazil,15,9,6,1,1,0,0,0,0,0,0,1,1,0,11,5,6,4,1,0.14,0,0.14,0.21,0,638,1.55,58,43,128,0,0.71,137,209,-1,4,0,6.09,0,58,14.25,6.80,6,102,4.93,74,15,10.34,6,0.00,0.00,0.60,9,0.00,1.20,1.54,0.73,11,0.00,0.87,0.00,0.00,0.00,0.20,0.87,0.93,9.00,1.26,0.47,1.87,0.00,0.13,0.08,0.00,0.53,0.00,0.00,0,0,,9,0.60,60,2,0.28,51,7,0.98,65,5,9,6,67,0.00,99,0,3,0.42,30,18,35,2.52,67,0,0.00,99,0,0.00,0,0,0.00,0,1.26,73,28,3.91,98,13,1.82,46.43,0,0.00,0,0,0,0.00,0,14,0.00,11,1.96,86,N/A,N/A,N/A,N/A,0.00,0,0.00,0,1.21,0.00,0,72.55,22.22,40,4,0.67,1.40,10,97,48,0,0,0,0.07,0.14,1,38,91.31,0.13,0.28,2,0,0.00,0.00,99,0.00,0,0,0,0.00,0.00,0,0.00,0.00,0.42,0.20,3,0,11.11,77,27,46,80,12,0.57,27,0.04,0.08,1.21,67,0.08,0.17,97,23,1.53,3.21,3.91,1.87,99,28,0.17,66,8,5,75,0,88,57,0,0.00,99,8,0.00,1.12,19.70,9.40,141,54,96,99,7.55,3.60,38.30,13,1.82,5,0,11.11,0,0.00,99,2,0.13,0.28,56,23,92,91,0,0,0,0,0,56,72,68,78,0,99,3,15,98,3,20,70,26,0,0
Daniel Nascimento Peixoto dos Santos,29,867654000,1997/06/30,Serie B,2026,Midfielder,Atlético GO,206,70,136,Brazil,3,1,2,0,0,0,0,0,0,0,0,1,0,1,2,1,1,1,0,0,0,0,0,0,0,0.87,103,69,206,0,0.44,-1,-1,-1,11,0,6.91,0,58,31.02,23.67,42,71,18.33,55,30,24.03,42,0.00,0.00,0.67,2,0.00,1.00,1.75,1.33,4,0.00,0.67,0.00,0.00,0.00,0.67,2.00,0.67,0.00,1.75,1.33,2.67,0.00,0.00,0.06,0.00,1.67,0.00,0.00,0,0,,4,1.33,74,0,0.00,20,4,1.75,92,1,0,3,74,0.00,99,0,2,0.87,62,3,98,1.31,56,0,0.00,99,0,0.00,0,0,0.00,0,0.87,54,8,3.50,96,6,2.62,75.00,0,0.00,0,0,0,0.00,0,2,0.00,62,0.87,27,N/A,N/A,N/A,N/A,0.00,0,0.00,0,0.18,0.00,0,77.46,0.00,20,20,0.67,0.87,2,98,90,0,0,0,0.00,0.00,0,22,20.72,1.00,1.31,3,0,0.00,0.00,99,0.00,0,0,0,0.00,0.00,0,0.00,0.00,0.44,0.33,1,0,0.00,50,0,0,51,62,0.18,27,0.06,0.08,0.18,46,0.06,0.08,98,8,2.67,3.50,2.62,2.00,95,6,0.08,45,75,42,75,0,88,85,0,0.00,99,5,0.00,2.18,15.73,12.00,36,21,99,96,9.17,7.00,58.33,2,0.87,31,0,66.67,0,0.00,99,2,0.67,0.87,81,3,24,36,0,0,0,0,0,37,51,68,64,0,99,64,25,88,1,33,94,8,0,0
Daniel Sampaio Simões,30,821347200,1996/01/11,Serie B,2026,Midfielder,CRB,1469,638,831,Brazil,21,9,12,1,0,1,1,0,1,0,0,6,2,4,18,6,12,7,0,0.12,0.06,0.06,0,0.11,1469,1.1,82,70,210,1469,0.43,207,170,-1,9,0,6.85,0.05,64,45.21,35.14,80,738,30.10,632,77,38.72,81,0.00,0.00,1.62,34,0.00,1.00,0.86,0.67,14,0.00,0.86,0.00,0.00,0.00,0.33,0.43,0.90,24.00,1.47,0.81,1.00,0.00,0.33,0.12,0.00,0.14,0.00,0.00,0,0,,24,1.14,66,7,0.43,65,17,1.04,69,1,4,17,30,0.00,99,0,7,0.43,31,21,74,1.29,56,0,0.00,99,0,0.00,0,0,0.00,0,2.08,93,21,1.29,66,9,0.55,42.86,0,0.00,0,0,0,0.00,0,19,0.00,40,1.16,55,N/A,N/A,N/A,N/A,0.00,0,0.00,0,2.42,0.00,0,85.64,29.17,51,38,0.48,0.61,10,60,41,0,0,0,0.00,0.00,0,22,143.89,0.38,0.49,8,0,0.00,0.00,99,0.00,0,0,1,0.05,0.06,0,0.00,0.00,0.00,0.00,0,1,4.17,52,77,88,96,41,3.10,83,0.15,0.19,2.42,65,0.12,0.15,67,25,1.19,1.53,0.43,0.33,10,7,0.15,64,64,13,80,0,46,6,0,0.00,99,3,0.00,0.18,6.07,4.71,99,50,20,18,3.06,2.38,50.51,18,1.10,21,0,28.57,0,0.00,99,6,0.29,0.37,62,78,69,36,0,0,0,0,0,53,57,72,64,0,99,51,26,87,7,33,94,10,0,0
Danilo Carvalho Barcelos,35,682412400,1991/08/17,Serie B,2026,Defender,Ponte Preta,1044,690,354,Brazil,15,9,6,1,1,0,0,0,0,0,0,1,1,0,23,15,8,4,0,0.09,0,0.09,0.13,0,1044,1.98,45,70,261,0,0.34,174,187,204,7,0,6.03,0,58,33.36,25.80,50,387,19.67,295,26,25.43,46,0.00,0.00,0.67,10,0.00,3.53,1.12,0.87,13,0.00,0.27,0.00,0.00,0.00,0.87,0.07,1.73,12.00,1.03,0.53,0.07,0.00,0.27,0.10,0.00,0.67,0.00,0.00,0,0,,12,0.80,52,4,0.34,58,8,0.69,50,4,3,12,44,0.00,99,0,13,1.12,79,53,38,4.57,89,0,0.00,99,0,0.00,0,0,0.00,0,0.86,52,1,0.09,15,1,0.09,100.00,0,0.00,0,0,0,0.00,0,26,0.00,3,2.24,91,N/A,N/A,N/A,N/A,0.00,0,0.00,0,1.49,0.00,0,76.23,33.33,66,17,0.73,0.95,11,21,99,0,0,0,0.20,0.26,3,58,90.45,2.07,2.67,31,1,0.00,0.09,8,0.07,0,0,1,0.07,0.09,0,0.00,0.00,0.17,0.13,2,0,8.33,65,54,46,91,3,0.93,27,0.06,0.08,1.49,60,0.10,0.13,20,5,0.33,0.43,2.67,2.07,96,31,0.13,59,6,71,85,0,70,43,0,0.00,99,10,0.00,0.86,7.67,5.93,89,27,10,39,2.33,1.80,30.34,4,0.34,68,0,15.09,0,0.00,99,8,0.53,0.69,73,55,62,84,0,0,0,0,0,46,62,68,73,0,99,3,38,75,4,27,85,14,0,0
Danilo Cunha da Silva,19,1178953200,2007/05/12,Serie B,2026,Defender,Goiás,0,0,0,Brazil,0,0,0,0,0,0,0,0,0,0,0,0,0,0,0,0,0,0,0,0,0,0,0,0,0,0,0,0,0,0,0,-1,-1,-1,-1,N/A,N/A,N/A,N/A,N/A,N/A,N/A,N/A,N/A,N/A,N/A,N/A,N/A,N/A,N/A,N/A,N/A,N/A,N/A,N/A,N/A,N/A,N/A,N/A,N/A,N/A,N/A,N/A,N/A,N/A,N/A,N/A,N/A,N/A,N/A,N/A,N/A,N/A,N/A,N/A,N/A,N/A,N/A,N/A,N/A,N/A,N/A,N/A,N/A,N/A,N/A,N/A,N/A,N/A,N/A,N/A,N/A,N/A,N/A,N/A,N/A,N/A,N/A,N/A,N/A,N/A,N/A,N/A,N/A,N/A,N/A,N/A,N/A,N/A,N/A,N/A,N/A,N/A,N/A,N/A,N/A,N/A,N/A,N/A,N/A,N/A,N/A,N/A,N/A,N/A,N/A,N/A,N/A,N/A,N/A,N/A,N/A,N/A,N/A,N/A,N/A,N/A,N/A,N/A,N/A,N/A,N/A,N/A,N/A,N/A,N/A,N/A,N/A,N/A,N/A,N/A,N/A,N/A,N/A,N/A,N/A,N/A,N/A,N/A,N/A,N/A,N/A,N/A,N/A,N/A,N/A,N/A,N/A,N/A,N/A,N/A,N/A,N/A,N/A,N/A,N/A,N/A,N/A,N/A,N/A,N/A,N/A,N/A,N/A,N/A,N/A,N/A,N/A,N/A,N/A,N/A,N/A,N/A,N/A,N/A,N/A,N/A,N/A,N/A,N/A,N/A,N/A,N/A,N/A,N/A,N/A,N/A,N/A,N/A,N/A,N/A,N/A,N/A,N/A,N/A,N/A,N/A,N/A,N/A,N/A,N/A,N/A,N/A,N/A,N/A,N/A,N/A,N/A,N/A,N/A,N/A,N/A,N/A,N/A,N/A,N/A,N/A,N/A,N/A,N/A,N/A,N/A,N/A,N/A,N/A,N/A,N/A,N/A,N/A,N/A,N/A,N/A,N/A,N/A,N/A,N/A,N/A,N/A,N/A
Darlan Batista Cobo da Silva,22,1078300800,2004/03/03,Serie B,2026,Defender,Botafogo SP,0,0,0,Brazil,1,1,0,0,0,0,0,0,0,0,0,0,0,0,0,0,0,0,0,0,0,0,0,0,0,0,0,0,0,0,0,-1,-1,-1,-1,0,0.00,0,58,540.00,6.00,99,6,6.00,6,99,540.00,99,0.00,0.00,0.00,0,0.00,0.00,0.00,0.00,0,0.00,0.00,0.00,0.00,0.00,0.00,0.00,0.00,0.00,0.00,0.00,0.00,0.00,0.00,0.00,0.00,0.00,0.00,0.00,0,0,,0,0.00,8,0,0.00,20,0,0.00,8,0,1,0,6,0.00,99,0,0,0.00,9,0,30,0.00,15,0,0.00,99,0,0.00,0,0,0.00,0,0.00,7,0,0.00,12,0,0.00,0.00,0,0.00,0,0,0,0.00,0,0,0.00,99,0.00,0,N/A,N/A,N/A,N/A,0.00,0,0.00,0,0.00,0.00,0,100.00,0.00,20,99,0.00,0.00,0,17,17,0,0,0,0.00,0.00,0,22,0.00,0.00,0.00,0,0,0.00,0.00,99,0.00,0,0,0,0.00,0.00,0,0.00,0.00,0.00,0.00,0,0,0.00,50,0,0,51,0,0.01,99,0.01,0.90,0.00,9,0.00,0.00,2,0,0.00,0.00,0.00,0.00,6,0,0.00,8,0,1,75,0,46,2,0,0.00,99,0,0.00,0.00,0.00,0.00,0,0,0,0,0.00,0.00,0.00,0,0.00,99,0,0.00,0,0.00,99,0,0.00,0.00,30,0,41,12,0,0,0,0,0,37,51,68,64,0,99,2,13,13,0,0,13,27,0,0
Davi Goes Silva Ferreira Carvalho,21,1119423600,2005/06/22,Serie B,2026,Midfielder,Juventude,0,0,0,Brazil,0,0,0,0,0,0,0,0,0,0,0,0,0,0,0,0,0,0,0,0,0,0,0,0,0,0,0,0,0,0,0,-1,-1,-1,-1,N/A,N/A,N/A,N/A,N/A,N/A,N/A,N/A,N/A,N/A,N/A,N/A,N/A,N/A,N/A,N/A,N/A,N/A,N/A,N/A,N/A,N/A,N/A,N/A,N/A,N/A,N/A,N/A,N/A,N/A,N/A,N/A,N/A,N/A,N/A,N/A,N/A,N/A,N/A,N/A,N/A,N/A,N/A,N/A,N/A,N/A,N/A,N/A,N/A,N/A,N/A,N/A,N/A,N/A,N/A,N/A,N/A,N/A,N/A,N/A,N/A,N/A,N/A,N/A,N/A,N/A,N/A,N/A,N/A,N/A,N/A,N/A,N/A,N/A,N/A,N/A,N/A,N/A,N/A,N/A,N/A,N/A,N/A,N/A,N/A,N/A,N/A,N/A,N/A,N/A,N/A,N/A,N/A,N/A,N/A,N/A,N/A,N/A,N/A,N/A,N/A,N/A,N/A,N/A,N/A,N/A,N/A,N/A,N/A,N/A,N/A,N/A,N/A,N/A,N/A,N/A,N/A,N/A,N/A,N/A,N/A,N/A,N/A,N/A,N/A,N/A,N/A,N/A,N/A,N/A,N/A,N/A,N/A,N/A,N/A,N/A,N/A,N/A,N/A,N/A,N/A,N/A,N/A,N/A,N/A,N/A,N/A,N/A,N/A,N/A,N/A,N/A,N/A,N/A,N/A,N/A,N/A,N/A,N/A,N/A,N/A,N/A,N/A,N/A,N/A,N/A,N/A,N/A,N/A,N/A,N/A,N/A,N/A,N/A,N/A,N/A,N/A,N/A,N/A,N/A,N/A,N/A,N/A,N/A,N/A,N/A,N/A,N/A,N/A,N/A,N/A,N/A,N/A,N/A,N/A,N/A,N/A,N/A,N/A,N/A,N/A,N/A,N/A,N/A,N/A,N/A,N/A,N/A,N/A,N/A,N/A,N/A,N/A,N/A,N/A,N/A,N/A,N/A,N/A,N/A,N/A,N/A,N/A,N/A
David Braz,39,548578800,1987/05/21,Serie B,2026,Defender,Ponte Preta,356,176,180,Brazil,5,3,2,0,0,0,0,0,0,0,0,0,0,0,6,3,3,2,0,0,0,0,0,0,0,1.52,59,71,178,0,0.51,409,375,173,30,0,6.64,0,58,47.53,37.60,84,188,30.80,154,52,38.93,82,0.00,0.00,0.20,1,0.00,0.60,1.52,1.20,6,0.00,0.00,0.00,0.00,0.00,0.60,0.40,1.20,0.00,0.51,0.00,0.40,0.00,0.40,0.05,0.00,1.00,0.00,0.00,0,0,,2,0.40,25,2,0.51,72,0,0.00,8,1,0,5,66,0.00,99,0,3,0.76,54,3,85,0.76,46,0,0.00,99,0,0.00,0,0,0.00,0,0.25,19,2,0.51,33,2,0.51,100.00,0,0.00,0,0,0,0.00,0,6,0.00,13,1.52,77,N/A,N/A,N/A,N/A,0.00,0,0.00,0,0.25,0.00,0,81.91,100.00,99,79,0.20,0.25,1,58,99,0,0,0,0.40,0.51,2,77,33.20,3.40,4.30,17,0,0.00,0.00,99,0.00,0,0,0,0.00,0.00,0,0.00,0.00,0.00,0.00,0,0,0.00,50,0,2,51,14,0.38,43,0.08,0.10,0.25,38,0.05,0.06,8,1,0.20,0.25,0.76,0.60,20,3,0.06,37,33,84,75,0,46,59,0,0.00,99,5,0.00,1.26,5.31,4.20,21,14,29,11,3.54,2.80,66.67,0,0.00,99,0,33.33,0,0.00,99,1,0.20,0.25,54,16,24,36,0,0,0,0,0,37,51,68,64,0,99,2,20,93,2,40,98,33,0,0
David da Hora da Conceição,26,947404800,2000/01/09,Serie B,2026,Forward,Ponte Preta,848,606,242,Brazil,17,10,7,1,0,1,1,1,0,0,0,1,1,0,22,12,10,1,0,0.21,0.11,0.11,0,0.37,848,2.33,39,50,848,848,0.11,163,119,-1,5,0,6.58,0.06,74,17.17,9.53,10,162,7.24,123,25,13.04,11,0.00,0.00,0.24,4,0.00,0.24,0.64,0.35,6,0.00,0.76,0.00,0.00,0.00,0.18,0.18,1.35,15.00,1.59,0.53,0.65,0.00,0.35,0.10,0.00,0.71,0.00,0.00,0,0,,15,0.88,69,6,0.64,79,9,0.95,62,5,4,13,18,0.00,99,0,3,0.32,23,4,65,0.42,38,0,0.00,99,0,0.00,0,0,0.00,0,0.42,29,11,1.17,62,3,0.32,27.27,0,0.00,0,0,0,0.00,0,23,0.00,0,2.44,93,N/A,N/A,N/A,N/A,0.00,0,0.00,0,1.78,0.00,0,75.93,40.00,78,37,0.35,0.64,6,39,22,0,0,0,0.06,0.11,1,33,111.86,0.88,1.59,15,0,0.00,0.00,99,0.00,0,0,0,0.00,0.00,0,0.00,0.00,0.11,0.06,1,0,6.67,61,43,59,87,1,0.99,43,0.06,0.10,1.78,72,0.10,0.19,96,30,1.76,3.18,0.85,0.47,24,8,0.19,70,26,50,75,0,61,59,0,0.00,99,12,0.00,1.27,11.66,6.47,110,48,69,81,5.09,2.82,43.64,13,1.38,13,0,25.00,0,0.00,99,1,0.06,0.11,40,58,69,91,0,0,0,0,0,69,66,92,64,0,99,3,88,27,1,6,24,18,0,0
David Medeiros dos Santos,23,1051081200,2003/04/23,Serie B,2026,Midfielder,CRB,30,30,0,Brazil,1,1,0,0,0,0,0,0,0,0,0,0,0,0,1,1,0,0,0,0,0,0,0,0,0,3,30,30,0,0,0,-1,-1,-1,13,0,0.00,0,58,0.00,0.00,0,0,0.00,0,0,0.00,0,0.00,0.00,0.00,0,0.00,0.00,0.00,0.00,0,0.00,0.00,0.00,0.00,0.00,0.00,0.00,0.00,0.00,0.00,0.00,0.00,0.00,0.00,0.00,0.00,0.00,0.00,0.00,0,0,,0,0.00,8,0,0.00,20,0,0.00,8,0,1,0,6,0.00,99,0,0,0.00,9,0,30,0.00,15,0,0.00,99,0,0.00,0,0,0.00,0,0.00,7,0,0.00,12,0,0.00,0.00,0,0.00,0,0,0,0.00,0,0,0.00,0,0.00,0,N/A,N/A,N/A,N/A,0.00,0,0.00,0,0.00,0.00,0,0.00,0.00,20,99,0.00,0.00,0,17,17,0,0,0,0.00,0.00,0,22,0.00,0.00,0.00,0,0,0.00,0.00,99,0.00,0,0,0,0.00,0.00,0,0.00,0.00,0.00,0.00,0,0,0.00,50,0,0,51,0,0.00,0,0.00,0.00,0.00,9,0.00,0.00,2,0,0.00,0.00,0.00,0.00,6,0,0.00,8,0,1,75,0,46,2,0,0.00,99,0,0.00,0.00,0.00,0.00,0,0,0,0,0.00,0.00,0.00,0,0.00,99,0,0.00,0,0.00,99,0,0.00,0.00,30,0,41,12,0,0,0,0,0,37,51,68,64,0,99,2,13,13,0,0,13,16,0,0
David Miguel de Souza Arcanjo,19,1173600000,2007/03/11,Serie B,2026,Midfielder,Cuiabá,1280,644,636,Brazil,20,10,10,0,0,0,0,0,0,0,0,8,5,3,10,4,6,9,0,0,0,0,0,0,0,0.7,128,64,142,0,0.63,329,433,-1,33,0,6.69,0,58,27.42,19.50,35,390,14.95,299,27,21.02,35,0.00,0.00,0.50,10,0.00,0.90,1.55,1.10,22,0.00,0.50,0.00,0.00,0.00,0.45,0.30,0.55,0.00,1.83,1.00,0.90,0.00,0.30,0.10,0.00,1.25,0.00,0.00,0,0,,26,1.30,76,6,0.42,65,20,1.41,83,1,5,15,68,0.00,99,0,9,0.63,44,18,30,1.27,56,0,0.00,99,0,0.00,0,0,0.00,0,0.70,46,18,1.27,66,6,0.42,33.33,0,0.00,0,0,0,0.00,0,11,0.00,82,0.77,17,N/A,N/A,N/A,N/A,0.00,0,0.00,0,2.05,0.00,0,76.67,23.08,41,13,0.75,1.05,15,48,31,0,0,0,0.25,0.35,5,65,133.82,0.70,0.98,14,0,0.00,0.00,99,0.00,0,0,0,0.00,0.00,0,0.00,0.00,0.00,0.00,0,0,0.00,50,67,79,51,82,1.08,27,0.05,0.08,2.05,63,0.10,0.14,80,28,1.40,1.97,3.02,2.15,98,43,0.14,62,39,30,75,0,46,75,0,0.00,99,25,0.00,1.76,12.73,9.05,181,80,79,87,5.62,4.00,44.20,10,0.70,44,0,5.56,0,0.00,99,1,0.05,0.07,35,68,77,36,0,0,0,0,0,37,51,68,64,0,99,77,16,97,9,45,99,88,0,0
Derek Freitas Ribeiro,28,881049600,1997/12/02,Serie B,2026,Forward,Náutico,1203,521,682,Brazil,19,8,11,2,0,2,0,0,0,0,0,6,4,2,12,3,9,4,0,0.15,0,0.15,0,0.26,602,0.9,100,63,301,0,0.3,125,234,-1,5,0,6.92,0,58,16.68,11.74,9,223,9.53,181,47,13.54,12,0.00,0.00,0.95,18,0.00,0.63,1.35,0.95,18,0.00,0.74,0.00,0.00,0.00,0.32,0.79,0.63,23.50,3.52,2.00,1.58,0.00,0.47,0.23,0.00,1.16,0.00,0.00,0,0,,47,2.47,98,9,0.67,80,38,2.84,99,1,3,16,57,0.00,99,0,6,0.45,33,12,42,0.90,50,0,0.00,99,0,0.00,0,0,0.00,0,1.35,76,30,2.24,83,15,1.12,50.00,0,0.00,0,0,0,0.00,0,12,0.00,60,0.90,30,N/A,N/A,N/A,N/A,0.00,0,0.00,0,4.40,0.00,0,81.17,19.15,32,18,0.63,0.90,12,86,63,0,0,0,0.05,0.07,1,27,131.55,0.68,0.97,13,0,0.00,0.00,99,0.00,0,0,3,0.16,0.22,0,0.00,0.00,0.60,0.42,8,2,4.26,53,63,74,78,61,1.06,27,0.06,0.08,4.40,90,0.23,0.33,76,24,1.26,1.80,1.35,0.95,53,18,0.33,89,77,29,98,0,94,72,0,0.00,99,22,0.00,1.65,12.72,8.95,170,79,83,87,5.91,4.16,46.47,14,1.05,24,0,16.67,0,0.00,99,2,0.11,0.15,46,74,62,36,0,0,0,0,0,58,74,88,64,0,99,60,46,68,4,21,73,72,0,0
Diego Barbosa Tavares,35,678783600,1991/07/06,Serie B,2026,Defender,Ponte Preta,725,386,339,Brazil,12,7,5,1,0,1,3,2,1,0,0,2,2,0,18,8,10,3,1,0.5,0.37,0.12,0,0.27,725,2.23,40,60,181,242,0.5,150,10,208,8,0,6.64,0.25,98,14.28,9.58,6,115,7.58,91,36,11.30,7,0.00,0.00,0.50,6,0.00,2.75,0.50,0.33,4,0.00,0.33,0.00,0.00,0.00,0.08,0.83,1.58,12.00,1.49,0.67,1.83,0.00,0.33,0.13,0.00,0.42,0.00,0.00,0,0,,12,1.00,67,4,0.50,71,8,0.99,66,4,3,9,14,0.00,99,0,1,0.12,12,33,52,4.10,85,0,0.00,99,0,0.00,0,0,0.00,0,0.74,48,22,2.73,91,10,1.24,45.45,0,0.00,0,0,0,0.00,0,19,0.00,1,2.36,92,N/A,N/A,N/A,N/A,0.00,0,0.00,0,1.51,0.00,0,79.13,33.33,66,79,0.17,0.25,2,88,47,0,0,0,0.17,0.25,2,56,79.65,0.75,1.12,9,0,0.00,0.00,99,0.00,0,0,0,0.00,0.00,0,0.00,0.00,0.00,0.00,0,0,8.33,65,33,31,83,1,2.08,93,0.17,0.26,1.51,72,0.13,0.19,94,23,1.92,2.86,1.12,0.75,39,9,0.19,70,33,37,75,0,46,31,0,0.00,99,5,0.00,0.62,9.31,6.25,75,42,73,59,5.21,3.50,56.00,4,0.50,56,0,21.21,0,0.00,99,7,0.58,0.87,81,42,62,84,0,0,0,0,0,93,68,88,64,0,99,17,21,93,2,17,62,7,0,0
Diego Caito Barcellos Oliveira dos Santos,22,1086591600,2004/06/07,Serie B,2026,Defender,Goiás,602,244,358,Brazil,12,5,7,0,0,0,2,1,1,0,0,5,3,2,12,7,5,1,0,0.3,0.3,0,0,0,0,1.79,50,50,602,301,0.15,394,19,192,20,0,6.55,0.17,96,41.26,23.00,71,276,18.92,227,54,33.94,70,0.00,0.00,0.58,7,0.00,2.67,1.05,0.58,7,0.00,0.33,0.00,0.00,0.00,0.58,0.58,1.08,0.00,1.05,0.42,1.17,0.00,0.17,0.05,0.00,0.33,0.00,0.00,0,0,,7,0.58,53,2,0.30,52,5,0.75,53,3,6,6,40,0.00,99,0,7,1.05,72,32,73,4.78,91,0,0.00,99,0,0.00,0,0,0.00,0,1.05,65,14,2.09,81,7,1.05,50.00,0,0.00,0,0,0,0.00,0,13,0.00,7,1.94,86,N/A,N/A,N/A,N/A,0.00,0,0.00,0,0.59,0.00,0,82.25,28.57,51,75,0.17,0.30,2,84,63,0,0,0,0.08,0.15,1,40,78.66,0.75,1.35,9,0,0.00,0.00,99,0.00,0,0,0,0.00,0.00,0,0.00,0.00,0.15,0.08,1,0,0.00,50,22,31,51,7,1.91,96,0.16,0.29,0.59,50,0.05,0.09,33,5,0.42,0.75,0.75,0.42,20,5,0.09,49,23,44,75,0,68,30,0,0.00,99,4,0.00,0.60,7.03,3.92,47,23,26,30,3.44,1.92,48.94,4,0.60,51,0,28.12,0,0.00,99,9,0.75,1.35,92,23,81,71,0,0,0,0,0,80,51,68,64,0,99,81,78,37,1,8,30,20,0,0
Diego Galo,21,1117868400,2005/06/04,Serie B,2026,Midfielder,Novorizontino,470,189,281,Brazil,8,4,4,1,0,1,0,0,0,0,0,4,1,3,5,4,1,2,0,0.19,0,0.19,0,0.32,470,0.96,94,59,235,0,0.38,102,222,-1,14,0,6.75,0,58,20.98,13.38,18,107,10.75,86,42,16.86,21,0.00,0.00,0.38,3,0.00,3.50,0.98,0.62,5,0.00,0.50,0.00,0.00,0.00,0.38,0.62,0.62,9.00,1.76,0.62,1.25,0.00,0.50,0.17,0.00,0.75,0.00,0.00,0,0,,9,1.12,74,4,0.78,85,5,0.98,65,5,2,6,35,0.00,99,0,3,0.59,40,28,44,5.49,94,0,0.00,99,0,0.00,0,0,0.00,0,0.59,42,10,1.96,79,5,0.98,50.00,0,0.00,0,0,0,0.00,0,5,0.00,54,0.98,39,N/A,N/A,N/A,N/A,0.00,0,0.00,0,1.39,0.00,0,80.37,44.44,85,99,0.00,0.00,0,82,63,0,0,0,0.00,0.00,0,22,54.03,0.62,0.98,5,0,0.00,0.00,99,0.00,0,0,0,0.00,0.00,0,0.00,0.00,0.00,0.00,0,0,11.11,77,11,12,71,55,0.31,15,0.04,0.06,1.39,83,0.17,0.27,59,7,0.88,1.37,0.78,0.50,21,4,0.27,82,47,30,75,0,46,58,0,0.00,99,6,0.00,1.18,7.65,4.88,39,23,54,38,4.51,2.88,58.97,4,0.78,37,0,17.86,0,0.00,99,5,0.62,0.98,83,23,50,91,0,0,0,0,0,66,80,91,64,0,99,92,31,82,2,25,81,19,0,0
Diego Gonçalves,32,774860400,1994/07/22,Serie B,2026,Forward,Criciúma,493,166,327,Brazil,16,6,10,1,0,1,1,0,1,0,0,8,4,4,4,2,2,1,0,0.37,0.18,0.18,0,0.28,493,0.73,123,31,493,493,0.18,107,61,-1,9,0,6.27,0.06,88,23.18,7.94,22,127,5.44,87,9,15.88,19,0.00,0.00,0.25,4,0.00,1.00,0.91,0.31,5,0.00,0.62,0.00,0.00,0.00,0.12,0.50,0.31,15.00,2.74,0.50,1.00,0.00,0.44,0.12,0.00,0.62,0.00,0.00,0,0,,15,0.94,93,7,1.28,96,8,1.46,85,1,13,3,32,0.00,99,0,2,0.37,27,16,36,2.92,72,0,0.00,99,0,0.00,0,0,0.00,0,0.73,47,16,2.92,93,8,1.46,50.00,0,0.00,0,0,0,0.00,0,5,0.00,78,0.91,30,N/A,N/A,N/A,N/A,0.00,0,0.00,0,1.89,0.00,0,68.50,46.67,86,45,0.19,0.55,3,92,63,0,0,0,0.12,0.37,2,67,100.36,0.38,1.10,6,0,0.00,0.00,99,0.00,0,0,0,0.00,0.00,0,0.00,0.00,0.55,0.19,3,0,6.67,61,13,54,73,79,0.90,74,0.06,0.16,1.89,92,0.12,0.35,64,8,0.50,1.46,2.37,0.81,91,13,0.35,90,12,36,75,0,92,78,0,0.00,99,10,0.00,1.83,13.51,4.62,74,31,80,90,5.66,1.94,41.89,10,1.83,4,0,12.50,0,0.00,99,2,0.12,0.37,62,3,98,36,0,0,0,0,0,84,79,89,64,0,99,92,70,43,1,6,24,77,0,0
Diego Manuel Hernández González,26,961657200,2000/06/22,Serie B,2026,Forward,Sport Recife,349,129,220,Uruguay,6,3,3,3,2,1,1,1,0,0,0,1,0,1,3,2,1,0,0,1.03,0.26,0.77,1.4,0.41,116,0.77,116,58,0,349,0,5,29,-1,3,0,6.22,0.17,95,36.10,23.33,57,140,19.50,117,63,30.17,58,0.00,0.00,1.17,7,0.00,2.17,2.06,1.33,8,0.00,0.83,0.00,0.00,0.00,0.00,0.67,0.67,4.67,3.61,1.67,1.17,0.00,0.67,0.47,0.00,0.17,0.00,0.00,0,0,,14,2.33,99,4,1.03,93,10,2.58,99,1,2,4,86,0.00,99,0,0,0.00,9,13,31,3.35,77,0,0.00,99,0,0.00,0,0,0.00,0,1.81,89,7,1.81,76,4,1.03,57.14,0,0.00,0,0,0,0.00,0,4,0.00,73,1.03,44,N/A,N/A,N/A,N/A,0.00,0,0.00,0,2.79,0.00,0,83.57,28.57,51,26,0.50,0.77,3,83,73,0,0,0,0.00,0.00,0,22,37.32,0.33,0.52,2,0,0.00,0.00,99,0.00,0,0,0,0.00,0.00,0,0.00,0.00,0.00,0.00,0,0,21.43,94,0,3,51,73,1.09,95,0.18,0.28,2.79,99,0.47,0.72,57,5,0.83,1.29,1.03,0.67,35,4,0.72,99,10,14,75,0,46,10,0,0.00,99,1,0.00,0.26,9.03,5.83,35,17,53,55,4.38,2.83,48.57,5,1.29,15,0,7.69,0,0.00,99,1,0.17,0.26,55,8,50,36,0,1,0,17,0,99,99,94,99,0,99,17,13,13,0,0,13,20,0,0
Diego Mathias de Almeida,27,929170800,1999/06/12,Serie B,2026,Forward,Novorizontino,143,97,46,Brazil,4,3,1,0,0,0,1,1,0,0,0,2,1,1,1,1,0,0,0,0.63,0.63,0,0,0,0,0.63,143,36,0,143,0,-1,-1,-1,27,0,6.89,0.25,99,27.69,11.00,36,44,8.50,34,29,21.40,36,0.00,0.00,1.50,6,0.00,4.25,3.15,1.25,5,0.00,0.25,0.00,0.00,0.00,0.25,0.75,0.25,0.00,3.78,1.00,1.50,0.00,0.50,0.12,0.00,0.25,0.00,0.00,0,0,,6,1.50,99,2,1.26,96,4,2.52,99,4,2,2,99,0.00,99,0,1,0.63,44,17,60,10.70,99,0,0.00,99,0,0.00,0,0,0.00,0,3.78,99,6,3.78,97,3,1.89,50.00,0,0.00,0,0,0,0.00,0,1,0.00,88,0.63,7,N/A,N/A,N/A,N/A,0.00,0,0.00,0,0.48,0.00,0,77.27,33.33,66,99,0.00,0.00,0,97,63,0,0,0,0.00,0.00,0,22,27.57,0.25,0.63,1,0,0.00,0.00,99,0.00,0,0,0,0.00,0.00,0,0.00,0.00,0.00,0.00,0,0,0.00,50,0,0,51,88,0.88,99,0.22,0.55,0.48,87,0.12,0.30,29,1,0.25,0.63,0.00,0.00,6,0,0.30,84,72,19,75,0,46,31,0,0.00,99,1,0.00,0.63,10.07,4.00,16,10,87,68,6.29,2.50,62.50,1,0.63,49,0,23.53,0,0.00,99,4,1.00,2.52,99,1,50,84,0,0,0,0,0,97,51,68,64,0,99,92,13,13,0,0,13,27,0,0
Diego Monteiro Leão,21,1108108800,2005/02/11,Serie B,2026,Defender,Ponte Preta,548,298,250,Brazil,8,4,4,0,0,0,0,0,0,0,0,0,0,0,13,5,8,1,0,0,0,0,0,0,0,2.14,42,69,548,0,0.16,293,186,205,12,0,6.42,0,58,24.47,18.62,26,149,16.00,128,79,21.02,35,0.00,0.00,0.00,0,0.00,0.12,0.99,0.75,6,0.00,0.00,0.00,0.00,0.00,0.62,0.00,1.75,0.00,0.16,0.00,0.00,0.00,0.12,0.02,0.00,1.25,0.00,0.00,0,0,,1,0.12,9,1,0.16,35,0,0.00,8,3,3,5,36,0.00,99,0,5,0.82,59,1,30,0.16,24,0,0.00,99,0,0.00,0,0,0.00,0,0.00,7,0,0.00,12,0,0.00,0.00,0,0.00,0,0,0,0.00,0,14,0.00,2,2.30,91,N/A,N/A,N/A,N/A,0.00,0,0.00,0,0.13,0.00,0,85.91,100.00,99,51,0.38,0.49,3,17,17,0,0,0,0.62,0.82,5,92,51.36,4.38,5.75,35,0,0.00,0.00,99,0.00,0,0,0,0.00,0.00,0,0.00,0.00,0.00,0.00,0,0,0.00,50,17,12,51,2,0.31,11,0.04,0.05,0.13,19,0.02,0.02,12,2,0.25,0.33,1.15,0.88,40,7,0.02,18,17,93,75,0,46,72,0,0.00,99,10,0.00,1.64,5.42,4.12,33,18,18,12,2.96,2.25,54.55,0,0.00,99,0,0.00,0,0.00,99,0,0.00,0.00,30,16,62,71,0,0,0,0,0,37,51,68,64,0,99,2,74,39,1,12,46,4,0,0
Diego Porfirio da Silva,27,933490800,1999/08/01,Serie B,2026,Defender,Ponte Preta,822,316,506,Brazil,13,5,8,0,0,0,0,0,0,0,0,0,0,0,14,4,10,2,0,0,0,0,0,0,0,1.53,59,63,411,0,0.22,408,206,176,27,0,6.08,0,58,25.95,18.23,32,237,14.23,185,32,20.26,32,0.00,0.00,0.46,6,0.00,1.85,2.30,1.62,21,0.00,0.46,0.00,0.00,0.00,0.46,0.77,1.38,0.00,0.66,0.38,1.23,0.00,0.08,0.03,0.00,0.38,0.00,0.00,0,0,,6,0.46,34,1,0.11,28,5,0.55,39,5,5,8,90,0.00,99,0,6,0.66,45,24,32,2.63,68,0,0.00,99,0,0.00,0,0,0.00,0,0.66,44,16,1.75,75,10,1.09,62.50,0,0.00,0,0,0,0.00,0,18,0.00,13,1.97,87,N/A,N/A,N/A,N/A,0.00,0,0.00,0,0.42,0.00,0,78.06,16.67,30,15,0.69,0.99,9,85,78,0,0,0,0.38,0.55,5,80,79.03,1.77,2.52,23,0,0.00,0.00,99,0.00,0,0,0,0.00,0.00,0,0.00,0.00,0.11,0.08,1,0,0.00,50,41,35,51,14,0.64,20,0.05,0.07,0.42,34,0.03,0.05,38,8,0.62,0.88,0.88,0.62,26,8,0.05,33,8,69,75,0,61,26,0,0.00,99,5,0.00,0.55,8.43,5.92,77,44,62,47,4.82,3.38,57.14,6,0.66,47,0,8.33,0,0.00,99,2,0.15,0.22,52,37,77,91,0,0,0,0,0,37,51,68,64,0,99,2,63,52,2,15,57,13,0,0
Diego Santos Monteiro,26,948873600,2000/01/26,Serie B,2026,Goalkeeper,Operário PR,0,0,0,Brazil,0,0,0,0,0,0,0,0,0,0,0,0,0,0,0,0,0,0,0,0,0,0,0,0,0,0,0,0,0,0,0,-1,-1,-1,-1,N/A,N/A,N/A,N/A,N/A,N/A,N/A,N/A,N/A,N/A,N/A,N/A,N/A,N/A,N/A,N/A,N/A,N/A,N/A,N/A,N/A,N/A,N/A,N/A,N/A,N/A,N/A,N/A,N/A,N/A,N/A,N/A,N/A,N/A,N/A,N/A,N/A,N/A,N/A,N/A,N/A,N/A,N/A,N/A,N/A,N/A,N/A,N/A,N/A,N/A,N/A,N/A,N/A,N/A,N/A,N/A,N/A,N/A,N/A,N/A,N/A,N/A,N/A,N/A,N/A,N/A,N/A,N/A,N/A,N/A,N/A,N/A,N/A,N/A,N/A,N/A,N/A,N/A,N/A,N/A,N/A,N/A,N/A,N/A,N/A,N/A,N/A,N/A,N/A,N/A,N/A,N/A,N/A,N/A,N/A,N/A,N/A,N/A,N/A,N/A,N/A,N/A,N/A,N/A,N/A,N/A,N/A,N/A,N/A,N/A,N/A,N/A,N/A,N/A,N/A,N/A,N/A,N/A,N/A,N/A,N/A,N/A,N/A,N/A,N/A,N/A,N/A,N/A,N/A,N/A,N/A,N/A,N/A,N/A,N/A,N/A,N/A,N/A,N/A,N/A,N/A,N/A,N/A,N/A,N/A,N/A,N/A,N/A,N/A,N/A,N/A,N/A,N/A,N/A,N/A,N/A,N/A,N/A,N/A,N/A,N/A,N/A,N/A,N/A,N/A,N/A,N/A,N/A,N/A,N/A,N/A,N/A,N/A,N/A,N/A,N/A,N/A,N/A,N/A,N/A,N/A,N/A,N/A,N/A,N/A,N/A,N/A,N/A,N/A,N/A,N/A,N/A,N/A,N/A,N/A,N/A,N/A,N/A,N/A,N/A,N/A,N/A,N/A,N/A,N/A,N/A,N/A,N/A,N/A,N/A,N/A,N/A,N/A,N/A,N/A,N/A,N/A,N/A,N/A,N/A,N/A,N/A,N/A,N/A
Diogo Barbosa Mendanha,34,714034800,1992/08/17,Serie B,2026,Defender,Juventude,1079,524,555,Brazil,16,8,8,0,0,0,0,0,0,0,0,12,7,5,3,1,2,2,0,0,0,0,0,0,0,0.25,360,67,540,0,0.17,290,263,5,18,0,6.82,0,58,29.44,22.06,39,353,18.12,290,53,24.19,42,0.00,0.00,0.69,11,0.00,2.50,1.92,1.44,23,0.00,0.50,0.00,0.00,0.00,0.88,0.75,0.25,0.00,0.67,0.50,1.06,0.00,0.00,0.03,0.00,0.44,0.00,0.00,0,0,,8,0.50,35,0,0.00,20,8,0.67,47,4,4,12,82,0.00,99,0,14,1.17,82,40,43,3.34,77,0,0.00,99,0,0.00,0,0,0.00,0,0.92,58,17,1.42,71,12,1.00,70.59,0,0.00,0,0,0,0.00,0,4,0.00,99,0.33,1,N/A,N/A,N/A,N/A,0.00,0,0.00,0,0.41,0.00,0,82.15,0.00,20,15,0.75,1.00,12,83,85,0,0,0,0.06,0.08,1,29,109.16,1.06,1.42,17,0,0.00,0.00,99,0.00,0,0,0,0.00,0.00,0,0.00,0.00,0.58,0.44,7,0,0.00,50,55,54,51,99,1.18,43,0.07,0.10,0.41,24,0.03,0.03,56,15,0.94,1.25,0.58,0.44,14,7,0.03,24,59,46,75,0,93,28,0,0.00,99,7,0.00,0.58,8.01,6.00,96,57,60,41,4.75,3.56,59.38,8,0.67,46,0,17.50,0,0.00,99,7,0.44,0.58,69,55,69,84,0,0,0,0,0,37,51,68,64,0,99,98,73,41,2,12,46,16,0,0
Diogo Batista de Souza,22,1062140400,2003/08/29,Serie B,2026,Defender,Athletic Club,1417,753,664,Brazil,19,9,10,1,0,1,2,1,1,0,0,5,3,2,15,6,9,6,0,0.19,0.13,0.06,0,0.14,1417,0.95,94,75,236,709,0.38,193,101,98,13,0,6.77,0.11,78,31.76,26.32,45,500,20.63,392,34,24.90,44,0.00,0.00,0.58,11,0.00,2.79,2.60,2.16,41,0.00,0.58,0.00,0.00,0.00,0.37,0.37,0.84,17.00,1.08,0.63,0.68,0.00,0.26,0.09,0.00,0.47,0.00,0.00,0,0,,17,0.89,55,5,0.32,55,12,0.76,53,1,3,16,96,0.00,99,0,7,0.44,32,53,47,3.37,77,0,0.00,99,0,0.00,0,0,0.00,0,0.70,46,13,0.83,47,7,0.44,53.85,0,0.00,0,0,0,0.00,0,16,0.00,55,1.02,43,N/A,N/A,N/A,N/A,0.00,0,0.00,0,1.72,0.00,0,78.40,29.41,52,8,1.00,1.21,19,51,68,0,0,0,0.32,0.38,6,68,128.70,1.32,1.59,25,1,0.00,0.06,12,0.05,0,0,1,0.05,0.06,0,0.00,0.00,0.00,0.00,0,0,5.88,58,75,74,95,55,2.35,70,0.12,0.15,1.72,56,0.09,0.11,83,33,1.74,2.10,1.71,1.42,72,27,0.11,55,50,50,80,0,46,28,0,0.00,99,9,0.00,0.57,10.42,8.63,164,90,81,72,5.72,4.74,54.88,11,0.70,44,0,18.87,0,0.00,99,10,0.53,0.64,72,74,62,36,0,0,0,0,0,66,57,75,64,0,99,40,32,82,6,32,92,2,0,0
Diogo Hereda da Silva,27,906274800,1998/09/20,Serie B,2026,Defender,CRB,1176,551,625,Brazil,17,8,9,0,0,0,3,2,1,0,0,4,2,2,18,8,10,3,1,0.23,0.23,0,0,0,0,1.38,65,69,294,392,0.31,352,39,169,27,0,6.63,0.18,94,34.44,26.47,53,450,22.65,385,77,29.46,57,0.00,0.00,1.41,24,0.00,3.18,1.76,1.35,23,0.00,0.76,0.00,0.00,0.00,0.53,1.18,1.06,0.00,0.61,0.35,1.82,0.00,0.12,0.04,0.00,1.00,0.00,0.00,0,0,,8,0.47,31,2,0.15,34,6,0.46,35,4,2,15,75,0.00,99,0,9,0.69,49,54,45,4.13,86,0,0.00,99,0,0.00,0,0,0.00,0,1.84,89,31,2.37,86,20,1.53,64.52,0,0.00,0,0,0,0.00,0,18,0.00,18,1.38,71,N/A,N/A,N/A,N/A,0.00,0,0.00,0,0.64,0.00,0,85.56,25.00,46,33,0.53,0.69,9,94,80,0,0,0,0.06,0.08,1,29,112.73,1.47,1.91,25,1,0.00,0.08,9,0.06,0,0,0,0.00,0.00,0,0.00,0.00,0.00,0.00,0,0,0.00,50,60,59,51,19,3.50,95,0.21,0.27,0.64,34,0.04,0.05,74,23,1.35,1.76,2.30,1.76,90,30,0.05,33,31,58,75,0,46,60,0,0.00,99,17,0.00,1.30,12.47,9.59,163,85,88,85,6.51,5.00,52.15,13,0.99,26,0,18.52,0,0.00,99,10,0.59,0.77,77,68,50,84,0,0,0,0,0,71,51,68,64,0,99,34,44,69,2,12,46,32,0,0
Diogo Jose Goncalves da Silva,40,521190000,1986/07/08,Serie B,2026,Goalkeeper,Ponte Preta,1260,720,540,Brazil,14,8,6,0,0,0,0,0,0,0,0,2,2,0,25,12,13,0,0,0,0,0,0,0,0,1.79,50,90,0,0,0,412,401,193,34,0,6.94,0,58,27.21,27.21,35,381,13.93,195,1,13.93,14,0.00,0.00,0.07,1,0.00,0.00,0.14,0.14,2,0.00,0.07,0.00,0.00,4.07,0.00,0.00,6.00,0.00,0.07,0.07,0.00,0.00,0.00,0.00,0.00,0.29,0.00,0.00,0,0,,1,0.07,8,0,0.00,20,1,0.07,9,0,0,14,8,0.00,99,0,0,0.00,9,0,30,0.00,15,0,0.00,99,0,0.00,0,0,0.00,0,0.07,10,0,0.00,12,0,0.00,0.00,0,0.00,0,57,21,4.07,97,84,0.00,7,6.00,99,N/A,N/A,N/A,N/A,67.86,0,0.00,0,0.05,0.00,0,51.18,0.00,20,92,0.07,0.07,1,17,17,0,0,40,0.00,0.00,0,22,97.12,1.64,1.64,23,0,0.00,0.00,99,0.00,1,0,0,0.00,0.00,7,0.50,0.50,0.00,0.00,0,0,0.00,50,66,41,51,7,0.45,4,0.03,0.03,0.05,9,0.00,0.00,2,0,0.00,0.00,0.00,0.00,6,0,0.00,8,79,53,75,43,46,11,0,0.00,99,4,0.00,0.29,0.57,0.57,8,6,4,4,0.43,0.43,75.00,1,0.07,84,0,0.00,0,0.00,99,0,0.00,0.00,30,62,24,12,0,0,0,0,0,37,51,68,64,0,99,14,13,13,0,0,13,12,0,0
Dixon Vera,23,1049616000,2003/04/06,Serie B,2026,Forward,Athletic Club,723,410,313,Ecuador,18,10,8,2,2,0,1,1,0,0,0,5,4,1,6,4,2,3,1,0.37,0.12,0.25,0.44,0,362,0.75,121,40,181,723,0.5,70,108,-1,3,0,6.04,0.06,76,22.66,10.11,20,182,7.67,138,24,17.18,22,0.00,0.00,0.78,14,0.00,1.50,3.11,1.39,25,0.00,0.72,0.00,0.00,0.00,0.33,0.44,0.39,7.50,1.87,0.56,1.06,0.00,0.28,0.13,0.00,0.39,0.00,0.00,0,0,,15,0.83,77,5,0.62,77,10,1.24,76,4,10,8,99,0.00,99,0,6,0.75,54,27,91,3.36,77,0,0.00,99,0,0.00,0,0,0.00,0,1.74,88,19,2.37,86,8,1.00,42.11,0,0.00,0,0,0,0.00,0,7,0.00,76,0.87,27,N/A,N/A,N/A,N/A,0.00,0,0.00,0,2.29,0.00,0,75.82,33.33,66,10,0.50,1.12,9,83,40,0,0,0,0.00,0.00,0,22,108.74,0.11,0.25,2,0,0.00,0.00,99,0.00,0,0,0,0.00,0.00,0,0.00,0.00,0.62,0.28,5,0,13.33,82,33,68,64,77,1.42,80,0.08,0.18,2.29,86,0.13,0.29,59,11,0.61,1.37,2.86,1.28,97,23,0.29,83,7,4,75,0,94,44,0,0.00,99,7,0.00,0.87,14.07,6.28,113,54,91,93,6.72,3.00,47.79,13,1.62,8,0,40.74,0,0.00,99,11,0.61,1.37,92,37,95,84,0,0,0,0,0,84,88,68,94,0,99,51,21,93,2,11,41,7,0,0
Djalma Antonio da Silva Filho,31,779958000,1994/09/19,Serie B,2026,Defender,Goiás,647,233,414,Brazil,16,8,8,2,1,1,0,0,0,0,0,6,4,2,7,3,4,3,0,0.28,0,0.28,0.39,0.22,324,0.97,92,40,216,0,0.42,54,382,103,4,0,6.54,0,58,37.36,16.12,60,274,11.82,201,17,27.41,51,0.00,0.00,0.24,4,0.00,1.18,1.36,0.59,10,0.00,0.29,0.00,0.00,0.00,0.35,0.29,0.47,5.00,1.36,0.41,0.94,0.00,0.18,0.11,0.00,0.65,0.00,0.00,0,0,,10,0.59,63,3,0.41,64,7,0.95,62,4,9,7,58,0.00,99,0,6,0.82,59,20,38,2.73,69,0,0.00,99,0,0.00,0,0,0.00,0,0.55,39,16,2.18,83,5,0.68,31.25,0,0.00,0,0,0,0.00,0,8,0.00,52,1.09,48,N/A,N/A,N/A,N/A,0.00,0,0.00,0,1.91,0.00,0,73.36,30.00,53,45,0.24,0.55,4,68,25,0,0,0,0.18,0.41,3,71,111.26,0.65,1.50,11,1,0.00,0.14,4,0.06,0,0,0,0.00,0.00,0,0.00,0.00,0.00,0.00,0,0,20.00,94,28,54,61,52,0.65,35,0.04,0.09,1.91,81,0.11,0.26,47,8,0.47,1.09,1.23,0.53,45,9,0.26,80,22,48,75,0,46,66,0,0.00,99,11,0.00,1.50,8.32,3.59,61,32,52,45,4.36,1.88,52.46,5,0.68,45,0,15.00,0,0.00,99,3,0.18,0.41,64,30,92,84,0,0,0,0,0,77,90,84,92,0,99,73,28,86,3,19,68,54,0,0
Douglas Baggio de Oliveira Costa,31,791712000,1995/02/02,Serie B,2026,Forward,CRB,672,270,402,Brazil,15,7,8,1,1,0,1,1,0,0,0,3,2,1,13,3,10,4,0,0.27,0.13,0.13,0.33,0,672,1.74,52,45,168,672,0.54,142,103,-1,7,0,6.29,0.07,78,22.70,10.75,21,172,8.94,143,60,18.87,28,0.00,0.00,0.44,7,0.00,0.50,1.98,0.94,15,0.00,0.44,0.00,0.00,0.00,0.19,0.44,0.94,14.00,1.85,0.44,0.69,0.00,0.44,0.11,0.00,0.38,0.00,0.00,0,0,,14,0.88,77,7,0.92,90,7,0.92,60,3,6,9,83,0.00,99,0,3,0.40,29,8,65,1.06,53,0,0.00,99,0,0.00,0,0,0.00,0,0.92,58,11,1.45,72,7,0.92,63.64,0,0.00,0,0,0,0.00,0,15,0.00,8,1.98,87,N/A,N/A,N/A,N/A,0.00,0,0.00,0,1.79,0.00,0,83.14,50.00,92,48,0.25,0.53,4,79,80,1,0,0,0.00,0.00,0,22,100.66,0.25,0.53,4,0,0.00,0.00,99,0.00,0,1,0,0.00,0.00,0,0.00,0.00,0.26,0.12,2,0,7.14,61,29,46,81,9,1.15,70,0.07,0.15,1.09,63,0.07,0.14,84,16,1.00,2.11,2.11,1.00,86,16,0.24,76,13,15,75,0,80,40,0,0.00,99,6,0.00,0.79,12.54,5.94,95,44,82,86,5.81,2.75,46.32,7,0.92,29,0,25.00,0,0.00,99,2,0.12,0.26,55,42,81,71,0,0,0,0,0,75,70,68,88,0,99,26,19,94,3,20,70,7,0,0
Douglas da Silva Santos,26,935564400,1999/08/25,Serie B,2026,Defender,Athletic Club,356,129,227,Brazil,9,3,6,0,0,0,0,0,0,0,0,3,1,2,2,0,2,2,0,0,0,0,0,0,0,0.51,178,40,178,0,0.51,258,268,14,17,0,6.56,0,58,32.36,14.22,46,128,10.00,90,10,22.75,39,0.00,0.00,0.78,7,0.00,1.67,3.03,1.33,12,0.00,0.78,0.00,0.00,0.00,0.44,0.67,0.33,0.00,1.01,0.44,1.44,0.00,0.00,0.02,0.00,0.11,0.00,0.00,0,0,,4,0.44,51,0,0.00,20,4,1.01,68,4,6,3,99,0.00,99,0,4,1.01,69,15,90,3.79,81,0,0.00,99,0,0.00,0,0,0.00,0,1.77,88,13,3.29,94,6,1.52,46.15,0,0.00,0,0,0,0.00,0,3,0.00,94,0.76,17,N/A,N/A,N/A,N/A,0.00,0,0.00,0,0.17,0.00,0,70.31,0.00,20,79,0.11,0.25,1,93,48,0,0,0,0.00,0.00,0,22,59.05,1.56,3.54,14,0,0.00,0.00,99,0.00,0,0,0,0.00,0.00,0,0.00,0.00,0.00,0.00,0,0,0.00,50,0,15,51,95,0.43,49,0.05,0.11,0.17,29,0.02,0.04,56,5,0.56,1.26,1.77,0.78,76,7,0.04,28,24,80,75,0,46,9,0,0.00,99,1,0.00,0.25,12.39,5.44,49,24,85,84,6.07,2.67,48.98,7,1.77,6,0,40.00,0,0.00,99,6,0.67,1.52,95,3,81,84,0,0,0,0,0,37,51,68,64,0,99,64,20,93,2,22,75,2,0,0
Douglas da Silva Teixeira,25,985852800,2001/03/29,Serie B,2026,Defender,Avaí,1454,575,879,Brazil,20,9,11,1,1,0,1,1,0,0,0,7,5,2,19,5,14,10,0,0.12,0.06,0.06,0.16,0,1454,1.18,77,73,145,1454,0.62,194,163,142,14,0,6.39,0.05,64,31.83,25.50,45,510,18.40,368,14,22.97,39,0.00,0.00,0.65,13,0.00,2.25,2.81,2.25,45,0.00,0.60,0.00,0.00,0.00,1.75,0.45,1.00,15.00,0.94,0.50,1.80,0.00,0.25,0.09,0.00,1.40,0.00,0.00,0,0,,15,0.75,47,5,0.31,53,10,0.62,45,2,3,17,98,0.00,99,0,35,2.18,99,45,39,2.81,71,0,0.00,99,0,0.00,0,0,0.00,0,0.81,51,36,2.25,84,9,0.56,25.00,0,0.00,0,0,0,0.00,0,20,0.00,32,1.25,62,N/A,N/A,N/A,N/A,0.00,0,0.00,0,1.74,0.00,0,72.16,33.33,66,2,1.25,1.56,25,61,21,0,0,0,0.25,0.31,5,63,127.83,3.30,4.12,66,0,0.00,0.00,99,0.00,0,0,0,0.00,0.00,0,0.00,0.00,0.06,0.05,1,0,6.67,61,77,79,95,34,1.84,49,0.09,0.11,1.74,56,0.09,0.11,80,32,1.60,2.00,1.75,1.40,75,28,0.11,55,15,84,75,0,53,75,0,0.00,99,28,0.00,1.75,13.73,11.00,220,115,95,91,7.18,5.75,52.27,12,0.75,38,0,15.56,0,0.00,99,7,0.35,0.44,65,78,62,54,0,0,0,0,0,53,57,68,75,0,99,67,17,96,10,50,99,36,0,0
Douglas Mendes Moreira,22,1087110000,2004/06/13,Serie B,2026,Defender,Vila Nova,259,169,90,Brazil,3,2,1,1,1,0,0,0,0,0,0,0,0,0,4,2,2,0,0,0.35,0,0.35,0.53,0,259,1.39,65,86,0,0,0,-1,-1,-1,9,0,6.86,0,58,54.90,52.67,95,158,44.00,132,62,45.87,93,0.00,0.00,0.33,1,0.00,0.33,0.35,0.33,1,0.00,0.33,0.00,0.00,0.00,1.00,0.00,1.33,2.00,0.69,0.33,0.00,0.00,0.33,0.26,0.00,1.33,0.00,0.00,0,0,,2,0.67,36,1,0.35,58,1,0.35,28,4,0,3,10,0.00,99,0,3,1.04,72,1,30,0.35,34,0,0.00,99,0,0.00,0,0,0.00,0,0.35,25,0,0.00,12,0,0.00,0.00,0,0.00,0,0,0,0.00,0,4,0.00,17,1.39,71,N/A,N/A,N/A,N/A,0.00,0,0.00,0,0.77,0.00,0,83.54,50.00,92,13,1.00,1.04,3,17,17,0,0,0,0.67,0.69,2,86,20.57,3.33,3.47,10,0,0.00,0.00,99,0.00,0,0,0,0.00,0.00,0,0.00,0.00,0.00,0.00,0,0,50.00,99,0,0,56,19,0.28,43,0.09,0.10,0.77,83,0.26,0.27,14,1,0.33,0.35,0.35,0.33,9,1,0.27,82,66,79,75,0,46,62,0,0.00,99,4,0.00,1.39,4.52,4.33,13,5,7,9,1.74,1.67,38.46,1,0.35,68,0,0.00,0,0.00,99,0,0.00,0.00,30,3,24,84,0,0,0,0,0,82,95,68,96,0,99,2,13,13,0,0,13,4,0,0
Eder Ferreira Graminho,31,797065200,1995/04/05,Serie B,2026,Defender,Ceará,1800,990,810,Brazil,20,11,9,0,0,0,0,0,0,0,0,4,2,2,25,13,12,7,0,0,0,0,0,0,0,1.25,72,90,257,0,0.35,380,370,153,33,0,6.75,0,58,48.65,48.65,87,973,42.65,853,87,42.65,87,0.00,0.00,0.10,2,0.00,0.15,0.95,0.95,19,0.00,0.05,0.00,0.00,0.00,0.55,0.20,1.30,11.00,0.55,0.45,0.25,0.00,0.10,0.06,0.00,2.30,0.00,0.00,0,0,,11,0.55,27,2,0.10,26,9,0.45,34,0,0,20,34,0.00,99,0,11,0.55,38,3,85,0.15,24,0,0.00,99,0,0.00,0,0,0.00,0,0.10,11,5,0.25,23,4,0.20,80.00,0,0.00,0,0,0,0.00,0,26,0.00,26,1.30,66,N/A,N/A,N/A,N/A,0.00,0,0.00,0,1.25,0.00,0,87.67,18.18,32,88,0.15,0.15,3,30,91,0,0,0,0.75,0.75,15,89,134.94,4.70,4.70,94,0,0.00,0.00,99,0.00,0,0,0,0.00,0.00,0,0.00,0.00,0.15,0.15,3,0,9.09,68,92,79,51,27,2.04,43,0.10,0.10,1.25,38,0.06,0.06,24,10,0.50,0.50,1.65,1.65,69,33,0.06,37,47,87,75,0,68,87,0,0.00,99,46,0.00,2.30,6.85,6.85,137,76,36,27,3.80,3.80,55.47,1,0.05,86,0,33.33,0,0.00,99,1,0.05,0.05,31,89,24,12,0,0,0,0,0,37,51,68,64,0,99,26,37,76,7,35,95,33,0,0
Edivan Vitor da Silva Junior,20,1134806400,2005/12/17,Serie B,2026,Forward,Londrina,92,60,32,Brazil,5,3,2,0,0,0,0,0,0,0,0,0,0,0,3,2,1,1,0,0,0,0,0,0,0,2.93,31,18,92,0,0.98,-1,-1,-1,24,0,5.12,0,58,14.67,3.00,6,15,2.20,11,17,10.76,6,0.00,0.00,0.00,0,0.00,0.20,0.00,0.00,0,0.00,0.00,0.00,0.00,0.00,0.20,0.00,1.00,0.00,0.00,0.00,0.40,0.00,0.00,0.00,0.00,0.00,0.00,0.00,0,0,,0,0.00,8,0,0.00,20,0,0.00,8,0,5,0,6,0.00,99,0,1,0.98,68,1,30,0.98,51,0,0.00,99,0,0.00,0,0,0.00,0,0.00,7,2,1.96,79,0,0.00,0.00,0,0.00,0,0,0,0.00,0,5,0.00,0,4.89,99,N/A,N/A,N/A,N/A,0.00,0,0.00,0,0.00,0.00,0,73.33,0.00,20,99,0.00,0.00,0,17,17,0,0,0,0.00,0.00,0,22,25.59,0.20,0.98,1,0,0.00,0.00,99,0.00,0,0,0,0.00,0.00,0,0.00,0.00,0.00,0.00,0,0,0.00,50,0,2,51,0,0.02,1,0.00,0.02,0.00,9,0.00,0.00,94,3,0.60,2.93,2.93,0.60,97,3,0.00,8,1,30,75,0,46,2,0,0.00,99,0,0.00,0.00,10.76,2.20,11,3,18,74,2.93,0.60,27.27,0,0.00,99,0,0.00,0,0.00,99,0,0.00,0.00,30,0,77,12,0,0,0,0,0,37,51,68,64,0,99,2,13,99,1,20,70,77,0,0
Edson Lucas Pereira,26,964940400,2000/07/30,Serie B,2026,Defender,Sport Recife,219,159,60,Brazil,7,4,3,0,0,0,1,0,1,0,0,3,1,2,2,1,1,1,0,0.41,0.41,0,0,0,0,0.82,110,31,219,219,0.41,-1,-1,-1,14,0,5.61,0.14,98,47.55,16.00,84,112,12.86,90,41,38.21,80,0.00,0.00,0.29,2,0.00,1.43,2.55,0.86,6,0.00,0.29,0.00,0.00,0.00,0.57,0.29,0.43,0.00,0.85,0.14,1.00,0.00,0.14,0.03,0.00,0.00,0.00,0.00,0,0,,2,0.29,43,1,0.42,65,1,0.42,33,4,5,2,95,0.00,99,0,4,1.70,95,10,33,4.25,86,0,0.00,99,0,0.00,0,0,0.00,0,0.85,51,7,2.97,93,2,0.85,28.57,0,0.00,0,0,0,0.00,0,3,0.00,67,1.27,63,N/A,N/A,N/A,N/A,0.00,0,0.00,0,0.19,0.00,0,80.36,50.00,92,99,0.00,0.00,0,76,24,0,0,0,0.00,0.00,0,22,39.30,0.43,1.27,3,0,0.00,0.00,99,0.00,0,0,0,0.00,0.00,0,0.00,0.00,0.00,0.00,0,0,0.00,50,0,8,51,68,0.86,99,0.12,0.37,0.19,46,0.03,0.08,56,3,0.43,1.27,1.70,0.57,71,4,0.08,45,1,40,75,0,46,2,0,0.00,99,0,0.00,0.00,10.19,3.43,24,11,58,69,4.67,1.57,45.83,2,0.85,32,0,10.00,0,0.00,99,1,0.14,0.42,64,1,77,84,0,0,0,0,0,88,51,68,64,0,99,84,29,84,1,14,55,96,0,0
Eduardo Alves Zanella,22,1084345200,2004/05/12,Serie B,2026,Goalkeeper,Londrina,0,0,0,Brazil,0,0,0,0,0,0,0,0,0,0,0,0,0,0,0,0,0,0,0,0,0,0,0,0,0,0,0,0,0,0,0,-1,-1,-1,-1,N/A,N/A,N/A,N/A,N/A,N/A,N/A,N/A,N/A,N/A,N/A,N/A,N/A,N/A,N/A,N/A,N/A,N/A,N/A,N/A,N/A,N/A,N/A,N/A,N/A,N/A,N/A,N/A,N/A,N/A,N/A,N/A,N/A,N/A,N/A,N/A,N/A,N/A,N/A,N/A,N/A,N/A,N/A,N/A,N/A,N/A,N/A,N/A,N/A,N/A,N/A,N/A,N/A,N/A,N/A,N/A,N/A,N/A,N/A,N/A,N/A,N/A,N/A,N/A,N/A,N/A,N/A,N/A,N/A,N/A,N/A,N/A,N/A,N/A,N/A,N/A,N/A,N/A,N/A,N/A,N/A,N/A,N/A,N/A,N/A,N/A,N/A,N/A,N/A,N/A,N/A,N/A,N/A,N/A,N/A,N/A,N/A,N/A,N/A,N/A,N/A,N/A,N/A,N/A,N/A,N/A,N/A,N/A,N/A,N/A,N/A,N/A,N/A,N/A,N/A,N/A,N/A,N/A,N/A,N/A,N/A,N/A,N/A,N/A,N/A,N/A,N/A,N/A,N/A,N/A,N/A,N/A,N/A,N/A,N/A,N/A,N/A,N/A,N/A,N/A,N/A,N/A,N/A,N/A,N/A,N/A,N/A,N/A,N/A,N/A,N/A,N/A,N/A,N/A,N/A,N/A,N/A,N/A,N/A,N/A,N/A,N/A,N/A,N/A,N/A,N/A,N/A,N/A,N/A,N/A,N/A,N/A,N/A,N/A,N/A,N/A,N/A,N/A,N/A,N/A,N/A,N/A,N/A,N/A,N/A,N/A,N/A,N/A,N/A,N/A,N/A,N/A,N/A,N/A,N/A,N/A,N/A,N/A,N/A,N/A,N/A,N/A,N/A,N/A,N/A,N/A,N/A,N/A,N/A,N/A,N/A,N/A,N/A,N/A,N/A,N/A,N/A,N/A,N/A,N/A,N/A,N/A,N/A,N/A
Eduardo da Silva Albuquerque,26,961052400,2000/06/15,Serie B,2026,Midfielder,São Bernardo,1799,1095,704,Brazil,23,13,10,2,0,2,4,1,3,0,0,5,3,2,21,12,9,5,0,0.3,0.2,0.1,0,0.26,900,1.05,86,78,360,450,0.25,167,51,-1,5,0,7.18,0.17,91,54.04,46.39,94,1067,39.22,902,69,45.68,92,0.00,0.00,1.83,42,0.00,3.39,1.11,0.96,22,0.00,0.61,0.00,0.00,0.00,1.13,0.35,0.96,19.00,1.92,1.22,0.74,0.00,0.43,0.18,0.00,0.26,0.00,0.00,0,0,,38,1.65,79,10,0.51,72,28,1.42,84,2,0,23,43,0.00,99,0,26,1.32,89,78,76,3.95,83,0,0.00,99,0,0.00,0,0,0.00,0,2.13,94,17,0.86,48,8,0.41,47.06,0,0.00,0,0,0,0.00,0,22,0.00,45,1.11,50,N/A,N/A,N/A,N/A,0.00,0,0.00,0,4.11,0.00,0,84.54,26.32,47,27,0.65,0.76,15,47,50,0,0,0,0.17,0.20,4,46,165.25,1.13,1.32,26,0,0.00,0.00,99,0.00,0,0,0,0.00,0.00,0,0.00,0.00,0.00,0.00,0,0,5.26,57,92,99,87,45,5.86,96,0.25,0.30,4.11,74,0.18,0.21,50,23,1.00,1.16,1.52,1.30,62,30,0.21,72,95,42,75,0,46,12,0,0.00,99,6,0.00,0.30,6.94,5.96,137,59,19,30,2.99,2.57,43.07,14,0.71,42,0,29.49,0,0.00,99,23,1.00,1.16,87,99,24,54,0,1,0,4,0,80,64,88,64,0,99,30,55,59,5,22,75,26,0,0
Eduardo dos Santos,24,1007366400,2001/12/03,Serie B,2026,Midfielder,Vila Nova,1412,669,743,Brazil,22,10,12,4,3,1,0,0,0,0,0,7,3,4,6,3,3,7,1,0.25,0,0.25,0.4,0.12,353,0.38,235,64,202,0,0.45,68,344,-1,2,0,6.80,0,58,29.87,21.52,40,452,16.00,336,20,22.20,38,0.00,0.00,0.67,14,0.00,1.00,2.25,1.62,34,0.00,0.52,0.00,0.00,0.00,0.52,0.19,0.43,7.00,1.85,1.05,0.62,0.00,0.29,0.20,0.00,1.67,0.00,0.00,0,0,,28,1.33,77,6,0.40,63,22,1.45,85,3,7,15,89,0.00,99,0,11,0.73,52,21,37,1.39,58,0,0.00,99,0,0.00,0,0,0.00,0,0.93,59,13,0.86,48,4,0.26,30.77,0,0.00,0,0,0,0.00,0,9,0.00,98,0.59,6,N/A,N/A,N/A,N/A,0.00,0,0.00,0,4.20,0.00,0,74.34,21.43,38,21,0.62,0.86,13,35,25,0,0,0,0.33,0.46,7,75,142.82,1.62,2.25,34,0,0.00,0.00,99,0.00,0,0,0,0.00,0.00,0,0.00,0.00,0.00,0.00,0,0,14.29,84,75,95,63,98,1.43,35,0.07,0.09,4.20,84,0.20,0.28,86,33,1.57,2.18,2.44,1.76,92,37,0.28,82,55,65,75,0,46,87,0,0.00,99,35,0.00,2.31,13.22,9.52,200,101,90,89,6.67,4.81,50.50,11,0.73,40,0,14.29,0,0.00,99,3,0.14,0.20,51,68,85,71,0,0,0,0,0,74,88,72,92,0,99,60,25,90,6,27,85,15,0,0
Eduardo Filipe Silva de Oliveira,20,1140422400,2006/02/20,Serie B,2026,Midfielder,Athletic Club,0,0,0,Brazil,0,0,0,0,0,0,0,0,0,0,0,0,0,0,0,0,0,0,0,0,0,0,0,0,0,0,0,0,0,0,0,-1,-1,-1,-1,N/A,N/A,N/A,N/A,N/A,N/A,N/A,N/A,N/A,N/A,N/A,N/A,N/A,N/A,N/A,N/A,N/A,N/A,N/A,N/A,N/A,N/A,N/A,N/A,N/A,N/A,N/A,N/A,N/A,N/A,N/A,N/A,N/A,N/A,N/A,N/A,N/A,N/A,N/A,N/A,N/A,N/A,N/A,N/A,N/A,N/A,N/A,N/A,N/A,N/A,N/A,N/A,N/A,N/A,N/A,N/A,N/A,N/A,N/A,N/A,N/A,N/A,N/A,N/A,N/A,N/A,N/A,N/A,N/A,N/A,N/A,N/A,N/A,N/A,N/A,N/A,N/A,N/A,N/A,N/A,N/A,N/A,N/A,N/A,N/A,N/A,N/A,N/A,N/A,N/A,N/A,N/A,N/A,N/A,N/A,N/A,N/A,N/A,N/A,N/A,N/A,N/A,N/A,N/A,N/A,N/A,N/A,N/A,N/A,N/A,N/A,N/A,N/A,N/A,N/A,N/A,N/A,N/A,N/A,N/A,N/A,N/A,N/A,N/A,N/A,N/A,N/A,N/A,N/A,N/A,N/A,N/A,N/A,N/A,N/A,N/A,N/A,N/A,N/A,N/A,N/A,N/A,N/A,N/A,N/A,N/A,N/A,N/A,N/A,N/A,N/A,N/A,N/A,N/A,N/A,N/A,N/A,N/A,N/A,N/A,N/A,N/A,N/A,N/A,N/A,N/A,N/A,N/A,N/A,N/A,N/A,N/A,N/A,N/A,N/A,N/A,N/A,N/A,N/A,N/A,N/A,N/A,N/A,N/A,N/A,N/A,N/A,N/A,N/A,N/A,N/A,N/A,N/A,N/A,N/A,N/A,N/A,N/A,N/A,N/A,N/A,N/A,N/A,N/A,N/A,N/A,N/A,N/A,N/A,N/A,N/A,N/A,N/A,N/A,N/A,N/A,N/A,N/A,N/A,N/A,N/A,N/A,N/A,N/A
Eduardo Franzon Mosconi,20,1150700400,2006/06/19,Serie B,2026,Midfielder,Operário PR,0,0,0,Brazil,0,0,0,0,0,0,0,0,0,0,0,0,0,0,0,0,0,0,0,0,0,0,0,0,0,0,0,0,0,0,0,-1,-1,-1,-1,N/A,N/A,N/A,N/A,N/A,N/A,N/A,N/A,N/A,N/A,N/A,N/A,N/A,N/A,N/A,N/A,N/A,N/A,N/A,N/A,N/A,N/A,N/A,N/A,N/A,N/A,N/A,N/A,N/A,N/A,N/A,N/A,N/A,N/A,N/A,N/A,N/A,N/A,N/A,N/A,N/A,N/A,N/A,N/A,N/A,N/A,N/A,N/A,N/A,N/A,N/A,N/A,N/A,N/A,N/A,N/A,N/A,N/A,N/A,N/A,N/A,N/A,N/A,N/A,N/A,N/A,N/A,N/A,N/A,N/A,N/A,N/A,N/A,N/A,N/A,N/A,N/A,N/A,N/A,N/A,N/A,N/A,N/A,N/A,N/A,N/A,N/A,N/A,N/A,N/A,N/A,N/A,N/A,N/A,N/A,N/A,N/A,N/A,N/A,N/A,N/A,N/A,N/A,N/A,N/A,N/A,N/A,N/A,N/A,N/A,N/A,N/A,N/A,N/A,N/A,N/A,N/A,N/A,N/A,N/A,N/A,N/A,N/A,N/A,N/A,N/A,N/A,N/A,N/A,N/A,N/A,N/A,N/A,N/A,N/A,N/A,N/A,N/A,N/A,N/A,N/A,N/A,N/A,N/A,N/A,N/A,N/A,N/A,N/A,N/A,N/A,N/A,N/A,N/A,N/A,N/A,N/A,N/A,N/A,N/A,N/A,N/A,N/A,N/A,N/A,N/A,N/A,N/A,N/A,N/A,N/A,N/A,N/A,N/A,N/A,N/A,N/A,N/A,N/A,N/A,N/A,N/A,N/A,N/A,N/A,N/A,N/A,N/A,N/A,N/A,N/A,N/A,N/A,N/A,N/A,N/A,N/A,N/A,N/A,N/A,N/A,N/A,N/A,N/A,N/A,N/A,N/A,N/A,N/A,N/A,N/A,N/A,N/A,N/A,N/A,N/A,N/A,N/A,N/A,N/A,N/A,N/A,N/A,N/A
Eduardo Freire de Andrade,22,1085468400,2004/05/25,Serie B,2026,Goalkeeper,Athletic Club,0,0,0,Brazil,0,0,0,0,0,0,0,0,0,0,0,0,0,0,0,0,0,0,0,0,0,0,0,0,0,0,0,0,0,0,0,-1,-1,-1,-1,N/A,N/A,N/A,N/A,N/A,N/A,N/A,N/A,N/A,N/A,N/A,N/A,N/A,N/A,N/A,N/A,N/A,N/A,N/A,N/A,N/A,N/A,N/A,N/A,N/A,N/A,N/A,N/A,N/A,N/A,N/A,N/A,N/A,N/A,N/A,N/A,N/A,N/A,N/A,N/A,N/A,N/A,N/A,N/A,N/A,N/A,N/A,N/A,N/A,N/A,N/A,N/A,N/A,N/A,N/A,N/A,N/A,N/A,N/A,N/A,N/A,N/A,N/A,N/A,N/A,N/A,N/A,N/A,N/A,N/A,N/A,N/A,N/A,N/A,N/A,N/A,N/A,N/A,N/A,N/A,N/A,N/A,N/A,N/A,N/A,N/A,N/A,N/A,N/A,N/A,N/A,N/A,N/A,N/A,N/A,N/A,N/A,N/A,N/A,N/A,N/A,N/A,N/A,N/A,N/A,N/A,N/A,N/A,N/A,N/A,N/A,N/A,N/A,N/A,N/A,N/A,N/A,N/A,N/A,N/A,N/A,N/A,N/A,N/A,N/A,N/A,N/A,N/A,N/A,N/A,N/A,N/A,N/A,N/A,N/A,N/A,N/A,N/A,N/A,N/A,N/A,N/A,N/A,N/A,N/A,N/A,N/A,N/A,N/A,N/A,N/A,N/A,N/A,N/A,N/A,N/A,N/A,N/A,N/A,N/A,N/A,N/A,N/A,N/A,N/A,N/A,N/A,N/A,N/A,N/A,N/A,N/A,N/A,N/A,N/A,N/A,N/A,N/A,N/A,N/A,N/A,N/A,N/A,N/A,N/A,N/A,N/A,N/A,N/A,N/A,N/A,N/A,N/A,N/A,N/A,N/A,N/A,N/A,N/A,N/A,N/A,N/A,N/A,N/A,N/A,N/A,N/A,N/A,N/A,N/A,N/A,N/A,N/A,N/A,N/A,N/A,N/A,N/A,N/A,N/A,N/A,N/A,N/A,N/A
Eduardo Jacinto de Biasi,29,852796800,1997/01/09,Serie B,2026,Midfielder,Criciúma,1183,537,646,Brazil,16,8,8,0,0,0,0,0,0,0,0,8,5,3,7,3,4,5,0,0,0,0,0,0,0,0.53,169,74,237,0,0.38,430,449,-1,29,0,6.58,0,58,36.37,29.88,58,478,27.19,435,97,33.09,68,0.00,0.00,0.31,5,0.00,0.25,1.98,1.62,26,0.00,0.38,0.00,0.00,0.00,0.69,0.12,0.44,0.00,0.23,0.12,0.62,0.00,0.06,0.01,0.00,0.38,0.00,0.00,0,0,,3,0.19,12,1,0.08,22,2,0.15,11,2,0,16,83,0.00,99,0,11,0.84,60,4,65,0.30,33,0,0.00,99,0,0.00,0,0,0.00,0,0.38,26,10,0.76,44,2,0.15,20.00,0,0.00,0,0,0,0.00,0,7,0.00,93,0.53,4,N/A,N/A,N/A,N/A,0.00,0,0.00,0,0.22,0.00,0,91.00,33.33,66,17,0.75,0.91,12,27,20,0,0,0,0.00,0.00,0,22,105.29,0.81,0.99,13,0,0.00,0.00,99,0.00,0,0,0,0.00,0.00,0,0.00,0.00,0.00,0.00,0,0,0.00,50,61,54,51,93,0.95,20,0.06,0.07,0.22,19,0.01,0.02,30,9,0.56,0.68,2.66,2.19,95,35,0.02,18,26,31,75,0,46,20,0,0.00,99,6,0.00,0.46,8.44,6.94,111,43,24,47,3.27,2.69,38.74,6,0.46,60,0,25.00,0,0.00,99,1,0.06,0.08,36,74,24,54,0,0,0,0,0,37,51,68,64,0,99,92,32,82,5,31,91,5,0,0
Eduardo Jose Barbosa da Silva Junior,30,810111600,1995/09/03,Serie B,2026,Midfielder,Náutico,307,192,115,Brazil,6,4,2,0,0,0,0,0,0,0,0,1,1,0,3,1,2,1,0,0,0,0,0,0,0,0.88,102,51,307,0,0.29,428,422,-1,27,0,6.58,0,58,21.69,12.33,18,74,9.83,59,38,17.30,22,0.00,0.00,0.33,2,0.00,1.17,1.76,1.00,6,0.00,1.00,0.00,0.00,0.00,0.17,0.33,0.50,0.00,1.47,0.50,0.83,0.00,0.33,0.07,0.00,0.50,0.00,0.00,0,0,,5,0.83,66,2,0.59,75,3,0.88,59,5,1,5,75,0.00,99,0,1,0.29,22,7,30,2.05,65,0,0.00,99,0,0.00,0,0,0.00,0,0.59,42,5,1.47,72,2,0.59,40.00,0,0.00,0,0,0,0.00,0,3,0.00,62,0.88,28,N/A,N/A,N/A,N/A,0.00,0,0.00,0,0.44,0.00,0,79.73,40.00,78,19,0.50,0.88,3,62,38,0,0,0,0.17,0.29,1,61,39.49,0.00,0.00,0,0,0.00,0.00,99,0.00,0,0,0,0.00,0.00,0,0.00,0.00,0.00,0.00,0,0,0.00,50,0,3,51,62,0.22,15,0.04,0.06,0.44,60,0.07,0.13,74,6,1.00,1.76,1.47,0.83,60,5,0.13,59,26,1,75,0,46,45,0,0.00,99,3,0.00,0.88,10.55,6.00,36,17,65,73,4.98,2.83,47.22,6,1.76,6,0,0.00,0,0.00,99,0,0.00,0.00,30,16,41,91,0,0,0,0,0,37,51,68,64,0,99,17,46,66,1,17,62,11,0,0
Eduardo Luiz Person,29,854092800,1997/01/24,Serie B,2026,Midfielder,América Mineiro,691,271,420,Brazil,11,4,7,0,0,0,0,0,0,0,0,1,0,1,9,5,4,2,0,0,0,0,0,0,0,1.17,77,63,346,0,0.26,388,385,-1,36,0,6.85,0,58,42.17,28.45,74,313,24.18,266,73,35.84,75,0.00,0.00,1.45,16,0.00,3.82,1.75,1.18,13,0.00,1.00,0.00,0.00,0.00,0.73,0.36,0.91,0.00,1.08,0.55,0.82,0.00,0.18,0.06,0.00,0.36,0.00,0.00,0,0,,8,0.73,55,2,0.27,49,6,0.81,56,4,3,8,74,0.00,99,0,8,1.08,75,42,85,5.66,95,0,0.00,99,0,0.00,0,0,0.00,0,2.16,95,9,1.21,63,4,0.54,44.44,0,0.00,0,0,0,0.00,0,10,0.00,33,1.35,69,N/A,N/A,N/A,N/A,0.00,0,0.00,0,0.61,0.00,0,84.98,25.00,46,46,0.36,0.54,4,59,44,0,0,0,0.09,0.13,1,35,75.32,0.45,0.67,5,0,0.00,0.00,99,0.00,0,0,0,0.00,0.00,0,0.00,0.00,0.00,0.00,0,0,0.00,50,30,24,51,34,1.02,66,0.09,0.14,0.61,46,0.06,0.08,70,12,1.09,1.62,1.35,0.91,53,10,0.08,45,64,20,75,0,46,25,0,0.00,99,4,0.00,0.54,8.76,5.91,65,32,50,51,4.31,2.91,49.23,11,1.48,10,0,33.33,0,0.00,99,14,1.27,1.89,97,37,62,84,0,0,0,0,0,37,51,68,64,0,99,5,52,62,2,18,65,21,0,0
Eduardo Schroeder Brock,35,673513200,1991/05/06,Serie B,2026,Defender,Novorizontino,435,170,265,Brazil,5,2,3,0,0,0,0,0,0,0,0,2,0,2,5,4,1,0,0,0,0,0,0,0,0,1.03,87,87,0,0,0,404,215,113,20,0,6.93,0,58,43.45,42.00,78,210,34.60,173,55,35.79,75,0.00,0.00,0.40,2,0.00,0.60,0.83,0.80,4,0.00,0.00,0.00,0.00,0.00,0.40,0.00,1.00,0.00,0.41,0.40,0.00,0.00,0.00,0.02,0.00,1.00,0.00,0.00,0,0,,2,0.40,22,0,0.00,20,2,0.41,32,1,0,5,27,0.00,99,0,2,0.41,29,3,99,0.62,43,0,0.00,99,0,0.00,0,0,0.00,0,0.41,28,0,0.00,12,0,0.00,0.00,0,0.00,0,0,0,0.00,0,5,0.00,46,1.03,44,N/A,N/A,N/A,N/A,0.00,0,0.00,0,0.09,0.00,0,82.38,0.00,20,62,0.40,0.41,2,17,17,0,0,0,1.40,1.45,7,99,34.64,4.60,4.76,23,0,0.00,0.00,99,0.00,0,0,0,0.00,0.00,0,0.00,0.00,0.00,0.00,0,0,0.00,50,6,2,51,46,0.43,35,0.09,0.09,0.09,19,0.02,0.02,7,1,0.20,0.21,0.00,0.00,6,0,0.02,18,78,88,75,0,46,53,0,0.00,99,5,0.00,1.03,3.10,3.00,15,10,8,7,2.07,2.00,66.67,0,0.00,99,0,100.00,0,0.00,99,3,0.60,0.62,71,16,24,36,0,0,0,0,0,37,51,68,64,0,99,77,13,13,0,0,13,14,0,0
Edwin Andrés Torres Palacios,28,879062400,1997/11/09,Serie B,2026,Forward,Operário PR,264,151,113,Colombia,7,4,3,0,0,0,0,0,0,0,0,4,3,1,1,0,1,0,0,0,0,0,0,0,0,0.34,264,38,0,0,0,-1,-1,-1,24,0,6.64,0,58,16.70,7.00,9,49,5.29,37,22,12.61,10,0.00,0.00,0.43,3,0.00,2.43,1.70,0.71,5,0.00,0.00,0.00,0.00,0.00,0.57,0.43,0.14,0.00,2.39,0.71,1.00,0.00,0.29,0.06,0.00,0.43,0.00,0.00,0,0,,7,1.00,88,2,0.68,81,5,1.70,91,1,4,3,72,0.00,99,0,4,1.36,90,17,60,5.80,95,0,0.00,99,0,0.00,0,0,0.00,0,1.02,64,7,2.39,86,3,1.02,42.86,0,0.00,0,0,0,0.00,0,1,0.00,98,0.34,1,N/A,N/A,N/A,N/A,0.00,0,0.00,0,0.45,0.00,0,75.51,28.57,51,0,1.14,2.73,8,83,41,0,0,0,0.14,0.34,1,64,46.48,0.14,0.34,1,0,0.00,0.00,99,0.00,0,0,0,0.00,0.00,0,0.00,0.00,1.02,0.43,3,0,0.00,50,0,8,51,98,0.16,11,0.02,0.05,0.45,65,0.06,0.15,73,5,0.71,1.70,2.39,1.00,91,7,0.15,64,33,8,75,0,99,53,0,0.00,99,3,0.00,1.02,12.61,5.29,37,16,77,86,5.45,2.29,43.24,0,0.00,99,0,23.53,0,0.00,99,4,0.57,1.36,92,3,69,36,0,0,0,0,0,37,51,68,64,0,99,95,13,13,0,0,13,29,0,0
Elias Lira Nogueira,27,932108400,1999/07/16,Serie B,2026,Defender,Vila Nova,413,166,247,Brazil,9,4,5,0,0,0,0,0,0,0,0,2,1,1,8,3,5,2,0,0,0,0,0,0,0,1.74,52,46,207,0,0.44,288,248,188,24,0,6.49,0,58,28.11,14.33,36,129,9.89,89,9,19.39,30,0.00,0.00,0.22,2,0.00,1.11,2.18,1.11,10,0.00,0.22,0.00,0.00,0.00,1.00,0.11,0.89,0.00,0.65,0.22,0.33,0.00,0.11,0.02,0.00,0.89,0.00,0.00,0,0,,3,0.33,34,1,0.22,44,2,0.44,33,6,5,4,88,0.00,99,0,9,1.96,98,10,51,2.18,65,0,0.00,99,0,0.00,0,0,0.00,0,0.44,30,3,0.65,39,1,0.22,33.33,0,0.00,0,0,0,0.00,0,8,0.00,8,1.74,83,N/A,N/A,N/A,N/A,0.00,0,0.00,0,0.20,0.00,0,68.99,33.33,66,20,0.44,0.87,4,31,31,0,0,0,0.11,0.22,1,50,58.39,1.33,2.62,12,0,0.00,0.00,99,0.00,0,0,0,0.00,0.00,0,0.00,0.00,0.00,0.00,0,0,0.00,50,5,15,51,9,0.26,15,0.03,0.06,0.20,29,0.02,0.04,47,5,0.56,1.09,3.92,2.00,99,18,0.04,28,19,70,75,0,46,75,0,0.00,99,8,0.00,1.74,11.55,5.89,53,24,74,80,5.23,2.67,45.28,2,0.44,62,0,20.00,0,0.00,99,2,0.22,0.44,65,8,77,95,0,0,0,0,0,37,51,68,64,0,99,30,25,88,2,22,75,2,0,0
Elias Martello Curzel,31,805532400,1995/07/12,Serie B,2026,Goalkeeper,Operário PR,347,180,167,Brazil,4,2,2,0,0,0,0,0,0,0,0,2,2,0,3,0,3,0,0,0,0,0,0,0,0,0.78,116,87,0,0,0,366,331,57,22,0,6.67,0,58,24.64,23.75,27,95,13.00,52,1,13.49,12,0.00,0.00,0.00,0,0.00,0.00,0.00,0.00,0,0.00,0.00,0.00,0.00,1.75,0.00,0.00,2.50,0.00,0.00,0.00,0.00,0.00,0.00,0.00,0.00,0.25,0.00,0.00,0,0,,0,0.00,8,0,0.00,20,0,0.00,8,0,1,3,6,0.00,99,0,0,0.00,9,0,30,0.00,15,0,0.00,99,0,0.00,0,0,0.00,0,0.00,7,0,0.00,12,0,0.00,0.00,0,0.00,0,7,31,1.82,7,10,0.00,72,2.59,93,N/A,N/A,N/A,N/A,70.00,0,0.00,0,0.00,0.00,0,54.74,0.00,20,99,0.00,0.00,0,17,17,0,0,2,0.00,0.00,0,22,26.68,1.00,1.04,4,0,0.00,0.00,99,0.00,0,0,0,0.00,0.00,1,0.25,0.26,0.00,0.00,0,0,0.00,50,0,0,51,73,0.13,4,0.03,0.03,0.00,9,0.00,0.00,24,2,0.50,0.52,0.00,0.00,6,0,0.00,8,36,34,75,10,46,10,0,0.00,99,1,0.00,0.26,0.78,0.75,3,3,6,5,0.78,0.75,100.00,0,0.00,99,0,0.00,0,0.00,99,0,0.00,0.00,30,3,41,12,0,0,0,0,0,37,51,68,64,0,99,92,13,13,0,0,13,1,0,0
Eliel Chrystian Pereira Silva,23,1043568000,2003/01/26,Serie B,2026,Forward,Cuiabá,383,284,99,Brazil,8,6,2,0,0,0,3,1,2,0,0,2,1,1,3,2,1,0,0,0.7,0.7,0,0,0,0,0.7,128,48,0,128,0,272,1,-1,20,0,6.71,0.38,99,7.28,3.88,0,31,2.62,21,8,4.93,0,0.00,0.00,0.62,5,0.00,0.88,0.00,0.00,0,0.00,0.25,0.00,0.00,0.00,0.25,0.00,0.38,0.00,2.35,0.88,0.62,0.00,0.38,0.09,0.00,0.25,0.00,0.00,0,0,,10,1.25,87,3,0.70,81,7,1.64,89,4,3,5,6,0.00,99,0,2,0.47,34,7,96,1.64,61,0,0.00,99,0,0.00,0,0,0.00,0,1.17,70,5,1.17,62,0,0.00,0.00,0,0.00,0,0,0,0.00,0,3,0.00,82,0.70,12,N/A,N/A,N/A,N/A,0.00,0,0.00,0,0.75,0.00,0,67.74,30.00,53,9,0.62,1.17,5,17,17,0,0,0,0.00,0.00,0,22,53.64,0.12,0.23,1,0,0.00,0.00,99,0.00,0,0,0,0.00,0.00,0,0.00,0.00,0.00,0.00,0,0,0.00,50,2,12,51,82,1.97,99,0.25,0.46,0.75,70,0.09,0.18,61,6,0.75,1.41,0.47,0.25,10,2,0.18,68,42,4,75,0,46,21,0,0.00,99,2,0.00,0.47,7.99,4.25,34,8,8,41,1.88,1.00,23.53,2,0.47,59,0,57.14,0,0.00,99,4,0.50,0.94,82,16,62,84,0,0,0,0,0,98,51,68,64,0,99,38,13,13,0,0,13,11,0,0
Elvis Vieira Araújo,35,652863600,1990/09/09,Serie B,2026,Midfielder,Ponte Preta,1345,779,566,Brazil,19,11,8,2,1,1,5,3,2,0,0,1,1,0,25,11,14,3,0,0.47,0.33,0.13,0.12,0.16,673,1.67,54,71,448,269,0.2,145,13,-1,2,0,7.09,0.26,97,39.14,30.79,66,585,23.84,453,30,30.31,59,0.00,0.00,1.68,32,0.00,5.74,0.40,0.32,6,0.00,0.68,0.00,0.00,0.00,0.16,0.26,1.47,15.00,2.01,0.89,0.68,0.00,0.68,0.19,0.00,0.68,0.00,0.00,0,0,,30,1.58,81,13,0.87,88,17,1.14,72,6,3,16,12,0.00,99,0,3,0.20,16,109,47,7.29,97,0,0.00,99,0,0.00,0,0,0.00,0,2.14,94,13,0.87,49,5,0.33,38.46,0,0.00,0,0,0,0.00,0,28,0.00,9,1.87,84,N/A,N/A,N/A,N/A,0.00,0,0.00,0,3.68,0.00,0,77.44,43.33,83,25,0.63,0.80,12,41,34,1,0,0,0.00,0.00,0,22,134.78,0.26,0.33,5,0,0.00,0.00,99,0.00,0,1,1,0.05,0.07,0,0.00,0.00,0.07,0.05,1,0,6.67,61,70,74,82,10,5.07,98,0.27,0.34,2.98,73,0.16,0.20,77,27,1.42,1.81,1.47,1.16,60,22,0.25,77,91,7,82,0,55,44,0,0.00,99,13,0.00,0.87,8.23,6.47,123,48,23,44,3.21,2.53,39.02,13,0.87,31,0,19.27,0,0.00,99,21,1.11,1.41,93,74,62,95,0,0,0,0,0,91,70,78,72,0,99,2,66,49,3,16,58,10,0,0
Emanuel Brítez,34,701596800,1992/03/26,Serie B,2026,Defender,Fortaleza,1073,533,540,Argentina,12,6,6,0,0,0,1,1,0,0,0,6,2,4,10,5,5,5,1,0.08,0.08,0,0,0,0,0.84,107,89,215,1073,0.42,325,140,75,20,0,6.93,0.08,68,43.53,43.25,79,519,37.08,445,78,37.33,79,0.00,0.00,0.33,4,0.00,0.17,1.09,1.08,13,0.00,0.17,0.00,0.00,0.00,1.17,0.33,0.83,0.00,0.34,0.33,0.33,0.00,0.00,0.02,0.00,1.58,0.00,0.00,0,0,,4,0.33,19,0,0.00,20,4,0.34,28,2,0,12,42,0.00,99,0,14,1.17,82,2,96,0.17,25,0,0.00,99,0,0.00,0,0,0.00,0,0.34,24,4,0.34,25,4,0.34,100.00,0,0.00,0,0,0,0.00,0,10,0.00,65,0.84,24,N/A,N/A,N/A,N/A,0.00,0,0.00,0,0.21,0.00,0,85.74,0.00,20,70,0.33,0.34,4,42,99,0,0,0,0.92,0.92,11,95,83.15,4.00,4.03,48,0,0.00,0.00,99,0.00,0,0,0,0.00,0.00,0,0.00,0.00,0.00,0.00,0,0,0.00,50,55,31,51,65,1.64,66,0.14,0.14,0.21,19,0.02,0.02,43,12,1.00,1.01,1.51,1.50,61,18,0.02,18,78,83,75,0,46,70,0,0.00,99,19,0.00,1.59,7.21,7.17,86,48,41,32,4.03,4.00,55.81,2,0.17,80,0,50.00,0,0.00,99,1,0.08,0.08,36,55,24,54,0,0,0,0,0,45,51,68,64,0,99,92,28,86,4,33,94,2,0,0
Emaxwell Souza de Lima,31,792489600,1995/02/11,Serie B,2026,Forward,Operário PR,143,110,33,Brazil,6,4,2,0,0,0,0,0,0,0,0,1,1,0,2,1,1,1,0,0,0,0,0,0,0,1.26,72,24,143,0,0.63,-1,-1,-1,14,0,6.72,0,58,38.39,10.17,63,61,8.83,53,83,33.36,68,0.00,0.00,0.83,5,0.00,1.67,1.26,0.33,2,0.00,0.17,0.00,0.00,0.00,0.17,0.67,0.83,0.00,1.89,0.17,1.50,0.00,0.33,0.06,0.00,0.67,0.00,0.00,0,0,,3,0.50,78,2,1.26,96,1,0.63,45,1,5,1,51,0.00,99,0,1,0.63,44,10,90,6.29,96,0,0.00,99,0,0.00,0,0,0.00,0,3.15,99,9,5.66,98,4,2.52,44.44,0,0.00,0,0,0,0.00,0,5,0.00,25,3.15,94,N/A,N/A,N/A,N/A,0.00,0,0.00,0,0.35,0.00,0,86.89,66.67,98,0,0.50,1.89,3,98,44,0,0,0,0.00,0.00,0,22,40.32,0.67,2.52,4,0,0.00,0.00,99,0.00,0,0,0,0.00,0.00,0,0.00,0.00,0.63,0.17,1,0,0.00,50,0,3,51,27,0.34,88,0.06,0.21,0.35,77,0.06,0.22,99,6,1.00,3.78,0.63,0.17,15,1,0.22,74,44,69,75,0,94,89,0,0.00,99,4,0.00,2.52,16.99,4.50,27,15,99,98,9.44,2.50,55.56,1,0.63,49,0,40.00,0,0.00,99,4,0.67,2.52,99,0,77,36,0,0,0,0,0,37,51,68,64,0,99,17,17,97,1,17,62,77,0,0
Emerson Lima Freitas,25,989737200,2001/05/13,Serie B,2026,Forward,Vila Nova,128,53,75,Brazil,10,5,5,0,0,0,0,0,0,0,0,2,0,2,1,0,1,3,0,0,0,0,0,0,0,0.7,128,13,43,0,2.11,-1,-1,-1,23,0,5.87,0,58,39.38,5.60,66,56,4.30,43,28,30.23,58,0.00,0.00,0.20,2,0.00,0.30,2.81,0.40,4,0.00,0.70,0.00,0.00,0.00,0.40,0.30,0.30,0.00,1.41,0.10,0.70,0.00,0.10,0.02,0.00,0.30,0.00,0.00,0,0,,2,0.20,64,1,0.70,81,1,0.70,50,0,10,0,98,0.00,99,0,4,2.81,99,3,98,2.11,65,0,0.00,99,0,0.00,0,0,0.00,0,1.41,79,7,4.92,98,3,2.11,42.86,0,0.00,0,0,0,0.00,0,3,0.00,82,2.11,89,N/A,N/A,N/A,N/A,0.00,0,0.00,0,0.19,0.00,0,76.79,50.00,92,4,0.20,1.41,2,97,41,0,0,0,0.00,0.00,0,22,58.73,0.30,2.11,3,0,0.00,0.00,99,0.00,0,0,0,0.00,0.00,0,0.00,0.00,0.70,0.10,1,0,0.00,50,0,20,51,82,0.15,49,0.01,0.11,0.19,60,0.02,0.13,99,10,1.00,7.03,3.52,0.50,99,5,0.13,59,3,62,75,0,96,84,0,0.00,99,3,0.00,2.11,28.83,4.10,41,20,99,99,14.06,2.00,48.78,7,4.92,0,0,66.67,0,0.00,99,2,0.20,1.41,93,0,95,12,0,0,0,0,0,37,51,68,64,0,99,26,13,99,3,30,90,70,0,0
Emerson Raymundo Santos,31,797065200,1995/04/05,Serie B,2026,Defender,América Mineiro,435,207,228,Brazil,7,3,4,1,1,0,0,0,0,0,0,1,0,1,9,4,5,1,1,0.21,0,0.21,0.43,0,435,1.86,48,62,218,0,0.41,90,379,199,7,0,6.45,0,58,61.66,42.57,99,298,37.86,265,93,54.83,99,0.00,0.00,0.14,1,0.00,0.00,0.62,0.43,3,0.00,1.00,0.00,0.00,0.00,0.71,0.29,1.29,5.00,1.03,0.57,0.29,0.00,0.14,0.13,0.00,1.86,0.00,0.00,0,0,,5,0.71,52,1,0.21,42,4,0.83,57,3,1,6,17,0.00,99,0,5,1.03,71,0,30,0.00,15,0,0.00,99,0,0.00,0,0,0.00,0,0.21,16,2,0.41,28,2,0.41,100.00,0,0.00,0,0,0,0.00,0,9,0.00,5,1.86,84,N/A,N/A,N/A,N/A,0.00,0,0.00,0,0.89,0.00,0,88.93,20.00,36,82,0.14,0.21,1,47,99,0,0,0,0.14,0.21,1,48,45.14,2.43,3.52,17,1,0.00,0.21,1,0.14,0,0,0,0.00,0.00,0,0.00,0.00,0.21,0.14,1,0,20.00,94,6,8,69,5,0.65,63,0.09,0.13,0.89,70,0.13,0.18,19,2,0.29,0.41,1.24,0.86,46,6,0.18,68,18,80,75,0,75,93,0,0.00,99,13,0.00,2.69,8.28,5.71,40,20,46,45,4.14,2.86,50.00,7,1.45,11,0,0.00,0,0.00,99,0,0.00,0.00,30,23,41,71,0,0,0,0,0,69,83,68,93,0,99,14,29,84,0,0,13,2,0,0
Emiliano Rodríguez Rosales,23,1058338800,2003/07/16,Serie B,2026,Forward,Londrina,322,133,189,Uruguay,7,3,4,1,0,1,0,0,0,0,0,1,1,0,7,2,5,0,0,0.28,0,0.28,0,0.48,322,1.96,46,46,0,0,0,50,280,-1,9,0,6.65,0,58,26.27,13.43,34,94,10.14,71,22,19.84,31,0.00,0.00,0.71,5,0.00,0.71,1.68,0.86,6,0.00,1.57,0.00,0.00,0.00,0.29,0.71,1.00,6.00,1.68,0.71,1.86,0.00,0.14,0.14,0.00,0.71,0.00,0.00,0,0,,6,0.86,72,1,0.28,51,5,1.40,82,5,3,4,71,0.00,99,0,2,0.56,39,5,30,1.40,58,0,0.00,99,0,0.00,0,0,0.00,0,1.40,78,13,3.63,97,5,1.40,38.46,0,0.00,0,0,0,0.00,0,7,0.00,3,1.96,86,N/A,N/A,N/A,N/A,0.00,0,0.00,0,0.96,0.00,0,75.53,16.67,30,0,1.00,1.96,7,91,34,0,0,0,0.00,0.00,0,22,46.54,0.14,0.28,1,0,0.00,0.00,99,0.00,0,0,0,0.00,0.00,0,0.00,0.00,0.28,0.14,1,0,16.67,89,0,8,61,4,0.40,49,0.06,0.11,0.96,83,0.14,0.27,93,10,1.43,2.80,1.96,1.00,83,7,0.27,82,34,5,75,0,81,62,0,0.00,99,5,0.00,1.40,17.33,8.86,62,26,95,98,7.27,3.71,41.94,11,3.07,0,0,0.00,0,0.00,99,0,0.00,0.00,30,8,62,91,0,0,0,0,0,77,90,95,64,0,99,14,13,13,0,0,13,19,0,0
Enrico Bernardes Ribeiro Prudencio,21,1108454400,2005/02/15,Serie B,2026,Forward,América Mineiro,0,0,0,Brazil,0,0,0,0,0,0,0,0,0,0,0,0,0,0,0,0,0,0,0,0,0,0,0,0,0,0,0,0,0,0,0,-1,-1,-1,-1,N/A,N/A,N/A,N/A,N/A,N/A,N/A,N/A,N/A,N/A,N/A,N/A,N/A,N/A,N/A,N/A,N/A,N/A,N/A,N/A,N/A,N/A,N/A,N/A,N/A,N/A,N/A,N/A,N/A,N/A,N/A,N/A,N/A,N/A,N/A,N/A,N/A,N/A,N/A,N/A,N/A,N/A,N/A,N/A,N/A,N/A,N/A,N/A,N/A,N/A,N/A,N/A,N/A,N/A,N/A,N/A,N/A,N/A,N/A,N/A,N/A,N/A,N/A,N/A,N/A,N/A,N/A,N/A,N/A,N/A,N/A,N/A,N/A,N/A,N/A,N/A,N/A,N/A,N/A,N/A,N/A,N/A,N/A,N/A,N/A,N/A,N/A,N/A,N/A,N/A,N/A,N/A,N/A,N/A,N/A,N/A,N/A,N/A,N/A,N/A,N/A,N/A,N/A,N/A,N/A,N/A,N/A,N/A,N/A,N/A,N/A,N/A,N/A,N/A,N/A,N/A,N/A,N/A,N/A,N/A,N/A,N/A,N/A,N/A,N/A,N/A,N/A,N/A,N/A,N/A,N/A,N/A,N/A,N/A,N/A,N/A,N/A,N/A,N/A,N/A,N/A,N/A,N/A,N/A,N/A,N/A,N/A,N/A,N/A,N/A,N/A,N/A,N/A,N/A,N/A,N/A,N/A,N/A,N/A,N/A,N/A,N/A,N/A,N/A,N/A,N/A,N/A,N/A,N/A,N/A,N/A,N/A,N/A,N/A,N/A,N/A,N/A,N/A,N/A,N/A,N/A,N/A,N/A,N/A,N/A,N/A,N/A,N/A,N/A,N/A,N/A,N/A,N/A,N/A,N/A,N/A,N/A,N/A,N/A,N/A,N/A,N/A,N/A,N/A,N/A,N/A,N/A,N/A,N/A,N/A,N/A,N/A,N/A,N/A,N/A,N/A,N/A,N/A,N/A,N/A,N/A,N/A,N/A,N/A
Enzo Bizzotto Costa,23,1051686000,2003/04/30,Serie B,2026,Midfielder,Vila Nova,180,67,113,Brazil,6,3,3,0,0,0,1,0,1,0,0,1,0,1,3,1,2,1,0,0.5,0.5,0,0,0,0,1.5,60,30,180,180,0.5,-1,-1,-1,29,0,5.46,0.17,99,78.00,26.00,99,156,23.17,139,94,69.50,99,0.00,0.00,0.50,3,0.00,0.17,1.50,0.50,3,0.00,0.17,0.00,0.00,0.00,0.33,0.00,0.67,0.00,1.50,0.50,0.67,0.00,0.00,0.02,0.00,0.00,0.00,0.00,0,0,,3,0.50,67,0,0.00,20,3,1.50,86,8,6,0,65,0.00,99,0,2,1.00,69,1,30,0.50,40,0,0.00,99,0,0.00,0,0,0.00,0,1.50,82,4,2.00,79,0,0.00,0.00,0,0.00,0,0,0,0.00,0,4,0.00,13,2.00,88,N/A,N/A,N/A,N/A,0.00,0,0.00,0,0.15,0.00,0,89.10,0.00,20,15,0.33,1.00,2,17,17,0,0,0,0.00,0.00,0,22,32.76,0.50,1.50,3,0,0.00,0.00,99,0.00,0,0,0,0.00,0.00,0,0.00,0.00,0.00,0.00,0,0,0.00,50,0,3,51,14,0.99,99,0.17,0.49,0.15,42,0.02,0.07,24,1,0.17,0.50,2.00,0.67,84,4,0.07,41,1,48,75,0,46,2,0,0.00,99,0,0.00,0.00,5.50,1.83,11,4,8,13,2.00,0.67,36.36,1,0.50,56,0,0.00,0,0.00,99,0,0.00,0.00,30,0,81,99,0,0,0,0,0,93,51,68,64,0,99,17,20,93,1,17,62,18,0,0
Enzo Henrique dos Santos,24,1026975600,2002/07/18,Serie B,2026,Defender,Athletic Club,796,432,364,Brazil,10,5,5,0,0,0,0,0,0,0,0,4,2,2,5,4,1,1,0,0,0,0,0,0,0,0.57,159,80,796,0,0.11,283,190,22,16,0,6.90,0,58,30.98,27.40,42,274,21.10,211,29,23.86,41,0.00,0.00,1.10,11,0.00,3.60,1.92,1.70,17,0.00,0.40,0.00,0.00,0.00,0.60,0.70,0.60,0.00,0.90,0.80,1.10,0.00,0.00,0.04,0.00,1.20,0.00,0.00,0,0,,8,0.80,44,0,0.00,20,8,0.90,59,2,1,9,82,0.00,99,0,6,0.68,48,36,72,4.07,84,0,0.00,99,0,0.00,0,0,0.00,0,1.24,72,11,1.24,65,7,0.79,63.64,0,0.00,0,0,0,0.00,0,6,0.00,91,0.68,11,N/A,N/A,N/A,N/A,0.00,0,0.00,0,0.43,0.00,0,77.01,0.00,20,25,0.70,0.79,7,74,80,0,0,0,0.20,0.23,2,52,69.04,1.00,1.13,10,0,0.00,0.00,99,0.00,0,0,1,0.10,0.11,0,0.00,0.00,0.23,0.20,2,0,0.00,50,38,20,51,92,0.81,35,0.08,0.09,0.43,34,0.04,0.05,44,9,0.90,1.02,1.58,1.40,65,14,0.05,33,73,38,90,0,77,61,0,0.00,99,12,0.00,1.36,10.18,9.00,90,45,69,69,5.09,4.50,50.00,4,0.45,60,0,27.78,0,0.00,99,10,1.00,1.13,86,42,41,54,0,0,0,0,0,37,51,68,64,0,99,77,86,27,1,10,37,20,0,0
Enzo Valentim Lodovico,20,1151046000,2006/06/23,Serie B,2026,Defender,Ceará,332,244,88,Brazil,12,7,5,2,1,1,1,1,0,0,0,0,0,0,3,2,1,2,0,0.81,0.27,0.54,0.37,1.02,166,0.81,111,28,166,332,0.54,11,26,69,4,0,6.77,0.08,95,22.50,6.92,20,83,5.25,63,25,17.08,21,0.00,0.00,0.42,5,0.00,2.08,2.98,0.92,11,0.00,0.42,0.00,0.00,0.00,0.42,0.00,0.33,3.50,1.90,0.17,0.50,0.00,0.42,0.16,0.00,0.33,0.00,0.00,0,0,,7,0.58,78,5,1.36,97,2,0.54,38,1,11,1,99,0.00,99,0,5,1.36,90,25,40,6.78,97,0,0.00,99,0,0.00,0,0,0.00,0,1.36,77,6,1.63,74,0,0.00,0.00,0,0.00,0,0,0,0.00,0,4,0.00,67,1.08,47,N/A,N/A,N/A,N/A,0.00,0,0.00,0,1.91,0.00,0,75.90,71.43,99,12,0.33,1.08,4,17,17,0,0,0,0.00,0.00,0,22,81.30,0.83,2.71,10,0,0.00,0.00,99,0.00,0,0,0,0.00,0.00,0,0.00,0.00,0.00,0.00,0,0,28.57,98,0,31,53,68,0.89,92,0.07,0.24,1.91,98,0.16,0.52,95,11,0.92,2.98,3.25,1.00,99,12,0.52,97,50,72,75,0,46,55,0,0.00,99,4,0.00,1.08,14.64,4.50,54,26,93,93,7.05,2.17,48.15,5,1.36,14,0,16.00,0,0.00,99,4,0.33,1.08,85,0,97,36,0,0,0,0,0,99,98,99,91,0,99,2,19,94,2,17,62,60,0,0
Eric Almeida de Melo,26,965631600,2000/08/07,Serie B,2026,Defender,Cuiabá,569,241,328,Brazil,13,5,8,1,1,0,0,0,0,0,0,5,1,4,3,1,2,4,0,0.16,0,0.16,0.37,0,569,0.47,190,44,142,0,0.63,115,434,12,7,0,6.25,0,58,35.75,17.38,56,226,13.54,176,31,27.84,53,0.00,0.00,0.92,12,0.00,2.23,1.74,0.85,11,0.00,0.15,0.00,0.00,0.00,1.15,0.38,0.23,4.00,0.63,0.15,0.77,0.00,0.15,0.07,0.00,1.31,0.00,0.00,0,0,,4,0.31,32,2,0.32,55,2,0.32,26,1,8,5,74,0.00,99,0,15,2.37,99,29,42,4.59,90,0,0.00,99,0,0.00,0,0,0.00,0,1.90,90,10,1.58,73,5,0.79,50.00,0,0.00,0,0,0,0.00,0,3,0.00,96,0.47,3,N/A,N/A,N/A,N/A,0.00,0,0.00,0,0.94,0.00,0,77.88,50.00,92,87,0.08,0.16,1,74,63,0,0,0,0.15,0.32,2,63,81.28,1.46,3.01,19,1,0.00,0.16,2,0.08,0,0,0,0.00,0.00,0,0.00,0.00,0.00,0.00,0,0,25.00,97,19,35,76,96,0.83,63,0.06,0.13,0.94,65,0.07,0.15,29,4,0.31,0.63,3.16,1.54,98,20,0.15,64,11,76,75,0,46,93,0,0.00,99,17,0.00,2.69,12.50,6.08,79,36,80,86,5.69,2.77,45.57,2,0.32,69,0,17.24,0,0.00,99,5,0.38,0.79,78,16,90,36,0,0,0,0,0,60,76,68,91,0,99,73,16,97,4,31,91,14,0,0
Ericson da Silva,27,926406000,1999/05/11,Serie B,2026,Defender,Botafogo SP,871,511,360,Brazil,10,6,4,0,0,0,0,0,0,0,0,2,0,2,10,7,3,0,0,0,0,0,0,0,0,1.03,87,87,0,0,0,301,195,115,18,0,6.81,0,58,42.68,41.30,76,413,33.60,336,49,34.72,71,0.00,0.00,0.20,2,0.00,0.40,1.03,1.00,10,0.00,0.20,0.00,0.00,0.00,0.30,0.30,1.10,0.00,0.21,0.20,0.40,0.00,0.00,0.01,0.00,1.00,0.00,0.00,0,0,,2,0.20,11,0,0.00,20,2,0.21,16,1,0,10,38,0.00,99,0,3,0.31,23,4,30,0.41,37,0,0.00,99,0,0.00,0,0,0.00,0,0.21,16,4,0.41,28,3,0.31,75.00,0,0.00,0,0,0,0.00,0,11,0.00,46,1.14,53,N/A,N/A,N/A,N/A,0.00,0,0.00,0,0.10,0.00,0,81.36,0.00,20,90,0.10,0.10,1,38,90,0,0,0,0.80,0.83,8,92,68.14,4.60,4.75,46,0,0.00,0.00,99,0.00,0,0,0,0.00,0.00,0,0.00,0.00,0.00,0.00,0,0,0.00,50,44,20,51,46,0.83,35,0.08,0.09,0.10,13,0.01,0.01,28,6,0.60,0.62,1.24,1.20,46,12,0.01,12,58,87,75,0,46,53,0,0.00,99,10,0.00,1.03,5.99,5.80,58,33,26,16,3.41,3.30,56.90,2,0.21,77,0,0.00,0,0.00,99,0,0.00,0.00,30,47,24,36,0,0,0,0,0,37,51,68,64,0,99,26,13,13,0,0,13,3,0,0
Erik Rebello de Castro,21,1110096000,2005/03/06,Serie B,2026,Midfielder,Botafogo SP,7,0,7,Brazil,1,0,1,0,0,0,0,0,0,0,0,1,0,1,0,0,0,0,0,0,0,0,0,0,0,0,0,7,0,0,0,-1,-1,-1,11,0,6.61,0,58,12.86,1.00,3,1,1.00,1,99,12.86,11,0.00,0.00,0.00,0,0.00,0.00,0.00,0.00,0,0.00,0.00,0.00,0.00,0.00,0.00,0.00,0.00,0.00,0.00,0.00,0.00,0.00,0.00,0.00,0.00,2.00,0.00,0.00,0,0,,0,0.00,8,0,0.00,20,0,0.00,8,0,1,0,6,0.00,99,0,0,0.00,9,0,30,0.00,15,0,0.00,99,0,0.00,0,0,0.00,0,0.00,7,0,0.00,12,0,0.00,0.00,0,0.00,0,0,0,0.00,0,0,0.00,99,0.00,0,N/A,N/A,N/A,N/A,0.00,0,0.00,0,0.00,0.00,0,100.00,0.00,20,99,0.00,0.00,0,17,17,0,0,0,0.00,0.00,0,22,6.61,1.00,12.86,1,0,0.00,0.00,99,0.00,0,0,0,0.00,0.00,0,0.00,0.00,0.00,0.00,0,0,0.00,50,0,0,51,0,0.00,0,0.00,0.00,0.00,9,0.00,0.00,2,0,0.00,0.00,0.00,0.00,6,0,0.00,8,28,99,75,0,46,99,0,0.00,99,2,0.00,25.71,25.71,2.00,2,2,99,99,25.71,2.00,100.00,0,0.00,99,0,0.00,0,0.00,99,0,0.00,0.00,30,0,41,12,0,0,0,0,0,37,51,68,64,0,99,99,13,13,0,0,13,34,0,0
Esli Samuel García Cordero,26,963558000,2000/07/14,Serie B,2026,Forward,Goiás,570,262,308,Venezuela,15,5,10,2,0,2,3,1,2,0,0,2,1,1,10,8,2,3,1,0.79,0.47,0.32,0,0.58,285,1.58,57,38,143,190,0.63,34,3,-1,3,0,6.36,0.2,99,25.11,9.93,28,149,8.07,121,48,20.39,33,0.00,0.00,0.87,13,0.00,2.20,1.35,0.53,8,0.00,0.87,0.00,0.00,0.00,0.07,0.93,0.67,8.00,2.70,0.40,1.80,0.00,0.67,0.18,0.00,0.07,0.00,0.00,0,0,,16,1.07,92,10,1.69,99,6,1.01,68,4,11,4,57,0.00,99,0,1,0.17,14,33,52,5.56,94,0,0.00,99,0,0.00,0,0,0.00,0,2.19,95,27,4.55,98,14,2.36,51.85,0,0.00,0,0,0,0.00,0,10,0.00,10,1.69,81,N/A,N/A,N/A,N/A,0.00,0,0.00,0,2.77,0.00,0,81.21,62.50,97,49,0.20,0.51,3,98,64,0,0,0,0.00,0.00,0,22,95.34,0.13,0.34,2,0,0.00,0.00,99,0.00,0,0,0,0.00,0.00,0,0.00,0.00,0.17,0.07,1,0,12.50,80,19,46,58,11,2.56,99,0.17,0.43,2.77,97,0.18,0.47,99,24,1.60,4.04,1.69,0.67,71,10,0.47,96,14,8,75,0,70,6,0,0.00,99,1,0.00,0.17,15.34,6.07,91,47,97,96,7.92,3.13,51.65,13,2.19,1,0,21.21,0,0.00,99,7,0.47,1.18,88,8,97,84,0,0,0,0,0,99,93,97,64,0,99,12,17,97,2,13,48,15,0,0
Estêvão,24,1012723200,2002/02/03,Serie B,2026,Midfielder,CRB,13,13,0,Brazil,1,1,0,0,0,0,0,0,0,0,0,1,1,0,0,0,0,0,0,0,0,0,0,0,0,0,0,13,0,0,0,-1,-1,-1,30,0,6.73,0,58,41.54,6.00,71,6,3.00,3,0,20.77,34,0.00,0.00,1.00,1,0.00,1.00,6.92,1.00,1,0.00,1.00,0.00,0.00,0.00,0.00,0.00,0.00,0.00,6.92,0.00,0.00,0.00,1.00,0.15,0.00,0.00,0.00,0.00,0,0,,1,1.00,99,1,6.92,99,0,0.00,8,0,1,0,99,0.00,99,0,0,0.00,9,1,30,6.92,97,0,0.00,99,0,0.00,0,0,0.00,0,6.92,99,0,0.00,12,0,0.00,0.00,0,0.00,0,0,0,0.00,0,0,0.00,99,0.00,0,N/A,N/A,N/A,N/A,0.00,0,0.00,0,0.15,0.00,0,50.00,100.00,99,0,1.00,6.92,1,17,17,0,0,0,0.00,0.00,0,22,6.73,1.00,6.92,1,0,0.00,0.00,99,0.00,0,0,0,0.00,0.00,0,0.00,0.00,0.00,0.00,0,0,0.00,50,0,0,51,0,0.05,98,0.05,0.35,0.15,99,0.15,1.04,2,0,0.00,0.00,0.00,0.00,6,0,1.04,99,45,97,75,0,46,2,0,0.00,99,0,0.00,0.00,13.85,2.00,2,1,92,92,6.92,1.00,50.00,1,6.92,0,0,0.00,0,0.00,99,0,0.00,0.00,30,0,41,12,0,0,0,0,0,37,51,68,64,0,99,99,13,13,0,0,13,26,0,0
Eudes Ruan de Sousa Carneiro,36,638611200,1990/03/28,Serie B,2026,Goalkeeper,Juventude,0,0,0,Brazil,0,0,0,0,0,0,0,0,0,0,0,0,0,0,0,0,0,0,0,0,0,0,0,0,0,0,0,0,0,0,0,-1,-1,-1,-1,N/A,N/A,N/A,N/A,N/A,N/A,N/A,N/A,N/A,N/A,N/A,N/A,N/A,N/A,N/A,N/A,N/A,N/A,N/A,N/A,N/A,N/A,N/A,N/A,N/A,N/A,N/A,N/A,N/A,N/A,N/A,N/A,N/A,N/A,N/A,N/A,N/A,N/A,N/A,N/A,N/A,N/A,N/A,N/A,N/A,N/A,N/A,N/A,N/A,N/A,N/A,N/A,N/A,N/A,N/A,N/A,N/A,N/A,N/A,N/A,N/A,N/A,N/A,N/A,N/A,N/A,N/A,N/A,N/A,N/A,N/A,N/A,N/A,N/A,N/A,N/A,N/A,N/A,N/A,N/A,N/A,N/A,N/A,N/A,N/A,N/A,N/A,N/A,N/A,N/A,N/A,N/A,N/A,N/A,N/A,N/A,N/A,N/A,N/A,N/A,N/A,N/A,N/A,N/A,N/A,N/A,N/A,N/A,N/A,N/A,N/A,N/A,N/A,N/A,N/A,N/A,N/A,N/A,N/A,N/A,N/A,N/A,N/A,N/A,N/A,N/A,N/A,N/A,N/A,N/A,N/A,N/A,N/A,N/A,N/A,N/A,N/A,N/A,N/A,N/A,N/A,N/A,N/A,N/A,N/A,N/A,N/A,N/A,N/A,N/A,N/A,N/A,N/A,N/A,N/A,N/A,N/A,N/A,N/A,N/A,N/A,N/A,N/A,N/A,N/A,N/A,N/A,N/A,N/A,N/A,N/A,N/A,N/A,N/A,N/A,N/A,N/A,N/A,N/A,N/A,N/A,N/A,N/A,N/A,N/A,N/A,N/A,N/A,N/A,N/A,N/A,N/A,N/A,N/A,N/A,N/A,N/A,N/A,N/A,N/A,N/A,N/A,N/A,N/A,N/A,N/A,N/A,N/A,N/A,N/A,N/A,N/A,N/A,N/A,N/A,N/A,N/A,N/A,N/A,N/A,N/A,N/A,N/A,N/A
Everton Galdino Moreira,29,858585600,1997/03/17,Serie B,2026,Forward,Vila Nova,255,108,147,Brazil,5,2,3,1,1,0,0,0,0,0,0,3,1,2,1,1,0,0,0,0.35,0,0.35,0.83,0,255,0.35,255,51,0,0,0,-1,-1,-1,12,0,6.84,0,58,25.06,14.20,28,71,12.60,63,92,22.24,38,0.00,0.00,0.80,4,0.00,1.60,0.71,0.40,2,0.00,0.00,0.00,0.00,0.00,0.40,0.60,0.20,4.00,1.41,0.20,1.40,0.00,0.60,0.20,0.00,0.80,0.00,0.00,0,0,,4,0.80,64,3,1.06,93,1,0.35,28,4,3,2,20,0.00,99,0,2,0.71,50,8,36,2.82,71,0,0.00,99,0,0.00,0,0,0.00,0,1.41,79,7,2.47,87,3,1.06,42.86,0,0.00,0,0,0,0.00,0,1,0.00,98,0.35,1,N/A,N/A,N/A,N/A,0.00,0,0.00,0,1.02,0.00,0,88.73,75.00,99,31,0.40,0.71,2,85,41,0,0,0,0.00,0.00,0,22,34.19,0.60,1.06,3,0,0.00,0.00,99,0.00,0,0,0,0.00,0.00,0,0.00,0.00,0.35,0.20,1,0,25.00,97,0,2,56,98,0.26,35,0.05,0.09,1.02,92,0.20,0.36,14,1,0.20,0.35,1.41,0.80,54,4,0.36,91,63,34,75,0,85,62,0,0.00,99,4,0.00,1.41,8.82,5.00,25,10,29,52,3.53,2.00,40.00,0,0.00,99,0,12.50,0,0.00,99,1,0.20,0.35,60,1,62,84,0,0,0,0,0,82,95,68,99,0,99,95,13,13,0,0,13,17,0,0
Everton Morelli Casemiro,28,878630400,1997/11/04,Serie B,2026,Midfielder,Botafogo SP,1857,943,914,Brazil,22,11,11,7,6,1,3,2,1,0,0,4,1,3,20,12,8,4,0,0.48,0.15,0.34,0.57,0.1,265,0.97,93,84,464,619,0.19,28,89,-1,1,0,7.09,0.14,83,28.74,26.95,38,593,21.14,465,34,22.54,39,0.00,0.00,0.86,19,0.00,1.64,1.16,1.09,24,0.00,1.18,0.00,0.00,0.00,0.86,0.41,1.05,6.14,2.08,1.36,0.91,0.00,0.59,0.33,0.00,1.77,0.00,0.00,0,0,,43,1.95,82,13,0.63,78,30,1.45,85,5,0,22,47,0.00,99,0,19,0.92,65,36,37,1.74,62,0,0.00,99,0,0.00,0,0,0.00,0,0.92,58,20,0.97,52,9,0.44,45.00,0,0.00,0,0,0,0.00,0,23,0.00,52,1.11,50,N/A,N/A,N/A,N/A,0.00,0,0.00,0,7.20,0.00,0,78.41,30.23,54,48,0.50,0.53,11,51,45,0,0,0,0.27,0.29,6,61,156.04,1.45,1.55,32,0,0.00,0.00,99,0.00,0,0,4,0.18,0.19,0,0.00,0.00,0.19,0.18,4,0,16.28,86,94,95,57,53,3.44,78,0.16,0.17,7.20,92,0.33,0.35,82,43,1.95,2.08,1.60,1.50,66,33,0.35,90,91,49,96,0,72,80,0,0.00,99,39,0.00,1.89,10.95,10.27,226,111,77,76,5.38,5.05,49.12,26,1.26,16,0,13.89,0,0.00,99,5,0.23,0.24,53,97,24,91,0,1,0,5,0,92,94,70,97,0,99,20,68,45,4,18,65,8,0,0
Everton Sidnei de Brito,31,795686400,1995/03/20,Serie B,2026,Forward,América Mineiro,667,339,328,Brazil,10,4,6,0,0,0,0,0,0,0,0,1,0,1,10,7,3,1,0,0,0,0,0,0,0,1.35,67,67,667,0,0.13,392,412,-1,33,0,6.71,0,58,26.18,19.40,33,194,16.50,165,74,22.26,38,0.00,0.00,1.10,11,0.00,0.80,1.89,1.40,14,0.00,0.80,0.00,0.00,0.00,0.50,0.60,1.10,0.00,1.08,0.50,1.20,0.00,0.30,0.07,0.00,0.50,0.00,0.00,0,0,,8,0.80,55,3,0.40,63,5,0.67,47,4,2,8,81,0.00,99,0,5,0.67,47,8,36,1.08,53,0,0.00,99,0,0.00,0,0,0.00,0,1.48,82,12,1.62,74,6,0.81,50.00,0,0.00,0,0,0,0.00,0,11,0.00,19,1.48,76,N/A,N/A,N/A,N/A,0.00,0,0.00,0,0.65,0.00,0,85.05,37.50,73,5,1.00,1.35,10,75,63,0,0,0,0.20,0.27,2,59,67.06,0.50,0.67,5,0,0.00,0.00,99,0.00,0,0,0,0.00,0.00,0,0.00,0.00,0.27,0.20,2,0,0.00,50,29,20,51,21,0.89,56,0.09,0.12,0.65,50,0.07,0.09,70,12,1.20,1.62,1.21,0.90,44,9,0.09,49,42,20,75,0,81,33,0,0.00,99,5,0.00,0.67,10.25,7.60,76,37,66,70,4.99,3.70,48.68,8,1.08,23,0,12.50,0,0.00,99,1,0.10,0.13,42,37,50,84,0,0,0,0,0,37,51,68,64,0,99,6,82,31,1,10,37,23,0,0
Ewerton Diógenes Da Silva,25,971247600,2000/10/11,Serie B,2026,Defender,Atlético GO,1857,977,880,Brazil,22,12,10,1,0,1,1,1,0,0,0,6,4,2,19,9,10,1,0,0.1,0.05,0.05,0,0.1,1857,0.92,98,84,1857,1857,0.05,211,175,92,9,0,7.06,0.05,60,39.89,37.41,69,823,30.32,667,47,32.33,65,0.00,0.00,1.55,34,0.00,4.68,1.99,1.86,41,0.00,0.41,0.00,0.00,0.00,1.05,0.36,0.86,27.00,1.31,0.91,0.68,0.00,0.32,0.12,0.00,0.86,0.00,0.00,0,0,,27,1.23,61,7,0.34,58,20,0.97,64,1,0,22,84,0.00,99,0,23,1.11,78,103,80,4.99,92,0,0.00,99,0,0.00,0,0,0.00,0,1.65,85,15,0.73,42,8,0.39,53.33,0,0.00,0,0,0,0.00,0,19,0.00,58,0.92,31,N/A,N/A,N/A,N/A,0.00,0,0.00,0,2.58,0.00,0,81.04,25.93,46,48,0.50,0.53,11,45,67,0,0,0,0.18,0.19,4,44,155.36,2.05,2.18,45,0,0.00,0.00,99,0.00,0,0,0,0.00,0.00,0,0.00,0.00,0.05,0.05,1,0,3.70,52,94,95,99,59,3.57,78,0.16,0.17,2.58,60,0.12,0.13,13,7,0.32,0.34,0.53,0.50,12,11,0.13,59,89,63,75,0,49,48,0,0.00,99,19,0.00,0.92,6.35,5.95,131,73,29,21,3.54,3.32,55.73,9,0.44,62,0,33.01,0,0.00,99,34,1.55,1.65,95,97,24,36,0,0,0,0,0,49,53,70,64,0,99,42,99,15,1,5,19,2,0,0
Ezequiel Alves de Oliveira Vieira,23,1055487600,2003/06/13,Serie B,2026,Goalkeeper,Goiás,0,0,0,Brazil,0,0,0,0,0,0,0,0,0,0,0,0,0,0,0,0,0,0,0,0,0,0,0,0,0,0,0,0,0,0,0,-1,-1,-1,-1,N/A,N/A,N/A,N/A,N/A,N/A,N/A,N/A,N/A,N/A,N/A,N/A,N/A,N/A,N/A,N/A,N/A,N/A,N/A,N/A,N/A,N/A,N/A,N/A,N/A,N/A,N/A,N/A,N/A,N/A,N/A,N/A,N/A,N/A,N/A,N/A,N/A,N/A,N/A,N/A,N/A,N/A,N/A,N/A,N/A,N/A,N/A,N/A,N/A,N/A,N/A,N/A,N/A,N/A,N/A,N/A,N/A,N/A,N/A,N/A,N/A,N/A,N/A,N/A,N/A,N/A,N/A,N/A,N/A,N/A,N/A,N/A,N/A,N/A,N/A,N/A,N/A,N/A,N/A,N/A,N/A,N/A,N/A,N/A,N/A,N/A,N/A,N/A,N/A,N/A,N/A,N/A,N/A,N/A,N/A,N/A,N/A,N/A,N/A,N/A,N/A,N/A,N/A,N/A,N/A,N/A,N/A,N/A,N/A,N/A,N/A,N/A,N/A,N/A,N/A,N/A,N/A,N/A,N/A,N/A,N/A,N/A,N/A,N/A,N/A,N/A,N/A,N/A,N/A,N/A,N/A,N/A,N/A,N/A,N/A,N/A,N/A,N/A,N/A,N/A,N/A,N/A,N/A,N/A,N/A,N/A,N/A,N/A,N/A,N/A,N/A,N/A,N/A,N/A,N/A,N/A,N/A,N/A,N/A,N/A,N/A,N/A,N/A,N/A,N/A,N/A,N/A,N/A,N/A,N/A,N/A,N/A,N/A,N/A,N/A,N/A,N/A,N/A,N/A,N/A,N/A,N/A,N/A,N/A,N/A,N/A,N/A,N/A,N/A,N/A,N/A,N/A,N/A,N/A,N/A,N/A,N/A,N/A,N/A,N/A,N/A,N/A,N/A,N/A,N/A,N/A,N/A,N/A,N/A,N/A,N/A,N/A,N/A,N/A,N/A,N/A,N/A,N/A,N/A,N/A,N/A,N/A,N/A,N/A
Fabiano Henrique Alves dos Santos,21,1118473200,2005/06/11,Serie B,2026,Midfielder,Londrina,72,21,51,Brazil,5,2,3,0,0,0,0,0,0,0,0,0,0,0,0,0,0,1,0,0,0,0,0,0,0,0,0,14,72,0,1.25,-1,-1,-1,30,0,6.48,0,58,76.25,12.20,99,61,10.20,51,63,63.75,99,0.00,0.00,0.00,0,0.00,0.40,5.00,0.80,4,0.00,0.20,0.00,0.00,0.00,0.20,0.20,0.60,0.00,1.25,0.20,0.40,0.00,0.00,0.01,0.00,0.20,0.00,0.00,0,0,,1,0.20,60,0,0.00,20,1,1.25,77,0,5,0,99,0.00,99,0,1,1.25,85,2,30,2.50,67,0,0.00,99,0,0.00,0,0,0.00,0,0.00,7,2,2.50,87,1,1.25,50.00,0,0.00,0,0,0,0.00,0,3,0.00,99,3.75,95,N/A,N/A,N/A,N/A,0.00,0,0.00,0,0.05,0.00,0,83.61,0.00,20,7,0.20,1.25,1,88,63,0,0,0,0.20,1.25,1,98,32.38,0.40,2.50,2,0,0.00,0.00,99,0.00,0,0,0,0.00,0.00,0,0.00,0.00,0.00,0.00,0,0,0.00,50,0,2,51,0,0.09,49,0.02,0.11,0.05,38,0.01,0.06,2,0,0.00,0.00,7.50,1.20,99,6,0.06,37,19,69,75,0,46,58,0,0.00,99,1,0.00,1.25,20.00,3.20,16,6,95,99,7.50,1.20,37.50,1,1.25,16,0,0.00,0,0.00,99,0,0.00,0.00,30,0,77,12,0,0,0,0,0,37,51,68,64,0,99,2,13,99,1,20,70,20,0,0
Fabio Augusto Schirmann,29,844758000,1996/10/08,Serie B,2026,Defender,CRB,1328,711,617,Brazil,16,8,8,0,0,0,0,0,0,0,0,2,0,2,25,13,12,4,0,0,0,0,0,0,0,1.69,53,83,332,0,0.27,346,339,185,28,0,6.81,0,58,51.78,47.75,91,764,41.75,668,85,45.27,91,0.00,0.00,0.06,1,0.00,0.19,1.56,1.44,23,0.00,0.12,0.00,0.00,0.00,1.00,0.12,1.62,0.00,0.20,0.06,0.19,0.00,0.12,0.02,0.00,0.88,0.00,0.00,0,0,,3,0.19,11,2,0.14,33,1,0.07,9,1,1,15,68,0.00,99,0,16,1.08,75,3,30,0.20,28,0,0.00,99,0,0.00,0,0,0.00,0,0.07,10,3,0.20,20,2,0.14,66.67,0,0.00,0,0,0,0.00,0,26,0.00,9,1.76,83,N/A,N/A,N/A,N/A,0.00,0,0.00,0,0.34,0.00,0,87.43,66.67,98,46,0.50,0.54,8,25,85,0,0,0,1.56,1.69,25,99,108.95,4.69,5.08,75,0,0.00,0.00,99,0.00,0,0,0,0.00,0.00,0,0.00,0.00,0.00,0.00,0,0,0.00,50,69,54,51,9,1.61,49,0.10,0.11,0.34,19,0.02,0.02,19,6,0.38,0.41,1.08,1.00,37,16,0.02,18,58,89,75,0,46,49,0,0.00,99,14,0.00,0.95,5.56,5.12,82,47,22,13,3.19,2.94,57.32,2,0.14,82,0,0.00,0,0.00,99,0,0.00,0.00,30,68,41,36,0,0,0,0,0,37,51,68,64,0,99,12,51,62,4,25,81,27,0,0
Fábio das Neves Gerônimo de Almeida,25,996562800,2001/07/31,Serie B,2026,Defender,América Mineiro,6,6,0,Brazil,1,1,0,0,0,0,0,0,0,0,0,0,0,0,0,0,0,0,0,0,0,0,0,0,0,0,0,6,0,0,0,-1,-1,-1,23,0,6.69,0,58,105.00,7.00,99,7,5.00,5,13,75.00,99,0.00,0.00,1.00,1,0.00,1.00,15.00,1.00,1,0.00,0.00,0.00,0.00,0.00,0.00,0.00,0.00,0.00,0.00,0.00,0.00,0.00,0.00,0.00,0.00,0.00,0.00,0.00,0,0,,0,0.00,8,0,0.00,20,0,0.00,8,0,1,0,99,0.00,99,0,0,0.00,9,1,30,15.00,99,0,0.00,99,0,0.00,0,0,0.00,0,15.00,99,0,0.00,12,0,0.00,0.00,0,0.00,0,0,0,0.00,0,0,0.00,99,0.00,0,N/A,N/A,N/A,N/A,0.00,0,0.00,0,0.00,0.00,0,71.43,0.00,20,99,0.00,0.00,0,17,17,0,0,0,0.00,0.00,0,22,6.69,0.00,0.00,0,0,0.00,0.00,99,0.00,0,0,0,0.00,0.00,0,0.00,0.00,0.00,0.00,0,0,0.00,50,0,0,51,0,0.05,99,0.05,0.75,0.00,9,0.00,0.00,2,0,0.00,0.00,0.00,0.00,6,0,0.00,8,39,1,75,0,46,2,0,0.00,99,0,0.00,0.00,15.00,1.00,1,1,99,95,15.00,1.00,100.00,0,0.00,99,0,0.00,0,0.00,99,0,0.00,0.00,30,0,41,12,0,0,0,0,0,37,51,68,64,0,99,2,13,13,0,0,13,31,0,0
Fabio de Lima Costa,29,851241600,1996/12/22,Serie B,2026,Forward,Juventude,1093,520,573,Brazil,20,9,11,2,1,1,2,2,0,0,0,14,8,6,6,0,6,0,0,0.33,0.16,0.16,0.17,0.16,547,0.49,182,55,0,547,0,118,74,-1,4,0,6.49,0.1,84,18.12,11.00,12,220,8.90,178,46,14.66,17,0.00,0.00,1.20,24,0.00,2.35,0.74,0.45,9,0.00,0.70,0.00,0.00,0.00,0.25,0.35,0.30,13.50,2.22,0.80,0.90,0.00,0.55,0.18,0.00,0.40,0.00,0.00,0,0,,27,1.35,85,11,0.91,90,16,1.32,79,3,9,11,22,0.00,99,0,5,0.41,29,47,77,3.87,82,0,0.00,99,0,0.00,0,0,0.00,0,1.98,91,18,1.48,72,7,0.58,38.89,0,0.00,0,0,0,0.00,0,6,0.00,95,0.49,3,N/A,N/A,N/A,N/A,0.00,0,0.00,0,3.51,0.00,0,80.91,40.74,79,79,0.15,0.25,3,62,34,0,0,0,0.05,0.08,1,29,129.74,0.50,0.82,10,0,0.00,0.00,99,0.00,0,0,1,0.05,0.08,0,0.00,0.00,0.49,0.30,6,0,7.41,62,56,79,75,95,2.43,86,0.12,0.20,3.51,86,0.18,0.29,89,28,1.40,2.31,0.91,0.55,28,11,0.29,83,19,26,84,0,90,33,0,0.00,99,8,0.00,0.66,9.55,5.80,116,50,44,63,4.12,2.50,43.10,14,1.15,20,0,29.79,0,0.00,99,14,0.70,1.15,87,51,92,71,0,0,0,0,0,81,76,78,76,0,99,97,13,13,0,0,13,11,0,0
Fábio Gomes,29,864543600,1997/05/25,Serie B,2026,Forward,Cuiabá,213,123,90,Brazil,4,3,1,1,0,1,1,1,0,0,0,1,1,0,2,1,1,0,0,0.85,0.42,0.42,0,1,213,0.85,107,53,0,213,0,-1,-1,-1,8,0,6.94,0.25,99,10.14,6.00,1,24,3.75,15,3,6.34,0,0.00,0.00,0.75,3,0.00,0.00,0.00,0.00,0,0.00,0.50,0.00,0.00,0.00,0.00,0.75,0.50,2.00,0.85,0.25,1.00,0.00,0.25,0.19,0.00,1.50,0.00,0.00,0,0,,2,0.50,43,1,0.42,65,1,0.42,33,2,2,2,6,0.00,99,0,0,0.00,9,0,30,0.00,15,0,0.00,99,0,0.00,0,0,0.00,0,1.27,73,4,1.69,74,3,1.27,75.00,0,0.00,0,0,0,0.00,0,2,0.00,64,0.85,25,N/A,N/A,N/A,N/A,0.00,0,0.00,0,0.75,0.00,0,62.50,50.00,92,99,0.00,0.00,0,88,90,0,0,0,0.25,0.42,1,72,27.75,0.75,1.27,3,0,0.00,0.00,99,0.00,0,0,0,0.00,0.00,0,0.00,0.00,0.00,0.00,0,0,50.00,99,0,0,54,65,0.75,97,0.19,0.32,0.75,89,0.19,0.32,19,1,0.25,0.42,0.85,0.50,24,2,0.32,87,79,40,75,0,46,89,0,0.00,99,6,0.00,2.54,8.87,5.25,21,10,48,53,4.23,2.50,47.62,2,0.85,32,0,0.00,0,0.00,99,0,0.00,0.00,30,1,50,54,0,0,0,0,0,99,96,99,64,0,99,38,13,13,0,0,13,90,0,0
Fábio Henrique Souza Santana,23,1035097200,2002/10/20,Serie B,2026,Goalkeeper,CRB,0,0,0,Brazil,0,0,0,0,0,0,0,0,0,0,0,0,0,0,0,0,0,0,0,0,0,0,0,0,0,0,0,0,0,0,0,-1,-1,-1,-1,N/A,N/A,N/A,N/A,N/A,N/A,N/A,N/A,N/A,N/A,N/A,N/A,N/A,N/A,N/A,N/A,N/A,N/A,N/A,N/A,N/A,N/A,N/A,N/A,N/A,N/A,N/A,N/A,N/A,N/A,N/A,N/A,N/A,N/A,N/A,N/A,N/A,N/A,N/A,N/A,N/A,N/A,N/A,N/A,N/A,N/A,N/A,N/A,N/A,N/A,N/A,N/A,N/A,N/A,N/A,N/A,N/A,N/A,N/A,N/A,N/A,N/A,N/A,N/A,N/A,N/A,N/A,N/A,N/A,N/A,N/A,N/A,N/A,N/A,N/A,N/A,N/A,N/A,N/A,N/A,N/A,N/A,N/A,N/A,N/A,N/A,N/A,N/A,N/A,N/A,N/A,N/A,N/A,N/A,N/A,N/A,N/A,N/A,N/A,N/A,N/A,N/A,N/A,N/A,N/A,N/A,N/A,N/A,N/A,N/A,N/A,N/A,N/A,N/A,N/A,N/A,N/A,N/A,N/A,N/A,N/A,N/A,N/A,N/A,N/A,N/A,N/A,N/A,N/A,N/A,N/A,N/A,N/A,N/A,N/A,N/A,N/A,N/A,N/A,N/A,N/A,N/A,N/A,N/A,N/A,N/A,N/A,N/A,N/A,N/A,N/A,N/A,N/A,N/A,N/A,N/A,N/A,N/A,N/A,N/A,N/A,N/A,N/A,N/A,N/A,N/A,N/A,N/A,N/A,N/A,N/A,N/A,N/A,N/A,N/A,N/A,N/A,N/A,N/A,N/A,N/A,N/A,N/A,N/A,N/A,N/A,N/A,N/A,N/A,N/A,N/A,N/A,N/A,N/A,N/A,N/A,N/A,N/A,N/A,N/A,N/A,N/A,N/A,N/A,N/A,N/A,N/A,N/A,N/A,N/A,N/A,N/A,N/A,N/A,N/A,N/A,N/A,N/A,N/A,N/A,N/A,N/A,N/A,N/A
Fábio Matheus Ribeiro Lima,23,1050217200,2003/04/13,Serie B,2026,Midfielder,Sport Recife,375,245,130,Brazil,7,5,2,1,1,0,0,0,0,0,0,1,1,0,5,4,1,0,0,0.24,0,0.24,0.37,0,375,1.2,75,54,0,0,0,73,231,-1,11,0,6.86,0,58,62.16,37.00,99,259,32.00,224,82,53.76,99,0.00,0.00,1.14,8,0.00,0.00,1.68,1.00,7,0.00,0.71,0.00,0.00,0.00,0.14,1.00,0.86,6.00,1.44,0.57,1.14,0.00,0.29,0.15,0.00,1.14,0.00,0.00,0,0,,6,0.86,65,2,0.48,70,4,0.96,63,3,3,4,71,0.00,99,0,1,0.24,19,0,30,0.00,15,0,0.00,99,0,0.00,0,0,0.00,0,1.92,91,8,1.92,78,7,1.68,87.50,0,0.00,0,0,0,0.00,0,6,0.00,30,1.44,74,N/A,N/A,N/A,N/A,0.00,0,0.00,0,1.04,0.00,0,86.49,33.33,66,53,0.29,0.48,2,96,93,0,0,0,0.00,0.00,0,22,47.99,0.43,0.72,3,1,0.00,0.24,1,0.14,0,0,0,0.00,0.00,0,0.00,0.00,0.00,0.00,0,0,16.67,89,1,8,65,31,0.77,80,0.11,0.18,1.04,79,0.15,0.25,41,4,0.57,0.96,1.68,1.00,70,7,0.25,77,66,22,75,0,46,80,0,0.00,99,8,0.00,1.92,11.76,7.00,49,27,88,81,6.48,3.86,55.10,5,1.20,18,0,0.00,0,0.00,99,0,0.00,0.00,30,8,62,71,0,0,0,0,0,73,86,68,91,0,99,14,13,13,0,0,13,47,0,0
Fabricio Daniel de Souza,29,869641200,1997/07/23,Serie B,2026,Forward,São Bernardo,259,132,127,Brazil,11,6,5,1,1,0,1,1,0,0,0,2,2,0,3,1,2,1,0,0.69,0.35,0.35,0.68,0,259,1.04,86,24,259,259,0.35,-1,-1,-1,13,0,5.52,0.09,97,20.34,5.36,16,59,4.27,47,38,16.21,19,0.00,0.00,0.45,5,0.00,0.45,0.00,0.00,0,0.00,0.09,0.00,0.00,0.00,0.18,0.09,0.36,3.00,1.03,0.00,0.27,0.00,0.27,0.09,0.00,0.00,0.00,0.00,0,0,,3,0.27,52,3,1.03,93,0,0.00,8,2,7,4,6,0.00,99,0,2,0.69,49,5,96,1.72,62,0,0.00,99,0,0.00,0,0,0.00,0,1.72,87,3,1.03,56,1,0.34,33.33,0,0.00,0,0,0,0.00,0,4,0.00,45,1.38,71,N/A,N/A,N/A,N/A,0.00,0,0.00,0,0.98,0.00,0,79.66,100.00,99,13,0.27,1.03,3,42,31,1,0,0,0.09,0.34,1,64,60.74,0.18,0.69,2,0,0.00,0.00,99,0.00,0,1,0,0.00,0.00,0,0.00,0.00,0.00,0.00,0,1,33.33,99,0,24,56,45,0.88,96,0.08,0.30,0.28,52,0.03,0.10,90,7,0.64,2.41,1.03,0.27,35,3,0.34,89,1,21,75,0,46,2,0,0.00,99,0,0.00,0.00,6.21,1.64,18,8,14,20,2.76,0.73,44.44,1,0.34,68,0,60.00,0,0.00,99,3,0.27,1.03,85,8,85,54,0,0,0,0,0,98,95,68,98,0,99,20,38,76,1,9,33,10,0,0
Felipe Amaral Casarin Damasceno,23,1057647600,2003/07/08,Serie B,2026,Midfielder,América Mineiro,1402,763,639,Brazil,22,11,11,1,1,0,1,0,1,0,0,2,2,0,20,10,10,2,0,0.13,0.06,0.06,0.12,0,1402,1.28,70,64,701,1402,0.13,195,159,-1,6,0,6.80,0.05,64,35.95,25.45,57,560,21.18,466,60,29.91,58,0.00,0.00,0.64,14,0.00,0.27,1.86,1.32,29,0.00,0.68,0.00,0.00,0.00,0.91,0.32,1.00,22.00,1.41,0.77,0.41,0.00,0.23,0.09,0.00,0.91,0.00,0.00,0,0,,22,1.00,64,5,0.32,55,17,1.09,70,1,2,20,80,0.00,99,0,20,1.28,87,6,85,0.39,36,0,0.00,99,0,0.00,0,0,0.00,0,0.90,56,9,0.58,34,7,0.45,77.78,0,0.00,0,0,0,0.00,0,22,0.00,24,1.41,73,N/A,N/A,N/A,N/A,0.00,0,0.00,0,1.89,0.00,0,83.21,22.73,40,9,0.82,1.16,18,53,90,0,0,0,0.45,0.64,10,85,149.52,1.00,1.41,22,0,0.00,0.00,99,0.00,0,0,0,0.00,0.00,0,0.00,0.00,0.00,0.00,0,0,4.55,54,74,95,94,25,1.92,56,0.09,0.12,1.89,59,0.09,0.12,34,12,0.55,0.77,1.28,0.91,48,20,0.12,58,55,46,75,0,46,60,0,0.00,99,20,0.00,1.28,9.37,6.64,146,68,52,60,4.37,3.09,46.58,15,0.96,28,0,33.33,0,0.00,99,2,0.09,0.13,42,89,50,36,0,0,0,0,0,54,57,68,72,0,99,5,84,31,2,9,33,8,0,0
Felipe Augusto Ferreira Batista,34,699868800,1992/03/06,Serie B,2026,Forward,Operário PR,272,142,130,Brazil,14,7,7,0,0,0,0,0,0,0,0,6,4,2,4,3,1,1,0,0,0,0,0,0,0,1.32,68,19,272,0,0.33,364,309,-1,17,0,6.08,0,58,27.13,5.86,35,82,4.64,65,37,21.51,36,0.00,0.00,0.07,1,0.00,0.50,0.99,0.21,3,0.00,0.29,0.00,0.00,0.00,0.29,0.00,0.36,0.00,4.30,0.71,0.21,0.00,0.21,0.07,0.00,0.36,0.00,0.00,0,0,,13,0.93,99,3,0.99,92,10,3.31,99,0,14,0,36,0.00,99,0,4,1.32,89,7,30,2.32,66,0,0.00,99,0,0.00,0,0,0.00,0,0.33,23,3,0.99,54,0,0.00,0.00,0,0.00,0,0,0,0.00,0,5,0.00,21,1.65,80,N/A,N/A,N/A,N/A,0.00,0,0.00,0,0.92,0.00,0,79.27,23.08,41,15,0.21,0.99,3,17,17,0,0,0,0.00,0.00,0,22,85.12,0.07,0.33,1,0,0.00,0.00,99,0.00,0,0,0,0.00,0.00,0,0.00,0.00,0.99,0.21,3,0,0.00,50,0,41,51,22,0.20,20,0.01,0.07,0.92,87,0.07,0.30,2,0,0.00,0.00,3.31,0.71,99,10,0.30,84,8,7,75,0,99,72,0,0.00,99,5,0.00,1.65,9.26,2.00,28,8,13,58,2.65,0.57,28.57,4,1.32,14,0,0.00,0,0.00,99,0,0.00,0.00,30,0,99,12,0,0,0,0,0,37,51,68,64,0,99,84,41,73,1,7,26,7,0,0
Felipe Avenatti,33,735807600,1993/04/26,Serie B,2026,Forward,Avaí,326,181,145,Uruguay,8,5,3,1,1,0,0,0,0,0,0,4,3,1,2,1,1,0,0,0.28,0,0.28,0.5,0,326,0.55,163,41,0,0,0,51,450,-1,15,0,5.80,0,58,17.61,8.00,11,64,5.12,41,3,11.28,7,0.00,0.00,0.50,4,0.00,0.00,1.38,0.62,5,0.00,0.88,0.00,0.00,0.00,0.12,0.12,0.38,4.00,1.10,0.25,0.50,0.00,0.25,0.12,0.00,0.75,0.00,0.00,0,0,,4,0.50,56,2,0.55,74,2,0.55,39,2,4,4,59,0.00,99,0,1,0.28,20,0,30,0.00,15,0,0.00,99,0,0.00,0,0,0.00,0,1.10,67,4,1.10,59,1,0.28,25.00,0,0.00,0,0,0,0.00,0,3,0.00,92,0.83,23,N/A,N/A,N/A,N/A,0.00,0,0.00,0,0.93,0.00,0,64.06,50.00,92,76,0.12,0.28,1,36,21,0,0,0,0.00,0.00,0,22,46.38,0.25,0.55,2,0,0.00,0.00,99,0.00,0,0,0,0.00,0.00,0,0.00,0.00,0.28,0.12,1,0,25.00,97,0,12,61,93,0.21,15,0.03,0.06,0.93,81,0.12,0.26,36,3,0.38,0.83,0.28,0.12,8,1,0.26,80,2,16,75,0,81,72,0,0.00,99,6,0.00,1.65,9.08,4.12,33,15,45,56,4.13,1.88,45.45,7,1.93,3,0,0.00,0,0.00,99,0,0.00,0.00,30,8,69,54,0,0,0,0,0,77,90,68,95,0,99,92,13,13,0,0,13,9,0,0
Felipe Cardoso,23,1046764800,2003/03/04,Serie B,2026,Forward,Náutico,72,39,33,Brazil,4,2,2,0,0,0,0,0,0,0,0,1,1,0,0,0,0,0,0,0,0,0,0,0,0,0,0,18,0,0,0,-1,-1,-1,32,0,6.54,0,58,33.75,6.75,51,27,5.50,22,49,27.50,52,0.00,0.00,0.50,2,0.00,1.00,0.00,0.00,0,0.00,0.25,0.00,0.00,0.00,0.00,0.00,0.25,0.00,2.50,0.50,0.50,0.00,0.00,0.02,0.00,0.00,0.00,0.00,0,0,,2,0.50,89,0,0.00,20,2,2.50,98,0,4,0,6,0.00,99,0,0,0.00,9,4,65,5.00,92,0,0.00,99,0,0.00,0,0,0.00,0,2.50,97,2,2.50,87,0,0.00,0.00,0,0.00,0,0,0,0.00,0,1,0.00,99,1.25,62,N/A,N/A,N/A,N/A,0.00,0,0.00,0,0.09,0.00,0,81.48,0.00,20,99,0.00,0.00,0,17,17,0,0,0,0.00,0.00,0,22,26.16,0.00,0.00,0,0,0.00,0.00,99,0.00,0,0,0,0.00,0.00,0,0.00,0.00,0.00,0.00,0,0,0.00,50,0,0,51,0,0.13,74,0.03,0.16,0.09,56,0.02,0.11,90,2,0.50,2.50,0.00,0.00,6,0,0.11,55,22,1,75,0,46,2,0,0.00,99,0,0.00,0.00,7.50,1.50,6,2,12,35,2.50,0.50,33.33,1,1.25,16,0,25.00,0,0.00,99,1,0.25,1.25,89,0,69,12,0,0,0,0,0,37,51,68,64,0,99,38,13,13,0,0,13,30,0,0
Felipe de Lima Redaelli,23,1057820400,2003/07/10,Serie B,2026,Midfielder,Náutico,0,0,0,Brazil,0,0,0,0,0,0,0,0,0,0,0,0,0,0,0,0,0,0,0,0,0,0,0,0,0,0,0,0,0,0,0,-1,-1,-1,-1,N/A,N/A,N/A,N/A,N/A,N/A,N/A,N/A,N/A,N/A,N/A,N/A,N/A,N/A,N/A,N/A,N/A,N/A,N/A,N/A,N/A,N/A,N/A,N/A,N/A,N/A,N/A,N/A,N/A,N/A,N/A,N/A,N/A,N/A,N/A,N/A,N/A,N/A,N/A,N/A,N/A,N/A,N/A,N/A,N/A,N/A,N/A,N/A,N/A,N/A,N/A,N/A,N/A,N/A,N/A,N/A,N/A,N/A,N/A,N/A,N/A,N/A,N/A,N/A,N/A,N/A,N/A,N/A,N/A,N/A,N/A,N/A,N/A,N/A,N/A,N/A,N/A,N/A,N/A,N/A,N/A,N/A,N/A,N/A,N/A,N/A,N/A,N/A,N/A,N/A,N/A,N/A,N/A,N/A,N/A,N/A,N/A,N/A,N/A,N/A,N/A,N/A,N/A,N/A,N/A,N/A,N/A,N/A,N/A,N/A,N/A,N/A,N/A,N/A,N/A,N/A,N/A,N/A,N/A,N/A,N/A,N/A,N/A,N/A,N/A,N/A,N/A,N/A,N/A,N/A,N/A,N/A,N/A,N/A,N/A,N/A,N/A,N/A,N/A,N/A,N/A,N/A,N/A,N/A,N/A,N/A,N/A,N/A,N/A,N/A,N/A,N/A,N/A,N/A,N/A,N/A,N/A,N/A,N/A,N/A,N/A,N/A,N/A,N/A,N/A,N/A,N/A,N/A,N/A,N/A,N/A,N/A,N/A,N/A,N/A,N/A,N/A,N/A,N/A,N/A,N/A,N/A,N/A,N/A,N/A,N/A,N/A,N/A,N/A,N/A,N/A,N/A,N/A,N/A,N/A,N/A,N/A,N/A,N/A,N/A,N/A,N/A,N/A,N/A,N/A,N/A,N/A,N/A,N/A,N/A,N/A,N/A,N/A,N/A,N/A,N/A,N/A,N/A,N/A,N/A,N/A,N/A,N/A,N/A
Felipe Garcia Gonçalves,35,657878400,1990/11/06,Serie B,2026,Forward,São Bernardo,1242,663,579,Brazil,18,10,8,2,1,1,1,1,0,0,0,4,3,1,16,7,9,5,0,0.22,0.07,0.14,0.14,0.16,621,1.16,78,69,248,1242,0.36,130,153,-1,8,0,6.71,0.06,67,15.86,12.17,7,219,9.00,162,19,11.73,8,0.00,0.00,1.11,20,0.00,0.39,0.58,0.44,8,0.00,0.44,0.00,0.00,0.00,0.28,0.11,0.94,3.50,0.51,0.22,0.39,0.00,0.17,0.10,0.00,1.28,0.00,0.00,0,0,,7,0.39,25,3,0.22,44,4,0.29,24,7,4,14,15,0.00,99,0,5,0.36,26,7,98,0.51,40,0,0.00,99,0,0.00,0,0,0.00,0,1.45,81,7,0.51,33,2,0.14,28.57,0,0.00,0,0,0,0.00,0,17,0.00,34,1.23,61,N/A,N/A,N/A,N/A,0.00,0,0.00,0,1.74,0.00,0,73.97,42.86,83,82,0.17,0.22,3,25,24,0,0,0,0.00,0.00,0,22,120.82,0.83,1.09,15,0,0.00,0.00,99,0.00,0,0,1,0.06,0.07,0,0.00,0.00,0.51,0.39,7,0,28.57,98,65,68,79,35,1.76,63,0.10,0.13,1.74,60,0.10,0.13,50,16,0.89,1.16,1.95,1.50,82,27,0.13,59,42,36,82,0,91,72,0,0.00,99,23,0.00,1.67,9.63,7.39,133,43,20,63,3.11,2.39,32.33,8,0.58,52,0,71.43,0,0.00,99,5,0.28,0.36,61,62,69,99,0,0,0,0,0,70,72,78,74,0,99,30,35,78,5,28,86,9,0,0
Felipe Guimarães da Silva,22,1081407600,2004/04/08,Serie B,2026,Defender,Atlético GO,87,29,58,Brazil,7,4,3,0,0,0,0,0,0,0,0,2,1,1,1,0,1,1,0,0,0,0,0,0,0,1.03,87,12,87,0,1.03,-1,-1,-1,22,0,5.51,0,58,27.93,3.86,36,27,3.14,22,49,22.76,39,0.00,0.00,0.29,2,0.00,0.29,1.03,0.14,1,0.00,0.14,0.00,0.00,0.00,0.00,0.00,0.14,0.00,0.00,0.00,0.14,0.00,0.00,0.00,0.00,0.14,0.00,0.00,0,0,,0,0.00,8,0,0.00,20,0,0.00,8,0,7,0,38,0.00,99,0,0,0.00,9,2,96,2.07,65,0,0.00,99,0,0.00,0,0,0.00,0,2.07,93,1,1.03,56,0,0.00,0.00,0,0.00,0,0,0,0.00,0,1,0.00,46,1.03,44,N/A,N/A,N/A,N/A,0.00,0,0.00,0,0.00,0.00,0,81.48,0.00,20,0,0.29,2.07,2,17,17,0,0,0,0.00,0.00,0,22,38.56,0.57,4.14,4,0,0.00,0.00,99,0.00,0,0,0,0.00,0.00,0,0.00,0.00,0.00,0.00,0,0,0.00,50,0,8,51,46,0.11,49,0.02,0.11,0.00,9,0.00,0.00,45,1,0.14,1.03,3.10,0.43,98,3,0.00,8,1,84,75,0,46,53,0,0.00,99,1,0.00,1.03,9.31,1.29,9,3,20,59,3.10,0.43,33.33,1,1.03,24,0,50.00,0,0.00,99,1,0.14,1.03,85,0,85,12,0,0,0,0,0,37,51,68,64,0,99,51,13,99,1,14,55,13,0,0
Felipe Negrucci Berdague,22,1084518000,2004/05/14,Serie B,2026,Midfielder,Athletic Club,141,111,30,Brazil,3,2,1,1,1,0,0,0,0,0,0,1,1,0,0,0,0,0,0,0.64,0,0.64,0.81,0,141,0,0,47,0,0,0,-1,-1,-1,12,0,6.89,0,58,28.09,14.67,36,44,11.67,35,38,22.34,38,0.00,0.00,0.33,1,0.00,0.67,1.28,0.67,2,0.00,0.00,0.00,0.00,0.00,0.67,0.00,0.00,1.00,0.64,0.00,0.00,0.00,0.33,0.25,0.00,0.33,0.00,0.00,0,0,,1,0.33,32,1,0.64,79,0,0.00,8,2,2,1,53,0.00,99,0,2,1.28,87,2,30,1.28,56,0,0.00,99,0,0.00,0,0,0.00,0,0.64,43,0,0.00,12,0,0.00,0.00,0,0.00,0,0,0,0.00,0,0,0.00,99,0.00,0,N/A,N/A,N/A,N/A,0.00,0,0.00,0,0.75,0.00,0,79.55,100.00,99,6,0.67,1.28,2,17,17,0,0,0,0.33,0.64,1,85,20.66,1.00,1.91,3,0,0.00,0.00,99,0.00,0,0,0,0.00,0.00,0,0.00,0.00,0.00,0.00,0,0,100.00,99,0,0,52,0,0.11,20,0.04,0.07,0.75,97,0.25,0.48,29,1,0.33,0.64,0.00,0.00,6,0,0.48,96,72,58,75,0,46,32,0,0.00,99,1,0.00,0.64,5.74,3.00,9,4,13,14,2.55,1.33,44.44,0,0.00,99,0,0.00,0,0.00,99,0,0.00,0.00,30,0,50,54,0,0,0,0,0,97,99,68,99,0,99,64,13,13,0,0,13,6,0,0
Felipe Saraiva de Souza Silva,28,889430400,1998/03/09,Serie B,2026,Forward,Náutico,198,112,86,Brazil,8,3,5,0,0,0,0,0,0,0,0,2,1,1,4,4,0,2,0,0,0,0,0,0,0,1.82,50,25,99,0,0.91,-1,-1,-1,18,0,5.87,0,58,30.00,8.25,40,66,6.50,52,35,23.64,40,0.00,0.00,0.25,2,0.00,0.62,0.45,0.12,1,0.00,0.12,0.00,0.00,0.00,0.12,0.62,0.50,0.00,2.27,0.50,1.00,0.00,0.12,0.04,0.00,0.12,0.00,0.00,0,0,,5,0.62,86,1,0.45,67,4,1.82,93,3,7,1,13,0.00,99,0,1,0.45,33,5,51,2.27,65,0,0.00,99,0,0.00,0,0,0.00,0,0.91,57,8,3.64,97,5,2.27,62.50,0,0.00,0,0,0,0.00,0,4,0.00,6,1.82,83,N/A,N/A,N/A,N/A,0.00,0,0.00,0,0.28,0.00,0,78.79,20.00,36,58,0.12,0.45,1,98,78,0,0,0,0.12,0.45,1,74,46.98,0.00,0.00,0,0,0.00,0.00,99,0.00,0,0,1,0.12,0.45,0,0.00,0.00,0.45,0.12,1,0,0.00,50,0,12,51,7,0.20,35,0.03,0.09,0.28,60,0.04,0.13,99,14,1.75,6.36,3.64,1.00,99,8,0.13,59,3,1,99,0,89,20,0,0.00,99,1,0.00,0.45,15.45,4.25,34,21,99,96,9.55,2.62,61.76,1,0.45,60,0,20.00,0,0.00,99,1,0.12,0.45,65,0,85,71,0,0,0,0,0,37,51,68,64,0,99,38,13,99,2,25,81,98,0,0
Felipe Vieira Augusto,27,925801200,1999/05/04,Serie B,2026,Defender,Botafogo SP,292,232,60,Brazil,8,5,3,0,0,0,0,0,0,0,0,1,1,0,3,3,0,5,0,0,0,0,0,0,0,0.92,97,37,58,0,1.54,324,329,90,22,0,5.74,0,58,39.45,16.00,67,128,12.75,102,38,31.44,62,0.00,0.00,0.38,3,0.00,2.00,0.62,0.25,2,0.00,0.25,0.00,0.00,0.00,0.25,0.25,0.50,0.00,0.31,0.00,0.38,0.00,0.12,0.02,0.00,0.75,0.00,0.00,0,0,,1,0.12,16,1,0.31,53,0,0.00,8,6,6,2,17,0.00,99,0,2,0.62,43,16,46,4.93,92,0,0.00,99,0,0.00,0,0,0.00,0,0.92,58,3,0.92,51,2,0.62,66.67,0,0.00,0,0,0,0.00,0,4,0.00,58,1.23,61,N/A,N/A,N/A,N/A,0.00,0,0.00,0,0.14,0.00,0,79.69,100.00,99,2,0.62,1.54,5,65,85,0,0,0,0.00,0.00,0,22,45.94,2.12,5.24,17,0,0.00,0.00,99,0.00,0,0,0,0.00,0.00,0,0.00,0.00,0.00,0.00,0,1,0.00,50,0,12,51,58,0.32,43,0.04,0.10,0.14,29,0.02,0.04,77,6,0.75,1.85,3.08,1.25,98,10,0.04,28,2,91,75,0,46,79,0,0.00,99,6,0.00,1.85,12.02,4.88,39,16,64,83,4.93,2.00,41.03,2,0.62,50,0,18.75,0,0.00,99,3,0.38,0.92,82,1,81,95,0,0,0,0,0,37,51,68,64,0,99,12,13,99,5,62,99,26,0,0
Felipe Vieira da Silva,21,1107936000,2005/02/09,Serie B,2026,Defender,Athletic Club,314,192,122,Brazil,6,4,2,0,0,0,0,0,0,0,0,2,2,0,3,1,2,1,0,0,0,0,0,0,0,0.86,105,52,314,0,0.29,415,405,79,29,0,5.83,0,58,46.00,26.83,82,161,21.33,128,37,36.57,77,0.00,0.00,0.33,2,0.00,0.17,6.00,3.50,21,0.00,0.00,0.00,0.00,0.00,1.17,0.00,0.50,0.00,0.86,0.50,0.00,0.00,0.00,0.03,0.00,1.00,0.00,0.00,0,0,,3,0.50,43,0,0.00,20,3,0.86,58,6,3,3,99,0.00,99,0,7,2.00,99,1,30,0.29,32,0,0.00,99,0,0.00,0,0,0.00,0,0.57,39,0,0.00,12,0,0.00,0.00,0,0.00,0,0,0,0.00,0,3,0.00,64,0.86,27,N/A,N/A,N/A,N/A,0.00,0,0.00,0,0.18,0.00,0,79.50,0.00,20,42,0.33,0.57,2,17,17,0,0,0,0.50,0.86,3,93,34.97,1.83,3.14,11,0,0.00,0.00,99,0.00,0,0,0,0.00,0.00,0,0.00,0.00,0.00,0.00,0,0,0.00,50,0,3,51,64,0.36,43,0.06,0.10,0.18,34,0.03,0.05,27,2,0.33,0.57,0.86,0.50,24,3,0.05,33,3,76,75,0,46,73,0,0.00,99,6,0.00,1.71,11.14,6.50,39,29,99,78,8.29,4.83,74.36,0,0.00,99,0,0.00,0,0.00,99,0,0.00,0.00,30,3,62,95,0,0,0,0,0,37,51,68,64,0,99,64,49,66,1,17,62,4,0,0
Felipe Vizeu do Carmo,29,858153600,1997/03/12,Serie B,2026,Forward,Avaí,343,178,165,Brazil,4,2,2,0,0,0,0,0,0,0,0,1,0,1,2,2,0,2,0,0,0,0,0,0,0,0.52,172,86,172,0,0.52,458,458,-1,22,0,6.49,0,58,14.17,13.50,5,54,11.00,44,49,11.55,7,0.00,0.00,0.50,2,0.00,0.00,0.00,0.00,0,0.00,0.75,0.00,0.00,0.00,0.00,0.25,0.50,0.00,3.41,2.25,0.75,0.00,1.00,0.26,0.00,1.00,0.00,0.00,0,0,,13,3.25,98,4,1.05,93,9,2.36,98,3,0,4,6,0.00,99,0,0,0.00,9,0,30,0.00,15,0,0.00,99,0,0.00,0,0,0.00,0,0.52,37,3,0.79,45,1,0.26,33.33,0,0.00,0,0,0,0.00,0,2,0.00,94,0.52,4,N/A,N/A,N/A,N/A,0.00,0,0.00,0,1.04,0.00,0,81.48,30.77,55,99,0.00,0.00,0,35,31,0,1,0,0.25,0.26,1,58,25.96,1.25,1.31,5,0,0.00,0.00,99,0.00,0,1,2,0.50,0.52,0,0.00,0.00,0.26,0.25,1,0,0.00,50,0,0,51,94,0.19,11,0.05,0.05,0.34,50,0.09,0.09,69,6,1.50,1.57,1.31,1.25,51,5,0.27,82,19,42,99,0,80,54,0,0.00,99,4,0.00,1.05,8.40,8.00,32,11,16,46,2.89,2.75,34.38,3,0.79,37,0,0.00,0,0.00,99,0,0.00,0.00,30,8,24,71,0,0,0,0,0,37,51,68,64,0,99,38,20,93,2,50,99,11,0,0
Fellipe Mateus De Sena Araujo,35,666345600,1991/02/12,Serie B,2026,Midfielder,Criciúma,1826,959,867,Brazil,24,12,12,4,2,2,0,0,0,0,0,11,7,4,12,4,8,3,0,0.2,0,0.2,0.19,0.21,457,0.59,152,76,609,0,0.15,92,453,-1,1,0,7.04,0,58,29.72,25.12,40,603,20.88,501,59,24.69,44,0.00,0.00,1.17,28,0.00,3.83,0.94,0.79,19,0.00,0.67,0.00,0.00,0.00,0.42,0.67,0.54,6.75,1.33,0.75,1.04,0.00,0.38,0.18,0.00,0.62,0.00,0.00,0,0,,27,1.12,62,9,0.44,66,18,0.89,59,1,1,23,33,0.00,99,0,10,0.49,35,92,65,4.53,88,0,0.00,99,0,0.00,0,0,0.00,0,1.38,78,25,1.23,64,16,0.79,64.00,0,0.00,0,0,0,0.00,0,13,0.00,89,0.64,8,N/A,N/A,N/A,N/A,0.00,0,0.00,0,4.42,0.00,0,83.08,33.33,66,65,0.33,0.39,8,74,80,0,0,0,0.04,0.05,1,23,168.98,0.46,0.54,11,0,0.00,0.00,99,0.00,0,0,0,0.00,0.00,0,0.00,0.00,0.05,0.04,1,0,14.81,84,93,99,70,90,1.78,35,0.07,0.09,4.42,77,0.18,0.22,85,43,1.79,2.12,0.64,0.54,16,13,0.22,74,88,16,75,0,49,38,0,0.00,99,15,0.00,0.74,8.67,7.33,176,91,54,49,4.49,3.79,51.70,16,0.79,37,0,25.00,0,0.00,99,23,0.96,1.13,86,99,41,36,0,0,0,0,0,67,82,83,77,0,99,87,79,37,3,12,46,7,0,0
Fernando,26,937292400,1999/09/14,Serie B,2026,Defender,Ceará,800,381,419,Brazil,12,6,6,0,0,0,0,0,0,0,0,2,1,1,11,5,6,1,0,0,0,0,0,0,0,1.24,73,67,800,0,0.11,373,372,151,34,0,6.62,0,58,40.84,30.25,70,363,23.42,281,30,31.61,62,0.00,0.00,0.33,4,0.00,3.33,1.12,0.83,10,0.00,0.58,0.00,0.00,0.00,0.50,0.42,0.92,0.00,1.35,0.83,1.33,0.00,0.17,0.06,0.00,1.08,0.00,0.00,0,0,,12,1.00,62,2,0.23,46,10,1.12,71,2,0,12,44,0.00,99,0,6,0.67,47,40,78,4.50,88,0,0.00,99,0,0.00,0,0,0.00,0,0.45,32,16,1.80,76,5,0.56,31.25,0,0.00,0,0,0,0.00,0,11,0.00,27,1.24,62,N/A,N/A,N/A,N/A,0.00,0,0.00,0,0.74,0.00,0,77.41,16.67,30,81,0.17,0.23,2,61,25,0,0,0,0.17,0.23,2,52,79.47,1.42,1.91,17,1,0.00,0.11,6,0.08,0,0,0,0.00,0.00,0,0.00,0.00,0.11,0.08,1,0,0.00,50,38,31,51,28,0.82,35,0.07,0.09,0.74,46,0.06,0.08,81,18,1.50,2.02,1.46,1.08,59,13,0.08,45,30,58,75,0,61,65,0,0.00,99,13,0.00,1.46,9.90,7.33,88,46,71,66,5.17,3.83,52.27,7,0.79,37,0,30.00,0,0.00,99,12,1.00,1.35,92,55,24,54,0,0,0,0,0,37,51,68,64,0,99,17,87,27,1,8,30,17,0,0
Fernando Elizari,35,670838400,1991/04/05,Serie B,2026,Midfielder,América Mineiro,440,132,308,Argentina,10,3,7,2,0,2,0,0,0,0,0,1,1,0,9,1,8,1,0,0.41,0,0.41,0,0.58,220,1.84,49,44,440,0,0.2,21,414,-1,3,0,6.08,0,58,37.14,18.20,60,182,15.20,152,62,31.02,61,0.00,0.00,0.70,7,0.00,0.90,1.43,0.70,7,0.00,0.40,0.00,0.00,0.00,0.30,0.10,1.00,3.00,1.22,0.20,0.30,0.00,0.40,0.18,0.00,0.00,0.00,0.00,0,0,,6,0.60,59,4,0.82,86,2,0.41,32,1,5,5,62,0.00,99,0,3,0.61,43,9,56,1.84,64,0,0.00,99,0,0.00,0,0,0.00,0,1.43,80,3,0.61,37,1,0.20,33.33,0,0.00,0,0,0,0.00,0,10,0.00,6,2.04,88,N/A,N/A,N/A,N/A,0.00,0,0.00,0,1.77,0.00,0,83.52,66.67,98,23,0.40,0.82,4,30,31,0,0,0,0.00,0.00,0,22,60.84,0.30,0.61,3,0,0.00,0.00,99,0.00,0,0,0,0.00,0.00,0,0.00,0.00,0.41,0.20,2,0,33.33,99,7,20,55,6,0.54,49,0.05,0.11,1.77,92,0.18,0.36,62,7,0.70,1.43,1.22,0.60,45,6,0.36,91,8,18,75,0,87,2,0,0.00,99,0,0.00,0.00,6.94,3.40,34,15,20,30,3.06,1.50,44.12,4,0.82,34,0,22.22,0,0.00,99,2,0.20,0.41,64,16,77,36,0,0,0,0,0,88,96,97,64,0,99,6,64,49,1,10,37,5,0,0
Fernando José Marques Maciel,29,869295600,1997/07/19,Serie B,2026,Forward,Ceará,637,313,324,Brazil,11,6,5,1,1,0,1,0,1,0,0,3,1,2,10,5,5,3,1,0.28,0.14,0.14,0.29,0,637,1.41,64,58,212,637,0.42,139,96,-1,11,0,6.70,0.09,80,19.07,12.27,14,135,8.82,97,13,13.70,13,0.00,0.00,1.09,12,0.00,0.36,2.83,1.82,20,0.00,1.09,0.00,0.00,0.00,0.00,2.00,1.00,11.00,1.55,0.73,4.00,0.00,0.27,0.12,0.00,0.45,0.00,0.00,0,0,,11,1.00,68,3,0.42,65,8,1.13,71,7,3,8,98,0.00,99,0,0,0.00,9,4,96,0.57,42,0,0.00,99,0,0.00,0,0,0.00,0,1.70,87,44,6.22,99,22,3.11,50.00,0,0.00,0,0,0,0.00,0,11,0.00,16,1.55,78,N/A,N/A,N/A,N/A,0.00,0,0.00,0,1.35,0.00,0,71.85,27.27,49,62,0.27,0.42,3,99,63,0,0,0,0.00,0.00,0,22,73.65,0.18,0.28,2,0,0.00,0.00,99,0.00,0,0,0,0.00,0.00,0,0.00,0.00,0.99,0.64,7,0,9.09,68,27,24,80,18,1.24,80,0.11,0.18,1.35,72,0.12,0.19,85,15,1.36,2.12,1.55,1.00,64,11,0.19,70,41,5,75,0,99,36,0,0.00,99,5,0.00,0.71,17.24,11.09,122,62,99,98,8.76,5.64,50.82,12,1.70,7,0,50.00,0,0.00,99,2,0.18,0.28,56,37,62,99,0,0,0,0,0,77,72,68,84,0,99,42,27,86,2,18,65,11,0,0
Filipe Pereira Dahora,20,1144479600,2006/04/08,Serie B,2026,Defender,América Mineiro,180,10,170,Brazil,3,1,2,0,0,0,0,0,0,0,0,1,1,0,4,0,4,1,0,0,0,0,0,0,0,2,45,60,180,0,0.5,-1,-1,-1,13,0,6.22,0,58,25.00,16.67,28,50,14.67,44,89,22.00,37,0.00,0.00,0.00,0,0.00,2.00,1.00,0.67,2,0.00,0.00,0.00,0.00,0.00,1.00,0.00,1.33,0.00,0.00,0.00,0.67,0.00,0.00,0.00,0.00,0.67,0.00,0.00,0,0,,0,0.00,8,0,0.00,20,0,0.00,8,5,1,2,37,0.00,99,0,3,1.50,92,6,30,3.00,73,0,0.00,99,0,0.00,0,0,0.00,0,0.00,7,2,1.00,54,0,0.00,0.00,0,0.00,0,0,0,0.00,0,4,0.00,3,2.00,88,N/A,N/A,N/A,N/A,0.00,0,0.00,0,0.00,0.00,0,88.00,0.00,20,50,0.33,0.50,1,17,17,0,0,0,0.00,0.00,0,22,18.66,1.67,2.50,5,0,0.00,0.00,99,0.00,0,0,0,0.00,0.00,0,0.00,0.00,0.00,0.00,0,0,0.00,50,0,0,51,3,0.09,8,0.03,0.04,0.00,9,0.00,0.00,24,1,0.33,0.50,3.00,2.00,97,6,0.00,8,10,69,75,0,46,52,0,0.00,99,2,0.00,1.00,7.50,5.00,15,5,12,35,2.50,1.67,33.33,0,0.00,99,0,0.00,0,0.00,99,0,0.00,0.00,30,1,41,91,0,0,0,0,0,37,51,68,64,0,99,64,20,93,1,33,94,32,0,0
Fillipy Teixeira,19,1173340800,2007/03/08,Serie B,2026,Forward,Sport Recife,9,0,9,Brazil,1,0,1,0,0,0,0,0,0,0,0,1,0,1,0,0,0,0,0,0,0,0,0,0,0,0,0,9,0,0,0,-1,-1,-1,20,0,6.47,0,58,30.00,3.00,40,3,2.00,2,6,20.00,31,0.00,0.00,0.00,0,0.00,0.00,0.00,0.00,0,0.00,0.00,0.00,0.00,0.00,0.00,0.00,0.00,0.00,0.00,0.00,0.00,0.00,0.00,0.00,0.00,1.00,0.00,0.00,0,0,,0,0.00,8,0,0.00,20,0,0.00,8,0,1,0,6,0.00,99,0,0,0.00,9,0,30,0.00,15,0,0.00,99,0,0.00,0,0,0.00,0,0.00,7,0,0.00,12,0,0.00,0.00,0,0.00,0,0,0,0.00,0,0,0.00,99,0.00,0,N/A,N/A,N/A,N/A,0.00,0,0.00,0,0.00,0.00,0,66.67,0.00,20,99,0.00,0.00,0,17,17,0,0,0,0.00,0.00,0,22,6.47,0.00,0.00,0,0,0.00,0.00,99,0.00,0,0,0,0.00,0.00,0,0.00,0.00,0.00,0.00,0,0,0.00,50,0,0,51,0,0.00,0,0.00,0.00,0.00,9,0.00,0.00,2,0,0.00,0.00,20.00,2.00,99,2,0.00,8,18,1,75,0,46,99,0,0.00,99,1,0.00,10.00,50.00,5.00,5,1,99,99,10.00,1.00,20.00,0,0.00,99,0,0.00,0,0.00,99,0,0.00,0.00,30,0,41,12,0,0,0,0,0,37,51,68,64,0,99,99,13,13,0,0,13,71,0,0
Foguinho,34,708591600,1992/06/15,Serie B,2026,Midfielder,São Bernardo,1625,763,862,Brazil,21,10,11,2,1,1,0,0,0,0,0,4,2,2,18,9,9,4,0,0.11,0,0.11,0.12,0.1,813,1,90,77,406,0,0.22,158,361,-1,6,0,6.76,0,58,37.37,31.86,60,669,27.81,584,85,32.63,67,0.00,0.00,0.43,9,0.00,0.24,0.84,0.71,15,0.00,0.19,0.00,0.00,0.00,0.90,0.14,0.81,5.00,0.56,0.29,0.52,0.00,0.19,0.09,0.00,0.38,0.00,0.00,0,0,,10,0.48,28,4,0.22,44,6,0.34,28,8,1,20,28,0.00,99,0,19,1.06,73,5,90,0.28,32,0,0.00,99,0,0.00,0,0,0.00,0,0.50,36,11,0.61,37,3,0.17,27.27,0,0.00,0,0,0,0.00,0,17,0.00,49,0.95,35,N/A,N/A,N/A,N/A,0.00,0,0.00,0,1.98,0.00,0,87.29,40.00,78,58,0.38,0.45,8,28,22,0,0,0,0.67,0.78,14,90,141.88,1.62,1.90,34,0,0.00,0.00,99,0.00,0,0,0,0.00,0.00,0,0.00,0.00,0.06,0.05,1,0,20.00,94,85,88,86,49,1.71,43,0.08,0.10,1.98,56,0.09,0.11,46,19,0.90,1.06,1.17,1.00,41,21,0.11,55,48,58,75,0,53,20,0,0.00,99,8,0.00,0.45,6.09,5.19,109,45,12,18,2.51,2.14,41.28,4,0.22,76,0,40.00,0,0.00,99,2,0.10,0.11,40,89,41,99,0,0,0,0,0,51,66,70,72,0,99,22,62,52,4,19,68,8,0,0
Francisco Murilo de Sousa Almeida,21,1106553600,2005/01/24,Serie B,2026,Midfielder,Londrina,78,78,0,Brazil,3,3,0,0,0,0,0,0,0,0,0,1,1,0,2,2,0,0,0,0,0,0,0,0,0,2.31,39,26,0,0,0,-1,-1,-1,29,0,6.64,0,58,56.54,16.33,97,49,13.00,39,38,45.00,90,0.00,0.00,0.67,2,0.00,0.67,1.15,0.33,1,0.00,0.33,0.00,0.00,0.00,0.33,0.00,0.67,0.00,2.31,0.67,0.00,0.00,0.00,0.04,0.00,0.67,0.00,0.00,0,0,,2,0.67,86,0,0.00,20,2,2.31,98,0,3,0,45,0.00,99,0,1,1.15,80,2,96,2.31,66,0,0.00,99,0,0.00,0,0,0.00,0,2.31,96,0,0.00,12,0,0.00,0.00,0,0.00,0,0,0,0.00,0,2,0.00,0,2.31,92,N/A,N/A,N/A,N/A,0.00,0,0.00,0,0.11,0.00,0,79.59,0.00,20,99,0.00,0.00,0,17,17,0,0,0,0.00,0.00,0,22,19.93,1.33,4.62,4,0,0.00,0.00,99,0.00,0,0,0,0.00,0.00,0,0.00,0.00,0.00,0.00,0,0,0.00,50,0,0,51,1,0.18,88,0.06,0.21,0.11,60,0.04,0.13,48,1,0.33,1.15,3.46,1.00,99,3,0.13,59,33,87,75,0,46,87,0,0.00,99,2,0.00,2.31,9.23,2.67,8,4,57,58,4.62,1.33,50.00,1,1.15,20,0,50.00,0,0.00,99,1,0.33,1.15,87,0,62,12,0,0,0,0,0,37,51,68,64,0,99,64,13,13,0,0,13,27,0,0
Francisco Reidiney Duarte Gomes,19,1166083200,2006/12/14,Serie B,2026,Forward,Novorizontino,710,333,377,Brazil,10,5,5,1,0,1,1,1,0,0,0,4,2,2,6,2,4,1,0,0.25,0.13,0.13,0,0.24,710,0.76,118,71,710,710,0.13,144,106,-1,11,0,7.07,0.1,78,26.41,20.88,34,167,17.12,137,53,21.67,37,0.00,0.00,0.75,6,0.00,2.38,2.53,2.00,16,0.00,0.50,0.00,0.00,0.00,1.38,1.25,0.62,9.00,1.42,0.75,1.88,0.00,0.38,0.16,0.00,1.12,0.00,0.00,0,0,,9,1.12,65,3,0.47,68,6,0.95,62,3,0,10,95,0.00,99,0,11,1.74,96,19,67,3.01,74,0,0.00,99,0,0.00,0,0,0.00,0,0.95,60,15,2.37,86,10,1.58,66.67,0,0.00,0,0,0,0.00,0,5,0.00,75,0.79,19,N/A,N/A,N/A,N/A,0.00,0,0.00,0,1.25,0.00,0,82.04,33.33,66,1,1.38,1.74,11,95,85,0,0,0,0.25,0.32,2,63,56.59,2.12,2.69,17,0,0.00,0.00,99,0.00,0,0,0,0.00,0.00,0,0.00,0.00,0.79,0.62,5,0,11.11,77,31,20,83,75,1.08,78,0.14,0.17,1.25,73,0.16,0.20,61,9,1.12,1.42,2.53,2.00,94,16,0.20,71,89,72,75,0,97,63,0,0.00,99,9,0.00,1.42,13.92,11.00,88,44,93,92,6.96,5.50,50.00,4,0.63,49,0,26.32,0,0.00,99,5,0.62,0.79,78,47,24,71,0,0,0,0,0,74,70,85,64,0,99,77,85,31,1,10,37,41,0,0
Gabriel Alves Mineiro Galdino dos Santos,21,1114671600,2005/04/28,Serie B,2026,Forward,Cuiabá,20,20,0,Brazil,1,1,0,0,0,0,0,0,0,0,0,0,0,0,2,2,0,0,0,0,0,0,0,0,0,9,10,20,0,0,0,-1,-1,-1,30,0,6.40,0,58,27.00,6.00,35,6,5.00,5,62,22.50,39,0.00,0.00,0.00,0,0.00,0.00,0.00,0.00,0,0.00,0.00,0.00,0.00,0.00,0.00,0.00,2.00,0.00,0.00,0.00,0.00,0.00,0.00,0.00,0.00,0.00,0.00,0.00,0,0,,0,0.00,8,0,0.00,20,0,0.00,8,0,1,0,6,0.00,99,0,0,0.00,9,0,30,0.00,15,0,0.00,99,0,0.00,0,0,0.00,0,0.00,7,0,0.00,12,0,0.00,0.00,0,0.00,0,0,0,0.00,0,2,0.00,0,9.00,99,N/A,N/A,N/A,N/A,0.00,0,0.00,0,0.00,0.00,0,83.33,0.00,20,99,0.00,0.00,0,17,17,0,0,0,0.00,0.00,0,22,6.40,0.00,0.00,0,0,0.00,0.00,99,0.00,0,0,0,0.00,0.00,0,0.00,0.00,0.00,0.00,0,0,0.00,50,0,0,51,0,0.01,8,0.01,0.04,0.00,9,0.00,0.00,2,0,0.00,0.00,0.00,0.00,6,0,0.00,8,16,1,75,0,46,2,0,0.00,99,0,0.00,0.00,4.50,1.00,1,0,0,9,0.00,0.00,0.00,0,0.00,99,0,0.00,0,0.00,99,0,0.00,0.00,30,0,41,12,0,0,0,0,0,37,51,68,64,0,99,2,13,13,0,0,13,21,0,0
Gabriel Amaral Ferreira Guimaraes,22,1092294000,2004/08/12,Serie B,2026,Forward,Ceará,60,0,60,Brazil,1,0,1,0,0,0,0,0,0,0,0,0,0,0,1,0,1,0,0,0,0,0,0,0,0,1.5,60,60,0,0,0,-1,-1,-1,16,0,6.36,0,58,12.00,8.00,2,8,6.00,6,22,9.00,3,0.00,0.00,1.00,1,0.00,0.00,0.00,0.00,0,0.00,0.00,0.00,0.00,0.00,0.00,0.00,1.00,0.00,0.00,0.00,1.00,0.00,0.00,0.00,0.00,0.00,0.00,0.00,0,0,,0,0.00,8,0,0.00,20,0,0.00,8,3,0,1,6,0.00,99,0,0,0.00,9,0,30,0.00,15,0,0.00,99,0,0.00,0,0,0.00,0,1.50,82,1,1.50,72,0,0.00,0.00,0,0.00,0,0,0,0.00,0,1,0.00,13,1.50,76,N/A,N/A,N/A,N/A,0.00,0,0.00,0,0.00,0.00,0,75.00,0.00,20,99,0.00,0.00,0,17,17,0,0,0,0.00,0.00,0,22,6.36,0.00,0.00,0,0,0.00,0.00,99,0.00,0,0,0,0.00,0.00,0,0.00,0.00,0.00,0.00,0,0,0.00,50,0,0,51,14,0.06,35,0.06,0.09,0.00,9,0.00,0.00,2,0,0.00,0.00,1.50,1.00,61,1,0.00,8,14,1,75,0,46,2,0,0.00,99,0,0.00,0.00,9.00,6.00,6,0,0,54,0.00,0.00,0.00,0,0.00,99,0,0.00,0,0.00,99,0,0.00,0.00,30,0,24,71,0,0,0,0,0,37,51,68,64,0,99,2,13,13,0,0,13,83,0,0
Gabriel Appelt Pires,32,748335600,1993/09/18,Serie B,2026,Midfielder,Juventude,69,22,47,Brazil,3,1,2,0,0,0,0,0,0,0,0,3,1,2,0,0,0,0,0,0,0,0,0,0,0,0,0,23,0,0,0,-1,-1,-1,30,0,6.59,0,58,62.61,16.00,99,48,12.33,37,29,48.26,95,0.00,0.00,0.33,1,0.00,0.33,2.61,0.67,2,0.00,1.33,0.00,0.00,0.00,0.67,0.33,0.00,0.00,5.22,1.33,0.67,0.00,0.00,0.07,0.00,0.67,0.00,0.00,0,0,,4,1.33,99,0,0.00,20,4,5.22,99,0,3,0,96,0.00,99,0,2,2.61,99,1,99,1.30,56,0,0.00,99,0,0.00,0,0,0.00,0,1.30,75,2,2.61,89,1,1.30,50.00,0,0.00,0,0,0,0.00,0,0,0.00,99,0.00,0,N/A,N/A,N/A,N/A,0.00,0,0.00,0,0.21,0.00,0,77.08,0.00,20,6,0.33,1.30,1,89,63,0,0,0,0.00,0.00,0,22,19.77,0.33,1.30,1,0,0.00,0.00,99,0.00,0,0,0,0.00,0.00,0,0.00,0.00,0.00,0.00,0,0,0.00,50,0,0,51,0,0.13,78,0.04,0.17,0.21,83,0.07,0.27,2,0,0.00,0.00,2.61,0.67,95,2,0.27,82,26,41,75,0,46,91,0,0.00,99,2,0.00,2.61,16.96,4.33,13,5,88,98,6.52,1.67,38.46,4,5.22,0,0,100.00,0,0.00,99,1,0.33,1.30,90,0,62,12,0,0,0,0,0,37,51,68,64,0,99,99,13,13,0,0,13,29,0,0
Gabriel Araujo dos Santos,26,954662400,2000/04/02,Serie B,2026,Forward,Atlético GO,0,0,0,Brazil,0,0,0,0,0,0,0,0,0,0,0,0,0,0,0,0,0,0,0,0,0,0,0,0,0,0,0,0,0,0,0,-1,-1,-1,-1,N/A,N/A,N/A,N/A,N/A,N/A,N/A,N/A,N/A,N/A,N/A,N/A,N/A,N/A,N/A,N/A,N/A,N/A,N/A,N/A,N/A,N/A,N/A,N/A,N/A,N/A,N/A,N/A,N/A,N/A,N/A,N/A,N/A,N/A,N/A,N/A,N/A,N/A,N/A,N/A,N/A,N/A,N/A,N/A,N/A,N/A,N/A,N/A,N/A,N/A,N/A,N/A,N/A,N/A,N/A,N/A,N/A,N/A,N/A,N/A,N/A,N/A,N/A,N/A,N/A,N/A,N/A,N/A,N/A,N/A,N/A,N/A,N/A,N/A,N/A,N/A,N/A,N/A,N/A,N/A,N/A,N/A,N/A,N/A,N/A,N/A,N/A,N/A,N/A,N/A,N/A,N/A,N/A,N/A,N/A,N/A,N/A,N/A,N/A,N/A,N/A,N/A,N/A,N/A,N/A,N/A,N/A,N/A,N/A,N/A,N/A,N/A,N/A,N/A,N/A,N/A,N/A,N/A,N/A,N/A,N/A,N/A,N/A,N/A,N/A,N/A,N/A,N/A,N/A,N/A,N/A,N/A,N/A,N/A,N/A,N/A,N/A,N/A,N/A,N/A,N/A,N/A,N/A,N/A,N/A,N/A,N/A,N/A,N/A,N/A,N/A,N/A,N/A,N/A,N/A,N/A,N/A,N/A,N/A,N/A,N/A,N/A,N/A,N/A,N/A,N/A,N/A,N/A,N/A,N/A,N/A,N/A,N/A,N/A,N/A,N/A,N/A,N/A,N/A,N/A,N/A,N/A,N/A,N/A,N/A,N/A,N/A,N/A,N/A,N/A,N/A,N/A,N/A,N/A,N/A,N/A,N/A,N/A,N/A,N/A,N/A,N/A,N/A,N/A,N/A,N/A,N/A,N/A,N/A,N/A,N/A,N/A,N/A,N/A,N/A,N/A,N/A,N/A,N/A,N/A,N/A,N/A,N/A,N/A
Gabriel Atila Cardoso da Silva,23,1043222400,2003/01/22,Serie B,2026,Goalkeeper,Vila Nova,0,0,0,Brazil,0,0,0,0,0,0,0,0,0,0,0,0,0,0,0,0,0,0,0,0,0,0,0,0,0,0,0,0,0,0,0,-1,-1,-1,-1,N/A,N/A,N/A,N/A,N/A,N/A,N/A,N/A,N/A,N/A,N/A,N/A,N/A,N/A,N/A,N/A,N/A,N/A,N/A,N/A,N/A,N/A,N/A,N/A,N/A,N/A,N/A,N/A,N/A,N/A,N/A,N/A,N/A,N/A,N/A,N/A,N/A,N/A,N/A,N/A,N/A,N/A,N/A,N/A,N/A,N/A,N/A,N/A,N/A,N/A,N/A,N/A,N/A,N/A,N/A,N/A,N/A,N/A,N/A,N/A,N/A,N/A,N/A,N/A,N/A,N/A,N/A,N/A,N/A,N/A,N/A,N/A,N/A,N/A,N/A,N/A,N/A,N/A,N/A,N/A,N/A,N/A,N/A,N/A,N/A,N/A,N/A,N/A,N/A,N/A,N/A,N/A,N/A,N/A,N/A,N/A,N/A,N/A,N/A,N/A,N/A,N/A,N/A,N/A,N/A,N/A,N/A,N/A,N/A,N/A,N/A,N/A,N/A,N/A,N/A,N/A,N/A,N/A,N/A,N/A,N/A,N/A,N/A,N/A,N/A,N/A,N/A,N/A,N/A,N/A,N/A,N/A,N/A,N/A,N/A,N/A,N/A,N/A,N/A,N/A,N/A,N/A,N/A,N/A,N/A,N/A,N/A,N/A,N/A,N/A,N/A,N/A,N/A,N/A,N/A,N/A,N/A,N/A,N/A,N/A,N/A,N/A,N/A,N/A,N/A,N/A,N/A,N/A,N/A,N/A,N/A,N/A,N/A,N/A,N/A,N/A,N/A,N/A,N/A,N/A,N/A,N/A,N/A,N/A,N/A,N/A,N/A,N/A,N/A,N/A,N/A,N/A,N/A,N/A,N/A,N/A,N/A,N/A,N/A,N/A,N/A,N/A,N/A,N/A,N/A,N/A,N/A,N/A,N/A,N/A,N/A,N/A,N/A,N/A,N/A,N/A,N/A,N/A,N/A,N/A,N/A,N/A,N/A,N/A
Gabriel Barbosa Pinheiro,29,861433200,1997/04/19,Serie B,2026,Defender,Juventude,1005,359,646,Brazil,15,6,9,1,1,0,0,0,0,0,0,12,6,6,5,0,5,5,0,0.09,0,0.09,0.25,0,1005,0.45,201,67,201,0,0.45,176,393,11,6,0,6.52,0,58,41.46,30.87,71,463,26.60,399,80,35.73,74,0.00,0.00,0.33,5,0.00,0.20,1.70,1.27,19,0.00,0.07,0.00,0.00,0.00,0.80,0.20,0.40,3.00,0.27,0.07,0.27,0.00,0.13,0.06,0.00,1.53,0.00,0.00,0,0,,3,0.20,14,2,0.18,39,1,0.09,9,2,6,9,72,0.00,99,0,12,1.07,74,3,85,0.27,32,0,0.00,99,0,0.00,0,0,0.00,0,0.45,32,4,0.36,26,3,0.27,75.00,0,0.00,0,0,0,0.00,0,6,0.00,96,0.54,5,N/A,N/A,N/A,N/A,0.00,0,0.00,0,0.89,0.00,0,86.18,66.67,98,24,0.60,0.81,9,35,90,0,0,0,0.60,0.81,9,92,97.86,3.87,5.19,58,0,0.00,0.00,99,0.00,0,0,0,0.00,0.00,0,0.00,0.00,0.00,0.00,0,0,33.33,99,51,46,90,97,0.95,35,0.06,0.09,0.89,46,0.06,0.08,50,13,0.87,1.16,1.61,1.20,66,18,0.08,45,20,90,75,0,46,82,0,0.00,99,23,0.00,2.06,8.33,6.20,93,57,70,46,5.10,3.80,61.29,1,0.09,84,0,33.33,0,0.00,99,1,0.07,0.09,37,42,81,54,0,0,0,0,0,46,62,68,81,0,99,99,24,90,5,33,94,97,0,0
Gabriel Boschilia,30,826012800,1996/03/05,Serie B,2026,Midfielder,Operário PR,1870,970,900,Brazil,21,11,10,10,6,4,1,0,1,0,0,8,5,3,24,11,13,6,0,0.53,0.05,0.48,0.56,0.4,187,1.16,78,89,312,1870,0.29,17,172,-1,1,0,7.46,0.05,60,47.89,47.38,85,995,41.48,871,86,41.92,87,0.00,0.00,1.86,39,0.00,6.05,1.30,1.29,27,0.00,1.00,0.00,0.00,0.00,0.19,0.76,1.33,6.60,3.18,1.90,1.86,0.00,1.24,0.54,0.00,0.05,0.00,0.00,0,0,,66,3.14,97,26,1.25,96,40,1.93,95,4,0,21,54,0.00,99,0,4,0.19,15,127,52,6.11,96,0,0.00,99,0,0.00,0,0,0.00,0,1.88,90,39,1.88,78,16,0.77,41.03,0,0.00,0,0,0,0.00,0,28,0.00,34,1.35,69,N/A,N/A,N/A,N/A,0.00,0,0.00,0,11.27,0.00,0,87.54,39.39,74,38,0.62,0.63,13,72,38,4,0,0,0.10,0.10,2,31,156.60,0.52,0.53,11,0,0.00,0.00,99,0.00,0,4,2,0.10,0.10,0,0.00,0.00,0.05,0.05,1,0,15.15,85,95,88,54,35,3.88,83,0.18,0.19,8.47,95,0.40,0.41,88,47,2.24,2.26,1.44,1.43,57,30,0.54,97,99,15,89,0,49,2,0,0.00,99,1,0.00,0.05,9.10,9.00,189,91,53,56,4.38,4.33,48.15,21,1.01,25,0,21.26,0,0.00,99,27,1.29,1.30,90,94,24,84,0,2,0,10,0,95,97,93,96,0,99,73,47,66,6,29,89,10,0,0
Gabriel da Silva Moyses,24,1029394800,2002/08/15,Serie B,2026,Forward,Athletic Club,253,154,99,Brazil,9,4,5,0,0,0,0,0,0,0,0,1,1,0,1,0,1,0,0,0,0,0,0,0,0,0.36,253,28,0,0,0,-1,-1,-1,25,0,5.03,0,58,14.88,4.78,6,43,3.22,29,7,10.04,5,0.00,0.00,0.11,1,0.00,0.00,0.35,0.11,1,0.00,0.78,0.00,0.00,0.00,0.11,0.00,0.22,0.00,2.42,0.78,0.00,0.00,0.00,0.04,0.00,1.33,0.00,0.00,0,0,,7,0.78,88,0,0.00,20,7,2.42,98,3,7,2,10,0.00,99,0,1,0.35,25,0,30,0.00,15,0,0.00,99,0,0.00,0,0,0.00,0,0.35,25,0,0.00,12,0,0.00,0.00,0,0.00,0,0,0,0.00,0,2,0.00,98,0.69,11,N/A,N/A,N/A,N/A,0.00,0,0.00,0,0.36,0.00,0,67.44,0.00,20,70,0.11,0.35,1,17,17,0,0,0,0.11,0.35,1,65,45.30,0.56,1.73,5,0,0.00,0.00,99,0.00,0,0,1,0.11,0.35,0,0.00,0.00,1.04,0.33,3,0,0.00,50,0,15,51,98,0.11,8,0.01,0.04,0.36,59,0.04,0.12,73,5,0.56,1.73,3.46,1.11,99,10,0.12,58,1,55,99,0,99,99,0,0.00,99,12,0.00,4.15,15.92,5.11,46,18,86,96,6.23,2.00,39.13,7,2.42,1,0,0.00,0,0.00,99,0,0.00,0.00,30,1,85,71,0,0,0,0,0,37,51,68,64,0,99,8,13,13,0,0,13,19,0,0
Gabriel de Sousa Barros,24,1003993200,2001/10/25,Serie B,2026,Forward,América Mineiro,926,403,523,Brazil,15,7,8,1,0,1,1,0,1,0,0,2,1,1,13,7,6,0,0,0.19,0.1,0.1,0,0.17,926,1.26,71,62,0,926,0,166,126,-1,5,0,6.72,0.07,72,22.26,15.27,20,229,11.93,179,33,17.40,23,0.00,0.00,0.60,9,0.00,2.13,0.58,0.40,6,0.00,0.53,0.00,0.00,0.00,0.27,0.47,1.00,18.00,1.75,0.93,0.80,0.00,0.27,0.12,0.00,0.53,0.00,0.00,0,0,,18,1.20,74,4,0.39,61,14,1.36,81,7,2,13,15,0.00,99,0,4,0.39,28,32,73,3.11,75,0,0.00,99,0,0.00,0,0,0.00,0,0.87,54,12,1.17,62,7,0.68,58.33,0,0.00,0,0,0,0.00,0,15,0.00,25,1.46,75,N/A,N/A,N/A,N/A,0.00,0,0.00,0,1.73,0.00,0,78.17,22.22,40,7,0.87,1.26,13,68,74,0,0,0,0.00,0.00,0,22,100.74,0.53,0.78,8,0,0.00,0.00,99,0.00,0,0,1,0.07,0.10,0,0.00,0.00,0.39,0.27,4,0,5.56,57,47,46,88,25,1.30,63,0.09,0.13,1.73,67,0.12,0.17,37,9,0.60,0.87,0.97,0.67,31,10,0.17,66,44,24,89,0,86,40,0,0.00,99,8,0.00,0.78,7.19,4.93,74,30,17,32,2.92,2.00,40.54,8,0.78,37,0,28.12,0,0.00,99,9,0.60,0.87,81,58,50,99,0,0,0,0,0,66,64,80,64,0,99,12,13,13,0,0,13,7,0,0
Gabriel de Souza Inocencio,32,777366000,1994/08/20,Serie B,2026,Defender,Botafogo SP,1147,556,591,Brazil,15,7,8,0,0,0,0,0,0,0,0,4,1,3,10,6,4,1,0,0,0,0,0,0,0,0.78,115,76,1147,0,0.08,312,301,59,29,0,6.86,0,58,39.11,33.20,66,498,27.40,411,56,32.28,65,0.00,0.00,0.73,11,0.00,1.53,2.67,2.27,34,0.00,0.80,0.00,0.00,0.00,0.73,1.33,0.67,0.00,0.39,0.33,2.27,0.00,0.00,0.02,0.00,1.33,0.00,0.00,0,0,,5,0.33,21,0,0.00,20,5,0.39,31,4,2,13,97,0.00,99,0,11,0.86,61,23,86,1.81,63,0,0.00,99,0,0.00,0,0,0.00,0,0.86,52,34,2.67,91,20,1.57,58.82,0,0.00,0,0,0,0.00,0,10,0.00,72,0.79,19,N/A,N/A,N/A,N/A,0.00,0,0.00,0,0.25,0.00,0,82.53,0.00,20,21,0.73,0.86,11,94,75,0,0,0,0.20,0.24,3,55,102.86,3.33,3.93,50,0,0.00,0.00,99,0.00,0,0,0,0.00,0.00,0,0.00,0.00,0.00,0.00,0,0,0.00,50,59,46,51,72,1.45,49,0.10,0.11,0.25,19,0.02,0.02,77,23,1.53,1.81,2.12,1.80,86,27,0.02,18,66,82,75,0,46,69,0,0.00,99,20,0.00,1.57,13.98,11.87,178,96,96,92,7.54,6.40,53.93,12,0.94,28,0,34.78,0,0.00,99,8,0.53,0.63,71,58,50,84,0,0,0,0,0,37,51,68,64,0,99,42,91,22,1,7,26,22,0,0
Gabriel Dias Pae,19,1177311600,2007/04/23,Serie B,2026,Forward,Atlético GO,25,19,6,Brazil,2,1,1,0,0,0,0,0,0,0,0,1,1,0,0,0,0,0,0,0,0,0,0,0,0,0,0,13,0,0,0,-1,-1,-1,12,0,6.42,0,58,17.50,2.33,11,7,1.67,5,13,12.50,10,0.00,0.00,0.33,1,0.00,0.00,2.50,0.33,1,0.00,0.67,0.00,0.00,0.00,0.00,0.00,0.00,0.00,0.00,0.00,0.33,0.00,0.00,0.00,0.00,0.00,0.00,0.00,0,0,,0,0.00,8,0,0.00,20,0,0.00,8,0,2,0,95,0.00,99,0,0,0.00,9,0,30,0.00,15,0,0.00,99,0,0.00,0,0,0.00,0,2.50,97,1,2.50,87,0,0.00,0.00,0,0.00,0,0,0,0.00,0,0,0.00,99,0.00,0,N/A,N/A,N/A,N/A,0.00,0,0.00,0,0.00,0.00,0,71.43,0.00,20,0,1.00,7.50,3,17,17,0,0,0,0.00,0.00,0,22,19.25,0.00,0.00,0,0,0.00,0.00,99,0.00,0,0,0,0.00,0.00,0,0.00,0.00,0.00,0.00,0,0,0.00,50,0,0,51,0,0.05,56,0.02,0.12,0.00,9,0.00,0.00,90,1,0.33,2.50,5.00,0.67,99,2,0.00,8,17,1,75,0,46,2,0,0.00,99,0,0.00,0.00,30.00,4.00,12,2,66,99,5.00,0.67,16.67,2,5.00,0,0,0.00,0,0.00,99,0,0.00,0.00,30,0,50,12,0,0,0,0,0,37,51,68,64,0,99,92,13,13,0,0,13,18,0,0
Gabriel Domingos de Moura,25,981705600,2001/02/09,Serie B,2026,Midfielder,América Mineiro,21,9,12,Brazil,2,1,1,0,0,0,0,0,0,0,0,0,0,0,2,0,2,0,0,0,0,0,0,0,0,8.57,11,11,0,0,0,-1,-1,-1,16,0,6.46,0,58,25.71,3.00,30,6,2.00,4,6,17.14,21,0.00,0.00,0.50,1,0.00,0.00,4.29,0.50,1,0.00,0.50,0.00,0.00,0.00,0.00,0.00,1.00,0.00,0.00,0.00,0.00,0.00,0.00,0.00,0.00,0.50,0.00,0.00,0,0,,0,0.00,8,0,0.00,20,0,0.00,8,2,2,0,99,0.00,99,0,0,0.00,9,0,30,0.00,15,0,0.00,99,0,0.00,0,0,0.00,0,4.29,99,0,0.00,12,0,0.00,0.00,0,0.00,0,0,0,0.00,0,2,0.00,0,8.57,99,N/A,N/A,N/A,N/A,0.00,0,0.00,0,0.00,0.00,0,66.67,0.00,20,99,0.00,0.00,0,17,17,0,0,0,0.00,0.00,0,22,12.91,0.00,0.00,0,0,0.00,0.00,99,0.00,0,0,0,0.00,0.00,0,0.00,0.00,0.00,0.00,0,0,0.00,50,0,0,51,0,0.05,88,0.03,0.21,0.00,9,0.00,0.00,2,0,0.00,0.00,0.00,0.00,6,0,0.00,8,18,1,75,0,46,99,0,0.00,99,1,0.00,4.29,12.86,1.50,3,2,99,88,8.57,1.00,66.67,1,4.29,0,0,0.00,0,0.00,99,0,0.00,0.00,30,0,50,54,0,0,0,0,0,37,51,68,64,0,99,2,13,13,0,0,13,6,0,0
Gabriel Feliciano da Silva,25,996130800,2001/07/26,Serie B,2026,Defender,Operário PR,1297,716,581,Brazil,18,10,8,1,0,1,3,1,2,0,0,6,3,3,16,10,6,1,0,0.28,0.21,0.07,0,0.15,1297,1.11,81,72,1297,432,0.07,191,48,130,9,0,7.05,0.17,91,47.60,38.11,84,686,31.17,561,52,38.93,82,0.00,0.00,1.06,19,0.00,3.61,1.60,1.28,23,0.00,0.22,0.00,0.00,0.00,1.22,0.78,1.00,20.00,1.39,0.89,1.28,0.00,0.22,0.11,0.00,0.72,0.00,0.00,0,0,,20,1.11,64,4,0.28,51,16,1.11,71,2,4,14,70,0.00,99,0,22,1.53,93,65,59,4.51,88,0,0.00,99,0,0.00,0,0,0.00,0,1.32,76,23,1.60,73,14,0.97,60.87,0,0.00,0,0,0,0.00,0,18,0.00,40,1.25,62,N/A,N/A,N/A,N/A,0.00,0,0.00,0,1.97,0.00,0,81.78,20.00,36,33,0.56,0.69,10,81,77,0,0,0,0.22,0.28,4,60,126.81,2.39,2.98,43,0,0.00,0.00,99,0.00,0,0,0,0.00,0.00,0,0.00,0.00,0.00,0.00,0,0,5.00,56,67,68,93,40,3.66,92,0.20,0.25,1.97,63,0.11,0.14,28,9,0.50,0.62,0.90,0.72,27,13,0.14,62,88,76,75,0,46,47,0,0.00,99,13,0.00,0.90,7.08,5.67,102,58,41,31,4.02,3.22,56.86,4,0.28,73,0,23.08,0,0.00,99,15,0.83,1.04,85,62,69,54,0,0,0,0,0,77,59,77,64,0,99,64,93,21,1,6,24,27,0,0
Gabriel Frederico Cipriano,26,946713600,2000/01/01,Serie B,2026,Forward,Avaí,50,24,26,Brazil,4,2,2,0,0,0,1,1,0,0,0,0,0,0,0,0,0,0,0,1.8,1.8,0,0,0,0,0,0,13,0,50,0,-1,-1,-1,19,0,4.96,0.25,99,28.80,4.00,38,16,3.00,12,22,21.60,36,0.00,0.00,0.50,2,0.00,0.50,3.60,0.50,2,0.00,0.25,0.00,0.00,0.00,0.50,0.00,0.50,0.00,1.80,0.25,0.50,0.00,0.00,0.01,0.00,0.00,0.00,0.00,0,0,,1,0.25,75,0,0.00,20,1,1.80,93,0,4,0,99,0.00,99,0,2,3.60,99,2,30,3.60,79,0,0.00,99,0,0.00,0,0,0.00,0,3.60,99,2,3.60,97,0,0.00,0.00,0,0.00,0,0,0,0.00,0,2,0.00,99,3.60,95,N/A,N/A,N/A,N/A,0.00,0,0.00,0,0.05,0.00,0,75.00,0.00,20,99,0.00,0.00,0,17,17,0,0,0,0.00,0.00,0,22,19.83,0.00,0.00,0,0,0.00,0.00,99,0.00,0,0,0,0.00,0.00,0,0.00,0.00,0.00,0.00,0,0,0.00,50,0,0,51,0,0.71,99,0.18,1.28,0.05,50,0.01,0.09,76,1,0.25,1.80,3.60,0.50,99,2,0.09,49,0,1,75,0,46,2,0,0.00,99,0,0.00,0.00,16.20,2.25,9,3,77,97,5.40,0.75,33.33,1,1.80,5,0,0.00,0,0.00,99,0,0.00,0.00,30,0,69,12,0,0,0,0,0,99,51,68,64,0,99,2,13,13,0,0,13,39,0,0
Gabriel Henrique Feitosa da Silva,27,911894400,1998/11/24,Serie B,2026,Defender,Novorizontino,766,344,422,Brazil,9,4,5,0,0,0,0,0,0,0,0,5,2,3,6,3,3,2,0,0,0,0,0,0,0,0.7,128,85,383,0,0.23,217,271,41,22,0,7.01,0,58,54.52,51.56,95,464,45.11,406,86,47.70,94,0.00,0.00,0.33,3,0.00,0.22,1.29,1.22,11,0.00,0.00,0.00,0.00,0.00,1.11,0.33,0.67,0.00,0.59,0.56,0.44,0.00,0.00,0.03,0.00,2.22,0.00,0.00,0,0,,5,0.56,29,0,0.00,20,5,0.59,41,1,1,8,54,0.00,99,0,10,1.17,82,2,96,0.23,30,0,0.00,99,0,0.00,0,0,0.00,0,0.35,25,4,0.47,30,3,0.35,75.00,0,0.00,0,0,0,0.00,0,6,0.00,82,0.70,12,N/A,N/A,N/A,N/A,0.00,0,0.00,0,0.24,0.00,0,87.50,0.00,20,81,0.22,0.23,2,42,90,0,0,0,1.44,1.53,13,99,63.11,4.11,4.35,37,0,0.00,0.00,99,0.00,0,0,1,0.11,0.12,0,0.00,0.00,0.00,0.00,0,0,0.00,50,37,15,51,82,0.88,43,0.10,0.10,0.24,24,0.03,0.03,27,5,0.56,0.59,0.70,0.67,18,6,0.03,24,85,85,91,0,46,88,0,0.00,99,20,0.00,2.35,6.70,6.33,57,38,53,26,4.46,4.22,66.67,0,0.00,99,0,50.00,0,0.00,99,1,0.11,0.12,41,37,41,36,0,0,0,0,0,37,51,68,64,0,99,95,58,55,2,22,75,26,0,0
Gabriel Índio,23,1033023600,2002/09/26,Serie B,2026,Midfielder,Náutico,90,90,0,Brazil,1,1,0,0,0,0,0,0,0,0,0,0,0,0,1,1,0,0,0,0,0,0,0,0,0,1,90,90,0,0,0,-1,-1,-1,14,0,6.78,0,58,39.00,39.00,65,39,35.00,35,94,35.00,72,0.00,0.00,0.00,0,0.00,0.00,0.00,0.00,0,0.00,0.00,0.00,0.00,0.00,2.00,0.00,1.00,0.00,0.00,0.00,0.00,0.00,0.00,0.00,0.00,5.00,0.00,0.00,0,0,,0,0.00,8,0,0.00,20,0,0.00,8,0,0,1,6,0.00,99,0,2,2.00,99,0,30,0.00,15,0,0.00,99,0,0.00,0,0,0.00,0,0.00,7,0,0.00,12,0,0.00,0.00,0,0.00,0,0,0,0.00,0,1,0.00,49,1.00,41,N/A,N/A,N/A,N/A,0.00,0,0.00,0,0.00,0.00,0,89.74,0.00,20,99,0.00,0.00,0,17,17,0,0,0,1.00,1.00,1,95,6.78,6.00,6.00,6,0,0.00,0.00,99,0.00,0,0,0,0.00,0.00,0,0.00,0.00,0.00,0.00,0,0,0.00,50,0,0,51,49,0.08,27,0.08,0.08,0.00,9,0.00,0.00,2,0,0.00,0.00,5.00,5.00,99,5,0.00,8,51,94,75,0,46,99,0,0.00,99,5,0.00,5.00,12.00,12.00,12,5,66,83,5.00,5.00,41.67,0,0.00,99,0,0.00,0,0.00,99,0,0.00,0.00,30,0,24,12,0,0,0,0,0,37,51,68,64,0,99,2,13,13,0,0,13,13,0,0
Gabriel Knesowitsch,22,1066460400,2003/10/18,Serie B,2026,Defender,Cuiabá,244,154,90,Brazil,4,3,1,0,0,0,0,0,0,0,0,4,3,1,0,0,0,4,1,0,0,0,0,0,0,0,0,61,61,0,1.48,-1,-1,-1,13,0,6.83,0,58,40.20,27.25,69,109,21.75,87,39,32.09,64,0.00,0.00,0.00,0,0.00,0.25,2.21,1.50,6,0.00,0.00,0.00,0.00,0.00,1.00,0.25,0.50,0.00,0.74,0.25,0.25,0.00,0.25,0.04,0.00,1.75,0.00,0.00,0,0,,2,0.50,40,1,0.37,60,1,0.37,29,1,1,3,88,0.00,99,0,4,1.48,92,1,30,0.37,35,0,0.00,99,0,0.00,0,0,0.00,0,0.00,7,1,0.37,26,1,0.37,100.00,0,0.00,0,0,0,0.00,0,2,0.00,99,0.74,16,N/A,N/A,N/A,N/A,0.00,0,0.00,0,0.17,0.00,0,79.82,50.00,92,99,0.00,0.00,0,44,99,0,0,0,0.25,0.37,1,67,27.34,2.50,3.69,10,0,0.00,0.00,99,0.00,0,0,0,0.00,0.00,0,0.00,0.00,0.00,0.00,0,0,0.00,50,0,0,51,0,0.19,20,0.05,0.07,0.17,38,0.04,0.06,48,3,0.75,1.11,2.21,1.50,88,6,0.06,37,61,81,75,0,46,91,0,0.00,99,7,0.00,2.58,9.59,6.50,26,17,87,63,6.27,4.25,65.38,0,0.00,99,0,0.00,0,0.00,99,0,0.00,0.00,30,3,41,36,0,0,0,0,0,37,51,68,64,0,99,99,13,99,2,50,99,44,0,0
Gabriel Lima Dias,18,1219129200,2008/08/19,Serie B,2026,Right Wing,Vila Nova,0,0,0,Brazil,0,0,0,0,0,0,0,0,0,0,0,0,0,0,0,0,0,0,0,0,0,0,0,0,0,0,0,0,0,0,0,-1,-1,-1,-1,N/A,N/A,N/A,N/A,N/A,N/A,N/A,N/A,N/A,N/A,N/A,N/A,N/A,N/A,N/A,N/A,N/A,N/A,N/A,N/A,N/A,N/A,N/A,N/A,N/A,N/A,N/A,N/A,N/A,N/A,N/A,N/A,N/A,N/A,N/A,N/A,N/A,N/A,N/A,N/A,N/A,N/A,N/A,N/A,N/A,N/A,N/A,N/A,N/A,N/A,N/A,N/A,N/A,N/A,N/A,N/A,N/A,N/A,N/A,N/A,N/A,N/A,N/A,N/A,N/A,N/A,N/A,N/A,N/A,N/A,N/A,N/A,N/A,N/A,N/A,N/A,N/A,N/A,N/A,N/A,N/A,N/A,N/A,N/A,N/A,N/A,N/A,N/A,N/A,N/A,N/A,N/A,N/A,N/A,N/A,N/A,N/A,N/A,N/A,N/A,N/A,N/A,N/A,N/A,N/A,N/A,N/A,N/A,N/A,N/A,N/A,N/A,N/A,N/A,N/A,N/A,N/A,N/A,N/A,N/A,N/A,N/A,N/A,N/A,N/A,N/A,N/A,N/A,N/A,N/A,N/A,N/A,N/A,N/A,N/A,N/A,N/A,N/A,N/A,N/A,N/A,N/A,N/A,N/A,N/A,N/A,N/A,N/A,N/A,N/A,N/A,N/A,N/A,N/A,N/A,N/A,N/A,N/A,N/A,N/A,N/A,N/A,N/A,N/A,N/A,N/A,N/A,N/A,N/A,N/A,N/A,N/A,N/A,N/A,N/A,N/A,N/A,N/A,N/A,N/A,N/A,N/A,N/A,N/A,N/A,N/A,N/A,N/A,N/A,N/A,N/A,N/A,N/A,N/A,N/A,N/A,N/A,N/A,N/A,N/A,N/A,N/A,N/A,N/A,N/A,N/A,N/A,N/A,N/A,N/A,N/A,N/A,N/A,N/A,N/A,N/A,N/A,N/A,N/A,N/A,N/A,N/A,N/A,N/A
Gabriel Oliveira Santos,20,1155020400,2006/08/08,Serie B,2026,Midfielder,América Mineiro,8,0,8,Brazil,1,0,1,0,0,0,0,0,0,0,0,0,0,0,2,0,2,1,0,0,0,0,0,0,0,22.5,4,8,8,0,11.25,-1,-1,-1,14,0,6.08,0,58,45.00,4.00,80,4,4.00,4,99,45.00,90,0.00,0.00,0.00,0,0.00,0.00,0.00,0.00,0,0.00,0.00,0.00,0.00,0.00,0.00,0.00,2.00,0.00,0.00,0.00,0.00,0.00,0.00,0.00,0.00,0.00,0.00,0.00,0,0,,0,0.00,8,0,0.00,20,0,0.00,8,0,1,0,6,0.00,99,0,0,0.00,9,0,30,0.00,15,0,0.00,99,0,0.00,0,0,0.00,0,0.00,7,0,0.00,12,0,0.00,0.00,0,0.00,0,0,0,0.00,0,2,0.00,0,22.50,99,N/A,N/A,N/A,N/A,0.00,0,0.00,0,0.00,0.00,0,100.00,0.00,20,99,0.00,0.00,0,17,17,0,0,0,0.00,0.00,0,22,6.08,0.00,0.00,0,0,0.00,0.00,99,0.00,0,0,0,0.00,0.00,0,0.00,0.00,0.00,0.00,0,0,0.00,50,0,0,51,0,0.01,49,0.01,0.11,0.00,9,0.00,0.00,99,1,1.00,11.25,0.00,0.00,6,0,0.00,8,8,1,75,0,46,2,0,0.00,99,0,0.00,0.00,11.25,1.00,1,1,99,78,11.25,1.00,100.00,0,0.00,99,0,0.00,0,0.00,99,0,0.00,0.00,30,0,41,12,0,0,0,0,0,37,51,68,64,0,99,2,13,99,1,100,99,61,0,0
Gabriel Pereira Simples,21,1106035200,2005/01/18,Serie B,2026,Defender,Avaí,278,90,188,Brazil,4,1,3,0,0,0,0,0,0,0,0,0,0,0,6,2,4,1,0,0,0,0,0,0,0,1.94,46,70,278,0,0.32,220,275,201,21,0,6.54,0,58,56.01,43.25,96,173,35.75,143,56,46.29,93,0.00,0.00,0.00,0,0.00,0.00,1.29,1.00,4,0.00,0.00,0.00,0.00,0.00,0.50,0.25,1.50,0.00,0.32,0.00,0.25,0.00,0.25,0.04,0.00,1.00,0.00,0.00,0,0,,1,0.25,17,1,0.32,55,0,0.00,8,0,1,3,54,0.00,99,0,2,0.65,44,0,30,0.00,15,0,0.00,99,0,0.00,0,0,0.00,0,0.00,7,1,0.32,25,1,0.32,100.00,0,0.00,0,0,0,0.00,0,6,0.00,3,1.94,86,N/A,N/A,N/A,N/A,0.00,0,0.00,0,0.14,0.00,0,82.66,100.00,99,73,0.25,0.32,1,39,99,0,0,0,1.25,1.62,5,99,26.16,3.25,4.21,13,1,0.00,0.32,0,0.25,0,0,0,0.00,0.00,0,0.00,0.00,0.00,0.00,0,0,0.00,50,0,0,51,4,0.29,35,0.07,0.09,0.14,34,0.04,0.05,29,2,0.50,0.65,1.29,1.00,49,4,0.05,33,22,84,75,0,46,60,0,0.00,99,4,0.00,1.29,6.15,4.75,19,10,23,19,3.24,2.50,52.63,0,0.00,99,0,0.00,0,0.00,99,0,0.00,0.00,30,3,41,12,0,0,0,0,0,37,51,68,64,0,99,2,42,70,1,25,81,4,0,0
Gabriel Queiroz,18,1217055600,2008/07/26,Serie B,2026,Defender,Athletic Club,193,96,97,Brazil,4,2,2,0,0,0,0,0,0,0,0,0,0,0,3,1,2,0,0,0,0,0,0,0,0,1.4,64,48,0,0,0,-1,-1,-1,30,0,6.52,0,58,31.63,17.75,45,71,14.00,56,35,24.95,44,0.00,0.00,0.25,1,0.00,0.00,0.45,0.25,1,0.00,0.00,0.00,0.00,0.00,0.00,0.00,0.75,0.00,0.00,0.00,0.00,0.00,0.00,0.00,0.00,1.50,0.00,0.00,0,0,,0,0.00,8,0,0.00,20,0,0.00,8,0,3,1,13,0.00,99,0,0,0.00,9,0,30,0.00,15,0,0.00,99,0,0.00,0,0,0.00,0,0.45,32,0,0.00,12,0,0.00,0.00,0,0.00,0,0,0,0.00,0,3,0.00,17,1.34,68,N/A,N/A,N/A,N/A,0.00,0,0.00,0,0.00,0.00,0,78.87,0.00,20,99,0.00,0.00,0,17,17,0,0,0,0.50,0.89,2,94,26.08,3.75,6.68,15,1,0.00,0.45,0,0.25,0,0,0,0.00,0.00,0,0.00,0.00,0.00,0.00,0,0,0.00,50,0,0,51,18,0.17,27,0.04,0.08,0.00,9,0.00,0.00,38,2,0.50,0.89,0.45,0.25,10,1,0.00,8,20,97,75,0,46,92,0,0.00,99,6,0.00,2.67,7.57,4.25,17,8,30,36,3.56,2.00,47.06,0,0.00,99,0,0.00,0,0.00,99,0,0.00,0.00,30,0,62,12,0,0,0,0,0,37,51,68,64,0,99,2,13,13,0,0,13,13,0,0
Gabriel Rafael Fuentes Gómez,29,855475200,1997/02/09,Serie B,2026,Defender,Fortaleza,1043,493,550,Colombia,14,6,8,0,0,0,0,0,0,0,0,6,4,2,13,3,10,3,0,0,0,0,0,0,0,1.12,80,75,348,0,0.26,341,324,133,28,0,6.89,0,58,42.28,35.00,75,490,29.64,415,71,35.81,75,0.00,0.00,1.21,17,0.00,4.07,1.47,1.21,17,0.00,0.29,0.00,0.00,0.00,0.79,0.57,1.00,0.00,0.26,0.21,0.86,0.00,0.00,0.01,0.00,1.29,0.00,0.00,0,0,,3,0.21,13,0,0.00,20,3,0.26,21,3,1,13,64,0.00,99,0,11,0.95,66,57,43,4.92,92,0,0.00,99,0,0.00,0,0,0.00,0,1.47,81,12,1.04,57,8,0.69,66.67,0,0.00,0,0,0,0.00,0,14,0.00,38,1.21,60,N/A,N/A,N/A,N/A,0.00,0,0.00,0,0.15,0.00,0,84.69,0.00,20,60,0.36,0.43,5,69,85,0,0,0,0.21,0.26,3,58,96.51,1.93,2.33,27,1,0.00,0.09,8,0.07,0,0,0,0.00,0.00,0,0.00,0.00,0.09,0.07,1,1,0.00,50,53,41,51,38,1.51,63,0.11,0.13,0.15,13,0.01,0.01,40,11,0.79,0.95,1.21,1.00,44,14,0.01,12,72,67,75,0,58,69,0,0.00,99,18,0.00,1.55,7.42,6.14,86,54,58,34,4.66,3.86,62.79,4,0.35,68,0,17.54,0,0.00,99,10,0.71,0.86,80,58,41,71,0,0,0,0,0,37,51,68,64,0,99,84,53,62,3,21,73,18,0,0
Gabriel Santos Cordeiro Lacerda,26,935910000,1999/08/29,Serie B,2026,Defender,Londrina,1449,639,810,Brazil,17,8,9,1,0,1,0,0,0,0,0,4,4,0,19,6,13,1,0,0.06,0,0.06,0,0.11,1449,1.18,76,85,1449,0,0.06,197,264,144,12,0,6.88,0,58,42.92,40.65,77,691,34.82,592,77,36.77,77,0.00,0.00,0.24,4,0.00,0.18,0.68,0.65,11,0.00,0.06,0.00,0.00,0.00,0.53,0.06,1.29,5.00,0.31,0.18,0.12,0.00,0.12,0.06,0.00,2.65,0.00,0.00,0,0,,5,0.29,16,2,0.12,31,3,0.19,14,0,1,16,20,0.00,99,0,9,0.56,39,3,85,0.19,27,0,0.00,99,0,0.00,0,0,0.00,0,0.25,19,2,0.12,16,1,0.06,50.00,0,0.00,0,0,0,0.00,0,22,0.00,32,1.37,70,N/A,N/A,N/A,N/A,0.00,0,0.00,0,0.99,0.00,0,85.67,40.00,78,89,0.12,0.12,2,18,63,0,0,0,0.71,0.75,12,89,117.01,6.24,6.58,106,0,0.00,0.00,99,0.00,0,0,0,0.00,0.00,0,0.00,0.00,0.19,0.18,3,0,20.00,94,76,59,95,32,1.64,43,0.10,0.10,0.99,38,0.06,0.06,10,5,0.29,0.31,0.50,0.47,11,8,0.06,37,70,96,75,0,72,93,0,0.00,99,45,0.00,2.80,5.40,5.12,87,61,35,12,3.79,3.59,70.11,1,0.06,85,0,33.33,0,0.00,99,1,0.06,0.06,34,74,41,12,0,0,0,0,0,41,57,72,64,0,99,34,96,18,1,6,24,15,0,0
Gabriel Silva Rocha,20,1138003200,2006/01/23,Serie B,2026,Midfielder,Ceará,360,180,180,Brazil,4,2,2,1,1,0,1,1,0,0,0,1,1,0,4,1,3,0,0,0.5,0.25,0.25,0.5,0,360,1,90,90,0,360,0,66,32,-1,8,0,7.04,0.25,94,36.50,36.50,58,146,31.25,125,77,31.25,62,0.00,0.00,0.50,2,0.00,0.25,2.00,2.00,8,0.00,0.00,0.00,0.00,0.00,0.50,0.00,1.00,1.00,0.25,0.00,0.00,0.00,0.25,0.18,0.00,3.00,0.00,0.00,0,0,,1,0.25,12,1,0.25,48,0,0.00,8,0,0,4,85,0.00,99,0,2,0.50,35,1,30,0.25,31,0,0.00,99,0,0.00,0,0,0.00,0,0.50,36,0,0.00,12,0,0.00,0.00,0,0.00,0,0,0,0.00,0,4,0.00,49,1.00,41,N/A,N/A,N/A,N/A,0.00,0,0.00,0,0.72,0.00,0,85.62,100.00,99,27,0.75,0.75,3,17,17,0,0,0,0.50,0.50,2,77,28.18,5.75,5.75,23,0,0.00,0.00,99,0.00,0,0,0,0.00,0.00,0,0.00,0.00,0.00,0.00,0,0,100.00,99,0,0,64,49,0.91,90,0.23,0.23,0.72,70,0.18,0.18,24,2,0.50,0.50,1.00,1.00,34,4,0.18,68,88,93,75,0,46,95,0,0.00,99,12,0.00,3.00,8.75,8.75,35,22,77,51,5.50,5.50,62.86,0,0.00,99,0,0.00,0,0.00,99,0,0.00,0.00,30,8,24,12,0,0,0,0,0,93,88,68,95,0,99,38,13,13,0,0,13,71,0,0
Gastón Guruceaga Fagúndez,31,795254400,1995/03/15,Serie B,2026,Goalkeeper,Náutico,0,0,0,Uruguay,0,0,0,0,0,0,0,0,0,0,0,0,0,0,0,0,0,0,0,0,0,0,0,0,0,0,0,0,0,0,0,-1,-1,-1,-1,N/A,N/A,N/A,N/A,N/A,N/A,N/A,N/A,N/A,N/A,N/A,N/A,N/A,N/A,N/A,N/A,N/A,N/A,N/A,N/A,N/A,N/A,N/A,N/A,N/A,N/A,N/A,N/A,N/A,N/A,N/A,N/A,N/A,N/A,N/A,N/A,N/A,N/A,N/A,N/A,N/A,N/A,N/A,N/A,N/A,N/A,N/A,N/A,N/A,N/A,N/A,N/A,N/A,N/A,N/A,N/A,N/A,N/A,N/A,N/A,N/A,N/A,N/A,N/A,N/A,N/A,N/A,N/A,N/A,N/A,N/A,N/A,N/A,N/A,N/A,N/A,N/A,N/A,N/A,N/A,N/A,N/A,N/A,N/A,N/A,N/A,N/A,N/A,N/A,N/A,N/A,N/A,N/A,N/A,N/A,N/A,N/A,N/A,N/A,N/A,N/A,N/A,N/A,N/A,N/A,N/A,N/A,N/A,N/A,N/A,N/A,N/A,N/A,N/A,N/A,N/A,N/A,N/A,N/A,N/A,N/A,N/A,N/A,N/A,N/A,N/A,N/A,N/A,N/A,N/A,N/A,N/A,N/A,N/A,N/A,N/A,N/A,N/A,N/A,N/A,N/A,N/A,N/A,N/A,N/A,N/A,N/A,N/A,N/A,N/A,N/A,N/A,N/A,N/A,N/A,N/A,N/A,N/A,N/A,N/A,N/A,N/A,N/A,N/A,N/A,N/A,N/A,N/A,N/A,N/A,N/A,N/A,N/A,N/A,N/A,N/A,N/A,N/A,N/A,N/A,N/A,N/A,N/A,N/A,N/A,N/A,N/A,N/A,N/A,N/A,N/A,N/A,N/A,N/A,N/A,N/A,N/A,N/A,N/A,N/A,N/A,N/A,N/A,N/A,N/A,N/A,N/A,N/A,N/A,N/A,N/A,N/A,N/A,N/A,N/A,N/A,N/A,N/A,N/A,N/A,N/A,N/A,N/A,N/A
Gebson Gomes dos Santos,26,964594800,2000/07/26,Serie B,2026,Defender,Atlético GO,1484,760,724,Brazil,19,10,9,0,0,0,1,0,1,0,0,5,3,2,18,8,10,1,0,0.06,0.06,0,0,0,0,1.09,82,78,1484,1484,0.06,323,169,127,36,0,6.42,0.05,64,41.85,36.32,72,690,30.89,587,74,35.60,74,0.00,0.00,0.21,4,0.00,0.05,1.03,0.89,17,0.00,0.21,0.00,0.00,0.00,0.89,0.11,1.00,0.00,0.73,0.53,0.21,0.00,0.11,0.04,0.00,1.84,0.00,0.00,0,0,,12,0.63,38,2,0.12,31,10,0.61,44,1,3,16,38,0.00,99,0,17,1.03,71,1,30,0.06,17,0,0.00,99,0,0.00,0,0,0.00,0,0.24,19,4,0.24,22,2,0.12,50.00,0,0.00,0,0,0,0.00,0,19,0.00,41,1.15,54,N/A,N/A,N/A,N/A,0.00,0,0.00,0,0.76,0.00,0,85.07,16.67,30,68,0.32,0.36,6,24,63,0,0,0,0.63,0.73,12,88,122.02,5.84,6.73,111,0,0.00,0.00,99,0.00,0,0,1,0.05,0.06,0,0.00,0.00,0.00,0.00,0,0,0.00,50,78,74,51,41,1.88,49,0.10,0.11,0.76,34,0.04,0.05,15,6,0.32,0.36,1.70,1.47,71,28,0.05,33,17,97,80,0,46,84,0,0.00,99,35,0.00,2.12,7.58,6.58,125,60,31,37,3.64,3.16,48.00,4,0.24,74,0,0.00,0,0.00,99,0,0.00,0.00,30,74,62,36,0,0,0,0,0,41,51,68,64,0,99,40,96,18,1,5,19,3,0,0
Geirton Marques Aires,32,759744000,1994/01/28,Serie B,2026,Midfielder,Goiás,900,478,422,Brazil,16,8,8,2,1,1,0,0,0,0,0,5,4,1,7,0,7,0,0,0.2,0,0.2,0.19,0.21,450,0.7,129,56,0,0,0,96,386,-1,5,0,6.82,0,58,37.98,23.69,62,379,20.06,321,71,32.17,65,0.00,0.00,0.81,13,0.00,2.12,1.40,0.88,14,0.00,0.50,0.00,0.00,0.00,0.44,0.12,0.56,10.00,2.00,0.81,0.69,0.00,0.44,0.16,0.00,0.25,0.00,0.00,0,0,,20,1.25,80,7,0.70,81,13,1.30,79,2,5,11,60,0.00,99,0,7,0.70,50,34,43,3.41,78,0,0.00,99,0,0.00,0,0,0.00,0,1.30,75,11,1.10,59,2,0.20,18.18,0,0.00,0,0,0,0.00,0,9,0.00,82,0.90,30,N/A,N/A,N/A,N/A,0.00,0,0.00,0,2.63,0.00,0,84.70,35.00,67,75,0.19,0.30,3,30,18,0,0,0,0.06,0.10,1,31,109.06,0.25,0.40,4,0,0.00,0.00,99,0.00,0,0,1,0.06,0.10,0,0.00,0.00,0.10,0.06,1,0,10.00,72,45,54,69,83,1.00,43,0.06,0.10,2.63,81,0.16,0.26,18,4,0.25,0.40,1.00,0.62,34,10,0.26,80,59,9,89,0,58,17,0,0.00,99,4,0.00,0.40,6.01,3.75,60,22,9,17,2.20,1.38,36.67,8,0.80,36,0,17.65,0,0.00,99,6,0.38,0.60,70,51,77,54,0,0,0,0,0,67,82,83,77,0,99,57,13,13,0,0,13,28,0,0
Geovane Batista de Faria,37,603964800,1989/02/20,Serie B,2026,Midfielder,Atlético GO,0,0,0,Brazil,0,0,0,0,0,0,0,0,0,0,0,0,0,0,0,0,0,0,0,0,0,0,0,0,0,0,0,0,0,0,0,-1,-1,-1,-1,N/A,N/A,N/A,N/A,N/A,N/A,N/A,N/A,N/A,N/A,N/A,N/A,N/A,N/A,N/A,N/A,N/A,N/A,N/A,N/A,N/A,N/A,N/A,N/A,N/A,N/A,N/A,N/A,N/A,N/A,N/A,N/A,N/A,N/A,N/A,N/A,N/A,N/A,N/A,N/A,N/A,N/A,N/A,N/A,N/A,N/A,N/A,N/A,N/A,N/A,N/A,N/A,N/A,N/A,N/A,N/A,N/A,N/A,N/A,N/A,N/A,N/A,N/A,N/A,N/A,N/A,N/A,N/A,N/A,N/A,N/A,N/A,N/A,N/A,N/A,N/A,N/A,N/A,N/A,N/A,N/A,N/A,N/A,N/A,N/A,N/A,N/A,N/A,N/A,N/A,N/A,N/A,N/A,N/A,N/A,N/A,N/A,N/A,N/A,N/A,N/A,N/A,N/A,N/A,N/A,N/A,N/A,N/A,N/A,N/A,N/A,N/A,N/A,N/A,N/A,N/A,N/A,N/A,N/A,N/A,N/A,N/A,N/A,N/A,N/A,N/A,N/A,N/A,N/A,N/A,N/A,N/A,N/A,N/A,N/A,N/A,N/A,N/A,N/A,N/A,N/A,N/A,N/A,N/A,N/A,N/A,N/A,N/A,N/A,N/A,N/A,N/A,N/A,N/A,N/A,N/A,N/A,N/A,N/A,N/A,N/A,N/A,N/A,N/A,N/A,N/A,N/A,N/A,N/A,N/A,N/A,N/A,N/A,N/A,N/A,N/A,N/A,N/A,N/A,N/A,N/A,N/A,N/A,N/A,N/A,N/A,N/A,N/A,N/A,N/A,N/A,N/A,N/A,N/A,N/A,N/A,N/A,N/A,N/A,N/A,N/A,N/A,N/A,N/A,N/A,N/A,N/A,N/A,N/A,N/A,N/A,N/A,N/A,N/A,N/A,N/A,N/A,N/A,N/A,N/A,N/A,N/A,N/A,N/A
Geovane da Silva de Souza,27,920361600,1999/03/02,Serie B,2026,Midfielder,CRB,159,96,63,Brazil,8,5,3,0,0,0,0,0,0,0,0,5,2,3,1,1,0,0,0,0,0,0,0,0,0,0.57,159,20,0,0,0,-1,-1,-1,20,0,6.63,0,58,51.51,11.38,90,91,10.00,80,88,45.28,91,0.00,0.00,0.38,3,0.00,0.12,2.83,0.62,5,0.00,0.25,0.00,0.00,0.00,0.12,0.00,0.12,0.00,1.70,0.38,0.12,0.00,0.00,0.02,0.00,0.12,0.00,0.00,0,0,,3,0.38,72,0,0.00,20,3,1.70,91,0,8,0,98,0.00,99,0,1,0.57,40,1,99,0.57,42,0,0.00,99,0,0.00,0,0,0.00,0,1.70,87,1,0.57,33,0,0.00,0.00,0,0.00,0,0,0,0.00,0,1,0.00,91,0.57,6,N/A,N/A,N/A,N/A,0.00,0,0.00,0,0.17,0.00,0,87.91,0.00,20,99,0.00,0.00,0,17,17,0,0,0,0.12,0.57,1,81,53.02,0.25,1.13,2,0,0.00,0.00,99,0.00,0,0,0,0.00,0.00,0,0.00,0.00,0.57,0.12,1,0,0.00,50,0,12,51,92,0.30,78,0.04,0.17,0.17,52,0.02,0.10,99,8,1.00,4.53,2.83,0.62,97,5,0.10,52,31,38,75,0,93,28,0,0.00,99,1,0.00,0.57,14.15,3.12,25,14,97,93,7.92,1.75,56.00,2,1.13,21,0,100.00,0,0.00,99,1,0.12,0.57,68,0,90,12,0,0,0,0,0,37,51,68,64,0,99,95,13,13,0,0,13,18,0,0
Geovany dos Santos Soares,26,964767600,2000/07/28,Serie B,2026,Forward,Atlético GO,1617,915,702,Brazil,22,12,10,2,1,1,4,2,2,0,0,7,4,3,18,10,8,1,0,0.33,0.22,0.11,0.1,0.13,809,1,90,74,1617,404,0.06,161,45,-1,4,0,7.02,0.18,92,23.93,19.55,24,430,15.95,351,50,19.54,30,0.00,0.00,1.32,29,0.00,2.41,0.50,0.41,9,0.00,0.50,0.00,0.00,0.00,0.45,1.09,0.82,21.50,2.39,1.05,2.14,0.00,0.91,0.22,0.00,0.14,0.00,0.00,0,0,,43,1.95,88,20,1.11,93,23,1.28,78,5,1,21,14,0.00,99,0,10,0.56,39,53,51,2.95,73,0,0.00,99,0,0.00,0,0,0.00,0,1.61,84,47,2.62,90,24,1.34,51.06,0,0.00,0,0,0,0.00,0,18,0.00,49,1.00,41,N/A,N/A,N/A,N/A,0.00,0,0.00,0,4.84,0.00,0,81.63,46.51,86,76,0.23,0.28,5,90,63,0,0,0,0.00,0.00,0,22,154.49,0.45,0.56,10,0,0.00,0.00,99,0.00,0,0,0,0.00,0.00,0,0.00,0.00,0.17,0.14,3,0,4.65,54,84,95,85,49,4.18,90,0.19,0.23,4.84,83,0.22,0.27,66,27,1.23,1.50,0.33,0.27,9,6,0.27,82,86,16,75,0,70,6,0,0.00,99,3,0.00,0.17,6.18,5.05,111,63,29,19,3.51,2.86,56.76,11,0.61,50,0,20.75,0,0.00,99,11,0.50,0.61,70,94,41,91,0,0,0,0,0,81,66,74,68,0,99,60,98,18,1,5,19,20,0,0
Geremias Ribeiro Junior,32,755769600,1993/12/13,Serie B,2026,Forward,Náutico,517,177,340,Brazil,11,4,7,2,1,1,1,0,1,0,0,4,3,1,8,1,7,1,0,0.52,0.17,0.35,0.51,0.26,259,1.39,65,47,517,517,0.17,26,69,-1,4,0,6.92,0.09,86,33.08,17.27,49,190,14.45,159,63,27.68,52,0.00,0.00,0.82,9,0.00,0.55,1.74,0.91,10,0.00,0.82,0.00,0.00,0.00,0.36,0.91,0.82,6.00,2.09,0.82,1.64,0.00,0.27,0.18,0.00,0.82,0.00,0.00,0,0,,12,1.09,83,3,0.52,73,9,1.57,87,3,5,6,74,0.00,99,0,4,0.70,50,6,42,1.04,52,0,0.00,99,0,0.00,0,0,0.00,0,1.57,83,18,3.13,94,10,1.74,55.56,0,0.00,0,0,0,0.00,0,9,0.00,17,1.57,78,N/A,N/A,N/A,N/A,0.00,0,0.00,0,2.00,0.00,0,83.68,25.00,46,20,0.45,0.87,5,97,71,0,0,0,0.00,0.00,0,22,76.16,0.27,0.52,3,0,0.00,0.00,99,0.00,0,0,0,0.00,0.00,0,0.00,0.00,0.52,0.27,3,1,16.67,89,15,24,56,19,1.23,88,0.11,0.21,2.00,92,0.18,0.35,78,11,1.00,1.91,1.39,0.73,54,8,0.35,90,77,14,75,0,91,69,0,0.00,99,9,0.00,1.57,13.23,6.91,76,38,90,90,6.62,3.45,50.00,9,1.57,8,0,16.67,0,0.00,99,1,0.09,0.17,48,23,77,71,0,0,0,0,0,95,95,88,96,0,99,68,71,41,1,9,33,29,0,0
Gian Franco Cabezas Rodríguez,23,1041408000,2003/01/01,Serie B,2026,Midfielder,Athletic Club,883,457,426,Colombia,18,10,8,0,0,0,0,0,0,0,0,4,3,1,11,5,6,2,0,0,0,0,0,0,0,1.12,80,49,442,0,0.2,417,408,-1,33,0,6.13,0,58,36.65,20.00,58,360,17.00,306,73,31.15,61,0.00,0.00,0.28,5,0.00,0.72,1.12,0.61,11,0.00,0.67,0.00,0.00,0.00,0.61,0.22,0.72,0.00,0.92,0.39,0.44,0.00,0.11,0.03,0.00,0.17,0.00,0.00,0,0,,9,0.50,46,2,0.20,42,7,0.71,51,3,8,10,44,0.00,99,0,11,1.12,79,13,30,1.32,56,0,0.00,99,0,0.00,0,0,0.00,0,0.51,37,8,0.81,46,4,0.41,50.00,0,0.00,0,0,0,0.00,0,13,0.00,38,1.32,67,N/A,N/A,N/A,N/A,0.00,0,0.00,0,0.55,0.00,0,85.00,22.22,40,62,0.22,0.41,4,47,63,0,0,0,0.11,0.20,2,46,110.32,1.28,2.34,23,2,0.00,0.20,1,0.11,0,0,0,0.00,0.00,0,0.00,0.00,0.00,0.00,0,0,0.00,50,44,68,51,38,0.98,43,0.05,0.10,0.55,38,0.03,0.06,19,4,0.22,0.41,1.73,0.94,75,17,0.06,37,10,67,75,0,46,13,0,0.00,99,3,0.00,0.31,6.41,3.50,63,23,10,22,2.34,1.28,36.51,12,1.22,16,0,0.00,0,0.00,99,0,0.00,0.00,30,47,90,71,0,0,0,0,0,37,51,68,64,0,99,30,65,49,2,11,41,8,0,0
Gilberto Oliveira Souza Junior,37,613033200,1989/06/05,Serie B,2026,Forward,Londrina,329,134,195,Brazil,12,5,7,1,1,0,0,0,0,0,0,4,4,0,4,3,1,2,0,0.27,0,0.27,0.67,0,329,1.09,82,27,165,0,0.55,58,194,-1,13,0,6.64,0,58,19.42,5.92,14,71,4.50,54,25,14.77,17,0.00,0.00,0.17,2,0.00,0.50,1.09,0.33,4,0.00,0.17,0.00,0.00,0.00,0.08,0.08,0.33,14.00,3.83,1.00,0.17,0.00,0.17,0.11,0.00,0.50,0.00,0.00,0,0,,14,1.17,99,2,0.55,74,12,3.28,99,3,10,2,42,0.00,99,0,1,0.27,20,6,30,1.64,61,0,0.00,99,0,0.00,0,0,0.00,0,0.55,39,2,0.55,33,1,0.27,50.00,0,0.00,0,0,0,0.00,0,4,0.00,41,1.09,48,N/A,N/A,N/A,N/A,0.00,0,0.00,0,1.38,0.00,0,76.06,14.29,26,99,0.00,0.00,0,35,63,0,0,0,0.00,0.00,0,22,79.73,0.08,0.27,1,0,0.00,0.00,99,0.00,0,0,0,0.00,0.00,0,0.00,0.00,1.37,0.42,5,0,7.14,61,0,31,62,41,0.19,11,0.02,0.05,1.38,93,0.11,0.38,59,5,0.42,1.37,2.74,0.83,96,10,0.38,92,33,4,75,0,99,72,0,0.00,99,6,0.00,1.64,11.22,3.42,41,15,43,78,4.10,1.25,36.59,2,0.55,53,0,0.00,0,0.00,99,0,0.00,0.00,30,1,95,71,0,0,0,0,0,75,89,68,98,0,99,64,19,94,2,17,62,10,0,0
Giovanni Fernando Confreste Pavani,29,848563200,1996/11/21,Serie B,2026,Midfielder,Ceará,296,186,110,Brazil,5,3,2,0,0,0,1,1,0,0,0,1,1,0,5,2,3,0,0,0.3,0.3,0,0,0,0,1.52,59,59,0,296,0,239,18,-1,23,0,6.77,0.2,96,51.39,33.80,90,169,28.40,142,65,43.18,88,0.00,0.00,0.40,2,0.00,0.60,1.52,1.00,5,0.00,0.40,0.00,0.00,0.00,1.00,0.60,1.00,0.00,2.13,1.20,1.00,0.00,0.20,0.07,0.00,0.60,0.00,0.00,0,0,,7,1.40,84,1,0.30,52,6,1.82,93,2,1,4,66,0.00,99,0,5,1.52,92,3,30,0.91,50,0,0.00,99,0,0.00,0,0,0.00,0,0.61,42,5,1.52,72,3,0.91,60.00,0,0.00,0,0,0,0.00,0,5,0.00,13,1.52,77,N/A,N/A,N/A,N/A,0.00,0,0.00,0,0.37,0.00,0,84.02,14.29,26,2,1.00,1.52,5,79,77,0,0,0,0.00,0.00,0,22,33.84,0.40,0.61,2,0,0.00,0.00,99,0.00,0,0,0,0.00,0.00,0,0.00,0.00,0.00,0.00,0,0,0.00,50,0,2,51,14,0.95,96,0.19,0.29,0.37,56,0.07,0.11,67,5,1.00,1.52,1.82,1.20,78,6,0.11,55,50,18,75,0,46,47,0,0.00,99,3,0.00,0.91,10.95,7.20,36,16,62,76,4.86,3.20,44.44,2,0.61,50,0,0.00,0,0.00,99,0,0.00,0.00,30,8,41,54,0,0,0,0,0,80,51,68,64,0,99,26,13,13,0,0,13,21,0,0
Giulio Gabriel da Silva,21,1115708400,2005/05/10,Serie B,2026,Forward,Ceará,548,280,268,Brazil,12,6,6,1,1,0,2,0,2,0,0,4,2,2,6,3,3,0,0,0.49,0.33,0.16,0.32,0,548,0.99,91,46,0,274,0,119,12,-1,9,0,6.70,0.17,97,18.39,9.33,13,112,7.08,85,25,13.96,14,0.00,0.00,0.58,7,0.00,0.17,1.15,0.58,7,0.00,0.42,0.00,0.00,0.00,0.08,1.42,0.50,11.00,1.81,0.75,3.00,0.00,0.17,0.11,0.00,0.50,0.00,0.00,0,0,,11,0.92,75,2,0.33,57,9,1.48,86,5,7,5,45,0.00,99,0,1,0.16,13,2,30,0.33,34,0,0.00,99,0,0.00,0,0,0.00,0,1.15,69,36,5.91,99,17,2.79,47.22,0,0.00,0,0,0,0.00,0,6,0.00,50,0.99,40,N/A,N/A,N/A,N/A,0.00,0,0.00,0,1.30,0.00,0,75.89,18.18,32,23,0.42,0.82,5,99,50,0,0,0,0.00,0.00,0,22,80.45,0.17,0.33,2,0,0.00,0.00,99,0.00,0,0,1,0.08,0.16,0,0.00,0.00,0.82,0.42,5,0,9.09,68,17,31,75,51,1.65,95,0.14,0.27,1.30,74,0.11,0.21,96,19,1.58,3.12,1.48,0.75,60,9,0.21,72,41,7,95,0,97,52,0,0.00,99,6,0.00,0.99,15.93,8.08,97,49,98,97,8.05,4.08,50.52,5,0.82,34,0,0.00,0,0.00,99,0,0.00,0.00,30,16,85,91,0,0,0,0,0,93,76,68,87,0,99,64,13,13,0,0,13,35,0,0
Glauco Tadeu Passos Chaves,31,792489600,1995/02/11,Serie B,2026,Goalkeeper,Athletic Club,90,90,0,Brazil,1,1,0,0,0,0,0,0,0,0,0,0,0,0,1,1,0,1,0,0,0,0,0,0,0,1,90,90,90,0,1,-1,-1,-1,26,0,13.10,0,58,20.00,20.00,15,20,13.00,13,5,13.00,11,0.00,0.00,0.00,0,0.00,0.00,0.00,0.00,0,0.00,0.00,0.00,0.00,2.00,0.00,0.00,3.00,0.00,0.00,0.00,0.00,0.00,0.00,0.00,0.00,0.00,0.00,0.00,0,0,,0,0.00,8,0,0.00,20,0,0.00,8,0,0,1,6,0.00,99,0,0,0.00,9,0,30,0.00,15,0,0.00,99,0,0.00,0,0,0.00,0,0.00,7,0,0.00,12,0,0.00,0.00,0,0.00,0,2,10,2.00,10,3,0.00,49,3.00,94,N/A,N/A,N/A,N/A,66.67,0,0.00,0,0.00,0.00,0,65.00,0.00,20,99,0.00,0.00,0,17,17,0,0,1,0.00,0.00,0,22,13.10,0.00,0.00,0,0,0.00,0.00,99,0.00,0,0,0,0.00,0.00,0,0.00,0.00,0.00,0.00,0,0,0.00,50,0,0,51,49,0.03,4,0.03,0.03,0.00,9,0.00,0.00,2,0,0.00,0.00,0.00,0.00,6,0,0.00,8,99,1,75,0,46,2,0,0.00,99,0,0.00,0.00,0.00,0.00,0,0,0,0,0.00,0.00,0.00,0,0.00,99,0,0.00,0,0.00,99,0,0.00,0.00,30,0,24,12,0,0,0,0,0,37,51,68,64,0,99,2,13,99,0,0,13,1,0,0
Gonzalo Mathías Mastriani Borges,33,735980400,1993/04/28,Serie B,2026,Forward,América Mineiro,1267,660,607,Uruguay,21,11,10,4,2,2,1,1,0,0,0,3,2,1,21,11,10,1,0,0.36,0.07,0.28,0.27,0.3,317,1.49,60,60,1267,1267,0.07,53,155,-1,1,0,6.46,0.05,67,13.13,8.81,3,185,6.19,130,10,9.23,4,0.00,0.00,0.38,8,0.00,0.48,0.57,0.38,8,0.00,0.71,0.00,0.00,0.00,0.19,0.10,1.14,7.75,2.20,0.67,0.38,0.00,0.81,0.25,0.00,1.00,0.00,0.00,0,0,,31,1.48,85,17,1.21,94,14,0.99,66,2,7,14,15,0.00,99,0,4,0.28,20,10,51,0.71,45,0,0.00,99,0,0.00,0,0,0.00,0,0.57,39,8,0.57,33,2,0.14,25.00,0,0.00,0,0,0,0.00,0,24,0.00,13,1.70,82,N/A,N/A,N/A,N/A,0.00,0,0.00,0,5.33,0.00,0,70.27,54.84,94,70,0.24,0.35,5,25,21,0,0,0,0.10,0.14,2,38,135.62,0.67,0.99,14,0,0.00,0.00,99,0.00,0,0,0,0.00,0.00,0,0.00,0.00,0.35,0.24,5,0,12.90,81,66,88,61,14,1.17,27,0.06,0.08,5.33,93,0.25,0.38,69,22,1.05,1.56,0.71,0.48,18,10,0.38,92,18,31,75,0,85,66,0,0.00,99,21,0.00,1.49,8.45,5.67,119,53,34,48,3.76,2.52,44.54,15,1.06,23,0,20.00,0,0.00,99,2,0.10,0.14,44,62,85,54,0,0,0,0,0,83,90,90,83,0,99,14,93,21,1,5,19,17,0,0
Guilherme,35,674809200,1991/05/21,Serie B,2026,Midfielder,Atlético GO,864,415,449,Brazil,16,9,7,2,2,0,3,2,1,0,0,3,2,1,15,7,8,4,0,0.52,0.31,0.21,0.43,0,432,1.56,58,54,216,288,0.42,89,17,-1,5,0,6.87,0.19,97,36.56,21.94,58,351,17.12,274,32,28.54,55,0.00,0.00,1.38,22,0.00,4.81,1.67,1.00,16,0.00,0.69,0.00,0.00,0.00,0.19,0.38,1.00,8.00,1.67,0.62,0.75,0.00,0.38,0.16,0.00,0.31,0.00,0.00,0,0,,16,1.00,71,6,0.62,77,10,1.04,69,1,8,8,71,0.00,99,0,3,0.31,23,77,71,8.02,98,0,0.00,99,0,0.00,0,0,0.00,0,2.29,96,12,1.25,65,6,0.62,50.00,0,0.00,0,0,0,0.00,0,16,0.00,11,1.67,81,N/A,N/A,N/A,N/A,0.00,0,0.00,0,2.50,0.00,0,78.06,37.50,73,49,0.31,0.52,5,65,63,1,0,0,0.06,0.10,1,31,109.95,0.31,0.52,5,0,0.00,0.00,99,0.00,0,1,0,0.00,0.00,0,0.00,0.00,0.42,0.25,4,0,12.50,80,43,54,68,12,3.16,97,0.20,0.33,1.80,72,0.11,0.19,64,14,0.88,1.46,2.60,1.56,95,25,0.26,80,68,14,75,0,88,23,0,0.00,99,5,0.00,0.52,10.10,6.06,97,41,50,69,4.27,2.56,42.27,11,1.15,20,0,27.27,0,0.00,99,21,1.31,2.19,98,37,90,36,0,0,0,0,0,95,83,68,93,0,99,22,28,86,4,25,81,10,0,0
Guilherme Aquino Vargas dos Santos,22,1073980800,2004/01/13,Serie B,2026,Defender,Avaí,544,372,172,Brazil,8,6,2,0,0,0,0,0,0,0,0,4,4,0,8,4,4,2,0,0,0,0,0,0,0,1.32,68,68,272,0,0.33,452,447,159,33,0,6.64,0,58,43.51,32.88,79,263,26.62,213,46,35.24,72,0.00,0.00,0.25,2,0.00,0.00,0.99,0.75,6,0.00,0.00,0.00,0.00,0.00,1.00,0.00,1.12,0.00,0.66,0.25,0.00,0.00,0.25,0.04,0.00,2.75,0.00,0.00,0,0,,4,0.50,34,2,0.33,57,2,0.33,27,1,3,5,36,0.00,99,0,8,1.32,89,0,30,0.00,15,0,0.00,99,0,0.00,0,0,0.00,0,0.33,23,0,0.00,12,0,0.00,0.00,0,0.00,0,0,0,0.00,0,9,0.00,21,1.49,76,N/A,N/A,N/A,N/A,0.00,0,0.00,0,0.33,0.00,0,80.99,50.00,92,35,0.50,0.66,4,17,17,0,0,0,1.00,1.32,8,99,53.14,3.25,4.30,26,0,0.00,0.00,99,0.00,0,0,0,0.00,0.00,0,0.00,0.00,0.17,0.12,1,0,0.00,50,16,12,51,22,0.62,43,0.08,0.10,0.33,34,0.04,0.05,12,2,0.25,0.33,1.82,1.38,78,11,0.05,33,33,84,75,0,70,98,0,0.00,99,22,0.00,3.64,9.10,6.88,55,30,65,56,4.96,3.75,54.55,0,0.00,99,0,0.00,0,0.00,99,0,0.00,0.00,30,16,62,36,0,0,0,0,0,37,51,68,64,0,99,92,41,73,2,25,81,15,0,0
Guilherme Augusto Alves Dellatorre,34,704703600,1992/05/01,Serie B,2026,Forward,Vila Nova,903,400,503,Brazil,16,8,8,2,2,0,1,1,0,0,0,3,2,1,9,3,6,1,1,0.3,0.1,0.2,0.45,0,452,0.9,100,56,452,903,0.2,93,125,-1,8,0,5.87,0.06,72,13.75,8.62,4,138,5.75,92,6,9.17,3,0.00,0.00,0.50,8,0.00,0.12,0.30,0.19,3,0.00,0.81,0.00,0.00,0.00,0.06,0.31,0.75,10.50,2.09,0.94,0.50,0.00,0.38,0.17,0.00,1.25,0.00,0.00,0,0,,21,1.31,83,6,0.60,76,15,1.50,86,3,7,9,9,0.00,99,0,1,0.10,11,2,30,0.20,28,0,0.00,99,0,0.00,0,0,0.00,0,0.80,50,8,0.80,45,5,0.50,62.50,0,0.00,0,0,0,0.00,0,12,0.00,60,1.20,58,N/A,N/A,N/A,N/A,0.00,0,0.00,0,2.77,0.00,0,66.67,28.57,51,84,0.12,0.20,2,58,78,0,0,0,0.00,0.00,0,22,93.97,0.50,0.80,8,0,0.00,0.00,99,0.00,0,0,0,0.00,0.00,0,0.00,0.00,0.90,0.56,9,0,9.52,70,45,54,70,61,1.06,49,0.07,0.11,2.77,84,0.17,0.28,38,9,0.56,0.90,0.20,0.12,8,2,0.28,82,3,25,75,0,98,82,0,0.00,99,20,0.00,1.99,8.17,5.12,82,36,31,43,3.59,2.25,43.90,13,1.30,14,0,0.00,0,0.00,99,0,0.00,0.00,30,42,85,71,0,0,0,0,0,80,82,68,95,0,99,22,66,49,0,0,13,49,0,0
Guilherme Baldória de Camargo,21,1114066800,2005/04/21,Serie B,2026,Midfielder,Goiás,561,226,335,Brazil,12,6,6,0,0,0,0,0,0,0,0,5,3,2,8,3,5,2,0,0,0,0,0,0,0,1.28,70,47,281,0,0.32,393,381,-1,15,0,6.71,0,58,31.17,16.33,43,196,13.67,164,63,26.08,48,0.00,0.00,0.17,2,0.00,0.00,2.39,1.25,15,0.00,0.00,0.00,0.00,0.00,1.08,0.25,0.83,0.00,0.32,0.08,0.33,0.00,0.08,0.02,0.00,0.50,0.00,0.00,0,0,,2,0.17,17,1,0.16,35,1,0.16,12,1,6,6,93,0.00,99,0,13,2.07,99,0,30,0.00,15,0,0.00,99,0,0.00,0,0,0.00,0,0.32,21,4,0.64,38,3,0.48,75.00,0,0.00,0,0,0,0.00,0,10,0.00,24,1.59,79,N/A,N/A,N/A,N/A,0.00,0,0.00,0,0.20,0.00,0,83.67,50.00,92,53,0.25,0.48,3,56,90,0,0,0,0.42,0.80,5,92,80.48,1.08,2.07,13,0,0.00,0.00,99,0.00,0,0,0,0.00,0.00,0,0.00,0.00,0.00,0.00,0,0,0.00,50,18,31,51,25,0.41,20,0.03,0.07,0.20,24,0.02,0.03,40,6,0.50,0.95,1.27,0.67,48,8,0.03,24,42,61,75,0,46,49,0,0.00,99,6,0.00,0.95,7.31,3.83,46,29,57,33,4.61,2.42,63.04,0,0.00,99,0,0.00,0,0.00,99,0,0.00,0.00,30,23,81,36,0,0,0,0,0,37,51,68,64,0,99,81,42,70,2,17,62,55,0,0
Guilherme Brandão Azevedo,22,1088146800,2004/06/25,Serie B,2026,Forward,Ponte Preta,895,365,530,Brazil,16,7,9,3,1,2,1,0,1,0,0,1,1,0,18,3,15,2,1,0.4,0.1,0.3,0.25,0.34,298,1.81,50,56,448,895,0.2,45,129,-1,1,0,6.66,0.06,72,11.46,7.19,2,115,4.81,77,6,7.67,1,0.00,0.00,0.50,8,0.00,0.25,0.30,0.19,3,0.00,0.69,0.00,0.00,0.00,0.00,0.00,1.19,6.67,1.99,0.88,0.38,0.00,0.38,0.20,0.00,1.44,0.00,0.00,0,0,,20,1.25,80,6,0.60,76,14,1.40,82,3,7,9,9,0.00,99,0,0,0.00,9,4,30,0.40,37,0,0.00,99,0,0.00,0,0,0.00,0,0.80,50,6,0.60,35,0,0.00,0.00,0,0.00,0,0,0,0.00,0,19,0.00,6,1.89,85,N/A,N/A,N/A,N/A,0.00,0,0.00,0,3.22,0.00,0,66.96,30.00,53,90,0.06,0.10,1,17,17,0,0,0,0.06,0.10,1,31,106.54,0.50,0.80,8,0,0.00,0.00,99,0.00,0,0,0,0.00,0.00,0,0.00,0.00,1.00,0.62,10,0,15.00,85,45,54,59,7,1.05,43,0.07,0.10,3.22,89,0.20,0.32,78,19,1.19,1.89,2.59,1.62,94,26,0.32,87,35,25,75,0,99,86,0,0.00,99,23,0.00,2.29,15.15,9.50,152,40,40,95,3.99,2.50,26.32,11,1.10,21,0,0.00,0,0.00,99,0,0.00,0.00,30,42,85,71,0,1,0,6,0,87,92,91,81,0,99,3,66,49,1,6,24,99,0,0
Guilherme de Almeida Mansano,19,1172736000,2007/03/01,Serie B,2026,Forward,Cuiabá,0,0,0,Brazil,0,0,0,0,0,0,0,0,0,0,0,0,0,0,0,0,0,0,0,0,0,0,0,0,0,0,0,0,0,0,0,-1,-1,-1,-1,N/A,N/A,N/A,N/A,N/A,N/A,N/A,N/A,N/A,N/A,N/A,N/A,N/A,N/A,N/A,N/A,N/A,N/A,N/A,N/A,N/A,N/A,N/A,N/A,N/A,N/A,N/A,N/A,N/A,N/A,N/A,N/A,N/A,N/A,N/A,N/A,N/A,N/A,N/A,N/A,N/A,N/A,N/A,N/A,N/A,N/A,N/A,N/A,N/A,N/A,N/A,N/A,N/A,N/A,N/A,N/A,N/A,N/A,N/A,N/A,N/A,N/A,N/A,N/A,N/A,N/A,N/A,N/A,N/A,N/A,N/A,N/A,N/A,N/A,N/A,N/A,N/A,N/A,N/A,N/A,N/A,N/A,N/A,N/A,N/A,N/A,N/A,N/A,N/A,N/A,N/A,N/A,N/A,N/A,N/A,N/A,N/A,N/A,N/A,N/A,N/A,N/A,N/A,N/A,N/A,N/A,N/A,N/A,N/A,N/A,N/A,N/A,N/A,N/A,N/A,N/A,N/A,N/A,N/A,N/A,N/A,N/A,N/A,N/A,N/A,N/A,N/A,N/A,N/A,N/A,N/A,N/A,N/A,N/A,N/A,N/A,N/A,N/A,N/A,N/A,N/A,N/A,N/A,N/A,N/A,N/A,N/A,N/A,N/A,N/A,N/A,N/A,N/A,N/A,N/A,N/A,N/A,N/A,N/A,N/A,N/A,N/A,N/A,N/A,N/A,N/A,N/A,N/A,N/A,N/A,N/A,N/A,N/A,N/A,N/A,N/A,N/A,N/A,N/A,N/A,N/A,N/A,N/A,N/A,N/A,N/A,N/A,N/A,N/A,N/A,N/A,N/A,N/A,N/A,N/A,N/A,N/A,N/A,N/A,N/A,N/A,N/A,N/A,N/A,N/A,N/A,N/A,N/A,N/A,N/A,N/A,N/A,N/A,N/A,N/A,N/A,N/A,N/A,N/A,N/A,N/A,N/A,N/A,N/A
Guilherme de Queiroz Gonçalves,36,643446000,1990/05/23,Serie B,2026,Forward,Botafogo SP,277,110,167,Brazil,9,4,5,0,0,0,0,0,0,0,0,1,0,1,4,2,2,0,0,0,0,0,0,0,0,1.3,69,31,0,0,0,253,267,-1,13,0,5.03,0,58,13.00,4.44,3,40,3.00,27,7,8.77,2,0.00,0.00,0.00,0,0.00,0.00,0.65,0.22,2,0.00,0.22,0.00,0.00,0.00,0.00,0.22,0.56,0.00,0.97,0.22,0.44,0.00,0.11,0.02,0.00,0.78,0.00,0.00,0,0,,3,0.33,49,1,0.32,55,2,0.65,46,2,8,1,19,0.00,99,0,0,0.00,9,0,30,0.00,15,0,0.00,99,0,0.00,0,0,0.00,0,0.00,7,4,1.30,67,2,0.65,50.00,0,0.00,0,0,0,0.00,0,5,0.00,22,1.62,80,N/A,N/A,N/A,N/A,0.00,0,0.00,0,0.19,0.00,0,67.50,33.33,66,16,0.33,0.97,3,65,63,0,0,0,0.11,0.32,1,63,45.29,0.33,0.97,3,0,0.00,0.00,99,0.00,0,0,0,0.00,0.00,0,0.00,0.00,0.00,0.00,0,0,0.00,50,0,15,51,23,0.06,1,0.01,0.02,0.19,38,0.02,0.06,57,4,0.44,1.30,1.30,0.44,50,4,0.06,37,1,29,75,0,46,86,0,0.00,99,7,0.00,2.27,12.02,4.11,37,15,62,83,4.87,1.67,40.54,2,0.65,48,0,0.00,0,0.00,99,0,0.00,0.00,30,0,90,54,0,0,0,0,0,37,51,68,64,0,99,8,13,13,0,0,13,17,0,0
Guilherme Estrella de Paiva,21,1114153200,2005/04/22,Serie B,2026,Midfielder,CRB,153,54,99,Brazil,6,2,4,0,0,0,1,0,1,0,0,0,0,0,3,1,2,2,0,0.59,0.59,0,0,0,0,1.76,51,26,77,153,1.18,-1,-1,-1,24,0,6.54,0.17,99,37.65,10.67,61,64,8.33,50,33,29.41,56,0.00,0.00,0.17,1,0.00,0.17,2.94,0.83,5,0.00,0.00,0.00,0.00,0.00,0.17,0.33,0.67,0.00,1.18,0.33,0.83,0.00,0.00,0.01,0.00,0.33,0.00,0.00,0,0,,2,0.33,58,0,0.00,20,2,1.18,73,0,6,0,98,0.00,99,0,1,0.59,40,1,30,0.59,42,0,0.00,99,0,0.00,0,0,0.00,0,0.59,42,5,2.94,93,2,1.18,40.00,0,0.00,0,0,0,0.00,0,4,0.00,7,2.35,92,N/A,N/A,N/A,N/A,0.00,0,0.00,0,0.08,0.00,0,78.12,0.00,20,8,0.33,1.18,2,87,38,0,0,0,0.17,0.59,1,82,39.24,0.33,1.18,2,0,0.00,0.00,99,0.00,0,0,0,0.00,0.00,0,0.00,0.00,0.00,0.00,0,0,0.00,50,0,3,51,8,0.71,99,0.12,0.42,0.08,34,0.01,0.05,52,2,0.33,1.18,1.18,0.33,41,2,0.05,33,22,39,75,0,46,58,0,0.00,99,2,0.00,1.18,11.76,3.33,20,9,75,81,5.29,1.50,45.00,0,0.00,99,0,0.00,0,0.00,99,0,0.00,0.00,30,0,81,12,0,0,0,0,0,97,51,68,64,0,99,2,13,99,2,33,94,14,0,0
Guilherme Henrique de Oliveira Morais,19,1167120000,2006/12/26,Serie B,2026,Forward,Atlético GO,18,0,18,Brazil,1,0,1,0,0,0,0,0,0,0,0,0,0,0,0,0,0,0,0,0,0,0,0,0,0,0,0,18,0,0,0,-1,-1,-1,26,0,6.42,0,58,60.00,12.00,98,12,10.00,10,62,50.00,96,0.00,0.00,1.00,1,0.00,0.00,0.00,0.00,0,0.00,0.00,0.00,0.00,0.00,0.00,0.00,0.00,0.00,0.00,0.00,1.00,0.00,0.00,0.00,0.00,0.00,0.00,0.00,0,0,,0,0.00,8,0,0.00,20,0,0.00,8,0,1,0,6,0.00,99,0,0,0.00,9,0,30,0.00,15,0,0.00,99,0,0.00,0,0,0.00,0,5.00,99,1,5.00,98,0,0.00,0.00,0,0.00,0,0,0,0.00,0,0,0.00,99,0.00,0,N/A,N/A,N/A,N/A,0.00,0,0.00,0,0.00,0.00,0,83.33,0.00,20,0,1.00,5.00,1,17,17,0,0,0,0.00,0.00,0,22,6.42,0.00,0.00,0,0,0.00,0.00,99,0.00,0,0,0,0.00,0.00,0,0.00,0.00,0.00,0.00,0,0,0.00,50,0,0,51,0,0.06,96,0.06,0.30,0.00,9,0.00,0.00,2,0,0.00,0.00,0.00,0.00,6,0,0.00,8,17,1,75,0,46,2,0,0.00,99,0,0.00,0.00,10.00,2.00,2,0,0,67,0.00,0.00,0.00,0,0.00,99,0,0.00,0,0.00,99,0,0.00,0.00,30,0,41,12,0,0,0,0,0,37,51,68,64,0,99,2,13,13,0,0,13,18,0,0
Guilherme Kauan Lucio Ferreira,20,1140076800,2006/02/16,Serie B,2026,Forward,CRB,14,0,14,Brazil,1,0,1,0,0,0,0,0,0,0,0,0,0,0,0,0,0,0,0,0,0,0,0,0,0,0,0,14,0,0,0,-1,-1,-1,17,0,0.00,0,58,0.00,0.00,0,0,0.00,0,0,0.00,0,0.00,0.00,0.00,0,0.00,0.00,0.00,0.00,0,0.00,0.00,0.00,0.00,0.00,0.00,0.00,0.00,0.00,0.00,0.00,0.00,0.00,0.00,0.00,0.00,0.00,0.00,0.00,0,0,,0,0.00,8,0,0.00,20,0,0.00,8,0,1,0,6,0.00,99,0,0,0.00,9,0,30,0.00,15,0,0.00,99,0,0.00,0,0,0.00,0,0.00,7,0,0.00,12,0,0.00,0.00,0,0.00,0,0,0,0.00,0,0,0.00,99,0.00,0,N/A,N/A,N/A,N/A,0.00,0,0.00,0,0.00,0.00,0,0.00,0.00,20,99,0.00,0.00,0,17,17,0,0,0,0.00,0.00,0,22,0.00,0.00,0.00,0,0,0.00,0.00,99,0.00,0,0,0,0.00,0.00,0,0.00,0.00,0.00,0.00,0,0,0.00,50,0,0,51,0,0.00,0,0.00,0.00,0.00,9,0.00,0.00,2,0,0.00,0.00,0.00,0.00,6,0,0.00,8,0,1,75,0,46,2,0,0.00,99,0,0.00,0.00,0.00,0.00,0,0,0,0,0.00,0.00,0.00,0,0.00,99,0,0.00,0,0.00,99,0,0.00,0.00,30,0,41,12,0,0,0,0,0,37,51,68,64,0,99,2,13,13,0,0,13,16,0,0
Guilherme Lopes da Silva,24,1013673600,2002/02/14,Serie B,2026,Defender,Atlético GO,1791,946,845,Brazil,21,11,10,1,1,0,1,0,1,0,0,7,4,3,18,10,8,7,0,0.1,0.05,0.05,0.1,0,1791,0.9,100,85,256,1791,0.35,212,177,87,7,0,6.80,0.05,60,33.17,31.43,49,660,25.43,534,46,26.83,50,0.00,0.00,1.00,21,0.00,4.52,1.36,1.29,27,0.00,0.67,0.00,0.00,0.00,1.19,0.95,0.90,9.00,0.45,0.24,1.90,0.00,0.19,0.06,0.00,0.62,0.00,0.00,0,0,,9,0.43,23,4,0.20,42,5,0.25,20,1,0,21,58,0.00,99,0,25,1.26,86,95,66,4.77,91,0,0.00,99,0,0.00,0,0,0.00,0,1.06,66,40,2.01,80,20,1.01,50.00,0,0.00,0,0,0,0.00,0,19,0.00,60,0.95,35,N/A,N/A,N/A,N/A,0.00,0,0.00,0,1.30,0.00,0,80.91,44.44,85,7,1.19,1.26,25,83,63,0,0,0,0.33,0.35,7,65,142.84,2.81,2.96,59,0,0.00,0.00,99,0.00,0,0,0,0.00,0.00,0,0.00,0.00,0.05,0.05,1,0,11.11,77,91,88,99,61,3.25,74,0.15,0.16,1.30,42,0.06,0.07,29,13,0.62,0.65,1.66,1.57,69,33,0.07,41,55,75,75,0,49,32,0,0.00,99,13,0.00,0.65,9.05,8.57,180,73,32,56,3.67,3.48,40.56,14,0.70,44,0,25.26,0,0.00,99,24,1.14,1.21,89,94,24,36,0,0,0,0,0,49,53,68,68,0,99,64,37,76,7,33,94,6,0,0
Guilherme Maciel Dantas,28,900572400,1998/07/16,Serie B,2026,Midfielder,Londrina,100,7,93,Brazil,4,1,3,0,0,0,0,0,0,0,0,1,1,0,1,0,1,1,0,0,0,0,0,0,0,0.9,100,25,100,0,0.9,-1,-1,-1,36,0,6.68,0,58,67.50,18.75,99,75,17.00,68,97,61.20,99,0.00,0.00,0.75,3,0.00,0.50,0.00,0.00,0,0.00,0.50,0.00,0.00,0.00,0.00,1.00,0.25,0.00,0.90,0.25,1.25,0.00,0.00,0.01,0.00,0.50,0.00,0.00,0,0,,1,0.25,44,0,0.00,20,1,0.90,59,0,4,0,6,0.00,99,0,0,0.00,9,2,30,1.80,63,0,0.00,99,0,0.00,0,0,0.00,0,2.70,98,5,4.50,98,4,3.60,80.00,0,0.00,0,0,0,0.00,0,1,0.00,60,0.90,30,N/A,N/A,N/A,N/A,0.00,0,0.00,0,0.05,0.00,0,90.67,0.00,20,99,0.00,0.00,0,99,91,0,0,0,0.00,0.00,0,22,26.71,0.25,0.90,1,0,0.00,0.00,99,0.00,0,0,0,0.00,0.00,0,0.00,0.00,0.00,0.00,0,0,0.00,50,0,0,51,61,0.29,93,0.07,0.26,0.05,29,0.01,0.04,92,3,0.75,2.70,1.80,0.50,77,2,0.04,28,38,28,75,0,46,76,0,0.00,99,2,0.00,1.80,13.50,3.75,15,9,98,90,8.10,2.25,60.00,2,1.80,5,0,0.00,0,0.00,99,0,0.00,0.00,30,0,69,12,0,0,0,0,0,37,51,68,64,0,99,38,13,99,1,25,81,55,0,0
Guilherme Mariano Barbosa,26,944985600,1999/12/12,Serie B,2026,Defender,Botafogo SP,212,44,168,Brazil,4,1,3,0,0,0,0,0,0,0,0,1,0,1,3,1,2,1,0,0,0,0,0,0,0,1.27,71,53,212,0,0.42,-1,-1,-1,19,0,6.55,0,58,52.22,30.75,91,123,24.50,98,38,41.60,86,0.00,0.00,0.00,0,0.00,0.00,1.27,0.75,3,0.00,0.25,0.00,0.00,0.00,1.50,0.25,0.75,0.00,0.00,0.00,0.25,0.00,0.00,0.00,0.00,0.75,0.00,0.00,0,0,,0,0.00,8,0,0.00,20,0,0.00,8,1,2,2,52,0.00,99,0,6,2.55,99,0,30,0.00,15,0,0.00,99,0,0.00,0,0,0.00,0,0.00,7,1,0.42,29,1,0.42,100.00,0,0.00,0,0,0,0.00,0,3,0.00,24,1.27,63,N/A,N/A,N/A,N/A,0.00,0,0.00,0,0.00,0.00,0,79.67,0.00,20,99,0.00,0.00,0,48,99,0,0,0,0.25,0.42,1,72,26.21,4.25,7.22,17,0,0.00,0.00,99,0.00,0,0,0,0.00,0.00,0,0.00,0.00,0.00,0.00,0,0,0.00,50,0,0,51,25,0.19,27,0.05,0.08,0.00,9,0.00,0.00,19,1,0.25,0.42,2.12,1.25,86,5,0.00,8,23,97,75,0,46,59,0,0.00,99,3,0.00,1.27,6.37,3.75,15,8,26,21,3.40,2.00,53.33,1,0.42,63,0,0.00,0,0.00,99,0,0.00,0.00,30,1,50,36,0,0,0,0,0,37,51,68,64,0,99,38,27,86,1,25,81,15,0,0
Guilherme Nunes Rodrigues,25,982396800,2001/02/17,Serie B,2026,Forward,CRB,218,125,93,Brazil,14,8,6,1,0,1,0,0,0,0,0,4,2,2,5,3,2,3,0,0.41,0,0.41,0,0.97,218,2.06,44,16,73,0,1.24,-1,-1,-1,8,0,5.75,0,58,36.40,6.50,58,91,5.64,79,83,31.60,62,0.00,0.00,0.36,5,0.00,0.50,3.60,0.64,9,0.00,0.14,0.00,0.00,0.00,0.07,0.07,0.43,9.00,3.60,0.36,0.29,0.00,0.29,0.10,0.00,0.21,0.00,0.00,0,0,,9,0.64,99,4,1.60,99,5,2.00,96,0,14,0,99,0.00,99,0,1,0.40,29,7,92,2.80,71,0,0.00,99,0,0.00,0,0,0.00,0,2.00,92,4,1.60,73,1,0.40,25.00,0,0.00,0,0,0,0.00,0,6,0.00,2,2.40,92,N/A,N/A,N/A,N/A,0.00,0,0.00,0,1.35,0.00,0,86.81,44.44,85,0,0.43,2.40,6,46,21,0,0,0,0.00,0.00,0,22,80.43,0.29,1.60,4,0,0.00,0.00,99,0.00,0,0,1,0.07,0.40,0,0.00,0.00,0.00,0.00,0,0,11.11,77,0,41,54,3,0.37,70,0.03,0.15,1.35,98,0.10,0.54,99,12,0.86,4.80,3.60,0.64,99,9,0.54,97,2,51,99,0,46,58,0,0.00,99,3,0.00,1.20,18.40,3.29,46,24,99,99,9.60,1.71,52.17,2,0.80,36,0,42.86,0,0.00,99,3,0.21,1.20,88,0,99,12,0,0,0,0,0,88,96,99,64,0,99,51,13,99,3,21,73,11,0,0
Guilherme Parede Pinheiro,30,811494000,1995/09/19,Serie B,2026,Forward,América Mineiro,550,350,200,Brazil,7,4,3,0,0,0,1,1,0,0,0,1,1,0,9,5,4,0,0,0.16,0.16,0,0,0,0,1.47,61,79,0,550,0,218,79,-1,17,0,6.97,0.14,84,17.18,15.00,10,105,11.00,77,17,12.60,10,0.00,0.00,1.86,13,0.00,5.00,0.65,0.57,4,0.00,0.29,0.00,0.00,0.00,0.14,0.43,1.43,0.00,2.29,1.29,0.86,0.00,0.71,0.16,0.00,0.14,0.00,0.00,0,0,,14,2.00,86,5,0.82,86,9,1.47,85,2,1,6,19,0.00,99,0,1,0.16,13,35,66,5.73,95,0,0.00,99,0,0.00,0,0,0.00,0,2.13,94,6,0.98,53,3,0.49,50.00,0,0.00,0,0,0,0.00,0,10,0.00,14,1.64,80,N/A,N/A,N/A,N/A,0.00,0,0.00,0,1.13,0.00,0,73.33,35.71,68,87,0.14,0.16,1,57,63,0,0,0,0.00,0.00,0,22,48.81,0.14,0.16,1,0,0.00,0.00,99,0.00,0,0,0,0.00,0.00,0,0.00,0.00,0.33,0.29,2,0,0.00,50,18,8,51,14,1.21,86,0.17,0.20,1.13,70,0.16,0.18,71,10,1.43,1.64,0.65,0.57,16,4,0.18,68,82,2,75,0,84,4,0,0.00,99,1,0.00,0.16,5.73,5.00,35,17,15,14,2.78,2.43,48.57,2,0.33,69,0,25.71,0,0.00,99,9,1.29,1.47,94,23,41,54,0,0,0,0,0,60,51,68,64,0,99,14,13,13,0,0,13,7,0,0
Guilherme Teixeira Lobo,26,939884400,1999/10/14,Serie B,2026,Midfielder,Criciúma,1598,848,750,Brazil,21,11,10,0,0,0,2,1,1,0,0,10,7,3,14,4,10,4,0,0.11,0.11,0,0,0,0,0.79,114,76,400,799,0.23,262,120,-1,17,0,6.94,0.1,74,49.00,41.43,87,870,35.29,741,75,41.73,86,0.00,0.00,0.81,17,0.00,0.24,1.24,1.05,22,0.00,0.48,0.00,0.00,0.00,0.81,0.57,0.67,0.00,1.35,1.00,0.62,0.00,0.14,0.07,0.00,0.57,0.00,0.00,0,0,,24,1.14,62,3,0.17,37,21,1.18,73,2,2,19,50,0.00,99,0,17,0.96,67,5,51,0.28,32,0,0.00,99,0,0.00,0,0,0.00,0,0.96,60,13,0.73,42,12,0.68,92.31,0,0.00,0,0,0,0.00,0,14,0.00,70,0.79,19,N/A,N/A,N/A,N/A,0.00,0,0.00,0,1.51,0.00,0,85.17,12.50,24,29,0.62,0.73,13,68,93,0,0,0,0.14,0.17,3,42,145.84,1.10,1.30,23,0,0.00,0.00,99,0.00,0,0,0,0.00,0.00,0,0.00,0.00,0.00,0.00,0,0,0.00,50,84,88,51,71,3.52,86,0.17,0.20,1.51,50,0.07,0.09,52,21,1.00,1.18,1.30,1.10,50,23,0.09,49,79,41,75,0,46,34,0,0.00,99,12,0.00,0.68,6.93,5.86,123,64,31,29,3.60,3.05,52.03,10,0.56,53,0,20.00,0,0.00,99,1,0.05,0.06,34,86,50,54,0,0,0,0,0,51,51,68,64,0,99,89,61,55,4,19,68,8,0,0
Guilherme Viana Sant Ana,22,1061794800,2003/08/25,Serie B,2026,Goalkeeper,Ponte Preta,360,180,180,Brazil,4,2,2,0,0,0,0,0,0,0,0,0,0,0,7,3,4,0,0,0,0,0,0,0,0,1.75,51,90,0,0,0,405,211,189,24,0,6.45,0,58,20.50,20.50,16,82,10.75,43,1,10.75,6,0.00,0.00,0.00,0,0.00,0.00,0.00,0.00,0,0.00,0.00,0.00,0.00,3.25,0.00,0.00,5.25,0.00,0.00,0.00,0.00,0.00,0.00,0.00,0.00,0.00,0.00,0.00,0,0,,0,0.00,8,0,0.00,20,0,0.00,8,0,0,4,6,0.00,99,0,0,0.00,9,0,30,0.00,15,0,0.00,99,0,0.00,0,0,0.00,0,0.00,7,0,0.00,12,0,0.00,0.00,0,0.00,0,13,7,3.25,59,21,0.00,7,5.25,99,N/A,N/A,N/A,N/A,61.90,0,0.00,0,0.00,0.00,0,52.44,0.00,20,99,0.00,0.00,0,17,17,0,0,8,0.00,0.00,0,22,25.81,1.50,1.50,6,0,0.00,0.00,99,0.00,0,0,0,0.00,0.00,2,0.50,0.50,0.00,0.00,0,0,0.00,50,0,0,51,8,0.09,1,0.02,0.02,0.00,9,0.00,0.00,8,1,0.25,0.25,0.00,0.00,6,0,0.00,8,18,48,75,43,46,2,0,0.00,99,0,0.00,0.00,0.50,0.50,2,2,4,4,0.50,0.50,100.00,0,0.00,99,0,0.00,0,0.00,99,0,0.00,0.00,30,8,24,12,0,0,0,0,0,37,51,68,64,0,99,2,13,13,0,0,13,1,0,0
Gustavo Bonatto Barreto,30,818582400,1995/12/10,Serie B,2026,Midfielder,América Mineiro,117,33,84,Brazil,2,1,1,0,0,0,0,0,0,0,0,0,0,0,3,1,2,1,0,0,0,0,0,0,0,2.31,39,59,117,0,0.77,-1,-1,-1,40,0,6.73,0,58,29.23,19.00,39,38,18.50,37,99,28.46,54,0.00,0.00,0.50,1,0.00,0.50,1.54,1.00,2,0.00,0.00,0.00,0.00,0.00,1.00,0.00,1.50,0.00,1.54,0.50,0.00,0.00,0.50,0.09,0.00,0.50,0.00,0.00,0,0,,2,1.00,68,1,0.77,84,1,0.77,54,2,1,1,67,0.00,99,0,2,1.54,93,1,30,0.77,46,0,0.00,99,0,0.00,0,0,0.00,0,0.77,48,0,0.00,12,0,0.00,0.00,0,0.00,0,0,0,0.00,0,3,0.00,0,2.31,92,N/A,N/A,N/A,N/A,0.00,0,0.00,0,0.18,0.00,0,97.37,50.00,92,99,0.00,0.00,0,17,17,0,0,0,0.00,0.00,0,22,13.46,0.50,0.77,1,0,0.00,0.00,99,0.00,0,0,0,0.00,0.00,0,0.00,0.00,0.00,0.00,0,0,0.00,50,0,0,51,1,0.11,27,0.06,0.08,0.18,63,0.09,0.14,67,2,1.00,1.54,2.31,1.50,90,3,0.14,62,45,23,75,0,46,39,0,0.00,99,1,0.00,0.77,6.15,4.00,8,5,36,19,3.85,2.50,62.50,0,0.00,99,0,0.00,0,0.00,99,0,0.00,0.00,30,0,41,54,0,0,0,0,0,37,51,68,64,0,99,2,14,99,1,50,99,88,0,0
Gustavo César Mendonça Gravino,24,1004342400,2001/10/29,Serie B,2026,Midfielder,Athletic Club,163,100,63,Brazil,5,3,2,0,0,0,0,0,0,0,0,1,1,0,1,0,1,0,0,0,0,0,0,0,0,0.55,163,33,0,0,0,-1,-1,-1,36,0,6.73,0,58,35.34,12.80,55,64,10.80,54,67,29.82,57,0.00,0.00,0.80,4,0.00,2.40,1.66,0.60,3,0.00,0.60,0.00,0.00,0.00,0.20,0.20,0.20,0.00,2.21,0.80,0.20,0.00,0.00,0.04,0.00,0.00,0.00,0.00,0,0,,4,0.80,85,0,0.00,20,4,2.21,98,2,3,2,71,0.00,99,0,1,0.55,38,12,91,6.63,96,0,0.00,99,0,0.00,0,0,0.00,0,2.21,96,1,0.55,33,1,0.55,100.00,0,0.00,0,0,0,0.00,0,1,0.00,92,0.55,5,N/A,N/A,N/A,N/A,0.00,0,0.00,0,0.20,0.00,0,84.38,0.00,20,0,0.80,2.21,4,60,99,0,0,0,0.00,0.00,0,22,33.65,0.20,0.55,1,0,0.00,0.00,99,0.00,0,0,1,0.20,0.55,0,0.00,0.00,0.55,0.20,1,0,0.00,50,0,2,51,93,0.25,66,0.05,0.14,0.20,56,0.04,0.11,47,2,0.40,1.10,1.10,0.40,37,2,0.11,55,45,16,99,0,92,2,0,0.00,99,0,0.00,0.00,9.39,3.40,17,6,24,60,3.31,1.20,35.29,3,1.66,7,0,41.67,0,0.00,99,5,1.00,2.76,99,1,62,54,0,0,0,0,0,37,51,68,64,0,99,26,13,13,0,0,13,10,0,0
Gustavo Coutinho Silva Lopes,27,916732800,1999/01/19,Serie B,2026,Forward,Atlético GO,1424,769,655,Brazil,19,10,9,9,6,3,0,0,0,0,0,6,3,3,16,8,8,6,1,0.57,0,0.57,0.7,0.41,158,1.01,89,75,203,0,0.44,9,239,-1,1,0,6.96,0,58,14.28,11.89,6,226,9.05,172,25,10.87,6,0.00,0.00,0.84,16,0.00,0.16,0.51,0.42,8,0.00,0.37,0.00,0.00,0.00,0.21,0.21,0.84,5.22,2.97,1.37,0.68,0.00,1.11,0.49,0.00,1.37,0.00,0.00,0,0,,47,2.47,95,21,1.33,97,26,1.64,89,3,1,18,14,0.00,99,0,4,0.25,19,3,85,0.19,27,0,0.00,99,0,0.00,0,0,0.00,0,1.01,63,13,0.82,46,4,0.25,30.77,0,0.00,0,0,0,0.00,0,16,0.00,47,1.01,42,N/A,N/A,N/A,N/A,0.00,0,0.00,0,9.23,0.00,0,76.11,44.68,85,85,0.16,0.19,3,33,25,5,1,0,0.11,0.13,2,35,132.28,0.68,0.82,13,0,0.00,0.00,99,0.00,0,6,3,0.16,0.19,0,0.00,0.00,0.76,0.63,12,2,19.15,91,76,74,53,48,1.08,20,0.06,0.07,5.03,89,0.26,0.32,58,21,1.11,1.33,1.45,1.21,58,23,0.58,98,81,26,96,0,96,72,0,0.00,99,26,0.00,1.64,9.92,8.26,157,59,33,67,3.73,3.11,37.58,7,0.44,62,0,33.33,0,0.00,99,1,0.05,0.06,34,82,41,71,0,0,0,0,0,96,98,94,99,0,99,60,25,88,5,26,82,20,0,0
Gustavo Daniel da Silva Gonçalves,21,1110182400,2005/03/07,Serie B,2026,Defender,Atlético GO,144,100,44,Brazil,4,2,2,0,0,0,0,0,0,0,0,1,1,0,3,1,2,0,0,0,0,0,0,0,0,1.88,48,36,0,0,0,-1,-1,-1,14,0,5.03,0,58,38.48,15.50,64,62,13.00,52,64,32.28,65,0.00,0.00,0.25,1,0.00,3.00,4.97,2.00,8,0.00,1.50,0.00,0.00,0.00,1.00,1.25,0.75,0.00,0.62,0.25,1.75,0.00,0.00,0.01,0.00,1.25,0.00,0.00,0,0,,1,0.25,31,0,0.00,20,1,0.62,45,0,3,1,99,0.00,99,0,4,2.48,99,12,32,7.45,98,0,0.00,99,0,0.00,0,0,0.00,0,0.62,42,7,4.34,98,5,3.10,71.43,0,0.00,0,0,0,0.00,0,3,0.00,4,1.86,84,N/A,N/A,N/A,N/A,0.00,0,0.00,0,0.05,0.00,0,83.87,0.00,20,7,0.50,1.24,2,99,86,0,0,0,0.00,0.00,0,22,20.12,1.50,3.72,6,0,0.00,0.00,99,0.00,0,0,0,0.00,0.00,0,0.00,0.00,0.00,0.00,0,0,0.00,50,0,0,51,5,0.16,43,0.04,0.10,0.05,24,0.01,0.03,56,2,0.50,1.24,1.86,0.75,79,3,0.03,24,1,81,75,0,46,95,0,0.00,99,5,0.00,3.10,19.24,7.75,31,20,99,99,12.41,5.00,64.52,6,3.72,0,0,8.33,0,0.00,99,1,0.25,0.62,71,0,62,12,0,0,0,0,0,37,51,68,64,0,99,38,13,13,0,0,13,14,0,0
Gustavo Dias Martins de Souza,20,1144220400,2006/04/05,Serie B,2026,Goalkeeper,Ceará,0,0,0,Brazil,0,0,0,0,0,0,0,0,0,0,0,0,0,0,0,0,0,0,0,0,0,0,0,0,0,0,0,0,0,0,0,-1,-1,-1,-1,N/A,N/A,N/A,N/A,N/A,N/A,N/A,N/A,N/A,N/A,N/A,N/A,N/A,N/A,N/A,N/A,N/A,N/A,N/A,N/A,N/A,N/A,N/A,N/A,N/A,N/A,N/A,N/A,N/A,N/A,N/A,N/A,N/A,N/A,N/A,N/A,N/A,N/A,N/A,N/A,N/A,N/A,N/A,N/A,N/A,N/A,N/A,N/A,N/A,N/A,N/A,N/A,N/A,N/A,N/A,N/A,N/A,N/A,N/A,N/A,N/A,N/A,N/A,N/A,N/A,N/A,N/A,N/A,N/A,N/A,N/A,N/A,N/A,N/A,N/A,N/A,N/A,N/A,N/A,N/A,N/A,N/A,N/A,N/A,N/A,N/A,N/A,N/A,N/A,N/A,N/A,N/A,N/A,N/A,N/A,N/A,N/A,N/A,N/A,N/A,N/A,N/A,N/A,N/A,N/A,N/A,N/A,N/A,N/A,N/A,N/A,N/A,N/A,N/A,N/A,N/A,N/A,N/A,N/A,N/A,N/A,N/A,N/A,N/A,N/A,N/A,N/A,N/A,N/A,N/A,N/A,N/A,N/A,N/A,N/A,N/A,N/A,N/A,N/A,N/A,N/A,N/A,N/A,N/A,N/A,N/A,N/A,N/A,N/A,N/A,N/A,N/A,N/A,N/A,N/A,N/A,N/A,N/A,N/A,N/A,N/A,N/A,N/A,N/A,N/A,N/A,N/A,N/A,N/A,N/A,N/A,N/A,N/A,N/A,N/A,N/A,N/A,N/A,N/A,N/A,N/A,N/A,N/A,N/A,N/A,N/A,N/A,N/A,N/A,N/A,N/A,N/A,N/A,N/A,N/A,N/A,N/A,N/A,N/A,N/A,N/A,N/A,N/A,N/A,N/A,N/A,N/A,N/A,N/A,N/A,N/A,N/A,N/A,N/A,N/A,N/A,N/A,N/A,N/A,N/A,N/A,N/A,N/A,N/A
Gustavo Henrique da Silva,20,1129618800,2005/10/18,Serie B,2026,Defender,Náutico,464,180,284,Brazil,7,3,4,0,0,0,0,0,0,0,0,2,1,1,4,1,3,2,0,0,0,0,0,0,0,0.78,116,66,232,0,0.39,423,427,60,36,0,6.63,0,58,48.10,35.43,85,248,30.29,212,76,41.12,85,0.00,0.00,0.14,1,0.00,0.14,1.55,1.14,8,0.00,0.00,0.00,0.00,0.00,0.57,0.00,0.71,0.00,0.19,0.14,0.00,0.00,0.00,0.01,0.00,0.71,0.00,0.00,0,0,,1,0.14,10,0,0.00,20,1,0.19,14,2,1,6,68,0.00,99,0,4,0.78,56,1,30,0.19,27,0,0.00,99,0,0.00,0,0,0.00,0,0.19,15,0,0.00,12,0,0.00,0.00,0,0.00,0,0,0,0.00,0,5,0.00,72,0.97,37,N/A,N/A,N/A,N/A,0.00,0,0.00,0,0.04,0.00,0,85.48,0.00,20,85,0.14,0.19,1,17,17,0,0,0,0.29,0.39,2,70,46.38,3.86,5.24,27,0,0.00,0.00,99,0.00,0,0,0,0.00,0.00,0,0.00,0.00,0.00,0.00,0,0,0.00,50,10,8,51,73,0.50,43,0.07,0.10,0.04,13,0.01,0.01,6,1,0.14,0.19,1.55,1.14,64,8,0.01,12,31,91,75,0,46,50,0,0.00,99,5,0.00,0.97,4.66,3.43,24,14,14,9,2.72,2.00,58.33,0,0.00,99,0,0.00,0,0.00,99,0,0.00,0.00,30,23,41,54,0,0,0,0,0,37,51,68,64,0,99,51,31,83,2,29,89,46,0,0
Gustavo Lopes Teles,21,1114671600,2005/04/28,Serie B,2026,Midfielder,Ponte Preta,143,52,91,Brazil,8,3,5,0,0,0,0,0,0,0,0,0,0,0,3,0,3,0,0,0,0,0,0,0,0,1.89,48,18,0,0,0,-1,-1,-1,23,0,6.52,0,58,31.47,6.25,44,50,5.50,44,89,27.69,52,0.00,0.00,0.25,2,0.00,0.75,0.63,0.12,1,0.00,0.12,0.00,0.00,0.00,0.00,0.12,0.50,0.00,0.63,0.12,0.38,0.00,0.00,0.01,0.00,0.00,0.00,0.00,0,0,,1,0.12,32,0,0.00,20,1,0.63,45,0,8,0,17,0.00,99,0,0,0.00,9,6,85,3.78,81,0,0.00,99,0,0.00,0,0,0.00,0,1.26,73,3,1.89,78,1,0.63,33.33,0,0.00,0,0,0,0.00,0,4,0.00,4,2.52,93,N/A,N/A,N/A,N/A,0.00,0,0.00,0,0.05,0.00,0,88.00,0.00,20,99,0.00,0.00,0,65,31,0,0,0,0.00,0.00,0,22,52.19,0.38,1.89,3,0,0.00,0.00,99,0.00,0,0,0,0.00,0.00,0,0.00,0.00,0.00,0.00,0,0,0.00,50,0,12,51,5,0.14,35,0.02,0.09,0.05,24,0.01,0.03,99,7,0.88,4.41,1.26,0.25,47,2,0.03,24,20,57,75,0,46,2,0,0.00,99,0,0.00,0.00,9.44,1.88,15,9,80,61,5.66,1.12,60.00,1,0.63,49,0,33.33,0,0.00,99,2,0.25,1.26,89,0,90,12,0,0,0,0,0,37,51,68,64,0,99,2,13,13,0,0,13,35,0,0
Gustavo Maia da Silva,25,980150400,2001/01/22,Serie B,2026,Forward,Atlético GO,227,70,157,Brazil,5,2,3,0,0,0,0,0,0,0,0,2,0,2,2,2,0,1,0,0,0,0,0,0,0,0.79,114,45,227,0,0.4,-1,-1,-1,24,0,6.69,0,58,26.96,13.60,35,68,11.40,57,64,22.60,39,0.00,0.00,0.80,4,0.00,2.80,0.79,0.40,2,0.00,0.00,0.00,0.00,0.00,0.20,0.40,0.60,0.00,0.79,0.20,0.60,0.00,0.20,0.04,0.00,0.00,0.00,0.00,0,0,,2,0.40,41,1,0.40,63,1,0.40,32,4,3,2,25,0.00,99,0,1,0.40,29,14,37,5.55,94,0,0.00,99,0,0.00,0,0,0.00,0,1.59,83,3,1.19,62,2,0.79,66.67,0,0.00,0,0,0,0.00,0,3,0.00,70,1.19,58,N/A,N/A,N/A,N/A,0.00,0,0.00,0,0.20,0.00,0,83.82,50.00,92,99,0.00,0.00,0,74,85,0,0,0,0.00,0.00,0,22,33.43,0.40,0.79,2,0,0.00,0.00,99,0.00,0,0,0,0.00,0.00,0,0.00,0.00,0.79,0.40,2,0,0.00,50,0,2,51,71,0.28,49,0.06,0.11,0.20,46,0.04,0.08,35,2,0.40,0.79,1.59,0.80,65,4,0.08,45,39,25,75,0,97,2,0,0.00,99,0,0.00,0.00,4.76,2.40,12,5,8,10,1.98,1.00,41.67,0,0.00,99,0,14.29,0,0.00,99,2,0.40,0.79,78,1,62,84,0,0,0,0,0,37,51,68,64,0,99,77,29,84,1,20,70,11,0,0
Gustavo Morais Melo,20,1141632000,2006/03/06,Serie B,2026,Defender,Athletic Club,0,0,0,Brazil,0,0,0,0,0,0,0,0,0,0,0,0,0,0,0,0,0,0,0,0,0,0,0,0,0,0,0,0,0,0,0,-1,-1,-1,-1,N/A,N/A,N/A,N/A,N/A,N/A,N/A,N/A,N/A,N/A,N/A,N/A,N/A,N/A,N/A,N/A,N/A,N/A,N/A,N/A,N/A,N/A,N/A,N/A,N/A,N/A,N/A,N/A,N/A,N/A,N/A,N/A,N/A,N/A,N/A,N/A,N/A,N/A,N/A,N/A,N/A,N/A,N/A,N/A,N/A,N/A,N/A,N/A,N/A,N/A,N/A,N/A,N/A,N/A,N/A,N/A,N/A,N/A,N/A,N/A,N/A,N/A,N/A,N/A,N/A,N/A,N/A,N/A,N/A,N/A,N/A,N/A,N/A,N/A,N/A,N/A,N/A,N/A,N/A,N/A,N/A,N/A,N/A,N/A,N/A,N/A,N/A,N/A,N/A,N/A,N/A,N/A,N/A,N/A,N/A,N/A,N/A,N/A,N/A,N/A,N/A,N/A,N/A,N/A,N/A,N/A,N/A,N/A,N/A,N/A,N/A,N/A,N/A,N/A,N/A,N/A,N/A,N/A,N/A,N/A,N/A,N/A,N/A,N/A,N/A,N/A,N/A,N/A,N/A,N/A,N/A,N/A,N/A,N/A,N/A,N/A,N/A,N/A,N/A,N/A,N/A,N/A,N/A,N/A,N/A,N/A,N/A,N/A,N/A,N/A,N/A,N/A,N/A,N/A,N/A,N/A,N/A,N/A,N/A,N/A,N/A,N/A,N/A,N/A,N/A,N/A,N/A,N/A,N/A,N/A,N/A,N/A,N/A,N/A,N/A,N/A,N/A,N/A,N/A,N/A,N/A,N/A,N/A,N/A,N/A,N/A,N/A,N/A,N/A,N/A,N/A,N/A,N/A,N/A,N/A,N/A,N/A,N/A,N/A,N/A,N/A,N/A,N/A,N/A,N/A,N/A,N/A,N/A,N/A,N/A,N/A,N/A,N/A,N/A,N/A,N/A,N/A,N/A,N/A,N/A,N/A,N/A,N/A,N/A
Gustavo Prado Alves,21,1118041200,2005/06/06,Serie B,2026,Forward,Ceará,126,80,46,Brazil,3,2,1,0,0,0,0,0,0,0,0,0,0,0,2,1,1,0,0,0,0,0,0,0,0,1.43,63,42,0,0,0,-1,-1,-1,25,0,6.51,0,58,19.29,9.00,14,27,6.67,20,19,14.29,15,0.00,0.00,0.33,1,0.00,0.00,2.86,1.33,4,0.00,0.33,0.00,0.00,0.00,0.00,0.67,0.67,0.00,0.71,0.33,1.33,0.00,0.00,0.02,0.00,0.00,0.00,0.00,0,0,,1,0.33,37,0,0.00,20,1,0.71,51,6,1,2,98,0.00,99,0,0,0.00,9,0,30,0.00,15,0,0.00,99,0,0.00,0,0,0.00,0,0.71,46,4,2.86,92,2,1.43,50.00,0,0.00,0,0,0,0.00,0,2,0.00,15,1.43,73,N/A,N/A,N/A,N/A,0.00,0,0.00,0,0.05,0.00,0,74.07,0.00,20,31,0.33,0.71,1,91,63,0,0,0,0.00,0.00,0,22,19.54,0.00,0.00,0,0,0.00,0.00,99,0.00,0,0,0,0.00,0.00,0,0.00,0.00,0.00,0.00,0,0,0.00,50,0,0,51,16,0.07,11,0.02,0.05,0.05,29,0.02,0.04,94,4,1.33,2.86,2.86,1.33,97,4,0.04,28,19,1,75,0,46,2,0,0.00,99,0,0.00,0.00,14.29,6.67,20,10,94,93,7.14,3.33,50.00,1,0.71,42,0,0.00,0,0.00,99,0,0.00,0.00,30,1,41,95,0,0,0,0,0,37,51,68,64,0,99,2,13,13,0,0,13,30,0,0
Gustavo Puskas Pinheiro Lemos,18,1204012800,2008/02/26,Serie B,2026,Forward,Vila Nova,168,46,122,Brazil,8,4,4,1,1,0,0,0,0,0,0,5,2,3,1,0,1,2,0,0.54,0,0.54,1.96,0,168,0.54,168,21,84,0,1.07,-1,-1,-1,10,0,4.93,0,58,13.93,3.25,4,26,2.38,19,15,10.18,5,0.00,0.00,0.25,2,0.00,0.12,1.07,0.25,2,0.00,0.50,0.00,0.00,0.00,0.12,0.00,0.12,3.00,1.61,0.25,0.50,0.00,0.12,0.10,0.00,0.50,0.00,0.00,0,0,,3,0.38,69,1,0.54,74,2,1.07,69,4,6,2,40,0.00,99,0,1,0.54,37,1,30,0.54,41,0,0.00,99,0,0.00,0,0,0.00,0,1.07,66,4,2.14,82,0,0.00,0.00,0,0.00,0,0,0,0.00,0,1,0.00,93,0.54,5,N/A,N/A,N/A,N/A,0.00,0,0.00,0,0.83,0.00,0,73.08,33.33,66,12,0.25,1.07,2,17,17,0,0,0,0.00,0.00,0,22,39.48,0.50,2.14,4,0,0.00,0.00,99,0.00,0,0,0,0.00,0.00,0,0.00,0.00,1.07,0.25,2,0,33.33,99,0,12,53,93,0.13,20,0.02,0.07,0.83,96,0.10,0.44,46,2,0.25,1.07,1.61,0.38,66,3,0.44,95,0,62,75,0,99,84,0,0.00,99,4,0.00,2.14,18.21,4.25,34,7,33,99,3.75,0.88,20.59,4,2.14,2,0,0.00,0,0.00,99,0,0.00,0.00,30,1,81,84,0,0,0,0,0,95,98,68,99,0,99,95,13,99,2,25,81,19,0,0
Gustavo Vilar dos Santos,26,956041200,2000/04/18,Serie B,2026,Defender,Botafogo SP,1965,900,1065,Brazil,22,10,12,3,3,0,0,0,0,0,0,5,1,4,19,11,8,3,0,0.14,0,0.14,0.3,0,655,0.87,103,89,655,0,0.14,138,295,82,3,0,7.03,0,58,42.60,42.27,76,930,35.77,787,70,36.05,76,0.00,0.00,0.14,3,0.00,0.14,0.78,0.77,17,0.00,0.05,0.00,0.00,0.00,0.95,0.05,1.00,6.67,0.92,0.50,0.09,0.00,0.41,0.16,0.00,3.32,0.00,0.00,0,0,,20,0.91,46,9,0.41,64,11,0.50,37,2,0,22,24,0.00,99,0,21,0.96,67,3,85,0.14,22,0,0.00,99,0,0.00,0,0,0.00,0,0.14,13,2,0.09,15,1,0.05,50.00,0,0.00,0,0,0,0.00,0,22,0.00,62,1.01,42,N/A,N/A,N/A,N/A,0.00,0,0.00,0,3.48,0.00,0,84.62,45.00,85,81,0.23,0.23,5,18,63,0,0,0,0.86,0.87,19,93,154.69,7.64,7.69,168,0,0.00,0.00,99,0.00,0,0,0,0.00,0.00,0,0.00,0.00,0.00,0.00,0,0,15.00,85,98,95,81,62,1.72,27,0.08,0.08,3.48,66,0.16,0.16,11,7,0.32,0.32,1.01,1.00,35,22,0.16,65,87,98,75,0,46,97,0,0.00,99,73,0.00,3.34,7.33,7.27,160,94,50,33,4.31,4.27,58.75,1,0.05,86,0,33.33,0,0.00,99,1,0.05,0.05,31,97,24,54,0,0,0,0,0,56,72,68,85,0,99,32,82,33,3,14,55,4,0,0
Habraão Lincon do Nascimento Saraiva,25,993538800,2001/06/26,Serie B,2026,Defender,Sport Recife,511,393,118,Brazil,7,5,2,0,0,0,0,0,0,0,0,2,1,1,7,6,1,1,0,0,0,0,0,0,0,1.23,73,73,511,0,0.18,286,243,150,17,0,6.83,0,58,54.25,44.00,95,308,40.86,286,99,50.37,97,0.00,0.00,0.14,1,0.00,0.00,1.76,1.43,10,0.00,0.29,0.00,0.00,0.00,0.14,0.00,1.14,0.00,1.06,0.86,0.14,0.00,0.00,0.04,0.00,3.57,0.00,0.00,0,0,,6,0.86,54,0,0.00,20,6,1.06,69,1,2,5,75,0.00,99,0,1,0.18,14,0,30,0.00,15,0,0.00,99,0,0.00,0,0,0.00,0,0.18,15,1,0.18,20,0,0.00,0.00,0,0.00,0,0,0,0.00,0,8,0.00,28,1.41,73,N/A,N/A,N/A,N/A,0.00,0,0.00,0,0.26,0.00,0,92.86,0.00,20,85,0.14,0.18,1,17,17,0,0,0,0.57,0.70,4,86,47.83,7.43,9.16,52,0,0.00,0.00,99,0.00,0,0,0,0.00,0.00,0,0.00,0.00,0.18,0.14,1,0,0.00,50,14,8,51,28,0.73,63,0.10,0.13,0.26,34,0.04,0.05,31,4,0.57,0.70,0.70,0.57,18,4,0.05,33,61,99,75,0,71,99,0,0.00,99,25,0.00,4.40,10.22,8.29,58,38,91,70,6.69,5.43,65.52,2,0.35,68,0,0.00,0,0.00,99,0,0.00,0.00,30,16,50,36,0,0,0,0,0,37,51,68,64,0,99,51,71,43,1,14,55,28,0,0
Halan Gomes da Silva Tenório,20,1152169200,2006/07/06,Serie B,2026,Midfielder,Náutico,22,22,0,Brazil,1,1,0,0,0,0,0,0,0,0,0,1,1,0,0,0,0,0,0,0,0,0,0,0,0,0,0,22,0,0,0,-1,-1,-1,16,0,0.00,0,58,0.00,0.00,0,0,0.00,0,0,0.00,0,0.00,0.00,0.00,0,0.00,0.00,0.00,0.00,0,0.00,0.00,0.00,0.00,0.00,0.00,0.00,0.00,0.00,0.00,0.00,0.00,0.00,0.00,0.00,0.00,0.00,0.00,0.00,0,0,,0,0.00,8,0,0.00,20,0,0.00,8,0,1,0,6,0.00,99,0,0,0.00,9,0,30,0.00,15,0,0.00,99,0,0.00,0,0,0.00,0,0.00,7,0,0.00,12,0,0.00,0.00,0,0.00,0,0,0,0.00,0,0,0.00,99,0.00,0,N/A,N/A,N/A,N/A,0.00,0,0.00,0,0.00,0.00,0,0.00,0.00,20,99,0.00,0.00,0,17,17,0,0,0,0.00,0.00,0,22,0.00,0.00,0.00,0,0,0.00,0.00,99,0.00,0,0,0,0.00,0.00,0,0.00,0.00,0.00,0.00,0,0,0.00,50,0,0,51,0,0.00,0,0.00,0.00,0.00,9,0.00,0.00,2,0,0.00,0.00,0.00,0.00,6,0,0.00,8,0,1,75,0,46,2,0,0.00,99,0,0.00,0.00,0.00,0.00,0,0,0,0,0.00,0.00,0.00,0,0.00,99,0,0.00,0,0.00,99,0,0.00,0.00,30,0,41,12,0,0,0,0,0,37,51,68,64,0,99,99,13,13,0,0,13,18,0,0
Halerrandrio dos Santos Feitosa,20,1152342000,2006/07/08,Serie B,2026,Forward,Goiás,29,0,29,Brazil,2,0,2,0,0,0,0,0,0,0,0,1,0,1,0,0,0,0,0,0,0,0,0,0,0,0,0,15,0,0,0,-1,-1,-1,13,0,6.50,0,58,37.24,6.00,60,12,4.50,9,22,27.93,53,0.00,0.00,0.00,0,0.00,0.50,6.21,1.00,2,0.00,0.50,0.00,0.00,0.00,0.50,0.00,0.00,0.00,3.10,0.50,0.50,0.00,0.00,0.03,0.00,0.00,0.00,0.00,0,0,,1,0.50,96,0,0.00,20,1,3.10,99,0,2,0,99,0.00,99,0,1,3.10,99,1,30,3.10,74,0,0.00,99,0,0.00,0,0,0.00,0,0.00,7,1,3.10,93,0,0.00,0.00,0,0.00,0,0,0,0.00,0,0,0.00,99,0.00,0,N/A,N/A,N/A,N/A,0.00,0,0.00,0,0.06,0.00,0,75.00,0.00,20,0,0.50,3.10,1,17,17,0,0,0,0.00,0.00,0,22,12.99,0.00,0.00,0,0,0.00,0.00,99,0.00,0,0,0,0.00,0.00,0,0.00,0.00,0.00,0.00,0,0,0.00,50,0,0,51,0,0.02,15,0.01,0.06,0.06,72,0.03,0.19,2,0,0.00,0.00,3.10,0.50,98,1,0.19,70,19,1,75,0,46,2,0,0.00,99,0,0.00,0.00,21.72,3.50,7,2,86,99,6.21,1.00,28.57,1,3.10,0,0,0.00,0,0.00,99,0,0.00,0.00,30,0,50,12,0,0,0,0,0,37,51,68,64,0,99,92,13,13,0,0,13,11,0,0
Hayner,30,812617200,1995/10/02,Serie B,2026,Defender,Vila Nova,798,409,389,Brazil,23,10,13,0,0,0,0,0,0,0,0,6,2,4,3,3,0,2,0,0,0,0,0,0,0,0.34,266,35,399,0,0.23,360,348,8,31,0,5.71,0,58,26.70,10.30,35,237,8.65,199,65,22.42,39,0.00,0.00,0.43,10,0.00,1.09,1.35,0.52,12,0.00,0.22,0.00,0.00,0.00,0.39,0.35,0.26,0.00,0.34,0.09,0.78,0.00,0.04,0.01,0.00,0.13,0.00,0.00,0,0,,3,0.13,19,1,0.11,28,2,0.23,18,5,16,7,57,0.00,99,0,9,1.01,69,25,87,2.82,71,0,0.00,99,0,0.00,0,0,0.00,0,1.13,68,18,2.03,80,8,0.90,44.44,0,0.00,0,0,0,0.00,0,6,0.00,98,0.68,11,N/A,N/A,N/A,N/A,0.00,0,0.00,0,0.25,0.00,0,83.97,33.33,66,58,0.17,0.45,4,78,44,0,0,0,0.09,0.23,2,52,131.36,0.96,2.48,22,0,0.00,0.00,99,0.00,0,0,0,0.00,0.00,0,0.00,0.00,0.11,0.04,1,0,0.00,50,38,99,51,99,0.69,27,0.03,0.08,0.25,24,0.01,0.03,81,18,0.78,2.03,1.80,0.70,77,16,0.03,24,2,69,75,0,61,14,0,0.00,99,3,0.00,0.34,9.91,3.83,88,42,59,67,4.73,1.83,47.73,5,0.56,53,0,36.00,0,0.00,99,9,0.39,1.01,84,30,99,91,0,0,0,0,0,37,51,68,64,0,99,40,61,55,2,9,33,22,0,0
Hebert Willian Badaró Oliveira,21,1120028400,2005/06/29,Serie B,2026,Defender,Botafogo SP,80,29,51,Brazil,4,2,2,1,1,0,0,0,0,0,0,1,0,1,0,0,0,0,0,1.13,0,1.13,3.1,0,80,0,0,20,0,0,0,-1,-1,-1,9,0,5.20,0,58,16.67,3.75,9,15,2.75,11,17,12.22,9,0.00,0.00,0.25,1,0.00,0.00,4.44,1.00,4,0.00,0.00,0.00,0.00,0.00,0.50,0.00,0.00,1.00,1.11,0.00,0.00,0.00,0.25,0.17,0.00,0.25,0.00,0.00,0,0,,1,0.25,57,1,1.11,93,0,0.00,8,0,4,0,99,0.00,99,0,2,2.22,99,0,30,0.00,15,0,0.00,99,0,0.00,0,0,0.00,0,1.11,67,0,0.00,12,0,0.00,0.00,0,0.00,0,0,0,0.00,0,0,0.00,99,0.00,0,N/A,N/A,N/A,N/A,0.00,0,0.00,0,0.68,0.00,0,73.33,100.00,99,10,0.25,1.11,1,17,17,0,0,0,0.25,1.11,1,97,20.79,2.50,11.11,10,0,0.00,0.00,99,0.00,0,0,0,0.00,0.00,0,0.00,0.00,0.00,0.00,0,0,100.00,99,0,0,51,0,0.06,20,0.01,0.07,0.68,99,0.17,0.76,87,2,0.50,2.22,1.11,0.25,37,1,0.76,99,1,99,75,0,46,56,0,0.00,99,1,0.00,1.11,13.33,3.00,12,7,97,90,7.78,1.75,58.33,0,0.00,99,0,0.00,0,0.00,99,0,0.00,0.00,30,0,69,12,0,0,0,0,0,99,99,68,99,0,99,38,13,13,0,0,13,33,0,0
Hector Bianchi Rodrigues,21,1119337200,2005/06/21,Serie B,2026,Forward,Novorizontino,0,0,0,Brazil,0,0,0,0,0,0,0,0,0,0,0,0,0,0,0,0,0,0,0,0,0,0,0,0,0,0,0,0,0,0,0,-1,-1,-1,-1,N/A,N/A,N/A,N/A,N/A,N/A,N/A,N/A,N/A,N/A,N/A,N/A,N/A,N/A,N/A,N/A,N/A,N/A,N/A,N/A,N/A,N/A,N/A,N/A,N/A,N/A,N/A,N/A,N/A,N/A,N/A,N/A,N/A,N/A,N/A,N/A,N/A,N/A,N/A,N/A,N/A,N/A,N/A,N/A,N/A,N/A,N/A,N/A,N/A,N/A,N/A,N/A,N/A,N/A,N/A,N/A,N/A,N/A,N/A,N/A,N/A,N/A,N/A,N/A,N/A,N/A,N/A,N/A,N/A,N/A,N/A,N/A,N/A,N/A,N/A,N/A,N/A,N/A,N/A,N/A,N/A,N/A,N/A,N/A,N/A,N/A,N/A,N/A,N/A,N/A,N/A,N/A,N/A,N/A,N/A,N/A,N/A,N/A,N/A,N/A,N/A,N/A,N/A,N/A,N/A,N/A,N/A,N/A,N/A,N/A,N/A,N/A,N/A,N/A,N/A,N/A,N/A,N/A,N/A,N/A,N/A,N/A,N/A,N/A,N/A,N/A,N/A,N/A,N/A,N/A,N/A,N/A,N/A,N/A,N/A,N/A,N/A,N/A,N/A,N/A,N/A,N/A,N/A,N/A,N/A,N/A,N/A,N/A,N/A,N/A,N/A,N/A,N/A,N/A,N/A,N/A,N/A,N/A,N/A,N/A,N/A,N/A,N/A,N/A,N/A,N/A,N/A,N/A,N/A,N/A,N/A,N/A,N/A,N/A,N/A,N/A,N/A,N/A,N/A,N/A,N/A,N/A,N/A,N/A,N/A,N/A,N/A,N/A,N/A,N/A,N/A,N/A,N/A,N/A,N/A,N/A,N/A,N/A,N/A,N/A,N/A,N/A,N/A,N/A,N/A,N/A,N/A,N/A,N/A,N/A,N/A,N/A,N/A,N/A,N/A,N/A,N/A,N/A,N/A,N/A,N/A,N/A,N/A,N/A
Hector Fernandes de Andrade Silva,20,1143014400,2006/03/22,Serie B,2026,Midfielder,Náutico,0,0,0,Brazil,0,0,0,0,0,0,0,0,0,0,0,0,0,0,0,0,0,0,0,0,0,0,0,0,0,0,0,0,0,0,0,-1,-1,-1,-1,N/A,N/A,N/A,N/A,N/A,N/A,N/A,N/A,N/A,N/A,N/A,N/A,N/A,N/A,N/A,N/A,N/A,N/A,N/A,N/A,N/A,N/A,N/A,N/A,N/A,N/A,N/A,N/A,N/A,N/A,N/A,N/A,N/A,N/A,N/A,N/A,N/A,N/A,N/A,N/A,N/A,N/A,N/A,N/A,N/A,N/A,N/A,N/A,N/A,N/A,N/A,N/A,N/A,N/A,N/A,N/A,N/A,N/A,N/A,N/A,N/A,N/A,N/A,N/A,N/A,N/A,N/A,N/A,N/A,N/A,N/A,N/A,N/A,N/A,N/A,N/A,N/A,N/A,N/A,N/A,N/A,N/A,N/A,N/A,N/A,N/A,N/A,N/A,N/A,N/A,N/A,N/A,N/A,N/A,N/A,N/A,N/A,N/A,N/A,N/A,N/A,N/A,N/A,N/A,N/A,N/A,N/A,N/A,N/A,N/A,N/A,N/A,N/A,N/A,N/A,N/A,N/A,N/A,N/A,N/A,N/A,N/A,N/A,N/A,N/A,N/A,N/A,N/A,N/A,N/A,N/A,N/A,N/A,N/A,N/A,N/A,N/A,N/A,N/A,N/A,N/A,N/A,N/A,N/A,N/A,N/A,N/A,N/A,N/A,N/A,N/A,N/A,N/A,N/A,N/A,N/A,N/A,N/A,N/A,N/A,N/A,N/A,N/A,N/A,N/A,N/A,N/A,N/A,N/A,N/A,N/A,N/A,N/A,N/A,N/A,N/A,N/A,N/A,N/A,N/A,N/A,N/A,N/A,N/A,N/A,N/A,N/A,N/A,N/A,N/A,N/A,N/A,N/A,N/A,N/A,N/A,N/A,N/A,N/A,N/A,N/A,N/A,N/A,N/A,N/A,N/A,N/A,N/A,N/A,N/A,N/A,N/A,N/A,N/A,N/A,N/A,N/A,N/A,N/A,N/A,N/A,N/A,N/A,N/A
Hedhe Halls Rocha da Silva,27,929602800,1999/06/17,Serie B,2026,Goalkeeper,Sport Recife,0,0,0,Brazil,0,0,0,0,0,0,0,0,0,0,0,0,0,0,0,0,0,0,0,0,0,0,0,0,0,0,0,0,0,0,0,-1,-1,-1,-1,N/A,N/A,N/A,N/A,N/A,N/A,N/A,N/A,N/A,N/A,N/A,N/A,N/A,N/A,N/A,N/A,N/A,N/A,N/A,N/A,N/A,N/A,N/A,N/A,N/A,N/A,N/A,N/A,N/A,N/A,N/A,N/A,N/A,N/A,N/A,N/A,N/A,N/A,N/A,N/A,N/A,N/A,N/A,N/A,N/A,N/A,N/A,N/A,N/A,N/A,N/A,N/A,N/A,N/A,N/A,N/A,N/A,N/A,N/A,N/A,N/A,N/A,N/A,N/A,N/A,N/A,N/A,N/A,N/A,N/A,N/A,N/A,N/A,N/A,N/A,N/A,N/A,N/A,N/A,N/A,N/A,N/A,N/A,N/A,N/A,N/A,N/A,N/A,N/A,N/A,N/A,N/A,N/A,N/A,N/A,N/A,N/A,N/A,N/A,N/A,N/A,N/A,N/A,N/A,N/A,N/A,N/A,N/A,N/A,N/A,N/A,N/A,N/A,N/A,N/A,N/A,N/A,N/A,N/A,N/A,N/A,N/A,N/A,N/A,N/A,N/A,N/A,N/A,N/A,N/A,N/A,N/A,N/A,N/A,N/A,N/A,N/A,N/A,N/A,N/A,N/A,N/A,N/A,N/A,N/A,N/A,N/A,N/A,N/A,N/A,N/A,N/A,N/A,N/A,N/A,N/A,N/A,N/A,N/A,N/A,N/A,N/A,N/A,N/A,N/A,N/A,N/A,N/A,N/A,N/A,N/A,N/A,N/A,N/A,N/A,N/A,N/A,N/A,N/A,N/A,N/A,N/A,N/A,N/A,N/A,N/A,N/A,N/A,N/A,N/A,N/A,N/A,N/A,N/A,N/A,N/A,N/A,N/A,N/A,N/A,N/A,N/A,N/A,N/A,N/A,N/A,N/A,N/A,N/A,N/A,N/A,N/A,N/A,N/A,N/A,N/A,N/A,N/A,N/A,N/A,N/A,N/A,N/A,N/A
Heitor Manuel Barcelos Lima,22,1082358000,2004/04/19,Serie B,2026,Midfielder,América Mineiro,0,0,0,Brazil,0,0,0,0,0,0,0,0,0,0,0,0,0,0,0,0,0,0,0,0,0,0,0,0,0,0,0,0,0,0,0,-1,-1,-1,-1,N/A,N/A,N/A,N/A,N/A,N/A,N/A,N/A,N/A,N/A,N/A,N/A,N/A,N/A,N/A,N/A,N/A,N/A,N/A,N/A,N/A,N/A,N/A,N/A,N/A,N/A,N/A,N/A,N/A,N/A,N/A,N/A,N/A,N/A,N/A,N/A,N/A,N/A,N/A,N/A,N/A,N/A,N/A,N/A,N/A,N/A,N/A,N/A,N/A,N/A,N/A,N/A,N/A,N/A,N/A,N/A,N/A,N/A,N/A,N/A,N/A,N/A,N/A,N/A,N/A,N/A,N/A,N/A,N/A,N/A,N/A,N/A,N/A,N/A,N/A,N/A,N/A,N/A,N/A,N/A,N/A,N/A,N/A,N/A,N/A,N/A,N/A,N/A,N/A,N/A,N/A,N/A,N/A,N/A,N/A,N/A,N/A,N/A,N/A,N/A,N/A,N/A,N/A,N/A,N/A,N/A,N/A,N/A,N/A,N/A,N/A,N/A,N/A,N/A,N/A,N/A,N/A,N/A,N/A,N/A,N/A,N/A,N/A,N/A,N/A,N/A,N/A,N/A,N/A,N/A,N/A,N/A,N/A,N/A,N/A,N/A,N/A,N/A,N/A,N/A,N/A,N/A,N/A,N/A,N/A,N/A,N/A,N/A,N/A,N/A,N/A,N/A,N/A,N/A,N/A,N/A,N/A,N/A,N/A,N/A,N/A,N/A,N/A,N/A,N/A,N/A,N/A,N/A,N/A,N/A,N/A,N/A,N/A,N/A,N/A,N/A,N/A,N/A,N/A,N/A,N/A,N/A,N/A,N/A,N/A,N/A,N/A,N/A,N/A,N/A,N/A,N/A,N/A,N/A,N/A,N/A,N/A,N/A,N/A,N/A,N/A,N/A,N/A,N/A,N/A,N/A,N/A,N/A,N/A,N/A,N/A,N/A,N/A,N/A,N/A,N/A,N/A,N/A,N/A,N/A,N/A,N/A,N/A,N/A
Heitor Roca Santo,28,887875200,1998/02/19,Serie B,2026,Defender,Criciúma,0,0,0,Brazil,0,0,0,0,0,0,0,0,0,0,0,0,0,0,0,0,0,0,0,0,0,0,0,0,0,0,0,0,0,0,0,-1,-1,-1,-1,N/A,N/A,N/A,N/A,N/A,N/A,N/A,N/A,N/A,N/A,N/A,N/A,N/A,N/A,N/A,N/A,N/A,N/A,N/A,N/A,N/A,N/A,N/A,N/A,N/A,N/A,N/A,N/A,N/A,N/A,N/A,N/A,N/A,N/A,N/A,N/A,N/A,N/A,N/A,N/A,N/A,N/A,N/A,N/A,N/A,N/A,N/A,N/A,N/A,N/A,N/A,N/A,N/A,N/A,N/A,N/A,N/A,N/A,N/A,N/A,N/A,N/A,N/A,N/A,N/A,N/A,N/A,N/A,N/A,N/A,N/A,N/A,N/A,N/A,N/A,N/A,N/A,N/A,N/A,N/A,N/A,N/A,N/A,N/A,N/A,N/A,N/A,N/A,N/A,N/A,N/A,N/A,N/A,N/A,N/A,N/A,N/A,N/A,N/A,N/A,N/A,N/A,N/A,N/A,N/A,N/A,N/A,N/A,N/A,N/A,N/A,N/A,N/A,N/A,N/A,N/A,N/A,N/A,N/A,N/A,N/A,N/A,N/A,N/A,N/A,N/A,N/A,N/A,N/A,N/A,N/A,N/A,N/A,N/A,N/A,N/A,N/A,N/A,N/A,N/A,N/A,N/A,N/A,N/A,N/A,N/A,N/A,N/A,N/A,N/A,N/A,N/A,N/A,N/A,N/A,N/A,N/A,N/A,N/A,N/A,N/A,N/A,N/A,N/A,N/A,N/A,N/A,N/A,N/A,N/A,N/A,N/A,N/A,N/A,N/A,N/A,N/A,N/A,N/A,N/A,N/A,N/A,N/A,N/A,N/A,N/A,N/A,N/A,N/A,N/A,N/A,N/A,N/A,N/A,N/A,N/A,N/A,N/A,N/A,N/A,N/A,N/A,N/A,N/A,N/A,N/A,N/A,N/A,N/A,N/A,N/A,N/A,N/A,N/A,N/A,N/A,N/A,N/A,N/A,N/A,N/A,N/A,N/A,N/A
Helder Gomes Maciel,36,643532400,1990/05/24,Serie B,2026,Defender,São Bernardo,1018,568,450,Brazil,12,7,5,1,1,0,1,0,1,0,0,2,1,1,13,9,4,5,0,0.18,0.09,0.09,0.16,0,1018,1.15,78,85,204,1018,0.44,178,137,139,18,0,6.87,0.08,70,50.75,47.83,89,574,43.33,520,96,45.97,93,0.00,0.00,0.50,6,0.00,0.08,1.33,1.25,15,0.00,0.25,0.00,0.00,0.00,1.17,0.08,1.25,4.00,0.35,0.25,0.25,0.00,0.08,0.07,0.00,2.25,0.00,0.00,0,0,,4,0.33,19,1,0.09,24,3,0.27,21,1,1,11,56,0.00,99,0,14,1.24,85,1,99,0.09,19,0,0.00,99,0,0.00,0,0,0.00,0,0.53,38,3,0.27,23,1,0.09,33.33,0,0.00,0,0,0,0.00,0,15,0.00,35,1.33,67,N/A,N/A,N/A,N/A,0.00,0,0.00,0,0.87,0.00,0,90.59,25.00,46,70,0.33,0.35,4,21,31,0,0,0,0.42,0.44,5,73,82.39,4.92,5.22,59,0,0.00,0.00,99,0.00,0,0,0,0.00,0.00,0,0.00,0.00,0.00,0.00,0,0,25.00,97,52,31,90,35,1.85,74,0.15,0.16,0.87,46,0.07,0.08,58,15,1.25,1.33,0.88,0.83,26,10,0.08,45,68,90,75,0,46,89,0,0.00,99,27,0.00,2.39,7.51,7.08,85,56,65,36,4.95,4.67,65.88,3,0.27,73,0,100.00,0,0.00,99,1,0.08,0.09,37,51,41,36,0,0,0,0,0,64,62,68,75,0,99,17,25,88,5,42,99,3,0,0
Hélio Cunha Borges,26,958374000,2000/05/15,Serie B,2026,Forward,Novorizontino,129,48,81,Brazil,7,3,4,0,0,0,0,0,0,0,0,2,1,1,1,0,1,1,0,0,0,0,0,0,0,0.7,129,18,129,0,0.7,-1,-1,-1,21,0,4.61,0,58,23.54,4.86,22,34,4.14,29,75,20.08,31,0.00,0.00,0.29,2,0.00,0.71,1.38,0.29,2,0.00,0.00,0.00,0.00,0.00,0.29,0.14,0.43,0.00,0.69,0.14,0.71,0.00,0.00,0.01,0.00,0.14,0.00,0.00,0,0,,1,0.14,36,0,0.00,20,1,0.69,50,1,5,2,59,0.00,99,0,2,1.38,90,5,51,3.46,78,0,0.00,99,0,0.00,0,0,0.00,0,1.38,78,5,3.46,96,1,0.69,20.00,0,0.00,0,0,0,0.00,0,3,0.00,82,2.08,89,N/A,N/A,N/A,N/A,0.00,0,0.00,0,0.06,0.00,0,85.29,0.00,20,99,0.00,0.00,0,69,20,0,0,0,0.00,0.00,0,22,32.27,0.29,1.38,2,0,0.00,0.00,99,0.00,0,0,0,0.00,0.00,0,0.00,0.00,0.00,0.00,0,0,0.00,50,0,8,51,83,0.16,49,0.02,0.11,0.06,29,0.01,0.04,30,1,0.14,0.69,2.08,0.43,85,3,0.04,28,0,44,75,0,46,35,0,0.00,99,1,0.00,0.69,10.38,2.14,15,5,27,71,3.46,0.71,33.33,0,0.00,99,0,20.00,0,0.00,99,1,0.14,0.69,73,1,77,36,0,0,0,0,0,37,51,68,64,0,99,51,15,98,1,14,55,77,0,0
Helton Leite,35,657532800,1990/11/02,Serie B,2026,Goalkeeper,Vila Nova,2067,987,1080,Brazil,23,11,12,0,0,0,0,0,0,0,0,7,3,4,21,9,12,0,0,0,0,0,0,0,0,0.91,98,90,0,0,0,305,290,89,33,0,6.95,0,58,22.25,22.22,19,511,14.43,332,5,14.46,15,0.00,0.00,0.00,0,0.00,0.00,0.00,0.00,0,0.00,0.00,0.00,0.00,3.00,0.00,0.00,4.04,0.00,0.00,0.00,0.00,0.00,0.00,0.00,0.00,0.17,0.00,0.00,0,0,,0,0.00,8,0,0.00,20,0,0.00,8,1,0,23,6,0.00,99,0,0,0.00,9,0,30,0.00,15,0,0.00,99,0,0.00,0,0,0.00,0,0.00,7,0,0.00,12,0,0.00,0.00,0,0.00,0,69,59,3.00,52,93,0.00,58,4.05,96,N/A,N/A,N/A,N/A,74.19,0,0.00,0,0.00,0.00,0,64.97,0.00,20,93,0.04,0.04,1,17,17,0,0,48,0.00,0.00,0,22,159.87,1.26,1.26,29,0,0.00,0.00,99,0.00,0,0,0,0.00,0.00,14,0.61,0.61,0.00,0.00,0,0,0.00,50,99,99,51,59,0.78,4,0.03,0.03,0.00,9,0.00,0.00,9,6,0.26,0.26,0.00,0.00,6,0,0.00,8,80,40,75,63,46,6,0,0.00,99,4,0.00,0.17,0.44,0.43,10,9,3,3,0.39,0.39,90.00,0,0.00,99,0,0.00,0,0.00,99,0,0.00,0.00,30,99,24,36,0,0,0,0,0,37,51,68,64,0,99,54,13,13,0,0,13,1,0,0
Henri Marinho dos Santos,24,1014105600,2002/02/19,Serie B,2026,Defender,CRB,1167,537,630,Brazil,14,7,7,0,0,0,0,0,0,0,0,2,1,1,24,9,15,3,0,0,0,0,0,0,0,1.85,49,83,389,0,0.23,348,335,198,21,0,6.62,0,58,58.53,54.21,98,759,46.29,648,76,49.97,96,0.00,0.00,0.43,6,0.00,0.64,0.69,0.64,9,0.00,0.14,0.00,0.00,0.00,1.14,0.07,1.71,0.00,0.54,0.21,0.07,0.00,0.29,0.05,0.00,2.21,0.00,0.00,0,0,,7,0.50,26,4,0.31,53,3,0.23,18,1,1,13,20,0.00,99,0,16,1.23,84,9,56,0.69,44,0,0.00,99,0,0.00,0,0,0.00,0,0.46,32,1,0.08,13,1,0.08,100.00,0,0.00,0,0,0,0.00,0,24,0.00,5,1.85,84,N/A,N/A,N/A,N/A,0.00,0,0.00,0,0.69,0.00,0,85.38,57.14,95,56,0.43,0.46,6,19,99,0,0,0,0.43,0.46,6,75,92.65,3.79,4.09,53,1,0.00,0.08,9,0.07,0,0,0,0.00,0.00,0,0.00,0.00,0.08,0.07,1,0,0.00,50,60,41,51,6,1.62,56,0.12,0.12,0.69,34,0.05,0.05,10,4,0.29,0.31,0.85,0.79,24,11,0.05,33,30,84,75,0,57,89,0,0.00,99,31,0.00,2.39,5.78,5.36,75,45,27,14,3.47,3.21,60.00,2,0.15,81,0,22.22,0,0.00,99,2,0.14,0.15,46,58,41,36,0,0,0,0,0,37,51,68,64,0,99,14,59,55,3,21,73,44,0,0
Henrique Freitas Alves,27,925974000,1999/05/06,Serie B,2026,Midfielder,Atlético GO,149,61,88,Brazil,3,1,2,0,0,0,1,0,1,0,0,1,0,1,1,1,0,0,0,0.6,0.6,0,0,0,0,0.6,149,50,0,149,0,-1,-1,-1,13,0,6.81,0.33,99,21.74,12.00,18,36,9.00,27,22,16.31,20,0.00,0.00,0.33,1,0.00,1.00,1.81,1.00,3,0.00,1.00,0.00,0.00,0.00,0.00,0.00,0.33,0.00,3.62,1.00,0.33,0.00,1.00,0.19,0.00,0.67,0.00,0.00,0,0,,6,2.00,99,3,1.81,99,3,1.81,93,2,2,1,77,0.00,99,0,0,0.00,9,3,85,1.81,63,0,0.00,99,0,0.00,0,0,0.00,0,0.60,42,1,0.60,35,0,0.00,0.00,0,0.00,0,0,0,0.00,0,1,0.00,89,0.60,6,N/A,N/A,N/A,N/A,0.00,0,0.00,0,0.56,0.00,0,75.00,50.00,92,39,0.33,0.60,1,17,17,0,0,0,0.00,0.00,0,22,20.44,0.33,0.60,1,0,0.00,0.00,99,0.00,0,0,0,0.00,0.00,0,0.00,0.00,0.00,0.00,0,0,0.00,50,0,0,51,89,0.71,99,0.24,0.43,0.56,90,0.19,0.34,54,2,0.67,1.21,1.21,0.67,44,2,0.34,89,58,18,75,0,46,58,0,0.00,99,2,0.00,1.21,9.06,5.00,15,5,19,56,3.02,1.67,33.33,3,1.81,5,0,33.33,0,0.00,99,1,0.33,0.60,70,0,50,54,0,0,0,0,0,97,51,68,64,0,99,64,13,13,0,0,13,19,0,0
Henrique Teles,19,1157526000,2006/09/06,Serie B,2026,Defender,Botafogo SP,0,0,0,Brazil,0,0,0,0,0,0,0,0,0,0,0,0,0,0,0,0,0,0,0,0,0,0,0,0,0,0,0,0,0,0,0,-1,-1,-1,-1,N/A,N/A,N/A,N/A,N/A,N/A,N/A,N/A,N/A,N/A,N/A,N/A,N/A,N/A,N/A,N/A,N/A,N/A,N/A,N/A,N/A,N/A,N/A,N/A,N/A,N/A,N/A,N/A,N/A,N/A,N/A,N/A,N/A,N/A,N/A,N/A,N/A,N/A,N/A,N/A,N/A,N/A,N/A,N/A,N/A,N/A,N/A,N/A,N/A,N/A,N/A,N/A,N/A,N/A,N/A,N/A,N/A,N/A,N/A,N/A,N/A,N/A,N/A,N/A,N/A,N/A,N/A,N/A,N/A,N/A,N/A,N/A,N/A,N/A,N/A,N/A,N/A,N/A,N/A,N/A,N/A,N/A,N/A,N/A,N/A,N/A,N/A,N/A,N/A,N/A,N/A,N/A,N/A,N/A,N/A,N/A,N/A,N/A,N/A,N/A,N/A,N/A,N/A,N/A,N/A,N/A,N/A,N/A,N/A,N/A,N/A,N/A,N/A,N/A,N/A,N/A,N/A,N/A,N/A,N/A,N/A,N/A,N/A,N/A,N/A,N/A,N/A,N/A,N/A,N/A,N/A,N/A,N/A,N/A,N/A,N/A,N/A,N/A,N/A,N/A,N/A,N/A,N/A,N/A,N/A,N/A,N/A,N/A,N/A,N/A,N/A,N/A,N/A,N/A,N/A,N/A,N/A,N/A,N/A,N/A,N/A,N/A,N/A,N/A,N/A,N/A,N/A,N/A,N/A,N/A,N/A,N/A,N/A,N/A,N/A,N/A,N/A,N/A,N/A,N/A,N/A,N/A,N/A,N/A,N/A,N/A,N/A,N/A,N/A,N/A,N/A,N/A,N/A,N/A,N/A,N/A,N/A,N/A,N/A,N/A,N/A,N/A,N/A,N/A,N/A,N/A,N/A,N/A,N/A,N/A,N/A,N/A,N/A,N/A,N/A,N/A,N/A,N/A,N/A,N/A,N/A,N/A,N/A,N/A
Hernades Rodrigues da Silva,26,936255600,1999/09/02,Serie B,2026,Forward,Cuiabá,358,174,184,Brazil,5,2,3,2,0,2,1,1,0,0,0,3,0,3,3,3,0,2,0,0.75,0.25,0.5,0,0.98,179,0.75,119,72,179,358,0.5,16,33,-1,6,0,7.41,0.2,94,22.05,21.25,19,85,16.50,66,30,17.12,21,0.00,0.00,2.50,10,0.00,3.50,0.52,0.50,2,0.00,1.25,0.00,0.00,0.00,0.25,0.25,0.75,3.50,1.82,0.75,1.25,0.00,1.00,0.46,0.00,0.50,0.00,0.00,0,0,,7,1.75,75,4,1.04,93,3,0.78,54,1,1,4,14,0.00,99,0,1,0.26,20,14,52,3.63,80,0,0.00,99,0,0.00,0,0,0.00,0,2.59,97,5,1.30,67,1,0.26,20.00,0,0.00,0,0,0,0.00,0,3,0.00,76,0.78,18,N/A,N/A,N/A,N/A,0.00,0,0.00,0,1.83,0.00,0,77.65,57.14,95,99,0.00,0.00,0,35,20,0,0,0,0.00,0.00,0,22,29.64,0.50,0.52,2,0,0.00,0.00,99,0.00,0,0,1,0.25,0.26,0,0.00,0.00,0.26,0.25,1,0,28.57,98,0,2,53,76,1.08,95,0.27,0.28,1.83,97,0.46,0.47,82,8,2.00,2.07,1.82,1.75,78,7,0.47,96,99,14,99,0,80,23,0,0.00,99,2,0.00,0.52,8.30,8.00,32,13,25,45,3.37,3.25,40.62,5,1.30,14,0,21.43,0,0.00,99,3,0.75,0.78,77,8,41,36,0,1,0,20,0,98,97,99,64,0,99,95,20,93,2,40,98,10,0,0
Heron Crespo da Silva,26,966495600,2000/08/17,Serie B,2026,Defender,Londrina,1352,700,652,Brazil,21,10,11,0,0,0,1,1,0,0,0,4,4,0,23,11,12,2,0,0.07,0.07,0,0,0,0,1.53,59,64,676,1352,0.13,221,146,175,25,0,6.66,0.05,67,28.49,20.38,37,428,15.24,320,21,21.30,35,0.00,0.00,0.24,5,0.00,1.76,1.86,1.33,28,0.00,0.29,0.00,0.00,0.00,0.52,0.48,1.24,0.00,0.80,0.29,0.86,0.00,0.29,0.05,0.00,1.90,0.00,0.00,0,0,,12,0.57,42,6,0.40,63,6,0.40,32,2,3,18,80,0.00,99,0,11,0.73,52,37,40,2.46,67,0,0.00,99,0,0.00,0,0,0.00,0,0.33,23,18,1.20,63,10,0.67,55.56,0,0.00,0,0,0,0.00,0,26,0.00,13,1.73,82,N/A,N/A,N/A,N/A,0.00,0,0.00,0,1.09,0.00,0,74.77,50.00,92,48,0.38,0.53,8,66,71,0,0,0,0.43,0.60,9,83,139.81,2.90,4.06,61,0,0.00,0.00,99,0.00,0,0,0,0.00,0.00,0,0.00,0.00,0.13,0.10,2,0,0.00,50,72,88,51,14,1.49,43,0.07,0.10,1.09,42,0.05,0.07,72,25,1.19,1.66,1.20,0.86,42,18,0.07,41,35,83,75,0,64,92,0,0.00,99,40,0.00,2.66,10.45,7.48,157,103,92,73,6.86,4.90,65.61,6,0.40,64,0,16.22,0,0.00,99,6,0.29,0.40,63,82,62,54,0,0,0,0,0,43,51,68,64,0,99,22,83,31,2,10,37,34,0,0
Hiago Accinelli da Roza,20,1125644400,2005/09/02,Serie B,2026,Defender,Criciúma,237,174,63,Brazil,8,6,2,0,0,0,0,0,0,0,0,2,2,0,3,1,2,1,0,0,0,0,0,0,0,1.14,79,30,237,0,0.38,-1,-1,-1,24,0,6.73,0,58,47.09,15.50,84,124,12.75,102,54,38.73,81,0.00,0.00,0.75,6,0.00,2.50,1.90,0.62,5,0.00,0.25,0.00,0.00,0.00,0.25,0.38,0.38,0.00,3.80,1.12,0.75,0.00,0.12,0.08,0.00,0.38,0.00,0.00,0,0,,10,1.25,99,1,0.38,61,9,3.42,99,0,7,0,81,0.00,99,0,2,0.76,54,20,86,7.59,98,0,0.00,99,0,0.00,0,0,0.00,0,2.28,96,6,2.28,84,3,1.14,50.00,0,0.00,0,0,0,0.00,0,3,0.00,36,1.14,53,N/A,N/A,N/A,N/A,0.00,0,0.00,0,0.64,0.00,0,82.26,10.00,21,10,0.38,1.14,3,86,63,0,0,0,0.12,0.38,1,68,53.81,0.62,1.90,5,0,0.00,0.00,99,0.00,0,0,0,0.00,0.00,0,0.00,0.00,0.00,0.00,0,0,0.00,50,0,12,51,37,0.41,74,0.05,0.16,0.64,78,0.08,0.24,33,2,0.25,0.76,1.90,0.62,80,5,0.24,76,45,58,75,0,46,57,0,0.00,99,3,0.00,1.14,11.77,3.88,31,13,64,81,4.94,1.62,41.94,2,0.76,38,0,35.00,0,0.00,99,7,0.88,2.66,99,0,85,12,0,0,0,0,0,37,51,68,64,0,99,38,32,82,1,12,46,31,0,0
Higor Luiz de Souza,21,1104134400,2004/12/27,Serie B,2026,Defender,Vila Nova,1704,751,953,Brazil,22,10,12,0,0,0,2,2,0,0,0,7,3,4,12,7,5,4,0,0.11,0.11,0,0,0,0,0.63,142,77,426,852,0.21,358,118,29,15,0,6.81,0.09,74,42.89,36.91,77,812,27.64,608,21,32.11,64,0.00,0.00,0.27,6,0.00,1.64,1.64,1.41,31,0.00,0.18,0.00,0.00,0.00,1.23,0.68,0.73,0.00,1.11,0.82,1.23,0.00,0.14,0.06,0.00,1.36,0.00,0.00,0,0,,21,0.95,57,3,0.16,35,18,0.95,62,6,3,19,70,0.00,99,0,27,1.43,92,36,47,1.90,64,0,0.00,99,0,0.00,0,0,0.00,0,0.32,21,27,1.43,71,15,0.79,55.56,0,0.00,0,0,0,0.00,0,16,0.00,88,0.85,25,N/A,N/A,N/A,N/A,0.00,0,0.00,0,1.39,0.00,0,74.88,14.29,26,48,0.45,0.53,10,74,71,0,0,0,0.18,0.21,4,48,149.87,2.50,2.90,55,0,0.00,0.00,99,0.00,0,0,0,0.00,0.00,0,0.00,0.00,0.00,0.00,0,0,0.00,50,88,95,51,88,2.78,70,0.13,0.15,1.39,42,0.06,0.07,50,22,1.00,1.16,1.21,1.05,44,23,0.07,41,58,75,75,0,46,69,0,0.00,99,30,0.00,1.58,8.45,7.27,160,99,74,48,5.23,4.50,61.88,4,0.21,77,0,19.44,0,0.00,99,7,0.32,0.37,62,86,62,95,0,0,0,0,0,51,51,68,64,0,99,60,64,49,4,18,65,6,0,0
Higor Matheus Meritão,32,772354800,1994/06/23,Serie B,2026,Midfielder,Vila Nova,285,131,154,Brazil,6,2,4,0,0,0,0,0,0,0,0,1,0,1,5,2,3,0,0,0,0,0,0,0,0,1.58,57,48,0,0,0,278,229,-1,19,0,4.47,0,58,51.16,27.00,90,162,23.33,140,81,44.21,88,0.00,0.00,0.17,1,0.00,0.00,3.16,1.67,10,0.00,0.50,0.00,0.00,0.00,1.17,0.33,0.83,0.00,0.63,0.33,0.50,0.00,0.00,0.02,0.00,0.67,0.00,0.00,0,0,,2,0.33,32,0,0.00,20,2,0.63,45,1,2,4,99,0.00,99,0,7,2.21,99,0,30,0.00,15,0,0.00,99,0,0.00,0,0,0.00,0,0.32,21,3,0.95,52,2,0.63,66.67,0,0.00,0,0,0,0.00,0,5,0.00,10,1.58,78,N/A,N/A,N/A,N/A,0.00,0,0.00,0,0.10,0.00,0,86.42,0.00,20,2,0.83,1.58,5,65,85,0,0,0,0.00,0.00,0,22,26.83,1.00,1.89,6,0,0.00,0.00,99,0.00,0,0,0,0.00,0.00,0,0.00,0.00,0.32,0.17,1,0,0.00,50,0,3,51,11,0.29,35,0.05,0.09,0.10,24,0.02,0.03,69,5,0.83,1.58,2.84,1.50,97,9,0.03,24,0,57,75,0,84,59,0,0.00,99,4,0.00,1.26,13.26,7.00,42,21,90,90,6.63,3.50,50.00,3,0.95,28,0,0.00,0,0.00,99,0,0.00,0.00,30,8,50,36,0,0,0,0,0,37,51,68,64,0,99,17,13,13,0,0,13,21,0,0
Hildeberto José Morgado Pereira,30,825753600,1996/03/02,Serie B,2026,Forward,Operário PR,1229,623,606,Portugal,21,10,11,3,1,2,1,0,1,0,0,8,5,3,16,7,9,5,1,0.29,0.07,0.22,0.14,0.3,410,1.17,77,59,246,1229,0.37,83,147,-1,4,0,6.70,0.05,67,25.78,16.76,31,352,13.19,277,35,20.28,32,0.00,0.00,0.95,20,0.00,1.19,0.66,0.43,9,0.00,0.90,0.00,0.00,0.00,0.14,0.95,0.76,5.00,1.10,0.29,2.48,0.00,0.43,0.15,0.00,0.62,0.00,0.00,0,0,,15,0.71,56,9,0.66,80,6,0.44,33,2,5,16,19,0.00,99,0,3,0.22,17,25,51,1.83,63,0,0.00,99,0,0.00,0,0,0.00,0,1.46,81,52,3.81,97,20,1.46,38.46,0,0.00,0,0,0,0.00,0,16,0.00,33,1.17,56,N/A,N/A,N/A,N/A,0.00,0,0.00,0,3.23,0.00,0,78.69,60.00,96,29,0.48,0.73,10,92,34,0,0,0,0.10,0.15,2,40,140.73,0.19,0.29,4,0,0.00,0.00,99,0.00,0,0,0,0.00,0.00,0,0.00,0.00,0.81,0.52,11,1,20.00,94,64,88,68,34,1.83,63,0.09,0.13,3.23,78,0.15,0.24,64,20,0.95,1.46,0.95,0.62,30,13,0.24,76,41,6,75,0,97,49,0,0.00,99,13,0.00,0.95,11.79,7.67,161,63,57,82,4.61,3.00,39.13,19,1.39,13,0,20.00,0,0.00,99,5,0.24,0.37,62,74,77,54,0,1,0,5,0,78,84,90,74,0,99,73,34,80,4,19,68,14,0,0
Hueglo dos Santos Neris,34,708764400,1992/06/17,Serie B,2026,Defender,Fortaleza,344,164,180,Brazil,5,2,3,0,0,0,0,0,0,0,0,3,2,1,3,0,3,1,0,0,0,0,0,0,0,0.78,115,69,344,0,0.26,222,225,58,17,0,5.33,0,58,47.74,36.60,84,183,31.80,159,83,41.48,86,0.00,0.00,0.00,0,0.00,0.00,0.52,0.40,2,0.00,0.20,0.00,0.00,0.00,1.00,0.20,0.60,0.00,0.26,0.20,0.20,0.00,0.00,0.01,0.00,1.40,0.00,0.00,0,0,,1,0.20,13,0,0.00,20,1,0.26,21,1,1,4,14,0.00,99,0,5,1.30,88,0,30,0.00,15,0,0.00,99,0,0.00,0,0,0.00,0,0.00,7,1,0.26,23,1,0.26,100.00,0,0.00,0,0,0,0.00,0,3,0.00,72,0.78,18,N/A,N/A,N/A,N/A,0.00,0,0.00,0,0.06,0.00,0,86.89,0.00,20,49,0.40,0.52,2,35,99,0,0,0,0.60,0.78,3,90,26.67,3.80,4.96,19,0,0.00,0.00,99,0.00,0,0,0,0.00,0.00,0,0.00,0.00,0.00,0.00,0,0,0.00,50,0,2,51,72,0.32,27,0.06,0.08,0.06,19,0.01,0.02,9,1,0.20,0.26,1.57,1.20,65,6,0.02,18,1,88,75,0,46,78,0,0.00,99,7,0.00,1.83,6.78,5.20,26,11,16,27,2.87,2.20,42.31,1,0.26,73,0,0.00,0,0.00,99,0,0.00,0.00,30,8,41,36,0,0,0,0,0,37,51,68,64,0,99,95,52,62,1,20,70,23,0,0
Hugo Sanches Nogueira Ribeiro Magalhaes,32,773737200,1994/07/09,Serie B,2026,Defender,São Bernardo,177,53,124,Brazil,5,2,3,1,1,0,0,0,0,0,0,1,0,1,5,4,1,0,0,0.51,0,0.51,1.7,0,177,2.54,35,35,0,0,0,-1,-1,-1,15,0,5.23,0,58,33.97,12.83,52,77,10.00,60,31,26.47,48,0.00,0.00,0.17,1,0.00,1.00,1.32,0.50,3,0.00,0.00,0.00,0.00,0.00,0.17,0.00,1.17,1.00,0.44,0.00,0.17,0.00,0.17,0.11,0.00,0.17,0.00,0.00,0,0,,1,0.17,23,1,0.44,66,0,0.00,8,0,4,1,55,0.00,99,0,1,0.44,32,6,96,2.65,68,0,0.00,99,0,0.00,0,0,0.00,0,0.44,30,1,0.44,30,0,0.00,0.00,0,0.00,0,0,0,0.00,0,7,0.00,0,3.09,94,N/A,N/A,N/A,N/A,0.00,0,0.00,0,0.69,0.00,0,77.92,100.00,99,6,0.50,1.32,3,17,17,0,0,0,0.00,0.00,0,22,31.36,0.83,2.21,5,0,0.00,0.00,99,0.00,0,0,0,0.00,0.00,0,0.00,0.00,0.00,0.00,0,0,100.00,99,0,2,53,0,0.14,15,0.02,0.06,0.69,87,0.11,0.30,21,1,0.17,0.44,3.53,1.33,99,8,0.30,84,1,64,75,0,46,19,0,0.00,99,1,0.00,0.44,8.82,3.33,20,6,13,52,2.65,1.00,30.00,0,0.00,99,0,50.00,0,0.00,99,3,0.50,1.32,91,0,69,12,0,0,0,0,0,94,98,68,99,0,99,26,13,13,0,0,13,21,0,0
Hyan Carvalho Machado Silva,22,1080115200,2004/03/24,Serie B,2026,Midfielder,Avaí,29,29,0,Brazil,3,3,0,0,0,0,0,0,0,0,0,1,1,0,0,0,0,0,0,0,0,0,0,0,0,0,0,10,0,0,0,-1,-1,-1,31,0,6.62,0,58,40.26,4.25,69,17,3.75,15,91,35.53,73,0.00,0.00,0.25,1,0.00,0.50,4.74,0.50,2,0.00,0.00,0.00,0.00,0.00,0.25,0.00,0.00,0.00,4.74,0.25,0.00,0.00,0.25,0.04,0.00,0.25,0.00,0.00,0,0,,2,0.50,99,1,2.37,99,1,2.37,98,0,3,0,99,0.00,99,0,1,2.37,99,2,96,4.74,90,0,0.00,99,0,0.00,0,0,0.00,0,2.37,97,0,0.00,12,0,0.00,0.00,0,0.00,0,0,0,0.00,0,0,0.00,99,0.00,0,N/A,N/A,N/A,N/A,0.00,0,0.00,0,0.18,0.00,0,88.24,50.00,92,99,0.00,0.00,0,17,17,0,0,0,0.00,0.00,0,22,26.50,0.00,0.00,0,0,0.00,0.00,99,0.00,0,0,0,0.00,0.00,0,0.00,0.00,0.00,0.00,0,0,0.00,50,0,0,51,0,0.08,83,0.02,0.19,0.18,96,0.04,0.43,90,1,0.25,2.37,0.00,0.00,6,0,0.43,95,30,1,75,0,46,88,0,0.00,99,1,0.00,2.37,21.32,2.25,9,4,99,99,9.47,1.00,44.44,0,0.00,99,0,50.00,0,0.00,99,1,0.25,2.37,99,0,62,12,0,0,0,0,0,37,51,68,64,0,99,64,13,13,0,0,13,18,0,0
Hygor Cleber Garcia Silva,34,713689200,1992/08/13,Serie B,2026,Forward,Botafogo SP,1179,663,516,Brazil,16,8,8,5,5,0,0,0,0,0,0,5,1,4,12,8,4,0,0,0.38,0,0.38,0.68,0,236,0.92,98,74,0,0,0,25,293,-1,2,0,6.82,0,58,8.78,7.19,0,115,4.75,76,5,5.80,0,0.00,0.00,0.44,7,0.00,0.12,0.38,0.31,5,0.00,0.56,0.00,0.00,0.00,0.06,0.19,0.75,7.00,2.67,1.50,0.69,0.00,0.69,0.35,0.00,1.25,0.00,0.00,0,0,,35,2.19,92,11,0.84,87,24,1.83,93,2,0,16,11,0.00,99,0,1,0.08,11,2,30,0.15,24,0,0.00,99,0,0.00,0,0,0.00,0,0.53,38,11,0.84,47,3,0.23,27.27,0,0.00,0,0,0,0.00,0,12,0.00,58,0.92,31,N/A,N/A,N/A,N/A,0.00,0,0.00,0,5.55,0.00,0,66.09,31.43,56,56,0.38,0.46,6,32,22,0,0,0,0.31,0.38,5,68,109.05,0.38,0.46,6,0,0.00,0.00,99,0.00,0,0,2,0.12,0.15,0,0.00,0.00,1.07,0.88,14,0,14.29,84,61,54,55,59,0.45,4,0.03,0.03,5.55,96,0.35,0.42,87,29,1.81,2.21,0.99,0.81,33,13,0.42,94,59,12,94,0,99,67,0,0.00,99,20,0.00,1.53,9.85,8.06,129,55,48,65,4.20,3.44,42.64,9,0.69,44,0,0.00,0,0.00,99,0,0.00,0.00,30,74,24,54,0,1,0,6,0,86,96,68,98,0,99,57,13,13,0,0,13,9,0,0
Hygor Samuel Farias de Souza,17,1234684800,2009/02/15,Serie B,2026,Midfielder,Goiás,0,0,0,Brazil,0,0,0,0,0,0,0,0,0,0,0,0,0,0,0,0,0,0,0,0,0,0,0,0,0,0,0,0,0,0,0,-1,-1,-1,-1,N/A,N/A,N/A,N/A,N/A,N/A,N/A,N/A,N/A,N/A,N/A,N/A,N/A,N/A,N/A,N/A,N/A,N/A,N/A,N/A,N/A,N/A,N/A,N/A,N/A,N/A,N/A,N/A,N/A,N/A,N/A,N/A,N/A,N/A,N/A,N/A,N/A,N/A,N/A,N/A,N/A,N/A,N/A,N/A,N/A,N/A,N/A,N/A,N/A,N/A,N/A,N/A,N/A,N/A,N/A,N/A,N/A,N/A,N/A,N/A,N/A,N/A,N/A,N/A,N/A,N/A,N/A,N/A,N/A,N/A,N/A,N/A,N/A,N/A,N/A,N/A,N/A,N/A,N/A,N/A,N/A,N/A,N/A,N/A,N/A,N/A,N/A,N/A,N/A,N/A,N/A,N/A,N/A,N/A,N/A,N/A,N/A,N/A,N/A,N/A,N/A,N/A,N/A,N/A,N/A,N/A,N/A,N/A,N/A,N/A,N/A,N/A,N/A,N/A,N/A,N/A,N/A,N/A,N/A,N/A,N/A,N/A,N/A,N/A,N/A,N/A,N/A,N/A,N/A,N/A,N/A,N/A,N/A,N/A,N/A,N/A,N/A,N/A,N/A,N/A,N/A,N/A,N/A,N/A,N/A,N/A,N/A,N/A,N/A,N/A,N/A,N/A,N/A,N/A,N/A,N/A,N/A,N/A,N/A,N/A,N/A,N/A,N/A,N/A,N/A,N/A,N/A,N/A,N/A,N/A,N/A,N/A,N/A,N/A,N/A,N/A,N/A,N/A,N/A,N/A,N/A,N/A,N/A,N/A,N/A,N/A,N/A,N/A,N/A,N/A,N/A,N/A,N/A,N/A,N/A,N/A,N/A,N/A,N/A,N/A,N/A,N/A,N/A,N/A,N/A,N/A,N/A,N/A,N/A,N/A,N/A,N/A,N/A,N/A,N/A,N/A,N/A,N/A,N/A,N/A,N/A,N/A,N/A,N/A
Hyoran,33,738313200,1993/05/25,Serie B,2026,Midfielder,São Bernardo,743,382,361,Brazil,18,11,7,1,0,1,1,0,1,0,0,3,2,1,9,6,3,2,0,0.24,0.12,0.12,0,0.25,743,1.09,83,41,372,743,0.24,155,114,-1,14,0,6.68,0.06,76,26.98,12.39,35,223,9.39,169,24,20.44,34,0.00,0.00,0.83,15,0.00,2.00,0.85,0.39,7,0.00,0.89,0.00,0.00,0.00,0.06,0.44,0.56,27.00,3.27,1.17,1.33,0.00,0.33,0.13,0.00,0.17,0.00,0.00,0,0,,27,1.50,97,6,0.73,83,21,2.54,99,1,11,7,28,0.00,99,0,1,0.12,12,36,85,4.35,87,0,0.00,99,0,0.00,0,0,0.00,0,1.81,89,24,2.90,92,8,0.97,33.33,0,0.00,0,0,0,0.00,0,10,0.00,41,1.21,60,N/A,N/A,N/A,N/A,0.00,0,0.00,0,2.42,0.00,0,75.78,22.22,40,39,0.28,0.60,5,81,31,0,0,0,0.17,0.36,3,66,120.23,0.06,0.12,1,0,0.00,0.00,99,0.00,0,0,0,0.00,0.00,0,0.00,0.00,0.12,0.06,1,0,3.70,52,34,68,83,43,1.50,80,0.08,0.18,2.42,86,0.13,0.29,96,26,1.44,3.15,2.06,0.94,85,17,0.29,83,38,1,75,0,63,15,0,0.00,99,3,0.00,0.36,12.34,5.67,102,42,69,84,5.08,2.33,41.18,16,1.94,3,0,33.33,0,0.00,99,12,0.67,1.45,94,30,97,36,0,0,0,0,0,73,68,86,64,0,99,17,56,58,2,11,41,42,0,0
Iago Teles da Silva,26,962348400,2000/06/30,Serie B,2026,Forward,Londrina,1036,523,513,Brazil,13,7,6,3,2,1,3,2,1,0,0,3,3,0,12,4,8,6,1,0.52,0.26,0.26,0.34,0.18,345,1.04,86,80,148,345,0.61,64,31,-1,2,0,7.23,0.23,95,26.24,23.23,34,302,19.08,248,53,21.54,36,0.00,0.00,1.77,23,0.00,4.54,2.08,1.85,24,0.00,1.23,0.00,0.00,0.00,0.15,1.85,1.08,13.67,3.56,1.85,3.08,0.00,1.31,0.40,0.00,0.85,0.00,0.00,0,0,,41,3.15,99,17,1.48,98,24,2.08,96,1,0,13,87,0.00,99,0,2,0.17,14,59,74,5.13,93,0,0.00,99,0,0.00,0,0,0.00,0,2.00,92,40,3.47,96,24,2.08,60.00,0,0.00,0,0,0,0.00,0,14,0.00,45,1.22,60,N/A,N/A,N/A,N/A,0.00,0,0.00,0,5.21,0.00,0,82.12,41.46,80,7,1.08,1.22,14,97,77,0,0,0,0.00,0.00,0,22,94.05,1.08,1.22,14,0,0.00,0.00,99,0.00,0,0,0,0.00,0.00,0,0.00,0.00,0.17,0.15,2,1,7.32,62,53,35,62,45,3.13,95,0.24,0.27,5.21,97,0.40,0.45,91,29,2.23,2.52,2.52,2.23,93,29,0.45,96,96,40,75,0,70,50,0,0.00,99,11,0.00,0.96,15.03,13.31,173,88,96,95,7.64,6.77,50.87,16,1.39,13,0,28.81,0,0.00,99,17,1.31,1.48,95,58,24,36,0,0,0,0,0,95,89,81,89,0,99,32,18,96,5,38,97,11,0,0
Ian Luccas Baroni Boetto,23,1044950400,2003/02/11,Serie B,2026,Midfielder,Athletic Club,1320,646,674,Brazil,17,9,8,4,2,2,2,0,2,0,0,3,2,1,11,4,7,6,2,0.41,0.14,0.27,0.28,0.27,330,0.75,120,78,165,660,0.55,60,92,-1,2,0,6.77,0.12,80,22.91,19.76,21,336,14.47,246,16,16.77,21,0.00,0.00,1.00,17,0.00,0.41,1.43,1.24,21,0.00,1.53,0.00,0.00,0.00,0.47,0.29,0.71,8.50,2.32,1.41,1.65,0.00,0.59,0.28,0.00,1.71,0.00,0.00,0,0,,34,2.00,87,10,0.68,81,24,1.64,89,4,0,17,62,0.00,99,0,8,0.55,38,7,30,0.48,40,0,0.00,99,0,0.00,0,0,0.00,0,1.16,69,28,1.91,78,5,0.34,17.86,0,0.00,0,0,0,0.00,0,12,0.00,76,0.82,22,N/A,N/A,N/A,N/A,0.00,0,0.00,0,4.81,0.00,0,73.21,29.41,52,45,0.47,0.55,8,42,18,1,0,0,0.18,0.20,3,46,115.16,1.53,1.77,26,0,0.00,0.00,99,0.00,0,1,2,0.12,0.14,0,0.00,0.00,0.14,0.12,2,0,11.76,78,68,59,62,77,2.31,74,0.14,0.16,4.11,84,0.24,0.28,62,21,1.24,1.43,1.77,1.53,76,26,0.33,89,50,56,93,0,66,81,0,0.00,99,29,0.00,1.98,13.36,11.53,196,74,67,90,5.05,4.35,37.76,26,1.77,6,0,0.00,0,0.00,99,0,0.00,0.00,30,78,24,84,0,0,0,0,0,88,89,88,83,0,99,20,19,94,4,24,78,5,0,0
Iba Ly,23,1043222400,2003/01/22,Serie B,2026,Midfielder,Juventude,55,36,19,Senegal,6,4,2,0,0,0,0,0,0,0,0,5,4,1,0,0,0,0,0,0,0,0,0,0,0,0,0,9,0,0,0,-1,-1,-1,20,0,5.36,0,58,52.62,6.33,92,38,5.17,31,50,42.92,88,0.00,0.00,0.00,0,0.00,0.00,4.15,0.50,3,0.00,0.33,0.00,0.00,0.00,0.50,0.33,0.17,0.00,1.38,0.17,0.33,0.00,0.00,0.01,0.00,0.00,0.00,0.00,0,0,,1,0.17,63,0,0.00,20,1,1.38,82,0,6,0,99,0.00,99,0,3,4.15,99,0,30,0.00,15,0,0.00,99,0,0.00,0,0,0.00,0,0.00,7,2,2.77,91,2,2.77,100.00,0,0.00,0,0,0,0.00,0,1,0.00,99,1.38,71,N/A,N/A,N/A,N/A,0.00,0,0.00,0,0.05,0.00,0,81.58,0.00,20,5,0.17,1.38,1,98,99,0,0,0,0.00,0.00,0,22,32.19,0.33,2.77,2,1,0.00,1.38,0,0.17,0,0,0,0.00,0.00,0,0.00,0.00,0.00,0.00,0,0,0.00,50,0,3,51,0,0.07,43,0.01,0.10,0.05,42,0.01,0.07,93,2,0.33,2.77,9.69,1.17,99,7,0.07,41,1,72,75,0,46,2,0,0.00,99,0,0.00,0.00,22.15,2.67,16,7,99,99,9.69,1.17,43.75,2,2.77,0,0,0.00,0,0.00,99,0,0.00,0.00,30,0,81,12,0,0,0,0,0,37,51,68,64,0,99,99,13,13,0,0,13,26,0,0
Igor Aquino da Silva,33,736239600,1993/05/01,Serie B,2026,Defender,Vila Nova,242,106,136,Brazil,4,2,2,0,0,0,0,0,0,0,0,1,1,0,3,0,3,0,0,0,0,0,0,0,0,1.12,81,61,0,0,0,-1,-1,-1,20,0,6.66,0,58,40.54,27.25,69,109,21.75,87,39,32.36,65,0.00,0.00,0.00,0,0.00,1.00,2.60,1.75,7,0.00,0.50,0.00,0.00,0.00,1.25,0.00,0.75,0.00,0.37,0.00,0.25,0.00,0.25,0.04,0.00,0.75,0.00,0.00,0,0,,1,0.25,20,1,0.37,60,0,0.00,8,6,1,3,96,0.00,99,0,5,1.86,98,4,65,1.49,59,0,0.00,99,0,0.00,0,0,0.00,0,0.00,7,1,0.37,26,0,0.00,0.00,0,0.00,0,0,0,0.00,0,3,0.00,38,1.12,51,N/A,N/A,N/A,N/A,0.00,0,0.00,0,0.16,0.00,0,79.82,100.00,99,68,0.25,0.37,1,17,17,0,0,0,0.00,0.00,0,22,26.62,0.75,1.12,3,0,0.00,0.00,99,0.00,0,0,0,0.00,0.00,0,0.00,0.00,0.00,0.00,0,0,0.00,50,0,0,51,40,0.17,15,0.04,0.06,0.16,38,0.04,0.06,78,5,1.25,1.86,1.12,0.75,39,3,0.06,37,35,37,75,0,46,57,0,0.00,99,3,0.00,1.12,8.18,5.50,22,15,79,43,5.58,3.75,68.18,2,0.74,39,0,25.00,0,0.00,99,1,0.25,0.37,62,3,41,95,0,0,0,0,0,37,51,68,64,0,99,38,13,13,0,0,13,16,0,0
Igor Fernandes da Silva Araujo,34,707814000,1992/06/06,Serie B,2026,Defender,Náutico,1865,890,975,Brazil,23,11,12,1,0,1,1,1,0,0,0,6,5,1,25,8,17,3,0,0.1,0.05,0.05,0,0.09,1865,1.21,75,81,622,1865,0.14,208,174,147,8,0,6.92,0.04,60,45.94,41.39,82,952,35.22,810,75,39.09,83,0.00,0.00,0.87,20,0.00,1.22,1.25,1.13,26,0.00,0.26,0.00,0.00,0.00,0.83,0.09,1.09,10.00,0.48,0.26,0.13,0.00,0.17,0.06,0.00,1.70,0.00,0.00,0,0,,10,0.43,24,4,0.19,40,6,0.29,24,2,1,22,50,0.00,99,0,19,0.92,65,28,89,1.35,57,0,0.00,99,0,0.00,0,0,0.00,0,0.97,61,3,0.14,17,2,0.10,66.67,0,0.00,0,0,0,0.00,0,25,0.00,30,1.21,60,N/A,N/A,N/A,N/A,0.00,0,0.00,0,1.35,0.00,0,85.08,40.00,78,90,0.09,0.10,2,22,85,0,0,0,0.35,0.39,8,70,159.11,4.04,4.49,93,0,0.00,0.00,99,0.00,0,0,0,0.00,0.00,0,0.00,0.00,0.05,0.04,1,0,10.00,72,95,99,99,31,3.39,74,0.15,0.16,1.35,42,0.06,0.07,42,20,0.87,0.97,1.30,1.17,50,27,0.07,41,77,86,75,0,49,80,0,0.00,99,39,0.00,1.88,7.58,6.83,157,87,48,37,4.20,3.78,55.41,6,0.29,72,0,39.29,0,0.00,99,11,0.48,0.53,68,97,41,54,0,0,0,0,0,49,53,68,64,0,99,40,80,33,3,13,48,23,0,0
Igor Henrique Martins Machado,34,693216000,1991/12/20,Serie B,2026,Midfielder,Atlético GO,650,381,269,Brazil,13,8,5,0,0,0,0,0,0,0,0,2,1,1,6,2,4,2,1,0,0,0,0,0,0,0.83,108,50,217,0,0.42,317,298,-1,28,0,6.56,0,58,32.79,18.08,48,235,15.15,197,64,27.49,52,0.00,0.00,0.23,3,0.00,0.38,2.65,1.46,19,0.00,0.62,0.00,0.00,0.00,1.00,0.15,0.54,0.00,2.23,1.08,0.54,0.00,0.15,0.07,0.00,0.46,0.00,0.00,0,0,,16,1.23,85,2,0.28,51,14,1.95,96,7,6,7,97,0.00,99,0,13,1.81,97,5,30,0.70,45,0,0.00,99,0,0.00,0,0,0.00,0,0.42,29,7,0.98,53,2,0.28,28.57,0,0.00,0,0,0,0.00,0,7,0.00,66,0.98,39,N/A,N/A,N/A,N/A,0.00,0,0.00,0,0.87,0.00,0,83.83,12.50,24,32,0.38,0.70,5,36,24,0,0,0,0.08,0.14,1,38,85.26,0.69,1.26,9,1,0.00,0.14,4,0.08,0,0,1,0.08,0.14,0,0.00,0.00,0.00,0.00,0,0,0.00,50,28,35,51,66,0.57,27,0.04,0.08,0.87,59,0.07,0.12,95,22,1.69,3.07,3.35,1.85,99,24,0.12,58,24,40,93,0,46,43,0,0.00,99,6,0.00,0.84,13.53,7.46,97,49,92,91,6.84,3.77,50.52,8,1.12,21,0,0.00,0,0.00,99,0,0.00,0.00,30,30,81,99,0,0,0,0,0,37,51,68,64,0,99,15,28,86,1,8,30,15,0,0
Igor Inocêncio de Oliveira,28,893055600,1998/04/20,Serie B,2026,Defender,Cuiabá,379,269,110,Brazil,5,3,2,0,0,0,0,0,0,0,0,1,1,0,3,2,1,0,0,0,0,0,0,0,0,0.71,126,76,0,0,0,226,207,44,15,0,6.78,0,58,32.53,27.40,47,137,20.60,103,22,24.46,43,0.00,0.00,1.40,7,0.00,8.20,2.61,2.20,11,0.00,0.60,0.00,0.00,0.00,1.00,0.40,0.60,0.00,1.90,1.60,2.00,0.00,0.00,0.08,0.00,1.60,0.00,0.00,0,0,,8,1.60,78,0,0.00,20,8,1.90,95,2,1,4,96,0.00,99,0,5,1.19,83,41,60,9.74,99,0,0.00,99,0,0.00,0,0,0.00,0,1.66,85,10,2.37,86,2,0.47,20.00,0,0.00,0,0,0,0.00,0,3,0.00,81,0.71,13,N/A,N/A,N/A,N/A,0.00,0,0.00,0,0.39,0.00,0,75.18,0.00,20,31,0.60,0.71,3,54,20,0,0,0,0.00,0.00,0,22,33.90,1.60,1.90,8,1,0.00,0.24,1,0.20,0,0,1,0.20,0.24,0,0.00,0.00,0.00,0.00,0,0,0.00,50,1,2,51,81,0.48,49,0.10,0.11,0.39,50,0.08,0.09,22,2,0.40,0.47,1.90,1.60,80,8,0.09,49,51,58,99,0,46,80,0,0.00,99,8,0.00,1.90,12.11,10.20,51,22,73,83,5.22,4.40,43.14,3,0.71,42,0,24.39,0,0.00,99,10,2.00,2.37,99,8,41,54,0,0,0,0,0,37,51,68,64,0,99,26,13,13,0,0,13,2,0,0
Igor José Bohn,30,831020400,1996/05/02,Serie B,2026,Goalkeeper,Avaí,676,270,406,Brazil,8,3,5,0,0,0,0,0,0,0,0,2,2,0,8,1,7,0,0,0,0,0,0,0,0,1.07,85,85,0,0,0,274,255,121,27,0,7.08,0,58,26.09,24.50,32,196,11.12,89,0,11.85,8,0.00,0.00,0.00,0,0.00,0.00,0.00,0.00,0,0.00,0.00,0.00,0.00,4.12,0.00,0.00,5.25,0.00,0.00,0.00,0.00,0.00,0.00,0.00,0.00,0.50,0.00,0.00,0,0,,0,0.00,8,0,0.00,20,0,0.00,8,0,1,7,6,0.00,99,0,0,0.00,9,0,30,0.00,15,0,0.00,99,0,0.00,0,0,0.00,0,0.00,7,0,0.00,12,0,0.00,0.00,0,0.00,0,33,86,4.39,99,42,0.00,43,5.59,99,N/A,N/A,N/A,N/A,78.57,0,0.00,0,0.00,0.00,0,45.41,0.00,20,99,0.00,0.00,0,17,17,0,0,22,0.00,0.00,0,22,56.61,2.00,2.13,16,0,0.00,0.00,99,0.00,0,0,0,0.00,0.00,9,1.12,1.20,0.00,0.00,0,0,0.00,50,30,12,51,44,0.17,1,0.02,0.02,0.00,9,0.00,0.00,18,3,0.38,0.40,0.00,0.00,6,0,0.00,8,89,62,75,93,46,24,0,0.00,99,4,0.00,0.53,0.80,0.75,6,6,6,6,0.80,0.75,100.00,0,0.00,99,0,0.00,0,0.00,99,0,0.00,0.00,30,30,41,12,0,0,0,0,0,37,51,68,64,0,99,38,13,13,0,0,13,1,0,0
Isaías Pereira da Silva,21,1099119600,2004/10/30,Serie B,2026,Forward,Avaí,53,29,24,Brazil,6,3,3,0,0,0,0,0,0,0,0,1,1,0,1,0,1,1,0,0,0,0,0,0,0,1.7,53,9,53,0,1.7,-1,-1,-1,26,0,5.16,0,58,18.37,2.00,13,10,1.00,5,0,9.18,3,0.00,0.00,0.00,0,0.00,0.40,1.84,0.20,1,0.00,0.20,0.00,0.00,0.00,0.00,0.20,0.40,0.00,9.18,0.80,0.80,0.00,0.20,0.07,0.00,0.20,0.00,0.00,0,0,,5,1.00,99,1,1.84,99,4,7.35,99,0,6,0,78,0.00,99,0,0,0.00,9,2,30,3.67,80,0,0.00,99,0,0.00,0,0,0.00,0,0.00,7,4,7.35,99,1,1.84,25.00,0,0.00,0,0,0,0.00,0,2,0.00,8,3.67,95,N/A,N/A,N/A,N/A,0.00,0,0.00,0,0.37,0.00,0,50.00,20.00,36,99,0.00,0.00,0,97,21,0,0,0,0.00,0.00,0,22,25.79,0.00,0.00,0,0,0.00,0.00,99,0.00,0,0,0,0.00,0.00,0,0.00,0.00,1.84,0.20,1,0,0.00,50,0,3,51,9,0.01,1,0.00,0.02,0.37,99,0.07,0.68,2,0,0.00,0.00,1.84,0.20,79,1,0.68,99,1,1,75,0,99,78,0,0.00,99,1,0.00,1.84,22.04,2.40,12,3,77,99,5.51,0.60,25.00,1,1.84,4,0,0.00,0,0.00,99,0,0.00,0.00,30,0,81,12,0,0,0,0,0,37,51,68,64,0,99,17,13,99,1,17,62,20,0,0
Isaque Vitor Kaminski Borba Ferreira,19,1158130800,2006/09/13,Serie B,2026,Forward,Náutico,0,0,0,Greece,0,0,0,0,0,0,0,0,0,0,0,0,0,0,0,0,0,0,0,0,0,0,0,0,0,0,0,0,0,0,0,-1,-1,-1,-1,N/A,N/A,N/A,N/A,N/A,N/A,N/A,N/A,N/A,N/A,N/A,N/A,N/A,N/A,N/A,N/A,N/A,N/A,N/A,N/A,N/A,N/A,N/A,N/A,N/A,N/A,N/A,N/A,N/A,N/A,N/A,N/A,N/A,N/A,N/A,N/A,N/A,N/A,N/A,N/A,N/A,N/A,N/A,N/A,N/A,N/A,N/A,N/A,N/A,N/A,N/A,N/A,N/A,N/A,N/A,N/A,N/A,N/A,N/A,N/A,N/A,N/A,N/A,N/A,N/A,N/A,N/A,N/A,N/A,N/A,N/A,N/A,N/A,N/A,N/A,N/A,N/A,N/A,N/A,N/A,N/A,N/A,N/A,N/A,N/A,N/A,N/A,N/A,N/A,N/A,N/A,N/A,N/A,N/A,N/A,N/A,N/A,N/A,N/A,N/A,N/A,N/A,N/A,N/A,N/A,N/A,N/A,N/A,N/A,N/A,N/A,N/A,N/A,N/A,N/A,N/A,N/A,N/A,N/A,N/A,N/A,N/A,N/A,N/A,N/A,N/A,N/A,N/A,N/A,N/A,N/A,N/A,N/A,N/A,N/A,N/A,N/A,N/A,N/A,N/A,N/A,N/A,N/A,N/A,N/A,N/A,N/A,N/A,N/A,N/A,N/A,N/A,N/A,N/A,N/A,N/A,N/A,N/A,N/A,N/A,N/A,N/A,N/A,N/A,N/A,N/A,N/A,N/A,N/A,N/A,N/A,N/A,N/A,N/A,N/A,N/A,N/A,N/A,N/A,N/A,N/A,N/A,N/A,N/A,N/A,N/A,N/A,N/A,N/A,N/A,N/A,N/A,N/A,N/A,N/A,N/A,N/A,N/A,N/A,N/A,N/A,N/A,N/A,N/A,N/A,N/A,N/A,N/A,N/A,N/A,N/A,N/A,N/A,N/A,N/A,N/A,N/A,N/A,N/A,N/A,N/A,N/A,N/A,N/A
Italo Brito,20,1148886000,2006/05/29,Serie B,2026,Goalkeeper,América Mineiro,0,0,0,Brazil,0,0,0,0,0,0,0,0,0,0,0,0,0,0,0,0,0,0,0,0,0,0,0,0,0,0,0,0,0,0,0,-1,-1,-1,-1,N/A,N/A,N/A,N/A,N/A,N/A,N/A,N/A,N/A,N/A,N/A,N/A,N/A,N/A,N/A,N/A,N/A,N/A,N/A,N/A,N/A,N/A,N/A,N/A,N/A,N/A,N/A,N/A,N/A,N/A,N/A,N/A,N/A,N/A,N/A,N/A,N/A,N/A,N/A,N/A,N/A,N/A,N/A,N/A,N/A,N/A,N/A,N/A,N/A,N/A,N/A,N/A,N/A,N/A,N/A,N/A,N/A,N/A,N/A,N/A,N/A,N/A,N/A,N/A,N/A,N/A,N/A,N/A,N/A,N/A,N/A,N/A,N/A,N/A,N/A,N/A,N/A,N/A,N/A,N/A,N/A,N/A,N/A,N/A,N/A,N/A,N/A,N/A,N/A,N/A,N/A,N/A,N/A,N/A,N/A,N/A,N/A,N/A,N/A,N/A,N/A,N/A,N/A,N/A,N/A,N/A,N/A,N/A,N/A,N/A,N/A,N/A,N/A,N/A,N/A,N/A,N/A,N/A,N/A,N/A,N/A,N/A,N/A,N/A,N/A,N/A,N/A,N/A,N/A,N/A,N/A,N/A,N/A,N/A,N/A,N/A,N/A,N/A,N/A,N/A,N/A,N/A,N/A,N/A,N/A,N/A,N/A,N/A,N/A,N/A,N/A,N/A,N/A,N/A,N/A,N/A,N/A,N/A,N/A,N/A,N/A,N/A,N/A,N/A,N/A,N/A,N/A,N/A,N/A,N/A,N/A,N/A,N/A,N/A,N/A,N/A,N/A,N/A,N/A,N/A,N/A,N/A,N/A,N/A,N/A,N/A,N/A,N/A,N/A,N/A,N/A,N/A,N/A,N/A,N/A,N/A,N/A,N/A,N/A,N/A,N/A,N/A,N/A,N/A,N/A,N/A,N/A,N/A,N/A,N/A,N/A,N/A,N/A,N/A,N/A,N/A,N/A,N/A,N/A,N/A,N/A,N/A,N/A,N/A
Italo Gabriel Charbaje de Souza,16,1265184000,2010/02/03,Serie B,2026,Forward,América Mineiro,64,64,0,Brazil,5,5,0,0,0,0,0,0,0,0,0,1,1,0,0,0,0,0,0,0,0,0,0,0,0,0,0,13,0,0,0,-1,-1,-1,15,0,5.22,0,58,34.62,5.00,53,25,3.20,16,3,22.15,37,0.00,0.00,0.00,0,0.00,0.60,5.54,0.80,4,0.00,0.80,0.00,0.00,0.00,0.60,0.20,0.00,0.00,0.00,0.00,0.80,0.00,0.00,0.00,0.00,0.40,0.00,0.00,0,0,,0,0.00,8,0,0.00,20,0,0.00,8,0,5,0,99,0.00,99,0,3,4.15,99,3,30,4.15,86,0,0.00,99,0,0.00,0,0,0.00,0,0.00,7,4,5.54,98,1,1.38,25.00,0,0.00,0,0,0,0.00,0,0,0.00,99,0.00,0,N/A,N/A,N/A,N/A,0.00,0,0.00,0,0.00,0.00,0,64.00,0.00,20,99,0.00,0.00,0,90,21,0,0,0,0.00,0.00,0,22,26.08,0.00,0.00,0,0,0.00,0.00,99,0.00,0,0,0,0.00,0.00,0,0.00,0.00,0.00,0.00,0,0,0.00,50,0,2,51,0,0.04,15,0.01,0.06,0.00,9,0.00,0.00,93,2,0.40,2.77,0.00,0.00,6,0,0.00,8,1,1,75,0,46,93,0,0.00,99,2,0.00,2.77,30.46,4.40,22,9,99,99,12.46,1.80,40.91,4,5.54,0,0,0.00,0,0.00,99,0,0.00,0.00,30,0,77,12,0,0,0,0,0,37,51,68,64,0,99,26,13,13,0,0,13,39,0,0
Iury Lirio Freitas de Castilho,30,810370800,1995/09/06,Serie B,2026,Forward,Sport Recife,659,278,381,Brazil,13,7,6,1,0,1,1,1,0,0,0,7,3,4,1,0,1,5,1,0.27,0.14,0.14,0,0.24,659,0.14,659,51,110,659,0.82,134,95,-1,8,0,6.21,0.08,80,17.73,10.00,12,130,8.69,113,83,15.41,18,0.00,0.00,0.62,8,0.00,0.62,2.05,1.15,15,0.00,0.62,0.00,0.00,0.00,0.00,0.38,0.15,21.00,2.86,1.08,1.08,0.00,0.54,0.17,0.00,0.46,0.00,0.00,0,0,,21,1.62,94,7,0.95,91,14,1.91,95,1,7,6,86,0.00,99,0,0,0.00,9,8,65,1.09,53,0,0.00,99,0,0.00,0,0,0.00,0,1.09,67,14,1.91,78,5,0.68,35.71,0,0.00,0,0,0,0.00,0,2,0.00,99,0.27,0,N/A,N/A,N/A,N/A,0.00,0,0.00,0,2.21,0.00,0,86.92,33.33,66,11,0.62,1.09,8,68,31,0,0,0,0.15,0.27,2,59,80.74,0.23,0.41,3,0,0.00,0.00,99,0.00,0,0,0,0.00,0.00,0,0.00,0.00,0.14,0.08,1,0,4.76,55,28,35,81,99,1.10,70,0.08,0.15,2.21,87,0.17,0.30,66,11,0.85,1.50,1.50,0.85,61,11,0.30,84,10,10,75,0,66,42,0,0.00,99,6,0.00,0.82,10.77,6.08,79,37,67,75,5.05,2.85,46.84,8,1.09,22,0,25.00,0,0.00,99,2,0.15,0.27,56,23,85,36,0,0,0,0,0,75,72,85,64,0,99,93,13,99,4,31,91,95,0,0
Jackson Diego Ibraim Fagundes,30,815126400,1995/10/31,Serie B,2026,Midfielder,Ceará,507,343,164,Brazil,8,5,3,0,0,0,0,0,0,0,0,2,1,1,7,5,2,1,0,0,0,0,0,0,0,1.24,72,63,507,0,0.18,268,284,-1,26,0,6.78,0,58,42.25,29.75,74,238,27.00,216,97,38.34,80,0.00,0.00,1.00,8,0.00,1.12,1.07,0.75,6,0.00,0.50,0.00,0.00,0.00,0.50,0.38,0.88,0.00,0.89,0.38,0.88,0.00,0.25,0.04,0.00,0.12,0.00,0.00,0,0,,5,0.62,44,2,0.36,59,3,0.53,38,7,1,7,40,0.00,99,0,4,0.71,50,9,56,1.60,60,0,0.00,99,0,0.00,0,0,0.00,0,1.42,79,7,1.24,65,3,0.53,42.86,0,0.00,0,0,0,0.00,0,7,0.00,27,1.24,62,N/A,N/A,N/A,N/A,0.00,0,0.00,0,0.34,0.00,0,90.76,40.00,78,31,0.50,0.71,4,59,41,0,0,0,0.25,0.36,2,66,54.24,1.38,1.95,11,1,0.00,0.18,2,0.12,0,0,0,0.00,0.00,0,0.00,0.00,0.00,0.00,0,0,0.00,50,13,12,51,27,0.63,49,0.08,0.11,0.34,38,0.04,0.06,95,17,2.12,3.02,1.42,1.00,55,8,0.06,37,51,60,75,0,46,6,0,0.00,99,1,0.00,0.18,9.41,6.62,53,27,60,61,4.79,3.38,50.94,4,0.71,42,0,22.22,0,0.00,99,2,0.25,0.36,61,30,41,99,0,0,0,0,0,37,51,68,64,0,99,38,70,43,1,12,46,20,0,0
Jader,23,1059030000,2003/07/24,Serie B,2026,Forward,Atlético GO,22,22,0,Brazil,2,2,0,0,0,0,0,0,0,0,0,1,1,0,0,0,0,0,0,0,0,0,0,0,0,0,0,11,0,0,0,-1,-1,-1,20,0,6.62,0,58,20.45,2.50,16,5,2.50,5,99,20.45,34,0.00,0.00,0.00,0,0.00,1.00,0.00,0.00,0,0.00,0.00,0.00,0.00,0.00,0.00,0.00,0.00,0.00,8.18,0.50,0.50,0.00,0.50,0.09,0.00,0.00,0.00,0.00,0,0,,2,1.00,99,1,4.09,99,1,4.09,99,0,2,0,6,0.00,99,0,0,0.00,9,2,30,8.18,99,0,0.00,99,0,0.00,0,0,0.00,0,0.00,7,1,4.09,98,0,0.00,0.00,0,0.00,0,0,0,0.00,0,0,0.00,99,0.00,0,N/A,N/A,N/A,N/A,0.00,0,0.00,0,0.18,0.00,0,100.00,50.00,92,0,0.50,4.09,1,17,17,0,0,0,0.00,0.00,0,22,13.25,0.00,0.00,0,0,0.00,0.00,99,0.00,0,0,0,0.00,0.00,0,0.00,0.00,0.00,0.00,0,0,0.00,50,0,0,51,0,0.01,8,0.01,0.04,0.18,99,0.09,0.74,99,3,1.50,12.27,8.18,1.00,99,2,0.74,99,30,1,75,0,46,2,0,0.00,99,0,0.00,0.00,28.64,3.50,7,3,99,99,12.27,1.50,42.86,0,0.00,99,0,0.00,0,0.00,99,0,0.00,0.00,30,0,50,12,0,0,0,0,0,37,51,68,64,0,99,92,13,13,0,0,13,19,0,0
Jamerson dos Santos Nascimento,19,1161500400,2006/10/22,Serie B,2026,Midfielder,Avaí,44,35,9,Brazil,4,3,1,0,0,0,0,0,0,0,0,1,1,0,0,0,0,0,0,0,0,0,0,0,0,0,0,11,0,0,0,-1,-1,-1,32,0,4.92,0,58,34.77,4.25,53,17,3.75,15,91,30.68,60,0.00,0.00,0.25,1,0.00,0.25,0.00,0.00,0,0.00,0.00,0.00,0.00,0.00,0.25,0.00,0.25,0.00,0.00,0.00,0.00,0.00,0.00,0.00,0.00,0.25,0.00,0.00,0,0,,0,0.00,8,0,0.00,20,0,0.00,8,0,4,0,6,0.00,99,0,1,2.05,99,1,30,2.05,65,0,0.00,99,0,0.00,0,0,0.00,0,2.05,93,0,0.00,12,0,0.00,0.00,0,0.00,0,0,0,0.00,0,1,0.00,99,2.05,88,N/A,N/A,N/A,N/A,0.00,0,0.00,0,0.00,0.00,0,88.24,0.00,20,0,0.25,2.05,1,17,17,0,0,0,0.00,0.00,0,22,19.67,0.25,2.05,1,0,0.00,0.00,99,0.00,0,0,0,0.00,0.00,0,0.00,0.00,0.00,0.00,0,0,0.00,50,0,0,51,0,0.08,74,0.02,0.16,0.00,9,0.00,0.00,2,0,0.00,0.00,2.05,0.25,84,1,0.00,8,0,61,75,0,46,82,0,0.00,99,1,0.00,2.05,6.14,0.75,3,1,8,18,2.05,0.25,33.33,0,0.00,99,0,0.00,0,0.00,99,0,0.00,0.00,30,0,69,12,0,0,0,0,0,37,51,68,64,0,99,38,13,13,0,0,13,16,0,0
Janderson Santos de Souza,27,920016000,1999/02/26,Serie B,2026,Forward,Vila Nova,1892,824,1068,Brazil,23,10,13,6,4,2,6,3,3,0,0,6,2,4,19,9,10,3,0,0.57,0.29,0.29,0.44,0.17,315,0.9,100,82,631,315,0.14,46,21,-1,1,0,7.10,0.26,96,26.02,23.78,32,547,19.17,441,43,20.98,35,0.00,0.00,1.48,34,0.00,3.22,1.43,1.30,30,0.00,1.04,0.00,0.00,0.00,0.30,1.43,0.96,7.33,2.09,1.09,2.96,0.00,0.83,0.31,0.00,0.13,0.00,0.00,0,0,,44,1.91,83,19,0.90,89,25,1.19,74,1,0,23,62,0.00,99,0,7,0.33,24,74,40,3.52,79,0,0.00,99,0,0.00,0,0,0.00,0,1.62,84,68,3.23,94,33,1.57,48.53,0,0.00,0,0,0,0.00,0,22,0.00,60,1.05,46,N/A,N/A,N/A,N/A,0.00,0,0.00,0,7.24,0.00,0,80.62,43.18,83,21,0.78,0.86,18,94,51,0,0,0,0.00,0.00,0,22,163.39,0.39,0.43,9,0,0.00,0.00,99,0.00,0,0,2,0.09,0.10,0,0.00,0.00,0.24,0.22,5,0,13.64,82,97,99,61,61,5.64,95,0.25,0.27,7.24,90,0.31,0.34,88,47,2.04,2.24,1.43,1.30,56,30,0.34,89,92,11,89,0,79,3,0,0.00,99,3,0.00,0.14,11.61,10.61,244,117,79,80,5.57,5.09,47.95,24,1.14,20,0,16.22,0,0.00,99,12,0.52,0.57,68,99,24,36,0,1,0,4,0,96,91,80,94,0,99,40,81,33,3,13,48,99,0,0
Jandrei Chitolina Carniel,33,730972800,1993/03/01,Serie B,2026,Goalkeeper,Juventude,1890,990,900,Brazil,21,11,10,0,0,0,0,0,0,0,0,15,10,5,11,1,10,2,0,0,0,0,0,0,0,0.52,172,90,945,0,0.1,443,438,15,24,0,7.32,0,58,32.62,32.62,47,685,22.29,468,8,22.29,38,0.00,0.00,0.05,1,0.00,0.00,0.00,0.00,0,0.00,0.00,0.00,0.00,2.81,0.05,0.00,3.38,0.00,0.00,0.00,0.00,0.00,0.00,0.00,0.00,0.67,0.00,0.00,0,0,,0,0.00,8,0,0.00,20,0,0.00,8,0,0,21,6,0.00,99,0,1,0.05,10,0,30,0.00,15,0,0.00,99,0,0.00,0,0,0.00,0,0.05,8,0,0.00,12,0,0.00,0.00,0,0.00,0,59,97,2.81,34,71,0.00,94,3.38,94,N/A,N/A,N/A,N/A,83.10,0,0.00,0,0.00,0.00,0,68.32,0.00,20,99,0.00,0.00,0,17,17,0,0,28,0.00,0.00,0,22,153.65,1.62,1.62,34,1,0.00,0.05,12,0.05,0,0,0,0.00,0.00,23,1.10,1.10,0.00,0.00,0,0,0.00,50,96,88,51,94,0.95,11,0.05,0.05,0.00,9,0.00,0.00,20,9,0.43,0.43,0.05,0.05,6,1,0.00,8,98,52,75,87,46,33,0,0.00,99,14,0.00,0.67,1.10,1.10,23,22,7,7,1.05,1.05,95.65,0,0.00,99,0,0.00,0,0.00,99,0,0.00,0.00,30,94,24,12,0,0,0,0,0,37,51,68,64,0,99,97,89,25,2,10,37,93,0,0
Jardiel Maciel Libertino da Silva,21,1116658800,2005/05/21,Serie B,2026,Forward,Novorizontino,7,7,0,Brazil,1,1,0,0,0,0,0,0,0,0,0,0,0,0,1,1,0,0,0,0,0,0,0,0,0,12.86,7,7,0,0,0,-1,-1,-1,25,0,6.84,0,58,51.43,4.00,90,4,2.00,2,0,25.71,46,0.00,0.00,0.00,0,0.00,0.00,12.86,1.00,1,0.00,0.00,0.00,0.00,0.00,0.00,0.00,1.00,0.00,25.71,0.00,0.00,0.00,2.00,0.27,0.00,0.00,0.00,0.00,0,0,,2,2.00,99,2,25.71,99,0,0.00,8,0,1,0,99,0.00,99,0,0,0.00,9,0,30,0.00,15,0,0.00,99,0,0.00,0,0,0.00,0,0.00,7,0,0.00,12,0,0.00,0.00,0,0.00,0,0,0,0.00,0,1,0.00,3,12.86,99,N/A,N/A,N/A,N/A,0.00,0,0.00,0,0.27,0.00,0,50.00,100.00,99,99,0.00,0.00,0,17,17,0,0,0,0.00,0.00,0,22,6.84,0.00,0.00,0,0,0.00,0.00,99,0.00,0,0,0,0.00,0.00,0,0.00,0.00,0.00,0.00,0,0,0.00,50,0,0,51,0,0.00,0,0.00,0.00,0.27,99,0.27,3.47,2,0,0.00,0.00,0.00,0.00,6,0,3.47,99,63,1,75,0,46,2,0,0.00,99,0,0.00,0.00,12.86,1.00,1,1,99,88,12.86,1.00,100.00,0,0.00,99,0,0.00,0,0.00,99,0,0.00,0.00,30,0,41,12,0,0,0,0,0,37,51,68,64,0,99,2,13,13,0,0,13,40,0,0
Jean Carlos Alves Ferreira,21,1115535600,2005/05/08,Serie B,2026,Midfielder,Goiás,1099,442,657,Brazil,18,8,10,1,0,1,0,0,0,0,0,6,4,2,14,6,8,0,0,0.08,0,0.08,0,0.14,1099,1.15,79,61,0,0,0,181,389,-1,7,0,6.58,0,58,19.24,13.06,14,235,11.22,202,79,16.54,20,0.00,0.00,0.44,8,0.00,0.72,1.56,1.06,19,0.00,0.89,0.00,0.00,0.00,0.22,0.94,0.83,21.00,1.72,0.78,2.44,0.00,0.39,0.12,0.00,0.39,0.00,0.00,0,0,,21,1.17,73,7,0.57,75,14,1.15,72,1,2,16,68,0.00,99,0,4,0.33,24,13,78,1.06,53,0,0.00,99,0,0.00,0,0,0.00,0,0.66,44,44,3.60,97,17,1.39,38.64,0,0.00,0,0,0,0.00,0,15,0.00,35,1.23,61,N/A,N/A,N/A,N/A,0.00,0,0.00,0,2.11,0.00,0,85.96,33.33,66,23,0.56,0.82,10,91,34,0,0,0,0.00,0.00,0,22,118.45,0.39,0.57,7,0,0.00,0.00,99,0.00,0,0,0,0.00,0.00,0,0.00,0.00,0.90,0.61,11,0,4.76,55,56,68,91,37,0.74,15,0.04,0.06,2.11,67,0.12,0.17,71,20,1.11,1.64,1.39,0.94,54,17,0.17,66,26,17,75,0,98,28,0,0.00,99,7,0.00,0.57,12.04,8.17,147,62,69,83,5.08,3.44,42.18,16,1.31,14,0,30.77,0,0.00,99,4,0.22,0.33,59,74,50,36,0,0,0,0,0,45,60,75,64,0,99,64,13,13,0,0,13,21,0,0
Jean Carlos Batista,26,964422000,2000/07/24,Serie B,2026,Goalkeeper,Cuiabá,0,0,0,Brazil,0,0,0,0,0,0,0,0,0,0,0,0,0,0,0,0,0,0,0,0,0,0,0,0,0,0,0,0,0,0,0,-1,-1,-1,-1,N/A,N/A,N/A,N/A,N/A,N/A,N/A,N/A,N/A,N/A,N/A,N/A,N/A,N/A,N/A,N/A,N/A,N/A,N/A,N/A,N/A,N/A,N/A,N/A,N/A,N/A,N/A,N/A,N/A,N/A,N/A,N/A,N/A,N/A,N/A,N/A,N/A,N/A,N/A,N/A,N/A,N/A,N/A,N/A,N/A,N/A,N/A,N/A,N/A,N/A,N/A,N/A,N/A,N/A,N/A,N/A,N/A,N/A,N/A,N/A,N/A,N/A,N/A,N/A,N/A,N/A,N/A,N/A,N/A,N/A,N/A,N/A,N/A,N/A,N/A,N/A,N/A,N/A,N/A,N/A,N/A,N/A,N/A,N/A,N/A,N/A,N/A,N/A,N/A,N/A,N/A,N/A,N/A,N/A,N/A,N/A,N/A,N/A,N/A,N/A,N/A,N/A,N/A,N/A,N/A,N/A,N/A,N/A,N/A,N/A,N/A,N/A,N/A,N/A,N/A,N/A,N/A,N/A,N/A,N/A,N/A,N/A,N/A,N/A,N/A,N/A,N/A,N/A,N/A,N/A,N/A,N/A,N/A,N/A,N/A,N/A,N/A,N/A,N/A,N/A,N/A,N/A,N/A,N/A,N/A,N/A,N/A,N/A,N/A,N/A,N/A,N/A,N/A,N/A,N/A,N/A,N/A,N/A,N/A,N/A,N/A,N/A,N/A,N/A,N/A,N/A,N/A,N/A,N/A,N/A,N/A,N/A,N/A,N/A,N/A,N/A,N/A,N/A,N/A,N/A,N/A,N/A,N/A,N/A,N/A,N/A,N/A,N/A,N/A,N/A,N/A,N/A,N/A,N/A,N/A,N/A,N/A,N/A,N/A,N/A,N/A,N/A,N/A,N/A,N/A,N/A,N/A,N/A,N/A,N/A,N/A,N/A,N/A,N/A,N/A,N/A,N/A,N/A,N/A,N/A,N/A,N/A,N/A,N/A
Jean Carlos de Souza Irmer,31,780562800,1994/09/26,Serie B,2026,Midfielder,Criciúma,366,172,194,Brazil,13,6,7,0,0,0,0,0,0,0,0,7,5,2,2,0,2,3,0,0,0,0,0,0,0,0.49,183,28,122,0,0.74,450,454,-1,27,0,6.01,0,58,23.79,7.46,24,97,5.38,70,14,17.17,22,0.00,0.00,0.00,0,0.00,0.23,3.92,1.23,16,0.00,0.23,0.00,0.00,0.00,0.31,0.08,0.23,0.00,0.98,0.23,0.15,0.00,0.08,0.02,0.00,0.54,0.00,0.00,0,0,,4,0.31,50,1,0.25,48,3,0.74,52,4,11,2,99,0.00,99,0,4,0.98,68,3,30,0.74,46,0,0.00,99,0,0.00,0,0,0.00,0,0.00,7,2,0.49,32,1,0.25,50.00,0,0.00,0,0,0,0.00,0,3,0.00,95,0.74,16,N/A,N/A,N/A,N/A,0.00,0,0.00,0,0.25,0.00,0,72.16,25.00,46,0,1.00,3.19,13,33,63,0,0,0,0.23,0.74,3,88,78.19,1.08,3.43,14,0,0.00,0.00,99,0.00,0,0,0,0.00,0.00,0,0.00,0.00,0.25,0.08,1,0,0.00,50,0,35,51,95,0.15,8,0.01,0.04,0.25,38,0.02,0.06,23,2,0.15,0.49,2.70,0.85,96,11,0.06,37,6,79,75,0,80,74,0,0.00,99,7,0.00,1.72,13.98,4.38,57,24,83,92,5.89,1.85,42.11,3,0.74,39,0,0.00,0,0.00,99,0,0.00,0.00,30,1,97,84,0,0,0,0,0,37,51,68,64,0,99,93,15,98,3,23,77,41,0,0
Jean Carlos Vicente,34,698140800,1992/02/15,Serie B,2026,Midfielder,Náutico,628,268,360,Brazil,7,3,4,1,1,0,3,2,1,0,0,2,1,1,6,2,4,2,0,0.57,0.43,0.14,0.34,0,628,0.86,105,90,314,209,0.29,135,6,-1,11,0,7.57,0.43,99,30.81,30.71,42,215,22.71,159,19,22.79,39,0.00,0.00,3.14,22,0.00,8.86,0.86,0.86,6,0.00,1.71,0.00,0.00,0.00,0.00,0.57,0.86,27.00,3.87,2.29,0.86,0.00,1.57,0.39,0.00,0.57,0.00,0.00,0,0,,27,3.86,99,11,1.58,99,16,2.29,98,1,0,7,30,0.00,99,0,0,0.00,9,62,67,8.89,99,0,0.00,99,0,0.00,0,0,0.00,0,3.15,99,6,0.86,48,4,0.57,66.67,0,0.00,0,0,0,0.00,0,6,0.00,64,0.86,27,N/A,N/A,N/A,N/A,0.00,0,0.00,0,2.74,0.00,0,73.95,40.74,79,42,0.57,0.57,4,61,85,1,0,0,0.14,0.14,1,38,52.99,0.43,0.43,3,0,0.00,0.00,99,0.00,0,1,0,0.00,0.00,0,0.00,0.00,0.00,0.00,0,0,3.70,52,25,8,80,64,2.90,99,0.41,0.42,2.04,86,0.29,0.29,62,10,1.43,1.43,1.29,1.29,49,9,0.39,93,99,11,75,0,46,28,0,0.00,99,4,0.00,0.57,8.03,8.00,56,22,22,41,3.15,3.14,39.29,12,1.72,6,0,25.81,0,0.00,99,16,2.29,2.29,99,30,24,36,0,0,0,0,0,96,72,68,89,0,99,51,49,66,2,29,89,20,0,0
Jean Dias,35,656578800,1990/10/22,Serie B,2026,Forward,Cuiabá,615,294,321,Brazil,9,4,5,2,1,1,0,0,0,0,0,1,1,0,8,3,5,0,0,0.29,0,0.29,0.31,0.28,308,1.17,77,68,0,0,0,48,300,-1,2,0,6.97,0,58,16.39,12.44,8,112,9.22,83,20,12.15,9,0.00,0.00,0.78,7,0.00,5.89,0.59,0.44,4,0.00,1.11,0.00,0.00,0.00,0.22,0.22,0.89,6.00,1.76,0.89,0.67,0.00,0.44,0.23,0.00,0.44,0.00,0.00,0,0,,12,1.33,74,4,0.59,75,8,1.17,73,3,1,8,16,0.00,99,0,2,0.29,22,53,47,7.76,98,0,0.00,99,0,0.00,0,0,0.00,0,1.02,64,6,0.88,49,2,0.29,33.33,0,0.00,0,0,0,0.00,0,8,0.00,33,1.17,56,N/A,N/A,N/A,N/A,0.00,0,0.00,0,2.09,0.00,0,74.11,33.33,66,29,0.56,0.73,5,37,31,0,0,0,0.00,0.00,0,22,62.74,0.00,0.00,0,0,0.00,0.00,99,0.00,0,0,1,0.11,0.15,0,0.00,0.00,0.15,0.11,1,0,16.67,89,23,15,60,34,0.39,15,0.04,0.06,2.09,88,0.23,0.31,99,33,3.67,4.83,0.88,0.67,26,6,0.31,86,82,1,94,0,68,30,0,0.00,99,4,0.00,0.59,10.83,8.22,74,42,86,75,6.15,4.67,56.76,10,1.46,10,0,18.87,0,0.00,99,10,1.11,1.46,94,37,41,71,0,0,0,0,0,78,91,89,86,0,99,8,13,13,0,0,13,11,0,0
Jean Lucas Figueiredo,31,795772800,1995/03/21,Serie B,2026,Midfielder,Avaí,1591,685,906,Brazil,23,11,12,3,2,1,3,0,3,0,0,7,5,2,22,8,14,5,0,0.34,0.17,0.17,0.26,0.1,530,1.24,72,69,318,530,0.28,113,72,-1,2,0,6.79,0.13,86,33.21,25.52,49,587,19.65,452,29,25.57,46,0.00,0.00,1.57,36,0.00,3.52,1.36,1.04,24,0.00,1.17,0.00,0.00,0.00,0.35,0.52,1.00,11.33,1.92,1.09,1.09,0.00,0.39,0.19,0.00,0.30,0.00,0.00,0,0,,34,1.48,79,9,0.51,72,25,1.41,83,3,3,20,58,0.00,99,0,8,0.45,33,81,70,4.58,89,0,0.00,99,0,0.00,0,0,0.00,0,2.04,93,25,1.41,70,12,0.68,48.00,0,0.00,0,0,0,0.00,0,23,0.00,27,1.30,66,N/A,N/A,N/A,N/A,0.00,0,0.00,0,4.34,0.00,0,77.00,26.47,47,16,0.74,0.96,17,68,51,0,0,0,0.00,0.00,0,22,156.07,0.48,0.62,11,1,0.00,0.06,12,0.04,0,0,4,0.17,0.23,0,0.00,0.00,0.17,0.13,3,0,8.82,67,83,99,74,27,4.18,92,0.18,0.24,4.34,79,0.19,0.25,56,22,0.96,1.24,1.81,1.39,78,32,0.25,77,53,19,99,0,70,17,0,0.00,99,7,0.00,0.40,9.90,7.61,175,63,30,66,3.56,2.74,36.00,27,1.53,9,0,27.16,0,0.00,99,22,0.96,1.24,89,89,62,71,0,0,0,0,0,82,77,70,82,0,99,54,49,64,5,22,75,10,0,0
Jean Pool Torres Cañete,25,987577200,2001/04/18,Serie B,2026,Defender,Athletic Club,349,194,155,Colombia,7,3,4,0,0,0,0,0,0,0,0,2,1,1,6,4,2,1,0,0,0,0,0,0,0,1.55,58,50,349,0,0.26,344,308,178,22,0,5.68,0,58,39.60,22.00,67,154,16.57,116,22,29.83,57,0.00,0.00,0.00,0,0.00,0.00,2.31,1.29,9,0.00,0.14,0.00,0.00,0.00,0.86,0.00,0.86,0.00,0.00,0.00,0.00,0.00,0.00,0.00,0.00,0.86,0.00,0.00,0,0,,0,0.00,8,0,0.00,20,0,0.00,8,1,2,5,91,0.00,99,0,6,1.54,93,0,30,0.00,15,0,0.00,99,0,0.00,0,0,0.00,0,0.00,7,0,0.00,12,0,0.00,0.00,0,0.00,0,0,0,0.00,0,6,0.00,11,1.54,77,N/A,N/A,N/A,N/A,0.00,0,0.00,0,0.00,0.00,0,75.32,0.00,20,26,0.43,0.77,3,17,17,0,0,0,0.71,1.29,5,98,39.77,4.29,7.71,30,0,0.00,0.00,99,0.00,0,0,0,0.00,0.00,0,0.00,0.00,0.00,0.00,0,0,0.00,50,0,8,51,12,0.26,20,0.04,0.07,0.00,9,0.00,0.00,34,3,0.43,0.77,1.80,1.00,77,7,0.00,8,2,98,75,0,46,67,0,0.00,99,6,0.00,1.54,8.74,4.86,34,18,58,50,4.63,2.57,52.94,1,0.26,73,0,0.00,0,0.00,99,0,0.00,0.00,30,16,50,36,0,0,0,0,0,37,51,68,64,0,99,51,53,62,1,14,55,18,0,0
Jefferson Maciel Bento,23,1054105200,2003/05/28,Serie B,2026,Defender,Avaí,699,346,353,Brazil,8,4,4,1,0,1,0,0,0,0,0,2,1,1,4,3,1,0,0,0.13,0,0.13,0,0.25,699,0.52,175,87,0,0,0,141,237,16,13,0,6.91,0,58,34.76,33.75,53,270,26.75,214,37,27.55,52,0.00,0.00,0.12,1,0.00,0.00,1.55,1.50,12,0.00,0.38,0.00,0.00,0.00,1.00,1.00,0.75,6.00,0.77,0.38,1.12,0.00,0.38,0.14,0.00,1.88,0.00,0.00,0,0,,6,0.75,41,3,0.39,61,3,0.39,31,2,0,8,68,0.00,99,0,8,1.03,71,0,30,0.00,15,0,0.00,99,0,0.00,0,0,0.00,0,0.13,12,9,1.16,61,8,1.03,88.89,0,0.00,0,0,0,0.00,0,6,0.00,94,0.77,17,N/A,N/A,N/A,N/A,0.00,0,0.00,0,1.10,0.00,0,79.26,50.00,92,49,0.50,0.52,4,83,93,0,0,0,0.38,0.39,3,70,55.27,5.50,5.67,44,0,0.00,0.00,99,0.00,0,0,0,0.00,0.00,0,0.00,0.00,0.13,0.12,1,1,16.67,89,31,12,82,95,0.47,15,0.06,0.06,1.10,63,0.14,0.14,34,6,0.75,0.77,1.42,1.38,55,11,0.14,62,75,93,75,0,64,80,0,0.00,99,15,0.00,1.93,9.53,9.25,74,41,75,62,5.28,5.12,55.41,3,0.39,65,0,0.00,0,0.00,99,0,0.00,0.00,30,37,24,54,0,0,0,0,0,54,70,86,64,0,99,38,13,13,0,0,13,38,0,0
Jefferson Vasconcelos Bras da Silva,30,829119600,1996/04/10,Serie B,2026,Forward,Botafogo SP,488,198,290,Brazil,17,8,9,0,0,0,0,0,0,0,0,4,1,3,1,1,0,1,0,0,0,0,0,0,0,0.18,488,29,488,0,0.18,311,311,-1,27,0,5.91,0,58,33.31,10.65,49,181,9.24,157,83,28.90,56,0.00,0.00,0.18,3,0.00,0.88,1.47,0.47,8,0.00,0.41,0.00,0.00,0.00,0.24,0.71,0.12,0.00,1.84,0.53,1.06,0.00,0.06,0.04,0.00,0.29,0.00,0.00,0,0,,10,0.59,76,1,0.18,39,9,1.66,90,3,14,3,64,0.00,99,0,4,0.74,53,15,51,2.76,70,0,0.00,99,0,0.00,0,0,0.00,0,0.55,39,18,3.31,95,12,2.21,66.67,0,0.00,0,0,0,0.00,0,2,0.00,99,0.37,1,N/A,N/A,N/A,N/A,0.00,0,0.00,0,0.64,0.00,0,86.74,10.00,21,99,0.00,0.00,0,98,85,0,0,0,0.00,0.00,0,22,100.55,0.24,0.74,4,0,0.00,0.00,99,0.00,0,0,0,0.00,0.00,0,0.00,0.00,0.55,0.18,3,0,0.00,50,12,59,51,99,0.41,27,0.02,0.08,0.64,59,0.04,0.12,87,12,0.71,2.21,0.92,0.29,29,5,0.12,58,4,23,75,0,92,48,0,0.00,99,5,0.00,0.92,13.25,4.24,72,37,92,90,6.81,2.18,51.39,7,1.29,15,0,20.00,0,0.00,99,3,0.18,0.55,68,3,99,71,0,0,0,0,0,37,51,68,64,0,99,34,69,43,1,6,24,11,0,0
Jemerson,34,714639600,1992/08/24,Serie B,2026,Defender,São Bernardo,1346,695,651,Brazil,18,10,8,1,1,0,0,0,0,0,0,5,3,2,17,9,8,3,1,0.07,0,0.07,0.13,0,1346,1.14,79,75,449,0,0.2,186,289,137,16,0,6.87,0,58,61.25,53.88,99,916,49.29,838,99,56.03,99,0.00,0.00,0.06,1,0.00,0.00,1.47,1.29,22,0.00,0.18,0.00,0.00,0.00,0.65,0.00,1.12,10.00,0.67,0.29,0.12,0.00,0.29,0.09,0.00,2.35,0.00,0.00,0,0,,10,0.59,35,5,0.33,57,5,0.33,27,0,3,15,64,0.00,99,0,11,0.74,53,0,30,0.00,15,0,0.00,99,0,0.00,0,0,0.00,0,0.07,10,2,0.13,17,0,0.00,0.00,0,0.00,0,0,0,0.00,0,19,0.00,36,1.27,63,N/A,N/A,N/A,N/A,0.00,0,0.00,0,1.48,0.00,0,91.48,50.00,92,84,0.18,0.20,3,17,17,0,0,0,1.06,1.20,18,98,116.84,4.82,5.48,82,0,0.00,0.00,99,0.00,0,0,0,0.00,0.00,0,0.00,0.00,0.00,0.00,0,0,10.00,72,70,68,94,37,1.71,49,0.10,0.11,1.48,52,0.09,0.10,18,6,0.35,0.40,0.80,0.71,22,12,0.10,52,68,92,75,0,46,92,0,0.00,99,40,0.00,2.67,6.55,5.76,98,69,57,23,4.61,4.06,70.41,3,0.20,78,0,0.00,0,0.00,99,0,0.00,0.00,30,68,62,12,0,0,0,0,0,43,59,68,73,0,99,51,66,49,2,11,41,35,0,0
Jhonata Robert Alves da Silva,26,940921200,1999/10/26,Serie B,2026,Forward,Criciúma,616,264,352,Brazil,18,10,8,1,1,0,0,0,0,0,0,8,5,3,3,2,1,2,0,0.15,0,0.15,0.34,0,616,0.44,205,34,308,0,0.29,128,456,-1,11,0,6.10,0,58,33.84,12.89,52,232,9.89,178,28,25.96,47,0.00,0.00,1.06,19,0.00,2.56,1.60,0.61,11,0.00,0.44,0.00,0.00,0.00,0.00,0.61,0.17,16.00,2.33,0.61,1.17,0.00,0.28,0.10,0.00,0.33,0.00,0.00,0,0,,16,0.89,87,5,0.73,83,11,1.60,88,3,13,5,70,0.00,99,0,0,0.00,9,46,78,6.71,97,0,0.00,99,0,0.00,0,0,0.00,0,2.77,98,21,3.06,93,11,1.60,52.38,0,0.00,0,0,0,0.00,0,3,0.00,97,0.44,3,N/A,N/A,N/A,N/A,0.00,0,0.00,0,1.71,0.00,0,76.72,31.25,56,59,0.17,0.44,3,95,65,1,0,0,0.06,0.15,1,40,109.86,0.28,0.73,5,0,0.00,0.00,99,0.00,0,1,0,0.00,0.00,0,0.00,0.00,0.00,0.00,0,0,6.25,59,24,68,78,97,1.05,70,0.06,0.15,1.01,65,0.06,0.15,97,23,1.28,3.35,1.17,0.44,41,8,0.25,77,8,22,75,0,46,45,0,0.00,99,6,0.00,0.88,12.40,4.72,85,49,94,85,7.15,2.72,57.65,8,1.17,19,0,30.43,0,0.00,99,14,0.78,2.04,97,16,98,71,0,0,0,0,0,58,74,68,89,0,99,85,47,66,2,11,41,10,0,0
Jhonatan Junio ​​Jesus de Lima,21,1117782000,2005/06/03,Serie B,2026,Midfielder,América Mineiro,137,49,88,Brazil,5,3,2,0,0,0,0,0,0,0,0,1,1,0,4,2,2,1,0,0,0,0,0,0,0,2.63,34,27,137,0,0.66,-1,-1,-1,27,0,6.64,0,58,32.19,9.80,46,49,7.20,36,17,23.65,40,0.00,0.00,0.20,1,0.00,0.40,3.28,1.00,5,0.00,0.40,0.00,0.00,0.00,0.20,0.60,0.80,0.00,1.97,0.40,1.60,0.00,0.20,0.04,0.00,0.60,0.00,0.00,0,0,,3,0.60,79,1,0.66,80,2,1.31,79,0,5,0,99,0.00,99,0,1,0.66,45,2,96,1.31,56,0,0.00,99,0,0.00,0,0,0.00,0,0.66,44,8,5.26,98,3,1.97,37.50,0,0.00,0,0,0,0.00,0,4,0.00,0,2.63,93,N/A,N/A,N/A,N/A,0.00,0,0.00,0,0.22,0.00,0,73.47,33.33,66,35,0.20,0.66,1,97,33,0,0,0,0.00,0.00,0,22,33.19,0.00,0.00,0,0,0.00,0.00,99,0.00,0,0,0,0.00,0.00,0,0.00,0.00,0.66,0.20,1,0,0.00,50,0,2,51,0,0.13,35,0.03,0.09,0.22,63,0.04,0.14,99,9,1.80,5.91,3.28,1.00,99,5,0.14,62,33,1,75,0,96,81,0,0.00,99,3,0.00,1.97,24.31,7.40,37,20,99,99,13.14,4.00,54.05,2,1.31,14,0,50.00,0,0.00,99,1,0.20,0.66,72,0,77,12,0,0,0,0,0,37,51,68,64,0,99,26,16,97,1,20,70,88,0,0
Jhonatan Luiz da Siqueira,35,673686000,1991/05/08,Serie B,2026,Goalkeeper,Athletic Club,0,0,0,Brazil,0,0,0,0,0,0,0,0,0,0,0,0,0,0,0,0,0,0,0,0,0,0,0,0,0,0,0,0,0,0,0,-1,-1,-1,-1,N/A,N/A,N/A,N/A,N/A,N/A,N/A,N/A,N/A,N/A,N/A,N/A,N/A,N/A,N/A,N/A,N/A,N/A,N/A,N/A,N/A,N/A,N/A,N/A,N/A,N/A,N/A,N/A,N/A,N/A,N/A,N/A,N/A,N/A,N/A,N/A,N/A,N/A,N/A,N/A,N/A,N/A,N/A,N/A,N/A,N/A,N/A,N/A,N/A,N/A,N/A,N/A,N/A,N/A,N/A,N/A,N/A,N/A,N/A,N/A,N/A,N/A,N/A,N/A,N/A,N/A,N/A,N/A,N/A,N/A,N/A,N/A,N/A,N/A,N/A,N/A,N/A,N/A,N/A,N/A,N/A,N/A,N/A,N/A,N/A,N/A,N/A,N/A,N/A,N/A,N/A,N/A,N/A,N/A,N/A,N/A,N/A,N/A,N/A,N/A,N/A,N/A,N/A,N/A,N/A,N/A,N/A,N/A,N/A,N/A,N/A,N/A,N/A,N/A,N/A,N/A,N/A,N/A,N/A,N/A,N/A,N/A,N/A,N/A,N/A,N/A,N/A,N/A,N/A,N/A,N/A,N/A,N/A,N/A,N/A,N/A,N/A,N/A,N/A,N/A,N/A,N/A,N/A,N/A,N/A,N/A,N/A,N/A,N/A,N/A,N/A,N/A,N/A,N/A,N/A,N/A,N/A,N/A,N/A,N/A,N/A,N/A,N/A,N/A,N/A,N/A,N/A,N/A,N/A,N/A,N/A,N/A,N/A,N/A,N/A,N/A,N/A,N/A,N/A,N/A,N/A,N/A,N/A,N/A,N/A,N/A,N/A,N/A,N/A,N/A,N/A,N/A,N/A,N/A,N/A,N/A,N/A,N/A,N/A,N/A,N/A,N/A,N/A,N/A,N/A,N/A,N/A,N/A,N/A,N/A,N/A,N/A,N/A,N/A,N/A,N/A,N/A,N/A,N/A,N/A,N/A,N/A,N/A,N/A
Jhonatan Paulo da Silva,27,931849200,1999/07/13,Serie B,2026,Defender,Athletic Club,1715,850,865,Brazil,20,10,10,0,0,0,0,0,0,0,0,6,4,2,15,6,9,7,1,0,0,0,0,0,0,0.79,114,86,245,0,0.37,411,410,64,35,0,6.84,0,58,42.03,40.05,73,801,35.15,703,87,36.89,78,0.00,0.00,0.15,3,0.00,0.00,1.00,0.95,19,0.00,0.20,0.00,0.00,0.00,1.20,0.05,0.80,0.00,0.73,0.60,0.15,0.00,0.10,0.04,0.00,2.05,0.00,0.00,0,0,,14,0.70,38,2,0.10,26,12,0.63,45,1,0,20,37,0.00,99,0,24,1.26,86,0,30,0.00,15,0,0.00,99,0,0.00,0,0,0.00,0,0.16,14,3,0.16,19,1,0.05,33.33,0,0.00,0,0,0,0.00,0,16,0.00,70,0.84,24,N/A,N/A,N/A,N/A,0.00,0,0.00,0,0.78,0.00,0,87.77,14.29,26,82,0.20,0.21,4,18,31,0,0,0,0.75,0.79,15,91,136.88,5.05,5.30,101,0,0.00,0.00,99,0.00,0,0,0,0.00,0.00,0,0.00,0.00,0.00,0.00,0,0,0.00,50,89,79,51,71,1.72,35,0.09,0.09,0.78,29,0.04,0.04,29,12,0.60,0.63,1.26,1.20,47,24,0.04,28,63,91,75,0,46,84,0,0.00,99,41,0.00,2.15,6.66,6.35,127,72,34,26,3.78,3.60,56.69,4,0.21,77,0,0.00,0,0.00,99,0,0.00,0.00,30,89,24,36,0,0,0,0,0,37,51,68,64,0,99,54,34,80,6,30,90,3,0,0
Jhonny Cardinoti Pedro,24,1018940400,2002/04/16,Serie B,2026,Defender,América Mineiro,749,288,461,Brazil,11,4,7,0,0,0,0,0,0,0,0,2,1,1,9,3,6,0,0,0,0,0,0,0,0,1.08,83,68,0,0,0,282,288,124,29,0,6.40,0,58,33.40,25.27,50,278,20.27,223,40,26.80,49,0.00,0.00,0.36,4,0.00,2.91,0.84,0.64,7,0.00,0.27,0.00,0.00,0.00,0.27,0.36,1.00,0.00,0.36,0.18,0.73,0.00,0.09,0.02,0.00,0.82,0.00,0.00,0,0,,3,0.27,20,1,0.12,31,2,0.24,19,2,2,9,28,0.00,99,0,3,0.36,26,32,46,3.85,82,0,0.00,99,0,0.00,0,0,0.00,0,0.48,35,8,0.96,52,4,0.48,50.00,0,0.00,0,0,0,0.00,0,11,0.00,43,1.32,67,N/A,N/A,N/A,N/A,0.00,0,0.00,0,0.22,0.00,0,80.22,33.33,66,68,0.27,0.36,3,56,63,0,0,0,0.18,0.24,2,55,70.41,2.09,2.76,23,0,0.00,0.00,99,0.00,0,0,1,0.09,0.12,0,0.00,0.00,0.24,0.18,2,0,0.00,50,35,24,51,43,0.54,15,0.05,0.06,0.22,24,0.02,0.03,15,3,0.27,0.36,1.20,0.91,42,10,0.03,24,16,72,91,0,79,55,0,0.00,99,9,0.00,1.08,6.25,4.73,52,22,13,20,2.64,2.00,42.31,3,0.36,68,0,18.75,0,0.00,99,6,0.55,0.72,75,42,50,54,0,0,0,0,0,37,51,68,64,0,99,20,13,13,0,0,13,42,0,0
João Araújo,24,1006070400,2001/11/18,Serie B,2026,Midfielder,Cuiabá,0,0,0,Portugal,0,0,0,0,0,0,0,0,0,0,0,0,0,0,0,0,0,0,0,0,0,0,0,0,0,0,0,0,0,0,0,-1,-1,-1,-1,N/A,N/A,N/A,N/A,N/A,N/A,N/A,N/A,N/A,N/A,N/A,N/A,N/A,N/A,N/A,N/A,N/A,N/A,N/A,N/A,N/A,N/A,N/A,N/A,N/A,N/A,N/A,N/A,N/A,N/A,N/A,N/A,N/A,N/A,N/A,N/A,N/A,N/A,N/A,N/A,N/A,N/A,N/A,N/A,N/A,N/A,N/A,N/A,N/A,N/A,N/A,N/A,N/A,N/A,N/A,N/A,N/A,N/A,N/A,N/A,N/A,N/A,N/A,N/A,N/A,N/A,N/A,N/A,N/A,N/A,N/A,N/A,N/A,N/A,N/A,N/A,N/A,N/A,N/A,N/A,N/A,N/A,N/A,N/A,N/A,N/A,N/A,N/A,N/A,N/A,N/A,N/A,N/A,N/A,N/A,N/A,N/A,N/A,N/A,N/A,N/A,N/A,N/A,N/A,N/A,N/A,N/A,N/A,N/A,N/A,N/A,N/A,N/A,N/A,N/A,N/A,N/A,N/A,N/A,N/A,N/A,N/A,N/A,N/A,N/A,N/A,N/A,N/A,N/A,N/A,N/A,N/A,N/A,N/A,N/A,N/A,N/A,N/A,N/A,N/A,N/A,N/A,N/A,N/A,N/A,N/A,N/A,N/A,N/A,N/A,N/A,N/A,N/A,N/A,N/A,N/A,N/A,N/A,N/A,N/A,N/A,N/A,N/A,N/A,N/A,N/A,N/A,N/A,N/A,N/A,N/A,N/A,N/A,N/A,N/A,N/A,N/A,N/A,N/A,N/A,N/A,N/A,N/A,N/A,N/A,N/A,N/A,N/A,N/A,N/A,N/A,N/A,N/A,N/A,N/A,N/A,N/A,N/A,N/A,N/A,N/A,N/A,N/A,N/A,N/A,N/A,N/A,N/A,N/A,N/A,N/A,N/A,N/A,N/A,N/A,N/A,N/A,N/A,N/A,N/A,N/A,N/A,N/A,N/A
João Assis,17,1235203200,2009/02/21,Serie B,2026,Midfielder,Goiás,6,6,0,Brazil,1,1,0,0,0,0,0,0,0,0,0,0,0,0,0,0,0,0,0,0,0,0,0,0,0,0,0,6,0,0,0,-1,-1,-1,16,0,6.56,0,58,30.00,2.00,40,2,2.00,2,99,30.00,58,0.00,0.00,0.00,0,0.00,0.00,15.00,1.00,1,0.00,0.00,0.00,0.00,0.00,0.00,0.00,0.00,0.00,15.00,1.00,0.00,0.00,0.00,0.05,0.00,0.00,0.00,0.00,0,0,,1,1.00,99,0,0.00,20,1,15.00,99,0,1,0,99,0.00,99,0,0,0.00,9,0,30,0.00,15,0,0.00,99,0,0.00,0,0,0.00,0,0.00,7,0,0.00,12,0,0.00,0.00,0,0.00,0,0,0,0.00,0,0,0.00,99,0.00,0,N/A,N/A,N/A,N/A,0.00,0,0.00,0,0.05,0.00,0,100.00,0.00,20,99,0.00,0.00,0,17,17,0,0,0,0.00,0.00,0,22,6.56,0.00,0.00,0,0,0.00,0.00,99,0.00,0,0,0,0.00,0.00,0,0.00,0.00,0.00,0.00,0,0,0.00,50,0,0,51,0,0.00,0,0.00,0.00,0.05,99,0.05,0.75,2,0,0.00,0.00,0.00,0.00,6,0,0.75,99,24,1,75,0,46,2,0,0.00,99,0,0.00,0.00,30.00,2.00,2,1,99,99,15.00,1.00,50.00,0,0.00,99,0,0.00,0,0.00,99,0,0.00,0.00,30,0,41,12,0,0,0,0,0,37,51,68,64,0,99,2,13,13,0,0,13,19,0,0
João Batista,20,1145084400,2006/04/15,Serie B,2026,Midfielder,Ceará,1244,651,593,Brazil,16,8,8,2,0,2,0,0,0,0,0,2,1,1,19,7,12,1,0,0.14,0,0.14,0,0.3,622,1.37,65,78,1244,0,0.07,136,240,-1,6,0,6.79,0,58,33.82,28.47,52,484,22.76,387,39,27.04,50,0.00,0.00,0.76,13,0.00,0.35,1.89,1.59,27,0.00,0.41,0.00,0.00,0.00,0.47,0.35,1.00,5.00,0.70,0.29,0.71,0.00,0.29,0.12,0.00,0.88,0.00,0.00,0,0,,10,0.59,36,5,0.35,58,5,0.35,28,2,2,14,81,0.00,99,0,8,0.56,39,6,85,0.42,38,0,0.00,99,0,0.00,0,0,0.00,0,0.91,57,12,0.84,47,6,0.42,50.00,0,0.00,0,0,0,0.00,0,17,0.00,19,1.19,58,N/A,N/A,N/A,N/A,0.00,0,0.00,0,2.07,0.00,0,79.96,50.00,92,62,0.35,0.42,6,48,63,0,0,0,0.35,0.42,6,72,115.38,0.65,0.77,11,1,0.00,0.07,10,0.06,0,0,0,0.00,0.00,0,0.00,0.00,0.07,0.06,1,0,20.00,94,65,54,79,19,2.03,66,0.12,0.14,2.07,63,0.12,0.14,39,13,0.76,0.91,2.31,1.94,90,33,0.14,62,53,23,75,0,55,54,0,0.00,99,15,0.00,1.05,9.29,7.82,133,59,44,59,4.12,3.47,44.36,7,0.49,57,0,33.33,0,0.00,99,2,0.12,0.14,44,62,50,54,0,0,0,0,0,56,72,90,64,0,99,12,92,21,1,6,24,81,0,0
João Batista da Cruz Santos Neto,23,1057820400,2003/07/10,Serie B,2026,Forward,CRB,43,0,43,Brazil,3,0,3,1,0,1,0,0,0,0,0,1,0,1,1,0,1,0,0,2.09,0,2.09,0,2.09,43,2.09,43,14,0,0,0,-1,-1,-1,11,0,6.64,0,58,20.93,3.33,17,10,3.00,9,95,18.84,28,0.00,0.00,0.33,1,0.00,0.00,0.00,0.00,0,0.00,0.33,0.00,0.00,0.00,0.00,0.00,0.33,0.00,0.00,0.00,0.33,0.00,0.00,0.19,0.00,1.00,0.00,0.00,0,0,,0,0.00,8,0,0.00,20,0,0.00,8,0,3,0,6,0.00,99,0,0,0.00,9,0,30,0.00,15,0,0.00,99,0,0.00,0,0,0.00,0,2.09,93,1,2.09,81,0,0.00,0.00,0,0.00,0,0,0,0.00,0,1,0.00,2,2.09,89,N/A,N/A,N/A,N/A,0.00,0,0.00,0,0.56,0.00,0,90.00,0.00,20,0,0.33,2.09,1,17,17,0,0,0,0.33,2.09,1,99,19.93,1.00,6.28,3,0,0.00,0.00,99,0.00,0,0,0,0.00,0.00,0,0.00,0.00,2.09,0.33,1,0,0.00,50,0,0,51,3,0.06,63,0.02,0.13,0.56,99,0.19,1.17,2,0,0.00,0.00,0.00,0.00,6,0,1.17,99,33,95,75,0,99,99,0,0.00,99,3,0.00,6.28,12.56,2.00,6,3,87,86,6.28,1.00,50.00,1,2.09,2,0,0.00,0,0.00,99,0,0.00,0.00,30,0,62,12,0,0,0,0,0,99,99,99,64,0,99,64,13,13,0,0,13,9,0,0
João Carlos Barros Lopes,25,993106800,2001/06/21,Serie B,2026,Forward,Criciúma,124,58,66,Brazil,7,4,3,0,0,0,0,0,0,0,0,4,2,2,0,0,0,1,0,0,0,0,0,0,0,0,0,18,124,0,0.73,-1,-1,-1,21,0,5.63,0,58,30.48,6.00,41,42,4.29,30,13,21.77,37,0.00,0.00,0.14,1,0.00,1.00,2.18,0.43,3,0.00,0.14,0.00,0.00,0.00,0.14,0.57,0.00,0.00,3.63,0.71,1.00,0.00,0.00,0.03,0.00,0.43,0.00,0.00,0,0,,5,0.71,99,0,0.00,20,5,3.63,99,0,7,0,88,0.00,99,0,1,0.73,52,7,37,5.08,92,0,0.00,99,0,0.00,0,0,0.00,0,0.73,47,7,5.08,98,4,2.90,57.14,0,0.00,0,0,0,0.00,0,0,0.00,99,0.00,0,N/A,N/A,N/A,N/A,0.00,0,0.00,0,0.24,0.00,0,71.43,0.00,20,99,0.00,0.00,0,99,73,0,0,0,0.00,0.00,0,22,39.43,0.29,1.45,2,0,0.00,0.00,99,0.00,0,0,0,0.00,0.00,0,0.00,0.00,0.00,0.00,0,0,0.00,50,0,8,51,0,0.10,20,0.01,0.07,0.24,67,0.03,0.17,63,2,0.29,1.45,2.18,0.43,87,3,0.17,66,1,47,75,0,46,85,0,0.00,99,3,0.00,2.18,15.24,3.00,21,12,99,95,8.71,1.71,57.14,1,0.73,40,0,14.29,0,0.00,99,1,0.14,0.73,76,0,85,12,0,0,0,0,0,37,51,68,64,0,99,95,15,98,1,14,55,21,0,0
João Carlos Heidemann,38,576313200,1988/04/06,Serie B,2026,Goalkeeper,Cuiabá,264,180,84,Brazil,3,2,1,0,0,0,0,0,0,0,0,1,1,0,2,1,1,0,0,0,0,0,0,0,0,0.68,132,88,0,0,0,-1,-1,-1,23,0,6.72,0,58,15.15,13.00,6,52,10.00,40,29,11.65,7,0.00,0.00,0.00,0,0.00,0.00,0.00,0.00,0,0.00,0.00,0.00,0.00,1.50,0.00,0.00,2.00,0.00,0.00,0.00,0.00,0.00,0.00,0.00,0.00,0.00,0.00,0.00,0,0,,0,0.00,8,0,0.00,20,0,0.00,8,0,1,2,6,0.00,99,0,0,0.00,9,0,30,0.00,15,0,0.00,99,0,0.00,0,0,0.00,0,0.00,7,0,0.00,12,0,0.00,0.00,0,0.00,0,6,69,1.75,3,8,0.00,84,2.33,92,N/A,N/A,N/A,N/A,75.00,0,0.00,0,0.00,0.00,0,76.92,0.00,20,99,0.00,0.00,0,17,17,0,0,4,0.00,0.00,0,22,26.88,0.50,0.58,2,0,0.00,0.00,99,0.00,0,0,0,0.00,0.00,2,0.50,0.58,0.00,0.00,0,0,0.00,50,0,0,51,84,0.09,4,0.02,0.03,0.00,9,0.00,0.00,2,0,0.00,0.00,0.00,0.00,6,0,0.00,8,44,17,75,53,46,2,0,0.00,99,0,0.00,0.00,0.00,0.00,0,0,0,0,0.00,0.00,0.00,0,0.00,99,0,0.00,0,0.00,99,0,0.00,0.00,30,1,41,12,0,0,0,0,0,37,51,68,64,0,99,64,13,13,0,0,13,1,0,0
João dos Santos,21,1109145600,2005/02/23,Serie B,2026,Forward,Avaí,726,420,306,Brazil,18,10,8,2,0,2,1,1,0,0,0,6,5,1,9,3,6,2,0,0.37,0.12,0.25,0,0.59,363,1.12,81,40,363,726,0.25,71,115,-1,5,0,6.70,0.06,76,19.09,8.56,14,154,7.06,127,56,15.74,18,0.00,0.00,0.39,7,0.00,0.56,1.49,0.67,12,0.00,0.44,0.00,0.00,0.00,0.33,0.44,0.56,6.50,1.61,0.50,1.17,0.00,0.22,0.12,0.00,0.06,0.00,0.00,0,0,,13,0.72,69,4,0.50,71,9,1.12,71,1,11,7,65,0.00,99,0,6,0.74,53,10,33,1.24,56,0,0.00,99,0,0.00,0,0,0.00,0,0.87,54,21,2.60,89,8,0.99,38.10,0,0.00,0,0,0,0.00,0,10,0.00,38,1.24,62,N/A,N/A,N/A,N/A,0.00,0,0.00,0,2.14,0.00,0,82.47,30.77,55,28,0.33,0.74,6,82,33,0,0,0,0.00,0.00,0,22,120.68,0.28,0.62,5,0,0.00,0.00,99,0.00,0,0,0,0.00,0.00,0,0.00,0.00,0.37,0.17,3,0,15.38,86,33,68,64,40,1.11,66,0.06,0.14,2.14,83,0.12,0.27,93,22,1.22,2.73,0.62,0.28,15,5,0.27,82,41,19,75,0,86,2,0,0.00,99,1,0.00,0.12,10.04,4.50,81,43,76,68,5.33,2.39,53.09,8,0.99,26,0,10.00,0,0.00,99,1,0.06,0.12,41,30,97,36,0,0,0,0,0,84,88,97,64,0,99,64,55,59,2,11,41,11,0,0
João Gabriel de Sousa Sacramento,19,1170576000,2007/02/04,Serie B,2026,Defender,Ceará,68,68,0,Brazil,1,1,0,0,0,0,1,0,1,0,0,1,1,0,0,0,0,0,0,1.32,1.32,0,0,0,0,0,0,68,0,68,0,-1,-1,-1,28,0,6.32,1,99,25.00,25.00,28,25,20.00,20,39,20.00,31,0.00,0.00,1.00,1,0.00,0.00,0.00,0.00,0,0.00,0.00,0.00,0.00,0.00,0.00,0.00,2.00,0.00,2.00,2.00,0.00,0.00,0.00,0.10,0.00,2.00,0.00,0.00,0,0,,2,2.00,80,0,0.00,20,2,2.00,96,2,0,1,6,0.00,99,0,0,0.00,9,0,30,0.00,15,0,0.00,99,0,0.00,0,0,0.00,0,1.00,63,0,0.00,12,0,0.00,0.00,0,0.00,0,0,0,0.00,0,2,0.00,99,2.00,88,N/A,N/A,N/A,N/A,0.00,0,0.00,0,0.10,0.00,0,80.00,0.00,20,15,1.00,1.00,1,17,17,0,0,0,0.00,0.00,0,22,6.32,0.00,0.00,0,0,0.00,0.00,99,0.00,0,0,0,0.00,0.00,0,0.00,0.00,0.00,0.00,0,0,0.00,50,0,0,51,0,0.08,27,0.08,0.08,0.10,52,0.10,0.10,2,0,0.00,0.00,3.00,3.00,97,3,0.10,52,14,1,75,0,46,82,0,0.00,99,2,0.00,2.00,6.00,6.00,6,2,8,17,2.00,2.00,33.33,0,0.00,99,0,0.00,0,0.00,99,0,0.00,0.00,30,0,24,54,0,0,0,0,0,99,51,68,64,0,99,99,13,13,0,0,13,81,0,0
João Gabriel Rodrigues Botao,20,1148626800,2006/05/26,Serie B,2026,Defender,Operário PR,0,0,0,Brazil,0,0,0,0,0,0,0,0,0,0,0,0,0,0,0,0,0,0,0,0,0,0,0,0,0,0,0,0,0,0,0,-1,-1,-1,-1,N/A,N/A,N/A,N/A,N/A,N/A,N/A,N/A,N/A,N/A,N/A,N/A,N/A,N/A,N/A,N/A,N/A,N/A,N/A,N/A,N/A,N/A,N/A,N/A,N/A,N/A,N/A,N/A,N/A,N/A,N/A,N/A,N/A,N/A,N/A,N/A,N/A,N/A,N/A,N/A,N/A,N/A,N/A,N/A,N/A,N/A,N/A,N/A,N/A,N/A,N/A,N/A,N/A,N/A,N/A,N/A,N/A,N/A,N/A,N/A,N/A,N/A,N/A,N/A,N/A,N/A,N/A,N/A,N/A,N/A,N/A,N/A,N/A,N/A,N/A,N/A,N/A,N/A,N/A,N/A,N/A,N/A,N/A,N/A,N/A,N/A,N/A,N/A,N/A,N/A,N/A,N/A,N/A,N/A,N/A,N/A,N/A,N/A,N/A,N/A,N/A,N/A,N/A,N/A,N/A,N/A,N/A,N/A,N/A,N/A,N/A,N/A,N/A,N/A,N/A,N/A,N/A,N/A,N/A,N/A,N/A,N/A,N/A,N/A,N/A,N/A,N/A,N/A,N/A,N/A,N/A,N/A,N/A,N/A,N/A,N/A,N/A,N/A,N/A,N/A,N/A,N/A,N/A,N/A,N/A,N/A,N/A,N/A,N/A,N/A,N/A,N/A,N/A,N/A,N/A,N/A,N/A,N/A,N/A,N/A,N/A,N/A,N/A,N/A,N/A,N/A,N/A,N/A,N/A,N/A,N/A,N/A,N/A,N/A,N/A,N/A,N/A,N/A,N/A,N/A,N/A,N/A,N/A,N/A,N/A,N/A,N/A,N/A,N/A,N/A,N/A,N/A,N/A,N/A,N/A,N/A,N/A,N/A,N/A,N/A,N/A,N/A,N/A,N/A,N/A,N/A,N/A,N/A,N/A,N/A,N/A,N/A,N/A,N/A,N/A,N/A,N/A,N/A,N/A,N/A,N/A,N/A,N/A,N/A
João Miguel da Costa Pereira,22,1077782400,2004/02/26,Serie B,2026,Midfielder,Athletic Club,1773,956,817,Brazil,23,12,11,0,0,0,0,0,0,0,0,6,4,2,15,7,8,1,0,0,0,0,0,0,0,0.76,118,77,1773,0,0.05,414,397,-1,28,0,6.84,0,58,39.49,33.83,67,778,28.74,661,73,33.55,69,0.00,0.00,0.43,10,0.00,0.13,1.83,1.57,36,0.00,0.57,0.00,0.00,0.00,1.09,0.13,0.74,0.00,0.61,0.52,0.17,0.00,0.00,0.02,0.00,1.43,0.00,0.00,0,0,,12,0.52,31,0,0.00,20,12,0.61,44,2,5,18,78,0.00,99,0,25,1.27,87,3,98,0.15,24,0,0.00,99,0,0.00,0,0,0.00,0,0.51,37,4,0.20,20,3,0.15,75.00,0,0.00,0,0,0,0.00,0,17,0.00,75,0.86,27,N/A,N/A,N/A,N/A,0.00,0,0.00,0,0.49,0.00,0,84.96,0.00,20,24,0.70,0.81,16,27,90,0,0,0,0.91,1.07,21,96,157.35,4.26,4.97,98,0,0.00,0.00,99,0.00,0,0,1,0.04,0.05,0,0.00,0.00,0.00,0.00,0,0,0.00,50,90,99,51,75,1.58,27,0.07,0.08,0.49,19,0.02,0.02,24,10,0.43,0.51,1.27,1.09,48,25,0.02,18,63,88,76,0,46,73,0,0.00,99,33,0.00,1.68,8.58,7.35,169,82,47,49,4.16,3.57,48.52,13,0.66,47,0,66.67,0,0.00,99,2,0.09,0.10,39,82,77,54,0,0,0,0,0,37,51,68,64,0,99,40,99,15,1,4,14,16,0,0
João Othávio Basso,29,853142400,1997/01/13,Serie B,2026,Defender,Cuiabá,2014,1070,944,Brazil,23,12,11,2,1,1,1,1,0,0,0,9,5,4,17,8,9,1,0,0.13,0.04,0.09,0.08,0.1,1007,0.76,118,88,2014,2014,0.04,171,179,50,5,0,6.99,0.04,59,52.95,51.52,92,1185,43.70,1005,72,44.91,90,0.00,0.00,0.57,13,0.00,0.52,1.39,1.35,31,0.00,0.09,0.00,0.00,0.00,1.57,0.09,0.78,6.00,0.54,0.30,0.22,0.00,0.22,0.09,0.00,2.96,0.00,0.00,0,0,,12,0.52,26,5,0.22,44,7,0.31,26,4,1,22,59,0.00,99,0,36,1.61,94,12,85,0.54,41,0,0.00,99,0,0.00,0,0,0.00,0,0.58,40,5,0.22,21,2,0.09,40.00,0,0.00,0,0,0,0.00,0,18,0.00,75,0.80,20,N/A,N/A,N/A,N/A,0.00,0,0.00,0,2.15,0.00,0,84.81,41.67,81,74,0.30,0.31,7,21,38,0,0,0,0.65,0.67,15,85,160.73,3.83,3.93,88,0,0.00,0.00,99,0.00,0,0,0,0.00,0.00,0,0.00,0.00,0.00,0.00,0,0,16.67,89,98,99,90,75,2.84,63,0.12,0.13,2.15,52,0.09,0.10,7,5,0.22,0.22,1.43,1.39,56,32,0.10,52,84,82,75,0,46,95,0,0.00,99,68,0.00,3.04,8.22,8.00,184,106,60,43,4.74,4.61,57.61,2,0.09,84,0,33.33,0,0.00,99,4,0.17,0.18,49,97,41,84,0,0,0,0,0,54,62,70,65,0,99,74,99,13,1,4,14,13,0,0
João Paulo Ferreira Lourenço,28,873615600,1997/09/07,Serie B,2026,Midfielder,Goiás,1083,575,508,Brazil,17,8,9,0,0,0,0,0,0,0,0,4,4,0,10,3,7,2,0,0,0,0,0,0,0,0.83,108,64,542,0,0.17,396,384,-1,24,0,6.86,0,58,53.65,37.94,93,645,33.18,564,85,46.91,94,0.00,0.00,0.76,13,0.00,1.29,1.16,0.82,14,0.00,0.35,0.00,0.00,0.00,0.47,0.24,0.59,0.00,1.83,1.00,0.76,0.00,0.29,0.09,0.00,0.24,0.00,0.00,0,0,,22,1.29,76,5,0.42,65,17,1.41,83,1,5,12,47,0.00,99,0,8,0.67,47,22,36,1.83,63,0,0.00,99,0,0.00,0,0,0.00,0,1.08,67,13,1.08,59,4,0.33,30.77,0,0.00,0,0,0,0.00,0,10,0.00,66,0.83,23,N/A,N/A,N/A,N/A,0.00,0,0.00,0,1.46,0.00,0,87.44,22.73,40,41,0.41,0.58,7,41,25,0,0,0,0.18,0.25,3,56,116.59,0.94,1.33,16,0,0.00,0.00,99,0.00,0,0,0,0.00,0.00,0,0.00,0.00,0.08,0.06,1,0,0.00,50,56,59,51,66,1.47,56,0.09,0.12,1.46,59,0.09,0.12,66,18,1.06,1.50,1.00,0.71,34,12,0.12,58,66,43,75,0,57,13,0,0.00,99,4,0.00,0.33,6.57,4.65,79,40,24,24,3.33,2.35,50.63,6,0.50,56,0,13.64,0,0.00,99,3,0.18,0.25,54,55,77,36,0,0,0,0,0,37,51,68,64,0,99,34,73,41,2,12,46,97,0,0
João Pedro Constancio dos Santos,21,1114585200,2005/04/27,Serie B,2026,Defender,São Bernardo,0,0,0,Brazil,0,0,0,0,0,0,0,0,0,0,0,0,0,0,0,0,0,0,0,0,0,0,0,0,0,0,0,0,0,0,0,-1,-1,-1,-1,N/A,N/A,N/A,N/A,N/A,N/A,N/A,N/A,N/A,N/A,N/A,N/A,N/A,N/A,N/A,N/A,N/A,N/A,N/A,N/A,N/A,N/A,N/A,N/A,N/A,N/A,N/A,N/A,N/A,N/A,N/A,N/A,N/A,N/A,N/A,N/A,N/A,N/A,N/A,N/A,N/A,N/A,N/A,N/A,N/A,N/A,N/A,N/A,N/A,N/A,N/A,N/A,N/A,N/A,N/A,N/A,N/A,N/A,N/A,N/A,N/A,N/A,N/A,N/A,N/A,N/A,N/A,N/A,N/A,N/A,N/A,N/A,N/A,N/A,N/A,N/A,N/A,N/A,N/A,N/A,N/A,N/A,N/A,N/A,N/A,N/A,N/A,N/A,N/A,N/A,N/A,N/A,N/A,N/A,N/A,N/A,N/A,N/A,N/A,N/A,N/A,N/A,N/A,N/A,N/A,N/A,N/A,N/A,N/A,N/A,N/A,N/A,N/A,N/A,N/A,N/A,N/A,N/A,N/A,N/A,N/A,N/A,N/A,N/A,N/A,N/A,N/A,N/A,N/A,N/A,N/A,N/A,N/A,N/A,N/A,N/A,N/A,N/A,N/A,N/A,N/A,N/A,N/A,N/A,N/A,N/A,N/A,N/A,N/A,N/A,N/A,N/A,N/A,N/A,N/A,N/A,N/A,N/A,N/A,N/A,N/A,N/A,N/A,N/A,N/A,N/A,N/A,N/A,N/A,N/A,N/A,N/A,N/A,N/A,N/A,N/A,N/A,N/A,N/A,N/A,N/A,N/A,N/A,N/A,N/A,N/A,N/A,N/A,N/A,N/A,N/A,N/A,N/A,N/A,N/A,N/A,N/A,N/A,N/A,N/A,N/A,N/A,N/A,N/A,N/A,N/A,N/A,N/A,N/A,N/A,N/A,N/A,N/A,N/A,N/A,N/A,N/A,N/A,N/A,N/A,N/A,N/A,N/A,N/A
João Pedro Sousa Silva,29,847872000,1996/11/13,Serie B,2026,Forward,Atlético GO,25,0,25,Portugal,2,0,2,0,0,0,0,0,0,0,0,1,0,1,0,0,0,0,0,0,0,0,0,0,0,0,0,13,0,0,0,-1,-1,-1,10,0,6.67,0,58,21.60,3.00,18,6,2.50,5,62,18.00,23,0.00,0.00,0.50,1,0.00,0.00,0.00,0.00,0,0.00,0.00,0.00,0.00,0.00,0.00,0.00,0.00,0.00,3.60,0.00,0.00,0.00,0.50,0.07,0.00,0.00,0.00,0.00,0,0,,1,0.50,99,1,3.60,99,0,0.00,8,0,2,0,6,0.00,99,0,0,0.00,9,0,30,0.00,15,0,0.00,99,0,0.00,0,0,0.00,0,3.60,99,0,0.00,12,0,0.00,0.00,0,0.00,0,0,0,0.00,0,0,0.00,99,0.00,0,N/A,N/A,N/A,N/A,0.00,0,0.00,0,0.15,0.00,0,83.33,100.00,99,99,0.00,0.00,0,17,17,0,0,0,0.00,0.00,0,22,13.34,1.50,10.80,3,0,0.00,0.00,99,0.00,0,0,0,0.00,0.00,0,0.00,0.00,0.00,0.00,0,0,0.00,50,0,0,51,0,0.05,80,0.03,0.18,0.15,98,0.07,0.54,2,0,0.00,0.00,0.00,0.00,6,0,0.54,97,36,99,75,0,46,2,0,0.00,99,0,0.00,0.00,0.00,0.00,0,0,0,0,0.00,0.00,0.00,0,0.00,99,0,0.00,0,0.00,99,0,0.00,0.00,30,0,50,12,0,0,0,0,0,37,51,68,64,0,99,92,13,13,0,0,13,18,0,0
João Pedro Vieira,28,878976000,1997/11/08,Serie B,2026,Midfielder,Vila Nova,1783,805,978,Brazil,21,10,11,3,1,2,2,1,1,0,0,4,2,2,20,8,12,5,0,0.25,0.1,0.15,0.11,0.18,594,1.01,89,85,357,892,0.25,123,132,-1,6,0,7.07,0.1,72,40.84,38.52,70,809,34.43,723,94,36.49,77,0.00,0.00,1.81,38,0.00,2.62,1.21,1.14,24,0.00,0.38,0.00,0.00,0.00,1.05,0.43,1.10,6.33,0.96,0.67,0.57,0.00,0.24,0.15,0.00,0.33,0.00,0.00,0,0,,19,0.90,48,5,0.25,48,14,0.71,51,7,1,20,48,0.00,99,0,22,1.11,78,55,75,2.78,71,0,0.00,99,0,0.00,0,0,0.00,0,1.92,91,12,0.61,37,9,0.45,75.00,0,0.00,0,0,0,0.00,0,23,0.00,47,1.16,55,N/A,N/A,N/A,N/A,0.00,0,0.00,0,3.07,0.00,0,89.37,26.32,47,58,0.43,0.45,9,53,90,1,0,0,0.10,0.10,2,31,148.39,0.43,0.45,9,0,0.00,0.00,99,0.00,0,1,0,0.00,0.00,0,0.00,0.00,0.00,0.00,0,0,15.79,86,91,88,77,48,3.84,83,0.18,0.19,2.37,59,0.11,0.12,77,36,1.71,1.82,2.32,2.19,90,46,0.15,64,89,11,75,0,46,15,0,0.00,99,7,0.00,0.35,7.32,6.90,145,75,35,33,3.79,3.57,51.72,8,0.40,64,0,29.09,0,0.00,99,16,0.76,0.81,78,89,41,99,0,0,0,0,0,74,74,81,70,0,99,22,54,59,5,24,78,5,0,0
João Pedro Vilardi Pinto,28,884073600,1998/01/06,Serie B,2026,Midfielder,Cuiabá,1493,842,651,Brazil,21,12,9,1,1,0,3,1,2,0,0,8,5,3,12,5,7,6,0,0.24,0.18,0.06,0.11,0,1493,0.72,124,71,249,498,0.36,198,63,-1,12,0,6.95,0.14,88,36.29,28.67,58,602,24.19,508,67,30.62,60,0.00,0.00,1.43,30,0.00,4.76,1.51,1.19,25,0.00,0.57,0.00,0.00,0.00,0.43,0.48,0.57,13.00,0.78,0.48,0.81,0.00,0.14,0.07,0.00,0.62,0.00,0.00,0,0,,13,0.62,41,3,0.18,39,10,0.60,42,1,1,20,65,0.00,99,0,9,0.54,37,100,69,6.03,96,0,0.00,99,0,0.00,0,0,0.00,0,1.81,89,17,1.02,56,10,0.60,58.82,0,0.00,0,0,0,0.00,0,12,0.00,79,0.72,14,N/A,N/A,N/A,N/A,0.00,0,0.00,0,1.46,0.00,0,84.39,23.08,41,18,0.71,0.90,15,63,75,0,0,0,0.19,0.24,4,55,145.98,0.48,0.60,10,0,0.00,0.00,99,0.00,0,0,0,0.00,0.00,0,0.00,0.00,0.00,0.00,0,0,7.69,63,79,88,96,79,3.96,92,0.19,0.24,1.46,50,0.07,0.09,70,27,1.29,1.63,2.29,1.81,89,38,0.09,49,80,18,75,0,46,40,0,0.00,99,13,0.00,0.78,9.40,7.43,156,75,54,60,4.52,3.57,48.08,12,0.72,42,0,27.00,0,0.00,99,27,1.29,1.63,95,89,41,36,0,0,0,0,0,73,57,68,70,0,99,73,35,78,6,29,89,8,0,0
João Ricardo Riedi,37,589532400,1988/09/06,Serie B,2026,Goalkeeper,Fortaleza,1350,630,720,Brazil,15,7,8,0,0,0,0,0,0,0,0,7,4,3,10,4,6,1,0,0,0,0,0,0,0,0.67,135,90,1350,0,0.07,303,262,34,13,0,7.26,0,58,22.13,22.13,19,332,14.53,218,5,14.53,16,0.00,0.00,0.00,0,0.00,0.00,0.00,0.00,0,0.00,0.00,0.00,0.00,3.80,0.00,0.00,4.53,0.00,0.00,0.00,0.00,0.00,0.00,0.00,0.00,0.47,0.00,0.00,0,0,,0,0.00,8,0,0.00,20,0,0.00,8,0,0,15,6,0.00,99,0,0,0.00,9,0,30,0.00,15,0,0.00,99,0,0.00,0,0,0.00,0,0.00,7,0,0.00,12,0,0.00,0.00,0,0.00,0,57,99,3.80,90,68,0.00,86,4.53,98,N/A,N/A,N/A,N/A,83.82,0,0.00,0,0.00,0.00,0,65.66,0.00,20,88,0.13,0.13,2,17,17,0,0,32,0.00,0.00,0,22,108.92,1.20,1.20,18,0,0.00,0.00,99,0.00,0,0,0,0.00,0.00,8,0.53,0.53,0.00,0.00,0,0,0.00,50,71,46,51,86,0.43,4,0.03,0.03,0.00,9,0.00,0.00,6,3,0.20,0.20,0.00,0.00,6,0,0.00,8,96,39,75,50,46,21,0,0.00,99,7,0.00,0.47,0.67,0.67,10,8,5,5,0.53,0.53,80.00,0,0.00,99,0,0.00,0,0.00,99,0,0.00,0.00,30,68,24,12,0,0,0,0,0,37,51,68,64,0,99,88,94,21,1,7,26,1,0,0
Joao Scatolin,18,1211094000,2008/05/18,Serie B,2026,Forward,Juventude,0,0,0,Brazil,0,0,0,0,0,0,0,0,0,0,0,0,0,0,0,0,0,0,0,0,0,0,0,0,0,0,0,0,0,0,0,-1,-1,-1,-1,N/A,N/A,N/A,N/A,N/A,N/A,N/A,N/A,N/A,N/A,N/A,N/A,N/A,N/A,N/A,N/A,N/A,N/A,N/A,N/A,N/A,N/A,N/A,N/A,N/A,N/A,N/A,N/A,N/A,N/A,N/A,N/A,N/A,N/A,N/A,N/A,N/A,N/A,N/A,N/A,N/A,N/A,N/A,N/A,N/A,N/A,N/A,N/A,N/A,N/A,N/A,N/A,N/A,N/A,N/A,N/A,N/A,N/A,N/A,N/A,N/A,N/A,N/A,N/A,N/A,N/A,N/A,N/A,N/A,N/A,N/A,N/A,N/A,N/A,N/A,N/A,N/A,N/A,N/A,N/A,N/A,N/A,N/A,N/A,N/A,N/A,N/A,N/A,N/A,N/A,N/A,N/A,N/A,N/A,N/A,N/A,N/A,N/A,N/A,N/A,N/A,N/A,N/A,N/A,N/A,N/A,N/A,N/A,N/A,N/A,N/A,N/A,N/A,N/A,N/A,N/A,N/A,N/A,N/A,N/A,N/A,N/A,N/A,N/A,N/A,N/A,N/A,N/A,N/A,N/A,N/A,N/A,N/A,N/A,N/A,N/A,N/A,N/A,N/A,N/A,N/A,N/A,N/A,N/A,N/A,N/A,N/A,N/A,N/A,N/A,N/A,N/A,N/A,N/A,N/A,N/A,N/A,N/A,N/A,N/A,N/A,N/A,N/A,N/A,N/A,N/A,N/A,N/A,N/A,N/A,N/A,N/A,N/A,N/A,N/A,N/A,N/A,N/A,N/A,N/A,N/A,N/A,N/A,N/A,N/A,N/A,N/A,N/A,N/A,N/A,N/A,N/A,N/A,N/A,N/A,N/A,N/A,N/A,N/A,N/A,N/A,N/A,N/A,N/A,N/A,N/A,N/A,N/A,N/A,N/A,N/A,N/A,N/A,N/A,N/A,N/A,N/A,N/A,N/A,N/A,N/A,N/A,N/A,N/A
João Victor Broad Moreira Guimaraes,22,1076054400,2004/02/06,Serie B,2026,Midfielder,Athletic Club,1151,599,552,Brazil,19,10,9,1,1,0,3,1,2,0,0,6,4,2,8,3,5,4,1,0.31,0.23,0.08,0.15,0,1151,0.63,144,61,230,384,0.39,183,40,-1,7,0,6.83,0.16,94,35.32,23.89,55,454,20.16,383,67,29.79,57,0.00,0.00,0.79,15,0.00,0.42,2.80,1.89,36,0.00,0.63,0.00,0.00,0.00,0.47,0.47,0.47,12.00,0.93,0.42,0.84,0.00,0.21,0.08,0.00,0.37,0.00,0.00,0,0,,12,0.63,47,4,0.31,53,8,0.62,45,2,3,16,98,0.00,99,0,9,0.70,50,8,65,0.62,43,0,0.00,99,0,0.00,0,0,0.00,0,1.17,70,16,1.24,65,9,0.70,56.25,0,0.00,0,0,0,0.00,0,9,0.00,88,0.70,12,N/A,N/A,N/A,N/A,0.00,0,0.00,0,1.47,0.00,0,84.36,33.33,66,32,0.47,0.70,9,69,72,0,0,0,0.26,0.39,5,70,129.75,0.79,1.17,15,0,0.00,0.00,99,0.00,0,0,0,0.00,0.00,0,0.00,0.00,0.08,0.05,1,0,8.33,65,59,74,92,88,3.12,92,0.16,0.24,1.47,56,0.08,0.11,60,18,0.95,1.40,2.96,2.00,97,38,0.11,55,61,39,75,0,57,25,0,0.00,99,7,0.00,0.54,11.12,7.53,143,69,76,78,5.37,3.63,48.25,12,0.93,28,0,25.00,0,0.00,99,2,0.11,0.16,47,74,62,54,0,0,0,0,0,80,60,68,74,0,99,60,30,83,3,16,58,15,0,0
João Victor da Silva,20,1136275200,2006/01/03,Serie B,2026,Defender,Cuiabá,0,0,0,Brazil,0,0,0,0,0,0,0,0,0,0,0,0,0,0,0,0,0,0,0,0,0,0,0,0,0,0,0,0,0,0,0,-1,-1,-1,-1,N/A,N/A,N/A,N/A,N/A,N/A,N/A,N/A,N/A,N/A,N/A,N/A,N/A,N/A,N/A,N/A,N/A,N/A,N/A,N/A,N/A,N/A,N/A,N/A,N/A,N/A,N/A,N/A,N/A,N/A,N/A,N/A,N/A,N/A,N/A,N/A,N/A,N/A,N/A,N/A,N/A,N/A,N/A,N/A,N/A,N/A,N/A,N/A,N/A,N/A,N/A,N/A,N/A,N/A,N/A,N/A,N/A,N/A,N/A,N/A,N/A,N/A,N/A,N/A,N/A,N/A,N/A,N/A,N/A,N/A,N/A,N/A,N/A,N/A,N/A,N/A,N/A,N/A,N/A,N/A,N/A,N/A,N/A,N/A,N/A,N/A,N/A,N/A,N/A,N/A,N/A,N/A,N/A,N/A,N/A,N/A,N/A,N/A,N/A,N/A,N/A,N/A,N/A,N/A,N/A,N/A,N/A,N/A,N/A,N/A,N/A,N/A,N/A,N/A,N/A,N/A,N/A,N/A,N/A,N/A,N/A,N/A,N/A,N/A,N/A,N/A,N/A,N/A,N/A,N/A,N/A,N/A,N/A,N/A,N/A,N/A,N/A,N/A,N/A,N/A,N/A,N/A,N/A,N/A,N/A,N/A,N/A,N/A,N/A,N/A,N/A,N/A,N/A,N/A,N/A,N/A,N/A,N/A,N/A,N/A,N/A,N/A,N/A,N/A,N/A,N/A,N/A,N/A,N/A,N/A,N/A,N/A,N/A,N/A,N/A,N/A,N/A,N/A,N/A,N/A,N/A,N/A,N/A,N/A,N/A,N/A,N/A,N/A,N/A,N/A,N/A,N/A,N/A,N/A,N/A,N/A,N/A,N/A,N/A,N/A,N/A,N/A,N/A,N/A,N/A,N/A,N/A,N/A,N/A,N/A,N/A,N/A,N/A,N/A,N/A,N/A,N/A,N/A,N/A,N/A,N/A,N/A,N/A,N/A
João Victor Damião dos Santos,17,1222412400,2008/09/26,Serie B,2026,Forward,Ponte Preta,40,34,6,Brazil,3,2,1,0,0,0,0,0,0,0,0,0,0,0,0,0,0,0,0,0,0,0,0,0,0,0,0,13,0,0,0,-1,-1,-1,35,0,4.81,0,58,16.98,2.50,10,10,1.75,7,10,11.89,8,0.00,0.00,0.00,0,0.00,0.00,1.70,0.25,1,0.00,0.75,0.00,0.00,0.00,0.00,0.00,0.25,0.00,3.40,0.50,0.00,0.00,0.00,0.03,0.00,0.25,0.00,0.00,0,0,,2,0.50,98,0,0.00,20,2,3.40,99,0,3,0,72,0.00,99,0,0,0.00,9,0,30,0.00,15,0,0.00,99,0,0.00,0,0,0.00,0,0.00,7,0,0.00,12,0,0.00,0.00,0,0.00,0,0,0,0.00,0,1,0.00,99,1.70,82,N/A,N/A,N/A,N/A,0.00,0,0.00,0,0.11,0.00,0,70.00,0.00,20,99,0.00,0.00,0,17,17,0,0,0,0.00,0.00,0,22,19.23,0.25,1.70,1,0,0.00,0.00,99,0.00,0,0,0,0.00,0.00,0,0.00,0.00,0.00,0.00,0,0,0.00,50,0,0,51,0,0.02,4,0.01,0.03,0.11,72,0.03,0.19,97,2,0.50,3.40,3.40,0.50,99,2,0.19,70,0,55,75,0,46,73,0,0.00,99,1,0.00,1.70,18.68,2.75,11,4,91,99,6.79,1.00,36.36,3,5.09,0,0,0.00,0,0.00,99,0,0.00,0.00,30,0,62,12,0,0,0,0,0,37,51,68,64,0,99,2,13,13,0,0,13,9,0,0
João Victor Lopes Pinto,25,982137600,2001/02/14,Serie B,2026,Forward,Atlético GO,10,10,0,Brazil,1,1,0,0,0,0,0,0,0,0,0,0,0,0,1,1,0,0,0,0,0,0,0,0,0,9,10,10,0,0,0,-1,-1,-1,19,0,6.31,0,58,36.00,4.00,57,4,2.00,2,0,18.00,23,0.00,0.00,0.00,0,0.00,0.00,0.00,0.00,0,0.00,1.00,0.00,0.00,0.00,0.00,0.00,1.00,0.00,0.00,0.00,0.00,0.00,0.00,0.00,0.00,1.00,0.00,0.00,0,0,,0,0.00,8,0,0.00,20,0,0.00,8,0,1,0,6,0.00,99,0,0,0.00,9,0,30,0.00,15,0,0.00,99,0,0.00,0,0,0.00,0,0.00,7,0,0.00,12,0,0.00,0.00,0,0.00,0,0,0,0.00,0,1,0.00,0,9.00,99,N/A,N/A,N/A,N/A,0.00,0,0.00,0,0.00,0.00,0,50.00,0.00,20,99,0.00,0.00,0,17,17,0,0,0,0.00,0.00,0,22,6.31,0.00,0.00,0,0,0.00,0.00,99,0.00,0,0,0,0.00,0.00,0,0.00,0.00,0.00,0.00,0,0,0.00,50,0,0,51,0,0.00,0,0.00,0.00,0.00,9,0.00,0.00,99,1,1.00,9.00,9.00,1.00,99,1,0.00,8,14,1,75,0,46,99,0,0.00,99,1,0.00,9.00,36.00,4.00,4,2,99,99,18.00,2.00,50.00,1,9.00,0,0,0.00,0,0.00,99,0,0.00,0.00,30,0,41,12,0,0,0,0,0,37,51,68,64,0,99,2,13,13,0,0,13,22,0,0
João Victor Maistro Soares,26,965372400,2000/08/04,Serie B,2026,Defender,Avaí,343,66,277,Brazil,6,2,4,0,0,0,0,0,0,0,0,2,2,0,7,0,7,0,0,0,0,0,0,0,0,1.84,49,57,0,0,0,451,445,195,29,0,7.61,0,58,47.76,30.33,84,182,27.33,164,95,43.03,88,0.00,0.00,0.00,0,0.00,0.00,1.05,0.67,4,0.00,0.00,0.00,0.00,0.00,0.50,0.33,1.17,0.00,0.00,0.00,0.33,0.00,0.00,0.00,0.00,1.17,0.00,0.00,0,0,,0,0.00,8,0,0.00,20,0,0.00,8,1,2,4,40,0.00,99,0,3,0.79,57,0,30,0.00,15,0,0.00,99,0,0.00,0,0,0.00,0,0.00,7,2,0.52,33,2,0.52,100.00,0,0.00,0,0,0,0.00,0,7,0.00,6,1.84,83,N/A,N/A,N/A,N/A,0.00,0,0.00,0,0.00,0.00,0,90.11,0.00,20,13,0.67,1.05,4,59,99,0,0,0,0.33,0.52,2,78,45.63,4.17,6.56,25,0,0.00,0.00,99,0.00,0,0,0,0.00,0.00,0,0.00,0.00,0.00,0.00,0,0,0.00,50,0,3,51,6,0.38,43,0.06,0.10,0.00,9,0.00,0.00,9,1,0.17,0.26,0.52,0.33,12,2,0.00,8,99,96,75,0,46,78,0,0.00,99,7,0.00,1.84,6.30,4.00,24,14,32,21,3.67,2.33,58.33,0,0.00,99,0,0.00,0,0.00,99,0,0.00,0.00,30,8,50,36,0,0,0,0,0,37,51,68,64,0,99,64,13,13,0,0,13,50,0,0
João Vitor Araujo Da Silva,21,1119250800,2005/06/20,Serie B,2026,Midfielder,Cuiabá,0,0,0,Brazil,0,0,0,0,0,0,0,0,0,0,0,0,0,0,0,0,0,0,0,0,0,0,0,0,0,0,0,0,0,0,0,-1,-1,-1,-1,N/A,N/A,N/A,N/A,N/A,N/A,N/A,N/A,N/A,N/A,N/A,N/A,N/A,N/A,N/A,N/A,N/A,N/A,N/A,N/A,N/A,N/A,N/A,N/A,N/A,N/A,N/A,N/A,N/A,N/A,N/A,N/A,N/A,N/A,N/A,N/A,N/A,N/A,N/A,N/A,N/A,N/A,N/A,N/A,N/A,N/A,N/A,N/A,N/A,N/A,N/A,N/A,N/A,N/A,N/A,N/A,N/A,N/A,N/A,N/A,N/A,N/A,N/A,N/A,N/A,N/A,N/A,N/A,N/A,N/A,N/A,N/A,N/A,N/A,N/A,N/A,N/A,N/A,N/A,N/A,N/A,N/A,N/A,N/A,N/A,N/A,N/A,N/A,N/A,N/A,N/A,N/A,N/A,N/A,N/A,N/A,N/A,N/A,N/A,N/A,N/A,N/A,N/A,N/A,N/A,N/A,N/A,N/A,N/A,N/A,N/A,N/A,N/A,N/A,N/A,N/A,N/A,N/A,N/A,N/A,N/A,N/A,N/A,N/A,N/A,N/A,N/A,N/A,N/A,N/A,N/A,N/A,N/A,N/A,N/A,N/A,N/A,N/A,N/A,N/A,N/A,N/A,N/A,N/A,N/A,N/A,N/A,N/A,N/A,N/A,N/A,N/A,N/A,N/A,N/A,N/A,N/A,N/A,N/A,N/A,N/A,N/A,N/A,N/A,N/A,N/A,N/A,N/A,N/A,N/A,N/A,N/A,N/A,N/A,N/A,N/A,N/A,N/A,N/A,N/A,N/A,N/A,N/A,N/A,N/A,N/A,N/A,N/A,N/A,N/A,N/A,N/A,N/A,N/A,N/A,N/A,N/A,N/A,N/A,N/A,N/A,N/A,N/A,N/A,N/A,N/A,N/A,N/A,N/A,N/A,N/A,N/A,N/A,N/A,N/A,N/A,N/A,N/A,N/A,N/A,N/A,N/A,N/A,N/A
João Vitor Cardoso de Souza,24,1027580400,2002/07/25,Serie B,2026,Defender,Avaí,270,110,160,Brazil,4,2,2,0,0,0,1,0,1,0,0,1,0,1,1,1,0,0,0,0.33,0.33,0,0,0,0,0.33,270,68,0,270,0,-1,-1,-1,38,0,7.03,0.25,97,23.67,17.75,23,71,12.50,50,10,16.67,20,0.00,0.00,1.25,5,0.00,4.75,2.33,1.75,7,0.00,0.00,0.00,0.00,0.00,0.25,0.25,0.25,0.00,1.00,0.75,0.25,0.00,0.00,0.04,0.00,0.50,0.00,0.00,0,0,,3,0.75,51,0,0.00,20,3,1.00,67,2,1,3,92,0.00,99,0,1,0.33,24,19,30,6.33,96,0,0.00,99,0,0.00,0,0,0.00,0,1.67,86,1,0.33,25,1,0.33,100.00,0,0.00,0,0,0,0.00,0,1,0.00,98,0.33,1,N/A,N/A,N/A,N/A,0.00,0,0.00,0,0.14,0.00,0,70.42,0.00,20,15,0.75,1.00,3,41,99,0,0,0,1.00,1.33,4,99,28.13,1.75,2.33,7,0,0.00,0.00,99,0.00,0,0,0,0.00,0.00,0,0.00,0.00,0.00,0.00,0,0,0.00,50,0,0,51,99,0.88,96,0.22,0.29,0.14,34,0.04,0.05,58,4,1.00,1.33,1.67,1.25,69,5,0.05,33,87,67,75,0,46,33,0,0.00,99,2,0.00,0.67,9.67,7.25,29,14,58,63,4.67,3.50,48.28,0,0.00,99,0,5.26,0,0.00,99,1,0.25,0.33,59,3,41,54,0,0,0,0,0,81,51,68,64,0,99,38,13,13,0,0,13,22,0,0
João Vitor de Souza Martins,28,891331200,1998/03/31,Serie B,2026,Midfielder,Londrina,706,263,443,Brazil,8,3,5,2,0,2,2,0,2,0,0,2,2,0,12,4,8,3,0,0.51,0.25,0.25,0,0.41,353,1.53,59,88,235,353,0.38,67,34,-1,4,0,7.36,0.25,94,42.32,41.50,75,332,30.12,241,15,30.72,61,0.00,0.00,2.75,22,0.00,5.62,0.89,0.88,7,0.00,1.50,0.00,0.00,0.00,1.00,0.75,1.50,13.00,3.31,2.75,1.00,0.00,0.50,0.35,0.00,0.62,0.00,0.00,0,0,,26,3.25,98,4,0.51,72,22,2.80,99,3,0,8,31,0.00,99,0,8,1.02,69,45,43,5.74,95,0,0.00,99,0,0.00,0,0,0.00,0,2.80,99,8,1.02,56,6,0.76,75.00,0,0.00,0,0,0,0.00,0,12,0.00,13,1.53,77,N/A,N/A,N/A,N/A,0.00,0,0.00,0,2.80,0.00,0,72.59,15.38,27,49,0.50,0.51,4,72,90,1,0,0,0.50,0.51,4,77,58.88,1.00,1.02,8,0,0.00,0.00,99,0.00,0,1,0,0.00,0.00,0,0.00,0.00,0.00,0.00,0,0,7.69,63,31,12,63,14,2.54,97,0.32,0.32,2.10,83,0.26,0.27,38,7,0.88,0.89,0.64,0.62,16,5,0.36,91,99,33,75,0,46,32,0,0.00,99,5,0.00,0.64,6.76,6.62,53,23,18,27,2.93,2.88,43.40,12,1.53,9,0,17.78,0,0.00,99,8,1.00,1.02,85,37,24,71,0,0,0,0,0,94,88,94,64,0,99,38,31,82,3,38,97,20,0,0
João Vitor Gomes Lopes,22,1068624000,2003/11/12,Serie B,2026,Defender,Londrina,0,0,0,Brazil,0,0,0,0,0,0,0,0,0,0,0,0,0,0,0,0,0,0,0,0,0,0,0,0,0,0,0,0,0,0,0,-1,-1,-1,-1,N/A,N/A,N/A,N/A,N/A,N/A,N/A,N/A,N/A,N/A,N/A,N/A,N/A,N/A,N/A,N/A,N/A,N/A,N/A,N/A,N/A,N/A,N/A,N/A,N/A,N/A,N/A,N/A,N/A,N/A,N/A,N/A,N/A,N/A,N/A,N/A,N/A,N/A,N/A,N/A,N/A,N/A,N/A,N/A,N/A,N/A,N/A,N/A,N/A,N/A,N/A,N/A,N/A,N/A,N/A,N/A,N/A,N/A,N/A,N/A,N/A,N/A,N/A,N/A,N/A,N/A,N/A,N/A,N/A,N/A,N/A,N/A,N/A,N/A,N/A,N/A,N/A,N/A,N/A,N/A,N/A,N/A,N/A,N/A,N/A,N/A,N/A,N/A,N/A,N/A,N/A,N/A,N/A,N/A,N/A,N/A,N/A,N/A,N/A,N/A,N/A,N/A,N/A,N/A,N/A,N/A,N/A,N/A,N/A,N/A,N/A,N/A,N/A,N/A,N/A,N/A,N/A,N/A,N/A,N/A,N/A,N/A,N/A,N/A,N/A,N/A,N/A,N/A,N/A,N/A,N/A,N/A,N/A,N/A,N/A,N/A,N/A,N/A,N/A,N/A,N/A,N/A,N/A,N/A,N/A,N/A,N/A,N/A,N/A,N/A,N/A,N/A,N/A,N/A,N/A,N/A,N/A,N/A,N/A,N/A,N/A,N/A,N/A,N/A,N/A,N/A,N/A,N/A,N/A,N/A,N/A,N/A,N/A,N/A,N/A,N/A,N/A,N/A,N/A,N/A,N/A,N/A,N/A,N/A,N/A,N/A,N/A,N/A,N/A,N/A,N/A,N/A,N/A,N/A,N/A,N/A,N/A,N/A,N/A,N/A,N/A,N/A,N/A,N/A,N/A,N/A,N/A,N/A,N/A,N/A,N/A,N/A,N/A,N/A,N/A,N/A,N/A,N/A,N/A,N/A,N/A,N/A,N/A,N/A
João Vitor Indalecio Scapin,22,1076572800,2004/02/12,Serie B,2026,Goalkeeper,Novorizontino,0,0,0,Brazil,0,0,0,0,0,0,0,0,0,0,0,0,0,0,0,0,0,0,0,0,0,0,0,0,0,0,0,0,0,0,0,-1,-1,-1,-1,N/A,N/A,N/A,N/A,N/A,N/A,N/A,N/A,N/A,N/A,N/A,N/A,N/A,N/A,N/A,N/A,N/A,N/A,N/A,N/A,N/A,N/A,N/A,N/A,N/A,N/A,N/A,N/A,N/A,N/A,N/A,N/A,N/A,N/A,N/A,N/A,N/A,N/A,N/A,N/A,N/A,N/A,N/A,N/A,N/A,N/A,N/A,N/A,N/A,N/A,N/A,N/A,N/A,N/A,N/A,N/A,N/A,N/A,N/A,N/A,N/A,N/A,N/A,N/A,N/A,N/A,N/A,N/A,N/A,N/A,N/A,N/A,N/A,N/A,N/A,N/A,N/A,N/A,N/A,N/A,N/A,N/A,N/A,N/A,N/A,N/A,N/A,N/A,N/A,N/A,N/A,N/A,N/A,N/A,N/A,N/A,N/A,N/A,N/A,N/A,N/A,N/A,N/A,N/A,N/A,N/A,N/A,N/A,N/A,N/A,N/A,N/A,N/A,N/A,N/A,N/A,N/A,N/A,N/A,N/A,N/A,N/A,N/A,N/A,N/A,N/A,N/A,N/A,N/A,N/A,N/A,N/A,N/A,N/A,N/A,N/A,N/A,N/A,N/A,N/A,N/A,N/A,N/A,N/A,N/A,N/A,N/A,N/A,N/A,N/A,N/A,N/A,N/A,N/A,N/A,N/A,N/A,N/A,N/A,N/A,N/A,N/A,N/A,N/A,N/A,N/A,N/A,N/A,N/A,N/A,N/A,N/A,N/A,N/A,N/A,N/A,N/A,N/A,N/A,N/A,N/A,N/A,N/A,N/A,N/A,N/A,N/A,N/A,N/A,N/A,N/A,N/A,N/A,N/A,N/A,N/A,N/A,N/A,N/A,N/A,N/A,N/A,N/A,N/A,N/A,N/A,N/A,N/A,N/A,N/A,N/A,N/A,N/A,N/A,N/A,N/A,N/A,N/A,N/A,N/A,N/A,N/A,N/A,N/A
João Vitor Silva Dantas de Oliveira,22,1090738800,2004/07/25,Serie B,2026,Defender,Novorizontino,602,270,332,Brazil,7,3,4,0,0,0,0,0,0,0,0,2,0,2,6,4,2,1,0,0,0,0,0,0,0,0.9,100,86,602,0,0.15,307,226,86,30,0,6.56,0,58,39.32,37.57,66,263,33.14,232,90,34.68,71,0.00,0.00,0.14,1,0.00,0.00,0.15,0.14,1,0.00,0.00,0.00,0.00,0.00,0.57,0.00,1.29,0.00,0.60,0.29,0.14,0.00,0.29,0.05,0.00,1.57,0.00,0.00,0,0,,4,0.57,30,2,0.30,52,2,0.30,25,3,0,7,8,0.00,99,0,4,0.60,41,0,30,0.00,15,0,0.00,99,0,0.00,0,0,0.00,0,0.15,14,1,0.15,18,0,0.00,0.00,0,0.00,0,0,0,0.00,0,9,0.00,60,1.35,69,N/A,N/A,N/A,N/A,0.00,0,0.00,0,0.37,0.00,0,88.21,50.00,92,58,0.43,0.45,3,17,17,0,0,0,0.57,0.60,4,83,45.89,2.29,2.39,16,0,0.00,0.00,99,0.00,0,0,0,0.00,0.00,0,0.00,0.00,0.00,0.00,0,0,0.00,50,22,8,51,61,0.61,35,0.09,0.09,0.37,38,0.05,0.06,10,2,0.29,0.30,0.75,0.71,20,5,0.06,37,24,68,75,0,46,72,0,0.00,99,11,0.00,1.64,4.34,4.14,29,14,8,8,2.09,2.00,48.28,0,0.00,99,0,0.00,0,0.00,99,0,0.00,0.00,30,30,24,71,0,0,0,0,0,37,51,68,64,0,99,51,78,37,1,14,55,25,0,0
João Vitor Tavares da Mota,22,1077523200,2004/02/23,Serie B,2026,Midfielder,Londrina,1130,411,719,Brazil,20,7,13,1,0,1,1,1,0,0,0,5,5,0,15,1,14,3,0,0.16,0.08,0.08,0,0.13,1130,1.19,75,57,377,1130,0.24,182,144,-1,11,0,6.69,0.05,68,30.03,18.85,40,377,15.35,307,49,24.45,43,0.00,0.00,0.45,9,0.00,0.65,2.31,1.45,29,0.00,0.55,0.00,0.00,0.00,0.80,0.20,0.85,12.00,0.96,0.45,0.50,0.00,0.15,0.07,0.00,0.45,0.00,0.00,0,0,,12,0.60,48,3,0.24,47,9,0.72,52,4,5,15,91,0.00,99,0,16,1.27,87,13,59,1.04,52,0,0.00,99,0,0.00,0,0,0.00,0,0.72,46,10,0.80,45,4,0.32,40.00,0,0.00,0,0,0,0.00,0,17,0.00,31,1.35,69,N/A,N/A,N/A,N/A,0.00,0,0.00,0,1.46,0.00,0,81.43,25.00,46,73,0.20,0.32,4,39,38,0,0,0,0.15,0.24,3,55,133.74,0.65,1.04,13,0,0.00,0.00,99,0.00,0,0,0,0.00,0.00,0,0.00,0.00,0.16,0.10,2,0,8.33,65,59,79,92,31,1.58,63,0.08,0.13,1.46,59,0.07,0.12,35,10,0.50,0.80,2.07,1.30,85,26,0.12,58,39,34,75,0,68,37,0,0.00,99,9,0.00,0.72,8.60,5.40,108,51,42,49,4.06,2.55,47.22,11,0.88,31,0,23.08,0,0.00,99,3,0.15,0.24,53,68,77,84,0,0,0,0,0,60,60,74,64,0,99,38,57,58,3,15,57,32,0,0
Jonathan Cafu,35,679129200,1991/07/10,Serie B,2026,Forward,Ponte Preta,249,75,174,Brazil,10,3,7,0,0,0,0,0,0,0,0,1,1,0,7,2,5,2,1,0,0,0,0,0,0,2.53,36,25,83,0,1.08,-1,-1,-1,33,0,5.71,0,58,22.05,6.10,19,61,5.00,50,53,18.07,24,0.00,0.00,0.20,2,0.00,0.80,1.45,0.40,4,0.00,0.40,0.00,0.00,0.00,0.20,0.10,0.90,0.00,1.08,0.10,0.80,0.00,0.20,0.04,0.00,0.20,0.00,0.00,0,0,,3,0.30,55,2,0.72,82,1,0.36,29,5,8,2,63,0.00,99,0,2,0.72,51,8,36,2.89,72,0,0.00,99,0,0.00,0,0,0.00,0,0.72,46,8,2.89,92,1,0.36,12.50,0,0.00,0,0,0,0.00,0,9,0.00,0,3.25,94,N/A,N/A,N/A,N/A,0.00,0,0.00,0,0.36,0.00,0,81.97,66.67,98,30,0.20,0.72,2,43,17,0,0,0,0.00,0.00,0,22,57.12,0.30,1.08,3,0,0.00,0.00,99,0.00,0,0,0,0.00,0.00,0,0.00,0.00,0.00,0.00,0,0,0.00,50,0,20,51,0,0.18,20,0.02,0.07,0.36,60,0.04,0.13,98,10,1.00,3.61,2.53,0.70,94,7,0.13,59,2,35,75,0,46,37,0,0.00,99,2,0.00,0.72,14.46,4.00,40,17,85,93,6.14,1.70,42.50,4,1.45,11,0,12.50,0,0.00,99,1,0.10,0.36,61,1,90,91,0,0,0,0,0,37,51,68,64,0,99,6,13,99,1,10,37,19,0,0
Jonathan Francisco Lemos,33,714726000,1992/08/25,Serie B,2026,Defender,Botafogo SP,97,90,7,Brazil,2,1,1,0,0,0,1,1,0,0,0,0,0,0,1,1,0,0,0,0.93,0.93,0,0,0,0,0.93,97,49,0,97,0,-1,-1,-1,28,0,6.52,0.5,99,3.60,0.50,0,1,0.50,1,99,3.60,0,0.00,0.00,0.00,0,0.00,0.00,7.20,1.00,2,0.00,0.00,0.00,0.00,0.00,0.00,0.00,0.00,0.00,0.00,0.00,0.00,0.00,0.00,0.00,0.00,0.00,0.00,0.00,0,0,,0,0.00,8,0,0.00,20,0,0.00,8,0,1,1,99,0.00,99,0,0,0.00,9,0,30,0.00,15,0,0.00,99,0,0.00,0,0,0.00,0,0.00,7,0,0.00,12,0,0.00,0.00,0,0.00,0,0,0,0.00,0,0,0.00,57,0.00,0,N/A,N/A,N/A,N/A,0.00,0,0.00,0,0.00,0.00,0,100.00,0.00,20,0,0.50,3.60,1,17,17,0,0,0,0.00,0.00,0,22,13.04,0.00,0.00,0,0,0.00,0.00,99,0.00,0,0,0,0.00,0.00,0,0.00,0.00,0.00,0.00,0,0,0.00,50,0,0,51,58,0.61,99,0.30,2.20,0.00,9,0.00,0.00,2,0,0.00,0.00,0.00,0.00,6,0,0.00,8,20,1,75,0,46,2,0,0.00,99,0,0.00,0.00,14.40,2.00,4,2,95,93,7.20,1.00,50.00,0,0.00,99,0,0.00,0,0.00,99,0,0.00,0.00,30,0,41,12,0,0,0,0,0,99,51,68,64,0,99,2,13,13,0,0,13,2,0,0
Jordan Esteves da Costa Daniel,28,886752000,1998/02/06,Serie B,2026,Goalkeeper,Botafogo SP,450,180,270,Brazil,5,2,3,0,0,0,0,0,0,0,0,0,0,0,5,2,3,1,0,0,0,0,0,0,0,1,90,90,450,0,0.2,310,322,110,26,0,6.85,0,58,25.80,25.80,31,129,15.80,79,3,15.80,18,0.00,0.00,0.00,0,0.00,0.00,0.00,0.00,0,0.00,0.00,0.00,0.00,3.00,0.00,0.00,4.00,0.00,0.00,0.00,0.00,0.00,0.00,0.00,0.00,0.00,0.00,0.00,0,0,,0,0.00,8,0,0.00,20,0,0.00,8,0,0,5,6,0.00,99,0,0,0.00,9,0,30,0.00,15,0,0.00,99,0,0.00,0,0,0.00,0,0.00,7,0,0.00,12,0,0.00,0.00,0,0.00,0,15,69,3.00,52,20,0.00,49,4.00,96,N/A,N/A,N/A,N/A,75.00,0,0.00,0,0.00,0.00,0,61.24,0.00,20,99,0.00,0.00,0,17,17,0,0,9,0.00,0.00,0,22,34.25,1.20,1.20,6,0,0.00,0.00,99,0.00,0,0,0,0.00,0.00,3,0.60,0.60,0.00,0.00,0,0,0.00,50,9,2,51,49,0.19,8,0.04,0.04,0.00,9,0.00,0.00,2,0,0.00,0.00,0.00,0.00,6,0,0.00,8,64,39,75,60,46,2,0,0.00,99,0,0.00,0.00,0.00,0.00,0,0,0,0,0.00,0.00,0.00,0,0.00,99,0,0.00,0,0.00,99,0,0.00,0.00,30,16,24,12,0,0,0,0,0,37,51,68,64,0,99,2,66,49,1,20,70,12,0,0
Jordi Martins Almeida,32,747039600,1993/09/03,Serie B,2026,Goalkeeper,Novorizontino,1290,630,660,Brazil,15,7,8,0,0,0,0,0,0,0,0,6,2,4,11,6,5,1,0,0,0,0,0,0,0,0.77,117,86,1290,0,0.07,250,265,51,15,0,6.79,0,58,19.33,18.47,14,277,10.53,158,1,11.02,6,0.00,0.00,0.00,0,0.00,0.00,0.07,0.07,1,0.00,0.00,0.00,0.00,2.07,0.07,0.00,2.80,0.00,0.00,0.00,0.00,0.00,0.00,0.00,0.00,0.67,0.00,0.00,0,0,,0,0.00,8,0,0.00,20,0,0.00,8,0,1,14,7,0.00,99,0,1,0.07,11,0,30,0.00,15,0,0.00,99,0,0.00,0,0,0.00,0,0.00,7,0,0.00,12,0,0.00,0.00,0,0.00,0,31,52,2.16,14,42,0.00,73,2.93,94,N/A,N/A,N/A,N/A,73.81,0,0.00,0,0.00,0.00,0,57.04,0.00,20,99,0.00,0.00,0,17,17,0,0,18,0.00,0.00,0,22,101.91,0.93,0.98,14,1,0.00,0.07,10,0.07,0,0,0,0.00,0.00,4,0.27,0.28,0.00,0.00,0,0,0.00,50,67,46,51,73,0.36,4,0.02,0.03,0.00,9,0.00,0.00,14,5,0.33,0.35,0.07,0.07,7,1,0.00,8,53,30,75,13,46,36,0,0.00,99,10,0.00,0.70,1.19,1.13,17,15,7,7,1.05,1.00,88.24,0,0.00,99,0,0.00,0,0.00,99,0,0.00,0.00,30,62,41,12,0,0,0,0,0,37,51,68,64,0,99,77,93,21,1,7,26,93,0,0
Jorge Andrés Roa Jiménez,33,730800000,1993/02/27,Serie B,2026,Midfielder,América Mineiro,387,111,276,Paraguay,10,4,6,0,0,0,0,0,0,0,0,2,1,1,9,3,6,1,0,0,0,0,0,0,0,2.09,43,39,387,0,0.23,285,200,-1,12,0,6.48,0,58,60.47,26.00,99,260,22.30,223,78,51.86,98,0.00,0.00,0.20,2,0.00,0.20,1.40,0.60,6,0.00,0.30,0.00,0.00,0.00,0.50,0.00,1.10,0.00,0.47,0.10,0.40,0.00,0.10,0.01,0.00,0.70,0.00,0.00,0,0,,2,0.20,24,1,0.23,46,1,0.23,18,5,8,2,60,0.00,99,0,5,1.16,81,2,30,0.47,39,0,0.00,99,0,0.00,0,0,0.00,0,0.47,33,4,0.93,51,0,0.00,0.00,0,0.00,0,0,0,0.00,0,11,0.00,2,2.56,93,N/A,N/A,N/A,N/A,0.00,0,0.00,0,0.15,0.00,0,85.77,50.00,92,53,0.20,0.47,2,17,17,0,0,0,0.20,0.47,2,75,64.76,1.20,2.79,12,0,0.00,0.00,99,0.00,0,0,0,0.00,0.00,0,0.00,0.00,0.00,0.00,0,0,0.00,50,2,20,51,3,0.57,63,0.06,0.13,0.15,24,0.01,0.03,22,2,0.20,0.47,0.93,0.40,30,4,0.03,24,19,73,75,0,46,71,0,0.00,99,7,0.00,1.63,6.05,2.60,26,14,23,18,3.26,1.40,53.85,3,0.70,44,0,0.00,0,0.00,99,0,0.00,0.00,30,1,90,91,0,0,0,0,0,37,51,68,64,0,99,26,59,55,1,10,37,93,0,0
Jorge Meurer Bartholdy,25,986281200,2001/04/03,Serie B,2026,Goalkeeper,Ceará,0,0,0,Brazil,0,0,0,0,0,0,0,0,0,0,0,0,0,0,0,0,0,0,0,0,0,0,0,0,0,0,0,0,0,0,0,-1,-1,-1,-1,N/A,N/A,N/A,N/A,N/A,N/A,N/A,N/A,N/A,N/A,N/A,N/A,N/A,N/A,N/A,N/A,N/A,N/A,N/A,N/A,N/A,N/A,N/A,N/A,N/A,N/A,N/A,N/A,N/A,N/A,N/A,N/A,N/A,N/A,N/A,N/A,N/A,N/A,N/A,N/A,N/A,N/A,N/A,N/A,N/A,N/A,N/A,N/A,N/A,N/A,N/A,N/A,N/A,N/A,N/A,N/A,N/A,N/A,N/A,N/A,N/A,N/A,N/A,N/A,N/A,N/A,N/A,N/A,N/A,N/A,N/A,N/A,N/A,N/A,N/A,N/A,N/A,N/A,N/A,N/A,N/A,N/A,N/A,N/A,N/A,N/A,N/A,N/A,N/A,N/A,N/A,N/A,N/A,N/A,N/A,N/A,N/A,N/A,N/A,N/A,N/A,N/A,N/A,N/A,N/A,N/A,N/A,N/A,N/A,N/A,N/A,N/A,N/A,N/A,N/A,N/A,N/A,N/A,N/A,N/A,N/A,N/A,N/A,N/A,N/A,N/A,N/A,N/A,N/A,N/A,N/A,N/A,N/A,N/A,N/A,N/A,N/A,N/A,N/A,N/A,N/A,N/A,N/A,N/A,N/A,N/A,N/A,N/A,N/A,N/A,N/A,N/A,N/A,N/A,N/A,N/A,N/A,N/A,N/A,N/A,N/A,N/A,N/A,N/A,N/A,N/A,N/A,N/A,N/A,N/A,N/A,N/A,N/A,N/A,N/A,N/A,N/A,N/A,N/A,N/A,N/A,N/A,N/A,N/A,N/A,N/A,N/A,N/A,N/A,N/A,N/A,N/A,N/A,N/A,N/A,N/A,N/A,N/A,N/A,N/A,N/A,N/A,N/A,N/A,N/A,N/A,N/A,N/A,N/A,N/A,N/A,N/A,N/A,N/A,N/A,N/A,N/A,N/A,N/A,N/A,N/A,N/A,N/A,N/A
José Abad Cuenú Rodríguez,31,793008000,1995/02/17,Serie B,2026,Defender,Operário PR,1339,630,709,Colombia,15,7,8,0,0,0,0,0,0,0,0,9,6,3,10,1,9,6,1,0,0,0,0,0,0,0.67,134,89,223,0,0.4,368,332,33,25,0,6.89,0,58,45.57,45.20,81,678,37.20,558,54,37.51,80,0.00,0.00,0.40,6,0.00,0.00,0.74,0.73,11,0.00,0.00,0.00,0.00,0.00,1.33,0.00,0.67,0.00,0.40,0.20,0.13,0.00,0.20,0.04,0.00,1.53,0.00,0.00,0,0,,6,0.40,22,3,0.20,42,3,0.20,15,0,0,15,22,0.00,99,0,20,1.34,90,0,30,0.00,15,0,0.00,99,0,0.00,0,0,0.00,0,0.40,28,2,0.13,17,0,0.00,0.00,0,0.00,0,0,0,0.00,0,10,0.00,86,0.67,9,N/A,N/A,N/A,N/A,0.00,0,0.00,0,0.56,0.00,0,82.30,50.00,92,92,0.07,0.07,1,17,17,0,0,0,0.93,0.94,14,95,103.35,6.53,6.59,98,0,0.00,0.00,99,0.00,0,0,0,0.00,0.00,1,0.07,0.07,0.00,0.00,0,0,0.00,50,70,46,51,86,1.53,43,0.10,0.10,0.56,29,0.04,0.04,13,5,0.33,0.34,1.08,1.07,37,16,0.04,28,72,96,75,3,46,69,0,0.00,99,23,0.00,1.55,4.37,4.33,65,39,13,9,2.62,2.60,60.00,0,0.00,99,0,0.00,0,0.00,99,0,0.00,0.00,30,68,24,12,0,0,0,0,0,37,51,68,64,0,99,95,29,84,5,33,94,22,0,0
Jose Carlos Cracco Neto,32,769071600,1994/05/16,Serie B,2026,Defender,Athletic Club,1420,737,683,Brazil,20,10,10,0,0,0,2,1,1,0,0,6,4,2,13,5,8,4,0,0.13,0.13,0,0,0,0,0.82,109,71,355,710,0.25,418,104,70,34,0,6.80,0.1,78,41.89,33.05,72,661,27.45,549,59,34.80,71,0.00,0.00,1.00,20,0.00,3.15,1.84,1.45,29,0.00,0.50,0.00,0.00,0.00,0.30,0.30,0.70,0.00,0.63,0.35,0.55,0.00,0.15,0.04,0.00,0.15,0.00,0.00,0,0,,10,0.50,32,3,0.19,40,7,0.44,33,5,2,18,78,0.00,99,0,6,0.38,27,63,79,3.99,83,0,0.00,99,0,0.00,0,0,0.00,0,1.27,73,11,0.70,40,6,0.38,54.55,0,0.00,0,0,0,0.00,0,14,0.00,67,0.89,29,N/A,N/A,N/A,N/A,0.00,0,0.00,0,0.71,0.00,0,83.06,30.00,53,42,0.45,0.57,9,45,69,0,1,0,0.60,0.76,12,89,135.98,1.80,2.28,36,0,0.00,0.00,99,0.00,0,1,1,0.05,0.06,0,0.00,0.00,0.00,0.00,0,0,0.00,50,75,79,51,67,3.05,83,0.15,0.19,0.01,9,0.00,0.00,11,5,0.25,0.32,1.14,0.90,39,18,0.04,28,55,65,80,0,46,7,0,0.00,99,3,0.00,0.19,5.83,4.60,92,42,14,15,2.66,2.10,45.65,10,0.63,49,0,31.75,0,0.00,99,20,1.00,1.27,90,82,50,91,0,0,0,0,0,54,51,68,64,0,99,54,54,59,4,20,70,6,0,0
José Domingos de Moraes Neto,28,882432000,1997/12/18,Serie B,2026,Midfielder,Atlético GO,64,20,44,Brazil,2,1,1,0,0,0,0,0,0,0,0,1,0,1,1,1,0,0,0,0,0,0,0,0,0,1.41,64,32,0,0,0,-1,-1,-1,17,0,7.02,0,58,77.34,27.50,99,55,26.50,53,99,74.53,99,0.00,0.00,1.50,3,0.00,3.50,1.41,0.50,1,0.00,0.00,0.00,0.00,0.00,0.00,0.50,0.50,0.00,7.03,2.50,1.50,0.00,0.00,0.10,0.00,0.00,0.00,0.00,0,0,,5,2.50,99,0,0.00,20,5,7.03,99,0,2,0,60,0.00,99,0,0,0.00,9,7,96,9.84,99,0,0.00,99,0,0.00,0,0,0.00,0,4.22,99,3,4.22,98,1,1.41,33.33,0,0.00,0,0,0,0.00,0,1,0.00,16,1.41,73,N/A,N/A,N/A,N/A,0.00,0,0.00,0,0.21,0.00,0,96.36,0.00,20,99,0.00,0.00,0,91,31,0,0,0,0.00,0.00,0,22,14.04,1.00,2.81,2,0,0.00,0.00,99,0.00,0,0,0,0.00,0.00,0,0.00,0.00,0.00,0.00,0,0,0.00,50,0,0,51,18,0.22,96,0.11,0.31,0.21,87,0.10,0.30,2,0,0.00,0.00,4.22,1.50,99,3,0.30,84,86,73,75,0,46,2,0,0.00,99,0,0.00,0.00,9.84,3.50,7,2,15,65,2.81,1.00,28.57,0,0.00,99,0,57.14,0,0.00,99,4,2.00,5.62,99,0,50,12,0,0,0,0,0,37,51,68,64,0,99,92,13,13,0,0,13,19,0,0
José Gabriel	 dos Santos Silva,27,916905600,1999/01/21,Serie B,2026,Midfielder,Sport Recife,1100,528,572,Brazil,18,9,9,0,0,0,0,0,0,0,0,6,2,4,10,7,3,2,0,0,0,0,0,0,0,0.82,110,61,550,0,0.16,421,428,-1,31,0,5.97,0,58,51.14,34.94,90,629,30.78,554,89,45.04,91,0.00,0.00,0.22,4,0.00,0.11,1.14,0.78,14,0.00,0.44,0.00,0.00,0.00,0.56,0.22,0.67,0.00,0.33,0.11,0.56,0.00,0.11,0.02,0.00,0.67,0.00,0.00,0,0,,4,0.22,18,2,0.16,35,2,0.16,12,3,6,12,45,0.00,99,0,10,0.81,58,2,96,0.16,24,0,0.00,99,0,0.00,0,0,0.00,0,0.33,23,10,0.81,46,4,0.33,40.00,0,0.00,0,0,0,0.00,0,12,0.00,67,0.98,39,N/A,N/A,N/A,N/A,0.00,0,0.00,0,0.37,0.00,0,88.08,50.00,92,42,0.39,0.57,7,41,38,0,0,0,0.50,0.73,9,88,107.53,1.83,2.68,33,0,0.00,0.00,99,0.00,0,0,0,0.00,0.00,0,0.00,0.00,0.00,0.00,0,0,0.00,50,57,68,51,68,1.56,63,0.09,0.13,0.37,24,0.02,0.03,55,15,0.83,1.22,1.63,1.11,67,20,0.03,24,5,71,75,0,46,51,0,0.00,99,12,0.00,0.98,7.48,5.11,92,46,33,35,3.74,2.56,50.00,8,0.65,48,0,50.00,0,0.00,99,1,0.06,0.08,36,55,81,71,0,0,0,0,0,37,51,68,64,0,99,64,74,39,2,11,41,23,0,0
Jose Gervasio dos Santos Neto,34,710060400,1992/07/02,Serie B,2026,Midfielder,Operário PR,713,378,335,Brazil,21,11,10,0,0,0,0,0,0,0,0,8,5,3,14,8,6,2,0,0,0,0,0,0,0,1.77,51,34,357,0,0.25,326,306,-1,19,0,6.11,0,58,33.62,12.23,51,269,9.64,212,35,26.50,49,0.00,0.00,0.45,10,0.00,0.41,1.12,0.41,9,0.00,0.55,0.00,0.00,0.00,0.36,0.50,0.77,0.00,2.38,0.68,0.95,0.00,0.18,0.05,0.00,0.36,0.00,0.00,0,0,,19,0.86,87,4,0.50,71,15,1.88,94,1,16,5,44,0.00,99,0,8,1.00,69,9,35,1.12,55,0,0.00,99,0,0.00,0,0,0.00,0,1.25,72,21,2.62,90,11,1.38,52.38,0,0.00,0,0,0,0.00,0,17,0.00,7,2.12,90,N/A,N/A,N/A,N/A,0.00,0,0.00,0,1.18,0.00,0,78.81,21.05,37,67,0.14,0.38,3,90,65,0,0,0,0.14,0.38,3,68,134.34,0.55,1.50,12,0,0.00,0.00,99,0.00,0,0,0,0.00,0.00,0,0.00,0.00,0.00,0.00,0,1,0.00,50,32,88,51,8,0.78,43,0.04,0.10,1.18,65,0.05,0.15,98,30,1.36,3.75,1.38,0.50,53,11,0.15,64,9,48,75,0,46,52,0,0.00,99,8,0.00,1.00,12.88,4.68,103,59,95,88,7.38,2.68,57.28,12,1.50,9,0,11.11,0,0.00,99,1,0.05,0.12,41,16,99,36,0,0,0,0,0,37,51,68,64,0,99,73,54,59,2,10,37,88,0,0
José Hugo Sousa dos Santos,26,940143600,1999/10/17,Serie B,2026,Forward,Botafogo SP,1577,788,789,Brazil,22,10,12,2,0,2,3,2,1,0,0,5,1,4,17,10,7,1,0,0.29,0.17,0.11,0,0.23,789,0.97,93,72,1577,526,0.06,162,67,-1,6,0,6.80,0.14,86,14.21,11.32,5,249,8.23,181,15,10.33,5,0.00,0.00,0.64,14,0.00,3.45,1.31,1.05,23,0.00,1.00,0.00,0.00,0.00,0.23,1.23,0.82,13.00,1.48,0.59,2.64,0.00,0.59,0.17,0.00,0.45,0.00,0.00,0,0,,26,1.18,67,13,0.74,83,13,0.74,52,1,4,18,54,0.00,99,0,5,0.29,22,76,39,4.34,87,0,0.00,99,0,0.00,0,0,0.00,0,0.80,50,58,3.31,95,27,1.54,46.55,0,0.00,0,0,0,0.00,0,18,0.00,52,1.03,44,N/A,N/A,N/A,N/A,0.00,0,0.00,0,3.79,0.00,0,72.69,50.00,92,12,0.86,1.08,19,94,49,0,0,0,0.00,0.00,0,22,149.50,0.18,0.23,4,0,0.00,0.00,99,0.00,0,0,2,0.09,0.11,0,0.00,0.00,0.11,0.09,2,0,7.69,63,82,95,85,53,2.63,70,0.12,0.15,3.79,77,0.17,0.22,92,47,2.14,2.68,1.26,1.00,47,22,0.22,74,55,4,90,0,61,28,0,0.00,99,10,0.00,0.57,12.90,10.27,226,106,85,88,6.05,4.82,46.90,22,1.26,16,0,15.79,0,0.00,99,12,0.55,0.68,73,82,69,36,0,0,0,0,0,78,66,85,64,0,99,32,97,18,1,5,19,30,0,0
José Lucas Gomes da Silva,18,1206255600,2008/03/23,Serie B,2026,Midfielder,Sport Recife,1025,555,470,Brazil,14,7,7,0,0,0,0,0,0,0,0,7,3,4,8,5,3,4,0,0,0,0,0,0,0,0.7,128,73,256,0,0.35,435,425,-1,29,0,6.70,0,58,30.15,23.86,41,334,19.86,278,61,25.10,45,0.00,0.00,0.64,9,0.00,0.57,1.35,1.07,15,0.00,0.57,0.00,0.00,0.00,0.86,0.29,0.64,0.00,0.36,0.21,0.79,0.00,0.07,0.02,0.00,0.50,0.00,0.00,0,0,,4,0.29,20,1,0.09,24,3,0.27,21,1,0,14,57,0.00,99,0,12,1.08,75,8,96,0.72,46,0,0.00,99,0,0.00,0,0,0.00,0,0.81,51,11,0.99,54,4,0.36,36.36,0,0.00,0,0,0,0.00,0,9,0.00,82,0.81,21,N/A,N/A,N/A,N/A,0.00,0,0.00,0,0.28,0.00,0,83.23,25.00,46,18,0.71,0.90,10,43,31,0,0,0,0.14,0.18,2,43,93.83,1.29,1.62,18,0,0.00,0.00,99,0.00,0,0,0,0.00,0.00,0,0.00,0.00,0.09,0.07,1,0,0.00,50,52,41,51,82,0.96,35,0.07,0.09,0.28,24,0.02,0.03,90,26,1.86,2.35,1.44,1.14,57,16,0.03,24,41,52,75,0,58,31,0,0.00,99,7,0.00,0.63,9.03,7.14,100,51,56,55,4.60,3.64,51.00,8,0.72,42,0,50.00,0,0.00,99,4,0.29,0.36,61,62,24,36,0,0,0,0,0,37,51,68,64,0,99,92,37,76,4,29,89,58,0,0
José Marcos Alves Luis,28,886320000,1998/02/01,Serie B,2026,Defender,Sport Recife,1042,484,558,Brazil,13,6,7,0,0,0,0,0,0,0,0,4,1,3,8,5,3,3,0,0,0,0,0,0,0,0.69,130,80,347,0,0.26,345,430,40,33,0,6.77,0,58,58.47,52.08,98,677,45.00,585,81,50.53,97,0.00,0.00,0.00,0,0.00,0.15,1.04,0.92,12,0.00,0.08,0.00,0.00,0.00,0.54,0.08,0.77,0.00,0.86,0.62,0.08,0.00,0.15,0.05,0.00,1.54,0.00,0.00,0,0,,10,0.77,43,2,0.17,37,8,0.69,50,1,1,12,39,0.00,99,0,7,0.60,41,2,30,0.17,25,0,0.00,99,0,0.00,0,0,0.00,0,0.00,7,1,0.09,15,1,0.09,100.00,0,0.00,0,0,0,0.00,0,10,0.00,84,0.86,27,N/A,N/A,N/A,N/A,0.00,0,0.00,0,0.64,0.00,0,86.41,20.00,36,91,0.08,0.09,1,21,99,0,0,0,0.85,0.95,11,95,88.04,3.54,3.97,46,1,0.00,0.09,8,0.08,0,0,0,0.00,0.00,0,0.00,0.00,0.00,0.00,0,0,0.00,50,53,35,51,84,1.22,49,0.09,0.11,0.64,38,0.05,0.06,40,11,0.85,0.95,1.64,1.46,69,19,0.06,37,50,83,75,0,46,74,0,0.00,99,20,0.00,1.73,6.48,5.77,75,44,36,22,3.80,3.38,58.67,1,0.09,84,0,0.00,0,0.00,99,0,0.00,0.00,30,55,41,36,0,0,0,0,0,37,51,68,64,0,99,57,52,62,3,23,77,4,0,0
José Neto Costa Reis,41,486198000,1985/05/29,Serie B,2026,Midfielder,Ceará,0,0,0,Brazil,0,0,0,0,0,0,0,0,0,0,0,0,0,0,0,0,0,0,0,0,0,0,0,0,0,0,0,0,0,0,0,-1,-1,-1,-1,N/A,N/A,N/A,N/A,N/A,N/A,N/A,N/A,N/A,N/A,N/A,N/A,N/A,N/A,N/A,N/A,N/A,N/A,N/A,N/A,N/A,N/A,N/A,N/A,N/A,N/A,N/A,N/A,N/A,N/A,N/A,N/A,N/A,N/A,N/A,N/A,N/A,N/A,N/A,N/A,N/A,N/A,N/A,N/A,N/A,N/A,N/A,N/A,N/A,N/A,N/A,N/A,N/A,N/A,N/A,N/A,N/A,N/A,N/A,N/A,N/A,N/A,N/A,N/A,N/A,N/A,N/A,N/A,N/A,N/A,N/A,N/A,N/A,N/A,N/A,N/A,N/A,N/A,N/A,N/A,N/A,N/A,N/A,N/A,N/A,N/A,N/A,N/A,N/A,N/A,N/A,N/A,N/A,N/A,N/A,N/A,N/A,N/A,N/A,N/A,N/A,N/A,N/A,N/A,N/A,N/A,N/A,N/A,N/A,N/A,N/A,N/A,N/A,N/A,N/A,N/A,N/A,N/A,N/A,N/A,N/A,N/A,N/A,N/A,N/A,N/A,N/A,N/A,N/A,N/A,N/A,N/A,N/A,N/A,N/A,N/A,N/A,N/A,N/A,N/A,N/A,N/A,N/A,N/A,N/A,N/A,N/A,N/A,N/A,N/A,N/A,N/A,N/A,N/A,N/A,N/A,N/A,N/A,N/A,N/A,N/A,N/A,N/A,N/A,N/A,N/A,N/A,N/A,N/A,N/A,N/A,N/A,N/A,N/A,N/A,N/A,N/A,N/A,N/A,N/A,N/A,N/A,N/A,N/A,N/A,N/A,N/A,N/A,N/A,N/A,N/A,N/A,N/A,N/A,N/A,N/A,N/A,N/A,N/A,N/A,N/A,N/A,N/A,N/A,N/A,N/A,N/A,N/A,N/A,N/A,N/A,N/A,N/A,N/A,N/A,N/A,N/A,N/A,N/A,N/A,N/A,N/A,N/A,N/A
José Ricardo Barbosa Ribeiro Drumond,30,826358400,1996/03/09,Serie B,2026,Midfielder,Avaí,1461,769,692,Brazil,18,9,9,0,0,0,1,0,1,0,0,6,5,1,17,6,11,4,0,0.06,0.06,0,0,0,0,1.05,86,81,365,1461,0.25,453,162,-1,34,0,6.70,0.06,64,42.81,38.61,77,695,32.56,586,66,36.10,76,0.00,0.00,0.39,7,0.00,0.17,1.60,1.44,26,0.00,0.94,0.00,0.00,0.00,0.94,0.44,1.00,0.00,0.74,0.56,0.67,0.00,0.11,0.04,0.00,0.67,0.00,0.00,0,0,,12,0.67,40,2,0.12,31,10,0.62,45,2,1,17,70,0.00,99,0,17,1.05,72,3,30,0.18,26,0,0.00,99,0,0.00,0,0,0.00,0,0.43,29,12,0.74,43,8,0.49,66.67,0,0.00,0,0,0,0.00,0,18,0.00,45,1.11,50,N/A,N/A,N/A,N/A,0.00,0,0.00,0,0.77,0.00,0,84.32,16.67,30,28,0.67,0.74,12,57,85,0,0,0,0.56,0.62,10,84,120.59,1.44,1.60,26,1,0.00,0.06,12,0.06,0,0,0,0.00,0.00,0,0.00,0.00,0.00,0.00,0,0,0.00,50,77,68,51,45,1.95,56,0.11,0.12,0.77,34,0.04,0.05,51,19,1.06,1.17,1.72,1.56,73,28,0.05,33,41,51,75,0,46,38,0,0.00,99,12,0.00,0.74,8.87,8.00,144,69,50,53,4.25,3.83,47.92,17,1.05,24,0,0.00,0,0.00,99,0,0.00,0.00,30,78,41,54,0,0,0,0,0,41,51,68,64,0,99,64,55,59,4,22,75,77,0,0
Jose Roberto Assunção de Araujo Filho,32,747990000,1993/09/14,Serie B,2026,Forward,Sport Recife,134,52,82,Brazil,6,3,3,0,0,0,0,0,0,0,0,1,0,1,2,1,1,0,0,0,0,0,0,0,0,1.34,67,22,0,0,0,-1,-1,-1,28,0,4.30,0,58,12.76,3.17,2,19,2.33,14,17,9.40,4,0.00,0.00,0.00,0,0.00,0.00,0.00,0.00,0,0.00,0.33,0.00,0.00,0.00,0.00,0.17,0.50,0.00,3.36,0.67,0.50,0.00,0.17,0.06,0.00,0.50,0.00,0.00,0,0,,5,0.83,98,1,0.67,80,4,2.69,99,1,4,2,6,0.00,99,0,0,0.00,9,0,30,0.00,15,0,0.00,99,0,0.00,0,0,0.00,0,0.00,7,3,2.01,80,1,0.67,33.33,0,0.00,0,0,0,0.00,0,3,0.00,20,2.01,88,N/A,N/A,N/A,N/A,0.00,0,0.00,0,0.37,0.00,0,73.68,20.00,36,99,0.00,0.00,0,66,31,0,0,0,0.17,0.67,1,85,25.78,0.17,0.67,1,0,0.00,0.00,99,0.00,0,0,0,0.00,0.00,0,0.00,0.00,1.34,0.33,2,0,0.00,50,0,3,51,21,0.03,1,0.01,0.02,0.37,79,0.06,0.25,92,4,0.67,2.69,2.01,0.50,84,3,0.25,77,0,20,75,0,99,82,0,0.00,99,3,0.00,2.01,16.79,4.17,25,8,76,97,5.37,1.33,32.00,2,1.34,14,0,0.00,0,0.00,99,0,0.00,0.00,30,1,69,36,0,0,0,0,0,37,51,68,64,0,99,17,13,13,0,0,13,99,0,0
Jose Rodrigo Andrade Ramos,29,854956800,1997/02/03,Serie B,2026,Midfielder,São Bernardo,42,0,42,Brazil,1,0,1,0,0,0,0,0,0,0,0,0,0,0,1,0,1,0,0,0,0,0,0,0,0,2.14,42,42,0,0,0,-1,-1,-1,28,0,6.56,0,58,42.86,20.00,77,20,18.00,18,95,38.57,81,0.00,0.00,0.00,0,0.00,0.00,4.29,2.00,2,0.00,0.00,0.00,0.00,0.00,0.00,0.00,1.00,0.00,2.14,0.00,1.00,0.00,1.00,0.15,0.00,0.00,0.00,0.00,0,0,,1,1.00,84,1,2.14,99,0,0.00,8,1,0,1,99,0.00,99,0,0,0.00,9,0,30,0.00,15,0,0.00,99,0,0.00,0,0,0.00,0,0.00,7,1,2.14,82,0,0.00,0.00,0,0.00,0,0,0,0.00,0,1,0.00,2,2.14,90,N/A,N/A,N/A,N/A,0.00,0,0.00,0,0.15,0.00,0,90.00,100.00,99,99,0.00,0.00,0,17,17,0,0,0,0.00,0.00,0,22,6.56,1.00,2.14,1,0,0.00,0.00,99,0.00,0,0,0,0.00,0.00,0,0.00,0.00,0.00,0.00,0,0,0.00,50,0,0,51,2,0.04,35,0.04,0.09,0.15,89,0.15,0.32,2,0,0.00,0.00,6.43,3.00,99,3,0.32,87,24,62,75,0,46,2,0,0.00,99,0,0.00,0.00,12.86,6.00,6,2,50,88,4.29,2.00,33.33,0,0.00,99,0,0.00,0,0.00,99,0,0.00,0.00,30,0,24,36,0,0,0,0,0,37,51,68,64,0,99,2,13,13,0,0,13,32,0,0
José Wilson de Araújo Neto,18,1193209200,2007/10/24,Serie B,2026,Midfielder,Ceará,48,4,44,Brazil,2,1,1,0,0,0,0,0,0,0,0,0,0,0,0,0,0,0,0,0,0,0,0,0,0,0,0,24,0,0,0,-1,-1,-1,17,0,4.30,0,58,31.15,9.00,42,27,6.33,19,10,21.92,37,0.00,0.00,0.00,0,0.00,0.33,1.15,0.33,1,0.00,0.00,0.00,0.00,0.00,0.33,0.33,0.00,0.00,0.00,0.00,0.33,0.00,0.00,0.00,0.00,0.33,0.00,0.00,0,0,,0,0.00,8,0,0.00,20,0,0.00,8,0,2,0,45,0.00,99,0,1,1.15,80,1,30,1.15,55,0,0.00,99,0,0.00,0,0,0.00,0,0.00,7,1,1.15,61,1,1.15,100.00,0,0.00,0,0,0,0.00,0,0,0.00,99,0.00,0,N/A,N/A,N/A,N/A,0.00,0,0.00,0,0.00,0.00,0,70.37,0.00,20,9,0.33,1.15,1,86,99,0,0,0,0.00,0.00,0,22,12.90,0.67,2.31,2,0,0.00,0.00,99,0.00,0,0,0,0.00,0.00,0,0.00,0.00,0.00,0.00,0,0,0.00,50,0,0,51,0,0.04,11,0.01,0.05,0.00,9,0.00,0.00,2,0,0.00,0.00,2.31,0.67,90,2,0.00,8,0,66,75,0,46,57,0,0.00,99,1,0.00,1.15,10.38,3.00,9,3,27,71,3.46,1.00,33.33,0,0.00,99,0,0.00,0,0.00,99,0,0.00,0.00,30,0,50,12,0,0,0,0,0,37,51,68,64,0,99,2,13,13,0,0,13,88,0,0
Josenildo José dos Santos Neto,20,1141891200,2006/03/09,Serie B,2026,Forward,Sport Recife,18,0,18,Brazil,1,0,1,0,0,0,0,0,0,0,0,1,0,1,0,0,0,0,0,0,0,0,0,0,0,0,0,18,0,0,0,-1,-1,-1,24,0,6.60,0,58,45.00,9.00,80,9,6.00,6,6,30.00,58,0.00,0.00,0.00,0,0.00,0.00,0.00,0.00,0,0.00,0.00,0.00,0.00,0.00,0.00,0.00,0.00,0.00,10.00,2.00,0.00,0.00,0.00,0.12,0.00,1.00,0.00,0.00,0,0,,2,2.00,99,0,0.00,20,2,10.00,99,0,1,0,6,0.00,99,0,0,0.00,9,0,30,0.00,15,0,0.00,99,0,0.00,0,0,0.00,0,0.00,7,0,0.00,12,0,0.00,0.00,0,0.00,0,0,0,0.00,0,0,0.00,99,0.00,0,N/A,N/A,N/A,N/A,0.00,0,0.00,0,0.12,0.00,0,66.67,0.00,20,99,0.00,0.00,0,17,17,0,0,0,0.00,0.00,0,22,6.60,0.00,0.00,0,0,0.00,0.00,99,0.00,0,0,0,0.00,0.00,0,0.00,0.00,0.00,0.00,0,0,0.00,50,0,0,51,0,0.01,11,0.01,0.05,0.12,98,0.12,0.60,2,0,0.00,0.00,5.00,1.00,99,1,0.60,98,28,1,75,0,46,99,0,0.00,99,1,0.00,5.00,15.00,3.00,3,1,66,95,5.00,1.00,33.33,0,0.00,99,0,0.00,0,0.00,99,0,0.00,0.00,30,0,41,12,0,0,0,0,0,37,51,68,64,0,99,99,13,13,0,0,13,65,0,0
Joseph Mauricio de Oliveira Figueiredo,31,788774400,1994/12/30,Serie B,2026,Defender,Operário PR,270,180,90,Brazil,3,2,1,0,0,0,0,0,0,0,0,1,1,0,1,0,1,1,0,0,0,0,0,0,0,0.33,270,90,270,0,0.33,-1,-1,-1,13,0,6.74,0,58,52.00,52.00,91,156,49.67,149,99,49.67,96,0.00,0.00,0.33,1,0.00,0.33,1.00,1.00,3,0.00,0.00,0.00,0.00,0.00,1.67,0.00,1.00,0.00,0.33,0.33,0.00,0.00,0.00,0.01,0.00,2.33,0.00,0.00,0,0,,1,0.33,18,0,0.00,20,1,0.33,27,0,0,3,37,0.00,99,0,5,1.67,95,1,30,0.33,34,0,0.00,99,0,0.00,0,0,0.00,0,0.33,23,0,0.00,12,0,0.00,0.00,0,0.00,0,0,0,0.00,0,3,0.00,98,1.00,41,N/A,N/A,N/A,N/A,0.00,0,0.00,0,0.04,0.00,0,95.51,0.00,20,99,0.00,0.00,0,17,17,0,0,0,0.33,0.33,1,64,20.23,5.67,5.67,17,1,0.00,0.33,0,0.33,0,0,0,0.00,0.00,0,0.00,0.00,0.00,0.00,0,0,0.00,50,0,0,51,99,0.36,56,0.12,0.12,0.04,13,0.01,0.01,2,0,0.00,0.00,1.33,1.33,52,4,0.01,12,45,93,75,0,46,87,0,0.00,99,7,0.00,2.33,5.67,5.67,17,9,19,13,3.00,3.00,52.94,0,0.00,99,0,0.00,0,0.00,99,0,0.00,0.00,30,3,24,12,0,0,0,0,0,37,51,68,64,0,99,64,39,73,1,33,94,43,0,0
Juan Bautista Miritello,27,918460800,1999/02/08,Serie B,2026,Forward,Fortaleza,1408,639,769,Argentina,20,9,11,5,3,2,1,1,0,0,0,9,5,4,15,3,12,3,1,0.38,0.06,0.32,0.42,0.23,282,0.96,94,70,352,1408,0.26,36,167,-1,1,0,6.76,0.05,64,14.83,11.60,6,232,9.50,190,52,12.14,9,0.00,0.00,1.00,20,0.00,0.05,0.19,0.15,3,0.00,0.65,0.00,0.00,0.00,0.05,0.25,0.75,7.80,2.49,0.90,0.30,0.00,1.05,0.32,0.00,1.55,0.00,0.00,0,0,,39,1.95,89,21,1.34,97,18,1.15,72,4,3,17,8,0.00,99,0,1,0.06,11,1,99,0.06,17,0,0.00,99,0,0.00,0,0,0.00,0,1.28,74,6,0.38,27,5,0.32,83.33,0,0.00,0,0,0,0.00,0,15,0.00,54,0.96,36,N/A,N/A,N/A,N/A,0.00,0,0.00,0,6.45,0.00,0,81.90,53.85,93,85,0.15,0.19,3,39,92,0,0,0,0.05,0.06,1,25,135.28,0.40,0.51,8,0,0.00,0.00,99,0.00,0,0,1,0.05,0.06,0,0.00,0.00,0.51,0.40,8,0,12.82,81,74,79,58,55,1.66,49,0.08,0.11,6.45,95,0.32,0.41,67,24,1.20,1.53,1.73,1.35,75,27,0.41,94,48,13,80,0,91,81,0,0.00,99,31,0.00,1.98,9.46,7.40,148,61,38,61,3.90,3.05,41.22,13,0.83,33,0,100.00,0,0.00,99,1,0.05,0.06,34,78,62,84,0,1,0,5,0,86,93,85,93,0,99,86,53,62,2,10,37,9,0,0
Juan Leopoldino,20,1142064000,2006/03/11,Serie B,2026,Midfielder,Ponte Preta,269,166,103,Brazil,7,3,4,0,0,0,0,0,0,0,0,0,0,0,8,3,5,1,0,0,0,0,0,0,0,2.68,34,38,269,0,0.33,-1,-1,-1,13,0,4.69,0,58,21.07,8.75,18,70,6.25,50,13,15.05,17,0.00,0.00,0.12,1,0.00,1.12,1.20,0.50,4,0.00,0.12,0.00,0.00,0.00,0.12,0.00,1.38,0.00,0.60,0.25,0.00,0.00,0.00,0.01,0.00,0.38,0.00,0.00,0,0,,2,0.25,30,0,0.00,20,2,0.60,42,2,5,2,48,0.00,99,0,1,0.30,22,9,56,2.71,69,0,0.00,99,0,0.00,0,0,0.00,0,0.30,21,0,0.00,12,0,0.00,0.00,0,0.00,0,0,0,0.00,0,11,0.00,0,3.31,94,N/A,N/A,N/A,N/A,0.00,0,0.00,0,0.11,0.00,0,71.43,0.00,20,0,0.88,2.11,7,17,17,0,0,0,0.00,0.00,0,22,37.49,0.88,2.11,7,0,0.00,0.00,99,0.00,0,0,0,0.00,0.00,0,0.00,0.00,0.00,0.00,0,0,0.00,50,0,8,51,0,0.16,11,0.02,0.05,0.11,24,0.01,0.03,66,5,0.62,1.51,1.20,0.50,42,4,0.03,24,0,62,75,0,46,47,0,0.00,99,3,0.00,0.90,6.32,2.62,21,11,24,21,3.31,1.38,52.38,1,0.30,71,0,22.22,0,0.00,99,2,0.25,0.60,70,1,77,54,0,0,0,0,0,37,51,68,64,0,99,2,39,73,1,14,55,6,0,0
Juan Matheus Alano Nascimento,29,841647600,1996/09/02,Serie B,2026,Midfielder,Sport Recife,478,207,271,Brazil,14,7,7,2,0,2,0,0,0,0,0,4,2,2,3,0,3,0,0,0.38,0,0.38,0,0.66,239,0.56,159,34,0,0,0,24,369,-1,4,0,6.85,0,58,39.73,15.07,68,211,12.64,177,65,33.33,68,0.00,0.00,1.00,14,0.00,1.64,0.94,0.36,5,0.00,0.43,0.00,0.00,0.00,0.29,0.50,0.29,4.50,1.69,0.36,0.93,0.00,0.29,0.14,0.00,0.14,0.00,0.00,0,0,,9,0.64,72,4,0.75,84,5,0.94,61,5,11,3,33,0.00,99,0,4,0.75,54,23,89,4.33,87,0,0.00,99,0,0.00,0,0,0.00,0,2.64,98,13,2.45,87,7,1.32,53.85,0,0.00,0,0,0,0.00,0,4,0.00,92,0.75,16,N/A,N/A,N/A,N/A,0.00,0,0.00,0,1.94,0.00,0,83.89,44.44,85,67,0.14,0.38,2,89,68,0,0,0,0.00,0.00,0,22,95.94,0.14,0.38,2,0,0.00,0.00,99,0.00,0,0,0,0.00,0.00,0,0.00,0.00,0.19,0.07,1,0,22.22,95,12,41,56,92,0.92,78,0.07,0.17,1.94,93,0.14,0.37,57,7,0.50,1.32,2.07,0.79,85,11,0.37,92,64,9,75,0,72,16,0,0.00,99,2,0.00,0.38,9.23,3.50,49,21,39,58,3.95,1.50,42.86,6,1.13,21,0,39.13,0,0.00,99,9,0.64,1.69,96,3,97,91,0,1,0,7,0,86,96,98,64,0,99,51,13,13,0,0,13,10,0,0
Juan Rikelme Lima dos Santos,20,1148367600,2006/05/23,Serie B,2026,Defender,Náutico,3,3,0,Brazil,1,1,0,0,0,0,0,0,0,0,0,0,0,0,0,0,0,0,0,0,0,0,0,0,0,0,0,3,0,0,0,-1,-1,-1,19,0,6.49,0,58,150.00,5.00,99,5,3.00,3,2,90.00,99,0.00,0.00,1.00,1,0.00,1.00,0.00,0.00,0,0.00,0.00,0.00,0.00,0.00,0.00,0.00,0.00,0.00,0.00,0.00,0.00,0.00,0.00,0.00,0.00,0.00,0.00,0.00,0,0,,0,0.00,8,0,0.00,20,0,0.00,8,0,1,0,6,0.00,99,0,0,0.00,9,1,30,30.00,99,0,0.00,99,0,0.00,0,0,0.00,0,30.00,99,0,0.00,12,0,0.00,0.00,0,0.00,0,0,0,0.00,0,0,0.00,99,0.00,0,N/A,N/A,N/A,N/A,0.00,0,0.00,0,0.00,0.00,0,60.00,0.00,20,99,0.00,0.00,0,17,17,0,0,0,0.00,0.00,0,22,6.49,0.00,0.00,0,0,0.00,0.00,99,0.00,0,0,0,0.00,0.00,0,0.00,0.00,0.00,0.00,0,0,0.00,50,0,0,51,0,0.04,99,0.04,1.20,0.00,9,0.00,0.00,2,0,0.00,0.00,30.00,1.00,99,1,0.00,8,19,1,75,0,46,2,0,0.00,99,0,0.00,0.00,30.00,1.00,1,0,0,99,0.00,0.00,0.00,0,0.00,99,0,0.00,0,0.00,99,0,0.00,0.00,30,0,41,12,0,0,0,0,0,37,51,68,64,0,99,2,13,13,0,0,13,37,0,0
Juan Sousa Rocha Leandro,21,1094367600,2004/09/05,Serie B,2026,Forward,Avaí,58,14,44,Brazil,2,1,1,0,0,0,1,1,0,0,0,1,1,0,0,0,0,0,0,1.55,1.55,0,0,0,0,0,0,29,0,58,0,-1,-1,-1,17,0,6.76,0.5,99,15.52,5.00,7,10,5.00,10,99,15.52,18,0.00,0.00,0.50,1,0.00,0.00,0.00,0.00,0,0.00,0.00,0.00,0.00,0.00,0.00,0.00,0.00,0.00,0.00,0.00,0.50,0.00,0.00,0.00,0.00,1.50,0.00,0.00,0,0,,0,0.00,8,0,0.00,20,0,0.00,8,0,2,0,6,0.00,99,0,0,0.00,9,0,30,0.00,15,0,0.00,99,0,0.00,0,0,0.00,0,1.55,83,1,1.55,72,0,0.00,0.00,0,0.00,0,0,0,0.00,0,0,0.00,99,0.00,0,N/A,N/A,N/A,N/A,0.00,0,0.00,0,0.00,0.00,0,100.00,0.00,20,2,0.50,1.55,1,17,17,0,0,0,0.00,0.00,0,22,13.52,1.00,3.10,2,0,0.00,0.00,99,0.00,0,0,0,0.00,0.00,0,0.00,0.00,0.00,0.00,0,0,0.00,50,0,0,51,0,0.57,99,0.28,0.88,0.00,9,0.00,0.00,68,1,0.50,1.55,0.00,0.00,6,0,0.00,8,48,76,75,0,46,99,0,0.00,99,3,0.00,4.66,12.41,4.00,8,4,86,85,6.21,2.00,50.00,0,0.00,99,0,0.00,0,0.00,99,0,0.00,0.00,30,0,50,12,0,0,0,0,0,99,51,68,64,0,99,92,13,13,0,0,13,17,0,0
Juan Zuluaga,33,740127600,1993/06/15,Serie B,2026,Midfielder,Operário PR,0,0,0,Colombia,0,0,0,0,0,0,0,0,0,0,0,0,0,0,0,0,0,0,0,0,0,0,0,0,0,0,0,0,0,0,0,-1,-1,-1,-1,N/A,N/A,N/A,N/A,N/A,N/A,N/A,N/A,N/A,N/A,N/A,N/A,N/A,N/A,N/A,N/A,N/A,N/A,N/A,N/A,N/A,N/A,N/A,N/A,N/A,N/A,N/A,N/A,N/A,N/A,N/A,N/A,N/A,N/A,N/A,N/A,N/A,N/A,N/A,N/A,N/A,N/A,N/A,N/A,N/A,N/A,N/A,N/A,N/A,N/A,N/A,N/A,N/A,N/A,N/A,N/A,N/A,N/A,N/A,N/A,N/A,N/A,N/A,N/A,N/A,N/A,N/A,N/A,N/A,N/A,N/A,N/A,N/A,N/A,N/A,N/A,N/A,N/A,N/A,N/A,N/A,N/A,N/A,N/A,N/A,N/A,N/A,N/A,N/A,N/A,N/A,N/A,N/A,N/A,N/A,N/A,N/A,N/A,N/A,N/A,N/A,N/A,N/A,N/A,N/A,N/A,N/A,N/A,N/A,N/A,N/A,N/A,N/A,N/A,N/A,N/A,N/A,N/A,N/A,N/A,N/A,N/A,N/A,N/A,N/A,N/A,N/A,N/A,N/A,N/A,N/A,N/A,N/A,N/A,N/A,N/A,N/A,N/A,N/A,N/A,N/A,N/A,N/A,N/A,N/A,N/A,N/A,N/A,N/A,N/A,N/A,N/A,N/A,N/A,N/A,N/A,N/A,N/A,N/A,N/A,N/A,N/A,N/A,N/A,N/A,N/A,N/A,N/A,N/A,N/A,N/A,N/A,N/A,N/A,N/A,N/A,N/A,N/A,N/A,N/A,N/A,N/A,N/A,N/A,N/A,N/A,N/A,N/A,N/A,N/A,N/A,N/A,N/A,N/A,N/A,N/A,N/A,N/A,N/A,N/A,N/A,N/A,N/A,N/A,N/A,N/A,N/A,N/A,N/A,N/A,N/A,N/A,N/A,N/A,N/A,N/A,N/A,N/A,N/A,N/A,N/A,N/A,N/A,N/A
Jucemar de Oliveira Cordeiro Júnior,36,631267200,1990/01/02,Serie B,2026,Goalkeeper,São Bernardo,134,90,44,Brazil,2,1,1,0,0,0,0,0,0,0,0,1,0,1,1,1,0,1,0,0,0,0,0,0,0,0.67,134,67,134,0,0.67,-1,-1,-1,26,0,6.79,0,58,22.16,16.50,19,33,12.00,24,15,16.12,19,0.00,0.00,0.00,0,0.00,0.00,0.00,0.00,0,0.00,0.00,0.00,0.00,2.00,0.00,0.00,2.50,0.00,0.00,0.00,0.00,0.00,0.00,0.00,0.00,0.00,0.00,0.00,0,0,,0,0.00,8,0,0.00,20,0,0.00,8,0,1,1,6,0.00,99,0,0,0.00,9,0,30,0.00,15,0,0.00,99,0,0.00,0,0,0.00,0,0.00,7,0,0.00,12,0,0.00,0.00,0,0.00,0,4,93,2.69,28,5,0.00,86,3.36,94,N/A,N/A,N/A,N/A,80.00,0,0.00,0,0.00,0.00,0,72.73,0.00,20,99,0.00,0.00,0,17,17,0,0,2,0.00,0.00,0,22,13.58,0.50,0.67,1,0,0.00,0.00,99,0.00,0,0,0,0.00,0.00,1,0.50,0.67,0.00,0.00,0,0,0.00,50,0,0,51,86,0.05,4,0.03,0.03,0.00,9,0.00,0.00,2,0,0.00,0.00,0.00,0.00,6,0,0.00,8,53,20,75,67,46,2,0,0.00,99,0,0.00,0.00,0.00,0.00,0,0,0,0,0.00,0.00,0.00,0,0.00,99,0,0.00,0,0.00,99,0,0.00,0.00,30,0,41,12,0,0,0,0,0,37,51,68,64,0,99,92,15,97,1,50,99,12,0,0
Julio Cesar Alves Gonçalves,22,1064732400,2003/09/28,Serie B,2026,Defender,Ceará,1521,712,809,Brazil,21,11,10,2,2,0,1,1,0,0,0,4,2,2,21,9,12,3,0,0.18,0.06,0.12,0.25,0,761,1.24,72,72,507,1521,0.18,151,168,152,2,0,6.78,0.05,64,38.04,30.48,62,640,26.19,550,79,32.69,67,0.00,0.00,0.48,10,0.00,0.48,1.43,1.14,24,0.00,0.48,0.00,0.00,0.00,0.67,0.29,1.05,5.50,0.65,0.43,0.62,0.00,0.10,0.09,0.00,1.19,0.00,0.00,0,0,,11,0.52,34,2,0.12,31,9,0.54,38,8,3,18,62,0.00,99,0,14,0.83,60,10,33,0.59,42,0,0.00,99,0,0.00,0,0,0.00,0,0.59,42,13,0.77,44,6,0.36,46.15,0,0.00,0,0,0,0.00,0,22,0.00,27,1.31,66,N/A,N/A,N/A,N/A,0.00,0,0.00,0,1.87,0.00,0,85.94,18.18,32,53,0.38,0.48,8,43,48,0,0,0,0.62,0.77,13,90,142.41,2.57,3.21,54,0,0.00,0.00,99,0.00,0,0,1,0.05,0.06,0,0.00,0.00,0.00,0.00,0,0,18.18,90,81,88,85,27,2.71,74,0.13,0.16,1.87,56,0.09,0.11,62,24,1.14,1.43,1.61,1.29,66,27,0.11,55,51,77,80,0,46,66,0,0.00,99,25,0.00,1.49,9.15,7.33,154,78,58,57,4.64,3.71,50.65,10,0.59,52,0,10.00,0,0.00,99,1,0.05,0.06,34,82,62,99,0,0,0,0,0,64,68,68,81,0,99,22,70,43,3,14,55,18,0,0
Júlio de Oliveira,19,1182754800,2007/06/25,Serie B,2026,Defender,Ponte Preta,605,496,109,Brazil,8,6,2,0,0,0,0,0,0,0,0,1,1,0,9,7,2,5,1,0,0,0,0,0,0,1.34,67,76,121,0,0.74,255,244,164,16,0,6.95,0,58,22.00,18.50,19,111,13.67,82,18,16.26,19,0.00,0.00,1.00,6,0.00,2.33,4.36,3.67,22,0.00,0.50,0.00,0.00,0.00,1.50,2.00,1.33,0.00,0.59,0.33,3.00,0.00,0.17,0.04,0.00,1.17,0.00,0.00,0,0,,3,0.50,29,1,0.20,42,2,0.40,32,1,0,8,99,0.00,99,0,9,1.78,96,14,86,2.78,71,0,0.00,99,0,0.00,0,0,0.00,0,1.19,71,18,3.57,96,12,2.38,66.67,0,0.00,0,0,0,0.00,0,8,0.00,20,1.59,79,N/A,N/A,N/A,N/A,0.00,0,0.00,0,0.25,0.00,0,73.87,33.33,66,5,1.17,1.39,7,98,85,0,0,0,0.67,0.79,4,91,41.71,3.33,3.96,20,0,0.00,0.00,99,0.00,0,0,0,0.00,0.00,0,0.00,0.00,0.00,0.00,0,0,0.00,50,22,12,51,21,0.40,27,0.07,0.08,0.25,34,0.04,0.05,69,8,1.33,1.59,1.78,1.50,76,9,0.05,33,80,82,75,0,46,62,0,0.00,99,7,0.00,1.39,15.46,13.00,78,48,99,96,9.52,8.00,61.54,3,0.59,52,0,35.71,0,0.00,99,5,0.83,0.99,83,37,24,36,0,0,0,0,0,37,51,68,64,0,99,12,15,98,3,38,97,2,0,0
Juninho,25,980236800,2001/01/23,Serie B,2026,Midfielder,Novorizontino,858,445,413,Brazil,21,11,10,3,3,0,4,1,3,0,0,8,3,5,4,3,1,3,0,0.73,0.42,0.31,0.61,0,286,0.42,215,41,286,215,0.31,40,7,-1,4,0,6.87,0.19,99,37.45,16.45,61,362,14.32,315,84,32.59,66,0.00,0.00,0.68,15,0.00,0.73,1.86,0.82,18,0.00,0.77,0.00,0.00,0.00,0.14,0.59,0.32,9.67,3.00,0.77,1.00,0.00,0.55,0.19,0.00,0.18,0.00,0.00,0,0,,29,1.32,95,12,1.24,95,17,1.76,93,3,18,3,80,0.00,99,0,3,0.31,23,16,46,1.66,61,0,0.00,99,0,0.00,0,0,0.00,0,1.55,83,22,2.28,84,13,1.34,59.09,0,0.00,0,0,0,0.00,0,7,0.00,98,0.72,14,N/A,N/A,N/A,N/A,0.00,0,0.00,0,4.22,0.00,0,87.02,41.38,80,6,0.59,1.34,13,90,76,0,0,0,0.09,0.21,2,48,151.19,0.23,0.52,5,0,0.00,0.00,99,0.00,0,0,1,0.05,0.10,0,0.00,0.00,0.21,0.09,2,0,10.34,73,43,88,59,98,3.59,99,0.16,0.37,4.22,96,0.19,0.44,56,12,0.55,1.24,1.03,0.45,35,10,0.44,95,68,14,89,0,75,17,0,0.00,99,4,0.00,0.41,10.45,4.59,101,47,62,73,4.86,2.14,46.53,17,1.76,6,0,18.75,0,0.00,99,3,0.14,0.31,58,3,99,71,0,0,0,0,0,98,92,68,98,0,99,73,43,69,3,14,55,50,0,0
Junior Barreto,28,884678400,1998/01/13,Serie B,2026,Defender,Atlético GO,1420,790,630,Paraguay,16,9,7,0,0,0,0,0,0,0,0,6,3,3,12,7,5,1,0,0,0,0,0,0,0,0.76,118,89,1420,0,0.06,318,299,48,29,0,6.99,0,58,48.23,47.56,86,761,41.06,657,81,41.64,86,0.00,0.00,0.44,7,0.00,0.00,1.27,1.25,20,0.00,0.06,0.00,0.00,0.00,1.06,0.19,0.81,0.00,0.38,0.25,0.38,0.00,0.12,0.03,0.00,3.31,0.00,0.00,0,0,,6,0.38,21,2,0.13,32,4,0.25,20,5,0,16,52,0.00,99,0,17,1.08,75,0,30,0.00,15,0,0.00,99,0,0.00,0,0,0.00,0,0.44,30,6,0.38,27,3,0.19,50.00,0,0.00,0,0,0,0.00,0,13,0.00,75,0.82,22,N/A,N/A,N/A,N/A,0.00,0,0.00,0,0.46,0.00,0,86.33,33.33,66,67,0.38,0.38,6,29,63,0,0,0,0.88,0.89,14,94,111.91,7.75,7.86,124,0,0.00,0.00,99,0.00,0,0,0,0.00,0.00,0,0.00,0.00,0.06,0.06,1,0,0.00,50,75,54,51,75,1.45,35,0.09,0.09,0.46,24,0.03,0.03,15,6,0.38,0.38,1.20,1.19,42,19,0.03,24,84,99,75,0,53,97,0,0.00,99,53,0.00,3.36,8.75,8.62,138,81,70,51,5.13,5.06,58.70,1,0.06,85,0,0.00,0,0.00,99,0,0.00,0.00,30,74,24,91,0,0,0,0,0,37,51,68,64,0,99,73,95,18,1,6,24,4,0,0
Kaua Almeida da Costa,22,1073030400,2004/01/02,Serie B,2026,Forward,Náutico,44,0,44,Brazil,1,0,1,0,0,0,0,0,0,0,0,0,0,0,0,0,0,0,0,0,0,0,0,0,0,0,0,44,0,0,0,-1,-1,-1,22,0,6.57,0,58,16.36,8.00,8,8,6.00,6,22,12.27,9,0.00,0.00,0.00,0,0.00,1.00,0.00,0.00,0,0.00,0.00,0.00,0.00,0.00,0.00,0.00,1.00,0.00,2.05,1.00,0.00,0.00,0.00,0.05,0.00,1.00,0.00,0.00,0,0,,1,1.00,82,0,0.00,20,1,2.05,96,1,1,0,6,0.00,99,0,0,0.00,9,1,30,2.05,65,0,0.00,99,0,0.00,0,0,0.00,0,0.00,7,0,0.00,12,0,0.00,0.00,0,0.00,0,0,0,0.00,0,1,0.00,99,2.05,88,N/A,N/A,N/A,N/A,0.00,0,0.00,0,0.05,0.00,0,75.00,0.00,20,99,0.00,0.00,0,17,17,0,0,0,0.00,0.00,0,22,6.57,2.00,4.09,2,0,0.00,0.00,99,0.00,0,0,0,0.00,0.00,0,0.00,0.00,0.00,0.00,0,0,0.00,50,0,0,51,0,0.01,1,0.01,0.02,0.05,52,0.05,0.10,2,0,0.00,0.00,4.09,2.00,99,2,0.10,52,25,84,75,0,46,82,0,0.00,99,1,0.00,2.05,6.14,3.00,3,1,8,18,2.05,1.00,33.33,0,0.00,99,0,0.00,0,0.00,99,0,0.00,0.00,30,0,41,36,0,0,0,0,0,37,51,68,64,0,99,2,13,13,0,0,13,19,0,0
Kauã Henrique Gomes Paiao,23,1036396800,2002/11/04,Serie B,2026,Forward,Operário PR,0,0,0,Brazil,0,0,0,0,0,0,0,0,0,0,0,0,0,0,0,0,0,0,0,0,0,0,0,0,0,0,0,0,0,0,0,-1,-1,-1,-1,N/A,N/A,N/A,N/A,N/A,N/A,N/A,N/A,N/A,N/A,N/A,N/A,N/A,N/A,N/A,N/A,N/A,N/A,N/A,N/A,N/A,N/A,N/A,N/A,N/A,N/A,N/A,N/A,N/A,N/A,N/A,N/A,N/A,N/A,N/A,N/A,N/A,N/A,N/A,N/A,N/A,N/A,N/A,N/A,N/A,N/A,N/A,N/A,N/A,N/A,N/A,N/A,N/A,N/A,N/A,N/A,N/A,N/A,N/A,N/A,N/A,N/A,N/A,N/A,N/A,N/A,N/A,N/A,N/A,N/A,N/A,N/A,N/A,N/A,N/A,N/A,N/A,N/A,N/A,N/A,N/A,N/A,N/A,N/A,N/A,N/A,N/A,N/A,N/A,N/A,N/A,N/A,N/A,N/A,N/A,N/A,N/A,N/A,N/A,N/A,N/A,N/A,N/A,N/A,N/A,N/A,N/A,N/A,N/A,N/A,N/A,N/A,N/A,N/A,N/A,N/A,N/A,N/A,N/A,N/A,N/A,N/A,N/A,N/A,N/A,N/A,N/A,N/A,N/A,N/A,N/A,N/A,N/A,N/A,N/A,N/A,N/A,N/A,N/A,N/A,N/A,N/A,N/A,N/A,N/A,N/A,N/A,N/A,N/A,N/A,N/A,N/A,N/A,N/A,N/A,N/A,N/A,N/A,N/A,N/A,N/A,N/A,N/A,N/A,N/A,N/A,N/A,N/A,N/A,N/A,N/A,N/A,N/A,N/A,N/A,N/A,N/A,N/A,N/A,N/A,N/A,N/A,N/A,N/A,N/A,N/A,N/A,N/A,N/A,N/A,N/A,N/A,N/A,N/A,N/A,N/A,N/A,N/A,N/A,N/A,N/A,N/A,N/A,N/A,N/A,N/A,N/A,N/A,N/A,N/A,N/A,N/A,N/A,N/A,N/A,N/A,N/A,N/A,N/A,N/A,N/A,N/A,N/A,N/A
Kauã Henrique Sampaio de Souza,19,1167897600,2007/01/04,Serie B,2026,Forward,Atlético GO,0,0,0,Brazil,0,0,0,0,0,0,0,0,0,0,0,0,0,0,0,0,0,0,0,0,0,0,0,0,0,0,0,0,0,0,0,-1,-1,-1,-1,N/A,N/A,N/A,N/A,N/A,N/A,N/A,N/A,N/A,N/A,N/A,N/A,N/A,N/A,N/A,N/A,N/A,N/A,N/A,N/A,N/A,N/A,N/A,N/A,N/A,N/A,N/A,N/A,N/A,N/A,N/A,N/A,N/A,N/A,N/A,N/A,N/A,N/A,N/A,N/A,N/A,N/A,N/A,N/A,N/A,N/A,N/A,N/A,N/A,N/A,N/A,N/A,N/A,N/A,N/A,N/A,N/A,N/A,N/A,N/A,N/A,N/A,N/A,N/A,N/A,N/A,N/A,N/A,N/A,N/A,N/A,N/A,N/A,N/A,N/A,N/A,N/A,N/A,N/A,N/A,N/A,N/A,N/A,N/A,N/A,N/A,N/A,N/A,N/A,N/A,N/A,N/A,N/A,N/A,N/A,N/A,N/A,N/A,N/A,N/A,N/A,N/A,N/A,N/A,N/A,N/A,N/A,N/A,N/A,N/A,N/A,N/A,N/A,N/A,N/A,N/A,N/A,N/A,N/A,N/A,N/A,N/A,N/A,N/A,N/A,N/A,N/A,N/A,N/A,N/A,N/A,N/A,N/A,N/A,N/A,N/A,N/A,N/A,N/A,N/A,N/A,N/A,N/A,N/A,N/A,N/A,N/A,N/A,N/A,N/A,N/A,N/A,N/A,N/A,N/A,N/A,N/A,N/A,N/A,N/A,N/A,N/A,N/A,N/A,N/A,N/A,N/A,N/A,N/A,N/A,N/A,N/A,N/A,N/A,N/A,N/A,N/A,N/A,N/A,N/A,N/A,N/A,N/A,N/A,N/A,N/A,N/A,N/A,N/A,N/A,N/A,N/A,N/A,N/A,N/A,N/A,N/A,N/A,N/A,N/A,N/A,N/A,N/A,N/A,N/A,N/A,N/A,N/A,N/A,N/A,N/A,N/A,N/A,N/A,N/A,N/A,N/A,N/A,N/A,N/A,N/A,N/A,N/A,N/A
Kauã Maranhão,22,1073030400,2004/01/02,Serie B,2026,Forward,Náutico,504,255,249,Brazil,7,3,4,1,1,0,0,0,0,0,0,2,1,1,4,1,3,1,0,0.18,0,0.18,0.35,0,504,0.71,126,72,504,0,0.18,108,223,-1,10,0,6.91,0,58,12.46,10.29,2,72,7.43,52,14,9.00,3,0.00,0.00,0.57,4,0.00,0.00,0.17,0.14,1,0.00,1.00,0.00,0.00,0.00,0.00,0.14,0.57,8.00,4.15,2.29,0.43,0.00,1.14,0.50,0.00,1.43,0.00,0.00,0,0,,24,3.43,99,8,1.38,98,16,2.77,99,1,1,6,8,0.00,99,0,0,0.00,9,0,30,0.00,15,0,0.00,99,0,0.00,0,0,0.00,0,0.69,45,3,0.52,33,1,0.17,33.33,0,0.00,0,0,0,0.00,0,4,0.00,84,0.69,11,N/A,N/A,N/A,N/A,0.00,0,0.00,0,3.50,0.00,0,72.22,33.33,66,70,0.29,0.35,2,28,31,0,0,0,0.00,0.00,0,22,48.37,0.29,0.35,2,0,0.00,0.00,99,0.00,0,0,2,0.29,0.35,0,0.00,0.00,1.04,0.86,6,0,12.50,80,15,8,73,84,0.23,8,0.03,0.04,3.50,99,0.50,0.61,60,8,1.14,1.38,1.56,1.29,65,9,0.61,98,75,8,99,0,99,74,0,0.00,99,10,0.00,1.73,11.60,9.57,67,20,27,80,3.46,2.86,29.85,7,1.21,17,0,0.00,0,0.00,99,0,0.00,0.00,30,23,41,36,0,0,0,0,0,61,77,68,90,0,99,51,72,41,1,14,55,19,0,0
Kauã Oliveira Costa,20,1140940800,2006/02/26,Serie B,2026,Defender,Juventude,0,0,0,Brazil,0,0,0,0,0,0,0,0,0,0,0,0,0,0,0,0,0,0,0,0,0,0,0,0,0,0,0,0,0,0,0,-1,-1,-1,-1,N/A,N/A,N/A,N/A,N/A,N/A,N/A,N/A,N/A,N/A,N/A,N/A,N/A,N/A,N/A,N/A,N/A,N/A,N/A,N/A,N/A,N/A,N/A,N/A,N/A,N/A,N/A,N/A,N/A,N/A,N/A,N/A,N/A,N/A,N/A,N/A,N/A,N/A,N/A,N/A,N/A,N/A,N/A,N/A,N/A,N/A,N/A,N/A,N/A,N/A,N/A,N/A,N/A,N/A,N/A,N/A,N/A,N/A,N/A,N/A,N/A,N/A,N/A,N/A,N/A,N/A,N/A,N/A,N/A,N/A,N/A,N/A,N/A,N/A,N/A,N/A,N/A,N/A,N/A,N/A,N/A,N/A,N/A,N/A,N/A,N/A,N/A,N/A,N/A,N/A,N/A,N/A,N/A,N/A,N/A,N/A,N/A,N/A,N/A,N/A,N/A,N/A,N/A,N/A,N/A,N/A,N/A,N/A,N/A,N/A,N/A,N/A,N/A,N/A,N/A,N/A,N/A,N/A,N/A,N/A,N/A,N/A,N/A,N/A,N/A,N/A,N/A,N/A,N/A,N/A,N/A,N/A,N/A,N/A,N/A,N/A,N/A,N/A,N/A,N/A,N/A,N/A,N/A,N/A,N/A,N/A,N/A,N/A,N/A,N/A,N/A,N/A,N/A,N/A,N/A,N/A,N/A,N/A,N/A,N/A,N/A,N/A,N/A,N/A,N/A,N/A,N/A,N/A,N/A,N/A,N/A,N/A,N/A,N/A,N/A,N/A,N/A,N/A,N/A,N/A,N/A,N/A,N/A,N/A,N/A,N/A,N/A,N/A,N/A,N/A,N/A,N/A,N/A,N/A,N/A,N/A,N/A,N/A,N/A,N/A,N/A,N/A,N/A,N/A,N/A,N/A,N/A,N/A,N/A,N/A,N/A,N/A,N/A,N/A,N/A,N/A,N/A,N/A,N/A,N/A,N/A,N/A,N/A,N/A
Kauã Ziegler da Silva,20,1141200000,2006/03/01,Serie B,2026,Forward,Ceará,41,3,38,Brazil,3,1,2,0,0,0,0,0,0,0,0,0,0,0,1,0,1,0,0,0,0,0,0,0,0,2.2,41,14,0,0,0,-1,-1,-1,19,0,4.53,0,58,19.76,3.00,15,9,1.67,5,1,10.98,6,0.00,0.00,0.33,1,0.00,2.33,2.20,0.33,1,0.00,0.33,0.00,0.00,0.00,0.00,0.00,0.67,0.00,4.39,0.33,0.33,0.00,0.33,0.05,0.00,0.67,0.00,0.00,0,0,,2,0.67,99,1,2.20,99,1,2.20,98,0,3,0,88,0.00,99,0,0,0.00,9,7,74,15.37,99,0,0.00,99,0,0.00,0,0,0.00,0,2.20,95,1,2.20,83,0,0.00,0.00,0,0.00,0,0,0,0.00,0,2,0.00,1,4.39,98,N/A,N/A,N/A,N/A,0.00,0,0.00,0,0.16,0.00,0,55.56,50.00,92,99,0.00,0.00,0,17,17,0,0,0,0.00,0.00,0,22,13.58,0.33,2.20,1,0,0.00,0.00,99,0.00,0,0,0,0.00,0.00,0,0.00,0.00,0.00,0.00,0,0,0.00,50,0,0,51,2,0.05,49,0.02,0.11,0.16,92,0.05,0.35,99,2,0.67,4.39,2.20,0.33,88,1,0.35,90,0,63,75,0,46,99,0,0.00,99,2,0.00,4.39,19.76,3.00,9,5,99,99,10.98,1.67,55.56,1,2.20,1,0,28.57,0,0.00,99,2,0.67,4.39,99,0,62,12,0,0,0,0,0,37,51,68,64,0,99,2,13,13,0,0,13,90,0,0
Kauan Cristtyan Cabral do Carmo,20,1138089600,2006/01/24,Serie B,2026,Forward,Cuiabá,999,552,447,Brazil,20,11,9,2,0,2,2,1,1,0,0,6,4,2,8,4,4,1,0,0.36,0.18,0.18,0,0.4,500,0.72,125,50,999,500,0.09,109,65,-1,4,0,6.71,0.1,88,16.67,9.25,9,185,7.55,151,50,13.60,13,0.00,0.00,0.50,10,0.00,1.80,0.90,0.50,10,0.00,0.80,0.00,0.00,0.00,0.40,0.50,0.45,9.00,1.62,0.60,1.20,0.00,0.30,0.12,0.00,0.55,0.00,0.00,0,0,,18,0.90,70,6,0.54,74,12,1.08,70,3,12,8,31,0.00,99,0,8,0.72,51,36,56,3.24,76,0,0.00,99,0,0.00,0,0,0.00,0,0.90,56,24,2.16,83,10,0.90,41.67,0,0.00,0,0,0,0.00,0,9,0.00,79,0.81,21,N/A,N/A,N/A,N/A,0.00,0,0.00,0,2.45,0.00,0,81.62,33.33,66,58,0.25,0.45,5,78,40,0,0,0,0.10,0.18,2,43,134.24,0.40,0.72,8,0,0.00,0.00,99,0.00,0,0,0,0.00,0.00,0,0.00,0.00,0.27,0.15,3,0,11.11,77,51,79,73,79,1.84,78,0.09,0.17,2.45,77,0.12,0.22,58,15,0.75,1.35,1.53,0.85,63,17,0.22,74,42,22,75,0,81,52,0,0.00,99,11,0.00,0.99,12.25,6.80,136,45,42,84,4.05,2.25,33.09,16,1.44,11,0,22.22,0,0.00,99,8,0.40,0.72,75,37,97,71,0,0,0,0,0,83,79,93,64,0,99,54,90,23,1,5,19,41,0,0
Kauan Felipe Klisman Rocha,19,1171008000,2007/02/09,Serie B,2026,Defender,Novorizontino,308,108,200,Brazil,6,3,3,0,0,0,0,0,0,0,0,1,1,0,2,0,2,1,0,0,0,0,0,0,0,0.58,154,51,308,0,0.29,269,272,25,18,0,5.47,0,58,31.85,18.17,46,109,13.33,80,17,23.38,40,0.00,0.00,0.17,1,0.00,0.33,1.75,1.00,6,0.00,0.33,0.00,0.00,0.00,0.50,0.33,0.67,0.00,0.29,0.00,0.33,0.00,0.17,0.02,0.00,0.50,0.00,0.00,0,0,,1,0.17,16,1,0.29,51,0,0.00,8,5,4,2,74,0.00,99,0,3,0.88,62,2,30,0.58,42,0,0.00,99,0,0.00,0,0,0.00,0,0.29,20,2,0.58,34,2,0.58,100.00,0,0.00,0,0,0,0.00,0,4,0.00,90,1.17,56,N/A,N/A,N/A,N/A,0.00,0,0.00,0,0.13,0.00,0,73.39,100.00,99,9,0.67,1.17,4,62,99,0,0,0,0.17,0.29,1,61,32.82,0.67,1.17,4,0,0.00,0.00,99,0.00,0,0,0,0.00,0.00,0,0.00,0.00,0.00,0.00,0,0,0.00,50,0,3,51,90,0.22,15,0.04,0.06,0.13,29,0.02,0.04,27,2,0.33,0.58,2.34,1.33,91,8,0.04,28,1,39,75,0,46,45,0,0.00,99,3,0.00,0.88,9.35,5.33,32,12,29,60,3.51,2.00,37.50,2,0.58,52,0,0.00,0,0.00,99,0,0.00,0.00,30,1,69,91,0,0,0,0,0,37,51,68,64,0,99,17,47,66,1,17,62,21,0,0
Kauan Gabriel Cordeiro Lindes,22,1070006400,2003/11/28,Serie B,2026,Midfielder,Athletic Club,45,45,0,Brazil,2,2,0,0,0,0,0,0,0,0,0,1,1,0,1,1,0,0,0,0,0,0,0,0,0,2,45,23,0,0,0,-1,-1,-1,31,0,6.50,0,58,30.00,7.50,40,15,6.50,13,82,26.00,47,0.00,0.00,1.00,2,0.00,0.00,0.00,0.00,0,0.00,0.50,0.00,0.00,0.00,0.00,0.50,0.50,0.00,0.00,0.00,0.50,0.00,0.00,0.00,0.00,0.00,0.00,0.00,0,0,,0,0.00,8,0,0.00,20,0,0.00,8,0,2,0,6,0.00,99,0,0,0.00,9,0,30,0.00,15,0,0.00,99,0,0.00,0,0,0.00,0,4.00,99,1,2.00,79,1,2.00,100.00,0,0.00,0,0,0,0.00,0,1,0.00,3,2.00,88,N/A,N/A,N/A,N/A,0.00,0,0.00,0,0.00,0.00,0,86.67,0.00,20,99,0.00,0.00,0,97,99,0,0,0,0.00,0.00,0,22,13.01,0.00,0.00,0,0,0.00,0.00,99,0.00,0,0,0,0.00,0.00,0,0.00,0.00,0.00,0.00,0,0,0.00,50,0,0,51,3,0.09,80,0.04,0.18,0.00,9,0.00,0.00,2,0,0.00,0.00,8.00,2.00,99,4,0.00,8,19,1,75,0,46,2,0,0.00,99,0,0.00,0.00,12.00,3.00,6,1,8,83,2.00,0.50,16.67,1,2.00,3,0,0.00,0,0.00,99,0,0.00,0.00,30,0,50,12,0,0,0,0,0,37,51,68,64,0,99,92,13,13,0,0,13,19,0,0
Kauan Rodrigues da Silva,21,1113634800,2005/04/16,Serie B,2026,Midfielder,Athletic Club,1710,807,903,Brazil,21,10,11,2,1,1,0,0,0,0,0,5,3,2,18,7,11,4,0,0.11,0,0.11,0.11,0.1,855,0.95,95,81,428,0,0.21,160,404,-1,4,0,6.84,0,58,25.95,23.48,32,493,19.33,406,55,21.37,36,0.00,0.00,0.81,17,0.00,1.00,0.53,0.48,10,0.00,0.57,0.00,0.00,0.00,0.48,0.38,0.90,12.50,1.32,0.62,0.86,0.00,0.57,0.17,0.00,0.24,0.00,0.00,0,0,,25,1.19,61,12,0.63,78,13,0.68,49,7,2,19,14,0.00,99,0,10,0.53,36,21,92,1.11,54,0,0.00,99,0,0.00,0,0,0.00,0,0.89,56,18,0.95,52,8,0.42,44.44,0,0.00,0,0,0,0.00,0,19,0.00,55,1.00,41,N/A,N/A,N/A,N/A,0.00,0,0.00,0,3.62,0.00,0,82.35,48.00,86,68,0.33,0.37,7,48,44,0,0,0,0.29,0.32,6,63,143.66,0.71,0.79,15,0,0.00,0.00,99,0.00,0,0,0,0.00,0.00,0,0.00,0.00,0.11,0.10,2,2,8.00,64,88,88,87,56,1.57,27,0.07,0.08,3.62,72,0.17,0.19,73,32,1.52,1.68,0.84,0.76,23,16,0.19,70,63,25,75,0,61,10,0,0.00,99,5,0.00,0.26,6.21,5.62,118,56,18,20,2.95,2.67,47.46,12,0.63,49,0,47.62,0,0.00,99,10,0.48,0.53,68,86,50,99,0,0,0,0,0,51,66,70,70,0,99,34,64,49,4,19,68,17,0,0
Kauê Leonardo de Souza Prado,21,1113202800,2005/04/11,Serie B,2026,Defender,Londrina,996,498,498,Brazil,14,7,7,0,0,0,2,1,1,0,0,4,4,0,12,3,9,2,0,0.18,0.18,0,0,0,0,1.08,83,71,498,498,0.18,251,66,123,21,0,6.64,0.14,88,29.01,22.93,39,321,18.64,261,48,23.58,40,0.00,0.00,0.43,6,0.00,1.57,1.90,1.50,21,0.00,0.50,0.00,0.00,0.00,0.43,0.36,0.93,0.00,0.36,0.21,0.79,0.00,0.07,0.02,0.00,1.14,0.00,0.00,0,0,,4,0.29,20,1,0.09,24,3,0.27,21,2,3,11,81,0.00,99,0,6,0.54,37,22,36,1.99,65,0,0.00,99,0,0.00,0,0,0.00,0,0.54,38,11,0.99,54,5,0.45,45.45,0,0.00,0,0,0,0.00,0,13,0.00,43,1.17,56,N/A,N/A,N/A,N/A,0.00,0,0.00,0,0.24,0.00,0,81.31,25.00,46,46,0.43,0.54,6,53,47,0,0,0,0.00,0.00,0,22,92.98,2.21,2.80,31,0,0.00,0.00,99,0.00,0,0,0,0.00,0.00,0,0.00,0.00,0.00,0.00,0,0,0.00,50,50,41,51,43,1.93,78,0.14,0.17,0.24,19,0.02,0.02,70,18,1.29,1.63,1.45,1.14,58,16,0.02,18,33,73,75,0,46,64,0,0.00,99,16,0.00,1.45,9.40,7.43,104,60,77,60,5.42,4.29,57.69,7,0.63,49,0,13.64,0,0.00,99,3,0.21,0.27,56,51,62,54,0,0,0,0,0,64,51,68,64,0,99,51,70,43,2,14,55,21,0,0
Kayke Gouvêa Queiroz,20,1150700400,2006/06/19,Serie B,2026,Forward,Fortaleza,60,6,54,Brazil,3,1,2,0,0,0,1,1,0,0,0,3,1,2,0,0,0,1,0,1.5,1.5,0,0,0,0,0,0,20,60,60,1.5,-1,-1,-1,14,0,6.50,0.33,99,6.00,1.33,0,4,0.67,2,0,3.00,0,0.00,0.00,0.33,1,0.00,0.33,0.00,0.00,0,0.00,0.33,0.00,0.00,0.00,0.00,0.00,0.00,0.00,3.00,0.67,1.33,0.00,0.00,0.03,0.00,0.67,0.00,0.00,0,0,,2,0.67,95,0,0.00,20,2,3.00,99,0,3,0,6,0.00,99,0,0,0.00,9,1,99,1.50,59,0,0.00,99,0,0.00,0,0,0.00,0,1.50,82,4,6.00,99,0,0.00,0.00,0,0.00,0,0,0,0.00,0,0,0.00,99,0.00,0,N/A,N/A,N/A,N/A,0.00,0,0.00,0,0.09,0.00,0,50.00,0.00,20,99,0.00,0.00,0,17,17,0,0,0,0.67,3.00,2,99,19.49,0.67,3.00,2,0,0.00,0.00,99,0.00,0,0,0,0.00,0.00,0,0.00,0.00,0.00,0.00,0,0,0.00,50,0,0,51,0,0.58,99,0.19,0.87,0.09,63,0.03,0.14,2,0,0.00,0.00,9.00,2.00,99,6,0.14,62,19,76,75,0,46,95,0,0.00,99,2,0.00,3.00,34.50,7.67,23,2,19,99,3.00,0.67,8.70,1,1.50,9,0,100.00,0,0.00,99,1,0.33,1.50,95,0,62,12,0,0,0,0,0,99,51,68,64,0,99,99,13,99,1,33,94,99,0,0
Kayky Henrique Almeida Brandão da Silva,21,1114930800,2005/05/01,Serie B,2026,Defender,Sport Recife,279,90,189,Brazil,4,1,3,0,0,0,0,0,0,0,0,1,0,1,3,1,2,0,0,0,0,0,0,0,0,0.97,93,70,0,0,0,227,213,104,13,0,6.80,0,58,62.90,48.75,99,195,40.25,161,56,51.94,98,0.00,0.00,0.25,1,0.00,0.00,0.32,0.25,1,0.00,0.00,0.00,0.00,0.00,0.50,0.00,1.00,0.00,0.00,0.00,0.00,0.00,0.00,0.00,0.00,1.25,0.00,0.00,0,0,,0,0.00,8,0,0.00,20,0,0.00,8,0,1,3,9,0.00,99,0,2,0.65,44,0,30,0.00,15,0,0.00,99,0,0.00,0,0,0.00,0,0.32,21,0,0.00,12,0,0.00,0.00,0,0.00,0,0,0,0.00,0,4,0.00,52,1.29,65,N/A,N/A,N/A,N/A,0.00,0,0.00,0,0.00,0.00,0,82.56,0.00,20,36,0.50,0.65,2,17,17,0,0,0,2.25,2.90,9,99,27.19,7.00,9.03,28,0,0.00,0.00,99,0.00,0,0,0,0.00,0.00,0,0.00,0.00,0.00,0.00,0,0,0.00,50,0,0,51,53,0.33,49,0.08,0.11,0.00,9,0.00,0.00,11,1,0.25,0.32,0.32,0.25,9,1,0.00,8,55,99,75,0,46,70,0,0.00,99,5,0.00,1.61,4.52,3.50,14,7,10,9,2.26,1.75,50.00,0,0.00,99,0,0.00,0,0.00,99,0,0.00,0.00,30,3,41,12,0,0,0,0,0,37,51,68,64,0,99,38,13,13,0,0,13,33,0,0
Kaynan Fragoso Azevedo,20,1150441200,2006/06/16,Serie B,2026,Midfielder,Juventude,0,0,0,Brazil,0,0,0,0,0,0,0,0,0,0,0,0,0,0,0,0,0,0,0,0,0,0,0,0,0,0,0,0,0,0,0,-1,-1,-1,-1,N/A,N/A,N/A,N/A,N/A,N/A,N/A,N/A,N/A,N/A,N/A,N/A,N/A,N/A,N/A,N/A,N/A,N/A,N/A,N/A,N/A,N/A,N/A,N/A,N/A,N/A,N/A,N/A,N/A,N/A,N/A,N/A,N/A,N/A,N/A,N/A,N/A,N/A,N/A,N/A,N/A,N/A,N/A,N/A,N/A,N/A,N/A,N/A,N/A,N/A,N/A,N/A,N/A,N/A,N/A,N/A,N/A,N/A,N/A,N/A,N/A,N/A,N/A,N/A,N/A,N/A,N/A,N/A,N/A,N/A,N/A,N/A,N/A,N/A,N/A,N/A,N/A,N/A,N/A,N/A,N/A,N/A,N/A,N/A,N/A,N/A,N/A,N/A,N/A,N/A,N/A,N/A,N/A,N/A,N/A,N/A,N/A,N/A,N/A,N/A,N/A,N/A,N/A,N/A,N/A,N/A,N/A,N/A,N/A,N/A,N/A,N/A,N/A,N/A,N/A,N/A,N/A,N/A,N/A,N/A,N/A,N/A,N/A,N/A,N/A,N/A,N/A,N/A,N/A,N/A,N/A,N/A,N/A,N/A,N/A,N/A,N/A,N/A,N/A,N/A,N/A,N/A,N/A,N/A,N/A,N/A,N/A,N/A,N/A,N/A,N/A,N/A,N/A,N/A,N/A,N/A,N/A,N/A,N/A,N/A,N/A,N/A,N/A,N/A,N/A,N/A,N/A,N/A,N/A,N/A,N/A,N/A,N/A,N/A,N/A,N/A,N/A,N/A,N/A,N/A,N/A,N/A,N/A,N/A,N/A,N/A,N/A,N/A,N/A,N/A,N/A,N/A,N/A,N/A,N/A,N/A,N/A,N/A,N/A,N/A,N/A,N/A,N/A,N/A,N/A,N/A,N/A,N/A,N/A,N/A,N/A,N/A,N/A,N/A,N/A,N/A,N/A,N/A,N/A,N/A,N/A,N/A,N/A,N/A
Kelvin Giacobe Alves dos Santos,29,871887600,1997/08/18,Serie B,2026,Forward,Botafogo SP,1146,496,650,Brazil,18,8,10,0,0,0,1,1,0,0,0,4,1,3,13,6,7,2,0,0.08,0.08,0,0,0,0,1.02,88,64,573,1146,0.16,314,142,-1,31,0,6.69,0.06,68,20.89,14.78,17,266,12.78,230,82,18.06,24,0.00,0.00,0.83,15,0.00,1.00,1.10,0.78,14,0.00,0.56,0.00,0.00,0.00,0.28,0.67,0.78,0.00,1.49,0.78,1.44,0.00,0.28,0.09,0.00,0.11,0.00,0.00,0,0,,19,1.06,67,5,0.39,61,14,1.10,70,3,3,15,42,0.00,99,0,5,0.39,28,18,85,1.41,58,0,0.00,99,0,0.00,0,0,0.00,0,1.18,71,26,2.04,80,12,0.94,46.15,0,0.00,0,0,0,0.00,0,14,0.00,46,1.10,49,N/A,N/A,N/A,N/A,0.00,0,0.00,0,1.59,0.00,0,86.47,26.32,47,53,0.33,0.47,6,80,48,0,0,0,0.11,0.16,2,41,120.35,0.44,0.63,8,0,0.00,0.00,99,0.00,0,0,0,0.00,0.00,0,0.00,0.00,0.39,0.28,5,0,0.00,50,59,68,51,47,1.59,56,0.09,0.12,1.59,59,0.09,0.12,37,11,0.61,0.86,0.31,0.22,9,4,0.12,58,39,19,75,0,86,4,0,0.00,99,2,0.00,0.16,6.91,4.89,88,39,20,28,3.06,2.17,44.32,10,0.79,37,0,33.33,0,0.00,99,6,0.33,0.47,66,68,62,71,0,0,0,0,0,45,51,68,64,0,99,30,75,39,2,11,41,7,0,0
Kerlon da Silva Carvalho,20,1145516400,2006/04/20,Serie B,2026,Midfielder,Vila Nova,0,0,0,Brazil,0,0,0,0,0,0,0,0,0,0,0,0,0,0,0,0,0,0,0,0,0,0,0,0,0,0,0,0,0,0,0,-1,-1,-1,-1,N/A,N/A,N/A,N/A,N/A,N/A,N/A,N/A,N/A,N/A,N/A,N/A,N/A,N/A,N/A,N/A,N/A,N/A,N/A,N/A,N/A,N/A,N/A,N/A,N/A,N/A,N/A,N/A,N/A,N/A,N/A,N/A,N/A,N/A,N/A,N/A,N/A,N/A,N/A,N/A,N/A,N/A,N/A,N/A,N/A,N/A,N/A,N/A,N/A,N/A,N/A,N/A,N/A,N/A,N/A,N/A,N/A,N/A,N/A,N/A,N/A,N/A,N/A,N/A,N/A,N/A,N/A,N/A,N/A,N/A,N/A,N/A,N/A,N/A,N/A,N/A,N/A,N/A,N/A,N/A,N/A,N/A,N/A,N/A,N/A,N/A,N/A,N/A,N/A,N/A,N/A,N/A,N/A,N/A,N/A,N/A,N/A,N/A,N/A,N/A,N/A,N/A,N/A,N/A,N/A,N/A,N/A,N/A,N/A,N/A,N/A,N/A,N/A,N/A,N/A,N/A,N/A,N/A,N/A,N/A,N/A,N/A,N/A,N/A,N/A,N/A,N/A,N/A,N/A,N/A,N/A,N/A,N/A,N/A,N/A,N/A,N/A,N/A,N/A,N/A,N/A,N/A,N/A,N/A,N/A,N/A,N/A,N/A,N/A,N/A,N/A,N/A,N/A,N/A,N/A,N/A,N/A,N/A,N/A,N/A,N/A,N/A,N/A,N/A,N/A,N/A,N/A,N/A,N/A,N/A,N/A,N/A,N/A,N/A,N/A,N/A,N/A,N/A,N/A,N/A,N/A,N/A,N/A,N/A,N/A,N/A,N/A,N/A,N/A,N/A,N/A,N/A,N/A,N/A,N/A,N/A,N/A,N/A,N/A,N/A,N/A,N/A,N/A,N/A,N/A,N/A,N/A,N/A,N/A,N/A,N/A,N/A,N/A,N/A,N/A,N/A,N/A,N/A,N/A,N/A,N/A,N/A,N/A,N/A
Kevin da Silva Soares,18,1196582400,2007/12/02,Serie B,2026,Midfielder,Avaí,0,0,0,Brazil,0,0,0,0,0,0,0,0,0,0,0,0,0,0,0,0,0,0,0,0,0,0,0,0,0,0,0,0,0,0,0,-1,-1,-1,-1,N/A,N/A,N/A,N/A,N/A,N/A,N/A,N/A,N/A,N/A,N/A,N/A,N/A,N/A,N/A,N/A,N/A,N/A,N/A,N/A,N/A,N/A,N/A,N/A,N/A,N/A,N/A,N/A,N/A,N/A,N/A,N/A,N/A,N/A,N/A,N/A,N/A,N/A,N/A,N/A,N/A,N/A,N/A,N/A,N/A,N/A,N/A,N/A,N/A,N/A,N/A,N/A,N/A,N/A,N/A,N/A,N/A,N/A,N/A,N/A,N/A,N/A,N/A,N/A,N/A,N/A,N/A,N/A,N/A,N/A,N/A,N/A,N/A,N/A,N/A,N/A,N/A,N/A,N/A,N/A,N/A,N/A,N/A,N/A,N/A,N/A,N/A,N/A,N/A,N/A,N/A,N/A,N/A,N/A,N/A,N/A,N/A,N/A,N/A,N/A,N/A,N/A,N/A,N/A,N/A,N/A,N/A,N/A,N/A,N/A,N/A,N/A,N/A,N/A,N/A,N/A,N/A,N/A,N/A,N/A,N/A,N/A,N/A,N/A,N/A,N/A,N/A,N/A,N/A,N/A,N/A,N/A,N/A,N/A,N/A,N/A,N/A,N/A,N/A,N/A,N/A,N/A,N/A,N/A,N/A,N/A,N/A,N/A,N/A,N/A,N/A,N/A,N/A,N/A,N/A,N/A,N/A,N/A,N/A,N/A,N/A,N/A,N/A,N/A,N/A,N/A,N/A,N/A,N/A,N/A,N/A,N/A,N/A,N/A,N/A,N/A,N/A,N/A,N/A,N/A,N/A,N/A,N/A,N/A,N/A,N/A,N/A,N/A,N/A,N/A,N/A,N/A,N/A,N/A,N/A,N/A,N/A,N/A,N/A,N/A,N/A,N/A,N/A,N/A,N/A,N/A,N/A,N/A,N/A,N/A,N/A,N/A,N/A,N/A,N/A,N/A,N/A,N/A,N/A,N/A,N/A,N/A,N/A,N/A
Kevin Federik Ramírez Dutra,32,765187200,1994/04/01,Serie B,2026,Forward,Atlético GO,60,0,60,Uruguay,1,0,1,0,0,0,0,0,0,0,0,0,0,0,1,0,1,0,0,0,0,0,0,0,0,1.5,60,60,0,0,0,-1,-1,-1,33,0,6.28,0,58,16.50,11.00,8,11,6.00,6,1,9.00,3,0.00,0.00,0.00,0,0.00,0.00,0.00,0.00,0,0.00,2.00,0.00,0.00,0.00,0.00,0.00,1.00,0.00,1.50,1.00,1.00,0.00,0.00,0.05,0.00,1.00,0.00,0.00,0,0,,1,1.00,67,0,0.00,20,1,1.50,86,5,0,1,6,0.00,99,0,0,0.00,9,0,30,0.00,15,0,0.00,99,0,0.00,0,0,0.00,0,0.00,7,1,1.50,72,0,0.00,0.00,0,0.00,0,0,0,0.00,0,1,0.00,13,1.50,76,N/A,N/A,N/A,N/A,0.00,0,0.00,0,0.05,0.00,0,54.55,0.00,20,99,0.00,0.00,0,17,17,0,0,0,0.00,0.00,0,22,6.28,0.00,0.00,0,0,0.00,0.00,99,0.00,0,0,0,0.00,0.00,0,0.00,0.00,1.50,1.00,1,0,0.00,50,0,0,51,14,0.01,0,0.01,0.01,0.05,46,0.05,0.08,66,1,1.00,1.50,0.00,0.00,6,0,0.08,45,12,1,75,0,99,66,0,0.00,99,1,0.00,1.50,9.00,6.00,6,2,19,54,3.00,2.00,33.33,2,3.00,0,0,0.00,0,0.00,99,0,0.00,0.00,30,0,24,91,0,0,0,0,0,37,51,68,64,0,99,2,13,13,0,0,13,7,0,0
Kevin Peterson Dos Santos Silva,28,873615600,1997/09/07,Serie B,2026,Defender,CRB,752,383,369,Brazil,12,7,5,0,0,0,0,0,0,0,0,5,2,3,9,4,5,2,0,0,0,0,0,0,0,1.08,84,63,376,0,0.24,275,258,125,12,0,6.88,0,58,51.70,36.00,91,432,31.42,377,84,45.12,91,0.00,0.00,1.17,14,0.00,3.17,1.32,0.92,11,0.00,0.00,0.00,0.00,0.00,0.75,0.08,0.83,0.00,0.36,0.17,0.33,0.00,0.08,0.02,0.00,0.75,0.00,0.00,0,0,,3,0.25,20,1,0.12,31,2,0.24,19,3,4,8,55,0.00,99,0,9,1.08,75,38,75,4.55,89,0,0.00,99,0,0.00,0,0,0.00,0,1.68,87,4,0.48,30,1,0.12,25.00,0,0.00,0,0,0,0.00,0,10,0.00,43,1.20,58,N/A,N/A,N/A,N/A,0.00,0,0.00,0,0.27,0.00,0,87.27,33.33,66,30,0.50,0.72,6,24,21,0,0,0,0.33,0.48,4,76,82.52,1.92,2.75,23,0,0.00,0.00,99,0.00,0,0,0,0.00,0.00,0,0.00,0.00,0.36,0.25,3,0,0.00,50,36,31,51,44,1.46,78,0.12,0.17,0.27,24,0.02,0.03,41,8,0.67,0.96,1.56,1.08,65,13,0.03,24,70,72,75,0,85,55,0,0.00,99,9,0.00,1.08,6.22,4.33,52,29,27,20,3.47,2.42,55.77,0,0.00,99,0,28.95,0,0.00,99,11,0.92,1.32,91,37,69,71,0,0,0,0,0,37,51,68,64,0,99,81,57,58,2,17,62,2,0,0
Kevyn de Assis Santos Campos,20,1155711600,2006/08/16,Serie B,2026,Forward,Náutico,0,0,0,Brazil,0,0,0,0,0,0,0,0,0,0,0,0,0,0,0,0,0,0,0,0,0,0,0,0,0,0,0,0,0,0,0,-1,-1,-1,-1,N/A,N/A,N/A,N/A,N/A,N/A,N/A,N/A,N/A,N/A,N/A,N/A,N/A,N/A,N/A,N/A,N/A,N/A,N/A,N/A,N/A,N/A,N/A,N/A,N/A,N/A,N/A,N/A,N/A,N/A,N/A,N/A,N/A,N/A,N/A,N/A,N/A,N/A,N/A,N/A,N/A,N/A,N/A,N/A,N/A,N/A,N/A,N/A,N/A,N/A,N/A,N/A,N/A,N/A,N/A,N/A,N/A,N/A,N/A,N/A,N/A,N/A,N/A,N/A,N/A,N/A,N/A,N/A,N/A,N/A,N/A,N/A,N/A,N/A,N/A,N/A,N/A,N/A,N/A,N/A,N/A,N/A,N/A,N/A,N/A,N/A,N/A,N/A,N/A,N/A,N/A,N/A,N/A,N/A,N/A,N/A,N/A,N/A,N/A,N/A,N/A,N/A,N/A,N/A,N/A,N/A,N/A,N/A,N/A,N/A,N/A,N/A,N/A,N/A,N/A,N/A,N/A,N/A,N/A,N/A,N/A,N/A,N/A,N/A,N/A,N/A,N/A,N/A,N/A,N/A,N/A,N/A,N/A,N/A,N/A,N/A,N/A,N/A,N/A,N/A,N/A,N/A,N/A,N/A,N/A,N/A,N/A,N/A,N/A,N/A,N/A,N/A,N/A,N/A,N/A,N/A,N/A,N/A,N/A,N/A,N/A,N/A,N/A,N/A,N/A,N/A,N/A,N/A,N/A,N/A,N/A,N/A,N/A,N/A,N/A,N/A,N/A,N/A,N/A,N/A,N/A,N/A,N/A,N/A,N/A,N/A,N/A,N/A,N/A,N/A,N/A,N/A,N/A,N/A,N/A,N/A,N/A,N/A,N/A,N/A,N/A,N/A,N/A,N/A,N/A,N/A,N/A,N/A,N/A,N/A,N/A,N/A,N/A,N/A,N/A,N/A,N/A,N/A,N/A,N/A,N/A,N/A,N/A,N/A
Kevyn Lucas Ramos da Costa,28,883296000,1997/12/28,Serie B,2026,Defender,Londrina,608,343,265,Brazil,14,7,7,0,0,0,0,0,0,0,0,5,5,0,6,3,3,4,0,0,0,0,0,0,0,0.89,101,43,152,0,0.59,236,198,85,35,0,6.06,0,58,25.61,12.36,30,173,9.86,138,39,20.43,34,0.00,0.00,0.43,6,0.00,1.14,1.04,0.50,7,0.00,0.64,0.00,0.00,0.00,0.21,0.14,0.57,0.00,0.74,0.29,0.43,0.00,0.07,0.02,0.00,0.71,0.00,0.00,0,0,,5,0.36,40,1,0.15,34,4,0.59,41,2,8,6,39,0.00,99,0,3,0.44,32,16,79,2.37,66,0,0.00,99,0,0.00,0,0,0.00,0,0.89,56,6,0.89,49,2,0.30,33.33,0,0.00,0,0,0,0.00,0,8,0.00,61,1.18,57,N/A,N/A,N/A,N/A,0.00,0,0.00,0,0.35,0.00,0,79.77,20.00,36,88,0.07,0.15,1,37,31,0,0,0,0.36,0.74,5,88,84.82,1.07,2.22,15,1,0.00,0.15,3,0.07,0,0,0,0.00,0.00,0,0.00,0.00,0.15,0.07,1,0,0.00,50,23,41,51,61,0.57,27,0.04,0.08,0.35,34,0.02,0.05,75,12,0.86,1.78,1.78,0.86,76,12,0.05,33,7,64,75,0,68,65,0,0.00,99,10,0.00,1.48,8.73,4.21,59,28,46,50,4.14,2.00,47.46,9,1.33,14,0,31.25,0,0.00,99,5,0.36,0.74,76,23,90,54,0,0,0,0,0,37,51,68,64,0,99,68,18,95,4,29,89,33,0,0
Kevyson Costa E Silva,22,1080547200,2004/03/29,Serie B,2026,Defender,Ponte Preta,1195,644,551,Brazil,18,9,9,0,0,0,0,0,0,0,0,2,2,0,23,10,13,1,0,0,0,0,0,0,0,1.73,52,66,1195,0,0.08,403,398,187,31,0,6.74,0,58,24.48,18.06,26,325,13.89,250,29,18.83,28,0.00,0.00,0.72,13,0.00,2.22,2.49,1.83,33,0.00,1.00,0.00,0.00,0.00,1.00,1.06,1.39,0.00,0.98,0.50,2.11,0.00,0.22,0.06,0.00,1.50,0.00,0.00,0,0,,13,0.72,50,4,0.30,52,9,0.68,49,5,4,14,95,0.00,99,0,18,1.36,90,40,38,3.01,74,0,0.00,99,0,0.00,0,0,0.00,0,0.98,62,38,2.86,92,19,1.43,50.00,0,0.00,0,0,0,0.00,0,25,0.00,8,1.88,85,N/A,N/A,N/A,N/A,0.00,0,0.00,0,1.09,0.00,0,76.92,30.77,55,22,0.61,0.83,11,91,63,0,0,0,0.33,0.45,6,74,121.26,2.17,2.94,39,0,0.00,0.00,99,0.00,0,0,0,0.00,0.00,0,0.00,0.00,0.08,0.06,1,1,0.00,50,62,68,51,9,0.87,20,0.05,0.07,1.09,46,0.06,0.08,48,15,0.83,1.13,1.13,0.83,39,15,0.08,45,45,75,75,0,57,82,0,0.00,99,27,0.00,2.03,13.63,10.06,181,93,93,91,7.00,5.17,51.38,18,1.36,14,0,15.00,0,0.00,99,6,0.33,0.45,65,62,69,91,0,0,0,0,0,37,51,68,64,0,99,8,92,22,1,6,24,32,0,0
Klebert de Oliveira Pereira,18,1200643200,2008/01/18,Serie B,2026,Midfielder,Atlético GO,197,153,44,Brazil,5,3,2,1,1,0,0,0,0,0,0,3,2,1,0,0,0,0,0,0.46,0,0.46,0.59,0,197,0,0,39,0,0,0,-1,-1,-1,6,0,6.87,0,58,21.02,9.20,18,46,8.00,40,84,18.27,25,0.00,0.00,0.60,3,0.00,1.80,2.28,1.00,5,0.00,0.60,0.00,0.00,0.00,0.20,0.40,0.00,2.00,0.91,0.20,0.80,0.00,0.20,0.16,0.00,0.00,0.00,0.00,0,0,,2,0.40,44,1,0.46,68,1,0.46,35,3,3,2,90,0.00,99,0,1,0.46,34,9,56,4.11,85,0,0.00,99,0,0.00,0,0,0.00,0,1.37,78,4,1.83,77,2,0.91,50.00,0,0.00,0,0,0,0.00,0,0,0.00,99,0.00,0,N/A,N/A,N/A,N/A,0.00,0,0.00,0,0.78,0.00,0,86.96,50.00,92,99,0.00,0.00,0,79,63,0,0,0,0.20,0.46,1,75,34.35,0.40,0.91,2,0,0.00,0.00,99,0.00,0,0,0,0.00,0.00,0,0.00,0.00,0.00,0.00,0,0,50.00,99,0,2,54,0,0.17,27,0.03,0.08,0.78,92,0.16,0.36,39,2,0.40,0.91,0.91,0.40,28,2,0.36,91,68,28,75,0,46,2,0,0.00,99,0,0.00,0.00,7.77,3.40,17,10,55,40,4.57,2.00,58.82,3,1.37,13,0,22.22,0,0.00,99,2,0.40,0.91,82,1,62,71,0,0,0,0,0,91,97,68,97,0,99,95,13,13,0,0,13,15,0,0
Leandro Isaac Maciel,30,820224000,1995/12/29,Serie B,2026,Midfielder,Botafogo SP,731,420,311,Argentina,16,9,7,0,0,0,0,0,0,0,0,4,1,3,6,4,2,4,0,0,0,0,0,0,0,0.74,122,46,183,0,0.49,308,294,-1,32,0,5.02,0,58,41.19,20.94,70,335,17.12,274,52,33.69,69,0.00,0.00,0.56,9,0.00,0.69,1.11,0.56,9,0.00,0.19,0.00,0.00,0.00,0.31,0.06,0.50,0.00,1.84,0.75,0.06,0.00,0.19,0.07,0.00,0.25,0.00,0.00,0,0,,15,0.94,76,3,0.37,60,12,1.48,86,1,10,6,43,0.00,99,0,5,0.61,43,11,97,1.35,57,0,0.00,99,0,0.00,0,0,0.00,0,1.11,67,1,0.12,16,1,0.12,100.00,0,0.00,0,0,0,0.00,0,8,0.00,77,0.98,39,N/A,N/A,N/A,N/A,0.00,0,0.00,0,1.05,0.00,0,81.79,20.00,36,21,0.44,0.86,7,24,99,0,1,0,0.19,0.37,3,67,80.36,0.69,1.35,11,1,0.00,0.12,4,0.06,0,1,1,0.06,0.12,0,0.00,0.00,0.00,0.00,0,0,0.00,50,33,54,51,77,0.77,35,0.05,0.09,0.35,29,0.02,0.04,23,4,0.25,0.49,2.58,1.31,94,21,0.13,59,1,44,91,0,46,22,0,0.00,99,4,0.00,0.49,6.39,3.25,52,18,10,21,2.21,1.12,34.62,3,0.37,67,0,63.64,0,0.00,99,7,0.44,0.86,80,23,95,36,0,0,0,0,0,37,51,68,64,0,99,38,21,92,4,25,81,5,0,0
Leandro Santos do Nascimento,27,930812400,1999/07/01,Serie B,2026,Defender,América Mineiro,592,348,244,Brazil,9,5,4,0,0,0,0,0,0,0,0,1,1,0,13,8,5,2,0,0,0,0,0,0,0,1.98,46,66,296,0,0.3,280,283,203,31,0,6.55,0,58,44.54,32.56,80,293,26.89,242,56,36.79,78,0.00,0.00,0.56,5,0.00,3.11,1.52,1.11,10,0.00,0.22,0.00,0.00,0.00,0.78,0.44,1.56,0.00,0.76,0.11,1.33,0.00,0.44,0.07,0.00,0.78,0.00,0.00,0,0,,5,0.56,40,4,0.61,76,1,0.15,11,1,3,6,66,0.00,99,0,7,1.06,73,28,34,4.26,86,0,0.00,99,0,0.00,0,0,0.00,0,0.76,48,12,1.82,76,4,0.61,33.33,0,0.00,0,0,0,0.00,0,14,0.00,3,2.13,90,N/A,N/A,N/A,N/A,0.00,0,0.00,0,0.64,0.00,0,82.59,80.00,99,88,0.11,0.15,1,64,31,0,0,0,0.00,0.00,0,22,58.95,2.11,2.89,19,0,0.00,0.00,99,0.00,0,0,0,0.00,0.00,0,0.00,0.00,0.00,0.00,0,0,0.00,50,21,15,51,4,0.64,43,0.07,0.10,0.64,52,0.07,0.10,59,9,1.00,1.37,1.67,1.22,69,11,0.10,52,23,74,75,0,46,54,0,0.00,99,7,0.00,1.06,8.36,6.11,55,30,54,46,4.56,3.33,54.55,2,0.30,71,0,10.71,0,0.00,99,3,0.33,0.46,66,23,62,36,0,0,0,0,0,37,51,68,64,0,99,8,45,68,2,22,75,22,0,0
Leandro Vilela Sales Teixeira,31,804409200,1995/06/29,Serie B,2026,Midfielder,Atlético GO,971,555,416,Brazil,15,8,7,0,0,0,0,0,0,0,0,6,4,2,7,3,4,1,0,0,0,0,0,0,0,0.65,139,65,971,0,0.09,270,281,-1,15,0,6.75,0,58,35.68,25.67,55,385,22.00,330,78,30.59,60,0.00,0.00,0.73,11,0.00,0.00,2.32,1.67,25,0.00,0.27,0.00,0.00,0.00,0.60,0.00,0.47,0.00,0.65,0.47,0.07,0.00,0.00,0.02,0.00,0.47,0.00,0.00,0,0,,7,0.47,34,0,0.00,20,7,0.65,46,9,3,12,91,0.00,99,0,9,0.83,60,0,30,0.00,15,0,0.00,99,0,0.00,0,0,0.00,0,1.02,64,1,0.09,15,0,0.00,0.00,0,0.00,0,0,0,0.00,0,7,0.00,87,0.65,9,N/A,N/A,N/A,N/A,0.00,0,0.00,0,0.31,0.00,0,85.71,0.00,20,43,0.40,0.56,6,17,17,0,0,0,0.20,0.28,3,60,101.28,0.93,1.30,14,0,0.00,0.00,99,0.00,0,0,0,0.00,0.00,0,0.00,0.00,0.00,0.00,0,0,0.00,50,49,46,51,87,1.28,56,0.09,0.12,0.31,24,0.02,0.03,53,13,0.87,1.20,2.22,1.60,88,24,0.03,24,47,41,75,0,46,32,0,0.00,99,7,0.00,0.65,7.97,5.73,86,44,43,40,4.08,2.93,51.16,4,0.37,67,0,0.00,0,0.00,99,0,0.00,0.00,30,55,62,99,0,0,0,0,0,37,51,68,64,0,99,77,90,23,1,7,26,5,0,0
Lenny Ivo Lobato Romanelli,25,981187200,2001/02/03,Serie B,2026,Forward,Ceará,0,0,0,Argentina,0,0,0,0,0,0,0,0,0,0,0,0,0,0,0,0,0,0,0,0,0,0,0,0,0,0,0,0,0,0,0,-1,-1,-1,-1,N/A,N/A,N/A,N/A,N/A,N/A,N/A,N/A,N/A,N/A,N/A,N/A,N/A,N/A,N/A,N/A,N/A,N/A,N/A,N/A,N/A,N/A,N/A,N/A,N/A,N/A,N/A,N/A,N/A,N/A,N/A,N/A,N/A,N/A,N/A,N/A,N/A,N/A,N/A,N/A,N/A,N/A,N/A,N/A,N/A,N/A,N/A,N/A,N/A,N/A,N/A,N/A,N/A,N/A,N/A,N/A,N/A,N/A,N/A,N/A,N/A,N/A,N/A,N/A,N/A,N/A,N/A,N/A,N/A,N/A,N/A,N/A,N/A,N/A,N/A,N/A,N/A,N/A,N/A,N/A,N/A,N/A,N/A,N/A,N/A,N/A,N/A,N/A,N/A,N/A,N/A,N/A,N/A,N/A,N/A,N/A,N/A,N/A,N/A,N/A,N/A,N/A,N/A,N/A,N/A,N/A,N/A,N/A,N/A,N/A,N/A,N/A,N/A,N/A,N/A,N/A,N/A,N/A,N/A,N/A,N/A,N/A,N/A,N/A,N/A,N/A,N/A,N/A,N/A,N/A,N/A,N/A,N/A,N/A,N/A,N/A,N/A,N/A,N/A,N/A,N/A,N/A,N/A,N/A,N/A,N/A,N/A,N/A,N/A,N/A,N/A,N/A,N/A,N/A,N/A,N/A,N/A,N/A,N/A,N/A,N/A,N/A,N/A,N/A,N/A,N/A,N/A,N/A,N/A,N/A,N/A,N/A,N/A,N/A,N/A,N/A,N/A,N/A,N/A,N/A,N/A,N/A,N/A,N/A,N/A,N/A,N/A,N/A,N/A,N/A,N/A,N/A,N/A,N/A,N/A,N/A,N/A,N/A,N/A,N/A,N/A,N/A,N/A,N/A,N/A,N/A,N/A,N/A,N/A,N/A,N/A,N/A,N/A,N/A,N/A,N/A,N/A,N/A,N/A,N/A,N/A,N/A,N/A,N/A
Léo Chú,26,955004400,2000/04/06,Serie B,2026,Forward,Avaí,236,118,118,Brazil,6,3,3,0,0,0,1,0,1,0,0,1,0,1,0,0,0,0,0,0.38,0.38,0,0,0,0,0,0,39,0,236,0,-1,-1,-1,28,0,6.72,0.17,98,18.69,8.17,13,49,7.00,42,78,16.02,19,0.00,0.00,0.50,3,0.00,1.00,1.91,0.83,5,0.00,0.17,0.00,0.00,0.00,0.17,0.17,0.00,0.00,1.53,0.17,0.67,0.00,0.50,0.07,0.00,0.17,0.00,0.00,0,0,,4,0.67,67,3,1.14,94,1,0.38,30,4,4,2,81,0.00,99,0,1,0.38,27,6,42,2.29,65,0,0.00,99,0,0.00,0,0,0.00,0,1.14,68,4,1.53,72,1,0.38,25.00,0,0.00,0,0,0,0.00,0,0,0.00,99,0.00,0,N/A,N/A,N/A,N/A,0.00,0,0.00,0,0.41,0.00,0,85.71,75.00,99,10,0.50,1.14,3,45,21,0,0,0,0.00,0.00,0,22,40.32,0.33,0.76,2,0,0.00,0.00,99,0.00,0,0,0,0.00,0.00,0,0.00,0.00,0.38,0.17,1,0,0.00,50,0,3,51,0,0.81,96,0.14,0.31,0.41,66,0.07,0.16,15,1,0.17,0.38,1.14,0.50,39,3,0.16,65,44,23,75,0,86,16,0,0.00,99,1,0.00,0.38,6.86,3.00,18,8,19,28,3.05,1.33,44.44,1,0.38,66,0,16.67,0,0.00,99,1,0.17,0.38,62,1,69,84,0,0,0,0,0,86,51,68,64,0,99,17,13,13,0,0,13,19,0,0
Leonai,31,799052400,1995/04/28,Serie B,2026,Midfielder,Náutico,447,123,324,Brazil,10,3,7,0,0,0,0,0,0,0,0,2,2,0,7,1,6,4,0,0,0,0,0,0,0,1.41,64,45,112,0,0.81,298,257,-1,33,0,6.45,0,58,43.49,21.60,78,216,18.20,182,66,36.64,77,0.00,0.00,0.50,5,0.00,0.10,2.01,1.00,10,0.00,0.70,0.00,0.00,0.00,0.40,0.20,0.70,0.00,0.60,0.30,1.30,0.00,0.00,0.02,0.00,0.50,0.00,0.00,0,0,,3,0.30,30,0,0.00,20,3,0.60,42,1,3,7,85,0.00,99,0,4,0.81,58,1,30,0.20,28,0,0.00,99,0,0.00,0,0,0.00,0,1.01,63,13,2.62,90,2,0.40,15.38,0,0.00,0,0,0,0.00,0,7,0.00,16,1.41,73,N/A,N/A,N/A,N/A,0.00,0,0.00,0,0.17,0.00,0,84.26,0.00,20,1,0.90,1.81,9,46,17,0,0,0,0.10,0.20,1,46,64.54,0.70,1.41,7,0,0.00,0.00,99,0.00,0,0,0,0.00,0.00,0,0.00,0.00,0.00,0.00,0,0,0.00,50,8,20,51,18,0.58,56,0.06,0.12,0.17,24,0.02,0.03,77,9,0.90,1.81,3.22,1.60,99,16,0.03,24,18,46,75,0,46,52,0,0.00,99,5,0.00,1.01,14.70,7.30,73,26,74,94,5.23,2.60,35.62,7,1.41,12,0,0.00,0,0.00,99,0,0.00,0.00,30,30,62,36,0,0,0,0,0,37,51,68,64,0,99,26,14,99,4,40,98,19,0,0
Leonardo Andriel dos Santos,25,996822000,2001/08/03,Serie B,2026,Forward,Operário PR,8,8,0,Brazil,1,1,0,0,0,0,0,0,0,0,0,1,1,0,0,0,0,0,0,0,0,0,0,0,0,0,0,8,0,0,0,-1,-1,-1,18,0,6.51,0,58,45.00,4.00,80,4,2.00,2,0,22.50,39,0.00,0.00,1.00,1,0.00,0.00,0.00,0.00,0,0.00,0.00,0.00,0.00,0.00,0.00,0.00,0.00,0.00,0.00,0.00,0.00,0.00,0.00,0.00,0.00,0.00,0.00,0.00,0,0,,0,0.00,8,0,0.00,20,0,0.00,8,0,1,0,6,0.00,99,0,0,0.00,9,0,30,0.00,15,0,0.00,99,0,0.00,0,0,0.00,0,11.25,99,0,0.00,12,0,0.00,0.00,0,0.00,0,0,0,0.00,0,0,0.00,99,0.00,0,N/A,N/A,N/A,N/A,0.00,0,0.00,0,0.00,0.00,0,50.00,0.00,20,99,0.00,0.00,0,17,17,0,0,0,0.00,0.00,0,22,6.51,0.00,0.00,0,0,0.00,0.00,99,0.00,0,0,0,0.00,0.00,0,0.00,0.00,0.00,0.00,0,0,0.00,50,0,0,51,0,0.04,99,0.04,0.45,0.00,9,0.00,0.00,2,0,0.00,0.00,11.25,1.00,99,1,0.00,8,19,1,75,0,46,2,0,0.00,99,0,0.00,0.00,33.75,3.00,3,0,0,99,0.00,0.00,0.00,0,0.00,99,0,0.00,0,0.00,99,0,0.00,0.00,30,0,41,12,0,0,0,0,0,37,51,68,64,0,99,99,13,13,0,0,13,99,0,0
Leonardo da Silva Gomes,29,862383600,1997/04/30,Serie B,2026,Midfielder,Ponte Preta,837,442,395,Brazil,12,7,5,1,1,0,0,0,0,0,0,1,1,0,21,7,14,0,0,0.11,0,0.11,0.2,0,837,2.26,40,70,0,0,0,157,266,-1,3,0,6.49,0,58,23.98,18.58,25,223,14.58,175,34,18.82,28,0.00,0.00,0.25,3,0.00,0.17,1.08,0.83,10,0.00,0.25,0.00,0.00,0.00,0.83,0.25,1.83,12.00,1.29,0.83,0.75,0.00,0.17,0.11,0.00,0.92,0.00,0.00,0,0,,12,1.00,60,2,0.22,44,10,1.08,70,5,3,9,41,0.00,99,0,10,1.08,75,2,30,0.22,29,0,0.00,99,0,0.00,0,0,0.00,0,0.32,21,9,0.97,52,3,0.32,33.33,0,0.00,0,0,0,0.00,0,22,0.00,1,2.37,92,N/A,N/A,N/A,N/A,0.00,0,0.00,0,1.33,0.00,0,78.48,16.67,30,21,0.67,0.86,8,39,31,0,0,0,0.33,0.43,4,73,77.86,1.83,2.37,22,0,0.00,0.00,99,0.00,0,0,0,0.00,0.00,0,0.00,0.00,0.11,0.08,1,0,8.33,65,42,31,86,1,0.42,11,0.03,0.05,1.33,63,0.11,0.14,29,6,0.50,0.65,2.47,1.92,93,23,0.14,62,19,68,75,0,61,58,0,0.00,99,11,0.00,1.18,8.71,6.75,81,29,21,50,3.12,2.42,35.80,3,0.32,69,0,0.00,0,0.00,99,0,0.00,0.00,30,42,62,91,0,0,0,0,0,51,66,68,77,0,99,4,13,13,0,0,13,16,0,0
Leonardo de Aragão Carvalho,24,1019199600,2002/04/19,Serie B,2026,Goalkeeper,Avaí,1124,630,494,Brazil,13,7,6,0,0,0,0,0,0,0,0,4,3,1,17,8,9,0,0,0,0,0,0,0,0,1.36,66,86,0,0,0,455,448,166,36,0,6.98,0,58,17.62,16.92,11,220,12.38,161,16,12.89,11,0.00,0.00,0.00,0,0.00,0.00,0.08,0.08,1,0.00,0.00,0.00,0.00,3.38,0.00,0.00,4.77,0.00,0.00,0.00,0.00,0.00,0.00,0.00,0.00,0.15,0.00,0.00,0,0,,0,0.00,8,0,0.00,20,0,0.00,8,1,0,13,7,0.00,99,0,0,0.00,9,0,30,0.00,15,0,0.00,99,0,0.00,0,0,0.00,0,0.00,7,0,0.00,12,0,0.00,0.00,0,0.00,0,44,45,3.52,83,62,0.00,19,4.96,99,N/A,N/A,N/A,N/A,70.97,0,0.00,0,0.00,0.00,0,73.18,0.00,20,99,0.00,0.00,0,17,17,0,0,25,0.00,0.00,0,22,90.76,1.54,1.60,20,0,0.00,0.00,99,0.00,1,0,0,0.00,0.00,6,0.46,0.48,0.00,0.00,0,0,0.00,50,58,35,51,19,0.39,4,0.03,0.03,0.00,9,0.00,0.00,4,2,0.15,0.16,0.00,0.00,6,0,0.00,8,83,51,75,37,46,4,0,0.00,99,2,0.00,0.16,0.40,0.38,5,5,3,3,0.40,0.38,100.00,0,0.00,99,0,0.00,0,0.00,99,0,0.00,0.00,30,58,24,36,0,0,0,0,0,37,51,68,64,0,99,57,13,13,0,0,13,41,0,0
Leonardo de Campos,34,710146800,1992/07/03,Serie B,2026,Defender,CRB,122,30,92,Brazil,5,2,3,0,0,0,1,1,0,0,0,0,0,0,2,0,2,1,1,0.74,0.74,0,0,0,0,1.48,61,24,61,122,1.48,-1,-1,-1,19,0,6.69,0.2,99,25.65,8.83,30,53,7.50,45,72,21.77,37,0.00,0.00,1.17,7,0.00,6.17,0.97,0.33,2,0.00,0.00,0.00,0.00,0.00,0.33,0.00,0.67,0.00,2.90,0.83,0.00,0.00,0.17,0.06,0.00,1.00,0.00,0.00,0,0,,6,1.00,94,1,0.48,70,5,2.42,98,0,5,0,34,0.00,99,0,2,0.97,67,37,53,17.90,99,0,0.00,99,0,0.00,0,0,0.00,0,3.39,99,0,0.00,12,0,0.00,0.00,0,0.00,0,0,0,0.00,0,4,0.00,13,1.94,86,N/A,N/A,N/A,N/A,0.00,0,0.00,0,0.37,0.00,0,84.91,16.67,30,53,0.17,0.48,1,17,17,0,0,0,0.00,0.00,0,22,40.15,0.67,1.94,4,0,0.00,0.00,99,0.00,0,0,0,0.00,0.00,0,0.00,0.00,0.00,0.00,0,0,0.00,50,0,2,51,14,0.93,99,0.15,0.45,0.37,70,0.06,0.18,90,5,0.83,2.42,0.00,0.00,6,0,0.18,68,39,59,75,0,46,94,0,0.00,99,6,0.00,2.90,3.87,1.33,8,11,75,8,5.32,1.83,137.50,0,0.00,99,0,21.62,0,0.00,99,8,1.33,3.87,99,0,77,12,0,0,0,0,0,98,51,68,64,0,99,2,13,99,0,0,13,77,0,0
Leonardo de Oliveira Jance,21,1111564800,2005/03/23,Serie B,2026,Defender,Náutico,179,140,39,Brazil,5,3,2,0,0,0,0,0,0,0,0,1,1,0,1,1,0,0,0,0,0,0,0,0,0,0.5,179,36,0,0,0,-1,-1,-1,37,0,6.53,0,58,27.15,10.80,35,54,9.60,48,92,24.13,42,0.00,0.00,0.60,3,0.00,1.80,1.01,0.40,2,0.00,0.20,0.00,0.00,0.00,0.20,0.60,0.40,0.00,0.50,0.00,1.00,0.00,0.20,0.03,0.00,0.00,0.00,0.00,0,0,,1,0.20,25,1,0.50,71,0,0.00,8,1,4,1,37,0.00,99,0,1,0.50,35,9,35,4.53,88,0,0.00,99,0,0.00,0,0,0.00,0,1.51,82,5,2.51,87,3,1.51,60.00,0,0.00,0,0,0,0.00,0,2,0.00,94,1.01,42,N/A,N/A,N/A,N/A,0.00,0,0.00,0,0.15,0.00,0,88.89,100.00,99,50,0.20,0.50,1,93,77,0,0,0,0.00,0.00,0,22,32.65,0.40,1.01,2,0,0.00,0.00,99,0.00,0,0,0,0.00,0.00,0,0.00,0.00,0.50,0.20,1,0,0.00,50,0,2,51,95,0.20,43,0.04,0.10,0.15,46,0.03,0.08,24,1,0.20,0.50,0.50,0.20,11,1,0.08,45,21,32,75,0,90,2,0,0.00,99,0,0.00,0.00,7.04,2.80,14,6,19,30,3.02,1.20,42.86,1,0.50,56,0,11.11,0,0.00,99,1,0.20,0.50,66,0,69,36,0,0,0,0,0,37,51,68,64,0,99,26,13,13,0,0,13,66,0,0
Leonardo de Oliveira Silva,30,830156400,1996/04/22,Serie B,2026,Midfielder,Náutico,622,285,337,Brazil,10,4,6,1,1,0,0,0,0,0,0,3,2,1,6,2,4,1,0,0.14,0,0.14,0.32,0,622,0.87,104,62,622,0,0.14,131,396,-1,9,0,6.87,0,58,52.81,36.50,92,365,29.00,290,37,41.96,87,0.00,0.00,0.60,6,0.00,0.30,0.87,0.60,6,0.00,0.20,0.00,0.00,0.00,1.30,0.50,0.60,2.00,0.29,0.10,0.50,0.00,0.10,0.07,0.00,1.60,0.00,0.00,0,0,,2,0.20,16,1,0.14,33,1,0.14,11,1,3,7,30,0.00,99,0,13,1.88,98,3,30,0.43,39,0,0.00,99,0,0.00,0,0,0.00,0,0.87,54,5,0.72,41,5,0.72,100.00,0,0.00,0,0,0,0.00,0,6,0.00,62,0.87,27,N/A,N/A,N/A,N/A,0.00,0,0.00,0,0.73,0.00,0,79.45,50.00,92,14,0.70,1.01,7,71,99,0,0,0,0.30,0.43,3,73,68.72,3.10,4.49,31,0,0.00,0.00,99,0.00,0,0,0,0.00,0.00,0,0.00,0.00,0.00,0.00,0,0,50.00,99,24,20,79,63,0.74,49,0.07,0.11,0.73,56,0.07,0.11,50,8,0.80,1.16,1.01,0.70,35,7,0.11,55,68,86,75,0,46,87,0,0.00,99,16,0.00,2.32,9.69,6.70,67,34,63,63,4.92,3.40,50.75,2,0.29,72,0,0.00,0,0.00,99,0,0.00,0.00,30,30,62,36,0,0,0,0,0,56,72,68,87,0,99,54,80,33,1,10,37,15,0,0
Leonardo Gamalho de Souza,40,507456000,1986/01/30,Serie B,2026,Forward,Avaí,396,97,299,Brazil,9,3,6,1,1,0,0,0,0,0,0,2,1,1,4,0,4,1,0,0.23,0,0.23,0.93,0,396,0.91,99,44,396,0,0.23,77,188,-1,8,0,6.69,0,58,16.82,8.22,9,74,4.78,43,2,9.77,5,0.00,0.00,0.33,3,0.00,0.22,0.45,0.22,2,0.00,0.56,0.00,0.00,0.00,0.22,0.00,0.56,3.00,0.68,0.22,0.00,0.00,0.11,0.09,0.00,3.00,0.00,0.00,0,0,,3,0.33,35,1,0.23,46,2,0.45,34,2,5,4,13,0.00,99,0,2,0.45,33,2,96,0.45,39,0,0.00,99,0,0.00,0,0,0.00,0,0.68,45,0,0.00,12,0,0.00,0.00,0,0.00,0,0,0,0.00,0,5,0.00,58,1.14,53,N/A,N/A,N/A,N/A,0.00,0,0.00,0,0.82,0.00,0,58.11,33.33,66,81,0.11,0.23,1,17,17,0,0,0,0.22,0.45,2,74,60.20,0.78,1.59,7,0,0.00,0.00,99,0.00,0,0,0,0.00,0.00,0,0.00,0.00,0.23,0.11,1,0,33.33,99,3,15,66,59,0.20,11,0.02,0.05,0.82,72,0.09,0.19,58,6,0.67,1.36,0.91,0.44,28,4,0.19,70,39,50,75,0,77,99,0,0.00,99,27,0.00,6.14,19.55,9.56,86,35,97,99,7.95,3.89,40.70,5,1.14,20,0,50.00,0,0.00,99,1,0.11,0.23,53,8,77,54,0,0,0,0,0,71,86,68,99,0,99,30,60,55,1,11,41,9,0,0
Leonardo Gomes da Silva Jacó,21,1112770800,2005/04/06,Serie B,2026,Forward,Atlético GO,462,237,225,Brazil,17,10,7,4,3,1,0,0,0,0,0,5,4,1,4,2,2,2,0,0.78,0,0.78,1.14,0.4,116,0.78,116,27,231,0,0.39,3,297,-1,2,0,5.50,0,58,14.19,4.29,5,73,3.18,54,19,10.50,6,0.00,0.00,0.18,3,0.00,0.24,0.39,0.12,2,0.00,0.65,0.00,0.00,0.00,0.00,0.18,0.29,3.25,2.53,0.35,0.35,0.00,0.41,0.21,0.00,1.00,0.00,0.00,0,0,,13,0.76,89,7,1.36,97,6,1.17,73,2,14,3,11,0.00,99,0,0,0.00,9,4,30,0.78,47,0,0.00,99,0,0.00,0,0,0.00,0,0.58,40,6,1.17,62,3,0.58,50.00,0,0.00,0,0,0,0.00,0,5,0.00,72,0.97,37,N/A,N/A,N/A,N/A,0.00,0,0.00,0,3.55,0.00,0,73.97,53.85,93,65,0.12,0.39,2,62,63,0,0,0,0.00,0.00,0,22,93.55,0.47,1.56,8,0,0.00,0.00,99,0.00,0,0,0,0.00,0.00,0,0.00,0.00,0.58,0.18,3,0,30.77,98,10,59,51,73,0.23,8,0.01,0.04,3.55,99,0.21,0.69,93,14,0.82,2.72,3.11,0.94,98,16,0.69,99,1,49,75,0,93,96,0,0.00,99,17,0.00,3.30,16.91,5.12,87,36,93,98,7.00,2.12,41.38,11,2.14,2,0,0.00,0,0.00,99,0,0.00,0.00,30,3,99,54,0,0,0,0,0,99,99,93,99,0,99,51,30,83,2,12,46,20,0,0
Leonardo Lang Lopes,28,902300400,1998/08/05,Serie B,2026,Goalkeeper,São Bernardo,0,0,0,Brazil,0,0,0,0,0,0,0,0,0,0,0,0,0,0,0,0,0,0,0,0,0,0,0,0,0,0,0,0,0,0,0,-1,-1,-1,-1,N/A,N/A,N/A,N/A,N/A,N/A,N/A,N/A,N/A,N/A,N/A,N/A,N/A,N/A,N/A,N/A,N/A,N/A,N/A,N/A,N/A,N/A,N/A,N/A,N/A,N/A,N/A,N/A,N/A,N/A,N/A,N/A,N/A,N/A,N/A,N/A,N/A,N/A,N/A,N/A,N/A,N/A,N/A,N/A,N/A,N/A,N/A,N/A,N/A,N/A,N/A,N/A,N/A,N/A,N/A,N/A,N/A,N/A,N/A,N/A,N/A,N/A,N/A,N/A,N/A,N/A,N/A,N/A,N/A,N/A,N/A,N/A,N/A,N/A,N/A,N/A,N/A,N/A,N/A,N/A,N/A,N/A,N/A,N/A,N/A,N/A,N/A,N/A,N/A,N/A,N/A,N/A,N/A,N/A,N/A,N/A,N/A,N/A,N/A,N/A,N/A,N/A,N/A,N/A,N/A,N/A,N/A,N/A,N/A,N/A,N/A,N/A,N/A,N/A,N/A,N/A,N/A,N/A,N/A,N/A,N/A,N/A,N/A,N/A,N/A,N/A,N/A,N/A,N/A,N/A,N/A,N/A,N/A,N/A,N/A,N/A,N/A,N/A,N/A,N/A,N/A,N/A,N/A,N/A,N/A,N/A,N/A,N/A,N/A,N/A,N/A,N/A,N/A,N/A,N/A,N/A,N/A,N/A,N/A,N/A,N/A,N/A,N/A,N/A,N/A,N/A,N/A,N/A,N/A,N/A,N/A,N/A,N/A,N/A,N/A,N/A,N/A,N/A,N/A,N/A,N/A,N/A,N/A,N/A,N/A,N/A,N/A,N/A,N/A,N/A,N/A,N/A,N/A,N/A,N/A,N/A,N/A,N/A,N/A,N/A,N/A,N/A,N/A,N/A,N/A,N/A,N/A,N/A,N/A,N/A,N/A,N/A,N/A,N/A,N/A,N/A,N/A,N/A,N/A,N/A,N/A,N/A,N/A,N/A
Leonardo Mana Hernandes,22,1081234800,2004/04/06,Serie B,2026,Defender,Criciúma,32,0,32,Brazil,2,0,2,0,0,0,0,0,0,0,0,0,0,0,0,0,0,0,0,0,0,0,0,0,0,0,0,16,0,0,0,-1,-1,-1,26,0,6.67,0,58,75.94,13.50,99,27,10.50,21,31,59.06,99,0.00,0.00,0.00,0,0.00,0.00,5.62,1.00,2,0.00,0.00,0.00,0.00,0.00,0.50,0.00,0.00,0.00,0.00,0.00,0.00,0.00,0.00,0.00,0.00,0.50,0.00,0.00,0,0,,0,0.00,8,0,0.00,20,0,0.00,8,0,1,0,99,0.00,99,0,1,2.81,99,0,30,0.00,15,0,0.00,99,0,0.00,0,0,0.00,0,0.00,7,0,0.00,12,0,0.00,0.00,0,0.00,0,0,0,0.00,0,0,0.00,99,0.00,0,N/A,N/A,N/A,N/A,0.00,0,0.00,0,0.00,0.00,0,77.78,0.00,20,99,0.00,0.00,0,17,17,0,0,0,0.00,0.00,0,22,13.34,1.00,5.62,2,0,0.00,0.00,99,0.00,0,0,0,0.00,0.00,0,0.00,0.00,2.81,0.50,1,0,0.00,50,0,0,51,0,0.05,66,0.03,0.14,0.00,9,0.00,0.00,2,0,0.00,0.00,0.00,0.00,6,0,0.00,8,36,92,75,0,99,93,0,0.00,99,1,0.00,2.81,5.62,1.00,2,3,99,13,8.44,1.50,150.00,0,0.00,99,0,0.00,0,0.00,99,0,0.00,0.00,30,0,41,12,0,0,0,0,0,37,51,68,64,0,99,2,13,13,0,0,13,2,0,0
Leonardo Naldi de Matos,25,998118000,2001/08/18,Serie B,2026,Midfielder,Novorizontino,1325,618,707,Brazil,19,9,10,1,0,1,0,0,0,0,0,9,3,6,12,8,4,2,0,0.07,0,0.07,0,0.13,1325,0.82,110,70,663,0,0.14,188,219,-1,12,0,6.64,0,58,24.72,19.16,27,364,15.79,300,55,20.38,33,0.00,0.00,0.37,7,0.00,0.16,1.77,1.37,26,0.00,0.37,0.00,0.00,0.00,0.74,0.05,0.74,17.00,1.15,0.74,0.26,0.00,0.16,0.09,0.00,1.11,0.00,0.00,0,0,,17,0.89,58,3,0.20,42,14,0.95,62,4,3,16,76,0.00,99,0,14,0.95,66,3,98,0.20,28,0,0.00,99,0,0.00,0,0,0.00,0,0.48,35,5,0.34,25,1,0.07,20.00,0,0.00,0,0,0,0.00,0,14,0.00,67,0.95,35,N/A,N/A,N/A,N/A,0.00,0,0.00,0,1.75,0.00,0,82.42,17.65,31,77,0.21,0.27,4,18,20,1,0,0,0.42,0.54,8,79,126.13,1.21,1.56,23,0,0.00,0.00,99,0.00,0,1,0,0.00,0.00,0,0.00,0.00,0.07,0.05,1,0,5.88,58,69,74,93,68,0.95,15,0.05,0.06,1.05,42,0.06,0.07,44,15,0.79,1.02,1.63,1.26,67,24,0.12,58,33,49,75,0,55,64,0,0.00,99,21,0.00,1.43,8.02,6.21,118,61,46,41,4.14,3.21,51.69,7,0.48,58,0,66.67,0,0.00,99,2,0.11,0.14,44,74,62,84,0,0,0,0,0,43,59,74,64,0,99,88,82,33,2,11,41,18,0,0
Leonardo Rodrigues Lima,28,902041200,1998/08/02,Serie B,2026,Forward,São Bernardo,54,45,9,Brazil,3,2,1,0,0,0,0,0,0,0,0,0,0,0,2,2,0,0,0,0,0,0,0,0,0,3.33,27,18,0,0,0,-1,-1,-1,30,0,6.53,0,58,26.67,5.33,34,16,4.67,14,86,23.33,40,0.00,0.00,0.33,1,0.00,0.67,1.67,0.33,1,0.00,0.33,0.00,0.00,0.00,0.00,0.00,0.67,0.00,3.33,0.33,0.33,0.00,0.33,0.07,0.00,0.33,0.00,0.00,0,0,,2,0.67,98,1,1.67,99,1,1.67,90,0,3,0,71,0.00,99,0,0,0.00,9,2,30,3.33,76,0,0.00,99,0,0.00,0,0,0.00,0,1.67,86,1,1.67,74,0,0.00,0.00,0,0.00,0,0,0,0.00,0,2,0.00,0,3.33,94,N/A,N/A,N/A,N/A,0.00,0,0.00,0,0.20,0.00,0,87.50,50.00,92,1,0.33,1.67,1,17,17,0,0,0,0.00,0.00,0,22,19.60,0.00,0.00,0,0,0.00,0.00,99,0.00,0,0,0,0.00,0.00,0,0.00,0.00,1.67,0.33,1,0,0.00,50,0,0,51,0,0.07,56,0.02,0.12,0.20,90,0.07,0.33,72,1,0.33,1.67,1.67,0.33,69,1,0.33,89,21,1,75,0,99,72,0,0.00,99,1,0.00,1.67,13.33,2.67,8,2,24,90,3.33,0.67,25.00,1,1.67,7,0,0.00,0,0.00,99,0,0.00,0.00,30,0,62,12,0,0,0,0,0,37,51,68,64,0,99,2,13,13,0,0,13,98,0,0
Leonardo Santiago Barcelar,27,930985200,1999/07/03,Serie B,2026,Forward,Atlético GO,334,175,159,Brazil,11,5,6,0,0,0,0,0,0,0,0,3,1,2,5,3,2,1,0,0,0,0,0,0,0,1.35,67,30,334,0,0.27,246,238,-1,16,0,6.60,0,58,26.14,8.82,33,97,7.18,79,49,21.29,35,0.00,0.00,0.45,5,0.00,0.82,2.16,0.73,8,0.00,0.73,0.00,0.00,0.00,0.18,0.09,0.55,0.00,0.54,0.09,0.27,0.00,0.09,0.02,0.00,0.36,0.00,0.00,0,0,,2,0.18,26,1,0.27,49,1,0.27,21,2,9,2,88,0.00,99,0,2,0.54,37,9,85,2.43,67,0,0.00,99,0,0.00,0,0,0.00,0,1.35,76,3,0.81,46,1,0.27,33.33,0,0.00,0,0,0,0.00,0,6,0.00,19,1.62,80,N/A,N/A,N/A,N/A,0.00,0,0.00,0,0.20,0.00,0,81.44,50.00,92,24,0.27,0.81,3,35,31,0,0,0,0.00,0.00,0,22,72.64,0.55,1.62,6,0,0.00,0.00,99,0.00,0,0,0,0.00,0.00,0,0.00,0.00,0.27,0.09,1,0,0.00,50,0,24,51,21,0.35,35,0.03,0.09,0.20,34,0.02,0.05,92,10,0.91,2.69,1.08,0.36,37,4,0.05,33,28,52,75,0,81,55,0,0.00,99,4,0.00,1.08,12.13,4.09,45,23,86,84,6.20,2.09,51.11,8,2.16,1,0,33.33,0,0.00,99,3,0.27,0.81,78,1,92,54,0,0,0,0,0,37,51,68,64,0,99,42,51,62,1,9,33,22,0,0
Lorenzo Silva Martins,19,1183705200,2007/07/06,Serie B,2026,Defender,Cuiabá,479,270,209,Brazil,7,3,4,0,0,0,0,0,0,0,0,3,1,2,3,2,1,0,0,0,0,0,0,0,0,0.56,160,68,0,0,0,276,278,21,25,0,6.89,0,58,32.32,24.57,46,172,21.86,153,93,28.75,56,0.00,0.00,0.71,5,0.00,3.00,2.07,1.57,11,0.00,0.29,0.00,0.00,0.00,0.57,1.14,0.43,0.00,0.56,0.29,2.43,0.00,0.14,0.03,0.00,0.57,0.00,0.00,0,0,,3,0.43,28,1,0.19,40,2,0.38,30,2,2,5,87,0.00,99,0,4,0.75,54,21,74,3.95,83,0,0.00,99,0,0.00,0,0,0.00,0,0.94,59,17,3.19,94,8,1.50,47.06,0,0.00,0,0,0,0.00,0,3,0.00,92,0.56,5,N/A,N/A,N/A,N/A,0.00,0,0.00,0,0.23,0.00,0,88.95,33.33,66,10,0.86,1.13,6,93,50,0,0,0,0.29,0.38,2,68,48.25,1.57,2.07,11,0,0.00,0.00,99,0.00,0,0,0,0.00,0.00,0,0.00,0.00,0.19,0.14,1,0,0.00,50,12,8,51,93,0.45,27,0.06,0.08,0.23,29,0.03,0.04,39,5,0.71,0.94,0.38,0.29,9,2,0.04,28,72,61,75,0,72,39,0,0.00,99,4,0.00,0.75,10.15,7.71,54,27,68,69,5.07,3.86,50.00,2,0.38,66,0,28.57,0,0.00,99,6,0.86,1.13,86,16,50,54,0,0,0,0,0,37,51,68,64,0,99,84,13,13,0,0,13,36,0,0
Luan de Freitas Molarinho Chagas,25,979977600,2001/01/20,Serie B,2026,Defender,Fortaleza,1044,402,642,Brazil,14,6,8,0,0,0,1,1,0,0,0,6,3,3,10,3,7,1,0,0.09,0.09,0,0,0,0,0.86,104,75,1044,1044,0.09,340,136,80,27,0,6.75,0.07,70,45.52,37.71,81,528,34.36,481,97,41.47,86,0.00,0.00,0.29,4,0.00,0.07,1.38,1.14,16,0.00,0.07,0.00,0.00,0.00,0.57,0.07,0.79,0.00,0.26,0.21,0.07,0.00,0.00,0.01,0.00,0.86,0.00,0.00,0,0,,3,0.21,13,0,0.00,20,3,0.26,21,0,3,11,59,0.00,99,0,8,0.69,49,1,30,0.09,19,0,0.00,99,0,0.00,0,0,0.00,0,0.34,24,1,0.09,15,1,0.09,100.00,0,0.00,0,0,0,0.00,0,11,0.00,64,0.95,35,N/A,N/A,N/A,N/A,0.00,0,0.00,0,0.17,0.00,0,91.10,0.00,20,60,0.36,0.43,5,21,99,0,0,0,0.50,0.60,7,83,94.56,2.71,3.28,38,0,0.00,0.00,99,0.00,0,0,0,0.00,0.00,0,0.00,0.00,0.00,0.00,0,0,0.00,50,54,41,51,63,1.80,74,0.13,0.16,0.17,13,0.01,0.01,20,5,0.36,0.43,0.69,0.57,17,8,0.01,12,47,78,75,0,46,53,0,0.00,99,12,0.00,1.03,5.09,4.21,59,32,14,11,2.76,2.29,54.24,1,0.09,84,0,0.00,0,0.00,99,0,0.00,0.00,30,51,62,12,0,0,0,0,0,46,51,68,64,0,99,84,90,23,1,7,26,4,0,0
Luan Fernandes Ribeiro,29,865926000,1997/06/10,Serie B,2026,Goalkeeper,Londrina,0,0,0,Brazil,0,0,0,0,0,0,0,0,0,0,0,0,0,0,0,0,0,0,0,0,0,0,0,0,0,0,0,0,0,0,0,-1,-1,-1,-1,N/A,N/A,N/A,N/A,N/A,N/A,N/A,N/A,N/A,N/A,N/A,N/A,N/A,N/A,N/A,N/A,N/A,N/A,N/A,N/A,N/A,N/A,N/A,N/A,N/A,N/A,N/A,N/A,N/A,N/A,N/A,N/A,N/A,N/A,N/A,N/A,N/A,N/A,N/A,N/A,N/A,N/A,N/A,N/A,N/A,N/A,N/A,N/A,N/A,N/A,N/A,N/A,N/A,N/A,N/A,N/A,N/A,N/A,N/A,N/A,N/A,N/A,N/A,N/A,N/A,N/A,N/A,N/A,N/A,N/A,N/A,N/A,N/A,N/A,N/A,N/A,N/A,N/A,N/A,N/A,N/A,N/A,N/A,N/A,N/A,N/A,N/A,N/A,N/A,N/A,N/A,N/A,N/A,N/A,N/A,N/A,N/A,N/A,N/A,N/A,N/A,N/A,N/A,N/A,N/A,N/A,N/A,N/A,N/A,N/A,N/A,N/A,N/A,N/A,N/A,N/A,N/A,N/A,N/A,N/A,N/A,N/A,N/A,N/A,N/A,N/A,N/A,N/A,N/A,N/A,N/A,N/A,N/A,N/A,N/A,N/A,N/A,N/A,N/A,N/A,N/A,N/A,N/A,N/A,N/A,N/A,N/A,N/A,N/A,N/A,N/A,N/A,N/A,N/A,N/A,N/A,N/A,N/A,N/A,N/A,N/A,N/A,N/A,N/A,N/A,N/A,N/A,N/A,N/A,N/A,N/A,N/A,N/A,N/A,N/A,N/A,N/A,N/A,N/A,N/A,N/A,N/A,N/A,N/A,N/A,N/A,N/A,N/A,N/A,N/A,N/A,N/A,N/A,N/A,N/A,N/A,N/A,N/A,N/A,N/A,N/A,N/A,N/A,N/A,N/A,N/A,N/A,N/A,N/A,N/A,N/A,N/A,N/A,N/A,N/A,N/A,N/A,N/A,N/A,N/A,N/A,N/A,N/A,N/A
Luan Martins Gonçalves,27,908866800,1998/10/20,Serie B,2026,Midfielder,Juventude,1005,486,519,Brazil,18,9,9,0,0,0,2,1,1,0,0,15,9,6,7,0,7,4,0,0.18,0.18,0,0,0,0,0.63,144,56,251,503,0.36,448,64,-1,29,0,6.66,0.11,88,35.12,21.32,53,405,17.37,330,49,28.61,55,0.00,0.00,0.47,9,0.00,0.47,1.56,0.95,18,0.00,0.32,0.00,0.00,0.00,0.21,0.16,0.37,0.00,1.13,0.53,0.42,0.00,0.16,0.04,0.00,0.42,0.00,0.00,0,0,,13,0.68,58,3,0.26,48,10,0.87,59,3,7,11,68,0.00,99,0,4,0.35,25,9,56,0.78,47,0,0.00,99,0,0.00,0,0,0.00,0,0.78,48,8,0.69,40,3,0.26,37.50,0,0.00,0,0,0,0.00,0,7,0.00,88,0.61,7,N/A,N/A,N/A,N/A,0.00,0,0.00,0,0.79,0.00,0,81.48,23.08,41,26,0.47,0.78,9,35,33,0,0,0,0.37,0.61,7,83,126.62,0.89,1.47,17,0,0.00,0.00,99,0.00,0,0,1,0.05,0.09,0,0.00,0.00,0.00,0.00,0,0,0.00,50,51,68,51,88,2.16,83,0.11,0.19,0.79,42,0.04,0.07,71,19,1.00,1.65,2.77,1.68,97,32,0.07,41,35,47,85,0,46,35,0,0.00,99,8,0.00,0.69,8.93,5.42,103,47,43,53,4.08,2.47,45.63,6,0.52,55,0,22.22,0,0.00,99,2,0.11,0.17,48,51,85,71,0,0,0,0,0,64,51,68,64,0,99,99,36,78,4,22,75,5,0,0
Luan Polli Gomes,33,734079600,1993/04/06,Serie B,2026,Goalkeeper,Athletic Club,1980,990,990,Brazil,22,11,11,0,0,0,0,0,0,0,0,6,4,2,18,7,11,1,0,0,0,0,0,0,0,0.82,110,90,1980,0,0.05,249,252,72,15,0,7.00,0,58,25.14,25.14,28,553,14.91,328,2,14.91,17,0.00,0.00,0.05,1,0.00,0.00,0.00,0.00,0,0.00,0.00,0.00,0.00,3.36,0.05,0.00,4.27,0.00,0.00,0.00,0.00,0.00,0.00,0.00,0.00,0.14,0.00,0.00,0,0,,0,0.00,8,0,0.00,20,0,0.00,8,0,0,22,6,0.00,99,0,1,0.05,10,0,30,0.00,15,0,0.00,99,0,0.00,0,0,0.00,0,0.05,8,0,0.00,12,0,0.00,0.00,0,0.00,0,74,90,3.36,69,94,0.00,67,4.27,97,N/A,N/A,N/A,N/A,78.72,0,0.00,0,0.00,0.00,0,59.31,0.00,20,88,0.14,0.14,3,17,17,0,0,45,0.00,0.00,0,22,153.98,1.64,1.64,36,0,0.00,0.00,99,0.00,1,0,0,0.00,0.00,16,0.73,0.73,0.00,0.00,0,0,0.00,50,98,95,51,68,0.67,4,0.03,0.03,0.00,9,0.00,0.00,5,4,0.18,0.18,0.00,0.00,6,0,0.00,8,85,53,75,73,46,3,0,0.00,99,3,0.00,0.14,0.36,0.36,8,5,1,2,0.23,0.23,62.50,0,0.00,99,0,0.00,0,0.00,99,0,0.00,0.00,30,97,24,12,0,0,0,0,0,37,51,68,64,0,99,42,99,15,1,5,19,1,0,0
Lucas Alves,26,954144000,2000/03/27,Serie B,2026,Forward,Juventude,40,29,11,Brazil,3,2,1,1,1,0,0,0,0,0,0,3,2,1,0,0,0,0,0,2.25,0,2.25,3.1,0,40,0,0,13,0,0,0,-1,-1,-1,10,0,6.95,0,58,40.50,6.00,69,18,4.33,13,14,29.25,56,0.00,0.00,0.00,0,0.00,0.67,2.25,0.33,1,0.00,0.67,0.00,0.00,0.00,0.33,0.67,0.00,3.00,6.75,0.67,1.00,0.00,0.33,0.26,0.00,0.33,0.00,0.00,0,0,,3,1.00,99,1,2.25,99,2,4.50,99,0,3,0,89,0.00,99,0,1,2.25,99,2,96,4.50,88,0,0.00,99,0,0.00,0,0,0.00,0,0.00,7,3,6.75,99,2,4.50,66.67,0,0.00,0,0,0,0.00,0,0,0.00,99,0.00,0,N/A,N/A,N/A,N/A,0.00,0,0.00,0,0.78,0.00,0,72.22,33.33,66,99,0.00,0.00,0,99,85,0,0,0,0.00,0.00,0,22,20.84,0.00,0.00,0,0,0.00,0.00,99,0.00,0,0,0,0.00,0.00,0,0.00,0.00,0.00,0.00,0,0,33.33,99,0,0,51,0,0.03,20,0.01,0.07,0.78,99,0.26,1.75,99,2,0.67,4.50,0.00,0.00,6,0,1.75,99,80,1,75,0,46,86,0,0.00,99,1,0.00,2.25,18.00,2.67,8,6,99,99,13.50,2.00,75.00,2,4.50,0,0,50.00,0,0.00,99,1,0.33,2.25,98,0,62,12,0,0,0,0,0,99,99,68,99,0,99,99,13,13,0,0,13,72,0,0
Lucas Andrés Mugni,34,695203200,1992/01/12,Serie B,2026,Midfielder,Ceará,332,208,124,Argentina,7,5,2,0,0,0,1,1,0,0,0,2,2,0,3,2,1,2,0,0.27,0.27,0,0,0,0,0.81,111,47,166,332,0.54,233,27,-1,20,0,6.83,0.14,95,44.73,23.57,80,165,19.14,134,48,36.33,76,0.00,0.00,0.57,4,0.00,3.86,2.44,1.29,9,0.00,0.14,0.00,0.00,0.00,0.43,0.71,0.57,0.00,1.08,0.43,1.57,0.00,0.14,0.04,0.00,0.14,0.00,0.00,0,0,,4,0.57,55,1,0.27,49,3,0.81,56,3,4,3,94,0.00,99,0,3,0.81,58,27,37,7.32,97,0,0.00,99,0,0.00,0,0,0.00,0,1.08,67,11,2.98,93,5,1.36,45.45,0,0.00,0,0,0,0.00,0,4,0.00,67,1.08,47,N/A,N/A,N/A,N/A,0.00,0,0.00,0,0.27,0.00,0,81.21,25.00,46,24,0.43,0.81,3,90,47,0,0,0,0.29,0.54,2,79,47.78,1.14,2.17,8,0,0.00,0.00,99,0.00,0,0,0,0.00,0.00,0,0.00,0.00,0.27,0.14,1,0,0.00,50,0,8,51,68,1.01,95,0.14,0.27,0.27,42,0.04,0.07,46,4,0.57,1.08,1.36,0.71,53,5,0.07,41,61,63,75,0,81,10,0,0.00,99,1,0.00,0.27,10.57,5.57,39,18,63,73,4.88,2.57,46.15,1,0.27,73,0,14.81,0,0.00,99,4,0.57,1.08,85,3,69,71,0,0,0,0,0,75,51,68,64,0,99,51,19,94,2,29,89,11,0,0
Lucas Belezi Barbosa,23,1052377200,2003/05/08,Serie B,2026,Defender,Athletic Club,1707,900,807,Brazil,20,10,10,1,0,1,2,1,1,0,0,5,3,2,15,7,8,4,2,0.16,0.11,0.05,0,0.11,1707,0.79,114,85,341,854,0.26,209,123,63,11,0,6.83,0.1,74,45.82,43.45,81,869,37.40,748,80,39.44,83,0.00,0.00,0.50,10,0.00,0.05,1.32,1.25,25,0.00,0.15,0.00,0.00,0.00,1.05,0.00,0.80,10.00,0.53,0.40,0.00,0.00,0.10,0.06,0.00,1.70,0.00,0.00,0,0,,10,0.50,26,2,0.11,28,8,0.42,33,0,0,20,55,0.00,99,0,21,1.11,78,1,30,0.05,16,0,0.00,99,0,0.00,0,0,0.00,0,0.53,38,0,0.00,12,0,0.00,0.00,0,0.00,0,0,0,0.00,0,16,0.00,70,0.84,24,N/A,N/A,N/A,N/A,0.00,0,0.00,0,1.21,0.00,0,86.08,20.00,36,78,0.25,0.26,5,17,17,0,0,0,0.65,0.69,13,86,136.55,5.10,5.38,102,0,0.00,0.00,99,0.00,0,0,0,0.00,0.00,0,0.00,0.00,0.05,0.05,1,0,10.00,72,88,79,99,71,3.25,78,0.16,0.17,1.21,38,0.06,0.06,7,4,0.20,0.21,0.74,0.70,19,14,0.06,37,61,92,75,0,49,76,0,0.00,99,34,0.00,1.79,5.85,5.55,111,64,25,15,3.37,3.20,57.66,3,0.16,80,0,0.00,0,0.00,99,0,0.00,0.00,30,89,24,12,0,0,0,0,0,60,53,72,64,0,99,38,52,62,2,10,37,4,0,0
Lucas Crispim,32,772009200,1994/06/19,Serie B,2026,Midfielder,Fortaleza,297,160,137,Brazil,12,5,7,0,0,0,0,0,0,0,0,4,1,3,3,2,1,1,0,0,0,0,0,0,0,0.91,99,25,297,0,0.3,339,313,-1,26,0,5.58,0,58,35.82,9.92,56,119,9.08,109,99,32.81,67,0.00,0.00,0.33,4,0.00,0.75,1.81,0.50,6,0.00,0.08,0.00,0.00,0.00,0.08,0.25,0.25,0.00,1.81,0.25,0.25,0.00,0.25,0.04,0.00,0.33,0.00,0.00,0,0,,6,0.50,75,3,0.90,89,3,0.90,59,2,11,1,77,0.00,99,0,1,0.30,22,9,56,2.71,69,0,0.00,99,0,0.00,0,0,0.00,0,1.20,71,3,0.90,50,3,0.90,100.00,0,0.00,0,0,0,0.00,0,3,0.00,58,0.90,30,N/A,N/A,N/A,N/A,0.00,0,0.00,0,0.46,0.00,0,91.60,50.00,92,39,0.17,0.60,2,78,99,0,0,0,0.00,0.00,0,22,67.00,0.33,1.20,4,0,0.00,0.00,99,0.00,0,0,0,0.00,0.00,0,0.00,0.00,0.00,0.00,0,0,0.00,50,0,31,51,59,0.40,56,0.03,0.12,0.46,63,0.04,0.14,84,7,0.58,2.11,0.90,0.25,27,3,0.14,62,1,39,75,0,46,58,0,0.00,99,4,0.00,1.20,7.83,2.17,26,20,84,40,6.02,1.67,76.92,1,0.30,71,0,22.22,0,0.00,99,2,0.17,0.60,70,0,97,54,0,0,0,0,0,37,51,68,64,0,99,64,45,68,1,8,30,10,0,0
Lucas da Silva Izidoro,30,825148800,1996/02/24,Serie B,2026,Midfielder,Juventude,1189,714,475,Brazil,17,10,7,0,0,0,0,0,0,0,0,13,9,4,7,1,6,6,0,0,0,0,0,0,0,0.53,170,70,198,0,0.45,266,287,-1,15,0,6.31,0,58,36.18,28.12,57,478,23.59,401,65,30.35,59,0.00,0.00,0.18,3,0.00,0.18,1.97,1.53,26,0.00,0.24,0.00,0.00,0.00,0.82,0.71,0.47,0.00,0.38,0.29,0.82,0.00,0.00,0.02,0.00,1.24,0.00,0.00,0,0,,5,0.29,21,0,0.00,20,5,0.38,30,4,2,15,83,0.00,99,0,14,1.06,73,3,98,0.23,30,0,0.00,99,0,0.00,0,0,0.00,0,0.23,17,14,1.06,57,12,0.91,85.71,0,0.00,0,0,0,0.00,0,8,0.00,93,0.61,7,N/A,N/A,N/A,N/A,0.00,0,0.00,0,0.29,0.00,0,83.89,0.00,20,27,0.59,0.76,10,79,93,0,0,0,0.41,0.53,7,78,107.29,1.65,2.12,28,0,0.00,0.00,99,0.00,0,0,0,0.00,0.00,0,0.00,0.00,0.08,0.06,1,0,0.00,50,62,59,51,94,0.86,20,0.05,0.07,0.29,19,0.02,0.02,72,22,1.29,1.67,1.97,1.53,83,26,0.02,18,14,62,75,0,57,70,0,0.00,99,21,0.00,1.59,10.75,8.35,142,80,85,74,6.06,4.71,56.34,4,0.30,71,0,66.67,0,0.00,99,2,0.12,0.15,46,68,50,84,0,0,0,0,0,37,51,68,64,0,99,99,23,90,6,35,95,8,0,0
Lucas da Sliva Justen,23,1057215600,2003/07/03,Serie B,2026,Defender,Ponte Preta,245,111,134,Brazil,5,3,2,0,0,0,0,0,0,0,0,1,1,0,8,4,4,0,0,0,0,0,0,0,0,2.94,31,49,0,0,0,-1,-1,-1,20,0,6.47,0,58,26.82,14.60,35,73,12.40,62,72,22.78,39,0.00,0.00,0.00,0,0.00,2.00,2.20,1.20,6,0.00,0.20,0.00,0.00,0.00,1.40,0.20,1.60,0.00,0.73,0.40,0.40,0.00,0.00,0.02,0.00,0.80,0.00,0.00,0,0,,2,0.40,38,0,0.00,20,2,0.73,52,2,3,2,88,0.00,99,0,7,2.57,99,10,51,3.67,80,0,0.00,99,0,0.00,0,0,0.00,0,0.00,7,2,0.73,42,1,0.37,50.00,0,0.00,0,0,0,0.00,0,8,0.00,0,2.94,94,N/A,N/A,N/A,N/A,0.00,0,0.00,0,0.11,0.00,0,84.93,0.00,20,29,0.40,0.73,2,44,63,0,0,0,0.20,0.37,1,67,32.35,1.00,1.84,5,0,0.00,0.00,99,0.00,0,0,0,0.00,0.00,0,0.00,0.00,0.00,0.00,0,0,0.00,50,0,2,51,0,0.12,8,0.02,0.04,0.11,29,0.02,0.04,15,1,0.20,0.37,2.20,1.20,88,6,0.04,28,18,57,75,0,46,65,0,0.00,99,4,0.00,1.47,9.18,5.00,25,12,53,57,4.41,2.40,48.00,1,0.37,67,0,20.00,0,0.00,99,2,0.40,0.73,76,1,62,54,0,0,0,0,0,37,51,68,64,0,99,26,13,13,0,0,13,2,0,0
Lucas de Noni Soratto,19,1171440000,2007/02/14,Serie B,2026,Goalkeeper,Criciúma,0,0,0,Brazil,0,0,0,0,0,0,0,0,0,0,0,0,0,0,0,0,0,0,0,0,0,0,0,0,0,0,0,0,0,0,0,-1,-1,-1,-1,N/A,N/A,N/A,N/A,N/A,N/A,N/A,N/A,N/A,N/A,N/A,N/A,N/A,N/A,N/A,N/A,N/A,N/A,N/A,N/A,N/A,N/A,N/A,N/A,N/A,N/A,N/A,N/A,N/A,N/A,N/A,N/A,N/A,N/A,N/A,N/A,N/A,N/A,N/A,N/A,N/A,N/A,N/A,N/A,N/A,N/A,N/A,N/A,N/A,N/A,N/A,N/A,N/A,N/A,N/A,N/A,N/A,N/A,N/A,N/A,N/A,N/A,N/A,N/A,N/A,N/A,N/A,N/A,N/A,N/A,N/A,N/A,N/A,N/A,N/A,N/A,N/A,N/A,N/A,N/A,N/A,N/A,N/A,N/A,N/A,N/A,N/A,N/A,N/A,N/A,N/A,N/A,N/A,N/A,N/A,N/A,N/A,N/A,N/A,N/A,N/A,N/A,N/A,N/A,N/A,N/A,N/A,N/A,N/A,N/A,N/A,N/A,N/A,N/A,N/A,N/A,N/A,N/A,N/A,N/A,N/A,N/A,N/A,N/A,N/A,N/A,N/A,N/A,N/A,N/A,N/A,N/A,N/A,N/A,N/A,N/A,N/A,N/A,N/A,N/A,N/A,N/A,N/A,N/A,N/A,N/A,N/A,N/A,N/A,N/A,N/A,N/A,N/A,N/A,N/A,N/A,N/A,N/A,N/A,N/A,N/A,N/A,N/A,N/A,N/A,N/A,N/A,N/A,N/A,N/A,N/A,N/A,N/A,N/A,N/A,N/A,N/A,N/A,N/A,N/A,N/A,N/A,N/A,N/A,N/A,N/A,N/A,N/A,N/A,N/A,N/A,N/A,N/A,N/A,N/A,N/A,N/A,N/A,N/A,N/A,N/A,N/A,N/A,N/A,N/A,N/A,N/A,N/A,N/A,N/A,N/A,N/A,N/A,N/A,N/A,N/A,N/A,N/A,N/A,N/A,N/A,N/A,N/A,N/A
Lucas de Souza Cunha,29,854006400,1997/01/23,Serie B,2026,Defender,Ponte Preta,1614,804,810,Brazil,18,9,9,0,0,0,0,0,0,0,0,2,2,0,33,10,23,7,0,0,0,0,0,0,0,1.84,49,90,231,0,0.39,413,403,196,25,0,6.53,0,58,35.91,35.78,56,644,28.33,510,36,28.44,54,0.00,0.00,0.06,1,0.00,0.11,0.84,0.83,15,0.00,0.11,0.00,0.00,0.00,1.11,0.00,2.06,0.00,0.33,0.28,0.06,0.00,0.06,0.02,0.00,1.28,0.00,0.00,0,0,,6,0.33,18,1,0.06,21,5,0.28,22,0,1,17,28,0.00,99,0,20,1.12,79,2,96,0.11,20,0,0.00,99,0,0.00,0,0,0.00,0,0.06,9,1,0.06,13,0,0.00,0.00,0,0.00,0,0,0,0.00,0,37,0.00,6,2.06,89,N/A,N/A,N/A,N/A,0.00,0,0.00,0,0.44,0.00,0,79.19,16.67,30,82,0.22,0.22,4,17,17,0,0,0,1.06,1.06,19,96,117.54,5.78,5.80,104,2,0.00,0.11,6,0.11,0,0,0,0.00,0.00,0,0.00,0.00,0.00,0.00,0,0,0.00,50,84,68,51,6,1.06,15,0.06,0.06,0.44,19,0.02,0.02,12,6,0.33,0.33,1.12,1.11,39,20,0.02,18,21,93,75,0,46,60,0,0.00,99,23,0.00,1.28,4.68,4.67,84,44,11,10,2.45,2.44,52.38,2,0.11,83,0,50.00,0,0.00,99,1,0.06,0.06,34,78,41,12,0,0,0,0,0,37,51,68,64,0,99,8,30,83,7,39,97,3,0,0
Lucas dos Santos Reis,25,992502000,2001/06/14,Serie B,2026,Forward,São Bernardo,0,0,0,Brazil,0,0,0,0,0,0,0,0,0,0,0,0,0,0,0,0,0,0,0,0,0,0,0,0,0,0,0,0,0,0,0,-1,-1,-1,-1,N/A,N/A,N/A,N/A,N/A,N/A,N/A,N/A,N/A,N/A,N/A,N/A,N/A,N/A,N/A,N/A,N/A,N/A,N/A,N/A,N/A,N/A,N/A,N/A,N/A,N/A,N/A,N/A,N/A,N/A,N/A,N/A,N/A,N/A,N/A,N/A,N/A,N/A,N/A,N/A,N/A,N/A,N/A,N/A,N/A,N/A,N/A,N/A,N/A,N/A,N/A,N/A,N/A,N/A,N/A,N/A,N/A,N/A,N/A,N/A,N/A,N/A,N/A,N/A,N/A,N/A,N/A,N/A,N/A,N/A,N/A,N/A,N/A,N/A,N/A,N/A,N/A,N/A,N/A,N/A,N/A,N/A,N/A,N/A,N/A,N/A,N/A,N/A,N/A,N/A,N/A,N/A,N/A,N/A,N/A,N/A,N/A,N/A,N/A,N/A,N/A,N/A,N/A,N/A,N/A,N/A,N/A,N/A,N/A,N/A,N/A,N/A,N/A,N/A,N/A,N/A,N/A,N/A,N/A,N/A,N/A,N/A,N/A,N/A,N/A,N/A,N/A,N/A,N/A,N/A,N/A,N/A,N/A,N/A,N/A,N/A,N/A,N/A,N/A,N/A,N/A,N/A,N/A,N/A,N/A,N/A,N/A,N/A,N/A,N/A,N/A,N/A,N/A,N/A,N/A,N/A,N/A,N/A,N/A,N/A,N/A,N/A,N/A,N/A,N/A,N/A,N/A,N/A,N/A,N/A,N/A,N/A,N/A,N/A,N/A,N/A,N/A,N/A,N/A,N/A,N/A,N/A,N/A,N/A,N/A,N/A,N/A,N/A,N/A,N/A,N/A,N/A,N/A,N/A,N/A,N/A,N/A,N/A,N/A,N/A,N/A,N/A,N/A,N/A,N/A,N/A,N/A,N/A,N/A,N/A,N/A,N/A,N/A,N/A,N/A,N/A,N/A,N/A,N/A,N/A,N/A,N/A,N/A,N/A
Lucas Eduardo Lima da Silva,26,962694000,2000/07/04,Serie B,2026,Midfielder,São Bernardo,830,551,279,Brazil,16,10,6,3,2,1,1,0,1,0,0,2,1,1,13,9,4,5,2,0.43,0.11,0.33,0.33,0.32,277,1.41,64,52,166,830,0.54,33,117,-1,1,0,6.75,0.06,74,38.93,22.44,65,359,19.00,304,71,32.96,68,0.00,0.00,0.94,15,0.00,0.19,1.41,0.81,13,0.00,0.44,0.00,0.00,0.00,0.75,0.19,0.81,6.33,2.06,0.69,0.75,0.00,0.50,0.21,0.00,0.50,0.00,0.00,0,0,,19,1.19,82,8,0.87,88,11,1.19,74,7,7,9,60,0.00,99,0,12,1.30,88,3,98,0.33,34,0,0.00,99,0,0.00,0,0,0.00,0,1.63,85,12,1.30,67,3,0.33,25.00,0,0.00,0,0,0,0.00,0,13,0.00,16,1.41,73,N/A,N/A,N/A,N/A,0.00,0,0.00,0,3.30,0.00,0,84.68,42.11,81,72,0.19,0.33,3,41,21,0,0,0,0.12,0.22,2,50,107.95,0.50,0.87,8,0,0.00,0.00,99,0.00,0,0,0,0.00,0.00,0,0.00,0.00,0.11,0.06,1,0,15.79,86,42,54,58,18,1.78,83,0.11,0.19,3.30,92,0.21,0.36,61,13,0.81,1.41,1.73,1.00,75,16,0.36,91,47,27,75,0,61,44,0,0.00,99,8,0.00,0.87,8.46,4.88,78,37,40,48,4.01,2.31,47.44,7,0.76,38,0,66.67,0,0.00,99,2,0.12,0.22,52,42,85,99,0,0,0,0,0,90,94,91,88,0,99,12,19,94,3,19,68,31,0,0
Lucas Emanoel de Abreu dos Reis,20,1152860400,2006/07/14,Serie B,2026,Midfielder,Fortaleza,268,209,59,Brazil,7,4,3,0,0,0,0,0,0,0,0,4,1,3,3,3,0,3,0,0,0,0,0,0,0,1.01,89,38,89,0,1.01,-1,-1,-1,25,0,4.83,0,58,18.00,7.71,12,54,5.00,35,4,11.67,7,0.00,0.00,0.43,3,0.00,0.14,0.33,0.14,1,0.00,0.71,0.00,0.00,0.00,0.43,0.00,0.57,0.00,1.67,0.57,0.14,0.00,0.14,0.05,0.00,1.00,0.00,0.00,0,0,,5,0.71,71,1,0.33,57,4,1.33,80,3,4,3,9,0.00,99,0,3,1.00,69,1,30,0.33,34,0,0.00,99,0,0.00,0,0,0.00,0,1.00,63,1,0.33,25,0,0.00,0.00,0,0.00,0,0,0,0.00,0,4,0.00,47,1.33,67,N/A,N/A,N/A,N/A,0.00,0,0.00,0,0.33,0.00,0,64.81,20.00,36,34,0.29,0.67,2,17,17,0,0,0,0.14,0.33,1,64,33.78,0.14,0.33,1,0,0.00,0.00,99,0.00,0,0,0,0.00,0.00,0,0.00,0.00,0.00,0.00,0,0,0.00,50,0,8,51,48,0.22,20,0.03,0.07,0.33,56,0.05,0.11,92,8,1.14,2.67,3.67,1.57,99,11,0.11,55,0,7,75,0,46,87,0,0.00,99,7,0.00,2.33,13.67,5.86,41,16,76,91,5.33,2.29,39.02,5,1.67,7,0,0.00,0,0.00,99,0,0.00,0.00,30,3,69,71,0,0,0,0,0,37,51,68,64,0,99,95,13,99,3,43,99,19,0,0
Lucas Fernandes da Silva,28,874738800,1997/09/20,Serie B,2026,Midfielder,São Bernardo,82,26,56,Brazil,4,1,3,0,0,0,0,0,0,0,0,1,0,1,1,0,1,0,0,0,0,0,0,0,0,1.1,82,21,0,0,0,-1,-1,-1,19,0,6.53,0,58,31.83,7.25,45,29,6.50,26,94,28.54,55,0.00,0.00,0.00,0,0.00,0.25,1.10,0.25,1,0.00,0.50,0.00,0.00,0.00,0.00,0.00,0.25,0.00,0.00,0.00,0.00,0.00,0.00,0.00,0.00,0.00,0.00,0.00,0,0,,0,0.00,8,0,0.00,20,0,0.00,8,0,4,0,42,0.00,99,0,0,0.00,9,1,30,1.10,53,0,0.00,99,0,0.00,0,0,0.00,0,0.00,7,0,0.00,12,0,0.00,0.00,0,0.00,0,0,0,0.00,0,1,0.00,40,1.10,49,N/A,N/A,N/A,N/A,0.00,0,0.00,0,0.00,0.00,0,89.66,0.00,20,11,0.25,1.10,1,17,17,0,0,0,0.00,0.00,0,22,26.12,0.50,2.20,2,0,0.00,0.00,99,0.00,0,0,0,0.00,0.00,0,0.00,0.00,0.00,0.00,0,0,0.00,50,0,0,51,41,0.05,11,0.01,0.05,0.00,9,0.00,0.00,99,7,1.75,7.68,0.00,0.00,6,0,0.00,8,21,63,75,0,46,2,0,0.00,99,0,0.00,0.00,16.46,3.75,15,8,99,97,8.78,2.00,53.33,2,2.20,1,0,0.00,0,0.00,99,0,0.00,0.00,30,0,69,12,0,0,0,0,0,37,51,68,64,0,99,38,13,13,0,0,13,31,0,0
Lucas Lovat,29,853315200,1997/01/15,Serie B,2026,Defender,CRB,1706,863,843,Brazil,21,10,11,0,0,0,1,0,1,0,0,6,3,3,26,11,15,6,0,0.05,0.05,0,0,0,0,1.37,66,81,284,1706,0.32,351,173,167,26,0,6.64,0.05,60,38.43,34.50,63,690,28.70,574,60,31.97,63,0.00,0.00,0.40,8,0.00,3.25,1.28,1.15,23,0.00,0.40,0.00,0.00,0.00,0.80,0.80,1.30,0.00,1.11,0.75,1.75,0.00,0.25,0.08,0.00,0.25,0.00,0.00,0,0,,20,1.00,57,5,0.28,51,15,0.84,57,1,0,21,53,0.00,99,0,16,0.89,63,65,71,3.62,80,0,0.00,99,0,0.00,0,0,0.00,0,0.45,32,35,1.95,79,16,0.89,45.71,0,0.00,0,0,0,0.00,0,26,0.00,19,1.45,75,N/A,N/A,N/A,N/A,0.00,0,0.00,0,1.65,0.00,0,83.19,25.00,46,43,0.50,0.56,10,78,47,0,0,0,0.50,0.56,10,81,132.72,1.50,1.67,30,1,0.00,0.06,12,0.05,0,0,1,0.05,0.06,0,0.00,0.00,0.00,0.00,0,0,0.00,50,88,88,51,19,2.12,56,0.11,0.12,1.65,50,0.08,0.09,17,7,0.35,0.39,1.28,1.15,48,23,0.09,49,33,54,80,0,46,11,0,0.00,99,5,0.00,0.28,6.57,5.90,118,52,17,24,2.90,2.60,44.07,8,0.45,60,0,27.69,0,0.00,99,18,0.90,1.00,84,94,24,36,0,0,0,0,0,38,51,68,64,0,99,51,43,70,6,29,89,36,0,0
Lucas Marques de Oliveira,31,801298800,1995/05/24,Serie B,2026,Midfielder,Londrina,1519,745,774,Brazil,20,10,10,2,1,1,1,1,0,0,0,4,4,0,24,11,13,4,1,0.18,0.06,0.12,0.12,0.12,760,1.42,63,76,304,1519,0.3,147,157,-1,8,0,6.91,0.05,64,39.82,33.60,68,672,27.05,541,42,32.05,64,0.00,0.00,1.25,25,0.00,1.00,1.66,1.40,28,0.00,0.20,0.00,0.00,0.00,1.00,0.10,1.20,13.00,1.54,0.85,0.50,0.00,0.45,0.15,0.00,0.65,0.00,0.00,0,0,,26,1.30,68,9,0.53,73,17,1.01,68,2,1,19,71,0.00,99,0,20,1.18,82,20,92,1.18,55,0,0.00,99,0,0.00,0,0,0.00,0,1.48,82,10,0.59,35,2,0.12,20.00,0,0.00,0,0,0,0.00,0,24,0.00,15,1.42,73,N/A,N/A,N/A,N/A,0.00,0,0.00,0,3.07,0.00,0,80.51,34.62,67,36,0.55,0.65,11,24,20,0,0,0,0.25,0.30,5,62,138.12,1.25,1.48,25,0,0.00,0.00,99,0.00,0,0,0,0.00,0.00,0,0.00,0.00,0.06,0.05,1,0,7.69,63,80,79,85,16,2.56,70,0.13,0.15,3.07,70,0.15,0.18,25,9,0.45,0.53,0.83,0.70,23,14,0.18,68,75,48,75,0,53,39,0,0.00,99,13,0.00,0.77,6.16,5.20,104,49,17,19,2.90,2.45,47.12,4,0.24,74,0,45.00,0,0.00,99,9,0.45,0.53,68,86,41,54,0,0,0,0,0,64,68,72,72,0,99,26,46,68,3,15,57,8,0,0
Lucas Pacheco Affini,36,636278400,1990/03/01,Serie B,2026,Midfielder,Fortaleza,1493,747,746,Brazil,22,11,11,1,1,0,2,1,1,0,0,10,5,5,16,5,11,2,0,0.18,0.12,0.06,0.12,0,1493,0.96,93,68,747,747,0.12,201,111,-1,10,0,6.84,0.09,76,42.35,31.91,75,702,27.95,615,87,37.10,78,0.00,0.00,0.73,16,0.00,0.55,2.29,1.73,38,0.00,0.27,0.00,0.00,0.00,0.95,0.27,0.77,14.00,0.84,0.45,0.59,0.00,0.18,0.07,0.00,0.41,0.00,0.00,0,0,,14,0.64,42,4,0.24,47,10,0.60,42,4,5,17,90,0.00,99,0,21,1.27,87,12,65,0.72,46,0,0.00,99,0,0.00,0,0,0.00,0,0.97,61,13,0.78,45,6,0.36,46.15,0,0.00,0,0,0,0.00,0,17,0.00,54,1.03,44,N/A,N/A,N/A,N/A,0.00,0,0.00,0,1.55,0.00,0,87.61,28.57,51,5,1.05,1.39,23,43,48,0,0,0,0.23,0.30,5,62,150.49,1.05,1.39,23,0,0.00,0.00,99,0.00,0,0,0,0.00,0.00,0,0.00,0.00,0.06,0.05,1,0,7.14,61,79,95,96,53,3.09,83,0.14,0.19,1.55,50,0.07,0.09,47,18,0.82,1.09,1.69,1.27,71,28,0.09,49,63,45,75,0,53,25,0,0.00,99,9,0.00,0.54,9.29,7.00,154,70,48,59,4.22,3.18,45.45,6,0.36,68,0,25.00,0,0.00,99,3,0.14,0.18,49,78,77,84,0,0,0,0,0,64,57,68,72,0,99,86,85,28,2,9,33,88,0,0
Lucas Pereira Ribeiro de Souza,28,898412400,1998/06/21,Serie B,2026,Goalkeeper,Novorizontino,0,0,0,Brazil,0,0,0,0,0,0,0,0,0,0,0,0,0,0,0,0,0,0,0,0,0,0,0,0,0,0,0,0,0,0,0,-1,-1,-1,-1,N/A,N/A,N/A,N/A,N/A,N/A,N/A,N/A,N/A,N/A,N/A,N/A,N/A,N/A,N/A,N/A,N/A,N/A,N/A,N/A,N/A,N/A,N/A,N/A,N/A,N/A,N/A,N/A,N/A,N/A,N/A,N/A,N/A,N/A,N/A,N/A,N/A,N/A,N/A,N/A,N/A,N/A,N/A,N/A,N/A,N/A,N/A,N/A,N/A,N/A,N/A,N/A,N/A,N/A,N/A,N/A,N/A,N/A,N/A,N/A,N/A,N/A,N/A,N/A,N/A,N/A,N/A,N/A,N/A,N/A,N/A,N/A,N/A,N/A,N/A,N/A,N/A,N/A,N/A,N/A,N/A,N/A,N/A,N/A,N/A,N/A,N/A,N/A,N/A,N/A,N/A,N/A,N/A,N/A,N/A,N/A,N/A,N/A,N/A,N/A,N/A,N/A,N/A,N/A,N/A,N/A,N/A,N/A,N/A,N/A,N/A,N/A,N/A,N/A,N/A,N/A,N/A,N/A,N/A,N/A,N/A,N/A,N/A,N/A,N/A,N/A,N/A,N/A,N/A,N/A,N/A,N/A,N/A,N/A,N/A,N/A,N/A,N/A,N/A,N/A,N/A,N/A,N/A,N/A,N/A,N/A,N/A,N/A,N/A,N/A,N/A,N/A,N/A,N/A,N/A,N/A,N/A,N/A,N/A,N/A,N/A,N/A,N/A,N/A,N/A,N/A,N/A,N/A,N/A,N/A,N/A,N/A,N/A,N/A,N/A,N/A,N/A,N/A,N/A,N/A,N/A,N/A,N/A,N/A,N/A,N/A,N/A,N/A,N/A,N/A,N/A,N/A,N/A,N/A,N/A,N/A,N/A,N/A,N/A,N/A,N/A,N/A,N/A,N/A,N/A,N/A,N/A,N/A,N/A,N/A,N/A,N/A,N/A,N/A,N/A,N/A,N/A,N/A,N/A,N/A,N/A,N/A,N/A,N/A
Lucas Rafael Araujo Lima,36,647506800,1990/07/09,Serie B,2026,Midfielder,Goiás,1618,699,919,Brazil,23,10,13,0,0,0,3,1,2,0,0,6,4,2,22,9,13,4,0,0.17,0.17,0,0,0,0,1.22,74,70,405,539,0.22,398,71,-1,26,0,6.98,0.13,86,47.33,37.04,84,852,31.74,730,77,40.56,85,0.00,0.00,2.00,46,0.00,3.22,1.89,1.48,34,0.00,0.83,0.00,0.00,0.00,0.22,0.57,1.04,0.00,0.72,0.39,0.91,0.00,0.17,0.05,0.00,0.00,0.00,0.00,0,0,,13,0.57,37,4,0.22,44,9,0.50,37,1,2,21,81,0.00,99,0,5,0.28,20,74,77,4.11,85,0,0.00,99,0,0.00,0,0,0.00,0,2.56,97,21,1.17,62,13,0.72,61.90,0,0.00,0,0,0,0.00,0,24,0.00,29,1.33,67,N/A,N/A,N/A,N/A,0.00,0,0.00,0,1.09,0.00,0,85.68,30.77,55,30,0.57,0.72,13,71,78,0,1,0,0.04,0.06,1,25,160.52,0.26,0.33,6,1,0.00,0.06,12,0.04,0,1,1,0.04,0.06,0,0.00,0.00,0.22,0.17,4,0,0.00,50,84,99,51,30,5.09,95,0.22,0.28,0.39,19,0.02,0.02,91,46,2.00,2.56,1.33,1.04,52,24,0.06,37,83,7,80,0,76,2,0,0.00,99,0,0.00,0.00,8.94,7.00,161,93,71,54,5.17,4.04,57.76,19,1.06,23,0,29.73,0,0.00,99,22,0.96,1.22,89,94,50,36,0,0,0,0,0,61,51,68,64,0,99,40,61,52,4,17,62,10,0,0
Lucas Ribeiro dos Santos,27,916732800,1999/01/19,Serie B,2026,Defender,Goiás,1054,368,686,Brazil,16,7,9,0,0,0,0,0,0,0,0,6,5,1,11,4,7,4,0,0,0,0,0,0,0,0.94,96,66,264,0,0.34,244,250,96,18,0,6.76,0,58,54.05,39.56,94,633,36.31,581,99,49.61,96,0.00,0.00,0.19,3,0.00,0.12,0.60,0.44,7,0.00,0.12,0.00,0.00,0.00,0.38,0.31,0.81,0.00,0.26,0.06,0.38,0.00,0.12,0.02,0.00,1.25,0.00,0.00,0,0,,3,0.19,13,2,0.17,37,1,0.09,9,1,5,11,16,0.00,99,0,6,0.51,36,2,96,0.17,25,0,0.00,99,0,0.00,0,0,0.00,0,0.26,20,6,0.51,33,5,0.43,83.33,0,0.00,0,0,0,0.00,0,13,0.00,56,1.11,50,N/A,N/A,N/A,N/A,0.00,0,0.00,0,0.31,0.00,0,91.79,66.67,98,86,0.12,0.17,2,50,92,0,0,0,0.56,0.77,9,90,108.20,2.38,3.24,38,0,0.00,0.00,99,0.00,0,0,0,0.00,0.00,0,0.00,0.00,0.00,0.00,0,0,0.00,50,54,54,51,57,1.55,63,0.10,0.13,0.31,24,0.02,0.03,9,3,0.19,0.26,1.02,0.75,35,12,0.03,24,48,77,75,0,46,73,0,0.00,99,20,0.00,1.71,5.46,4.00,64,35,19,13,2.99,2.19,54.69,2,0.17,80,0,50.00,0,0.00,99,1,0.06,0.09,37,51,77,36,0,0,0,0,0,37,51,68,64,0,99,73,38,75,4,25,81,14,0,0
Lucas Rodrigues Moreira Costa,18,1193641200,2007/10/29,Serie B,2026,Midfielder,Goiás,717,203,514,Brazil,10,3,7,0,0,0,0,0,0,0,0,4,2,2,8,2,6,3,0,0,0,0,0,0,0,1,90,72,239,0,0.38,273,273,-1,11,0,6.74,0,58,38.14,30.30,63,303,25.80,258,75,32.48,66,0.00,0.00,0.40,4,0.00,0.30,2.39,1.90,19,0.00,1.50,0.00,0.00,0.00,0.60,0.60,0.80,0.00,0.63,0.40,0.80,0.00,0.10,0.03,0.00,0.70,0.00,0.00,0,0,,5,0.50,32,1,0.13,32,4,0.50,37,5,2,8,93,0.00,99,0,6,0.76,54,3,30,0.38,35,0,0.00,99,0,0.00,0,0,0.00,0,0.50,36,8,1.01,55,6,0.76,75.00,0,0.00,0,0,0,0.00,0,8,0.00,49,1.01,42,N/A,N/A,N/A,N/A,0.00,0,0.00,0,0.28,0.00,0,85.15,20.00,36,19,0.70,0.88,7,72,90,0,0,0,0.10,0.13,1,35,67.36,0.70,0.88,7,0,0.00,0.00,99,0.00,0,0,0,0.00,0.00,0,0.00,0.00,0.00,0.00,0,0,0.00,50,32,20,51,49,0.60,27,0.06,0.08,0.28,29,0.03,0.04,92,21,2.10,2.64,1.64,1.30,69,13,0.04,28,45,27,75,0,46,45,0,0.00,99,7,0.00,0.88,11.71,9.30,93,52,88,81,6.55,5.20,55.91,15,1.89,4,0,0.00,0,0.00,99,0,0.00,0.00,30,37,50,91,0,0,0,0,0,37,51,68,64,0,99,77,33,82,3,30,90,35,0,0
Lucas Soares,20,1130655600,2005/10/30,Serie B,2026,Forward,Vila Nova,0,0,0,Brazil,0,0,0,0,0,0,0,0,0,0,0,0,0,0,0,0,0,0,0,0,0,0,0,0,0,0,0,0,0,0,0,-1,-1,-1,-1,N/A,N/A,N/A,N/A,N/A,N/A,N/A,N/A,N/A,N/A,N/A,N/A,N/A,N/A,N/A,N/A,N/A,N/A,N/A,N/A,N/A,N/A,N/A,N/A,N/A,N/A,N/A,N/A,N/A,N/A,N/A,N/A,N/A,N/A,N/A,N/A,N/A,N/A,N/A,N/A,N/A,N/A,N/A,N/A,N/A,N/A,N/A,N/A,N/A,N/A,N/A,N/A,N/A,N/A,N/A,N/A,N/A,N/A,N/A,N/A,N/A,N/A,N/A,N/A,N/A,N/A,N/A,N/A,N/A,N/A,N/A,N/A,N/A,N/A,N/A,N/A,N/A,N/A,N/A,N/A,N/A,N/A,N/A,N/A,N/A,N/A,N/A,N/A,N/A,N/A,N/A,N/A,N/A,N/A,N/A,N/A,N/A,N/A,N/A,N/A,N/A,N/A,N/A,N/A,N/A,N/A,N/A,N/A,N/A,N/A,N/A,N/A,N/A,N/A,N/A,N/A,N/A,N/A,N/A,N/A,N/A,N/A,N/A,N/A,N/A,N/A,N/A,N/A,N/A,N/A,N/A,N/A,N/A,N/A,N/A,N/A,N/A,N/A,N/A,N/A,N/A,N/A,N/A,N/A,N/A,N/A,N/A,N/A,N/A,N/A,N/A,N/A,N/A,N/A,N/A,N/A,N/A,N/A,N/A,N/A,N/A,N/A,N/A,N/A,N/A,N/A,N/A,N/A,N/A,N/A,N/A,N/A,N/A,N/A,N/A,N/A,N/A,N/A,N/A,N/A,N/A,N/A,N/A,N/A,N/A,N/A,N/A,N/A,N/A,N/A,N/A,N/A,N/A,N/A,N/A,N/A,N/A,N/A,N/A,N/A,N/A,N/A,N/A,N/A,N/A,N/A,N/A,N/A,N/A,N/A,N/A,N/A,N/A,N/A,N/A,N/A,N/A,N/A,N/A,N/A,N/A,N/A,N/A,N/A
Lucas Sosa,32,771318000,1994/06/11,Serie B,2026,Defender,América Mineiro,450,180,270,Argentina,5,2,3,0,0,0,0,0,0,0,0,1,1,0,9,3,6,0,0,0,0,0,0,0,0,1.8,50,90,0,0,0,229,214,194,19,0,6.54,0,58,66.20,66.20,99,331,54.80,274,58,54.80,99,0.00,0.00,0.00,0,0.00,0.80,1.00,1.00,5,0.00,0.60,0.00,0.00,0.00,1.20,0.40,2.00,0.00,0.40,0.20,0.40,0.00,0.20,0.03,0.00,0.80,0.00,0.00,0,0,,2,0.40,22,1,0.20,42,1,0.20,15,0,0,5,37,0.00,99,0,6,1.20,84,4,65,0.80,47,0,0.00,99,0,0.00,0,0,0.00,0,0.00,7,2,0.40,28,2,0.40,100.00,0,0.00,0,0,0,0.00,0,10,0.00,6,2.00,88,N/A,N/A,N/A,N/A,0.00,0,0.00,0,0.16,0.00,0,82.78,50.00,92,63,0.40,0.40,2,46,99,0,0,0,1.20,1.20,6,98,32.68,5.00,5.00,25,0,0.00,0.00,99,0.00,0,0,1,0.20,0.20,0,0.00,0.00,0.20,0.20,1,0,0.00,50,9,2,51,7,0.67,63,0.13,0.13,0.16,24,0.03,0.03,27,3,0.60,0.60,1.00,1.00,34,5,0.03,24,22,89,97,0,74,41,0,0.00,99,4,0.00,0.80,6.00,6.00,30,14,15,17,2.80,2.80,46.67,3,0.60,51,0,25.00,0,0.00,99,1,0.20,0.20,51,16,24,12,0,0,0,0,0,37,51,68,64,0,99,26,13,13,0,0,13,3,0,0
Lucas Vinicius Bugs,20,1147503600,2006/05/13,Serie B,2026,Midfielder,Criciúma,0,0,0,Brazil,0,0,0,0,0,0,0,0,0,0,0,0,0,0,0,0,0,0,0,0,0,0,0,0,0,0,0,0,0,0,0,-1,-1,-1,-1,N/A,N/A,N/A,N/A,N/A,N/A,N/A,N/A,N/A,N/A,N/A,N/A,N/A,N/A,N/A,N/A,N/A,N/A,N/A,N/A,N/A,N/A,N/A,N/A,N/A,N/A,N/A,N/A,N/A,N/A,N/A,N/A,N/A,N/A,N/A,N/A,N/A,N/A,N/A,N/A,N/A,N/A,N/A,N/A,N/A,N/A,N/A,N/A,N/A,N/A,N/A,N/A,N/A,N/A,N/A,N/A,N/A,N/A,N/A,N/A,N/A,N/A,N/A,N/A,N/A,N/A,N/A,N/A,N/A,N/A,N/A,N/A,N/A,N/A,N/A,N/A,N/A,N/A,N/A,N/A,N/A,N/A,N/A,N/A,N/A,N/A,N/A,N/A,N/A,N/A,N/A,N/A,N/A,N/A,N/A,N/A,N/A,N/A,N/A,N/A,N/A,N/A,N/A,N/A,N/A,N/A,N/A,N/A,N/A,N/A,N/A,N/A,N/A,N/A,N/A,N/A,N/A,N/A,N/A,N/A,N/A,N/A,N/A,N/A,N/A,N/A,N/A,N/A,N/A,N/A,N/A,N/A,N/A,N/A,N/A,N/A,N/A,N/A,N/A,N/A,N/A,N/A,N/A,N/A,N/A,N/A,N/A,N/A,N/A,N/A,N/A,N/A,N/A,N/A,N/A,N/A,N/A,N/A,N/A,N/A,N/A,N/A,N/A,N/A,N/A,N/A,N/A,N/A,N/A,N/A,N/A,N/A,N/A,N/A,N/A,N/A,N/A,N/A,N/A,N/A,N/A,N/A,N/A,N/A,N/A,N/A,N/A,N/A,N/A,N/A,N/A,N/A,N/A,N/A,N/A,N/A,N/A,N/A,N/A,N/A,N/A,N/A,N/A,N/A,N/A,N/A,N/A,N/A,N/A,N/A,N/A,N/A,N/A,N/A,N/A,N/A,N/A,N/A,N/A,N/A,N/A,N/A,N/A,N/A
Lucas Xavier Gazal,27,933922800,1999/08/06,Serie B,2026,Defender,Fortaleza,1797,907,890,Brazil,21,11,10,0,0,0,0,0,0,0,0,10,5,5,16,7,9,6,0,0,0,0,0,0,0,0.8,112,86,300,0,0.3,335,327,65,23,0,6.86,0,58,51.64,49.10,90,1031,43.86,921,94,46.13,93,0.00,0.00,0.33,7,0.00,0.05,0.60,0.57,12,0.00,0.05,0.00,0.00,0.00,0.81,0.00,0.81,0.00,0.80,0.76,0.00,0.00,0.00,0.03,0.00,2.76,0.00,0.00,0,0,,16,0.76,42,0,0.00,20,16,0.80,55,1,1,20,16,0.00,99,0,17,0.85,60,1,30,0.05,16,0,0.00,99,0,0.00,0,0,0.00,0,0.35,25,0,0.00,12,0,0.00,0.00,0,0.00,0,0,0,0.00,0,17,0.00,69,0.85,25,N/A,N/A,N/A,N/A,0.00,0,0.00,0,0.70,0.00,0,89.33,0.00,20,79,0.24,0.25,5,17,17,0,0,0,0.52,0.55,11,80,144.14,4.67,4.91,98,0,0.00,0.00,99,0.00,0,0,0,0.00,0.00,0,0.00,0.00,0.10,0.10,2,0,0.00,50,92,88,51,68,2.31,56,0.11,0.12,0.70,29,0.03,0.04,14,7,0.33,0.35,1.20,1.14,42,24,0.04,28,66,88,75,0,58,94,0,0.00,99,58,0.00,2.90,6.46,6.14,129,77,37,22,3.86,3.67,59.69,1,0.05,86,0,0.00,0,0.00,99,0,0.00,0.00,30,89,41,36,0,0,0,0,0,37,51,68,64,0,99,89,45,68,6,29,89,3,0,0
Lucca Holanda Sampaio Tavares,23,1049270400,2003/04/02,Serie B,2026,Forward,Ceará,966,536,430,Brazil,15,8,7,1,1,0,2,2,0,0,0,2,2,0,15,7,8,2,0,0.28,0.19,0.09,0.17,0,966,1.4,64,64,483,483,0.19,175,54,-1,10,0,6.87,0.13,90,17.89,12.80,12,192,9.00,135,10,12.58,10,0.00,0.00,0.87,13,0.00,0.67,1.30,0.93,14,0.00,0.87,0.00,0.00,0.00,0.27,0.60,1.07,26.00,2.42,1.13,0.93,0.00,0.60,0.17,0.00,1.80,0.00,0.00,0,0,,26,1.73,88,9,0.84,87,17,1.58,88,4,5,10,54,0.00,99,0,4,0.37,27,10,90,0.93,50,0,0.00,99,0,0.00,0,0,0.00,0,1.21,71,14,1.30,67,9,0.84,64.29,0,0.00,0,0,0,0.00,0,16,0.00,17,1.49,76,N/A,N/A,N/A,N/A,0.00,0,0.00,0,2.59,0.00,0,70.31,34.62,67,53,0.33,0.47,5,76,80,0,0,0,0.20,0.28,3,60,103.02,0.20,0.28,3,0,0.00,0.00,99,0.00,0,0,1,0.07,0.09,0,0.00,0.00,0.19,0.13,2,0,3.85,52,49,46,89,18,1.93,80,0.13,0.18,2.59,78,0.17,0.24,65,16,1.07,1.49,1.49,1.07,60,16,0.24,76,68,5,85,0,72,89,0,0.00,99,27,0.00,2.52,14.81,10.60,159,66,86,94,6.15,4.40,41.51,13,1.21,17,0,40.00,0,0.00,99,4,0.27,0.37,62,47,77,84,0,0,0,0,0,77,62,68,76,0,99,12,69,45,2,13,48,99,0,0
Lucca Prior Pimenta,22,1076572800,2004/02/12,Serie B,2026,Midfielder,Fortaleza,187,105,82,Brazil,10,5,5,1,1,0,0,0,0,0,0,4,3,1,1,0,1,1,0,0.48,0,0.48,0.86,0,187,0.48,187,19,187,0,0.48,-1,-1,-1,8,0,5.93,0,58,38.31,8.30,63,83,6.50,65,33,30.00,58,0.00,0.00,0.30,3,0.00,0.60,2.31,0.50,5,0.00,0.10,0.00,0.00,0.00,0.10,0.40,0.20,5.00,2.31,0.40,1.10,0.00,0.10,0.09,0.00,0.40,0.00,0.00,0,0,,5,0.50,86,1,0.46,68,4,1.85,93,4,9,1,91,0.00,99,0,1,0.46,34,6,30,2.77,70,0,0.00,99,0,0.00,0,0,0.00,0,1.38,78,11,5.08,98,4,1.85,36.36,0,0.00,0,0,0,0.00,0,2,0.00,95,0.92,31,N/A,N/A,N/A,N/A,0.00,0,0.00,0,0.91,0.00,0,78.31,20.00,36,17,0.20,0.92,2,97,31,0,0,0,0.00,0.00,0,22,59.29,0.10,0.46,1,0,0.00,0.00,99,0.00,0,0,0,0.00,0.00,0,0.00,0.00,0.46,0.10,1,0,20.00,94,0,20,54,96,0.24,49,0.02,0.11,0.91,96,0.09,0.42,93,6,0.60,2.77,4.15,0.90,99,9,0.42,94,5,12,75,0,89,79,0,0.00,99,4,0.00,1.85,19.38,4.20,42,20,99,99,9.23,2.00,47.62,1,0.46,60,0,0.00,0,0.00,99,0,0.00,0.00,30,0,92,84,0,0,0,0,0,92,97,68,99,0,99,77,22,92,1,10,37,38,0,0
Luciano Castan da Silva,36,621673200,1989/09/13,Serie B,2026,Defender,Criciúma,1658,802,856,Brazil,19,9,10,1,1,0,1,0,1,0,0,10,7,3,12,2,10,6,0,0.11,0.05,0.05,0.11,0,1658,0.65,138,87,276,1658,0.33,210,176,30,8,0,6.88,0.05,60,47.77,46.32,85,880,37.68,716,49,38.87,82,0.00,0.00,0.32,6,0.00,0.58,1.03,1.00,19,0.00,0.21,0.00,0.00,0.00,1.26,0.32,0.63,9.00,0.49,0.32,0.47,0.00,0.16,0.07,0.00,2.47,0.00,0.00,0,0,,9,0.47,25,3,0.16,35,6,0.33,27,5,0,19,38,0.00,99,0,24,1.30,88,11,71,0.60,43,0,0.00,99,0,0.00,0,0,0.00,0,0.33,23,9,0.49,32,6,0.33,66.67,0,0.00,0,0,0,0.00,0,12,0.00,87,0.65,9,N/A,N/A,N/A,N/A,0.00,0,0.00,0,1.29,0.00,0,81.36,33.33,66,72,0.32,0.33,6,41,85,0,0,0,0.53,0.54,10,79,130.69,3.95,4.07,75,0,0.00,0.00,99,0.00,0,0,0,0.00,0.00,0,0.00,0.00,0.00,0.00,0,0,11.11,77,87,74,98,87,2.38,63,0.13,0.13,1.29,42,0.07,0.07,15,7,0.37,0.38,1.68,1.63,70,31,0.07,41,70,83,75,0,46,90,0,0.00,99,47,0.00,2.55,8.14,7.89,150,73,40,43,3.96,3.84,48.67,4,0.22,76,0,27.27,0,0.00,99,3,0.16,0.16,47,86,24,91,0,0,0,0,0,51,53,68,70,0,99,92,42,73,6,32,92,4,0,0
Luidy Montes Carneiro,17,1229932800,2008/12/22,Serie B,2026,Defender,América Mineiro,87,22,65,Brazil,3,1,2,0,0,0,0,0,0,0,0,0,0,0,3,1,2,0,0,0,0,0,0,0,0,3.1,29,29,0,0,0,-1,-1,-1,26,0,5.87,0,58,23.54,8.50,22,17,7.50,15,91,20.77,34,0.00,0.00,0.50,1,0.00,1.50,1.38,0.50,1,0.00,0.50,0.00,0.00,0.00,0.00,0.50,1.50,0.00,0.00,0.00,1.50,0.00,0.00,0.00,0.00,0.00,0.00,0.00,0,0,,0,0.00,8,0,0.00,20,0,0.00,8,0,3,0,59,0.00,99,0,0,0.00,9,3,98,4.15,86,0,0.00,99,0,0.00,0,0,0.00,0,1.38,78,3,4.15,98,1,1.38,33.33,0,0.00,0,0,0,0.00,0,3,0.00,0,4.15,97,N/A,N/A,N/A,N/A,0.00,0,0.00,0,0.00,0.00,0,88.24,0.00,20,99,0.00,0.00,0,90,31,0,0,0,0.50,1.38,1,99,11.74,0.50,1.38,1,1,0.00,1.38,0,0.50,0,0,0,0.00,0.00,0,0.00,0.00,0.00,0.00,0,0,0.00,50,0,0,51,0,0.07,43,0.04,0.10,0.00,9,0.00,0.00,93,2,1.00,2.77,1.38,0.50,53,1,0.00,8,3,44,75,0,46,2,0,0.00,99,0,0.00,0.00,15.23,5.50,11,4,78,95,5.54,2.00,36.36,1,1.38,13,0,66.67,0,0.00,99,2,1.00,2.77,99,0,62,12,0,0,0,0,0,37,51,68,64,0,99,2,13,13,0,0,13,30,0,0
Luis Amarilla,31,809334000,1995/08/25,Serie B,2026,Forward,Juventude,161,59,102,Paraguay,3,1,2,0,0,0,0,0,0,0,0,3,1,2,0,0,0,0,0,0,0,0,0,0,0,0,0,54,0,0,0,-1,-1,-1,17,0,6.43,0,58,19.57,11.67,15,35,8.33,25,13,13.98,14,0.00,0.00,0.00,0,0.00,0.00,0.00,0.00,0,0.00,2.00,0.00,0.00,0.00,0.00,1.00,0.00,0.00,1.68,0.67,1.67,0.00,0.33,0.08,0.00,0.00,0.00,0.00,0,0,,3,1.00,72,1,0.56,74,2,1.12,71,3,1,2,6,0.00,99,0,0,0.00,9,0,30,0.00,15,0,0.00,99,0,0.00,0,0,0.00,0,0.00,7,5,2.80,91,3,1.68,60.00,0,0.00,0,0,0,0.00,0,0,0.00,99,0.00,0,N/A,N/A,N/A,N/A,0.00,0,0.00,0,0.24,0.00,0,71.43,33.33,66,43,0.33,0.56,1,96,77,0,0,0,0.00,0.00,0,22,19.30,0.67,1.12,2,0,0.00,0.00,99,0.00,0,0,0,0.00,0.00,0,0.00,0.00,0.56,0.33,1,0,0.00,50,0,0,51,0,0.05,4,0.02,0.03,0.24,60,0.08,0.13,93,5,1.67,2.80,0.56,0.33,12,1,0.13,59,17,37,75,0,92,2,0,0.00,99,0,0.00,0.00,13.98,8.33,25,8,53,92,4.47,2.67,32.00,6,3.35,0,0,0.00,0,0.00,99,0,0.00,0.00,30,1,41,71,0,0,0,0,0,37,51,68,64,0,99,99,13,13,0,0,13,18,0,0
Luis Felipe de Paula Favero,23,1058338800,2003/07/16,Serie B,2026,Midfielder,Operário PR,0,0,0,Brazil,0,0,0,0,0,0,0,0,0,0,0,0,0,0,0,0,0,0,0,0,0,0,0,0,0,0,0,0,0,0,0,-1,-1,-1,-1,N/A,N/A,N/A,N/A,N/A,N/A,N/A,N/A,N/A,N/A,N/A,N/A,N/A,N/A,N/A,N/A,N/A,N/A,N/A,N/A,N/A,N/A,N/A,N/A,N/A,N/A,N/A,N/A,N/A,N/A,N/A,N/A,N/A,N/A,N/A,N/A,N/A,N/A,N/A,N/A,N/A,N/A,N/A,N/A,N/A,N/A,N/A,N/A,N/A,N/A,N/A,N/A,N/A,N/A,N/A,N/A,N/A,N/A,N/A,N/A,N/A,N/A,N/A,N/A,N/A,N/A,N/A,N/A,N/A,N/A,N/A,N/A,N/A,N/A,N/A,N/A,N/A,N/A,N/A,N/A,N/A,N/A,N/A,N/A,N/A,N/A,N/A,N/A,N/A,N/A,N/A,N/A,N/A,N/A,N/A,N/A,N/A,N/A,N/A,N/A,N/A,N/A,N/A,N/A,N/A,N/A,N/A,N/A,N/A,N/A,N/A,N/A,N/A,N/A,N/A,N/A,N/A,N/A,N/A,N/A,N/A,N/A,N/A,N/A,N/A,N/A,N/A,N/A,N/A,N/A,N/A,N/A,N/A,N/A,N/A,N/A,N/A,N/A,N/A,N/A,N/A,N/A,N/A,N/A,N/A,N/A,N/A,N/A,N/A,N/A,N/A,N/A,N/A,N/A,N/A,N/A,N/A,N/A,N/A,N/A,N/A,N/A,N/A,N/A,N/A,N/A,N/A,N/A,N/A,N/A,N/A,N/A,N/A,N/A,N/A,N/A,N/A,N/A,N/A,N/A,N/A,N/A,N/A,N/A,N/A,N/A,N/A,N/A,N/A,N/A,N/A,N/A,N/A,N/A,N/A,N/A,N/A,N/A,N/A,N/A,N/A,N/A,N/A,N/A,N/A,N/A,N/A,N/A,N/A,N/A,N/A,N/A,N/A,N/A,N/A,N/A,N/A,N/A,N/A,N/A,N/A,N/A,N/A,N/A
Luis Felipe Oyama,29,854611200,1997/01/30,Serie B,2026,Midfielder,Novorizontino,1363,690,673,Brazil,19,10,9,2,2,0,1,1,0,0,0,8,3,5,11,6,5,4,0,0.2,0.07,0.13,0.26,0,682,0.73,124,72,341,1363,0.26,143,150,-1,5,0,6.89,0.05,67,42.33,33.74,75,641,28.00,532,58,35.13,72,0.00,0.00,0.89,17,0.00,0.42,0.99,0.79,15,0.00,0.74,0.00,0.00,0.00,0.95,0.53,0.63,10.50,1.39,0.68,0.89,0.00,0.42,0.15,0.00,0.26,0.00,0.00,0,0,,21,1.11,64,8,0.53,73,13,0.86,58,4,3,16,36,0.00,99,0,18,1.19,83,8,65,0.53,41,0,0.00,99,0,0.00,0,0,0.00,0,1.12,68,17,1.12,60,10,0.66,58.82,0,0.00,0,0,0,0.00,0,12,0.00,78,0.79,19,N/A,N/A,N/A,N/A,0.00,0,0.00,0,2.89,0.00,0,83.00,38.10,73,63,0.32,0.40,6,65,75,0,0,0,0.26,0.33,5,64,130.87,0.95,1.19,18,0,0.00,0.00,99,0.00,0,0,0,0.00,0.00,0,0.00,0.00,0.13,0.11,2,0,9.52,70,73,74,82,79,2.24,70,0.12,0.15,2.89,72,0.15,0.19,25,8,0.42,0.53,1.32,1.05,51,20,0.19,70,72,39,75,0,64,13,0,0.00,99,5,0.00,0.33,5.68,4.53,86,37,11,14,2.44,1.95,43.02,14,0.92,29,0,25.00,0,0.00,99,2,0.11,0.13,42,74,62,84,0,0,0,0,0,67,70,68,82,0,99,81,52,62,4,21,73,6,0,0
Luis Fellipe Campos Doria,22,1063090800,2003/09/09,Serie B,2026,Defender,Goiás,943,540,403,Brazil,12,6,6,0,0,0,0,0,0,0,0,3,2,1,12,7,5,3,0,0,0,0,0,0,0,1.15,79,79,314,0,0.29,397,387,140,25,0,6.60,0,58,52.11,45.50,91,546,40.00,480,88,45.81,92,0.00,0.00,0.42,5,0.00,0.25,0.76,0.67,8,0.00,0.25,0.00,0.00,0.00,0.25,0.25,1.17,0.00,0.29,0.25,0.33,0.00,0.00,0.01,0.00,1.33,0.00,0.00,0,0,,3,0.25,16,0,0.00,20,3,0.29,24,0,2,10,23,0.00,99,0,3,0.29,22,3,85,0.29,32,0,0.00,99,0,0.00,0,0,0.00,0,0.48,35,4,0.38,27,3,0.29,75.00,0,0.00,0,0,0,0.00,0,14,0.00,35,1.34,68,N/A,N/A,N/A,N/A,0.00,0,0.00,0,0.17,0.00,0,87.91,0.00,20,67,0.33,0.38,4,37,90,0,0,0,0.25,0.29,3,61,79.26,4.42,5.06,53,1,0.00,0.10,6,0.08,0,0,0,0.00,0.00,0,0.00,0.00,0.00,0.00,0,0,0.00,50,48,31,51,37,1.34,63,0.11,0.13,0.17,19,0.01,0.02,15,4,0.33,0.38,1.62,1.42,67,17,0.02,18,28,89,75,0,46,67,0,0.00,99,16,0.00,1.53,6.68,5.83,70,30,16,26,2.86,2.50,42.86,3,0.29,72,0,33.33,0,0.00,99,1,0.08,0.10,39,47,50,12,0,0,0,0,0,37,51,68,64,0,99,38,49,66,3,25,81,25,0,0
Luis Gustavo de Almeida Pinto,33,731750400,1993/03/10,Serie B,2026,Goalkeeper,América Mineiro,1890,900,990,Brazil,21,10,11,0,0,0,0,0,0,0,0,3,2,1,32,15,17,5,0,0,0,0,0,0,0,1.52,59,90,378,0,0.24,391,380,174,10,0,6.85,0,58,28.19,28.19,37,592,21.57,453,27,21.57,36,0.00,0.00,0.00,0,0.00,0.00,0.05,0.05,1,0.00,0.00,0.00,0.00,3.48,0.00,0.05,5.14,0.00,0.00,0.00,0.05,0.00,0.00,0.00,0.00,0.00,0.00,0.00,0,0,,0,0.00,8,0,0.00,20,0,0.00,8,0,0,21,6,0.00,99,0,0,0.00,9,0,30,0.00,15,0,0.00,99,0,0.00,0,0,0.00,0,0.00,7,1,0.05,12,1,0.05,100.00,0,0.00,0,73,17,3.48,79,108,0.00,13,5.14,99,N/A,N/A,N/A,N/A,67.59,0,0.00,0,0.00,0.00,0,76.52,0.00,20,99,0.00,0.00,0,18,99,0,0,39,0.00,0.00,0,22,143.93,0.81,0.81,17,0,0.00,0.00,99,0.00,1,0,0,0.00,0.00,6,0.29,0.29,0.00,0.00,0,0,0.00,50,96,88,51,14,1.04,11,0.05,0.05,0.00,9,0.00,0.00,2,2,0.10,0.10,0.00,0.00,6,0,0.00,8,64,26,75,20,46,2,0,0.00,99,0,0.00,0.00,0.29,0.29,6,4,1,1,0.19,0.19,66.67,0,0.00,99,0,0.00,0,0.00,99,0,0.00,0.00,30,94,24,12,0,0,0,0,0,37,51,68,64,0,99,14,58,58,5,24,78,1,0,0
Luis Henrique Fonseca Soares,21,1121583600,2005/07/17,Serie B,2026,Defender,Cuiabá,317,159,158,Brazil,9,5,4,0,0,0,0,0,0,0,0,6,3,3,1,1,0,0,0,0,0,0,0,0,0,0.28,317,35,0,0,0,328,432,6,27,0,6.60,0,58,38.30,14.00,63,140,11.60,116,58,31.73,62,0.00,0.00,0.00,0,0.00,0.00,1.91,0.70,7,0.00,0.00,0.00,0.00,0.00,0.30,0.00,0.20,0.00,0.00,0.00,0.00,0.00,0.00,0.00,0.00,1.50,0.00,0.00,0,0,,0,0.00,8,0,0.00,20,0,0.00,8,0,8,1,81,0.00,99,0,3,0.82,59,0,30,0.00,15,0,0.00,99,0,0.00,0,0,0.00,0,0.00,7,0,0.00,12,0,0.00,0.00,0,0.00,0,0,0,0.00,0,2,0.00,99,0.55,5,N/A,N/A,N/A,N/A,0.00,0,0.00,0,0.00,0.00,0,82.86,0.00,20,45,0.20,0.55,2,17,17,0,0,0,0.20,0.55,2,80,65.95,2.20,6.02,22,0,0.00,0.00,99,0.00,0,0,0,0.00,0.00,0,0.00,0.00,0.00,0.00,0,0,0.00,50,0,15,51,99,0.28,27,0.03,0.08,0.00,9,0.00,0.00,26,2,0.20,0.55,1.09,0.40,37,4,0.00,8,28,94,75,0,46,99,0,0.00,99,15,0.00,4.10,10.67,3.90,39,23,87,74,6.29,2.30,58.97,0,0.00,99,0,0.00,0,0.00,99,0,0.00,0.00,30,0,90,12,0,0,0,0,0,37,51,68,64,0,99,96,13,13,0,0,13,91,0,0
Luis Manuel Castro Cáceres,30,812185200,1995/09/27,Serie B,2026,Forward,Juventude,714,274,440,Uruguay,16,7,9,0,0,0,1,0,1,0,0,10,6,4,6,1,5,0,0,0.13,0.13,0,0,0,0,0.76,119,45,0,714,0,447,105,-1,28,0,6.24,0.06,78,22.44,11.12,20,178,8.81,141,36,17.77,23,0.00,0.00,0.31,5,0.00,1.38,1.01,0.50,8,0.00,0.25,0.00,0.00,0.00,0.12,0.25,0.38,0.00,1.13,0.38,0.62,0.00,0.19,0.04,0.00,0.62,0.00,0.00,0,0,,9,0.56,58,3,0.38,61,6,0.76,53,2,8,8,37,0.00,99,0,2,0.25,19,22,91,2.77,70,0,0.00,99,0,0.00,0,0,0.00,0,0.63,43,10,1.26,65,4,0.50,40.00,0,0.00,0,0,0,0.00,0,6,0.00,75,0.76,17,N/A,N/A,N/A,N/A,0.00,0,0.00,0,0.66,0.00,0,79.21,33.33,66,14,0.50,1.01,8,58,38,0,0,0,0.06,0.13,1,35,99.84,0.56,1.13,9,0,0.00,0.00,99,0.00,0,0,0,0.00,0.00,0,0.00,0.00,0.25,0.12,2,0,0.00,50,32,54,51,76,1.07,63,0.07,0.13,0.66,46,0.04,0.08,60,11,0.69,1.39,1.64,0.81,69,13,0.08,45,11,38,75,0,80,59,0,0.00,99,10,0.00,1.26,9.83,4.88,78,33,47,65,4.16,2.06,42.31,4,0.50,56,0,40.91,0,0.00,99,9,0.56,1.13,86,37,90,54,0,0,0,0,0,54,51,68,64,0,99,95,13,13,0,0,13,17,0,0
Luis Otávio de Oliveira,26,950774400,2000/02/17,Serie B,2026,Forward,São Bernardo,1162,632,530,Brazil,19,10,9,0,0,0,2,0,2,0,0,5,3,2,16,10,6,2,0,0.15,0.15,0,0,0,0,1.24,73,61,581,581,0.15,372,87,-1,24,0,6.66,0.11,83,20.87,13.68,17,260,11.11,211,47,16.94,21,0.00,0.00,0.58,11,0.00,0.58,1.69,1.11,21,0.00,0.63,0.00,0.00,0.00,0.26,0.47,0.89,0.00,1.69,0.53,1.05,0.00,0.58,0.12,0.00,0.37,0.00,0.00,0,0,,21,1.11,72,11,0.88,89,10,0.80,55,8,5,14,72,0.00,99,0,5,0.40,29,11,44,0.88,49,0,0.00,99,0,0.00,0,0,0.00,0,0.88,55,20,1.61,73,9,0.72,45.00,0,0.00,0,0,0,0.00,0,17,0.00,27,1.36,70,N/A,N/A,N/A,N/A,0.00,0,0.00,0,2.25,0.00,0,81.15,52.38,93,30,0.47,0.72,9,71,45,0,0,0,0.05,0.08,1,29,126.46,0.32,0.48,6,0,0.00,0.00,99,0.00,0,0,1,0.05,0.08,0,0.00,0.00,0.32,0.21,4,0,0.00,50,60,74,51,28,2.02,74,0.11,0.16,2.25,70,0.12,0.18,63,18,0.95,1.45,1.12,0.74,39,14,0.18,68,35,12,84,0,84,26,0,0.00,99,7,0.00,0.56,9.23,6.05,115,54,51,58,4.34,2.84,46.96,12,0.96,28,0,18.18,0,0.00,99,2,0.11,0.16,47,62,77,99,0,0,0,0,0,58,51,68,64,0,99,40,76,37,2,11,41,27,0,0
Luis Phelipe de Souza Figueiredo,25,981964800,2001/02/12,Serie B,2026,Forward,Ponte Preta,339,188,151,Brazil,8,4,4,1,1,0,1,1,0,0,0,1,1,0,3,2,1,5,1,0.53,0.27,0.27,0.48,0,339,0.8,113,42,68,339,1.33,61,24,-1,6,0,6.81,0.12,95,16.15,8.56,7,77,6.33,57,19,11.96,8,0.00,0.00,0.89,8,0.00,1.44,1.47,0.78,7,0.00,0.44,0.00,0.00,0.00,0.11,0.56,0.44,9.00,1.89,0.67,1.11,0.00,0.33,0.15,0.00,0.67,0.00,0.00,0,0,,9,1.00,78,3,0.63,78,6,1.26,77,5,5,3,64,0.00,99,0,1,0.21,17,13,96,2.73,69,0,0.00,99,0,0.00,0,0,0.00,0,1.68,87,10,2.10,82,5,1.05,50.00,0,0.00,0,0,0,0.00,0,4,0.00,69,0.84,24,N/A,N/A,N/A,N/A,0.00,0,0.00,0,1.31,0.00,0,74.03,33.33,66,13,0.56,1.05,5,84,63,0,0,0,0.00,0.00,0,22,61.32,0.22,0.42,2,0,0.00,0.00,99,0.00,0,0,0,0.00,0.00,0,0.00,0.00,0.00,0.00,0,0,11.11,77,0,12,62,69,1.00,88,0.11,0.21,1.31,83,0.15,0.27,96,15,1.67,3.15,2.31,1.22,90,11,0.27,82,58,10,75,0,46,59,0,0.00,99,6,0.00,1.26,12.80,6.78,61,33,92,88,6.92,3.67,54.10,4,0.84,33,0,53.85,0,0.00,99,7,0.78,1.47,94,3,77,91,0,0,0,0,0,95,89,68,95,0,99,12,13,99,3,38,97,11,0,0
Luis Vinicius Nunes Cavalcante,27,918806400,1999/02/12,Serie B,2026,Forward,CRB,119,24,95,Brazil,7,2,5,0,0,0,0,0,0,0,0,3,1,2,3,1,2,1,0,0,0,0,0,0,0,2.27,40,17,119,0,0.76,-1,-1,-1,23,0,5.69,0,58,36.30,6.86,58,48,6.14,43,94,32.52,66,0.00,0.00,0.29,2,0.00,0.43,0.76,0.14,1,0.00,0.43,0.00,0.00,0.00,0.14,0.57,0.43,0.00,0.76,0.14,0.57,0.00,0.00,0.01,0.00,0.14,0.00,0.00,0,0,,1,0.14,40,0,0.00,20,1,0.76,53,0,7,0,23,0.00,99,0,1,0.76,54,3,98,2.27,65,0,0.00,99,0,0.00,0,0,0.00,0,1.51,82,4,3.03,93,4,3.03,100.00,0,0.00,0,0,0,0.00,0,3,0.00,0,2.27,91,N/A,N/A,N/A,N/A,0.00,0,0.00,0,0.06,0.00,0,89.58,0.00,20,99,0.00,0.00,0,99,99,0,0,0,0.00,0.00,0,22,39.84,0.00,0.00,0,0,0.00,0.00,99,0.00,0,0,0,0.00,0.00,0,0.00,0.00,0.00,0.00,0,0,0.00,50,0,8,51,1,0.15,49,0.02,0.11,0.06,34,0.01,0.05,66,2,0.29,1.51,0.76,0.14,20,1,0.05,33,2,1,75,0,46,39,0,0.00,99,1,0.00,0.76,10.59,2.00,14,8,85,73,6.05,1.14,57.14,3,2.27,1,0,66.67,0,0.00,99,2,0.29,1.51,95,0,85,12,0,0,0,0,0,37,51,68,64,0,99,84,14,98,1,14,55,20,0,0
Luiz Cláudio Bezerra Alves,21,1116054000,2005/05/14,Serie B,2026,Forward,Náutico,181,53,128,Brazil,7,3,4,1,0,1,0,0,0,0,0,1,1,0,2,1,1,1,0,0.5,0,0.5,0,0.7,181,0.99,91,26,181,0,0.5,-1,-1,-1,13,0,6.55,0,58,18.40,5.29,13,37,3.86,27,15,13.43,12,0.00,0.00,0.14,1,0.00,0.00,0.99,0.29,2,0.00,0.29,0.00,0.00,0.00,0.00,0.00,0.43,6.00,2.98,0.57,0.14,0.00,0.29,0.15,0.00,0.29,0.00,0.00,0,0,,6,0.86,95,2,0.99,92,4,1.99,96,0,7,0,36,0.00,99,0,0,0.00,9,0,30,0.00,15,0,0.00,99,0,0.00,0,0,0.00,0,0.50,36,1,0.50,32,0,0.00,0.00,0,0.00,0,0,0,0.00,0,3,0.00,50,1.49,76,N/A,N/A,N/A,N/A,0.00,0,0.00,0,1.04,0.00,0,72.97,33.33,66,50,0.14,0.50,1,17,17,0,0,0,0.00,0.00,0,22,45.84,0.43,1.49,3,0,0.00,0.00,99,0.00,0,0,0,0.00,0.00,0,0.00,0.00,1.49,0.43,3,0,16.67,89,0,8,54,51,0.09,8,0.01,0.04,1.04,98,0.15,0.52,42,2,0.29,0.99,0.50,0.14,11,1,0.52,97,23,48,75,0,99,52,0,0.00,99,2,0.00,0.99,8.95,2.57,18,6,18,54,2.98,0.86,33.33,2,0.99,26,0,0.00,0,0.00,99,0,0.00,0.00,30,0,85,12,0,0,0,0,0,93,97,99,64,0,99,14,21,93,1,14,55,16,0,0
Luiz Eduardo Teodora da Silva,27,934268400,1999/08/10,Serie B,2026,Forward,Sport Recife,98,42,56,Brazil,5,2,3,0,0,0,0,0,0,0,0,1,0,1,2,1,1,1,0,0,0,0,0,0,0,1.84,49,20,98,0,0.92,-1,-1,-1,18,0,6.52,0,58,19.29,4.20,14,21,3.40,17,46,15.61,18,0.00,0.00,0.20,1,0.00,0.20,3.67,0.80,4,0.00,0.20,0.00,0.00,0.00,0.00,0.40,0.60,0.00,1.84,0.20,1.40,0.00,0.20,0.03,0.00,0.20,0.00,0.00,0,0,,2,0.40,76,1,0.92,90,1,0.92,60,0,5,0,99,0.00,99,0,0,0.00,9,1,30,0.92,50,0,0.00,99,0,0.00,0,0,0.00,0,0.92,58,7,6.43,99,2,1.84,28.57,0,0.00,0,0,0,0.00,0,3,0.00,6,2.76,93,N/A,N/A,N/A,N/A,0.00,0,0.00,0,0.16,0.00,0,80.95,50.00,92,17,0.20,0.92,1,97,24,0,0,0,0.00,0.00,0,22,32.58,0.60,2.76,3,0,0.00,0.00,99,0.00,0,0,0,0.00,0.00,0,0.00,0.00,0.00,0.00,0,0,0.00,50,0,2,51,6,0.08,20,0.02,0.07,0.16,65,0.03,0.15,93,3,0.60,2.76,3.67,0.80,99,4,0.15,64,20,72,75,0,46,48,0,0.00,99,1,0.00,0.92,22.96,5.00,25,10,99,99,9.18,2.00,40.00,1,0.92,29,0,0.00,0,0.00,99,0,0.00,0.00,30,0,77,12,0,0,0,0,0,37,51,68,64,0,99,26,13,99,1,20,70,77,0,0
Luiz Felipe da Rosa Machado,30,822124800,1996/01/20,Serie B,2026,Midfielder,Goiás,1453,733,720,Brazil,18,10,8,0,0,0,0,0,0,0,0,5,4,1,17,9,8,6,1,0,0,0,0,0,0,1.05,85,81,208,0,0.43,419,391,-1,28,0,6.89,0,58,61.38,55.06,99,991,49.56,892,95,55.25,99,0.00,0.00,0.72,13,0.00,0.11,0.74,0.67,12,0.00,0.56,0.00,0.00,0.00,1.28,0.50,0.94,0.00,0.37,0.28,0.67,0.00,0.06,0.02,0.00,0.72,0.00,0.00,0,0,,6,0.33,20,1,0.06,21,5,0.31,26,3,0,18,22,0.00,99,0,23,1.42,91,2,30,0.12,20,0,0.00,99,0,0.00,0,0,0.00,0,0.81,51,12,0.74,43,9,0.56,75.00,0,0.00,0,0,0,0.00,0,17,0.00,45,1.05,46,N/A,N/A,N/A,N/A,0.00,0,0.00,0,0.36,0.00,0,90.01,16.67,30,43,0.50,0.56,9,61,90,0,0,0,0.50,0.56,9,81,123.94,1.78,1.98,32,0,0.00,0.00,99,0.00,0,0,0,0.00,0.00,0,0.00,0.00,0.00,0.00,0,0,0.00,50,76,68,51,44,2.41,70,0.13,0.15,0.36,19,0.02,0.02,52,19,1.06,1.18,1.24,1.11,46,20,0.02,18,72,60,75,0,46,42,0,0.00,99,13,0.00,0.81,6.19,5.56,100,53,24,19,3.28,2.94,53.00,10,0.62,50,0,0.00,0,0.00,99,0,0.00,0.00,30,82,24,71,0,0,0,0,0,37,51,68,64,0,99,51,26,87,5,28,86,5,0,0
Luiz Felipe Do Nascimento dos Santos,32,747558000,1993/09/09,Serie B,2026,Defender,Goiás,1484,740,744,Brazil,18,9,9,0,0,0,1,1,0,0,0,5,4,1,18,7,11,4,0,0.06,0.06,0,0,0,0,1.09,82,82,371,1484,0.24,306,165,126,29,0,6.92,0.06,64,49.61,45.44,88,818,40.28,725,92,43.97,88,0.00,0.00,0.06,1,0.00,0.17,1.09,1.00,18,0.00,0.00,0.00,0.00,0.00,0.94,0.06,1.06,0.00,0.49,0.28,0.11,0.00,0.17,0.03,0.00,2.44,0.00,0.00,0,0,,8,0.44,25,3,0.18,39,5,0.30,25,0,2,16,42,0.00,99,0,17,1.03,71,3,85,0.18,26,0,0.00,99,0,0.00,0,0,0.00,0,0.06,9,2,0.12,16,1,0.06,50.00,0,0.00,0,0,0,0.00,0,19,0.00,41,1.15,54,N/A,N/A,N/A,N/A,0.00,0,0.00,0,0.58,0.00,0,88.63,37.50,73,85,0.17,0.18,3,18,63,0,0,0,0.94,1.03,17,96,124.56,6.22,6.79,112,0,0.00,0.00,99,0.00,0,0,0,0.00,0.00,0,0.00,0.00,0.06,0.06,1,0,0.00,50,78,68,51,41,2.16,63,0.12,0.13,0.58,29,0.03,0.04,19,7,0.39,0.42,1.27,1.17,48,21,0.04,28,77,97,75,0,53,92,0,0.00,99,44,0.00,2.67,7.34,6.72,121,70,50,33,4.25,3.89,57.85,0,0.00,99,0,33.33,0,0.00,99,1,0.06,0.06,34,74,50,12,0,0,0,0,0,41,51,68,64,0,99,51,56,58,4,22,75,3,0,0
Luiz Felipe Oliveira de Paula,28,885888000,1998/01/27,Serie B,2026,Defender,Náutico,1000,319,681,Brazil,14,4,10,0,0,0,1,1,0,0,0,3,1,2,15,2,13,6,0,0.09,0.09,0,0,0,0,1.35,67,71,167,1000,0.54,295,134,165,23,0,6.76,0.07,70,45.36,36.00,81,504,29.79,417,57,37.53,80,0.00,0.00,0.86,12,0.00,0.93,1.80,1.43,20,0.00,0.64,0.00,0.00,0.00,0.57,0.64,1.14,0.00,1.08,0.79,1.07,0.00,0.07,0.04,0.00,1.00,0.00,0.00,0,0,,12,0.86,55,1,0.09,24,11,0.99,66,2,1,13,77,0.00,99,0,8,0.72,51,13,59,1.17,55,0,0.00,99,0,0.00,0,0,0.00,0,1.08,67,15,1.35,69,9,0.81,60.00,0,0.00,0,0,0,0.00,0,16,0.00,19,1.44,74,N/A,N/A,N/A,N/A,0.00,0,0.00,0,0.59,0.00,0,82.74,8.33,21,58,0.36,0.45,5,75,77,0,0,0,0.29,0.36,4,66,94.62,0.86,1.08,12,1,0.00,0.09,8,0.07,0,0,0,0.00,0.00,0,0.00,0.00,0.09,0.07,1,0,0.00,50,51,41,51,21,1.85,78,0.13,0.17,0.59,34,0.04,0.05,46,12,0.86,1.08,2.34,1.86,91,26,0.05,33,48,35,75,0,58,59,0,0.00,99,14,0.00,1.26,10.35,8.21,115,54,62,71,4.86,3.86,46.96,9,0.81,36,0,23.08,0,0.00,99,3,0.21,0.27,56,58,41,54,0,0,0,0,0,46,51,68,64,0,99,27,19,94,6,43,99,27,0,0
Luiz Fernando,18,1189839600,2007/09/15,Serie B,2026,Forward,Athletic Club,83,39,44,Brazil,3,2,1,0,0,0,0,0,0,0,0,2,1,1,0,0,0,1,0,0,0,0,0,0,0,0,0,28,83,0,1.08,-1,-1,-1,21,0,4.92,0,58,10.53,2.75,1,11,2.75,11,99,10.53,6,0.00,0.00,0.00,0,0.00,0.00,0.00,0.00,0,0.00,0.50,0.00,0.00,0.00,0.00,0.00,0.00,0.00,2.87,0.25,0.25,0.00,0.50,0.07,0.00,0.25,0.00,0.00,0,0,,3,0.75,94,2,1.91,99,1,0.96,63,0,3,0,6,0.00,99,0,0,0.00,9,0,30,0.00,15,0,0.00,99,0,0.00,0,0,0.00,0,0.00,7,1,0.96,52,0,0.00,0.00,0,0.00,0,0,0,0.00,0,0,0.00,99,0.00,0,N/A,N/A,N/A,N/A,0.00,0,0.00,0,0.29,0.00,0,100.00,66.67,98,99,0.00,0.00,0,17,17,0,0,0,0.00,0.00,0,22,19.66,0.00,0.00,0,0,0.00,0.00,99,0.00,0,0,0,0.00,0.00,0,0.00,0.00,0.96,0.25,1,0,0.00,50,0,0,51,0,0.03,4,0.01,0.03,0.29,84,0.07,0.28,78,2,0.50,1.91,1.91,0.50,81,2,0.28,82,0,1,75,0,99,50,0,0.00,99,1,0.00,0.96,9.57,2.50,10,3,16,63,2.87,0.75,30.00,2,1.91,3,0,0.00,0,0.00,99,0,0.00,0.00,30,0,62,12,0,0,0,0,0,37,51,68,64,0,99,96,13,99,1,33,94,20,0,0
Luiz Fernando De Almeida Da Silva,40,506073600,1986/01/14,Serie B,2026,Defender,Athletic Club,0,0,0,Brazil,0,0,0,0,0,0,0,0,0,0,0,0,0,0,0,0,0,0,0,0,0,0,0,0,0,0,0,0,0,0,0,-1,-1,-1,-1,N/A,N/A,N/A,N/A,N/A,N/A,N/A,N/A,N/A,N/A,N/A,N/A,N/A,N/A,N/A,N/A,N/A,N/A,N/A,N/A,N/A,N/A,N/A,N/A,N/A,N/A,N/A,N/A,N/A,N/A,N/A,N/A,N/A,N/A,N/A,N/A,N/A,N/A,N/A,N/A,N/A,N/A,N/A,N/A,N/A,N/A,N/A,N/A,N/A,N/A,N/A,N/A,N/A,N/A,N/A,N/A,N/A,N/A,N/A,N/A,N/A,N/A,N/A,N/A,N/A,N/A,N/A,N/A,N/A,N/A,N/A,N/A,N/A,N/A,N/A,N/A,N/A,N/A,N/A,N/A,N/A,N/A,N/A,N/A,N/A,N/A,N/A,N/A,N/A,N/A,N/A,N/A,N/A,N/A,N/A,N/A,N/A,N/A,N/A,N/A,N/A,N/A,N/A,N/A,N/A,N/A,N/A,N/A,N/A,N/A,N/A,N/A,N/A,N/A,N/A,N/A,N/A,N/A,N/A,N/A,N/A,N/A,N/A,N/A,N/A,N/A,N/A,N/A,N/A,N/A,N/A,N/A,N/A,N/A,N/A,N/A,N/A,N/A,N/A,N/A,N/A,N/A,N/A,N/A,N/A,N/A,N/A,N/A,N/A,N/A,N/A,N/A,N/A,N/A,N/A,N/A,N/A,N/A,N/A,N/A,N/A,N/A,N/A,N/A,N/A,N/A,N/A,N/A,N/A,N/A,N/A,N/A,N/A,N/A,N/A,N/A,N/A,N/A,N/A,N/A,N/A,N/A,N/A,N/A,N/A,N/A,N/A,N/A,N/A,N/A,N/A,N/A,N/A,N/A,N/A,N/A,N/A,N/A,N/A,N/A,N/A,N/A,N/A,N/A,N/A,N/A,N/A,N/A,N/A,N/A,N/A,N/A,N/A,N/A,N/A,N/A,N/A,N/A,N/A,N/A,N/A,N/A,N/A,N/A
Luiz Fernando Moraes dos Santos,29,845449200,1996/10/16,Serie B,2026,Forward,Fortaleza,1507,698,809,Brazil,21,10,11,2,2,0,2,1,1,0,0,10,5,5,16,6,10,6,0,0.24,0.12,0.12,0.26,0,754,0.96,94,72,251,754,0.36,153,112,-1,5,0,6.84,0.1,76,19.53,15.57,15,327,13.05,274,64,16.36,20,0.00,0.00,1.10,23,0.00,0.76,0.36,0.29,6,0.00,0.57,0.00,0.00,0.00,0.43,0.48,0.81,20.50,2.45,1.33,1.05,0.00,0.62,0.21,0.00,0.71,0.00,0.00,0,0,,41,1.95,88,13,0.78,85,28,1.67,90,3,3,18,10,0.00,99,0,9,0.54,37,16,79,0.96,51,0,0.00,99,0,0.00,0,0,0.00,0,1.37,78,22,1.31,68,10,0.60,45.45,0,0.00,0,0,0,0.00,0,17,0.00,54,1.02,43,N/A,N/A,N/A,N/A,0.00,0,0.00,0,4.34,0.00,0,83.79,31.71,57,89,0.10,0.12,2,63,47,1,0,0,0.19,0.24,4,55,143.59,1.05,1.31,22,0,0.00,0.00,99,0.00,0,1,3,0.14,0.18,0,0.00,0.00,0.66,0.52,11,1,4.88,55,79,88,84,55,2.66,74,0.13,0.16,3.64,77,0.17,0.22,41,16,0.76,0.96,0.84,0.67,23,14,0.26,80,63,42,96,0,96,47,0,0.00,99,15,0.00,0.90,6.03,4.81,101,47,15,17,2.81,2.24,46.53,12,0.72,42,0,31.25,0,0.00,99,5,0.24,0.30,57,82,62,71,0,0,0,0,0,73,68,68,82,0,99,89,36,78,6,29,89,32,0,0
Luiz Gabriel de Oliveira Fonseca,24,1016524800,2002/03/19,Serie B,2026,Midfielder,Sport Recife,1480,872,608,Brazil,20,12,8,1,1,0,3,2,1,0,0,6,3,3,14,10,4,2,0,0.24,0.18,0.06,0.1,0,1480,0.85,106,74,740,493,0.12,196,60,-1,6,0,6.97,0.15,88,38.58,31.40,64,628,26.80,536,76,32.93,67,0.00,0.00,1.00,20,0.00,0.65,2.15,1.75,35,0.00,0.30,0.00,0.00,0.00,1.50,0.40,0.70,20.00,1.23,0.55,0.40,0.00,0.45,0.11,0.00,0.75,0.00,0.00,0,0,,20,1.00,60,9,0.55,74,11,0.68,49,3,2,18,88,0.00,99,0,30,1.84,98,13,88,0.80,47,0,0.00,99,0,0.00,0,0,0.00,0,1.23,72,8,0.49,32,8,0.49,100.00,0,0.00,0,0,0,0.00,0,14,0.00,64,0.86,27,N/A,N/A,N/A,N/A,0.00,0,0.00,0,2.26,0.00,0,85.35,45.00,85,6,1.05,1.29,21,57,99,0,0,0,0.15,0.18,3,43,139.32,1.35,1.66,27,0,0.00,0.00,99,0.00,0,0,1,0.05,0.06,0,0.00,0.00,0.00,0.00,0,0,5.00,56,78,79,96,64,3.56,90,0.18,0.22,2.26,63,0.11,0.14,28,10,0.50,0.61,1.78,1.45,76,29,0.14,62,82,54,80,0,46,48,0,0.00,99,15,0.00,0.92,8.35,6.80,136,69,49,46,4.24,3.45,50.74,6,0.37,67,0,38.46,0,0.00,99,5,0.25,0.31,58,82,50,71,0,0,0,0,0,73,57,68,68,0,99,54,85,28,2,10,37,6,0,0
Luiz Guilherme Vieira da Silva,23,1045641600,2003/02/19,Serie B,2026,Forward,Botafogo SP,339,133,206,Brazil,7,3,4,1,0,1,0,0,0,0,0,0,0,0,3,2,1,2,0,0.27,0,0.27,0,0.44,339,0.8,113,48,170,0,0.53,57,247,-1,8,0,6.73,0,58,19.38,10.43,14,73,6.29,44,2,11.68,7,0.00,0.00,0.43,3,0.00,0.00,0.53,0.29,2,0.00,0.43,0.00,0.00,0.00,0.14,0.14,0.57,5.00,1.33,0.43,0.29,0.00,0.29,0.14,0.00,3.57,0.00,0.00,0,0,,5,0.71,62,2,0.53,73,3,0.80,55,2,2,5,14,0.00,99,0,1,0.27,20,0,30,0.00,15,0,0.00,99,0,0.00,0,0,0.00,0,0.80,50,2,0.53,33,1,0.27,50.00,0,0.00,0,0,0,0.00,0,4,0.00,69,1.06,46,N/A,N/A,N/A,N/A,0.00,0,0.00,0,0.99,0.00,0,60.27,40.00,78,77,0.14,0.27,1,35,63,1,0,0,0.14,0.27,1,59,47.09,1.00,1.86,7,0,0.00,0.00,99,0.00,0,1,0,0.00,0.00,0,0.00,0.00,1.06,0.57,4,0,20.00,94,0,8,62,69,0.23,15,0.03,0.06,0.29,46,0.04,0.08,78,7,1.00,1.86,1.06,0.57,36,4,0.26,80,45,57,75,0,99,99,0,0.00,99,25,0.00,6.64,19.12,10.29,72,35,99,99,9.29,5.00,48.61,3,0.80,36,0,0.00,0,0.00,99,0,0.00,0.00,30,16,50,54,0,0,0,0,0,75,89,95,64,0,99,2,20,93,2,29,89,21,0,0
Luiz Gustavo	 Oliveira da Silva,24,1015574400,2002/03/08,Serie B,2026,Defender,São Bernardo,95,90,5,Brazil,2,1,1,0,0,0,0,0,0,0,0,0,0,0,1,1,0,1,0,0,0,0,0,0,0,0.95,95,48,95,0,0.95,-1,-1,-1,20,0,4.89,0,58,45.91,19.00,81,76,17.75,71,99,42.89,88,0.00,0.00,0.00,0,0.00,0.00,0.60,0.25,1,0.00,0.00,0.00,0.00,0.00,0.00,0.00,0.75,0.00,0.00,0.00,0.00,0.00,0.00,0.00,0.00,0.50,0.00,0.00,0,0,,0,0.00,8,0,0.00,20,0,0.00,8,0,1,1,16,0.00,99,0,0,0.00,9,0,30,0.00,15,0,0.00,99,0,0.00,0,0,0.00,0,0.00,7,0,0.00,12,0,0.00,0.00,0,0.00,0,0,0,0.00,0,3,0.00,55,1.81,83,N/A,N/A,N/A,N/A,0.00,0,0.00,0,0.00,0.00,0,93.42,0.00,20,39,0.25,0.60,1,17,17,0,0,0,0.50,1.21,2,98,19.55,2.75,6.64,11,0,0.00,0.00,99,0.00,0,0,0,0.00,0.00,0,0.00,0.00,0.00,0.00,0,0,0.00,50,0,0,51,56,0.17,43,0.04,0.10,0.00,9,0.00,0.00,27,1,0.25,0.60,2.42,1.00,92,4,0.00,8,0,97,75,0,46,58,0,0.00,99,2,0.00,1.21,6.64,2.75,11,4,10,25,2.42,1.00,36.36,0,0.00,99,0,0.00,0,0.00,99,0,0.00,0.00,30,0,41,12,0,0,0,0,0,37,51,68,64,0,99,2,13,99,1,50,99,77,0,0
Luiz Gustavo da Silva Machado Duarte,24,1002006000,2001/10/02,Serie B,2026,Midfielder,Juventude,623,299,324,Brazil,10,5,5,0,0,0,1,0,1,0,0,8,5,3,4,0,4,3,0,0.14,0.14,0,0,0,0,0.58,156,62,208,623,0.43,445,100,-1,26,0,6.92,0.1,80,33.52,23.20,51,232,18.80,188,46,27.16,50,0.00,0.00,0.90,9,0.00,0.30,2.31,1.60,16,0.00,0.60,0.00,0.00,0.00,0.90,0.60,0.40,0.00,1.16,0.70,1.40,0.00,0.10,0.06,0.00,1.10,0.00,0.00,0,0,,8,0.80,58,1,0.14,33,7,1.01,68,3,4,6,91,0.00,99,0,9,1.30,88,3,98,0.43,39,0,0.00,99,0,0.00,0,0,0.00,0,1.30,75,14,2.02,80,6,0.87,42.86,0,0.00,0,0,0,0.00,0,4,0.00,90,0.58,6,N/A,N/A,N/A,N/A,0.00,0,0.00,0,0.56,0.00,0,81.03,12.50,24,76,0.20,0.29,2,77,41,0,0,0,0.70,1.01,7,96,69.20,1.10,1.59,11,0,0.00,0.00,99,0.00,0,0,0,0.00,0.00,0,0.00,0.00,0.00,0.00,0,0,0.00,50,24,20,51,91,1.32,83,0.13,0.19,0.56,46,0.06,0.08,78,13,1.30,1.88,2.74,1.90,96,19,0.08,45,77,50,75,0,46,70,0,0.00,99,11,0.00,1.59,12.13,8.40,84,46,90,84,6.65,4.60,54.76,6,0.87,31,0,66.67,0,0.00,99,2,0.20,0.29,57,23,69,71,0,0,0,0,0,56,51,68,64,0,99,99,26,87,3,30,90,44,0,0
Luiz Gustavo Novaes Palhares,28,887961600,1998/02/20,Serie B,2026,Midfielder,CRB,290,110,180,Brazil,7,2,5,0,0,0,0,0,0,0,0,1,0,1,8,2,6,1,0,0,0,0,0,0,0,2.48,36,41,290,0,0.31,347,352,-1,16,0,5.75,0,58,38.79,17.86,65,125,15.57,109,84,33.83,69,0.00,0.00,0.43,3,0.00,0.29,2.48,1.14,8,0.00,0.14,0.00,0.00,0.00,0.43,0.71,1.14,0.00,0.93,0.43,0.86,0.00,0.00,0.02,0.00,0.57,0.00,0.00,0,0,,3,0.43,47,0,0.00,20,3,0.93,60,3,3,4,95,0.00,99,0,3,0.93,65,2,96,0.62,43,0,0.00,99,0,0.00,0,0,0.00,0,0.93,59,6,1.86,77,5,1.55,83.33,0,0.00,0,0,0,0.00,0,8,0.00,0,2.48,93,N/A,N/A,N/A,N/A,0.00,0,0.00,0,0.17,0.00,0,87.20,0.00,20,38,0.29,0.62,2,94,92,0,0,0,0.29,0.62,2,84,40.27,1.00,2.17,7,0,0.00,0.00,99,0.00,0,0,0,0.00,0.00,0,0.00,0.00,0.00,0.00,0,0,0.00,50,0,8,51,0,0.40,56,0.06,0.12,0.17,34,0.02,0.05,78,6,0.86,1.86,1.55,0.71,64,5,0.05,33,2,63,75,0,46,58,0,0.00,99,4,0.00,1.24,10.24,4.71,33,23,94,70,7.14,3.29,69.70,1,0.31,69,0,50.00,0,0.00,99,1,0.14,0.31,58,8,62,71,0,0,0,0,0,37,51,68,64,0,99,14,43,69,1,14,55,50,0,0
Luiz Henrique Araujo Silva,27,921744000,1999/03/18,Serie B,2026,Midfielder,Avaí,1835,992,843,Brazil,23,12,11,2,1,1,0,0,0,0,0,7,5,2,17,8,9,4,0,0.1,0,0.1,0.09,0.11,918,0.83,108,80,459,0,0.2,169,451,-1,6,0,6.85,0,58,43.85,38.87,79,894,33.04,760,74,37.28,79,0.00,0.00,0.48,11,0.00,1.22,1.77,1.57,36,0.00,0.43,0.00,0.00,0.00,0.91,0.13,0.83,7.50,0.74,0.52,0.39,0.00,0.13,0.09,0.00,0.83,0.00,0.00,0,0,,15,0.65,40,3,0.15,34,12,0.59,41,2,0,23,76,0.00,99,0,21,1.03,71,28,37,1.37,57,0,0.00,99,0,0.00,0,0,0.00,0,0.54,38,9,0.44,30,3,0.15,33.33,0,0.00,0,0,0,0.00,0,19,0.00,66,0.93,32,N/A,N/A,N/A,N/A,0.00,0,0.00,0,2.13,0.00,0,85.01,20.00,36,33,0.61,0.69,14,27,31,1,0,0,0.43,0.49,10,77,157.53,1.52,1.72,35,0,0.00,0.00,99,0.00,0,1,0,0.00,0.00,0,0.00,0.00,0.05,0.04,1,0,13.33,82,93,99,88,66,2.36,56,0.10,0.12,1.43,42,0.06,0.07,80,41,1.78,2.01,1.81,1.61,78,37,0.10,52,64,55,75,0,49,48,0,0.00,99,19,0.00,0.93,8.93,7.91,182,102,66,53,5.00,4.43,56.04,10,0.49,57,0,14.29,0,0.00,99,4,0.17,0.20,51,99,24,54,0,0,0,0,0,49,64,72,66,0,99,54,67,49,4,17,62,8,0,0
Luiz Otavio Alves Marcolino,29,858672000,1997/03/18,Serie B,2026,Midfielder,Cuiabá,273,139,134,Brazil,9,4,5,0,0,0,0,0,0,0,0,3,1,2,1,1,0,0,0,0,0,0,0,0,0,0.33,273,30,0,0,0,381,431,-1,26,0,6.64,0,58,48.68,16.89,87,152,15.33,138,97,44.20,88,0.00,0.00,0.44,4,0.00,1.67,0.32,0.11,1,0.00,0.11,0.00,0.00,0.00,0.33,0.11,0.11,0.00,1.92,0.67,0.33,0.00,0.00,0.03,0.00,0.00,0.00,0.00,0,0,,6,0.67,79,0,0.00,20,6,1.92,95,1,7,2,9,0.00,99,0,3,0.96,67,15,85,4.80,91,0,0.00,99,0,0.00,0,0,0.00,0,1.28,74,3,0.96,52,1,0.32,33.33,0,0.00,0,0,0,0.00,0,1,0.00,98,0.32,1,N/A,N/A,N/A,N/A,0.00,0,0.00,0,0.25,0.00,0,90.79,0.00,20,37,0.22,0.64,2,39,31,0,0,0,0.00,0.00,0,22,59.74,0.33,0.96,3,0,0.00,0.00,99,0.00,0,0,0,0.00,0.00,0,0.00,0.00,0.00,0.00,0,0,0.00,50,0,15,51,99,0.37,56,0.04,0.12,0.25,46,0.03,0.08,88,7,0.78,2.24,2.56,0.89,94,8,0.08,45,33,29,75,0,46,2,0,0.00,99,0,0.00,0.00,8.33,2.89,26,9,16,46,2.88,1.00,34.62,1,0.32,69,0,33.33,0,0.00,99,5,0.56,1.60,95,1,85,36,0,0,0,0,0,37,51,68,64,0,99,64,13,13,0,0,13,97,0,0
Luiz Otávio Anacleto Leandro,37,590223600,1988/09/14,Serie B,2026,Defender,Ceará,136,96,40,Brazil,5,3,2,0,0,0,0,0,0,0,0,3,2,1,0,0,0,1,0,0,0,0,0,0,0,0,0,27,136,0,0.66,-1,-1,-1,32,0,7.75,0,58,48.31,14.60,86,73,13.20,66,96,43.68,88,0.00,0.00,0.20,1,0.00,0.00,3.31,1.00,5,0.00,0.00,0.00,0.00,0.00,0.20,0.00,0.00,0.00,0.00,0.00,0.00,0.00,0.00,0.00,0.00,1.20,0.00,0.00,0,0,,0,0.00,8,0,0.00,20,0,0.00,8,0,5,0,99,0.00,99,0,1,0.66,45,0,30,0.00,15,0,0.00,99,0,0.00,0,0,0.00,0,0.66,44,0,0.00,12,0,0.00,0.00,0,0.00,0,0,0,0.00,0,0,0.00,99,0.00,0,N/A,N/A,N/A,N/A,0.00,0,0.00,0,0.00,0.00,0,90.41,0.00,20,99,0.00,0.00,0,17,17,0,0,0,0.20,0.66,1,85,38.74,1.40,4.63,7,1,0.00,0.66,0,0.20,0,0,0,0.00,0.00,0,0.00,0.00,0.00,0.00,0,0,0.00,50,0,2,51,0,0.21,66,0.04,0.14,0.00,9,0.00,0.00,29,1,0.20,0.66,3.31,1.00,99,5,0.00,8,99,87,75,0,46,99,0,0.00,99,6,0.00,3.97,11.91,3.60,18,12,97,82,7.94,2.40,66.67,0,0.00,99,0,0.00,0,0.00,99,0,0.00,0.00,30,0,77,12,0,0,0,0,0,37,51,68,64,0,99,95,16,97,0,0,13,13,0,0
Luiz Otavio da Silva Santos,33,718614000,1992/10/09,Serie B,2026,Defender,Ceará,1595,810,785,Brazil,18,9,9,1,1,0,0,0,0,0,0,3,1,2,21,11,10,0,0,0.06,0,0.06,0.11,0,1595,1.18,76,89,0,0,0,200,353,143,15,0,6.91,0,58,42.26,41.61,74,749,34.00,612,51,34.53,70,0.00,0.00,0.06,1,0.00,0.00,1.07,1.06,19,0.00,0.06,0.00,0.00,0.00,0.78,0.11,1.17,16.00,0.90,0.61,0.11,0.00,0.28,0.11,0.00,3.17,0.00,0.00,0,0,,16,0.89,44,5,0.28,51,11,0.62,45,2,0,18,40,0.00,99,0,14,0.79,57,0,30,0.00,15,0,0.00,99,0,0.00,0,0,0.00,0,0.06,9,2,0.11,15,2,0.11,100.00,0,0.00,0,0,0,0.00,0,21,0.00,32,1.18,57,N/A,N/A,N/A,N/A,0.00,0,0.00,0,1.91,0.00,0,81.71,31.25,56,70,0.33,0.34,6,22,99,0,0,0,0.67,0.68,12,85,124.40,7.50,7.62,135,0,0.00,0.00,99,0.00,0,0,0,0.00,0.00,0,0.00,0.00,0.06,0.06,1,0,6.25,59,83,68,98,32,1.53,35,0.09,0.09,1.91,56,0.11,0.11,21,8,0.44,0.45,0.85,0.83,24,15,0.11,55,75,98,75,0,53,96,0,0.00,99,57,0.00,3.22,7.90,7.78,140,85,61,40,4.80,4.72,60.71,1,0.06,85,0,0.00,0,0.00,99,0,0.00,0.00,30,82,24,54,0,0,0,0,0,41,57,68,70,0,99,17,13,13,0,0,13,4,0,0
Luiz Otavio Maria,22,1090220400,2004/07/19,Serie B,2026,Midfielder,Novorizontino,642,292,350,Brazil,15,6,9,2,1,1,0,0,0,0,0,4,0,4,7,5,2,2,0,0.28,0,0.28,0.31,0.26,321,0.98,92,43,321,0,0.28,52,216,-1,6,0,6.30,0,58,24.11,11.47,25,172,9.13,137,38,19.21,29,0.00,0.00,0.67,10,0.00,0.73,1.40,0.67,10,0.00,0.67,0.00,0.00,0.00,0.27,0.53,0.47,6.00,1.68,0.47,1.27,0.00,0.33,0.15,0.00,0.27,0.00,0.00,0,0,,12,0.80,72,5,0.70,81,7,0.98,65,1,8,7,60,0.00,99,0,4,0.56,39,11,92,1.54,60,0,0.00,99,0,0.00,0,0,0.00,0,1.40,78,19,2.66,91,8,1.12,42.11,0,0.00,0,0,0,0.00,0,7,0.00,51,0.98,39,N/A,N/A,N/A,N/A,0.00,0,0.00,0,2.18,0.00,0,79.65,41.67,81,62,0.20,0.42,3,86,40,0,0,0,0.07,0.14,1,38,94.46,0.00,0.00,0,0,0.00,0.00,99,0.00,0,0,0,0.00,0.00,0,0.00,0.00,0.28,0.13,2,1,16.67,89,27,46,61,52,0.60,27,0.04,0.08,2.18,88,0.15,0.31,79,14,0.93,1.96,1.96,0.93,83,14,0.31,86,13,1,75,0,81,26,0,0.00,99,4,0.00,0.56,10.51,5.00,75,36,67,73,5.05,2.40,48.00,10,1.40,12,0,45.45,0,0.00,99,5,0.33,0.70,74,30,90,36,0,0,0,0,0,77,90,88,86,0,99,42,50,64,2,13,48,15,0,0
Luiz Paulo França do Nascimento,33,735634800,1993/04/24,Serie B,2026,Defender,Náutico,38,20,18,Brazil,2,1,1,0,0,0,0,0,0,0,0,0,0,0,1,0,1,0,0,0,0,0,0,0,0,2.37,38,19,0,0,0,-1,-1,-1,17,0,6.49,0,58,49.74,10.50,88,21,10.00,20,99,47.37,94,0.00,0.00,0.00,0,0.00,2.00,2.37,0.50,1,0.00,0.50,0.00,0.00,0.00,0.00,0.00,0.50,0.00,7.11,1.50,0.00,0.00,0.00,0.09,0.00,1.00,0.00,0.00,0,0,,3,1.50,99,0,0.00,20,3,7.11,99,0,2,0,92,0.00,99,0,0,0.00,9,4,30,9.47,99,0,0.00,99,0,0.00,0,0,0.00,0,0.00,7,0,0.00,12,0,0.00,0.00,0,0.00,0,0,0,0.00,0,1,0.00,0,2.37,92,N/A,N/A,N/A,N/A,0.00,0,0.00,0,0.17,0.00,0,95.24,0.00,20,99,0.00,0.00,0,17,17,0,0,0,0.00,0.00,0,22,12.97,0.50,2.37,1,0,0.00,0.00,99,0.00,0,0,0,0.00,0.00,0,0.00,0.00,0.00,0.00,0,0,0.00,50,0,0,51,0,0.04,35,0.02,0.09,0.17,94,0.09,0.40,2,0,0.00,0.00,2.37,0.50,91,1,0.40,93,19,68,75,0,46,99,0,0.00,99,2,0.00,4.74,14.21,3.00,6,3,94,93,7.11,1.50,50.00,1,2.37,1,0,0.00,0,0.00,99,0,0.00,0.00,30,0,50,12,0,0,0,0,0,37,51,68,64,0,99,2,13,13,0,0,13,60,0,0
Luiz Phellype Luciano Silva,32,749113200,1993/09/27,Serie B,2026,Forward,CRB,339,172,167,Brazil,14,6,8,2,2,0,0,0,0,0,0,2,1,1,6,2,4,0,0,0.53,0,0.53,1.05,0,170,1.59,57,24,0,0,0,13,337,-1,6,0,6.74,0,58,11.15,3.00,1,42,2.36,33,34,8.76,2,0.00,0.00,0.29,4,0.00,0.00,1.06,0.29,4,0.00,0.29,0.00,0.00,0.00,0.00,0.07,0.43,7.50,3.98,0.50,0.07,0.00,0.57,0.18,0.00,0.50,0.00,0.00,0,0,,15,1.07,99,8,2.12,99,7,1.86,94,1,12,2,40,0.00,99,0,0,0.00,9,0,30,0.00,15,0,0.00,99,0,0.00,0,0,0.00,0,1.06,66,1,0.27,23,1,0.27,100.00,0,0.00,0,0,0,0.00,0,6,0.00,10,1.59,79,N/A,N/A,N/A,N/A,0.00,0,0.00,0,2.50,0.00,0,78.57,53.33,93,48,0.14,0.53,2,35,99,0,0,0,0.00,0.00,0,22,94.30,0.43,1.59,6,0,0.00,0.00,99,0.00,0,0,1,0.07,0.27,0,0.00,0.00,0.80,0.21,3,0,13.33,82,0,41,53,11,0.21,15,0.01,0.06,2.50,99,0.18,0.66,78,7,0.50,1.86,2.39,0.64,91,9,0.66,99,45,50,99,0,97,79,0,0.00,99,7,0.00,1.86,14.07,3.79,53,18,60,93,4.78,1.29,33.96,4,1.06,23,0,0.00,0,0.00,99,0,0.00,0.00,30,1,97,36,0,1,0,7,0,95,98,68,99,0,99,14,13,13,0,0,13,19,0,0
Lyncon Correa Gonçalves,21,1115449200,2005/05/07,Serie B,2026,Defender,CRB,464,194,270,Brazil,7,4,3,0,0,0,0,0,0,0,0,5,2,3,0,0,0,0,0,0,0,0,0,0,0,0,0,66,0,0,0,349,336,1,22,0,7.04,0,58,55.09,40.57,96,284,37.29,261,99,50.62,97,0.00,0.00,0.00,0,0.00,0.00,0.97,0.71,5,0.00,0.14,0.00,0.00,0.00,0.86,0.29,0.00,0.00,0.58,0.43,0.29,0.00,0.00,0.02,0.00,2.43,0.00,0.00,0,0,,3,0.43,29,0,0.00,20,3,0.58,40,0,2,5,34,0.00,99,0,6,1.16,81,0,30,0.00,15,0,0.00,99,0,0.00,0,0,0.00,0,0.00,7,2,0.39,27,2,0.39,100.00,0,0.00,0,0,0,0.00,0,0,0.00,99,0.00,0,N/A,N/A,N/A,N/A,0.00,0,0.00,0,0.15,0.00,0,91.90,0.00,20,41,0.43,0.58,3,45,99,0,0,0,1.00,1.36,7,99,49.31,6.14,8.34,43,0,0.00,0.00,99,0.00,0,0,0,0.00,0.00,0,0.00,0.00,0.00,0.00,0,0,0.00,50,10,8,51,0,0.48,35,0.07,0.09,0.15,24,0.02,0.03,17,2,0.29,0.39,0.78,0.57,21,4,0.03,24,88,99,75,0,46,96,0,0.00,99,17,0.00,3.30,8.73,6.43,45,26,67,50,5.04,3.71,57.78,1,0.19,78,0,0.00,0,0.00,99,0,0.00,0.00,30,16,50,12,0,0,0,0,0,37,51,68,64,0,99,97,13,13,0,0,13,33,0,0
Madson,34,695289600,1992/01/13,Serie B,2026,Defender,Novorizontino,1015,466,549,Brazil,14,7,7,1,1,0,0,0,0,0,0,8,4,4,7,4,3,3,0,0.09,0,0.09,0.19,0,1015,0.62,145,73,338,0,0.27,177,279,28,8,0,6.87,0,58,32.49,25.43,47,356,21.86,306,79,27.93,53,0.00,0.00,0.64,9,0.00,1.71,0.64,0.50,7,0.00,0.29,0.00,0.00,0.00,1.43,0.07,0.57,6.00,0.55,0.29,0.07,0.00,0.14,0.07,0.00,1.21,0.00,0.00,0,0,,6,0.43,27,2,0.18,39,4,0.37,29,4,1,13,18,0.00,99,0,20,1.83,97,24,85,2.19,65,0,0.00,99,0,0.00,0,0,0.00,0,0.82,51,1,0.09,15,1,0.09,100.00,0,0.00,0,0,0,0.00,0,8,0.00,88,0.73,15,N/A,N/A,N/A,N/A,0.00,0,0.00,0,1.04,0.00,0,85.96,33.33,66,56,0.36,0.46,5,21,99,0,0,0,0.29,0.37,4,67,96.13,2.50,3.19,35,0,0.00,0.00,99,0.00,0,0,0,0.00,0.00,0,0.00,0.00,0.00,0.00,0,0,16.67,89,52,41,90,89,1.17,49,0.08,0.11,1.04,50,0.07,0.09,47,12,0.86,1.10,0.82,0.64,22,9,0.09,49,68,77,75,0,46,69,0,0.00,99,17,0.00,1.55,5.75,4.50,63,35,22,14,3.19,2.50,55.56,4,0.37,67,0,33.33,0,0.00,99,8,0.57,0.73,76,58,41,84,0,0,0,0,0,46,62,68,77,0,99,95,51,62,3,21,73,13,0,0
Magno José da Silva,33,726307200,1993/01/06,Serie B,2026,Defender,Operário PR,599,289,310,Brazil,14,6,8,0,0,0,0,0,0,0,0,3,1,2,11,4,7,1,0,0,0,0,0,0,0,1.65,54,43,599,0,0.15,387,395,183,12,0,6.06,0,58,47.07,22.71,84,318,18.57,260,51,38.49,81,0.00,0.00,0.50,7,0.00,1.86,1.48,0.71,10,0.00,0.14,0.00,0.00,0.00,0.50,0.71,1.00,0.00,1.33,0.50,1.29,0.00,0.14,0.04,0.00,1.14,0.00,0.00,0,0,,9,0.64,62,2,0.30,52,7,1.04,69,0,10,4,64,0.00,99,0,7,1.04,72,26,69,3.85,82,0,0.00,99,0,0.00,0,0,0.00,0,1.04,65,18,2.66,91,10,1.48,55.56,0,0.00,0,0,0,0.00,0,14,0.00,10,2.07,89,N/A,N/A,N/A,N/A,0.00,0,0.00,0,0.56,0.00,0,81.76,22.22,40,40,0.29,0.59,4,93,71,0,0,0,0.07,0.15,1,40,84.86,1.36,2.81,19,1,0.00,0.15,3,0.07,0,0,0,0.00,0.00,0,0.00,0.00,0.00,0.00,0,0,0.00,50,21,41,51,10,0.88,63,0.06,0.13,0.56,46,0.04,0.08,52,8,0.57,1.18,2.96,1.43,97,20,0.08,45,7,73,75,0,46,88,0,0.00,99,16,0.00,2.37,13.17,6.36,89,47,93,89,6.96,3.36,52.81,2,0.30,71,0,26.92,0,0.00,99,7,0.50,1.04,85,8,95,12,0,0,0,0,0,37,51,68,64,0,99,27,77,37,1,7,26,26,0,0
Maílton dos Santos de Sá,28,896598000,1998/05/31,Serie B,2026,Defender,Fortaleza,1363,543,820,Brazil,19,8,11,4,2,2,1,1,0,0,0,8,3,5,15,7,8,4,1,0.33,0.07,0.26,0.33,0.22,341,0.99,91,72,273,1363,0.33,62,149,109,3,0,7.11,0.05,67,35.26,28.11,55,534,21.00,399,21,26.35,48,0.00,0.00,1.89,36,0.00,7.11,0.86,0.68,13,0.00,0.32,0.00,0.00,0.00,0.74,0.95,0.79,8.25,2.18,1.11,2.11,0.00,0.63,0.26,0.00,0.21,0.00,0.00,0,0,,33,1.74,84,12,0.79,86,21,1.39,82,2,5,14,30,0.00,99,0,14,0.92,65,135,58,8.91,99,0,0.00,99,0,0.00,0,0,0.00,0,2.38,97,40,2.64,90,18,1.19,45.00,0,0.00,0,0,0,0.00,0,15,0.00,50,0.99,40,N/A,N/A,N/A,N/A,0.00,0,0.00,0,4.90,0.00,0,74.72,36.36,70,56,0.37,0.46,7,87,45,3,0,0,0.11,0.13,2,35,135.11,1.89,2.38,36,0,0.00,0.00,99,0.00,0,3,0,0.00,0.00,0,0.00,0.00,0.00,0.00,0,1,12.12,79,73,74,62,51,2.85,83,0.15,0.19,2.80,70,0.15,0.18,63,22,1.16,1.45,0.99,0.79,33,15,0.32,87,92,68,75,0,46,10,0,0.00,99,4,0.00,0.26,8.12,6.47,123,57,34,42,3.76,3.00,46.34,6,0.40,64,0,22.96,0,0.00,99,31,1.63,2.05,98,62,77,54,0,0,0,0,0,81,89,84,88,0,99,81,41,73,3,16,58,22,0,0
Manoel,36,636019200,1990/02/26,Serie B,2026,Defender,América Mineiro,755,349,406,Brazil,9,4,5,0,0,0,0,0,0,0,0,2,1,1,8,3,5,2,0,0,0,0,0,0,0,0.95,94,84,378,0,0.24,296,189,99,11,0,6.65,0,58,54.72,51.00,95,459,47.11,424,99,50.54,97,0.00,0.00,0.00,0,0.00,0.00,0.48,0.44,4,0.00,0.33,0.00,0.00,0.00,0.22,0.00,1.00,0.00,0.12,0.11,0.00,0.00,0.00,0.01,0.00,1.22,0.00,0.00,0,0,,1,0.11,9,0,0.00,20,1,0.12,10,1,0,9,13,0.00,99,0,2,0.24,19,0,30,0.00,15,0,0.00,99,0,0.00,0,0,0.00,0,0.00,7,0,0.00,12,0,0.00,0.00,0,0.00,0,0,0,0.00,0,9,0.00,55,1.07,46,N/A,N/A,N/A,N/A,0.00,0,0.00,0,0.05,0.00,0,92.37,0.00,20,89,0.11,0.12,1,17,17,0,0,0,0.67,0.72,6,87,59.86,4.78,5.13,43,0,0.00,0.00,99,0.00,0,0,1,0.11,0.12,0,0.00,0.00,0.12,0.11,1,0,0.00,50,36,15,51,55,0.88,43,0.10,0.10,0.05,13,0.01,0.01,23,4,0.44,0.48,0.48,0.44,11,4,0.01,12,34,90,91,0,63,60,0,0.00,99,11,0.00,1.31,3.58,3.33,30,18,9,8,2.15,2.00,60.00,3,0.36,68,0,0.00,0,0.00,99,0,0.00,0.00,30,42,24,36,0,0,0,0,0,37,51,68,64,0,99,30,58,58,2,22,75,26,0,0
Marcelo Alixandre Ajul,23,1030345200,2002/08/26,Serie B,2026,Defender,Sport Recife,928,360,568,Brazil,11,4,7,0,0,0,0,0,0,0,0,3,1,2,8,3,5,3,1,0,0,0,0,0,0,0.78,116,84,309,0,0.29,284,260,56,21,0,6.88,0,58,52.66,49.36,92,543,44.73,492,97,47.72,95,0.00,0.00,0.09,1,0.00,0.00,1.45,1.36,15,0.00,0.27,0.00,0.00,0.00,1.27,0.45,0.91,0.00,0.19,0.18,1.00,0.00,0.00,0.01,0.00,1.45,0.00,0.00,0,0,,2,0.18,10,0,0.00,20,2,0.19,14,3,0,11,63,0.00,99,0,14,1.36,90,0,30,0.00,15,0,0.00,99,0,0.00,0,0,0.00,0,0.10,11,11,1.07,58,5,0.48,45.45,0,0.00,0,0,0,0.00,0,10,0.00,72,0.97,37,N/A,N/A,N/A,N/A,0.00,0,0.00,0,0.09,0.00,0,90.61,0.00,20,65,0.36,0.39,4,56,47,0,0,0,1.18,1.26,13,98,75.64,6.27,6.69,69,0,0.00,0.00,99,0.00,0,0,0,0.00,0.00,0,0.00,0.00,0.00,0.00,0,0,0.00,50,47,24,51,73,1.26,56,0.11,0.12,0.09,13,0.01,0.01,6,2,0.18,0.19,0.58,0.55,14,6,0.01,12,70,97,75,0,46,69,0,0.00,99,16,0.00,1.55,6.59,6.18,68,37,31,24,3.59,3.36,54.41,3,0.29,72,0,0.00,0,0.00,99,0,0.00,0.00,30,51,24,71,0,0,0,0,0,37,51,68,64,0,99,42,47,66,2,18,65,3,0,0
Marcelo Carné,36,634291200,1990/02/06,Serie B,2026,Goalkeeper,Cuiabá,1896,990,906,Brazil,22,11,11,0,0,0,0,0,0,0,0,9,5,4,15,7,8,1,0,0,0,0,0,0,0,0.71,126,86,1896,0,0.05,333,374,42,24,0,6.66,0,58,20.98,20.09,18,442,12.59,277,3,13.15,12,0.00,0.00,0.05,1,0.00,0.00,0.00,0.00,0,0.00,0.00,0.00,0.00,1.59,0.00,0.00,2.32,0.00,0.00,0.00,0.00,0.00,0.00,0.00,0.00,0.18,0.00,0.00,0,0,,0,0.00,8,0,0.00,20,0,0.00,8,1,0,22,6,0.00,99,0,0,0.00,9,0,30,0.00,15,0,0.00,99,0,0.00,0,0,0.00,0,0.05,8,0,0.00,12,0,0.00,0.00,0,0.00,0,35,24,1.66,3,51,0.00,81,2.42,93,N/A,N/A,N/A,N/A,68.63,0,0.00,0,0.00,0.00,0,62.67,0.00,20,99,0.00,0.00,0,17,17,0,0,15,0.00,0.00,0,22,146.50,0.95,1.00,21,0,0.00,0.00,99,0.00,1,0,0,0.00,0.00,7,0.32,0.33,0.00,0.00,0,0,0.00,50,97,95,51,81,0.61,4,0.03,0.03,0.00,9,0.00,0.00,3,3,0.14,0.14,0.00,0.00,6,0,0.00,8,35,32,75,27,46,7,0,0.00,99,4,0.00,0.19,0.33,0.32,7,6,2,2,0.28,0.27,85.71,0,0.00,99,0,0.00,0,0.00,99,0,0.00,0.00,30,97,24,36,0,0,0,0,0,37,51,68,64,0,99,79,99,15,1,5,19,31,0,0
Marcelo da Conceição Benevenuto Malaquias,30,821001600,1996/01/07,Serie B,2026,Defender,Sport Recife,1358,818,540,Brazil,17,10,7,1,1,0,0,0,0,0,0,7,3,4,12,9,3,3,0,0.07,0,0.07,0.11,0,1358,0.8,113,80,453,0,0.2,190,285,67,7,0,6.61,0,58,48.41,43.00,86,731,39.53,672,99,44.50,89,0.00,0.00,0.35,6,0.00,0.12,1.39,1.24,21,0.00,0.24,0.00,0.00,0.00,1.00,0.24,0.82,10.00,0.66,0.47,0.24,0.00,0.12,0.07,0.00,1.94,0.00,0.00,0,0,,10,0.59,34,2,0.13,32,8,0.53,38,0,2,15,59,0.00,99,0,17,1.13,80,2,96,0.13,21,0,0.00,99,0,0.00,0,0,0.00,0,0.40,28,4,0.26,23,4,0.26,100.00,0,0.00,0,0,0,0.00,0,14,0.00,69,0.93,32,N/A,N/A,N/A,N/A,0.00,0,0.00,0,1.23,0.00,0,91.93,20.00,36,72,0.29,0.33,5,35,99,0,0,0,0.71,0.79,12,91,112.34,5.59,6.29,95,0,0.00,0.00,99,0.00,0,0,0,0.00,0.00,0,0.00,0.00,0.13,0.12,2,0,10.00,72,72,59,94,69,1.79,56,0.11,0.12,1.23,46,0.07,0.08,22,7,0.41,0.46,0.53,0.47,12,8,0.08,45,28,95,75,0,64,85,0,0.00,99,33,0.00,2.19,6.49,5.76,98,64,49,22,4.24,3.76,65.31,4,0.26,73,0,50.00,0,0.00,99,1,0.06,0.07,35,68,50,12,0,0,0,0,0,43,59,68,70,0,99,79,67,49,3,18,65,5,0,0
Marcelo Henrique Laborão dos Santos,21,1109664000,2005/03/01,Serie B,2026,Defender,Athletic Club,518,321,197,Brazil,11,6,5,0,0,0,0,0,0,0,0,2,2,0,4,1,3,2,0,0,0,0,0,0,0,0.69,130,47,259,0,0.35,261,236,39,20,0,5.41,0,58,31.39,16.45,44,181,11.73,129,12,22.37,38,0.00,0.00,0.45,5,0.00,1.36,2.25,1.18,13,0.00,0.27,0.00,0.00,0.00,0.91,0.55,0.45,0.00,0.52,0.27,1.36,0.00,0.00,0.02,0.00,0.36,0.00,0.00,0,0,,3,0.27,26,0,0.00,20,3,0.52,37,6,6,5,89,0.00,99,0,10,1.73,96,15,68,2.60,68,0,0.00,99,0,0.00,0,0,0.00,0,0.87,54,15,2.60,89,6,1.04,40.00,0,0.00,0,0,0,0.00,0,5,0.00,84,0.87,27,N/A,N/A,N/A,N/A,0.00,0,0.00,0,0.17,0.00,0,71.27,0.00,20,70,0.18,0.35,2,84,38,0,0,0,0.27,0.52,3,78,59.47,1.18,2.25,13,0,0.00,0.00,99,0.00,0,0,0,0.00,0.00,0,0.00,0.00,0.00,0.00,0,0,0.00,50,15,24,51,84,0.40,20,0.04,0.07,0.17,24,0.02,0.03,90,14,1.27,2.43,1.73,0.91,75,10,0.03,24,1,65,75,0,46,35,0,0.00,99,4,0.00,0.69,10.92,5.73,63,37,87,76,6.42,3.36,58.73,3,0.52,55,0,26.67,0,0.00,99,4,0.36,0.69,73,16,81,95,0,0,0,0,0,37,51,68,64,0,99,20,38,76,2,18,65,14,0,0
Marcelo Hermes,31,791625600,1995/02/01,Serie B,2026,Defender,Criciúma,2160,1080,1080,Brazil,24,12,12,4,1,3,2,0,2,0,0,11,7,4,16,6,10,2,0,0.25,0.08,0.17,0.08,0.25,540,0.67,135,90,1080,1080,0.08,111,145,35,3,0,7.13,0.08,68,31.67,31.67,45,760,23.96,575,23,23.96,42,0.00,0.00,0.92,22,0.00,3.21,1.79,1.79,43,0.00,0.29,0.00,0.00,0.00,0.83,0.29,0.71,10.25,1.71,1.25,0.71,0.00,0.46,0.22,0.00,0.96,0.00,0.00,0,0,,41,1.71,73,11,0.46,68,30,1.25,77,0,0,24,77,0.00,99,0,20,0.83,60,77,60,3.21,76,0,0.00,99,0,0.00,0,0,0.00,0,0.92,58,17,0.71,41,7,0.29,41.18,0,0.00,0,0,0,0.00,0,17,0.00,86,0.71,13,N/A,N/A,N/A,N/A,0.00,0,0.00,0,5.31,0.00,0,75.66,26.83,48,34,0.67,0.67,16,37,39,0,0,0,0.17,0.17,4,42,171.02,2.21,2.21,53,0,0.00,0.00,99,0.00,0,0,3,0.12,0.12,0,0.00,0.00,0.21,0.21,5,0,9.76,70,99,99,75,86,3.35,66,0.14,0.14,5.31,77,0.22,0.22,35,19,0.79,0.79,0.71,0.71,18,17,0.22,74,94,64,91,0,75,50,0,0.00,99,23,0.00,0.96,7.25,7.25,174,90,33,32,3.75,3.75,51.72,7,0.29,72,0,24.68,0,0.00,99,19,0.79,0.79,78,99,24,12,0,1,0,4,0,74,77,86,65,0,99,87,91,22,2,8,30,22,0,0
Marcio Almeida de Oliveira,30,832230000,1996/05/16,Serie B,2026,Defender,Criciúma,667,219,448,Brazil,12,5,7,0,0,0,0,0,0,0,0,5,2,3,7,2,5,0,0,0,0,0,0,0,0,0.94,95,56,0,0,0,439,457,94,28,0,6.70,0,58,36.84,22.75,59,273,18.50,222,48,29.96,58,0.00,0.00,0.83,10,0.00,2.08,0.67,0.42,5,0.00,0.50,0.00,0.00,0.00,0.50,0.42,0.58,0.00,1.75,0.83,0.75,0.00,0.25,0.06,0.00,0.42,0.00,0.00,0,0,,13,1.08,74,3,0.40,63,10,1.35,80,5,4,8,20,0.00,99,0,6,0.81,58,25,90,3.37,77,0,0.00,99,0,0.00,0,0,0.00,0,1.35,76,9,1.21,63,5,0.67,55.56,0,0.00,0,0,0,0.00,0,7,0.00,56,0.94,33,N/A,N/A,N/A,N/A,0.00,0,0.00,0,0.74,0.00,0,81.32,23.08,41,12,0.67,1.08,8,66,71,0,0,0,0.08,0.13,1,35,80.37,1.33,2.16,16,0,0.00,0.00,99,0.00,0,0,1,0.08,0.13,0,0.00,0.00,0.13,0.08,1,0,0.00,50,29,31,51,56,0.78,49,0.07,0.11,0.74,52,0.06,0.10,25,4,0.33,0.54,1.48,0.92,60,11,0.10,52,41,63,92,0,64,33,0,0.00,99,5,0.00,0.67,6.75,4.17,50,18,10,27,2.43,1.50,36.00,6,0.81,36,0,40.00,0,0.00,99,10,0.83,1.35,92,37,69,91,0,0,0,0,0,37,51,68,64,0,99,81,13,13,0,0,13,6,0,0
Marcio Carlos Pestana Dutra,27,927961200,1999/05/29,Serie B,2026,Forward,Botafogo SP,65,10,55,Brazil,5,1,4,0,0,0,0,0,0,0,0,0,0,0,0,0,0,2,0,0,0,0,0,0,0,0,0,13,33,0,2.77,-1,-1,-1,33,0,5.32,0,58,29.08,4.20,39,21,3.00,15,13,20.77,34,0.00,0.00,0.60,3,0.00,1.20,1.38,0.20,1,0.00,0.40,0.00,0.00,0.00,0.00,0.20,0.00,0.00,4.15,0.60,0.20,0.00,0.00,0.03,0.00,0.00,0.00,0.00,0,0,,3,0.60,99,0,0.00,20,3,4.15,99,0,5,0,59,0.00,99,0,0,0.00,9,6,96,8.31,99,0,0.00,99,0,0.00,0,0,0.00,0,4.15,99,1,1.38,69,1,1.38,100.00,0,0.00,0,0,0,0.00,0,0,0.00,99,0.00,0,N/A,N/A,N/A,N/A,0.00,0,0.00,0,0.13,0.00,0,71.43,0.00,20,99,0.00,0.00,0,90,99,0,0,0,0.00,0.00,0,22,26.61,0.00,0.00,0,0,0.00,0.00,99,0.00,0,0,0,0.00,0.00,0,0.00,0.00,0.00,0.00,0,0,0.00,50,0,2,51,0,0.15,88,0.03,0.21,0.13,70,0.03,0.18,60,1,0.20,1.38,5.54,0.80,99,4,0.18,68,1,1,75,0,46,2,0,0.00,99,0,0.00,0.00,13.85,2.00,10,3,46,92,4.15,0.60,30.00,2,2.77,0,0,50.00,0,0.00,99,3,0.60,4.15,99,0,77,12,0,0,0,0,0,37,51,68,64,0,99,2,13,99,2,40,98,19,0,0
Marcio Gleyson Leite da Silva,25,994489200,2001/07/07,Serie B,2026,Defender,Ponte Preta,1122,589,533,Brazil,14,8,6,0,0,0,1,0,1,0,0,2,2,0,20,9,11,4,1,0.08,0.08,0,0,0,0,1.6,56,80,224,1122,0.4,299,139,181,22,0,6.42,0.07,68,28.64,25.50,38,357,21.00,294,55,23.58,40,0.00,0.00,0.14,2,0.00,0.00,1.84,1.64,23,0.00,0.21,0.00,0.00,0.00,0.57,0.00,1.71,0.00,0.08,0.07,0.14,0.00,0.00,0.00,0.00,1.64,0.00,0.00,0,0,,1,0.07,8,0,0.00,20,1,0.08,9,2,0,14,78,0.00,99,0,8,0.64,44,0,30,0.00,15,0,0.00,99,0,0.00,0,0,0.00,0,0.16,14,2,0.16,19,0,0.00,0.00,0,0.00,0,0,0,0.00,0,24,0.00,10,1.93,85,N/A,N/A,N/A,N/A,0.00,0,0.00,0,0.05,0.00,0,82.35,0.00,20,63,0.36,0.40,5,17,17,0,0,0,1.21,1.36,17,99,89.82,5.00,5.61,70,1,0.00,0.08,9,0.07,0,0,0,0.00,0.00,0,0.00,0.00,0.00,0.00,0,0,0.00,50,58,41,51,10,1.31,49,0.09,0.11,0.05,9,0.00,0.00,35,10,0.71,0.80,1.20,1.07,42,15,0.00,8,17,92,75,0,46,78,0,0.00,99,23,0.00,1.84,7.70,6.86,96,57,55,39,4.57,4.07,59.38,3,0.24,74,0,0.00,0,0.00,99,0,0.00,0.00,30,62,24,54,0,0,0,0,0,45,51,68,64,0,99,14,29,84,3,21,73,44,0,0
Marcio Vitor Barbosa da Silva,20,1137916800,2006/01/22,Serie B,2026,Forward,Avaí,32,0,32,Brazil,2,0,2,0,0,0,0,0,0,0,0,0,0,0,1,0,1,0,0,0,0,0,0,0,0,2.81,32,16,0,0,0,-1,-1,-1,18,0,0.00,0,58,8.18,1.50,0,3,1.00,2,6,5.45,0,0.00,0.00,0.00,0,0.00,0.00,0.00,0.00,0,0.00,0.00,0.00,0.00,0.00,0.00,0.00,0.50,0.00,0.00,0.00,0.00,0.00,0.00,0.00,0.00,0.00,0.00,0.00,0,0,,0,0.00,8,0,0.00,20,0,0.00,8,0,2,0,6,0.00,99,0,0,0.00,9,0,30,0.00,15,0,0.00,99,0,0.00,0,0,0.00,0,0.00,7,0,0.00,12,0,0.00,0.00,0,0.00,0,0,0,0.00,0,1,0.00,0,2.73,93,N/A,N/A,N/A,N/A,0.00,0,0.00,0,0.00,0.00,0,66.67,0.00,20,0,0.50,2.73,1,17,17,0,0,0,0.00,0.00,0,22,0.00,0.50,2.73,1,0,0.00,0.00,99,0.00,0,0,0,0.00,0.00,0,0.00,0.00,0.00,0.00,0,0,0.00,50,0,0,51,0,0.00,0,0.00,0.00,0.00,9,0.00,0.00,2,0,0.00,0.00,2.73,0.50,96,1,0.00,8,0,72,75,0,46,2,0,0.00,99,0,0.00,0.00,2.73,0.50,1,0,0,7,0.00,0.00,0.00,0,0.00,99,0,0.00,0,0.00,99,0,0.00,0.00,30,0,50,12,0,0,0,0,0,37,51,68,64,0,99,2,13,13,0,0,13,29,0,0
Marco Antônio de Freitas Batistussi,26,963126000,2000/07/09,Serie B,2026,Midfielder,Botafogo SP,228,47,181,Brazil,9,4,5,0,0,0,0,0,0,0,0,1,0,1,2,0,2,0,0,0,0,0,0,0,0,0.79,114,25,0,0,0,-1,-1,-1,17,0,5.85,0,58,25.66,7.22,30,65,5.78,52,39,20.53,34,0.00,0.00,0.11,1,0.00,0.56,3.95,1.11,10,0.00,0.00,0.00,0.00,0.00,0.44,0.00,0.33,0.00,1.18,0.33,0.11,0.00,0.00,0.02,0.00,0.22,0.00,0.00,0,0,,3,0.33,58,0,0.00,20,3,1.18,73,2,7,2,99,0.00,99,0,4,1.58,94,5,90,1.97,64,0,0.00,99,0,0.00,0,0,0.00,0,0.39,27,1,0.39,27,0,0.00,0.00,0,0.00,0,0,0,0.00,0,3,0.00,70,1.18,57,N/A,N/A,N/A,N/A,0.00,0,0.00,0,0.17,0.00,0,80.00,0.00,20,0,0.67,2.37,6,17,17,0,0,0,0.11,0.39,1,70,52.69,1.00,3.55,9,0,0.00,0.00,99,0.00,0,0,0,0.00,0.00,0,0.00,0.00,0.00,0.00,0,0,0.00,50,0,15,51,71,0.13,11,0.01,0.05,0.17,42,0.02,0.07,2,0,0.00,0.00,1.18,0.33,41,3,0.07,41,3,80,75,0,46,40,0,0.00,99,2,0.00,0.79,9.47,2.67,24,12,60,61,4.74,1.33,50.00,0,0.00,99,0,40.00,0,0.00,99,2,0.22,0.79,78,1,85,54,0,0,0,0,0,37,51,68,64,0,99,8,13,13,0,0,13,28,0,0
Marco Antonio Marsulo Junior,24,1017993600,2002/04/05,Serie B,2026,Midfielder,Botafogo SP,13,13,0,Brazil,2,2,0,0,0,0,0,0,0,0,0,1,1,0,0,0,0,0,0,0,0,0,0,0,0,0,0,7,0,0,0,-1,-1,-1,23,0,3.32,0,58,109.29,8.50,99,17,6.50,13,27,83.57,99,0.00,0.00,0.00,0,0.00,0.00,0.00,0.00,0,0.00,0.00,0.00,0.00,0.00,0.00,0.00,0.00,0.00,0.00,0.00,0.00,0.00,0.00,0.00,0.00,0.00,0.00,0.00,0,0,,0,0.00,8,0,0.00,20,0,0.00,8,0,2,0,6,0.00,99,0,0,0.00,9,0,30,0.00,15,0,0.00,99,0,0.00,0,0,0.00,0,0.00,7,0,0.00,12,0,0.00,0.00,0,0.00,0,0,0,0.00,0,0,0.00,99,0.00,0,N/A,N/A,N/A,N/A,0.00,0,0.00,0,0.00,0.00,0,76.47,0.00,20,99,0.00,0.00,0,17,17,0,0,0,0.00,0.00,0,22,6.64,0.00,0.00,0,0,0.00,0.00,99,0.00,0,0,0,0.00,0.00,0,0.00,0.00,0.00,0.00,0,0,0.00,50,0,0,51,0,0.03,83,0.01,0.19,0.00,9,0.00,0.00,99,1,0.50,6.43,6.43,0.50,99,1,0.00,8,0,1,75,0,46,2,0,0.00,99,0,0.00,0.00,6.43,0.50,1,1,87,22,6.43,0.50,100.00,0,0.00,99,0,0.00,0,0.00,99,0,0.00,0.00,30,0,50,12,0,0,0,0,0,37,51,68,64,0,99,92,13,13,0,0,13,20,0,0
Marcos Antônio Almeida Silva,35,663840000,1991/01/14,Serie B,2026,Midfielder,São Bernardo,354,231,123,Brazil,14,7,7,0,0,0,0,0,0,0,0,3,2,1,3,2,1,1,0,0,0,0,0,0,0,0.76,118,25,354,0,0.25,365,359,-1,22,0,5.54,0,58,28.98,8.14,39,114,7.07,99,83,25.17,45,0.00,0.00,0.07,1,0.00,0.00,1.27,0.36,5,0.00,0.14,0.00,0.00,0.00,0.00,0.07,0.36,0.00,0.76,0.14,0.14,0.00,0.07,0.02,0.00,0.43,0.00,0.00,0,0,,3,0.21,40,1,0.25,48,2,0.51,37,0,12,2,52,0.00,99,0,0,0.00,9,0,30,0.00,15,0,0.00,99,0,0.00,0,0,0.00,0,0.25,19,2,0.51,33,1,0.25,50.00,0,0.00,0,0,0,0.00,0,5,0.00,75,1.27,63,N/A,N/A,N/A,N/A,0.00,0,0.00,0,0.24,0.00,0,86.84,33.33,66,2,0.43,1.53,6,33,63,0,0,0,0.14,0.51,2,77,77.57,1.07,3.81,15,0,0.00,0.00,99,0.00,0,0,0,0.00,0.00,0,0.00,0.00,0.00,0.00,0,0,0.00,50,0,41,51,75,0.22,15,0.02,0.06,0.24,38,0.02,0.06,33,3,0.21,0.76,1.53,0.43,63,6,0.06,37,1,81,75,0,46,67,0,0.00,99,6,0.00,1.53,8.64,2.43,34,15,36,49,3.81,1.07,44.12,2,0.51,55,0,0.00,0,0.00,99,0,0.00,0.00,30,1,97,12,0,0,0,0,0,37,51,68,64,0,99,27,54,59,1,7,26,77,0,0
Marcos Gabriel do Nascimento,36,648543600,1990/07/21,Serie B,2026,Midfielder,Vila Nova,1717,738,979,Brazil,21,9,12,3,3,0,6,4,2,0,0,6,2,4,18,7,11,0,0,0.47,0.31,0.16,0.37,0,572,0.94,95,82,0,286,0,121,16,-1,7,0,7.16,0.29,97,29.56,26.86,40,564,22.48,472,64,24.74,44,0.00,0.00,2.29,48,0.00,4.19,0.63,0.57,12,0.00,0.90,0.00,0.00,0.00,0.19,0.43,0.90,12.67,1.99,1.10,0.90,0.00,0.71,0.24,0.00,0.19,0.00,0.00,0,0,,38,1.81,80,15,0.79,86,23,1.21,76,4,1,20,17,0.00,99,0,4,0.21,17,88,89,4.61,90,0,0.00,99,0,0.00,0,0,0.00,0,2.52,97,19,1.00,54,9,0.47,47.37,0,0.00,0,0,0,0.00,0,19,0.00,56,1.00,41,N/A,N/A,N/A,N/A,0.00,0,0.00,0,4.98,0.00,0,83.69,39.47,75,68,0.33,0.37,7,54,50,1,0,0,0.00,0.00,0,22,150.28,0.38,0.42,8,0,0.00,0.00,99,0.00,0,1,1,0.05,0.05,0,0.00,0.00,0.00,0.00,0,0,7.89,64,89,88,77,56,6.32,97,0.30,0.33,4.28,77,0.20,0.22,54,23,1.10,1.21,0.31,0.29,9,6,0.26,80,95,10,76,0,46,8,0,0.00,99,4,0.00,0.21,5.08,4.62,97,48,12,10,2.52,2.29,49.48,19,1.00,26,0,38.64,0,0.00,99,34,1.62,1.78,96,89,41,84,0,0,0,0,0,91,76,68,91,0,99,51,13,13,0,0,13,10,0,0
Marcos Gleidson dos Santos Rosa,18,1205650800,2008/03/16,Serie B,2026,Forward,Náutico,10,10,0,Brazil,1,1,0,0,0,0,0,0,0,0,0,0,0,0,0,0,0,0,0,0,0,0,0,0,0,0,0,10,0,0,0,-1,-1,-1,24,0,6.49,0,58,0.00,0.00,0,0,0.00,0,0,0.00,0,0.00,0.00,0.00,0,0.00,0.00,0.00,0.00,0,0.00,1.00,0.00,0.00,0.00,0.00,0.00,0.00,0.00,0.00,0.00,0.00,0.00,0.00,0.00,0.00,0.00,0.00,0.00,0,0,,0,0.00,8,0,0.00,20,0,0.00,8,0,1,0,6,0.00,99,0,0,0.00,9,0,30,0.00,15,0,0.00,99,0,0.00,0,0,0.00,0,0.00,7,0,0.00,12,0,0.00,0.00,0,0.00,0,0,0,0.00,0,0,0.00,99,0.00,0,N/A,N/A,N/A,N/A,0.00,0,0.00,0,0.00,0.00,0,0.00,0.00,20,99,0.00,0.00,0,17,17,0,0,0,0.00,0.00,0,22,6.49,0.00,0.00,0,0,0.00,0.00,99,0.00,0,0,0,0.00,0.00,0,0.00,0.00,9.00,1.00,1,0,0.00,50,0,0,51,0,0.00,0,0.00,0.00,0.00,9,0.00,0.00,2,0,0.00,0.00,0.00,0.00,6,0,0.00,8,19,1,75,0,99,2,0,0.00,99,0,0.00,0.00,27.00,3.00,3,0,0,99,0.00,0.00,0.00,1,9.00,0,0,0.00,0,0.00,99,0,0.00,0.00,30,0,41,12,0,0,0,0,0,37,51,68,64,0,99,2,13,13,0,0,13,31,0,0
Marcos Júnior Lima dos Santos,33,727430400,1993/01/19,Serie B,2026,Midfielder,Cuiabá,98,71,27,Brazil,6,4,2,0,0,0,0,0,0,0,0,2,2,0,0,0,0,1,0,0,0,0,0,0,0,0,0,16,98,0,0.92,-1,-1,-1,17,0,6.60,0,58,40.41,7.33,69,44,6.67,40,97,36.73,77,0.00,0.00,0.00,0,0.00,0.67,0.92,0.17,1,0.00,0.17,0.00,0.00,0.00,0.00,0.00,0.00,0.00,4.59,0.50,0.33,0.00,0.33,0.08,0.00,0.50,0.00,0.00,0,0,,5,0.83,99,2,1.84,99,3,2.76,99,0,6,0,32,0.00,99,0,0,0.00,9,4,65,3.67,80,0,0.00,99,0,0.00,0,0,0.00,0,0.00,7,2,1.84,77,0,0.00,0.00,0,0.00,0,0,0,0.00,0,0,0.00,99,0.00,0,N/A,N/A,N/A,N/A,0.00,0,0.00,0,0.46,0.00,0,90.91,40.00,78,99,0.00,0.00,0,17,17,0,0,0,0.00,0.00,0,22,39.58,0.33,1.84,2,0,0.00,0.00,99,0.00,0,0,0,0.00,0.00,0,0.00,0.00,1.84,0.33,2,0,0.00,50,0,3,51,0,0.09,27,0.01,0.08,0.46,96,0.08,0.42,93,3,0.50,2.76,1.84,0.33,79,2,0.42,94,28,57,75,0,99,93,0,0.00,99,3,0.00,2.76,11.94,2.17,13,6,77,82,5.51,1.00,46.15,1,0.92,29,0,25.00,0,0.00,99,1,0.17,0.92,82,0,81,12,0,0,0,0,0,37,51,68,64,0,99,64,13,99,1,17,62,23,0,0
Marcos Paulo Costa do Nascimento,25,981014400,2001/02/01,Serie B,2026,Forward,Juventude,1309,714,595,Portugal,19,10,9,3,3,0,0,0,0,0,0,14,9,5,7,0,7,0,0,0.21,0,0.21,0.38,0,436,0.48,187,69,0,0,0,87,440,-1,3,0,6.82,0,58,24.34,18.63,25,354,14.11,268,23,18.43,26,0.00,0.00,0.84,16,0.00,1.95,1.24,0.95,18,0.00,1.37,0.00,0.00,0.00,0.16,0.63,0.37,8.67,1.79,0.58,1.58,0.00,0.79,0.23,0.00,0.53,0.00,0.00,0,0,,26,1.37,75,15,1.03,93,11,0.76,53,2,1,18,50,0.00,99,0,3,0.21,17,37,53,2.54,67,0,0.00,99,0,0.00,0,0,0.00,0,1.10,67,30,2.06,81,12,0.83,40.00,0,0.00,0,0,0,0.00,0,7,0.00,95,0.48,3,N/A,N/A,N/A,N/A,0.00,0,0.00,0,4.38,0.00,0,75.71,57.69,95,18,0.68,0.89,13,76,38,0,0,0,0.05,0.07,1,27,129.53,0.37,0.48,7,0,0.00,0.00,99,0.00,0,0,0,0.00,0.00,0,0.00,0.00,0.07,0.05,1,0,11.54,77,68,74,69,96,1.19,27,0.06,0.08,4.38,87,0.23,0.30,63,21,1.11,1.44,0.48,0.37,11,7,0.30,84,59,12,75,0,55,35,0,0.00,99,10,0.00,0.69,9.76,7.47,142,60,45,64,4.13,3.16,42.25,26,1.79,6,0,21.62,0,0.00,99,8,0.42,0.55,68,82,41,54,0,1,0,5,0,69,83,68,91,0,99,98,13,13,0,0,13,10,0,0
Marcos Paulo Lima Batista Silva,23,1042876800,2003/01/18,Serie B,2026,Defender,Juventude,1744,957,787,Brazil,20,11,9,0,0,0,2,1,1,0,0,15,10,5,10,1,9,5,0,0.1,0.1,0,0,0,0,0.52,174,87,349,872,0.26,444,128,17,25,0,7.02,0.1,72,48.30,46.80,86,936,37.50,750,40,38.70,81,0.00,0.00,0.45,9,0.00,1.45,1.91,1.85,37,0.00,0.40,0.00,0.00,0.00,0.75,0.20,0.55,0.00,0.93,0.80,0.40,0.00,0.10,0.05,0.00,2.50,0.00,0.00,0,0,,18,0.90,47,2,0.10,26,16,0.83,57,4,0,20,81,0.00,99,0,15,0.77,55,29,33,1.50,59,0,0.00,99,0,0.00,0,0,0.00,0,0.46,32,8,0.41,28,4,0.21,50.00,0,0.00,0,0,0,0.00,0,11,0.00,94,0.57,6,N/A,N/A,N/A,N/A,0.00,0,0.00,0,0.96,0.00,0,80.13,11.11,22,49,0.50,0.52,10,30,63,0,0,0,0.55,0.57,11,81,140.43,3.55,3.66,71,0,0.00,0.00,99,0.00,0,0,0,0.00,0.00,0,0.00,0.00,0.00,0.00,0,0,0.00,50,89,79,51,94,3.15,74,0.16,0.16,0.96,34,0.05,0.05,38,17,0.85,0.88,1.81,1.75,78,35,0.05,33,86,80,75,0,46,91,0,0.00,99,50,0.00,2.58,9.55,9.25,185,107,78,63,5.52,5.35,57.84,8,0.41,63,0,10.34,0,0.00,99,3,0.15,0.15,46,89,24,84,0,0,0,0,0,49,51,68,64,0,99,98,53,62,5,25,81,47,0,0
Marcos Vinicius da Silva Santos,29,859363200,1997/03/26,Serie B,2026,Defender,Goiás,145,72,73,Brazil,4,2,2,0,0,0,0,0,0,0,0,1,1,0,2,1,1,1,0,0,0,0,0,0,0,1.24,73,36,145,0,0.62,-1,-1,-1,17,0,6.47,0,58,39.10,15.75,65,63,12.75,51,46,31.66,62,0.00,0.00,0.25,1,0.00,2.50,0.00,0.00,0,0.00,0.00,0.00,0.00,0.00,0.50,0.25,0.50,0.00,0.00,0.00,0.50,0.00,0.00,0.00,0.00,0.75,0.00,0.00,0,0,,0,0.00,8,0,0.00,20,0,0.00,8,0,4,0,6,0.00,99,0,2,1.24,85,10,51,6.21,96,0,0.00,99,0,0.00,0,0,0.00,0,0.62,42,2,1.24,65,1,0.62,50.00,0,0.00,0,0,0,0.00,0,2,0.00,27,1.24,62,N/A,N/A,N/A,N/A,0.00,0,0.00,0,0.00,0.00,0,80.95,0.00,20,0,0.75,1.86,3,65,63,0,0,0,0.25,0.62,1,84,25.88,2.00,4.97,8,0,0.00,0.00,99,0.00,0,0,0,0.00,0.00,0,0.00,0.00,0.00,0.00,0,0,0.00,50,0,0,51,28,0.15,35,0.04,0.09,0.00,9,0.00,0.00,90,4,1.00,2.48,1.24,0.50,46,2,0.00,8,18,88,75,0,46,79,0,0.00,99,3,0.00,1.86,11.17,4.50,18,8,65,78,4.97,2.00,44.44,0,0.00,99,0,20.00,0,0.00,99,2,0.50,1.24,89,0,69,12,0,0,0,0,0,37,51,68,64,0,99,38,17,96,1,25,81,63,0,0
Mario Sergio Valerio,32,767343600,1994/04/26,Serie B,2026,Defender,São Bernardo,261,90,171,Brazil,5,2,3,1,0,1,2,2,0,0,0,0,0,0,5,3,2,0,0,1.03,0.69,0.34,0,0.53,261,1.72,52,52,0,131,0,-1,-1,-1,17,0,6.83,0.4,99,34.13,20.40,52,102,17.80,89,84,29.78,57,0.00,0.00,0.80,4,0.00,0.80,1.34,0.80,4,0.00,0.60,0.00,0.00,0.00,0.40,0.00,1.20,3.00,1.00,0.20,0.80,0.00,0.40,0.18,0.00,0.80,0.00,0.00,0,0,,3,0.60,51,2,0.67,80,1,0.33,27,2,2,3,56,0.00,99,0,2,0.67,47,4,96,1.34,56,0,0.00,99,0,0.00,0,0,0.00,0,1.34,76,4,1.34,68,0,0.00,0.00,0,0.00,0,0,0,0.00,0,6,0.00,8,2.01,88,N/A,N/A,N/A,N/A,0.00,0,0.00,0,0.91,0.00,0,87.25,66.67,98,6,0.80,1.34,4,17,17,0,0,0,0.40,0.67,2,85,34.13,2.20,3.68,11,0,0.00,0.00,99,0.00,0,0,0,0.00,0.00,0,0.00,0.00,0.00,0.00,0,0,33.33,99,0,2,56,9,1.54,99,0.31,0.52,0.91,87,0.18,0.30,30,2,0.40,0.67,1.00,0.60,34,3,0.30,84,61,80,75,0,46,60,0,0.00,99,4,0.00,1.34,9.37,5.60,28,10,25,60,3.35,2.00,35.71,3,1.00,26,0,50.00,0,0.00,99,2,0.40,0.67,72,3,50,54,0,0,0,0,0,99,94,96,64,0,99,2,13,13,0,0,13,33,0,0
Marlon Adriano Prezotti,36,636019200,1990/02/26,Serie B,2026,Midfielder,Novorizontino,30,8,22,Brazil,4,2,2,0,0,0,0,0,0,0,0,3,2,1,0,0,0,0,0,0,0,0,0,0,0,0,0,8,0,0,0,-1,-1,-1,16,0,4.80,0,58,24.00,2.00,25,8,1.25,5,3,15.00,17,0.00,0.00,0.00,0,0.00,0.00,3.00,0.25,1,0.00,0.00,0.00,0.00,0.00,0.00,0.00,0.50,0.00,3.00,0.25,0.00,0.00,0.00,0.01,0.00,0.00,0.00,0.00,0,0,,1,0.25,95,0,0.00,20,1,3.00,99,0,4,0,99,0.00,99,0,0,0.00,9,0,30,0.00,15,0,0.00,99,0,0.00,0,0,0.00,0,0.00,7,0,0.00,12,0,0.00,0.00,0,0.00,0,0,0,0.00,0,2,0.00,99,6.00,99,N/A,N/A,N/A,N/A,0.00,0,0.00,0,0.04,0.00,0,62.50,0.00,20,0,0.25,3.00,1,17,17,0,0,0,0.00,0.00,0,22,19.21,0.00,0.00,0,0,0.00,0.00,99,0.00,0,0,0,0.00,0.00,0,0.00,0.00,0.00,0.00,0,0,0.00,50,0,0,51,0,0.01,4,0.00,0.03,0.04,59,0.01,0.12,2,0,0.00,0.00,3.00,0.25,97,1,0.12,58,0,1,75,0,46,2,0,0.00,99,0,0.00,0.00,9.00,0.75,3,1,19,54,3.00,0.25,33.33,0,0.00,99,0,0.00,0,0.00,99,0,0.00,0.00,30,0,69,12,0,0,0,0,0,37,51,68,64,0,99,98,13,13,0,0,13,28,0,0
Marlon Douglas de Sales Silva,28,874306800,1997/09/15,Serie B,2026,Forward,Sport Recife,469,287,182,Brazil,15,9,6,0,0,0,2,2,0,0,0,3,1,2,3,3,0,4,0,0.38,0.38,0,0,0,0,0.58,156,31,117,235,0.77,433,9,-1,26,0,6.73,0.13,98,34.23,11.81,53,189,10.00,160,70,28.97,56,0.00,0.00,0.81,13,0.00,1.88,1.63,0.56,9,0.00,0.19,0.00,0.00,0.00,0.12,0.31,0.38,0.00,1.45,0.44,0.62,0.00,0.06,0.03,0.00,0.31,0.00,0.00,0,0,,8,0.50,66,1,0.18,39,7,1.27,78,6,11,4,70,0.00,99,0,2,0.36,26,30,85,5.43,93,0,0.00,99,0,0.00,0,0,0.00,0,2.35,96,10,1.81,76,5,0.91,50.00,0,0.00,0,0,0,0.00,0,6,0.00,90,1.09,48,N/A,N/A,N/A,N/A,0.00,0,0.00,0,0.41,0.00,0,84.66,12.50,24,3,0.50,1.45,8,79,63,0,0,0,0.00,0.00,0,22,107.64,0.56,1.63,9,0,0.00,0.00,99,0.00,0,0,0,0.00,0.00,0,0.00,0.00,0.00,0.00,0,1,0.00,50,10,46,51,91,1.99,98,0.12,0.36,0.41,42,0.03,0.07,86,12,0.75,2.17,1.45,0.50,58,8,0.07,41,45,52,75,0,46,47,0,0.00,99,5,0.00,0.91,11.41,3.94,63,31,79,79,5.61,1.94,49.21,3,0.54,54,0,33.33,0,0.00,99,10,0.62,1.81,96,8,97,95,0,0,0,0,0,86,51,68,64,0,99,26,14,99,3,20,70,31,0,0
Marlon Matheus Lopes do Nascimento,32,761126400,1994/02/13,Serie B,2026,Defender,Cuiabá,1410,728,682,Brazil,18,9,9,1,0,1,0,0,0,0,0,8,5,3,12,5,7,3,1,0.06,0,0.06,0,0.13,1410,0.77,118,78,353,0,0.26,202,314,52,11,0,6.92,0,58,41.94,36.50,73,657,30.50,549,63,35.04,72,0.00,0.00,1.00,18,0.00,2.67,1.53,1.33,24,0.00,0.56,0.00,0.00,0.00,1.50,0.33,0.72,9.00,0.57,0.22,0.56,0.00,0.28,0.08,0.00,0.67,0.00,0.00,0,0,,9,0.50,29,5,0.32,55,4,0.26,21,2,0,18,66,0.00,99,0,27,1.72,95,48,75,3.06,74,0,0.00,99,0,0.00,0,0,0.00,0,1.15,69,10,0.64,38,6,0.38,60.00,0,0.00,0,0,0,0.00,0,13,0.00,73,0.83,23,N/A,N/A,N/A,N/A,0.00,0,0.00,0,1.40,0.00,0,83.56,55.56,94,37,0.56,0.64,10,45,77,0,0,0,0.22,0.26,4,58,124.61,1.83,2.11,33,0,0.00,0.00,99,0.00,0,0,1,0.06,0.06,0,0.00,0.00,0.06,0.06,1,0,11.11,77,74,68,95,75,1.65,49,0.09,0.11,1.40,50,0.08,0.09,38,14,0.78,0.89,0.83,0.72,23,13,0.09,49,77,62,80,0,53,39,0,0.00,99,12,0.00,0.77,6.64,5.78,104,55,29,25,3.51,3.06,52.88,10,0.64,48,0,29.17,0,0.00,99,14,0.78,0.89,81,82,24,54,0,0,0,0,0,41,57,74,64,0,99,85,54,62,2,11,41,6,0,0
Marrony da Silva Liberato,27,918201600,1999/02/05,Serie B,2026,Forward,Atlético GO,1576,877,699,Brazil,20,11,9,3,1,2,2,2,0,0,0,7,4,3,13,7,6,3,0,0.29,0.11,0.17,0.1,0.26,525,0.74,121,79,525,788,0.17,110,116,-1,3,0,7.16,0.1,74,23.59,20.65,23,413,16.65,333,43,19.02,29,0.00,0.00,1.20,24,0.00,0.90,2.00,1.75,35,0.00,1.00,0.00,0.00,0.00,0.55,1.30,0.65,15.00,2.57,1.50,2.20,0.00,0.75,0.27,0.00,0.95,0.00,0.00,0,0,,45,2.25,90,15,0.86,87,30,1.71,91,5,0,20,85,0.00,99,0,11,0.63,44,18,30,1.03,52,0,0.00,99,0,0.00,0,0,0.00,0,1.37,78,44,2.51,87,26,1.48,59.09,0,0.00,0,0,0,0.00,0,13,0.00,77,0.74,16,N/A,N/A,N/A,N/A,0.00,0,0.00,0,5.43,0.00,0,80.63,33.33,66,76,0.25,0.29,5,93,76,0,0,0,0.10,0.11,2,33,143.28,0.70,0.80,14,0,0.00,0.00,99,0.00,0,0,2,0.10,0.11,0,0.00,0.00,0.17,0.15,3,4,6.67,61,82,79,74,77,2.73,74,0.14,0.16,5.43,88,0.27,0.31,84,37,1.85,2.11,1.43,1.25,56,25,0.31,86,95,25,90,0,70,55,0,0.00,99,19,0.00,1.09,11.54,10.10,202,116,90,80,6.62,5.80,57.43,20,1.14,20,0,0.00,0,0.00,99,0,0.00,0.00,30,89,24,91,0,0,0,0,0,78,77,88,68,0,99,67,72,41,3,15,57,9,0,0
Maswel Ananias Silva,24,1014883200,2002/02/28,Serie B,2026,Forward,Athletic Club,1127,565,562,Brazil,16,8,8,2,1,1,2,1,1,0,0,5,3,2,7,5,2,4,0,0.32,0.16,0.16,0.16,0.16,564,0.56,161,70,282,564,0.32,120,75,-1,5,0,6.84,0.12,84,12.18,9.44,2,151,7.00,112,20,9.03,3,0.00,0.00,0.69,11,0.00,2.12,0.73,0.56,9,0.00,0.44,0.00,0.00,0.00,0.19,0.75,0.44,9.50,1.53,0.94,1.44,0.00,0.25,0.15,0.00,0.19,0.00,0.00,0,0,,19,1.19,67,4,0.32,55,15,1.21,76,5,0,16,22,0.00,99,0,3,0.24,19,34,60,2.74,70,0,0.00,99,0,0.00,0,0,0.00,0,0.89,56,23,1.85,77,12,0.97,52.17,0,0.00,0,0,0,0.00,0,7,0.00,92,0.56,5,N/A,N/A,N/A,N/A,0.00,0,0.00,0,2.45,0.00,0,74.17,21.05,37,87,0.12,0.16,2,81,64,0,0,0,0.06,0.08,1,29,109.37,0.25,0.32,4,0,0.00,0.00,99,0.00,0,0,0,0.00,0.00,0,0.00,0.00,0.73,0.56,9,0,10.53,73,58,54,75,93,1.78,66,0.11,0.14,2.45,73,0.15,0.20,88,28,1.75,2.26,0.81,0.62,22,10,0.20,71,63,7,75,0,96,9,0,0.00,99,3,0.00,0.24,7.26,5.62,90,52,47,32,4.19,3.25,57.78,7,0.56,53,0,23.53,0,0.00,99,8,0.50,0.65,72,74,24,91,0,0,0,0,0,81,76,78,75,0,99,57,43,70,4,25,81,11,0,0
Mateus Barbosa Santos,27,916732800,1999/01/19,Serie B,2026,Forward,Cuiabá,168,105,63,Brazil,6,4,2,0,0,0,0,0,0,0,0,4,3,1,2,2,0,1,0,0,0,0,0,0,0,1.07,84,28,168,0,0.54,-1,-1,-1,31,0,6.57,0,58,26.25,8.17,34,49,5.67,34,10,18.21,24,0.00,0.00,0.83,5,0.00,0.83,1.61,0.50,3,0.00,0.33,0.00,0.00,0.00,0.00,0.17,0.33,0.00,4.29,0.50,0.67,0.00,0.83,0.16,0.00,0.00,0.00,0.00,0,0,,8,1.33,99,5,2.68,99,3,1.61,88,3,5,1,70,0.00,99,0,0,0.00,9,5,96,2.68,68,0,0.00,99,0,0.00,0,0,0.00,0,2.68,98,4,2.14,82,1,0.54,25.00,0,0.00,0,0,0,0.00,0,2,0.00,43,1.07,46,N/A,N/A,N/A,N/A,0.00,0,0.00,0,0.94,0.00,0,69.39,62.50,97,46,0.17,0.54,1,59,21,0,1,0,0.00,0.00,0,22,39.42,0.17,0.54,1,0,0.00,0.00,99,0.00,0,1,1,0.17,0.54,0,0.00,0.00,0.00,0.00,0,0,0.00,50,0,3,51,44,0.25,63,0.04,0.13,0.24,60,0.04,0.13,98,7,1.17,3.75,2.14,0.67,87,4,0.50,97,25,16,99,0,46,2,0,0.00,99,0,0.00,0.00,11.25,3.50,21,11,83,78,5.89,1.83,52.38,2,1.07,23,0,60.00,0,0.00,99,3,0.50,1.61,95,0,77,71,0,0,0,0,0,37,51,68,64,0,99,96,19,94,1,17,62,19,0,0
Mateus Ferreira da Silva,31,804754800,1995/07/03,Serie B,2026,Defender,Náutico,773,418,355,Brazil,10,5,5,0,0,0,0,0,0,0,0,3,2,1,12,5,7,4,0,0,0,0,0,0,0,1.4,64,77,193,0,0.47,427,421,171,29,0,6.60,0,58,52.04,44.70,91,447,39.40,394,90,45.87,93,0.00,0.00,0.40,4,0.00,0.00,1.28,1.10,11,0.00,0.10,0.00,0.00,0.00,0.50,0.00,1.20,0.00,0.70,0.60,0.00,0.00,0.00,0.03,0.00,2.20,0.00,0.00,0,0,,6,0.60,36,0,0.00,20,6,0.70,50,3,0,10,53,0.00,99,0,5,0.58,40,0,30,0.00,15,0,0.00,99,0,0.00,0,0,0.00,0,0.47,33,0,0.00,12,0,0.00,0.00,0,0.00,0,0,0,0.00,0,12,0.00,17,1.40,71,N/A,N/A,N/A,N/A,0.00,0,0.00,0,0.32,0.00,0,88.14,0.00,20,41,0.50,0.58,5,17,17,0,0,0,0.20,0.23,2,52,65.97,3.80,4.42,38,0,0.00,0.00,99,0.00,0,0,0,0.00,0.00,0,0.00,0.00,0.00,0.00,0,0,0.00,50,37,20,51,18,1.06,56,0.11,0.12,0.32,29,0.03,0.04,14,3,0.30,0.35,1.16,1.00,40,10,0.04,28,28,85,75,0,46,90,0,0.00,99,22,0.00,2.56,6.64,5.70,57,36,47,25,4.19,3.60,63.16,1,0.12,83,0,0.00,0,0.00,99,0,0.00,0.00,30,47,24,71,0,0,0,0,0,37,51,68,64,0,99,54,22,91,4,40,98,25,0,0
Mateus Quaresma,30,840697200,1996/08/22,Serie B,2026,Defender,Avaí,262,216,46,Brazil,5,3,2,0,0,0,0,0,0,0,0,0,0,0,5,5,0,0,0,0,0,0,0,0,0,1.72,52,52,0,0,0,-1,-1,-1,23,0,5.12,0,58,41.22,24.00,70,120,21.00,105,86,36.07,76,0.00,0.00,0.40,2,0.00,1.20,1.03,0.60,3,0.00,0.20,0.00,0.00,0.00,0.40,0.60,1.00,0.00,0.34,0.20,1.00,0.00,0.00,0.01,0.00,0.40,0.00,0.00,0,0,,1,0.20,19,0,0.00,20,1,0.34,28,2,2,3,38,0.00,99,0,2,0.69,49,6,42,2.06,65,0,0.00,99,0,0.00,0,0,0.00,0,0.69,45,5,1.72,75,3,1.03,60.00,0,0.00,0,0,0,0.00,0,5,0.00,8,1.72,82,N/A,N/A,N/A,N/A,0.00,0,0.00,0,0.05,0.00,0,87.50,0.00,20,70,0.20,0.34,1,83,77,0,0,0,0.00,0.00,0,22,25.62,2.40,4.12,12,1,0.00,0.34,0,0.20,0,0,0,0.00,0.00,0,0.00,0.00,0.00,0.00,0,0,0.00,50,0,2,51,9,0.34,56,0.07,0.12,0.05,19,0.01,0.02,45,3,0.60,1.03,1.37,0.80,53,4,0.02,18,1,84,75,0,46,35,0,0.00,99,2,0.00,0.69,7.56,4.40,22,11,34,36,3.78,2.20,50.00,1,0.34,68,0,16.67,0,0.00,99,1,0.20,0.34,59,3,50,54,0,0,0,0,0,37,51,68,64,0,99,2,13,13,0,0,13,66,0,0
Matheus Albino Carneiro,31,791884800,1995/02/04,Serie B,2026,Goalkeeper,CRB,694,334,360,Brazil,8,4,4,0,0,0,0,0,0,0,0,1,1,0,11,4,7,1,0,0,0,0,0,0,0,1.43,63,87,694,0,0.13,353,334,172,29,0,6.63,0,58,22.44,21.62,20,173,18.38,147,73,19.06,29,0.00,0.00,0.25,2,0.00,0.00,0.00,0.00,0,0.00,0.00,0.00,0.00,1.75,0.00,0.00,3.25,0.00,0.00,0.00,0.00,0.00,0.00,0.00,0.00,0.62,0.00,0.00,0,0,,0,0.00,8,0,0.00,20,0,0.00,8,1,0,8,6,0.00,99,0,0,0.00,9,0,30,0.00,15,0,0.00,99,0,0.00,0,0,0.00,0,0.26,20,0,0.00,12,0,0.00,0.00,0,0.00,0,14,3,1.82,7,26,0.00,15,3.37,94,N/A,N/A,N/A,N/A,53.85,0,0.00,0,0.00,0.00,0,84.97,0.00,20,99,0.00,0.00,0,17,17,0,0,9,0.00,0.00,0,22,53.01,1.25,1.30,10,0,0.00,0.00,99,0.00,0,0,0,0.00,0.00,3,0.38,0.39,0.00,0.00,0,0,0.00,50,30,12,51,16,0.35,11,0.04,0.05,0.00,9,0.00,0.00,17,3,0.38,0.39,0.00,0.00,6,0,0.00,8,31,41,75,30,46,32,0,0.00,99,5,0.00,0.65,0.65,0.62,5,5,5,5,0.65,0.62,100.00,0,0.00,99,0,0.00,0,0.00,99,0,0.00,0.00,30,37,24,36,0,0,0,0,0,37,51,68,64,0,99,12,84,31,1,12,46,12,0,0
Matheus Antunes Ribeiro,33,730454400,1993/02/23,Serie B,2026,Defender,Náutico,815,285,530,Brazil,14,4,10,0,0,0,0,0,0,0,0,4,2,2,10,3,7,3,0,0,0,0,0,0,0,1.1,82,58,272,0,0.33,294,254,129,38,0,6.72,0,58,38.10,24.64,62,345,19.64,275,38,30.37,59,0.00,0.00,0.93,13,0.00,2.64,2.65,1.71,24,0.00,0.43,0.00,0.00,0.00,0.43,0.79,0.71,0.00,0.77,0.43,0.93,0.00,0.07,0.03,0.00,0.36,0.00,0.00,0,0,,7,0.50,41,1,0.11,28,6,0.66,46,3,4,10,97,0.00,99,0,6,0.66,45,37,53,4.09,85,0,0.00,99,0,0.00,0,0,0.00,0,1.44,80,13,1.44,71,11,1.21,84.62,0,0.00,0,0,0,0.00,0,10,0.00,40,1.10,49,N/A,N/A,N/A,N/A,0.00,0,0.00,0,0.38,0.00,0,79.71,14.29,26,19,0.57,0.88,8,88,92,0,0,0,0.14,0.22,2,50,94.04,1.50,2.32,21,1,0.00,0.11,6,0.07,0,0,0,0.00,0.00,0,0.00,0.00,0.22,0.14,2,0,0.00,50,40,41,51,41,1.14,63,0.08,0.13,0.38,29,0.03,0.04,34,7,0.50,0.77,1.44,0.93,57,13,0.04,28,44,66,75,0,76,26,0,0.00,99,5,0.00,0.55,8.83,5.71,80,47,72,52,5.19,3.36,58.75,6,0.66,47,0,21.62,0,0.00,99,8,0.57,0.88,81,47,69,71,0,0,0,0,0,37,51,68,64,0,99,51,41,73,3,21,73,14,0,0
Matheus Araújo,24,1022050800,2002/05/22,Serie B,2026,Midfielder,Ceará,807,560,247,Brazil,16,10,6,2,2,0,0,0,0,0,0,3,2,1,12,8,4,6,0,0.22,0,0.22,0.32,0,404,1.34,67,50,135,0,0.67,86,364,-1,3,0,6.79,0,58,29.55,16.56,40,265,13.75,220,58,24.54,43,0.00,0.00,0.56,9,0.00,1.00,1.00,0.56,9,0.00,0.38,0.00,0.00,0.00,0.38,0.38,0.81,11.50,2.57,1.00,0.75,0.00,0.44,0.18,0.00,0.56,0.00,0.00,0,0,,23,1.44,90,7,0.78,85,16,1.78,93,7,6,10,37,0.00,99,0,6,0.67,47,16,46,1.78,63,0,0.00,99,0,0.00,0,0,0.00,0,1.00,63,12,1.34,68,6,0.67,50.00,0,0.00,0,0,0,0.00,0,13,0.00,20,1.45,75,N/A,N/A,N/A,N/A,0.00,0,0.00,0,2.95,0.00,0,83.02,30.43,54,58,0.25,0.45,4,66,63,0,0,0,0.06,0.11,1,33,108.68,0.44,0.78,7,0,0.00,0.00,99,0.00,0,0,0,0.00,0.00,0,0.00,0.00,0.22,0.12,2,0,8.70,66,39,54,67,21,0.92,43,0.06,0.10,2.95,90,0.18,0.33,72,15,0.94,1.67,1.12,0.62,39,10,0.33,89,53,24,75,0,76,52,0,0.00,99,9,0.00,1.00,8.81,4.94,79,39,51,51,4.35,2.44,49.37,6,0.67,46,0,18.75,0,0.00,99,3,0.19,0.33,59,47,81,99,0,1,0,6,0,70,84,68,87,0,99,22,16,97,6,38,97,8,0,0
Matheus de Oliveira Pimenta,20,1144738800,2006/04/11,Serie B,2026,Defender,Athletic Club,0,0,0,Brazil,0,0,0,0,0,0,0,0,0,0,0,0,0,0,0,0,0,0,0,0,0,0,0,0,0,0,0,0,0,0,0,-1,-1,-1,-1,N/A,N/A,N/A,N/A,N/A,N/A,N/A,N/A,N/A,N/A,N/A,N/A,N/A,N/A,N/A,N/A,N/A,N/A,N/A,N/A,N/A,N/A,N/A,N/A,N/A,N/A,N/A,N/A,N/A,N/A,N/A,N/A,N/A,N/A,N/A,N/A,N/A,N/A,N/A,N/A,N/A,N/A,N/A,N/A,N/A,N/A,N/A,N/A,N/A,N/A,N/A,N/A,N/A,N/A,N/A,N/A,N/A,N/A,N/A,N/A,N/A,N/A,N/A,N/A,N/A,N/A,N/A,N/A,N/A,N/A,N/A,N/A,N/A,N/A,N/A,N/A,N/A,N/A,N/A,N/A,N/A,N/A,N/A,N/A,N/A,N/A,N/A,N/A,N/A,N/A,N/A,N/A,N/A,N/A,N/A,N/A,N/A,N/A,N/A,N/A,N/A,N/A,N/A,N/A,N/A,N/A,N/A,N/A,N/A,N/A,N/A,N/A,N/A,N/A,N/A,N/A,N/A,N/A,N/A,N/A,N/A,N/A,N/A,N/A,N/A,N/A,N/A,N/A,N/A,N/A,N/A,N/A,N/A,N/A,N/A,N/A,N/A,N/A,N/A,N/A,N/A,N/A,N/A,N/A,N/A,N/A,N/A,N/A,N/A,N/A,N/A,N/A,N/A,N/A,N/A,N/A,N/A,N/A,N/A,N/A,N/A,N/A,N/A,N/A,N/A,N/A,N/A,N/A,N/A,N/A,N/A,N/A,N/A,N/A,N/A,N/A,N/A,N/A,N/A,N/A,N/A,N/A,N/A,N/A,N/A,N/A,N/A,N/A,N/A,N/A,N/A,N/A,N/A,N/A,N/A,N/A,N/A,N/A,N/A,N/A,N/A,N/A,N/A,N/A,N/A,N/A,N/A,N/A,N/A,N/A,N/A,N/A,N/A,N/A,N/A,N/A,N/A,N/A,N/A,N/A,N/A,N/A,N/A,N/A
Matheus de Sales Cabral,31,800348400,1995/05/13,Serie B,2026,Midfielder,Botafogo SP,1310,541,769,Brazil,19,9,10,0,0,0,0,0,0,0,0,3,1,2,13,7,6,7,0,0,0,0,0,0,0,0.89,101,69,187,0,0.48,309,330,-1,25,0,6.68,0,58,26.61,20.37,34,387,16.63,316,51,21.73,37,0.00,0.00,0.21,4,0.00,0.16,1.79,1.37,26,0.00,0.37,0.00,0.00,0.00,0.84,0.16,0.79,0.00,0.28,0.21,0.16,0.00,0.00,0.01,0.00,0.74,0.00,0.00,0,0,,4,0.21,14,0,0.00,20,4,0.28,22,2,3,16,77,0.00,99,0,16,1.10,76,3,30,0.21,29,0,0.00,99,0,0.00,0,0,0.00,0,0.28,20,3,0.21,21,3,0.21,100.00,0,0.00,0,0,0,0.00,0,15,0.00,61,1.03,44,N/A,N/A,N/A,N/A,0.00,0,0.00,0,0.22,0.00,0,81.65,0.00,20,70,0.26,0.34,5,30,99,0,0,0,0.42,0.55,8,80,126.94,1.53,1.99,29,0,0.00,0.00,99,0.00,0,0,0,0.00,0.00,0,0.00,0.00,0.00,0.00,0,0,0.00,50,68,74,51,61,0.86,15,0.05,0.06,0.22,19,0.01,0.02,51,17,0.89,1.17,1.72,1.32,73,25,0.02,18,38,60,75,0,46,50,0,0.00,99,14,0.00,0.96,7.36,5.63,107,60,45,34,4.13,3.16,56.07,7,0.48,58,0,0.00,0,0.00,99,0,0.00,0.00,30,74,62,54,0,0,0,0,0,37,51,68,64,0,99,15,22,92,7,37,96,16,0,0
Matheus dos Santos Miranda,26,948268800,2000/01/19,Serie B,2026,Defender,Operário PR,1698,900,798,Brazil,19,10,9,0,0,0,0,0,0,0,0,7,4,3,18,7,11,6,0,0,0,0,0,0,0,0.95,94,89,283,0,0.32,369,356,97,26,0,7.10,0,58,53.06,52.68,93,1001,46.53,884,91,46.86,94,0.00,0.00,0.37,7,0.00,0.11,1.33,1.32,25,0.00,0.16,0.00,0.00,0.00,1.53,0.16,1.11,0.00,0.32,0.21,0.32,0.00,0.11,0.02,0.00,1.42,0.00,0.00,0,0,,6,0.32,17,2,0.11,28,4,0.21,16,1,0,19,56,0.00,99,0,29,1.54,93,2,99,0.11,20,0,0.00,99,0,0.00,0,0,0.00,0,0.37,26,6,0.32,25,3,0.16,50.00,0,0.00,0,0,0,0.00,0,21,0.00,55,1.11,50,N/A,N/A,N/A,N/A,0.00,0,0.00,0,0.40,0.00,0,88.31,33.33,66,73,0.32,0.32,6,27,63,0,0,0,0.53,0.53,10,78,134.83,3.26,3.29,62,0,0.00,0.00,99,0.00,0,0,0,0.00,0.00,0,0.00,0.00,0.05,0.05,1,0,0.00,50,87,74,51,55,1.95,43,0.10,0.10,0.40,19,0.02,0.02,30,13,0.68,0.69,0.90,0.89,27,17,0.02,18,92,78,75,0,49,64,0,0.00,99,27,0.00,1.43,6.04,6.00,114,65,26,18,3.45,3.42,57.02,3,0.16,80,0,100.00,0,0.00,99,2,0.11,0.11,40,86,24,36,0,0,0,0,0,37,51,68,64,0,99,69,43,70,5,26,82,16,0,0
Matheus Henrique Bianqui,28,886233600,1998/01/31,Serie B,2026,Midfielder,Novorizontino,1068,398,670,Brazil,17,7,10,1,1,0,0,0,0,0,0,5,1,4,10,5,5,4,1,0.08,0,0.08,0.23,0,1068,0.84,107,63,267,0,0.34,180,184,-1,10,0,6.80,0,58,31.85,22.24,46,378,16.82,286,23,24.10,42,0.00,0.00,0.35,6,0.00,0.59,1.77,1.24,21,0.00,0.41,0.00,0.00,0.00,1.12,0.18,0.65,31.00,2.61,1.53,0.35,0.00,0.29,0.14,0.00,2.35,0.00,0.00,0,0,,31,1.82,91,5,0.42,65,26,2.19,98,4,4,13,76,0.00,99,0,19,1.60,94,10,78,0.84,48,0,0.00,99,0,0.00,0,0,0.00,0,0.51,37,6,0.51,33,3,0.25,50.00,0,0.00,0,0,0,0.00,0,11,0.00,65,0.93,32,N/A,N/A,N/A,N/A,0.00,0,0.00,0,2.40,0.00,0,75.66,16.13,27,27,0.53,0.76,9,33,63,0,0,0,0.24,0.34,4,64,115.57,0.88,1.26,15,0,0.00,0.00,99,0.00,0,0,1,0.06,0.08,0,0.00,0.00,0.25,0.18,3,0,3.23,51,55,59,91,65,0.97,27,0.06,0.08,2.40,73,0.14,0.20,43,12,0.71,1.01,1.52,1.06,62,18,0.20,71,55,40,84,0,80,97,0,0.00,99,40,0.00,3.37,11.04,7.71,131,73,86,77,6.15,4.29,55.73,7,0.59,52,0,30.00,0,0.00,99,3,0.18,0.25,54,58,69,84,0,0,0,0,0,45,60,68,79,0,99,51,39,75,3,18,65,17,0,0
Matheus Leonardo Sales Cardoso,28,887184000,1998/02/11,Serie B,2026,Midfielder,Atlético GO,549,167,382,Brazil,12,4,8,0,0,0,1,0,1,0,0,3,1,2,8,2,6,1,0,0.16,0.16,0,0,0,0,1.31,69,46,549,549,0.16,379,80,-1,21,0,6.78,0.08,84,24.43,12.67,26,152,9.50,114,22,18.32,26,0.00,0.00,0.75,9,0.00,0.92,1.45,0.75,9,0.00,0.33,0.00,0.00,0.00,0.42,0.67,0.67,0.00,2.09,0.75,1.50,0.00,0.33,0.10,0.00,0.25,0.00,0.00,0,0,,13,1.08,83,4,0.64,79,9,1.45,85,3,6,6,63,0.00,99,0,5,0.80,57,11,32,1.77,62,0,0.00,99,0,0.00,0,0,0.00,0,1.45,81,18,2.89,92,8,1.29,44.44,0,0.00,0,0,0,0.00,0,8,0.00,22,1.29,65,N/A,N/A,N/A,N/A,0.00,0,0.00,0,1.15,0.00,0,75.00,30.77,55,73,0.17,0.32,2,89,44,0,0,0,0.00,0.00,0,22,81.41,0.00,0.00,0,0,0.00,0.00,99,0.00,0,0,1,0.08,0.16,0,0.00,0.00,0.32,0.17,2,0,0.00,50,17,31,51,23,1.15,80,0.10,0.18,1.15,70,0.10,0.18,97,21,1.75,3.38,0.64,0.33,16,4,0.18,68,51,1,95,0,84,22,0,0.00,99,3,0.00,0.48,10.93,5.67,68,41,89,76,6.59,3.42,60.29,4,0.64,48,0,9.09,0,0.00,99,1,0.08,0.16,47,23,81,71,0,0,0,0,0,60,51,68,64,0,99,38,74,39,1,8,30,98,0,0
Matheus Nogueira,28,874738800,1997/09/20,Serie B,2026,Goalkeeper,Ceará,134,90,44,Brazil,2,1,1,0,0,0,0,0,0,0,0,0,0,0,1,1,0,0,0,0,0,0,0,0,0,0.67,134,67,0,0,0,-1,-1,-1,27,0,6.87,0,58,26.19,19.50,33,39,11.50,23,2,15.45,18,0.00,0.00,0.00,0,0.00,0.00,0.00,0.00,0,0.00,0.00,0.00,0.00,2.50,0.50,0.00,3.00,0.00,0.00,0.00,0.00,0.00,0.00,0.00,0.00,1.00,0.00,0.00,0,0,,0,0.00,8,0,0.00,20,0,0.00,8,0,1,1,6,0.00,99,0,1,0.67,47,0,30,0.00,15,0,0.00,99,0,0.00,0,0,0.00,0,0.00,7,0,0.00,12,0,0.00,0.00,0,0.00,0,5,97,3.36,69,6,0.00,86,4.03,96,N/A,N/A,N/A,N/A,83.33,0,0.00,0,0.00,0.00,0,58.97,0.00,20,99,0.00,0.00,0,17,17,0,0,2,0.00,0.00,0,22,13.73,1.50,2.01,3,1,0.00,0.67,0,0.50,0,0,0,0.00,0.00,2,1.00,1.34,0.00,0.00,0,0,0.00,50,0,0,51,86,0.05,4,0.03,0.03,0.00,9,0.00,0.00,2,0,0.00,0.00,0.67,0.50,17,1,0.00,8,68,60,75,97,46,60,0,0.00,99,2,0.00,1.34,2.01,1.50,3,2,7,7,1.34,1.00,66.67,0,0.00,99,0,0.00,0,0.00,99,0,0.00,0.00,30,0,41,12,0,0,0,0,0,37,51,68,64,0,99,2,13,13,0,0,13,22,0,0
Matheus Rossetto,30,833785200,1996/06/03,Serie B,2026,Midfielder,Fortaleza,46,46,0,Brazil,1,1,0,0,0,0,1,1,0,0,0,1,1,0,0,0,0,1,0,1.96,1.96,0,0,0,0,0,0,46,46,46,1.96,-1,-1,-1,15,0,6.89,1,99,74.35,38.00,99,38,36.00,36,99,70.43,99,0.00,0.00,2.00,2,0.00,0.00,0.00,0.00,0,0.00,2.00,0.00,0.00,0.00,1.00,0.00,0.00,0.00,0.00,0.00,0.00,0.00,0.00,0.00,0.00,0.00,0.00,0.00,0,0,,0,0.00,8,0,0.00,20,0,0.00,8,4,0,1,6,0.00,99,0,1,1.96,98,0,30,0.00,15,0,0.00,99,0,0.00,0,0,0.00,0,3.91,99,0,0.00,12,0,0.00,0.00,0,0.00,0,0,0,0.00,0,0,0.00,99,0.00,0,N/A,N/A,N/A,N/A,0.00,0,0.00,0,0.00,0.00,0,94.74,0.00,20,99,0.00,0.00,0,17,17,0,0,0,0.00,0.00,0,22,6.89,0.00,0.00,0,0,0.00,0.00,99,0.00,0,0,0,0.00,0.00,0,0.00,0.00,0.00,0.00,0,0,0.00,50,0,0,51,0,0.75,99,0.75,1.47,0.00,9,0.00,0.00,2,0,0.00,0.00,0.00,0.00,6,0,0.00,8,72,1,75,0,46,2,0,0.00,99,0,0.00,0.00,3.91,2.00,2,0,0,8,0.00,0.00,0.00,2,3.91,0,0,0.00,0,0.00,99,0,0.00,0.00,30,0,24,84,0,0,0,0,0,99,51,68,64,0,99,99,13,99,1,100,99,20,0,0
Matheus Salgueiro Pains,26,935737200,1999/08/27,Serie B,2026,Midfielder,Atlético GO,348,145,203,Brazil,8,4,4,0,0,0,0,0,0,0,0,2,1,1,7,5,2,1,0,0,0,0,0,0,0,1.81,50,44,348,0,0.26,321,303,-1,34,0,6.63,0,58,29.48,14.25,39,114,12.62,101,91,26.12,48,0.00,0.00,0.75,6,0.00,0.00,0.78,0.38,3,0.00,0.25,0.00,0.00,0.00,0.50,0.25,0.88,0.00,1.03,0.25,0.25,0.00,0.25,0.04,0.00,0.38,0.00,0.00,0,0,,4,0.50,52,2,0.52,73,2,0.52,37,8,3,5,24,0.00,99,0,4,1.03,71,0,30,0.00,15,0,0.00,99,0,0.00,0,0,0.00,0,1.55,83,2,0.52,33,2,0.52,100.00,0,0.00,0,0,0,0.00,0,7,0.00,6,1.81,83,N/A,N/A,N/A,N/A,0.00,0,0.00,0,0.34,0.00,0,88.60,50.00,92,2,0.75,1.55,6,59,99,0,0,0,0.12,0.26,1,58,53.02,0.88,1.81,7,0,0.00,0.00,99,0.00,0,0,1,0.12,0.26,0,0.00,0.00,0.00,0.00,0,0,0.00,50,0,12,51,7,0.43,49,0.05,0.11,0.34,50,0.04,0.09,57,5,0.62,1.29,2.33,1.12,90,9,0.09,49,31,56,99,0,46,40,0,0.00,99,3,0.00,0.78,8.53,4.12,33,13,25,48,3.36,1.62,39.39,2,0.52,55,0,0.00,0,0.00,99,0,0.00,0.00,30,16,62,99,0,0,0,0,0,37,51,68,64,0,99,38,53,62,1,12,46,5,0,0
Matheus Salustiano Pires,33,735202800,1993/04/19,Serie B,2026,Defender,São Bernardo,226,46,180,Brazil,3,1,2,0,0,0,0,0,0,0,0,0,0,0,2,0,2,0,0,0,0,0,0,0,0,0.8,113,75,0,0,0,-1,-1,-1,29,0,6.70,0,58,39.03,32.67,65,98,28.00,84,78,33.45,68,0.00,0.00,0.33,1,0.00,0.00,0.80,0.67,2,0.00,0.33,0.00,0.00,0.00,1.33,0.00,0.67,0.00,0.00,0.00,0.00,0.00,0.00,0.00,0.00,1.00,0.00,0.00,0,0,,0,0.00,8,0,0.00,20,0,0.00,8,1,0,3,25,0.00,99,0,4,1.59,94,0,30,0.00,15,0,0.00,99,0,0.00,0,0,0.00,0,0.40,28,0,0.00,12,0,0.00,0.00,0,0.00,0,0,0,0.00,0,2,0.00,69,0.80,20,N/A,N/A,N/A,N/A,0.00,0,0.00,0,0.00,0.00,0,85.71,0.00,20,63,0.33,0.40,1,17,17,0,0,0,1.00,1.19,3,97,20.11,3.33,3.98,10,0,0.00,0.00,99,0.00,0,0,0,0.00,0.00,0,0.00,0.00,0.00,0.00,0,0,0.00,50,0,0,51,69,0.19,27,0.06,0.08,0.00,9,0.00,0.00,18,1,0.33,0.40,0.80,0.67,22,2,0.00,8,41,83,75,0,46,58,0,0.00,99,3,0.00,1.19,5.18,4.33,13,6,10,11,2.39,2.00,46.15,1,0.40,64,0,0.00,0,0.00,99,0,0.00,0.00,30,3,24,36,0,0,0,0,0,37,51,68,64,0,99,2,13,13,0,0,13,5,0,0
Matheus Simonete Bressanelli,33,727084800,1993/01/15,Serie B,2026,Defender,CRB,985,438,547,Brazil,15,6,9,2,1,1,0,0,0,0,0,6,2,4,11,4,7,4,0,0.18,0,0.18,0.21,0.16,493,1.01,90,66,246,0,0.37,106,340,111,4,0,6.40,0,58,55.83,41.07,96,616,35.67,535,83,48.49,95,0.00,0.00,0.27,4,0.00,0.13,1.09,0.80,12,0.00,0.00,0.00,0.00,0.00,0.73,0.00,0.73,3.50,0.63,0.27,0.00,0.00,0.20,0.12,0.00,1.53,0.00,0.00,0,0,,7,0.47,32,3,0.27,49,4,0.36,29,1,4,11,42,0.00,99,0,11,1.00,69,2,30,0.18,26,0,0.00,99,0,0.00,0,0,0.00,0,0.36,25,0,0.00,12,0,0.00,0.00,0,0.00,0,0,0,0.00,0,11,0.00,47,1.00,41,N/A,N/A,N/A,N/A,0.00,0,0.00,0,1.76,0.00,0,86.85,42.86,83,77,0.20,0.27,3,17,17,0,0,0,0.27,0.36,4,66,95.94,4.20,5.71,63,0,0.00,0.00,99,0.00,0,0,0,0.00,0.00,0,0.00,0.00,0.00,0.00,0,0,28.57,98,50,46,73,49,1.51,66,0.10,0.14,1.76,66,0.12,0.16,5,2,0.13,0.18,1.00,0.73,34,11,0.16,65,16,93,75,0,46,83,0,0.00,99,23,0.00,2.08,5.35,3.93,59,34,20,11,3.08,2.27,57.63,0,0.00,99,0,0.00,0,0.00,99,0,0.00,0.00,30,51,69,36,0,0,0,0,0,64,79,78,78,0,99,77,34,80,4,27,85,22,0,0
Matheus Trindade Gonçalves,30,826012800,1996/03/05,Serie B,2026,Midfielder,Operário PR,1620,776,844,Brazil,23,12,11,1,1,0,0,0,0,0,0,8,5,3,20,8,12,2,0,0.06,0,0.06,0.12,0,1620,1.11,81,70,810,0,0.11,203,307,-1,10,0,6.81,0,58,35.59,27.87,55,641,24.83,571,94,31.70,62,0.00,0.00,0.30,7,0.00,0.30,2.28,1.78,41,0.00,0.52,0.00,0.00,0.00,1.04,0.22,0.91,10.00,0.56,0.30,0.39,0.00,0.13,0.06,0.00,1.09,0.00,0.00,0,0,,10,0.43,28,3,0.17,37,7,0.39,31,4,5,18,90,0.00,99,0,24,1.33,89,7,92,0.39,36,0,0.00,99,0,0.00,0,0,0.00,0,0.39,27,9,0.50,32,5,0.28,55.56,0,0.00,0,0,0,0.00,0,21,0.00,40,1.17,56,N/A,N/A,N/A,N/A,0.00,0,0.00,0,1.33,0.00,0,89.08,30.00,53,17,0.74,0.94,17,36,71,0,0,0,0.43,0.56,10,81,156.53,1.48,1.89,34,0,0.00,0.00,99,0.00,0,0,0,0.00,0.00,0,0.00,0.00,0.00,0.00,0,0,10.00,72,85,99,98,40,1.31,20,0.06,0.07,1.33,42,0.06,0.07,68,28,1.22,1.55,1.89,1.48,80,34,0.07,41,58,57,75,0,46,62,0,0.00,99,25,0.00,1.39,9.94,7.78,179,95,75,67,5.27,4.13,53.07,12,0.67,46,0,42.86,0,0.00,99,3,0.13,0.17,48,82,77,84,0,0,0,0,0,41,57,68,72,0,99,67,87,27,2,9,33,39,0,0
Matheus Uchôa,19,1164009600,2006/11/20,Serie B,2026,Midfielder,Náutico,0,0,0,Brazil,0,0,0,0,0,0,0,0,0,0,0,0,0,0,0,0,0,0,0,0,0,0,0,0,0,0,0,0,0,0,0,-1,-1,-1,-1,N/A,N/A,N/A,N/A,N/A,N/A,N/A,N/A,N/A,N/A,N/A,N/A,N/A,N/A,N/A,N/A,N/A,N/A,N/A,N/A,N/A,N/A,N/A,N/A,N/A,N/A,N/A,N/A,N/A,N/A,N/A,N/A,N/A,N/A,N/A,N/A,N/A,N/A,N/A,N/A,N/A,N/A,N/A,N/A,N/A,N/A,N/A,N/A,N/A,N/A,N/A,N/A,N/A,N/A,N/A,N/A,N/A,N/A,N/A,N/A,N/A,N/A,N/A,N/A,N/A,N/A,N/A,N/A,N/A,N/A,N/A,N/A,N/A,N/A,N/A,N/A,N/A,N/A,N/A,N/A,N/A,N/A,N/A,N/A,N/A,N/A,N/A,N/A,N/A,N/A,N/A,N/A,N/A,N/A,N/A,N/A,N/A,N/A,N/A,N/A,N/A,N/A,N/A,N/A,N/A,N/A,N/A,N/A,N/A,N/A,N/A,N/A,N/A,N/A,N/A,N/A,N/A,N/A,N/A,N/A,N/A,N/A,N/A,N/A,N/A,N/A,N/A,N/A,N/A,N/A,N/A,N/A,N/A,N/A,N/A,N/A,N/A,N/A,N/A,N/A,N/A,N/A,N/A,N/A,N/A,N/A,N/A,N/A,N/A,N/A,N/A,N/A,N/A,N/A,N/A,N/A,N/A,N/A,N/A,N/A,N/A,N/A,N/A,N/A,N/A,N/A,N/A,N/A,N/A,N/A,N/A,N/A,N/A,N/A,N/A,N/A,N/A,N/A,N/A,N/A,N/A,N/A,N/A,N/A,N/A,N/A,N/A,N/A,N/A,N/A,N/A,N/A,N/A,N/A,N/A,N/A,N/A,N/A,N/A,N/A,N/A,N/A,N/A,N/A,N/A,N/A,N/A,N/A,N/A,N/A,N/A,N/A,N/A,N/A,N/A,N/A,N/A,N/A,N/A,N/A,N/A,N/A,N/A,N/A
Matías Emanuel Segovia Torales,23,1041667200,2003/01/04,Serie B,2026,Forward,América Mineiro,1183,585,598,Paraguay,18,9,9,3,2,1,3,2,1,0,0,2,1,1,13,9,4,3,0,0.46,0.23,0.23,0.31,0.15,394,0.99,91,66,394,394,0.23,76,36,-1,2,0,7.12,0.17,94,39.83,29.11,69,524,24.67,444,72,33.75,69,0.00,0.00,1.72,31,0.00,3.33,1.22,0.89,16,0.00,0.67,0.00,0.00,0.00,0.50,0.72,0.83,10.00,2.28,1.00,1.78,0.00,0.67,0.23,0.00,0.06,0.00,0.00,0,0,,30,1.67,86,12,0.91,90,18,1.37,81,3,4,14,49,0.00,99,0,9,0.68,48,60,85,4.56,89,0,0.00,99,0,0.00,0,0,0.00,0,2.36,97,32,2.43,86,13,0.99,40.62,0,0.00,0,0,0,0.00,0,15,0.00,50,1.14,53,N/A,N/A,N/A,N/A,0.00,0,0.00,0,4.13,0.00,0,84.73,40.00,78,15,0.72,0.99,13,82,38,0,0,0,0.00,0.00,0,22,128.09,0.39,0.53,7,0,0.00,0.00,99,0.00,0,0,0,0.00,0.00,0,0.00,0.00,0.23,0.17,3,0,10.00,72,61,68,66,51,3.74,95,0.21,0.28,4.13,88,0.23,0.31,46,14,0.78,1.06,0.99,0.72,33,13,0.31,86,93,15,75,0,77,2,0,0.00,99,1,0.00,0.08,7.75,5.67,102,44,25,39,3.34,2.44,43.14,12,0.91,30,0,33.33,0,0.00,99,20,1.11,1.52,95,62,69,71,0,0,0,0,0,91,86,77,86,0,99,8,60,55,3,17,62,77,0,0
Maurício Júnior Lima Rodrigues,25,989564400,2001/05/11,Serie B,2026,Defender,Fortaleza,1433,654,779,Brazil,21,10,11,0,0,0,1,1,0,0,0,10,4,6,12,6,6,3,0,0.06,0.06,0,0,0,0,0.75,119,68,478,1433,0.19,219,158,47,21,0,6.80,0.05,64,38.91,29.25,65,585,24.10,482,55,32.06,64,0.00,0.00,0.75,15,0.00,1.75,2.33,1.75,35,0.00,0.90,0.00,0.00,0.00,0.90,0.85,0.65,0.00,0.86,0.60,1.55,0.00,0.05,0.03,0.00,0.85,0.00,0.00,0,0,,13,0.65,43,1,0.07,22,12,0.80,55,3,4,17,92,0.00,99,0,18,1.20,84,35,57,2.33,66,0,0.00,99,0,0.00,0,0,0.00,0,1.00,63,31,2.06,81,17,1.13,54.84,0,0.00,0,0,0,0.00,0,13,0.00,76,0.86,27,N/A,N/A,N/A,N/A,0.00,0,0.00,0,0.67,0.00,0,82.39,7.69,20,34,0.50,0.67,10,86,69,0,0,0,0.10,0.13,2,35,136.01,1.85,2.46,37,0,0.00,0.00,99,0.00,0,0,0,0.00,0.00,0,0.00,0.00,0.33,0.25,5,0,0.00,50,76,88,51,76,2.01,63,0.10,0.13,0.67,29,0.03,0.04,64,22,1.10,1.46,1.46,1.10,59,22,0.04,28,55,69,75,0,84,57,0,0.00,99,17,0.00,1.13,10.78,8.10,162,91,85,75,6.05,4.55,56.17,18,1.20,18,0,22.86,0,0.00,99,8,0.40,0.53,68,78,69,71,0,0,0,0,0,41,51,68,64,0,99,89,69,45,3,14,55,13,0,0
Mauricio Kozlinski,35,677228400,1991/06/18,Serie B,2026,Goalkeeper,Londrina,2160,990,1170,Brazil,24,11,13,0,0,0,0,0,0,0,0,5,5,0,32,13,19,2,0,0,0,0,0,0,0,1.33,68,90,1080,0,0.08,235,197,161,26,0,6.88,0,58,24.54,24.54,27,589,16.88,405,9,16.88,21,0.00,0.00,0.00,0,0.00,0.00,0.00,0.00,0,0.00,0.00,0.00,0.00,2.92,0.00,0.00,4.38,0.00,0.00,0.00,0.00,0.00,0.00,0.00,0.00,0.46,0.00,0.00,0,0,,0,0.00,8,0,0.00,20,0,0.00,8,0,0,24,6,0.00,99,0,0,0.00,9,0,30,0.00,15,0,0.00,99,0,0.00,0,0,0.00,0,0.00,7,0,0.00,12,0,0.00,0.00,0,0.00,0,70,10,2.92,45,105,0.00,21,4.38,98,N/A,N/A,N/A,N/A,66.67,0,0.00,0,0.00,0.00,0,68.76,0.00,20,99,0.00,0.00,0,17,17,0,0,39,0.00,0.00,0,22,165.05,1.17,1.17,28,0,0.00,0.00,99,0.00,0,0,0,0.00,0.00,18,0.75,0.75,0.00,0.00,0,0,0.00,50,99,99,51,22,0.93,8,0.04,0.04,0.00,9,0.00,0.00,8,6,0.25,0.25,0.00,0.00,6,0,0.00,8,70,39,75,77,46,20,0,0.00,99,11,0.00,0.46,0.71,0.71,17,17,6,5,0.71,0.71,100.00,0,0.00,99,0,0.00,0,0.00,99,0,0.00,0.00,30,99,24,12,0,0,0,0,0,37,51,68,64,0,99,27,91,22,2,8,30,30,0,0
Max Alves da Silva,25,989650800,2001/05/12,Serie B,2026,Midfielder,Sport Recife,4,4,0,Brazil,2,2,0,0,0,0,0,0,0,0,0,1,1,0,0,0,0,0,0,0,0,0,0,0,0,0,0,2,0,0,0,-1,-1,-1,19,0,3.23,0,58,73.64,4.50,99,9,4.00,8,92,65.45,99,0.00,0.00,0.00,0,0.00,1.50,0.00,0.00,0,0.00,0.50,0.00,0.00,0.00,0.00,0.00,0.00,0.00,0.00,0.00,0.50,0.00,0.00,0.00,0.00,0.00,0.00,0.00,0,0,,0,0.00,8,0,0.00,20,0,0.00,8,0,2,0,6,0.00,99,0,0,0.00,9,3,85,24.55,99,0,0.00,99,0,0.00,0,0,0.00,0,0.00,7,1,8.18,99,0,0.00,0.00,0,0.00,0,0,0,0.00,0,0,0.00,99,0.00,0,N/A,N/A,N/A,N/A,0.00,0,0.00,0,0.00,0.00,0,88.89,0.00,20,99,0.00,0.00,0,17,17,0,0,0,0.00,0.00,0,22,6.46,0.00,0.00,0,0,0.00,0.00,99,0.00,0,0,0,0.00,0.00,0,0.00,0.00,0.00,0.00,0,0,0.00,50,0,0,51,0,0.01,27,0.01,0.08,0.00,9,0.00,0.00,2,0,0.00,0.00,16.36,1.00,99,2,0.00,8,0,1,75,0,46,2,0,0.00,99,0,0.00,0.00,40.91,2.50,5,0,0,99,0.00,0.00,0.00,1,8.18,0,0,33.33,0,0.00,99,1,0.50,8.18,99,0,50,12,0,0,0,0,0,37,51,68,64,0,99,92,13,13,0,0,13,8,0,0
Maycon Ribeiro Mattos Ferreira,20,1138262400,2006/01/26,Serie B,2026,Defender,CRB,0,0,0,Brazil,0,0,0,0,0,0,0,0,0,0,0,0,0,0,0,0,0,0,0,0,0,0,0,0,0,0,0,0,0,0,0,-1,-1,-1,-1,N/A,N/A,N/A,N/A,N/A,N/A,N/A,N/A,N/A,N/A,N/A,N/A,N/A,N/A,N/A,N/A,N/A,N/A,N/A,N/A,N/A,N/A,N/A,N/A,N/A,N/A,N/A,N/A,N/A,N/A,N/A,N/A,N/A,N/A,N/A,N/A,N/A,N/A,N/A,N/A,N/A,N/A,N/A,N/A,N/A,N/A,N/A,N/A,N/A,N/A,N/A,N/A,N/A,N/A,N/A,N/A,N/A,N/A,N/A,N/A,N/A,N/A,N/A,N/A,N/A,N/A,N/A,N/A,N/A,N/A,N/A,N/A,N/A,N/A,N/A,N/A,N/A,N/A,N/A,N/A,N/A,N/A,N/A,N/A,N/A,N/A,N/A,N/A,N/A,N/A,N/A,N/A,N/A,N/A,N/A,N/A,N/A,N/A,N/A,N/A,N/A,N/A,N/A,N/A,N/A,N/A,N/A,N/A,N/A,N/A,N/A,N/A,N/A,N/A,N/A,N/A,N/A,N/A,N/A,N/A,N/A,N/A,N/A,N/A,N/A,N/A,N/A,N/A,N/A,N/A,N/A,N/A,N/A,N/A,N/A,N/A,N/A,N/A,N/A,N/A,N/A,N/A,N/A,N/A,N/A,N/A,N/A,N/A,N/A,N/A,N/A,N/A,N/A,N/A,N/A,N/A,N/A,N/A,N/A,N/A,N/A,N/A,N/A,N/A,N/A,N/A,N/A,N/A,N/A,N/A,N/A,N/A,N/A,N/A,N/A,N/A,N/A,N/A,N/A,N/A,N/A,N/A,N/A,N/A,N/A,N/A,N/A,N/A,N/A,N/A,N/A,N/A,N/A,N/A,N/A,N/A,N/A,N/A,N/A,N/A,N/A,N/A,N/A,N/A,N/A,N/A,N/A,N/A,N/A,N/A,N/A,N/A,N/A,N/A,N/A,N/A,N/A,N/A,N/A,N/A,N/A,N/A,N/A,N/A
Maykon Kesley de Jesus Ramalho,20,1133942400,2005/12/07,Serie B,2026,Defender,Novorizontino,1472,601,871,Brazil,17,7,10,0,0,0,1,0,1,0,0,6,2,4,13,6,7,1,0,0.06,0.06,0,0,0,0,0.79,113,87,1472,1472,0.06,267,166,62,17,0,6.81,0.06,64,27.51,26.47,36,450,20.18,343,26,20.97,34,0.00,0.00,0.88,15,0.00,4.88,1.04,1.00,17,0.00,0.59,0.00,0.00,0.00,0.71,0.47,0.88,0.00,0.98,0.59,1.00,0.00,0.35,0.08,0.00,1.71,0.00,0.00,0,0,,16,0.94,50,6,0.37,60,10,0.61,44,1,0,17,39,0.00,99,0,12,0.73,52,83,68,5.07,92,0,0.00,99,0,0.00,0,0,0.00,0,0.92,58,17,1.04,57,8,0.49,47.06,0,0.00,0,0,0,0.00,0,15,0.00,70,0.92,31,N/A,N/A,N/A,N/A,0.00,0,0.00,0,1.39,0.00,0,76.22,37.50,73,51,0.47,0.49,8,57,50,0,0,0,0.06,0.06,1,25,115.77,2.47,2.57,42,0,0.00,0.00,99,0.00,0,0,1,0.06,0.06,0,0.00,0.00,0.12,0.12,2,0,0.00,50,77,59,51,69,2.02,56,0.12,0.12,1.39,46,0.08,0.08,56,21,1.24,1.28,1.35,1.29,53,22,0.08,45,58,70,80,0,63,76,0,0.00,99,29,0.00,1.77,9.11,8.76,149,77,59,57,4.71,4.53,51.68,10,0.61,50,0,26.51,0,0.00,99,22,1.29,1.35,92,78,24,36,0,0,0,0,0,41,51,68,64,0,99,67,96,18,1,6,24,66,0,0
Melquisedeque Costa de Oliveira,20,1154070000,2006/07/28,Serie B,2026,Midfielder,Ceará,1535,920,615,Brazil,22,13,9,4,3,1,3,3,0,0,0,4,3,1,21,12,9,1,0,0.41,0.18,0.23,0.29,0.15,384,1.23,73,70,1535,512,0.06,80,62,-1,1,0,6.98,0.14,88,24.87,18.73,28,412,13.73,302,16,18.23,25,0.00,0.00,1.05,23,0.00,3.59,1.03,0.77,17,0.00,0.86,0.00,0.00,0.00,0.32,1.05,1.00,12.00,2.90,1.41,2.14,0.00,0.77,0.29,0.00,0.18,0.00,0.00,0,0,,48,2.18,94,17,1.03,93,31,1.87,94,4,5,17,38,0.00,99,0,7,0.42,30,79,36,4.77,91,0,0.00,99,0,0.00,0,0,0.00,0,1.39,78,47,2.84,91,23,1.39,48.94,0,0.00,0,0,0,0.00,0,22,0.00,28,1.33,67,N/A,N/A,N/A,N/A,0.00,0,0.00,0,6.39,0.00,0,73.30,35.42,68,62,0.32,0.42,7,91,51,0,0,0,0.05,0.06,1,25,153.56,0.23,0.30,5,0,0.00,0.00,99,0.00,0,0,2,0.09,0.12,0,0.00,0.00,0.24,0.18,4,0,8.33,65,81,95,65,28,3.24,86,0.15,0.20,6.39,94,0.29,0.39,54,20,0.91,1.21,0.66,0.50,17,11,0.39,93,83,6,91,0,79,9,0,0.00,99,4,0.00,0.24,8.93,6.73,148,64,37,53,3.86,2.91,43.24,19,1.15,20,0,12.66,0,0.00,99,10,0.45,0.60,70,78,77,84,0,0,0,0,0,88,86,77,84,0,99,20,97,18,1,5,19,40,0,0
Messias Rodrigues da Silva Junior,31,783849600,1994/11/03,Serie B,2026,Defender,Juventude,1514,990,524,Brazil,19,11,8,1,1,0,0,0,0,0,0,14,10,4,7,1,6,2,0,0.06,0,0.06,0.09,0,1514,0.42,216,80,757,0,0.12,204,441,9,7,0,6.90,0,58,28.89,25.58,39,486,23.05,438,95,26.04,48,0.00,0.00,0.11,2,0.00,0.00,0.65,0.58,11,0.00,0.00,0.00,0.00,0.00,0.79,0.00,0.37,15.00,0.89,0.63,0.00,0.00,0.16,0.09,0.00,1.95,0.00,0.00,0,0,,15,0.79,44,3,0.18,39,12,0.71,51,3,1,18,19,0.00,99,0,15,0.89,63,0,30,0.00,15,0,0.00,99,0,0.00,0,0,0.00,0,0.12,12,0,0.00,12,0,0.00,0.00,0,0.00,0,0,0,0.00,0,7,0.00,98,0.42,2,N/A,N/A,N/A,N/A,0.00,0,0.00,0,1.67,0.00,0,90.12,20.00,36,93,0.05,0.06,1,17,17,0,0,0,0.63,0.71,12,86,131.08,5.53,6.24,105,0,0.00,0.00,99,0.00,0,0,0,0.00,0.00,0,0.00,0.00,0.06,0.05,1,0,6.67,61,80,74,97,98,0.89,11,0.05,0.05,1.67,52,0.09,0.10,15,6,0.32,0.36,1.19,1.05,41,20,0.10,52,73,95,75,0,53,85,0,0.00,99,37,0.00,2.20,5.05,4.47,85,53,22,10,3.15,2.79,62.35,0,0.00,99,0,0.00,0,0.00,99,0,0.00,0.00,30,82,41,71,0,0,0,0,0,41,57,68,66,0,99,98,86,28,2,11,41,4,0,0
Michael Nicolás Ferreira Berrondo,24,1013068800,2002/02/07,Serie B,2026,Forward,Ceará,433,254,179,Uruguay,6,4,2,1,0,1,1,0,1,0,0,1,1,0,7,3,4,0,0,0.42,0.21,0.21,0,0.5,433,1.45,62,72,0,433,0,88,46,-1,14,0,6.95,0.17,91,31.18,25.00,43,150,20.17,121,44,25.15,45,0.00,0.00,0.67,4,0.00,3.00,1.04,0.83,5,0.00,1.67,0.00,0.00,0.00,0.83,1.33,1.17,9.00,1.87,1.00,2.50,0.00,0.50,0.22,0.00,0.33,0.00,0.00,0,0,,9,1.50,77,3,0.62,77,6,1.25,77,2,1,5,39,0.00,99,0,5,1.04,72,18,42,3.74,81,0,0.00,99,0,0.00,0,0,0.00,0,0.83,51,15,3.12,93,8,1.66,53.33,0,0.00,0,0,0,0.00,0,7,0.00,14,1.45,75,N/A,N/A,N/A,N/A,0.00,0,0.00,0,1.30,0.00,0,80.67,33.33,66,38,0.50,0.62,3,96,67,0,0,0,0.00,0.00,0,22,41.69,0.17,0.21,1,0,0.00,0.00,99,0.00,0,0,0,0.00,0.00,0,0.00,0.00,0.21,0.17,1,0,11.11,77,6,3,68,15,0.99,88,0.17,0.21,1.30,83,0.22,0.27,82,10,1.67,2.08,1.25,1.00,46,6,0.27,82,80,3,75,0,75,18,0,0.00,99,2,0.00,0.42,11.64,9.33,56,25,73,81,5.20,4.17,44.64,10,2.08,2,0,16.67,0,0.00,99,3,0.50,0.62,71,16,41,54,0,0,0,0,0,88,83,96,64,0,99,17,13,13,0,0,13,20,0,0
Miguel Morais Silva Santos,21,1118300400,2005/06/09,Serie B,2026,Midfielder,Ponte Preta,298,213,85,Brazil,11,8,3,1,1,0,0,0,0,0,0,1,1,0,7,4,3,3,0,0.3,0,0.3,0.42,0,298,2.11,43,27,99,0,0.91,44,286,-1,9,0,5.90,0,58,18.19,5.70,12,57,4.30,43,22,13.72,13,0.00,0.00,0.20,2,0.00,0.30,1.28,0.40,4,0.00,0.40,0.00,0.00,0.00,0.20,0.40,0.90,9.00,2.87,0.70,0.70,0.00,0.20,0.12,0.00,0.30,0.00,0.00,0,0,,9,0.90,94,2,0.64,79,7,2.23,98,4,10,1,53,0.00,99,0,2,0.64,44,3,30,0.96,51,0,0.00,99,0,0.00,0,0,0.00,0,0.64,43,7,2.23,83,4,1.28,57.14,0,0.00,0,0,0,0.00,0,9,0.00,2,2.87,93,N/A,N/A,N/A,N/A,0.00,0,0.00,0,1.22,0.00,0,75.44,22.22,40,99,0.00,0.00,0,89,73,0,0,0,0.00,0.00,0,22,59.01,0.50,1.60,5,0,0.00,0.00,99,0.00,0,0,0,0.00,0.00,0,0.00,0.00,0.32,0.10,1,0,11.11,77,0,24,59,3,0.18,15,0.02,0.06,1.22,94,0.12,0.39,94,9,0.90,2.87,1.28,0.40,48,4,0.39,93,4,51,75,0,84,50,0,0.00,99,3,0.00,0.96,11.17,3.50,35,19,85,78,6.06,1.90,54.29,4,1.28,15,0,0.00,0,0.00,99,0,0.00,0.00,30,0,95,84,0,0,0,0,0,80,92,68,93,0,99,5,13,99,3,27,85,17,0,0
Mikael Filipe Viana de Sousa,27,927874800,1999/05/28,Serie B,2026,Forward,CRB,1748,810,938,Brazil,22,10,12,15,8,7,3,3,0,0,0,7,3,4,25,10,15,1,0,0.93,0.15,0.77,0.89,0.67,117,1.29,70,79,1748,583,0.05,4,85,-1,1,0,7.32,0.14,83,9.68,8.55,1,188,6.41,141,22,7.26,1,0.00,0.00,0.95,21,0.00,0.59,0.41,0.36,8,0.00,0.95,0.00,0.00,0.00,0.14,0.82,1.14,5.27,4.07,2.00,1.86,0.00,1.59,0.70,0.00,1.18,0.00,0.00,0,0,,79,3.59,99,35,1.80,99,44,2.27,98,1,1,21,12,0.00,99,0,3,0.15,13,13,88,0.67,44,0,0.00,99,0,0.00,0,0,0.00,0,1.08,67,41,2.11,82,18,0.93,43.90,0,0.00,0,0,0,0.00,0,25,0.00,24,1.29,65,N/A,N/A,N/A,N/A,0.00,0,0.00,0,15.44,0.00,0,75.00,44.30,84,78,0.23,0.26,5,80,42,3,0,0,0.00,0.00,0,22,161.03,0.50,0.57,11,0,0.00,0.00,99,0.00,0,3,2,0.09,0.10,0,0.00,0.00,0.41,0.36,8,0,18.99,90,90,95,52,25,2.85,70,0.13,0.15,13.34,99,0.61,0.69,56,24,1.09,1.24,0.93,0.82,30,18,0.79,99,98,17,89,0,87,60,0,0.00,99,26,0.00,1.34,9.01,7.95,175,75,37,55,3.86,3.41,42.86,21,1.08,23,0,38.46,0,0.00,99,5,0.23,0.26,55,94,41,36,0,2,0,9,0,99,99,99,99,0,99,60,98,15,1,5,19,28,0,0
Muriel Gustavo Becker,39,540288000,1987/02/14,Serie B,2026,Goalkeeper,Náutico,2160,990,1170,Brazil,24,11,13,0,0,0,0,0,0,0,0,7,5,2,26,8,18,1,0,0,0,0,0,0,0,1.08,83,90,2160,0,0.04,432,424,122,15,0,6.95,0,58,25.54,25.54,30,613,18.21,437,12,18.21,24,0.00,0.00,0.04,1,0.00,0.00,0.04,0.04,1,0.00,0.00,0.00,0.00,3.33,0.00,0.08,4.46,0.00,0.00,0.00,0.08,0.00,0.00,0.00,0.00,0.21,0.00,0.00,0,0,,0,0.00,8,0,0.00,20,0,0.00,8,0,0,24,6,0.00,99,0,0,0.00,9,0,30,0.00,15,0,0.00,99,0,0.00,0,0,0.00,0,0.04,7,2,0.08,13,2,0.08,100.00,0,0.00,0,80,62,3.33,62,107,0.00,43,4.46,98,N/A,N/A,N/A,N/A,74.77,0,0.00,0,0.00,0.00,0,71.29,0.00,20,93,0.04,0.04,1,19,99,0,0,45,0.00,0.00,0,22,166.74,0.92,0.92,22,0,0.00,0.00,99,0.00,0,0,0,0.00,0.00,6,0.25,0.25,0.00,0.00,0,0,0.00,50,99,99,51,43,0.91,8,0.04,0.04,0.00,9,0.00,0.00,5,4,0.17,0.17,0.00,0.00,6,0,0.00,8,80,28,75,10,46,8,0,0.00,99,5,0.00,0.21,0.50,0.50,12,11,4,4,0.46,0.46,91.67,0,0.00,99,0,0.00,0,0.00,99,0,0.00,0.00,30,99,24,12,0,0,0,0,0,37,51,68,64,0,99,51,99,13,1,4,14,1,0,0
Murillo Carvalho Victorio,19,1160463600,2006/10/10,Serie B,2026,Goalkeeper,Goiás,0,0,0,Brazil,0,0,0,0,0,0,0,0,0,0,0,0,0,0,0,0,0,0,0,0,0,0,0,0,0,0,0,0,0,0,0,-1,-1,-1,-1,N/A,N/A,N/A,N/A,N/A,N/A,N/A,N/A,N/A,N/A,N/A,N/A,N/A,N/A,N/A,N/A,N/A,N/A,N/A,N/A,N/A,N/A,N/A,N/A,N/A,N/A,N/A,N/A,N/A,N/A,N/A,N/A,N/A,N/A,N/A,N/A,N/A,N/A,N/A,N/A,N/A,N/A,N/A,N/A,N/A,N/A,N/A,N/A,N/A,N/A,N/A,N/A,N/A,N/A,N/A,N/A,N/A,N/A,N/A,N/A,N/A,N/A,N/A,N/A,N/A,N/A,N/A,N/A,N/A,N/A,N/A,N/A,N/A,N/A,N/A,N/A,N/A,N/A,N/A,N/A,N/A,N/A,N/A,N/A,N/A,N/A,N/A,N/A,N/A,N/A,N/A,N/A,N/A,N/A,N/A,N/A,N/A,N/A,N/A,N/A,N/A,N/A,N/A,N/A,N/A,N/A,N/A,N/A,N/A,N/A,N/A,N/A,N/A,N/A,N/A,N/A,N/A,N/A,N/A,N/A,N/A,N/A,N/A,N/A,N/A,N/A,N/A,N/A,N/A,N/A,N/A,N/A,N/A,N/A,N/A,N/A,N/A,N/A,N/A,N/A,N/A,N/A,N/A,N/A,N/A,N/A,N/A,N/A,N/A,N/A,N/A,N/A,N/A,N/A,N/A,N/A,N/A,N/A,N/A,N/A,N/A,N/A,N/A,N/A,N/A,N/A,N/A,N/A,N/A,N/A,N/A,N/A,N/A,N/A,N/A,N/A,N/A,N/A,N/A,N/A,N/A,N/A,N/A,N/A,N/A,N/A,N/A,N/A,N/A,N/A,N/A,N/A,N/A,N/A,N/A,N/A,N/A,N/A,N/A,N/A,N/A,N/A,N/A,N/A,N/A,N/A,N/A,N/A,N/A,N/A,N/A,N/A,N/A,N/A,N/A,N/A,N/A,N/A,N/A,N/A,N/A,N/A,N/A,N/A
Murilo Camara Saquetti Chimelo Pereira,19,1162627200,2006/11/04,Serie B,2026,Defender,Goiás,44,44,0,Brazil,1,1,0,0,0,0,0,0,0,0,0,0,0,0,0,0,0,0,0,0,0,0,0,0,0,0,0,44,0,0,0,-1,-1,-1,12,0,6.30,0,58,10.23,5.00,1,5,4.00,4,39,8.18,2,0.00,0.00,0.00,0,0.00,1.00,0.00,0.00,0,0.00,0.00,0.00,0.00,0.00,1.00,0.00,1.00,0.00,0.00,0.00,0.00,0.00,0.00,0.00,0.00,0.00,0.00,0.00,0,0,,0,0.00,8,0,0.00,20,0,0.00,8,0,1,0,6,0.00,99,0,1,2.05,99,1,30,2.05,65,0,0.00,99,0,0.00,0,0,0.00,0,0.00,7,0,0.00,12,0,0.00,0.00,0,0.00,0,0,0,0.00,0,1,0.00,99,2.05,88,N/A,N/A,N/A,N/A,0.00,0,0.00,0,0.00,0.00,0,80.00,0.00,20,99,0.00,0.00,0,17,17,0,0,0,0.00,0.00,0,22,6.30,3.00,6.14,3,0,0.00,0.00,99,0.00,0,0,0,0.00,0.00,0,0.00,0.00,0.00,0.00,0,0,0.00,50,0,0,51,0,0.01,1,0.01,0.02,0.00,9,0.00,0.00,2,0,0.00,0.00,2.05,1.00,84,1,0.00,8,13,95,75,0,46,2,0,0.00,99,0,0.00,0.00,2.05,1.00,1,0,0,7,0.00,0.00,0.00,0,0.00,99,0,0.00,0,0.00,99,0,0.00,0.00,30,0,41,12,0,0,0,0,0,37,51,68,64,0,99,2,13,13,0,0,13,29,0,0
Murilo Henrique Calvacante,27,921484800,1999/03/15,Serie B,2026,Midfielder,Ponte Preta,580,226,354,Brazil,8,4,4,0,0,0,0,0,0,0,0,1,1,0,8,1,7,1,0,0,0,0,0,0,0,1.24,73,73,580,0,0.16,410,400,-1,32,0,6.68,0,58,46.36,38.38,83,307,30.75,246,40,37.15,78,0.00,0.00,0.38,3,0.00,3.38,2.27,1.88,15,0.00,0.25,0.00,0.00,0.00,0.38,0.50,1.12,0.00,0.76,0.50,1.12,0.00,0.12,0.04,0.00,0.25,0.00,0.00,0,0,,5,0.62,40,1,0.15,34,4,0.60,42,6,1,7,89,0.00,99,0,3,0.45,33,27,37,4.08,85,0,0.00,99,0,0.00,0,0,0.00,0,0.45,32,9,1.36,69,4,0.60,44.44,0,0.00,0,0,0,0.00,0,9,0.00,27,1.36,70,N/A,N/A,N/A,N/A,0.00,0,0.00,0,0.34,0.00,0,80.13,20.00,36,8,1.00,1.21,8,63,44,0,0,0,0.12,0.15,1,40,53.47,1.38,1.66,11,0,0.00,0.00,99,0.00,0,0,0,0.00,0.00,0,0.00,0.00,0.15,0.12,1,0,0.00,50,20,12,51,28,0.68,43,0.09,0.10,0.34,34,0.04,0.05,33,5,0.62,0.76,1.51,1.25,61,10,0.05,33,38,54,75,0,68,12,0,0.00,99,2,0.00,0.30,8.31,6.88,55,26,39,45,3.93,3.25,47.27,2,0.30,71,0,14.81,0,0.00,99,4,0.50,0.60,70,30,41,95,0,0,0,0,0,37,51,68,64,0,99,12,76,39,1,12,46,20,0,0
Murilo Rhikman Alves Pimentel,20,1142236800,2006/03/13,Serie B,2026,Midfielder,Sport Recife,0,0,0,Brazil,0,0,0,0,0,0,0,0,0,0,0,0,0,0,0,0,0,0,0,0,0,0,0,0,0,0,0,0,0,0,0,-1,-1,-1,-1,N/A,N/A,N/A,N/A,N/A,N/A,N/A,N/A,N/A,N/A,N/A,N/A,N/A,N/A,N/A,N/A,N/A,N/A,N/A,N/A,N/A,N/A,N/A,N/A,N/A,N/A,N/A,N/A,N/A,N/A,N/A,N/A,N/A,N/A,N/A,N/A,N/A,N/A,N/A,N/A,N/A,N/A,N/A,N/A,N/A,N/A,N/A,N/A,N/A,N/A,N/A,N/A,N/A,N/A,N/A,N/A,N/A,N/A,N/A,N/A,N/A,N/A,N/A,N/A,N/A,N/A,N/A,N/A,N/A,N/A,N/A,N/A,N/A,N/A,N/A,N/A,N/A,N/A,N/A,N/A,N/A,N/A,N/A,N/A,N/A,N/A,N/A,N/A,N/A,N/A,N/A,N/A,N/A,N/A,N/A,N/A,N/A,N/A,N/A,N/A,N/A,N/A,N/A,N/A,N/A,N/A,N/A,N/A,N/A,N/A,N/A,N/A,N/A,N/A,N/A,N/A,N/A,N/A,N/A,N/A,N/A,N/A,N/A,N/A,N/A,N/A,N/A,N/A,N/A,N/A,N/A,N/A,N/A,N/A,N/A,N/A,N/A,N/A,N/A,N/A,N/A,N/A,N/A,N/A,N/A,N/A,N/A,N/A,N/A,N/A,N/A,N/A,N/A,N/A,N/A,N/A,N/A,N/A,N/A,N/A,N/A,N/A,N/A,N/A,N/A,N/A,N/A,N/A,N/A,N/A,N/A,N/A,N/A,N/A,N/A,N/A,N/A,N/A,N/A,N/A,N/A,N/A,N/A,N/A,N/A,N/A,N/A,N/A,N/A,N/A,N/A,N/A,N/A,N/A,N/A,N/A,N/A,N/A,N/A,N/A,N/A,N/A,N/A,N/A,N/A,N/A,N/A,N/A,N/A,N/A,N/A,N/A,N/A,N/A,N/A,N/A,N/A,N/A,N/A,N/A,N/A,N/A,N/A,N/A
Nata Felipe de Amorim Santos,25,991724400,2001/06/05,Serie B,2026,Defender,Atlético GO,285,181,104,Brazil,8,5,3,0,0,0,0,0,0,0,0,2,1,1,4,3,1,2,0,0,0,0,0,0,0,1.26,71,36,143,0,0.63,319,292,154,30,0,5.83,0,58,25.80,9.56,31,86,8.00,72,64,21.60,36,0.00,0.00,0.00,0,0.00,0.22,1.80,0.67,6,0.00,0.22,0.00,0.00,0.00,0.44,0.00,0.56,0.00,0.30,0.00,0.00,0.00,0.11,0.01,0.00,0.56,0.00,0.00,0,0,,1,0.11,16,1,0.30,52,0,0.00,8,5,5,3,77,0.00,99,0,4,1.20,84,2,96,0.60,43,0,0.00,99,0,0.00,0,0,0.00,0,0.00,7,0,0.00,12,0,0.00,0.00,0,0.00,0,0,0,0.00,0,5,0.00,25,1.50,76,N/A,N/A,N/A,N/A,0.00,0,0.00,0,0.13,0.00,0,83.72,100.00,99,75,0.11,0.30,1,17,17,0,0,0,0.44,1.20,4,98,52.43,1.44,3.90,13,0,0.00,0.00,99,0.00,0,0,0,0.00,0.00,0,0.00,0.00,0.00,0.00,0,0,0.00,50,0,12,51,25,0.18,11,0.02,0.05,0.13,29,0.01,0.04,27,2,0.22,0.60,1.80,0.67,77,6,0.04,28,3,81,75,0,46,66,0,0.00,99,5,0.00,1.50,7.80,2.89,26,13,38,40,3.90,1.44,50.00,2,0.60,51,0,50.00,0,0.00,99,1,0.11,0.30,57,3,77,91,0,0,0,0,0,37,51,68,64,0,99,38,17,97,1,12,46,4,0,0
Nathan Camargo dos Santos,21,1122274800,2005/07/25,Serie B,2026,Midfielder,Vila Nova,963,506,457,Brazil,18,7,11,1,0,1,0,0,0,0,0,6,2,4,8,5,3,2,0,0.09,0,0.09,0,0.2,963,0.75,120,54,482,0,0.19,170,349,-1,13,0,6.60,0,58,31.59,18.78,45,338,15.33,276,51,25.79,47,0.00,0.00,0.28,5,0.00,0.33,1.87,1.11,20,0.00,0.28,0.00,0.00,0.00,0.61,0.11,0.61,7.00,0.65,0.33,0.39,0.00,0.06,0.06,0.00,0.50,0.00,0.00,0,0,,7,0.39,34,1,0.09,24,6,0.56,39,2,6,12,80,0.00,99,0,11,1.03,71,6,85,0.56,41,0,0.00,99,0,0.00,0,0,0.00,0,0.47,33,7,0.65,39,2,0.19,28.57,0,0.00,0,0,0,0.00,0,11,0.00,76,1.03,44,N/A,N/A,N/A,N/A,0.00,0,0.00,0,1.01,0.00,0,81.66,14.29,26,8,0.72,1.21,13,29,24,0,0,0,0.17,0.28,3,60,118.83,1.17,1.96,21,0,0.00,0.00,99,0.00,0,0,0,0.00,0.00,0,0.00,0.00,0.00,0.00,0,0,14.29,84,49,68,89,77,0.89,27,0.05,0.08,1.01,50,0.06,0.09,54,13,0.72,1.21,1.68,1.00,70,18,0.09,49,28,60,75,0,46,43,0,0.00,99,9,0.00,0.84,8.13,4.83,87,42,39,42,3.93,2.33,48.28,5,0.47,59,0,33.33,0,0.00,99,2,0.11,0.19,50,55,81,54,0,0,0,0,0,46,62,82,64,0,99,64,69,45,2,11,41,20,0,0
Nathan Cruz da Silva Rosa,19,1171440000,2007/02/14,Serie B,2026,Forward,Cuiabá,0,0,0,Brazil,0,0,0,0,0,0,0,0,0,0,0,0,0,0,0,0,0,0,0,0,0,0,0,0,0,0,0,0,0,0,0,-1,-1,-1,-1,N/A,N/A,N/A,N/A,N/A,N/A,N/A,N/A,N/A,N/A,N/A,N/A,N/A,N/A,N/A,N/A,N/A,N/A,N/A,N/A,N/A,N/A,N/A,N/A,N/A,N/A,N/A,N/A,N/A,N/A,N/A,N/A,N/A,N/A,N/A,N/A,N/A,N/A,N/A,N/A,N/A,N/A,N/A,N/A,N/A,N/A,N/A,N/A,N/A,N/A,N/A,N/A,N/A,N/A,N/A,N/A,N/A,N/A,N/A,N/A,N/A,N/A,N/A,N/A,N/A,N/A,N/A,N/A,N/A,N/A,N/A,N/A,N/A,N/A,N/A,N/A,N/A,N/A,N/A,N/A,N/A,N/A,N/A,N/A,N/A,N/A,N/A,N/A,N/A,N/A,N/A,N/A,N/A,N/A,N/A,N/A,N/A,N/A,N/A,N/A,N/A,N/A,N/A,N/A,N/A,N/A,N/A,N/A,N/A,N/A,N/A,N/A,N/A,N/A,N/A,N/A,N/A,N/A,N/A,N/A,N/A,N/A,N/A,N/A,N/A,N/A,N/A,N/A,N/A,N/A,N/A,N/A,N/A,N/A,N/A,N/A,N/A,N/A,N/A,N/A,N/A,N/A,N/A,N/A,N/A,N/A,N/A,N/A,N/A,N/A,N/A,N/A,N/A,N/A,N/A,N/A,N/A,N/A,N/A,N/A,N/A,N/A,N/A,N/A,N/A,N/A,N/A,N/A,N/A,N/A,N/A,N/A,N/A,N/A,N/A,N/A,N/A,N/A,N/A,N/A,N/A,N/A,N/A,N/A,N/A,N/A,N/A,N/A,N/A,N/A,N/A,N/A,N/A,N/A,N/A,N/A,N/A,N/A,N/A,N/A,N/A,N/A,N/A,N/A,N/A,N/A,N/A,N/A,N/A,N/A,N/A,N/A,N/A,N/A,N/A,N/A,N/A,N/A,N/A,N/A,N/A,N/A,N/A,N/A
Nathan Otávio Ribeiro,36,644310000,1990/06/02,Serie B,2026,Forward,Fortaleza,126,18,108,Brazil,3,1,2,0,0,0,0,0,0,0,0,2,1,1,0,0,0,1,0,0,0,0,0,0,0,0,0,42,126,0,0.71,-1,-1,-1,30,0,6.70,0,58,10.00,4.67,1,14,3.00,9,4,6.43,0,0.00,0.00,1.33,4,0.00,0.00,1.43,0.67,2,0.00,1.00,0.00,0.00,0.00,0.00,0.33,0.00,0.00,2.14,1.00,0.67,0.00,0.00,0.05,0.00,0.00,0.00,0.00,0,0,,3,1.00,84,0,0.00,20,3,2.14,97,3,2,1,62,0.00,99,0,0,0.00,9,0,30,0.00,15,0,0.00,99,0,0.00,0,0,0.00,0,2.86,99,2,1.43,71,1,0.71,50.00,0,0.00,0,0,0,0.00,0,0,0.00,99,0.00,0,N/A,N/A,N/A,N/A,0.00,0,0.00,0,0.14,0.00,0,64.29,0.00,20,31,0.33,0.71,1,69,63,0,0,0,0.00,0.00,0,22,20.09,0.00,0.00,0,0,0.00,0.00,99,0.00,0,0,0,0.00,0.00,0,0.00,0.00,0.00,0.00,0,0,0.00,50,0,0,51,0,0.17,56,0.06,0.12,0.14,52,0.05,0.10,94,4,1.33,2.86,2.86,1.33,97,4,0.10,52,41,1,75,0,46,2,0,0.00,99,0,0.00,0.00,14.29,6.67,20,7,66,93,5.00,2.33,35.00,3,2.14,2,0,0.00,0,0.00,99,0,0.00,0.00,30,0,50,71,0,0,0,0,0,37,51,68,64,0,99,96,15,98,1,33,94,17,0,0
Nathan Raphael Pelae Cardoso,31,800348400,1995/05/13,Serie B,2026,Defender,América Mineiro,813,423,390,Brazil,10,5,5,1,1,0,0,0,0,0,0,1,1,0,16,8,8,3,0,0.11,0,0.11,0.21,0,813,1.77,51,81,271,0,0.33,159,282,191,9,0,6.72,0,58,58.23,52.60,98,526,47.50,475,96,52.58,98,0.00,0.00,0.20,2,0.00,0.10,1.77,1.60,16,0.00,0.40,0.00,0.00,0.00,1.00,0.20,1.80,5.00,0.55,0.20,0.40,0.00,0.30,0.11,0.00,2.50,0.00,0.00,0,0,,5,0.50,27,3,0.33,57,2,0.22,16,1,1,9,76,0.00,99,0,10,1.11,78,1,30,0.11,20,0,0.00,99,0,0.00,0,0,0.00,0,0.22,17,4,0.44,30,2,0.22,50.00,0,0.00,0,0,0,0.00,0,18,0.00,7,1.99,87,N/A,N/A,N/A,N/A,0.00,0,0.00,0,1.07,0.00,0,90.30,60.00,96,72,0.30,0.33,3,31,63,0,0,0,0.50,0.55,5,80,67.19,4.60,5.09,46,0,0.00,0.00,99,0.00,0,0,0,0.00,0.00,0,0.00,0.00,0.11,0.10,1,0,20.00,94,40,20,86,8,0.95,49,0.10,0.11,1.07,59,0.11,0.12,63,13,1.30,1.44,0.89,0.80,27,8,0.12,58,44,90,75,0,61,93,0,0.00,99,25,0.00,2.77,10.30,9.30,93,56,86,71,6.20,5.60,60.22,4,0.44,62,0,0.00,0,0.00,99,0,0.00,0.00,30,42,41,36,0,0,0,0,0,51,66,68,78,0,99,6,40,73,3,30,90,3,0,0
Nathan Santos de Araujo,24,999673200,2001/09/05,Serie B,2026,Defender,Juventude,630,318,312,Brazil,12,5,7,0,0,0,0,0,0,0,0,6,4,2,6,1,5,1,0,0,0,0,0,0,0,0.86,105,53,630,0,0.14,440,415,77,21,0,6.13,0,58,35.14,20.50,54,246,16.67,200,48,28.57,55,0.00,0.00,1.17,14,0.00,1.83,2.43,1.42,17,0.00,1.17,0.00,0.00,0.00,0.50,2.08,0.50,0.00,0.29,0.17,3.42,0.00,0.00,0.01,0.00,0.67,0.00,0.00,0,0,,2,0.17,16,0,0.00,20,2,0.29,24,4,5,7,94,0.00,99,0,6,0.86,61,22,87,3.14,75,0,0.00,99,0,0.00,0,0,0.00,0,2.00,92,41,5.86,99,25,3.57,60.98,0,0.00,0,0,0,0.00,0,6,0.00,64,0.86,27,N/A,N/A,N/A,N/A,0.00,0,0.00,0,0.12,0.00,0,81.30,0.00,20,15,0.58,1.00,7,99,78,0,0,0,0.08,0.14,1,38,73.57,0.75,1.29,9,0,0.00,0.00,99,0.00,0,0,0,0.00,0.00,0,0.00,0.00,0.00,0.00,0,0,0.00,50,26,31,51,64,0.82,56,0.07,0.12,0.12,19,0.01,0.02,27,4,0.33,0.57,1.43,0.83,56,10,0.02,18,10,41,75,0,46,57,0,0.00,99,8,0.00,1.14,15.43,9.00,108,53,96,96,7.57,4.42,49.07,14,2.00,3,0,36.36,0,0.00,99,8,0.67,1.14,87,30,77,84,0,0,0,0,0,37,51,68,64,0,99,92,81,33,1,8,30,22,0,0
Nicolas Araujo da Silva,20,1130482800,2005/10/28,Serie B,2026,Forward,Ponte Preta,32,30,2,Brazil,3,2,1,0,0,0,0,0,0,0,0,0,0,0,0,0,0,0,0,0,0,0,0,0,0,0,0,11,0,0,0,-1,-1,-1,17,0,4.25,0,58,45.00,5.33,80,16,4.00,12,22,33.75,69,0.00,0.00,0.00,0,0.00,0.67,2.81,0.33,1,0.00,0.67,0.00,0.00,0.00,0.67,0.00,0.33,0.00,0.00,0.00,0.00,0.00,0.00,0.00,0.00,0.33,0.00,0.00,0,0,,0,0.00,8,0,0.00,20,0,0.00,8,0,3,0,98,0.00,99,0,2,5.62,99,2,30,5.62,94,0,0.00,99,0,0.00,0,0,0.00,0,0.00,7,0,0.00,12,0,0.00,0.00,0,0.00,0,0,0,0.00,0,1,0.00,99,2.81,93,N/A,N/A,N/A,N/A,0.00,0,0.00,0,0.00,0.00,0,75.00,0.00,20,0,0.33,2.81,1,17,17,0,0,0,0.00,0.00,0,22,12.76,0.00,0.00,0,0,0.00,0.00,99,0.00,0,0,0,0.00,0.00,0,0.00,0.00,0.00,0.00,0,0,0.00,50,0,0,51,0,0.03,27,0.01,0.08,0.00,9,0.00,0.00,93,1,0.33,2.81,5.62,0.67,99,2,0.00,8,0,1,75,0,46,93,0,0.00,99,1,0.00,2.81,28.12,3.33,10,3,99,99,8.44,1.00,30.00,2,5.62,0,0,0.00,0,0.00,99,0,0.00,0.00,30,0,62,12,0,0,0,0,0,37,51,68,64,0,99,2,13,13,0,0,13,7,0,0
Nicolás Cabral,26,939452400,1999/10/09,Serie B,2026,Defender,Avaí,0,0,0,Argentina,0,0,0,0,0,0,0,0,0,0,0,0,0,0,0,0,0,0,0,0,0,0,0,0,0,0,0,0,0,0,0,-1,-1,-1,-1,N/A,N/A,N/A,N/A,N/A,N/A,N/A,N/A,N/A,N/A,N/A,N/A,N/A,N/A,N/A,N/A,N/A,N/A,N/A,N/A,N/A,N/A,N/A,N/A,N/A,N/A,N/A,N/A,N/A,N/A,N/A,N/A,N/A,N/A,N/A,N/A,N/A,N/A,N/A,N/A,N/A,N/A,N/A,N/A,N/A,N/A,N/A,N/A,N/A,N/A,N/A,N/A,N/A,N/A,N/A,N/A,N/A,N/A,N/A,N/A,N/A,N/A,N/A,N/A,N/A,N/A,N/A,N/A,N/A,N/A,N/A,N/A,N/A,N/A,N/A,N/A,N/A,N/A,N/A,N/A,N/A,N/A,N/A,N/A,N/A,N/A,N/A,N/A,N/A,N/A,N/A,N/A,N/A,N/A,N/A,N/A,N/A,N/A,N/A,N/A,N/A,N/A,N/A,N/A,N/A,N/A,N/A,N/A,N/A,N/A,N/A,N/A,N/A,N/A,N/A,N/A,N/A,N/A,N/A,N/A,N/A,N/A,N/A,N/A,N/A,N/A,N/A,N/A,N/A,N/A,N/A,N/A,N/A,N/A,N/A,N/A,N/A,N/A,N/A,N/A,N/A,N/A,N/A,N/A,N/A,N/A,N/A,N/A,N/A,N/A,N/A,N/A,N/A,N/A,N/A,N/A,N/A,N/A,N/A,N/A,N/A,N/A,N/A,N/A,N/A,N/A,N/A,N/A,N/A,N/A,N/A,N/A,N/A,N/A,N/A,N/A,N/A,N/A,N/A,N/A,N/A,N/A,N/A,N/A,N/A,N/A,N/A,N/A,N/A,N/A,N/A,N/A,N/A,N/A,N/A,N/A,N/A,N/A,N/A,N/A,N/A,N/A,N/A,N/A,N/A,N/A,N/A,N/A,N/A,N/A,N/A,N/A,N/A,N/A,N/A,N/A,N/A,N/A,N/A,N/A,N/A,N/A,N/A,N/A
Nicolás Godinho Johann,36,623487600,1989/10/04,Serie B,2026,Forward,Criciúma,627,360,267,Brazil,15,9,6,2,2,0,1,0,1,0,0,4,4,0,7,4,3,2,0,0.43,0.14,0.29,0.5,0,314,1,90,42,314,627,0.29,49,91,-1,5,0,6.25,0.07,80,16.36,7.60,8,114,5.60,84,17,12.06,9,0.00,0.00,0.40,6,0.00,0.20,0.86,0.40,6,0.00,0.53,0.00,0.00,0.00,0.07,0.00,0.47,6.00,1.72,0.47,0.00,0.00,0.33,0.14,0.00,1.20,0.00,0.00,0,0,,12,0.80,73,5,0.72,82,7,1.00,67,3,9,6,30,0.00,99,0,1,0.14,12,3,85,0.43,39,0,0.00,99,0,0.00,0,0,0.00,0,0.86,52,0,0.00,12,0,0.00,0.00,0,0.00,0,0,0,0.00,0,7,0.00,49,1.00,41,N/A,N/A,N/A,N/A,0.00,0,0.00,0,2.17,0.00,0,73.68,41.67,81,60,0.20,0.43,3,17,17,0,0,0,0.00,0.00,0,22,93.82,0.47,1.00,7,0,0.00,0.00,99,0.00,0,0,0,0.00,0.00,0,0.00,0.00,0.86,0.40,6,0,16.67,89,24,46,60,49,0.99,66,0.07,0.14,2.17,88,0.14,0.31,69,11,0.73,1.58,1.00,0.47,34,7,0.31,86,11,32,75,0,98,91,0,0.00,99,18,0.00,2.58,11.20,5.20,78,35,66,78,5.02,2.33,44.87,8,1.15,20,0,33.33,0,0.00,99,1,0.07,0.14,44,23,92,71,0,0,0,0,0,90,91,68,95,0,99,42,49,66,2,13,48,9,0,0
Nicolas Mores da Cruz,29,863938800,1997/05/18,Serie B,2026,Forward,Novorizontino,89,25,64,Brazil,7,3,4,0,0,0,1,0,1,0,0,5,2,3,0,0,0,2,0,1.01,1.01,0,0,0,0,0,0,13,45,89,2.02,-1,-1,-1,26,0,6.56,0.14,99,26.29,3.71,34,26,3.00,21,44,21.24,35,0.00,0.00,0.14,1,0.00,0.29,0.00,0.00,0,0.00,0.14,0.00,0.00,0.00,0.14,0.14,0.14,0.00,1.01,0.00,0.14,0.00,0.14,0.02,0.00,0.29,0.00,0.00,0,0,,1,0.14,51,1,1.01,92,0,0.00,8,2,7,0,6,0.00,99,0,1,1.01,69,2,99,2.02,65,0,0.00,99,0,0.00,0,0,0.00,0,1.01,63,1,1.01,55,1,1.01,100.00,0,0.00,0,0,0,0.00,0,1,0.00,99,1.01,42,N/A,N/A,N/A,N/A,0.00,0,0.00,0,0.15,0.00,0,80.77,100.00,99,0,0.29,2.02,2,83,99,0,0,0,0.29,2.02,2,99,45.93,0.43,3.03,3,0,0.00,0.00,99,0.00,0,0,0,0.00,0.00,0,0.00,0.00,3.03,0.43,3,0,0.00,50,0,8,51,0,0.64,99,0.09,0.65,0.15,65,0.02,0.15,43,1,0.14,1.01,5.06,0.71,99,5,0.15,64,24,76,75,0,99,82,0,0.00,99,2,0.00,2.02,14.16,2.00,14,4,41,93,4.04,0.57,28.57,1,1.01,25,0,100.00,0,0.00,99,2,0.29,2.02,97,0,85,54,0,0,0,0,0,99,51,68,64,0,99,97,13,99,2,29,89,30,0,0
Nicolas Vichiatto da Silva,29,856771200,1997/02/24,Serie B,2026,Defender,Goiás,1588,797,791,Brazil,21,10,11,0,0,0,0,0,0,0,0,5,4,1,21,10,11,6,1,0,0,0,0,0,0,1.19,76,76,265,0,0.34,399,390,146,27,0,6.52,0,58,39.14,32.62,66,685,27.00,567,58,32.40,66,0.00,0.00,0.67,14,0.00,2.90,1.20,1.00,21,0.00,0.52,0.00,0.00,0.00,0.52,0.29,1.05,0.00,0.69,0.48,0.95,0.00,0.10,0.03,0.00,0.57,0.00,0.00,0,0,,12,0.57,36,2,0.11,28,10,0.57,40,6,3,18,48,0.00,99,0,11,0.63,44,61,58,3.49,79,0,0.00,99,0,0.00,0,0,0.00,0,0.80,50,20,1.14,60,6,0.34,30.00,0,0.00,0,0,0,0.00,0,22,0.00,31,1.26,63,N/A,N/A,N/A,N/A,0.00,0,0.00,0,0.71,0.00,0,82.77,16.67,30,56,0.38,0.46,8,42,24,0,0,0,0.14,0.17,3,42,136.97,1.43,1.71,30,0,0.00,0.00,99,0.00,0,0,0,0.00,0.00,0,0.00,0.00,0.06,0.05,1,0,0.00,50,83,88,51,32,1.86,49,0.09,0.11,0.71,29,0.03,0.04,32,13,0.62,0.74,1.43,1.19,56,25,0.04,28,20,55,75,0,53,35,0,0.00,99,12,0.00,0.69,6.86,5.71,120,52,18,28,2.97,2.48,43.33,11,0.63,49,0,22.95,0,0.00,99,14,0.67,0.80,78,82,62,95,0,0,0,0,0,37,51,68,64,0,99,34,39,75,5,24,78,6,0,0
Nilson David Castrillón Burbano,30,822816000,1996/01/28,Serie B,2026,Defender,Novorizontino,928,432,496,Colombia,12,5,7,0,0,0,1,0,1,0,0,5,1,4,7,4,3,4,0,0.1,0.1,0,0,0,0,0.68,133,77,232,928,0.39,228,130,37,32,0,6.28,0.08,72,32.65,28.08,48,337,23.42,281,62,27.22,51,0.00,0.00,0.50,6,0.00,1.67,1.16,1.00,12,0.00,0.25,0.00,0.00,0.00,0.75,0.00,0.67,0.00,0.19,0.17,0.17,0.00,0.00,0.01,0.00,1.25,0.00,0.00,0,0,,2,0.17,10,0,0.00,20,2,0.19,14,6,1,11,47,0.00,99,0,9,0.87,62,20,51,1.94,64,0,0.00,99,0,0.00,0,0,0.00,0,0.58,40,2,0.19,20,0,0.00,0.00,0,0.00,0,0,0,0.00,0,8,0.00,84,0.78,18,N/A,N/A,N/A,N/A,0.00,0,0.00,0,0.11,0.00,0,83.38,0.00,20,65,0.33,0.39,4,17,17,0,0,0,0.42,0.48,5,76,75.34,3.42,3.97,41,0,0.00,0.00,99,0.00,0,0,0,0.00,0.00,0,0.00,0.00,0.00,0.00,0,0,0.00,50,47,31,51,85,1.44,66,0.12,0.14,0.11,13,0.01,0.01,50,12,1.00,1.16,1.55,1.33,64,16,0.01,12,12,83,75,0,46,64,0,0.00,99,15,0.00,1.45,6.88,5.92,71,38,32,28,3.68,3.17,53.52,3,0.29,72,0,20.00,0,0.00,99,4,0.33,0.39,63,51,41,95,0,0,0,0,0,49,51,68,64,0,99,81,31,83,4,33,94,20,0,0
Ocimar de Almeida Júnior,37,605520000,1989/03/10,Serie B,2026,Midfielder,São Bernardo,47,22,25,Brazil,2,1,1,0,0,0,0,0,0,0,0,0,0,0,1,1,0,0,0,0,0,0,0,0,0,1.91,47,24,0,0,0,-1,-1,-1,23,0,9.83,0,58,45.96,12.00,82,24,9.50,19,36,36.38,76,0.00,0.00,0.00,0,0.00,0.00,1.91,0.50,1,0.00,0.50,0.00,0.00,0.00,0.00,0.00,0.50,0.00,1.91,0.50,0.00,0.00,0.00,0.03,0.00,0.00,0.00,0.00,0,0,,1,0.50,78,0,0.00,20,1,1.91,95,0,2,0,81,0.00,99,0,0,0.00,9,0,30,0.00,15,0,0.00,99,0,0.00,0,0,0.00,0,0.00,7,0,0.00,12,0,0.00,0.00,0,0.00,0,0,0,0.00,0,1,0.00,4,1.91,85,N/A,N/A,N/A,N/A,0.00,0,0.00,0,0.06,0.00,0,79.17,0.00,20,99,0.00,0.00,0,17,17,0,0,0,0.00,0.00,0,22,19.66,0.50,1.91,1,0,0.00,0.00,99,0.00,0,0,0,0.00,0.00,0,0.00,0.00,0.00,0.00,0,0,0.00,50,0,0,51,5,0.03,15,0.01,0.06,0.06,56,0.03,0.11,99,3,1.50,5.74,1.91,0.50,81,1,0.11,55,99,58,75,0,46,2,0,0.00,99,0,0.00,0.00,11.49,3.00,6,4,96,79,7.66,2.00,66.67,1,1.91,3,0,0.00,0,0.00,99,0,0.00,0.00,30,0,50,12,0,0,0,0,0,37,51,68,64,0,99,2,13,13,0,0,13,30,0,0
Oluwasegun Samuel Otusanya,22,1088319600,2004/06/27,Serie B,2026,Forward,Athletic Club,205,139,66,Nigeria,6,4,2,0,0,0,0,0,0,0,0,1,1,0,1,1,0,0,0,0,0,0,0,0,0,0.44,205,34,0,0,0,-1,-1,-1,24,0,5.45,0,58,15.73,6.00,7,36,4.33,26,14,11.36,7,0.00,0.00,0.17,1,0.00,0.00,0.00,0.00,0,0.00,0.67,0.00,0.00,0.00,0.00,0.00,0.33,0.00,0.87,0.33,0.33,0.00,0.00,0.02,0.00,1.33,0.00,0.00,0,0,,2,0.33,43,0,0.00,20,2,0.87,59,2,5,1,6,0.00,99,0,0,0.00,9,0,30,0.00,15,0,0.00,99,0,0.00,0,0,0.00,0,0.44,30,2,0.87,49,0,0.00,0.00,0,0.00,0,0,0,0.00,0,2,0.00,97,0.87,27,N/A,N/A,N/A,N/A,0.00,0,0.00,0,0.10,0.00,0,72.22,0.00,20,99,0.00,0.00,0,17,17,0,0,0,0.00,0.00,0,22,32.70,1.00,2.62,6,0,0.00,0.00,99,0.00,0,0,0,0.00,0.00,0,0.00,0.00,0.87,0.33,2,0,0.00,50,0,3,51,97,0.10,8,0.02,0.04,0.10,29,0.02,0.04,98,8,1.33,3.50,2.62,1.00,95,6,0.04,28,1,70,75,0,98,98,0,0.00,99,8,0.00,3.50,12.23,4.67,28,15,88,84,6.55,2.50,53.57,4,1.75,6,0,0.00,0,0.00,99,0,0.00,0.00,30,0,77,54,0,0,0,0,0,37,51,68,64,0,99,17,13,13,0,0,13,21,0,0
Ontilasi Junior de Moraes Rodrigues,28,875862000,1997/10/03,Serie B,2026,Defender,Operário PR,1514,810,704,Brazil,20,11,9,1,1,0,0,0,0,0,0,7,5,2,17,5,12,1,0,0.06,0,0.06,0.11,0,1514,1.01,89,76,1514,0,0.06,199,357,112,6,0,6.82,0,58,31.27,26.30,44,526,21.45,429,50,25.50,46,0.00,0.00,0.55,11,0.00,1.35,1.49,1.25,25,0.00,0.75,0.00,0.00,0.00,1.50,0.80,1.00,23.00,1.37,0.70,1.40,0.00,0.45,0.11,0.00,1.30,0.00,0.00,0,0,,23,1.15,63,9,0.54,74,14,0.83,57,3,3,17,65,0.00,99,0,30,1.78,96,27,76,1.61,61,0,0.00,99,0,0.00,0,0,0.00,0,0.65,43,28,1.66,74,16,0.95,57.14,0,0.00,0,0,0,0.00,0,20,0.00,47,1.19,58,N/A,N/A,N/A,N/A,0.00,0,0.00,0,2.30,0.00,0,81.56,39.13,74,62,0.35,0.42,7,80,73,0,0,0,0.20,0.24,4,55,136.38,2.00,2.38,40,0,0.00,0.00,99,0.00,0,0,0,0.00,0.00,0,0.00,0.00,0.24,0.20,4,0,4.35,53,80,79,97,48,1.56,35,0.08,0.09,2.30,63,0.11,0.14,53,20,1.00,1.19,0.77,0.65,20,13,0.14,62,59,68,75,0,79,69,0,0.00,99,26,0.00,1.55,9.33,7.85,157,86,70,60,5.11,4.30,54.78,15,0.89,31,0,29.63,0,0.00,99,8,0.40,0.48,66,78,62,71,0,0,0,0,0,41,57,68,70,0,99,67,96,18,1,5,19,6,0,0
Otávio Augusto de Paula Passos,33,727603200,1993/01/21,Serie B,2026,Goalkeeper,Avaí,0,0,0,Brazil,0,0,0,0,0,0,0,0,0,0,0,0,0,0,0,0,0,0,0,0,0,0,0,0,0,0,0,0,0,0,0,-1,-1,-1,-1,N/A,N/A,N/A,N/A,N/A,N/A,N/A,N/A,N/A,N/A,N/A,N/A,N/A,N/A,N/A,N/A,N/A,N/A,N/A,N/A,N/A,N/A,N/A,N/A,N/A,N/A,N/A,N/A,N/A,N/A,N/A,N/A,N/A,N/A,N/A,N/A,N/A,N/A,N/A,N/A,N/A,N/A,N/A,N/A,N/A,N/A,N/A,N/A,N/A,N/A,N/A,N/A,N/A,N/A,N/A,N/A,N/A,N/A,N/A,N/A,N/A,N/A,N/A,N/A,N/A,N/A,N/A,N/A,N/A,N/A,N/A,N/A,N/A,N/A,N/A,N/A,N/A,N/A,N/A,N/A,N/A,N/A,N/A,N/A,N/A,N/A,N/A,N/A,N/A,N/A,N/A,N/A,N/A,N/A,N/A,N/A,N/A,N/A,N/A,N/A,N/A,N/A,N/A,N/A,N/A,N/A,N/A,N/A,N/A,N/A,N/A,N/A,N/A,N/A,N/A,N/A,N/A,N/A,N/A,N/A,N/A,N/A,N/A,N/A,N/A,N/A,N/A,N/A,N/A,N/A,N/A,N/A,N/A,N/A,N/A,N/A,N/A,N/A,N/A,N/A,N/A,N/A,N/A,N/A,N/A,N/A,N/A,N/A,N/A,N/A,N/A,N/A,N/A,N/A,N/A,N/A,N/A,N/A,N/A,N/A,N/A,N/A,N/A,N/A,N/A,N/A,N/A,N/A,N/A,N/A,N/A,N/A,N/A,N/A,N/A,N/A,N/A,N/A,N/A,N/A,N/A,N/A,N/A,N/A,N/A,N/A,N/A,N/A,N/A,N/A,N/A,N/A,N/A,N/A,N/A,N/A,N/A,N/A,N/A,N/A,N/A,N/A,N/A,N/A,N/A,N/A,N/A,N/A,N/A,N/A,N/A,N/A,N/A,N/A,N/A,N/A,N/A,N/A,N/A,N/A,N/A,N/A,N/A,N/A
Otávio Bruno dos Santos,23,1046073600,2003/02/24,Serie B,2026,Forward,Athletic Club,444,224,220,Brazil,13,6,7,1,0,1,0,0,0,0,0,4,3,1,6,1,5,4,0,0.2,0,0.2,0,0.41,444,1.22,74,34,111,0,0.81,94,409,-1,9,0,6.62,0,58,20.68,7.85,17,102,6.92,90,91,18.24,25,0.00,0.00,0.62,8,0.00,1.23,1.01,0.38,5,0.00,0.77,0.00,0.00,0.00,0.15,0.62,0.54,10.00,2.03,0.54,1.46,0.00,0.23,0.10,0.00,0.31,0.00,0.00,0,0,,10,0.77,81,3,0.61,76,7,1.42,84,3,9,4,37,0.00,99,0,2,0.41,29,16,31,3.24,76,0,0.00,99,0,0.00,0,0,0.00,0,1.62,84,19,3.85,97,8,1.62,42.11,0,0.00,0,0,0,0.00,0,7,0.00,29,1.42,73,N/A,N/A,N/A,N/A,0.00,0,0.00,0,1.35,0.00,0,88.24,30.00,53,4,0.54,1.42,7,95,40,0,0,0,0.08,0.20,1,46,86.02,0.15,0.41,2,0,0.00,0.00,99,0.00,0,0,0,0.00,0.00,0,0.00,0.00,0.20,0.08,1,0,10.00,72,7,35,69,30,0.50,43,0.04,0.10,1.35,83,0.10,0.27,98,17,1.31,3.45,2.64,1.00,95,13,0.27,82,30,10,75,0,74,42,0,0.00,99,4,0.00,0.81,17.64,6.69,87,33,91,99,6.69,2.54,37.93,10,2.03,3,0,6.25,0,0.00,99,1,0.08,0.20,51,8,92,71,0,0,0,0,0,67,82,94,64,0,99,57,14,99,4,31,91,7,0,0
Otávio Gonçalves de Oliveira,20,1143014400,2006/03/22,Serie B,2026,Midfielder,América Mineiro,173,0,173,Brazil,3,0,3,0,0,0,0,0,0,0,0,0,0,0,5,0,5,1,0,0,0,0,0,0,0,2.6,35,58,173,0,0.52,-1,-1,-1,18,0,6.49,0,58,40.58,26.00,69,78,22.67,68,84,35.38,73,0.00,0.00,0.67,2,0.00,0.67,1.04,0.67,2,0.00,0.00,0.00,0.00,0.00,0.33,0.00,2.00,0.00,1.04,0.67,1.33,0.00,0.00,0.03,0.00,0.00,0.00,0.00,0,0,,2,0.67,52,0,0.00,20,2,1.04,69,0,2,1,39,0.00,99,0,1,0.52,36,2,30,1.04,52,0,0.00,99,0,0.00,0,0,0.00,0,1.04,65,4,2.08,81,0,0.00,0.00,0,0.00,0,0,0,0.00,0,6,0.00,0,3.12,94,N/A,N/A,N/A,N/A,0.00,0,0.00,0,0.08,0.00,0,87.18,0.00,20,13,0.67,1.04,2,17,17,0,0,0,0.67,1.04,2,96,19.47,0.33,0.52,1,0,0.00,0.00,99,0.00,0,0,0,0.00,0.00,0,0.00,0.00,0.00,0.00,0,0,0.00,50,0,0,51,0,0.20,43,0.07,0.10,0.08,29,0.03,0.04,92,5,1.67,2.60,2.08,1.33,85,4,0.04,28,19,14,75,0,46,2,0,0.00,99,0,0.00,0.00,9.36,6.00,18,7,31,60,3.64,2.33,38.89,0,0.00,99,0,0.00,0,0.00,99,0,0.00,0.00,30,0,50,12,0,0,0,0,0,37,51,68,64,0,99,2,20,93,1,33,94,55,0,0
Pablo Dyego da Silva Rosa,32,763113600,1994/03/08,Serie B,2026,Forward,Londrina,813,183,630,Brazil,17,6,11,2,0,2,0,0,0,0,0,4,2,2,11,2,9,0,0,0.22,0,0.22,0,0.29,407,1.22,74,48,0,0,0,84,355,-1,3,0,6.38,0,58,18.02,9.59,12,163,7.71,131,42,14.48,16,0.00,0.00,0.47,8,0.00,0.47,0.88,0.47,8,0.00,0.65,0.00,0.00,0.00,0.35,0.29,0.65,9.00,1.99,0.82,0.59,0.00,0.24,0.14,0.00,0.59,0.00,0.00,0,0,,18,1.06,80,4,0.44,66,14,1.55,86,3,9,8,30,0.00,99,0,6,0.66,45,8,65,0.88,49,0,0.00,99,0,0.00,0,0,0.00,0,0.88,55,10,1.11,60,5,0.55,50.00,0,0.00,0,0,0,0.00,0,11,0.00,29,1.22,60,N/A,N/A,N/A,N/A,0.00,0,0.00,0,2.33,0.00,0,80.37,22.22,40,45,0.29,0.55,5,60,63,0,0,0,0.06,0.11,1,33,108.38,0.88,1.66,15,0,0.00,0.00,99,0.00,0,0,0,0.00,0.00,0,0.00,0.00,1.11,0.59,10,0,11.11,77,40,59,67,30,0.58,15,0.03,0.06,2.33,81,0.14,0.26,91,23,1.35,2.54,2.10,1.12,86,19,0.26,80,15,54,75,0,99,56,0,0.00,99,10,0.00,1.11,10.39,5.53,94,46,69,72,5.09,2.71,48.94,11,1.22,16,0,25.00,0,0.00,99,2,0.12,0.22,52,37,92,71,0,0,0,0,0,70,84,89,64,0,99,34,13,13,0,0,13,22,0,0
Pablo Felipe Teixeira,34,709282800,1992/06/23,Serie B,2026,Forward,Operário PR,1638,964,674,Brazil,21,12,9,5,4,1,3,1,2,0,0,9,6,3,17,10,7,4,0,0.44,0.16,0.27,0.37,0.13,328,0.93,96,78,410,546,0.22,59,78,-1,2,0,6.97,0.14,84,24.78,21.48,27,451,17.05,358,37,19.67,31,0.00,0.00,1.38,29,0.00,0.29,0.38,0.33,7,0.00,1.24,0.00,0.00,0.00,0.33,0.33,0.86,7.80,2.14,1.10,1.05,0.00,0.76,0.30,0.00,0.81,0.00,0.00,0,0,,39,1.86,84,16,0.88,89,23,1.26,77,4,1,20,11,0.00,99,0,7,0.38,27,6,85,0.33,34,0,0.00,99,0,0.00,0,0,0.00,0,1.59,83,22,1.21,63,7,0.38,31.82,0,0.00,0,0,0,0.00,0,18,0.00,57,0.99,40,N/A,N/A,N/A,N/A,0.00,0,0.00,0,6.33,0.00,0,79.38,41.03,79,72,0.29,0.33,6,45,26,0,0,0,0.10,0.11,2,33,146.35,0.57,0.66,12,0,0.00,0.00,99,0.00,0,0,1,0.05,0.05,0,0.00,0.00,0.49,0.43,9,0,12.82,81,86,88,62,57,3.59,86,0.17,0.20,6.33,92,0.30,0.35,83,38,1.81,2.09,1.92,1.67,82,35,0.35,90,82,20,76,0,90,48,0,0.00,99,17,0.00,0.93,9.89,8.57,180,65,30,66,3.57,3.10,36.11,26,1.43,12,0,33.33,0,0.00,99,2,0.10,0.11,40,89,41,84,0,0,0,0,0,90,89,74,91,0,99,84,62,52,4,19,68,92,0,0
Pablo Roberto dos Santos,26,942566400,1999/11/14,Serie B,2026,Midfielder,Juventude,130,0,130,Brazil,3,0,3,1,0,1,0,0,0,0,0,1,0,1,1,0,1,0,0,0.69,0,0.69,0,0.69,130,0.69,130,43,0,0,0,-1,-1,-1,11,0,6.87,0,58,51.92,25.00,91,75,20.33,61,48,42.23,87,0.00,0.00,0.00,0,0.00,0.67,1.38,0.67,2,0.00,0.67,0.00,0.00,0.00,0.00,0.67,0.33,4.00,2.77,0.67,0.67,0.00,0.67,0.32,0.00,0.00,0.00,0.00,0,0,,4,1.33,93,2,1.38,98,2,1.38,82,4,2,1,59,0.00,99,0,0,0.00,9,2,30,1.38,57,0,0.00,99,0,0.00,0,0,0.00,0,0.00,7,2,1.38,69,2,1.38,100.00,0,0.00,0,0,0,0.00,0,1,0.00,84,0.69,11,N/A,N/A,N/A,N/A,0.00,0,0.00,0,0.95,0.00,0,81.33,50.00,92,99,0.00,0.00,0,90,99,0,0,0,0.00,0.00,0,22,20.62,0.00,0.00,0,0,0.00,0.00,99,0.00,0,0,0,0.00,0.00,0,0.00,0.00,0.00,0.00,0,0,25.00,97,0,0,52,84,0.14,43,0.05,0.10,0.95,99,0.32,0.66,98,5,1.67,3.46,3.46,1.67,99,5,0.66,99,68,1,75,0,46,2,0,0.00,99,0,0.00,0.00,12.46,6.00,18,9,86,85,6.23,3.00,50.00,2,1.38,13,0,0.00,0,0.00,99,0,0.00,0.00,30,0,50,84,0,0,0,0,0,98,99,99,64,0,99,64,13,13,0,0,13,7,0,0
Patricio Núñez,27,924505200,1999/04/19,Serie B,2026,Midfielder,Náutico,86,26,60,Argentina,3,1,2,0,0,0,0,0,0,0,0,0,0,0,0,0,0,2,1,0,0,0,0,0,0,0,0,29,43,0,2.09,-1,-1,-1,21,0,6.25,0,58,37.59,11.00,61,33,8.67,26,35,29.62,57,0.00,0.00,0.33,1,0.00,0.67,2.28,0.67,2,0.00,0.67,0.00,0.00,0.00,0.00,0.00,0.00,0.00,2.28,0.67,0.67,0.00,0.00,0.03,0.00,0.00,0.00,0.00,0,0,,2,0.67,86,0,0.00,20,2,2.28,98,0,3,0,90,0.00,99,0,0,0.00,9,2,96,2.28,65,0,0.00,99,0,0.00,0,0,0.00,0,1.14,68,2,2.28,84,0,0.00,0.00,0,0.00,0,0,0,0.00,0,0,0.00,99,0.00,0,N/A,N/A,N/A,N/A,0.00,0,0.00,0,0.09,0.00,0,78.79,0.00,20,99,0.00,0.00,0,17,17,0,0,0,0.00,0.00,0,22,18.74,0.00,0.00,0,0,0.00,0.00,99,0.00,0,0,0,0.00,0.00,0,0.00,0.00,0.00,0.00,0,0,0.00,50,0,0,51,0,0.09,43,0.03,0.10,0.09,52,0.03,0.10,89,2,0.67,2.28,2.28,0.67,89,2,0.10,52,11,1,75,0,46,2,0,0.00,99,0,0.00,0.00,13.67,4.00,12,4,54,91,4.56,1.33,33.33,2,2.28,1,0,50.00,0,0.00,99,1,0.33,1.14,87,0,62,12,0,0,0,0,0,37,51,68,64,0,99,2,13,99,1,33,94,22,0,0
Patrick de Carvalho Brey,29,865494000,1997/06/05,Serie B,2026,Defender,Botafogo SP,1871,791,1080,Brazil,21,9,12,3,1,2,3,2,1,0,0,5,1,4,17,9,8,4,0,0.29,0.14,0.14,0.11,0.17,624,0.82,110,89,468,624,0.19,133,90,71,4,0,6.99,0.14,80,32.28,31.95,46,671,21.90,460,9,22.13,37,0.00,0.00,1.76,37,0.00,4.67,1.97,1.95,41,0.00,1.00,0.00,0.00,0.00,1.24,1.19,0.95,9.00,1.30,0.81,2.52,0.00,0.48,0.18,0.00,1.38,0.00,0.00,0,0,,27,1.29,61,10,0.48,70,17,0.82,56,1,0,21,83,0.00,99,0,26,1.25,85,98,76,4.71,90,0,0.00,99,0,0.00,0,0,0.00,0,1.78,88,53,2.55,88,25,1.20,47.17,0,0.00,0,0,0,0.00,0,20,0.00,67,0.96,36,N/A,N/A,N/A,N/A,0.00,0,0.00,0,3.87,0.00,0,68.55,37.04,71,30,0.71,0.72,15,87,50,0,0,0,0.24,0.24,5,55,146.88,2.86,2.89,60,0,0.00,0.00,99,0.00,0,0,0,0.00,0.00,0,0.00,0.00,0.05,0.05,1,0,11.11,77,95,88,79,68,4.29,88,0.20,0.21,3.87,72,0.18,0.19,89,48,2.29,2.31,1.92,1.90,82,40,0.19,70,84,74,75,0,49,62,0,0.00,99,29,0.00,1.39,13.76,13.62,286,140,91,92,6.73,6.67,48.95,21,1.01,25,0,29.59,0,0.00,99,29,1.38,1.39,93,94,24,36,0,0,0,0,0,78,72,80,70,0,99,34,68,45,4,19,68,6,0,0
Patrick de Lucca Chaves de Oliveira,26,951984000,2000/03/02,Serie B,2026,Midfielder,CRB,838,399,439,Brazil,21,10,11,0,0,0,2,1,1,0,0,7,3,4,18,8,10,1,0,0.21,0.21,0,0,0,0,1.93,47,40,838,419,0.11,259,47,-1,14,0,6.05,0.1,91,56.10,24.90,97,523,21.81,458,86,49.13,95,0.00,0.00,0.52,11,0.00,0.24,1.93,0.86,18,0.00,0.24,0.00,0.00,0.00,0.48,0.00,0.90,0.00,0.97,0.38,0.10,0.00,0.05,0.03,0.00,0.48,0.00,0.00,0,0,,9,0.43,49,1,0.11,28,8,0.86,58,2,14,7,82,0.00,99,0,10,1.07,74,5,30,0.54,41,0,0.00,99,0,0.00,0,0,0.00,0,1.18,71,2,0.21,21,0,0.00,0.00,0,0.00,0,0,0,0.00,0,19,0.00,4,2.04,88,N/A,N/A,N/A,N/A,0.00,0,0.00,0,0.57,0.00,0,87.57,11.11,22,16,0.43,0.97,9,17,17,0,0,0,0.24,0.54,5,79,127.04,0.86,1.93,18,0,0.00,0.00,99,0.00,0,0,0,0.00,0.00,0,0.00,0.00,0.00,0.00,0,0,0.00,50,42,88,51,5,2.54,95,0.12,0.27,0.57,38,0.03,0.06,25,5,0.24,0.54,1.72,0.76,73,16,0.06,37,7,59,75,0,46,54,0,0.00,99,10,0.00,1.07,7.62,3.38,71,33,29,38,3.54,1.57,46.48,5,0.54,54,0,0.00,0,0.00,99,0,0.00,0.00,30,30,99,54,0,0,0,0,0,69,51,68,64,0,99,64,87,27,1,5,19,18,0,0
Patrick Jorge de Oliveira Ferraz,21,1109491200,2005/02/27,Serie B,2026,Defender,Sport Recife,23,23,0,Brazil,1,1,0,0,0,0,0,0,0,0,0,1,1,0,0,0,0,0,0,0,0,0,0,0,0,0,0,23,0,0,0,-1,-1,-1,15,0,6.34,0,58,15.65,4.00,7,4,3.00,3,22,11.74,8,0.00,0.00,0.00,0,0.00,0.00,0.00,0.00,0,0.00,0.00,0.00,0.00,0.00,0.00,0.00,0.00,0.00,0.00,0.00,0.00,0.00,0.00,0.00,0.00,0.00,0.00,0.00,0,0,,0,0.00,8,0,0.00,20,0,0.00,8,0,1,0,6,0.00,99,0,0,0.00,9,0,30,0.00,15,0,0.00,99,0,0.00,0,0,0.00,0,0.00,7,0,0.00,12,0,0.00,0.00,0,0.00,0,0,0,0.00,0,0,0.00,99,0.00,0,N/A,N/A,N/A,N/A,0.00,0,0.00,0,0.00,0.00,0,75.00,0.00,20,99,0.00,0.00,0,17,17,0,0,0,0.00,0.00,0,22,6.34,3.00,11.74,3,0,0.00,0.00,99,0.00,0,0,0,0.00,0.00,0,0.00,0.00,0.00,0.00,0,0,0.00,50,0,0,51,0,0.01,8,0.01,0.04,0.00,9,0.00,0.00,2,0,0.00,0.00,7.83,2.00,99,2,0.00,8,14,99,75,0,46,2,0,0.00,99,0,0.00,0.00,7.83,2.00,2,0,0,40,0.00,0.00,0.00,0,0.00,99,0,0.00,0,0.00,99,0,0.00,0.00,30,0,41,12,0,0,0,0,0,37,51,68,64,0,99,99,13,13,0,0,13,63,0,0
Patrick Marcos de Sousa Freitas,27,923641200,1999/04/09,Serie B,2026,Defender,Novorizontino,1747,900,847,Brazil,21,10,11,1,1,0,0,0,0,0,0,8,3,5,13,7,6,3,0,0.05,0,0.05,0.1,0,1747,0.67,134,83,582,0,0.15,215,217,36,7,0,7.00,0,58,51.31,47.43,90,996,39.43,828,59,42.66,88,0.00,0.00,0.24,5,0.00,0.57,0.88,0.81,17,0.00,0.14,0.00,0.00,0.00,1.14,0.14,0.67,13.00,0.67,0.43,0.29,0.00,0.19,0.08,0.00,2.81,0.00,0.00,0,0,,13,0.62,35,4,0.21,42,9,0.46,35,2,1,20,30,0.00,99,0,24,1.24,85,12,42,0.62,43,0,0.00,99,0,0.00,0,0,0.00,0,0.26,20,6,0.31,24,3,0.15,50.00,0,0.00,0,0,0,0.00,0,14,0.00,86,0.72,14,N/A,N/A,N/A,N/A,0.00,0,0.00,0,1.60,0.00,0,83.13,30.77,55,90,0.10,0.10,2,27,63,0,0,0,0.81,0.88,17,93,146.96,5.38,5.82,113,0,0.00,0.00,99,0.00,0,0,2,0.10,0.10,0,0.00,0.00,0.05,0.05,1,0,7.69,63,90,88,99,86,2.01,43,0.10,0.10,1.60,46,0.08,0.08,36,16,0.76,0.82,1.70,1.57,71,33,0.08,45,85,94,89,0,49,95,0,0.00,99,59,0.00,3.04,8.45,7.81,164,96,65,48,4.95,4.57,58.54,3,0.15,81,0,16.67,0,0.00,99,2,0.10,0.10,39,89,41,54,0,0,0,0,0,38,53,68,68,0,99,73,76,37,3,14,55,4,0,0
Patryck Lanza dos Reis,23,1042876800,2003/01/18,Serie B,2026,Defender,Juventude,461,265,196,Brazil,7,4,3,1,0,1,0,0,0,0,0,6,4,2,4,0,4,1,0,0.2,0,0.2,0,0.46,461,0.78,115,66,461,0,0.2,98,180,54,9,0,6.73,0,58,20.69,15.14,17,106,10.14,71,7,13.86,14,0.00,0.00,0.43,3,0.00,2.43,0.39,0.29,2,0.00,0.00,0.00,0.00,0.00,0.86,0.57,0.57,7.00,1.37,0.57,0.71,0.00,0.43,0.16,0.00,0.43,0.00,0.00,0,0,,7,1.00,63,3,0.59,75,4,0.78,54,2,1,6,11,0.00,99,0,6,1.17,82,17,35,3.32,76,0,0.00,99,0,0.00,0,0,0.00,0,0.59,42,5,0.98,53,4,0.78,80.00,0,0.00,0,0,0,0.00,0,4,0.00,72,0.78,18,N/A,N/A,N/A,N/A,0.00,0,0.00,0,1.15,0.00,0,66.98,42.86,83,26,0.57,0.78,4,73,91,0,0,0,0.00,0.00,0,22,47.10,1.43,1.95,10,0,0.00,0.00,99,0.00,0,0,0,0.00,0.00,0,0.00,0.00,0.20,0.14,1,0,14.29,84,9,8,71,72,0.24,11,0.03,0.05,1.15,77,0.16,0.22,34,4,0.57,0.78,0.98,0.71,32,5,0.22,74,45,60,75,0,74,30,0,0.00,99,3,0.00,0.59,5.08,3.71,26,13,13,10,2.54,1.86,50.00,0,0.00,99,0,11.76,0,0.00,99,2,0.29,0.39,63,23,41,54,0,0,0,0,0,67,82,95,64,0,99,99,67,49,1,14,55,30,0,0
Paulo Henrique Alves de Faria,32,768726000,1994/05/12,Serie B,2026,Goalkeeper,Atlético GO,90,0,90,Brazil,1,0,1,0,0,0,0,0,0,0,0,0,0,0,1,0,1,0,0,0,0,0,0,0,0,1,90,90,0,0,0,-1,-1,-1,18,0,6.49,0,58,19.00,19.00,13,19,16.00,16,66,16.00,19,0.00,0.00,0.00,0,0.00,0.00,0.00,0.00,0,0.00,0.00,0.00,0.00,1.00,0.00,0.00,2.00,0.00,0.00,0.00,0.00,0.00,0.00,0.00,0.00,0.00,0.00,0.00,0,0,,0,0.00,8,0,0.00,20,0,0.00,8,0,0,1,6,0.00,99,0,0,0.00,9,0,30,0.00,15,0,0.00,99,0,0.00,0,0,0.00,0,0.00,7,0,0.00,12,0,0.00,0.00,0,0.00,0,1,0,1.00,0,2,0.00,49,2.00,88,N/A,N/A,N/A,N/A,50.00,0,0.00,0,0.00,0.00,0,84.21,0.00,20,99,0.00,0.00,0,17,17,0,0,1,0.00,0.00,0,22,6.49,0.00,0.00,0,0,0.00,0.00,99,0.00,0,0,0,0.00,0.00,0,0.00,0.00,0.00,0.00,0,0,0.00,50,0,0,51,49,0.03,4,0.03,0.03,0.00,9,0.00,0.00,2,0,0.00,0.00,0.00,0.00,6,0,0.00,8,19,1,75,0,46,2,0,0.00,99,0,0.00,0.00,0.00,0.00,0,0,0,0,0.00,0.00,0.00,0,0.00,99,0,0.00,0,0.00,99,0,0.00,0.00,30,0,24,12,0,0,0,0,0,37,51,68,64,0,99,2,13,13,0,0,13,1,0,0
Paulo Henrique Fagundes dos Anjos,35,671612400,1991/04/14,Serie B,2026,Goalkeeper,Novorizontino,0,0,0,Brazil,0,0,0,0,0,0,0,0,0,0,0,0,0,0,0,0,0,0,0,0,0,0,0,0,0,0,0,0,0,0,0,-1,-1,-1,-1,N/A,N/A,N/A,N/A,N/A,N/A,N/A,N/A,N/A,N/A,N/A,N/A,N/A,N/A,N/A,N/A,N/A,N/A,N/A,N/A,N/A,N/A,N/A,N/A,N/A,N/A,N/A,N/A,N/A,N/A,N/A,N/A,N/A,N/A,N/A,N/A,N/A,N/A,N/A,N/A,N/A,N/A,N/A,N/A,N/A,N/A,N/A,N/A,N/A,N/A,N/A,N/A,N/A,N/A,N/A,N/A,N/A,N/A,N/A,N/A,N/A,N/A,N/A,N/A,N/A,N/A,N/A,N/A,N/A,N/A,N/A,N/A,N/A,N/A,N/A,N/A,N/A,N/A,N/A,N/A,N/A,N/A,N/A,N/A,N/A,N/A,N/A,N/A,N/A,N/A,N/A,N/A,N/A,N/A,N/A,N/A,N/A,N/A,N/A,N/A,N/A,N/A,N/A,N/A,N/A,N/A,N/A,N/A,N/A,N/A,N/A,N/A,N/A,N/A,N/A,N/A,N/A,N/A,N/A,N/A,N/A,N/A,N/A,N/A,N/A,N/A,N/A,N/A,N/A,N/A,N/A,N/A,N/A,N/A,N/A,N/A,N/A,N/A,N/A,N/A,N/A,N/A,N/A,N/A,N/A,N/A,N/A,N/A,N/A,N/A,N/A,N/A,N/A,N/A,N/A,N/A,N/A,N/A,N/A,N/A,N/A,N/A,N/A,N/A,N/A,N/A,N/A,N/A,N/A,N/A,N/A,N/A,N/A,N/A,N/A,N/A,N/A,N/A,N/A,N/A,N/A,N/A,N/A,N/A,N/A,N/A,N/A,N/A,N/A,N/A,N/A,N/A,N/A,N/A,N/A,N/A,N/A,N/A,N/A,N/A,N/A,N/A,N/A,N/A,N/A,N/A,N/A,N/A,N/A,N/A,N/A,N/A,N/A,N/A,N/A,N/A,N/A,N/A,N/A,N/A,N/A,N/A,N/A,N/A
Paulo Henrique Silva Ribeiro,27,932972400,1999/07/26,Serie B,2026,Forward,Fortaleza,301,82,219,Brazil,13,4,9,1,0,1,1,0,1,0,0,6,2,4,1,1,0,1,0,0.6,0.3,0.3,0,0.41,301,0.3,301,23,301,301,0.3,43,20,-1,11,0,6.30,0.08,96,22.35,5.77,20,75,4.62,60,39,17.88,23,0.00,0.00,0.54,7,0.00,1.69,0.60,0.15,2,0.00,0.15,0.00,0.00,0.00,0.08,0.23,0.08,18.00,5.36,0.92,0.46,0.00,0.46,0.16,0.00,0.15,0.00,0.00,0,0,,18,1.38,99,6,1.79,99,12,3.58,99,2,12,1,16,0.00,99,0,1,0.30,22,22,44,6.56,96,0,0.00,99,0,0.00,0,0,0.00,0,2.09,93,6,1.79,75,3,0.89,50.00,0,0.00,0,0,0,0.00,0,1,0.00,98,0.30,1,N/A,N/A,N/A,N/A,0.00,0,0.00,0,2.06,0.00,0,80.00,33.33,66,8,0.31,1.19,4,78,63,0,0,0,0.00,0.00,0,22,81.90,0.23,0.89,3,0,0.00,0.00,99,0.00,0,0,0,0.00,0.00,0,0.00,0.00,0.60,0.15,2,0,5.56,57,0,35,59,99,0.97,96,0.07,0.29,2.06,99,0.16,0.61,83,7,0.54,2.09,0.30,0.08,8,1,0.61,98,13,27,75,0,94,30,0,0.00,99,2,0.00,0.60,9.54,2.46,32,14,47,62,4.17,1.08,43.75,2,0.60,51,0,18.18,0,0.00,99,4,0.31,1.19,88,0,97,54,0,0,0,0,0,97,92,94,64,0,99,87,46,68,1,8,30,77,0,0
Paulo Ricardo Alves Ibelli,22,1088492400,2004/06/29,Serie B,2026,Defender,América Mineiro,390,196,194,Brazil,7,3,4,0,0,0,1,1,0,0,0,1,1,0,10,4,6,1,0,0.23,0.23,0,0,0,0,2.31,39,56,390,390,0.23,385,37,209,35,0,6.57,0.14,94,33.69,20.86,51,146,16.86,118,45,27.23,51,0.00,0.00,1.14,8,0.00,4.57,0.92,0.57,4,0.00,0.57,0.00,0.00,0.00,0.43,0.29,1.43,0.00,0.92,0.29,0.43,0.00,0.29,0.06,0.00,0.29,0.00,0.00,0,0,,4,0.57,46,2,0.46,68,2,0.46,35,0,4,3,32,0.00,99,0,3,0.69,49,32,73,7.38,98,0,0.00,99,0,0.00,0,0,0.00,0,1.85,90,3,0.69,40,2,0.46,66.67,0,0.00,0,0,0,0.00,0,10,0.00,0,2.31,92,N/A,N/A,N/A,N/A,0.00,0,0.00,0,0.39,0.00,0,80.82,50.00,92,1,1.00,1.62,7,53,85,0,0,0,0.00,0.00,0,22,45.96,0.57,0.92,4,0,0.00,0.00,99,0.00,0,0,0,0.00,0.00,0,0.00,0.00,0.00,0.00,0,0,0.00,50,2,8,51,1,1.13,93,0.16,0.26,0.39,50,0.06,0.09,39,4,0.57,0.92,1.38,0.86,53,6,0.09,49,25,28,75,0,46,20,0,0.00,99,2,0.00,0.46,7.38,4.57,32,12,15,34,2.77,1.71,37.50,4,0.92,29,0,28.12,0,0.00,99,9,1.29,2.08,98,3,69,12,0,0,0,0,0,71,51,68,64,0,99,14,59,55,1,14,55,6,0,0
Paulo Ricardo de Souza Babilônia,21,1116831600,2005/05/23,Serie B,2026,Defender,Fortaleza,0,0,0,Brazil,0,0,0,0,0,0,0,0,0,0,0,0,0,0,0,0,0,0,0,0,0,0,0,0,0,0,0,0,0,0,0,-1,-1,-1,-1,N/A,N/A,N/A,N/A,N/A,N/A,N/A,N/A,N/A,N/A,N/A,N/A,N/A,N/A,N/A,N/A,N/A,N/A,N/A,N/A,N/A,N/A,N/A,N/A,N/A,N/A,N/A,N/A,N/A,N/A,N/A,N/A,N/A,N/A,N/A,N/A,N/A,N/A,N/A,N/A,N/A,N/A,N/A,N/A,N/A,N/A,N/A,N/A,N/A,N/A,N/A,N/A,N/A,N/A,N/A,N/A,N/A,N/A,N/A,N/A,N/A,N/A,N/A,N/A,N/A,N/A,N/A,N/A,N/A,N/A,N/A,N/A,N/A,N/A,N/A,N/A,N/A,N/A,N/A,N/A,N/A,N/A,N/A,N/A,N/A,N/A,N/A,N/A,N/A,N/A,N/A,N/A,N/A,N/A,N/A,N/A,N/A,N/A,N/A,N/A,N/A,N/A,N/A,N/A,N/A,N/A,N/A,N/A,N/A,N/A,N/A,N/A,N/A,N/A,N/A,N/A,N/A,N/A,N/A,N/A,N/A,N/A,N/A,N/A,N/A,N/A,N/A,N/A,N/A,N/A,N/A,N/A,N/A,N/A,N/A,N/A,N/A,N/A,N/A,N/A,N/A,N/A,N/A,N/A,N/A,N/A,N/A,N/A,N/A,N/A,N/A,N/A,N/A,N/A,N/A,N/A,N/A,N/A,N/A,N/A,N/A,N/A,N/A,N/A,N/A,N/A,N/A,N/A,N/A,N/A,N/A,N/A,N/A,N/A,N/A,N/A,N/A,N/A,N/A,N/A,N/A,N/A,N/A,N/A,N/A,N/A,N/A,N/A,N/A,N/A,N/A,N/A,N/A,N/A,N/A,N/A,N/A,N/A,N/A,N/A,N/A,N/A,N/A,N/A,N/A,N/A,N/A,N/A,N/A,N/A,N/A,N/A,N/A,N/A,N/A,N/A,N/A,N/A,N/A,N/A,N/A,N/A,N/A,N/A
Paulo Roberto Moccelin,32,763804800,1994/03/16,Serie B,2026,Forward,Londrina,978,451,527,Brazil,21,10,11,2,2,0,2,1,1,0,0,4,4,0,14,6,8,3,0,0.37,0.18,0.18,0.4,0,489,1.29,70,47,326,489,0.28,103,59,-1,7,0,6.73,0.1,88,26.13,13.52,33,284,9.62,202,11,18.59,27,0.00,0.00,1.14,24,0.00,2.19,2.02,1.05,22,0.00,0.67,0.00,0.00,0.00,0.24,0.76,0.86,11.50,2.12,0.86,1.90,0.00,0.24,0.13,0.00,0.29,0.00,0.00,0,0,,23,1.10,84,5,0.46,68,18,1.66,90,4,11,10,86,0.00,99,0,5,0.46,34,46,38,4.23,86,0,0.00,99,0,0.00,0,0,0.00,0,2.21,96,40,3.68,97,16,1.47,40.00,0,0.00,0,0,0,0.00,0,18,0.00,24,1.66,81,N/A,N/A,N/A,N/A,0.00,0,0.00,0,2.80,0.00,0,71.13,21.74,38,11,0.57,1.10,12,92,38,0,0,0,0.14,0.28,3,60,141.23,0.33,0.64,7,0,0.00,0.00,99,0.00,0,0,0,0.00,0.00,0,0.00,0.00,0.18,0.10,2,0,8.70,66,50,88,72,25,2.58,92,0.12,0.24,2.80,81,0.13,0.26,65,16,0.76,1.47,1.84,0.95,79,20,0.26,80,45,19,75,0,71,26,0,0.00,99,6,0.00,0.55,13.53,7.00,147,59,77,91,5.43,2.81,40.14,14,1.29,15,0,15.22,0,0.00,99,7,0.33,0.64,72,47,97,84,0,0,0,0,0,84,79,68,92,0,99,22,51,64,3,14,55,18,0,0
Paulo Sérgio Luiz de Souza,37,613551600,1989/06/11,Serie B,2026,Forward,Náutico,334,180,154,Brazil,6,3,3,1,0,1,1,0,1,0,0,2,2,0,4,2,2,1,0,0.54,0.27,0.27,0,0.58,334,1.08,84,56,334,334,0.27,56,25,-1,6,0,6.86,0.17,95,18.05,11.17,12,67,8.83,53,35,14.28,15,0.00,0.00,0.50,3,0.00,0.83,0.27,0.17,1,0.00,0.83,0.00,0.00,0.00,0.00,0.00,0.67,13.00,3.50,1.67,0.33,0.00,0.50,0.24,0.00,0.67,0.00,0.00,0,0,,13,2.17,98,3,0.81,86,10,2.69,99,6,3,3,9,0.00,99,0,0,0.00,9,5,90,1.35,57,0,0.00,99,0,0.00,0,0,0.00,0,0.81,51,2,0.54,33,0,0.00,0.00,0,0.00,0,0,0,0.00,0,4,0.00,43,1.08,47,N/A,N/A,N/A,N/A,0.00,0,0.00,0,1.43,0.00,0,79.10,23.08,41,46,0.33,0.54,2,17,17,0,0,0,0.00,0.00,0,22,41.19,0.17,0.27,1,0,0.00,0.00,99,0.00,0,0,0,0.00,0.00,0,0.00,0.00,0.27,0.17,1,0,7.69,63,0,3,62,44,0.79,88,0.13,0.21,1.43,94,0.24,0.39,58,5,0.83,1.35,1.89,1.17,80,7,0.39,93,66,4,75,0,81,55,0,0.00,99,4,0.00,1.08,8.08,5.00,30,10,14,41,2.69,1.67,33.33,5,1.35,14,0,40.00,0,0.00,99,2,0.33,0.54,68,3,62,95,0,0,0,0,0,95,89,97,64,0,99,64,51,62,1,17,62,9,0,0
Paulo Victor Ferreira de Jesus,25,985161600,2001/03/21,Serie B,2026,Forward,América Mineiro,722,378,344,Brazil,15,8,7,2,1,1,1,1,0,0,0,3,2,1,10,4,6,3,0,0.37,0.12,0.25,0.24,0.26,361,1.25,72,48,241,722,0.37,69,107,-1,4,0,6.30,0.07,76,15.21,8.13,7,122,6.07,91,20,11.34,7,0.00,0.00,0.73,11,0.00,0.60,1.50,0.80,12,0.00,0.53,0.00,0.00,0.00,0.33,0.13,0.73,9.00,2.24,0.53,0.80,0.00,0.67,0.19,0.00,1.07,0.00,0.00,0,0,,18,1.20,86,10,1.25,96,8,1.00,67,1,8,7,65,0.00,99,0,5,0.62,43,9,35,1.12,55,0,0.00,99,0,0.00,0,0,0.00,0,1.37,78,12,1.50,72,2,0.25,16.67,0,0.00,0,0,0,0.00,0,11,0.00,26,1.37,70,N/A,N/A,N/A,N/A,0.00,0,0.00,0,2.83,0.00,0,74.59,55.56,94,68,0.20,0.37,3,33,17,0,0,0,0.13,0.25,2,56,94.44,0.93,1.75,14,0,0.00,0.00,99,0.00,0,0,0,0.00,0.00,0,0.00,0.00,0.25,0.13,2,0,11.11,77,32,46,64,27,1.19,70,0.08,0.15,2.83,92,0.19,0.35,88,18,1.20,2.24,3.12,1.67,98,25,0.35,90,13,56,75,0,80,82,0,0.00,99,16,0.00,1.99,14.96,8.00,120,48,84,95,5.98,3.20,40.00,8,1.00,26,0,11.11,0,0.00,99,1,0.07,0.12,41,30,90,36,0,0,0,0,0,84,88,88,80,0,99,26,33,80,3,20,70,20,0,0
Paulo Vitor Fagundes dos Anjos,37,596102400,1988/11/21,Serie B,2026,Goalkeeper,Atlético GO,1890,1080,810,Brazil,21,12,9,0,0,0,0,0,0,0,0,7,4,3,19,11,8,3,0,0,0,0,0,0,0,0.9,99,90,630,0,0.14,343,305,88,25,0,7.12,0,58,25.55,25.55,30,511,15.05,301,2,15.05,17,0.00,0.00,0.20,4,0.00,0.00,0.00,0.00,0,0.00,0.00,0.00,0.00,3.35,0.00,0.00,4.30,0.00,0.00,0.00,0.00,0.00,0.00,0.00,0.00,0.45,0.00,0.00,0,0,,0,0.00,8,0,0.00,20,0,0.00,8,0,0,21,6,0.00,99,0,0,0.00,9,0,30,0.00,15,0,0.00,99,0,0.00,0,0,0.00,0,0.20,15,0,0.00,12,0,0.00,0.00,0,0.00,0,67,83,3.35,66,86,0.00,60,4.30,97,N/A,N/A,N/A,N/A,77.91,0,0.00,0,0.00,0.00,0,58.90,0.00,20,99,0.00,0.00,0,17,17,0,0,43,0.05,0.05,1,23,142.35,1.15,1.15,23,0,0.00,0.00,99,0.00,0,0,0,0.00,0.00,10,0.50,0.50,0.00,0.00,0,0,0.00,50,96,88,51,59,0.80,8,0.04,0.04,0.00,9,0.00,0.00,14,7,0.35,0.35,0.00,0.00,6,0,0.00,8,93,38,75,43,46,20,0,0.00,99,9,0.00,0.45,0.65,0.65,13,13,5,5,0.65,0.65,100.00,0,0.00,99,0,0.00,0,0.00,99,0,0.00,0.00,30,94,24,12,0,0,0,0,0,37,51,68,64,0,99,64,81,33,3,14,55,1,0,0
Paulo Vitor Monteiro,21,1093503600,2004/08/26,Serie B,2026,Midfielder,Avaí,1057,402,655,Brazil,19,8,11,2,2,0,0,0,0,0,0,5,3,2,17,8,9,8,0,0.17,0,0.17,0.45,0,529,1.45,62,56,132,0,0.68,112,446,-1,7,0,6.66,0,58,42.61,26.32,76,500,20.84,396,36,33.75,69,0.00,0.00,0.21,4,0.00,0.16,2.73,1.68,32,0.00,0.32,0.00,0.00,0.00,0.53,0.37,1.05,2.50,0.43,0.16,0.89,0.00,0.11,0.08,0.00,1.11,0.00,0.00,0,0,,5,0.26,23,2,0.17,37,3,0.26,21,2,9,10,98,0.00,99,0,10,0.85,60,3,30,0.26,31,0,0.00,99,0,0.00,0,0,0.00,0,0.34,24,17,1.45,72,7,0.60,41.18,0,0.00,0,0,0,0.00,0,20,0.00,14,1.70,82,N/A,N/A,N/A,N/A,0.00,0,0.00,0,1.51,0.00,0,79.20,40.00,78,39,0.37,0.60,7,63,39,0,0,0,0.37,0.60,7,83,126.62,1.00,1.62,19,0,0.00,0.00,99,0.00,0,0,0,0.00,0.00,0,0.00,0.00,0.00,0.00,0,0,40.00,99,55,74,74,15,1.10,35,0.06,0.09,1.51,60,0.08,0.13,44,12,0.63,1.02,1.96,1.21,83,23,0.13,59,35,52,75,0,46,76,0,0.00,99,21,0.00,1.79,10.74,6.63,126,72,85,74,6.14,3.79,57.14,6,0.51,55,0,0.00,0,0.00,99,0,0.00,0.00,30,47,92,54,0,0,0,0,0,61,77,68,95,0,99,40,15,98,8,42,99,25,0,0
Pedro Esli da Silva,19,1178175600,2007/05/03,Serie B,2026,Midfielder,Ceará,86,26,60,Brazil,4,2,2,0,0,0,0,0,0,0,0,0,0,0,2,0,2,0,0,0,0,0,0,0,0,2.09,43,22,0,0,0,-1,-1,-1,24,0,6.57,0,58,24.07,5.75,25,23,2.25,9,0,9.42,4,0.00,0.00,0.00,0,0.00,0.50,4.19,1.00,4,0.00,0.00,0.00,0.00,0.00,0.50,0.00,0.50,0.00,1.05,0.25,0.00,0.00,0.00,0.01,0.00,1.00,0.00,0.00,0,0,,1,0.25,53,0,0.00,20,1,1.05,69,1,3,1,99,0.00,99,0,2,2.09,99,2,30,2.09,65,0,0.00,99,0,0.00,0,0,0.00,0,0.00,7,0,0.00,12,0,0.00,0.00,0,0.00,0,0,0,0.00,0,2,0.00,2,2.09,89,N/A,N/A,N/A,N/A,0.00,0,0.00,0,0.06,0.00,0,39.13,0.00,20,13,0.25,1.05,1,17,17,0,0,0,0.25,1.05,1,96,26.26,0.25,1.05,1,0,0.00,0.00,99,0.00,0,0,0,0.00,0.00,0,0.00,0.00,0.00,0.00,0,0,0.00,50,0,0,51,3,0.02,1,0.01,0.02,0.06,38,0.01,0.06,83,2,0.50,2.09,1.05,0.25,35,1,0.06,37,25,34,75,0,46,99,0,0.00,99,4,0.00,4.19,18.84,4.50,18,10,99,99,10.47,2.50,55.56,0,0.00,99,0,0.00,0,0.00,99,0,0.00,0.00,30,0,62,36,0,0,0,0,0,37,51,68,64,0,99,2,13,13,0,0,13,80,0,0
Pedro Felipetto Colen Barcellos,17,1231142400,2009/01/05,Serie B,2026,Midfielder,Cuiabá,0,0,0,Brazil,0,0,0,0,0,0,0,0,0,0,0,0,0,0,0,0,0,0,0,0,0,0,0,0,0,0,0,0,0,0,0,-1,-1,-1,-1,N/A,N/A,N/A,N/A,N/A,N/A,N/A,N/A,N/A,N/A,N/A,N/A,N/A,N/A,N/A,N/A,N/A,N/A,N/A,N/A,N/A,N/A,N/A,N/A,N/A,N/A,N/A,N/A,N/A,N/A,N/A,N/A,N/A,N/A,N/A,N/A,N/A,N/A,N/A,N/A,N/A,N/A,N/A,N/A,N/A,N/A,N/A,N/A,N/A,N/A,N/A,N/A,N/A,N/A,N/A,N/A,N/A,N/A,N/A,N/A,N/A,N/A,N/A,N/A,N/A,N/A,N/A,N/A,N/A,N/A,N/A,N/A,N/A,N/A,N/A,N/A,N/A,N/A,N/A,N/A,N/A,N/A,N/A,N/A,N/A,N/A,N/A,N/A,N/A,N/A,N/A,N/A,N/A,N/A,N/A,N/A,N/A,N/A,N/A,N/A,N/A,N/A,N/A,N/A,N/A,N/A,N/A,N/A,N/A,N/A,N/A,N/A,N/A,N/A,N/A,N/A,N/A,N/A,N/A,N/A,N/A,N/A,N/A,N/A,N/A,N/A,N/A,N/A,N/A,N/A,N/A,N/A,N/A,N/A,N/A,N/A,N/A,N/A,N/A,N/A,N/A,N/A,N/A,N/A,N/A,N/A,N/A,N/A,N/A,N/A,N/A,N/A,N/A,N/A,N/A,N/A,N/A,N/A,N/A,N/A,N/A,N/A,N/A,N/A,N/A,N/A,N/A,N/A,N/A,N/A,N/A,N/A,N/A,N/A,N/A,N/A,N/A,N/A,N/A,N/A,N/A,N/A,N/A,N/A,N/A,N/A,N/A,N/A,N/A,N/A,N/A,N/A,N/A,N/A,N/A,N/A,N/A,N/A,N/A,N/A,N/A,N/A,N/A,N/A,N/A,N/A,N/A,N/A,N/A,N/A,N/A,N/A,N/A,N/A,N/A,N/A,N/A,N/A,N/A,N/A,N/A,N/A,N/A,N/A
Pedro Gabriel Pereira Lopes,26,942220800,1999/11/10,Serie B,2026,Forward,São Bernardo,633,370,263,Brazil,13,8,5,3,1,2,0,0,0,0,0,3,2,1,5,3,2,0,0,0.43,0,0.43,0.24,0.68,211,0.71,127,49,0,0,0,19,360,-1,3,0,6.89,0,58,23.85,12.92,24,168,9.92,129,28,18.31,25,0.00,0.00,0.77,10,0.00,0.77,1.85,1.00,13,0.00,0.69,0.00,0.00,0.00,0.62,1.62,0.46,5.33,2.27,0.85,2.54,0.00,0.38,0.23,0.00,0.15,0.00,0.00,0,0,,16,1.23,86,5,0.71,82,11,1.56,87,2,5,8,79,0.00,99,0,8,1.14,80,10,78,1.42,59,0,0.00,99,0,0.00,0,0,0.00,0,1.42,79,33,4.68,98,21,2.98,63.64,0,0.00,0,0,0,0.00,0,6,0.00,81,0.85,25,N/A,N/A,N/A,N/A,0.00,0,0.00,0,2.93,0.00,0,76.79,31.25,56,10,0.62,1.14,8,99,80,0,0,0,0.08,0.14,1,38,89.52,0.31,0.57,4,0,0.00,0.00,99,0.00,0,0,1,0.08,0.14,0,0.00,0.00,0.43,0.23,3,0,18.75,90,26,35,54,81,0.65,35,0.05,0.09,2.93,96,0.23,0.42,80,14,1.08,1.99,0.99,0.54,33,7,0.42,94,72,17,93,0,88,11,0,0.00,99,2,0.00,0.28,12.63,6.85,89,50,94,86,7.10,3.85,56.18,9,1.28,15,0,30.00,0,0.00,99,3,0.23,0.43,64,37,77,54,0,0,0,0,0,90,97,99,80,0,99,32,13,13,0,0,13,29,0,0
Pedro Gilmar de Sousa Amorim Neto,20,1143964800,2006/04/02,Serie B,2026,Defender,Ceará,76,0,76,Brazil,1,0,1,0,0,0,0,0,0,0,0,0,0,0,1,0,1,0,0,0,0,0,0,0,0,1.18,76,76,0,0,0,-1,-1,-1,30,0,6.34,0,58,39.08,33.00,65,33,21.00,21,3,24.87,44,0.00,0.00,0.00,0,0.00,0.00,0.00,0.00,0,0.00,0.00,0.00,0.00,0.00,1.00,0.00,1.00,0.00,0.00,0.00,0.00,0.00,0.00,0.00,0.00,0.00,0.00,0.00,0,0,,0,0.00,8,0,0.00,20,0,0.00,8,2,0,1,6,0.00,99,0,1,1.18,82,0,30,0.00,15,0,0.00,99,0,0.00,0,0,0.00,0,0.00,7,0,0.00,12,0,0.00,0.00,0,0.00,0,0,0,0.00,0,1,0.00,32,1.18,57,N/A,N/A,N/A,N/A,0.00,0,0.00,0,0.00,0.00,0,63.64,0.00,20,99,0.00,0.00,0,17,17,0,0,0,1.00,1.18,1,97,6.34,6.00,7.11,6,0,0.00,0.00,99,0.00,0,0,0,0.00,0.00,0,0.00,0.00,0.00,0.00,0,0,0.00,50,0,0,51,32,0.05,15,0.05,0.06,0.00,9,0.00,0.00,52,1,1.00,1.18,3.55,3.00,99,3,0.00,8,14,97,75,0,46,2,0,0.00,99,0,0.00,0.00,7.11,6.00,6,1,7,31,1.18,1.00,16.67,0,0.00,99,0,0.00,0,0.00,99,0,0.00,0.00,30,0,24,54,0,0,0,0,0,37,51,68,64,0,99,2,13,13,0,0,13,63,0,0
Pedro Henrique,36,645519600,1990/06/16,Serie B,2026,Forward,Fortaleza,577,298,279,Brazil,10,5,5,2,0,2,0,0,0,0,0,4,2,2,6,3,3,0,0,0.31,0,0.31,0,0.65,289,0.94,96,58,0,0,0,39,274,-1,4,0,6.68,0,58,12.95,8.30,3,83,5.90,59,11,9.20,4,0.00,0.00,0.40,4,0.00,2.60,1.25,0.80,8,0.00,0.60,0.00,0.00,0.00,0.20,0.20,0.60,8.50,2.65,1.10,0.90,0.00,0.60,0.25,0.00,0.70,0.00,0.00,0,0,,17,1.70,91,6,0.94,91,11,1.72,92,3,4,6,50,0.00,99,0,2,0.31,23,26,39,4.06,84,0,0.00,99,0,0.00,0,0,0.00,0,0.62,42,9,1.40,70,2,0.31,22.22,0,0.00,0,0,0,0.00,0,6,0.00,56,0.94,33,N/A,N/A,N/A,N/A,0.00,0,0.00,0,2.52,0.00,0,71.08,35.29,68,74,0.20,0.31,2,38,20,0,0,0,0.10,0.16,1,41,66.80,0.40,0.62,4,1,0.00,0.16,2,0.10,0,0,0,0.00,0.00,0,0.00,0.00,0.94,0.60,6,0,11.76,78,19,20,59,57,0.28,8,0.03,0.04,2.52,94,0.25,0.39,60,9,0.90,1.40,1.87,1.20,80,12,0.39,93,38,19,75,0,99,55,0,0.00,99,7,0.00,1.09,8.58,5.50,55,26,42,49,4.06,2.60,47.27,6,0.94,28,0,15.38,0,0.00,99,4,0.40,0.62,71,23,69,71,0,0,0,0,0,80,92,98,64,0,99,77,13,13,0,0,13,7,0,0
Pedro Henrique Alves de Almeida,29,847440000,1996/11/08,Serie B,2026,Forward,Cuiabá,418,237,181,Brazil,8,4,4,0,0,0,0,0,0,0,0,1,1,0,4,2,2,1,0,0,0,0,0,0,0,0.86,105,52,418,0,0.22,245,227,-1,16,0,6.65,0,58,14.21,8.25,5,66,4.88,39,2,8.40,2,0.00,0.00,0.62,5,0.00,0.00,0.65,0.38,3,0.00,0.25,0.00,0.00,0.00,0.25,0.12,0.50,0.00,3.01,1.38,0.62,0.00,0.38,0.13,0.00,3.88,0.00,0.00,0,0,,14,1.75,96,3,0.65,79,11,2.37,98,1,4,4,19,0.00,99,0,2,0.43,31,0,30,0.00,15,0,0.00,99,0,0.00,0,0,0.00,0,1.08,67,5,1.08,59,1,0.22,20.00,0,0.00,0,0,0,0.00,0,4,0.00,64,0.86,27,N/A,N/A,N/A,N/A,0.00,0,0.00,0,1.03,0.00,0,59.09,21.43,38,82,0.12,0.22,1,31,20,0,0,0,0.25,0.43,2,73,53.17,1.12,1.94,9,0,0.00,0.00,99,0.00,0,0,0,0.00,0.00,0,0.00,0.00,0.65,0.38,3,0,0.00,50,5,12,51,64,0.29,15,0.04,0.06,1.03,77,0.13,0.22,57,6,0.75,1.29,1.72,1.00,73,8,0.22,74,34,59,75,0,95,99,0,0.00,99,31,0.00,6.67,16.79,9.75,78,40,99,97,8.61,5.00,51.28,2,0.43,63,0,0.00,0,0.00,99,0,0.00,0.00,30,8,69,36,0,0,0,0,0,37,51,68,64,0,99,12,63,52,1,12,46,96,0,0
Pedro Henrique de Castro Silva,33,728899200,1993/02/05,Serie B,2026,Midfielder,CRB,1700,814,886,Brazil,22,11,11,3,3,0,0,0,0,0,0,7,3,4,22,8,14,0,0,0.16,0,0.16,0.33,0,567,1.16,77,77,0,0,0,122,341,-1,3,0,6.91,0,58,31.21,26.91,43,592,22.64,498,66,26.26,48,0.00,0.00,0.59,13,0.00,1.05,0.95,0.82,18,0.00,0.41,0.00,0.00,0.00,1.00,0.41,1.00,9.00,1.42,0.82,0.77,0.00,0.41,0.18,0.00,0.59,0.00,0.00,0,0,,27,1.23,65,9,0.47,68,18,0.95,62,3,1,21,34,0.00,99,0,22,1.16,81,23,53,1.21,55,0,0.00,99,0,0.00,0,0,0.00,0,0.69,45,17,0.90,50,9,0.47,52.94,0,0.00,0,0,0,0.00,0,22,0.00,34,1.16,55,N/A,N/A,N/A,N/A,0.00,0,0.00,0,3.92,0.00,0,84.12,33.33,66,38,0.55,0.63,12,54,66,0,0,0,0.14,0.16,3,41,151.94,1.91,2.21,42,0,0.00,0.00,99,0.00,0,0,1,0.05,0.05,0,0.00,0.00,0.00,0.00,0,0,11.11,77,87,95,76,34,1.74,35,0.08,0.09,3.92,74,0.18,0.21,73,32,1.45,1.69,0.63,0.55,15,12,0.21,72,75,64,76,0,46,35,0,0.00,99,13,0.00,0.69,6.54,5.64,124,71,33,23,3.74,3.23,57.26,9,0.47,59,0,21.74,0,0.00,99,5,0.23,0.26,55,94,41,71,0,1,0,5,0,60,76,68,88,0,99,60,13,13,0,0,13,21,0,0
Pedro Henrique de Oliveira,28,900140400,1998/07/11,Serie B,2026,Midfielder,Athletic Club,270,196,74,Brazil,11,5,6,1,1,0,0,0,0,0,0,4,2,2,2,2,0,0,0,0.33,0,0.33,0.46,0,270,0.67,135,25,0,0,0,-1,-1,-1,6,0,5.50,0,58,15.00,4.09,6,45,3.09,34,22,11.33,7,0.00,0.00,0.27,3,0.00,0.82,0.67,0.18,2,0.00,0.36,0.00,0.00,0.00,0.64,0.18,0.18,6.00,2.00,0.27,0.55,0.00,0.27,0.10,0.00,0.27,0.00,0.00,0,0,,6,0.55,80,3,1.00,92,3,1.00,67,6,9,2,20,0.00,99,0,7,2.33,99,9,92,3.00,73,0,0.00,99,0,0.00,0,0,0.00,0,1.00,63,6,2.00,79,2,0.67,33.33,0,0.00,0,0,0,0.00,0,2,0.00,86,0.67,9,N/A,N/A,N/A,N/A,0.00,0,0.00,0,1.12,0.00,0,75.56,50.00,92,34,0.18,0.67,2,66,31,0,0,0,0.00,0.00,0,22,60.55,0.27,1.00,3,0,0.00,0.00,99,0.00,0,0,0,0.00,0.00,0,0.00,0.00,0.00,0.00,0,0,16.67,89,0,24,57,86,0.20,20,0.02,0.07,1.12,93,0.10,0.37,99,14,1.27,4.67,2.00,0.55,84,6,0.37,92,1,32,75,0,46,52,0,0.00,99,3,0.00,1.00,12.67,3.45,38,21,93,87,7.00,1.91,55.26,4,1.33,14,0,44.44,0,0.00,99,4,0.36,1.33,91,1,92,95,0,0,0,0,0,81,94,68,95,0,99,68,13,13,0,0,13,21,0,0
Pedro Henrique de Oliveira Romano,25,975225600,2000/11/26,Serie B,2026,Defender,Vila Nova,406,254,152,Brazil,7,5,2,0,0,0,0,0,0,0,0,3,1,2,4,4,0,5,2,0,0,0,0,0,0,0.89,102,58,68,0,1.33,402,392,84,30,0,6.53,0,58,48.55,31.29,86,219,26.00,182,59,40.34,84,0.00,0.00,0.29,2,0.00,0.00,1.77,1.14,8,0.00,0.29,0.00,0.00,0.00,0.57,0.29,0.57,0.00,1.55,0.86,0.29,0.00,0.14,0.06,0.00,1.14,0.00,0.00,0,0,,7,1.00,68,1,0.22,44,6,1.33,80,1,2,5,76,0.00,99,0,4,0.89,63,0,30,0.00,15,0,0.00,99,0,0.00,0,0,0.00,0,0.44,30,2,0.44,30,2,0.44,100.00,0,0.00,0,0,0,0.00,0,4,0.00,61,0.89,29,N/A,N/A,N/A,N/A,0.00,0,0.00,0,0.43,0.00,0,83.11,14.29,26,34,0.43,0.67,3,51,99,0,0,0,0.14,0.22,1,50,45.71,3.57,5.54,25,0,0.00,0.00,99,0.00,0,0,1,0.14,0.22,0,0.00,0.00,0.00,0.00,0,0,0.00,50,4,8,51,62,0.49,49,0.07,0.11,0.43,52,0.06,0.10,21,2,0.29,0.44,1.55,1.00,64,7,0.10,52,21,92,98,0,46,76,0,0.00,99,8,0.00,1.77,7.76,5.00,35,20,53,40,4.43,2.86,57.14,2,0.44,62,0,0.00,0,0.00,99,0,0.00,0.00,30,16,50,36,0,0,0,0,0,37,51,68,64,0,99,84,13,99,3,43,99,4,0,0
Pedro Henrique Perotti,28,880185600,1997/11/22,Serie B,2026,Forward,Sport Recife,1889,999,890,Brazil,22,12,10,9,5,4,0,0,0,0,0,7,3,4,16,11,5,2,0,0.43,0,0.43,0.45,0.4,210,0.76,118,86,945,0,0.1,18,241,-1,2,0,7.04,0,58,13.29,12.68,3,279,9.32,205,17,9.77,5,0.00,0.00,0.50,11,0.00,0.05,0.57,0.55,12,0.00,0.95,0.00,0.00,0.00,0.05,0.59,0.82,6.56,2.81,1.55,1.05,0.00,1.14,0.47,0.00,1.73,0.00,0.00,0,0,,59,2.68,93,25,1.19,94,34,1.62,89,2,1,21,15,0.00,99,0,1,0.05,10,1,30,0.05,16,0,0.00,99,0,0.00,0,0,0.00,0,0.52,37,23,1.10,59,13,0.62,56.52,0,0.00,0,0,0,0.00,0,18,0.00,75,0.86,27,N/A,N/A,N/A,N/A,0.00,0,0.00,0,10.33,0.00,0,73.48,42.37,81,53,0.45,0.48,10,65,72,0,0,0,0.14,0.14,3,38,154.89,0.95,1.00,21,0,0.00,0.00,99,0.00,0,0,1,0.05,0.05,0,0.00,0.00,0.29,0.27,6,1,15.25,85,96,95,54,75,0.72,4,0.03,0.03,10.33,98,0.47,0.49,93,59,2.68,2.81,1.91,1.82,81,40,0.49,97,88,32,76,0,82,77,0,0.00,99,38,0.00,1.81,12.53,11.95,263,120,81,86,5.72,5.45,45.63,21,1.00,26,0,0.00,0,0.00,99,0,0.00,0.00,30,94,41,54,0,0,0,0,0,90,97,93,95,0,99,60,89,25,2,9,33,9,0,0
Pedro Henrique Rocha da Silva,28,896684400,1998/06/01,Serie B,2026,Goalkeeper,Juventude,180,90,90,Brazil,2,1,1,0,0,0,0,0,0,0,0,2,1,1,0,0,0,0,0,0,0,0,0,0,0,0,0,90,0,0,0,-1,-1,-1,22,0,7.53,0,58,23.00,23.00,21,46,19.00,38,56,19.00,29,0.00,0.00,0.00,0,0.00,0.00,0.00,0.00,0,0.00,0.00,0.00,0.00,3.50,0.00,0.00,3.50,0.00,0.00,0.00,0.00,0.00,0.00,0.00,0.00,0.00,0.00,0.00,0,0,,0,0.00,8,0,0.00,20,0,0.00,8,0,0,2,6,0.00,99,0,0,0.00,9,0,30,0.00,15,0,0.00,99,0,0.00,0,0,0.00,0,0.00,7,0,0.00,12,0,0.00,0.00,0,0.00,0,7,99,3.50,79,7,0.00,99,3.50,95,N/A,N/A,N/A,N/A,100.00,0,0.00,0,0.00,0.00,0,82.61,0.00,20,99,0.00,0.00,0,17,17,0,0,5,0.00,0.00,0,22,15.05,1.50,1.50,3,0,0.00,0.00,99,0.00,0,0,0,0.00,0.00,2,1.00,1.00,0.00,0.00,0,0,0.00,50,0,0,51,0,0.09,8,0.04,0.04,0.00,9,0.00,0.00,2,0,0.00,0.00,0.00,0.00,6,0,0.00,8,99,48,75,83,46,2,0,0.00,99,0,0.00,0.00,0.00,0.00,0,0,0,0,0.00,0.00,0.00,0,0.00,99,0,0.00,0,0.00,99,0,0.00,0.00,30,1,24,12,0,0,0,0,0,37,51,68,64,0,99,99,13,13,0,0,13,12,0,0
Pedro Henrique Santos Gomes,21,1113894000,2005/04/19,Serie B,2026,Goalkeeper,Criciúma,630,360,270,Brazil,7,4,3,0,0,0,0,0,0,0,0,4,3,1,4,1,3,0,0,0,0,0,0,0,0,0.57,158,90,0,0,0,263,235,24,16,0,7.06,0,58,24.29,24.29,25,170,16.29,114,7,16.29,20,0.00,0.00,0.14,1,0.00,0.00,0.00,0.00,0,0.00,0.00,0.00,0.00,2.00,0.00,0.00,2.57,0.00,0.00,0.00,0.00,0.00,0.00,0.00,0.00,0.00,0.00,0.00,0,0,,0,0.00,8,0,0.00,20,0,0.00,8,0,0,7,6,0.00,99,0,0,0.00,9,0,30,0.00,15,0,0.00,99,0,0.00,0,0,0.00,0,0.14,13,0,0.00,12,0,0.00,0.00,0,0.00,0,14,79,2.00,10,18,0.00,91,2.57,93,N/A,N/A,N/A,N/A,77.78,0,0.00,0,0.00,0.00,0,67.06,0.00,20,99,0.00,0.00,0,17,17,0,0,9,0.00,0.00,0,22,49.45,1.57,1.57,11,0,0.00,0.00,99,0.00,0,0,0,0.00,0.00,3,0.43,0.43,0.00,0.00,0,0,0.00,50,26,8,51,92,0.25,8,0.04,0.04,0.00,9,0.00,0.00,10,2,0.29,0.29,0.00,0.00,6,0,0.00,8,89,49,75,33,46,2,0,0.00,99,0,0.00,0.00,0.29,0.29,2,2,2,1,0.29,0.29,100.00,0,0.00,99,0,0.00,0,0.00,99,0,0.00,0.00,30,30,24,12,0,0,0,0,0,37,51,68,64,0,99,95,13,13,0,0,13,70,0,0
Pedro Henrique Souza do Nascimento,19,1161586800,2006/10/23,Serie B,2026,Defender,Botafogo SP,727,325,402,Brazil,13,6,7,0,0,0,0,0,0,0,0,3,0,3,7,5,2,1,0,0,0,0,0,0,0,0.87,104,56,727,0,0.12,264,261,81,16,0,6.14,0,58,27.89,17.62,36,229,13.77,179,33,21.80,37,0.00,0.00,0.46,6,0.00,1.85,1.83,1.15,15,0.00,0.31,0.00,0.00,0.00,0.62,0.31,0.54,0.00,0.61,0.31,0.46,0.00,0.08,0.02,0.00,0.31,0.00,0.00,0,0,,5,0.38,31,1,0.12,31,4,0.49,36,3,5,8,78,0.00,99,0,8,0.97,67,24,65,2.92,72,0,0.00,99,0,0.00,0,0,0.00,0,0.73,47,6,0.73,42,4,0.49,66.67,0,0.00,0,0,0,0.00,0,7,0.00,62,0.85,25,N/A,N/A,N/A,N/A,0.00,0,0.00,0,0.32,0.00,0,78.17,20.00,36,11,0.69,1.10,9,57,85,0,0,0,0.31,0.49,4,77,79.88,1.54,2.44,20,0,0.00,0.00,99,0.00,0,0,0,0.00,0.00,0,0.00,0.00,0.12,0.08,1,0,0.00,50,33,35,51,63,0.61,20,0.05,0.07,0.32,29,0.02,0.04,32,6,0.46,0.73,2.19,1.38,88,18,0.04,28,10,69,75,0,63,22,0,0.00,99,4,0.00,0.49,8.28,5.23,68,30,32,45,3.65,2.31,44.12,4,0.49,57,0,25.00,0,0.00,99,6,0.46,0.73,76,37,77,71,0,0,0,0,0,37,51,68,64,0,99,32,85,28,1,8,30,31,0,0
Pedro Junqueira de Oliveira,22,1080028800,2004/03/23,Serie B,2026,Forward,Goiás,129,44,85,Brazil,4,1,3,0,0,0,0,0,0,0,0,0,0,0,1,0,1,0,0,0,0,0,0,0,0,0.7,129,32,0,0,0,-1,-1,-1,21,0,6.57,0,58,11.68,4.25,2,17,4.00,16,99,10.99,6,0.00,0.00,0.50,2,0.00,0.00,1.37,0.50,2,0.00,1.00,0.00,0.00,0.00,0.25,0.25,0.75,0.00,0.69,0.25,0.75,0.00,0.00,0.01,0.00,0.00,0.00,0.00,0,0,,1,0.25,36,0,0.00,20,1,0.69,50,0,4,0,58,0.00,99,0,1,0.69,49,0,30,0.00,15,0,0.00,99,0,0.00,0,0,0.00,0,1.37,78,3,2.06,81,1,0.69,33.33,0,0.00,0,0,0,0.00,0,3,0.00,82,2.06,89,N/A,N/A,N/A,N/A,0.00,0,0.00,0,0.05,0.00,0,94.12,0.00,20,99,0.00,0.00,0,69,31,0,0,0,0.00,0.00,0,22,26.29,0.00,0.00,0,0,0.00,0.00,99,0.00,0,0,0,0.00,0.00,0,0.00,0.00,0.00,0.00,0,0,0.00,50,0,0,51,83,0.12,27,0.03,0.08,0.05,24,0.01,0.03,97,5,1.25,3.44,0.00,0.00,6,0,0.03,24,25,1,75,0,46,2,0,0.00,99,0,0.00,0.00,10.31,3.75,15,8,77,71,5.50,2.00,53.33,4,2.75,0,0,0.00,0,0.00,99,0,0.00,0.00,30,0,69,12,0,0,0,0,0,37,51,68,64,0,99,2,13,13,0,0,13,17,0,0
Pedro Veronez,24,1014019200,2002/02/18,Serie B,2026,Midfielder,Operário PR,223,119,104,Brazil,12,6,6,0,0,0,0,0,0,0,0,3,3,0,4,3,1,0,0,0,0,0,0,0,0,1.61,56,19,0,0,0,-1,-1,-1,15,0,6.75,0,58,44.81,9.58,80,115,8.42,101,88,39.35,83,0.00,0.00,0.42,5,0.00,0.50,3.90,0.83,10,0.00,0.17,0.00,0.00,0.00,0.67,0.42,0.33,0.00,0.78,0.00,0.58,0.00,0.17,0.02,0.00,0.25,0.00,0.00,0,0,,2,0.17,41,2,0.78,85,0,0.00,8,3,11,1,99,0.00,99,0,8,3.12,99,6,42,2.34,66,0,0.00,99,0,0.00,0,0,0.00,0,1.95,91,7,2.73,91,5,1.95,71.43,0,0.00,0,0,0,0.00,0,4,0.00,10,1.56,78,N/A,N/A,N/A,N/A,0.00,0,0.00,0,0.26,0.00,0,87.83,100.00,99,65,0.08,0.39,1,97,86,0,0,0,0.00,0.00,0,22,81.05,0.08,0.39,1,0,0.00,0.00,99,0.00,0,0,0,0.00,0.00,0,0.00,0.00,0.00,0.00,0,0,0.00,50,0,31,51,10,0.46,80,0.04,0.18,0.26,52,0.02,0.10,99,14,1.17,5.45,0.78,0.17,21,2,0.10,52,47,9,75,0,46,57,0,0.00,99,3,0.00,1.17,15.97,3.42,41,31,99,97,12.08,2.58,75.61,2,0.78,37,0,16.67,0,0.00,99,1,0.08,0.39,63,0,97,71,0,0,0,0,0,37,51,68,64,0,99,38,13,13,0,0,13,30,0,0
Pedro Victor Martins Silva Costa,26,962175600,2000/06/28,Serie B,2026,Midfielder,Sport Recife,422,202,220,Brazil,13,6,7,0,0,0,0,0,0,0,0,3,1,2,3,2,1,2,0,0,0,0,0,0,0,0.64,141,32,211,0,0.43,287,245,-1,16,0,5.68,0,58,55.07,20.50,96,287,18.71,262,98,50.28,96,0.00,0.00,0.14,2,0.00,0.14,1.15,0.43,6,0.00,0.14,0.00,0.00,0.00,0.43,0.14,0.36,0.00,0.96,0.36,0.43,0.00,0.00,0.02,0.00,0.79,0.00,0.00,0,0,,5,0.36,48,0,0.00,20,5,0.96,63,2,9,4,45,0.00,99,0,6,1.15,80,2,96,0.38,35,0,0.00,99,0,0.00,0,0,0.00,0,0.38,26,6,1.15,61,2,0.38,33.33,0,0.00,0,0,0,0.00,0,5,0.00,87,0.96,36,N/A,N/A,N/A,N/A,0.00,0,0.00,0,0.26,0.00,0,91.29,0.00,20,41,0.21,0.58,3,45,31,0,0,0,0.07,0.19,1,44,79.56,0.79,2.11,11,0,0.00,0.00,99,0.00,0,0,0,0.00,0.00,0,0.00,0.00,0.00,0.00,0,0,0.00,50,5,35,51,88,0.62,56,0.04,0.12,0.26,34,0.02,0.05,48,6,0.43,1.15,1.92,0.71,82,10,0.05,33,2,62,75,0,46,84,0,0.00,99,11,0.00,2.11,9.79,3.64,51,25,61,64,4.80,1.79,49.02,2,0.38,66,0,50.00,0,0.00,99,1,0.07,0.19,50,8,92,54,0,0,0,0,0,37,51,68,64,0,99,32,27,87,2,15,57,48,0,0
Pedro Vitor Ferreira da Silva,28,890380800,1998/03/20,Serie B,2026,Forward,São Bernardo,911,593,318,Brazil,17,10,7,3,1,2,2,1,1,0,0,5,3,2,8,5,3,4,0,0.49,0.2,0.3,0.15,0.57,304,0.79,114,54,228,456,0.4,42,49,-1,4,0,7.01,0.12,91,25.35,15.06,29,256,10.24,174,8,17.23,22,0.00,0.00,0.76,13,0.00,2.06,3.07,1.82,31,0.00,0.94,0.00,0.00,0.00,0.47,0.41,0.47,10.67,3.17,1.12,0.76,0.00,0.76,0.25,0.00,1.12,0.00,0.00,0,0,,32,1.88,97,13,1.29,97,19,1.88,94,3,6,11,99,0.00,99,0,8,0.79,57,35,74,3.47,79,0,0.00,99,0,0.00,0,0,0.00,0,1.29,74,13,1.29,66,7,0.69,53.85,0,0.00,0,0,0,0.00,0,8,0.00,70,0.79,19,N/A,N/A,N/A,N/A,0.00,0,0.00,0,4.33,0.00,0,67.97,40.62,78,8,0.71,1.19,12,69,68,0,0,0,0.12,0.20,2,46,119.18,0.65,1.09,11,0,0.00,0.00,99,0.00,0,0,3,0.18,0.30,0,0.00,0.00,0.50,0.29,5,0,9.38,68,45,59,60,71,2.02,86,0.12,0.20,4.33,96,0.25,0.43,92,26,1.53,2.57,1.58,0.94,65,16,0.43,95,85,36,99,0,90,80,0,0.00,99,19,0.00,1.88,14.65,8.71,148,82,98,94,8.12,4.82,55.41,16,1.58,8,0,28.57,0,0.00,99,10,0.59,0.99,83,51,81,71,0,0,0,0,0,93,92,97,74,0,99,51,29,84,4,24,78,11,0,0
Pierre Wagner Oliveira dos Santos,24,1015920000,2002/03/12,Serie B,2026,Midfielder,Fortaleza,913,395,518,Brazil,14,6,8,0,0,0,1,1,0,0,0,6,2,4,7,5,2,7,1,0.1,0.1,0,0,0,0,0.69,130,65,114,913,0.79,254,127,-1,16,0,6.83,0.07,72,49.92,36.57,88,512,33.43,468,98,45.63,91,0.00,0.00,0.71,10,0.00,0.14,2.34,1.71,24,0.00,0.29,0.00,0.00,0.00,0.57,0.07,0.50,0.00,0.10,0.07,0.21,0.00,0.00,0.00,0.00,0.43,0.00,0.00,0,0,,1,0.07,8,0,0.00,20,1,0.10,10,3,3,11,92,0.00,99,0,8,0.78,56,2,30,0.20,28,0,0.00,99,0,0.00,0,0,0.00,0,0.98,62,3,0.29,24,1,0.10,33.33,0,0.00,0,0,0,0.00,0,7,0.00,84,0.68,11,N/A,N/A,N/A,N/A,0.00,0,0.00,0,0.04,0.00,0,91.41,0.00,20,51,0.36,0.49,5,22,31,0,0,0,0.14,0.20,2,46,95.62,1.00,1.37,14,0,0.00,0.00,99,0.00,0,0,0,0.00,0.00,0,0.00,0.00,0.00,0.00,0,0,0.00,50,46,41,51,84,1.98,83,0.14,0.19,0.04,9,0.00,0.00,72,17,1.21,1.66,2.24,1.64,89,23,0.00,8,61,44,75,0,46,30,0,0.00,99,6,0.00,0.59,8.09,5.93,83,49,60,42,4.78,3.50,59.04,4,0.39,65,0,0.00,0,0.00,99,0,0.00,0.00,30,51,62,71,0,0,0,0,0,49,51,68,64,0,99,84,14,99,6,43,99,5,0,0
Rafael Bilu Mudesto,27,924678000,1999/04/21,Serie B,2026,Forward,Avaí,211,138,73,Brazil,5,3,2,1,1,0,0,0,0,0,0,1,1,0,3,1,2,1,0,0.43,0,0.43,0.65,0,211,1.28,70,42,211,0,0.43,-1,-1,-1,11,0,6.80,0,58,21.75,10.20,18,51,7.80,39,27,16.64,20,0.00,0.00,1.20,6,0.00,1.00,0.00,0.00,0,0.00,0.60,0.00,0.00,0.00,0.00,0.60,0.80,1.00,0.43,0.00,0.60,0.00,0.20,0.14,0.00,0.20,0.00,0.00,0,0,,1,0.20,23,1,0.43,65,0,0.00,8,2,2,3,6,0.00,99,0,0,0.00,9,5,51,2.13,65,0,0.00,99,0,0.00,0,0,0.00,0,2.56,97,3,1.28,66,3,1.28,100.00,0,0.00,0,0,0,0.00,0,4,0.00,24,1.71,82,N/A,N/A,N/A,N/A,0.00,0,0.00,0,0.69,0.00,0,76.47,100.00,99,60,0.20,0.43,1,89,99,0,0,0,0.00,0.00,0,22,34.02,0.00,0.00,0,0,0.00,0.00,99,0.00,0,0,0,0.00,0.00,0,0.00,0.00,0.85,0.40,2,0,100.00,99,0,2,54,25,0.28,56,0.06,0.12,0.69,86,0.14,0.29,85,5,1.00,2.13,2.56,1.20,94,6,0.29,83,55,1,75,0,97,18,0,0.00,99,1,0.00,0.43,9.38,4.40,22,9,36,60,3.84,1.80,40.91,3,1.28,15,0,20.00,0,0.00,99,1,0.20,0.43,64,3,50,54,0,0,0,0,0,90,97,68,98,0,99,26,27,87,1,20,70,7,0,0
Rafael da Silva,34,702374400,1992/04/04,Serie B,2026,Forward,Vila Nova,401,233,168,Brazil,5,3,2,3,1,2,0,0,0,0,0,1,0,1,5,2,3,2,0,0.67,0,0.67,0.39,1.07,134,1.12,80,80,201,0,0.45,7,345,-1,5,0,7.12,0,58,10.55,9.40,1,47,7.60,38,45,8.53,2,0.00,0.00,0.80,4,0.00,0.00,0.22,0.20,1,0.00,2.20,0.00,0.00,0.00,0.00,0.00,1.00,3.67,2.47,0.60,0.60,0.00,1.60,0.59,0.00,1.00,0.00,0.00,0,0,,11,2.20,88,8,1.80,99,3,0.67,47,3,0,5,9,0.00,99,0,0,0.00,9,0,30,0.00,15,0,0.00,99,0,0.00,0,0,0.00,0,0.90,56,3,0.67,39,0,0.00,0.00,0,0.00,0,0,0,0.00,0,5,0.00,38,1.12,51,N/A,N/A,N/A,N/A,0.00,0,0.00,0,2.93,0.00,0,80.85,72.73,99,58,0.40,0.45,2,17,17,0,0,0,0.20,0.22,1,50,35.59,0.60,0.67,3,0,0.00,0.00,99,0.00,0,0,0,0.00,0.00,0,0.00,0.00,0.45,0.40,2,1,27.27,97,3,2,52,38,0.27,15,0.05,0.06,2.93,99,0.59,0.66,76,8,1.60,1.80,0.67,0.60,17,3,0.66,99,93,20,75,0,89,57,0,0.00,99,5,0.00,1.12,11.00,9.80,49,13,17,77,2.92,2.60,26.53,11,2.47,1,0,0.00,0,0.00,99,0,0.00,0.00,30,16,24,71,0,1,0,20,0,98,99,99,92,0,99,26,24,90,2,40,98,9,0,0
Rafael Gustavo Meneghel Gava,33,737881200,1993/05/20,Serie B,2026,Midfielder,Botafogo SP,1509,691,818,Brazil,21,10,11,2,0,2,8,6,2,0,0,5,1,4,15,9,6,2,0,0.6,0.48,0.12,0,0.22,755,0.89,101,72,755,189,0.12,149,2,-1,7,0,7.20,0.38,99,41.33,33.00,71,693,27.86,585,68,34.89,72,0.00,0.00,2.24,47,0.00,6.19,0.78,0.62,13,0.00,0.67,0.00,0.00,0.00,0.33,0.29,0.71,10.00,1.19,0.57,0.33,0.00,0.38,0.13,0.00,0.33,0.00,0.00,0,0,,20,0.95,59,8,0.48,70,12,0.72,52,2,2,19,24,0.00,99,0,7,0.42,30,130,86,7.75,98,0,0.00,99,0,0.00,0,0,0.00,0,2.80,99,7,0.42,29,6,0.36,85.71,0,0.00,0,0,0,0.00,0,15,0.00,61,0.89,29,N/A,N/A,N/A,N/A,0.00,0,0.00,0,2.73,0.00,0,84.42,40.00,78,46,0.43,0.54,9,43,93,1,0,0,0.14,0.18,3,43,151.19,0.62,0.78,13,0,0.00,0.00,99,0.00,0,1,1,0.05,0.06,0,0.00,0.00,0.00,0.00,0,0,10.00,72,80,88,84,61,7.68,99,0.37,0.46,2.03,59,0.10,0.12,53,20,0.95,1.19,0.78,0.62,21,13,0.16,65,95,24,80,0,46,18,0,0.00,99,7,0.00,0.42,5.43,4.33,91,48,16,12,2.86,2.29,52.75,14,0.83,33,0,34.62,0,0.00,99,45,2.14,2.68,99,86,50,54,0,0,0,0,0,97,68,84,64,0,99,34,86,28,2,10,37,10,0,0
Rafael Lima da Silva,20,1145257200,2006/04/17,Serie B,2026,Defender,Sport Recife,0,0,0,Brazil,0,0,0,0,0,0,0,0,0,0,0,0,0,0,0,0,0,0,0,0,0,0,0,0,0,0,0,0,0,0,0,-1,-1,-1,-1,N/A,N/A,N/A,N/A,N/A,N/A,N/A,N/A,N/A,N/A,N/A,N/A,N/A,N/A,N/A,N/A,N/A,N/A,N/A,N/A,N/A,N/A,N/A,N/A,N/A,N/A,N/A,N/A,N/A,N/A,N/A,N/A,N/A,N/A,N/A,N/A,N/A,N/A,N/A,N/A,N/A,N/A,N/A,N/A,N/A,N/A,N/A,N/A,N/A,N/A,N/A,N/A,N/A,N/A,N/A,N/A,N/A,N/A,N/A,N/A,N/A,N/A,N/A,N/A,N/A,N/A,N/A,N/A,N/A,N/A,N/A,N/A,N/A,N/A,N/A,N/A,N/A,N/A,N/A,N/A,N/A,N/A,N/A,N/A,N/A,N/A,N/A,N/A,N/A,N/A,N/A,N/A,N/A,N/A,N/A,N/A,N/A,N/A,N/A,N/A,N/A,N/A,N/A,N/A,N/A,N/A,N/A,N/A,N/A,N/A,N/A,N/A,N/A,N/A,N/A,N/A,N/A,N/A,N/A,N/A,N/A,N/A,N/A,N/A,N/A,N/A,N/A,N/A,N/A,N/A,N/A,N/A,N/A,N/A,N/A,N/A,N/A,N/A,N/A,N/A,N/A,N/A,N/A,N/A,N/A,N/A,N/A,N/A,N/A,N/A,N/A,N/A,N/A,N/A,N/A,N/A,N/A,N/A,N/A,N/A,N/A,N/A,N/A,N/A,N/A,N/A,N/A,N/A,N/A,N/A,N/A,N/A,N/A,N/A,N/A,N/A,N/A,N/A,N/A,N/A,N/A,N/A,N/A,N/A,N/A,N/A,N/A,N/A,N/A,N/A,N/A,N/A,N/A,N/A,N/A,N/A,N/A,N/A,N/A,N/A,N/A,N/A,N/A,N/A,N/A,N/A,N/A,N/A,N/A,N/A,N/A,N/A,N/A,N/A,N/A,N/A,N/A,N/A,N/A,N/A,N/A,N/A,N/A,N/A
Rafael Monteiro Reis,22,1076745600,2004/02/14,Serie B,2026,Defender,Londrina,482,117,365,Brazil,9,3,6,0,0,0,0,0,0,0,0,1,1,0,10,3,7,2,0,0,0,0,0,0,0,1.87,48,54,241,0,0.37,240,233,200,33,0,6.56,0,58,35.85,21.56,56,194,16.89,152,34,28.09,54,0.00,0.00,0.22,2,0.00,2.22,2.03,1.22,11,0.00,0.56,0.00,0.00,0.00,0.33,0.22,1.11,0.00,0.74,0.44,0.78,0.00,0.00,0.03,0.00,0.44,0.00,0.00,0,0,,4,0.44,40,0,0.00,20,4,0.74,52,1,5,4,86,0.00,99,0,3,0.55,38,20,51,3.70,80,0,0.00,99,0,0.00,0,0,0.00,0,0.37,26,7,1.29,66,2,0.37,28.57,0,0.00,0,0,0,0.00,0,10,0.00,4,1.85,84,N/A,N/A,N/A,N/A,0.00,0,0.00,0,0.23,0.00,0,78.35,0.00,20,45,0.33,0.55,3,44,24,0,0,0,0.22,0.37,2,67,59.04,1.00,1.66,9,0,0.00,0.00,99,0.00,0,0,0,0.00,0.00,0,0.00,0.00,0.18,0.11,1,1,0.00,50,12,15,51,5,0.37,20,0.04,0.07,0.23,29,0.03,0.04,48,6,0.67,1.11,1.29,0.78,49,7,0.04,28,24,54,75,0,71,38,0,0.00,99,4,0.00,0.74,7.76,4.67,42,23,50,40,4.25,2.56,54.76,5,0.92,29,0,20.00,0,0.00,99,4,0.44,0.74,76,8,77,36,0,0,0,0,0,37,51,68,64,0,99,8,33,80,2,22,75,6,0,0
Rafael Ramos,31,789638400,1995/01/09,Serie B,2026,Defender,Ceará,816,399,417,Portugal,13,6,7,0,0,0,1,1,0,0,0,0,0,0,15,7,8,2,0,0.11,0.11,0,0,0,0,1.65,54,63,408,816,0.22,354,122,182,29,0,6.77,0.08,74,35.74,24.92,56,324,19.46,253,33,27.90,53,0.00,0.00,1.23,16,0.00,4.08,2.43,1.69,22,0.00,0.31,0.00,0.00,0.00,0.62,0.31,1.15,0.00,1.10,0.54,0.54,0.00,0.23,0.05,0.00,1.08,0.00,0.00,0,0,,10,0.77,56,3,0.33,57,7,0.77,54,2,3,10,94,0.00,99,0,8,0.88,62,53,56,5.85,96,0,0.00,99,0,0.00,0,0,0.00,0,1.76,88,7,0.77,44,4,0.44,57.14,0,0.00,0,0,0,0.00,0,15,0.00,10,1.65,80,N/A,N/A,N/A,N/A,0.00,0,0.00,0,0.62,0.00,0,78.09,30.00,53,59,0.31,0.44,4,51,73,0,0,0,0.15,0.22,2,50,88.05,1.46,2.10,19,1,0.00,0.11,6,0.08,0,0,0,0.00,0.00,0,0.00,0.00,0.00,0.00,0,0,0.00,50,40,35,51,10,1.78,86,0.14,0.20,0.62,42,0.05,0.07,34,7,0.54,0.77,1.99,1.38,84,18,0.07,41,50,61,75,0,46,67,0,0.00,99,14,0.00,1.54,9.82,6.85,89,46,68,65,5.07,3.54,51.69,4,0.44,62,0,22.64,0,0.00,99,12,0.92,1.32,91,47,62,54,0,0,0,0,0,51,51,68,64,0,99,2,62,52,2,15,57,2,0,0
Rafael Raul Barcelos,22,1075017600,2004/01/25,Serie B,2026,Defender,América Mineiro,1024,394,630,Brazil,12,5,7,0,0,0,0,0,0,0,0,1,1,0,20,7,13,6,0,0,0,0,0,0,0,1.76,51,85,171,0,0.53,384,378,190,39,0,6.62,0,58,57.92,54.92,97,659,49.58,595,96,52.29,98,0.00,0.00,0.25,3,0.00,0.08,0.79,0.75,9,0.00,0.17,0.00,0.00,0.00,0.42,0.00,1.83,0.00,0.26,0.25,0.00,0.00,0.00,0.01,0.00,2.50,0.00,0.00,0,0,,3,0.25,13,0,0.00,20,3,0.26,21,0,1,11,25,0.00,99,0,5,0.44,32,1,30,0.09,19,0,0.00,99,0,0.00,0,0,0.00,0,0.26,20,0,0.00,12,0,0.00,0.00,0,0.00,0,0,0,0.00,0,22,0.00,7,1.93,85,N/A,N/A,N/A,N/A,0.00,0,0.00,0,0.15,0.00,0,90.29,0.00,20,91,0.08,0.09,1,17,17,0,0,0,1.25,1.32,15,99,79.45,3.17,3.34,38,0,0.00,0.00,99,0.00,0,0,0,0.00,0.00,0,0.00,0.00,0.00,0.00,0,0,0.00,50,52,31,51,8,1.38,56,0.11,0.12,0.15,13,0.01,0.01,31,8,0.67,0.70,1.76,1.67,75,20,0.01,12,30,78,75,0,46,91,0,0.00,99,30,0.00,2.64,7.56,7.17,86,46,41,36,4.04,3.83,53.49,2,0.18,79,0,0.00,0,0.00,99,0,0.00,0.00,30,51,41,12,0,0,0,0,0,37,51,68,64,0,99,4,20,93,6,50,99,4,0,0
Rai da Silva Pessanha,24,1019372400,2002/04/21,Serie B,2026,Midfielder,Juventude,1737,992,745,Brazil,22,12,10,5,2,3,3,3,0,0,0,17,11,6,6,1,5,2,0,0.41,0.16,0.26,0.18,0.36,347,0.31,290,79,869,579,0.1,65,77,-1,1,0,7.38,0.14,84,33.94,29.77,52,655,25.14,553,68,28.65,55,0.00,0.00,1.59,35,0.00,3.41,2.02,1.77,39,0.00,0.64,0.00,0.00,0.00,0.64,0.59,0.32,7.80,2.02,1.18,0.82,0.00,0.59,0.26,0.00,0.41,0.00,0.00,0,0,,39,1.77,81,13,0.67,80,26,1.35,80,4,1,21,86,0.00,99,0,14,0.73,52,75,91,3.89,82,0,0.00,99,0,0.00,0,0,0.00,0,1.81,89,18,0.93,51,13,0.67,72.22,0,0.00,0,0,0,0.00,0,7,0.00,98,0.36,1,N/A,N/A,N/A,N/A,0.00,0,0.00,0,5.74,0.00,0,84.43,33.33,66,15,0.86,0.98,19,66,86,0,0,0,0.23,0.26,5,58,162.35,0.64,0.73,14,0,0.00,0.00,99,0.00,0,0,2,0.09,0.10,0,0.00,0.00,0.05,0.05,1,0,12.82,81,89,95,63,99,4.27,90,0.19,0.22,5.74,87,0.26,0.30,97,64,2.91,3.32,1.24,1.09,46,24,0.30,84,99,22,89,0,49,21,0,0.00,99,9,0.00,0.47,10.05,8.82,194,123,87,68,6.37,5.59,63.40,14,0.73,40,0,42.67,0,0.00,99,32,1.45,1.66,96,94,41,84,0,0,0,0,0,88,89,92,76,0,99,99,88,25,2,9,33,75,0,0
Rai dos Reis Ramos,32,768207600,1994/05/06,Serie B,2026,Defender,Juventude,634,406,228,Brazil,10,6,4,0,0,0,0,0,0,0,0,7,6,1,5,0,5,0,0,0,0,0,0,0,0,0.71,127,63,0,0,0,441,442,43,19,0,6.60,0,58,23.71,16.70,23,167,14.10,141,68,20.02,31,0.00,0.00,0.40,4,0.00,2.70,1.28,0.90,9,0.00,0.30,0.00,0.00,0.00,0.20,0.20,0.50,0.00,0.99,0.20,0.50,0.00,0.50,0.07,0.00,0.10,0.00,0.00,0,0,,7,0.70,51,5,0.71,82,2,0.28,22,3,1,9,53,0.00,99,0,2,0.28,20,27,56,3.83,81,0,0.00,99,0,0.00,0,0,0.00,0,0.57,39,5,0.71,41,2,0.28,40.00,0,0.00,0,0,0,0.00,0,5,0.00,81,0.71,13,N/A,N/A,N/A,N/A,0.00,0,0.00,0,0.75,0.00,0,84.43,71.43,99,21,0.60,0.85,6,36,38,0,0,0,0.20,0.28,2,60,66.03,0.60,0.85,6,0,0.00,0.00,99,0.00,0,0,0,0.00,0.00,0,0.00,0.00,0.00,0.00,0,0,0.00,50,26,20,51,81,0.52,20,0.05,0.07,0.75,56,0.07,0.11,3,1,0.10,0.14,1.56,1.10,65,11,0.11,55,28,27,75,0,46,3,0,0.00,99,1,0.00,0.14,5.39,3.80,38,13,8,12,1.85,1.30,34.21,3,0.43,63,0,22.22,0,0.00,99,6,0.60,0.85,79,42,41,71,0,0,0,0,0,37,51,68,64,0,99,97,13,13,0,0,13,2,0,0
Raí Nascimento Oliveira,28,895474800,1998/05/18,Serie B,2026,Forward,Londrina,168,37,131,Brazil,6,2,4,0,0,0,0,0,0,0,0,1,1,0,4,1,3,0,0,0,0,0,0,0,0,2.14,42,28,0,0,0,-1,-1,-1,18,0,6.70,0,58,21.96,6.83,18,41,5.00,30,15,16.07,19,0.00,0.00,0.67,4,0.00,1.83,1.07,0.33,2,0.00,0.00,0.00,0.00,0.00,0.17,0.17,0.67,0.00,5.89,1.17,0.17,0.00,0.67,0.17,0.00,0.17,0.00,0.00,0,0,,11,1.83,99,4,2.14,99,7,3.75,99,5,5,1,40,0.00,99,0,1,0.54,37,11,32,5.89,96,0,0.00,99,0,0.00,0,0,0.00,0,2.14,94,1,0.54,33,1,0.54,100.00,0,0.00,0,0,0,0.00,0,4,0.00,2,2.14,90,N/A,N/A,N/A,N/A,0.00,0,0.00,0,1.02,0.00,0,73.17,36.36,70,46,0.17,0.54,1,59,99,0,0,0,0.00,0.00,0,22,40.18,0.00,0.00,0,0,0.00,0.00,99,0.00,0,0,1,0.17,0.54,0,0.00,0.00,0.00,0.00,0,0,0.00,50,0,3,51,2,0.22,56,0.04,0.12,1.02,98,0.17,0.55,85,4,0.67,2.14,1.07,0.33,36,2,0.55,98,41,1,99,0,46,25,0,0.00,99,1,0.00,0.54,6.96,2.17,13,8,50,30,4.29,1.33,61.54,0,0.00,99,0,9.09,0,0.00,99,1,0.17,0.54,68,0,77,91,0,0,0,0,0,37,51,68,64,0,99,17,13,13,0,0,13,28,0,0
Railan Reis Ferreira,26,952675200,2000/03/10,Serie B,2026,Defender,Cuiabá,1350,635,715,Brazil,18,8,10,0,0,0,0,0,0,0,0,7,3,4,12,6,6,2,0,0,0,0,0,0,0,0.8,113,75,675,0,0.13,332,417,66,32,0,6.86,0,58,31.07,25.89,42,466,19.94,359,29,23.93,41,0.00,0.00,0.72,13,0.00,2.67,1.60,1.33,24,0.00,0.61,0.00,0.00,0.00,1.28,1.11,0.67,0.00,1.60,1.06,1.89,0.00,0.28,0.10,0.00,0.94,0.00,0.00,0,0,,24,1.33,69,5,0.33,57,19,1.27,78,1,2,16,70,0.00,99,0,23,1.53,93,48,57,3.20,75,0,0.00,99,0,0.00,0,0,0.00,0,0.87,54,34,2.27,84,20,1.33,58.82,0,0.00,0,0,0,0.00,0,12,0.00,69,0.80,20,N/A,N/A,N/A,N/A,0.00,0,0.00,0,1.72,0.00,0,77.04,20.83,36,48,0.44,0.53,8,89,75,0,0,0,0.17,0.20,3,46,123.57,1.94,2.33,35,0,0.00,0.00,99,0.00,0,0,1,0.06,0.07,0,0.00,0.00,0.13,0.11,2,0,0.00,50,71,68,51,69,1.32,35,0.07,0.09,1.72,56,0.10,0.11,67,23,1.28,1.53,1.47,1.22,60,22,0.11,55,66,67,82,0,64,57,0,0.00,99,17,0.00,1.13,10.20,8.50,153,85,80,69,5.67,4.72,55.56,11,0.73,40,0,22.92,0,0.00,99,11,0.61,0.73,76,74,50,36,0,0,0,0,0,37,51,68,64,0,99,74,83,31,2,11,41,37,0,0
Ramon Menezes Roma,31,799484400,1995/05/03,Serie B,2026,Defender,Goiás,1181,404,777,Brazil,14,5,9,0,0,0,0,0,0,0,0,6,3,3,13,4,9,4,1,0,0,0,0,0,0,0.99,91,84,295,0,0.3,436,418,107,19,0,7.32,0,58,58.07,54.43,98,762,49.86,698,99,53.19,99,0.00,0.00,0.14,2,0.00,0.07,0.84,0.79,11,0.00,0.00,0.00,0.00,0.00,1.14,0.07,1.00,0.00,0.69,0.43,0.07,0.00,0.21,0.05,0.00,1.57,0.00,0.00,0,0,,9,0.64,36,3,0.23,46,6,0.46,35,2,0,14,28,0.00,99,0,16,1.22,84,1,99,0.08,18,0,0.00,99,0,0.00,0,0,0.00,0,0.15,14,1,0.08,13,1,0.08,100.00,0,0.00,0,0,0,0.00,0,14,0.00,50,1.07,46,N/A,N/A,N/A,N/A,0.00,0,0.00,0,0.68,0.00,0,91.60,33.33,66,81,0.21,0.23,3,19,99,0,0,0,0.86,0.91,12,94,102.47,4.29,4.57,60,0,0.00,0.00,99,0.00,0,0,1,0.07,0.08,0,0.00,0.00,0.00,0.00,0,0,0.00,50,61,41,51,51,1.47,49,0.10,0.11,0.68,34,0.05,0.05,8,3,0.21,0.23,1.07,1.00,36,14,0.05,33,98,86,84,0,46,73,0,0.00,99,22,0.00,1.68,5.49,5.14,72,37,16,13,2.82,2.64,51.39,0,0.00,99,0,100.00,0,0.00,99,1,0.07,0.08,36,62,24,54,0,0,0,0,0,37,51,68,64,0,99,84,44,68,2,14,55,40,0,0
Ramon Rodrigo	 de Carvalho,29,864025200,1997/05/19,Serie B,2026,Midfielder,Náutico,141,90,51,Brazil,6,3,3,0,0,0,0,0,0,0,0,2,1,1,1,0,1,0,0,0,0,0,0,0,0,0.64,141,24,0,0,0,-1,-1,-1,34,0,5.53,0,58,63.49,17.17,99,103,15.17,91,91,56.10,99,0.00,0.00,0.33,2,0.00,0.50,0.00,0.00,0,0.00,0.17,0.00,0.00,0.00,0.33,0.00,0.17,0.00,1.85,0.50,0.00,0.00,0.00,0.02,0.00,0.33,0.00,0.00,0,0,,3,0.50,77,0,0.00,20,3,1.85,93,0,6,0,6,0.00,99,0,2,1.23,84,3,30,1.85,64,0,0.00,99,0,0.00,0,0,0.00,0,1.23,72,0,0.00,12,0,0.00,0.00,0,0.00,0,0,0,0.00,0,1,0.00,87,0.62,7,N/A,N/A,N/A,N/A,0.00,0,0.00,0,0.12,0.00,0,88.35,0.00,20,7,0.33,1.23,2,17,17,0,0,0,0.00,0.00,0,22,33.19,0.17,0.62,1,0,0.00,0.00,99,0.00,0,0,0,0.00,0.00,0,0.00,0.00,0.00,0.00,0,0,0.00,50,0,3,51,88,0.26,74,0.04,0.16,0.12,42,0.02,0.07,55,2,0.33,1.23,2.47,0.67,93,4,0.07,41,1,19,75,0,46,58,0,0.00,99,2,0.00,1.23,6.78,1.83,11,4,11,27,2.47,0.67,36.36,1,0.62,50,0,0.00,0,0.00,99,0,0.00,0.00,30,0,81,12,0,0,0,0,0,37,51,68,64,0,99,64,13,13,0,0,13,40,0,0
Raphael Guimaraes de Paula,31,778748400,1994/09/05,Serie B,2026,Forward,Vila Nova,414,208,206,Brazil,12,5,7,0,0,0,2,2,0,0,0,3,2,1,5,2,3,0,0,0.43,0.43,0,0,0,0,1.09,83,35,0,207,0,356,5,-1,28,0,4.57,0.17,99,36.74,14.08,59,169,11.33,136,42,29.57,57,0.00,0.00,1.00,12,0.00,1.08,0.43,0.17,2,0.00,0.17,0.00,0.00,0.00,0.42,0.17,0.42,0.00,2.17,0.67,0.25,0.00,0.17,0.06,0.00,0.08,0.00,0.00,0,0,,10,0.83,84,2,0.43,65,8,1.74,92,6,7,5,12,0.00,99,0,5,1.09,76,13,78,2.83,72,0,0.00,99,0,0.00,0,0,0.00,0,2.61,98,3,0.65,39,2,0.43,66.67,0,0.00,0,0,0,0.00,0,5,0.00,41,1.09,48,N/A,N/A,N/A,N/A,0.00,0,0.00,0,0.77,0.00,0,80.47,20.00,36,36,0.25,0.65,3,50,85,0,0,0,0.08,0.22,1,50,54.88,0.42,1.09,5,0,0.00,0.00,99,0.00,0,0,0,0.00,0.00,0,0.00,0.00,0.43,0.17,2,0,0.00,50,5,31,51,43,1.90,99,0.16,0.41,0.77,67,0.06,0.17,67,7,0.58,1.52,1.52,0.58,62,7,0.17,66,0,36,75,0,88,9,0,0.00,99,1,0.00,0.22,5.87,2.25,27,12,13,16,2.61,1.00,44.44,2,0.43,63,0,30.77,0,0.00,99,4,0.33,0.87,81,16,85,95,0,0,0,0,0,90,51,68,64,0,99,38,13,13,0,0,13,21,0,0
Raul Lo Goncalves,30,837068400,1996/07/11,Serie B,2026,Midfielder,Cuiabá,2070,1080,990,Brazil,23,12,11,0,0,0,0,0,0,0,0,10,6,4,16,7,9,3,0,0,0,0,0,0,0,0.7,129,90,690,0,0.13,327,333,-1,22,0,6.99,0,58,47.70,47.70,84,1097,41.87,963,88,41.87,87,0.00,0.00,0.61,14,0.00,0.13,1.83,1.83,42,0.00,0.39,0.00,0.00,0.00,1.09,0.26,0.74,0.00,0.48,0.30,0.48,0.00,0.17,0.04,0.00,0.43,0.00,0.00,0,0,,11,0.48,24,4,0.17,37,7,0.30,25,0,0,23,78,0.00,99,0,25,1.09,76,3,99,0.13,21,0,0.00,99,0,0.00,0,0,0.00,0,0.61,42,11,0.48,30,6,0.26,54.55,0,0.00,0,0,0,0.00,0,17,0.00,82,0.74,16,N/A,N/A,N/A,N/A,0.00,0,0.00,0,0.94,0.00,0,87.78,36.36,70,38,0.61,0.61,14,35,69,0,0,0,0.52,0.52,12,78,160.76,1.43,1.43,33,0,0.00,0.00,99,0.00,0,0,0,0.00,0.00,0,0.00,0.00,0.00,0.00,0,0,0.00,50,99,99,51,83,2.90,63,0.13,0.13,0.94,29,0.04,0.04,71,38,1.65,1.65,0.52,0.52,12,12,0.04,28,84,47,75,0,46,18,0,0.00,99,10,0.00,0.43,6.57,6.57,151,95,45,24,4.13,4.13,62.91,9,0.39,65,0,100.00,0,0.00,99,3,0.13,0.13,42,99,24,12,0,0,0,0,0,37,51,68,64,0,99,84,84,31,3,13,48,30,0,0
Ray Breno Silva Valentim,21,1093935600,2004/08/31,Serie B,2026,Midfielder,Juventude,12,12,0,Brazil,1,1,0,0,0,0,0,0,0,0,0,1,1,0,0,0,0,0,0,0,0,0,0,0,0,0,0,12,0,0,0,-1,-1,-1,16,0,6.59,0,58,49.50,5.50,88,11,4.50,9,52,40.50,84,0.00,0.00,0.50,1,0.00,0.00,0.00,0.00,0,0.00,0.00,0.00,0.00,0.00,0.00,0.00,0.00,0.00,0.00,0.00,0.00,0.00,0.00,0.00,0.00,0.00,0.00,0.00,0,0,,0,0.00,8,0,0.00,20,0,0.00,8,0,1,0,6,0.00,99,0,0,0.00,9,0,30,0.00,15,0,0.00,99,0,0.00,0,0,0.00,0,4.50,99,0,0.00,12,0,0.00,0.00,0,0.00,0,0,0,0.00,0,0,0.00,99,0.00,0,N/A,N/A,N/A,N/A,0.00,0,0.00,0,0.00,0.00,0,81.82,0.00,20,99,0.00,0.00,0,17,17,0,0,0,0.00,0.00,0,22,13.19,0.00,0.00,0,0,0.00,0.00,99,0.00,0,0,0,0.00,0.00,0,0.00,0.00,0.00,0.00,0,0,0.00,50,0,0,51,0,0.07,97,0.04,0.32,0.00,9,0.00,0.00,99,1,0.50,4.50,4.50,0.50,99,1,0.00,8,26,1,75,0,46,2,0,0.00,99,0,0.00,0.00,9.00,1.00,2,1,54,54,4.50,0.50,50.00,0,0.00,99,0,0.00,0,0.00,99,0,0.00,0.00,30,0,41,12,0,0,0,0,0,37,51,68,64,0,99,99,13,13,0,0,13,27,0,0
Redney Emanuel de Jesus Assis,24,1005897600,2001/11/16,Serie B,2026,Midfielder,Athletic Club,499,326,173,Brazil,12,6,6,0,0,0,0,0,0,0,0,2,2,0,7,3,4,2,0,0,0,0,0,0,0,1.26,71,42,250,0,0.36,292,251,-1,23,0,5.89,0,58,26.10,12.08,33,145,9.42,113,32,20.34,33,0.00,0.00,0.58,7,0.00,0.17,1.26,0.58,7,0.00,1.25,0.00,0.00,0.00,0.25,0.33,0.58,0.00,1.62,0.58,0.75,0.00,0.17,0.04,0.00,0.42,0.00,0.00,0,0,,9,0.75,70,2,0.36,59,7,1.26,77,4,6,6,51,0.00,99,0,3,0.54,37,2,99,0.36,35,0,0.00,99,0,0.00,0,0,0.00,0,1.26,73,9,1.62,74,4,0.72,44.44,0,0.00,0,0,0,0.00,0,7,0.00,25,1.26,63,N/A,N/A,N/A,N/A,0.00,0,0.00,0,0.51,0.00,0,77.93,22.22,40,4,0.67,1.44,8,71,44,0,0,0,0.00,0.00,0,22,70.70,0.25,0.54,3,0,0.00,0.00,99,0.00,0,0,0,0.00,0.00,0,0.00,0.00,0.18,0.08,1,0,0.00,50,13,31,51,25,0.54,43,0.05,0.10,0.51,50,0.04,0.09,46,6,0.50,1.08,4.14,1.92,99,23,0.09,49,4,16,75,0,71,47,0,0.00,99,5,0.00,0.90,14.58,6.75,81,22,40,93,3.96,1.83,27.16,15,2.70,0,0,100.00,0,0.00,99,2,0.17,0.36,61,23,81,84,0,0,0,0,0,37,51,68,64,0,99,17,36,78,2,17,62,7,0,0
Reginaldo Lopes de Jesus,33,730368000,1993/02/22,Serie B,2026,Defender,Náutico,1113,589,524,Brazil,18,8,10,1,0,1,1,1,0,0,0,5,4,1,14,4,10,2,0,0.16,0.08,0.08,0,0.17,1113,1.13,80,62,557,1113,0.16,184,141,134,12,0,6.70,0.06,68,38.65,26.56,64,478,22.11,398,61,32.18,65,0.00,0.00,0.89,16,0.00,3.89,1.05,0.72,13,0.00,0.28,0.00,0.00,0.00,0.33,0.00,0.83,5.00,0.40,0.11,0.22,0.00,0.17,0.06,0.00,0.61,0.00,0.00,0,0,,5,0.28,22,3,0.24,47,2,0.16,12,3,7,11,40,0.00,99,0,6,0.49,35,70,45,5.66,95,0,0.00,99,0,0.00,0,0,0.00,0,1.29,74,4,0.32,25,0,0.00,0.00,0,0.00,0,0,0,0.00,0,15,0.00,37,1.21,60,N/A,N/A,N/A,N/A,0.00,0,0.00,0,1.06,0.00,0,83.26,60.00,96,42,0.39,0.57,7,17,17,0,0,0,0.11,0.16,2,41,120.57,1.39,2.02,25,1,0.00,0.08,9,0.06,0,0,0,0.00,0.00,0,0.00,0.00,0.32,0.22,4,0,20.00,94,58,68,91,38,2.13,78,0.12,0.17,1.06,50,0.06,0.09,54,15,0.83,1.21,0.57,0.39,13,7,0.09,49,41,61,75,0,84,45,0,0.00,99,11,0.00,0.89,6.15,4.22,76,39,22,19,3.15,2.17,51.32,5,0.40,64,0,18.57,0,0.00,99,13,0.72,1.05,85,51,85,71,0,0,0,0,0,60,60,80,64,0,99,51,75,39,2,11,41,93,0,0
Renan Gustavo Ribeiro Moreira,21,1108540800,2005/02/16,Serie B,2026,Defender,Operário PR,0,0,0,Brazil,0,0,0,0,0,0,0,0,0,0,0,0,0,0,0,0,0,0,0,0,0,0,0,0,0,0,0,0,0,0,0,-1,-1,-1,-1,N/A,N/A,N/A,N/A,N/A,N/A,N/A,N/A,N/A,N/A,N/A,N/A,N/A,N/A,N/A,N/A,N/A,N/A,N/A,N/A,N/A,N/A,N/A,N/A,N/A,N/A,N/A,N/A,N/A,N/A,N/A,N/A,N/A,N/A,N/A,N/A,N/A,N/A,N/A,N/A,N/A,N/A,N/A,N/A,N/A,N/A,N/A,N/A,N/A,N/A,N/A,N/A,N/A,N/A,N/A,N/A,N/A,N/A,N/A,N/A,N/A,N/A,N/A,N/A,N/A,N/A,N/A,N/A,N/A,N/A,N/A,N/A,N/A,N/A,N/A,N/A,N/A,N/A,N/A,N/A,N/A,N/A,N/A,N/A,N/A,N/A,N/A,N/A,N/A,N/A,N/A,N/A,N/A,N/A,N/A,N/A,N/A,N/A,N/A,N/A,N/A,N/A,N/A,N/A,N/A,N/A,N/A,N/A,N/A,N/A,N/A,N/A,N/A,N/A,N/A,N/A,N/A,N/A,N/A,N/A,N/A,N/A,N/A,N/A,N/A,N/A,N/A,N/A,N/A,N/A,N/A,N/A,N/A,N/A,N/A,N/A,N/A,N/A,N/A,N/A,N/A,N/A,N/A,N/A,N/A,N/A,N/A,N/A,N/A,N/A,N/A,N/A,N/A,N/A,N/A,N/A,N/A,N/A,N/A,N/A,N/A,N/A,N/A,N/A,N/A,N/A,N/A,N/A,N/A,N/A,N/A,N/A,N/A,N/A,N/A,N/A,N/A,N/A,N/A,N/A,N/A,N/A,N/A,N/A,N/A,N/A,N/A,N/A,N/A,N/A,N/A,N/A,N/A,N/A,N/A,N/A,N/A,N/A,N/A,N/A,N/A,N/A,N/A,N/A,N/A,N/A,N/A,N/A,N/A,N/A,N/A,N/A,N/A,N/A,N/A,N/A,N/A,N/A,N/A,N/A,N/A,N/A,N/A,N/A
Renato Palm da Silveira,34,687423600,1991/10/14,Serie B,2026,Defender,Novorizontino,0,0,0,Brazil,0,0,0,0,0,0,0,0,0,0,0,0,0,0,0,0,0,0,0,0,0,0,0,0,0,0,0,0,0,0,0,-1,-1,-1,-1,N/A,N/A,N/A,N/A,N/A,N/A,N/A,N/A,N/A,N/A,N/A,N/A,N/A,N/A,N/A,N/A,N/A,N/A,N/A,N/A,N/A,N/A,N/A,N/A,N/A,N/A,N/A,N/A,N/A,N/A,N/A,N/A,N/A,N/A,N/A,N/A,N/A,N/A,N/A,N/A,N/A,N/A,N/A,N/A,N/A,N/A,N/A,N/A,N/A,N/A,N/A,N/A,N/A,N/A,N/A,N/A,N/A,N/A,N/A,N/A,N/A,N/A,N/A,N/A,N/A,N/A,N/A,N/A,N/A,N/A,N/A,N/A,N/A,N/A,N/A,N/A,N/A,N/A,N/A,N/A,N/A,N/A,N/A,N/A,N/A,N/A,N/A,N/A,N/A,N/A,N/A,N/A,N/A,N/A,N/A,N/A,N/A,N/A,N/A,N/A,N/A,N/A,N/A,N/A,N/A,N/A,N/A,N/A,N/A,N/A,N/A,N/A,N/A,N/A,N/A,N/A,N/A,N/A,N/A,N/A,N/A,N/A,N/A,N/A,N/A,N/A,N/A,N/A,N/A,N/A,N/A,N/A,N/A,N/A,N/A,N/A,N/A,N/A,N/A,N/A,N/A,N/A,N/A,N/A,N/A,N/A,N/A,N/A,N/A,N/A,N/A,N/A,N/A,N/A,N/A,N/A,N/A,N/A,N/A,N/A,N/A,N/A,N/A,N/A,N/A,N/A,N/A,N/A,N/A,N/A,N/A,N/A,N/A,N/A,N/A,N/A,N/A,N/A,N/A,N/A,N/A,N/A,N/A,N/A,N/A,N/A,N/A,N/A,N/A,N/A,N/A,N/A,N/A,N/A,N/A,N/A,N/A,N/A,N/A,N/A,N/A,N/A,N/A,N/A,N/A,N/A,N/A,N/A,N/A,N/A,N/A,N/A,N/A,N/A,N/A,N/A,N/A,N/A,N/A,N/A,N/A,N/A,N/A,N/A
Renzo López Patrón,32,766479600,1994/04/16,Serie B,2026,Forward,Ceará,321,160,161,Uruguay,7,4,3,0,0,0,0,0,0,0,0,1,1,0,4,1,3,1,0,0,0,0,0,0,0,1.12,80,46,321,0,0.28,241,220,-1,22,0,6.70,0,58,20.19,10.29,16,72,5.71,40,1,11.21,7,0.00,0.00,0.43,3,0.00,0.00,1.68,0.86,6,0.00,0.57,0.00,0.00,0.00,0.14,0.00,0.71,0.00,1.68,0.43,0.14,0.00,0.43,0.07,0.00,4.57,0.00,0.00,0,0,,6,0.86,72,3,0.84,87,3,0.84,57,1,4,3,71,0.00,99,0,1,0.28,20,0,30,0.00,15,0,0.00,99,0,0.00,0,0,0.00,0,0.84,51,1,0.28,23,0,0.00,0.00,0,0.00,0,0,0,0.00,0,5,0.00,38,1.40,71,N/A,N/A,N/A,N/A,0.00,0,0.00,0,0.49,0.00,0,55.56,50.00,92,76,0.14,0.28,1,17,17,0,0,0,0.29,0.56,2,81,46.90,0.43,0.84,3,0,0.00,0.00,99,0.00,0,0,0,0.00,0.00,0,0.00,0.00,0.84,0.43,3,0,0.00,50,0,8,51,38,0.21,15,0.03,0.06,0.49,63,0.07,0.14,88,8,1.14,2.24,1.96,1.00,83,7,0.14,62,41,26,75,0,97,99,0,0.00,99,32,0.00,8.97,23.27,11.86,83,46,99,99,12.90,6.57,55.42,4,1.12,21,0,0.00,0,0.00,99,0,0.00,0.00,30,3,69,36,0,0,0,0,0,37,51,68,64,0,99,14,50,64,1,14,55,7,0,0
Reverson Valuarth Paiva Silva,29,854870400,1997/02/02,Serie B,2026,Defender,CRB,261,116,145,Brazil,7,4,3,0,0,0,0,0,0,0,0,4,2,2,4,3,1,0,0,0,0,0,0,0,0,1.38,65,37,0,0,0,-1,-1,-1,18,0,6.57,0,58,40.69,16.86,69,118,15.57,109,99,37.59,80,0.00,0.00,1.00,7,0.00,2.00,1.72,0.71,5,0.00,0.29,0.00,0.00,0.00,0.14,0.57,0.57,0.00,1.38,0.57,1.00,0.00,0.00,0.03,0.00,0.14,0.00,0.00,0,0,,4,0.57,63,0,0.00,20,4,1.38,82,1,5,2,73,0.00,99,0,1,0.34,24,14,86,4.83,91,0,0.00,99,0,0.00,0,0,0.00,0,2.41,97,7,2.41,86,4,1.38,57.14,0,0.00,0,0,0,0.00,0,4,0.00,18,1.38,71,N/A,N/A,N/A,N/A,0.00,0,0.00,0,0.20,0.00,0,92.37,0.00,20,13,0.43,1.03,3,90,73,0,0,0,0.00,0.00,0,22,45.99,1.29,3.10,9,0,0.00,0.00,99,0.00,0,0,0,0.00,0.00,0,0.00,0.00,0.34,0.14,1,0,0.00,50,0,8,51,19,0.55,83,0.08,0.19,0.20,42,0.03,0.07,13,1,0.14,0.34,2.41,1.00,91,7,0.07,41,25,76,75,0,84,14,0,0.00,99,1,0.00,0.34,10.69,4.43,31,11,35,74,3.79,1.57,35.48,2,0.69,44,0,35.71,0,0.00,99,5,0.71,1.72,96,1,77,36,0,0,0,0,0,37,51,68,64,0,99,95,13,13,0,0,13,6,0,0
Reynaldo Cesar Moraes,29,852278400,1997/01/03,Serie B,2026,Defender,Avaí,384,180,204,Brazil,5,2,3,0,0,0,0,0,0,0,0,1,0,1,2,2,0,1,0,0,0,0,0,0,0,0.47,192,77,384,0,0.23,224,204,13,20,0,6.64,0,58,31.17,26.60,43,133,22.20,111,62,26.02,47,0.00,0.00,0.00,0,0.00,0.20,0.94,0.80,4,0.00,0.00,0.00,0.00,0.00,1.00,0.00,0.80,0.00,0.23,0.20,0.00,0.00,0.00,0.01,0.00,0.60,0.00,0.00,0,0,,1,0.20,12,0,0.00,20,1,0.23,18,0,1,4,33,0.00,99,0,5,1.17,82,1,30,0.23,30,0,0.00,99,0,0.00,0,0,0.00,0,0.00,7,0,0.00,12,0,0.00,0.00,0,0.00,0,0,0,0.00,0,4,0.00,96,0.94,33,N/A,N/A,N/A,N/A,0.00,0,0.00,0,0.04,0.00,0,83.46,0.00,20,99,0.00,0.00,0,17,17,0,0,0,1.00,1.17,5,97,33.18,3.80,4.45,19,0,0.00,0.00,99,0.00,0,0,0,0.00,0.00,0,0.00,0.00,0.00,0.00,0,0,0.00,50,2,2,51,96,0.28,20,0.06,0.07,0.04,13,0.01,0.01,2,0,0.00,0.00,1.64,1.40,69,7,0.01,12,33,85,75,0,46,36,0,0.00,99,3,0.00,0.70,3.98,3.40,17,5,7,8,1.17,1.00,29.41,0,0.00,99,0,0.00,0,0.00,99,0,0.00,0.00,30,8,41,12,0,0,0,0,0,37,51,68,64,0,99,26,58,55,1,20,70,40,0,0
Ricardo César Dantas da Silva,34,713689200,1992/08/13,Serie B,2026,Defender,América Mineiro,776,416,360,Brazil,9,5,4,0,0,0,0,0,0,0,0,1,0,1,10,7,3,0,0,0,0,0,0,0,0,1.16,78,86,0,0,0,300,192,141,24,0,7.00,0,58,67.15,64.33,99,579,57.78,520,95,60.31,99,0.00,0.00,0.33,3,0.00,0.22,0.81,0.78,7,0.00,0.00,0.00,0.00,0.00,0.89,0.00,1.33,0.00,0.46,0.44,0.00,0.00,0.00,0.02,0.00,3.56,0.00,0.00,0,0,,4,0.44,24,0,0.00,20,4,0.46,35,1,0,9,26,0.00,99,0,8,0.93,65,2,30,0.23,30,0,0.00,99,0,0.00,0,0,0.00,0,0.35,25,0,0.00,12,0,0.00,0.00,0,0.00,0,0,0,0.00,0,12,0.00,34,1.39,71,N/A,N/A,N/A,N/A,0.00,0,0.00,0,0.20,0.00,0,89.81,0.00,20,99,0.00,0.00,0,17,17,0,0,0,1.33,1.39,12,99,63.02,5.78,6.03,52,0,0.00,0.00,99,0.00,0,0,0,0.00,0.00,0,0.00,0.00,0.00,0.00,0,0,0.00,50,37,15,51,35,1.23,66,0.14,0.14,0.20,19,0.02,0.02,50,10,1.11,1.16,0.58,0.56,14,5,0.02,18,85,94,75,0,46,99,0,0.00,99,32,0.00,3.71,7.19,6.89,62,49,80,32,5.68,5.44,79.03,0,0.00,99,0,0.00,0,0.00,99,0,0.00,0.00,30,42,24,36,0,0,0,0,0,37,51,68,64,0,99,8,13,13,0,0,13,45,0,0
Richard de Oliveira Costa,35,667814400,1991/03/01,Serie B,2026,Goalkeeper,Ceará,1576,810,766,Brazil,18,9,9,0,0,0,0,0,0,0,0,5,3,2,19,8,11,1,0,0,0,0,0,0,0,1.09,83,88,1576,0,0.06,362,343,128,18,0,6.83,0,58,21.99,21.39,19,385,13.44,242,3,13.82,13,0.00,0.00,0.00,0,0.00,0.06,0.00,0.00,0,0.00,0.00,0.00,0.00,2.83,0.06,0.00,3.94,0.00,0.00,0.00,0.00,0.00,0.00,0.00,0.00,0.33,0.00,0.00,0,0,,0,0.00,8,0,0.00,20,0,0.00,8,1,0,18,6,0.00,99,0,1,0.06,11,1,99,0.06,17,0,0.00,99,0,0.00,0,0,0.00,0,0.00,7,0,0.00,12,0,0.00,0.00,0,0.00,0,51,48,2.91,41,71,0.00,41,4.05,96,N/A,N/A,N/A,N/A,71.83,0,0.00,0,0.00,0.00,0,62.86,0.00,20,99,0.00,0.00,0,17,17,0,0,31,0.06,0.06,1,25,122.87,0.56,0.57,10,0,0.00,0.00,99,0.00,2,0,0,0.00,0.00,5,0.28,0.29,0.00,0.00,0,0,0.00,50,82,68,51,43,0.42,1,0.02,0.02,0.00,9,0.00,0.00,18,7,0.39,0.40,0.06,0.06,7,1,0.00,8,61,17,75,20,46,14,0,0.00,99,6,0.00,0.34,0.80,0.78,14,10,5,6,0.57,0.56,71.43,0,0.00,99,0,100.00,0,0.00,99,1,0.06,0.06,34,82,24,36,0,0,0,0,0,37,51,68,64,0,99,51,97,18,1,6,24,1,0,0
Richardson Fernandes dos Santos,35,682412400,1991/08/17,Serie B,2026,Midfielder,Ceará,744,378,366,Brazil,14,7,7,0,0,0,1,1,0,0,0,4,2,2,8,4,4,2,0,0.12,0.12,0,0,0,0,0.97,93,53,372,744,0.24,378,113,-1,31,0,6.76,0.07,76,53.82,30.50,94,427,26.79,375,88,47.27,94,0.00,0.00,0.29,4,0.00,0.07,1.89,1.07,15,0.00,0.29,0.00,0.00,0.00,0.64,0.14,0.64,0.00,0.25,0.14,0.14,0.00,0.00,0.01,0.00,0.86,0.00,0.00,0,0,,2,0.14,12,0,0.00,20,2,0.25,20,6,6,8,81,0.00,99,0,9,1.13,80,1,30,0.13,21,0,0.00,99,0,0.00,0,0,0.00,0,0.50,36,2,0.25,23,2,0.25,100.00,0,0.00,0,0,0,0.00,0,9,0.00,52,1.13,51,N/A,N/A,N/A,N/A,0.00,0,0.00,0,0.09,0.00,0,87.82,0.00,20,10,0.64,1.13,9,33,99,0,0,0,0.36,0.63,5,84,94.61,0.79,1.39,11,1,0.00,0.13,4,0.07,0,0,0,0.00,0.00,0,0.00,0.00,0.00,0.00,0,0,0.00,50,35,41,51,53,1.51,83,0.11,0.19,0.09,13,0.01,0.01,89,18,1.29,2.27,2.14,1.21,87,17,0.01,12,48,45,75,0,46,66,0,0.00,99,12,0.00,1.51,10.08,5.71,80,46,82,68,5.80,3.29,57.50,4,0.50,56,0,0.00,0,0.00,99,0,0.00,0.00,30,37,81,95,0,0,0,0,0,53,51,68,64,0,99,51,56,58,2,14,55,26,0,0
Robson dos Santos Fernandes,35,675586800,1991/05/30,Serie B,2026,Forward,Novorizontino,1786,813,973,Brazil,22,10,12,12,5,7,4,3,1,0,0,9,3,6,15,8,7,3,0,0.81,0.2,0.6,0.55,0.65,149,0.76,119,81,595,447,0.15,8,50,-1,1,0,7.33,0.18,91,17.54,15.82,11,348,10.82,238,8,11.99,8,0.00,0.00,1.32,29,0.00,0.77,1.01,0.91,20,0.00,0.73,0.00,0.00,0.00,0.18,0.41,0.68,4.25,2.57,1.41,0.82,0.00,0.91,0.51,0.00,1.64,0.00,0.00,0,0,,51,2.32,90,20,1.01,92,31,1.56,87,1,0,22,37,0.00,99,0,4,0.20,16,17,75,0.86,49,0,0.00,99,0,0.00,0,0,0.00,0,1.46,81,18,0.91,51,9,0.45,50.00,0,0.00,0,0,0,0.00,0,15,0.00,75,0.76,17,N/A,N/A,N/A,N/A,0.00,0,0.00,0,11.14,0.00,0,68.39,39.22,74,70,0.32,0.35,7,53,63,0,0,0,0.14,0.15,3,40,161.22,0.64,0.71,14,0,0.00,0.00,99,0.00,0,0,2,0.09,0.10,0,0.00,0.00,0.45,0.41,9,1,23.53,95,91,95,52,76,3.92,86,0.18,0.20,11.14,98,0.51,0.56,77,36,1.64,1.81,1.51,1.36,61,30,0.56,98,98,21,89,0,89,77,0,0.00,99,36,0.00,1.81,11.14,10.05,221,98,64,78,4.94,4.45,44.34,16,0.81,36,0,29.41,0,0.00,99,5,0.23,0.25,54,97,24,36,0,2,0,9,0,99,99,98,96,0,99,79,77,37,3,14,55,11,0,0
Rodrigo Agustín Saravia Salvia,26,966495600,2000/08/17,Serie B,2026,Midfielder,Ponte Preta,203,90,113,Uruguay,3,1,2,0,0,0,0,0,0,0,0,0,0,0,2,1,1,1,1,0,0,0,0,0,0,0.89,102,68,102,0,0.89,-1,-1,-1,28,0,6.50,0,58,43.89,33.00,79,99,28.00,84,72,37.24,78,0.00,0.00,0.33,1,0.00,0.33,1.33,1.00,3,0.00,0.00,0.00,0.00,0.00,0.33,0.00,0.67,0.00,0.00,0.00,0.00,0.00,0.00,0.00,0.00,1.33,0.00,0.00,0,0,,0,0.00,8,0,0.00,20,0,0.00,8,6,0,3,56,0.00,99,0,1,0.44,32,1,30,0.44,39,0,0.00,99,0,0.00,0,0,0.00,0,0.44,30,0,0.00,12,0,0.00,0.00,0,0.00,0,0,0,0.00,0,2,0.00,61,0.89,29,N/A,N/A,N/A,N/A,0.00,0,0.00,0,0.00,0.00,0,84.85,0.00,20,59,0.33,0.44,1,17,17,0,0,0,0.33,0.44,1,73,19.50,1.33,1.77,4,0,0.00,0.00,99,0.00,0,0,0,0.00,0.00,0,0.00,0.00,0.00,0.00,0,0,0.00,50,0,0,51,62,0.18,27,0.06,0.08,0.00,9,0.00,0.00,38,2,0.67,0.89,2.22,1.67,88,5,0.00,8,19,56,75,0,46,76,0,0.00,99,4,0.00,1.77,7.54,5.67,17,9,40,36,3.99,3.00,52.94,0,0.00,99,0,0.00,0,0.00,99,0,0.00,0.00,30,3,24,95,0,0,0,0,0,37,51,68,64,0,99,2,13,99,0,0,13,6,0,0
Rodrigo Alves Soares,33,725356800,1992/12/26,Serie B,2026,Defender,Goiás,1255,597,658,Brazil,20,10,10,0,0,0,1,0,1,0,0,6,5,1,11,1,10,3,1,0.07,0.07,0,0,0,0,0.79,114,63,314,1255,0.29,420,148,61,22,0,6.59,0.05,67,42.02,29.30,73,586,25.60,512,85,36.72,77,0.00,0.00,0.60,12,0.00,2.65,0.86,0.60,12,0.00,0.50,0.00,0.00,0.00,0.40,0.35,0.65,0.00,0.72,0.45,0.85,0.00,0.05,0.03,0.00,0.55,0.00,0.00,0,0,,10,0.50,37,1,0.07,22,9,0.65,46,4,4,16,30,0.00,99,0,8,0.57,40,53,42,3.80,81,0,0.00,99,0,0.00,0,0,0.00,0,0.86,52,17,1.22,64,7,0.50,41.18,0,0.00,0,0,0,0.00,0,13,0.00,70,0.93,32,N/A,N/A,N/A,N/A,0.00,0,0.00,0,0.50,0.00,0,87.37,10.00,21,42,0.40,0.57,8,58,39,0,0,0,0.30,0.43,6,73,131.71,1.40,2.01,28,0,0.00,0.00,99,0.00,0,0,1,0.05,0.07,0,0.00,0.00,0.00,0.00,0,0,0.00,50,66,79,51,71,2.22,74,0.11,0.16,0.50,29,0.03,0.04,2,1,0.05,0.07,0.93,0.65,30,13,0.04,28,26,60,82,0,46,40,0,0.00,99,11,0.00,0.79,5.95,4.15,83,30,9,16,2.15,1.50,36.14,10,0.72,42,0,16.98,0,0.00,99,9,0.45,0.65,72,74,69,84,0,0,0,0,0,43,51,68,64,0,99,54,49,66,2,10,37,2,0,0
Rodrigo Andrés Piñeiro Silva,27,925887600,1999/05/05,Serie B,2026,Forward,América Mineiro,117,69,48,Uruguay,3,1,2,0,0,0,0,0,0,0,0,0,0,0,5,3,2,1,0,0,0,0,0,0,0,3.85,23,39,117,0,0.77,-1,-1,-1,22,0,6.34,0,58,16.92,7.33,10,22,6.67,20,97,15.38,17,0.00,0.00,0.00,0,0.00,1.00,0.77,0.33,1,0.00,0.33,0.00,0.00,0.00,0.00,0.33,2.00,0.00,1.54,0.33,2.00,0.00,0.33,0.06,0.00,0.33,0.00,0.00,0,0,,2,0.67,68,1,0.77,84,1,0.77,54,1,2,1,24,0.00,99,0,0,0.00,9,3,30,2.31,66,0,0.00,99,0,0.00,0,0,0.00,0,0.00,7,6,4.62,98,1,0.77,16.67,0,0.00,0,0,0,0.00,0,6,0.00,0,4.62,98,N/A,N/A,N/A,N/A,0.00,0,0.00,0,0.19,0.00,0,90.91,50.00,92,26,0.33,0.77,1,72,17,0,0,0,0.00,0.00,0,22,19.01,0.00,0.00,0,0,0.00,0.00,99,0.00,0,0,0,0.00,0.00,0,0.00,0.00,0.00,0.00,0,0,0.00,50,0,0,51,0,0.05,8,0.02,0.04,0.19,65,0.06,0.15,67,2,0.67,1.54,1.54,0.67,63,2,0.15,64,14,1,75,0,46,39,0,0.00,99,1,0.00,0.77,13.08,5.67,17,5,36,89,3.85,1.67,29.41,1,0.77,37,0,0.00,0,0.00,99,0,0.00,0.00,30,0,50,36,0,0,0,0,0,37,51,68,64,0,99,2,14,99,1,33,94,14,0,0
Rodrigo Antonio Rodrigues,26,956300400,2000/04/21,Serie B,2026,Forward,Cuiabá,1245,674,571,Brazil,22,12,10,0,0,0,2,0,2,0,0,10,6,4,6,2,4,1,0,0.14,0.14,0,0,0,0,0.43,208,57,1245,623,0.07,334,93,-1,14,0,6.11,0.09,80,16.55,10.41,8,229,7.95,175,27,12.65,11,0.00,0.00,0.55,12,0.00,1.00,0.72,0.45,10,0.00,1.18,0.00,0.00,0.00,0.18,0.77,0.27,0.00,3.25,1.27,1.50,0.00,0.77,0.19,0.00,0.55,0.00,0.00,0,0,,45,2.05,97,17,1.23,95,28,2.02,96,4,6,16,21,0.00,99,0,4,0.29,22,22,71,1.59,60,0,0.00,99,0,0.00,0,0,0.00,0,0.87,54,33,2.39,86,17,1.23,51.52,0,0.00,0,0,0,0.00,0,6,0.00,97,0.43,2,N/A,N/A,N/A,N/A,0.00,0,0.00,0,4.24,0.00,0,76.42,37.78,73,76,0.18,0.29,4,88,63,0,1,0,0.05,0.07,1,27,134.38,0.14,0.22,3,0,0.00,0.00,99,0.00,0,1,1,0.05,0.07,0,0.00,0.00,0.94,0.59,13,1,0.00,50,65,95,51,97,1.98,66,0.09,0.14,3.54,81,0.16,0.26,73,24,1.09,1.73,1.88,1.18,80,26,0.31,86,9,3,82,0,99,44,0,0.00,99,12,0.00,0.87,12.72,8.00,176,60,51,87,4.34,2.73,34.09,26,1.88,4,0,27.27,0,0.00,99,6,0.27,0.43,64,74,81,84,0,0,0,0,0,56,51,68,64,0,99,86,92,21,1,5,19,27,0,0
Rodrigo Araújo da Silva Filho,25,987490800,2001/04/17,Serie B,2026,Forward,Ponte Preta,211,121,90,Brazil,9,4,5,0,0,0,0,0,0,0,0,0,0,0,7,3,4,1,0,0,0,0,0,0,0,2.99,30,23,211,0,0.43,-1,-1,-1,18,0,6.42,0,58,20.47,5.33,16,48,4.22,38,36,16.21,19,0.00,0.00,0.11,1,0.00,0.44,1.28,0.33,3,0.00,0.33,0.00,0.00,0.00,0.22,0.11,1.00,0.00,4.27,0.78,0.44,0.00,0.33,0.08,0.00,0.44,0.00,0.00,0,0,,10,1.11,99,3,1.28,96,7,2.99,99,5,7,2,53,0.00,99,0,2,0.85,60,4,30,1.71,62,0,0.00,99,0,0.00,0,0,0.00,0,0.43,29,4,1.71,75,1,0.43,25.00,0,0.00,0,0,0,0.00,0,9,0.00,0,3.84,95,N/A,N/A,N/A,N/A,0.00,0,0.00,0,0.71,0.00,0,79.17,30.00,53,1,0.44,1.71,4,50,21,0,0,0,0.00,0.00,0,22,57.78,0.11,0.43,1,0,0.00,0.00,99,0.00,0,0,0,0.00,0.00,0,0.00,0.00,2.13,0.56,5,0,0.00,50,0,15,51,0,0.12,11,0.01,0.05,0.71,87,0.08,0.30,37,2,0.22,0.85,3.84,1.00,99,9,0.30,84,17,11,75,0,99,73,0,0.00,99,4,0.00,1.71,14.08,3.67,33,10,50,93,4.27,1.11,30.30,3,1.28,15,0,0.00,0,0.00,99,0,0.00,0.00,30,1,85,91,0,0,0,0,0,37,51,68,64,0,99,2,27,87,1,11,41,90,0,0
Rodrigo de Souza Fonseca,38,562320000,1987/10/27,Serie B,2026,Midfielder,Ponte Preta,238,122,116,Brazil,7,4,3,0,0,0,0,0,0,0,0,1,1,0,7,4,3,0,0,0,0,0,0,0,0,2.65,34,34,0,0,0,-1,-1,-1,29,0,5.73,0,58,26.85,10.14,35,71,8.14,57,40,21.55,36,0.00,0.00,0.14,1,0.00,0.14,3.78,1.43,10,0.00,0.29,0.00,0.00,0.00,0.71,0.14,1.00,0.00,0.38,0.14,0.14,0.00,0.00,0.01,0.00,1.14,0.00,0.00,0,0,,1,0.14,21,0,0.00,20,1,0.38,30,4,4,3,99,0.00,99,0,5,1.89,98,1,30,0.38,35,0,0.00,99,0,0.00,0,0,0.00,0,0.38,26,1,0.38,27,1,0.38,100.00,0,0.00,0,0,0,0.00,0,7,0.00,0,2.65,93,N/A,N/A,N/A,N/A,0.00,0,0.00,0,0.06,0.00,0,80.28,0.00,20,67,0.14,0.38,1,45,99,0,0,0,0.29,0.76,2,89,40.12,1.00,2.65,7,0,0.00,0.00,99,0.00,0,0,0,0.00,0.00,0,0.00,0.00,0.00,0.00,0,0,0.00,50,0,8,51,0,0.15,15,0.02,0.06,0.06,19,0.01,0.02,78,5,0.71,1.89,1.89,0.71,80,5,0.02,18,2,71,75,0,46,95,0,0.00,99,8,0.00,3.03,12.10,4.57,32,23,99,83,8.70,3.29,71.88,2,0.76,38,0,0.00,0,0.00,99,0,0.00,0.00,30,3,69,84,0,0,0,0,0,37,51,68,64,0,99,14,13,13,0,0,13,5,0,0
Rodrigo Eduardo da Silva,31,806569200,1995/07/24,Serie B,2026,Defender,Juventude,1686,876,810,Brazil,19,10,9,0,0,0,1,1,0,0,0,13,9,4,11,1,10,3,0,0.05,0.05,0,0,0,0,0.59,153,89,562,1686,0.16,446,171,27,27,0,7.11,0.05,60,50.60,49.89,89,948,44.21,840,92,44.84,90,0.00,0.00,0.37,7,0.00,0.47,2.46,2.42,46,0.00,0.16,0.00,0.00,0.00,1.79,0.42,0.63,0.00,0.32,0.32,0.58,0.00,0.00,0.02,0.00,2.05,0.00,0.00,0,0,,6,0.32,17,0,0.00,20,6,0.32,26,1,0,19,94,0.00,99,0,34,1.81,97,9,56,0.48,40,0,0.00,99,0,0.00,0,0,0.00,0,0.37,26,11,0.59,35,8,0.43,72.73,0,0.00,0,0,0,0.00,0,12,0.00,89,0.64,8,N/A,N/A,N/A,N/A,0.00,0,0.00,0,0.29,0.00,0,88.61,0.00,20,25,0.79,0.80,15,50,86,0,0,0,0.58,0.59,11,82,135.06,4.42,4.48,84,0,0.00,0.00,99,0.00,0,0,0,0.00,0.00,0,0.00,0.00,0.11,0.11,2,0,0.00,50,87,74,51,90,2.56,66,0.13,0.14,0.29,19,0.02,0.02,65,28,1.47,1.49,1.92,1.89,82,36,0.02,18,92,86,75,0,61,83,0,0.00,99,39,0.00,2.08,10.25,10.11,192,119,87,70,6.35,6.26,61.98,3,0.16,80,0,22.22,0,0.00,99,2,0.11,0.11,40,86,24,36,0,0,0,0,0,38,51,68,64,0,99,96,75,39,3,16,58,34,0,0
Rodrigo Fagundes de Freitas,39,542361600,1987/03/10,Serie B,2026,Defender,Criciúma,1396,810,586,Brazil,16,9,7,0,0,0,0,0,0,0,0,9,6,3,7,4,3,1,0,0,0,0,0,0,0,0.45,199,87,1396,0,0.06,438,437,10,25,0,7.14,0,58,38.75,37.56,65,601,33.00,528,88,34.04,70,0.00,0.00,0.56,9,0.00,0.00,1.16,1.12,18,0.00,0.19,0.00,0.00,0.00,2.12,0.25,0.50,0.00,0.71,0.56,0.38,0.00,0.12,0.04,0.00,3.75,0.00,0.00,0,0,,11,0.69,37,2,0.13,32,9,0.58,40,1,0,16,47,0.00,99,0,34,2.19,99,0,30,0.00,15,0,0.00,99,0,0.00,0,0,0.00,0,0.58,40,6,0.39,27,4,0.26,66.67,0,0.00,0,0,0,0.00,0,8,0.00,96,0.52,4,N/A,N/A,N/A,N/A,0.00,0,0.00,0,0.71,0.00,0,87.85,18.18,32,78,0.25,0.26,4,35,85,0,0,0,0.81,0.84,13,93,114.22,5.19,5.35,83,0,0.00,0.00,99,0.00,0,0,0,0.00,0.00,0,0.00,0.00,0.06,0.06,1,0,0.00,50,74,54,51,97,1.62,43,0.10,0.10,0.71,34,0.04,0.05,17,6,0.38,0.39,0.97,0.94,31,15,0.05,33,94,91,75,0,53,99,0,0.00,99,60,0.00,3.87,8.96,8.69,139,86,78,54,5.54,5.38,61.87,3,0.19,78,0,0.00,0,0.00,99,0,0.00,0.00,30,74,24,36,0,0,0,0,0,37,51,68,64,0,99,95,95,18,1,6,24,3,0,0
Rodrigo Ferreira da Silva,31,796464000,1995/03/29,Serie B,2026,Defender,São Bernardo,2036,1136,900,Brazil,23,13,10,3,1,2,1,1,0,0,0,5,3,2,22,12,10,4,0,0.18,0.04,0.13,0.08,0.2,679,0.97,93,89,509,2036,0.18,140,178,102,2,0,6.92,0.04,59,43.01,42.30,77,973,35.17,809,60,35.76,75,0.00,0.00,0.43,10,0.00,2.52,1.28,1.26,29,0.00,0.30,0.00,0.00,0.00,1.04,0.43,0.96,7.33,0.97,0.70,0.74,0.00,0.26,0.14,0.00,1.00,0.00,0.00,0,0,,22,0.96,49,6,0.27,49,16,0.71,51,3,0,23,53,0.00,99,0,24,1.06,73,58,51,2.56,68,0,0.00,99,0,0.00,0,0,0.00,0,0.44,30,17,0.75,43,10,0.44,58.82,0,0.00,0,0,0,0.00,0,22,0.00,52,0.97,37,N/A,N/A,N/A,N/A,0.00,0,0.00,0,3.32,0.00,0,83.14,27.27,49,42,0.57,0.57,13,51,75,0,0,0,0.48,0.49,11,77,159.07,3.09,3.14,71,2,0.00,0.09,8,0.09,0,0,0,0.00,0.00,0,0.00,0.00,0.04,0.04,1,0,13.64,82,99,99,82,53,2.88,63,0.13,0.13,3.32,65,0.14,0.15,31,16,0.70,0.71,1.06,1.04,36,24,0.15,64,77,76,75,0,46,53,0,0.00,99,23,0.00,1.02,6.54,6.43,148,77,26,23,3.40,3.35,52.03,7,0.31,69,0,20.69,0,0.00,99,12,0.52,0.53,68,99,24,71,0,0,0,0,0,64,70,82,65,0,99,30,71,43,4,17,62,2,0,0
Rodrigo Henrique Santos de Souza,23,1054796400,2003/06/05,Serie B,2026,Forward,Fortaleza,1081,520,561,Brazil,17,9,8,0,0,0,0,0,0,0,0,8,5,3,5,1,4,6,1,0,0,0,0,0,0,0.42,216,64,154,0,0.58,337,317,-1,22,0,6.83,0,58,41.96,29.65,73,504,25.12,427,71,35.55,74,0.00,0.00,1.18,20,0.00,3.53,2.00,1.41,24,0.00,0.82,0.00,0.00,0.00,0.47,0.41,0.29,0.00,1.58,0.94,0.88,0.00,0.18,0.08,0.00,0.59,0.00,0.00,0,0,,19,1.12,68,3,0.25,48,16,1.33,80,6,5,12,85,0.00,99,0,8,0.67,47,60,59,5.00,92,0,0.00,99,0,0.00,0,0,0.00,0,1.67,86,15,1.25,65,7,0.58,46.67,0,0.00,0,0,0,0.00,0,5,0.00,98,0.42,2,N/A,N/A,N/A,N/A,0.00,0,0.00,0,1.31,0.00,0,84.72,15.79,27,34,0.47,0.67,8,62,49,0,0,0,0.18,0.25,3,56,116.08,1.06,1.50,18,0,0.00,0.00,99,0.00,0,0,0,0.00,0.00,0,0.00,0.00,0.08,0.06,1,0,0.00,50,56,59,51,98,1.64,66,0.10,0.14,1.31,56,0.08,0.11,46,13,0.76,1.08,1.91,1.35,81,23,0.11,55,61,48,75,0,57,42,0,0.00,99,10,0.00,0.83,10.41,7.35,125,55,56,72,4.58,3.24,44.00,14,1.17,19,0,23.33,0,0.00,99,14,0.82,1.17,88,55,77,95,0,0,0,0,0,37,51,68,64,0,99,88,18,95,5,29,89,75,0,0
Rodrigo Oliveira dos Santos,25,969260400,2000/09/18,Serie B,2026,Midfielder,Fortaleza,1155,366,789,Brazil,22,10,12,1,1,0,0,0,0,0,0,10,5,5,12,3,9,2,0,0.08,0,0.08,0.25,0,1155,0.94,96,53,578,0,0.16,179,323,-1,12,0,6.47,0,58,43.95,25.68,79,565,22.77,501,92,38.97,82,0.00,0.00,0.50,11,0.00,0.23,2.02,1.18,26,0.00,0.50,0.00,0.00,0.00,0.73,0.45,0.55,19.00,1.48,0.73,1.00,0.00,0.14,0.08,0.00,1.32,0.00,0.00,0,0,,19,0.86,67,3,0.23,46,16,1.24,76,5,10,12,86,0.00,99,0,16,1.24,85,5,51,0.39,36,0,0.00,99,0,0.00,0,0,0.00,0,0.86,52,22,1.71,75,10,0.78,45.45,0,0.00,0,0,0,0.00,0,12,0.00,56,0.93,32,N/A,N/A,N/A,N/A,0.00,0,0.00,0,1.85,0.00,0,88.67,15.79,27,2,0.91,1.56,20,73,47,0,0,0,0.36,0.62,8,84,142.28,1.14,1.94,25,0,0.00,0.00,99,0.00,0,0,1,0.05,0.08,0,0.00,0.00,0.08,0.05,1,0,5.26,57,60,95,92,57,1.39,49,0.06,0.11,1.85,63,0.08,0.14,83,27,1.23,2.10,2.02,1.18,84,26,0.14,62,18,59,84,0,57,86,0,0.00,99,29,0.00,2.26,14.08,8.23,181,91,94,93,7.08,4.14,50.28,11,0.86,32,0,20.00,0,0.00,99,1,0.05,0.08,36,55,95,91,0,0,0,0,0,45,60,68,81,0,99,86,76,39,2,9,33,29,0,0
Romarinho,32,762508800,1994/03/01,Serie B,2026,Forward,Criciúma,446,185,261,Brazil,13,7,6,0,0,0,2,1,1,0,0,5,4,1,6,2,4,1,0,0.4,0.4,0,0,0,0,1.21,74,34,446,223,0.2,247,8,-1,19,0,6.22,0.15,98,28.86,11.00,38,143,9.31,121,70,24.42,42,0.00,0.00,0.54,7,0.00,0.38,0.61,0.23,3,0.00,0.46,0.00,0.00,0.00,0.31,0.31,0.46,0.00,1.01,0.31,0.69,0.00,0.08,0.02,0.00,0.15,0.00,0.00,0,0,,5,0.38,51,1,0.20,42,4,0.81,56,4,8,5,17,0.00,99,0,4,0.81,58,5,90,1.01,51,0,0.00,99,0,0.00,0,0,0.00,0,1.41,79,9,1.82,76,4,0.81,44.44,0,0.00,0,0,0,0.00,0,6,0.00,30,1.21,60,N/A,N/A,N/A,N/A,0.00,0,0.00,0,0.27,0.00,0,84.62,20.00,36,24,0.31,0.81,4,75,44,0,0,0,0.00,0.00,0,22,80.83,0.08,0.20,1,0,0.00,0.00,99,0.00,0,0,0,0.00,0.00,0,0.00,0.00,0.00,0.00,0,0,0.00,50,7,35,51,30,1.73,98,0.13,0.35,0.27,34,0.02,0.05,99,20,1.54,4.04,1.21,0.46,44,6,0.05,33,10,2,75,0,46,17,0,0.00,99,2,0.00,0.40,10.90,4.15,54,28,80,75,5.65,2.15,51.85,6,1.21,17,0,40.00,0,0.00,99,2,0.15,0.40,63,16,90,84,0,0,0,0,0,87,51,68,64,0,99,73,65,49,1,8,30,11,0,0
Romildo Del Piage,26,955522800,2000/04/12,Serie B,2026,Midfielder,Avaí,168,82,86,Brazil,7,3,4,1,1,0,0,0,0,0,0,1,0,1,3,1,2,0,0,0.54,0,0.54,1.1,0,168,1.61,56,24,0,0,0,-1,-1,-1,12,0,6.67,0,58,34.26,9.57,53,67,8.00,56,63,28.64,55,0.00,0.00,0.14,1,0.00,0.00,1.02,0.29,2,0.00,0.00,0.00,0.00,0.00,0.71,0.00,0.43,4.00,2.05,0.29,0.29,0.00,0.29,0.13,0.00,1.14,0.00,0.00,0,0,,4,0.57,82,2,1.02,92,2,1.02,68,1,6,1,37,0.00,99,0,5,2.56,99,0,30,0.00,15,0,0.00,99,0,0.00,0,0,0.00,0,0.51,37,2,1.02,56,0,0.00,0.00,0,0.00,0,0,0,0.00,0,3,0.00,10,1.53,77,N/A,N/A,N/A,N/A,0.00,0,0.00,0,0.94,0.00,0,83.58,50.00,92,99,0.00,0.00,0,17,17,0,0,0,0.00,0.00,0,22,46.71,0.71,2.56,5,0,0.00,0.00,99,0.00,0,0,0,0.00,0.00,0,0.00,0.00,0.00,0.00,0,0,25.00,97,0,8,53,10,0.13,20,0.02,0.07,0.94,97,0.13,0.48,2,0,0.00,0.00,3.58,1.00,99,7,0.48,96,36,70,75,0,46,99,0,0.00,99,8,0.00,4.09,10.23,2.86,20,10,70,70,5.11,1.43,50.00,0,0.00,99,0,0.00,0,0.00,99,0,0.00,0.00,30,0,81,36,0,0,0,0,0,95,98,68,99,0,99,14,13,13,0,0,13,5,0,0
Romisson Lino dos Santos,29,842252400,1996/09/09,Serie B,2026,Midfielder,São Bernardo,1642,878,764,Brazil,20,11,9,1,1,0,4,0,4,0,0,4,3,1,16,8,8,1,0,0.27,0.22,0.05,0.1,0,1642,0.88,103,82,1642,411,0.05,216,42,-1,11,0,7.04,0.2,92,42.66,38.30,76,766,33.70,674,89,37.54,80,0.00,0.00,1.45,29,0.00,0.75,0.84,0.75,15,0.00,0.75,0.00,0.00,0.00,0.40,0.55,0.85,18.00,1.00,0.60,1.00,0.00,0.30,0.10,0.00,0.20,0.00,0.00,0,0,,18,0.90,51,6,0.33,57,12,0.67,47,2,1,19,28,0.00,99,0,8,0.45,33,15,51,0.84,48,0,0.00,99,0,0.00,0,0,0.00,0,1.62,84,20,1.11,60,11,0.61,55.00,0,0.00,0,0,0,0.00,0,17,0.00,62,0.95,35,N/A,N/A,N/A,N/A,0.00,0,0.00,0,2.03,0.00,0,87.99,33.33,66,82,0.20,0.22,4,64,69,0,0,0,0.35,0.39,7,70,140.79,1.25,1.39,25,0,0.00,0.00,99,0.00,0,0,1,0.05,0.06,0,0.00,0.00,0.06,0.05,1,0,5.56,57,86,79,98,62,4.73,93,0.24,0.26,2.03,56,0.10,0.11,42,18,0.90,1.00,0.28,0.25,8,5,0.11,55,88,45,80,0,53,9,0,0.00,99,4,0.00,0.22,5.18,4.65,93,48,14,11,2.67,2.40,51.61,15,0.84,33,0,20.00,0,0.00,99,3,0.15,0.17,48,86,41,54,0,0,0,0,0,75,53,68,68,0,99,26,98,15,1,5,19,17,0,0
Romulo Azevedo Simão,24,1002438000,2001/10/07,Serie B,2026,Midfielder,Novorizontino,1794,929,865,Brazil,23,11,12,5,1,4,9,4,5,0,0,9,3,6,15,9,6,2,0,0.7,0.45,0.25,0.1,0.42,359,0.75,120,78,897,199,0.1,72,4,-1,2,0,7.32,0.39,99,27.44,23.78,36,547,17.57,404,18,20.27,32,0.00,0.00,2.70,62,0.00,6.30,0.80,0.70,16,0.00,0.65,0.00,0.00,0.00,0.43,0.39,0.70,7.20,1.81,1.04,0.78,0.00,0.52,0.25,0.00,0.30,0.00,0.00,0,0,,36,1.57,75,12,0.60,76,24,1.20,75,1,1,22,25,0.00,99,0,10,0.50,35,145,69,7.27,97,0,0.00,99,0,0.00,0,0,0.00,0,3.11,99,18,0.90,50,9,0.45,50.00,0,0.00,0,0,0,0.00,0,16,0.00,76,0.80,20,N/A,N/A,N/A,N/A,0.00,0,0.00,0,5.73,0.00,0,73.86,33.33,66,45,0.48,0.55,11,53,63,2,1,0,0.13,0.15,3,40,168.40,0.57,0.65,13,0,0.00,0.00,99,0.00,0,3,4,0.17,0.20,0,0.00,0.00,0.35,0.30,7,0,13.89,83,92,99,64,77,8.35,99,0.36,0.42,3.63,70,0.16,0.18,72,33,1.43,1.66,0.75,0.65,20,15,0.29,83,98,20,97,0,85,15,0,0.00,99,7,0.00,0.35,6.87,5.96,137,62,20,28,3.11,2.70,45.26,15,0.75,38,0,26.90,0,0.00,99,39,1.70,1.96,97,97,41,36,0,0,0,0,0,98,88,95,68,0,99,74,89,25,2,9,33,10,0,0
Rómulo Otero,33,721296000,1992/11/09,Serie B,2026,Midfielder,Criciúma,1195,676,519,Venezuela,21,11,10,3,2,1,2,2,0,0,0,11,7,4,8,4,4,3,0,0.38,0.15,0.23,0.27,0.17,398,0.6,149,57,398,598,0.23,81,86,-1,4,0,6.89,0.1,83,25.61,16.19,30,340,13.00,273,41,20.56,34,0.00,0.00,1.38,29,0.00,5.29,0.75,0.48,10,0.00,1.48,0.00,0.00,0.00,0.10,0.43,0.38,13.33,3.01,1.38,1.57,0.00,0.52,0.21,0.00,0.48,0.00,0.00,0,0,,40,1.90,96,11,0.83,87,29,2.18,97,4,4,16,23,0.00,99,0,2,0.15,13,111,70,8.36,99,0,0.00,99,0,0.00,0,0,0.00,0,2.18,95,33,2.49,87,9,0.68,27.27,0,0.00,0,0,0,0.00,0,8,0.00,89,0.60,6,N/A,N/A,N/A,N/A,0.00,0,0.00,0,4.44,0.00,0,80.29,27.50,49,27,0.48,0.75,10,68,22,1,0,0,0.05,0.08,1,29,144.67,0.00,0.00,0,0,0.00,0.00,99,0.00,0,1,1,0.05,0.08,0,0.00,0.00,0.00,0.00,0,0,7.50,62,62,88,67,89,2.82,88,0.13,0.21,3.74,84,0.18,0.28,99,50,2.38,3.77,1.28,0.81,48,17,0.33,89,72,1,84,0,46,39,0,0.00,99,10,0.00,0.75,13.10,8.29,174,77,82,89,5.80,3.67,44.25,31,2.33,1,0,27.03,0,0.00,99,30,1.43,2.26,98,74,69,84,0,0,0,0,0,86,86,80,83,0,99,92,60,55,3,14,55,91,0,0
Ronald Barcellos Arantes,24,1015056000,2002/03/02,Serie B,2026,Forward,Novorizontino,61,49,12,Brazil,5,3,2,0,0,0,0,0,0,0,0,1,1,0,1,1,0,0,0,0,0,0,0,0,0,1.48,61,12,0,0,0,-1,-1,-1,19,0,6.57,0,58,30.98,4.20,42,21,3.40,17,46,25.08,45,0.00,0.00,0.60,3,0.00,0.20,2.95,0.40,2,0.00,0.60,0.00,0.00,0.00,0.00,0.20,0.20,0.00,1.48,0.20,1.20,0.00,0.00,0.01,0.00,0.40,0.00,0.00,0,0,,1,0.20,67,0,0.00,20,1,1.48,86,0,5,0,98,0.00,99,0,0,0.00,9,1,30,1.48,59,0,0.00,99,0,0.00,0,0,0.00,0,4.43,99,6,8.85,99,1,1.48,16.67,0,0.00,0,0,0,0.00,0,1,0.00,13,1.48,76,N/A,N/A,N/A,N/A,0.00,0,0.00,0,0.05,0.00,0,80.95,0.00,20,0,0.40,2.95,2,93,17,0,0,0,0.00,0.00,0,22,32.87,0.00,0.00,0,0,0.00,0.00,99,0.00,0,0,0,0.00,0.00,0,0.00,0.00,0.00,0.00,0,0,0.00,50,0,2,51,14,0.16,92,0.03,0.24,0.05,42,0.01,0.07,99,9,1.80,13.28,1.48,0.20,60,1,0.07,41,25,1,75,0,46,95,0,0.00,99,2,0.00,2.95,42.79,5.80,29,14,99,99,20.66,2.80,48.28,3,4.43,0,0,0.00,0,0.00,99,0,0.00,0.00,30,0,77,12,0,0,0,0,0,37,51,68,64,0,99,26,13,13,0,0,13,7,0,0
Ronald Cardoso Falkoski,23,1044950400,2003/02/11,Serie B,2026,Midfielder,Fortaleza,398,272,126,Brazil,7,4,3,1,1,0,0,0,0,0,0,4,2,2,3,1,2,0,0,0.23,0,0.23,0.33,0,398,0.68,133,57,0,0,0,82,321,-1,7,0,5.92,0,58,45.00,28.43,80,199,25.29,177,93,40.03,84,0.00,0.00,0.14,1,0.00,0.00,1.81,1.14,8,0.00,0.43,0.00,0.00,0.00,0.43,0.14,0.43,5.00,1.13,0.43,0.14,0.00,0.29,0.14,0.00,2.00,0.00,0.00,0,0,,5,0.71,58,2,0.45,67,3,0.68,49,3,3,4,77,0.00,99,0,3,0.68,48,0,30,0.00,15,0,0.00,99,0,0.00,0,0,0.00,0,0.23,17,1,0.23,21,1,0.23,100.00,0,0.00,0,0,0,0.00,0,3,0.00,84,0.68,11,N/A,N/A,N/A,N/A,0.00,0,0.00,0,0.99,0.00,0,88.94,40.00,78,81,0.14,0.23,1,32,99,0,0,0,0.14,0.23,1,52,41.42,2.43,3.84,17,0,0.00,0.00,99,0.00,0,0,0,0.00,0.00,0,0.00,0.00,0.00,0.00,0,0,20.00,94,3,8,67,85,0.34,27,0.05,0.08,0.99,77,0.14,0.22,2,0,0.00,0.00,0.90,0.57,27,4,0.22,74,5,81,75,0,46,95,0,0.00,99,14,0.00,3.17,8.82,5.57,39,23,73,52,5.20,3.29,58.97,3,0.68,45,0,0.00,0,0.00,99,0,0.00,0.00,30,8,62,71,0,0,0,0,0,71,86,68,88,0,99,95,13,13,0,0,13,8,0,0
Ronald dos Santos Lopes,29,866617200,1997/06/18,Serie B,2026,Midfielder,Criciúma,213,85,128,Brazil,6,3,3,0,0,0,1,1,0,0,0,4,3,1,0,0,0,0,0,0.42,0.42,0,0,0,0,0,0,36,0,213,0,-1,-1,-1,15,0,6.81,0.17,99,37.18,14.67,60,88,13.00,78,92,32.96,68,0.00,0.00,0.67,4,0.00,0.17,3.38,1.33,8,0.00,0.33,0.00,0.00,0.00,0.67,0.33,0.00,0.00,0.85,0.33,0.50,0.00,0.00,0.02,0.00,0.17,0.00,0.00,0,0,,2,0.33,43,0,0.00,20,2,0.85,57,2,5,1,99,0.00,99,0,4,1.69,95,1,99,0.42,38,0,0.00,99,0,0.00,0,0,0.00,0,1.69,87,3,1.27,66,2,0.85,66.67,0,0.00,0,0,0,0.00,0,0,0.00,99,0.00,0,N/A,N/A,N/A,N/A,0.00,0,0.00,0,0.10,0.00,0,88.64,0.00,20,21,0.33,0.85,2,76,85,0,0,0,0.00,0.00,0,22,40.86,0.33,0.85,2,0,0.00,0.00,99,0.00,0,0,0,0.00,0.00,0,0.00,0.00,0.00,0.00,0,0,0.00,50,0,3,51,0,0.89,99,0.15,0.38,0.10,29,0.02,0.04,37,2,0.33,0.85,0.85,0.33,24,2,0.04,28,58,27,75,0,46,18,0,0.00,99,1,0.00,0.42,8.45,3.33,20,12,68,48,5.07,2.00,60.00,2,0.85,32,0,100.00,0,0.00,99,1,0.17,0.42,64,0,77,54,0,0,0,0,0,88,51,68,64,0,99,96,13,13,0,0,13,14,0,0
Ronaldo Rodrigues Tavares,29,869554800,1997/07/22,Serie B,2026,Forward,Athletic Club,447,197,250,Portugal,6,3,3,5,1,4,0,0,0,0,0,0,0,0,7,2,5,1,0,1.01,0,1.01,0.46,1.44,89,1.41,64,75,447,0,0.2,1,407,-1,1,0,7.31,0,58,12.28,10.17,2,61,7.67,46,22,9.26,4,0.00,0.00,0.33,2,0.00,0.33,1.21,1.00,6,0.00,0.17,0.00,0.00,0.00,0.17,0.67,1.17,3.00,3.02,1.00,2.17,0.00,1.50,0.71,0.00,1.50,0.00,0.00,0,0,,15,2.50,96,9,1.81,99,6,1.21,76,3,0,6,48,0.00,99,0,1,0.20,16,2,96,0.40,37,0,0.00,99,0,0.00,0,0,0.00,0,0.40,28,13,2.62,90,4,0.81,30.77,0,0.00,0,0,0,0.00,0,7,0.00,16,1.41,73,N/A,N/A,N/A,N/A,0.00,0,0.00,0,4.28,0.00,0,75.41,60.00,96,84,0.17,0.20,1,75,25,1,0,0,0.00,0.00,0,22,43.85,1.17,1.41,7,0,0.00,0.00,99,0.00,0,1,2,0.33,0.40,0,0.00,0.00,0.60,0.50,3,0,33.33,99,8,3,51,18,0.16,4,0.03,0.03,3.58,99,0.60,0.72,36,4,0.67,0.81,2.21,1.83,88,11,0.86,99,97,46,99,0,94,77,0,0.00,99,9,0.00,1.81,9.66,8.00,48,23,58,63,4.63,3.83,47.92,1,0.20,78,0,50.00,0,0.00,99,1,0.17,0.20,51,23,24,71,0,1,0,17,0,99,99,99,95,0,99,2,65,49,1,17,62,9,0,0
Ruan Lucas de Assis,22,1082444400,2004/04/20,Serie B,2026,Forward,Athletic Club,314,165,149,Brazil,7,4,3,0,0,0,1,1,0,0,0,1,1,0,4,1,3,2,0,0.29,0.29,0,0,0,0,1.15,79,45,157,314,0.57,416,22,-1,32,0,6.58,0.14,96,20.64,10.29,16,72,8.00,56,31,16.05,19,0.00,0.00,0.43,3,0.00,0.86,1.43,0.71,5,0.00,0.29,0.00,0.00,0.00,0.29,0.71,0.71,0.00,0.29,0.00,2.14,0.00,0.14,0.02,0.00,0.14,0.00,0.00,0,0,,1,0.14,16,1,0.29,51,0,0.00,8,3,3,4,62,0.00,99,0,2,0.57,40,6,85,1.72,62,0,0.00,99,0,0.00,0,0,0.00,0,0.86,52,15,4.30,98,5,1.43,33.33,0,0.00,0,0,0,0.00,0,5,0.00,35,1.43,73,N/A,N/A,N/A,N/A,0.00,0,0.00,0,0.14,0.00,0,77.78,100.00,99,21,0.43,0.86,3,91,31,0,0,0,0.00,0.00,0,22,46.04,0.43,0.86,3,0,0.00,0.00,99,0.00,0,0,0,0.00,0.00,0,0.00,0.00,0.00,0.00,0,0,0.00,50,0,8,51,37,0.82,92,0.12,0.24,0.14,29,0.02,0.04,92,9,1.29,2.58,2.29,1.14,89,8,0.04,28,26,27,75,0,46,11,0,0.00,99,1,0.00,0.29,13.18,6.57,46,20,81,89,5.73,2.86,43.48,2,0.57,52,0,33.33,0,0.00,99,2,0.29,0.57,68,8,62,71,0,0,0,0,0,78,51,68,64,0,99,14,18,95,2,29,89,11,0,0
Ruan Ribeiro Rodrigues,23,1060930800,2003/08/15,Serie B,2026,Forward,Vila Nova,4,0,4,Brazil,1,0,1,0,0,0,0,0,0,0,0,0,0,0,0,0,0,0,0,0,0,0,0,0,0,0,0,4,0,0,0,-1,-1,-1,22,0,0.00,0,58,45.00,2.00,80,2,1.00,1,0,22.50,39,0.00,0.00,0.00,0,0.00,0.00,22.50,1.00,1,0.00,0.00,0.00,0.00,0.00,0.00,0.00,0.00,0.00,0.00,0.00,0.00,0.00,0.00,0.00,0.00,0.00,0.00,0.00,0,0,,0,0.00,8,0,0.00,20,0,0.00,8,0,1,0,99,0.00,99,0,0,0.00,9,0,30,0.00,15,0,0.00,99,0,0.00,0,0,0.00,0,0.00,7,0,0.00,12,0,0.00,0.00,0,0.00,0,0,0,0.00,0,0,0.00,99,0.00,0,N/A,N/A,N/A,N/A,0.00,0,0.00,0,0.00,0.00,0,50.00,0.00,20,99,0.00,0.00,0,17,17,0,0,0,0.00,0.00,0,22,0.00,0.00,0.00,0,0,0.00,0.00,99,0.00,0,0,0,0.00,0.00,0,0.00,0.00,0.00,0.00,0,0,0.00,50,0,0,51,0,0.00,0,0.00,0.00,0.00,9,0.00,0.00,2,0,0.00,0.00,0.00,0.00,6,0,0.00,8,0,1,75,0,46,2,0,0.00,99,0,0.00,0.00,22.50,1.00,1,1,99,99,22.50,1.00,100.00,0,0.00,99,0,0.00,0,0.00,99,0,0.00,0.00,30,0,41,12,0,0,0,0,0,37,51,68,64,0,99,2,13,13,0,0,13,17,0,0
Ruan Rodrigues Carvalho,19,1161414000,2006/10/21,Serie B,2026,Defender,Criciúma,475,213,262,Brazil,7,3,4,0,0,0,1,1,0,0,0,1,0,1,7,3,4,2,0,0.19,0.19,0,0,0,0,1.33,68,68,238,475,0.38,271,53,160,14,0,5.70,0.14,90,38.38,28.00,63,168,22.50,135,41,30.84,61,0.00,0.00,0.50,3,0.00,0.67,2.97,2.17,13,0.00,0.00,0.00,0.00,0.00,0.67,0.50,0.83,0.00,0.46,0.17,0.67,0.00,0.17,0.03,0.00,1.17,0.00,0.00,0,0,,2,0.33,24,1,0.23,46,1,0.23,18,1,1,6,99,0.00,99,0,4,0.91,64,4,65,0.91,50,0,0.00,99,0,0.00,0,0,0.00,0,0.69,45,4,0.91,51,3,0.69,75.00,0,0.00,0,0,0,0.00,0,5,0.00,21,1.14,53,N/A,N/A,N/A,N/A,0.00,0,0.00,0,0.17,0.00,0,80.36,50.00,92,33,0.50,0.69,3,69,90,0,0,0,0.67,0.91,4,94,34.17,2.50,3.43,15,0,0.00,0.00,99,0.00,0,0,0,0.00,0.00,0,0.00,0.00,0.00,0.00,0,0,0.00,50,11,8,51,22,0.98,90,0.16,0.22,0.17,29,0.03,0.04,8,1,0.17,0.23,2.06,1.50,85,9,0.04,28,2,79,75,0,46,70,0,0.00,99,7,0.00,1.60,10.96,8.00,48,24,77,77,5.48,4.00,50.00,0,0.00,99,0,25.00,0,0.00,99,1,0.17,0.23,53,23,41,36,0,0,0,0,0,66,51,68,64,0,99,14,32,82,2,29,89,43,0,0
Ruy Marcos Levino de Oliveira,20,1153897200,2006/07/26,Serie B,2026,Defender,CRB,0,0,0,Brazil,0,0,0,0,0,0,0,0,0,0,0,0,0,0,0,0,0,0,0,0,0,0,0,0,0,0,0,0,0,0,0,-1,-1,-1,-1,N/A,N/A,N/A,N/A,N/A,N/A,N/A,N/A,N/A,N/A,N/A,N/A,N/A,N/A,N/A,N/A,N/A,N/A,N/A,N/A,N/A,N/A,N/A,N/A,N/A,N/A,N/A,N/A,N/A,N/A,N/A,N/A,N/A,N/A,N/A,N/A,N/A,N/A,N/A,N/A,N/A,N/A,N/A,N/A,N/A,N/A,N/A,N/A,N/A,N/A,N/A,N/A,N/A,N/A,N/A,N/A,N/A,N/A,N/A,N/A,N/A,N/A,N/A,N/A,N/A,N/A,N/A,N/A,N/A,N/A,N/A,N/A,N/A,N/A,N/A,N/A,N/A,N/A,N/A,N/A,N/A,N/A,N/A,N/A,N/A,N/A,N/A,N/A,N/A,N/A,N/A,N/A,N/A,N/A,N/A,N/A,N/A,N/A,N/A,N/A,N/A,N/A,N/A,N/A,N/A,N/A,N/A,N/A,N/A,N/A,N/A,N/A,N/A,N/A,N/A,N/A,N/A,N/A,N/A,N/A,N/A,N/A,N/A,N/A,N/A,N/A,N/A,N/A,N/A,N/A,N/A,N/A,N/A,N/A,N/A,N/A,N/A,N/A,N/A,N/A,N/A,N/A,N/A,N/A,N/A,N/A,N/A,N/A,N/A,N/A,N/A,N/A,N/A,N/A,N/A,N/A,N/A,N/A,N/A,N/A,N/A,N/A,N/A,N/A,N/A,N/A,N/A,N/A,N/A,N/A,N/A,N/A,N/A,N/A,N/A,N/A,N/A,N/A,N/A,N/A,N/A,N/A,N/A,N/A,N/A,N/A,N/A,N/A,N/A,N/A,N/A,N/A,N/A,N/A,N/A,N/A,N/A,N/A,N/A,N/A,N/A,N/A,N/A,N/A,N/A,N/A,N/A,N/A,N/A,N/A,N/A,N/A,N/A,N/A,N/A,N/A,N/A,N/A,N/A,N/A,N/A,N/A,N/A,N/A
Ryan Aparecido Lima Cassiano,25,992674800,2001/06/16,Serie B,2026,Forward,Vila Nova,1233,538,695,Brazil,17,8,9,4,2,2,2,1,1,0,0,5,3,2,10,4,6,3,0,0.44,0.15,0.29,0.33,0.26,308,0.73,123,73,411,617,0.22,47,88,-1,4,0,6.75,0.12,83,22.48,18.12,20,308,14.59,248,43,18.10,24,0.00,0.00,0.76,13,0.00,1.29,0.73,0.59,10,0.00,1.71,0.00,0.00,0.00,0.29,0.41,0.71,10.00,2.92,1.71,2.06,0.00,0.65,0.31,0.00,0.24,0.00,0.00,0,0,,40,2.35,94,11,0.80,86,29,2.12,97,3,3,14,22,0.00,99,0,5,0.36,26,22,57,1.61,61,0,0.00,99,0,0.00,0,0,0.00,0,0.95,60,35,2.55,88,7,0.51,20.00,0,0.00,0,0,0,0.00,0,12,0.00,78,0.88,28,N/A,N/A,N/A,N/A,0.00,0,0.00,0,5.32,0.00,0,80.52,27.50,49,17,0.76,0.95,13,58,20,0,0,0,0.00,0.00,0,22,114.80,0.18,0.22,3,0,0.00,0.00,99,0.00,0,0,0,0.00,0.00,0,0.00,0.00,0.29,0.24,4,0,10.00,72,64,59,60,79,2.19,74,0.13,0.16,5.32,94,0.31,0.39,80,27,1.59,1.97,1.17,0.94,41,16,0.39,93,47,3,75,0,82,11,0,0.00,99,4,0.00,0.29,10.44,8.41,143,48,28,73,3.50,2.82,33.57,29,2.12,2,0,22.73,0,0.00,99,5,0.29,0.36,61,62,62,71,0,0,0,0,0,90,91,88,88,0,99,51,63,52,3,18,65,11,0,0
Ryan Carlos Santos de Sousa,24,1021359600,2002/05/14,Serie B,2026,Defender,Náutico,226,92,134,Brazil,4,2,2,0,0,0,0,0,0,0,0,1,1,0,1,0,1,0,0,0,0,0,0,0,0,0.4,226,57,0,0,0,-1,-1,-1,20,0,6.79,0,58,41.02,25.75,70,103,20.75,83,43,33.05,68,0.00,0.00,0.50,2,0.00,4.50,1.99,1.25,5,0.00,0.25,0.00,0.00,0.00,0.00,0.00,0.25,0.00,0.40,0.25,1.00,0.00,0.00,0.01,0.00,1.00,0.00,0.00,0,0,,1,0.25,22,0,0.00,20,1,0.40,32,1,2,2,84,0.00,99,0,0,0.00,9,18,72,7.17,97,0,0.00,99,0,0.00,0,0,0.00,0,0.80,50,4,1.59,73,0,0.00,0.00,0,0.00,0,0,0,0.00,0,1,0.00,98,0.40,2,N/A,N/A,N/A,N/A,0.00,0,0.00,0,0.06,0.00,0,80.58,0.00,20,63,0.25,0.40,1,17,17,0,0,0,0.25,0.40,1,71,27.17,1.50,2.39,6,0,0.00,0.00,99,0.00,0,0,0,0.00,0.00,0,0.00,0.00,0.00,0.00,0,0,0.00,50,0,0,51,98,0.28,49,0.07,0.11,0.06,19,0.01,0.02,35,2,0.50,0.80,0.80,0.50,22,2,0.02,18,53,68,75,0,46,70,0,0.00,99,4,0.00,1.59,8.76,5.50,22,11,53,51,4.38,2.75,50.00,1,0.40,64,0,27.78,0,0.00,99,5,1.25,1.99,97,1,50,36,0,0,0,0,0,37,51,68,64,0,99,38,13,13,0,0,13,6,0,0
Ryan Gustavo de Lima,23,1058252400,2003/07/15,Serie B,2026,Midfielder,Fortaleza,591,306,285,Brazil,16,8,8,1,1,0,0,0,0,0,0,8,3,5,5,4,1,3,0,0.15,0,0.15,0.29,0,591,0.76,118,37,197,0,0.46,124,318,-1,9,0,6.27,0,58,41.00,17.31,70,277,15.81,253,98,37.45,79,0.00,0.00,0.25,4,0.00,0.12,2.66,1.12,18,0.00,0.31,0.00,0.00,0.00,0.38,0.38,0.31,5.00,0.74,0.12,0.75,0.00,0.19,0.07,0.00,0.19,0.00,0.00,0,0,,5,0.31,40,3,0.44,66,2,0.30,25,1,8,8,97,0.00,99,0,6,0.89,63,2,96,0.30,33,0,0.00,99,0,0.00,0,0,0.00,0,0.59,42,12,1.78,75,6,0.89,50.00,0,0.00,0,0,0,0.00,0,5,0.00,75,0.74,16,N/A,N/A,N/A,N/A,0.00,0,0.00,0,1.08,0.00,0,91.34,60.00,96,0,0.88,2.07,14,78,63,0,0,0,0.19,0.44,3,73,100.28,0.25,0.59,4,0,0.00,0.00,99,0.00,0,0,0,0.00,0.00,0,0.00,0.00,0.15,0.06,1,0,20.00,94,21,54,77,75,0.64,35,0.04,0.09,1.08,66,0.07,0.16,75,12,0.75,1.78,2.37,1.00,91,16,0.16,65,12,18,75,0,68,19,0,0.00,99,3,0.00,0.44,11.99,5.06,81,39,81,82,5.77,2.44,48.15,5,0.74,39,0,50.00,0,0.00,99,1,0.06,0.15,46,37,90,36,0,0,0,0,0,58,74,68,84,0,99,92,23,90,3,19,68,37,0,0
Samuel Alves Barroso,22,1073548800,2004/01/08,Serie B,2026,Defender,América Mineiro,0,0,0,Brazil,0,0,0,0,0,0,0,0,0,0,0,0,0,0,0,0,0,0,0,0,0,0,0,0,0,0,0,0,0,0,0,-1,-1,-1,-1,N/A,N/A,N/A,N/A,N/A,N/A,N/A,N/A,N/A,N/A,N/A,N/A,N/A,N/A,N/A,N/A,N/A,N/A,N/A,N/A,N/A,N/A,N/A,N/A,N/A,N/A,N/A,N/A,N/A,N/A,N/A,N/A,N/A,N/A,N/A,N/A,N/A,N/A,N/A,N/A,N/A,N/A,N/A,N/A,N/A,N/A,N/A,N/A,N/A,N/A,N/A,N/A,N/A,N/A,N/A,N/A,N/A,N/A,N/A,N/A,N/A,N/A,N/A,N/A,N/A,N/A,N/A,N/A,N/A,N/A,N/A,N/A,N/A,N/A,N/A,N/A,N/A,N/A,N/A,N/A,N/A,N/A,N/A,N/A,N/A,N/A,N/A,N/A,N/A,N/A,N/A,N/A,N/A,N/A,N/A,N/A,N/A,N/A,N/A,N/A,N/A,N/A,N/A,N/A,N/A,N/A,N/A,N/A,N/A,N/A,N/A,N/A,N/A,N/A,N/A,N/A,N/A,N/A,N/A,N/A,N/A,N/A,N/A,N/A,N/A,N/A,N/A,N/A,N/A,N/A,N/A,N/A,N/A,N/A,N/A,N/A,N/A,N/A,N/A,N/A,N/A,N/A,N/A,N/A,N/A,N/A,N/A,N/A,N/A,N/A,N/A,N/A,N/A,N/A,N/A,N/A,N/A,N/A,N/A,N/A,N/A,N/A,N/A,N/A,N/A,N/A,N/A,N/A,N/A,N/A,N/A,N/A,N/A,N/A,N/A,N/A,N/A,N/A,N/A,N/A,N/A,N/A,N/A,N/A,N/A,N/A,N/A,N/A,N/A,N/A,N/A,N/A,N/A,N/A,N/A,N/A,N/A,N/A,N/A,N/A,N/A,N/A,N/A,N/A,N/A,N/A,N/A,N/A,N/A,N/A,N/A,N/A,N/A,N/A,N/A,N/A,N/A,N/A,N/A,N/A,N/A,N/A,N/A,N/A
Samuel Felix Rodrigues,22,1073030400,2004/01/02,Serie B,2026,Midfielder,Náutico,647,460,187,Brazil,13,7,6,0,0,0,0,0,0,0,0,5,3,2,8,6,2,3,1,0,0,0,0,0,0,1.11,81,50,162,0,0.56,426,420,-1,30,0,6.56,0,58,29.00,16.17,39,194,13.75,165,74,24.67,43,0.00,0.00,0.25,3,0.00,0.08,2.69,1.50,18,0.00,0.17,0.00,0.00,0.00,0.50,0.00,0.58,0.00,1.05,0.33,0.00,0.00,0.25,0.04,0.00,0.42,0.00,0.00,0,0,,7,0.58,53,3,0.45,67,4,0.60,42,1,5,8,97,0.00,99,0,6,0.90,63,1,30,0.15,24,0,0.00,99,0,0.00,0,0,0.00,0,0.45,32,0,0.00,12,0,0.00,0.00,0,0.00,0,0,0,0.00,0,7,0.00,40,1.05,46,N/A,N/A,N/A,N/A,0.00,0,0.00,0,0.49,0.00,0,85.05,42.86,83,1,1.00,1.79,12,17,17,0,0,0,0.17,0.30,2,62,78.71,0.75,1.35,9,0,0.00,0.00,99,0.00,0,0,0,0.00,0.00,0,0.00,0.00,0.00,0.00,0,0,0.00,50,28,35,51,40,0.40,15,0.03,0.06,0.49,42,0.04,0.07,4,1,0.08,0.15,3.59,2.00,99,24,0.07,41,24,44,75,0,46,39,0,0.00,99,5,0.00,0.75,10.91,6.08,73,24,31,76,3.59,2.00,32.88,2,0.30,71,0,0.00,0,0.00,99,0,0.00,0.00,30,37,77,36,0,0,0,0,0,37,51,68,64,0,99,73,18,95,2,15,57,41,0,0
Samuel Lucas de Oliveira Souza,19,1186988400,2007/08/13,Serie B,2026,Defender,Vila Nova,0,0,0,Brazil,0,0,0,0,0,0,0,0,0,0,0,0,0,0,0,0,0,0,0,0,0,0,0,0,0,0,0,0,0,0,0,-1,-1,-1,-1,N/A,N/A,N/A,N/A,N/A,N/A,N/A,N/A,N/A,N/A,N/A,N/A,N/A,N/A,N/A,N/A,N/A,N/A,N/A,N/A,N/A,N/A,N/A,N/A,N/A,N/A,N/A,N/A,N/A,N/A,N/A,N/A,N/A,N/A,N/A,N/A,N/A,N/A,N/A,N/A,N/A,N/A,N/A,N/A,N/A,N/A,N/A,N/A,N/A,N/A,N/A,N/A,N/A,N/A,N/A,N/A,N/A,N/A,N/A,N/A,N/A,N/A,N/A,N/A,N/A,N/A,N/A,N/A,N/A,N/A,N/A,N/A,N/A,N/A,N/A,N/A,N/A,N/A,N/A,N/A,N/A,N/A,N/A,N/A,N/A,N/A,N/A,N/A,N/A,N/A,N/A,N/A,N/A,N/A,N/A,N/A,N/A,N/A,N/A,N/A,N/A,N/A,N/A,N/A,N/A,N/A,N/A,N/A,N/A,N/A,N/A,N/A,N/A,N/A,N/A,N/A,N/A,N/A,N/A,N/A,N/A,N/A,N/A,N/A,N/A,N/A,N/A,N/A,N/A,N/A,N/A,N/A,N/A,N/A,N/A,N/A,N/A,N/A,N/A,N/A,N/A,N/A,N/A,N/A,N/A,N/A,N/A,N/A,N/A,N/A,N/A,N/A,N/A,N/A,N/A,N/A,N/A,N/A,N/A,N/A,N/A,N/A,N/A,N/A,N/A,N/A,N/A,N/A,N/A,N/A,N/A,N/A,N/A,N/A,N/A,N/A,N/A,N/A,N/A,N/A,N/A,N/A,N/A,N/A,N/A,N/A,N/A,N/A,N/A,N/A,N/A,N/A,N/A,N/A,N/A,N/A,N/A,N/A,N/A,N/A,N/A,N/A,N/A,N/A,N/A,N/A,N/A,N/A,N/A,N/A,N/A,N/A,N/A,N/A,N/A,N/A,N/A,N/A,N/A,N/A,N/A,N/A,N/A,N/A
Samuel Nunes,16,1268035200,2010/03/08,Serie B,2026,Midfielder,Vila Nova,6,0,6,Brazil,1,0,1,0,0,0,0,0,0,0,0,0,0,0,0,0,0,0,0,0,0,0,0,0,0,0,0,6,0,0,0,-1,-1,-1,21,0,6.71,0,58,45.00,3.00,80,3,3.00,3,99,45.00,90,0.00,0.00,0.00,0,0.00,0.00,15.00,1.00,1,0.00,0.00,0.00,0.00,0.00,0.00,0.00,0.00,0.00,0.00,0.00,0.00,0.00,0.00,0.00,0.00,1.00,0.00,0.00,0,0,,0,0.00,8,0,0.00,20,0,0.00,8,0,1,0,99,0.00,99,0,0,0.00,9,0,30,0.00,15,0,0.00,99,0,0.00,0,0,0.00,0,0.00,7,0,0.00,12,0,0.00,0.00,0,0.00,0,0,0,0.00,0,0,0.00,99,0.00,0,N/A,N/A,N/A,N/A,0.00,0,0.00,0,0.00,0.00,0,100.00,0.00,20,99,0.00,0.00,0,17,17,0,0,0,0.00,0.00,0,22,6.71,4.00,60.00,4,0,0.00,0.00,99,0.00,0,0,0,0.00,0.00,0,0.00,0.00,0.00,0.00,0,0,0.00,50,0,0,51,0,0.01,70,0.01,0.15,0.00,9,0.00,0.00,2,0,0.00,0.00,0.00,0.00,6,0,0.00,8,42,99,75,0,46,99,0,0.00,99,1,0.00,15.00,30.00,2.00,2,2,99,99,30.00,2.00,100.00,0,0.00,99,0,0.00,0,0.00,99,0,0.00,0.00,30,0,41,12,0,0,0,0,0,37,51,68,64,0,99,2,13,13,0,0,13,4,0,0
Sanchez José Vale Costa,30,812271600,1995/09/28,Serie B,2026,Defender,Ceará,956,504,452,Brazil,16,9,7,1,0,1,0,0,0,0,0,3,2,1,12,6,6,3,1,0.09,0,0.09,0,0.2,956,1.13,80,60,239,0,0.38,173,368,135,7,0,6.68,0,58,32.61,21.38,47,342,15.25,244,12,23.26,40,0.00,0.00,0.62,10,0.00,1.69,1.72,1.12,18,0.00,0.25,0.00,0.00,0.00,0.62,0.31,0.69,11.00,1.05,0.56,0.56,0.00,0.12,0.08,0.00,1.69,0.00,0.00,0,0,,11,0.69,53,2,0.19,40,9,0.86,58,2,8,8,73,0.00,99,0,10,0.95,66,27,87,2.57,68,0,0.00,99,0,0.00,0,0,0.00,0,0.95,60,9,0.86,48,5,0.48,55.56,0,0.00,0,0,0,0.00,0,11,0.00,37,1.05,46,N/A,N/A,N/A,N/A,0.00,0,0.00,0,1.28,0.00,0,71.35,18.18,32,67,0.25,0.38,4,56,71,0,0,0,0.19,0.29,3,61,106.87,1.88,2.86,30,0,0.00,0.00,99,0.00,0,0,0,0.00,0.00,0,0.00,0.00,0.00,0.00,0,0,9.09,68,48,54,89,38,0.78,20,0.05,0.07,1.28,59,0.08,0.12,40,10,0.62,0.95,1.72,1.12,73,18,0.12,58,38,74,75,0,46,90,0,0.00,99,27,0.00,2.57,9.82,6.44,103,60,81,65,5.72,3.75,58.25,4,0.38,66,0,37.04,0,0.00,99,10,0.62,0.95,83,37,90,54,0,0,0,0,0,46,62,82,64,0,99,22,33,82,2,12,46,12,0,0
Sander Henrique Bortolotto,35,654937200,1990/10/03,Serie B,2026,Defender,Novorizontino,460,280,180,Brazil,6,4,2,1,0,1,0,0,0,0,0,3,1,2,1,1,0,1,0,0.2,0,0.2,0,0.5,460,0.2,460,77,460,0,0.2,95,270,4,9,0,7.32,0,58,41.87,35.67,72,214,30.83,185,81,36.20,76,0.00,0.00,1.00,6,0.00,2.50,2.35,2.00,12,0.00,0.17,0.00,0.00,0.00,1.33,0.17,0.33,5.00,0.98,0.17,0.50,0.00,0.67,0.19,0.00,0.50,0.00,0.00,0,0,,5,0.83,50,4,0.78,85,1,0.20,15,0,1,5,92,0.00,99,0,8,1.57,94,15,68,2.93,73,0,0.00,99,0,0.00,0,0,0.00,0,1.17,70,3,0.59,35,1,0.20,33.33,0,0.00,0,0,0,0.00,0,2,0.00,99,0.39,2,N/A,N/A,N/A,N/A,0.00,0,0.00,0,1.16,0.00,0,86.45,80.00,99,40,0.50,0.59,3,30,31,0,0,0,0.33,0.39,2,70,43.93,2.50,2.93,15,0,0.00,0.00,99,0.00,0,0,1,0.17,0.20,0,0.00,0.00,0.20,0.17,1,1,20.00,94,9,3,70,99,0.58,49,0.10,0.11,1.16,77,0.19,0.23,51,6,1.00,1.17,0.78,0.67,21,4,0.23,75,98,75,97,0,74,30,0,0.00,99,3,0.00,0.59,6.65,5.67,34,21,43,26,4.11,3.50,61.76,1,0.20,78,0,26.67,0,0.00,99,4,0.67,0.78,77,16,41,12,0,0,0,0,0,67,82,96,64,0,99,92,67,49,1,17,62,5,0,0
Sandry Roberto Santos Goes,24,1025420400,2002/06/30,Serie B,2026,Midfielder,Criciúma,0,0,0,Brazil,0,0,0,0,0,0,0,0,0,0,0,0,0,0,0,0,0,0,0,0,0,0,0,0,0,0,0,0,0,0,0,-1,-1,-1,-1,N/A,N/A,N/A,N/A,N/A,N/A,N/A,N/A,N/A,N/A,N/A,N/A,N/A,N/A,N/A,N/A,N/A,N/A,N/A,N/A,N/A,N/A,N/A,N/A,N/A,N/A,N/A,N/A,N/A,N/A,N/A,N/A,N/A,N/A,N/A,N/A,N/A,N/A,N/A,N/A,N/A,N/A,N/A,N/A,N/A,N/A,N/A,N/A,N/A,N/A,N/A,N/A,N/A,N/A,N/A,N/A,N/A,N/A,N/A,N/A,N/A,N/A,N/A,N/A,N/A,N/A,N/A,N/A,N/A,N/A,N/A,N/A,N/A,N/A,N/A,N/A,N/A,N/A,N/A,N/A,N/A,N/A,N/A,N/A,N/A,N/A,N/A,N/A,N/A,N/A,N/A,N/A,N/A,N/A,N/A,N/A,N/A,N/A,N/A,N/A,N/A,N/A,N/A,N/A,N/A,N/A,N/A,N/A,N/A,N/A,N/A,N/A,N/A,N/A,N/A,N/A,N/A,N/A,N/A,N/A,N/A,N/A,N/A,N/A,N/A,N/A,N/A,N/A,N/A,N/A,N/A,N/A,N/A,N/A,N/A,N/A,N/A,N/A,N/A,N/A,N/A,N/A,N/A,N/A,N/A,N/A,N/A,N/A,N/A,N/A,N/A,N/A,N/A,N/A,N/A,N/A,N/A,N/A,N/A,N/A,N/A,N/A,N/A,N/A,N/A,N/A,N/A,N/A,N/A,N/A,N/A,N/A,N/A,N/A,N/A,N/A,N/A,N/A,N/A,N/A,N/A,N/A,N/A,N/A,N/A,N/A,N/A,N/A,N/A,N/A,N/A,N/A,N/A,N/A,N/A,N/A,N/A,N/A,N/A,N/A,N/A,N/A,N/A,N/A,N/A,N/A,N/A,N/A,N/A,N/A,N/A,N/A,N/A,N/A,N/A,N/A,N/A,N/A,N/A,N/A,N/A,N/A,N/A,N/A
Savio Antonio Alves,31,801471600,1995/05/26,Serie B,2026,Defender,Ceará,450,270,180,Brazil,6,4,2,0,0,0,0,0,0,0,0,1,1,0,7,3,4,0,0,0,0,0,0,0,0,1.4,64,75,0,0,0,242,221,170,21,0,6.73,0,58,53.40,44.50,93,267,38.17,229,78,45.80,92,0.00,0.00,1.67,10,0.00,4.00,1.40,1.17,7,0.00,0.50,0.00,0.00,0.00,0.50,0.17,1.33,0.00,0.80,0.33,0.83,0.00,0.33,0.06,0.00,0.67,0.00,0.00,0,0,,4,0.67,42,2,0.40,63,2,0.40,32,1,1,5,60,0.00,99,0,3,0.60,41,24,91,4.80,91,0,0.00,99,0,0.00,0,0,0.00,0,2.00,92,5,1.00,54,1,0.20,20.00,0,0.00,0,0,0,0.00,0,8,0.00,17,1.60,79,N/A,N/A,N/A,N/A,0.00,0,0.00,0,0.34,0.00,0,85.77,50.00,92,25,0.67,0.80,4,30,20,0,0,0,0.33,0.40,2,71,40.37,1.50,1.80,9,0,0.00,0.00,99,0.00,0,0,0,0.00,0.00,0,0.00,0.00,0.00,0.00,0,0,0.00,50,9,3,51,18,0.81,74,0.14,0.16,0.34,42,0.06,0.07,42,5,0.83,1.00,0.40,0.33,10,2,0.07,41,45,56,75,0,46,41,0,0.00,99,4,0.00,0.80,6.00,5.00,30,16,23,17,3.20,2.67,53.33,3,0.60,51,0,41.67,0,0.00,99,10,1.67,2.00,97,16,41,36,0,0,0,0,0,37,51,68,64,0,99,17,13,13,0,0,13,6,0,0
Sergio Palacios,21,1108368000,2005/02/14,Serie B,2026,Defender,Ponte Preta,862,463,399,Colombia,11,6,5,0,0,0,0,0,0,0,0,1,1,0,21,7,14,5,1,0,0,0,0,0,0,2.19,41,78,172,0,0.52,407,208,207,26,0,6.38,0,58,24.85,21.64,28,238,15.00,165,10,17.23,22,0.00,0.00,0.18,2,0.00,0.18,2.40,2.09,23,0.00,0.45,0.00,0.00,0.00,0.73,0.27,2.09,0.00,0.31,0.18,0.36,0.00,0.09,0.02,0.00,1.27,0.00,0.00,0,0,,3,0.27,16,1,0.10,26,2,0.21,16,2,1,10,93,0.00,99,0,8,0.84,60,2,30,0.21,29,0,0.00,99,0,0.00,0,0,0.00,0,0.21,16,4,0.42,29,3,0.31,75.00,0,0.00,0,0,0,0.00,0,23,0.00,1,2.40,92,N/A,N/A,N/A,N/A,0.00,0,0.00,0,0.26,0.00,0,69.33,33.33,66,74,0.27,0.31,3,38,90,0,0,0,0.64,0.73,7,88,70.15,5.27,6.06,58,2,0.00,0.21,1,0.18,0,0,0,0.00,0.00,0,0.00,0.00,0.00,0.00,0,0,0.00,50,43,24,51,2,0.40,8,0.04,0.04,0.26,24,0.02,0.03,74,17,1.55,1.77,2.30,2.00,90,22,0.03,24,15,95,75,0,46,65,0,0.00,99,14,0.00,1.46,10.65,9.27,102,54,79,74,5.64,4.91,52.94,5,0.52,55,0,0.00,0,0.00,99,0,0.00,0.00,30,47,41,54,0,0,0,0,0,37,51,68,64,0,99,5,20,93,4,36,95,23,0,0
Severino do Ramo Clementino da Silva,40,505728000,1986/01/10,Serie B,2026,Defender,Londrina,413,220,193,Brazil,10,6,4,0,0,0,0,0,0,0,0,3,3,0,6,4,2,0,0,0,0,0,0,0,0,1.31,69,41,0,0,0,331,435,158,32,0,6.68,0,58,30.73,14.10,42,141,10.70,107,25,23.32,40,0.00,0.00,1.20,12,0.00,4.20,0.44,0.20,2,0.00,0.10,0.00,0.00,0.00,0.50,0.20,0.70,0.00,0.22,0.10,0.70,0.00,0.00,0.01,0.00,0.70,0.00,0.00,0,0,,1,0.10,11,0,0.00,20,1,0.22,16,4,6,4,12,0.00,99,0,5,1.09,76,42,88,9.15,99,0,0.00,99,0,0.00,0,0,0.00,0,2.62,98,7,1.53,72,2,0.44,28.57,0,0.00,0,0,0,0.00,0,7,0.00,22,1.53,77,N/A,N/A,N/A,N/A,0.00,0,0.00,0,0.05,0.00,0,75.89,0.00,20,82,0.10,0.22,1,51,24,0,0,0,0.00,0.00,0,22,66.81,2.10,4.58,21,0,0.00,0.00,99,0.00,0,0,0,0.00,0.00,0,0.00,0.00,0.00,0.00,0,0,0.00,50,5,20,51,23,0.70,70,0.07,0.15,0.05,13,0.01,0.01,90,11,1.10,2.40,1.31,0.60,51,6,0.01,12,38,87,75,0,46,67,0,0.00,99,7,0.00,1.53,8.28,3.80,38,20,52,45,4.36,2.00,52.63,1,0.22,76,0,38.10,0,0.00,99,16,1.60,3.49,99,8,81,84,0,0,0,0,0,37,51,68,64,0,99,54,13,13,0,0,13,2,0,0
Tadeu Antonio Ferreira,34,697190400,1992/02/04,Serie B,2026,Goalkeeper,Goiás,810,360,450,Brazil,9,4,5,1,1,0,0,0,0,0,0,2,2,0,10,2,8,0,0,0.11,0,0.11,0.25,0,810,1.11,81,90,0,0,0,156,388,132,8,0,6.90,0,58,31.22,31.22,44,281,20.11,181,4,20.11,31,0.00,0.00,0.00,0,0.00,0.00,0.00,0.00,0,0.00,0.00,0.00,0.00,3.44,0.00,0.00,4.89,1.00,0.11,0.00,0.00,0.00,0.11,0.08,0.00,0.44,0.00,0.00,0,0,,1,0.11,9,1,0.11,28,0,0.00,8,0,0,9,6,0.00,99,0,0,0.00,9,0,30,0.00,15,0,0.00,99,0,0.00,0,0,0.00,0,0.00,7,0,0.00,12,0,0.00,0.00,0,0.00,0,31,34,3.44,76,44,0.00,40,4.89,99,N/A,N/A,N/A,N/A,70.45,0,0.00,0,0.68,0.00,0,64.41,100.00,99,99,0.00,0.00,0,17,17,1,0,16,0.00,0.00,0,22,62.14,0.78,0.78,7,0,0.00,0.00,99,0.00,0,1,0,0.00,0.00,2,0.22,0.22,0.00,0.00,0,0,100.00,99,39,15,86,40,0.40,8,0.04,0.04,-0.02,9,0.00,0.00,12,3,0.33,0.33,0.00,0.00,6,0,0.08,45,73,24,75,7,46,19,0,0.00,99,4,0.00,0.44,0.89,0.89,8,7,6,6,0.78,0.78,87.50,0,0.00,99,0,0.00,0,0.00,99,0,0.00,0.00,30,42,24,12,0,0,0,0,0,51,66,68,81,0,99,30,13,13,0,0,13,23,0,0
Tarik Michel Kedes Boschetti,33,730022400,1993/02/18,Serie B,2026,Midfielder,Londrina,755,301,454,Brazil,11,5,6,1,1,0,0,0,0,0,0,1,1,0,18,6,12,3,0,0.12,0,0.12,0.3,0,755,2.15,42,69,252,0,0.36,152,291,-1,14,0,6.56,0,58,41.72,31.82,72,350,26.91,296,69,35.28,73,0.00,0.00,0.18,2,0.00,0.36,0.72,0.55,6,0.00,0.36,0.00,0.00,0.00,0.73,0.36,1.73,6.00,0.72,0.18,0.45,0.00,0.36,0.11,0.00,0.55,0.00,0.00,0,0,,6,0.55,37,4,0.48,70,2,0.24,19,2,1,10,21,0.00,99,0,8,0.95,66,4,30,0.48,40,0,0.00,99,0,0.00,0,0,0.00,0,0.24,19,5,0.60,35,4,0.48,80.00,0,0.00,0,0,0,0.00,0,19,0.00,2,2.26,91,N/A,N/A,N/A,N/A,0.00,0,0.00,0,1.20,0.00,0,84.57,66.67,98,30,0.55,0.72,6,56,91,0,0,0,0.00,0.00,0,22,72.21,1.36,1.79,15,0,0.00,0.00,99,0.00,0,0,1,0.09,0.12,0,0.00,0.00,0.00,0.00,0,0,16.67,89,36,24,84,2,0.68,27,0.06,0.08,1.20,63,0.11,0.14,32,6,0.55,0.72,1.91,1.45,81,16,0.14,62,24,56,91,0,46,37,0,0.00,99,6,0.00,0.72,6.56,5.00,55,21,12,23,2.50,1.91,38.18,4,0.48,58,0,0.00,0,0.00,99,0,0.00,0.00,30,47,41,54,0,0,0,0,0,53,68,68,85,0,99,5,36,78,3,27,85,38,0,0
Thalis Henrique Cantanhede,30,827222400,1996/03/19,Serie B,2026,Midfielder,Londrina,733,357,376,Brazil,13,6,7,0,0,0,1,0,1,0,0,2,2,0,9,5,4,3,0,0.12,0.12,0,0,0,0,1.11,81,56,244,733,0.37,238,109,-1,34,0,6.79,0.08,76,32.41,20.31,46,264,16.77,218,56,26.77,49,0.00,0.00,1.00,13,0.00,2.54,1.11,0.69,9,0.00,0.31,0.00,0.00,0.00,0.62,0.08,0.69,0.00,2.09,1.08,0.38,0.00,0.23,0.08,0.00,0.46,0.00,0.00,0,0,,17,1.31,83,3,0.37,60,14,1.72,92,5,5,8,43,0.00,99,0,8,0.98,68,33,52,4.05,84,0,0.00,99,0,0.00,0,0,0.00,0,1.60,83,5,0.61,37,1,0.12,20.00,0,0.00,0,0,0,0.00,0,9,0.00,40,1.11,50,N/A,N/A,N/A,N/A,0.00,0,0.00,0,1.01,0.00,0,82.58,17.65,31,3,0.92,1.47,12,24,20,0,0,0,0.15,0.25,2,56,88.25,0.62,0.98,8,0,0.00,0.00,99,0.00,0,0,0,0.00,0.00,0,0.00,0.00,0.00,0.00,0,0,0.00,50,34,35,51,40,1.54,83,0.12,0.19,1.01,59,0.08,0.12,95,24,1.85,2.95,2.21,1.38,88,18,0.12,58,53,30,75,0,46,38,0,0.00,99,6,0.00,0.74,10.07,6.31,82,40,63,68,4.91,3.08,48.78,4,0.49,57,0,21.21,0,0.00,99,7,0.54,0.86,80,37,77,91,0,0,0,0,0,53,51,68,64,0,99,15,33,80,3,23,77,96,0,0
Thalisson Gabriel Pereira Moreira,24,1011513600,2002/01/20,Serie B,2026,Defender,Ceará,95,49,46,Brazil,2,1,1,0,0,0,0,0,0,0,0,1,1,0,1,0,1,0,0,0,0,0,0,0,0,0.95,95,48,0,0,0,-1,-1,-1,36,0,6.62,0,58,54.95,29.00,96,58,26.50,53,98,50.21,96,0.00,0.00,0.00,0,0.00,0.00,0.95,0.50,1,0.00,0.50,0.00,0.00,0.00,1.00,0.00,0.50,0.00,1.89,0.50,0.00,0.00,0.50,0.10,0.00,2.50,0.00,0.00,0,0,,2,1.00,78,1,0.95,91,1,0.95,62,1,0,2,34,0.00,99,0,2,1.89,98,0,30,0.00,15,0,0.00,99,0,0.00,0,0,0.00,0,0.00,7,0,0.00,12,0,0.00,0.00,0,0.00,0,0,0,0.00,0,1,0.00,55,0.95,35,N/A,N/A,N/A,N/A,0.00,0,0.00,0,0.20,0.00,0,91.38,50.00,92,99,0.00,0.00,0,17,17,0,0,0,0.50,0.95,1,95,13.25,2.50,4.74,5,0,0.00,0.00,99,0.00,0,0,0,0.00,0.00,0,0.00,0.00,0.00,0.00,0,0,0.00,50,0,0,51,56,0.11,43,0.06,0.10,0.20,72,0.10,0.19,2,0,0.00,0.00,1.89,1.00,80,2,0.19,70,30,87,75,0,46,99,0,0.00,99,5,0.00,4.74,9.47,5.00,10,6,80,61,5.68,3.00,60.00,1,0.95,28,0,0.00,0,0.00,99,0,0.00,0.00,30,1,24,36,0,0,0,0,0,37,51,68,64,0,99,92,13,13,0,0,13,3,0,0
Thalles Eduardo Gomes Ferreira dos Ramos,21,1114671600,2005/04/28,Serie B,2026,Forward,Botafogo SP,31,31,0,Brazil,1,1,0,0,0,0,0,0,0,0,0,0,0,0,0,0,0,0,0,0,0,0,0,0,0,0,0,31,0,0,0,-1,-1,-1,14,0,6.70,0,58,2.90,1.00,0,1,1.00,1,99,2.90,0,0.00,0.00,0.00,0,0.00,0.00,0.00,0.00,0,0.00,0.00,0.00,0.00,0.00,0.00,1.00,0.00,0.00,0.00,0.00,1.00,0.00,0.00,0.00,0.00,0.00,0.00,0.00,0,0,,0,0.00,8,0,0.00,20,0,0.00,8,0,1,0,6,0.00,99,0,0,0.00,9,0,30,0.00,15,0,0.00,99,0,0.00,0,0,0.00,0,0.00,7,1,2.90,92,1,2.90,100.00,0,0.00,0,0,0,0.00,0,0,0.00,99,0.00,0,N/A,N/A,N/A,N/A,0.00,0,0.00,0,0.00,0.00,0,100.00,0.00,20,99,0.00,0.00,0,99,99,0,0,0,1.00,2.90,1,99,6.70,1.00,2.90,1,0,0.00,0.00,99,0.00,0,0,0,0.00,0.00,0,0.00,0.00,0.00,0.00,0,0,0.00,50,0,0,51,0,0.00,0,0.00,0.00,0.00,9,0.00,0.00,2,0,0.00,0.00,0.00,0.00,6,0,0.00,8,41,75,75,0,46,2,0,0.00,99,0,0.00,0.00,2.90,1.00,1,1,17,7,2.90,1.00,100.00,0,0.00,99,0,0.00,0,0.00,99,0,0.00,0.00,30,0,41,12,0,0,0,0,0,37,51,68,64,0,99,2,13,13,0,0,13,32,0,0
Thallyson Matheus Santos de Jesus,20,1144738800,2006/04/11,Serie B,2026,Defender,América Mineiro,0,0,0,Brazil,0,0,0,0,0,0,0,0,0,0,0,0,0,0,0,0,0,0,0,0,0,0,0,0,0,0,0,0,0,0,0,-1,-1,-1,-1,N/A,N/A,N/A,N/A,N/A,N/A,N/A,N/A,N/A,N/A,N/A,N/A,N/A,N/A,N/A,N/A,N/A,N/A,N/A,N/A,N/A,N/A,N/A,N/A,N/A,N/A,N/A,N/A,N/A,N/A,N/A,N/A,N/A,N/A,N/A,N/A,N/A,N/A,N/A,N/A,N/A,N/A,N/A,N/A,N/A,N/A,N/A,N/A,N/A,N/A,N/A,N/A,N/A,N/A,N/A,N/A,N/A,N/A,N/A,N/A,N/A,N/A,N/A,N/A,N/A,N/A,N/A,N/A,N/A,N/A,N/A,N/A,N/A,N/A,N/A,N/A,N/A,N/A,N/A,N/A,N/A,N/A,N/A,N/A,N/A,N/A,N/A,N/A,N/A,N/A,N/A,N/A,N/A,N/A,N/A,N/A,N/A,N/A,N/A,N/A,N/A,N/A,N/A,N/A,N/A,N/A,N/A,N/A,N/A,N/A,N/A,N/A,N/A,N/A,N/A,N/A,N/A,N/A,N/A,N/A,N/A,N/A,N/A,N/A,N/A,N/A,N/A,N/A,N/A,N/A,N/A,N/A,N/A,N/A,N/A,N/A,N/A,N/A,N/A,N/A,N/A,N/A,N/A,N/A,N/A,N/A,N/A,N/A,N/A,N/A,N/A,N/A,N/A,N/A,N/A,N/A,N/A,N/A,N/A,N/A,N/A,N/A,N/A,N/A,N/A,N/A,N/A,N/A,N/A,N/A,N/A,N/A,N/A,N/A,N/A,N/A,N/A,N/A,N/A,N/A,N/A,N/A,N/A,N/A,N/A,N/A,N/A,N/A,N/A,N/A,N/A,N/A,N/A,N/A,N/A,N/A,N/A,N/A,N/A,N/A,N/A,N/A,N/A,N/A,N/A,N/A,N/A,N/A,N/A,N/A,N/A,N/A,N/A,N/A,N/A,N/A,N/A,N/A,N/A,N/A,N/A,N/A,N/A,N/A
Thalys Victor Martins Sena,26,947836800,2000/01/14,Serie B,2026,Defender,Ponte Preta,925,339,586,Brazil,12,5,7,0,0,0,0,0,0,0,0,1,1,0,16,3,13,1,0,0,0,0,0,0,0,1.56,58,77,925,0,0.1,406,210,179,21,0,6.52,0,58,23.64,20.25,23,243,15.75,189,31,18.39,26,0.00,0.00,0.33,4,0.00,2.50,2.43,2.08,25,0.00,0.83,0.00,0.00,0.00,1.25,0.75,1.42,0.00,0.29,0.17,1.42,0.00,0.08,0.02,0.00,0.67,0.00,0.00,0,0,,3,0.25,16,1,0.10,26,2,0.19,14,3,1,11,94,0.00,99,0,15,1.46,92,30,31,2.92,72,0,0.00,99,0,0.00,0,0,0.00,0,0.39,27,17,1.65,74,9,0.88,52.94,0,0.00,0,0,0,0.00,0,17,0.00,11,1.65,80,N/A,N/A,N/A,N/A,0.00,0,0.00,0,0.22,0.00,0,77.78,33.33,66,12,0.92,1.07,11,77,66,0,0,0,0.33,0.39,4,70,78.27,2.17,2.53,26,0,0.00,0.00,99,0.00,0,0,0,0.00,0.00,0,0.00,0.00,0.00,0.00,0,0,0.00,50,47,31,51,12,0.62,15,0.05,0.06,0.22,19,0.02,0.02,17,4,0.33,0.39,1.26,1.08,47,13,0.02,18,20,70,75,0,46,40,0,0.00,99,8,0.00,0.78,9.34,8.00,96,45,53,60,4.38,3.75,46.88,10,0.97,27,0,6.67,0,0.00,99,2,0.17,0.19,50,51,41,71,0,0,0,0,0,37,51,68,64,0,99,4,89,25,1,8,30,27,0,0
Thauan Willians Jesus Silva,22,1082185200,2004/04/17,Serie B,2026,Forward,América Mineiro,517,245,272,Brazil,10,5,5,0,0,0,0,0,0,0,0,1,1,0,11,3,8,2,0,0,0,0,0,0,0,1.91,47,52,259,0,0.35,389,394,-1,37,0,6.79,0,58,23.50,13.50,22,135,10.50,105,31,18.28,25,0.00,0.00,0.70,7,0.00,3.50,1.22,0.70,7,0.00,1.20,0.00,0.00,0.00,0.40,2.40,1.30,0.00,3.13,1.00,4.90,0.00,0.80,0.16,0.00,0.30,0.00,0.00,0,0,,18,1.80,96,8,1.39,98,10,1.74,92,3,5,5,49,0.00,99,0,4,0.70,50,35,51,6.09,96,0,0.00,99,0,0.00,0,0,0.00,0,1.22,71,49,8.53,99,24,4.18,48.98,0,0.00,0,0,0,0.00,0,13,0.00,4,2.26,91,N/A,N/A,N/A,N/A,0.00,0,0.00,0,1.65,0.00,0,77.78,44.44,85,32,0.40,0.70,4,99,52,0,0,0,0.00,0.00,0,22,67.94,0.60,1.04,6,0,0.00,0.00,99,0.00,0,0,0,0.00,0.00,0,0.00,0.00,0.35,0.20,2,0,0.00,50,15,20,51,5,0.49,35,0.05,0.09,1.65,86,0.16,0.29,99,28,2.80,4.87,2.44,1.40,92,14,0.29,83,53,34,75,0,85,23,0,0.00,99,3,0.00,0.52,20.72,11.90,119,61,99,99,10.62,6.10,51.26,12,2.09,2,0,20.00,0,0.00,99,7,0.70,1.22,89,16,77,71,0,0,0,0,0,37,51,68,64,0,99,6,38,76,2,20,70,11,0,0
Thayllon Roberth dos Santos Rebelo,20,1155884400,2006/08/18,Serie B,2026,Forward,Avaí,1782,931,851,Brazil,24,12,12,3,1,2,3,2,1,0,0,7,5,2,23,10,13,3,0,0.3,0.15,0.15,0.1,0.21,594,1.16,77,74,594,594,0.15,129,83,-1,4,0,6.85,0.12,83,20.15,16.62,16,399,13.25,318,38,16.06,19,0.00,0.00,1.42,34,0.00,1.29,0.40,0.33,8,0.00,0.83,0.00,0.00,0.00,0.25,0.88,0.96,11.33,1.72,1.08,2.00,0.00,0.33,0.18,0.00,0.38,0.00,0.00,0,0,,34,1.42,73,8,0.40,63,26,1.31,79,2,2,22,12,0.00,99,0,6,0.30,22,31,67,1.57,60,0,0.00,99,0,0.00,0,0,0.00,0,1.72,87,48,2.42,86,21,1.06,43.75,0,0.00,0,0,0,0.00,0,23,0.00,34,1.16,55,N/A,N/A,N/A,N/A,0.00,0,0.00,0,4.22,0.00,0,79.70,23.53,42,58,0.38,0.45,9,85,42,0,0,0,0.08,0.10,2,31,164.47,0.29,0.35,7,0,0.00,0.00,99,0.00,0,0,2,0.08,0.10,0,0.00,0.00,0.15,0.12,3,1,8.82,67,91,99,77,34,3.76,83,0.16,0.19,4.22,74,0.18,0.21,77,36,1.50,1.82,0.66,0.54,17,13,0.21,72,64,8,89,0,68,20,0,0.00,99,9,0.00,0.45,8.23,6.79,163,75,35,44,3.79,3.12,46.01,20,1.01,25,0,25.81,0,0.00,99,8,0.33,0.40,63,97,50,54,0,1,0,4,0,80,74,83,68,0,99,51,77,37,3,12,46,43,0,0
Thiago Couto Wenceslau,27,922435200,1999/03/26,Serie B,2026,Goalkeeper,Sport Recife,2070,1080,990,Brazil,23,12,11,0,0,0,0,0,0,0,0,8,3,5,18,12,6,1,0,0,0,0,0,0,0,0.78,115,90,2070,0,0.04,437,426,53,30,0,6.92,0,58,26.22,26.22,34,603,19.35,445,18,19.35,30,0.00,0.00,0.04,1,0.00,0.00,0.00,0.00,0,0.00,0.00,0.00,0.00,2.87,0.04,0.00,3.83,0.00,0.00,0.00,0.00,0.00,0.00,0.00,0.00,0.17,0.00,0.00,0,0,,0,0.00,8,0,0.00,20,0,0.00,8,0,0,23,6,0.00,99,0,1,0.04,9,0,30,0.00,15,0,0.00,99,0,0.00,0,0,0.00,0,0.04,7,0,0.00,12,0,0.00,0.00,0,0.00,0,66,69,2.87,38,88,0.00,72,3.83,95,N/A,N/A,N/A,N/A,75.00,0,0.00,0,0.00,0.00,0,73.80,0.00,20,99,0.00,0.00,0,17,17,0,0,35,0.00,0.00,0,22,159.20,1.48,1.48,34,0,0.00,0.00,99,0.00,0,0,0,0.00,0.00,16,0.70,0.70,0.00,0.00,0,0,0.00,50,99,99,51,72,1.05,11,0.05,0.05,0.00,9,0.00,0.00,3,3,0.13,0.13,0.00,0.00,6,0,0.00,8,77,48,75,70,46,6,0,0.00,99,4,0.00,0.17,0.39,0.39,9,6,2,2,0.26,0.26,66.67,0,0.00,99,0,0.00,0,0.00,99,0,0.00,0.00,30,99,24,12,0,0,0,0,0,37,51,68,64,0,99,67,99,13,1,4,14,26,0,0
Thiago de Oliveira Silva,25,969778800,2000/09/24,Serie B,2026,Forward,Botafogo SP,218,90,128,Brazil,12,4,8,0,0,0,0,0,0,0,0,2,1,1,2,1,1,2,0,0,0,0,0,0,0,0.83,109,18,109,0,0.83,-1,-1,-1,12,0,5.46,0,58,37.28,8.25,60,99,6.58,79,39,29.75,57,0.00,0.00,0.25,3,0.00,0.17,4.90,1.08,13,0.00,0.50,0.00,0.00,0.00,0.17,0.00,0.25,0.00,1.88,0.17,0.08,0.00,0.25,0.05,0.00,0.58,0.00,0.00,0,0,,5,0.42,77,3,1.13,94,2,0.75,53,4,10,2,99,0.00,99,0,2,0.75,54,2,30,0.75,46,0,0.00,99,0,0.00,0,0,0.00,0,1.13,68,1,0.38,27,0,0.00,0.00,0,0.00,0,0,0,0.00,0,3,0.00,66,1.13,51,N/A,N/A,N/A,N/A,0.00,0,0.00,0,0.54,0.00,0,79.80,60.00,96,27,0.17,0.75,2,17,17,0,0,0,0.00,0.00,0,22,65.55,0.33,1.51,4,1,0.00,0.38,0,0.08,0,0,0,0.00,0.00,0,0.00,0.00,0.00,0.00,0,0,0.00,50,0,31,51,67,0.32,56,0.03,0.12,0.54,73,0.05,0.20,78,5,0.42,1.88,3.77,0.83,99,10,0.20,71,1,48,75,0,46,91,0,0.00,99,7,0.00,2.64,20.71,4.58,55,25,99,99,9.41,2.08,45.45,6,2.26,1,0,0.00,0,0.00,99,0,0.00,0.00,30,1,95,84,0,0,0,0,0,37,51,68,64,0,99,17,13,99,2,17,62,29,0,0
Thiago Fernandes Rodrigues,25,984470400,2001/03/13,Serie B,2026,Forward,CRB,1200,659,541,Brazil,16,8,8,2,1,1,3,1,2,0,0,7,3,4,13,8,5,4,0,0.38,0.23,0.15,0.14,0.17,600,0.98,92,75,300,400,0.3,126,41,-1,5,0,7.16,0.19,94,33.00,27.50,48,440,22.88,366,60,27.45,52,0.00,0.00,1.75,28,0.00,1.94,1.20,1.00,16,0.00,0.69,0.00,0.00,0.00,0.31,0.81,0.75,23.50,3.53,2.31,1.56,0.00,0.62,0.27,0.00,0.69,0.00,0.00,0,0,,47,2.94,98,10,0.75,84,37,2.77,99,2,1,15,48,0.00,99,0,5,0.38,27,31,89,2.33,66,0,0.00,99,0,0.00,0,0,0.00,0,2.10,93,25,1.88,78,13,0.98,52.00,0,0.00,0,0,0,0.00,0,12,0.00,51,0.90,30,N/A,N/A,N/A,N/A,0.00,0,0.00,0,4.33,0.00,0,83.18,21.28,37,58,0.38,0.45,6,82,64,0,0,0,0.19,0.23,3,52,114.57,0.75,0.90,12,0,0.00,0.00,99,0.00,0,0,1,0.06,0.08,0,0.00,0.00,0.45,0.38,6,0,4.26,53,63,54,78,52,3.51,93,0.22,0.26,4.33,89,0.27,0.32,79,26,1.62,1.95,1.43,1.19,56,19,0.32,87,95,28,84,0,89,42,0,0.00,99,11,0.00,0.82,9.53,7.94,127,64,61,62,4.80,4.00,50.39,11,0.82,34,0,38.71,0,0.00,99,12,0.75,0.90,82,68,41,54,0,0,0,0,0,86,74,80,74,0,99,85,45,68,4,25,81,17,0,0
Thiago Moraes de Barros,29,852105600,1997/01/01,Serie B,2026,Forward,Botafogo SP,0,0,0,Brazil,0,0,0,0,0,0,0,0,0,0,0,0,0,0,0,0,0,0,0,0,0,0,0,0,0,0,0,0,0,0,0,-1,-1,-1,-1,N/A,N/A,N/A,N/A,N/A,N/A,N/A,N/A,N/A,N/A,N/A,N/A,N/A,N/A,N/A,N/A,N/A,N/A,N/A,N/A,N/A,N/A,N/A,N/A,N/A,N/A,N/A,N/A,N/A,N/A,N/A,N/A,N/A,N/A,N/A,N/A,N/A,N/A,N/A,N/A,N/A,N/A,N/A,N/A,N/A,N/A,N/A,N/A,N/A,N/A,N/A,N/A,N/A,N/A,N/A,N/A,N/A,N/A,N/A,N/A,N/A,N/A,N/A,N/A,N/A,N/A,N/A,N/A,N/A,N/A,N/A,N/A,N/A,N/A,N/A,N/A,N/A,N/A,N/A,N/A,N/A,N/A,N/A,N/A,N/A,N/A,N/A,N/A,N/A,N/A,N/A,N/A,N/A,N/A,N/A,N/A,N/A,N/A,N/A,N/A,N/A,N/A,N/A,N/A,N/A,N/A,N/A,N/A,N/A,N/A,N/A,N/A,N/A,N/A,N/A,N/A,N/A,N/A,N/A,N/A,N/A,N/A,N/A,N/A,N/A,N/A,N/A,N/A,N/A,N/A,N/A,N/A,N/A,N/A,N/A,N/A,N/A,N/A,N/A,N/A,N/A,N/A,N/A,N/A,N/A,N/A,N/A,N/A,N/A,N/A,N/A,N/A,N/A,N/A,N/A,N/A,N/A,N/A,N/A,N/A,N/A,N/A,N/A,N/A,N/A,N/A,N/A,N/A,N/A,N/A,N/A,N/A,N/A,N/A,N/A,N/A,N/A,N/A,N/A,N/A,N/A,N/A,N/A,N/A,N/A,N/A,N/A,N/A,N/A,N/A,N/A,N/A,N/A,N/A,N/A,N/A,N/A,N/A,N/A,N/A,N/A,N/A,N/A,N/A,N/A,N/A,N/A,N/A,N/A,N/A,N/A,N/A,N/A,N/A,N/A,N/A,N/A,N/A,N/A,N/A,N/A,N/A,N/A,N/A
Thiago Ramon Santos Modesto,20,1138780800,2006/02/01,Serie B,2026,Midfielder,Criciúma,276,205,71,Brazil,11,6,5,0,0,0,0,0,0,0,0,4,3,1,2,1,1,1,0,0,0,0,0,0,0,0.65,138,25,276,0,0.33,248,253,-1,18,0,4.94,0,58,40.73,13.92,69,167,12.08,145,83,35.37,73,0.00,0.00,0.33,4,0.00,0.25,1.46,0.50,6,0.00,0.50,0.00,0.00,0.00,0.33,0.25,0.50,0.00,0.98,0.33,0.33,0.00,0.00,0.02,0.00,0.25,0.00,0.00,0,0,,4,0.33,50,0,0.00,20,4,0.98,65,5,7,4,63,0.00,99,0,4,0.98,68,3,30,0.73,46,0,0.00,99,0,0.00,0,0,0.00,0,0.98,62,4,0.98,53,3,0.73,75.00,0,0.00,0,0,0,0.00,0,6,0.00,87,1.46,75,N/A,N/A,N/A,N/A,0.00,0,0.00,0,0.22,0.00,0,86.83,0.00,20,7,0.42,1.22,5,71,90,0,0,0,0.00,0.00,0,22,59.26,0.17,0.49,2,0,0.00,0.00,99,0.00,0,0,0,0.00,0.00,0,0.00,0.00,0.00,0.00,0,0,0.00,50,0,24,51,87,0.51,56,0.04,0.12,0.22,34,0.02,0.05,55,5,0.42,1.22,0.73,0.25,19,3,0.05,33,0,13,75,0,46,37,0,0.00,99,3,0.00,0.73,8.54,2.92,35,16,38,48,3.90,1.33,45.71,6,1.46,10,0,0.00,0,0.00,99,0,0.00,0.00,30,8,85,91,0,0,0,0,0,37,51,68,64,0,99,68,42,73,1,9,33,50,0,0
Thiago Rodrigues de Oliveira Nogueira,37,593334000,1988/10/20,Serie B,2026,Goalkeeper,Goiás,1350,630,720,Brazil,15,7,8,0,0,0,0,0,0,0,0,5,3,2,16,9,7,1,0,0,0,0,0,0,0,1.07,84,90,1350,0,0.07,395,376,119,23,0,6.88,0,58,26.20,26.20,33,393,20.00,300,27,20.00,31,0.00,0.00,0.07,1,0.00,0.00,0.00,0.00,0,0.00,0.00,0.00,0.00,2.40,0.00,0.00,3.47,0.00,0.00,0.00,0.00,0.00,0.00,0.00,0.00,0.27,0.00,0.00,0,0,,0,0.00,8,0,0.00,20,0,0.00,8,0,0,15,6,0.00,99,0,0,0.00,9,0,30,0.00,15,0,0.00,99,0,0.00,0,0,0.00,0,0.07,10,0,0.00,12,0,0.00,0.00,0,0.00,0,36,31,2.40,24,52,0.00,43,3.47,95,N/A,N/A,N/A,N/A,69.23,0,0.00,0,0.00,0.00,0,76.34,0.00,20,99,0.00,0.00,0,17,17,0,0,14,0.00,0.00,0,22,103.22,1.00,1.00,15,1,0.00,0.07,10,0.07,1,0,0,0.00,0.00,12,0.80,0.80,0.00,0.00,0,0,0.00,50,71,46,51,44,0.66,8,0.04,0.04,0.00,9,0.00,0.00,18,6,0.40,0.40,0.07,0.07,7,1,0.00,8,70,32,75,83,46,10,0,0.00,99,4,0.00,0.27,0.60,0.60,9,8,5,4,0.53,0.53,88.89,0,0.00,99,0,0.00,0,0.00,99,0,0.00,0.00,30,68,24,12,0,0,0,0,0,37,51,68,64,0,99,64,94,21,1,7,26,1,0,0
Tiago Pagnussat,36,645606000,1990/06/17,Serie B,2026,Defender,Vila Nova,1492,554,938,Brazil,20,9,11,0,0,0,0,0,0,0,0,6,3,3,13,3,10,4,0,0,0,0,0,0,0,0.78,115,75,373,0,0.24,359,347,55,32,0,6.81,0,58,53.81,44.60,94,892,36.90,738,57,44.52,89,0.00,0.00,0.35,7,0.00,0.20,1.51,1.25,25,0.00,0.10,0.00,0.00,0.00,0.55,0.00,0.80,0.00,0.42,0.30,0.00,0.00,0.05,0.02,0.00,2.75,0.00,0.00,0,0,,7,0.35,23,1,0.06,21,6,0.36,29,4,3,17,65,0.00,99,0,11,0.66,45,4,65,0.24,31,0,0.00,99,0,0.00,0,0,0.00,0,0.42,29,0,0.00,12,0,0.00,0.00,0,0.00,0,0,0,0.00,0,16,0.00,72,0.97,37,N/A,N/A,N/A,N/A,0.00,0,0.00,0,0.41,0.00,0,82.74,14.29,26,46,0.45,0.54,9,17,17,0,0,0,0.20,0.24,4,55,136.19,6.25,7.54,125,0,0.00,0.00,99,0.00,0,0,1,0.05,0.06,0,0.00,0.00,0.06,0.05,1,0,0.00,50,78,79,51,72,2.13,63,0.11,0.13,0.41,19,0.02,0.02,8,4,0.20,0.24,0.97,0.80,31,16,0.02,18,58,98,80,0,53,96,0,0.00,99,55,0.00,3.32,8.14,6.75,135,87,74,43,5.25,4.35,64.44,2,0.12,83,0,25.00,0,0.00,99,1,0.05,0.06,34,78,62,84,0,0,0,0,0,37,51,68,64,0,99,54,57,58,4,20,70,3,0,0
Tobías Ostchega,27,904028400,1998/08/25,Serie B,2026,Defender,América Mineiro,130,30,100,Argentina,3,1,2,0,0,0,0,0,0,0,0,1,1,0,2,0,2,0,0,0,0,0,0,0,0,1.38,65,43,0,0,0,-1,-1,-1,20,0,6.61,0,58,31.15,15.00,42,45,13.00,39,82,27.00,50,0.00,0.00,0.00,0,0.00,3.00,0.00,0.00,0,0.00,0.67,0.00,0.00,0.00,0.67,0.33,1.00,0.00,1.38,0.67,0.67,0.00,0.00,0.03,0.00,1.33,0.00,0.00,0,0,,2,0.67,63,0,0.00,20,2,1.38,82,0,2,1,6,0.00,99,0,2,1.38,90,9,30,6.23,96,0,0.00,99,0,0.00,0,0,0.00,0,0.00,7,2,1.38,69,1,0.69,50.00,0,0.00,0,0,0,0.00,0,3,0.00,18,2.08,89,N/A,N/A,N/A,N/A,0.00,0,0.00,0,0.10,0.00,0,86.67,0.00,20,0,1.00,2.08,3,69,63,0,0,0,0.00,0.00,0,22,19.84,1.67,3.46,5,0,0.00,0.00,99,0.00,0,0,1,0.33,0.69,0,0.00,0.00,0.00,0.00,0,0,0.00,50,0,0,51,19,0.07,11,0.02,0.05,0.10,42,0.03,0.07,82,3,1.00,2.08,0.00,0.00,6,0,0.07,41,28,79,99,0,46,93,0,0.00,99,4,0.00,2.77,9.69,4.67,14,8,78,63,5.54,2.67,57.14,2,1.38,13,0,0.00,0,0.00,99,0,0.00,0.00,30,0,50,12,0,0,0,0,0,37,51,68,64,0,99,64,13,13,0,0,13,25,0,0
Tomás Cardona,30,813308400,1995/10/10,Serie B,2026,Defender,Fortaleza,295,90,205,Argentina,5,2,3,0,0,0,0,0,0,0,0,3,1,2,1,1,0,0,0,0,0,0,0,0,0,0.31,295,59,0,0,0,237,218,7,18,0,5.68,0,58,48.65,32.00,87,160,26.80,134,64,40.74,85,0.00,0.00,0.00,0,0.00,0.00,2.13,1.40,7,0.00,0.00,0.00,0.00,0.00,0.60,0.00,0.20,0.00,0.30,0.20,0.00,0.00,0.00,0.01,0.00,1.80,0.00,0.00,0,0,,1,0.20,16,0,0.00,20,1,0.30,25,0,2,3,87,0.00,99,0,3,0.91,64,0,30,0.00,15,0,0.00,99,0,0.00,0,0,0.00,0,0.00,7,0,0.00,12,0,0.00,0.00,0,0.00,0,0,0,0.00,0,1,0.00,98,0.30,1,N/A,N/A,N/A,N/A,0.00,0,0.00,0,0.04,0.00,0,83.75,0.00,20,99,0.00,0.00,0,17,17,0,0,0,0.80,1.22,4,98,28.39,3.80,5.78,19,0,0.00,0.00,99,0.00,0,0,0,0.00,0.00,0,0.00,0.00,0.00,0.00,0,0,0.00,50,0,2,51,99,0.26,27,0.05,0.08,0.04,13,0.01,0.01,2,0,0.00,0.00,0.61,0.40,14,2,0.01,12,2,93,75,0,46,93,0,0.00,99,9,0.00,2.74,7.30,4.80,24,16,62,32,4.86,3.20,66.67,0,0.00,99,0,0.00,0,0.00,99,0,0.00,0.00,30,3,50,12,0,0,0,0,0,37,51,68,64,0,99,95,13,13,0,0,13,6,0,0
Tomás Pochettino,30,823161600,1996/02/01,Serie B,2026,Midfielder,Fortaleza,800,353,447,Argentina,12,5,7,0,0,0,0,0,0,0,0,5,1,4,9,4,5,1,0,0,0,0,0,0,0,1.01,89,67,800,0,0.11,342,326,-1,29,0,6.67,0,58,20.34,15.08,16,181,10.75,129,12,14.49,16,0.00,0.00,1.42,17,0.00,3.08,1.12,0.83,10,0.00,0.67,0.00,0.00,0.00,0.83,0.50,0.83,0.00,1.69,1.17,1.75,0.00,0.08,0.08,0.00,0.33,0.00,0.00,0,0,,15,1.25,72,1,0.11,28,14,1.57,87,4,3,9,44,0.00,99,0,10,1.12,79,37,79,4.16,86,0,0.00,99,0,0.00,0,0,0.00,0,1.91,90,21,2.36,85,6,0.67,28.57,0,0.00,0,0,0,0.00,0,10,0.00,47,1.12,51,N/A,N/A,N/A,N/A,0.00,0,0.00,0,0.97,0.00,0,71.27,6.67,20,14,0.75,1.01,9,66,24,0,0,0,0.08,0.11,1,33,80.06,0.42,0.56,5,0,0.00,0.00,99,0.00,0,0,1,0.08,0.11,0,0.00,0.00,0.00,0.00,0,0,0.00,50,38,31,51,48,0.85,43,0.07,0.10,0.97,56,0.08,0.11,76,16,1.33,1.80,1.46,1.08,59,13,0.11,55,36,16,90,0,46,20,0,0.00,99,4,0.00,0.45,9.33,6.92,83,36,41,60,4.04,3.00,43.37,8,0.90,30,0,32.43,0,0.00,99,12,1.00,1.35,92,42,62,84,0,0,0,0,0,37,51,68,64,0,99,81,87,27,1,8,30,7,0,0
Vagner da Silva,40,518425200,1986/06/06,Serie B,2026,Goalkeeper,Operário PR,1813,990,823,Brazil,21,11,10,0,0,0,0,0,0,0,0,7,4,3,24,12,12,3,0,0,0,0,0,0,0,1.19,76,86,604,0,0.15,367,312,145,23,0,6.94,0,58,24.42,23.43,26,492,18.00,378,28,18.76,28,0.00,0.00,0.05,1,0.00,0.00,0.00,0.00,0,0.00,0.00,0.00,0.00,3.24,0.05,0.00,4.57,0.00,0.00,0.00,0.00,0.00,0.00,0.00,0.00,0.19,0.00,0.00,0,0,,0,0.00,8,0,0.00,20,0,0.00,8,1,0,21,6,0.00,99,0,1,0.05,10,0,30,0.00,15,0,0.00,99,0,0.00,0,0,0.00,0,0.05,8,0,0.00,12,0,0.00,0.00,0,0.00,0,68,41,3.38,72,96,0.00,31,4.77,98,N/A,N/A,N/A,N/A,70.83,0,0.00,0,0.00,0.00,0,76.83,0.00,20,99,0.00,0.00,0,17,17,0,0,37,0.00,0.00,0,22,145.65,1.00,1.04,21,0,0.00,0.00,99,0.00,0,0,0,0.00,0.00,12,0.57,0.60,0.00,0.00,0,0,0.00,50,93,88,51,32,0.76,8,0.04,0.04,0.00,9,0.00,0.00,2,2,0.10,0.10,0.05,0.05,6,1,0.00,8,79,34,75,60,46,7,0,0.00,99,4,0.00,0.20,0.30,0.29,6,6,2,1,0.30,0.29,100.00,0,0.00,99,0,0.00,0,0.00,99,0,0.00,0.00,30,94,24,36,0,0,0,0,0,37,51,68,64,0,99,64,78,37,3,14,55,33,0,0
Val Soares,29,858153600,1997/03/12,Serie B,2026,Midfielder,América Mineiro,323,216,107,Brazil,6,4,2,0,0,0,0,0,0,0,0,1,1,0,5,3,2,1,0,0,0,0,0,0,0,1.39,65,54,323,0,0.28,401,411,-1,32,0,7.06,0,58,68.27,40.83,99,245,35.00,210,78,58.51,99,0.00,0.00,1.33,8,0.00,3.00,1.67,1.00,6,0.00,0.33,0.00,0.00,0.00,0.50,0.83,1.00,0.00,3.34,1.00,1.17,0.00,1.00,0.20,0.00,0.17,0.00,0.00,0,0,,12,2.00,98,6,1.67,99,6,1.67,90,3,3,3,71,0.00,99,0,3,0.84,60,18,42,5.02,92,0,0.00,99,0,0.00,0,0,0.00,0,2.23,96,7,1.95,79,5,1.39,71.43,0,0.00,0,0,0,0.00,0,6,0.00,17,1.67,81,N/A,N/A,N/A,N/A,0.00,0,0.00,0,1.20,0.00,0,85.71,50.00,92,1,1.00,1.67,6,91,86,0,0,0,0.00,0.00,0,22,42.33,0.33,0.56,2,0,0.00,0.00,99,0.00,0,0,0,0.00,0.00,0,0.00,0.00,0.00,0.00,0,0,0.00,50,0,3,51,19,0.76,88,0.13,0.21,1.20,90,0.20,0.33,90,9,1.50,2.51,1.67,1.00,69,6,0.33,89,89,16,75,0,46,11,0,0.00,99,1,0.00,0.28,10.59,6.33,38,21,83,73,5.85,3.50,55.26,2,0.56,53,0,16.67,0,0.00,99,3,0.50,0.84,79,3,62,71,0,0,0,0,0,37,51,68,64,0,99,17,50,64,1,17,62,97,0,0
Victor Andrade Santos,30,812444400,1995/09/30,Serie B,2026,Forward,Náutico,918,362,556,Brazil,19,9,10,2,0,2,1,0,1,0,0,6,5,1,12,3,9,5,0,0.29,0.1,0.2,0,0.32,459,1.18,77,48,184,918,0.49,97,124,-1,3,0,6.92,0.05,72,18.73,10.05,13,191,8.16,155,47,15.20,17,0.00,0.00,0.74,14,0.00,1.63,1.27,0.68,13,0.00,0.89,0.00,0.00,0.00,0.32,1.42,0.63,20.50,4.02,1.63,3.11,0.00,0.53,0.22,0.00,0.37,0.00,0.00,0,0,,41,2.16,99,10,0.98,92,31,3.04,99,4,10,9,52,0.00,99,0,6,0.59,40,31,67,3.04,74,0,0.00,99,0,0.00,0,0,0.00,0,1.37,78,59,5.78,99,27,2.65,45.76,0,0.00,0,0,0,0.00,0,12,0.00,32,1.18,57,N/A,N/A,N/A,N/A,0.00,0,0.00,0,4.23,0.00,0,81.15,24.39,42,84,0.11,0.20,2,98,47,0,0,0,0.05,0.10,1,31,131.51,0.42,0.78,8,0,0.00,0.00,99,0.00,0,0,1,0.05,0.10,0,0.00,0.00,0.20,0.11,2,0,4.88,55,46,74,70,34,1.51,70,0.08,0.15,4.23,95,0.22,0.41,99,54,2.84,5.29,2.16,1.16,87,22,0.41,94,77,24,89,0,74,35,0,0.00,99,7,0.00,0.69,17.75,9.53,181,99,99,99,9.71,5.21,54.70,17,1.67,7,0,25.81,0,0.00,99,8,0.42,0.78,77,42,95,84,0,0,0,0,0,78,82,91,64,0,99,60,21,92,5,26,82,11,0,0
Victor Bernardes Andrade E Souza,33,715244400,1992/08/31,Serie B,2026,Goalkeeper,Botafogo SP,1620,810,810,Brazil,18,9,9,0,0,0,0,0,0,0,0,5,1,4,15,10,5,1,0,0,0,0,0,0,0,0.83,108,90,1620,0,0.06,315,296,74,24,0,6.72,0,58,25.17,25.17,29,453,14.39,259,1,14.39,15,0.00,0.00,0.17,3,0.00,0.00,0.00,0.00,0,0.00,0.00,0.00,0.00,2.39,0.00,0.00,3.39,0.00,0.00,0.00,0.00,0.00,0.00,0.00,0.00,0.17,0.00,0.00,0,0,,0,0.00,8,0,0.00,20,0,0.00,8,0,0,18,6,0.00,99,0,0,0.00,9,0,30,0.00,15,0,0.00,99,0,0.00,0,0,0.00,0,0.17,15,0,0.00,12,0,0.00,0.00,0,0.00,0,43,38,2.39,21,61,0.00,66,3.39,95,N/A,N/A,N/A,N/A,70.49,0,0.00,0,0.00,0.00,0,57.17,0.00,20,99,0.00,0.00,0,17,17,0,0,21,0.00,0.00,0,22,120.92,1.06,1.06,19,0,0.00,0.00,99,0.00,0,0,0,0.00,0.00,12,0.67,0.67,0.00,0.00,0,0,0.00,50,85,68,51,66,0.66,8,0.04,0.04,0.00,9,0.00,0.00,9,5,0.28,0.28,0.00,0.00,6,0,0.00,8,44,34,75,67,46,6,0,0.00,99,3,0.00,0.17,0.33,0.33,6,6,3,2,0.33,0.33,100.00,0,0.00,99,0,0.00,0,0.00,99,0,0.00,0.00,30,82,24,12,0,0,0,0,0,37,51,68,64,0,99,51,98,18,1,6,24,1,0,0
Victor Hugo da Silva Barbara,22,1090220400,2004/07/19,Serie B,2026,Forward,Cuiabá,67,40,27,Brazil,4,2,2,0,0,0,0,0,0,0,0,2,2,0,0,0,0,0,0,0,0,0,0,0,0,0,0,17,0,0,0,-1,-1,-1,19,0,6.61,0,58,32.24,6.00,46,24,4.50,18,22,24.18,42,0.00,0.00,0.25,1,0.00,1.75,0.00,0.00,0,0.00,0.00,0.00,0.00,0.00,0.00,0.75,0.00,0.00,4.03,0.50,0.75,0.00,0.25,0.06,0.00,0.25,0.00,0.00,0,0,,3,0.75,99,1,1.34,97,2,2.69,99,0,4,0,6,0.00,99,0,0,0.00,9,7,37,9.40,99,0,0.00,99,0,0.00,0,0,0.00,0,1.34,76,3,4.03,98,3,4.03,100.00,0,0.00,0,0,0,0.00,0,0,0.00,99,0.00,0,N/A,N/A,N/A,N/A,0.00,0,0.00,0,0.25,0.00,0,75.00,33.33,66,0,0.50,2.69,2,99,99,0,0,0,0.00,0.00,0,22,26.43,0.25,1.34,1,0,0.00,0.00,99,0.00,0,0,0,0.00,0.00,0,0.00,0.00,0.00,0.00,0,0,0.00,50,0,0,51,0,0.09,56,0.02,0.12,0.25,90,0.06,0.34,58,1,0.25,1.34,2.69,0.50,96,2,0.34,89,28,43,75,0,46,60,0,0.00,99,1,0.00,1.34,13.43,2.50,10,5,91,90,6.72,1.25,50.00,0,0.00,99,0,14.29,0,0.00,99,1,0.25,1.34,91,0,69,12,0,0,0,0,0,37,51,68,64,0,99,92,13,13,0,0,13,17,0,0
Victor Hugo de Faria Mota,23,1059289200,2003/07/27,Serie B,2026,Forward,Londrina,1255,613,642,Brazil,20,10,10,0,0,0,4,2,2,0,0,4,4,0,18,9,9,2,0,0.29,0.29,0,0,0,0,1.29,70,63,628,314,0.14,231,23,-1,31,0,6.81,0.2,96,22.95,16.00,21,320,12.85,257,41,18.43,26,0.00,0.00,1.20,24,0.00,2.40,2.65,1.85,37,0.00,0.50,0.00,0.00,0.00,0.30,0.60,0.90,0.00,1.29,0.70,1.45,0.00,0.20,0.07,0.00,0.40,0.00,0.00,0,0,,18,0.90,60,4,0.29,51,14,1.00,67,1,3,17,97,0.00,99,0,6,0.43,31,48,51,3.44,78,0,0.00,99,0,0.00,0,0,0.00,0,1.72,87,29,2.08,81,12,0.86,41.38,0,0.00,0,0,0,0.00,0,18,0.00,24,1.29,65,N/A,N/A,N/A,N/A,0.00,0,0.00,0,1.42,0.00,0,80.31,22.22,40,2,1.10,1.58,22,76,39,0,0,0,0.05,0.07,1,27,136.20,0.40,0.57,8,1,0.00,0.07,10,0.05,0,0,1,0.05,0.07,0,0.00,0.00,0.22,0.15,3,1,0.00,50,66,79,51,25,3.76,95,0.19,0.27,1.42,52,0.07,0.10,78,26,1.30,1.86,0.57,0.40,13,8,0.10,52,58,17,82,0,76,28,0,0.00,99,8,0.00,0.57,11.19,7.80,156,82,83,78,5.88,4.10,52.56,10,0.72,42,0,20.83,0,0.00,99,10,0.50,0.72,75,78,62,36,0,0,0,0,0,78,51,68,64,0,99,26,80,33,2,10,37,7,0,0
Victor Hugo Machado Maia Mesquita,36,644828400,1990/06/08,Serie B,2026,Midfielder,São Bernardo,0,0,0,Brazil,0,0,0,0,0,0,0,0,0,0,0,0,0,0,0,0,0,0,0,0,0,0,0,0,0,0,0,0,0,0,0,-1,-1,-1,-1,N/A,N/A,N/A,N/A,N/A,N/A,N/A,N/A,N/A,N/A,N/A,N/A,N/A,N/A,N/A,N/A,N/A,N/A,N/A,N/A,N/A,N/A,N/A,N/A,N/A,N/A,N/A,N/A,N/A,N/A,N/A,N/A,N/A,N/A,N/A,N/A,N/A,N/A,N/A,N/A,N/A,N/A,N/A,N/A,N/A,N/A,N/A,N/A,N/A,N/A,N/A,N/A,N/A,N/A,N/A,N/A,N/A,N/A,N/A,N/A,N/A,N/A,N/A,N/A,N/A,N/A,N/A,N/A,N/A,N/A,N/A,N/A,N/A,N/A,N/A,N/A,N/A,N/A,N/A,N/A,N/A,N/A,N/A,N/A,N/A,N/A,N/A,N/A,N/A,N/A,N/A,N/A,N/A,N/A,N/A,N/A,N/A,N/A,N/A,N/A,N/A,N/A,N/A,N/A,N/A,N/A,N/A,N/A,N/A,N/A,N/A,N/A,N/A,N/A,N/A,N/A,N/A,N/A,N/A,N/A,N/A,N/A,N/A,N/A,N/A,N/A,N/A,N/A,N/A,N/A,N/A,N/A,N/A,N/A,N/A,N/A,N/A,N/A,N/A,N/A,N/A,N/A,N/A,N/A,N/A,N/A,N/A,N/A,N/A,N/A,N/A,N/A,N/A,N/A,N/A,N/A,N/A,N/A,N/A,N/A,N/A,N/A,N/A,N/A,N/A,N/A,N/A,N/A,N/A,N/A,N/A,N/A,N/A,N/A,N/A,N/A,N/A,N/A,N/A,N/A,N/A,N/A,N/A,N/A,N/A,N/A,N/A,N/A,N/A,N/A,N/A,N/A,N/A,N/A,N/A,N/A,N/A,N/A,N/A,N/A,N/A,N/A,N/A,N/A,N/A,N/A,N/A,N/A,N/A,N/A,N/A,N/A,N/A,N/A,N/A,N/A,N/A,N/A,N/A,N/A,N/A,N/A,N/A,N/A
Victor Kauã Guimarães Rocha,19,1173769200,2007/03/13,Serie B,2026,Defender,Fortaleza,454,182,272,Brazil,7,3,4,0,0,0,0,0,0,0,0,3,0,3,5,5,0,1,0,0,0,0,0,0,0,0.99,91,65,454,0,0.2,243,277,108,19,0,6.74,0,58,54.91,39.57,96,277,34.86,244,90,48.37,95,0.00,0.00,0.43,3,0.00,0.00,0.99,0.71,5,0.00,0.14,0.00,0.00,0.00,0.57,0.00,0.71,0.00,0.20,0.14,0.00,0.00,0.00,0.01,0.00,1.57,0.00,0.00,0,0,,1,0.14,11,0,0.00,20,1,0.20,15,2,0,7,36,0.00,99,0,4,0.79,57,0,30,0.00,15,0,0.00,99,0,0.00,0,0,0.00,0,0.59,42,0,0.00,12,0,0.00,0.00,0,0.00,0,0,0,0.00,0,5,0.00,50,0.99,40,N/A,N/A,N/A,N/A,0.00,0,0.00,0,0.04,0.00,0,88.09,0.00,20,25,0.57,0.79,4,17,17,0,0,0,0.57,0.79,4,91,47.19,2.00,2.78,14,0,0.00,0.00,99,0.00,0,0,0,0.00,0.00,0,0.00,0.00,0.00,0.00,0,0,0.00,50,9,8,51,51,0.55,49,0.08,0.11,0.04,13,0.01,0.01,2,0,0.00,0.00,0.59,0.43,14,3,0.01,12,45,73,75,0,46,85,0,0.00,99,11,0.00,2.18,6.94,5.00,35,16,22,30,3.17,2.29,45.71,1,0.20,78,0,0.00,0,0.00,99,0,0.00,0.00,30,30,24,54,0,0,0,0,0,37,51,68,64,0,99,84,67,49,1,14,55,33,0,0
Vinicius Alessandro Mingotti,26,947232000,2000/01/07,Serie B,2026,Forward,Operário PR,156,90,66,Brazil,7,4,3,1,1,0,0,0,0,0,0,1,1,0,3,1,2,0,0,0.58,0,0.58,1,0,156,1.73,52,22,0,0,0,-1,-1,-1,7,0,6.63,0,58,26.54,6.57,34,46,6.14,43,99,24.81,44,0.00,0.00,0.29,2,0.00,0.14,1.15,0.29,2,0.00,0.14,0.00,0.00,0.00,0.14,0.29,0.86,5.00,2.88,0.43,0.57,0.00,0.29,0.14,0.00,0.43,0.00,0.00,0,0,,5,0.71,94,2,1.15,94,3,1.73,92,0,7,0,45,0.00,99,0,1,0.58,40,1,30,0.58,42,0,0.00,99,0,0.00,0,0,0.00,0,1.15,69,4,2.31,84,2,1.15,50.00,0,0.00,0,0,0,0.00,0,6,0.00,8,3.46,95,N/A,N/A,N/A,N/A,0.00,0,0.00,0,0.99,0.00,0,93.48,40.00,78,41,0.14,0.58,1,86,63,0,0,0,0.00,0.00,0,22,46.41,0.14,0.58,1,0,0.00,0.00,99,0.00,0,0,1,0.14,0.58,0,0.00,0.00,0.00,0.00,0,0,20.00,94,0,8,52,9,0.15,35,0.02,0.09,0.99,98,0.14,0.57,27,1,0.14,0.58,3.46,0.86,99,6,0.57,98,31,17,99,0,46,74,0,0.00,99,3,0.00,1.73,15.00,3.71,26,8,57,95,4.62,1.14,30.77,1,0.58,52,0,0.00,0,0.00,99,0,0.00,0.00,30,0,85,12,0,0,0,0,0,97,98,68,99,0,99,14,13,13,0,0,13,9,0,0
Vinicius Diniz Dall Antonia,27,932886000,1999/07/25,Serie B,2026,Midfielder,Operário PR,1895,1036,859,Brazil,22,12,10,4,1,3,0,0,0,0,0,9,6,3,19,7,12,6,0,0.19,0,0.19,0.09,0.31,474,0.9,100,86,316,0,0.28,101,354,-1,3,0,7.09,0,58,39.70,38.00,67,836,33.09,728,84,34.58,70,0.00,0.00,1.00,22,0.00,0.68,1.19,1.14,25,0.00,0.77,0.00,0.00,0.00,0.73,0.45,1.00,10.75,2.04,1.55,0.77,0.00,0.41,0.23,0.00,1.36,0.00,0.00,0,0,,43,1.95,82,9,0.43,65,34,1.61,88,1,0,22,47,0.00,99,0,16,0.76,54,15,31,0.71,45,0,0.00,99,0,0.00,0,0,0.00,0,1.04,65,17,0.81,46,10,0.47,58.82,0,0.00,0,0,0,0.00,0,22,0.00,60,1.04,44,N/A,N/A,N/A,N/A,0.00,0,0.00,0,5.14,0.00,0,87.08,20.93,36,60,0.41,0.43,9,54,75,0,0,0,0.45,0.47,10,75,155.87,2.14,2.23,47,0,0.00,0.00,99,0.00,0,0,0,0.00,0.00,0,0.00,0.00,0.05,0.05,1,0,9.30,68,97,95,72,61,2.09,43,0.09,0.10,5.14,78,0.23,0.24,85,45,2.05,2.14,1.99,1.91,84,42,0.24,76,91,64,75,0,49,63,0,0.00,99,30,0.00,1.42,9.45,9.05,199,109,72,61,5.18,4.95,54.77,17,0.81,36,0,6.67,0,0.00,99,1,0.05,0.05,31,97,24,36,0,0,0,0,0,66,80,90,66,0,99,79,49,64,6,27,85,20,0,0
Vinícius dos Santos de Oliveira Paiva,25,983433600,2001/03/01,Serie B,2026,Forward,Novorizontino,1238,655,583,Brazil,20,10,10,1,0,1,1,1,0,0,0,7,3,4,11,6,5,0,0,0.15,0.07,0.07,0,0.15,1238,0.8,113,62,0,1238,0,187,156,-1,13,0,6.42,0.05,67,17.37,11.95,11,239,9.55,191,39,13.89,14,0.00,0.00,0.80,16,0.00,2.10,0.80,0.55,11,0.00,0.75,0.00,0.00,0.00,0.25,1.20,0.55,19.00,1.38,0.60,2.70,0.00,0.35,0.10,0.00,0.35,0.00,0.00,0,0,,19,0.95,63,7,0.51,72,12,0.87,59,1,5,15,25,0.00,99,0,5,0.36,26,42,60,3.05,74,0,0.00,99,0,0.00,0,0,0.00,0,1.16,69,54,3.93,98,24,1.74,44.44,0,0.00,0,0,0,0.00,0,11,0.00,69,0.80,20,N/A,N/A,N/A,N/A,0.00,0,0.00,0,2.01,0.00,0,79.92,36.84,70,59,0.30,0.44,6,97,44,0,0,0,0.05,0.07,1,27,128.31,0.10,0.15,2,0,0.00,0.00,99,0.00,0,0,0,0.00,0.00,0,0.00,0.00,0.22,0.15,3,0,5.26,57,65,79,93,69,1.70,56,0.08,0.12,2.01,65,0.10,0.15,84,29,1.45,2.11,0.87,0.60,25,12,0.15,64,17,2,75,0,76,23,0,0.00,99,7,0.00,0.51,9.81,6.75,135,71,71,64,5.16,3.55,52.59,15,1.09,22,0,23.81,0,0.00,99,10,0.50,0.73,76,68,77,36,0,0,0,0,0,58,59,77,64,0,99,67,13,13,0,0,13,16,0,0
Vinicius Ferrari Andreoli,23,1045555200,2003/02/18,Serie B,2026,Goalkeeper,Ponte Preta,540,270,270,Brazil,6,3,3,0,0,0,0,0,0,0,0,0,0,0,13,3,10,1,0,0,0,0,0,0,0,2.17,42,90,540,0,0.17,302,199,206,11,0,6.69,0,58,23.17,23.17,22,139,9.17,55,0,9.17,3,0.00,0.00,0.00,0,0.00,0.00,0.00,0.00,0,0.00,0.00,0.00,0.00,4.00,0.00,0.00,6.50,0.00,0.00,0.00,0.00,0.00,0.00,0.00,0.00,0.00,0.00,0.00,0,0,,0,0.00,8,0,0.00,20,0,0.00,8,0,0,6,6,0.00,99,0,0,0.00,9,0,30,0.00,15,0,0.00,99,0,0.00,0,0,0.00,0,0.00,7,0,0.00,12,0,0.00,0.00,0,0.00,0,24,7,4.00,93,39,0.00,1,6.50,99,N/A,N/A,N/A,N/A,61.54,0,0.00,0,0.00,0.00,0,39.57,0.00,20,99,0.00,0.00,0,17,17,0,0,16,0.00,0.00,0,22,40.12,2.33,2.33,14,0,0.00,0.00,99,0.00,0,0,0,0.00,0.00,7,1.17,1.17,0.00,0.00,0,0,0.00,50,16,3,51,2,0.14,1,0.02,0.02,0.00,9,0.00,0.00,5,1,0.17,0.17,0.00,0.00,6,0,0.00,8,39,67,75,90,46,2,0,0.00,99,0,0.00,0.00,0.17,0.17,1,1,0,0,0.17,0.17,100.00,0,0.00,99,0,0.00,0,0.00,99,0,0.00,0.00,30,23,24,12,0,0,0,0,0,37,51,68,64,0,99,2,73,41,1,17,62,30,0,0
Vinicius Goes Barbosa de Souza,35,671698800,1991/04/15,Serie B,2026,Midfielder,Ceará,513,361,152,Brazil,10,7,3,2,0,2,0,0,0,0,0,4,3,1,4,1,3,1,0,0.35,0,0.35,0,1.18,257,0.7,128,51,513,0,0.18,27,371,-1,5,0,7.09,0,58,38.07,21.70,62,217,17.40,174,40,30.53,59,0.00,0.00,2.00,20,0.00,2.30,0.35,0.20,2,0.00,0.40,0.00,0.00,0.00,0.20,0.20,0.40,9.50,3.33,1.20,0.60,0.00,0.70,0.26,0.00,0.10,0.00,0.00,0,0,,19,1.90,98,7,1.23,95,12,2.11,97,5,4,6,10,0.00,99,0,2,0.35,25,23,42,4.04,84,0,0.00,99,0,0.00,0,0,0.00,0,3.51,99,6,1.05,57,2,0.35,33.33,0,0.00,0,0,0,0.00,0,4,0.00,82,0.70,12,N/A,N/A,N/A,N/A,0.00,0,0.00,0,2.62,0.00,0,80.18,36.84,70,85,0.10,0.18,1,42,31,0,0,0,0.10,0.18,1,43,70.92,0.40,0.70,4,0,0.00,0.00,99,0.00,0,0,0,0.00,0.00,0,0.00,0.00,0.53,0.30,3,0,10.53,73,14,20,56,82,0.94,74,0.09,0.16,2.62,97,0.26,0.46,74,10,1.00,1.75,0.35,0.20,9,2,0.46,96,91,21,75,0,92,6,0,0.00,99,1,0.00,0.18,4.56,2.60,26,14,11,9,2.46,1.40,53.85,4,0.70,44,0,17.39,0,0.00,99,4,0.40,0.70,74,23,69,91,0,0,0,0,0,82,95,99,64,0,99,77,71,43,1,10,37,29,0,0
Vinicius Nelson de Souza Zanocelo,25,980841600,2001/01/30,Serie B,2026,Midfielder,Ceará,225,159,66,Brazil,3,2,1,1,1,0,0,0,0,0,0,0,0,0,5,4,1,0,0,0.4,0,0.4,0.57,0,225,2,45,75,0,0,0,-1,-1,-1,13,0,7.14,0,58,46.00,38.33,82,115,34.00,102,92,40.80,85,0.00,0.00,0.67,2,0.00,0.00,2.00,1.67,5,0.00,0.00,0.00,0.00,0.00,1.33,0.00,1.67,6.00,2.40,1.67,0.33,0.00,0.33,0.32,0.00,1.00,0.00,0.00,0,0,,6,2.00,88,1,0.40,63,5,2.00,96,3,0,3,85,0.00,99,0,4,1.60,94,0,30,0.00,15,0,0.00,99,0,0.00,0,0,0.00,0,0.80,50,1,0.40,28,0,0.00,0.00,0,0.00,0,0,0,0.00,0,5,0.00,3,2.00,88,N/A,N/A,N/A,N/A,0.00,0,0.00,0,0.95,0.00,0,88.70,16.67,30,99,0.00,0.00,0,17,17,1,0,0,0.33,0.40,1,71,21.41,2.67,3.20,8,0,0.00,0.00,99,0.00,0,1,0,0.00,0.00,0,0.00,0.00,0.00,0.00,0,0,16.67,89,0,0,55,3,0.29,56,0.10,0.12,0.25,52,0.08,0.10,53,3,1.00,1.20,2.40,2.00,91,6,0.38,92,94,77,75,0,46,58,0,0.00,99,3,0.00,1.20,7.60,6.33,19,11,53,37,4.40,3.67,57.89,0,0.00,99,0,0.00,0,0.00,99,0,0.00,0.00,30,3,24,71,0,0,0,0,0,87,96,68,97,0,99,2,13,13,0,0,13,25,0,0
Vinicius Peixoto Trindade da Silva,22,1067587200,2003/10/31,Serie B,2026,Forward,Cuiabá,680,432,248,Brazil,19,11,8,4,4,0,0,0,0,0,0,8,5,3,7,3,4,1,0,0.53,0,0.53,0.83,0,170,0.93,97,36,680,0,0.13,12,373,-1,1,0,6.42,0,58,10.06,4.00,1,76,2.58,49,4,6.49,1,0.00,0.00,0.42,8,0.00,0.37,0.93,0.37,7,0.00,0.79,0.00,0.00,0.00,0.16,0.47,0.42,8.25,4.37,1.00,0.84,0.00,0.74,0.26,0.00,0.68,0.00,0.00,0,0,,33,1.74,99,14,1.85,99,19,2.51,99,4,11,8,32,0.00,99,0,3,0.40,29,7,30,0.93,50,0,0.00,99,0,0.00,0,0,0.00,0,1.06,66,16,2.12,82,9,1.19,56.25,0,0.00,0,0,0,0.00,0,8,0.00,57,1.06,46,N/A,N/A,N/A,N/A,0.00,0,0.00,0,4.97,0.00,0,64.47,42.42,81,63,0.16,0.40,3,87,72,0,0,0,0.00,0.00,0,22,122.02,0.11,0.26,2,0,0.00,0.00,99,0.00,0,0,3,0.16,0.40,0,0.00,0.00,0.66,0.26,5,1,12.12,79,30,74,53,58,0.40,11,0.02,0.05,4.97,99,0.26,0.66,85,16,0.84,2.12,2.25,0.89,89,17,0.66,99,17,4,99,0,96,74,0,0.00,99,13,0.00,1.72,16.68,6.63,126,45,84,97,5.96,2.37,35.71,15,1.99,3,0,0.00,0,0.00,99,0,0.00,0.00,30,37,97,84,0,1,0,5,0,95,98,68,99,0,99,81,83,31,1,5,19,29,0,0
Vinicius Rodrigues Adelino dos Santos,25,992588400,2001/06/15,Serie B,2026,Midfielder,Náutico,1369,682,687,Brazil,16,8,8,5,1,4,2,0,2,0,0,5,4,1,19,6,13,1,0,0.46,0.13,0.33,0.13,0.52,274,1.25,72,86,1369,685,0.07,30,102,-1,2,0,7.40,0.12,78,30.68,28.94,41,463,23.38,374,44,24.79,44,0.00,0.00,2.81,45,0.00,7.62,0.20,0.19,3,0.00,1.12,0.00,0.00,0.00,0.19,1.44,1.19,9.00,2.98,1.69,3.31,0.00,1.12,0.42,0.00,0.12,0.00,0.00,0,0,,45,2.81,95,18,1.19,94,27,1.79,93,4,0,16,9,0.00,99,0,3,0.20,16,122,76,8.09,99,0,0.00,99,0,0.00,0,0,0.00,0,2.98,99,53,3.51,96,23,1.52,43.40,0,0.00,0,0,0,0.00,0,19,0.00,26,1.26,63,N/A,N/A,N/A,N/A,0.00,0,0.00,0,6.71,0.00,0,80.78,40.00,78,56,0.44,0.46,7,93,42,1,1,0,0.06,0.07,1,27,118.44,0.06,0.07,1,0,0.00,0.00,99,0.00,0,2,2,0.12,0.13,0,0.00,0.00,0.27,0.25,4,1,11.11,77,73,54,57,27,3.39,90,0.21,0.22,5.31,92,0.33,0.35,93,42,2.62,2.78,0.93,0.88,30,14,0.44,95,99,1,92,0,81,3,0,0.00,99,2,0.00,0.13,9.94,9.38,150,69,55,67,4.57,4.31,46.00,18,1.19,18,0,29.51,0,0.00,99,36,2.25,2.39,99,74,24,84,0,0,0,0,0,91,94,96,73,0,99,57,95,21,1,6,24,10,0,0
Vinícius Santos Silva,33,744361200,1993/08/03,Serie B,2026,Forward,Náutico,1333,637,696,Brazil,16,8,8,6,3,3,2,0,2,0,0,5,4,1,17,4,13,1,0,0.54,0.14,0.41,0.42,0.39,222,1.15,78,83,1333,667,0.07,20,97,-1,1,0,7.44,0.12,80,37.34,34.56,60,553,26.19,419,24,28.29,54,0.00,0.00,1.94,31,0.00,3.12,0.81,0.75,12,0.00,0.62,0.00,0.00,0.00,0.31,0.81,1.06,7.83,3.17,1.75,1.62,0.00,1.19,0.45,0.00,0.56,0.00,0.00,0,0,,47,2.94,97,19,1.28,96,28,1.89,95,3,1,15,26,0.00,99,0,5,0.34,24,50,72,3.38,78,0,0.00,99,0,0.00,0,0,0.00,0,2.09,93,26,1.76,75,13,0.88,50.00,0,0.00,0,0,0,0.00,0,17,0.00,35,1.15,54,N/A,N/A,N/A,N/A,0.00,0,0.00,0,7.21,0.00,0,75.77,40.43,78,77,0.25,0.27,4,77,63,1,1,0,0.00,0.00,0,22,119.10,0.50,0.54,8,0,0.00,0.00,99,0.00,0,2,2,0.12,0.14,0,0.00,0.00,0.27,0.25,4,0,12.77,80,69,54,55,35,3.25,90,0.20,0.22,5.81,94,0.36,0.39,56,19,1.19,1.28,0.61,0.56,14,9,0.49,97,99,16,93,0,81,30,0,0.00,99,9,0.00,0.61,6.28,5.81,93,52,29,21,3.51,3.25,55.91,10,0.68,45,0,28.00,0,0.00,99,14,0.88,0.95,83,68,41,71,0,1,0,6,0,95,96,92,93,0,99,57,93,21,1,6,24,7,0,0
Vinicius Silvestre,32,764841600,1994/03/28,Serie B,2026,Goalkeeper,Fortaleza,540,180,360,Brazil,6,2,4,0,0,0,0,0,0,0,0,3,0,3,5,3,2,0,0,0,0,0,0,0,0,0.83,108,90,0,0,0,338,320,73,24,0,7.12,0,58,20.17,20.17,16,121,13.17,79,5,13.17,12,0.00,0.00,0.00,0,0.00,0.00,0.00,0.00,0,0.00,0.00,0.00,0.00,2.67,0.00,0.00,3.50,0.00,0.00,0.00,0.00,0.00,0.00,0.00,0.00,0.50,0.00,0.00,0,0,,0,0.00,8,0,0.00,20,0,0.00,8,0,0,6,6,0.00,99,0,0,0.00,9,0,30,0.00,15,0,0.00,99,0,0.00,0,0,0.00,0,0.00,7,0,0.00,12,0,0.00,0.00,0,0.00,0,16,72,2.67,28,21,0.00,66,3.50,95,N/A,N/A,N/A,N/A,76.19,0,0.00,0,0.00,0.00,0,65.29,0.00,20,99,0.00,0.00,0,17,17,0,0,7,0.00,0.00,0,22,42.70,3.33,3.33,20,0,0.00,0.00,99,0.00,0,0,0,0.00,0.00,9,1.50,1.50,0.00,0.00,0,0,0.00,50,16,3,51,66,0.15,4,0.02,0.03,0.00,9,0.00,0.00,30,4,0.67,0.67,0.00,0.00,6,0,0.00,8,93,78,75,99,46,23,0,0.00,99,3,0.00,0.50,1.17,1.17,7,7,7,7,1.17,1.17,100.00,0,0.00,99,0,0.00,0,0.00,99,0,0.00,0.00,30,23,24,12,0,0,0,0,0,37,51,68,64,0,99,92,13,13,0,0,13,25,0,0
Vitor Caetano Ferreira,27,930812400,1999/07/01,Serie B,2026,Goalkeeper,CRB,1376,656,720,Brazil,16,8,8,0,0,0,0,0,0,0,0,7,3,4,20,9,11,2,0,0,0,0,0,0,0,1.31,69,86,688,0,0.13,350,338,157,25,0,7.21,0,58,25.84,24.69,31,395,17.81,285,13,18.64,27,0.00,0.00,0.06,1,0.00,0.00,0.13,0.12,2,0.00,0.00,0.00,0.00,3.62,0.00,0.00,4.69,0.00,0.00,0.00,0.00,0.00,0.00,0.00,0.00,0.56,0.00,0.00,0,0,,0,0.00,8,0,0.00,20,0,0.00,8,0,1,15,7,0.00,99,0,0,0.00,9,0,30,0.00,15,0,0.00,99,0,0.00,0,0,0.00,0,0.07,10,0,0.00,12,0,0.00,0.00,0,0.00,0,58,76,3.79,86,75,0.00,22,4.91,99,N/A,N/A,N/A,N/A,77.33,0,0.00,0,0.00,0.00,0,72.15,0.00,20,92,0.06,0.07,1,17,17,0,0,35,0.00,0.00,0,22,115.44,1.81,1.90,29,0,0.00,0.00,99,0.00,0,0,0,0.00,0.00,19,1.19,1.24,0.00,0.00,0,0,0.00,50,73,54,51,23,0.56,8,0.04,0.04,0.00,9,0.00,0.00,9,4,0.25,0.26,0.07,0.06,7,1,0.00,8,96,58,75,97,46,30,0,0.00,99,9,0.00,0.59,0.98,0.94,15,13,6,6,0.85,0.81,86.67,0,0.00,99,0,0.00,0,0.00,99,0,0.00,0.00,30,68,41,12,0,0,0,0,0,37,51,68,64,0,99,85,84,31,2,12,46,1,0,0
Vitor Hugo Amorim de Assis,22,1077091200,2004/02/18,Serie B,2026,Midfielder,Náutico,182,113,69,Brazil,5,3,2,0,0,0,0,0,0,0,0,1,1,0,5,3,2,0,0,0,0,0,0,0,0,2.47,36,36,0,0,0,-1,-1,-1,28,0,6.47,0,58,19.29,7.80,14,39,6.40,32,53,15.82,18,0.00,0.00,0.00,0,0.00,0.40,0.49,0.20,1,0.00,0.40,0.00,0.00,0.00,0.20,0.20,1.00,0.00,0.99,0.20,0.60,0.00,0.20,0.03,0.00,0.20,0.00,0.00,0,0,,2,0.40,51,1,0.49,70,1,0.49,36,4,3,2,13,0.00,99,0,1,0.49,35,2,96,0.99,51,0,0.00,99,0,0.00,0,0,0.00,0,0.00,7,3,1.48,72,1,0.49,33.33,0,0.00,0,0,0,0.00,0,5,0.00,0,2.47,93,N/A,N/A,N/A,N/A,0.00,0,0.00,0,0.16,0.00,0,82.05,50.00,92,51,0.20,0.49,1,57,31,0,0,0,0.00,0.00,0,22,32.35,0.00,0.00,0,0,0.00,0.00,99,0.00,0,0,0,0.00,0.00,0,0.00,0.00,0.00,0.00,0,0,0.00,50,0,2,51,0,0.07,4,0.01,0.03,0.16,46,0.03,0.08,80,4,0.80,1.98,0.49,0.20,11,1,0.08,45,18,1,75,0,46,22,0,0.00,99,1,0.00,0.49,6.43,2.60,13,7,27,22,3.46,1.40,53.85,2,0.99,26,0,50.00,0,0.00,99,1,0.20,0.49,66,1,62,84,0,0,0,0,0,37,51,68,64,0,99,26,13,13,0,0,13,22,0,0
Vitor Mendes Alves,27,918892800,1999/02/13,Serie B,2026,Defender,Cuiabá,1107,530,577,Brazil,15,8,7,0,0,0,0,0,0,0,0,7,5,2,8,2,6,2,0,0,0,0,0,0,0,0.65,138,74,554,0,0.16,336,316,31,28,0,6.80,0,58,46.99,38.53,83,578,33.20,498,80,40.49,84,0.00,0.00,0.27,4,0.00,0.07,1.54,1.27,19,0.00,0.00,0.00,0.00,0.00,0.80,0.07,0.53,0.00,0.33,0.20,0.13,0.00,0.07,0.02,0.00,2.07,0.00,0.00,0,0,,4,0.27,18,1,0.08,22,3,0.24,19,1,1,14,67,0.00,99,0,12,0.98,68,1,30,0.08,18,0,0.00,99,0,0.00,0,0,0.00,0,0.33,23,2,0.16,19,1,0.08,50.00,0,0.00,0,0,0,0.00,0,8,0.00,87,0.65,9,N/A,N/A,N/A,N/A,0.00,0,0.00,0,0.29,0.00,0,86.16,25.00,46,51,0.40,0.49,6,19,63,0,0,0,0.20,0.24,3,55,101.99,5.20,6.34,78,0,0.00,0.00,99,0.00,0,0,0,0.00,0.00,0,0.00,0.00,0.00,0.00,0,0,0.00,50,57,46,51,87,1.21,43,0.08,0.10,0.29,19,0.02,0.02,23,6,0.40,0.49,1.30,1.07,50,16,0.02,18,55,96,75,0,46,89,0,0.00,99,31,0.00,2.52,7.64,6.27,94,57,58,38,4.63,3.80,60.64,0,0.00,99,0,0.00,0,0.00,99,0,0.00,0.00,30,62,41,36,0,0,0,0,0,37,51,68,64,0,99,88,75,39,2,13,48,4,0,0
Vitor Samuel Ferreira Arantes,25,988009200,2001/04/23,Serie B,2026,Forward,Fortaleza,1055,515,540,Brazil,19,8,11,4,4,0,0,0,0,0,0,7,3,4,13,3,10,3,0,0.34,0,0.34,0.7,0,264,1.11,81,56,352,0,0.26,29,325,-1,2,0,6.91,0,58,28.18,17.37,37,330,14.47,275,62,23.48,40,0.00,0.00,0.89,17,0.00,0.84,1.28,0.79,15,0.00,1.11,0.00,0.00,0.00,0.16,0.53,0.68,7.50,2.56,0.74,1.00,0.00,0.84,0.27,0.00,0.21,0.00,0.00,0,0,,30,1.58,90,16,1.37,98,14,1.20,75,7,4,15,53,0.00,99,0,3,0.26,20,16,65,1.37,57,0,0.00,99,0,0.00,0,0,0.00,0,1.45,81,19,1.62,74,10,0.85,52.63,0,0.00,0,0,0,0.00,0,13,0.00,40,1.11,50,N/A,N/A,N/A,N/A,0.00,0,0.00,0,5.22,0.00,0,83.33,53.33,93,39,0.37,0.60,7,76,65,0,0,0,0.00,0.00,0,22,131.38,0.21,0.34,4,0,0.00,0.00,99,0.00,0,0,3,0.16,0.26,0,0.00,0.00,0.60,0.37,7,0,13.33,82,54,74,57,40,1.17,43,0.06,0.10,5.22,97,0.27,0.45,44,12,0.63,1.02,1.71,1.05,72,20,0.45,96,75,8,99,0,94,14,0,0.00,99,4,0.00,0.34,9.05,5.58,106,41,28,56,3.50,2.16,38.68,21,1.79,6,0,25.00,0,0.00,99,4,0.21,0.34,59,68,69,99,0,1,0,5,0,82,94,68,99,0,99,69,53,62,3,16,58,11,0,0
Vladimir Orlando Cardoso de Araújo Filho,37,616575600,1989/07/16,Serie B,2026,Goalkeeper,Atlético GO,90,0,90,Brazil,1,0,1,0,0,0,0,0,0,0,0,0,0,0,2,0,2,0,0,0,0,0,0,0,0,2,45,90,0,0,0,-1,-1,-1,31,0,5.72,0,58,24.00,24.00,25,24,8.00,8,0,8.00,2,0.00,0.00,0.00,0,0.00,0.00,0.00,0.00,0,0.00,1.00,0.00,0.00,3.00,0.00,0.00,5.00,0.00,0.00,0.00,0.00,0.00,0.00,0.00,0.00,0.00,0.00,0.00,0,0,,0,0.00,8,0,0.00,20,0,0.00,8,0,0,1,6,0.00,99,0,0,0.00,9,0,30,0.00,15,0,0.00,99,0,0.00,0,0,0.00,0,0.00,7,0,0.00,12,0,0.00,0.00,0,0.00,0,3,3,3.00,52,5,0.00,3,5.00,99,N/A,N/A,N/A,N/A,60.00,0,0.00,0,0.00,0.00,0,33.33,0.00,20,99,0.00,0.00,0,17,17,0,0,2,0.00,0.00,0,22,5.72,0.00,0.00,0,0,0.00,0.00,99,0.00,0,0,0,0.00,0.00,0,0.00,0.00,0.00,0.00,0,0,0.00,50,0,0,51,3,0.02,1,0.02,0.02,0.00,9,0.00,0.00,2,0,0.00,0.00,0.00,0.00,6,0,0.00,8,2,1,75,0,46,2,0,0.00,99,0,0.00,0.00,1.00,1.00,1,0,0,6,0.00,0.00,0.00,1,1.00,26,0,0.00,0,0.00,99,0,0.00,0.00,30,0,24,12,0,0,0,0,0,37,51,68,64,0,99,2,13,13,0,0,13,1,0,0
Wadson Victor Nunes Damasceno,25,967878000,2000/09/02,Serie B,2026,Defender,Juventude,470,240,230,Brazil,14,7,7,1,1,0,1,1,0,0,0,9,6,3,3,0,3,1,0,0.38,0.19,0.19,0.38,0,470,0.57,157,34,470,470,0.19,99,52,23,12,0,6.27,0.07,90,35.16,13.14,54,184,10.21,143,30,27.32,51,0.00,0.00,0.43,6,0.00,1.71,2.10,0.79,11,0.00,0.29,0.00,0.00,0.00,0.86,0.29,0.29,6.00,1.15,0.14,0.50,0.00,0.29,0.08,0.00,0.21,0.00,0.00,0,0,,6,0.43,58,4,0.76,84,2,0.38,30,3,9,5,87,0.00,99,0,12,2.29,99,24,65,4.59,90,0,0.00,99,0,0.00,0,0,0.00,0,1.15,69,7,1.34,68,4,0.76,57.14,0,0.00,0,0,0,0.00,0,4,0.00,91,0.76,17,N/A,N/A,N/A,N/A,0.00,0,0.00,0,1.17,0.00,0,77.72,66.67,98,6,0.50,1.34,7,72,73,0,0,0,0.00,0.00,0,22,87.79,1.00,2.68,14,0,0.00,0.00,99,0.00,0,0,0,0.00,0.00,0,0.00,0.00,0.00,0.00,0,0,16.67,89,11,41,71,91,1.10,88,0.08,0.21,1.17,77,0.08,0.22,83,11,0.79,2.10,1.53,0.57,63,8,0.22,74,12,71,75,0,46,28,0,0.00,99,3,0.00,0.57,10.32,3.86,54,29,78,71,5.54,2.07,53.70,4,0.76,38,0,25.00,0,0.00,99,6,0.43,1.15,87,16,92,71,0,0,0,0,0,86,80,68,91,0,99,96,68,45,1,7,26,6,0,0
Wagner da Silva Souza,36,633686400,1990/01/30,Serie B,2026,Forward,Criciúma,1586,765,821,Brazil,23,11,12,4,2,2,1,1,0,0,0,11,7,4,9,2,7,4,0,0.28,0.06,0.23,0.24,0.22,397,0.51,176,69,397,1586,0.23,78,160,-1,2,0,6.94,0.04,64,18.44,14.13,13,325,10.35,238,16,13.51,12,0.00,0.00,0.61,14,0.00,1.17,0.79,0.61,14,0.00,0.57,0.00,0.00,0.00,0.22,0.30,0.39,7.25,1.65,0.83,0.78,0.00,0.43,0.20,0.00,1.78,0.00,0.00,0,0,,29,1.26,70,10,0.57,75,19,1.08,70,5,3,19,25,0.00,99,0,5,0.28,20,27,45,1.53,59,0,0.00,99,0,0.00,0,0,0.00,0,0.79,49,18,1.02,56,7,0.40,38.89,0,0.00,0,0,0,0.00,0,9,0.00,94,0.51,4,N/A,N/A,N/A,N/A,0.00,0,0.00,0,4.63,0.00,0,73.23,34.48,67,86,0.13,0.17,3,46,34,0,0,0,0.00,0.00,0,22,159.58,0.74,0.96,17,0,0.00,0.00,99,0.00,0,0,3,0.13,0.17,0,0.00,0.00,0.91,0.70,16,0,13.79,82,83,99,66,95,1.64,35,0.07,0.09,4.63,81,0.20,0.26,94,50,2.17,2.84,1.99,1.52,84,35,0.26,80,79,29,95,0,98,87,0,0.00,99,41,0.00,2.33,12.31,9.43,217,110,87,84,6.24,4.78,50.69,13,0.74,39,0,18.52,0,0.00,99,5,0.22,0.28,56,86,62,91,0,0,0,0,0,77,86,84,80,0,99,89,60,55,4,17,62,13,0,0
Walace dos Santos França,21,1124866800,2005/08/24,Serie B,2026,Forward,Avaí,531,280,251,Brazil,12,7,5,3,1,2,0,0,0,0,0,4,3,1,9,5,4,4,1,0.51,0,0.51,0.32,0.72,177,1.53,59,44,106,0,0.85,14,444,-1,1,0,6.60,0,58,10.68,5.25,1,63,3.50,42,6,7.12,1,0.00,0.00,0.17,2,0.00,0.08,0.34,0.17,2,0.00,0.58,0.00,0.00,0.00,0.00,0.25,0.75,4.00,2.03,0.67,0.67,0.00,0.33,0.22,0.00,1.17,0.00,0.00,0,0,,12,1.00,81,4,0.68,81,8,1.36,81,3,7,5,10,0.00,99,0,0,0.00,9,1,30,0.17,25,0,0.00,99,0,0.00,0,0,0.00,0,0.34,24,8,1.36,69,3,0.51,37.50,0,0.00,0,0,0,0.00,0,9,0.00,13,1.53,77,N/A,N/A,N/A,N/A,0.00,0,0.00,0,2.69,0.00,0,66.67,33.33,66,33,0.33,0.68,4,58,33,0,0,0,0.00,0.00,0,22,79.23,0.50,1.02,6,0,0.00,0.00,99,0.00,0,0,0,0.00,0.00,0,0.00,0.00,0.17,0.08,1,0,25.00,97,15,31,53,14,0.16,4,0.01,0.03,2.69,97,0.22,0.46,81,12,1.00,2.03,1.53,0.75,63,9,0.46,96,28,33,75,0,70,88,0,0.00,99,14,0.00,2.37,14.92,7.33,88,30,69,95,5.08,2.50,34.09,7,1.19,18,0,0.00,0,0.00,99,0,0.00,0.00,30,16,85,71,0,0,0,0,0,94,98,99,87,0,99,64,13,99,3,25,81,57,0,0
Wallace,31,782118000,1994/10/14,Serie B,2026,Defender,Botafogo SP,829,379,450,Brazil,13,6,7,0,0,0,0,0,0,0,0,3,0,3,7,5,2,3,0,0,0,0,0,0,0,0.76,118,64,276,0,0.33,265,276,49,15,0,6.32,0,58,39.41,27.92,67,363,22.54,293,44,31.81,63,0.00,0.00,0.08,1,0.00,0.08,0.98,0.69,9,0.00,0.00,0.00,0.00,0.00,1.00,0.00,0.69,0.00,1.30,0.69,0.00,0.00,0.23,0.07,0.00,2.69,0.00,0.00,0,0,,12,0.92,61,3,0.33,57,9,0.98,65,1,3,10,35,0.00,99,0,13,1.41,91,1,30,0.11,20,0,0.00,99,0,0.00,0,0,0.00,0,0.11,11,0,0.00,12,0,0.00,0.00,0,0.00,0,0,0,0.00,0,9,0.00,75,0.98,39,N/A,N/A,N/A,N/A,0.00,0,0.00,0,0.95,0.00,0,80.72,25.00,46,36,0.46,0.65,6,17,17,0,0,0,0.77,1.09,10,97,82.20,6.23,8.79,81,1,0.00,0.11,6,0.08,0,0,0,0.00,0.00,0,0.00,0.00,0.00,0.00,0,0,0.00,50,41,35,51,75,0.70,27,0.05,0.08,0.95,52,0.07,0.10,20,4,0.31,0.43,1.30,0.92,50,12,0.10,52,14,99,75,0,46,99,0,0.00,99,35,0.00,3.80,8.69,6.15,80,49,75,50,5.32,3.77,61.25,0,0.00,99,0,0.00,0,0.00,99,0,0.00,0.00,30,47,62,36,0,0,0,0,0,37,51,68,64,0,99,32,42,73,3,23,77,13,0,0
Wallace Gomes da Silva Santos,21,1102320000,2004/12/06,Serie B,2026,Defender,CRB,373,193,180,Brazil,6,4,2,0,0,0,0,0,0,0,0,1,1,0,7,3,4,1,0,0,0,0,0,0,0,1.69,53,62,373,0,0.24,260,256,186,15,0,6.41,0,58,51.05,35.17,89,211,31.50,189,94,45.73,92,0.00,0.00,0.33,2,0.00,0.17,1.45,1.00,6,0.00,0.17,0.00,0.00,0.00,0.50,0.33,1.33,0.00,1.21,0.67,0.50,0.00,0.17,0.05,0.00,2.00,0.00,0.00,0,0,,5,0.83,59,1,0.24,47,4,0.97,64,2,2,4,63,0.00,99,0,3,0.73,52,1,30,0.24,31,0,0.00,99,0,0.00,0,0,0.00,0,0.48,35,3,0.73,42,2,0.48,66.67,0,0.00,0,0,0,0.00,0,8,0.00,9,1.94,86,N/A,N/A,N/A,N/A,0.00,0,0.00,0,0.30,0.00,0,89.57,20.00,36,29,0.50,0.73,3,56,85,0,0,0,0.00,0.00,0,22,38.48,2.67,3.87,16,1,0.00,0.24,1,0.17,0,0,0,0.00,0.00,0,0.00,0.00,0.24,0.17,1,0,0.00,50,0,3,51,9,0.54,63,0.09,0.13,0.30,42,0.05,0.07,42,4,0.67,0.97,2.18,1.50,87,9,0.07,41,16,81,75,0,79,94,0,0.00,99,12,0.00,2.90,10.40,7.17,43,24,82,72,5.81,4.00,55.81,1,0.24,74,0,0.00,0,0.00,99,0,0.00,0.00,30,8,50,54,0,0,0,0,0,37,51,68,64,0,99,17,57,58,1,17,62,82,0,0
Wallace Reis da Silva,38,567504000,1987/12/26,Serie B,2026,Defender,Londrina,603,259,344,Brazil,10,4,6,0,0,0,0,0,0,0,0,3,3,0,9,4,5,3,0,0,0,0,0,0,0,1.34,67,60,201,0,0.45,230,183,162,27,0,6.64,0,58,51.64,34.60,90,346,29.80,298,80,44.48,89,0.00,0.00,0.10,1,0.00,0.10,0.90,0.60,6,0.00,0.20,0.00,0.00,0.00,0.70,0.10,1.00,0.00,0.30,0.20,0.20,0.00,0.00,0.01,0.00,1.10,0.00,0.00,0,0,,2,0.20,16,0,0.00,20,2,0.30,25,1,3,7,31,0.00,99,0,7,1.04,72,1,30,0.15,24,0,0.00,99,0,0.00,0,0,0.00,0,0.15,14,2,0.30,24,1,0.15,50.00,0,0.00,0,0,0,0.00,0,10,0.00,20,1.49,76,N/A,N/A,N/A,N/A,0.00,0,0.00,0,0.11,0.00,0,86.13,0.00,20,58,0.30,0.45,3,27,63,0,0,0,0.50,0.75,5,89,66.43,4.00,5.97,40,0,0.00,0.00,99,0.00,0,0,0,0.00,0.00,0,0.00,0.00,0.00,0.00,0,0,0.00,50,22,20,51,21,0.57,35,0.06,0.09,0.11,19,0.01,0.02,53,8,0.80,1.19,0.75,0.50,20,5,0.02,18,33,94,75,0,46,72,0,0.00,99,11,0.00,1.64,6.27,4.20,42,26,37,20,3.88,2.60,61.90,2,0.30,71,0,0.00,0,0.00,99,0,0.00,0.00,30,30,62,36,0,0,0,0,0,37,51,68,64,0,99,54,24,90,3,30,90,4,0,0
Wallison Nunes Silva,25,995958000,2001/07/24,Serie B,2026,Defender,Avaí,1291,693,598,Brazil,18,10,8,1,0,1,1,1,0,0,0,5,4,1,15,6,9,5,0,0.14,0.07,0.07,0,0.15,1291,1.05,86,72,258,1291,0.35,189,152,117,10,0,6.77,0.06,67,38.48,30.67,64,552,24.39,439,38,30.60,60,0.00,0.00,0.44,8,0.00,1.11,1.95,1.56,28,0.00,0.44,0.00,0.00,0.00,1.22,0.72,0.94,8.50,1.19,0.67,1.11,0.00,0.28,0.13,0.00,0.78,0.00,0.00,0,0,,17,0.94,59,5,0.35,58,12,0.84,57,2,3,15,82,0.00,99,0,22,1.53,93,20,65,1.39,58,0,0.00,99,0,0.00,0,0,0.00,0,0.56,39,20,1.39,70,13,0.91,65.00,0,0.00,0,0,0,0.00,0,17,0.00,45,1.19,58,N/A,N/A,N/A,N/A,0.00,0,0.00,0,2.41,0.00,0,79.53,29.41,52,38,0.50,0.63,9,79,80,0,0,0,0.22,0.28,4,60,121.92,2.11,2.65,38,0,0.00,0.00,99,0.00,0,0,0,0.00,0.00,0,0.00,0.00,0.14,0.11,2,0,11.76,78,67,68,93,45,1.91,63,0.11,0.13,2.41,67,0.13,0.17,39,13,0.72,0.91,2.44,1.94,92,35,0.17,66,50,71,75,0,66,51,0,0.00,99,14,0.00,0.98,9.83,7.83,141,69,61,65,4.81,3.83,48.94,8,0.56,53,0,25.00,0,0.00,99,5,0.28,0.35,60,68,62,54,0,0,0,0,0,56,59,77,64,0,99,51,37,76,5,28,86,2,0,0
Wanderson Camelo Viana,31,782982000,1994/10/24,Serie B,2026,Defender,Náutico,566,138,428,Brazil,12,5,7,0,0,0,0,0,0,0,0,4,3,1,6,0,6,3,1,0,0,0,0,0,0,0.95,94,47,142,0,0.64,424,436,100,35,0,6.13,0,58,48.62,24.31,87,316,17.92,233,18,35.85,76,0.00,0.00,0.08,1,0.00,0.08,2.00,1.00,13,0.00,0.08,0.00,0.00,0.00,1.23,0.00,0.54,0.00,0.92,0.31,0.08,0.00,0.15,0.03,0.00,2.77,0.00,0.00,0,0,,6,0.46,46,2,0.31,53,4,0.62,45,0,7,5,85,0.00,99,0,16,2.46,99,1,30,0.15,24,0,0.00,99,0,0.00,0,0,0.00,0,0.15,14,1,0.15,18,0,0.00,0.00,0,0.00,0,0,0,0.00,0,7,0.00,55,1.08,47,N/A,N/A,N/A,N/A,0.00,0,0.00,0,0.42,0.00,0,73.73,33.33,66,99,0.00,0.00,0,17,17,0,0,0,0.46,0.92,6,95,79.64,3.15,6.31,41,0,0.00,0.00,99,0.00,0,0,0,0.00,0.00,0,0.00,0.00,0.00,0.00,0,0,0.00,50,19,31,51,55,0.45,20,0.03,0.07,0.42,38,0.03,0.06,28,4,0.31,0.62,1.85,0.92,79,12,0.06,37,10,95,75,0,46,99,0,0.00,99,36,0.00,5.54,11.85,5.92,77,53,99,82,8.15,4.08,68.83,1,0.15,81,0,0.00,0,0.00,99,0,0.00,0.00,30,16,85,12,0,0,0,0,0,37,51,68,64,0,99,64,16,97,2,17,62,43,0,0
Warley Leandro da Silva,26,937551600,1999/09/17,Serie B,2026,Defender,Atlético GO,163,73,90,Brazil,2,1,1,0,0,0,0,0,0,0,0,1,0,1,2,2,0,0,0,0,0,0,0,0,0,1.1,82,82,0,0,0,-1,-1,-1,37,0,6.65,0,58,45.28,41.00,80,82,31.00,62,22,34.23,70,0.00,0.00,0.50,1,0.00,4.00,2.21,2.00,4,0.00,0.50,0.00,0.00,0.00,1.50,0.00,1.00,0.00,0.00,0.00,0.50,0.00,0.00,0.00,0.00,1.00,0.00,0.00,0,0,,0,0.00,8,0,0.00,20,0,0.00,8,0,1,1,88,0.00,99,0,3,1.66,95,8,30,4.42,87,0,0.00,99,0,0.00,0,0,0.00,0,0.55,39,1,0.55,33,0,0.00,0.00,0,0.00,0,0,0,0.00,0,2,0.00,40,1.10,49,N/A,N/A,N/A,N/A,0.00,0,0.00,0,0.00,0.00,0,75.61,0.00,20,45,0.50,0.55,1,17,17,0,0,0,0.00,0.00,0,22,13.30,1.00,1.10,2,0,0.00,0.00,99,0.00,0,0,0,0.00,0.00,0,0.00,0.00,0.00,0.00,0,0,0.00,50,0,0,51,41,0.19,43,0.10,0.10,0.00,9,0.00,0.00,2,0,0.00,0.00,0.00,0.00,6,0,0.00,8,34,36,75,0,46,55,0,0.00,99,2,0.00,1.10,6.63,6.00,12,6,24,24,3.31,3.00,50.00,1,0.55,53,0,0.00,0,0.00,99,0,0.00,0.00,30,0,41,12,0,0,0,0,0,37,51,68,64,0,99,92,13,13,0,0,13,13,0,0
Wellington Gonzaga de Assis Filho,25,991724400,2001/06/05,Serie B,2026,Defender,São Bernardo,17,17,0,Brazil,1,1,0,0,0,0,0,0,0,0,0,1,1,0,0,0,0,0,0,0,0,0,0,0,0,0,0,17,0,0,0,-1,-1,-1,21,0,6.66,0,58,5.29,1.00,0,1,0.00,0,0,0.00,0,0.00,0.00,0.00,0,0.00,0.00,0.00,0.00,0,0.00,0.00,0.00,0.00,0.00,0.00,0.00,0.00,0.00,0.00,0.00,0.00,0.00,0.00,0.00,0.00,0.00,0.00,0.00,0,0,,0,0.00,8,0,0.00,20,0,0.00,8,0,1,0,6,0.00,99,0,0,0.00,9,0,30,0.00,15,0,0.00,99,0,0.00,0,0,0.00,0,0.00,7,0,0.00,12,0,0.00,0.00,0,0.00,0,0,0,0.00,0,0,0.00,99,0.00,0,N/A,N/A,N/A,N/A,0.00,0,0.00,0,0.00,0.00,0,0.00,0.00,20,99,0.00,0.00,0,17,17,0,0,0,1.00,5.29,1,99,6.66,3.00,15.88,3,0,0.00,0.00,99,0.00,0,0,0,0.00,0.00,0,0.00,0.00,0.00,0.00,0,0,0.00,50,0,0,51,0,0.00,0,0.00,0.00,0.00,9,0.00,0.00,2,0,0.00,0.00,0.00,0.00,6,0,0.00,8,35,99,75,0,46,2,0,0.00,99,0,0.00,0.00,0.00,0.00,0,0,0,0,0.00,0.00,0.00,0,0.00,99,0,0.00,0,0.00,99,0,0.00,0.00,30,0,41,12,0,0,0,0,0,37,51,68,64,0,99,99,13,13,0,0,13,25,0,0
Wellington Soares da Silva,34,708850800,1992/06/18,Serie B,2026,Forward,Goiás,63,30,33,Brazil,3,1,2,0,0,0,0,0,0,0,0,0,0,0,1,1,0,0,0,0,0,0,0,0,0,1.43,63,21,0,0,0,-1,-1,-1,30,0,6.56,0,58,54.29,12.67,95,38,10.67,32,66,45.71,92,0.00,0.00,0.00,0,0.00,1.00,1.43,0.33,1,0.00,0.67,0.00,0.00,0.00,0.00,0.33,0.33,0.00,2.86,0.67,0.67,0.00,0.00,0.03,0.00,0.00,0.00,0.00,0,0,,2,0.67,94,0,0.00,20,2,2.86,99,0,3,0,62,0.00,99,0,0,0.00,9,3,85,4.29,86,0,0.00,99,0,0.00,0,0,0.00,0,0.00,7,2,2.86,92,1,1.43,50.00,0,0.00,0,0,0,0.00,0,1,0.00,15,1.43,73,N/A,N/A,N/A,N/A,0.00,0,0.00,0,0.09,0.00,0,84.21,0.00,20,99,0.00,0.00,0,91,63,0,0,0,0.00,0.00,0,22,19.69,0.33,1.43,1,0,0.00,0.00,99,0.00,0,0,0,0.00,0.00,0,0.00,0.00,0.00,0.00,0,0,0.00,50,0,0,51,16,0.07,43,0.02,0.10,0.09,60,0.03,0.13,62,1,0.33,1.43,1.43,0.33,56,1,0.13,59,24,47,75,0,46,2,0,0.00,99,0,0.00,0.00,10.00,2.33,7,3,50,67,4.29,1.00,42.86,2,2.86,0,0,33.33,0,0.00,99,1,0.33,1.43,93,0,62,12,0,0,0,0,0,37,51,68,64,0,99,2,13,13,0,0,13,27,0,0
Welliton Silva de Azevedo Matheus,26,963558000,2000/07/14,Serie B,2026,Forward,Fortaleza,565,270,295,Brazil,17,9,8,1,1,0,0,0,0,0,0,6,4,2,3,1,2,0,0,0.16,0,0.16,0.33,0,565,0.48,188,33,0,0,0,117,319,-1,6,0,6.30,0,58,23.73,8.76,23,149,6.82,116,31,18.48,27,0.00,0.00,0.53,9,0.00,0.35,1.43,0.53,9,0.00,1.41,0.00,0.00,0.00,0.41,1.41,0.24,16.00,2.55,0.53,2.65,0.00,0.41,0.12,0.00,0.06,0.00,0.00,0,0,,16,0.94,89,7,1.12,94,9,1.43,84,3,14,3,62,0.00,99,0,7,1.12,79,6,42,0.96,51,0,0.00,99,0,0.00,0,0,0.00,0,1.43,80,45,7.17,99,24,3.82,53.33,0,0.00,0,0,0,0.00,0,4,0.00,95,0.64,8,N/A,N/A,N/A,N/A,0.00,0,0.00,0,2.00,0.00,0,77.85,43.75,83,99,0.00,0.00,0,99,67,0,0,0,0.18,0.48,3,76,107.15,0.06,0.16,1,0,0.00,0.00,99,0.00,0,0,1,0.06,0.16,0,0.00,0.00,0.00,0.00,0,0,6.25,59,18,59,76,96,1.14,80,0.07,0.18,2.00,89,0.12,0.32,87,14,0.82,2.23,0.80,0.29,22,5,0.32,87,13,2,95,0,46,4,0,0.00,99,1,0.00,0.16,16.57,6.12,104,46,95,97,7.33,2.71,44.23,24,3.82,0,0,16.67,0,0.00,99,1,0.06,0.16,47,3,99,71,0,0,0,0,0,60,76,68,88,0,99,67,13,13,0,0,13,31,0,0
Wendel da Silva Costa,26,965199600,2000/08/02,Serie B,2026,Forward,Ceará,609,334,275,Brazil,12,6,6,0,0,0,1,0,1,0,0,3,1,2,8,5,3,1,0,0.15,0.15,0,0,0,0,1.18,76,51,609,609,0.15,363,82,-1,35,0,6.61,0.08,83,16.73,9.00,9,108,6.50,78,14,12.08,9,0.00,0.00,0.50,6,0.00,0.08,1.08,0.58,7,0.00,0.75,0.00,0.00,0.00,0.00,0.25,0.67,0.00,1.39,0.58,0.42,0.00,0.17,0.06,0.00,1.00,0.00,0.00,0,0,,9,0.75,64,2,0.31,53,7,1.08,70,6,5,7,41,0.00,99,0,0,0.00,9,1,30,0.15,24,0,0.00,99,0,0.00,0,0,0.00,0,0.93,59,5,0.77,44,3,0.46,60.00,0,0.00,0,0,0,0.00,0,8,0.00,32,1.24,62,N/A,N/A,N/A,N/A,0.00,0,0.00,0,0.67,0.00,0,72.22,22.22,40,56,0.25,0.46,3,53,77,0,0,0,0.08,0.15,1,40,79.28,0.25,0.46,3,0,0.00,0.00,99,0.00,0,0,0,0.00,0.00,0,0.00,0.00,0.31,0.17,2,0,0.00,50,23,31,51,32,0.97,70,0.08,0.15,0.67,52,0.06,0.10,73,11,0.92,1.70,0.62,0.33,15,4,0.10,52,28,12,75,0,83,79,0,0.00,99,12,0.00,1.86,11.31,6.08,73,32,65,79,4.96,2.67,43.84,9,1.39,13,0,0.00,0,0.00,99,0,0.00,0.00,30,30,77,95,0,0,0,0,0,58,51,68,64,0,99,38,79,37,1,8,30,9,0,0
Wenderson da Silva Costa Ferreira,28,897202800,1998/06/07,Serie B,2026,Midfielder,Náutico,1884,832,1052,Brazil,22,10,12,0,0,0,2,1,1,0,0,7,5,2,21,5,16,6,0,0.1,0.1,0,0,0,0,1,90,86,314,942,0.29,422,131,-1,26,0,6.98,0.09,72,49.16,46.77,88,1029,42.23,929,96,44.38,89,0.00,0.00,0.91,20,0.00,0.50,1.72,1.64,36,0.00,0.45,0.00,0.00,0.00,1.36,0.41,1.00,0.00,1.10,0.86,1.00,0.00,0.18,0.07,0.00,0.59,0.00,0.00,0,0,,23,1.05,56,4,0.19,40,19,0.91,60,1,0,22,73,0.00,99,0,30,1.43,92,11,71,0.53,41,0,0.00,99,0,0.00,0,0,0.00,0,0.96,60,22,1.05,57,9,0.43,40.91,0,0.00,0,0,0,0.00,0,22,0.00,49,1.05,46,N/A,N/A,N/A,N/A,0.00,0,0.00,0,1.45,0.00,0,90.28,17.39,30,67,0.36,0.38,8,50,38,0,0,0,0.36,0.38,8,68,153.52,0.86,0.91,19,0,0.00,0.00,99,0.00,0,0,1,0.05,0.05,0,0.00,0.00,0.00,0.00,0,0,0.00,50,95,95,51,49,3.87,80,0.18,0.18,1.45,42,0.07,0.07,36,17,0.77,0.81,1.77,1.68,76,37,0.07,41,83,28,76,0,46,31,0,0.00,99,13,0.00,0.62,7.07,6.73,148,73,28,30,3.49,3.32,49.32,10,0.48,58,0,27.27,0,0.00,99,3,0.14,0.14,44,97,24,36,0,0,0,0,0,49,51,68,64,0,99,60,49,66,6,27,85,8,0,0
Wenderson Oliveira do Nascimento,27,924937200,1999/04/24,Serie B,2026,Midfielder,Avaí,334,207,127,Brazil,15,7,8,1,0,1,0,0,0,0,0,6,4,2,6,2,4,1,0,0.27,0,0.27,0,0.71,334,1.62,56,22,334,0,0.27,55,443,-1,9,0,5.68,0,58,38.53,9.53,64,143,7.67,115,42,30.99,61,0.00,0.00,0.27,4,0.00,0.27,1.08,0.27,4,0.00,0.53,0.00,0.00,0.00,0.20,0.40,0.40,9.00,2.43,0.47,0.53,0.00,0.13,0.08,0.00,0.20,0.00,0.00,0,0,,9,0.60,88,2,0.54,74,7,1.89,95,1,13,2,41,0.00,99,0,3,0.81,58,4,30,1.08,53,0,0.00,99,0,0.00,0,0,0.00,0,1.08,67,8,2.16,83,6,1.62,75.00,0,0.00,0,0,0,0.00,0,6,0.00,10,1.62,80,N/A,N/A,N/A,N/A,0.00,0,0.00,0,1.22,0.00,0,80.42,22.22,40,77,0.07,0.27,1,95,90,0,0,0,0.13,0.54,2,79,85.14,0.33,1.35,5,0,0.00,0.00,99,0.00,0,0,0,0.00,0.00,0,0.00,0.00,0.00,0.00,0,0,11.11,77,0,46,62,10,0.38,43,0.03,0.10,1.22,90,0.08,0.33,90,9,0.60,2.43,1.89,0.47,80,7,0.33,89,2,44,75,0,46,42,0,0.00,99,3,0.00,0.81,12.13,3.00,45,19,70,84,5.12,1.27,42.22,8,2.16,1,0,0.00,0,0.00,99,0,0.00,0.00,30,1,98,36,0,0,0,0,0,75,89,99,64,0,99,77,51,62,1,7,26,95,0,0
Wesley Augusto Henn Marth,26,952243200,2000/03/05,Serie B,2026,Defender,América Mineiro,0,0,0,Brazil,0,0,0,0,0,0,0,0,0,0,0,0,0,0,0,0,0,0,0,0,0,0,0,0,0,0,0,0,0,0,0,-1,-1,-1,-1,N/A,N/A,N/A,N/A,N/A,N/A,N/A,N/A,N/A,N/A,N/A,N/A,N/A,N/A,N/A,N/A,N/A,N/A,N/A,N/A,N/A,N/A,N/A,N/A,N/A,N/A,N/A,N/A,N/A,N/A,N/A,N/A,N/A,N/A,N/A,N/A,N/A,N/A,N/A,N/A,N/A,N/A,N/A,N/A,N/A,N/A,N/A,N/A,N/A,N/A,N/A,N/A,N/A,N/A,N/A,N/A,N/A,N/A,N/A,N/A,N/A,N/A,N/A,N/A,N/A,N/A,N/A,N/A,N/A,N/A,N/A,N/A,N/A,N/A,N/A,N/A,N/A,N/A,N/A,N/A,N/A,N/A,N/A,N/A,N/A,N/A,N/A,N/A,N/A,N/A,N/A,N/A,N/A,N/A,N/A,N/A,N/A,N/A,N/A,N/A,N/A,N/A,N/A,N/A,N/A,N/A,N/A,N/A,N/A,N/A,N/A,N/A,N/A,N/A,N/A,N/A,N/A,N/A,N/A,N/A,N/A,N/A,N/A,N/A,N/A,N/A,N/A,N/A,N/A,N/A,N/A,N/A,N/A,N/A,N/A,N/A,N/A,N/A,N/A,N/A,N/A,N/A,N/A,N/A,N/A,N/A,N/A,N/A,N/A,N/A,N/A,N/A,N/A,N/A,N/A,N/A,N/A,N/A,N/A,N/A,N/A,N/A,N/A,N/A,N/A,N/A,N/A,N/A,N/A,N/A,N/A,N/A,N/A,N/A,N/A,N/A,N/A,N/A,N/A,N/A,N/A,N/A,N/A,N/A,N/A,N/A,N/A,N/A,N/A,N/A,N/A,N/A,N/A,N/A,N/A,N/A,N/A,N/A,N/A,N/A,N/A,N/A,N/A,N/A,N/A,N/A,N/A,N/A,N/A,N/A,N/A,N/A,N/A,N/A,N/A,N/A,N/A,N/A,N/A,N/A,N/A,N/A,N/A,N/A
Wesley David de Oliveira Andrade,26,952934400,2000/03/13,Serie B,2026,Defender,Avaí,588,310,278,Brazil,12,7,5,0,0,0,1,1,0,0,0,4,4,0,10,4,6,2,0,0.15,0.15,0,0,0,0,1.53,59,49,294,588,0.31,449,81,177,25,0,5.96,0.08,83,30.15,16.42,41,197,13.75,165,64,25.26,45,0.00,0.00,0.25,3,0.00,1.00,1.68,0.92,11,0.00,1.17,0.00,0.00,0.00,0.33,0.42,0.92,0.00,0.92,0.33,1.17,0.00,0.17,0.04,0.00,0.42,0.00,0.00,0,0,,6,0.50,46,2,0.31,53,4,0.61,44,1,6,6,71,0.00,99,0,4,0.61,43,12,32,1.84,64,0,0.00,99,0,0.00,0,0,0.00,0,0.46,32,14,2.14,82,5,0.77,35.71,0,0.00,0,0,0,0.00,0,11,0.00,13,1.68,81,N/A,N/A,N/A,N/A,0.00,0,0.00,0,0.47,0.00,0,83.76,33.33,66,17,0.50,0.92,6,72,31,0,0,0,0.25,0.46,3,75,71.47,1.42,2.60,17,0,0.00,0.00,99,0.00,0,0,0,0.00,0.00,0,0.00,0.00,0.00,0.00,0,0,0.00,50,20,31,51,14,1.04,74,0.09,0.16,0.47,42,0.04,0.07,98,23,1.92,3.52,0.77,0.42,20,5,0.07,41,5,70,75,0,46,39,0,0.00,99,5,0.00,0.77,12.86,7.00,84,44,91,88,6.73,3.67,52.38,14,2.14,2,0,8.33,0,0.00,99,1,0.08,0.15,46,23,81,36,0,0,0,0,0,58,51,68,64,0,99,64,44,69,2,17,62,52,0,0
Wesley Dias Claudino,31,803804400,1995/06/22,Serie B,2026,Midfielder,Cuiabá,75,75,0,Brazil,2,2,0,1,1,0,0,0,0,0,0,1,1,0,1,1,0,0,0,1.2,0,1.2,1.2,0,75,1.2,75,38,0,0,0,-1,-1,-1,10,0,7.19,0,58,30.00,12.50,40,25,11.50,23,99,27.60,52,0.00,0.00,0.50,1,0.00,0.00,3.60,1.50,3,0.00,0.00,0.00,0.00,0.00,0.00,0.50,0.50,2.00,2.40,0.50,1.00,0.00,0.50,0.40,0.00,1.00,0.00,0.00,0,0,,2,1.00,88,1,1.20,94,1,1.20,75,1,1,1,99,0.00,99,0,0,0.00,9,0,30,0.00,15,0,0.00,99,0,0.00,0,0,0.00,0,1.20,71,2,2.40,86,1,1.20,50.00,0,0.00,0,0,0,0.00,0,1,0.00,30,1.20,58,N/A,N/A,N/A,N/A,0.00,0,0.00,0,0.80,0.00,0,92.00,50.00,92,99,0.00,0.00,0,87,63,0,0,0,0.00,0.00,0,22,14.37,1.00,2.40,2,0,0.00,0.00,99,0.00,0,0,0,0.00,0.00,0,0.00,0.00,0.00,0.00,0,0,50.00,99,0,0,51,31,0.08,43,0.04,0.10,0.80,99,0.40,0.96,90,2,1.00,2.40,1.20,0.50,42,1,0.96,99,95,68,75,0,46,89,0,0.00,99,2,0.00,2.40,14.40,6.00,12,8,99,93,9.60,4.00,66.67,0,0.00,99,0,0.00,0,0.00,99,0,0.00,0.00,30,0,41,36,0,0,0,0,0,99,99,68,99,0,99,92,13,13,0,0,13,70,0,0
Wesley Pinheiro Santos,25,967705200,2000/08/31,Serie B,2026,Forward,Botafogo SP,547,301,246,Brazil,13,6,7,2,2,0,1,1,0,0,0,4,0,4,5,4,1,1,0,0.49,0.16,0.33,0.6,0,274,0.82,109,42,547,547,0.16,31,76,-1,5,0,6.25,0.08,84,20.07,9.38,15,122,7.69,100,53,16.45,20,0.00,0.00,0.62,8,0.00,1.69,3.13,1.46,19,0.00,0.54,0.00,0.00,0.00,0.31,1.31,0.54,6.00,1.97,0.69,2.85,0.00,0.23,0.15,0.00,0.46,0.00,0.00,0,0,,12,0.92,79,3,0.49,70,9,1.48,86,4,8,5,99,0.00,99,0,4,0.66,45,22,57,3.62,80,0,0.00,99,0,0.00,0,0,0.00,0,1.32,76,37,6.09,99,17,2.80,45.95,0,0.00,0,0,0,0.00,0,7,0.00,67,1.15,54,N/A,N/A,N/A,N/A,0.00,0,0.00,0,2.00,0.00,0,81.97,25.00,46,3,0.69,1.48,9,99,47,0,0,0,0.00,0.00,0,22,81.28,0.46,0.99,6,0,0.00,0.00,99,0.00,0,0,0,0.00,0.00,0,0.00,0.00,0.49,0.23,3,0,16.67,89,17,35,57,67,1.11,80,0.09,0.18,2.00,90,0.15,0.33,36,5,0.38,0.82,1.81,0.85,78,11,0.33,89,11,31,75,0,90,52,0,0.00,99,6,0.00,0.99,17.28,8.08,105,47,97,98,7.73,3.62,44.76,7,1.15,20,0,22.73,0,0.00,99,5,0.38,0.82,79,16,90,84,0,1,0,8,0,93,94,68,97,0,99,57,73,39,1,8,30,23,0,0
Weverson Rodrigues Vicente do Nascimento,23,1060585200,2003/08/11,Serie B,2026,Midfielder,Cuiabá,472,253,219,Brazil,17,8,9,0,0,0,1,0,1,0,0,7,3,4,3,1,2,2,0,0.19,0.19,0,0,0,0,0.57,157,28,236,472,0.38,330,56,-1,29,0,6.67,0.06,90,33.45,10.22,50,184,6.17,111,3,20.18,32,0.00,0.00,0.61,11,0.00,2.06,2.18,0.67,12,0.00,0.28,0.00,0.00,0.00,0.28,0.50,0.22,0.00,1.27,0.28,0.94,0.00,0.11,0.03,0.00,1.11,0.00,0.00,0,0,,7,0.39,60,2,0.36,59,5,0.91,60,1,13,4,88,0.00,99,0,5,0.91,64,37,86,6.73,97,0,0.00,99,0,0.00,0,0,0.00,0,2.00,92,17,3.09,93,9,1.64,52.94,0,0.00,0,0,0,0.00,0,4,0.00,91,0.73,15,N/A,N/A,N/A,N/A,0.00,0,0.00,0,0.51,0.00,0,60.33,28.57,51,6,0.39,1.27,7,95,66,0,0,0,0.00,0.00,0,22,120.05,0.72,2.36,13,1,0.00,0.18,2,0.06,0,0,1,0.06,0.18,0,0.00,0.00,0.00,0.00,0,0,0.00,50,11,59,51,91,1.27,90,0.07,0.23,0.51,50,0.03,0.09,26,3,0.17,0.55,0.73,0.22,19,4,0.09,49,36,67,96,0,46,98,0,0.00,99,20,0.00,3.64,14.73,4.50,81,43,97,94,7.82,2.39,53.09,5,0.91,30,0,35.14,0,0.00,99,13,0.72,2.36,99,8,98,36,0,0,0,0,0,66,51,68,64,0,99,79,32,82,2,12,46,53,0,0
Weverton Guilherme da Silva Souza,27,929430000,1999/06/15,Serie B,2026,Defender,Londrina,540,270,270,Brazil,8,4,4,0,0,0,1,0,1,0,0,1,1,0,10,4,6,1,0,0.17,0.17,0,0,0,0,1.67,54,68,540,540,0.17,289,70,184,23,0,6.57,0.12,86,46.17,34.62,82,277,29.12,233,66,38.83,82,0.00,0.00,0.75,6,0.00,2.75,1.17,0.88,7,0.00,0.00,0.00,0.00,0.00,0.38,0.88,1.50,0.00,0.00,0.00,1.38,0.00,0.00,0.00,0.00,0.00,0.00,0.00,0,0,,0,0.00,8,0,0.00,20,0,0.00,8,4,2,6,47,0.00,99,0,3,0.50,35,22,57,3.67,80,0,0.00,99,0,0.00,0,0,0.00,0,1.00,63,11,1.83,77,7,1.17,63.64,0,0.00,0,0,0,0.00,0,12,0.00,9,2.00,88,N/A,N/A,N/A,N/A,0.00,0,0.00,0,0.00,0.00,0,84.12,0.00,20,50,0.38,0.50,3,87,80,0,0,0,0.12,0.17,1,42,52.59,1.62,2.17,13,0,0.00,0.00,99,0.00,0,0,0,0.00,0.00,0,0.00,0.00,0.00,0.00,0,0,0.00,50,16,12,51,10,1.30,90,0.16,0.22,0.00,9,0.00,0.00,5,1,0.12,0.17,0.17,0.12,8,1,0.00,8,25,63,75,0,46,2,0,0.00,99,0,0.00,0.00,4.00,3.00,24,15,12,8,2.50,1.88,62.50,0,0.00,99,0,22.73,0,0.00,99,5,0.62,0.83,79,23,50,84,0,0,0,0,0,61,51,68,64,0,99,12,73,41,1,12,46,2,0,0
Weverton Silva de Andrade,23,1045468800,2003/02/17,Serie B,2026,Defender,Ponte Preta,233,148,85,Brazil,3,2,1,0,0,0,0,0,0,0,0,1,1,0,6,3,3,1,0,0,0,0,0,0,0,2.32,39,78,233,0,0.39,-1,-1,-1,10,0,6.74,0,58,24.33,21.00,25,63,17.00,51,46,19.70,31,0.00,0.00,0.67,2,0.00,0.67,1.55,1.33,4,0.00,0.33,0.00,0.00,0.00,1.00,0.33,2.00,0.00,0.77,0.00,0.67,0.00,0.67,0.08,0.00,2.00,0.00,0.00,0,0,,2,0.67,41,2,0.77,84,0,0.00,8,1,1,2,68,0.00,99,0,3,1.16,81,2,30,0.77,46,0,0.00,99,0,0.00,0,0,0.00,0,0.77,48,2,0.77,44,1,0.39,50.00,0,0.00,0,0,0,0.00,0,6,0.00,0,2.32,92,N/A,N/A,N/A,N/A,0.00,0,0.00,0,0.24,0.00,0,80.95,100.00,99,65,0.33,0.39,1,45,63,0,0,0,0.67,0.77,2,90,20.21,6.00,6.95,18,0,0.00,0.00,99,0.00,0,0,0,0.00,0.00,0,0.00,0.00,0.00,0.00,0,0,0.00,50,0,0,51,1,0.19,20,0.06,0.07,0.24,50,0.08,0.09,50,3,1.00,1.16,1.55,1.33,64,4,0.09,49,45,97,75,0,46,87,0,0.00,99,6,0.00,2.32,8.88,7.67,23,14,77,53,5.41,4.67,60.87,1,0.39,65,0,0.00,0,0.00,99,0,0.00,0.00,30,1,41,36,0,0,0,0,0,37,51,68,64,0,99,64,31,83,1,33,94,15,0,0
Wilinton Aponzá,26,954316800,2000/03/29,Serie B,2026,Forward,Athletic Club,154,110,44,Colombia,4,3,1,1,1,0,0,0,0,0,0,1,1,0,1,1,0,2,0,0.58,0,0.58,0.82,0,154,0.58,154,39,77,0,1.17,-1,-1,-1,8,0,7.04,0,58,22.79,9.75,21,39,7.00,28,13,16.36,20,0.00,0.00,0.75,3,0.00,0.25,1.17,0.50,2,0.00,1.00,0.00,0.00,0.00,0.25,2.00,0.25,8.00,4.68,1.25,2.75,0.00,0.75,0.31,0.00,1.25,0.00,0.00,0,0,,8,2.00,99,3,1.75,99,5,2.92,99,0,4,0,47,0.00,99,0,1,0.58,40,1,99,0.58,42,0,0.00,99,0,0.00,0,0,0.00,0,1.75,88,11,6.43,99,8,4.68,72.73,0,0.00,0,0,0,0.00,0,1,0.00,90,0.58,6,N/A,N/A,N/A,N/A,0.00,0,0.00,0,1.23,0.00,0,71.79,37.50,73,41,0.25,0.58,1,99,86,0,0,0,0.00,0.00,0,22,28.17,0.00,0.00,0,0,0.00,0.00,99,0.00,0,0,0,0.00,0.00,0,0.00,0.00,1.75,0.75,3,0,12.50,80,0,0,52,90,0.17,43,0.04,0.10,1.23,99,0.31,0.72,74,3,0.75,1.75,3.51,1.50,99,6,0.72,99,88,1,75,0,99,94,0,0.00,99,5,0.00,2.92,19.29,8.25,33,18,99,99,10.52,4.50,54.55,4,2.34,1,0,100.00,0,0.00,99,1,0.25,0.58,69,0,69,12,0,0,0,0,0,97,98,68,99,0,99,38,13,99,2,50,99,20,0,0
Willean Bernardo Willemen,29,853401600,1997/01/16,Serie B,2026,Defender,Criciúma,1358,785,573,Brazil,20,11,9,1,1,0,1,0,1,0,0,11,7,4,8,3,5,4,1,0.13,0.07,0.07,0.11,0,1358,0.53,170,68,272,1358,0.33,185,154,19,7,0,6.82,0.05,67,34.13,25.75,52,515,20.00,400,30,26.51,49,0.00,0.00,1.00,20,0.00,4.30,1.79,1.35,27,0.00,0.75,0.00,0.00,0.00,0.70,0.95,0.40,16.00,1.06,0.50,2.55,0.00,0.30,0.10,0.00,1.25,0.00,0.00,0,0,,16,0.80,54,6,0.40,63,10,0.66,46,6,6,14,77,0.00,99,0,14,0.93,65,86,59,5.70,95,0,0.00,99,0,0.00,0,0,0.00,0,1.33,76,51,3.38,95,19,1.26,37.25,0,0.00,0,0,0,0.00,0,8,0.00,93,0.53,4,N/A,N/A,N/A,N/A,0.00,0,0.00,0,1.94,0.00,0,77.67,37.50,73,56,0.35,0.46,7,88,32,0,0,0,0.05,0.07,1,27,136.31,2.05,2.72,41,0,0.00,0.00,99,0.00,0,0,0,0.00,0.00,0,0.00,0.00,0.07,0.05,1,0,6.25,59,72,79,94,94,2.07,66,0.10,0.14,1.94,60,0.10,0.13,27,9,0.45,0.60,1.33,1.00,52,20,0.13,59,59,72,75,0,55,72,0,0.00,99,25,0.00,1.66,12.00,9.05,181,78,71,83,5.17,3.90,43.09,15,0.99,26,0,23.26,0,0.00,99,20,1.00,1.33,91,62,81,95,0,0,0,0,0,54,59,68,70,0,99,93,41,73,3,15,57,97,0,0
William Arthur Assmann,28,885369600,1998/01/21,Serie B,2026,Goalkeeper,América Mineiro,90,90,0,Brazil,1,1,0,0,0,0,0,0,0,0,0,0,0,0,1,1,0,1,0,0,0,0,0,0,0,1,90,90,90,0,1,-1,-1,-1,30,0,13.17,0,58,31.00,31.00,42,31,21.00,21,8,21.00,35,0.00,0.00,0.00,0,0.00,0.00,0.00,0.00,0,0.00,0.00,0.00,0.00,2.00,0.00,0.00,3.00,0.00,0.00,0.00,0.00,0.00,0.00,0.00,0.00,0.00,0.00,0.00,0,0,,0,0.00,8,0,0.00,20,0,0.00,8,0,0,1,6,0.00,99,0,0,0.00,9,0,30,0.00,15,0,0.00,99,0,0.00,0,0,0.00,0,0.00,7,0,0.00,12,0,0.00,0.00,0,0.00,0,2,10,2.00,10,3,0.00,49,3.00,94,N/A,N/A,N/A,N/A,66.67,0,0.00,0,0.00,0.00,0,67.74,0.00,20,99,0.00,0.00,0,17,17,0,0,2,0.00,0.00,0,22,13.17,2.00,2.00,2,0,0.00,0.00,99,0.00,0,0,0,0.00,0.00,2,2.00,2.00,0.00,0.00,0,0,0.00,50,0,0,51,49,0.05,11,0.05,0.05,0.00,9,0.00,0.00,2,0,0.00,0.00,0.00,0.00,6,0,0.00,8,99,60,75,99,46,2,0,0.00,99,0,0.00,0.00,0.00,0.00,0,0,0,0,0.00,0.00,0.00,0,0.00,99,0,0.00,0,0.00,99,0,0.00,0.00,30,0,24,12,0,0,0,0,0,37,51,68,64,0,99,2,13,99,0,0,13,19,0,0
William de Almeida,20,1139644800,2006/02/11,Serie B,2026,Defender,Avaí,491,316,175,Brazil,10,5,5,0,0,0,0,0,0,0,0,3,2,1,5,2,3,1,1,0,0,0,0,0,0,0.92,98,49,246,0,0.37,279,201,91,16,0,5.83,0,58,23.83,13.00,24,130,9.90,99,25,18.15,24,0.00,0.00,0.50,5,0.00,1.60,1.28,0.70,7,0.00,0.40,0.00,0.00,0.00,0.90,0.70,0.70,0.00,0.92,0.30,1.40,0.00,0.20,0.04,0.00,1.00,0.00,0.00,0,0,,5,0.50,46,2,0.37,60,3,0.55,39,4,5,5,53,0.00,99,0,9,1.65,95,16,65,2.93,73,0,0.00,99,0,0.00,0,0,0.00,0,0.92,58,14,2.57,88,7,1.28,50.00,0,0.00,0,0,0,0.00,0,7,0.00,58,1.28,64,N/A,N/A,N/A,N/A,0.00,0,0.00,0,0.41,0.00,0,76.15,40.00,78,3,0.80,1.47,8,89,63,0,0,0,0.00,0.00,0,22,58.31,0.90,1.65,9,0,0.00,0.00,99,0.00,0,0,0,0.00,0.00,0,0.00,0.00,0.37,0.20,2,0,0.00,50,13,20,51,59,0.36,20,0.04,0.07,0.41,46,0.04,0.08,90,13,1.30,2.38,1.83,1.00,79,10,0.08,45,3,53,75,0,86,78,0,0.00,99,10,0.00,1.83,12.65,6.90,69,36,89,87,6.60,3.60,52.17,4,0.73,40,0,25.00,0,0.00,99,4,0.40,0.73,76,16,77,84,0,0,0,0,0,37,51,68,64,0,99,54,34,80,0,0,13,56,0,0
William de Oliveira Pottker,32,756547200,1993/12/22,Serie B,2026,Forward,Londrina,1221,608,613,Brazil,17,9,8,2,1,1,0,0,0,0,0,3,3,0,21,8,13,3,0,0.15,0,0.15,0.15,0.15,611,1.55,58,72,407,0,0.22,127,402,-1,5,0,6.78,0,58,19.83,15.82,15,269,12.71,216,41,15.92,19,0.00,0.00,0.71,12,0.00,0.88,0.66,0.53,9,0.00,0.76,0.00,0.00,0.00,0.18,1.18,1.24,15.00,2.21,1.06,2.06,0.00,0.71,0.20,0.00,1.12,0.00,0.00,0,0,,30,1.76,85,12,0.88,89,18,1.33,80,1,1,16,19,0.00,99,0,3,0.22,17,15,68,1.11,54,0,0.00,99,0,0.00,0,0,0.00,0,0.88,55,35,2.58,88,20,1.47,57.14,0,0.00,0,0,0,0.00,0,21,0.00,11,1.55,78,N/A,N/A,N/A,N/A,0.00,0,0.00,0,3.42,0.00,0,80.30,40.00,78,68,0.29,0.37,5,92,73,1,1,0,0.18,0.22,3,50,115.23,0.82,1.03,14,0,0.00,0.00,99,0.00,0,2,2,0.12,0.15,0,0.00,0.00,0.74,0.59,10,2,6.67,61,64,59,78,12,1.02,27,0.06,0.08,2.02,65,0.12,0.15,65,20,1.18,1.47,1.92,1.53,82,26,0.25,77,51,33,94,0,96,62,0,0.00,99,19,0.00,1.40,11.43,9.12,155,67,64,79,4.94,3.94,43.23,13,0.96,28,0,26.67,0,0.00,99,4,0.24,0.29,57,74,41,36,0,0,0,0,0,58,74,77,74,0,99,20,62,52,3,18,65,9,0,0
William Klaus,32,758275200,1994/01/11,Serie B,2026,Defender,Operário PR,912,540,372,Brazil,12,7,5,0,0,0,0,0,0,0,0,3,2,1,20,11,9,3,0,0,0,0,0,0,0,1.97,46,76,304,0,0.3,252,249,202,16,0,6.03,0,58,44.12,37.67,80,452,31.92,383,72,37.39,79,0.00,0.00,0.08,1,0.00,0.08,0.68,0.58,7,0.00,0.00,0.00,0.00,0.00,0.67,0.08,1.83,0.00,0.88,0.67,0.08,0.00,0.08,0.05,0.00,2.50,0.00,0.00,0,0,,9,0.75,43,1,0.10,26,8,0.78,54,0,2,10,20,0.00,99,0,8,0.78,56,1,30,0.10,19,0,0.00,99,0,0.00,0,0,0.00,0,0.10,11,1,0.10,15,1,0.10,100.00,0,0.00,0,0,0,0.00,0,22,0.00,3,2.15,90,N/A,N/A,N/A,N/A,0.00,0,0.00,0,0.60,0.00,0,84.73,11.11,22,84,0.17,0.20,2,22,99,0,0,0,1.00,1.17,12,97,72.39,5.67,6.64,68,0,0.00,0.00,99,0.00,0,0,0,0.00,0.00,0,0.00,0.00,0.00,0.00,0,0,0.00,50,46,31,51,4,0.72,20,0.06,0.07,0.60,38,0.05,0.06,6,2,0.17,0.20,0.98,0.83,32,10,0.06,37,6,97,75,0,46,95,0,0.00,99,30,0.00,2.93,6.64,5.67,68,39,36,25,3.81,3.25,57.35,0,0.00,99,0,0.00,0,0.00,99,0,0.00,0.00,30,47,50,12,0,0,0,0,0,37,51,68,64,0,99,38,46,68,3,25,81,44,0,0
Willian da Silva Santos,22,1064214000,2003/09/22,Serie B,2026,Midfielder,Londrina,69,62,7,Brazil,3,2,1,0,0,0,0,0,0,0,0,1,1,0,1,1,0,0,0,0,0,0,0,0,0,1.3,69,23,0,0,0,-1,-1,-1,17,0,6.52,0,58,31.30,8.00,44,24,7.00,21,86,27.39,51,0.00,0.00,0.00,0,0.00,0.00,2.61,0.67,2,0.00,0.33,0.00,0.00,0.00,0.33,0.00,0.33,0.00,0.00,0.00,0.00,0.00,0.00,0.00,0.00,0.00,0.00,0.00,0,0,,0,0.00,8,0,0.00,20,0,0.00,8,2,2,1,96,0.00,99,0,1,1.30,88,0,30,0.00,15,0,0.00,99,0,0.00,0,0,0.00,0,0.00,7,0,0.00,12,0,0.00,0.00,0,0.00,0,0,0,0.00,0,1,0.00,22,1.30,66,N/A,N/A,N/A,N/A,0.00,0,0.00,0,0.00,0.00,0,87.50,0.00,20,99,0.00,0.00,0,17,17,0,0,0,0.00,0.00,0,22,19.57,0.00,0.00,0,0,0.00,0.00,99,0.00,0,0,0,0.00,0.00,0,0.00,0.00,0.00,0.00,0,0,0.00,50,0,0,51,23,0.04,11,0.01,0.05,0.00,9,0.00,0.00,57,1,0.33,1.30,0.00,0.00,6,0,0.00,8,20,1,75,0,46,2,0,0.00,99,0,0.00,0.00,7.83,2.00,6,3,38,40,3.91,1.00,50.00,1,1.30,14,0,0.00,0,0.00,99,0,0.00,0.00,30,0,50,54,0,0,0,0,0,37,51,68,64,0,99,64,13,13,0,0,13,53,0,0
Willian Gomes de Siqueira,39,532771200,1986/11/19,Serie B,2026,Forward,América Mineiro,751,287,464,Brazil,18,8,10,1,0,1,2,1,1,0,0,1,0,1,12,6,6,1,0,0.36,0.24,0.12,0,0.19,751,1.44,63,42,751,376,0.12,148,35,-1,8,0,6.72,0.11,94,20.19,9.00,16,153,7.82,133,84,17.55,23,0.00,0.00,0.65,11,0.00,0.18,0.79,0.35,6,0.00,0.35,0.00,0.00,0.00,0.00,0.24,0.76,21.00,2.77,0.94,0.59,0.00,0.29,0.12,0.00,0.18,0.00,0.00,0,0,,21,1.24,93,5,0.66,80,16,2.11,97,1,10,8,25,0.00,99,0,0,0.00,9,3,85,0.40,37,0,0.00,99,0,0.00,0,0,0.00,0,1.45,81,10,1.32,68,4,0.53,40.00,0,0.00,0,0,0,0.00,0,13,0.00,14,1.72,82,N/A,N/A,N/A,N/A,0.00,0,0.00,0,2.04,0.00,0,86.93,23.81,42,63,0.18,0.40,3,59,38,1,0,0,0.12,0.26,2,58,114.32,0.18,0.40,3,0,0.00,0.00,99,0.00,0,1,1,0.06,0.13,0,0.00,0.00,0.40,0.18,3,0,4.76,55,35,68,83,16,1.86,92,0.11,0.25,1.34,70,0.08,0.18,88,17,1.00,2.24,1.72,0.76,73,13,0.27,82,44,9,92,0,87,17,0,0.00,99,3,0.00,0.40,8.84,3.94,67,30,40,52,3.96,1.76,44.78,6,0.79,37,0,33.33,0,0.00,99,1,0.06,0.13,42,37,95,36,0,0,0,0,0,83,68,81,64,0,99,3,86,28,1,6,24,9,0,0
Willian Marlon Ferreira Moraes,30,818928000,1995/12/14,Serie B,2026,Midfielder,Vila Nova,744,324,420,Brazil,12,5,7,0,0,0,0,0,0,0,0,4,1,3,10,4,6,3,0,0,0,0,0,0,0,1.21,74,62,248,0,0.36,357,346,-1,25,0,6.54,0,58,37.38,25.75,61,309,20.75,249,43,30.12,58,0.00,0.00,0.33,4,0.00,0.00,1.09,0.75,9,0.00,0.75,0.00,0.00,0.00,1.00,0.42,1.00,0.00,0.60,0.42,0.42,0.00,0.00,0.02,0.00,0.42,0.00,0.00,0,0,,5,0.42,30,0,0.00,20,5,0.60,42,7,3,9,42,0.00,99,0,12,1.45,92,0,30,0.00,15,0,0.00,99,0,0.00,0,0,0.00,0,0.48,35,5,0.60,35,5,0.60,100.00,0,0.00,0,0,0,0.00,0,12,0.00,30,1.45,75,N/A,N/A,N/A,N/A,0.00,0,0.00,0,0.27,0.00,0,80.58,0.00,20,53,0.33,0.48,4,63,99,0,0,0,0.17,0.24,2,55,78.51,1.58,2.30,19,0,0.00,0.00,99,0.00,0,0,0,0.00,0.00,0,0.00,0.00,0.00,0.00,0,0,0.00,50,35,31,51,30,0.64,27,0.05,0.08,0.27,24,0.02,0.03,42,8,0.67,0.97,1.69,1.17,71,14,0.03,24,22,66,75,0,46,30,0,0.00,99,5,0.00,0.60,6.65,4.58,55,27,24,26,3.27,2.25,49.09,9,1.09,22,0,0.00,0,0.00,99,0,0.00,0.00,30,42,62,99,0,0,0,0,0,37,51,68,64,0,99,64,35,78,3,25,81,8,0,0
Willian Osmar de Oliveira Silva,33,737535600,1993/05/16,Serie B,2026,Midfielder,Sport Recife,270,90,180,Brazil,3,1,2,0,0,0,0,0,0,0,0,1,0,1,2,1,1,0,0,0,0,0,0,0,0,0.67,135,90,0,0,0,-1,-1,-1,34,0,7.10,0,58,44.00,44.00,79,132,40.67,122,99,40.67,85,0.00,0.00,1.00,3,0.00,1.00,1.00,1.00,3,0.00,0.33,0.00,0.00,0.00,2.00,0.33,1.00,0.00,1.00,0.00,1.00,0.00,1.00,0.14,0.00,1.67,0.00,0.00,0,0,,3,1.00,51,3,1.00,92,0,0.00,8,0,0,3,37,0.00,99,0,6,2.00,99,3,85,1.00,51,0,0.00,99,0,0.00,0,0,0.00,0,1.00,63,3,1.00,54,1,0.33,33.33,0,0.00,0,0,0,0.00,0,3,0.00,86,1.00,41,N/A,N/A,N/A,N/A,0.00,0,0.00,0,0.42,0.00,0,92.42,100.00,99,6,1.33,1.33,4,41,31,0,0,0,0.33,0.33,1,64,21.30,2.67,2.67,8,0,0.00,0.00,99,0.00,0,0,0,0.00,0.00,0,0.00,0.00,0.00,0.00,0,0,0.00,50,0,0,51,86,0.32,49,0.11,0.11,0.42,63,0.14,0.14,89,7,2.33,2.33,0.67,0.67,17,2,0.14,62,92,71,75,0,46,72,0,0.00,99,5,0.00,1.67,9.33,9.33,28,15,66,60,5.00,5.00,53.57,1,0.33,69,0,33.33,0,0.00,99,1,0.33,0.33,59,3,24,12,0,0,0,0,0,37,51,68,64,0,99,64,13,13,0,0,13,29,0,0
Willian Prado Camargo,31,790761600,1995/01/22,Serie B,2026,Defender,Vila Nova,510,262,248,Brazil,14,6,8,1,1,0,0,0,0,0,0,4,2,2,9,2,7,3,0,0.18,0,0.18,0.34,0,510,1.59,57,36,170,0,0.53,104,351,180,14,0,5.09,0,58,41.47,16.79,71,235,14.29,200,75,35.29,73,0.00,0.00,0.00,0,0.00,0.14,1.24,0.50,7,0.00,0.07,0.00,0.00,0.00,0.43,0.00,0.79,2.00,0.35,0.07,0.07,0.00,0.07,0.06,0.00,0.57,0.00,0.00,0,0,,2,0.14,19,1,0.18,39,1,0.18,13,3,9,5,50,0.00,99,0,6,1.06,73,2,30,0.35,34,0,0.00,99,0,0.00,0,0,0.00,0,0.00,7,1,0.18,20,0,0.00,0.00,0,0.00,0,0,0,0.00,0,11,0.00,10,1.94,86,N/A,N/A,N/A,N/A,0.00,0,0.00,0,0.78,0.00,0,85.11,50.00,92,70,0.14,0.35,2,17,17,0,0,0,0.00,0.00,0,22,71.28,1.93,4.76,27,0,0.00,0.00,99,0.00,0,0,0,0.00,0.00,0,0.00,0.00,0.00,0.00,0,0,50.00,99,14,41,73,11,0.50,35,0.04,0.09,0.78,63,0.06,0.14,31,4,0.29,0.71,2.47,1.00,93,14,0.14,62,1,88,75,0,46,62,0,0.00,99,8,0.00,1.41,7.59,3.07,43,19,25,37,3.35,1.36,44.19,1,0.18,79,0,0.00,0,0.00,99,0,0.00,0.00,30,16,92,71,0,0,0,0,0,64,79,68,89,0,99,51,20,93,3,21,73,13,0,0
Yago Felipe da Costa Rocha,31,791798400,1995/02/03,Serie B,2026,Midfielder,Sport Recife,745,397,348,Brazil,16,9,7,0,0,0,0,0,0,0,0,6,3,3,5,4,1,3,0,0,0,0,0,0,0,0.6,149,47,248,0,0.36,382,429,-1,32,0,5.78,0,58,37.81,19.56,61,313,15.81,253,45,30.56,60,0.00,0.00,0.12,2,0.00,0.75,1.69,0.88,14,0.00,0.56,0.00,0.00,0.00,0.19,0.06,0.50,0.00,1.09,0.50,0.19,0.00,0.06,0.03,0.00,0.25,0.00,0.00,0,0,,9,0.56,55,1,0.12,31,8,0.97,64,4,8,8,72,0.00,99,0,3,0.36,26,12,65,1.45,59,0,0.00,99,0,0.00,0,0,0.00,0,0.24,19,3,0.36,26,1,0.12,33.33,0,0.00,0,0,0,0.00,0,8,0.00,89,0.97,37,N/A,N/A,N/A,N/A,0.00,0,0.00,0,0.50,0.00,0,80.83,11.11,22,53,0.25,0.48,4,24,31,0,0,0,0.06,0.12,1,33,92.44,0.56,1.09,9,0,0.00,0.00,99,0.00,0,0,0,0.00,0.00,0,0.00,0.00,0.12,0.06,1,1,0.00,50,35,54,51,89,0.70,27,0.04,0.08,0.50,38,0.03,0.06,82,17,1.06,2.05,2.42,1.25,92,20,0.06,37,2,36,75,0,63,22,0,0.00,99,4,0.00,0.48,9.42,4.88,78,35,48,61,4.23,2.19,44.87,9,1.09,22,0,25.00,0,0.00,99,3,0.19,0.36,61,37,90,84,0,0,0,0,0,37,51,68,64,0,99,73,35,78,3,19,68,7,0,0
Yago Lincoln Rocha Santos,23,1043913600,2003/01/30,Serie B,2026,Defender,Londrina,1844,990,854,Brazil,21,11,10,1,0,1,0,0,0,0,0,5,5,0,28,13,15,5,0,0.05,0,0.05,0,0.11,1844,1.37,66,88,369,0,0.24,213,181,168,15,0,6.91,0,58,46.68,45.57,83,957,39.52,830,82,40.49,84,0.00,0.00,0.05,1,0.00,0.14,1.85,1.81,38,0.00,0.05,0.00,0.00,0.00,1.67,0.10,1.43,16.00,0.78,0.67,0.14,0.00,0.10,0.07,0.00,2.57,0.00,0.00,0,0,,16,0.76,41,2,0.10,26,14,0.68,49,0,1,20,79,0.00,99,0,35,1.71,95,3,85,0.15,24,0,0.00,99,0,0.00,0,0,0.00,0,0.05,8,3,0.15,18,2,0.10,66.67,0,0.00,0,0,0,0.00,0,30,0.00,19,1.46,75,N/A,N/A,N/A,N/A,0.00,0,0.00,0,1.54,0.00,0,86.73,12.50,24,46,0.52,0.54,11,22,85,0,0,0,0.67,0.68,14,85,145.04,7.29,7.46,153,1,0.00,0.05,12,0.05,0,0,2,0.10,0.10,0,0.00,0.00,0.00,0.00,0,0,6.25,59,94,88,99,19,1.80,35,0.09,0.09,1.54,46,0.07,0.08,21,9,0.43,0.44,1.07,1.05,36,22,0.08,45,75,98,89,0,46,91,0,0.00,99,54,0.00,2.63,8.15,7.95,167,101,64,43,4.93,4.81,60.48,1,0.05,86,0,33.33,0,0.00,99,1,0.05,0.05,31,89,41,12,0,0,0,0,0,38,53,72,64,0,99,34,55,58,5,24,78,3,0,0
Yago Santos de Andrade,23,1049356800,2003/04/03,Serie B,2026,Midfielder,Athletic Club,256,193,63,Brazil,5,3,2,0,0,0,0,0,0,0,0,1,1,0,4,2,2,0,0,0,0,0,0,0,0,1.41,64,51,0,0,0,-1,-1,-1,19,0,6.46,0,58,34.45,19.60,53,98,16.60,83,71,29.18,56,0.00,0.00,0.20,1,0.00,0.00,1.41,0.80,4,0.00,0.40,0.00,0.00,0.00,0.00,0.00,0.80,0.00,1.41,0.80,0.00,0.00,0.00,0.04,0.00,0.20,0.00,0.00,0,0,,4,0.80,64,0,0.00,20,4,1.41,83,1,2,3,60,0.00,99,0,0,0.00,9,0,30,0.00,15,0,0.00,99,0,0.00,0,0,0.00,0,0.35,25,0,0.00,12,0,0.00,0.00,0,0.00,0,0,0,0.00,0,4,0.00,16,1.41,73,N/A,N/A,N/A,N/A,0.00,0,0.00,0,0.22,0.00,0,84.69,0.00,20,4,0.80,1.41,4,17,17,0,0,0,0.00,0.00,0,22,32.32,0.20,0.35,1,0,0.00,0.00,99,0.00,0,0,0,0.00,0.00,0,0.00,0.00,0.00,0.00,0,0,0.00,50,0,2,51,18,0.19,20,0.04,0.07,0.22,46,0.04,0.08,74,5,1.00,1.76,1.05,0.60,35,3,0.08,45,18,8,75,0,46,15,0,0.00,99,1,0.00,0.35,7.38,4.20,21,10,29,34,3.52,2.00,47.62,2,0.70,44,0,0.00,0,0.00,99,0,0.00,0.00,30,3,50,36,0,0,0,0,0,37,51,68,64,0,99,26,13,13,0,0,13,33,0,0
Yago Souza de Santana,20,1139644800,2006/02/11,Serie B,2026,Midfielder,América Mineiro,890,421,469,Brazil,18,9,9,0,0,0,0,0,0,0,0,2,1,1,13,6,7,1,0,0,0,0,0,0,0,1.31,68,49,890,0,0.1,390,377,-1,38,0,6.64,0,58,36.91,20.28,59,365,17.17,309,70,31.25,62,0.00,0.00,0.44,8,0.00,0.61,2.33,1.28,23,0.00,1.00,0.00,0.00,0.00,0.39,0.78,0.78,0.00,0.61,0.28,1.22,0.00,0.06,0.02,0.00,0.44,0.00,0.00,0,0,,6,0.33,31,1,0.10,26,5,0.51,37,6,8,10,92,0.00,99,0,7,0.71,50,11,32,1.11,54,0,0.00,99,0,0.00,0,0,0.00,0,0.81,51,22,2.22,83,14,1.42,63.64,0,0.00,0,0,0,0.00,0,14,0.00,22,1.42,73,N/A,N/A,N/A,N/A,0.00,0,0.00,0,0.38,0.00,0,84.66,16.67,30,24,0.44,0.81,8,91,80,0,0,0,0.22,0.40,4,71,119.45,0.61,1.11,11,0,0.00,0.00,99,0.00,0,0,1,0.06,0.10,0,0.00,0.00,0.00,0.00,0,1,0.00,50,44,68,51,22,0.94,43,0.05,0.10,0.38,29,0.02,0.04,98,35,1.94,3.54,2.53,1.39,94,25,0.04,28,33,37,89,0,46,42,0,0.00,99,8,0.00,0.81,14.56,8.00,144,79,98,93,7.99,4.39,54.86,18,1.82,5,0,9.09,0,0.00,99,1,0.06,0.10,39,47,90,95,0,0,0,0,0,37,51,68,64,0,99,8,88,25,1,6,24,10,0,0
Yamil Rodrigo Asad,32,775292400,1994/07/27,Serie B,2026,Forward,Cuiabá,129,73,56,Argentina,4,2,2,0,0,0,0,0,0,0,0,3,2,1,1,0,1,0,0,0,0,0,0,0,0,0.7,129,32,0,0,0,-1,-1,-1,21,0,6.66,0,58,23.02,8.25,21,33,6.00,24,15,16.74,20,0.00,0.00,0.50,2,0.00,0.00,1.40,0.50,2,0.00,0.25,0.00,0.00,0.00,0.00,0.25,0.25,0.00,2.09,0.25,1.00,0.00,0.50,0.08,0.00,0.75,0.00,0.00,0,0,,3,0.75,83,2,1.40,98,1,0.70,50,0,4,0,60,0.00,99,0,0,0.00,9,0,30,0.00,15,0,0.00,99,0,0.00,0,0,0.00,0,1.40,78,4,2.79,91,1,0.70,25.00,0,0.00,0,0,0,0.00,0,1,0.00,82,0.70,12,N/A,N/A,N/A,N/A,0.00,0,0.00,0,0.31,0.00,0,72.73,66.67,98,99,0.00,0.00,0,69,21,0,0,0,0.00,0.00,0,22,26.65,0.00,0.00,0,0,0.00,0.00,99,0.00,0,0,0,0.00,0.00,0,0.00,0.00,0.00,0.00,0,0,0.00,50,0,0,51,83,0.12,27,0.03,0.08,0.31,77,0.08,0.22,31,1,0.25,0.70,1.40,0.50,54,2,0.22,74,35,1,75,0,46,83,0,0.00,99,3,0.00,2.09,11.16,4.00,16,7,63,78,4.88,1.75,43.75,1,0.70,44,0,0.00,0,0.00,99,0,0.00,0.00,30,0,69,12,0,0,0,0,0,37,51,68,64,0,99,98,13,13,0,0,13,7,0,0
Yarlen Faustino Augusto,20,1140422400,2006/02/20,Serie B,2026,Forward,Athletic Club,34,13,21,Brazil,2,1,1,0,0,0,0,0,0,0,0,0,0,0,0,0,0,0,0,0,0,0,0,0,0,0,0,17,0,0,0,-1,-1,-1,18,0,6.74,0,58,16.36,2.00,8,4,1.00,2,0,8.18,2,0.00,0.00,0.00,0,0.00,0.50,8.18,1.00,2,0.00,0.00,0.00,0.00,0.00,0.50,0.00,0.00,0.00,8.18,0.50,0.50,0.00,0.50,0.10,0.00,0.50,0.00,0.00,0,0,,2,1.00,99,1,4.09,99,1,4.09,99,0,2,0,99,0.00,99,0,1,4.09,99,1,30,4.09,85,0,0.00,99,0,0.00,0,0,0.00,0,0.00,7,1,4.09,98,0,0.00,0.00,0,0.00,0,0,0,0.00,0,0,0.00,99,0.00,0,N/A,N/A,N/A,N/A,0.00,0,0.00,0,0.20,0.00,0,50.00,50.00,92,99,0.00,0.00,0,17,17,0,0,0,0.00,0.00,0,22,13.47,0.50,4.09,1,0,0.00,0.00,99,0.00,0,0,1,0.50,4.09,0,0.00,0.00,0.00,0.00,0,0,0.00,50,0,0,51,0,0.00,0,0.00,0.00,0.20,99,0.10,0.82,2,0,0.00,0.00,4.09,0.50,99,1,0.82,99,45,84,99,0,46,99,0,0.00,99,1,0.00,4.09,20.45,2.50,5,3,99,99,12.27,1.50,60.00,0,0.00,99,0,0.00,0,0.00,99,0,0.00,0.00,30,0,50,12,0,0,0,0,0,37,51,68,64,0,99,2,13,13,0,0,13,7,0,0
Yuri Antonio Costa da Silva,30,821088000,1996/01/08,Serie B,2026,Defender,Atlético GO,695,378,317,Brazil,11,6,5,0,0,0,2,0,2,0,0,4,3,1,8,4,4,2,0,0.26,0.26,0,0,0,0,1.04,87,63,348,348,0.26,429,28,116,23,0,6.79,0.18,95,38.59,27.09,64,298,22.91,252,69,32.63,67,0.00,0.00,1.55,17,0.00,2.64,1.55,1.09,12,0.00,0.27,0.00,0.00,0.00,0.55,0.55,0.73,0.00,1.04,0.64,1.00,0.00,0.09,0.04,0.00,0.73,0.00,0.00,0,0,,8,0.73,52,1,0.13,32,7,0.91,60,2,4,7,68,0.00,99,0,6,0.78,56,29,60,3.76,81,0,0.00,99,0,0.00,0,0,0.00,0,2.20,95,11,1.42,71,6,0.78,54.55,0,0.00,0,0,0,0.00,0,8,0.00,45,1.04,44,N/A,N/A,N/A,N/A,0.00,0,0.00,0,0.48,0.00,0,84.56,12.50,24,13,0.73,1.04,8,73,69,0,0,0,0.09,0.13,1,35,74.69,1.18,1.68,13,0,0.00,0.00,99,0.00,0,0,1,0.09,0.13,0,0.00,0.00,0.65,0.45,5,0,0.00,50,31,24,51,46,2.38,96,0.22,0.31,0.48,38,0.04,0.06,34,6,0.55,0.78,2.07,1.45,85,16,0.06,37,53,55,92,0,95,54,0,0.00,99,8,0.00,1.04,8.94,6.27,69,32,46,54,4.14,2.91,46.38,3,0.39,65,0,24.14,0,0.00,99,7,0.64,0.91,82,30,69,54,0,0,0,0,0,74,51,68,64,0,99,68,53,62,2,18,65,6,0,0
Yuri Felipe Santos da Conceição,20,1150268400,2006/06/14,Serie B,2026,Midfielder,Botafogo SP,345,165,180,Brazil,8,5,3,0,0,0,0,0,0,0,0,2,0,2,4,2,2,3,1,0,0,0,0,0,0,1.04,86,43,115,0,0.78,316,328,-1,21,0,3.94,0,58,31.38,15.12,44,121,12.75,102,66,26.46,48,0.00,0.00,0.12,1,0.00,0.38,1.30,0.62,5,0.00,0.12,0.00,0.00,0.00,0.12,0.25,0.62,0.00,0.26,0.12,0.12,0.00,0.00,0.01,0.00,0.25,0.00,0.00,0,0,,1,0.12,13,0,0.00,20,1,0.26,21,4,4,4,54,0.00,99,0,1,0.26,20,3,30,0.78,47,0,0.00,99,0,0.00,0,0,0.00,0,0.26,20,1,0.26,23,2,0.52,200.00,0,0.00,0,0,0,0.00,0,5,0.00,45,1.30,66,N/A,N/A,N/A,N/A,0.00,0,0.00,0,0.06,0.00,0,84.30,0.00,20,49,0.25,0.52,2,59,99,0,0,0,0.00,0.00,0,22,31.49,0.75,1.56,6,0,0.00,0.00,99,0.00,0,0,0,0.00,0.00,0,0.00,0.00,0.00,0.00,0,0,0.00,50,0,12,51,45,0.25,15,0.03,0.06,0.06,19,0.01,0.02,9,1,0.12,0.26,1.82,0.88,78,7,0.02,18,0,49,75,0,46,23,0,0.00,99,2,0.00,0.52,6.22,3.00,24,11,16,20,2.85,1.38,45.83,1,0.26,73,0,0.00,0,0.00,99,0,0.00,0.00,30,8,69,84,0,0,0,0,0,37,51,68,64,0,99,38,14,99,2,25,81,20,0,0
Yuri Jonathan Vitor Coelho,28,897634800,1998/06/12,Serie B,2026,Forward,Criciúma,17,17,0,Brazil,1,1,0,0,0,0,0,0,0,0,0,0,0,0,1,1,0,0,0,0,0,0,0,0,0,5.29,17,17,0,0,0,-1,-1,-1,30,0,6.92,0,58,21.18,4.00,18,4,3.00,3,22,15.88,19,0.00,0.00,1.00,1,0.00,0.00,0.00,0.00,0,0.00,0.00,0.00,0.00,0.00,0.00,0.00,1.00,0.00,15.88,2.00,0.00,0.00,1.00,0.24,0.00,2.00,0.00,0.00,0,0,,3,3.00,99,1,5.29,99,2,10.59,99,0,1,0,6,0.00,99,0,0,0.00,9,0,30,0.00,15,0,0.00,99,0,0.00,0,0,0.00,0,5.29,99,0,0.00,12,0,0.00,0.00,0,0.00,0,0,0,0.00,0,1,0.00,0,5.29,99,N/A,N/A,N/A,N/A,0.00,0,0.00,0,0.24,0.00,0,75.00,33.33,66,99,0.00,0.00,0,17,17,0,0,0,0.00,0.00,0,22,6.92,0.00,0.00,0,0,0.00,0.00,99,0.00,0,0,0,0.00,0.00,0,0.00,0.00,0.00,0.00,0,0,0.00,50,0,0,51,0,0.04,88,0.04,0.21,0.24,99,0.24,1.27,99,1,1.00,5.29,0.00,0.00,6,0,1.27,99,77,1,75,0,46,99,0,0.00,99,2,0.00,10.59,21.18,4.00,4,3,99,99,15.88,3.00,75.00,0,0.00,99,0,0.00,0,0.00,99,0,0.00,0.00,30,0,41,12,0,0,0,0,0,37,51,68,64,0,99,2,13,13,0,0,13,33,0,0
